year,date,cardinal_direction_seq,classification_seq,hour_00,hour_01,hour_02,hour_03,hour_04,hour_05,hour_06,hour_07,hour_08,hour_09,hour_10,hour_11,hour_12,hour_13,hour_14,hour_15,hour_16,hour_17,hour_18,hour_19,hour_20,hour_21,hour_22,hour_23,public_holiday,school_holiday
2024,2024-01-01,Eastbound,Light Vehicles,298,325,272,201,166,136,111,129,203,274,365,505,582,559,553,542,517,471,375,339,280,255,214,208,0,0
2024,2024-01-01,Westbound,Heavy Vehicles,45,54,43,23,13,12,7,26,28,27,28,41,41,37,40,51,38,38,37,25,21,17,12,9,0,0
2024,2024-01-01,Eastbound,Heavy Vehicles,13,4,9,8,7,8,6,14,10,14,16,17,22,19,17,21,17,12,4,12,9,2,4,6,0,0
2024,2024-01-01,Westbound,Light Vehicles,1030,1341,1004,580,350,272,291,310,415,572,819,1020,1161,1198,1187,1328,1257,1250,1068,800,708,646,536,421,0,0
2024,2024-01-01,Eastbound,All Vehicles,311,329,281,209,173,144,117,143,213,288,381,522,604,578,570,563,534,483,379,351,289,257,218,214,0,0
2024,2024-01-01,Westbound,All Vehicles,1075,1395,1047,603,363,284,298,336,443,599,847,1061,1202,1235,1227,1379,1295,1288,1105,825,729,663,548,430,0,0
2024,2024-01-02,Eastbound,Light Vehicles,215,157,125,118,129,247,572,785,1194,1568,1913,2163,2156,1777,1823,1590,1525,1663,1343,959,760,613,552,284,0,0
2024,2024-01-02,Eastbound,Heavy Vehicles,6,3,8,14,23,35,84,107,127,133,142,121,125,104,92,72,56,56,57,39,19,18,21,20,0,0
2024,2024-01-02,Westbound,Heavy Vehicles,4,9,5,14,15,29,54,72,104,121,119,155,151,117,137,128,113,80,62,50,30,27,25,13,0,0
2024,2024-01-02,Westbound,Light Vehicles,308,186,147,121,153,262,499,885,1275,1493,1660,1815,1874,1878,1958,2005,2025,2065,1734,1298,1158,899,641,392,0,0
2024,2024-01-02,Eastbound,All Vehicles,221,160,133,132,152,282,656,892,1321,1701,2055,2284,2281,1881,1915,1662,1581,1719,1400,998,779,631,573,304,0,0
2024,2024-01-02,Westbound,All Vehicles,312,195,152,135,168,291,553,957,1379,1614,1779,1970,2025,1995,2095,2133,2138,2145,1796,1348,1188,926,666,405,0,0
2024,2024-01-03,Eastbound,Heavy Vehicles,6,7,11,8,23,44,132,135,151,140,135,122,126,122,85,74,50,58,51,33,31,15,20,14,0,0
2024,2024-01-03,Westbound,Light Vehicles,205,117,80,67,98,281,637,1045,1417,1725,1831,1883,1969,1992,2036,2432,2426,2033,1835,1219,1101,885,735,463,0,0
2024,2024-01-03,Eastbound,Light Vehicles,151,101,86,57,80,295,788,946,1287,1739,2096,2076,2143,1834,1689,1605,1553,1642,1362,916,791,799,662,405,0,0
2024,2024-01-03,Westbound,Heavy Vehicles,14,10,7,9,12,33,66,99,109,149,151,131,134,128,149,175,128,107,61,33,34,33,19,12,0,0
2024,2024-01-03,Eastbound,All Vehicles,157,108,97,65,103,339,920,1081,1438,1879,2231,2198,2269,1956,1774,1679,1603,1700,1413,949,822,814,682,419,0,0
2024,2024-01-03,Westbound,All Vehicles,219,127,87,76,110,314,703,1144,1526,1874,1982,2014,2103,2120,2185,2607,2554,2140,1896,1252,1135,918,754,475,0,0
2024,2024-01-04,Eastbound,Light Vehicles,165,154,55,44,70,236,602,704,841,995,1199,1182,1239,1041,1078,1082,1110,1092,925,645,491,509,490,247,0,0
2024,2024-01-04,Westbound,Light Vehicles,300,259,112,65,131,267,597,1002,1469,1622,1847,1921,1933,1988,2017,2182,2069,1756,1483,1069,926,887,715,454,0,0
2024,2024-01-04,Westbound,Heavy Vehicles,14,11,9,11,14,33,77,97,112,144,160,164,156,157,157,172,123,79,46,31,36,28,20,18,0,0
2024,2024-01-04,Eastbound,Heavy Vehicles,11,7,4,9,17,37,109,96,87,94,85,90,77,67,63,48,58,31,31,23,15,13,13,13,0,0
2024,2024-01-04,Eastbound,All Vehicles,176,161,59,53,87,273,711,800,928,1089,1284,1272,1316,1108,1141,1130,1168,1123,956,668,506,522,503,260,0,0
2024,2024-01-04,Westbound,All Vehicles,314,270,121,76,145,300,674,1099,1581,1766,2007,2085,2089,2145,2174,2354,2192,1835,1529,1100,962,915,735,472,0,0
2024,2024-01-05,Eastbound,Light Vehicles,205,128,86,83,97,274,782,930,1147,1572,1761,1842,1794,1684,1710,1599,1726,1663,1488,1112,901,830,741,502,0,0
2024,2024-01-05,Eastbound,Heavy Vehicles,7,8,7,11,20,46,135,141,126,150,162,154,114,92,102,93,68,46,48,35,26,20,18,14,0,0
2024,2024-01-05,Westbound,Light Vehicles,237,156,111,78,121,344,629,1150,1563,1797,2034,2185,2127,2080,2118,2245,2208,2122,1968,1484,1332,1253,996,722,0,0
2024,2024-01-05,Westbound,Heavy Vehicles,8,13,6,8,19,38,68,108,116,157,170,168,158,155,147,172,114,103,82,52,37,44,20,11,0,0
2024,2024-01-05,Eastbound,All Vehicles,212,136,93,94,117,320,917,1071,1273,1722,1923,1996,1908,1776,1812,1692,1794,1709,1536,1147,927,850,759,516,0,0
2024,2024-01-05,Westbound,All Vehicles,245,169,117,86,140,382,697,1258,1679,1954,2204,2353,2285,2235,2265,2417,2322,2225,2050,1536,1369,1297,1016,733,0,0
2024,2024-01-06,Eastbound,Heavy Vehicles,11,8,9,8,18,25,52,64,66,81,78,76,59,62,55,78,46,44,38,36,26,26,19,17,0,0
2024,2024-01-06,Eastbound,Light Vehicles,309,214,177,131,138,243,475,754,1084,1472,1806,2032,2058,1750,1792,1774,1593,1609,1492,1201,966,978,937,644,0,0
2024,2024-01-06,Westbound,Light Vehicles,489,290,215,157,144,224,466,792,1201,1782,2035,2172,2242,2066,2120,2216,2200,2253,1943,1516,1416,1232,1158,932,0,0
2024,2024-01-06,Westbound,Heavy Vehicles,9,6,6,14,12,22,45,65,79,87,101,115,80,84,91,82,92,77,64,41,41,25,17,20,0,0
2024,2024-01-06,Eastbound,All Vehicles,320,222,186,139,156,268,527,818,1150,1553,1884,2108,2117,1812,1847,1852,1639,1653,1530,1237,992,1004,956,661,0,0
2024,2024-01-06,Westbound,All Vehicles,498,296,221,171,156,246,511,857,1280,1869,2136,2287,2322,2150,2211,2298,2292,2330,2007,1557,1457,1257,1175,952,0,0
2024,2024-01-07,Eastbound,Light Vehicles,561,312,233,165,124,220,339,595,919,1351,1708,1995,2050,1877,1716,1632,1532,1472,1223,1009,792,704,483,287,0,0
2024,2024-01-07,Eastbound,Heavy Vehicles,16,9,6,7,7,13,22,35,38,56,54,61,51,59,56,42,52,43,36,35,22,20,20,16,0,0
2024,2024-01-07,Westbound,Light Vehicles,678,446,309,261,165,173,372,580,910,1447,1800,2057,2212,2067,2079,2073,2158,2083,1712,1375,1278,974,614,314,0,0
2024,2024-01-07,Westbound,Heavy Vehicles,11,21,10,9,5,15,23,35,38,68,72,78,69,57,74,64,58,62,49,37,50,55,15,17,0,0
2024,2024-01-07,Eastbound,All Vehicles,577,321,239,172,131,233,361,630,957,1407,1762,2056,2101,1936,1772,1674,1584,1515,1259,1044,814,724,503,303,0,0
2024,2024-01-07,Westbound,All Vehicles,689,467,319,270,170,188,395,615,948,1515,1872,2135,2281,2124,2153,2137,2216,2145,1761,1412,1328,1029,629,331,0,0
2024,2024-01-08,Eastbound,Heavy Vehicles,4,10,8,12,21,52,238,207,188,188,198,175,135,123,106,77,73,61,40,35,16,10,14,16,0,0
2024,2024-01-08,Westbound,Light Vehicles,212,115,67,71,130,447,1040,1781,2211,1846,1707,1863,1887,1722,1926,2144,1883,1876,1376,880,789,636,397,236,0,0
2024,2024-01-08,Eastbound,Light Vehicles,171,90,80,53,96,360,1373,1127,1356,1392,1417,1408,1439,1391,1421,1480,1600,1941,1288,803,619,531,373,228,0,0
2024,2024-01-08,Westbound,Heavy Vehicles,7,11,9,13,24,51,121,147,182,191,216,225,210,193,198,226,136,101,54,30,31,19,17,19,0,0
2024,2024-01-08,Eastbound,All Vehicles,175,100,88,65,117,412,1611,1334,1544,1580,1615,1583,1574,1514,1527,1557,1673,2002,1328,838,635,541,387,244,0,0
2024,2024-01-08,Westbound,All Vehicles,219,126,76,84,154,498,1161,1928,2393,2037,1923,2088,2097,1915,2124,2370,2019,1977,1430,910,820,655,414,255,0,0
2024,2024-01-09,Westbound,Heavy Vehicles,7,4,9,6,22,49,112,171,194,199,235,215,212,220,233,297,190,119,60,43,34,28,22,15,0,0
2024,2024-01-09,Westbound,Light Vehicles,120,63,56,48,129,487,1102,1913,2327,2062,1874,1877,1824,1894,2116,2470,2131,2129,1671,1186,980,844,532,298,0,0
2024,2024-01-09,Eastbound,Heavy Vehicles,8,3,4,14,23,66,315,217,212,191,200,192,160,148,126,97,67,74,71,44,32,21,16,15,0,0
2024,2024-01-09,Eastbound,Light Vehicles,82,55,49,37,90,407,1451,1272,1490,1460,1613,1729,1643,1565,1570,1531,1744,2072,1655,973,700,650,458,222,0,0
2024,2024-01-09,Westbound,All Vehicles,127,67,65,54,151,536,1214,2084,2521,2261,2109,2092,2036,2114,2349,2767,2321,2248,1731,1229,1014,872,554,313,0,0
2024,2024-01-09,Eastbound,All Vehicles,90,58,53,51,113,473,1766,1489,1702,1651,1813,1921,1803,1713,1696,1628,1811,2146,1726,1017,732,671,474,237,0,0
2024,2024-01-10,Westbound,Heavy Vehicles,8,7,6,14,20,47,129,186,191,216,258,250,197,255,255,274,162,136,62,38,34,38,23,20,0,0
2024,2024-01-10,Eastbound,Heavy Vehicles,10,3,9,9,28,66,343,233,171,233,227,188,162,178,105,101,77,86,74,35,27,20,13,20,0,0
2024,2024-01-10,Eastbound,Light Vehicles,127,80,59,54,114,412,1587,1301,1561,1671,1675,1770,1898,1794,1732,1688,1886,2143,1826,1094,820,850,715,440,0,0
2024,2024-01-10,Westbound,Light Vehicles,157,86,67,61,134,433,1153,1882,2376,2163,1981,2045,2061,1923,2171,2644,2425,2513,1999,1397,1191,1059,796,493,0,0
2024,2024-01-10,Westbound,All Vehicles,165,93,73,75,154,480,1282,2068,2567,2379,2239,2295,2258,2178,2426,2918,2587,2649,2061,1435,1225,1097,819,513,0,0
2024,2024-01-10,Eastbound,All Vehicles,137,83,68,63,142,478,1930,1534,1732,1904,1902,1958,2060,1972,1837,1789,1963,2229,1900,1129,847,870,728,460,0,0
2024,2024-01-11,Eastbound,Heavy Vehicles,12,8,8,16,27,66,335,229,203,192,210,183,185,136,134,99,104,86,72,41,25,24,12,15,0,0
2024,2024-01-11,Eastbound,Light Vehicles,226,180,78,91,99,401,1516,1380,1575,1612,1681,1677,1799,1605,1585,1627,1868,2000,1794,1169,883,764,606,438,0,0
2024,2024-01-11,Westbound,Heavy Vehicles,16,7,12,14,16,49,132,164,187,194,251,249,222,262,249,254,171,129,83,,42,26,24,11,0,0
2024,2024-01-11,Westbound,Light Vehicles,263,284,114,78,142,437,1164,1862,2333,2148,1951,1909,2057,1955,2169,2546,2270,2375,1860,,1197,1024,778,466,0,0
2024,2024-01-11,Eastbound,All Vehicles,238,188,86,107,126,467,1851,1609,1778,1804,1891,1860,1984,1741,1719,1726,1972,2086,1866,1210,908,788,618,453,0,0
2024,2024-01-11,Westbound,All Vehicles,279,291,126,92,158,486,1296,2026,2520,2342,2202,2158,2279,2217,2418,2800,2441,2504,1943,,1239,1050,802,477,0,0
2024,2024-01-12,Westbound,Heavy Vehicles,6,9,9,17,22,47,145,136,163,225,247,263,239,251,248,252,163,127,100,54,40,35,25,30,0,0
2024,2024-01-12,Eastbound,Light Vehicles,196,128,94,78,104,416,1570,1454,1610,1726,1769,1833,1902,1825,1716,1869,2040,2156,2239,1652,994,880,901,629,0,0
2024,2024-01-12,Westbound,Light Vehicles,269,132,125,75,131,463,1112,1684,2163,2142,2094,2143,2326,2127,2322,2565,2423,2451,2298,1767,1339,1313,1308,1100,0,0
2024,2024-01-12,Eastbound,Heavy Vehicles,9,11,4,11,29,64,309,253,202,225,230,194,177,157,141,122,88,58,78,58,18,24,30,12,0,0
2024,2024-01-12,Westbound,All Vehicles,275,141,134,92,153,510,1257,1820,2326,2367,2341,2406,2565,2378,2570,2817,2586,2578,2398,1821,1379,1348,1333,1130,0,0
2024,2024-01-12,Eastbound,All Vehicles,205,139,98,89,133,480,1879,1707,1812,1951,1999,2027,2079,1982,1857,1991,2128,2214,2317,1710,1012,904,931,641,0,0
2024,2024-01-13,Eastbound,Light Vehicles,367,261,226,135,159,306,840,1094,1538,1912,2299,2403,2475,2301,2077,1952,1899,1902,1829,1376,1061,1052,1019,788,0,0
2024,2024-01-13,Westbound,Light Vehicles,577,374,283,176,148,295,663,992,1471,2052,2375,2477,2577,2574,2405,2565,2657,2755,2559,2054,1718,1496,1388,1147,0,0
2024,2024-01-13,Westbound,Heavy Vehicles,23,11,8,9,10,25,45,87,105,92,123,114,125,112,86,102,107,93,70,43,49,40,32,31,0,0
2024,2024-01-13,Eastbound,Heavy Vehicles,13,11,4,8,17,30,96,117,99,108,118,90,110,78,79,60,55,51,53,49,30,21,18,15,0,0
2024,2024-01-13,Eastbound,All Vehicles,380,272,230,143,176,336,936,1211,1637,2020,2417,2493,2585,2379,2156,2012,1954,1953,1882,1425,1091,1073,1037,803,0,0
2024,2024-01-13,Westbound,All Vehicles,600,385,291,185,158,320,708,1079,1576,2144,2498,2591,2702,2686,2491,2667,2764,2848,2629,2097,1767,1536,1420,1178,0,0
2024,2024-01-14,Eastbound,Heavy Vehicles,9,7,8,9,7,13,13,25,41,50,60,70,60,59,55,48,49,41,46,28,20,23,12,10,0,0
2024,2024-01-14,Eastbound,Light Vehicles,485,357,218,201,146,198,322,549,791,1204,1434,1750,1961,1829,1781,1630,1557,1375,1209,873,746,629,505,273,0,0
2024,2024-01-14,Westbound,Light Vehicles,742,507,374,247,210,204,391,548,969,1460,1811,2007,2211,1972,2039,1939,2125,1756,1563,1120,949,861,521,317,0,0
2024,2024-01-14,Westbound,Heavy Vehicles,22,7,10,8,6,14,20,37,54,53,59,76,78,67,73,68,77,63,63,37,14,26,18,9,0,0
2024,2024-01-14,Eastbound,All Vehicles,494,364,226,210,153,211,335,574,832,1254,1494,1820,2021,1888,1836,1678,1606,1416,1255,901,766,652,517,283,0,0
2024,2024-01-14,Westbound,All Vehicles,764,514,384,255,216,218,411,585,1023,1513,1870,2083,2289,2039,2112,2007,2202,1819,1626,1157,963,887,539,326,0,0
2024,2024-01-15,Eastbound,Heavy Vehicles,9,5,4,11,20,48,267,168,185,193,168,145,112,101,66,76,81,60,60,35,22,16,13,11,0,0
2024,2024-01-15,Eastbound,Light Vehicles,115,77,52,52,70,382,1466,1148,1548,1592,1424,1492,1484,1337,1437,1586,1742,2166,1539,975,692,579,424,214,0,0
2024,2024-01-15,Westbound,Heavy Vehicles,3,8,9,12,15,57,105,172,208,160,199,248,209,218,234,274,175,91,67,46,35,26,16,12,0,0
2024,2024-01-15,Westbound,Light Vehicles,157,101,67,62,140,545,1211,1936,2574,2018,1703,1663,1738,1673,1794,2201,1904,1983,1499,1015,846,693,480,237,0,0
2024,2024-01-15,Eastbound,All Vehicles,124,82,56,63,90,430,1733,1316,1733,1785,1592,1637,1596,1438,1503,1662,1823,2226,1599,1010,714,595,437,225,0,0
2024,2024-01-15,Westbound,All Vehicles,160,109,76,74,155,602,1316,2108,2782,2178,1902,1911,1947,1891,2028,2475,2079,2074,1566,1061,881,719,496,249,0,0
2024,2024-01-16,Eastbound,Light Vehicles,107,59,50,36,85,440,1669,1573,1677,1717,1600,1583,1620,1453,1570,1627,1806,2302,1905,1087,807,751,514,280,0,0
2024,2024-01-16,Westbound,Heavy Vehicles,7,6,11,11,14,43,155,172,219,256,260,274,278,302,295,308,169,126,75,36,31,31,22,12,0,0
2024,2024-01-16,Westbound,Light Vehicles,142,82,54,46,125,552,1297,2220,2749,2246,1999,1914,2020,1925,2002,2506,2095,2229,1699,1168,966,863,583,290,0,0
2024,2024-01-16,Eastbound,Heavy Vehicles,6,3,11,13,24,75,365,278,230,224,207,223,191,160,122,112,96,74,73,42,22,20,17,9,0,0
2024,2024-01-16,Eastbound,All Vehicles,113,62,61,49,109,515,2034,1851,1907,1941,1807,1806,1811,1613,1692,1739,1902,2376,1978,1129,829,771,531,289,0,0
2024,2024-01-16,Westbound,All Vehicles,149,88,65,57,139,595,1452,2392,2968,2502,2259,2188,2298,2227,2297,2814,2264,2355,1774,1204,997,894,605,302,0,0
2024,2024-01-17,Westbound,Light Vehicles,147,80,71,58,160,568,1356,2271,2724,2299,2002,2061,2097,1985,2234,2645,2349,2310,1724,1205,983,943,561,390,0,0
2024,2024-01-17,Eastbound,Light Vehicles,124,65,55,47,109,430,1738,1614,1697,1719,1685,1691,1737,1499,1565,1782,1957,2082,1913,1190,905,886,555,362,0,0
2024,2024-01-17,Westbound,Heavy Vehicles,11,7,13,13,18,54,136,194,192,234,231,284,252,249,279,331,193,108,72,47,37,29,13,12,0,0
2024,2024-01-17,Eastbound,Heavy Vehicles,5,11,12,14,31,63,380,273,230,223,245,221,184,139,136,118,104,90,62,28,21,18,26,16,0,0
2024,2024-01-17,Westbound,All Vehicles,158,87,84,71,178,622,1492,2465,2916,2533,2233,2345,2349,2234,2513,2976,2542,2418,1796,1252,1020,972,574,402,0,0
2024,2024-01-17,Eastbound,All Vehicles,129,76,67,61,140,493,2118,1887,1927,1942,1930,1912,1921,1638,1701,1900,2061,2172,1975,1218,926,904,581,378,0,0
2024,2024-01-18,Eastbound,Light Vehicles,225,163,52,60,109,482,1751,1763,1685,1982,1992,1984,1868,1648,1747,1770,2095,2430,2168,1344,1007,901,766,439,0,0
2024,2024-01-18,Eastbound,Heavy Vehicles,6,7,5,13,30,71,346,328,178,254,247,197,196,186,152,133,106,79,65,48,32,22,15,15,0,0
2024,2024-01-18,Westbound,Heavy Vehicles,14,8,9,10,17,51,129,183,221,235,286,261,285,267,272,318,250,155,113,57,50,36,26,15,0,0
2024,2024-01-18,Westbound,Light Vehicles,239,248,82,76,126,577,1318,2163,2777,2324,2091,2078,2197,2094,2350,2753,2594,2575,2153,1566,1362,1282,817,569,0,0
2024,2024-01-18,Eastbound,All Vehicles,231,170,57,73,139,553,2097,2091,1863,2236,2239,2181,2064,1834,1899,1903,2201,2509,2233,1392,1039,923,781,454,0,0
2024,2024-01-18,Westbound,All Vehicles,253,256,91,86,143,628,1447,2346,2998,2559,2377,2339,2482,2361,2622,3071,2844,2730,2266,1623,1412,1318,843,584,0,0
2024,2024-01-19,Eastbound,Light Vehicles,198,128,123,74,136,516,1794,1761,1767,1938,1964,1914,2053,1912,1931,2037,2221,2387,2109,1381,1018,925,885,624,0,0
2024,2024-01-19,Westbound,Light Vehicles,227,150,112,84,150,607,1305,1989,2447,2374,2155,2133,2324,2343,2409,2763,2708,2668,2173,1671,1452,1319,1234,987,0,0
2024,2024-01-19,Eastbound,Heavy Vehicles,8,8,4,12,26,61,357,299,218,226,239,231,205,185,172,138,102,92,69,42,21,19,24,22,0,0
2024,2024-01-19,Westbound,Heavy Vehicles,11,7,5,12,18,50,133,197,229,278,254,256,296,267,305,301,221,137,107,42,53,34,29,16,0,0
2024,2024-01-19,Eastbound,All Vehicles,206,136,127,86,162,577,2151,2060,1985,2164,2203,2145,2258,2097,2103,2175,2323,2479,2178,1423,1039,944,909,646,0,0
2024,2024-01-19,Westbound,All Vehicles,238,157,117,96,168,657,1438,2186,2676,2652,2409,2389,2620,2610,2714,3064,2929,2805,2280,1713,1505,1353,1263,1003,0,0
2024,2024-01-20,Westbound,Light Vehicles,563,375,256,190,167,342,721,1058,1458,2150,2401,2427,2599,2543,2362,2335,2248,2295,2094,1639,1480,1410,1298,1128,0,0
2024,2024-01-20,Eastbound,Light Vehicles,429,284,194,153,176,300,838,1081,1344,1725,1931,2055,2202,2126,1989,1842,1814,1762,1681,1338,1049,1040,991,882,0,0
2024,2024-01-20,Westbound,Heavy Vehicles,18,16,7,9,14,31,53,100,125,135,161,145,131,145,126,129,106,94,67,57,27,46,29,22,0,0
2024,2024-01-20,Eastbound,Heavy Vehicles,10,12,7,13,15,34,119,136,103,138,107,96,99,94,71,74,66,54,48,31,29,25,18,15,0,0
2024,2024-01-20,Westbound,All Vehicles,581,391,263,199,181,373,774,1158,1583,2285,2562,2572,2730,2688,2488,2464,2354,2389,2161,1696,1507,1456,1327,1150,0,0
2024,2024-01-20,Eastbound,All Vehicles,439,296,201,166,191,334,957,1217,1447,1863,2038,2151,2301,2220,2060,1916,1880,1816,1729,1369,1078,1065,1009,897,0,0
2024,2024-01-21,Eastbound,Light Vehicles,544,340,269,197,148,253,399,779,1160,1633,1936,2252,2273,2004,1857,1841,1779,1716,1480,1181,914,763,555,306,0,0
2024,2024-01-21,Eastbound,Heavy Vehicles,9,6,11,12,6,11,26,39,46,62,75,88,85,65,52,58,40,48,43,45,23,22,19,11,0,0
2024,2024-01-21,Westbound,Heavy Vehicles,19,13,7,12,8,11,20,37,57,60,75,95,82,84,73,83,79,74,75,60,52,37,37,17,0,0
2024,2024-01-21,Westbound,Light Vehicles,784,538,372,273,184,227,411,693,1119,1792,1990,2249,2413,2194,2135,2195,2194,2393,2182,1750,1522,1387,821,377,0,0
2024,2024-01-21,Eastbound,All Vehicles,553,346,280,209,154,264,425,818,1206,1695,2011,2340,2358,2069,1909,1899,1819,1764,1523,1226,937,785,574,317,0,0
2024,2024-01-21,Westbound,All Vehicles,803,551,379,285,192,238,431,730,1176,1852,2065,2344,2495,2278,2208,2278,2273,2467,2257,1810,1574,1424,858,394,0,0
2024,2024-01-22,Westbound,Heavy Vehicles,6,6,8,13,16,50,149,161,207,197,286,254,251,273,227,320,168,126,83,62,47,28,29,30,0,0
2024,2024-01-22,Westbound,Light Vehicles,210,115,73,66,141,534,1196,2024,2249,2035,1780,1693,1851,1672,1854,2275,1910,2006,1564,1074,857,744,391,242,0,0
2024,2024-01-22,Eastbound,Light Vehicles,157,70,60,67,102,378,1780,1606,1650,1733,1595,1565,1537,1401,1557,1608,1933,2283,1812,1096,773,666,435,239,0,0
2024,2024-01-22,Eastbound,Heavy Vehicles,11,6,5,11,15,58,328,329,232,242,247,218,204,183,152,115,105,89,74,51,29,21,28,31,0,0
2024,2024-01-22,Westbound,All Vehicles,216,121,81,79,157,584,1345,2185,2456,2232,2066,1947,2102,1945,2081,2595,2078,2132,1647,1136,904,772,420,272,0,0
2024,2024-01-22,Eastbound,All Vehicles,168,76,65,78,117,436,2108,1935,1882,1975,1842,1783,1741,1584,1709,1723,2038,2372,1886,1147,802,687,463,270,0,0
2024,2024-01-23,Eastbound,Heavy Vehicles,24,11,7,16,31,67,342,329,187,264,283,222,215,200,181,137,93,93,90,34,43,38,27,27,0,0
2024,2024-01-23,Eastbound,Light Vehicles,96,59,55,44,108,472,1731,1669,1612,1729,1741,1650,1688,1641,1581,1776,2035,2434,2202,1258,923,810,574,355,0,0
2024,2024-01-23,Westbound,Light Vehicles,136,95,51,68,155,632,1443,2480,2909,2412,2010,1990,2050,2023,2236,2524,2425,2306,1840,1364,1197,1009,665,423,0,0
2024,2024-01-23,Westbound,Heavy Vehicles,24,10,8,16,18,47,159,207,235,233,288,323,294,289,339,314,212,143,80,53,46,37,36,33,0,0
2024,2024-01-23,Eastbound,All Vehicles,120,70,62,60,139,539,2073,1998,1799,1993,2024,1872,1903,1841,1762,1913,2128,2527,2292,1292,966,848,601,382,0,0
2024,2024-01-23,Westbound,All Vehicles,160,105,59,84,173,679,1602,2687,3144,2645,2298,2313,2344,2312,2575,2838,2637,2449,1920,1417,1243,1046,701,456,0,0
2024,2024-01-24,Eastbound,Heavy Vehicles,24,11,15,13,36,67,331,302,225,269,251,207,207,170,140,94,99,92,98,55,27,24,30,37,0,0
2024,2024-01-24,Westbound,Heavy Vehicles,25,12,15,16,20,49,146,193,248,219,310,317,316,282,289,345,245,157,87,62,38,37,39,46,0,0
2024,2024-01-24,Westbound,Light Vehicles,175,98,87,74,152,673,1467,2382,2717,2553,2133,2182,2264,2186,2425,2688,2753,2676,2118,1715,1255,1208,1114,765,0,0
2024,2024-01-24,Eastbound,Light Vehicles,149,87,72,53,108,510,1794,2000,1746,1944,1922,1950,1941,1815,1806,1906,2134,2350,2535,1820,1015,1019,791,452,0,0
2024,2024-01-24,Eastbound,All Vehicles,173,98,87,66,144,577,2125,2302,1971,2213,2173,2157,2148,1985,1946,2000,2233,2442,2633,1875,1042,1043,821,489,0,0
2024,2024-01-24,Westbound,All Vehicles,200,110,102,90,172,722,1613,2575,2965,2772,2443,2499,2580,2468,2714,3033,2998,2833,2205,1777,1293,1245,1153,811,0,0
2024,2024-01-25,Eastbound,Heavy Vehicles,25,12,10,10,35,77,354,311,254,259,237,229,221,184,151,137,107,92,77,47,36,29,30,27,0,0
2024,2024-01-25,Westbound,Heavy Vehicles,28,17,7,16,15,65,136,189,228,308,291,293,316,309,300,,198,186,108,67,38,41,43,34,0,0
2024,2024-01-25,Eastbound,Light Vehicles,237,222,73,62,117,484,1833,1870,1821,1944,1852,1851,2067,1971,1946,2054,2193,2373,2177,1408,1105,1066,875,704,0,0
2024,2024-01-25,Westbound,Light Vehicles,318,310,105,88,143,559,1315,2228,2827,2469,2358,2300,2379,2362,2548,,2631,2633,2395,1794,1389,1333,1095,748,0,0
2024,2024-01-25,Eastbound,All Vehicles,262,234,83,72,152,561,2187,2181,2075,2203,2089,2080,2288,2155,2097,2191,2300,2465,2254,1455,1141,1095,905,731,0,0
2024,2024-01-25,Westbound,All Vehicles,346,327,112,104,158,624,1451,2417,3055,2777,2649,2593,2695,2671,2848,,2829,2819,2503,1861,1427,1374,1138,782,0,0
2024,2024-01-26,Westbound,Heavy Vehicles,32,13,11,8,12,25,31,49,66,88,77,87,80,67,82,87,64,71,49,40,36,19,23,21,0,0
2024,2024-01-26,Eastbound,Heavy Vehicles,25,14,10,7,24,26,41,55,60,75,88,92,68,56,48,50,32,46,39,25,19,20,22,16,0,0
2024,2024-01-26,Eastbound,Light Vehicles,386,207,167,167,145,448,766,1168,1267,1572,1879,1879,1886,1678,1486,1338,1296,1396,1309,1090,921,862,830,619,0,0
2024,2024-01-26,Westbound,Light Vehicles,498,301,229,209,153,269,514,812,1185,1741,2078,2117,2001,1857,1842,1789,1867,1886,1824,1420,1277,1189,1066,835,0,0
2024,2024-01-26,Westbound,All Vehicles,530,314,240,217,165,294,545,861,1251,1829,2155,2204,2081,1924,1924,1876,1931,1957,1873,1460,1313,1208,1089,856,0,0
2024,2024-01-26,Eastbound,All Vehicles,411,221,177,174,169,474,807,1223,1327,1647,1967,1971,1954,1734,1534,1388,1328,1442,1348,1115,940,882,852,635,0,0
2024,2024-01-27,Westbound,Light Vehicles,579,413,263,195,163,256,474,799,1295,1845,2214,2316,2397,2320,2334,2171,2039,2081,1895,1438,1192,1250,1148,963,0,0
2024,2024-01-27,Westbound,Heavy Vehicles,12,9,7,13,12,24,42,66,64,89,107,118,102,100,95,86,86,61,68,42,32,42,35,25,0,0
2024,2024-01-27,Eastbound,Light Vehicles,437,271,199,161,140,235,517,732,1038,1465,1732,1897,2069,1930,1926,1809,1563,1647,1441,1142,976,974,915,762,0,0
2024,2024-01-27,Eastbound,Heavy Vehicles,5,9,7,10,19,22,49,77,76,82,91,73,68,69,87,56,52,51,50,35,25,17,26,20,0,0
2024,2024-01-27,Westbound,All Vehicles,591,422,270,208,175,280,516,865,1359,1934,2321,2434,2499,2420,2429,2257,2125,2142,1963,1480,1224,1292,1183,988,0,0
2024,2024-01-27,Eastbound,All Vehicles,442,280,206,171,159,257,566,809,1114,1547,1823,1970,2137,1999,2013,1865,1615,1698,1491,1177,1001,991,941,782,0,0
2024,2024-01-28,Westbound,Heavy Vehicles,16,14,6,11,7,17,28,38,38,60,62,80,68,68,86,86,68,78,,39,33,39,15,12,0,0
2024,2024-01-28,Eastbound,Light Vehicles,473,362,302,196,138,219,333,615,829,1322,1707,2012,2253,1984,1919,1884,1775,1736,1430,1141,887,737,486,320,0,0
2024,2024-01-28,Eastbound,Heavy Vehicles,18,5,9,7,7,15,19,22,37,47,52,54,58,49,49,56,44,37,46,35,26,26,12,15,0,0
2024,2024-01-28,Westbound,Light Vehicles,691,459,419,222,164,231,389,618,993,1579,1974,2123,2342,2160,2171,2214,2153,2148,,1365,1284,959,646,385,0,0
2024,2024-01-28,Westbound,All Vehicles,707,473,425,233,171,248,417,656,1031,1639,2036,2203,2410,2228,2257,2300,2221,2226,,1404,1317,998,661,397,0,0
2024,2024-01-28,Eastbound,All Vehicles,491,367,311,203,145,234,352,637,866,1369,1759,2066,2311,2033,1968,1940,1819,1773,1476,1176,913,763,498,335,0,0
2024,2024-01-29,Eastbound,Light Vehicles,107,38,37,25,58,217,670,690,635,597,654,633,664,680,641,616,731,802,730,491,388,291,216,111,0,0
2024,2024-01-29,Eastbound,Heavy Vehicles,2,4,3,6,9,39,135,109,71,104,114,84,90,66,66,40,41,38,33,11,12,10,3,2,0,0
2024,2024-01-29,Westbound,Heavy Vehicles,3,3,6,6,16,44,90,107,135,161,186,215,217,184,184,183,144,104,62,43,31,23,12,9,0,0
2024,2024-01-29,Westbound,Light Vehicles,208,94,68,59,123,407,963,1460,1640,1362,1256,1228,1229,1258,1339,1510,1500,1441,1248,946,825,655,401,235,0,0
2024,2024-01-29,Eastbound,All Vehicles,109,42,40,31,67,256,805,799,706,701,768,717,754,746,707,656,772,840,763,502,400,301,219,113,0,0
2024,2024-01-29,Westbound,All Vehicles,211,97,74,65,139,451,1053,1567,1775,1523,1442,1443,1446,1442,1523,1693,1644,1545,1310,989,856,678,413,244,0,0
2024,2024-01-30,Eastbound,Light Vehicles,112,81,44,46,99,486,1924,2128,1632,1714,1836,1671,1708,1654,1859,1663,2096,2394,2269,1483,930,863,556,306,0,0
2024,2024-01-30,Eastbound,Heavy Vehicles,7,8,6,15,28,66,317,323,213,222,267,226,199,168,151,155,113,92,84,43,28,28,16,9,0,0
2024,2024-01-30,Westbound,Heavy Vehicles,10,7,10,13,20,62,169,184,156,243,279,316,263,290,284,297,234,139,102,48,40,28,20,13,0,0
2024,2024-01-30,Westbound,Light Vehicles,177,74,72,56,158,626,1531,2614,2754,2592,2151,2153,2091,2016,2193,2641,2626,2499,1944,1457,1164,946,701,367,0,0
2024,2024-01-30,Eastbound,All Vehicles,119,89,50,61,127,552,2241,2451,1845,1936,2103,1897,1907,1822,2010,1818,2209,2486,2353,1526,958,891,572,315,0,0
2024,2024-01-30,Westbound,All Vehicles,187,81,82,69,178,688,1700,2798,2910,2835,2430,2469,2354,2306,2477,2938,2860,2638,2046,1505,1204,974,721,380,0,0
2024,2024-01-31,Eastbound,Heavy Vehicles,9,8,11,7,34,65,352,297,205,262,302,276,189,161,180,136,120,91,110,40,25,22,17,9,0,0
2024,2024-01-31,Westbound,Heavy Vehicles,9,8,12,11,20,55,153,178,203,262,321,329,324,302,322,301,255,149,89,46,43,38,17,15,0,0
2024,2024-01-31,Westbound,Light Vehicles,160,84,75,76,166,616,1581,2672,2914,2667,2122,2055,2204,2100,2184,2516,2606,2618,2162,1449,1201,1087,844,458,0,0
2024,2024-01-31,Eastbound,Light Vehicles,133,85,59,52,99,493,1993,2197,1779,1852,1796,1708,1706,1685,1897,1819,1979,2389,2183,1366,999,988,737,406,0,0
2024,2024-01-31,Eastbound,All Vehicles,142,93,70,59,133,558,2345,2494,1984,2114,2098,1984,1895,1846,2077,1955,2099,2480,2293,1406,1024,1010,754,415,0,0
2024,2024-01-31,Westbound,All Vehicles,169,92,87,87,186,671,1734,2850,3117,2929,2443,2384,2528,2402,2506,2817,2861,2767,2251,1495,1244,1125,861,473,0,0
2024,2024-02-01,Eastbound,Heavy Vehicles,10,9,9,8,27,82,380,375,205,235,257,219,220,158,169,167,114,102,99,52,32,20,12,22,0,1
2024,2024-02-01,Westbound,Heavy Vehicles,10,7,7,13,9,65,164,179,225,249,259,279,296,287,299,311,240,150,94,63,54,48,23,23,0,1
2024,2024-02-01,Westbound,Light Vehicles,299,297,106,70,171,675,1481,2700,2964,2727,2120,2147,2283,2205,2428,2580,2680,2511,2277,1741,1619,1298,874,509,0,1
2024,2024-02-01,Eastbound,Light Vehicles,244,181,89,53,128,538,2001,2239,1847,1833,1842,1829,1908,1706,2039,1815,2122,2399,2361,1546,1144,993,817,471,0,1
2024,2024-02-01,Eastbound,All Vehicles,254,190,98,61,155,620,2381,2614,2052,2068,2099,2048,2128,1864,2208,1982,2236,2501,2460,1598,1176,1013,829,493,0,1
2024,2024-02-01,Westbound,All Vehicles,309,304,113,83,180,740,1645,2879,3189,2976,2379,2426,2579,2492,2727,2891,2920,2661,2371,1804,1673,1346,897,532,0,1
2024,2024-02-02,Eastbound,Light Vehicles,230,152,100,93,115,523,1996,2243,1918,1904,1941,1985,2138,1891,2137,2016,2061,2384,2344,1473,998,993,905,737,0,1
2024,2024-02-02,Westbound,Heavy Vehicles,13,9,9,14,21,61,147,186,244,259,277,307,272,275,290,312,243,149,106,65,55,45,38,26,0,1
2024,2024-02-02,Westbound,Light Vehicles,276,179,114,97,209,611,1434,2400,2834,2615,2262,2427,2444,2326,2597,2736,2661,2520,2606,1955,1517,1345,1208,891,0,1
2024,2024-02-02,Eastbound,Heavy Vehicles,7,5,12,17,23,80,308,322,253,223,229,230,206,201,156,158,107,93,60,52,42,25,19,20,0,1
2024,2024-02-02,Eastbound,All Vehicles,237,157,112,110,138,603,2304,2565,2171,2127,2170,2215,2344,2092,2293,2174,2168,2477,2404,1525,1040,1018,924,757,0,1
2024,2024-02-02,Westbound,All Vehicles,289,188,123,111,230,672,1581,2586,3078,2874,2539,2734,2716,2601,2887,3048,2904,2669,2712,2020,1572,1390,1246,917,0,1
2024,2024-02-03,Eastbound,Light Vehicles,440,306,211,130,128,297,908,1309,1532,1875,2166,2322,2478,2301,2295,2100,1893,1952,1925,1562,1117,1249,1173,966,0,1
2024,2024-02-03,Westbound,Heavy Vehicles,15,13,5,4,18,39,62,95,122,156,147,144,147,150,129,111,100,92,86,58,42,33,44,26,0,1
2024,2024-02-03,Eastbound,Heavy Vehicles,13,10,3,6,14,32,103,140,108,110,103,123,113,87,89,86,87,66,50,41,29,27,31,18,0,1
2024,2024-02-03,Westbound,Light Vehicles,604,409,230,186,177,462,786,1304,1768,2388,2597,2733,2784,2817,2601,2538,2513,2641,2577,1885,1597,1440,1544,1152,0,1
2024,2024-02-03,Eastbound,All Vehicles,453,316,214,136,142,329,1011,1449,1640,1985,2269,2445,2591,2388,2384,2186,1980,2018,1975,1603,1146,1276,1204,984,0,1
2024,2024-02-03,Westbound,All Vehicles,619,422,235,190,195,501,848,1399,1890,2544,2744,2877,2931,2967,2730,2649,2613,2733,2663,1943,1639,1473,1588,1178,0,1
2024,2024-02-04,Eastbound,Light Vehicles,585,432,304,221,151,216,454,779,1151,1771,2094,2332,2480,2272,2181,1953,1936,1821,1409,1153,917,733,521,278,0,1
2024,2024-02-04,Eastbound,Heavy Vehicles,9,10,4,10,9,23,27,39,47,79,80,86,69,96,81,69,66,51,38,33,25,32,22,15,0,1
2024,2024-02-04,Westbound,Light Vehicles,853,588,466,300,172,220,595,882,1236,1895,2159,2413,2536,2482,2465,2525,2542,2743,2276,1536,1437,1068,708,328,0,1
2024,2024-02-04,Westbound,Heavy Vehicles,16,10,11,8,8,15,28,32,50,73,82,92,78,97,87,99,117,122,94,55,33,35,19,13,0,1
2024,2024-02-04,Eastbound,All Vehicles,594,442,308,231,160,239,481,818,1198,1850,2174,2418,2549,2368,2262,2022,2002,1872,1447,1186,942,765,543,293,0,1
2024,2024-02-04,Westbound,All Vehicles,869,598,477,308,180,235,623,914,1286,1968,2241,2505,2614,2579,2552,2624,2659,2865,2370,1591,1470,1103,727,341,0,1
2024,2024-02-05,Westbound,Heavy Vehicles,5,10,16,8,24,67,151,177,237,278,257,301,282,297,310,326,242,137,93,57,48,35,20,19,0,1
2024,2024-02-05,Eastbound,Light Vehicles,208,111,60,60,104,474,1966,2204,1645,1770,1711,1711,1778,1613,1834,1807,2152,2460,2074,1200,869,693,424,261,0,1
2024,2024-02-05,Eastbound,Heavy Vehicles,10,6,8,12,24,61,382,373,230,271,244,223,212,145,165,145,117,99,73,34,31,21,14,11,0,1
2024,2024-02-05,Westbound,Light Vehicles,188,166,90,62,160,680,1543,2716,3008,2466,2068,2006,2045,2053,2330,2542,2489,2490,2044,1412,1051,847,530,266,0,1
2024,2024-02-05,Westbound,All Vehicles,193,176,106,70,184,747,1694,2893,3245,2744,2325,2307,2327,2350,2640,2868,2731,2627,2137,1469,1099,882,550,285,0,1
2024,2024-02-05,Eastbound,All Vehicles,218,117,68,72,128,535,2348,2577,1875,2041,1955,1934,1990,1758,1999,1952,2269,2559,2147,1234,900,714,438,272,0,1
2024,2024-02-06,Eastbound,Heavy Vehicles,10,4,6,13,27,49,226,262,186,227,272,218,211,217,189,137,118,120,87,51,32,22,23,11,0,0
2024,2024-02-06,Westbound,Light Vehicles,156,76,58,49,167,636,1570,2835,2968,2744,1997,2100,2079,2035,2255,2538,2442,2431,1923,1337,1176,901,542,301,0,0
2024,2024-02-06,Westbound,Heavy Vehicles,9,4,7,12,14,64,131,179,189,252,272,315,269,271,272,333,205,145,94,46,37,36,30,14,0,0
2024,2024-02-06,Eastbound,Light Vehicles,97,78,49,36,111,456,1797,2157,1662,1757,1912,1688,1676,1646,1920,1860,2183,2364,2173,1250,980,808,555,254,0,0
2024,2024-02-06,Eastbound,All Vehicles,107,82,55,49,138,505,2023,2419,1848,1984,2184,1906,1887,1863,2109,1997,2301,2484,2260,1301,1012,830,578,265,0,0
2024,2024-02-06,Westbound,All Vehicles,165,80,65,61,181,700,1701,3014,3157,2996,2269,2415,2348,2306,2527,2871,2647,2576,2017,1383,1213,937,572,315,0,0
2024,2024-02-07,Westbound,Light Vehicles,166,86,66,51,162,608,1641,2829,3042,2549,2181,2168,2165,2140,2267,2565,2658,2591,2098,1481,1310,1210,935,478,0,0
2024,2024-02-07,Eastbound,Heavy Vehicles,6,10,11,14,26,90,401,341,258,309,267,248,247,231,200,141,150,125,83,50,46,25,11,17,0,0
2024,2024-02-07,Eastbound,Light Vehicles,125,73,70,51,102,486,2030,2203,1792,1796,1857,1730,1749,1710,1952,1884,1984,2277,2392,1456,1171,1086,809,409,0,0
2024,2024-02-07,Westbound,Heavy Vehicles,8,7,11,9,16,72,153,173,224,267,276,307,313,286,310,336,247,192,112,51,49,37,30,16,0,0
2024,2024-02-07,Westbound,All Vehicles,174,93,77,60,178,680,1794,3002,3266,2816,2457,2475,2478,2426,2577,2901,2905,2783,2210,1532,1359,1247,965,494,0,0
2024,2024-02-07,Eastbound,All Vehicles,131,83,81,65,128,576,2431,2544,2050,2105,2124,1978,1996,1941,2152,2025,2134,2402,2475,1506,1217,1111,820,426,0,0
2024,2024-02-08,Eastbound,Light Vehicles,200,187,92,56,120,535,2007,2197,1823,1882,1928,1803,1933,1853,1949,1654,2118,2359,2512,1604,1191,1103,831,508,0,0
2024,2024-02-08,Westbound,Light Vehicles,293,303,106,70,162,633,1556,2785,2932,2733,2257,2266,2214,2180,2439,2652,2549,2686,2270,1717,1488,1319,926,564,0,0
2024,2024-02-08,Eastbound,Heavy Vehicles,11,8,8,16,24,89,382,312,203,218,244,231,228,188,181,172,107,115,98,62,36,28,17,18,0,0
2024,2024-02-08,Westbound,Heavy Vehicles,12,8,13,15,21,65,166,187,209,236,280,302,281,306,335,316,256,171,108,60,51,40,24,19,0,0
2024,2024-02-08,Eastbound,All Vehicles,211,195,100,72,144,624,2389,2509,2026,2100,2172,2034,2161,2041,2130,1826,2225,2474,2610,1666,1227,1131,848,526,0,0
2024,2024-02-08,Westbound,All Vehicles,305,311,119,85,183,698,1722,2972,3141,2969,2537,2568,2495,2486,2774,2968,2805,2857,2378,1777,1539,1359,950,583,0,0
2024,2024-02-09,Westbound,Heavy Vehicles,7,11,10,22,26,66,157,199,228,267,302,301,278,282,323,300,213,145,103,56,56,34,38,48,0,0
2024,2024-02-09,Eastbound,Light Vehicles,238,166,111,97,137,520,2020,2274,1897,1760,1930,1926,2073,1948,2143,2063,2074,2135,2531,1665,1101,1122,1056,877,0,0
2024,2024-02-09,Westbound,Light Vehicles,299,167,114,98,181,679,1502,2515,2914,2579,2259,2319,2424,2315,2541,2546,2632,2444,2443,1787,1426,1330,1282,1339,0,0
2024,2024-02-09,Eastbound,Heavy Vehicles,17,13,9,12,30,75,377,312,234,258,203,195,197,179,192,143,144,132,99,67,28,27,29,26,0,0
2024,2024-02-09,Westbound,All Vehicles,306,178,124,120,207,745,1659,2714,3142,2846,2561,2620,2702,2597,2864,2846,2845,2589,2546,1843,1482,1364,1320,1387,0,0
2024,2024-02-09,Eastbound,All Vehicles,255,179,120,109,167,595,2397,2586,2131,2018,2133,2121,2270,2127,2335,2206,2218,2267,2630,1732,1129,1149,1085,903,0,0
2024,2024-02-10,Westbound,Heavy Vehicles,17,10,6,9,17,26,67,93,115,133,137,135,123,145,129,121,105,100,72,63,41,42,30,58,0,0
2024,2024-02-10,Westbound,Light Vehicles,679,360,295,172,133,344,829,1411,2044,2455,2706,2711,2864,2861,2663,2459,2490,2725,2480,2040,1594,1410,1418,1786,0,0
2024,2024-02-10,Eastbound,Heavy Vehicles,9,8,11,6,18,26,110,103,110,100,95,118,111,114,95,74,74,53,65,41,34,25,22,19,0,0
2024,2024-02-10,Eastbound,Light Vehicles,448,271,226,132,145,272,869,1422,1655,2025,2245,2325,2396,2363,2339,2240,2161,2145,2126,1530,1290,1250,1270,1164,0,0
2024,2024-02-10,Westbound,All Vehicles,696,370,301,181,150,370,896,1504,2159,2588,2843,2846,2987,3006,2792,2580,2595,2825,2552,2103,1635,1452,1448,1844,0,0
2024,2024-02-10,Eastbound,All Vehicles,457,279,237,138,163,298,979,1525,1765,2125,2340,2443,2507,2477,2434,2314,2235,2198,2191,1571,1324,1275,1292,1183,0,0
2024,2024-02-11,Eastbound,Light Vehicles,669,445,321,206,173,207,365,638,1002,1565,1811,2024,2191,2095,1941,1918,1987,1895,1586,1201,972,834,495,293,0,0
2024,2024-02-11,Westbound,Light Vehicles,1097,653,463,299,204,231,413,817,1221,1858,2188,2392,2513,2421,2404,2390,2267,2271,1968,1355,1330,1054,643,312,0,0
2024,2024-02-11,Westbound,Heavy Vehicles,28,12,9,14,6,22,25,48,53,73,71,87,97,89,73,90,73,76,76,39,33,30,20,12,0,0
2024,2024-02-11,Eastbound,Heavy Vehicles,11,13,8,5,5,21,16,38,41,58,59,58,68,61,59,57,53,34,45,35,19,14,17,15,0,0
2024,2024-02-11,Eastbound,All Vehicles,680,458,329,211,178,228,381,676,1043,1623,1870,2082,2259,2156,2000,1975,2040,1929,1631,1236,991,848,512,308,0,0
2024,2024-02-11,Westbound,All Vehicles,1125,665,472,313,210,253,438,865,1274,1931,2259,2479,2610,2510,2477,2480,2340,2347,2044,1394,1363,1084,663,324,0,0
2024,2024-02-12,Westbound,Light Vehicles,192,95,51,65,188,645,1543,2697,2808,2480,2061,1962,2016,1989,2134,2434,2633,2634,2102,1533,1212,906,516,285,0,0
2024,2024-02-12,Eastbound,Heavy Vehicles,7,5,6,14,19,85,343,300,239,289,240,212,195,164,148,141,120,101,79,50,28,19,20,11,0,0
2024,2024-02-12,Eastbound,Light Vehicles,117,71,51,46,102,532,1969,2164,1714,1729,1740,1777,1597,1590,1874,1913,2112,2465,2104,1288,899,710,524,279,0,0
2024,2024-02-12,Westbound,Heavy Vehicles,5,7,13,11,26,70,137,174,205,222,308,324,247,270,291,305,230,146,86,62,54,33,21,14,0,0
2024,2024-02-12,Westbound,All Vehicles,197,102,64,76,214,715,1680,2871,3013,2702,2369,2286,2263,2259,2425,2739,2863,2780,2188,1595,1266,939,537,299,0,0
2024,2024-02-12,Eastbound,All Vehicles,124,76,57,60,121,617,2312,2464,1953,2018,1980,1989,1792,1754,2022,2054,2232,2566,2183,1338,927,729,544,290,0,0
2024,2024-02-13,Eastbound,Heavy Vehicles,9,7,15,15,25,83,346,323,195,271,287,261,206,194,181,146,95,116,108,64,43,31,23,13,0,0
2024,2024-02-13,Westbound,Light Vehicles,149,72,58,57,174,633,1599,2912,2948,2670,2084,2153,2242,2191,2398,2484,2736,2712,2034,1494,1299,1116,745,341,0,0
2024,2024-02-13,Eastbound,Light Vehicles,121,52,56,42,102,586,1960,2164,1663,1945,2106,1914,1908,1758,1936,2006,2133,1798,2049,1385,1032,1043,628,262,0,0
2024,2024-02-13,Westbound,Heavy Vehicles,25,7,9,11,21,66,161,169,216,289,272,310,293,295,331,346,238,172,103,58,39,38,38,23,0,0
2024,2024-02-13,Eastbound,All Vehicles,130,59,71,57,127,669,2306,2487,1858,2216,2393,2175,2114,1952,2117,2152,2228,1914,2157,1449,1075,1074,651,275,0,0
2024,2024-02-13,Westbound,All Vehicles,174,79,67,68,195,699,1760,3081,3164,2959,2356,2463,2535,2486,2729,2830,2974,2884,2137,1552,1338,1154,783,364,0,0
2024,2024-02-14,Eastbound,Light Vehicles,137,97,62,60,112,582,2108,2173,1734,1843,1876,1876,1915,1865,2100,1926,2130,2397,2369,1950,1301,1226,922,487,0,0
2024,2024-02-14,Westbound,Light Vehicles,168,102,68,70,164,692,1676,2924,2919,2674,2242,2210,2169,2208,2355,2555,2543,2517,2239,1762,1478,1388,1066,615,0,0
2024,2024-02-14,Westbound,Heavy Vehicles,14,7,8,11,20,54,156,187,188,259,287,290,334,260,327,323,226,165,103,55,45,42,40,17,0,0
2024,2024-02-14,Eastbound,Heavy Vehicles,9,9,7,15,28,82,331,290,206,267,283,221,192,156,178,170,128,102,90,62,32,31,13,11,0,0
2024,2024-02-14,Eastbound,All Vehicles,146,106,69,75,140,664,2439,2463,1940,2110,2159,2097,2107,2021,2278,2096,2258,2499,2459,2012,1333,1257,935,498,0,0
2024,2024-02-14,Westbound,All Vehicles,182,109,76,81,184,746,1832,3111,3107,2933,2529,2500,2503,2468,2682,2878,2769,2682,2342,1817,1523,1430,1106,632,0,0
2024,2024-02-15,Eastbound,Light Vehicles,276,215,73,61,127,543,2052,2121,1801,1754,2026,1831,1904,2047,2144,1754,2257,2371,2445,1497,1220,1102,851,461,0,0
2024,2024-02-15,Eastbound,Heavy Vehicles,10,11,8,15,27,70,307,269,210,254,270,214,191,197,167,140,113,90,78,45,28,32,21,15,0,0
2024,2024-02-15,Westbound,Heavy Vehicles,9,9,16,15,20,68,163,184,229,251,273,339,315,295,335,356,244,163,108,45,41,33,25,16,0,0
2024,2024-02-15,Westbound,Light Vehicles,360,333,85,93,158,643,1598,2885,2895,2658,2157,2211,2173,2051,2350,2616,2592,2421,2300,1711,1448,1215,921,567,0,0
2024,2024-02-15,Eastbound,All Vehicles,286,226,81,76,154,613,2359,2390,2011,2008,2296,2045,2095,2244,2311,1894,2370,2461,2523,1542,1248,1134,872,476,0,0
2024,2024-02-15,Westbound,All Vehicles,369,342,101,108,178,711,1761,3069,3124,2909,2430,2550,2488,2346,2685,2972,2836,2584,2408,1756,1489,1248,946,583,0,0
2024,2024-02-16,Eastbound,Heavy Vehicles,16,7,8,13,16,86,364,354,235,280,225,241,204,197,164,159,122,101,67,54,24,37,19,15,0,0
2024,2024-02-16,Eastbound,Light Vehicles,238,167,102,97,124,558,1868,2269,1876,1876,1876,1906,1964,1956,2271,2041,2217,2462,2319,1499,1121,1046,1076,738,0,0
2024,2024-02-16,Westbound,Light Vehicles,298,160,120,98,172,645,1449,2491,2686,2505,2336,2313,2483,2311,2531,2653,2661,2710,2419,1800,1399,1372,1289,887,0,0
2024,2024-02-16,Westbound,Heavy Vehicles,16,6,9,15,12,55,150,196,192,264,285,293,284,265,279,309,236,160,98,72,50,48,40,29,0,0
2024,2024-02-16,Eastbound,All Vehicles,254,174,110,110,140,644,2232,2623,2111,2156,2101,2147,2168,2153,2435,2200,2339,2563,2386,1553,1145,1083,1095,753,0,0
2024,2024-02-16,Westbound,All Vehicles,314,166,129,113,184,700,1599,2687,2878,2769,2621,2606,2767,2576,2810,2962,2897,2870,2517,1872,1449,1420,1329,916,0,0
2024,2024-02-17,Westbound,Light Vehicles,614,395,274,217,189,340,903,1401,1984,2630,2745,2791,2560,2624,2645,2621,2588,2793,2606,1980,1758,1511,1622,1258,0,0
2024,2024-02-17,Westbound,Heavy Vehicles,15,11,14,12,13,37,59,79,106,136,148,156,154,143,129,137,110,119,93,62,53,46,39,37,0,0
2024,2024-02-17,Eastbound,Light Vehicles,418,305,199,174,169,279,874,1533,1771,2275,2368,2150,2025,2106,2355,2290,2267,2213,2056,1500,1242,1208,1230,1031,0,0
2024,2024-02-17,Eastbound,Heavy Vehicles,10,13,7,11,18,36,123,137,137,152,136,144,128,143,112,87,83,80,70,55,39,25,32,16,0,0
2024,2024-02-17,Westbound,All Vehicles,629,406,288,229,202,377,962,1480,2090,2766,2893,2947,2714,2767,2774,2758,2698,2912,2699,2042,1811,1557,1661,1295,0,0
2024,2024-02-17,Eastbound,All Vehicles,428,318,206,185,187,315,997,1670,1908,2427,2504,2294,2153,2249,2467,2377,2350,2293,2126,1555,1281,1233,1262,1047,0,0
2024,2024-02-18,Westbound,Heavy Vehicles,28,12,11,18,11,17,25,45,51,76,84,90,103,99,78,75,99,82,79,36,32,27,18,21,0,0
2024,2024-02-18,Eastbound,Heavy Vehicles,14,16,10,13,14,21,21,29,52,64,108,104,84,79,77,61,48,66,68,36,32,23,19,16,0,0
2024,2024-02-18,Westbound,Light Vehicles,998,644,494,322,241,256,413,784,1182,1880,2263,2519,2563,2425,2705,2692,2571,2718,2078,1392,1238,926,594,328,0,0
2024,2024-02-18,Eastbound,Light Vehicles,637,394,293,195,191,251,368,711,1000,1530,1912,2294,2410,2268,2126,2014,2167,1949,1531,1092,914,755,602,355,0,0
2024,2024-02-18,Westbound,All Vehicles,1026,656,505,340,252,273,438,829,1233,1956,2347,2609,2666,2524,2783,2767,2670,2800,2157,1428,1270,953,612,349,0,0
2024,2024-02-18,Eastbound,All Vehicles,651,410,303,208,205,272,389,740,1052,1594,2020,2398,2494,2347,2203,2075,2215,2015,1599,1128,946,778,621,371,0,0
2024,2024-02-19,Westbound,Light Vehicles,199,120,83,56,189,645,1562,2711,2954,2446,2044,2045,2107,2086,2065,2359,2314,2320,1826,1302,1043,758,503,274,0,0
2024,2024-02-19,Eastbound,Heavy Vehicles,6,9,5,14,17,91,410,329,230,289,274,231,153,183,169,160,102,83,77,55,21,28,16,22,0,0
2024,2024-02-19,Eastbound,Light Vehicles,179,94,72,48,117,508,2042,1991,1766,1757,1681,1652,1529,1632,1717,1860,1901,2254,1996,1146,877,705,515,292,0,0
2024,2024-02-19,Westbound,Heavy Vehicles,8,9,8,15,19,66,148,171,197,281,288,282,296,274,277,265,186,132,82,36,37,37,28,18,0,0
2024,2024-02-19,Westbound,All Vehicles,207,129,91,71,208,711,1710,2882,3151,2727,2332,2327,2403,2360,2342,2624,2500,2452,1908,1338,1080,795,531,292,0,0
2024,2024-02-19,Eastbound,All Vehicles,185,103,77,62,134,599,2452,2320,1996,2046,1955,1883,1682,1815,1886,2020,2003,2337,2073,1201,898,733,531,314,0,0
2024,2024-02-20,Eastbound,Heavy Vehicles,9,9,6,22,25,90,380,301,209,243,304,236,171,190,178,132,109,119,103,48,38,27,15,26,0,0
2024,2024-02-20,Westbound,Heavy Vehicles,14,4,7,11,20,65,162,186,176,262,238,284,275,258,301,281,207,172,90,56,43,34,22,19,0,0
2024,2024-02-20,Westbound,Light Vehicles,198,81,59,65,160,645,1631,2841,2859,2629,2114,1997,1997,2096,2178,2436,2309,2408,2077,1467,1252,1091,732,369,0,0
2024,2024-02-20,Eastbound,Light Vehicles,157,76,53,64,103,545,1879,2007,1643,1813,1860,1727,1349,1689,1944,1870,2166,2402,2220,1340,1041,911,662,356,0,0
2024,2024-02-20,Eastbound,All Vehicles,166,85,59,86,128,635,2259,2308,1852,2056,2164,1963,1520,1879,2122,2002,2275,2521,2323,1388,1079,938,677,382,0,0
2024,2024-02-20,Westbound,All Vehicles,212,85,66,76,180,710,1793,3027,3035,2891,2352,2281,2272,2354,2479,2717,2516,2580,2167,1523,1295,1125,754,388,0,0
2024,2024-02-21,Westbound,Heavy Vehicles,9,8,7,13,13,60,174,170,201,251,281,312,316,278,283,336,238,160,103,50,37,36,30,14,0,0
2024,2024-02-21,Westbound,Light Vehicles,190,103,61,68,148,699,1696,2868,3086,2607,2209,2214,2203,2080,2356,2627,2644,2538,2250,1669,1373,1271,906,499,0,0
2024,2024-02-21,Eastbound,Light Vehicles,210,98,79,61,128,535,2021,2235,1819,1820,1812,1842,1847,1747,1978,1873,2139,2452,2393,1468,1165,1231,740,414,0,0
2024,2024-02-21,Eastbound,Heavy Vehicles,10,9,7,18,33,80,398,352,207,286,284,258,225,192,179,161,134,127,79,55,33,34,15,12,0,0
2024,2024-02-21,Westbound,All Vehicles,199,111,68,81,161,759,1870,3038,3287,2858,2490,2526,2519,2358,2639,2963,2882,2698,2353,1719,1410,1307,936,513,0,0
2024,2024-02-21,Eastbound,All Vehicles,220,107,86,79,161,615,2419,2587,2026,2106,2096,2100,2072,1939,2157,2034,2273,2579,2472,1523,1198,1265,755,426,0,0
2024,2024-02-22,Westbound,Heavy Vehicles,11,8,9,11,20,71,169,196,169,259,267,270,299,304,310,289,243,169,112,66,52,35,29,18,0,0
2024,2024-02-22,Eastbound,Light Vehicles,221,145,68,51,118,567,1964,2190,1678,1874,1949,1882,1964,1806,1898,1811,2171,2341,2454,1751,1226,1106,727,455,0,0
2024,2024-02-22,Westbound,Light Vehicles,291,239,94,79,146,660,1650,2733,3047,2600,2167,2195,2170,2286,2397,2417,2526,2417,2490,1985,1703,1375,1015,509,0,0
2024,2024-02-22,Eastbound,Heavy Vehicles,13,7,8,11,34,96,410,328,226,271,288,254,219,200,210,170,112,110,111,63,32,25,12,20,0,0
2024,2024-02-22,Westbound,All Vehicles,302,247,103,90,166,731,1819,2929,3216,2859,2434,2465,2469,2590,2707,2706,2769,2586,2602,2051,1755,1410,1044,527,0,0
2024,2024-02-22,Eastbound,All Vehicles,234,152,76,62,152,663,2374,2518,1904,2145,2237,2136,2183,2006,2108,1981,2283,2451,2565,1814,1258,1131,739,475,0,0
2024,2024-02-23,Eastbound,Light Vehicles,221,165,98,90,125,532,1985,2147,2003,2001,1974,2099,2108,1733,2144,1968,2230,2171,2212,1373,1119,1010,1010,791,0,0
2024,2024-02-23,Eastbound,Heavy Vehicles,14,12,11,10,40,80,370,329,253,271,272,261,203,168,177,169,147,124,80,58,50,42,24,32,0,0
2024,2024-02-23,Westbound,Light Vehicles,311,173,118,96,193,643,1515,2543,2826,2559,2425,2458,2191,2328,2601,2567,2699,2584,2575,1713,1400,1195,1242,945,0,0
2024,2024-02-23,Westbound,Heavy Vehicles,12,11,12,21,19,68,163,182,231,293,314,313,265,272,290,261,235,181,114,65,58,43,38,27,0,0
2024,2024-02-23,Eastbound,All Vehicles,235,177,109,100,165,612,2355,2476,2256,2272,2246,2360,2311,1901,2321,2137,2377,2295,2292,1431,1169,1052,1034,823,0,0
2024,2024-02-23,Westbound,All Vehicles,323,184,130,117,212,711,1678,2725,3057,2852,2739,2771,2456,2600,2891,2828,2934,2765,2689,1778,1458,1238,1280,972,0,0
2024,2024-02-24,Eastbound,Light Vehicles,728,392,210,152,147,263,798,1453,1675,2183,2301,2221,2512,2519,2268,2331,2064,1974,1808,1312,1180,1227,1282,1186,0,0
2024,2024-02-24,Eastbound,Heavy Vehicles,37,9,8,10,21,38,112,136,123,115,103,121,109,88,81,72,79,56,44,48,27,22,24,44,0,0
2024,2024-02-24,Westbound,Heavy Vehicles,29,16,9,10,14,31,57,104,119,126,150,145,166,130,135,121,100,121,69,54,40,28,26,44,0,0
2024,2024-02-24,Westbound,Light Vehicles,700,508,277,188,148,315,793,1403,1978,2404,2761,2785,2818,2931,2771,2707,2633,2789,2397,1744,1543,1439,1537,1308,0,0
2024,2024-02-24,Eastbound,All Vehicles,765,401,218,162,168,301,910,1589,1798,2298,2404,2342,2621,2607,2349,2403,2143,2030,1852,1360,1207,1249,1306,1230,0,0
2024,2024-02-24,Westbound,All Vehicles,729,524,286,198,162,346,850,1507,2097,2530,2911,2930,2984,3061,2906,2828,2733,2910,2466,1798,1583,1467,1563,1352,0,0
2024,2024-02-25,Eastbound,Heavy Vehicles,27,9,13,7,10,13,26,34,52,78,94,72,94,87,89,64,83,59,59,26,32,22,17,34,0,0
2024,2024-02-25,Eastbound,Light Vehicles,914,524,348,257,170,257,400,673,1071,1611,2145,2244,2505,2300,2241,2137,2001,1869,1729,1168,958,809,542,543,0,0
2024,2024-02-25,Westbound,Heavy Vehicles,47,11,12,11,9,16,18,64,53,79,95,85,93,89,88,95,118,112,88,66,49,29,24,30,0,0
2024,2024-02-25,Westbound,Light Vehicles,967,693,483,314,215,286,474,767,1235,1882,2282,2598,2533,2486,2492,2535,2583,2793,2354,1704,1496,1095,772,423,0,0
2024,2024-02-25,Eastbound,All Vehicles,941,533,361,264,180,270,426,707,1123,1689,2239,2316,2599,2387,2330,2201,2084,1928,1788,1194,990,831,559,577,0,0
2024,2024-02-25,Westbound,All Vehicles,1014,704,495,325,224,302,492,831,1288,1961,2377,2683,2626,2575,2580,2630,2701,2905,2442,1770,1545,1124,796,453,0,0
2024,2024-02-26,Eastbound,Light Vehicles,425,106,60,41,102,519,1958,2062,1728,1764,1766,1699,1774,1605,1815,1870,2094,2358,2086,1222,833,662,563,487,0,0
2024,2024-02-26,Eastbound,Heavy Vehicles,25,6,4,12,24,72,352,345,204,253,282,241,178,184,154,138,117,99,67,44,26,24,15,28,0,0
2024,2024-02-26,Westbound,Light Vehicles,365,163,92,69,183,645,1553,2760,2879,2524,2104,2094,2117,2242,2322,2520,2616,2564,1881,1315,1082,799,561,415,0,0
2024,2024-02-26,Westbound,Heavy Vehicles,19,10,9,17,29,73,154,184,209,251,326,327,321,278,277,336,242,186,107,45,34,25,17,15,0,0
2024,2024-02-26,Eastbound,All Vehicles,450,112,64,53,126,591,2310,2407,1932,2017,2048,1940,1952,1789,1969,2008,2211,2457,2153,1266,859,686,578,515,0,0
2024,2024-02-26,Westbound,All Vehicles,384,173,101,86,212,718,1707,2944,3088,2775,2430,2421,2438,2520,2599,2856,2858,2750,1988,1360,1116,824,578,430,0,0
2024,2024-02-27,Eastbound,Heavy Vehicles,16,7,7,13,25,76,355,348,197,252,275,226,231,170,161,114,128,80,80,39,44,30,33,27,0,0
2024,2024-02-27,Westbound,Heavy Vehicles,27,5,8,12,20,61,149,195,218,293,314,332,336,248,319,338,206,184,85,54,52,30,38,42,0,0
2024,2024-02-27,Westbound,Light Vehicles,274,132,74,79,142,652,1612,2906,2920,2726,2221,1995,2258,2039,2345,2614,2576,2535,2121,1429,1233,1022,668,370,0,0
2024,2024-02-27,Eastbound,Light Vehicles,344,88,49,49,86,566,1973,2111,1677,1704,1795,1730,1742,1644,1906,1976,2206,2453,2329,1316,1073,930,679,312,0,0
2024,2024-02-27,Eastbound,All Vehicles,360,95,56,62,111,642,2328,2459,1874,1956,2070,1956,1973,1814,2067,2090,2334,2533,2409,1355,1117,960,712,339,0,0
2024,2024-02-27,Westbound,All Vehicles,301,137,82,91,162,713,1761,3101,3138,3019,2535,2327,2594,2287,2664,2952,2782,2719,2206,1483,1285,1052,706,412,0,0
2024,2024-02-28,Eastbound,Light Vehicles,149,101,63,51,116,549,2006,2129,1740,1944,1836,1858,1815,1807,1916,1972,2250,2439,2405,1505,1103,1084,912,389,0,0
2024,2024-02-28,Eastbound,Heavy Vehicles,27,14,8,10,29,80,364,349,215,270,267,238,195,195,174,144,111,111,82,50,36,31,25,29,0,0
2024,2024-02-28,Westbound,Heavy Vehicles,22,12,14,23,25,65,172,212,198,263,254,303,270,283,337,352,263,153,85,58,39,46,49,29,0,0
2024,2024-02-28,Westbound,Light Vehicles,224,110,68,61,171,667,1628,2774,2688,2598,2141,2246,2230,2105,2309,2627,2649,2637,2417,1624,1485,1268,960,534,0,0
2024,2024-02-28,Eastbound,All Vehicles,176,115,71,61,145,629,2370,2478,1955,2214,2103,2096,2010,2002,2090,2116,2361,2550,2487,1555,1139,1115,937,418,0,0
2024,2024-02-28,Westbound,All Vehicles,246,122,82,84,196,732,1800,2986,2886,2861,2395,2549,2500,2388,2646,2979,2912,2790,2502,1682,1524,1314,1009,563,0,0
2024,2024-02-29,Eastbound,Light Vehicles,191,135,72,67,118,594,1998,2220,1783,1929,2005,1959,2003,1851,2039,1950,2150,2413,2437,1520,1204,1153,873,510,0,0
2024,2024-02-29,Westbound,Heavy Vehicles,24,12,10,17,17,61,152,173,207,277,269,303,311,305,291,341,281,189,118,75,56,46,43,32,0,0
2024,2024-02-29,Westbound,Light Vehicles,265,215,90,85,186,646,1555,2804,3065,2618,2222,2311,2343,2364,2340,2601,2732,2671,2537,2030,1801,1378,1091,607,0,0
2024,2024-02-29,Eastbound,Heavy Vehicles,24,13,8,18,29,85,351,339,234,268,300,241,193,191,166,163,136,104,115,60,30,30,27,25,0,0
2024,2024-02-29,Eastbound,All Vehicles,215,148,80,85,147,679,2349,2559,2017,2197,2305,2200,2196,2042,2205,2113,2286,2517,2552,1580,1234,1183,900,535,0,0
2024,2024-02-29,Westbound,All Vehicles,289,227,100,102,203,707,1707,2977,3272,2895,2491,2614,2654,2669,2631,2942,3013,2860,2655,2105,1857,1424,1134,639,0,0
2024,2024-03-01,Westbound,Light Vehicles,383,192,120,95,183,664,1527,2534,2951,2552,2340,2383,2404,2386,2604,2699,2735,2810,2650,1885,1465,1349,1249,892,0,0
2024,2024-03-01,Eastbound,Heavy Vehicles,32,12,4,12,24,67,361,306,217,256,252,227,193,188,145,138,114,124,79,40,42,35,21,14,0,0
2024,2024-03-01,Westbound,Heavy Vehicles,35,13,10,20,23,51,143,177,264,260,281,318,306,290,319,332,233,174,112,74,38,39,36,19,0,0
2024,2024-03-01,Eastbound,Light Vehicles,272,142,70,78,138,587,2060,2343,1933,1928,1884,1903,2077,1927,2128,1997,2311,2368,2231,1431,1120,992,944,751,0,0
2024,2024-03-01,Westbound,All Vehicles,418,205,130,115,206,715,1670,2711,3215,2812,2621,2701,2710,2676,2923,3031,2968,2984,2762,1959,1503,1388,1285,911,0,0
2024,2024-03-01,Eastbound,All Vehicles,304,154,74,90,162,654,2421,2649,2150,2184,2136,2130,2270,2115,2273,2135,2425,2492,2310,1471,1162,1027,965,765,0,0
2024,2024-03-02,Eastbound,Heavy Vehicles,14,6,7,6,17,26,114,137,123,107,121,103,90,96,90,72,57,51,66,36,25,26,20,24,0,0
2024,2024-03-02,Eastbound,Light Vehicles,504,339,201,192,153,335,940,1442,1815,2051,2256,2296,2336,2021,2033,1937,1898,1864,1746,1242,1078,1012,1295,1027,0,0
2024,2024-03-02,Westbound,Light Vehicles,626,434,292,211,188,328,852,1371,2004,2565,2634,2811,2822,2740,2502,2335,2381,2543,2285,1733,1414,1420,1589,1385,0,0
2024,2024-03-02,Westbound,Heavy Vehicles,18,8,7,10,10,20,68,107,138,143,151,146,135,142,127,114,115,114,70,50,39,39,49,44,0,0
2024,2024-03-02,Eastbound,All Vehicles,518,345,208,198,170,361,1054,1579,1938,2158,2377,2399,2426,2117,2123,2009,1955,1915,1812,1278,1103,1038,1315,1051,0,0
2024,2024-03-02,Westbound,All Vehicles,644,442,299,221,198,348,920,1478,2142,2708,2785,2957,2957,2882,2629,2449,2496,2657,2355,1783,1453,1459,1638,1429,0,0
2024,2024-03-03,Westbound,Light Vehicles,1014,843,635,403,280,303,449,827,1216,1908,2099,2409,2533,2340,2329,2306,2544,2495,2143,1626,1511,984,641,332,0,0
2024,2024-03-03,Westbound,Heavy Vehicles,18,19,14,11,11,20,15,46,53,68,80,105,96,72,84,85,75,85,65,50,42,28,18,10,0,0
2024,2024-03-03,Eastbound,Light Vehicles,860,586,406,289,237,244,418,700,1035,1564,1810,2080,2329,2216,2015,2006,1866,1845,1560,1206,1096,736,477,216,0,0
2024,2024-03-03,Eastbound,Heavy Vehicles,19,11,8,11,5,12,20,26,47,74,78,67,55,81,55,66,42,62,42,46,37,21,17,14,0,0
2024,2024-03-03,Westbound,All Vehicles,1032,862,649,414,291,323,464,873,1269,1976,2179,2514,2629,2412,2413,2391,2619,2580,2208,1676,1553,1012,659,342,0,0
2024,2024-03-03,Eastbound,All Vehicles,879,597,414,300,242,256,438,726,1082,1638,1888,2147,2384,2297,2070,2072,1908,1907,1602,1252,1133,757,494,230,0,0
2024,2024-03-04,Eastbound,Heavy Vehicles,8,6,3,16,20,77,357,259,232,244,225,232,177,173,167,157,106,98,64,38,33,21,16,12,0,0
2024,2024-03-04,Eastbound,Light Vehicles,133,77,57,63,113,494,1957,2105,1744,1724,1513,1586,1566,1525,1785,1767,2056,2387,1915,1181,879,684,456,211,0,0
2024,2024-03-04,Westbound,Heavy Vehicles,11,4,7,15,32,72,155,186,210,233,269,269,277,290,312,362,212,157,89,49,32,30,17,10,0,0
2024,2024-03-04,Westbound,Light Vehicles,165,105,67,68,178,575,1549,2666,2956,2322,1988,1931,1993,1902,2198,2415,2382,2532,1836,1229,1000,826,506,268,0,0
2024,2024-03-04,Eastbound,All Vehicles,141,83,60,79,133,571,2314,2364,1976,1968,1738,1818,1743,1698,1952,1924,2162,2485,1979,1219,912,705,472,223,0,0
2024,2024-03-04,Westbound,All Vehicles,176,109,74,83,210,647,1704,2852,3166,2555,2257,2200,2270,2192,2510,2777,2594,2689,1925,1278,1032,856,523,278,0,0
2024,2024-03-05,Westbound,Heavy Vehicles,8,8,9,11,23,59,156,202,190,285,278,335,276,271,272,293,247,167,101,65,44,33,27,21,0,0
2024,2024-03-05,Eastbound,Light Vehicles,124,64,41,44,115,550,1951,2163,1789,1826,1769,1739,1778,1625,1972,1990,2166,2426,2258,1340,1054,935,616,233,0,0
2024,2024-03-05,Eastbound,Heavy Vehicles,8,10,6,13,33,74,389,340,214,234,273,206,190,178,175,148,143,90,101,49,27,19,17,12,0,0
2024,2024-03-05,Westbound,Light Vehicles,120,69,50,45,168,605,1642,2847,3049,2551,2161,2190,2085,2084,2272,2622,2660,2506,2102,1509,1302,1070,731,311,0,0
2024,2024-03-05,Westbound,All Vehicles,128,77,59,56,191,664,1798,3049,3239,2836,2439,2525,2361,2355,2544,2915,2907,2673,2203,1574,1346,1103,758,332,0,0
2024,2024-03-05,Eastbound,All Vehicles,132,74,47,57,148,624,2340,2503,2003,2060,2042,1945,1968,1803,2147,2138,2309,2516,2359,1389,1081,954,633,245,0,0
2024,2024-03-06,Westbound,Light Vehicles,154,106,64,48,137,670,1667,2668,2995,2527,2258,2122,2127,2183,2399,2602,2676,2327,1992,1552,1336,1225,905,461,0,0
2024,2024-03-06,Westbound,Heavy Vehicles,10,14,5,18,22,65,148,191,209,241,300,336,320,321,326,347,244,174,105,55,42,35,25,10,0,0
2024,2024-03-06,Eastbound,Light Vehicles,134,85,47,55,115,568,2032,2206,1823,1901,1806,1802,1870,1773,1931,1863,2193,2399,2086,1344,1165,1050,838,352,0,0
2024,2024-03-06,Eastbound,Heavy Vehicles,11,12,8,12,24,85,348,317,213,272,267,230,188,184,155,136,113,99,85,46,42,24,19,13,0,0
2024,2024-03-06,Westbound,All Vehicles,164,120,69,66,159,735,1815,2859,3204,2768,2558,2458,2447,2504,2725,2949,2920,2501,2097,1607,1378,1260,930,471,0,0
2024,2024-03-06,Eastbound,All Vehicles,145,97,55,67,139,653,2380,2523,2036,2173,2073,2032,2058,1957,2086,1999,2306,2498,2171,1390,1207,1074,857,365,0,0
2024,2024-03-07,Westbound,Light Vehicles,211,189,104,61,152,668,1569,2814,3023,2576,2162,2210,2188,2270,2408,2319,2533,2823,2471,1824,1447,1173,1142,657,0,0
2024,2024-03-07,Eastbound,Light Vehicles,188,128,93,63,103,560,1992,2256,1842,1899,1870,1858,1914,1688,1950,1864,2204,2231,2464,1628,1103,1043,915,477,0,0
2024,2024-03-07,Eastbound,Heavy Vehicles,15,8,7,9,27,81,361,298,196,254,274,201,190,174,154,143,99,109,103,52,43,19,17,19,0,0
2024,2024-03-07,Westbound,Heavy Vehicles,9,4,13,11,20,63,145,188,220,249,280,276,321,300,309,289,245,171,106,65,45,33,34,24,0,0
2024,2024-03-07,Westbound,All Vehicles,220,193,117,72,172,731,1714,3002,3243,2825,2442,2486,2509,2570,2717,2608,2778,2994,2577,1889,1492,1206,1176,681,0,0
2024,2024-03-07,Eastbound,All Vehicles,203,136,100,72,130,641,2353,2554,2038,2153,2144,2059,2104,1862,2104,2007,2303,2340,2567,1680,1146,1062,932,496,0,0
2024,2024-03-08,Eastbound,Heavy Vehicles,8,8,8,14,38,61,307,279,223,261,247,231,210,196,183,155,146,112,87,71,31,37,27,19,0,0
2024,2024-03-08,Eastbound,Light Vehicles,233,160,110,85,141,555,2078,2226,1945,1953,1901,1908,2171,1882,2156,2028,2162,2273,2251,1479,1109,1091,1113,719,0,0
2024,2024-03-08,Westbound,Heavy Vehicles,19,10,10,16,25,62,160,190,212,258,269,318,269,294,311,276,220,179,103,55,52,42,30,29,0,0
2024,2024-03-08,Westbound,Light Vehicles,339,171,122,97,179,687,1520,2543,2694,2615,2364,2334,2426,2356,2520,2610,2565,2583,2596,1960,1417,1492,1264,916,0,0
2024,2024-03-08,Eastbound,All Vehicles,241,168,118,99,179,616,2385,2505,2168,2214,2148,2139,2381,2078,2339,2183,2308,2385,2338,1550,1140,1128,1140,738,0,0
2024,2024-03-08,Westbound,All Vehicles,358,181,132,113,204,749,1680,2733,2906,2873,2633,2652,2695,2650,2831,2886,2785,2762,2699,2015,1469,1534,1294,945,0,0
2024,2024-03-09,Eastbound,Light Vehicles,450,304,228,161,147,288,960,1603,1857,2268,2375,2385,2268,2369,2364,2099,2008,2023,1935,1454,1228,1293,1412,1050,0,0
2024,2024-03-09,Westbound,Light Vehicles,644,413,305,183,174,332,887,1343,1978,2516,2846,2628,2732,2710,2608,2686,2580,2738,2658,2187,1754,1483,1513,1251,0,0
2024,2024-03-09,Westbound,Heavy Vehicles,22,11,11,10,14,30,71,101,119,120,139,138,144,140,105,128,114,98,88,59,40,45,39,37,0,0
2024,2024-03-09,Eastbound,Heavy Vehicles,11,7,11,13,16,22,152,148,120,147,131,116,127,121,117,69,99,79,58,35,41,41,28,31,0,0
2024,2024-03-09,Eastbound,All Vehicles,461,311,239,174,163,310,1112,1751,1977,2415,2506,2501,2395,2490,2481,2168,2107,2102,1993,1489,1269,1334,1440,1081,0,0
2024,2024-03-09,Westbound,All Vehicles,666,424,316,193,188,362,958,1444,2097,2636,2985,2766,2876,2850,2713,2814,2694,2836,2746,2246,1794,1528,1552,1288,0,0
2024,2024-03-10,Eastbound,Light Vehicles,755,449,319,202,151,185,413,771,1088,1694,2012,2226,2309,2260,2060,1966,1991,1907,1655,1146,919,790,519,263,0,0
2024,2024-03-10,Westbound,Heavy Vehicles,24,14,10,16,8,20,35,32,53,63,87,87,84,92,83,93,72,98,78,69,39,25,29,15,0,0
2024,2024-03-10,Westbound,Light Vehicles,924,628,437,294,169,232,434,835,1215,1924,2230,2447,2576,2306,2403,2555,2408,2540,2139,1826,1409,956,632,302,0,0
2024,2024-03-10,Eastbound,Heavy Vehicles,17,8,7,9,7,17,29,23,49,83,78,102,73,86,64,67,69,58,53,41,21,24,18,11,0,0
2024,2024-03-10,Eastbound,All Vehicles,772,457,326,211,158,202,442,794,1137,1777,2090,2328,2382,2346,2124,2033,2060,1965,1708,1187,940,814,537,274,0,0
2024,2024-03-10,Westbound,All Vehicles,948,642,447,310,177,252,469,867,1268,1987,2317,2534,2660,2398,2486,2648,2480,2638,2217,1895,1448,981,661,317,0,0
2024,2024-03-11,Eastbound,Light Vehicles,143,74,63,47,99,463,1974,1975,1795,1809,1522,1679,1762,1640,1834,1858,2144,2342,1939,1200,911,699,395,206,0,0
2024,2024-03-11,Westbound,Light Vehicles,178,93,81,55,155,596,1448,2617,2911,2372,2053,2021,1991,2053,2184,2482,2468,2452,1929,1330,1044,758,475,237,0,0
2024,2024-03-11,Eastbound,Heavy Vehicles,9,5,6,11,25,83,372,337,220,232,233,229,251,195,189,137,112,98,70,39,32,29,16,9,0,0
2024,2024-03-11,Westbound,Heavy Vehicles,11,5,8,18,19,63,136,165,209,239,273,278,265,266,294,320,229,158,98,42,34,27,16,13,0,0
2024,2024-03-11,Eastbound,All Vehicles,152,79,69,58,124,546,2346,2312,2015,2041,1755,1908,2013,1835,2023,1995,2256,2440,2009,1239,943,728,411,215,0,0
2024,2024-03-11,Westbound,All Vehicles,189,98,89,73,174,659,1584,2782,3120,2611,2326,2299,2256,2319,2478,2802,2697,2610,2027,1372,1078,785,491,250,0,0
2024,2024-03-12,Westbound,Heavy Vehicles,9,6,6,13,13,75,152,186,195,254,268,299,288,301,326,313,238,150,112,75,44,25,16,14,0,0
2024,2024-03-12,Eastbound,Light Vehicles,118,62,48,35,81,536,2001,2158,1714,1965,1840,1814,1750,1638,1984,1789,2175,2287,2207,1242,1023,863,611,579,0,0
2024,2024-03-12,Westbound,Light Vehicles,126,68,61,59,147,603,1569,2704,2954,2588,2141,2054,2248,2211,2374,2659,2579,2398,2262,1654,1280,957,626,384,0,0
2024,2024-03-12,Eastbound,Heavy Vehicles,11,9,6,14,22,87,391,307,217,295,273,265,198,191,188,141,125,119,103,50,34,23,14,17,0,0
2024,2024-03-12,Westbound,All Vehicles,135,74,67,72,160,678,1721,2890,3149,2842,2409,2353,2536,2512,2700,2972,2817,2548,2374,1729,1324,982,642,398,0,0
2024,2024-03-12,Eastbound,All Vehicles,129,71,54,49,103,623,2392,2465,1931,2260,2113,2079,1948,1829,2172,1930,2300,2406,2310,1292,1057,886,625,596,0,0
2024,2024-03-13,Westbound,Light Vehicles,261,131,77,67,143,641,1590,2879,3008,2600,2231,2218,2192,2046,2329,2546,2617,2589,2296,1663,1348,1149,799,506,0,0
2024,2024-03-13,Eastbound,Light Vehicles,176,82,63,37,105,531,1997,2151,1754,1866,1717,1746,1802,1758,1869,1971,2293,2450,2328,1280,1140,991,688,624,0,0
2024,2024-03-13,Westbound,Heavy Vehicles,8,7,10,17,18,64,154,214,204,250,280,303,311,310,295,324,244,156,106,74,44,39,28,26,0,0
2024,2024-03-13,Eastbound,Heavy Vehicles,9,11,9,8,29,90,423,315,220,281,261,266,231,211,182,159,128,100,105,47,45,24,20,27,0,0
2024,2024-03-13,Westbound,All Vehicles,269,138,87,84,161,705,1744,3093,3212,2850,2511,2521,2503,2356,2624,2870,2861,2745,2402,1737,1392,1188,827,532,0,0
2024,2024-03-13,Eastbound,All Vehicles,185,93,72,45,134,621,2420,2466,1974,2147,1978,2012,2033,1969,2051,2130,2421,2550,2433,1327,1185,1015,708,651,0,0
2024,2024-03-14,Eastbound,Light Vehicles,251,148,85,65,133,506,1937,2141,1732,1817,1819,1773,1882,1809,1991,1867,2207,2473,2323,1328,1076,1054,850,754,0,0
2024,2024-03-14,Eastbound,Heavy Vehicles,8,10,6,14,23,104,379,351,197,268,295,229,198,210,186,148,118,109,97,50,41,30,16,17,0,0
2024,2024-03-14,Westbound,Heavy Vehicles,12,10,8,15,21,61,170,191,196,285,257,331,301,281,330,331,250,168,90,69,48,49,19,16,0,0
2024,2024-03-14,Westbound,Light Vehicles,334,214,102,74,159,608,1566,2650,3034,2508,2114,2322,2250,2260,2492,2477,2648,2756,2272,1692,1410,1280,839,573,0,0
2024,2024-03-14,Eastbound,All Vehicles,259,158,91,79,156,610,2316,2492,1929,2085,2114,2002,2080,2019,2177,2015,2325,2582,2420,1378,1117,1084,866,771,0,0
2024,2024-03-14,Westbound,All Vehicles,346,224,110,89,180,669,1736,2841,3230,2793,2371,2653,2551,2541,2822,2808,2898,2924,2362,1761,1458,1329,858,589,0,0
2024,2024-03-15,Eastbound,Light Vehicles,299,150,91,77,134,475,1915,2118,1814,1830,1853,1988,2152,1936,2072,2043,1911,2268,2392,1470,1036,1048,981,677,0,0
2024,2024-03-15,Westbound,Heavy Vehicles,12,7,5,13,21,53,135,189,263,262,281,335,308,294,299,299,224,150,135,59,42,32,25,17,0,0
2024,2024-03-15,Westbound,Light Vehicles,380,160,99,104,161,587,1512,2527,2767,2450,2364,2447,2430,2323,2455,2621,2575,2653,2549,1845,1319,1330,1196,870,0,0
2024,2024-03-15,Eastbound,Heavy Vehicles,14,6,10,11,25,82,396,338,228,251,273,240,243,171,185,142,167,126,75,47,36,23,24,22,0,0
2024,2024-03-15,Eastbound,All Vehicles,313,156,101,88,159,557,2311,2456,2042,2081,2126,2228,2395,2107,2257,2185,2078,2394,2467,1517,1072,1071,1005,699,0,0
2024,2024-03-15,Westbound,All Vehicles,392,167,104,117,182,640,1647,2716,3030,2712,2645,2782,2738,2617,2754,2920,2799,2803,2684,1904,1361,1362,1221,887,0,0
2024,2024-03-16,Westbound,Heavy Vehicles,13,4,6,8,18,24,71,122,123,129,98,163,140,155,115,119,128,118,83,68,38,35,37,29,0,0
2024,2024-03-16,Eastbound,Light Vehicles,431,291,186,137,143,270,1043,1324,1505,1988,2121,2201,2334,2343,2277,2195,2111,2049,2009,1516,1190,1106,1297,1361,0,0
2024,2024-03-16,Eastbound,Heavy Vehicles,11,4,6,9,19,29,158,151,116,91,118,91,145,122,104,92,80,71,59,45,38,34,23,36,0,0
2024,2024-03-16,Westbound,Light Vehicles,622,372,257,163,165,286,1006,1347,1775,2444,2617,2650,2741,2583,2560,2628,2595,2785,2782,2024,1360,1382,1504,1402,0,0
2024,2024-03-16,Westbound,All Vehicles,635,376,263,171,183,310,1077,1469,1898,2573,2715,2813,2881,2738,2675,2747,2723,2903,2865,2092,1398,1417,1541,1431,0,0
2024,2024-03-16,Eastbound,All Vehicles,442,295,192,146,162,299,1201,1475,1621,2079,2239,2292,2479,2465,2381,2287,2191,2120,2068,1561,1228,1140,1320,1397,0,0
2024,2024-03-17,Eastbound,Heavy Vehicles,16,11,5,8,6,13,14,27,45,65,77,71,84,67,49,78,71,52,38,28,36,21,17,13,0,0
2024,2024-03-17,Eastbound,Light Vehicles,861,600,419,236,161,176,291,593,925,1345,1668,2021,2244,1956,1926,1889,1803,1595,1378,1019,861,786,891,307,0,0
2024,2024-03-17,Westbound,Heavy Vehicles,17,17,8,12,9,16,14,34,36,66,90,92,100,73,80,81,100,86,64,47,39,22,17,13,0,0
2024,2024-03-17,Westbound,Light Vehicles,1002,759,638,331,213,213,359,671,1052,1611,2062,2176,2533,2288,2259,2370,2405,2192,1943,1381,1053,835,712,373,0,0
2024,2024-03-17,Eastbound,All Vehicles,877,611,424,244,167,189,305,620,970,1410,1745,2092,2328,2023,1975,1967,1874,1647,1416,1047,897,807,908,320,0,0
2024,2024-03-17,Westbound,All Vehicles,1019,776,646,343,222,229,373,705,1088,1677,2152,2268,2633,2361,2339,2451,2505,2278,2007,1428,1092,857,729,386,0,0
2024,2024-03-18,Eastbound,Heavy Vehicles,9,5,4,8,22,91,397,318,236,244,258,229,213,178,166,148,116,106,66,40,26,18,14,23,0,0
2024,2024-03-18,Westbound,Heavy Vehicles,9,6,7,9,21,67,147,162,248,276,288,269,270,271,295,337,256,141,68,35,32,23,18,19,0,0
2024,2024-03-18,Westbound,Light Vehicles,160,131,104,78,165,557,1418,2689,3082,2413,2021,1973,1969,2030,2179,2480,2419,2416,1856,1236,904,809,450,250,0,0
2024,2024-03-18,Eastbound,Light Vehicles,165,127,99,66,109,483,1901,2025,1848,1728,1634,1535,1593,1598,1828,1779,2136,2346,1928,1152,863,710,419,240,0,0
2024,2024-03-18,Eastbound,All Vehicles,174,132,103,74,131,574,2298,2343,2084,1972,1892,1764,1806,1776,1994,1927,2252,2452,1994,1192,889,728,433,263,0,0
2024,2024-03-18,Westbound,All Vehicles,169,137,111,87,186,624,1565,2851,3330,2689,2309,2242,2239,2301,2474,2817,2675,2557,1924,1271,936,832,468,269,0,0
2024,2024-03-19,Westbound,Light Vehicles,107,66,57,50,151,598,1521,2743,3053,2574,2078,2055,2095,1962,2261,2576,2542,2441,2083,1631,1247,1036,740,334,0,0
2024,2024-03-19,Westbound,Heavy Vehicles,15,6,5,10,22,70,152,189,207,287,300,341,298,304,333,346,259,161,100,67,40,35,22,19,0,0
2024,2024-03-19,Eastbound,Light Vehicles,89,68,54,36,118,524,1966,2095,1825,1871,1746,1678,1754,1612,1924,1972,1975,2186,2332,1328,1075,856,696,376,0,0
2024,2024-03-19,Eastbound,Heavy Vehicles,14,5,7,9,33,77,372,346,202,248,268,246,219,205,177,154,133,113,93,62,34,17,14,16,0,0
2024,2024-03-19,Westbound,All Vehicles,122,72,62,60,173,668,1673,2932,3260,2861,2378,2396,2393,2266,2594,2922,2801,2602,2183,1698,1287,1071,762,353,0,0
2024,2024-03-19,Eastbound,All Vehicles,103,73,61,45,151,601,2338,2441,2027,2119,2014,1924,1973,1817,2101,2126,2108,2299,2425,1390,1109,873,710,392,0,0
2024,2024-03-20,Westbound,Light Vehicles,162,93,68,66,158,593,1558,2854,2952,2552,2225,2120,2157,2074,2259,2595,2474,2578,2120,1563,1189,1117,822,426,0,0
2024,2024-03-20,Eastbound,Light Vehicles,148,92,63,62,107,511,1920,2186,1770,1826,1698,1644,1677,1646,1807,2022,2186,2466,2190,1430,1106,1128,753,356,0,0
2024,2024-03-20,Westbound,Heavy Vehicles,9,6,8,14,23,66,161,177,218,279,287,290,295,290,326,348,225,165,99,51,40,29,27,14,0,0
2024,2024-03-20,Eastbound,Heavy Vehicles,15,3,13,10,28,85,415,293,231,269,267,242,206,164,160,137,129,102,108,48,34,27,14,11,0,0
2024,2024-03-20,Westbound,All Vehicles,171,99,76,80,181,659,1719,3031,3170,2831,2512,2410,2452,2364,2585,2943,2699,2743,2219,1614,1229,1146,849,440,0,0
2024,2024-03-20,Eastbound,All Vehicles,163,95,76,72,135,596,2335,2479,2001,2095,1965,1886,1883,1810,1967,2159,2315,2568,2298,1478,1140,1155,767,367,0,0
2024,2024-03-21,Eastbound,Heavy Vehicles,11,13,7,12,36,106,383,358,208,250,264,236,215,207,193,164,138,103,95,65,37,31,20,18,0,0
2024,2024-03-21,Westbound,Light Vehicles,246,172,78,87,149,642,1602,2763,3000,2587,2215,2264,2283,2174,2406,2617,2778,2582,2207,1647,1284,1157,902,527,0,0
2024,2024-03-21,Westbound,Heavy Vehicles,5,17,14,16,20,62,153,191,234,276,294,303,342,305,314,322,287,171,108,56,29,46,25,23,0,0
2024,2024-03-21,Eastbound,Light Vehicles,200,108,68,56,118,511,1917,2157,1820,1832,1898,1860,1935,1708,1906,1763,2005,2353,2339,1572,1109,1085,837,459,0,0
2024,2024-03-21,Eastbound,All Vehicles,211,121,75,68,154,617,2300,2515,2028,2082,2162,2096,2150,1915,2099,1927,2143,2456,2434,1637,1146,1116,857,477,0,0
2024,2024-03-21,Westbound,All Vehicles,251,189,92,103,169,704,1755,2954,3234,2863,2509,2567,2625,2479,2720,2939,3065,2753,2315,1703,1313,1203,927,550,0,0
2024,2024-03-22,Westbound,Light Vehicles,288,157,106,81,185,573,1473,2508,2872,2505,2350,2362,2451,2402,2504,2712,2662,2624,2429,1872,1393,1387,1662,1073,0,0
2024,2024-03-22,Westbound,Heavy Vehicles,16,12,14,16,20,58,148,183,251,287,296,299,313,282,322,318,276,166,101,66,47,44,55,27,0,0
2024,2024-03-22,Eastbound,Light Vehicles,214,137,74,83,121,527,1959,2193,1892,1870,1701,1865,2045,1802,2067,2096,2250,2457,2420,1711,1067,1013,1148,714,0,0
2024,2024-03-22,Eastbound,Heavy Vehicles,8,14,10,9,28,103,368,360,238,247,266,234,228,189,186,180,135,105,87,73,28,30,39,18,0,0
2024,2024-03-22,Westbound,All Vehicles,304,169,120,97,205,631,1621,2691,3123,2792,2646,2661,2764,2684,2826,3030,2938,2790,2530,1938,1440,1431,1717,1100,0,0
2024,2024-03-22,Eastbound,All Vehicles,222,151,84,92,149,630,2327,2553,2130,2117,1967,2099,2273,1991,2253,2276,2385,2562,2507,1784,1095,1043,1187,732,0,0
2024,2024-03-23,Westbound,Heavy Vehicles,14,11,10,11,13,19,69,75,126,115,155,187,149,134,130,136,115,88,73,71,43,39,63,39,0,0
2024,2024-03-23,Westbound,Light Vehicles,565,426,284,147,148,313,690,1260,1833,2413,2644,2463,2810,2787,2606,2478,2519,2757,2469,1843,1293,1382,1852,1637,0,0
2024,2024-03-23,Eastbound,Heavy Vehicles,10,11,5,9,15,26,133,129,124,123,122,109,114,100,106,81,79,55,64,46,36,30,29,27,0,0
2024,2024-03-23,Eastbound,Light Vehicles,465,293,213,123,119,261,852,1249,1517,1965,2159,2191,2325,2197,2199,2028,2028,2045,2067,1449,1163,1152,1584,1053,0,0
2024,2024-03-23,Westbound,All Vehicles,579,437,294,158,161,332,759,1335,1959,2528,2799,2650,2959,2921,2736,2614,2634,2845,2542,1914,1336,1421,1915,1676,0,0
2024,2024-03-23,Eastbound,All Vehicles,475,304,218,132,134,287,985,1378,1641,2088,2281,2300,2439,2297,2305,2109,2107,2100,2131,1495,1199,1182,1613,1080,0,0
2024,2024-03-24,Westbound,Light Vehicles,984,628,458,273,193,244,453,864,1273,1771,2128,2233,2544,2374,2380,2350,2283,2349,1925,1427,1173,867,559,362,0,0
2024,2024-03-24,Eastbound,Light Vehicles,671,455,275,210,158,183,475,771,988,1453,1701,2044,2309,2167,2019,1901,1827,1846,1498,1095,835,753,607,279,0,0
2024,2024-03-24,Westbound,Heavy Vehicles,17,8,9,8,9,17,20,35,58,67,77,81,96,81,90,93,84,84,66,43,44,23,19,19,0,0
2024,2024-03-24,Eastbound,Heavy Vehicles,6,9,4,9,8,17,23,32,44,63,60,90,94,76,62,61,55,48,52,29,26,34,20,12,0,0
2024,2024-03-24,Westbound,All Vehicles,1001,636,467,281,202,261,473,899,1331,1838,2205,2314,2640,2455,2470,2443,2367,2433,1991,1470,1217,890,578,381,0,0
2024,2024-03-24,Eastbound,All Vehicles,677,464,279,219,166,200,498,803,1032,1516,1761,2134,2403,2243,2081,1962,1882,1894,1550,1124,861,787,627,291,0,0
2024,2024-03-25,Westbound,Heavy Vehicles,9,9,7,10,31,56,147,206,204,261,272,273,282,295,290,321,222,133,107,53,46,27,25,13,0,0
2024,2024-03-25,Eastbound,Heavy Vehicles,9,6,4,15,25,76,417,326,248,254,248,239,215,162,173,148,96,105,75,51,35,17,12,9,0,0
2024,2024-03-25,Westbound,Light Vehicles,181,105,79,67,156,609,1502,2755,3011,2350,2012,1993,2101,2064,2200,2595,2540,2463,2026,1406,1029,792,449,232,0,0
2024,2024-03-25,Eastbound,Light Vehicles,115,75,61,51,102,470,1895,1984,1827,1727,1660,1672,1718,1728,1886,1739,2145,2461,2056,1159,888,711,430,194,0,0
2024,2024-03-25,Westbound,All Vehicles,190,114,86,77,187,665,1649,2961,3215,2611,2284,2266,2383,2359,2490,2916,2762,2596,2133,1459,1075,819,474,245,0,0
2024,2024-03-25,Eastbound,All Vehicles,124,81,65,66,127,546,2312,2310,2075,1981,1908,1911,1933,1890,2059,1887,2241,2566,2131,1210,923,728,442,203,0,0
2024,2024-03-26,Eastbound,Light Vehicles,103,65,48,39,119,533,1967,2174,1767,1836,1700,1784,1772,1783,1884,1923,2249,2245,2269,1337,1116,929,738,288,0,0
2024,2024-03-26,Westbound,Heavy Vehicles,6,8,15,10,18,49,161,198,229,282,328,335,294,312,349,356,266,185,86,59,40,36,20,15,0,0
2024,2024-03-26,Eastbound,Heavy Vehicles,12,6,4,12,35,92,407,368,217,311,312,246,221,213,195,168,142,115,95,57,31,29,21,14,0,0
2024,2024-03-26,Westbound,Light Vehicles,121,75,75,52,160,636,1553,2762,3029,2612,2150,2085,2097,2103,2340,2585,2593,2585,2225,1539,1263,987,707,395,0,0
2024,2024-03-26,Eastbound,All Vehicles,115,71,52,51,154,625,2374,2542,1984,2147,2012,2030,1993,1996,2079,2091,2391,2360,2364,1394,1147,958,759,302,0,0
2024,2024-03-26,Westbound,All Vehicles,127,83,90,62,178,685,1714,2960,3258,2894,2478,2420,2391,2415,2689,2941,2859,2770,2311,1598,1303,1023,727,410,0,0
2024,2024-03-27,Eastbound,Light Vehicles,127,77,46,59,125,549,1966,2199,1750,1841,1735,1800,1854,1806,1921,1878,1959,2217,2112,1533,1097,1056,788,366,0,0
2024,2024-03-27,Westbound,Light Vehicles,157,96,59,71,188,642,1523,2845,3029,2600,2286,2239,2220,2192,2357,2363,2409,2578,2320,1667,1175,1116,898,432,0,0
2024,2024-03-27,Eastbound,Heavy Vehicles,9,6,9,17,30,82,403,358,231,278,267,236,229,175,197,171,134,116,102,62,32,24,22,16,0,0
2024,2024-03-27,Westbound,Heavy Vehicles,10,9,10,14,22,52,156,211,203,235,259,260,305,304,319,233,247,212,120,63,42,30,23,17,0,0
2024,2024-03-27,Eastbound,All Vehicles,136,83,55,76,155,631,2369,2557,1981,2119,2002,2036,2083,1981,2118,2049,2093,2333,2214,1595,1129,1080,810,382,0,0
2024,2024-03-27,Westbound,All Vehicles,167,105,69,85,210,694,1679,3056,3232,2835,2545,2499,2525,2496,2676,2596,2656,2790,2440,1730,1217,1146,921,449,0,0
2024,2024-03-28,Westbound,Light Vehicles,235,216,108,82,176,642,1557,2556,2920,2547,2331,2419,2452,2382,2585,2651,2716,2570,2356,1799,1376,1151,1275,807,0,0
2024,2024-03-28,Eastbound,Light Vehicles,197,158,64,71,115,559,1946,2062,1959,1794,1863,1877,1869,1850,2133,2083,2145,2404,2220,1519,1004,928,934,619,0,0
2024,2024-03-28,Westbound,Heavy Vehicles,12,9,14,14,26,51,163,198,234,250,307,301,306,264,328,340,240,152,118,61,44,37,33,23,0,0
2024,2024-03-28,Eastbound,Heavy Vehicles,13,8,10,12,29,92,387,361,232,264,254,222,215,220,180,164,127,95,84,51,34,24,27,24,0,0
2024,2024-03-28,Westbound,All Vehicles,247,225,122,96,202,693,1720,2754,3154,2797,2638,2720,2758,2646,2913,2991,2956,2722,2474,1860,1420,1188,1308,830,0,0
2024,2024-03-28,Eastbound,All Vehicles,210,166,74,83,144,651,2333,2423,2191,2058,2117,2099,2084,2070,2313,2247,2272,2499,2304,1570,1038,952,961,643,0,0
2024,2024-03-30,Westbound,Light Vehicles,103,47,42,27,35,78,191,285,531,1406,845,766,814,770,744,814,761,850,717,554,401,363,414,311,0,0
2024,2024-03-30,Westbound,Heavy Vehicles,13,6,1,2,5,6,16,29,32,76,48,44,36,38,30,32,42,34,35,22,18,16,11,8,0,0
2024,2024-03-30,Eastbound,Heavy Vehicles,15,15,3,8,17,22,42,75,57,65,85,71,74,70,68,51,55,54,41,38,33,26,26,19,0,0
2024,2024-03-30,Eastbound,Light Vehicles,162,100,52,46,73,135,366,498,700,944,1163,1341,1416,1340,1216,1130,1147,1089,996,756,675,683,685,461,0,0
2024,2024-03-30,Westbound,All Vehicles,116,53,43,29,40,84,207,314,563,1482,893,810,850,808,774,846,803,884,752,576,419,379,425,319,0,0
2024,2024-03-30,Eastbound,All Vehicles,177,115,55,54,90,157,408,573,757,1009,1248,1412,1490,1410,1284,1181,1202,1143,1037,794,708,709,711,480,0,0
2024,2024-03-31,Eastbound,Heavy Vehicles,23,24,8,5,15,25,34,41,57,65,59,71,69,72,64,62,75,68,63,50,42,38,34,31,0,0
2024,2024-03-31,Eastbound,Light Vehicles,459,312,229,143,132,132,297,478,668,1046,1317,1710,2001,1575,1470,1546,1499,1500,1314,1002,870,804,714,426,0,0
2024,2024-03-31,Westbound,Heavy Vehicles,30,23,18,8,20,27,39,56,52,65,77,87,72,68,72,87,91,79,57,60,39,38,37,32,0,0
2024,2024-03-31,Westbound,Light Vehicles,564,419,382,226,171,175,300,458,862,1346,1685,1956,2048,1613,1589,1752,1805,1742,1651,1268,992,832,723,512,0,0
2024,2024-03-31,Eastbound,All Vehicles,482,336,237,148,147,157,331,519,725,1111,1376,1781,2070,1647,1534,1608,1574,1568,1377,1052,912,842,748,457,0,0
2024,2024-03-31,Westbound,All Vehicles,594,442,400,234,191,202,339,514,914,1411,1762,2043,2120,1681,1661,1839,1896,1821,1708,1328,1031,870,760,544,0,0
2024,2024-04-01,Westbound,Light Vehicles,394,244,172,138,127,176,308,550,855,1360,1638,1824,2048,1883,1909,2080,2137,1996,1762,1370,954,686,454,237,0,0
2024,2024-04-01,Westbound,Heavy Vehicles,21,27,9,12,26,35,46,53,65,91,83,96,102,103,79,101,93,92,89,73,49,38,35,24,0,0
2024,2024-04-01,Eastbound,Heavy Vehicles,24,21,8,10,24,32,51,57,64,81,123,97,96,91,82,86,79,76,65,72,51,36,34,24,0,0
2024,2024-04-01,Eastbound,Light Vehicles,277,187,166,116,108,203,451,537,826,1406,1349,2070,2247,1968,1887,1897,1736,1607,1409,1073,846,656,410,187,0,0
2024,2024-04-01,Westbound,All Vehicles,415,271,181,150,153,211,354,603,920,1451,1721,1920,2150,1986,1988,2181,2230,2088,1851,1443,1003,724,489,261,0,0
2024,2024-04-01,Eastbound,All Vehicles,301,208,174,126,132,235,502,594,890,1487,1472,2167,2343,2059,1969,1983,1815,1683,1474,1145,897,692,444,211,0,0
2024,2024-04-02,Eastbound,Heavy Vehicles,26,3,5,17,30,70,395,305,205,249,231,208,184,171,147,161,101,80,72,55,27,31,19,16,0,0
2024,2024-04-02,Eastbound,Light Vehicles,90,46,35,48,82,424,1905,2098,1720,1783,1512,1555,1585,1568,1775,1828,2012,2329,1991,1195,879,784,473,217,0,0
2024,2024-04-02,Westbound,Light Vehicles,110,79,27,54,145,518,1370,2692,3062,2360,2053,2020,1910,2055,2123,2480,2334,2340,2015,1380,1046,830,552,264,0,0
2024,2024-04-02,Westbound,Heavy Vehicles,23,5,9,8,18,60,144,193,213,244,287,284,270,295,264,310,209,151,80,52,43,29,23,20,0,0
2024,2024-04-02,Eastbound,All Vehicles,116,49,40,65,112,494,2300,2403,1925,2032,1743,1763,1769,1739,1922,1989,2113,2409,2063,1250,906,815,492,233,0,0
2024,2024-04-02,Westbound,All Vehicles,133,84,36,62,163,578,1514,2885,3275,2604,2340,2304,2180,2350,2387,2790,2543,2491,2095,1432,1089,859,575,284,0,0
2024,2024-04-03,Westbound,Heavy Vehicles,11,5,12,10,20,56,149,196,201,249,266,277,313,282,300,354,253,171,96,61,44,27,15,15,0,0
2024,2024-04-03,Westbound,Light Vehicles,123,70,54,72,144,622,1577,2783,3048,2484,2124,2160,2182,2242,2369,2643,2664,2484,2212,1496,1175,1054,751,372,0,0
2024,2024-04-03,Eastbound,Heavy Vehicles,12,3,8,11,36,80,408,304,221,250,260,237,199,198,178,148,126,111,85,49,29,31,16,12,0,0
2024,2024-04-03,Eastbound,Light Vehicles,97,67,45,56,97,507,1914,2138,1813,1935,1826,1718,1852,1691,1904,1937,2118,2537,2231,1337,1002,957,697,328,0,0
2024,2024-04-03,Westbound,All Vehicles,134,75,66,82,164,678,1726,2979,3249,2733,2390,2437,2495,2524,2669,2997,2917,2655,2308,1557,1219,1081,766,387,0,0
2024,2024-04-03,Eastbound,All Vehicles,109,70,53,67,133,587,2322,2442,2034,2185,2086,1955,2051,1889,2082,2085,2244,2648,2316,1386,1031,988,713,340,0,0
2024,2024-04-04,Westbound,Heavy Vehicles,8,8,11,8,15,56,155,202,249,231,290,294,267,290,338,303,206,149,85,49,42,42,19,16,0,0
2024,2024-04-04,Eastbound,Heavy Vehicles,13,9,9,7,34,94,424,331,208,271,244,226,176,156,166,144,124,106,93,44,45,20,17,16,0,0
2024,2024-04-04,Eastbound,Light Vehicles,233,148,52,44,109,523,1999,2174,1800,1855,1872,1717,1796,1671,1832,1689,2200,2399,2220,1438,1075,1052,771,408,0,0
2024,2024-04-04,Westbound,Light Vehicles,245,203,87,63,157,614,1543,2716,2988,2489,2226,2291,2280,2197,2300,2455,2440,2448,2230,1559,1242,1072,803,454,0,0
2024,2024-04-04,Westbound,All Vehicles,253,211,98,71,172,670,1698,2918,3237,2720,2516,2585,2547,2487,2638,2758,2646,2597,2315,1608,1284,1114,822,470,0,0
2024,2024-04-04,Eastbound,All Vehicles,246,157,61,51,143,617,2423,2505,2008,2126,2116,1943,1972,1827,1998,1833,2324,2505,2313,1482,1120,1072,788,424,0,0
2024,2024-04-05,Westbound,Light Vehicles,232,120,84,93,180,524,1277,2327,2762,2293,2138,2160,2202,2002,2240,2358,2419,2349,2123,1482,1099,1169,942,743,0,0
2024,2024-04-05,Westbound,Heavy Vehicles,12,4,3,13,22,46,105,196,182,219,249,279,241,212,228,214,144,132,88,46,31,33,20,28,0,0
2024,2024-04-05,Eastbound,Light Vehicles,194,123,80,83,93,452,1743,1958,1792,1725,1740,1802,1777,1717,2082,1807,2003,2299,1998,1168,909,864,803,667,0,0
2024,2024-04-05,Eastbound,Heavy Vehicles,11,6,32,16,30,72,295,252,192,202,228,208,163,143,143,142,125,99,67,41,31,21,20,18,0,0
2024,2024-04-05,Westbound,All Vehicles,244,124,87,106,202,570,1382,2523,2944,2512,2387,2439,2443,2214,2468,2572,2563,2481,2211,1528,1130,1202,962,771,0,0
2024,2024-04-05,Eastbound,All Vehicles,205,129,112,99,123,524,2038,2210,1984,1927,1968,2010,1940,1860,2225,1949,2128,2398,2065,1209,940,885,823,685,0,0
2024,2024-04-06,Westbound,Heavy Vehicles,15,12,6,9,8,15,43,67,90,108,127,134,151,161,127,136,101,101,93,66,46,38,34,24,0,0
2024,2024-04-06,Eastbound,Heavy Vehicles,5,4,5,1,4,14,31,29,23,35,45,27,39,58,49,32,22,,,,,,,,0,0
2024,2024-04-06,Eastbound,Light Vehicles,122,60,37,34,34,50,170,248,391,562,698,767,800,827,794,784,643,,,,,,,,0,0
2024,2024-04-06,Westbound,Light Vehicles,525,291,189,133,112,216,540,836,1406,2069,2370,2514,2669,2592,2620,2509,2503,2577,2567,1988,1385,1262,1355,1219,0,0
2024,2024-04-06,Westbound,All Vehicles,540,303,195,142,120,231,583,903,1496,2177,2497,2648,2820,2753,2747,2645,2604,2678,2660,2054,1431,1300,1389,1243,0,0
2024,2024-04-06,Eastbound,All Vehicles,127,64,42,35,38,64,201,277,414,597,743,794,839,885,843,816,665,,,,,,,,0,0
2024,2024-04-07,Eastbound,Heavy Vehicles,,,,6,11,20,27,42,67,65,84,90,96,95,82,64,64,54,47,44,34,28,18,8,0,0
2024,2024-04-07,Eastbound,Light Vehicles,,,,146,106,249,399,760,1075,1741,1976,2300,2356,2279,2011,1898,1736,1705,1463,967,882,638,380,192,0,0
2024,2024-04-07,Westbound,Heavy Vehicles,18,17,19,11,8,15,33,41,45,74,80,78,92,79,93,82,95,77,51,38,30,20,18,18,0,0
2024,2024-04-07,Westbound,Light Vehicles,810,653,736,193,137,189,477,791,1178,1793,2074,2241,2244,2275,2365,2262,2282,2144,1723,1111,865,717,401,244,0,0
2024,2024-04-07,Eastbound,All Vehicles,,,,152,117,269,426,802,1142,1806,2060,2390,2452,2374,2093,1962,1800,1759,1510,1011,916,666,398,200,0,0
2024,2024-04-07,Westbound,All Vehicles,828,670,755,204,145,204,510,832,1223,1867,2154,2319,2336,2354,2458,2344,2377,2221,1774,1149,895,737,419,262,0,0
2024,2024-04-08,Westbound,Heavy Vehicles,12,9,11,30,25,40,159,167,182,234,299,280,296,284,270,361,197,169,78,41,38,24,43,29,0,0
2024,2024-04-08,Westbound,Light Vehicles,137,95,63,59,150,560,1448,2416,2525,1993,1729,1812,1807,1785,1999,2349,2257,2239,1644,1056,828,632,424,187,0,0
2024,2024-04-08,Eastbound,Light Vehicles,91,69,50,60,114,513,2006,2140,1717,1662,1641,1582,1651,1581,1787,1850,2007,2397,1957,1127,841,637,347,183,0,0
2024,2024-04-08,Eastbound,Heavy Vehicles,10,18,14,15,18,86,423,298,259,264,218,267,204,183,193,126,139,114,71,46,43,23,30,25,0,0
2024,2024-04-08,Westbound,All Vehicles,149,104,74,89,175,600,1607,2583,2707,2227,2028,2092,2103,2069,2269,2710,2454,2408,1722,1097,866,656,467,216,0,0
2024,2024-04-08,Eastbound,All Vehicles,101,87,64,75,132,599,2429,2438,1976,1926,1859,1849,1855,1764,1980,1976,2146,2511,2028,1173,884,660,377,208,0,0
2024,2024-04-09,Westbound,Light Vehicles,138,78,58,50,143,687,1713,2909,3114,2375,2125,2057,2096,2106,2295,2443,2625,2439,1931,1338,956,912,574,258,0,0
2024,2024-04-09,Eastbound,Light Vehicles,68,52,43,40,116,525,2003,2164,1795,1801,1698,1651,1628,1604,1870,1704,1959,2142,2019,1411,906,861,541,250,0,0
2024,2024-04-09,Eastbound,Heavy Vehicles,22,9,8,14,26,87,413,326,236,283,280,265,204,172,137,136,109,83,92,54,34,22,36,27,0,0
2024,2024-04-09,Westbound,Heavy Vehicles,28,14,10,14,26,54,180,184,231,237,311,337,314,309,349,313,199,130,81,40,29,28,25,34,0,0
2024,2024-04-09,Westbound,All Vehicles,166,92,68,64,169,741,1893,3093,3345,2612,2436,2394,2410,2415,2644,2756,2824,2569,2012,1378,985,940,599,292,0,0
2024,2024-04-09,Eastbound,All Vehicles,90,61,51,54,142,612,2416,2490,2031,2084,1978,1916,1832,1776,2007,1840,2068,2225,2111,1465,940,883,577,277,0,0
2024,2024-04-10,Westbound,Heavy Vehicles,23,11,6,18,23,65,156,186,238,225,283,322,292,293,322,351,273,193,97,39,47,39,31,38,0,0
2024,2024-04-10,Eastbound,Heavy Vehicles,18,7,9,13,31,89,343,328,203,241,267,233,198,172,126,126,113,98,83,41,32,27,35,32,0,0
2024,2024-04-10,Eastbound,Light Vehicles,112,69,53,52,98,513,1975,2099,1844,1945,1740,1721,1765,1773,1995,1863,2111,2341,2316,1380,1053,1011,778,309,0,0
2024,2024-04-10,Westbound,Light Vehicles,146,77,54,83,162,659,1612,2892,3013,2516,2282,2258,2257,2055,2365,2599,2682,2690,2202,1438,1099,1039,807,390,0,0
2024,2024-04-10,Westbound,All Vehicles,169,88,60,101,185,724,1768,3078,3251,2741,2565,2580,2549,2348,2687,2950,2955,2883,2299,1477,1146,1078,838,428,0,0
2024,2024-04-10,Eastbound,All Vehicles,130,76,62,65,129,602,2318,2427,2047,2186,2007,1954,1963,1945,2121,1989,2224,2439,2399,1421,1085,1038,813,341,0,0
2024,2024-04-11,Westbound,Light Vehicles,201,155,85,67,162,637,1616,2879,3098,2532,2281,2294,2230,2270,2461,2673,2671,2510,2193,1636,1319,1133,852,475,0,0
2024,2024-04-11,Eastbound,Light Vehicles,133,96,59,55,111,538,1902,2111,1821,1883,1838,1832,1847,1742,1846,1987,2071,2363,2432,1513,1071,1023,801,383,0,0
2024,2024-04-11,Westbound,Heavy Vehicles,25,13,9,15,14,52,166,192,240,261,307,312,285,298,338,376,238,169,96,48,43,39,39,42,0,0
2024,2024-04-11,Eastbound,Heavy Vehicles,25,4,7,12,21,88,399,356,242,294,250,229,211,172,151,120,110,103,93,43,31,32,35,36,0,0
2024,2024-04-11,Westbound,All Vehicles,226,168,94,82,176,689,1782,3071,3338,2793,2588,2606,2515,2568,2799,3049,2909,2679,2289,1684,1362,1172,891,517,0,0
2024,2024-04-11,Eastbound,All Vehicles,158,100,66,67,132,626,2301,2467,2063,2177,2088,2061,2058,1914,1997,2107,2181,2466,2525,1556,1102,1055,836,419,0,0
2024,2024-04-12,Westbound,Heavy Vehicles,30,10,6,23,26,41,144,191,246,286,275,331,311,286,305,303,269,165,101,42,47,28,26,22,0,0
2024,2024-04-12,Eastbound,Heavy Vehicles,28,8,7,10,37,115,437,320,217,218,229,185,180,144,141,99,94,77,67,43,19,18,22,19,0,0
2024,2024-04-12,Eastbound,Light Vehicles,206,151,104,88,114,551,1996,2031,1882,1903,1905,1903,2060,1929,2086,2058,2136,2428,1998,1354,987,940,909,609,0,0
2024,2024-04-12,Westbound,Light Vehicles,282,164,105,91,174,632,1534,2458,2739,2508,2324,2341,2404,2403,2620,2766,2749,2851,2501,1608,1170,1101,1166,815,0,0
2024,2024-04-12,Westbound,All Vehicles,312,174,111,114,200,673,1678,2649,2985,2794,2599,2672,2715,2689,2925,3069,3018,3016,2602,1650,1217,1129,1192,837,0,0
2024,2024-04-12,Eastbound,All Vehicles,234,159,111,98,151,666,2433,2351,2099,2121,2134,2088,2240,2073,2227,2157,2230,2505,2065,1397,1006,958,931,628,0,0
2024,2024-04-13,Eastbound,Light Vehicles,293,195,168,124,127,226,609,753,947,1181,1311,1418,1444,1516,1399,1285,1303,1395,1253,1015,779,740,828,625,0,0
2024,2024-04-13,Westbound,Light Vehicles,514,378,258,187,177,334,754,1179,1629,2277,2519,2659,2733,2775,2617,2601,2561,2727,2439,1772,1216,1307,1596,1216,0,0
2024,2024-04-13,Westbound,Heavy Vehicles,13,9,10,7,21,33,62,101,119,134,155,140,135,150,109,109,84,121,75,40,30,39,41,27,0,0
2024,2024-04-13,Eastbound,Heavy Vehicles,11,3,4,7,9,27,95,95,57,79,66,60,65,52,59,42,45,42,37,22,10,12,12,5,0,0
2024,2024-04-13,Eastbound,All Vehicles,304,198,172,131,136,253,704,848,1004,1260,1377,1478,1509,1568,1458,1327,1348,1437,1290,1037,789,752,840,630,0,0
2024,2024-04-13,Westbound,All Vehicles,527,387,268,194,198,367,816,1280,1748,2411,2674,2799,2868,2925,2726,2710,2645,2848,2514,1812,1246,1346,1637,1243,0,0
2024,2024-04-14,Eastbound,Light Vehicles,573,418,316,216,178,211,367,605,933,1340,1584,1905,2117,1917,1859,1814,1871,1682,1277,930,815,628,416,242,0,0
2024,2024-04-14,Westbound,Light Vehicles,755,571,408,301,204,258,424,748,1153,1855,2248,2366,2374,2099,2159,2129,2183,2285,1785,1109,929,752,461,261,0,0
2024,2024-04-14,Eastbound,Heavy Vehicles,8,13,8,6,9,15,21,26,36,60,52,47,49,60,51,55,56,49,32,30,23,22,9,12,0,0
2024,2024-04-14,Westbound,Heavy Vehicles,12,11,10,5,10,17,29,41,59,56,84,75,76,59,73,75,54,69,53,37,24,31,9,16,0,0
2024,2024-04-14,Eastbound,All Vehicles,581,431,324,222,187,226,388,631,969,1400,1636,1952,2166,1977,1910,1869,1927,1731,1309,960,838,650,425,254,0,0
2024,2024-04-14,Westbound,All Vehicles,767,582,418,306,214,275,453,789,1212,1911,2332,2441,2450,2158,2232,2204,2237,2354,1838,1146,953,783,470,277,0,0
2024,2024-04-15,Eastbound,Light Vehicles,93,71,54,52,110,463,1920,1606,1648,1606,1453,1532,1746,1602,1575,1683,1941,2285,1886,1011,770,586,366,169,0,0
2024,2024-04-15,Westbound,Heavy Vehicles,6,11,11,13,31,55,180,202,231,228,280,280,282,275,298,363,215,140,87,48,27,26,18,12,0,0
2024,2024-04-15,Westbound,Light Vehicles,144,82,77,62,164,571,1436,2490,2655,2361,2062,2002,2032,1998,2292,2614,2251,2203,1663,1064,814,685,436,195,0,0
2024,2024-04-15,Eastbound,Heavy Vehicles,10,6,8,11,22,84,386,329,240,247,230,228,200,161,147,123,128,85,87,50,19,26,13,10,0,0
2024,2024-04-15,Eastbound,All Vehicles,103,77,62,63,132,547,2306,1935,1888,1853,1683,1760,1946,1763,1722,1806,2069,2370,1973,1061,789,612,379,179,0,0
2024,2024-04-15,Westbound,All Vehicles,150,93,88,75,195,626,1616,2692,2886,2589,2342,2282,2314,2273,2590,2977,2466,2343,1750,1112,841,711,454,207,0,0
2024,2024-04-16,Westbound,Heavy Vehicles,9,4,7,11,19,57,195,209,220,245,284,340,304,309,282,360,252,167,61,43,32,24,17,18,0,0
2024,2024-04-16,Westbound,Light Vehicles,114,63,53,50,149,601,1604,2586,2767,2534,2088,2079,2065,2030,2289,2576,2395,2354,1938,1182,1032,820,571,297,0,0
2024,2024-04-16,Eastbound,Heavy Vehicles,8,3,8,16,34,92,412,353,225,229,267,275,225,192,150,121,112,105,89,41,30,25,19,9,0,0
2024,2024-04-16,Eastbound,Light Vehicles,89,47,38,51,106,510,1855,1652,1608,1745,1598,1642,1692,1584,1678,1721,2019,2364,2176,1162,928,808,551,242,0,0
2024,2024-04-16,Westbound,All Vehicles,123,67,60,61,168,658,1799,2795,2987,2779,2372,2419,2369,2339,2571,2936,2647,2521,1999,1225,1064,844,588,315,0,0
2024,2024-04-16,Eastbound,All Vehicles,97,50,46,67,140,602,2267,2005,1833,1974,1865,1917,1917,1776,1828,1842,2131,2469,2265,1203,958,833,570,251,0,0
2024,2024-04-17,Eastbound,Heavy Vehicles,6,5,9,18,36,83,461,336,242,256,257,210,202,172,177,122,101,80,80,41,35,19,11,18,0,0
2024,2024-04-17,Westbound,Light Vehicles,155,85,67,47,149,595,1590,2531,2804,2566,2114,2158,2238,2029,2207,2593,2328,2356,2005,1274,1034,1017,696,382,0,0
2024,2024-04-17,Westbound,Heavy Vehicles,10,6,6,16,30,53,181,218,230,249,259,333,292,292,309,380,226,160,84,46,29,23,26,8,0,0
2024,2024-04-17,Eastbound,Light Vehicles,117,60,50,35,103,518,1927,1657,1709,1798,1692,1628,1737,1565,1687,1767,2045,2407,2165,1259,976,982,693,340,0,0
2024,2024-04-17,Eastbound,All Vehicles,123,65,59,53,139,601,2388,1993,1951,2054,1949,1838,1939,1737,1864,1889,2146,2487,2245,1300,1011,1001,704,358,0,0
2024,2024-04-17,Westbound,All Vehicles,165,91,73,63,179,648,1771,2749,3034,2815,2373,2491,2530,2321,2516,2973,2554,2516,2089,1320,1063,1040,722,390,0,0
2024,2024-04-18,Westbound,Heavy Vehicles,15,16,10,12,15,63,159,219,230,278,298,324,288,274,301,361,222,143,89,55,39,40,21,16,0,0
2024,2024-04-18,Eastbound,Light Vehicles,211,110,50,59,122,501,1885,1720,1702,1797,1777,1704,1760,1611,1784,1774,2060,2366,2359,1485,1016,993,818,385,0,0
2024,2024-04-18,Westbound,Light Vehicles,245,170,82,60,159,622,1464,2490,2879,2476,2116,2193,2239,2090,2239,2689,2405,2465,2153,1512,1188,1065,963,574,0,0
2024,2024-04-18,Eastbound,Heavy Vehicles,11,9,9,13,29,84,374,351,246,306,236,238,206,198,160,142,118,108,70,58,35,19,25,13,0,0
2024,2024-04-18,Westbound,All Vehicles,260,186,92,72,174,685,1623,2709,3109,2754,2414,2517,2527,2364,2540,3050,2627,2608,2242,1567,1227,1105,984,590,0,0
2024,2024-04-18,Eastbound,All Vehicles,222,119,59,72,151,585,2259,2071,1948,2103,2013,1942,1966,1809,1944,1916,2178,2474,2429,1543,1051,1012,843,398,0,0
2024,2024-04-19,Eastbound,Light Vehicles,202,139,102,73,101,553,1990,1863,1764,1876,1803,1821,1918,1732,1916,1983,2088,2248,2056,1227,925,916,872,560,0,0
2024,2024-04-19,Eastbound,Heavy Vehicles,12,6,9,10,38,101,340,294,226,207,186,174,164,145,119,108,96,83,75,42,24,24,17,12,0,0
2024,2024-04-19,Westbound,Light Vehicles,260,151,105,87,152,634,1408,2152,2509,2465,2019,2170,2502,2307,2430,2795,2580,2525,2211,1404,1078,1106,978,728,0,0
2024,2024-04-19,Westbound,Heavy Vehicles,7,10,5,14,24,51,158,194,246,282,271,282,283,277,337,338,237,154,87,38,43,25,17,16,0,0
2024,2024-04-19,Eastbound,All Vehicles,214,145,111,83,139,654,2330,2157,1990,2083,1989,1995,2082,1877,2035,2091,2184,2331,2131,1269,949,940,889,572,0,0
2024,2024-04-19,Westbound,All Vehicles,267,161,110,101,176,685,1566,2346,2755,2747,2290,2452,2785,2584,2767,3133,2817,2679,2298,1442,1121,1131,995,744,0,0
2024,2024-04-20,Eastbound,Light Vehicles,344,234,192,125,127,188,743,943,1091,1469,1708,1999,2110,1981,1914,1785,1758,1805,1585,1124,958,958,1078,755,0,0
2024,2024-04-20,Eastbound,Heavy Vehicles,20,8,9,8,11,20,98,91,95,98,63,74,63,74,65,55,45,49,40,26,34,18,14,12,0,0
2024,2024-04-20,Westbound,Light Vehicles,449,305,235,151,155,297,610,1032,1453,2169,2273,2450,2464,2526,2226,2102,2037,2269,2134,1466,1100,1180,1216,932,0,0
2024,2024-04-20,Westbound,Heavy Vehicles,15,18,9,11,14,30,62,102,107,107,120,142,130,137,86,103,76,79,71,43,35,24,25,18,0,0
2024,2024-04-20,Eastbound,All Vehicles,364,242,201,133,138,208,841,1034,1186,1567,1771,2073,2173,2055,1979,1840,1803,1854,1625,1150,992,976,1092,767,0,0
2024,2024-04-20,Westbound,All Vehicles,464,323,244,162,169,327,672,1134,1560,2276,2393,2592,2594,2663,2312,2205,2113,2348,2205,1509,1135,1204,1241,950,0,0
2024,2024-04-21,Eastbound,Light Vehicles,528,388,281,192,137,167,315,569,873,1405,1541,1787,2256,1813,1727,1774,1926,1605,1270,923,751,570,387,210,0,0
2024,2024-04-21,Westbound,Heavy Vehicles,10,7,11,7,5,10,32,48,47,78,68,97,97,81,60,58,95,81,58,31,23,24,12,12,0,0
2024,2024-04-21,Westbound,Light Vehicles,636,515,360,273,161,225,415,690,1057,1622,1986,2199,2521,2113,1974,2097,2526,2155,1633,1129,838,705,506,271,0,0
2024,2024-04-21,Eastbound,Heavy Vehicles,6,7,8,7,4,20,13,35,37,53,55,68,62,65,59,58,58,52,27,30,24,14,10,10,0,0
2024,2024-04-21,Eastbound,All Vehicles,534,395,289,199,141,187,328,604,910,1458,1596,1855,2318,1878,1786,1832,1984,1657,1297,953,775,584,397,220,0,0
2024,2024-04-21,Westbound,All Vehicles,646,522,371,280,166,235,447,738,1104,1700,2054,2296,2618,2194,2034,2155,2621,2236,1691,1160,861,729,518,283,0,0
2024,2024-04-22,Eastbound,Light Vehicles,111,61,55,49,106,474,1847,1693,1677,1724,1536,1608,1589,1532,1672,1755,2060,2408,2062,990,771,590,433,229,0,0
2024,2024-04-22,Eastbound,Heavy Vehicles,13,4,7,6,24,80,408,332,237,257,244,222,212,181,153,108,110,94,78,31,23,21,15,10,0,0
2024,2024-04-22,Westbound,Heavy Vehicles,4,9,9,13,23,61,167,205,222,256,299,290,302,325,351,373,258,136,71,38,26,27,21,12,0,0
2024,2024-04-22,Westbound,Light Vehicles,150,100,67,69,167,581,1389,2436,2797,2315,1954,2003,2093,1971,2187,2678,2280,2345,1775,1004,876,846,761,362,0,0
2024,2024-04-22,Eastbound,All Vehicles,124,65,62,55,130,554,2255,2025,1914,1981,1780,1830,1801,1713,1825,1863,2170,2502,2140,1021,794,611,448,239,0,0
2024,2024-04-22,Westbound,All Vehicles,154,109,76,82,190,642,1556,2641,3019,2571,2253,2293,2395,2296,2538,3051,2538,2481,1846,1042,902,873,782,374,0,0
2024,2024-04-23,Westbound,Light Vehicles,129,70,53,58,140,622,1609,2504,2842,,2114,2018,2092,2183,2427,2735,2537,2634,1924,1294,1057,905,703,349,0,0
2024,2024-04-23,Eastbound,Heavy Vehicles,4,5,8,11,28,78,423,315,234,298,300,226,219,226,133,153,103,108,85,49,32,24,11,14,0,0
2024,2024-04-23,Westbound,Heavy Vehicles,10,2,5,13,21,59,173,201,221,,289,344,319,318,334,389,278,163,95,56,30,25,22,20,0,0
2024,2024-04-23,Eastbound,Light Vehicles,96,59,45,45,105,534,1898,1660,1641,1893,1727,1677,1792,1596,1667,1835,1988,2293,2088,1147,905,747,564,329,0,0
2024,2024-04-23,Westbound,All Vehicles,139,72,58,71,161,681,1782,2705,3063,,2403,2362,2411,2501,2761,3124,2815,2797,2019,1350,1087,930,725,369,0,0
2024,2024-04-23,Eastbound,All Vehicles,100,64,53,56,133,612,2321,1975,1875,2191,2027,1903,2011,1822,1800,1988,2091,2401,2173,1196,937,771,575,343,0,0
2024,2024-04-24,Westbound,Heavy Vehicles,13,11,12,14,29,58,161,186,255,259,289,334,362,327,351,370,240,165,95,46,37,44,28,28,0,0
2024,2024-04-24,Eastbound,Heavy Vehicles,9,9,14,11,40,86,429,344,230,279,270,243,219,217,162,156,106,93,82,69,45,19,22,18,0,0
2024,2024-04-24,Westbound,Light Vehicles,160,95,69,47,146,620,1525,2504,2876,2634,2201,2321,2298,2124,2388,2787,2649,2667,2245,1596,1243,1147,1037,666,0,0
2024,2024-04-24,Eastbound,Light Vehicles,164,77,57,43,111,535,1904,1800,1862,1858,1784,1716,1789,1712,1839,1867,2021,2400,2320,1466,1104,1136,1003,593,0,0
2024,2024-04-24,Westbound,All Vehicles,173,106,81,61,175,678,1686,2690,3131,2893,2490,2655,2660,2451,2739,3157,2889,2832,2340,1642,1280,1191,1065,694,0,0
2024,2024-04-24,Eastbound,All Vehicles,173,86,71,54,151,621,2333,2144,2092,2137,2054,1959,2008,1929,2001,2023,2127,2493,2402,1535,1149,1155,1025,611,0,0
2024,2024-04-25,Westbound,Light Vehicles,430,394,176,134,145,189,335,522,764,1127,1259,1323,1368,1238,1226,1382,1348,1418,1485,1030,747,698,592,397,0,0
2024,2024-04-25,Westbound,Heavy Vehicles,12,9,1,8,6,13,20,33,36,41,53,65,44,48,64,46,39,45,40,32,21,17,7,9,0,0
2024,2024-04-25,Westbound,All Vehicles,442,403,177,142,151,202,355,555,800,1168,1312,1388,1412,1286,1290,1428,1387,1463,1525,1062,768,715,599,406,0,0
2024,2024-04-26,Eastbound,Light Vehicles,215,123,96,71,101,376,1411,1442,1621,1700,1766,1910,2008,1867,1838,1896,1956,2024,1699,1079,868,864,821,542,0,0
2024,2024-04-26,Westbound,Light Vehicles,286,190,128,88,141,387,1017,1769,2183,2253,2285,2416,2377,2354,2459,2647,2435,2498,2002,1361,1005,1114,1003,679,0,0
2024,2024-04-26,Westbound,Heavy Vehicles,16,9,7,17,17,34,119,181,203,222,267,287,239,256,262,272,201,161,75,34,36,31,22,14,0,0
2024,2024-04-26,Eastbound,Heavy Vehicles,8,6,5,12,24,69,303,288,202,226,199,192,172,166,138,99,76,91,55,33,29,15,13,20,0,0
2024,2024-04-26,Eastbound,All Vehicles,223,129,101,83,125,445,1714,1730,1823,1926,1965,2102,2180,2033,1976,1995,2032,2115,1754,1112,897,879,834,562,0,0
2024,2024-04-26,Westbound,All Vehicles,302,199,135,105,158,421,1136,1950,2386,2475,2552,2703,2616,2610,2721,2919,2636,2659,2077,1395,1041,1145,1025,693,0,0
2024,2024-04-27,Eastbound,Heavy Vehicles,9,7,8,8,17,20,97,110,114,99,94,88,101,78,76,71,71,61,51,36,33,23,15,14,0,0
2024,2024-04-27,Westbound,Light Vehicles,431,232,183,147,113,241,553,944,1420,2127,2337,2455,2532,2600,2344,2273,2316,2428,2180,1406,1155,1171,1166,952,0,0
2024,2024-04-27,Eastbound,Light Vehicles,311,202,170,117,86,230,675,889,1151,1580,1791,1927,2168,2065,2006,1862,1753,1786,1634,1156,1031,928,993,694,0,0
2024,2024-04-27,Westbound,Heavy Vehicles,21,7,12,6,12,18,57,79,89,108,123,132,132,154,74,88,94,94,69,46,35,25,30,20,0,0
2024,2024-04-27,Eastbound,All Vehicles,320,209,178,125,103,250,772,999,1265,1679,1885,2015,2269,2143,2082,1933,1824,1847,1685,1192,1064,951,1008,708,0,0
2024,2024-04-27,Westbound,All Vehicles,452,239,195,153,125,259,610,1023,1509,2235,2460,2587,2664,2754,2418,2361,2410,2522,2249,1452,1190,1196,1196,972,0,0
2024,2024-04-28,Westbound,Light Vehicles,632,483,357,263,170,186,411,698,1086,1786,2051,2341,2328,2116,2198,2321,2291,2367,1586,1007,846,720,404,251,0,0
2024,2024-04-28,Eastbound,Light Vehicles,486,329,238,193,141,174,365,576,901,1480,1640,1925,2104,2001,1988,1897,1713,1729,1304,916,824,560,311,196,0,0
2024,2024-04-28,Westbound,Heavy Vehicles,8,10,6,9,8,14,19,47,40,67,87,79,77,83,75,69,75,73,48,33,33,20,14,13,0,0
2024,2024-04-28,Eastbound,Heavy Vehicles,11,9,6,10,7,10,28,31,49,59,68,68,60,73,67,50,60,57,41,28,21,20,15,12,0,0
2024,2024-04-28,Westbound,All Vehicles,640,493,363,272,178,200,430,745,1126,1853,2138,2420,2405,2199,2273,2390,2366,2440,1634,1040,879,740,418,264,0,0
2024,2024-04-28,Eastbound,All Vehicles,497,338,244,203,148,184,393,607,950,1539,1708,1993,2164,2074,2055,1947,1773,1786,1345,944,845,580,326,208,0,0
2024,2024-04-29,Eastbound,Heavy Vehicles,9,8,10,8,18,90,407,331,233,267,252,225,188,219,152,169,115,98,78,58,42,23,26,9,0,0
2024,2024-04-29,Westbound,Heavy Vehicles,6,11,11,17,24,54,159,212,239,239,310,305,298,309,296,376,228,168,87,39,36,27,21,15,0,0
2024,2024-04-29,Eastbound,Light Vehicles,116,56,48,56,89,477,1843,1923,1704,1701,1631,1644,1727,1570,1646,1770,2009,2394,2085,1119,814,592,414,175,0,0
2024,2024-04-29,Westbound,Light Vehicles,132,75,51,52,152,593,1444,2644,2809,2212,1988,1921,2140,1920,2300,2637,2539,2470,1807,1205,841,697,425,235,0,0
2024,2024-04-29,Eastbound,All Vehicles,125,64,58,64,107,567,2250,2254,1937,1968,1883,1869,1915,1789,1798,1939,2124,2492,2163,1177,856,615,440,184,0,0
2024,2024-04-29,Westbound,All Vehicles,138,86,62,69,176,647,1603,2856,3048,2451,2298,2226,2438,2229,2596,3013,2767,2638,1894,1244,877,724,446,250,0,0
2024,2024-04-30,Eastbound,Heavy Vehicles,10,6,7,12,32,85,399,348,239,293,279,259,144,157,192,154,113,106,73,43,35,24,14,14,0,0
2024,2024-04-30,Westbound,Heavy Vehicles,8,5,16,15,29,52,162,194,179,261,312,268,348,316,297,347,235,153,74,45,32,24,15,16,0,0
2024,2024-04-30,Eastbound,Light Vehicles,82,56,40,58,103,507,1980,2064,1776,1763,1675,1523,1127,1441,1718,1931,2111,2412,2240,1238,932,883,521,223,0,0
2024,2024-04-30,Westbound,Light Vehicles,99,63,63,55,161,630,1569,2850,2702,2613,1996,2099,1643,1702,2203,2427,2472,2457,1849,1330,949,865,593,272,0,0
2024,2024-04-30,Eastbound,All Vehicles,92,62,47,70,135,592,2379,2412,2015,2056,1954,1782,1271,1598,1910,2085,2224,2518,2313,1281,967,907,535,237,0,0
2024,2024-04-30,Westbound,All Vehicles,107,68,79,70,190,682,1731,3044,2881,2874,2308,2367,1991,2018,2500,2774,2707,2610,1923,1375,981,889,608,288,0,0
2024,2024-05-01,Eastbound,Heavy Vehicles,8,8,13,15,21,89,401,346,202,256,306,231,239,194,172,165,109,120,95,48,36,24,21,18,0,0
2024,2024-05-01,Westbound,Heavy Vehicles,4,9,9,21,19,56,144,205,233,281,315,322,294,277,318,342,212,169,80,51,34,30,18,9,0,0
2024,2024-05-01,Westbound,Light Vehicles,131,78,53,59,143,580,1507,2804,3026,2776,2182,2116,2109,2145,2233,2610,2618,2630,2143,1330,1093,1038,719,397,0,0
2024,2024-05-01,Eastbound,Light Vehicles,120,73,38,47,106,493,1864,2084,1746,1730,1739,1642,1709,1642,1928,1894,2051,2314,2302,1400,1021,958,705,372,0,0
2024,2024-05-01,Eastbound,All Vehicles,128,81,51,62,127,582,2265,2430,1948,1986,2045,1873,1948,1836,2100,2059,2160,2434,2397,1448,1057,982,726,390,0,0
2024,2024-05-01,Westbound,All Vehicles,135,87,62,80,162,636,1651,3009,3259,3057,2497,2438,2403,2422,2551,2952,2830,2799,2223,1381,1127,1068,737,406,0,0
2024,2024-05-02,Eastbound,Light Vehicles,190,106,65,61,100,502,1945,2132,1819,1815,1769,1791,1801,1734,2009,1834,2153,2272,2393,1427,1063,1096,860,427,0,0
2024,2024-05-02,Westbound,Heavy Vehicles,13,10,10,11,24,58,159,188,213,265,305,309,301,298,283,359,266,161,94,39,34,31,23,19,0,0
2024,2024-05-02,Westbound,Light Vehicles,225,139,73,64,126,575,1521,2812,3023,2793,2173,2179,2160,2035,2433,2696,2768,2603,2174,1537,1247,1173,828,520,0,0
2024,2024-05-02,Eastbound,Heavy Vehicles,7,11,6,13,34,82,399,320,216,216,214,187,186,145,142,157,118,119,68,50,32,22,15,18,0,0
2024,2024-05-02,Eastbound,All Vehicles,197,117,71,74,134,584,2344,2452,2035,2031,1983,1978,1987,1879,2151,1991,2271,2391,2461,1477,1095,1118,875,445,0,0
2024,2024-05-02,Westbound,All Vehicles,238,149,83,75,150,633,1680,3000,3236,3058,2478,2488,2461,2333,2716,3055,3034,2764,2268,1576,1281,1204,851,539,0,0
2024,2024-05-03,Westbound,Light Vehicles,285,152,115,90,186,594,1387,2537,2948,2541,2317,2306,2389,2187,2298,2652,2637,2572,2253,1555,1189,1130,1194,768,0,0
2024,2024-05-03,Eastbound,Heavy Vehicles,14,8,11,14,27,72,378,296,194,279,254,212,187,172,192,134,109,98,77,45,34,26,20,15,0,0
2024,2024-05-03,Eastbound,Light Vehicles,219,136,102,89,117,492,1835,2007,1856,1916,1675,1861,1906,1918,2088,1969,2074,2218,2303,1499,995,885,1002,645,0,0
2024,2024-05-03,Westbound,Heavy Vehicles,12,8,7,14,31,40,149,206,224,240,344,347,312,237,296,291,216,122,98,44,27,30,24,18,0,0
2024,2024-05-03,Westbound,All Vehicles,297,160,122,104,217,634,1536,2743,3172,2781,2661,2653,2701,2424,2594,2943,2853,2694,2351,1599,1216,1160,1218,786,0,0
2024,2024-05-03,Eastbound,All Vehicles,233,144,113,103,144,564,2213,2303,2050,2195,1929,2073,2093,2090,2280,2103,2183,2316,2380,1544,1029,911,1022,660,0,0
2024,2024-05-04,Westbound,Heavy Vehicles,9,8,3,13,13,22,55,77,122,130,129,141,155,142,133,113,96,101,82,47,38,34,27,28,0,0
2024,2024-05-04,Eastbound,Light Vehicles,384,271,182,145,124,220,707,1061,1387,1767,2073,2165,2422,2250,2280,1981,1856,2007,1775,1213,978,1117,1117,773,0,0
2024,2024-05-04,Westbound,Light Vehicles,531,315,205,170,131,289,664,1212,1824,2379,2566,2600,2646,2578,2497,2355,2290,2653,2355,1478,1305,1204,1340,1058,0,0
2024,2024-05-04,Eastbound,Heavy Vehicles,6,7,6,12,12,23,102,111,114,93,116,88,120,116,78,75,66,82,62,42,23,35,26,16,0,0
2024,2024-05-04,Westbound,All Vehicles,540,323,208,183,144,311,719,1289,1946,2509,2695,2741,2801,2720,2630,2468,2386,2754,2437,1525,1343,1238,1367,1086,0,0
2024,2024-05-04,Eastbound,All Vehicles,390,278,188,157,136,243,809,1172,1501,1860,2189,2253,2542,2366,2358,2056,1922,2089,1837,1255,1001,1152,1143,789,0,0
2024,2024-05-05,Westbound,Light Vehicles,703,559,406,263,187,213,537,623,1001,1543,1946,2216,2547,2097,1963,2052,2103,1989,1463,1072,900,740,462,182,0,0
2024,2024-05-05,Eastbound,Heavy Vehicles,8,14,6,11,7,9,13,40,49,43,59,70,73,58,52,43,61,57,33,30,30,21,12,9,0,0
2024,2024-05-05,Eastbound,Light Vehicles,568,446,338,220,156,171,360,534,726,1378,1534,1672,2054,1793,1750,1785,1712,1634,1305,902,769,610,371,210,0,0
2024,2024-05-05,Westbound,Heavy Vehicles,14,12,14,15,11,18,21,36,51,60,63,87,75,91,72,65,70,51,37,29,32,25,17,10,0,0
2024,2024-05-05,Westbound,All Vehicles,717,571,420,278,198,231,558,659,1052,1603,2009,2303,2622,2188,2035,2117,2173,2040,1500,1101,932,765,479,192,0,0
2024,2024-05-05,Eastbound,All Vehicles,576,460,344,231,163,180,373,574,775,1421,1593,1742,2127,1851,1802,1828,1773,1691,1338,932,799,631,383,219,0,0
2024,2024-05-06,Westbound,Light Vehicles,159,91,61,68,165,582,1421,2730,3089,2344,2025,1987,1980,1921,2148,2500,2581,2512,1811,1145,880,729,377,200,0,0
2024,2024-05-06,Westbound,Heavy Vehicles,3,8,12,10,26,55,154,174,212,283,252,269,283,242,300,352,226,158,85,44,43,22,15,8,0,0
2024,2024-05-06,Eastbound,Heavy Vehicles,22,5,10,14,16,88,402,327,236,257,271,226,187,190,133,159,109,100,67,37,26,22,15,7,0,0
2024,2024-05-06,Eastbound,Light Vehicles,118,78,60,67,111,448,1876,2114,1769,1659,1622,1541,1567,1532,1711,1829,2011,2371,1943,1038,819,641,372,215,0,0
2024,2024-05-06,Westbound,All Vehicles,162,99,73,78,191,637,1575,2904,3301,2627,2277,2256,2263,2163,2448,2852,2807,2670,1896,1189,923,751,392,208,0,0
2024,2024-05-06,Eastbound,All Vehicles,140,83,70,81,127,536,2278,2441,2005,1916,1893,1767,1754,1722,1844,1988,2120,2471,2010,1075,845,663,387,222,0,0
2024,2024-05-07,Westbound,Heavy Vehicles,6,2,8,6,22,43,154,180,206,283,228,363,296,307,311,368,257,166,81,42,28,30,18,14,0,0
2024,2024-05-07,Westbound,Light Vehicles,115,67,39,41,149,598,1590,2804,3182,2652,2034,2177,2160,2037,2296,2560,2525,2593,1874,1341,1134,912,577,265,0,0
2024,2024-05-07,Eastbound,Heavy Vehicles,8,5,11,15,36,71,367,336,211,229,290,255,205,200,159,140,102,102,89,43,35,15,27,13,0,0
2024,2024-05-07,Eastbound,Light Vehicles,103,51,50,57,118,482,1935,2183,1849,1623,1808,1667,1637,1603,1796,1878,2133,2344,2192,1244,994,828,572,277,0,0
2024,2024-05-07,Westbound,All Vehicles,121,69,47,47,171,641,1744,2984,3388,2935,2262,2540,2456,2344,2607,2928,2782,2759,1955,1383,1162,942,595,279,0,0
2024,2024-05-07,Eastbound,All Vehicles,111,56,61,72,154,553,2302,2519,2060,1852,2098,1922,1842,1803,1955,2018,2235,2446,2281,1287,1029,843,599,290,0,0
2024,2024-05-08,Westbound,Light Vehicles,135,77,61,61,155,616,1590,2663,3035,2717,2241,2232,2090,2099,2261,2646,2632,2571,2027,1437,1107,1013,731,407,0,0
2024,2024-05-08,Eastbound,Light Vehicles,142,87,54,43,125,516,1901,2198,1766,1861,1742,1604,1732,1684,1870,1782,2121,2282,2356,1511,1027,979,672,299,0,0
2024,2024-05-08,Westbound,Heavy Vehicles,4,4,9,22,23,63,147,212,197,267,290,300,302,305,313,375,246,162,88,56,30,27,14,11,0,0
2024,2024-05-08,Eastbound,Heavy Vehicles,10,7,6,20,30,83,397,327,226,269,270,233,225,195,174,143,115,85,95,52,30,28,12,10,0,0
2024,2024-05-08,Westbound,All Vehicles,139,81,70,83,178,679,1737,2875,3232,2984,2531,2532,2392,2404,2574,3021,2878,2733,2115,1493,1137,1040,745,418,0,0
2024,2024-05-08,Eastbound,All Vehicles,152,94,60,63,155,599,2298,2525,1992,2130,2012,1837,1957,1879,2044,1925,2236,2367,2451,1563,1057,1007,684,309,0,0
2024,2024-05-09,Westbound,Heavy Vehicles,8,9,8,11,23,59,147,173,231,284,315,313,304,274,295,347,259,165,88,55,41,39,15,12,0,0
2024,2024-05-09,Eastbound,Light Vehicles,147,100,55,56,100,527,1967,2156,1727,1866,1737,1526,1726,1584,1976,1878,2257,2355,2292,1377,1057,1014,773,373,0,0
2024,2024-05-09,Westbound,Light Vehicles,221,143,85,63,149,611,1588,2745,2968,2709,2191,2171,2197,2116,2344,2591,2620,2531,2235,1510,1209,1144,873,443,0,0
2024,2024-05-09,Eastbound,Heavy Vehicles,10,7,4,14,36,72,418,375,227,257,274,182,206,189,165,125,111,109,91,43,45,16,7,16,0,0
2024,2024-05-09,Westbound,All Vehicles,229,152,93,74,172,670,1735,2918,3199,2993,2506,2484,2501,2390,2639,2938,2879,2696,2323,1565,1250,1183,888,455,0,0
2024,2024-05-09,Eastbound,All Vehicles,157,107,59,70,136,599,2385,2531,1954,2123,2011,1708,1932,1773,2141,2003,2368,2464,2383,1420,1102,1030,780,389,0,0
2024,2024-05-10,Westbound,Heavy Vehicles,6,9,7,21,28,49,165,215,226,271,288,336,251,261,275,271,188,130,81,42,36,37,23,22,0,0
2024,2024-05-10,Westbound,Light Vehicles,239,171,116,111,157,590,1430,2373,2837,2504,2300,2418,2410,2415,2527,2698,2780,2717,2424,1580,1303,1264,1179,801,0,0
2024,2024-05-10,Eastbound,Heavy Vehicles,7,9,8,14,28,89,405,322,263,266,282,219,216,180,151,155,110,123,77,53,41,20,25,16,0,0
2024,2024-05-10,Eastbound,Light Vehicles,197,150,99,75,109,531,1932,2278,1942,1862,1811,1871,1914,1834,2143,2035,2070,2412,2148,1456,1051,903,922,706,0,0
2024,2024-05-10,Westbound,All Vehicles,245,180,123,132,185,639,1595,2588,3063,2775,2588,2754,2661,2676,2802,2969,2968,2847,2505,1622,1339,1301,1202,823,0,0
2024,2024-05-10,Eastbound,All Vehicles,204,159,107,89,137,620,2337,2600,2205,2128,2093,2090,2130,2014,2294,2190,2180,2535,2225,1509,1092,923,947,722,0,0
2024,2024-05-11,Eastbound,Light Vehicles,420,314,220,166,145,228,771,915,1308,1776,1980,2053,2147,2148,2044,1841,1850,1873,1712,1244,877,933,1058,863,0,0
2024,2024-05-11,Westbound,Heavy Vehicles,12,9,8,8,16,24,51,95,125,107,124,152,138,124,113,112,108,82,52,46,26,31,31,24,0,0
2024,2024-05-11,Eastbound,Heavy Vehicles,13,10,3,14,15,21,104,106,85,108,87,87,94,70,86,81,70,49,52,47,21,35,21,15,0,0
2024,2024-05-11,Westbound,Light Vehicles,525,347,252,227,154,273,679,1083,1617,2266,2462,2618,2643,2633,2345,2337,2412,2540,2135,1496,1190,1099,1243,1135,0,0
2024,2024-05-11,Eastbound,All Vehicles,433,324,223,180,160,249,875,1021,1393,1884,2067,2140,2241,2218,2130,1922,1920,1922,1764,1291,898,968,1079,878,0,0
2024,2024-05-11,Westbound,All Vehicles,537,356,260,235,170,297,730,1178,1742,2373,2586,2770,2781,2757,2458,2449,2520,2622,2187,1542,1216,1130,1274,1159,0,0
2024,2024-05-12,Eastbound,Light Vehicles,552,411,326,222,145,149,276,549,871,1407,1573,1954,2041,2034,1916,1846,2038,1975,1316,995,875,686,394,182,0,0
2024,2024-05-12,Westbound,Light Vehicles,794,552,466,286,185,191,415,647,1064,1707,2213,2550,2600,2307,2152,2304,2291,2270,1569,1109,956,759,421,217,0,0
2024,2024-05-12,Eastbound,Heavy Vehicles,15,7,11,7,8,10,11,33,40,56,49,63,67,62,67,44,56,57,28,31,21,14,9,13,0,0
2024,2024-05-12,Westbound,Heavy Vehicles,13,10,11,6,11,9,23,34,41,57,71,93,91,70,82,94,76,74,50,33,29,23,10,13,0,0
2024,2024-05-12,Eastbound,All Vehicles,567,418,337,229,153,159,287,582,911,1463,1622,2017,2108,2096,1983,1890,2094,2032,1344,1026,896,700,403,195,0,0
2024,2024-05-12,Westbound,All Vehicles,807,562,477,292,196,200,438,681,1105,1764,2284,2643,2691,2377,2234,2398,2367,2344,1619,1142,985,782,431,230,0,0
2024,2024-05-13,Westbound,Light Vehicles,112,78,39,65,159,612,1498,2640,2939,2478,1992,1971,1985,1952,2146,,2397,2415,1729,1092,957,686,388,244,0,0
2024,2024-05-13,Eastbound,Heavy Vehicles,13,7,8,13,21,67,304,342,240,251,224,197,182,174,141,128,126,91,61,27,36,22,10,13,0,0
2024,2024-05-13,Westbound,Heavy Vehicles,4,8,7,14,25,52,131,198,210,239,308,266,252,268,302,,235,157,72,43,39,21,17,14,0,0
2024,2024-05-13,Eastbound,Light Vehicles,100,66,54,68,100,463,1822,2139,1833,1637,1545,1600,1565,1508,1839,1906,2024,2314,1895,1104,778,574,396,193,0,0
2024,2024-05-13,Westbound,All Vehicles,116,86,46,79,184,664,1629,2838,3149,2717,2300,2237,2237,2220,2448,,2632,2572,1801,1135,996,707,405,258,0,0
2024,2024-05-13,Eastbound,All Vehicles,113,73,62,81,121,530,2126,2481,2073,1888,1769,1797,1747,1682,1980,2034,2150,2405,1956,1131,814,596,406,206,0,0
2024,2024-05-14,Eastbound,Heavy Vehicles,12,4,10,13,25,83,389,358,216,246,267,195,207,165,170,168,120,105,76,36,33,29,15,9,0,0
2024,2024-05-14,Eastbound,Light Vehicles,88,55,33,39,100,510,1994,2166,1848,1772,1746,1672,1691,1643,1896,1856,2097,2263,2268,1223,1010,878,583,265,0,0
2024,2024-05-14,Westbound,Heavy Vehicles,7,5,7,9,22,50,152,171,205,263,264,295,275,283,311,349,263,191,77,42,43,26,20,15,0,0
2024,2024-05-14,Westbound,Light Vehicles,103,60,44,42,157,639,1637,2823,3046,2444,2022,2087,2146,2080,2216,2689,2668,2608,1915,1383,1114,938,625,321,0,0
2024,2024-05-14,Eastbound,All Vehicles,100,59,43,52,125,593,2383,2524,2064,2018,2013,1867,1898,1808,2066,2024,2217,2368,2344,1259,1043,907,598,274,0,0
2024,2024-05-14,Westbound,All Vehicles,110,65,51,51,179,689,1789,2994,3251,2707,2286,2382,2421,2363,2527,3038,2931,2799,1992,1425,1157,964,645,336,0,0
2024,2024-05-15,Eastbound,Light Vehicles,143,82,54,53,103,552,2041,2211,1804,1925,1788,1731,1860,1708,1884,1787,2197,2230,1893,1316,1023,1051,710,375,0,0
2024,2024-05-15,Eastbound,Heavy Vehicles,11,5,4,12,32,90,371,371,219,266,305,219,212,181,174,156,104,119,85,44,37,17,11,9,0,0
2024,2024-05-15,Westbound,Light Vehicles,152,89,56,72,150,628,1677,2701,3083,2549,2117,2208,2167,2124,2322,2653,2691,2746,2164,1415,1112,1157,756,378,0,0
2024,2024-05-15,Westbound,Heavy Vehicles,7,7,11,18,29,55,149,210,220,226,326,308,280,265,298,330,264,193,72,40,33,22,22,14,0,0
2024,2024-05-15,Eastbound,All Vehicles,154,87,58,65,135,642,2412,2582,2023,2191,2093,1950,2072,1889,2058,1943,2301,2349,1978,1360,1060,1068,721,384,0,0
2024,2024-05-15,Westbound,All Vehicles,159,96,67,90,179,683,1826,2911,3303,2775,2443,2516,2447,2389,2620,2983,2955,2939,2236,1455,1145,1179,778,392,0,0
2024,2024-05-16,Eastbound,Light Vehicles,195,134,65,60,117,517,1987,2112,1812,1860,1792,1737,1843,1790,1866,1858,2218,2246,2077,1487,1072,1167,875,485,0,0
2024,2024-05-16,Westbound,Heavy Vehicles,4,12,10,12,17,55,162,166,192,251,278,289,320,237,322,329,277,184,107,59,31,28,26,17,0,0
2024,2024-05-16,Eastbound,Heavy Vehicles,9,5,8,14,34,90,372,374,235,276,249,215,219,200,158,145,131,112,71,42,38,26,14,16,0,0
2024,2024-05-16,Westbound,Light Vehicles,212,168,79,56,166,642,1601,2768,3055,2512,2104,2238,2215,2153,2447,2638,2755,2742,2239,1581,1333,1191,936,517,0,0
2024,2024-05-16,Eastbound,All Vehicles,204,139,73,74,151,607,2359,2486,2047,2136,2041,1952,2062,1990,2024,2003,2349,2358,2148,1529,1110,1193,889,501,0,0
2024,2024-05-16,Westbound,All Vehicles,216,180,89,68,183,697,1763,2934,3247,2763,2382,2527,2535,2390,2769,2967,3032,2926,2346,1640,1364,1219,962,534,0,0
2024,2024-05-17,Westbound,Light Vehicles,262,193,109,88,160,617,1417,2433,2779,2486,2303,2345,2410,2312,2535,2709,2724,2706,2544,,1173,1264,1296,1042,0,0
2024,2024-05-17,Eastbound,Light Vehicles,261,150,119,89,127,570,2108,2234,1942,1922,1806,1910,1959,1909,2142,1940,2120,2316,2278,1620,1047,1025,1018,716,0,0
2024,2024-05-17,Westbound,Heavy Vehicles,11,7,13,18,27,56,178,199,268,256,306,284,279,295,266,309,251,190,107,,48,42,35,26,0,0
2024,2024-05-17,Eastbound,Heavy Vehicles,12,9,10,16,37,96,385,313,242,238,236,215,214,195,179,152,124,118,87,47,43,18,34,20,0,0
2024,2024-05-17,Westbound,All Vehicles,273,200,122,106,187,673,1595,2632,3047,2742,2609,2629,2689,2607,2801,3018,2975,2896,2651,,1221,1306,1331,1068,0,0
2024,2024-05-17,Eastbound,All Vehicles,273,159,129,105,164,666,2493,2547,2184,2160,2042,2125,2173,2104,2321,2092,2244,2434,2365,1667,1090,1043,1052,736,0,0
2024,2024-05-18,Eastbound,Heavy Vehicles,10,11,11,11,12,24,97,98,114,128,108,98,112,95,92,74,65,61,47,37,16,16,18,13,0,0
2024,2024-05-18,Westbound,Light Vehicles,628,450,272,214,191,305,792,1501,1901,2487,2648,2813,2423,2469,2468,2347,2254,2441,2253,1607,1269,1285,1258,1149,0,0
2024,2024-05-18,Westbound,Heavy Vehicles,21,12,10,12,19,24,67,82,76,107,127,113,128,121,108,100,99,103,77,57,24,23,28,21,0,0
2024,2024-05-18,Eastbound,Light Vehicles,452,356,213,188,150,238,782,1182,1428,1929,2172,2156,1931,1939,2250,1886,1808,1944,1823,1344,1034,1140,1079,840,0,0
2024,2024-05-18,Eastbound,All Vehicles,462,367,224,199,162,262,879,1280,1542,2057,2280,2254,2043,2034,2342,1960,1873,2005,1870,1381,1050,1156,1097,853,0,0
2024,2024-05-18,Westbound,All Vehicles,649,462,282,226,210,329,859,1583,1977,2594,2775,2926,2551,2590,2576,2447,2353,2544,2330,1664,1293,1308,1286,1170,0,0
2024,2024-05-19,Eastbound,Light Vehicles,559,361,294,184,154,170,328,571,914,1534,1745,1955,2208,2274,2010,1997,1968,1763,1351,951,780,553,360,159,0,0
2024,2024-05-19,Eastbound,Heavy Vehicles,12,8,7,9,7,12,12,32,42,53,68,82,68,55,64,50,56,55,50,30,18,15,9,12,0,0
2024,2024-05-19,Westbound,Heavy Vehicles,13,9,7,8,9,18,34,43,47,60,88,94,93,81,80,74,94,73,54,40,19,21,14,10,0,0
2024,2024-05-19,Westbound,Light Vehicles,761,510,437,287,175,242,454,705,1169,1776,2164,2366,2571,2459,2305,2309,2368,2318,1658,1059,899,676,410,227,0,0
2024,2024-05-19,Eastbound,All Vehicles,571,369,301,193,161,182,340,603,956,1587,1813,2037,2276,2329,2074,2047,2024,1818,1401,981,798,568,369,171,0,0
2024,2024-05-19,Westbound,All Vehicles,774,519,444,295,184,260,488,748,1216,1836,2252,2460,2664,2540,2385,2383,2462,2391,1712,1099,918,697,424,237,0,0
2024,2024-05-20,Eastbound,Light Vehicles,104,62,65,62,87,483,1987,2170,1740,1753,1557,1602,1543,1497,1783,1759,2004,2226,1917,1039,749,609,356,192,0,0
2024,2024-05-20,Westbound,Heavy Vehicles,7,14,6,18,22,52,163,197,239,259,293,299,287,289,329,368,261,162,74,49,32,25,37,34,0,0
2024,2024-05-20,Eastbound,Heavy Vehicles,10,6,6,10,20,79,389,327,257,262,263,205,178,162,145,136,98,101,57,48,23,20,33,26,0,0
2024,2024-05-20,Westbound,Light Vehicles,143,90,56,75,161,586,1458,2646,2962,2180,1900,1918,2051,1904,2206,2468,2416,2404,1643,1134,849,691,407,222,0,0
2024,2024-05-20,Eastbound,All Vehicles,114,68,71,72,107,562,2376,2497,1997,2015,1820,1807,1721,1659,1928,1895,2102,2327,1974,1087,772,629,389,218,0,0
2024,2024-05-20,Westbound,All Vehicles,150,104,62,93,183,638,1621,2843,3201,2439,2193,2217,2338,2193,2535,2836,2677,2566,1717,1183,881,716,444,256,0,0
2024,2024-05-21,Westbound,Heavy Vehicles,21,13,10,14,20,52,161,210,221,242,262,354,259,284,312,343,291,164,82,51,43,31,41,31,0,0
2024,2024-05-21,Eastbound,Heavy Vehicles,22,9,9,13,31,74,392,326,209,230,228,189,208,164,148,152,119,83,76,35,39,18,30,31,0,0
2024,2024-05-21,Eastbound,Light Vehicles,103,69,46,54,101,512,1988,2217,1708,1798,1659,1646,1695,1694,1893,1921,2122,2348,2129,1254,1019,866,528,277,0,0
2024,2024-05-21,Westbound,Light Vehicles,134,71,52,49,164,614,1615,2733,3101,2367,2076,2066,2046,1913,2152,2577,2574,2553,1860,1303,1043,957,560,324,0,0
2024,2024-05-21,Westbound,All Vehicles,155,84,62,63,184,666,1776,2943,3322,2609,2338,2420,2305,2197,2464,2920,2865,2717,1942,1354,1086,988,601,355,0,0
2024,2024-05-21,Eastbound,All Vehicles,125,78,55,67,132,586,2380,2543,1917,2028,1887,1835,1903,1858,2041,2073,2241,2431,2205,1289,1058,884,558,308,0,0
2024,2024-05-22,Westbound,Light Vehicles,150,78,62,69,160,645,1613,2690,3021,2384,2080,2029,2027,2098,2255,2548,2597,2607,1975,1383,1093,958,722,462,0,0
2024,2024-05-22,Eastbound,Heavy Vehicles,22,10,6,11,31,81,419,367,213,264,242,226,211,194,171,156,123,98,80,47,38,33,28,34,0,0
2024,2024-05-22,Westbound,Heavy Vehicles,25,5,12,13,25,67,165,193,231,238,291,313,282,273,312,389,305,179,92,44,37,34,47,26,0,0
2024,2024-05-22,Eastbound,Light Vehicles,121,72,68,45,117,559,2021,2243,1807,1847,1858,1871,1853,1759,2019,1851,2139,2365,2013,1319,1032,915,664,412,0,0
2024,2024-05-22,Westbound,All Vehicles,175,83,74,82,185,712,1778,2883,3252,2622,2371,2342,2309,2371,2567,2937,2902,2786,2067,1427,1130,992,769,488,0,0
2024,2024-05-22,Eastbound,All Vehicles,143,82,74,56,148,640,2440,2610,2020,2111,2100,2097,2064,1953,2190,2007,2262,2463,2093,1366,1070,948,692,446,0,0
2024,2024-05-23,Eastbound,Light Vehicles,180,122,69,72,131,532,2039,2151,1746,1905,1845,1749,1761,1694,1955,1835,2115,2242,2298,1391,1132,1061,600,430,0,0
2024,2024-05-23,Westbound,Light Vehicles,230,156,90,71,149,634,1535,2653,3005,2458,2089,2148,2141,2106,2312,2547,2726,2695,2221,1613,1282,1120,825,487,0,0
2024,2024-05-23,Eastbound,Heavy Vehicles,24,7,10,19,35,70,434,335,225,255,236,232,181,155,169,141,134,99,90,48,42,36,25,34,0,0
2024,2024-05-23,Westbound,Heavy Vehicles,22,10,12,23,25,60,162,208,216,242,277,337,330,318,366,291,291,199,104,50,50,52,43,38,0,0
2024,2024-05-23,Eastbound,All Vehicles,204,129,79,91,166,602,2473,2486,1971,2160,2081,1981,1942,1849,2124,1976,2249,2341,2388,1439,1174,1097,625,464,0,0
2024,2024-05-23,Westbound,All Vehicles,252,166,102,94,174,694,1697,2861,3221,2700,2366,2485,2471,2424,2678,2838,3017,2894,2325,1663,1332,1172,868,525,0,0
2024,2024-05-24,Eastbound,Light Vehicles,196,139,98,81,124,531,2068,2191,1994,1800,1810,1802,1939,1850,2030,1947,2106,2109,1693,1428,1126,988,928,681,0,0
2024,2024-05-24,Westbound,Light Vehicles,239,166,98,93,168,607,1393,2344,2571,2271,2311,2300,2384,2275,2472,2871,2791,2655,,1535,1251,1213,1144,881,0,0
2024,2024-05-24,Eastbound,Heavy Vehicles,24,8,11,12,23,75,411,356,237,274,216,183,185,139,132,128,92,72,99,39,22,23,17,13,0,0
2024,2024-05-24,Westbound,Heavy Vehicles,23,12,8,18,26,58,150,216,211,256,307,325,321,300,353,317,246,179,,52,47,35,25,25,0,0
2024,2024-05-24,Eastbound,All Vehicles,220,147,109,93,147,606,2479,2547,2231,2074,2026,1985,2124,1989,2162,2075,2198,2181,1792,1467,1148,1011,945,694,0,0
2024,2024-05-24,Westbound,All Vehicles,262,178,106,111,194,665,1543,2560,2782,2527,2618,2625,2705,2575,2825,3188,3037,2834,,1587,1298,1248,1169,906,0,0
2024,2024-05-25,Westbound,Heavy Vehicles,13,9,7,12,13,11,,69,130,132,159,146,158,152,135,122,110,108,69,54,40,39,31,27,0,0
2024,2024-05-25,Eastbound,Heavy Vehicles,12,11,5,12,11,28,111,133,109,108,109,92,106,85,57,54,58,53,51,40,30,26,15,10,0,0
2024,2024-05-25,Westbound,Light Vehicles,580,352,216,189,153,105,,975,1979,2530,2712,2679,2822,2739,2586,2421,2416,2479,2164,1606,1289,1314,1373,1158,0,0
2024,2024-05-25,Eastbound,Light Vehicles,402,308,199,148,147,276,926,1260,1478,1920,2179,2172,2307,2304,2210,1904,1757,1994,1679,1343,1146,1071,1226,889,0,0
2024,2024-05-25,Westbound,All Vehicles,593,361,223,201,166,116,,1044,2109,2662,2871,2825,2980,2891,2721,2543,2526,2587,2233,1660,1329,1353,1404,1185,0,0
2024,2024-05-25,Eastbound,All Vehicles,414,319,204,160,158,304,1037,1393,1587,2028,2288,2264,2413,2389,2267,1958,1815,2047,1730,1383,1176,1097,1241,899,0,0
2024,2024-05-26,Westbound,Heavy Vehicles,16,17,8,14,5,18,19,30,58,71,86,91,81,96,73,82,86,80,60,38,34,30,16,11,0,0
2024,2024-05-26,Eastbound,Heavy Vehicles,16,6,6,8,5,11,15,37,58,68,62,63,77,58,58,60,76,44,39,29,32,21,15,12,0,0
2024,2024-05-26,Eastbound,Light Vehicles,653,419,309,254,144,167,346,595,995,1495,1792,1897,2243,2008,1993,1845,1855,1794,1272,906,807,592,427,204,0,0
2024,2024-05-26,Westbound,Light Vehicles,816,617,504,336,193,228,431,676,1170,1871,2119,2339,2498,2364,2274,2369,2617,2311,1623,1061,943,670,490,260,0,0
2024,2024-05-26,Westbound,All Vehicles,832,634,512,350,198,246,450,706,1228,1942,2205,2430,2579,2460,2347,2451,2703,2391,1683,1099,977,700,506,271,0,0
2024,2024-05-26,Eastbound,All Vehicles,669,425,315,262,149,178,361,632,1053,1563,1854,1960,2320,2066,2051,1905,1931,1838,1311,935,839,613,442,216,0,0
2024,2024-05-27,Eastbound,Light Vehicles,124,75,65,58,112,489,1937,2116,1774,1649,1529,1564,1500,1562,1800,1677,1978,2291,1822,1060,874,602,364,160,0,0
2024,2024-05-27,Westbound,Heavy Vehicles,6,7,9,20,30,56,136,180,225,253,295,314,295,286,304,365,279,162,80,43,38,29,22,11,0,0
2024,2024-05-27,Eastbound,Heavy Vehicles,7,7,9,12,23,73,418,337,224,260,230,250,194,164,164,137,112,111,69,32,38,20,14,16,0,0
2024,2024-05-27,Westbound,Light Vehicles,135,94,64,70,182,592,1426,2587,2941,2334,2004,1995,1945,1883,2191,2579,2495,2412,1720,1138,897,684,397,200,0,0
2024,2024-05-27,Eastbound,All Vehicles,131,82,74,70,135,562,2355,2453,1998,1909,1759,1814,1694,1726,1964,1814,2090,2402,1891,1092,912,622,378,176,0,0
2024,2024-05-27,Westbound,All Vehicles,141,101,73,90,212,648,1562,2767,3166,2587,2299,2309,2240,2169,2495,2944,2774,2574,1800,1181,935,713,419,211,0,0
2024,2024-05-28,Eastbound,Light Vehicles,93,59,44,46,93,525,1903,2132,1690,1764,1750,1623,1739,1608,1810,1730,2161,2310,2082,1200,1033,890,484,259,0,0
2024,2024-05-28,Eastbound,Heavy Vehicles,9,5,7,15,32,72,424,371,210,253,263,236,213,200,183,150,114,113,80,43,32,27,16,9,0,0
2024,2024-05-28,Westbound,Light Vehicles,87,71,52,48,138,640,1524,2793,2954,2402,1977,1982,2120,2069,2251,2642,2646,2495,1921,1274,1083,927,566,280,0,0
2024,2024-05-28,Westbound,Heavy Vehicles,6,11,11,14,21,60,152,196,206,267,269,328,303,292,314,339,278,177,78,46,37,28,24,17,0,0
2024,2024-05-28,Eastbound,All Vehicles,102,64,51,61,125,597,2327,2503,1900,2017,2013,1859,1952,1808,1993,1880,2275,2423,2162,1243,1065,917,500,268,0,0
2024,2024-05-28,Westbound,All Vehicles,93,82,63,62,159,700,1676,2989,3160,2669,2246,2310,2423,2361,2565,2981,2924,2672,1999,1320,1120,955,590,297,0,0
2024,2024-05-29,Westbound,Light Vehicles,123,78,71,54,149,622,1518,2701,2964,2473,2039,2078,2032,2129,2316,2632,2633,2648,2091,1365,1061,1008,760,369,0,0
2024,2024-05-29,Westbound,Heavy Vehicles,8,8,12,12,24,59,154,211,237,271,302,327,311,337,307,350,277,214,99,42,44,33,16,16,0,0
2024,2024-05-29,Eastbound,Light Vehicles,118,59,58,43,113,531,2024,2091,1770,1871,1658,1692,1721,1714,1902,1768,2026,2260,2072,1274,1071,979,704,304,0,0
2024,2024-05-29,Eastbound,Heavy Vehicles,14,3,11,15,35,92,422,367,266,274,245,215,217,179,165,126,111,96,68,45,39,25,24,10,0,0
2024,2024-05-29,Westbound,All Vehicles,131,86,83,66,173,681,1672,2912,3201,2744,2341,2405,2343,2466,2623,2982,2910,2862,2190,1407,1105,1041,776,385,0,0
2024,2024-05-29,Eastbound,All Vehicles,132,62,69,58,148,623,2446,2458,2036,2145,1903,1907,1938,1893,2067,1894,2137,2356,2140,1319,1110,1004,728,314,0,0
2024,2024-05-30,Westbound,Light Vehicles,208,128,62,82,164,638,1507,2687,3046,2425,2172,2209,2140,,2379,2732,2727,,2169,1469,1316,1113,853,511,0,0
2024,2024-05-30,Westbound,Heavy Vehicles,4,6,9,15,18,57,154,213,246,283,293,316,325,,314,336,258,,115,53,45,36,21,18,0,0
2024,2024-05-30,Eastbound,Heavy Vehicles,9,7,6,15,33,71,459,368,219,268,265,233,213,179,181,142,126,94,100,65,41,22,19,17,0,0
2024,2024-05-30,Eastbound,Light Vehicles,197,104,67,71,121,515,1977,2099,1828,1907,1770,1759,1805,1736,1858,1824,2112,2374,2205,1337,1078,1019,769,440,0,0
2024,2024-05-30,Westbound,All Vehicles,212,134,71,97,182,695,1661,2900,3292,2708,2465,2525,2465,,2693,3068,2985,,2284,1522,1361,1149,874,529,0,0
2024,2024-05-30,Eastbound,All Vehicles,206,111,73,86,154,586,2436,2467,2047,2175,2035,1992,2018,1915,2039,1966,2238,2468,2305,1402,1119,1041,788,457,0,0
2024,2024-05-31,Westbound,Light Vehicles,267,142,98,89,189,576,1371,2344,2727,2426,2332,2338,2463,2179,2510,2671,2749,2670,2304,1611,1245,1341,1187,918,0,0
2024,2024-05-31,Westbound,Heavy Vehicles,9,17,6,13,29,56,149,186,255,298,295,327,320,317,314,311,269,195,109,58,28,40,27,23,0,0
2024,2024-05-31,Eastbound,Heavy Vehicles,13,11,6,19,26,103,403,363,246,274,260,238,224,203,163,139,121,111,74,43,31,16,25,18,0,0
2024,2024-05-31,Eastbound,Light Vehicles,200,118,99,80,110,486,2048,2221,1927,1721,1784,1784,1905,1833,2053,1959,2173,2418,2112,1381,1094,959,902,718,0,0
2024,2024-05-31,Westbound,All Vehicles,276,159,104,102,218,632,1520,2530,2982,2724,2627,2665,2783,2496,2824,2982,3018,2865,2413,1669,1273,1381,1214,941,0,0
2024,2024-05-31,Eastbound,All Vehicles,213,129,105,99,136,589,2451,2584,2173,1995,2044,2022,2129,2036,2216,2098,2294,2529,2186,1424,1125,975,927,736,0,0
2024,2024-06-01,Westbound,Light Vehicles,550,396,280,183,156,326,737,1393,1875,2366,2610,2651,2283,2332,2016,1624,2357,2443,2032,1417,1116,1093,1150,957,0,0
2024,2024-06-01,Eastbound,Light Vehicles,442,298,237,164,152,221,807,1186,1536,1945,2141,2045,1952,1833,1693,1587,1833,1786,1593,1167,990,969,932,795,0,0
2024,2024-06-01,Eastbound,Heavy Vehicles,14,6,5,12,14,26,101,140,110,104,90,117,86,89,85,63,61,57,40,32,27,29,22,13,0,0
2024,2024-06-01,Westbound,Heavy Vehicles,16,9,9,9,17,29,57,107,114,133,127,128,152,168,125,194,119,100,73,42,28,30,35,25,0,0
2024,2024-06-01,Westbound,All Vehicles,566,405,289,192,173,355,794,1500,1989,2499,2737,2779,2435,2500,2141,1818,2476,2543,2105,1459,1144,1123,1185,982,0,0
2024,2024-06-01,Eastbound,All Vehicles,456,304,242,176,166,247,908,1326,1646,2049,2231,2162,2038,1922,1778,1650,1894,1843,1633,1199,1017,998,954,808,0,0
2024,2024-06-02,Eastbound,Heavy Vehicles,6,10,7,9,5,8,13,29,53,56,66,71,56,55,68,60,55,56,39,34,20,22,12,13,0,0
2024,2024-06-02,Westbound,Light Vehicles,685,493,420,233,183,191,357,593,861,1576,2035,2299,2391,2130,2039,2166,2119,1980,1578,1133,994,706,487,258,0,0
2024,2024-06-02,Eastbound,Light Vehicles,508,393,275,190,151,137,263,535,852,1329,1510,1784,1985,1875,1860,1792,1699,1541,1232,885,731,614,377,196,0,0
2024,2024-06-02,Westbound,Heavy Vehicles,14,11,7,8,8,11,16,25,52,65,78,84,92,78,72,86,74,64,57,32,23,29,15,12,0,0
2024,2024-06-02,Eastbound,All Vehicles,514,403,282,199,156,145,276,564,905,1385,1576,1855,2041,1930,1928,1852,1754,1597,1271,919,751,636,389,209,0,0
2024,2024-06-02,Westbound,All Vehicles,699,504,427,241,191,202,373,618,913,1641,2113,2383,2483,2208,2111,2252,2193,2044,1635,1165,1017,735,502,270,0,0
2024,2024-06-03,Westbound,Light Vehicles,136,72,65,55,165,603,1420,2626,2934,2204,2000,2031,2037,1947,2219,2491,2533,2385,1836,1171,899,674,432,233,0,0
2024,2024-06-03,Eastbound,Light Vehicles,130,70,47,64,100,530,1946,2071,1752,1698,1475,1396,1606,1585,1761,1700,2005,2248,1817,1034,763,629,547,235,0,0
2024,2024-06-03,Eastbound,Heavy Vehicles,10,7,6,11,27,71,420,360,245,271,232,227,197,179,171,154,121,112,75,53,29,21,17,11,0,0
2024,2024-06-03,Westbound,Heavy Vehicles,12,7,14,15,20,61,150,192,223,276,293,294,292,300,342,368,267,186,87,42,42,29,26,17,0,0
2024,2024-06-03,Westbound,All Vehicles,148,79,79,70,185,664,1570,2818,3157,2480,2293,2325,2329,2247,2561,2859,2800,2571,1923,1213,941,703,458,250,0,0
2024,2024-06-03,Eastbound,All Vehicles,140,77,53,75,127,601,2366,2431,1997,1969,1707,1623,1803,1764,1932,1854,2126,2360,1892,1087,792,650,564,246,0,0
2024,2024-06-04,Westbound,Heavy Vehicles,5,10,8,10,23,67,163,209,233,270,297,357,308,313,345,370,285,168,80,51,39,28,20,14,0,0
2024,2024-06-04,Eastbound,Heavy Vehicles,6,5,5,19,29,78,404,344,225,252,256,207,215,168,138,106,103,68,61,43,27,23,20,14,0,0
2024,2024-06-04,Westbound,Light Vehicles,125,74,48,47,146,574,1567,2704,3083,2478,2090,2012,2073,2037,2170,2652,2599,2635,1863,1354,1049,874,561,271,0,0
2024,2024-06-04,Eastbound,Light Vehicles,102,71,42,64,97,516,1968,2143,1848,1758,1656,1658,1672,1636,1926,1923,2150,2401,2050,1261,966,783,533,220,0,0
2024,2024-06-04,Westbound,All Vehicles,130,84,56,57,169,641,1730,2913,3316,2748,2387,2369,2381,2350,2515,3022,2884,2803,1943,1405,1088,902,581,285,0,0
2024,2024-06-04,Eastbound,All Vehicles,108,76,47,83,126,594,2372,2487,2073,2010,1912,1865,1887,1804,2064,2029,2253,2469,2111,1304,993,806,553,234,0,0
2024,2024-06-05,Westbound,Heavy Vehicles,16,8,12,17,24,60,167,201,220,267,286,330,298,287,356,358,252,193,100,52,28,23,25,22,0,0
2024,2024-06-05,Eastbound,Heavy Vehicles,10,8,8,17,36,74,383,344,207,280,259,213,196,198,113,123,99,116,70,38,25,21,27,18,0,0
2024,2024-06-05,Eastbound,Light Vehicles,80,85,57,51,94,481,2015,2215,1819,1876,1758,1721,1704,1660,1936,1882,2041,2358,2119,1357,929,851,952,497,0,0
2024,2024-06-05,Westbound,Light Vehicles,115,84,54,67,148,603,1526,2751,3053,2544,2114,2154,2162,2032,2373,2699,2611,2518,2151,1383,1033,917,903,462,0,0
2024,2024-06-05,Westbound,All Vehicles,131,92,66,84,172,663,1693,2952,3273,2811,2400,2484,2460,2319,2729,3057,2863,2711,2251,1435,1061,940,928,484,0,0
2024,2024-06-05,Eastbound,All Vehicles,90,93,65,68,130,555,2398,2559,2026,2156,2017,1934,1900,1858,2049,2005,2140,2474,2189,1395,954,872,979,515,0,0
2024,2024-06-06,Eastbound,Light Vehicles,220,123,88,68,122,477,1958,2101,1830,1898,1711,1661,1775,1669,1862,1721,2037,2189,2029,1429,1068,854,757,438,0,0
2024,2024-06-06,Westbound,Light Vehicles,276,164,96,82,147,573,1423,2741,2983,2510,2134,2206,2227,2235,2298,2441,2562,2359,1943,1479,1164,1004,825,471,0,0
2024,2024-06-06,Westbound,Heavy Vehicles,8,7,8,9,24,59,141,172,247,241,291,297,322,295,337,313,227,138,84,51,38,38,17,13,0,0
2024,2024-06-06,Eastbound,Heavy Vehicles,9,6,6,11,31,80,407,318,227,231,251,231,166,164,160,128,88,87,60,49,26,20,20,11,0,0
2024,2024-06-06,Eastbound,All Vehicles,229,129,94,79,153,557,2365,2419,2057,2129,1962,1892,1941,1833,2022,1849,2125,2276,2089,1478,1094,874,777,449,0,0
2024,2024-06-06,Westbound,All Vehicles,284,171,104,91,171,632,1564,2913,3230,2751,2425,2503,2549,2530,2635,2754,2789,2497,2027,1530,1202,1042,842,484,0,0
2024,2024-06-07,Westbound,Light Vehicles,234,151,106,88,172,542,1294,2259,2476,2469,2231,2352,2447,2369,2448,2673,2566,2432,2080,1515,1067,1157,1022,790,0,0
2024,2024-06-07,Westbound,Heavy Vehicles,12,9,11,11,32,46,138,200,226,260,289,313,292,284,300,280,216,164,84,47,38,33,30,21,0,0
2024,2024-06-07,Eastbound,Light Vehicles,212,148,81,90,102,448,1841,1904,1807,1812,1803,1875,1892,1842,1935,1891,2077,2205,1841,1221,989,928,860,634,0,0
2024,2024-06-07,Eastbound,Heavy Vehicles,14,11,7,13,35,68,334,273,201,222,240,217,210,192,153,117,113,95,48,52,20,27,19,12,0,0
2024,2024-06-07,Westbound,All Vehicles,246,160,117,99,204,588,1432,2459,2702,2729,2520,2665,2739,2653,2748,2953,2782,2596,2164,1562,1105,1190,1052,811,0,0
2024,2024-06-07,Eastbound,All Vehicles,226,159,88,103,137,516,2175,2177,2008,2034,2043,2092,2102,2034,2088,2008,2190,2300,1889,1273,1009,955,879,646,0,0
2024,2024-06-08,Eastbound,Light Vehicles,352,278,187,171,125,222,666,892,1157,1437,1663,1877,2050,1963,1867,1759,1760,1699,1449,1216,1126,1039,1017,866,0,0
2024,2024-06-08,Westbound,Heavy Vehicles,15,10,8,5,16,18,49,74,89,110,140,136,144,123,103,111,103,95,70,40,30,31,23,25,0,0
2024,2024-06-08,Eastbound,Heavy Vehicles,6,6,10,10,12,17,84,123,130,84,96,94,104,79,66,58,52,57,44,32,26,23,16,15,0,0
2024,2024-06-08,Westbound,Light Vehicles,530,383,228,184,158,250,533,971,1388,1996,2324,2458,2534,2345,2319,2240,2265,2509,1896,1377,1160,1210,1209,1007,0,0
2024,2024-06-08,Eastbound,All Vehicles,358,284,197,181,137,239,750,1015,1287,1521,1759,1971,2154,2042,1933,1817,1812,1756,1493,1248,1152,1062,1033,881,0,0
2024,2024-06-08,Westbound,All Vehicles,545,393,236,189,174,268,582,1045,1477,2106,2464,2594,2678,2468,2422,2351,2368,2604,1966,1417,1190,1241,1232,1032,0,0
2024,2024-06-09,Westbound,Heavy Vehicles,10,10,6,5,8,13,21,39,45,49,70,91,80,72,95,79,86,69,52,32,36,22,22,14,0,0
2024,2024-06-09,Eastbound,Light Vehicles,596,384,326,204,159,162,357,568,853,1303,1510,1814,2104,1985,2010,1861,1630,1458,1223,1020,831,807,749,543,0,0
2024,2024-06-09,Eastbound,Heavy Vehicles,7,6,5,7,8,12,21,30,42,49,52,57,70,81,55,51,39,32,36,33,22,18,11,14,0,0
2024,2024-06-09,Westbound,Light Vehicles,797,522,415,332,195,207,384,562,1010,1566,1914,2155,2327,2026,2231,2146,2214,2213,1920,1289,1065,999,971,609,0,0
2024,2024-06-09,Westbound,All Vehicles,807,532,421,337,203,220,405,601,1055,1615,1984,2246,2407,2098,2326,2225,2300,2282,1972,1321,1101,1021,993,623,0,0
2024,2024-06-09,Eastbound,All Vehicles,603,390,331,211,167,174,378,598,895,1352,1562,1871,2174,2066,2065,1912,1669,1490,1259,1053,853,825,760,557,0,0
2024,2024-06-10,Westbound,Light Vehicles,378,281,165,120,118,149,269,385,614,902,1189,1259,1407,1309,1303,1318,1267,1293,889,682,528,457,282,137,0,0
2024,2024-06-10,Westbound,Heavy Vehicles,11,6,4,4,7,10,7,30,31,49,49,63,56,56,41,48,50,48,20,17,24,21,8,6,0,0
2024,2024-06-10,Eastbound,Heavy Vehicles,,,1,5,5,9,8,18,16,25,23,21,25,22,13,24,20,11,13,13,8,9,7,3,0,0
2024,2024-06-10,Eastbound,Light Vehicles,188,116,81,110,64,94,188,208,299,432,520,630,686,627,661,621,580,538,499,395,334,234,159,70,0,0
2024,2024-06-10,Westbound,All Vehicles,389,287,169,124,125,159,276,415,645,951,1238,1322,1463,1365,1344,1366,1317,1341,909,699,552,478,290,143,0,0
2024,2024-06-10,Eastbound,All Vehicles,188,116,82,115,69,103,196,226,315,457,543,651,711,649,674,645,600,549,512,408,342,243,166,73,0,0
2024,2024-06-11,Westbound,Heavy Vehicles,4,6,6,16,18,46,155,185,217,256,314,353,311,296,,380,265,181,81,43,24,33,17,15,0,0
2024,2024-06-11,Westbound,Light Vehicles,86,56,50,48,147,538,1444,2801,3160,2397,2042,1988,2018,1954,,2684,2504,2434,1775,1223,940,742,513,240,0,0
2024,2024-06-11,Eastbound,Heavy Vehicles,9,7,2,18,28,67,388,378,211,310,253,236,213,188,163,146,93,94,78,34,38,26,15,11,0,0
2024,2024-06-11,Eastbound,Light Vehicles,75,44,31,29,108,431,1942,2120,1839,1772,1661,1556,1615,1621,1726,1670,2050,2317,1858,1149,890,745,468,204,0,0
2024,2024-06-11,Westbound,All Vehicles,90,62,56,64,165,584,1599,2986,3377,2653,2356,2341,2329,2250,,3064,2769,2615,1856,1266,964,775,530,255,0,0
2024,2024-06-11,Eastbound,All Vehicles,84,51,33,47,136,498,2330,2498,2050,2082,1914,1792,1828,1809,1889,1816,2143,2411,1936,1183,928,771,483,215,0,0
2024,2024-06-12,Eastbound,Light Vehicles,98,52,51,36,104,507,1977,2103,1834,1872,1759,1633,1743,1668,1820,1752,1988,2164,2160,1275,998,931,643,279,0,0
2024,2024-06-12,Westbound,Light Vehicles,118,74,69,66,152,604,1547,2738,2942,2442,2097,2089,2113,2104,2336,2640,2465,,1948,1328,1142,984,702,342,0,0
2024,2024-06-12,Eastbound,Heavy Vehicles,10,5,9,9,38,87,412,366,225,267,288,247,212,183,177,152,128,73,88,44,36,25,21,16,0,0
2024,2024-06-12,Westbound,Heavy Vehicles,5,9,9,21,27,57,143,197,235,264,302,329,313,305,383,341,277,,98,47,37,26,18,11,0,0
2024,2024-06-12,Eastbound,All Vehicles,108,57,60,45,142,594,2389,2469,2059,2139,2047,1880,1955,1851,1997,1904,2116,2237,2248,1319,1034,956,664,295,0,0
2024,2024-06-12,Westbound,All Vehicles,123,83,78,87,179,661,1690,2935,3177,2706,2399,2418,2426,2409,2719,2981,2742,,2046,1375,1179,1010,720,353,0,0
2024,2024-06-13,Eastbound,Heavy Vehicles,6,6,7,13,41,84,393,395,232,266,270,244,227,197,190,140,113,107,78,56,49,22,23,12,0,0
2024,2024-06-13,Westbound,Light Vehicles,199,133,92,71,142,585,1474,2750,2896,2519,2107,2142,2170,2114,2395,2699,2673,2640,2050,1570,1304,1188,884,475,0,0
2024,2024-06-13,Eastbound,Light Vehicles,165,103,65,52,109,509,1977,2200,1761,1855,1753,1686,1742,1577,1902,1875,2141,2259,2181,1391,1112,1042,762,390,0,0
2024,2024-06-13,Westbound,Heavy Vehicles,10,7,8,13,24,65,177,200,216,256,294,322,302,296,341,379,266,175,118,65,31,23,31,16,0,0
2024,2024-06-13,Eastbound,All Vehicles,171,109,72,65,150,593,2370,2595,1993,2121,2023,1930,1969,1774,2092,2015,2254,2366,2259,1447,1161,1064,785,402,0,0
2024,2024-06-13,Westbound,All Vehicles,209,140,100,84,166,650,1651,2950,3112,2775,2401,2464,2472,2410,2736,3078,2939,2815,2168,1635,1335,1211,915,491,0,0
2024,2024-06-14,Eastbound,Light Vehicles,199,140,73,71,103,521,2005,2246,2048,1774,1673,1802,1558,1669,1903,1765,1937,1836,2020,1326,985,884,930,622,0,0
2024,2024-06-14,Eastbound,Heavy Vehicles,13,5,5,13,32,81,452,368,269,260,264,228,194,173,162,147,127,107,82,45,33,22,15,14,0,0
2024,2024-06-14,Westbound,Heavy Vehicles,11,9,11,16,23,48,157,194,240,293,296,309,268,308,271,250,197,146,,44,33,39,33,18,0,0
2024,2024-06-14,Westbound,Light Vehicles,256,135,96,80,155,573,1390,2511,2795,2501,2260,2374,2021,1927,2225,2380,2421,2355,,1503,1144,1201,1116,821,0,0
2024,2024-06-14,Eastbound,All Vehicles,212,145,78,84,135,602,2457,2614,2317,2034,1937,2030,1752,1842,2065,1912,2064,1943,2102,1371,1018,906,945,636,0,0
2024,2024-06-14,Westbound,All Vehicles,267,144,107,96,178,621,1547,2705,3035,2794,2556,2683,2289,2235,2496,2630,2618,2501,,1547,1177,1240,1149,839,0,0
2024,2024-06-15,Eastbound,Light Vehicles,375,279,183,141,103,202,677,919,1228,1623,1946,2123,2195,2129,2142,1903,1819,2005,1795,1349,1080,1039,1315,928,0,0
2024,2024-06-15,Westbound,Light Vehicles,496,348,220,150,148,266,642,1164,1628,2092,2460,2569,2735,2583,2419,2315,2201,2480,2270,1622,1167,1274,1301,1108,0,0
2024,2024-06-15,Westbound,Heavy Vehicles,10,9,9,10,12,27,59,88,105,128,152,135,134,117,132,106,79,80,65,40,47,38,25,23,0,0
2024,2024-06-15,Eastbound,Heavy Vehicles,10,6,6,9,10,20,96,97,100,91,97,89,79,73,77,56,54,62,38,39,30,22,15,15,0,0
2024,2024-06-15,Eastbound,All Vehicles,385,285,189,150,113,222,773,1016,1328,1714,2043,2212,2274,2202,2219,1959,1873,2067,1833,1388,1110,1061,1330,943,0,0
2024,2024-06-15,Westbound,All Vehicles,506,357,229,160,160,293,701,1252,1733,2220,2612,2704,2869,2700,2551,2421,2280,2560,2335,1662,1214,1312,1326,1131,0,0
2024,2024-06-16,Westbound,Light Vehicles,784,624,445,289,220,222,378,691,1035,1767,2204,2423,2608,2466,2384,2496,2645,2382,1713,979,856,641,475,237,0,0
2024,2024-06-16,Eastbound,Heavy Vehicles,8,4,5,4,6,9,17,33,49,67,66,63,70,62,77,64,57,69,43,29,25,9,19,15,0,0
2024,2024-06-16,Eastbound,Light Vehicles,618,402,317,193,172,164,359,629,922,1391,1709,1896,2230,2184,2113,1906,1823,1705,1385,1032,834,610,598,197,0,0
2024,2024-06-16,Westbound,Heavy Vehicles,12,13,6,6,13,11,25,45,48,78,106,88,85,83,99,87,89,79,61,43,29,22,21,11,0,0
2024,2024-06-16,Westbound,All Vehicles,796,637,451,295,233,233,403,736,1083,1845,2310,2511,2693,2549,2483,2583,2734,2461,1774,1022,885,663,496,248,0,0
2024,2024-06-16,Eastbound,All Vehicles,626,406,322,197,178,173,376,662,971,1458,1775,1959,2300,2246,2190,1970,1880,1774,1428,1061,859,619,617,212,0,0
2024,2024-06-17,Eastbound,Light Vehicles,108,72,59,58,90,475,1850,2100,1770,1717,1492,1585,1613,1466,1735,1838,1966,2236,1890,1022,737,624,317,172,0,0
2024,2024-06-17,Westbound,Light Vehicles,138,83,71,62,164,556,1443,2623,3011,2350,2042,1965,1969,2027,2110,2607,2293,2416,1712,1189,785,669,366,188,0,0
2024,2024-06-17,Eastbound,Heavy Vehicles,10,7,7,9,19,67,361,369,210,276,234,193,196,156,140,124,102,78,57,36,41,32,8,9,0,0
2024,2024-06-17,Westbound,Heavy Vehicles,8,4,6,15,26,52,144,160,235,289,306,312,298,290,315,346,222,150,92,59,24,33,16,9,0,0
2024,2024-06-17,Eastbound,All Vehicles,118,79,66,67,109,542,2211,2469,1980,1993,1726,1778,1809,1622,1875,1962,2068,2314,1947,1058,778,656,325,181,0,0
2024,2024-06-17,Westbound,All Vehicles,146,87,77,77,190,608,1587,2783,3246,2639,2348,2277,2267,2317,2425,2953,2515,2566,1804,1248,809,702,382,197,0,0
2024,2024-06-18,Westbound,Heavy Vehicles,11,14,11,12,15,47,139,197,219,259,301,314,321,,340,381,271,175,88,36,42,17,15,18,0,0
2024,2024-06-18,Eastbound,Light Vehicles,76,62,47,25,106,507,1972,2181,1839,1806,1693,1613,1637,1621,1886,1796,2048,2326,2129,1210,1031,854,495,209,0,0
2024,2024-06-18,Eastbound,Heavy Vehicles,13,6,5,15,32,61,347,334,214,253,275,187,203,169,148,102,91,96,58,44,35,24,17,18,0,0
2024,2024-06-18,Westbound,Light Vehicles,96,68,56,47,150,603,1543,2725,3075,2320,1995,1997,2021,,2303,2629,2570,2669,1854,1175,1029,857,567,255,0,0
2024,2024-06-18,Westbound,All Vehicles,107,82,67,59,165,650,1682,2922,3294,2579,2296,2311,2342,,2643,3010,2841,2844,1942,1211,1071,874,582,273,0,0
2024,2024-06-18,Eastbound,All Vehicles,89,68,52,40,138,568,2319,2515,2053,2059,1968,1800,1840,1790,2034,1898,2139,2422,2187,1254,1066,878,512,227,0,0
2024,2024-06-19,Eastbound,Heavy Vehicles,11,9,6,6,32,77,415,352,187,243,238,224,160,140,155,106,113,91,72,41,31,21,14,7,0,0
2024,2024-06-19,Westbound,Heavy Vehicles,5,9,4,19,21,54,140,187,216,262,301,325,320,288,337,360,270,180,82,57,35,30,26,14,0,0
2024,2024-06-19,Westbound,Light Vehicles,112,97,52,61,128,591,1545,2551,3108,2499,2116,2119,2068,2131,2366,2688,2659,2731,1952,1362,1080,944,685,318,0,0
2024,2024-06-19,Eastbound,Light Vehicles,100,70,55,48,102,497,1924,2198,1874,1884,1777,1685,1798,1695,1869,1924,2063,2330,2179,1220,1003,978,621,278,0,0
2024,2024-06-19,Eastbound,All Vehicles,111,79,61,54,134,574,2339,2550,2061,2127,2015,1909,1958,1835,2024,2030,2176,2421,2251,1261,1034,999,635,285,0,0
2024,2024-06-19,Westbound,All Vehicles,117,106,56,80,149,645,1685,2738,3324,2761,2417,2444,2388,2419,2703,3048,2929,2911,2034,1419,1115,974,711,332,0,0
2024,2024-06-20,Eastbound,Heavy Vehicles,11,6,11,13,29,80,399,392,234,276,258,247,224,182,159,151,126,117,96,49,36,28,28,9,0,0
2024,2024-06-20,Eastbound,Light Vehicles,160,131,71,60,109,511,1975,2155,1865,1889,1753,1737,1728,1723,1910,1776,2177,2268,2280,1417,1054,1038,706,395,0,0
2024,2024-06-20,Westbound,Heavy Vehicles,5,7,11,11,18,57,149,183,224,284,305,329,321,340,322,337,266,185,92,55,55,35,21,19,0,0
2024,2024-06-20,Westbound,Light Vehicles,163,159,72,70,154,594,1519,2663,3065,2532,2151,2152,2212,2081,2397,2635,2709,2742,2056,1492,1251,1183,798,458,0,0
2024,2024-06-20,Eastbound,All Vehicles,171,137,82,73,138,591,2374,2547,2099,2165,2011,1984,1952,1905,2069,1927,2303,2385,2376,1466,1090,1066,734,404,0,0
2024,2024-06-20,Westbound,All Vehicles,168,166,83,81,172,651,1668,2846,3289,2816,2456,2481,2533,2421,2719,2972,2975,2927,2148,1547,1306,1218,819,477,0,0
2024,2024-06-21,Westbound,Light Vehicles,249,147,90,102,192,566,1343,2364,2823,2430,2233,2305,2372,2210,2428,2662,,2644,2117,1528,1173,1160,1062,802,0,0
2024,2024-06-21,Eastbound,Heavy Vehicles,10,6,12,11,36,75,392,416,282,296,244,221,240,190,184,140,124,112,80,59,29,15,23,12,0,0
2024,2024-06-21,Westbound,Heavy Vehicles,10,8,7,10,26,57,135,218,250,293,305,320,317,333,349,303,,184,84,55,45,41,28,27,0,0
2024,2024-06-21,Eastbound,Light Vehicles,208,151,85,88,113,524,1986,2223,1999,1906,1807,1739,1949,1791,2060,1999,2075,2275,2067,1317,1021,984,840,544,0,0
2024,2024-06-21,Westbound,All Vehicles,259,155,97,112,218,623,1478,2582,3073,2723,2538,2625,2689,2543,2777,2965,,2828,2201,1583,1218,1201,1090,829,0,0
2024,2024-06-21,Eastbound,All Vehicles,218,157,97,99,149,599,2378,2639,2281,2202,2051,1960,2189,1981,2244,2139,2199,2387,2147,1376,1050,999,863,556,0,0
2024,2024-06-22,Eastbound,Heavy Vehicles,14,6,5,13,12,24,79,103,92,89,88,81,68,88,75,55,39,46,37,27,24,14,18,15,0,0
2024,2024-06-22,Westbound,Heavy Vehicles,8,11,6,9,20,20,47,93,101,126,144,143,145,122,126,97,97,67,111,43,39,31,16,11,0,0
2024,2024-06-22,Westbound,Light Vehicles,528,354,254,187,159,263,657,1047,1520,2042,2194,2319,2534,2419,2215,2172,2016,2348,1546,1404,1181,1135,1148,933,0,0
2024,2024-06-22,Eastbound,Light Vehicles,390,267,207,136,131,193,686,877,1216,1637,1858,1959,2173,2071,1929,1861,1570,1808,1649,1204,1014,997,1035,804,0,0
2024,2024-06-22,Eastbound,All Vehicles,404,273,212,149,143,217,765,980,1308,1726,1946,2040,2241,2159,2004,1916,1609,1854,1686,1231,1038,1011,1053,819,0,0
2024,2024-06-22,Westbound,All Vehicles,536,365,260,196,179,283,704,1140,1621,2168,2338,2462,2679,2541,2341,2269,2113,2415,1657,1447,1220,1166,1164,944,0,0
2024,2024-06-23,Westbound,Heavy Vehicles,23,5,9,9,12,10,16,34,45,62,82,105,93,88,69,70,84,60,52,24,25,20,16,11,0,0
2024,2024-06-23,Eastbound,Heavy Vehicles,8,12,9,4,9,5,11,34,41,46,68,61,64,69,58,63,50,49,41,37,26,19,9,11,0,0
2024,2024-06-23,Westbound,Light Vehicles,694,574,402,244,203,187,324,578,907,1527,2036,2190,2433,2295,2219,2083,2224,2100,1489,973,839,725,445,249,0,0
2024,2024-06-23,Eastbound,Light Vehicles,505,386,287,208,152,139,292,541,757,1320,1504,1766,2117,1911,1878,1793,1823,1628,1184,927,661,584,377,167,0,0
2024,2024-06-23,Westbound,All Vehicles,717,579,411,253,215,197,340,612,952,1589,2118,2295,2526,2383,2288,2153,2308,2160,1541,997,864,745,461,260,0,0
2024,2024-06-23,Eastbound,All Vehicles,513,398,296,212,161,144,303,575,798,1366,1572,1827,2181,1980,1936,1856,1873,1677,1225,964,687,603,386,178,0,0
2024,2024-06-24,Eastbound,Light Vehicles,104,62,41,54,88,482,1946,2079,1826,1696,1508,1580,1584,1534,1747,1775,1962,2263,1870,1089,723,764,392,181,0,0
2024,2024-06-24,Eastbound,Heavy Vehicles,8,6,7,8,19,65,428,404,247,278,246,229,240,156,155,152,100,100,70,47,23,11,17,12,0,0
2024,2024-06-24,Westbound,Light Vehicles,100,70,52,49,171,535,1358,2529,2870,2322,1910,1980,2014,1988,2218,2618,2582,2541,1780,1086,847,679,376,206,0,0
2024,2024-06-24,Westbound,Heavy Vehicles,5,7,9,11,18,52,157,205,247,286,308,301,297,301,304,362,274,178,83,46,26,23,12,11,0,0
2024,2024-06-24,Eastbound,All Vehicles,112,68,48,62,107,547,2374,2483,2073,1974,1754,1809,1824,1690,1902,1927,2062,2363,1940,1136,746,775,409,193,0,0
2024,2024-06-24,Westbound,All Vehicles,105,77,61,60,189,587,1515,2734,3117,2608,2218,2281,2311,2289,2522,2980,2856,2719,1863,1132,873,702,388,217,0,0
2024,2024-06-25,Eastbound,Heavy Vehicles,9,7,11,23,28,88,430,393,226,321,284,247,241,168,125,152,111,103,73,39,35,27,12,15,0,0
2024,2024-06-25,Westbound,Heavy Vehicles,6,7,8,11,26,49,150,195,224,268,303,341,307,297,282,349,272,187,,54,43,23,19,13,0,0
2024,2024-06-25,Eastbound,Light Vehicles,108,68,53,50,117,527,2024,2124,1851,1792,1629,1575,1655,1599,1806,1741,1996,2298,2029,1148,924,752,486,294,0,0
2024,2024-06-25,Westbound,Light Vehicles,95,84,49,51,149,613,1464,2640,3087,2554,1954,2033,2067,2038,2295,2611,2658,2500,,1252,1069,804,516,278,0,0
2024,2024-06-25,Eastbound,All Vehicles,117,75,64,73,145,615,2454,2517,2077,2113,1913,1822,1896,1767,1931,1893,2107,2401,2102,1187,959,779,498,309,0,0
2024,2024-06-25,Westbound,All Vehicles,101,91,57,62,175,662,1614,2835,3311,2822,2257,2374,2374,2335,2577,2960,2930,2687,,1306,1112,827,535,291,0,0
2024,2024-06-26,Westbound,Heavy Vehicles,17,15,10,16,21,54,131,217,238,289,309,308,352,298,381,378,286,212,86,59,43,39,33,18,0,0
2024,2024-06-26,Eastbound,Heavy Vehicles,15,8,13,11,37,80,418,391,249,264,302,266,234,217,186,145,111,112,79,49,31,23,9,11,0,0
2024,2024-06-26,Westbound,Light Vehicles,126,92,57,57,171,605,1448,2650,2879,2506,2084,2012,2153,2065,2211,2626,2735,2542,1951,1334,1070,927,912,433,0,0
2024,2024-06-26,Eastbound,Light Vehicles,145,77,48,55,122,514,1947,2214,1861,1775,1684,1671,1690,1631,1818,1710,2076,2338,2061,1324,907,808,697,343,0,0
2024,2024-06-26,Westbound,All Vehicles,143,107,67,73,192,659,1579,2867,3117,2795,2393,2320,2505,2363,2592,3004,3021,2754,2037,1393,1113,966,945,451,0,0
2024,2024-06-26,Eastbound,All Vehicles,160,85,61,66,159,594,2365,2605,2110,2039,1986,1937,1924,1848,2004,1855,2187,2450,2140,1373,938,831,706,354,0,0
2024,2024-06-27,Eastbound,Light Vehicles,184,140,79,49,108,503,2012,2089,1846,1811,1732,1755,1744,1638,1820,1758,2074,2137,2217,1406,1080,1002,665,354,0,0
2024,2024-06-27,Eastbound,Heavy Vehicles,13,7,9,15,28,88,427,362,253,280,295,258,237,197,184,138,117,122,102,52,32,25,14,11,0,0
2024,2024-06-27,Westbound,Heavy Vehicles,8,12,16,19,26,62,148,201,210,256,300,,304,338,336,379,295,177,98,48,42,42,21,20,0,0
2024,2024-06-27,Westbound,Light Vehicles,217,178,89,83,149,574,1474,2563,2946,2491,2075,,2201,2092,2438,2681,2715,2471,2027,1529,1203,1180,844,474,0,0
2024,2024-06-27,Eastbound,All Vehicles,197,147,88,64,136,591,2439,2451,2099,2091,2027,2013,1981,1835,2004,1896,2191,2259,2319,1458,1112,1027,679,365,0,0
2024,2024-06-27,Westbound,All Vehicles,225,190,105,102,175,636,1622,2764,3156,2747,2375,,2505,2430,2774,3060,3010,2648,2125,1577,1245,1222,865,494,0,0
2024,2024-06-28,Eastbound,Light Vehicles,209,136,100,84,109,501,1908,2049,1905,2015,1841,1829,1767,1853,1955,1925,2014,2137,1909,1300,984,865,854,714,0,0
2024,2024-06-28,Eastbound,Heavy Vehicles,14,7,6,11,36,83,457,421,251,286,249,243,176,172,152,103,105,92,64,52,33,23,24,18,0,0
2024,2024-06-28,Westbound,Light Vehicles,245,149,95,91,160,582,1321,2325,2592,2290,2131,2368,2327,2284,2535,2663,2656,2520,2191,1444,1120,1123,1034,773,0,0
2024,2024-06-28,Westbound,Heavy Vehicles,13,5,9,16,27,50,149,193,228,251,303,333,304,310,306,310,279,177,101,64,35,30,27,13,0,0
2024,2024-06-28,Eastbound,All Vehicles,223,143,106,95,145,584,2365,2470,2156,2301,2090,2072,1943,2025,2107,2028,2119,2229,1973,1352,1017,888,878,732,0,0
2024,2024-06-28,Westbound,All Vehicles,258,154,104,107,187,632,1470,2518,2820,2541,2434,2701,2631,2594,2841,2973,2935,2697,2292,1508,1155,1153,1061,786,0,0
2024,2024-06-29,Westbound,Light Vehicles,566,368,274,199,164,309,636,1022,1544,2071,2287,2506,2557,2539,2499,,2451,2769,2218,1463,1163,1198,1230,,0,0
2024,2024-06-29,Eastbound,Light Vehicles,423,271,244,164,136,255,839,978,1282,1589,1913,2136,2354,2431,2294,1928,1745,1794,1599,1157,1024,1033,1027,732,0,0
2024,2024-06-29,Westbound,Heavy Vehicles,18,18,7,14,11,26,53,93,126,130,163,159,143,145,149,,108,95,76,41,36,25,28,,0,0
2024,2024-06-29,Eastbound,Heavy Vehicles,13,9,12,8,16,26,127,180,127,99,83,90,86,116,88,62,62,58,45,26,27,24,14,13,0,0
2024,2024-06-29,Westbound,All Vehicles,584,386,281,213,175,335,689,1115,1670,2201,2450,2665,2700,2684,2648,,2559,2864,2294,1504,1199,1223,1258,,0,0
2024,2024-06-29,Eastbound,All Vehicles,436,280,256,172,152,281,966,1158,1409,1688,1996,2226,2440,2547,2382,1990,1807,1852,1644,1183,1051,1057,1041,745,0,0
2024,2024-06-30,Westbound,Light Vehicles,648,484,409,288,201,220,290,566,1005,1561,1951,2157,2315,2082,1914,1939,2065,1868,1340,893,912,761,425,229,0,0
2024,2024-06-30,Eastbound,Heavy Vehicles,11,6,6,8,8,8,20,29,37,53,50,68,64,60,44,52,49,47,38,26,23,15,13,12,0,0
2024,2024-06-30,Westbound,Heavy Vehicles,14,9,7,4,9,10,26,27,40,60,95,67,97,71,67,63,85,59,35,24,32,26,14,12,0,0
2024,2024-06-30,Eastbound,Light Vehicles,500,350,275,209,173,161,291,491,767,1209,1411,1659,1942,1796,1654,1619,1696,1564,1136,831,685,569,341,201,0,0
2024,2024-06-30,Westbound,All Vehicles,662,493,416,292,210,230,316,593,1045,1621,2046,2224,2412,2153,1981,2002,2150,1927,1375,917,944,787,439,241,0,0
2024,2024-06-30,Eastbound,All Vehicles,511,356,281,217,181,169,311,520,804,1262,1461,1727,2006,1856,1698,1671,1745,1611,1174,857,708,584,354,213,0,0
2024,2024-07-01,Westbound,Heavy Vehicles,4,4,9,18,26,48,153,162,218,232,288,301,264,261,345,395,240,147,75,34,27,23,36,31,0,0
2024,2024-07-01,Eastbound,Heavy Vehicles,11,6,4,15,24,94,436,357,243,244,232,205,184,160,129,127,106,76,66,27,25,20,33,23,0,0
2024,2024-07-01,Eastbound,Light Vehicles,101,60,46,59,116,438,1884,1577,1623,1602,1485,1489,1568,1446,1553,1603,1789,2194,1729,966,640,554,310,204,0,0
2024,2024-07-01,Westbound,Light Vehicles,128,72,68,70,162,550,1292,2231,2566,2168,1875,1965,1926,1890,2215,2636,2237,2072,1574,1070,751,628,330,213,0,0
2024,2024-07-01,Westbound,All Vehicles,132,76,77,88,188,598,1445,2393,2784,2400,2163,2266,2190,2151,2560,3031,2477,2219,1649,1104,778,651,366,244,0,0
2024,2024-07-01,Eastbound,All Vehicles,112,66,50,74,140,532,2320,1934,1866,1846,1717,1694,1752,1606,1682,1730,1895,2270,1795,993,665,574,343,227,0,0
2024,2024-07-02,Westbound,Heavy Vehicles,20,14,8,12,20,52,137,199,226,251,300,290,312,316,316,,239,140,81,42,36,27,23,13,0,0
2024,2024-07-02,Westbound,Light Vehicles,107,77,43,62,133,555,1369,2405,2763,2302,1924,1982,2000,1893,2141,,2215,2218,1647,1133,934,770,480,214,0,0
2024,2024-07-02,Westbound,All Vehicles,127,91,51,74,153,607,1506,2604,2989,2553,2224,2272,2312,2209,2457,,2454,2358,1728,1175,970,797,503,227,0,0
2024,2024-07-03,Westbound,Heavy Vehicles,12,6,10,12,22,48,157,213,250,265,285,303,317,296,324,381,256,,65,,23,22,40,,0,0
2024,2024-07-03,Westbound,Light Vehicles,141,78,49,51,147,535,1334,2259,2632,2403,1979,2016,2121,2090,2285,2663,2326,,1793,,979,912,683,,0,0
2024,2024-07-03,Eastbound,Light Vehicles,128,66,52,61,100,470,1840,1804,1618,1763,1633,1669,1600,1633,1725,1585,1949,2222,1921,1211,976,871,618,268,0,0
2024,2024-07-03,Eastbound,Heavy Vehicles,10,8,7,18,21,77,352,369,239,278,246,202,179,149,113,109,102,67,55,42,32,16,34,25,0,0
2024,2024-07-03,Westbound,All Vehicles,153,84,59,63,169,583,1491,2472,2882,2668,2264,2319,2438,2386,2609,3044,2582,,1858,,1002,934,723,,0,0
2024,2024-07-03,Eastbound,All Vehicles,138,74,59,79,121,547,2192,2173,1857,2041,1879,1871,1779,1782,1838,1694,2051,2289,1976,1253,1008,887,652,293,0,0
2024,2024-07-04,Eastbound,Light Vehicles,161,122,68,48,104,454,1930,1742,1682,1734,1719,1693,1728,1692,1663,1716,2026,2221,2096,1178,952,911,682,356,0,0
2024,2024-07-04,Westbound,Heavy Vehicles,28,12,12,13,22,41,136,208,238,283,280,315,333,324,356,400,,182,79,,37,32,41,34,0,0
2024,2024-07-04,Eastbound,Heavy Vehicles,26,8,10,13,35,87,441,387,251,260,258,212,207,178,151,143,111,102,81,58,38,23,26,26,0,0
2024,2024-07-04,Westbound,Light Vehicles,210,146,79,57,145,533,1342,2224,2715,2359,2035,2121,2205,2095,2300,2595,,2363,1989,,1129,1000,762,431,0,0
2024,2024-07-04,Eastbound,All Vehicles,187,130,78,61,139,541,2371,2129,1933,1994,1977,1905,1935,1870,1814,1859,2137,2323,2177,1236,990,934,708,382,0,0
2024,2024-07-04,Westbound,All Vehicles,238,158,91,70,167,574,1478,2432,2953,2642,2315,2436,2538,2419,2656,2995,,2545,2068,,1166,1032,803,465,0,0
2024,2024-07-05,Eastbound,Heavy Vehicles,27,5,7,15,24,83,415,349,280,280,249,217,195,180,155,118,114,99,81,44,27,21,21,13,0,0
2024,2024-07-05,Westbound,Light Vehicles,234,152,111,90,166,500,1243,1956,2332,,2109,2339,2403,2229,2428,2618,2441,2305,2065,1448,1063,1159,1043,779,0,0
2024,2024-07-05,Eastbound,Light Vehicles,183,145,94,81,96,475,1826,1712,1712,1831,1697,1669,1765,1720,1807,1749,1977,2165,1861,1152,956,908,825,576,0,0
2024,2024-07-05,Westbound,Heavy Vehicles,21,10,7,20,21,51,139,173,233,,336,297,313,271,307,354,249,131,81,43,41,35,27,19,0,0
2024,2024-07-05,Eastbound,All Vehicles,210,150,101,96,120,558,2241,2061,1992,2111,1946,1886,1960,1900,1962,1867,2091,2264,1942,1196,983,929,846,589,0,0
2024,2024-07-05,Westbound,All Vehicles,255,162,118,110,187,551,1382,2129,2565,,2445,2636,2716,2500,2735,2972,2690,2436,2146,1491,1104,1194,1070,798,0,0
2024,2024-07-06,Westbound,Heavy Vehicles,12,11,9,7,12,17,45,89,98,121,119,136,150,135,133,98,117,,58,37,32,29,,22,0,0
2024,2024-07-06,Eastbound,Light Vehicles,378,253,190,133,134,213,747,899,1163,1594,1756,1938,2118,2111,1892,1933,1833,1752,1517,1172,952,947,1123,841,0,0
2024,2024-07-06,Westbound,Light Vehicles,498,349,224,179,167,256,581,871,1410,1925,2266,2475,2548,2622,2375,2322,2322,,2060,1470,1074,1118,,1058,0,0
2024,2024-07-06,Eastbound,Heavy Vehicles,11,6,4,12,14,24,120,132,106,99,90,92,95,81,78,61,60,53,53,43,28,26,15,12,0,0
2024,2024-07-06,Westbound,All Vehicles,510,360,233,186,179,273,626,960,1508,2046,2385,2611,2698,2757,2508,2420,2439,,2118,1507,1106,1147,,1080,0,0
2024,2024-07-06,Eastbound,All Vehicles,389,259,194,145,148,237,867,1031,1269,1693,1846,2030,2213,2192,1970,1994,1893,1805,1570,1215,980,973,1138,853,0,0
2024,2024-07-07,Eastbound,Heavy Vehicles,10,4,6,11,9,9,21,45,50,54,48,59,53,52,38,54,43,51,32,29,33,20,8,13,0,0
2024,2024-07-07,Westbound,Heavy Vehicles,12,11,12,8,14,13,20,31,37,64,79,95,87,73,74,69,89,66,42,31,32,22,20,11,0,0
2024,2024-07-07,Eastbound,Light Vehicles,498,402,303,201,189,238,332,526,748,1256,1520,1823,1983,1983,1665,1724,1593,1451,1141,830,695,526,359,158,0,0
2024,2024-07-07,Westbound,Light Vehicles,770,544,455,258,208,239,370,580,918,1492,1924,2182,2394,2124,2077,2033,2416,2135,1420,895,787,707,440,208,0,0
2024,2024-07-07,Eastbound,All Vehicles,508,406,309,212,198,247,353,571,798,1310,1568,1882,2036,2035,1703,1778,1636,1502,1173,859,728,546,367,171,0,0
2024,2024-07-07,Westbound,All Vehicles,782,555,467,266,222,252,390,611,955,1556,2003,2277,2481,2197,2151,2102,2505,2201,1462,926,819,729,460,219,0,0
2024,2024-07-08,Eastbound,Heavy Vehicles,8,6,4,7,24,75,425,368,256,244,247,252,168,178,149,132,105,80,55,32,27,27,12,9,0,0
2024,2024-07-08,Eastbound,Light Vehicles,88,82,49,47,94,418,1823,1583,1507,1481,1479,1529,1521,1420,1392,1535,1750,2100,1645,943,658,523,319,129,0,0
2024,2024-07-08,Westbound,Light Vehicles,120,76,61,66,141,521,1264,2079,2611,2181,1868,1855,1951,1834,2042,2558,2159,2069,,975,715,600,366,181,0,0
2024,2024-07-08,Westbound,Heavy Vehicles,6,5,7,16,26,55,150,187,224,262,263,276,307,291,313,378,245,162,,32,22,21,14,19,0,0
2024,2024-07-08,Eastbound,All Vehicles,96,88,53,54,118,493,2248,1951,1763,1725,1726,1781,1689,1598,1541,1667,1855,2180,1700,975,685,550,331,138,0,0
2024,2024-07-08,Westbound,All Vehicles,126,81,68,82,167,576,1414,2266,2835,2443,2131,2131,2258,2125,2355,2936,2404,2231,,1007,737,621,380,200,0,0
2024,2024-07-09,Westbound,Light Vehicles,101,63,54,50,121,571,1347,2263,2796,2310,1976,1855,1974,2003,2062,2500,2271,2230,1637,1054,864,789,499,217,0,0
2024,2024-07-09,Westbound,Heavy Vehicles,10,6,7,12,14,52,136,197,232,279,305,320,283,276,296,397,253,163,71,55,38,22,19,10,0,0
2024,2024-07-09,Westbound,All Vehicles,111,69,61,62,135,623,1483,2460,3028,2589,2281,2175,2257,2279,2358,2897,2524,2393,1708,1109,902,811,518,227,0,0
2024,2024-07-10,Westbound,Heavy Vehicles,10,10,3,14,20,44,159,193,246,269,308,303,301,315,329,373,,170,87,42,32,24,,,0,0
2024,2024-07-10,Westbound,Light Vehicles,106,60,68,56,122,522,1309,2219,2646,2339,2081,2124,2024,2036,2345,2735,,2363,1825,1202,1007,886,,,0,0
2024,2024-07-10,Eastbound,Heavy Vehicles,11,6,10,17,29,90,440,443,247,256,232,234,213,175,152,127,128,84,74,47,32,17,12,9,0,0
2024,2024-07-10,Eastbound,Light Vehicles,110,63,38,38,94,464,1833,1696,1615,1772,1579,1619,1678,1666,1670,1566,1856,2259,1927,1076,930,893,582,259,0,0
2024,2024-07-10,Westbound,All Vehicles,116,70,71,70,142,566,1468,2412,2892,2608,2389,2427,2325,2351,2674,3108,,2533,1912,1244,1039,910,,,0,0
2024,2024-07-10,Eastbound,All Vehicles,121,69,48,55,123,554,2273,2139,1862,2028,1811,1853,1891,1841,1822,1693,1984,2343,2001,1123,962,910,594,268,0,0
2024,2024-07-11,Westbound,Heavy Vehicles,10,4,12,9,28,45,147,235,253,239,311,300,309,290,,371,284,187,91,52,38,44,,19,0,0
2024,2024-07-11,Eastbound,Light Vehicles,160,97,59,64,107,429,1836,1719,1600,1827,1690,1648,1679,1571,1693,1655,1894,2193,2040,1215,959,875,659,329,0,0
2024,2024-07-11,Eastbound,Heavy Vehicles,10,7,5,18,31,83,444,411,237,254,247,247,193,194,150,161,103,93,90,46,37,25,12,17,0,0
2024,2024-07-11,Westbound,Light Vehicles,169,140,63,66,152,573,1288,2138,2725,2401,2034,2105,2108,2009,,2753,2355,2305,1928,1268,1163,1077,,441,0,0
2024,2024-07-11,Westbound,All Vehicles,179,144,75,75,180,618,1435,2373,2978,2640,2345,2405,2417,2299,,3124,2639,2492,2019,1320,1201,1121,,460,0,0
2024,2024-07-11,Eastbound,All Vehicles,170,104,64,82,138,512,2280,2130,1837,2081,1937,1895,1872,1765,1843,1816,1997,2286,2130,1261,996,900,671,346,0,0
2024,2024-07-12,Westbound,Heavy Vehicles,6,9,4,16,20,45,144,201,228,308,316,314,294,325,314,351,236,139,82,43,41,40,29,27,0,0
2024,2024-07-12,Westbound,Light Vehicles,228,113,112,85,146,541,1183,1858,2431,2299,2060,2146,2347,2254,2468,2731,2597,2578,2054,1450,1167,1067,1032,767,0,0
2024,2024-07-12,Eastbound,Light Vehicles,191,111,91,81,96,465,1867,1701,1707,1696,1634,1727,1806,1725,1752,1791,2043,2041,1939,1194,922,877,789,547,0,0
2024,2024-07-12,Eastbound,Heavy Vehicles,11,5,4,11,26,76,424,382,256,243,242,217,216,197,166,135,116,94,65,51,36,19,23,13,0,0
2024,2024-07-12,Westbound,All Vehicles,234,122,116,101,166,586,1327,2059,2659,2607,2376,2460,2641,2579,2782,3082,2833,2717,2136,1493,1208,1107,1061,794,0,0
2024,2024-07-12,Eastbound,All Vehicles,202,116,95,92,122,541,2291,2083,1963,1939,1876,1944,2022,1922,1918,1926,2159,2135,2004,1245,958,896,812,560,0,0
2024,2024-07-13,Westbound,Light Vehicles,462,324,233,155,128,259,596,938,1410,1938,2236,2344,2640,2617,2249,2202,2478,2805,1988,1495,1187,1098,,954,0,0
2024,2024-07-13,Eastbound,Heavy Vehicles,5,10,7,7,14,25,132,137,124,110,96,114,95,97,82,64,70,69,42,35,32,24,19,14,0,0
2024,2024-07-13,Eastbound,Light Vehicles,350,267,198,124,124,204,788,901,1153,1517,1738,2041,2303,2263,1895,1708,1656,1680,1379,1117,1051,927,989,666,0,0
2024,2024-07-13,Westbound,Heavy Vehicles,14,8,6,7,13,22,58,99,121,120,140,143,162,140,119,101,120,138,64,29,30,42,,23,0,0
2024,2024-07-13,Westbound,All Vehicles,476,332,239,162,141,281,654,1037,1531,2058,2376,2487,2802,2757,2368,2303,2598,2943,2052,1524,1217,1140,,977,0,0
2024,2024-07-13,Eastbound,All Vehicles,355,277,205,131,138,229,920,1038,1277,1627,1834,2155,2398,2360,1977,1772,1726,1749,1421,1152,1083,951,1008,680,0,0
2024,2024-07-14,Westbound,Heavy Vehicles,20,4,6,6,12,12,24,40,55,58,71,103,83,95,69,77,85,90,48,33,22,26,11,,0,0
2024,2024-07-14,Eastbound,Heavy Vehicles,11,6,8,6,11,9,21,36,50,53,64,61,85,60,68,50,53,43,39,31,22,17,16,16,0,0
2024,2024-07-14,Westbound,Light Vehicles,727,463,346,257,197,172,387,631,998,1572,2039,2201,2367,2208,2232,2286,2215,2110,1519,996,887,674,398,,0,0
2024,2024-07-14,Eastbound,Light Vehicles,471,362,270,207,159,136,359,564,902,1286,1548,1890,2220,1913,1774,1812,1700,1537,1143,841,722,544,360,199,0,0
2024,2024-07-14,Westbound,All Vehicles,747,467,352,263,209,184,411,671,1053,1630,2110,2304,2450,2303,2301,2363,2300,2200,1567,1029,909,700,409,,0,0
2024,2024-07-14,Eastbound,All Vehicles,482,368,278,213,170,145,380,600,952,1339,1612,1951,2305,1973,1842,1862,1753,1580,1182,872,744,561,376,215,0,0
2024,2024-07-15,Westbound,Light Vehicles,114,71,71,74,216,546,1114,2175,2514,2110,1878,1795,1940,1799,2036,2486,2154,2127,1455,944,776,621,363,174,0,0
2024,2024-07-15,Eastbound,Heavy Vehicles,9,5,4,14,20,64,428,358,223,251,248,210,202,174,122,100,98,97,58,40,29,21,10,13,0,0
2024,2024-07-15,Eastbound,Light Vehicles,83,54,58,66,148,435,1787,1607,1519,1531,1527,1510,1495,1402,1585,1657,1797,2091,1627,920,704,557,345,158,0,0
2024,2024-07-15,Westbound,Heavy Vehicles,8,7,9,15,22,43,118,181,248,256,266,292,288,251,304,366,204,135,70,37,39,25,17,12,0,0
2024,2024-07-15,Westbound,All Vehicles,122,78,80,89,238,589,1232,2356,2762,2366,2144,2087,2228,2050,2340,2852,2358,2262,1525,981,815,646,380,186,0,0
2024,2024-07-15,Eastbound,All Vehicles,92,59,62,80,168,499,2215,1965,1742,1782,1775,1720,1697,1576,1707,1757,1895,2188,1685,960,733,578,355,171,0,0
2024,2024-07-16,Westbound,Heavy Vehicles,9,4,7,14,16,46,135,200,248,295,306,328,315,288,315,383,247,,72,47,52,20,17,16,0,0
2024,2024-07-16,Eastbound,Heavy Vehicles,4,3,2,5,3,16,158,149,100,99,65,58,46,37,40,38,31,33,28,18,8,10,6,3,0,0
2024,2024-07-16,Westbound,Light Vehicles,82,60,51,45,145,543,1328,2195,2868,2343,2040,2029,1986,1921,2143,2522,2441,,1661,1178,899,796,491,283,0,0
2024,2024-07-16,Eastbound,Light Vehicles,20,8,14,12,23,111,620,637,646,616,488,422,412,396,477,550,633,736,589,294,225,156,101,65,0,0
2024,2024-07-16,Westbound,All Vehicles,91,64,58,59,161,589,1463,2395,3116,2638,2346,2357,2301,2209,2458,2905,2688,,1733,1225,951,816,508,299,0,0
2024,2024-07-16,Eastbound,All Vehicles,24,11,16,17,26,127,778,786,746,715,553,480,458,433,517,588,664,769,617,312,233,166,107,68,0,0
2024,2024-07-17,Eastbound,Heavy Vehicles,11,3,8,12,28,79,458,387,267,280,297,215,221,177,145,120,105,91,88,51,30,15,29,12,0,0
2024,2024-07-17,Eastbound,Light Vehicles,110,60,50,57,84,467,1804,1556,1675,1657,1820,1666,1650,1530,1527,1604,1892,2206,2035,1194,811,581,765,365,0,0
2024,2024-07-17,Westbound,Heavy Vehicles,5,6,5,22,16,54,151,202,231,273,286,345,296,314,359,384,251,161,75,45,34,12,44,12,0,0
2024,2024-07-17,Westbound,Light Vehicles,124,78,66,64,119,544,1383,2226,2659,2398,2054,2048,2020,1995,2235,2605,2392,2298,1737,1279,884,764,887,430,0,0
2024,2024-07-17,Eastbound,All Vehicles,121,63,58,69,112,546,2262,1943,1942,1937,2117,1881,1871,1707,1672,1724,1997,2297,2123,1245,841,596,794,377,0,0
2024,2024-07-17,Westbound,All Vehicles,129,84,71,86,135,598,1534,2428,2890,2671,2340,2393,2316,2309,2594,2989,2643,2459,1812,1324,918,776,931,442,0,0
2024,2024-07-18,Westbound,Light Vehicles,228,169,93,54,135,554,1297,2157,2726,2465,2084,2056,2217,2024,2282,2682,2558,2511,1924,1411,1097,1077,744,424,0,0
2024,2024-07-18,Eastbound,Light Vehicles,174,120,87,47,86,447,1854,1651,1649,1751,1656,1708,1670,1573,1677,1766,1925,2236,2037,1266,999,920,705,315,0,0
2024,2024-07-18,Eastbound,Heavy Vehicles,11,6,6,14,25,85,458,381,258,252,245,256,218,175,185,152,90,97,80,45,36,21,29,15,0,0
2024,2024-07-18,Westbound,Heavy Vehicles,11,6,8,11,18,50,144,204,210,252,293,339,305,306,369,385,292,175,85,56,24,35,23,19,0,0
2024,2024-07-18,Westbound,All Vehicles,239,175,101,65,153,604,1441,2361,2936,2717,2377,2395,2522,2330,2651,3067,2850,2686,2009,1467,1121,1112,767,443,0,0
2024,2024-07-18,Eastbound,All Vehicles,185,126,93,61,111,532,2312,2032,1907,2003,1901,1964,1888,1748,1862,1918,2015,2333,2117,1311,1035,941,734,330,0,0
2024,2024-07-19,Eastbound,Light Vehicles,198,116,85,61,97,419,1926,1809,1769,1893,1745,1814,1934,1846,1844,1854,2091,2170,1971,1299,943,890,814,515,0,0
2024,2024-07-19,Eastbound,Heavy Vehicles,16,7,7,8,24,87,448,335,233,258,258,196,188,170,124,97,79,61,51,34,29,13,19,12,0,0
2024,2024-07-19,Westbound,Heavy Vehicles,12,16,9,20,24,40,147,184,249,273,282,319,303,,341,383,276,157,69,42,48,27,25,19,0,0
2024,2024-07-19,Westbound,Light Vehicles,220,137,87,73,158,544,1225,1861,2503,2225,2156,2251,2340,,2499,2793,2577,2386,2020,1413,1118,1122,1054,720,0,0
2024,2024-07-19,Eastbound,All Vehicles,214,123,92,69,121,506,2374,2144,2002,2151,2003,2010,2122,2016,1968,1951,2170,2231,2022,1333,972,903,833,527,0,0
2024,2024-07-19,Westbound,All Vehicles,232,153,96,93,182,584,1372,2045,2752,2498,2438,2570,2643,,2840,3176,2853,2543,2089,1455,1166,1149,1079,739,0,0
2024,2024-07-20,Eastbound,Heavy Vehicles,13,6,6,11,18,25,118,112,67,79,81,80,82,74,58,55,55,46,41,35,30,22,14,14,0,0
2024,2024-07-20,Eastbound,Light Vehicles,348,252,172,137,116,202,827,863,914,1589,1815,1978,2184,2031,2113,1912,1692,1767,1466,1195,1027,1036,996,719,0,0
2024,2024-07-20,Westbound,Heavy Vehicles,11,16,3,14,12,22,59,83,121,135,129,144,151,148,120,117,113,84,77,41,38,38,27,22,0,0
2024,2024-07-20,Westbound,Light Vehicles,478,308,223,144,151,254,538,959,1445,2057,2298,2524,2633,2583,2420,2370,2339,2356,2160,1470,1119,1178,1181,946,0,0
2024,2024-07-20,Eastbound,All Vehicles,361,258,178,148,134,227,945,975,981,1668,1896,2058,2266,2105,2171,1967,1747,1813,1507,1230,1057,1058,1010,733,0,0
2024,2024-07-20,Westbound,All Vehicles,489,324,226,158,163,276,597,1042,1566,2192,2427,2668,2784,2731,2540,2487,2452,2440,2237,1511,1157,1216,1208,968,0,0
2024,2024-07-21,Eastbound,Heavy Vehicles,11,10,9,8,4,10,26,24,37,66,62,58,75,60,46,56,50,35,39,26,36,18,17,10,0,0
2024,2024-07-21,Eastbound,Light Vehicles,476,381,257,198,155,145,310,505,783,1207,1574,1841,2161,2071,1967,1802,1711,1608,1214,888,721,588,386,226,0,0
2024,2024-07-21,Westbound,Heavy Vehicles,15,10,6,8,10,13,20,36,46,78,69,112,95,77,69,66,79,86,42,30,37,26,21,,0,0
2024,2024-07-21,Westbound,Light Vehicles,657,451,381,263,164,198,328,590,1086,1614,2036,2219,2378,2196,2169,2289,2378,2238,1536,1007,806,690,431,,0,0
2024,2024-07-21,Eastbound,All Vehicles,487,391,266,206,159,155,336,529,820,1273,1636,1899,2236,2131,2013,1858,1761,1643,1253,914,757,606,403,236,0,0
2024,2024-07-21,Westbound,All Vehicles,672,461,387,271,174,211,348,626,1132,1692,2105,2331,2473,2273,2238,2355,2457,2324,1578,1037,843,716,452,,0,0
2024,2024-07-22,Westbound,Light Vehicles,130,73,60,69,151,562,1303,2377,2649,2114,1859,1882,1976,1798,2193,2553,2443,2362,1667,1166,833,645,358,200,0,0
2024,2024-07-22,Eastbound,Light Vehicles,118,72,52,57,106,440,1873,1856,1667,1712,1569,1517,1712,1520,1508,1671,1945,2293,1741,1049,792,616,370,224,0,0
2024,2024-07-22,Eastbound,Heavy Vehicles,6,6,4,12,20,69,385,300,189,223,229,187,173,145,129,119,93,97,72,45,28,26,19,14,0,0
2024,2024-07-22,Westbound,Heavy Vehicles,6,9,11,17,20,59,135,211,229,265,305,305,291,322,323,400,242,151,98,43,46,21,16,18,0,0
2024,2024-07-22,Westbound,All Vehicles,136,82,71,86,171,621,1438,2588,2878,2379,2164,2187,2267,2120,2516,2953,2685,2513,1765,1209,879,666,374,218,0,0
2024,2024-07-22,Eastbound,All Vehicles,124,78,56,69,126,509,2258,2156,1856,1935,1798,1704,1885,1665,1637,1790,2038,2390,1813,1094,820,642,389,238,0,0
2024,2024-08-08,Westbound,Heavy Vehicles,22,13,15,10,19,49,139,205,203,264,288,,296,284,320,351,291,183,89,51,37,39,37,,0,0
2024,2024-08-08,Eastbound,Heavy Vehicles,27,6,1,10,28,86,396,370,238,250,,243,203,190,164,159,119,113,111,57,46,42,25,27,0,0
2024,2024-08-08,Westbound,Light Vehicles,164,137,82,54,145,562,1440,2629,3019,2528,2048,,2209,2165,2355,2753,2618,2760,2166,1461,1166,1092,794,,0,0
2024,2024-08-08,Eastbound,Light Vehicles,151,93,58,51,84,474,1694,1919,1691,1609,,1557,1587,1522,1666,1632,1841,2131,1987,1253,966,847,659,352,0,0
2024,2024-08-08,Westbound,All Vehicles,186,150,97,64,164,611,1579,2834,3222,2792,2336,,2505,2449,2675,3104,2909,2943,2255,1512,1203,1131,831,,0,0
2024,2024-08-08,Eastbound,All Vehicles,178,99,59,61,112,560,2090,2289,1929,1859,,1800,1790,1712,1830,1791,1960,2244,2098,1310,1012,889,684,379,0,0
2024,2024-08-09,Eastbound,Heavy Vehicles,26,10,2,7,24,91,437,347,262,296,243,239,198,206,175,143,131,117,95,58,44,27,26,16,0,0
2024,2024-08-09,Westbound,Light Vehicles,244,143,98,75,155,566,1355,2435,2843,2469,2226,2315,2480,2291,2485,2672,2746,2741,2342,1663,1227,1200,1162,915,0,0
2024,2024-08-09,Westbound,Heavy Vehicles,19,8,9,10,29,50,150,198,251,266,309,303,346,277,306,332,256,174,86,69,47,26,16,34,0,0
2024,2024-08-09,Eastbound,Light Vehicles,142,120,88,61,108,475,1701,1954,1802,1637,1569,1619,1772,1587,1827,1768,1968,2151,1916,1266,942,924,777,616,0,0
2024,2024-08-09,Eastbound,All Vehicles,168,130,90,68,132,566,2138,2301,2064,1933,1812,1858,1970,1793,2002,1911,2099,2268,2011,1324,986,951,803,632,0,0
2024,2024-08-09,Westbound,All Vehicles,263,151,107,85,184,616,1505,2633,3094,2735,2535,2618,2826,2568,2791,3004,3002,2915,2428,1732,1274,1226,1178,949,0,0
2024,2024-08-10,Westbound,Heavy Vehicles,15,10,4,9,15,41,74,120,127,186,166,182,175,187,145,162,143,125,104,66,53,46,36,43,0,0
2024,2024-08-10,Westbound,Light Vehicles,587,401,246,175,149,268,691,1422,1939,2452,2700,2774,2758,2529,2710,2675,2732,2887,2351,1637,1187,1205,1243,1051,0,0
2024,2024-08-10,Eastbound,Heavy Vehicles,10,8,2,6,20,48,167,148,159,163,157,172,157,186,171,123,91,108,83,59,52,42,42,33,0,0
2024,2024-08-10,Eastbound,Light Vehicles,371,269,201,126,124,234,796,1219,1512,1804,2019,2040,2045,1828,1930,1902,1730,1716,1679,1184,1063,970,982,726,0,0
2024,2024-08-10,Westbound,All Vehicles,602,411,250,184,164,309,765,1542,2066,2638,2866,2956,2933,2716,2855,2837,2875,3012,2455,1703,1240,1251,1279,1094,0,0
2024,2024-08-10,Eastbound,All Vehicles,381,277,203,132,144,282,963,1367,1671,1967,2176,2212,2202,2014,2101,2025,1821,1824,1762,1243,1115,1012,1024,759,0,0
2024,2024-08-11,Eastbound,Heavy Vehicles,36,32,6,15,19,29,10,77,245,184,56,4,39,68,77,72,63,65,50,35,30,25,7,12,0,0
2024,2024-08-11,Westbound,Light Vehicles,727,489,409,152,124,29,,65,227,158,64,565,1930,2585,2422,2285,2076,2074,1603,1140,972,751,503,273,0,0
2024,2024-08-11,Westbound,Heavy Vehicles,28,27,6,5,11,1,,69,284,193,17,23,85,107,117,109,78,85,59,36,29,24,21,10,0,0
2024,2024-08-11,Eastbound,Light Vehicles,502,358,230,195,148,276,58,56,142,147,47,60,1087,1449,1544,1646,1557,1542,1203,915,782,618,394,211,0,0
2024,2024-08-11,Eastbound,All Vehicles,538,390,236,210,167,305,68,133,387,331,103,64,1126,1517,1621,1718,1620,1607,1253,950,812,643,401,223,0,0
2024,2024-08-11,Westbound,All Vehicles,755,516,415,157,135,30,,134,511,351,81,588,2015,2692,2539,2394,2154,2159,1662,1176,1001,775,524,283,0,0
2024,2024-08-12,Westbound,Light Vehicles,151,82,81,66,159,556,1366,2614,2959,2449,2016,1927,1977,1857,2099,2510,2313,2253,1713,1121,872,610,417,198,0,0
2024,2024-08-12,Eastbound,Light Vehicles,136,64,45,52,113,458,1643,1850,1697,1554,1437,1378,1373,1369,1536,1652,1602,2053,1658,1026,723,581,347,201,0,0
2024,2024-08-12,Eastbound,Heavy Vehicles,10,3,3,11,21,83,403,378,260,256,236,202,187,195,166,147,136,108,82,40,27,21,16,7,0,0
2024,2024-08-12,Westbound,Heavy Vehicles,7,6,7,12,19,48,124,173,203,275,285,287,269,291,323,346,272,176,79,38,31,28,16,8,0,0
2024,2024-08-12,Westbound,All Vehicles,158,88,88,78,178,604,1490,2787,3162,2724,2301,2214,2246,2148,2422,2856,2585,2429,1792,1159,903,638,433,206,0,0
2024,2024-08-12,Eastbound,All Vehicles,146,67,48,63,134,541,2046,2228,1957,1810,1673,1580,1560,1564,1702,1799,1738,2161,1740,1066,750,602,363,208,0,0
2024,2024-08-13,Eastbound,Heavy Vehicles,10,6,8,19,34,69,339,371,212,276,272,218,205,207,154,169,110,106,77,53,34,28,15,12,0,0
2024,2024-08-13,Westbound,Light Vehicles,84,64,55,65,132,545,1444,2665,3059,2601,2115,2020,2054,1995,2185,2592,2409,2465,1901,1253,949,844,519,268,0,0
2024,2024-08-13,Eastbound,Light Vehicles,93,58,58,58,88,502,1277,1724,1688,1585,1521,1392,1456,1388,1646,1732,1957,2000,1895,1115,879,762,457,213,0,0
2024,2024-08-13,Westbound,Heavy Vehicles,4,6,8,13,13,45,123,188,201,257,290,315,304,332,328,361,252,146,87,43,36,27,27,12,0,0
2024,2024-08-13,Eastbound,All Vehicles,103,64,66,77,122,571,1616,2095,1900,1861,1793,1610,1661,1595,1800,1901,2067,2106,1972,1168,913,790,472,225,0,0
2024,2024-08-13,Westbound,All Vehicles,88,70,63,78,145,590,1567,2853,3260,2858,2405,2335,2358,2327,2513,2953,2661,2611,1988,1296,985,871,546,280,0,0
2024,2024-08-14,Eastbound,Heavy Vehicles,6,2,9,7,30,84,379,345,236,261,249,215,193,175,167,150,114,102,78,47,47,34,20,10,0,0
2024,2024-08-14,Westbound,Heavy Vehicles,8,8,9,11,14,49,148,204,220,259,261,328,310,284,285,312,237,141,83,54,32,23,28,16,0,0
2024,2024-08-14,Westbound,Light Vehicles,124,81,51,57,133,551,1455,2696,3087,2610,2050,2126,2136,2048,2164,2476,2505,2524,2029,1353,1067,1005,694,368,0,0
2024,2024-08-14,Eastbound,Light Vehicles,95,80,61,49,104,507,1558,1902,1703,1646,1527,1554,1584,1542,1645,1693,1854,2093,1954,1252,984,913,591,290,0,0
2024,2024-08-14,Eastbound,All Vehicles,101,82,70,56,134,591,1937,2247,1939,1907,1776,1769,1777,1717,1812,1843,1968,2195,2032,1299,1031,947,611,300,0,0
2024,2024-08-14,Westbound,All Vehicles,132,89,60,68,147,600,1603,2900,3307,2869,2311,2454,2446,2332,2449,2788,2742,2665,2112,1407,1099,1028,722,384,0,0
2024,2024-08-15,Eastbound,Heavy Vehicles,8,3,4,10,30,98,407,373,217,240,294,255,197,178,162,152,124,113,94,46,33,28,22,23,0,0
2024,2024-08-15,Westbound,Light Vehicles,194,151,70,68,151,544,1485,2654,3018,2558,2059,2151,2126,2102,2234,2769,2469,2442,2022,1566,1240,1110,801,541,0,0
2024,2024-08-15,Eastbound,Light Vehicles,160,103,67,57,108,477,1688,1882,1574,1573,1618,1545,1632,1504,1710,1752,1923,2081,2041,1250,997,943,674,387,0,0
2024,2024-08-15,Westbound,Heavy Vehicles,6,8,8,11,15,46,130,196,231,258,307,343,300,280,280,340,236,147,92,51,34,46,28,15,0,0
2024,2024-08-15,Eastbound,All Vehicles,168,106,71,67,138,575,2095,2255,1791,1813,1912,1800,1829,1682,1872,1904,2047,2194,2135,1296,1030,971,696,410,0,0
2024,2024-08-15,Westbound,All Vehicles,200,159,78,79,166,590,1615,2850,3249,2816,2366,2494,2426,2382,2514,3109,2705,2589,2114,1617,1274,1156,829,556,0,0
2024,2024-08-16,Eastbound,Heavy Vehicles,8,12,4,9,36,91,395,396,272,266,257,237,221,200,188,155,134,111,105,15,,,,,0,0
2024,2024-08-16,Westbound,Light Vehicles,254,152,107,93,153,572,1332,2362,2724,2449,2200,2347,2393,2397,2555,2622,2792,2661,2436,1530,1239,1167,1298,,0,0
2024,2024-08-16,Westbound,Heavy Vehicles,9,7,12,8,25,47,111,201,245,261,291,306,300,273,303,333,258,177,106,57,36,35,41,,0,0
2024,2024-08-16,Eastbound,Light Vehicles,196,128,79,78,107,489,1792,1938,1794,1686,1718,1722,1861,1726,1856,1827,1991,2010,1918,256,,,,,0,0
2024,2024-08-16,Eastbound,All Vehicles,204,140,83,87,143,580,2187,2334,2066,1952,1975,1959,2082,1926,2044,1982,2125,2121,2023,271,,,,,0,0
2024,2024-08-16,Westbound,All Vehicles,263,159,119,101,178,619,1443,2563,2969,2710,2491,2653,2693,2670,2858,2955,3050,2838,2542,1587,1275,1202,1339,,0,0
2024,2024-08-17,Westbound,Heavy Vehicles,8,7,3,12,16,20,45,105,117,108,136,136,123,149,122,112,93,118,67,44,32,29,27,34,0,0
2024,2024-08-17,Westbound,Light Vehicles,528,348,239,175,135,269,582,1238,1700,2046,2315,2382,2482,2381,2382,2318,2377,2485,2242,1545,1297,1208,1302,1142,0,0
2024,2024-08-17,Westbound,All Vehicles,536,355,242,187,151,289,627,1343,1817,2154,2451,2518,2605,2530,2504,2430,2470,2603,2309,1589,1329,1237,1329,1176,0,0
2024,2024-08-18,Westbound,Heavy Vehicles,17,7,9,11,4,8,23,37,60,60,105,75,96,90,84,84,73,69,52,40,26,34,11,8,0,0
2024,2024-08-18,Westbound,Light Vehicles,812,624,553,339,256,198,389,716,1135,1762,2108,2089,2375,2218,2009,2042,1986,1874,1460,1014,865,747,431,217,0,0
2024,2024-08-18,Westbound,All Vehicles,829,631,562,350,260,206,412,753,1195,1822,2213,2164,2471,2308,2093,2126,2059,1943,1512,1054,891,781,442,225,0,0
2024,2024-08-19,Westbound,Light Vehicles,143,86,76,56,170,483,1368,2200,2953,2357,1903,1854,2030,1843,2157,2552,2348,2287,1766,1147,825,632,395,202,0,0
2024,2024-08-19,Westbound,Heavy Vehicles,7,9,10,14,23,47,128,152,225,277,305,331,328,281,335,364,253,172,79,43,36,17,17,9,0,0
2024,2024-08-19,Westbound,All Vehicles,150,95,86,70,193,530,1496,2352,3178,2634,2208,2185,2358,2124,2492,2916,2601,2459,1845,1190,861,649,412,211,0,0
2024,2024-08-20,Eastbound,Heavy Vehicles,7,3,5,14,23,70,426,346,241,286,285,252,214,216,181,158,147,105,89,40,29,28,29,9,0,0
2024,2024-08-20,Westbound,Light Vehicles,116,53,60,56,153,559,1499,2711,3051,2523,1959,2040,2077,2001,,2667,2564,2498,1904,1273,1053,891,560,248,0,0
2024,2024-08-20,Westbound,Heavy Vehicles,10,3,7,11,14,53,131,186,240,260,305,302,311,289,,359,267,186,84,47,36,23,16,18,0,0
2024,2024-08-20,Eastbound,Light Vehicles,86,62,47,54,99,486,1765,1932,1670,1516,1506,1500,1580,1490,1667,1558,1722,2113,1883,1139,854,732,467,210,0,0
2024,2024-08-20,Eastbound,All Vehicles,93,65,52,68,122,556,2191,2278,1911,1802,1791,1752,1794,1706,1848,1716,1869,2218,1972,1179,883,760,496,219,0,0
2024,2024-08-20,Westbound,All Vehicles,126,56,67,67,167,612,1630,2897,3291,2783,2264,2342,2388,2290,,3026,2831,2684,1988,1320,1089,914,576,266,0,0
2024,2024-08-21,Westbound,Light Vehicles,148,84,75,65,142,570,1509,2710,3046,2353,2239,2147,2113,2142,2340,2668,2603,2622,2067,1494,1138,984,679,317,0,0
2024,2024-08-21,Eastbound,Light Vehicles,104,69,49,41,95,509,1745,1943,1629,1679,1588,1666,1605,1556,1720,1782,1788,2012,1918,1208,968,822,570,255,0,0
2024,2024-08-21,Eastbound,Heavy Vehicles,5,4,4,8,24,81,430,333,238,281,268,225,212,182,165,148,115,111,113,47,35,28,16,11,0,0
2024,2024-08-21,Westbound,Heavy Vehicles,5,7,9,10,17,59,132,194,233,245,296,304,300,300,297,352,250,160,81,50,31,33,26,12,0,0
2024,2024-08-21,Westbound,All Vehicles,153,91,84,75,159,629,1641,2904,3279,2598,2535,2451,2413,2442,2637,3020,2853,2782,2148,1544,1169,1017,705,329,0,0
2024,2024-08-21,Eastbound,All Vehicles,109,73,53,49,119,590,2175,2276,1867,1960,1856,1891,1817,1738,1885,1930,1903,2123,2031,1255,1003,850,586,266,0,0
2024,2024-08-22,Eastbound,Heavy Vehicles,8,4,4,17,33,91,423,403,259,271,271,223,214,190,170,155,117,131,97,46,50,28,31,16,0,0
2024,2024-08-22,Westbound,Heavy Vehicles,8,6,4,12,22,57,167,194,218,264,328,342,308,298,317,328,267,170,82,62,42,31,,,0,0
2024,2024-08-22,Westbound,Light Vehicles,213,142,93,70,150,565,1455,2493,2990,2481,2088,2084,2181,2112,2299,2773,2552,2473,2133,1586,1140,1109,,,0,0
2024,2024-08-22,Eastbound,Light Vehicles,176,107,77,61,110,499,1712,1896,1637,1634,1580,1543,1546,1531,1739,1706,1914,1954,2017,1217,973,921,723,373,0,0
2024,2024-08-22,Eastbound,All Vehicles,184,111,81,78,143,590,2135,2299,1896,1905,1851,1766,1760,1721,1909,1861,2031,2085,2114,1263,1023,949,754,389,0,0
2024,2024-08-22,Westbound,All Vehicles,221,148,97,82,172,622,1622,2687,3208,2745,2416,2426,2489,2410,2616,3101,2819,2643,2215,1648,1182,1140,,,0,0
2024,2024-08-23,Westbound,Heavy Vehicles,10,9,4,14,18,46,149,182,243,278,310,299,278,267,324,318,265,196,90,,,21,20,16,0,0
2024,2024-08-23,Eastbound,Light Vehicles,184,125,81,88,104,469,1760,1939,1844,1608,1685,1653,1781,1725,1769,1684,1921,2064,1843,1203,929,904,791,584,0,0
2024,2024-08-23,Eastbound,Heavy Vehicles,10,6,2,13,32,85,401,388,271,280,270,229,256,226,197,188,137,106,80,50,44,31,19,14,0,0
2024,2024-08-23,Westbound,Light Vehicles,269,164,102,83,157,575,1434,2320,2763,2460,2215,2360,2384,2297,2504,2654,2689,2644,2265,,,1125,1049,816,0,0
2024,2024-08-23,Westbound,All Vehicles,279,173,106,97,175,621,1583,2502,3006,2738,2525,2659,2662,2564,2828,2972,2954,2840,2355,,,1146,1069,832,0,0
2024,2024-08-23,Eastbound,All Vehicles,194,131,83,101,136,554,2161,2327,2115,1888,1955,1882,2037,1951,1966,1872,2058,2170,1923,1253,973,935,810,598,0,0
2024,2024-08-24,Westbound,Heavy Vehicles,17,9,3,12,22,39,86,110,130,144,168,150,140,170,155,129,127,126,101,63,57,50,58,61,0,0
2024,2024-08-24,Eastbound,Light Vehicles,349,233,180,143,139,283,728,1070,1344,1766,1881,1953,2051,1947,2195,1964,1815,1851,1694,1282,1104,993,1026,846,0,0
2024,2024-08-24,Eastbound,Heavy Vehicles,8,7,7,10,18,45,152,157,133,150,115,162,164,162,131,128,101,102,105,58,47,54,44,40,0,0
2024,2024-08-24,Westbound,Light Vehicles,527,337,217,174,178,331,731,1283,1807,2220,2604,2552,2549,2502,2475,2657,2665,2836,2690,1856,1342,1323,1614,1318,0,0
2024,2024-08-24,Westbound,All Vehicles,544,346,220,186,200,370,817,1393,1937,2364,2772,2702,2689,2672,2630,2786,2792,2962,2791,1919,1399,1373,1672,1379,0,0
2024,2024-08-24,Eastbound,All Vehicles,357,240,187,153,157,328,880,1227,1477,1916,1996,2115,2215,2109,2326,2092,1916,1953,1799,1340,1151,1047,1070,886,0,0
2024,2024-08-25,Eastbound,Light Vehicles,621,479,360,215,164,187,353,560,860,1290,1547,1693,1890,1807,1659,1707,1550,1457,1155,917,693,593,341,179,0,0
2024,2024-08-25,Westbound,Light Vehicles,878,603,559,330,224,276,446,736,1208,1802,2137,2261,2524,2233,2154,2249,2131,1956,1588,982,889,750,479,228,0,0
2024,2024-08-25,Eastbound,Heavy Vehicles,31,23,14,4,13,26,47,64,81,89,93,92,99,91,77,89,89,71,67,61,49,33,35,33,0,0
2024,2024-08-25,Westbound,Heavy Vehicles,30,34,13,10,16,32,44,64,70,71,121,126,110,99,90,94,91,95,65,46,49,47,34,28,0,0
2024,2024-08-25,Eastbound,All Vehicles,652,502,374,219,177,213,400,624,941,1379,1640,1785,1989,1898,1736,1796,1639,1528,1222,978,742,626,376,212,0,0
2024,2024-08-25,Westbound,All Vehicles,908,637,572,340,240,308,490,800,1278,1873,2258,2387,2634,2332,2244,2343,2222,2051,1653,1028,938,797,513,256,0,0
2024,2024-08-26,Westbound,Light Vehicles,125,72,48,62,140,551,1414,2606,3052,2296,1960,1930,1921,2025,2177,,2526,2370,1873,1161,902,664,399,192,0,0
2024,2024-08-26,Eastbound,Light Vehicles,57,46,29,36,72,326,1071,1092,966,907,896,955,939,963,941,923,1037,1221,1065,738,499,433,241,122,0,0
2024,2024-08-26,Westbound,Heavy Vehicles,23,22,11,12,19,51,138,165,205,256,309,293,303,275,307,,239,167,74,45,31,21,15,13,0,0
2024,2024-08-26,Eastbound,Heavy Vehicles,16,14,2,7,18,58,289,214,148,200,157,156,133,145,99,71,66,66,46,22,24,14,10,9,0,0
2024,2024-08-26,Westbound,All Vehicles,148,94,59,74,159,602,1552,2771,3257,2552,2269,2223,2224,2300,2484,,2765,2537,1947,1206,933,685,414,205,0,0
2024,2024-08-26,Eastbound,All Vehicles,73,60,31,43,90,384,1360,1306,1114,1107,1053,1111,1072,1108,1040,994,1103,1287,1111,760,523,447,251,131,0,0
2024,2024-08-27,Eastbound,Light Vehicles,85,55,44,51,91,494,1774,1935,1682,1562,1621,1455,1483,1436,1696,1672,1760,2071,1837,1156,839,743,456,196,0,0
2024,2024-08-27,Westbound,Heavy Vehicles,7,5,11,7,18,56,145,165,226,297,303,285,281,315,316,289,258,157,82,41,33,23,19,10,0,0
2024,2024-08-27,Westbound,Light Vehicles,113,56,54,62,133,594,1487,2724,3040,2495,1998,2053,2032,2080,2287,2647,2617,2521,2022,1275,1101,894,558,261,0,0
2024,2024-08-27,Eastbound,Heavy Vehicles,8,3,6,19,26,92,438,360,230,261,273,250,217,173,143,137,118,129,84,45,29,22,18,13,0,0
2024,2024-08-27,Eastbound,All Vehicles,93,58,50,70,117,586,2212,2295,1912,1823,1894,1705,1700,1609,1839,1809,1878,2200,1921,1201,868,765,474,209,0,0
2024,2024-08-27,Westbound,All Vehicles,120,61,65,69,151,650,1632,2889,3266,2792,2301,2338,2313,2395,2603,2936,2875,2678,2104,1316,1134,917,577,271,0,0
2024,2024-08-28,Eastbound,Light Vehicles,111,75,50,52,84,521,1713,1920,1754,1673,1559,1657,1618,1624,1755,1784,1848,2117,1828,1159,959,900,616,322,0,0
2024,2024-08-28,Westbound,Light Vehicles,135,87,58,56,130,613,1491,2647,2937,2487,2060,2087,2242,2214,2360,2582,,2583,2066,1479,,980,750,357,0,0
2024,2024-08-28,Westbound,Heavy Vehicles,8,7,8,13,17,45,150,181,221,282,275,332,316,309,319,331,,162,85,49,,31,17,12,0,0
2024,2024-08-28,Eastbound,Heavy Vehicles,7,6,2,13,29,78,404,375,227,294,259,232,231,199,175,138,118,132,96,48,34,27,25,14,0,0
2024,2024-08-28,Eastbound,All Vehicles,118,81,52,65,113,599,2117,2295,1981,1967,1818,1889,1849,1823,1930,1922,1966,2249,1924,1207,993,927,641,336,0,0
2024,2024-08-28,Westbound,All Vehicles,143,94,66,69,147,658,1641,2828,3158,2769,2335,2419,2558,2523,2679,2913,,2745,2151,1528,,1011,767,369,0,0
2024,2024-08-29,Westbound,Light Vehicles,228,135,90,63,151,604,1402,2502,3042,2562,,2089,2181,2180,2458,,2629,2709,,1576,,1191,831,474,0,0
2024,2024-08-29,Eastbound,Heavy Vehicles,9,8,9,13,38,91,425,367,230,261,251,245,224,173,169,150,147,102,82,45,28,32,22,20,0,0
2024,2024-08-29,Eastbound,Light Vehicles,173,113,69,62,104,511,1750,1896,1692,1721,1553,1650,1662,1608,1799,1666,1861,2030,2064,1347,1022,1028,689,321,0,0
2024,2024-08-29,Westbound,Heavy Vehicles,15,8,10,13,18,62,147,183,230,260,,295,319,315,335,,259,178,,61,,36,24,16,0,0
2024,2024-08-29,Westbound,All Vehicles,243,143,100,76,169,666,1549,2685,3272,2822,,2384,2500,2495,2793,,2888,2887,,1637,,1227,855,490,0,0
2024,2024-08-29,Eastbound,All Vehicles,182,121,78,75,142,602,2175,2263,1922,1982,1804,1895,1886,1781,1968,1816,2008,2132,2146,1392,1050,1060,711,341,0,0
2024,2024-08-30,Eastbound,Heavy Vehicles,16,4,4,10,29,95,402,349,295,274,269,258,237,208,166,160,156,98,93,63,38,26,17,13,0,0
2024,2024-08-30,Eastbound,Light Vehicles,209,115,106,95,117,540,1876,1978,1805,1731,1801,1818,1915,1809,1818,1740,1812,1886,1888,1271,967,988,873,632,0,0
2024,2024-08-30,Westbound,Light Vehicles,266,155,127,93,172,567,1306,2244,2704,2573,2292,2344,2415,2355,2591,2491,2648,2649,2607,1676,1277,1190,1103,863,0,0
2024,2024-08-30,Westbound,Heavy Vehicles,5,8,7,10,19,46,154,177,231,270,285,307,296,316,304,255,225,175,118,48,41,27,25,18,0,0
2024,2024-08-30,Eastbound,All Vehicles,225,119,110,105,146,635,2278,2327,2100,2005,2070,2076,2152,2017,1984,1900,1968,1984,1981,1334,1005,1014,890,645,0,0
2024,2024-08-30,Westbound,All Vehicles,271,163,134,103,191,613,1460,2421,2935,2843,2577,2651,2711,2671,2895,2746,2873,2824,2725,1724,1318,1217,1128,881,0,0
2024,2024-08-31,Eastbound,Light Vehicles,446,273,204,163,130,294,783,1085,1350,1747,2038,2038,2141,2016,1902,1842,1772,1772,1668,1177,1057,1072,1188,866,0,0
2024,2024-08-31,Eastbound,Heavy Vehicles,9,13,5,8,16,34,134,137,112,119,122,119,102,101,118,101,88,87,71,42,39,35,33,21,0,0
2024,2024-08-31,Westbound,Heavy Vehicles,11,6,7,8,15,22,57,98,111,127,145,147,152,148,128,115,101,102,92,53,33,33,35,26,0,0
2024,2024-08-31,Westbound,Light Vehicles,545,353,244,187,178,341,716,1251,1851,2321,2617,2638,2745,2632,2621,2543,2549,2731,2553,1660,1325,1273,1295,1110,0,0
2024,2024-08-31,Eastbound,All Vehicles,455,286,209,171,146,328,917,1222,1462,1866,2160,2157,2243,2117,2020,1943,1860,1859,1739,1219,1096,1107,1221,887,0,0
2024,2024-08-31,Westbound,All Vehicles,556,359,251,195,193,363,773,1349,1962,2448,2762,2785,2897,2780,2749,2658,2650,2833,2645,1713,1358,1306,1330,1136,0,0
2024,2024-09-01,Westbound,Heavy Vehicles,13,9,7,7,8,15,21,34,51,70,88,93,91,89,96,98,88,77,69,41,38,25,12,9,0,0
2024,2024-09-01,Eastbound,Light Vehicles,591,418,287,216,153,243,356,635,982,1414,1722,2016,2178,2094,1933,1845,1693,1500,1300,951,847,604,377,172,0,0
2024,2024-09-01,Eastbound,Heavy Vehicles,13,6,8,5,11,12,18,47,55,82,86,96,94,90,90,72,77,45,51,46,32,20,18,20,0,0
2024,2024-09-01,Westbound,Light Vehicles,814,570,451,271,197,237,454,766,1228,1850,2185,2556,2470,2275,2304,2525,2596,2567,2208,1326,1071,814,474,240,0,0
2024,2024-09-01,Westbound,All Vehicles,827,579,458,278,205,252,475,800,1279,1920,2273,2649,2561,2364,2400,2623,2684,2644,2277,1367,1109,839,486,249,0,0
2024,2024-09-01,Eastbound,All Vehicles,604,424,295,221,164,255,374,682,1037,1496,1808,2112,2272,2184,2023,1917,1770,1545,1351,997,879,624,395,192,0,0
2024,2024-09-02,Eastbound,Light Vehicles,102,58,54,49,107,440,1796,1925,1665,1543,1567,1425,1404,1343,1611,1580,1761,1959,1606,969,736,547,309,156,0,0
2024,2024-09-02,Eastbound,Heavy Vehicles,9,5,8,12,26,79,428,337,271,257,271,241,202,173,153,164,118,103,82,33,26,27,12,6,0,0
2024,2024-09-02,Westbound,Heavy Vehicles,11,5,7,13,18,57,137,181,226,265,282,288,275,252,295,331,238,135,77,43,31,21,16,14,0,0
2024,2024-09-02,Westbound,Light Vehicles,119,80,60,54,148,606,1380,2521,3018,2260,1919,1936,1947,1844,2104,2601,2371,2306,1756,1145,838,646,403,189,0,0
2024,2024-09-02,Eastbound,All Vehicles,111,63,62,61,133,519,2224,2262,1936,1800,1838,1666,1606,1516,1764,1744,1879,2062,1688,1002,762,574,321,162,0,0
2024,2024-09-02,Westbound,All Vehicles,130,85,67,67,166,663,1517,2702,3244,2525,2201,2224,2222,2096,2399,2932,2609,2441,1833,1188,869,667,419,203,0,0
2024,2024-09-03,Westbound,Heavy Vehicles,5,7,7,5,18,49,167,205,200,253,289,334,306,279,323,352,262,145,89,42,43,28,32,14,0,0
2024,2024-09-03,Eastbound,Heavy Vehicles,11,7,5,14,24,86,413,367,234,270,265,243,222,163,162,148,121,87,94,38,32,21,20,13,0,0
2024,2024-09-03,Eastbound,Light Vehicles,88,59,45,51,101,488,1786,1922,1636,1637,1491,1457,1511,1488,1669,1629,1775,2091,1881,1153,816,731,443,187,0,0
2024,2024-09-03,Westbound,Light Vehicles,85,71,51,55,133,589,1497,2729,3045,2564,1949,2017,2010,2016,2194,2675,2552,2476,1883,1329,1014,876,574,252,0,0
2024,2024-09-03,Westbound,All Vehicles,90,78,58,60,151,638,1664,2934,3245,2817,2238,2351,2316,2295,2517,3027,2814,2621,1972,1371,1057,904,606,266,0,0
2024,2024-09-03,Eastbound,All Vehicles,99,66,50,65,125,574,2199,2289,1870,1907,1756,1700,1733,1651,1831,1777,1896,2178,1975,1191,848,752,463,200,0,0
2024,2024-09-04,Eastbound,Light Vehicles,112,70,48,55,108,531,1688,1967,1692,1680,1543,1579,1545,1514,1681,1710,1858,2054,1806,1209,972,883,552,250,0,0
2024,2024-09-04,Westbound,Light Vehicles,129,84,59,59,139,616,1385,2631,3022,2410,2162,2140,2135,2090,2231,2687,2653,2576,2129,1381,1099,984,679,337,0,0
2024,2024-09-04,Westbound,Heavy Vehicles,12,8,2,14,15,54,157,189,245,248,311,311,291,328,342,348,249,167,88,45,28,22,20,22,0,0
2024,2024-09-04,Eastbound,Heavy Vehicles,11,8,2,14,28,100,405,373,231,299,256,257,223,207,194,129,109,114,89,53,44,20,22,17,0,0
2024,2024-09-04,Eastbound,All Vehicles,123,78,50,69,136,631,2093,2340,1923,1979,1799,1836,1768,1721,1875,1839,1967,2168,1895,1262,1016,903,574,267,0,0
2024,2024-09-04,Westbound,All Vehicles,141,92,61,73,154,670,1542,2820,3267,2658,2473,2451,2426,2418,2573,3035,2902,2743,2217,1426,1127,1006,699,359,0,0
2024,2024-09-05,Westbound,Heavy Vehicles,7,5,3,9,21,47,150,186,229,242,302,324,297,294,322,355,247,181,91,62,39,32,26,13,0,0
2024,2024-09-05,Eastbound,Heavy Vehicles,7,5,2,13,27,89,439,372,268,266,290,232,216,206,189,147,139,122,99,54,40,40,25,13,0,0
2024,2024-09-05,Eastbound,Light Vehicles,147,111,62,57,104,493,1818,1971,1691,1670,1628,1730,1612,1520,1788,1651,1888,2134,1934,1259,912,915,636,347,0,0
2024,2024-09-05,Westbound,Light Vehicles,199,125,84,53,148,639,1481,2667,3028,2488,2108,2167,2208,2165,2342,2690,2717,2651,2197,1531,1262,1121,820,437,0,0
2024,2024-09-05,Westbound,All Vehicles,206,130,87,62,169,686,1631,2853,3257,2730,2410,2491,2505,2459,2664,3045,2964,2832,2288,1593,1301,1153,846,450,0,0
2024,2024-09-05,Eastbound,All Vehicles,154,116,64,70,131,582,2257,2343,1959,1936,1918,1962,1828,1726,1977,1798,2027,2256,2033,1313,952,955,661,360,0,0
2024,2024-09-06,Eastbound,Heavy Vehicles,13,8,5,13,19,103,445,387,300,279,270,239,198,189,215,153,139,104,79,61,31,38,36,17,0,0
2024,2024-09-06,Westbound,Heavy Vehicles,7,5,5,15,15,54,145,203,252,297,303,320,315,298,309,289,225,151,130,57,42,35,27,22,0,0
2024,2024-09-06,Westbound,Light Vehicles,243,133,104,81,175,587,1407,2447,2746,2402,2230,2399,2454,2269,2437,2665,2295,2008,2322,1685,1272,1262,1125,937,0,0
2024,2024-09-06,Eastbound,Light Vehicles,197,130,96,79,109,500,1820,1980,1805,1730,1815,1814,1949,1865,1967,1940,1802,1874,1761,1204,1007,955,957,631,0,0
2024,2024-09-06,Eastbound,All Vehicles,210,138,101,92,128,603,2265,2367,2105,2009,2085,2053,2147,2054,2182,2093,1941,1978,1840,1265,1038,993,993,648,0,0
2024,2024-09-06,Westbound,All Vehicles,250,138,109,96,190,641,1552,2650,2998,2699,2533,2719,2769,2567,2746,2954,2520,2159,2452,1742,1314,1297,1152,959,0,0
2024,2024-09-07,Westbound,Heavy Vehicles,11,10,3,12,14,27,66,94,128,136,129,142,137,133,135,124,111,94,79,50,44,31,,23,0,0
2024,2024-09-07,Eastbound,Light Vehicles,388,294,174,148,128,263,784,1057,1369,1836,1931,2055,2078,2120,2096,1743,1612,1586,1535,1221,1104,973,1095,897,0,0
2024,2024-09-07,Westbound,Light Vehicles,575,342,232,160,162,288,705,1281,1753,2315,2468,2608,2496,2567,2580,2816,2358,2354,2495,1885,1303,1202,,1205,0,0
2024,2024-09-07,Eastbound,Heavy Vehicles,8,9,6,12,15,25,140,143,103,152,123,114,118,121,100,95,77,71,58,46,43,40,29,14,0,0
2024,2024-09-07,Westbound,All Vehicles,586,352,235,172,176,315,771,1375,1881,2451,2597,2750,2633,2700,2715,2940,2469,2448,2574,1935,1347,1233,,1228,0,0
2024,2024-09-07,Eastbound,All Vehicles,396,303,180,160,143,288,924,1200,1472,1988,2054,2169,2196,2241,2196,1838,1689,1657,1593,1267,1147,1013,1124,911,0,0
2024,2024-09-08,Westbound,Heavy Vehicles,14,10,6,7,8,9,27,37,41,51,83,86,96,87,84,94,74,71,74,38,28,18,19,9,0,0
2024,2024-09-08,Eastbound,Light Vehicles,653,426,345,216,161,197,366,599,897,1380,1564,1862,2111,1901,1717,1661,1597,1491,1239,840,678,550,301,185,0,0
2024,2024-09-08,Westbound,Light Vehicles,861,674,535,252,176,204,436,768,1170,1790,2144,2330,2508,2344,2368,2285,2367,2239,1922,1166,937,672,465,205,0,0
2024,2024-09-08,Eastbound,Heavy Vehicles,11,9,7,6,7,14,26,35,64,53,65,80,97,74,67,71,65,58,49,40,21,19,17,14,0,0
2024,2024-09-08,Westbound,All Vehicles,875,684,541,259,184,213,463,805,1211,1841,2227,2416,2604,2431,2452,2379,2441,2310,1996,1204,965,690,484,214,0,0
2024,2024-09-08,Eastbound,All Vehicles,664,435,352,222,168,211,392,634,961,1433,1629,1942,2208,1975,1784,1732,1662,1549,1288,880,699,569,318,199,0,0
2024,2024-09-09,Eastbound,Light Vehicles,120,57,48,42,105,445,1778,1910,1672,1531,1463,1529,1522,1399,1640,1636,1742,2049,1612,969,715,619,320,155,0,0
2024,2024-09-09,Westbound,Light Vehicles,114,88,53,64,166,585,1427,2622,2970,2213,1985,1949,1941,1960,2233,2577,2499,2373,1842,1200,851,651,395,199,0,0
2024,2024-09-09,Eastbound,Heavy Vehicles,8,3,7,11,20,77,424,377,258,256,261,275,204,181,170,132,101,117,88,40,21,26,34,26,0,0
2024,2024-09-09,Westbound,Heavy Vehicles,7,4,10,13,24,70,134,192,244,236,294,290,312,286,309,372,240,144,81,39,25,32,31,26,0,0
2024,2024-09-09,Eastbound,All Vehicles,128,60,55,53,125,522,2202,2287,1930,1787,1724,1804,1726,1580,1810,1768,1843,2166,1700,1009,736,645,354,181,0,0
2024,2024-09-09,Westbound,All Vehicles,121,92,63,77,190,655,1561,2814,3214,2449,2279,2239,2253,2246,2542,2949,2739,2517,1923,1239,876,683,426,225,0,0
2024,2024-09-10,Westbound,Heavy Vehicles,17,4,12,9,19,52,149,195,230,296,285,314,322,303,327,340,244,154,81,43,35,25,42,29,0,0
2024,2024-09-10,Eastbound,Light Vehicles,78,45,48,43,122,526,1799,1952,1728,1602,1512,1423,1554,1469,1674,1609,1865,2146,1882,1057,909,737,436,234,0,0
2024,2024-09-10,Eastbound,Heavy Vehicles,20,8,6,13,29,77,466,376,273,282,265,226,230,194,143,144,121,105,88,41,39,27,34,26,0,0
2024,2024-09-10,Westbound,Light Vehicles,111,59,72,46,154,605,1450,2661,3029,2404,2089,2026,2003,1946,2284,2643,2588,2467,1982,1285,1056,826,563,269,0,0
2024,2024-09-10,Westbound,All Vehicles,128,63,84,55,173,657,1599,2856,3259,2700,2374,2340,2325,2249,2611,2983,2832,2621,2063,1328,1091,851,605,298,0,0
2024,2024-09-10,Eastbound,All Vehicles,98,53,54,56,151,603,2265,2328,2001,1884,1777,1649,1784,1663,1817,1753,1986,2251,1970,1098,948,764,470,260,0,0
2024,2024-09-11,Westbound,Light Vehicles,114,73,73,67,136,603,1512,2565,3004,2328,2059,2012,2050,2026,2408,2686,2708,2540,2072,1396,1095,971,678,330,0,0
2024,2024-09-11,Eastbound,Heavy Vehicles,22,10,8,10,20,91,414,367,221,265,234,217,218,185,175,146,114,97,88,47,41,26,18,18,0,0
2024,2024-09-11,Eastbound,Light Vehicles,88,71,45,64,96,519,1739,1859,1637,1413,1442,1589,1591,1514,1651,1656,1794,2246,1984,1169,892,805,584,270,0,0
2024,2024-09-11,Westbound,Heavy Vehicles,21,3,9,21,20,52,142,179,225,291,280,315,300,283,313,312,271,161,92,51,31,39,27,11,0,0
2024,2024-09-11,Westbound,All Vehicles,135,76,82,88,156,655,1654,2744,3229,2619,2339,2327,2350,2309,2721,2998,2979,2701,2164,1447,1126,1010,705,341,0,0
2024,2024-09-11,Eastbound,All Vehicles,110,81,53,74,116,610,2153,2226,1858,1678,1676,1806,1809,1699,1826,1802,1908,2343,2072,1216,933,831,602,288,0,0
2024,2024-09-12,Westbound,Heavy Vehicles,9,6,9,10,20,55,151,195,217,249,295,323,339,306,323,319,281,154,104,49,45,38,25,24,0,0
2024,2024-09-12,Eastbound,Heavy Vehicles,9,7,8,16,35,77,446,388,263,272,263,278,223,205,180,139,104,148,106,52,41,37,12,17,0,0
2024,2024-09-12,Eastbound,Light Vehicles,162,110,56,53,116,533,1808,1995,1702,1603,1635,1533,1626,1505,1683,1767,1910,2046,2048,1261,997,913,622,344,0,0
2024,2024-09-12,Westbound,Light Vehicles,191,132,66,60,147,631,1456,2567,3027,2515,2183,2141,2223,2189,2421,2565,2653,2410,2173,1557,1165,1087,817,458,0,0
2024,2024-09-12,Westbound,All Vehicles,200,138,75,70,167,686,1607,2762,3244,2764,2478,2464,2562,2495,2744,2884,2934,2564,2277,1606,1210,1125,842,482,0,0
2024,2024-09-12,Eastbound,All Vehicles,171,117,64,69,151,610,2254,2383,1965,1875,1898,1811,1849,1710,1863,1906,2014,2194,2154,1313,1038,950,634,361,0,0
2024,2024-09-13,Westbound,Heavy Vehicles,5,10,16,9,21,55,154,191,230,237,,359,,310,316,313,230,152,94,54,43,41,26,22,0,0
2024,2024-09-13,Eastbound,Light Vehicles,226,114,85,82,119,485,1813,1882,1797,1747,1673,1721,1866,1694,1916,1839,1890,2029,1771,1264,947,873,819,616,0,0
2024,2024-09-13,Westbound,Light Vehicles,221,151,98,78,172,629,1341,2320,2763,2408,,2318,,2413,2597,2619,2485,2655,2393,1650,1177,1135,1091,805,0,0
2024,2024-09-13,Eastbound,Heavy Vehicles,9,10,7,12,25,98,366,363,266,306,281,253,213,178,192,146,111,106,82,56,38,30,27,13,0,0
2024,2024-09-13,Westbound,All Vehicles,226,161,114,87,193,684,1495,2511,2993,2645,,2677,,2723,2913,2932,2715,2807,2487,1704,1220,1176,1117,827,0,0
2024,2024-09-13,Eastbound,All Vehicles,235,124,92,94,144,583,2179,2245,2063,2053,1954,1974,2079,1872,2108,1985,2001,2135,1853,1320,985,903,846,629,0,0
2024,2024-09-14,Westbound,Heavy Vehicles,16,7,11,9,12,25,58,84,125,144,133,163,134,149,119,93,114,78,83,48,31,29,24,33,0,0
2024,2024-09-14,Eastbound,Light Vehicles,368,282,204,159,133,256,822,1139,1374,1769,1891,2023,2108,2125,1933,1891,1756,1766,1574,1295,1057,961,1058,956,0,0
2024,2024-09-14,Eastbound,Heavy Vehicles,9,10,7,8,15,27,125,144,118,134,110,103,108,92,99,77,71,74,44,39,42,22,27,20,0,0
2024,2024-09-14,Westbound,Light Vehicles,524,329,284,174,175,339,700,1212,1678,2175,2507,2565,2737,2560,2614,2558,2694,2613,2495,1806,1290,1265,1257,1150,0,0
2024,2024-09-14,Westbound,All Vehicles,540,336,295,183,187,364,758,1296,1803,2319,2640,2728,2871,2709,2733,2651,2808,2691,2578,1854,1321,1294,1281,1183,0,0
2024,2024-09-14,Eastbound,All Vehicles,377,292,211,167,148,283,947,1283,1492,1903,2001,2126,2216,2217,2032,1968,1827,1840,1618,1334,1099,983,1085,976,0,0
2024,2024-09-15,Eastbound,Light Vehicles,605,466,284,219,186,319,415,719,1056,1520,1878,2042,1884,1902,1621,1501,1495,1403,1245,972,785,566,339,174,0,0
2024,2024-09-15,Westbound,Heavy Vehicles,14,13,5,9,9,15,26,61,72,90,100,84,106,82,84,74,72,52,50,24,28,17,15,16,0,0
2024,2024-09-15,Westbound,Light Vehicles,839,603,452,294,253,453,633,907,1385,1887,2225,1995,2091,2269,2173,2097,2018,1915,1551,1085,970,679,437,235,0,0
2024,2024-09-15,Eastbound,Heavy Vehicles,13,11,7,6,11,13,24,53,56,77,73,95,92,68,80,53,48,57,44,41,19,23,14,15,0,0
2024,2024-09-15,Eastbound,All Vehicles,618,477,291,225,197,332,439,772,1112,1597,1951,2137,1976,1970,1701,1554,1543,1460,1289,1013,804,589,353,189,0,0
2024,2024-09-15,Westbound,All Vehicles,853,616,457,303,262,468,659,968,1457,1977,2325,2079,2197,2351,2257,2171,2090,1967,1601,1109,998,696,452,251,0,0
2024,2024-09-16,Eastbound,Heavy Vehicles,8,2,9,11,19,80,398,386,232,252,239,225,210,182,148,154,119,106,78,46,34,20,20,15,0,0
2024,2024-09-16,Eastbound,Light Vehicles,89,53,58,73,100,471,1624,1971,1740,1553,1460,1399,1448,1391,1598,1669,1770,1933,1672,980,704,582,335,182,0,0
2024,2024-09-16,Westbound,Light Vehicles,133,77,63,69,163,604,1521,2593,2967,2333,1941,1926,2005,1997,2282,2619,2465,2436,,1150,854,653,380,182,0,0
2024,2024-09-16,Westbound,Heavy Vehicles,6,3,6,14,25,63,152,186,221,271,266,306,296,269,325,343,265,161,,40,30,28,16,14,0,0
2024,2024-09-16,Eastbound,All Vehicles,97,55,67,84,119,551,2022,2357,1972,1805,1699,1624,1658,1573,1746,1823,1889,2039,1750,1026,738,602,355,197,0,0
2024,2024-09-16,Westbound,All Vehicles,139,80,69,83,188,667,1673,2779,3188,2604,2207,2232,2301,2266,2607,2962,2730,2597,,1190,884,681,396,196,0,0
2024,2024-09-17,Eastbound,Light Vehicles,94,58,56,48,95,536,1791,1946,1715,1562,1488,1536,1554,1449,1703,1647,1877,2134,1858,1106,856,759,498,259,0,0
2024,2024-09-17,Westbound,Light Vehicles,85,63,59,64,132,621,1549,2798,2959,2459,1987,2045,2093,2130,2406,2543,2691,2557,2059,1298,1016,813,577,270,0,0
2024,2024-09-17,Eastbound,Heavy Vehicles,10,13,12,22,32,97,437,364,279,280,262,237,229,188,163,134,120,122,97,44,37,27,22,16,0,0
2024,2024-09-17,Westbound,Heavy Vehicles,4,4,5,16,19,54,168,195,222,261,312,283,315,316,300,329,254,152,103,58,30,30,21,16,0,0
2024,2024-09-17,Eastbound,All Vehicles,104,71,68,70,127,633,2228,2310,1994,1842,1750,1773,1783,1637,1866,1781,1997,2256,1955,1150,893,786,520,275,0,0
2024,2024-09-17,Westbound,All Vehicles,89,67,64,80,151,675,1717,2993,3181,2720,2299,2328,2408,2446,2706,2872,2945,2709,2162,1356,1046,843,598,286,0,0
2024,2024-09-18,Westbound,Heavy Vehicles,8,7,8,16,33,53,168,188,234,249,,296,321,328,289,339,231,179,106,65,47,28,26,14,0,0
2024,2024-09-18,Eastbound,Light Vehicles,144,84,50,50,94,560,1751,1911,1731,1742,1645,1613,1660,1621,1732,1737,1905,2104,1802,1230,955,944,567,346,0,0
2024,2024-09-18,Westbound,Light Vehicles,151,73,65,58,156,620,1554,2641,2995,2567,,2228,2156,2145,2494,2630,2645,2608,2357,1428,1253,1047,709,335,0,0
2024,2024-09-18,Eastbound,Heavy Vehicles,8,4,8,16,40,92,460,363,229,264,284,228,223,171,148,136,134,133,84,63,34,26,30,14,0,0
2024,2024-09-18,Westbound,All Vehicles,159,80,73,74,189,673,1722,2829,3229,2816,,2524,2477,2473,2783,2969,2876,2787,2463,1493,1300,1075,735,349,0,0
2024,2024-09-18,Eastbound,All Vehicles,152,88,58,66,134,652,2211,2274,1960,2006,1929,1841,1883,1792,1880,1873,2039,2237,1886,1293,989,970,597,360,0,0
2024,2024-09-19,Eastbound,Light Vehicles,199,130,87,75,125,560,1778,1971,1681,1713,1698,1712,1676,1566,1594,1756,1889,2060,1890,1244,1084,931,801,532,0,0
2024,2024-09-19,Eastbound,Heavy Vehicles,14,6,4,24,38,87,451,377,249,283,265,234,239,220,187,145,114,139,81,54,55,33,24,15,0,0
2024,2024-09-19,Westbound,Heavy Vehicles,9,8,11,17,30,65,143,199,222,286,318,328,318,310,367,322,262,187,99,47,42,48,29,14,0,0
2024,2024-09-19,Westbound,Light Vehicles,216,144,88,72,158,625,1570,2539,2944,2530,2093,2201,2270,2183,2469,2662,2675,2571,2372,1493,1301,1275,887,510,0,0
2024,2024-09-19,Eastbound,All Vehicles,213,136,91,99,163,647,2229,2348,1930,1996,1963,1946,1915,1786,1781,1901,2003,2199,1971,1298,1139,964,825,547,0,0
2024,2024-09-19,Westbound,All Vehicles,225,152,99,89,188,690,1713,2738,3166,2816,2411,2529,2588,2493,2836,2984,2937,2758,2471,1540,1343,1323,916,524,0,0
2024,2024-09-20,Eastbound,Heavy Vehicles,7,7,3,15,36,87,427,387,241,251,256,250,204,200,182,152,122,109,122,59,38,30,29,18,0,0
2024,2024-09-20,Westbound,Heavy Vehicles,8,4,6,13,18,56,178,186,215,275,301,311,311,293,,336,244,148,101,62,50,36,39,27,0,0
2024,2024-09-20,Westbound,Light Vehicles,260,140,102,90,172,610,1427,2309,2707,2447,2224,2292,2474,2411,,2664,2737,2718,2465,1894,1250,1227,1523,1136,0,0
2024,2024-09-20,Eastbound,Light Vehicles,232,158,114,92,134,539,1800,1979,1847,1680,1796,1705,1837,1718,1965,1906,2054,2148,2024,1401,956,926,919,654,0,0
2024,2024-09-20,Eastbound,All Vehicles,239,165,117,107,170,626,2227,2366,2088,1931,2052,1955,2041,1918,2147,2058,2176,2257,2146,1460,994,956,948,672,0,0
2024,2024-09-20,Westbound,All Vehicles,268,144,108,103,190,666,1605,2495,2922,2722,2525,2603,2785,2704,,3000,2981,2866,2566,1956,1300,1263,1562,1163,0,0
2024,2024-09-21,Eastbound,Heavy Vehicles,7,11,6,8,12,32,149,166,131,130,132,121,128,98,84,73,88,73,62,64,33,29,32,17,0,0
2024,2024-09-21,Westbound,Heavy Vehicles,10,14,12,11,11,31,57,117,119,130,153,171,166,154,149,128,100,97,75,49,37,47,50,34,0,0
2024,2024-09-21,Westbound,Light Vehicles,651,462,309,191,168,335,688,1381,1879,2250,2560,2529,2710,2649,2813,2505,2492,2674,2595,2017,1453,1473,1903,1313,0,0
2024,2024-09-21,Eastbound,Light Vehicles,426,338,222,157,157,291,886,1271,1375,1701,1897,1995,2109,2025,1879,1684,1753,1740,1821,1645,1231,1044,1210,929,0,0
2024,2024-09-21,Eastbound,All Vehicles,433,349,228,165,169,323,1035,1437,1506,1831,2029,2116,2237,2123,1963,1757,1841,1813,1883,1709,1264,1073,1242,946,0,0
2024,2024-09-21,Westbound,All Vehicles,661,476,321,202,179,366,745,1498,1998,2380,2713,2700,2876,2803,2962,2633,2592,2771,2670,2066,1490,1520,1953,1347,0,0
2024,2024-09-22,Westbound,Heavy Vehicles,12,12,7,9,10,18,26,48,41,59,103,91,62,72,71,87,80,71,60,41,40,23,17,8,0,0
2024,2024-09-22,Eastbound,Light Vehicles,707,557,361,224,195,204,323,611,908,1387,1646,1789,1918,1783,1824,1739,1715,1566,1271,892,765,574,362,197,0,0
2024,2024-09-22,Eastbound,Heavy Vehicles,6,12,6,2,7,11,22,34,66,68,71,69,92,74,58,81,77,66,55,32,30,19,15,16,0,0
2024,2024-09-22,Westbound,Light Vehicles,998,792,618,319,256,297,425,740,1231,1769,2133,2306,2357,2278,2323,2276,2355,2323,1918,1171,1027,737,504,256,0,0
2024,2024-09-22,Westbound,All Vehicles,1010,804,625,328,266,315,451,788,1272,1828,2236,2397,2419,2350,2394,2363,2435,2394,1978,1212,1067,760,521,264,0,0
2024,2024-09-22,Eastbound,All Vehicles,713,569,367,226,202,215,345,645,974,1455,1717,1858,2010,1857,1882,1820,1792,1632,1326,924,795,593,377,213,0,0
2024,2024-09-23,Eastbound,Heavy Vehicles,7,5,8,13,25,89,417,399,262,271,274,226,194,178,188,143,143,91,70,41,37,33,12,16,0,0
2024,2024-09-23,Eastbound,Light Vehicles,110,67,53,46,138,535,1780,1710,1698,1646,1634,1632,1507,1345,1551,1608,1769,1957,1602,993,721,600,346,189,0,0
2024,2024-09-23,Westbound,Light Vehicles,141,90,64,69,171,639,1537,2605,2909,2184,1900,1908,2098,1991,2352,2574,2543,2423,1995,1180,881,688,410,209,0,0
2024,2024-09-23,Westbound,Heavy Vehicles,8,2,16,17,24,67,169,185,246,261,297,351,311,274,307,383,266,173,95,54,34,25,21,10,0,0
2024,2024-09-23,Eastbound,All Vehicles,117,72,61,59,163,624,2197,2109,1960,1917,1908,1858,1701,1523,1739,1751,1912,2048,1672,1034,758,633,358,205,0,0
2024,2024-09-23,Westbound,All Vehicles,149,92,80,86,195,706,1706,2790,3155,2445,2197,2259,2409,2265,2659,2957,2809,2596,2090,1234,915,713,431,219,0,0
2024,2024-09-24,Westbound,Heavy Vehicles,13,3,7,12,19,62,185,202,237,275,311,307,325,305,348,388,265,155,89,37,46,25,27,19,0,0
2024,2024-09-24,Eastbound,Heavy Vehicles,5,7,7,15,38,87,440,378,224,269,259,213,225,191,163,145,110,110,71,45,34,22,13,20,0,0
2024,2024-09-24,Eastbound,Light Vehicles,96,80,42,39,114,560,1825,1742,1686,1619,1614,1515,1532,1479,1634,1702,1865,2131,1767,1021,859,732,461,248,0,0
2024,2024-09-24,Westbound,Light Vehicles,91,84,48,45,139,625,1616,2731,3029,2365,2096,2108,2177,2088,2324,2722,2481,2379,1943,1233,1003,894,553,256,0,0
2024,2024-09-24,Westbound,All Vehicles,104,87,55,57,158,687,1801,2933,3266,2640,2407,2415,2502,2393,2672,3110,2746,2534,2032,1270,1049,919,580,275,0,0
2024,2024-09-24,Eastbound,All Vehicles,101,87,49,54,152,647,2265,2120,1910,1888,1873,1728,1757,1670,1797,1847,1975,2241,1838,1066,893,754,474,268,0,0
2024,2024-09-25,Eastbound,Light Vehicles,113,77,59,74,120,542,1844,1763,1705,1691,1656,1570,1640,1554,1606,1706,1880,2142,1918,1245,979,832,529,275,0,0
2024,2024-09-25,Westbound,Heavy Vehicles,9,6,5,14,24,63,189,214,229,263,319,312,316,286,329,368,299,171,114,56,48,25,20,26,0,0
2024,2024-09-25,Eastbound,Heavy Vehicles,9,3,4,15,30,84,418,349,229,286,263,234,187,179,179,154,135,111,88,38,46,31,20,15,0,0
2024,2024-09-25,Westbound,Light Vehicles,134,74,62,58,172,613,1548,2745,3003,2388,2189,2241,2230,2150,2337,2695,2720,2364,2102,1430,1154,1030,692,407,0,0
2024,2024-09-25,Eastbound,All Vehicles,122,80,63,89,150,626,2262,2112,1934,1977,1919,1804,1827,1733,1785,1860,2015,2253,2006,1283,1025,863,549,290,0,0
2024,2024-09-25,Westbound,All Vehicles,143,80,67,72,196,676,1737,2959,3232,2651,2508,2553,2546,2436,2666,3063,3019,2535,2216,1486,1202,1055,712,433,0,0
2024,2024-09-26,Westbound,Light Vehicles,191,151,72,72,128,565,1433,2645,2837,2612,2133,2128,2202,2173,2201,2482,2327,2378,1993,1416,1247,1125,769,465,0,0
2024,2024-09-26,Westbound,Heavy Vehicles,10,7,6,11,19,57,156,196,196,232,297,303,247,234,295,276,200,127,86,41,35,30,35,20,0,0
2024,2024-09-26,Eastbound,Light Vehicles,142,109,57,59,115,450,1631,1733,1674,1629,1634,1545,1554,1519,1670,1757,1932,1750,2030,1215,978,884,607,328,0,0
2024,2024-09-26,Eastbound,Heavy Vehicles,8,6,3,11,32,91,386,279,192,226,261,226,196,189,137,132,118,84,105,48,33,30,24,20,0,0
2024,2024-09-26,Westbound,All Vehicles,201,158,78,83,147,622,1589,2841,3033,2844,2430,2431,2449,2407,2496,2758,2527,2505,2079,1457,1282,1155,804,485,0,0
2024,2024-09-26,Eastbound,All Vehicles,150,115,60,70,147,541,2017,2012,1866,1855,1895,1771,1750,1708,1807,1889,2050,1834,2135,1263,1011,914,631,348,0,0
2024,2024-09-27,Eastbound,Light Vehicles,180,152,97,91,124,464,1740,1593,1730,1638,1624,1666,1765,1671,1726,1775,1787,2017,1714,1182,943,931,825,622,0,0
2024,2024-09-27,Eastbound,Heavy Vehicles,9,9,3,8,35,82,371,312,269,259,264,219,193,173,182,131,117,105,73,53,41,24,22,13,0,0
2024,2024-09-27,Westbound,Heavy Vehicles,15,6,7,14,22,52,158,192,227,266,320,294,280,310,286,322,211,129,95,67,37,24,33,23,0,0
2024,2024-09-27,Westbound,Light Vehicles,257,172,130,88,170,580,1417,2362,2593,2397,2254,2401,2420,2347,2561,2856,2534,2538,2185,1528,1151,1092,1082,794,0,0
2024,2024-09-27,Eastbound,All Vehicles,189,161,100,99,159,546,2111,1905,1999,1897,1888,1885,1958,1844,1908,1906,1904,2122,1787,1235,984,955,847,635,0,0
2024,2024-09-27,Westbound,All Vehicles,272,178,137,102,192,632,1575,2554,2820,2663,2574,2695,2700,2657,2847,3178,2745,2667,2280,1595,1188,1116,1115,817,0,0
2024,2024-09-28,Eastbound,Light Vehicles,366,258,196,162,128,281,746,949,1286,1493,1776,1875,1937,2109,1894,1574,1430,1602,1557,1157,1000,999,1006,804,0,0
2024,2024-09-28,Westbound,Light Vehicles,500,320,265,191,162,323,682,1033,1628,2142,2301,2470,2651,2546,2510,2203,2200,2322,2246,1618,1275,1262,1339,1156,0,0
2024,2024-09-28,Eastbound,Heavy Vehicles,10,8,1,8,11,32,144,139,121,105,113,95,93,83,77,69,54,63,49,42,37,25,35,15,0,0
2024,2024-09-28,Westbound,Heavy Vehicles,14,8,7,8,18,27,75,85,107,120,139,149,146,142,120,118,96,86,72,37,32,46,36,26,0,0
2024,2024-09-28,Eastbound,All Vehicles,376,266,197,170,139,313,890,1088,1407,1598,1889,1970,2030,2192,1971,1643,1484,1665,1606,1199,1037,1024,1041,819,0,0
2024,2024-09-28,Westbound,All Vehicles,514,328,272,199,180,350,757,1118,1735,2262,2440,2619,2797,2688,2630,2321,2296,2408,2318,1655,1307,1308,1375,1182,0,0
2024,2024-09-29,Eastbound,Light Vehicles,630,454,301,211,178,192,297,522,691,1166,1435,1678,1881,1733,1592,1629,1557,1468,1153,813,710,600,350,187,0,0
2024,2024-09-29,Westbound,Heavy Vehicles,15,9,7,9,11,16,21,43,39,69,67,94,83,71,86,67,62,52,37,39,42,20,10,23,0,0
2024,2024-09-29,Eastbound,Heavy Vehicles,14,10,5,5,8,11,21,31,53,60,66,50,80,72,55,63,62,49,48,30,28,20,15,13,0,0
2024,2024-09-29,Westbound,Light Vehicles,859,649,504,304,222,237,400,638,1098,1697,2097,2244,2276,2061,2178,2167,2025,2032,1562,1016,858,732,480,250,0,0
2024,2024-09-29,Eastbound,All Vehicles,644,464,306,216,186,203,318,553,744,1226,1501,1728,1961,1805,1647,1692,1619,1517,1201,843,738,620,365,200,0,0
2024,2024-09-29,Westbound,All Vehicles,874,658,511,313,233,253,421,681,1137,1766,2164,2338,2359,2132,2264,2234,2087,2084,1599,1055,900,752,490,273,0,0
2024,2024-09-30,Westbound,Light Vehicles,151,91,66,53,150,591,1394,2363,2670,2006,2030,1997,2077,2034,2165,2634,2184,2195,1692,1102,837,671,422,212,0,0
2024,2024-09-30,Eastbound,Light Vehicles,110,64,55,49,93,456,1671,1505,1547,1551,1481,1435,1445,1405,1390,1554,1646,2037,1583,1010,748,521,356,184,0,0
2024,2024-09-30,Westbound,Heavy Vehicles,2,3,4,14,26,56,177,183,219,208,283,292,299,260,272,371,239,149,90,44,27,23,23,14,0,0
2024,2024-09-30,Eastbound,Heavy Vehicles,4,3,6,10,29,76,435,326,239,256,225,203,205,170,135,119,91,118,63,37,29,26,14,16,0,0
2024,2024-09-30,Westbound,All Vehicles,153,94,70,67,176,647,1571,2546,2889,2214,2313,2289,2376,2294,2437,3005,2423,2344,1782,1146,864,694,445,226,0,0
2024,2024-09-30,Eastbound,All Vehicles,114,67,61,59,122,532,2106,1831,1786,1807,1706,1638,1650,1575,1525,1673,1737,2155,1646,1047,777,547,370,200,0,0
2024,2024-10-01,Westbound,Heavy Vehicles,12,5,13,12,17,62,166,189,242,237,303,391,304,295,326,381,229,193,90,51,30,24,21,14,0,0
2024,2024-10-01,Westbound,Light Vehicles,105,61,47,54,151,591,1541,2508,2886,2467,2021,2140,2214,2124,2393,2765,2478,2417,1936,1294,1033,858,536,295,0,0
2024,2024-10-01,Westbound,All Vehicles,117,66,60,66,168,653,1707,2697,3128,2704,2324,2531,2518,2419,2719,3146,2707,2610,2026,1345,1063,882,557,309,0,0
2024,2024-10-02,Eastbound,Heavy Vehicles,11,7,5,10,34,78,402,353,230,284,281,253,213,190,169,159,116,110,92,41,29,27,21,16,0,0
2024,2024-10-02,Eastbound,Light Vehicles,125,70,41,63,90,483,1713,1613,1579,1710,1640,1493,1560,1515,1527,1595,1839,2209,1997,1077,821,806,578,255,0,0
2024,2024-10-02,Eastbound,All Vehicles,136,77,46,73,124,561,2115,1966,1809,1994,1921,1746,1773,1705,1696,1754,1955,2319,2089,1118,850,833,599,271,0,0
2024,2024-10-03,Westbound,Heavy Vehicles,9,1,6,4,10,31,84,115,121,150,193,196,178,170,185,233,130,86,55,48,23,19,14,7,0,0
2024,2024-10-03,Eastbound,Light Vehicles,147,98,54,56,107,476,1502,1397,1521,1474,1466,1451,1494,1442,1419,1448,1606,1755,1818,1137,841,868,610,353,0,0
2024,2024-10-03,Eastbound,Heavy Vehicles,8,6,4,14,37,67,399,362,213,292,255,243,224,209,162,122,105,110,85,39,36,30,22,23,0,0
2024,2024-10-03,Westbound,Light Vehicles,87,75,29,35,87,405,934,1445,1622,1575,1367,1347,1392,1456,1588,1775,1593,1636,1370,1004,810,757,551,267,0,0
2024,2024-10-03,Westbound,All Vehicles,96,76,35,39,97,436,1018,1560,1743,1725,1560,1543,1570,1626,1773,2008,1723,1722,1425,1052,833,776,565,274,0,0
2024,2024-10-03,Eastbound,All Vehicles,155,104,58,70,144,543,1901,1759,1734,1766,1721,1694,1718,1651,1581,1570,1711,1865,1903,1176,877,898,632,376,0,0
2024,2024-10-04,Westbound,Heavy Vehicles,10,9,9,18,22,54,164,207,240,269,311,329,259,302,318,327,208,134,95,49,43,28,28,18,0,0
2024,2024-10-04,Westbound,Light Vehicles,273,157,107,97,181,634,1337,1967,2345,2392,2359,2418,2443,2479,2644,2751,2516,2489,2168,1412,1152,1072,1060,736,0,0
2024,2024-10-04,Eastbound,Light Vehicles,2,2,,3,8,24,172,157,183,165,142,154,143,167,149,147,141,156,98,63,47,41,26,29,0,0
2024,2024-10-04,Eastbound,Heavy Vehicles,1,1,,,2,5,29,23,17,30,21,22,20,13,12,12,10,10,9,8,6,3,3,2,0,0
2024,2024-10-04,Westbound,All Vehicles,283,166,116,115,203,688,1501,2174,2585,2661,2670,2747,2702,2781,2962,3078,2724,2623,2263,1461,1195,1100,1088,754,0,0
2024,2024-10-04,Eastbound,All Vehicles,3,3,,3,10,29,201,180,200,195,163,176,163,180,161,159,151,166,107,71,53,44,29,31,0,0
2024,2024-10-05,Westbound,Heavy Vehicles,11,6,8,9,10,3,41,92,114,102,148,133,137,139,109,103,93,84,69,33,32,33,22,23,0,0
2024,2024-10-05,Westbound,Light Vehicles,513,335,232,189,162,24,462,1049,1567,2087,2393,2343,2425,2370,2328,2341,2212,2294,2109,1548,1147,1236,1205,1022,0,0
2024,2024-10-05,Westbound,All Vehicles,524,341,240,198,172,27,503,1141,1681,2189,2541,2476,2562,2509,2437,2444,2305,2378,2178,1581,1179,1269,1227,1045,0,0
2024,2024-10-06,Westbound,Light Vehicles,701,633,,449,,,,,,,,2023,2223,2025,2221,2297,2385,2416,2111,1709,1323,1393,1490,1046,0,0
2024,2024-10-06,Eastbound,Heavy Vehicles,,,,,7,10,23,28,45,56,71,75,86,79,83,64,65,59,49,32,22,28,43,14,0,0
2024,2024-10-06,Eastbound,Light Vehicles,,,,,220,193,318,480,759,1154,1475,1723,1857,1839,1730,1602,1620,1543,1348,1051,834,899,1100,724,0,0
2024,2024-10-06,Westbound,Heavy Vehicles,19,7,,8,,,,,,,,68,82,72,80,74,88,72,65,41,31,29,31,26,0,0
2024,2024-10-06,Westbound,All Vehicles,720,640,,457,,,,,,,,2091,2305,2097,2301,2371,2473,2488,2176,1750,1354,1422,1521,1072,0,0
2024,2024-10-06,Eastbound,All Vehicles,,,,,227,203,341,508,804,1210,1546,1798,1943,1918,1813,1666,1685,1602,1397,1083,856,927,1143,738,0,0
2024,2024-10-07,Westbound,Light Vehicles,743,370,287,227,190,212,415,538,891,1248,1591,1869,2046,2003,2126,2245,2497,2351,1979,1473,1124,920,798,322,0,0
2024,2024-10-07,Westbound,Heavy Vehicles,11,12,5,9,18,29,38,62,71,89,110,109,115,85,103,91,108,94,92,67,54,47,41,32,0,0
2024,2024-10-07,Westbound,All Vehicles,754,382,292,236,208,241,453,600,962,1337,1701,1978,2161,2088,2229,2336,2605,2445,2071,1540,1178,967,839,354,0,0
2024,2024-10-08,Westbound,Light Vehicles,140,78,59,54,151,496,1276,2399,2850,2500,2060,2007,1965,2027,2125,2638,2243,2229,1650,1180,872,788,544,283,0,0
2024,2024-10-08,Westbound,Heavy Vehicles,30,18,4,9,16,41,131,210,228,272,331,286,301,313,309,401,234,139,74,45,46,31,20,10,0,0
2024,2024-10-08,Eastbound,Heavy Vehicles,14,16,2,10,,,,,,,,159,123,135,118,102,80,70,55,31,49,23,12,11,0,0
2024,2024-10-08,Eastbound,Light Vehicles,72,37,38,38,,,,,,,,947,939,866,942,1038,1102,1264,1102,684,736,663,465,181,0,0
2024,2024-10-08,Westbound,All Vehicles,170,96,63,63,167,537,1407,2609,3078,2772,2391,2293,2266,2340,2434,3039,2477,2368,1724,1225,918,819,564,293,0,0
2024,2024-10-08,Eastbound,All Vehicles,86,53,40,48,,,,,,,,1106,1062,1001,1060,1140,1182,1334,1157,715,785,686,477,192,0,0
2024,2024-10-09,Eastbound,Light Vehicles,99,73,39,47,103,418,1676,1637,1599,1654,1505,1539,1581,1503,1549,1626,1931,2018,1861,1163,915,875,582,295,0,0
2024,2024-10-09,Westbound,Heavy Vehicles,13,4,10,16,17,52,149,208,218,257,313,,,,,,,144,81,56,41,25,,16,0,0
2024,2024-10-09,Westbound,Light Vehicles,111,76,53,68,139,570,1362,2292,2915,2455,2119,,,,,,,2269,1912,1373,1100,1083,,367,0,0
2024,2024-10-09,Eastbound,Heavy Vehicles,9,6,4,10,31,67,420,382,251,288,263,255,209,176,159,129,107,95,99,40,38,28,15,5,0,0
2024,2024-10-09,Eastbound,All Vehicles,108,79,43,57,134,485,2096,2019,1850,1942,1768,1794,1790,1679,1708,1755,2038,2113,1960,1203,953,903,597,300,0,0
2024,2024-10-09,Westbound,All Vehicles,124,80,63,84,156,622,1511,2500,3133,2712,2432,,,,,,,2413,1993,1429,1141,1108,,383,0,0
2024,2024-10-10,Westbound,Light Vehicles,187,142,91,58,172,553,1301,2341,3002,2519,2153,,,,,,2774,2506,2214,1808,1357,1299,940,535,0,0
2024,2024-10-10,Eastbound,Heavy Vehicles,9,6,4,16,27,96,438,387,251,299,239,232,236,181,184,146,109,146,110,59,34,40,25,22,0,0
2024,2024-10-10,Westbound,Heavy Vehicles,9,4,11,11,21,56,147,215,214,263,274,,,,,,279,174,123,64,51,41,35,27,0,0
2024,2024-10-10,Eastbound,Light Vehicles,167,96,59,46,107,466,1675,1573,1540,1720,1696,1705,1617,1528,1594,1736,1882,2153,2100,1300,1079,1012,717,363,0,0
2024,2024-10-10,Westbound,All Vehicles,196,146,102,69,193,609,1448,2556,3216,2782,2427,,,,,,3053,2680,2337,1872,1408,1340,975,562,0,0
2024,2024-10-10,Eastbound,All Vehicles,176,102,63,62,134,562,2113,1960,1791,2019,1935,1937,1853,1709,1778,1882,1991,2299,2210,1359,1113,1052,742,385,0,0
2024,2024-10-11,Eastbound,Light Vehicles,220,146,99,80,104,471,1438,1486,1429,1560,1568,1591,1615,1593,1639,1672,1825,,,,,,,,0,0
2024,2024-10-11,Westbound,Light Vehicles,285,174,125,106,172,586,1305,2055,2641,2474,2285,2364,2392,2335,2532,2797,2471,2522,2199,1620,1301,1253,1201,,0,0
2024,2024-10-11,Westbound,Heavy Vehicles,13,11,11,15,19,44,156,176,246,245,319,308,328,328,324,331,236,183,83,64,48,34,40,,0,0
2024,2024-10-11,Eastbound,Heavy Vehicles,5,5,2,13,29,72,360,330,244,263,237,218,186,204,160,145,104,,,,,,,,0,0
2024,2024-10-11,Eastbound,All Vehicles,225,151,101,93,133,543,1798,1816,1673,1823,1805,1809,1801,1797,1799,1817,1929,,,,,,,,0,0
2024,2024-10-11,Westbound,All Vehicles,298,185,136,121,191,630,1461,2231,2887,2719,2604,2672,2720,2663,2856,3128,2707,2705,2282,1684,1349,1287,1241,,0,0
2024,2024-10-12,Eastbound,Heavy Vehicles,,,,,18,22,111,141,117,121,119,104,118,92,76,74,68,63,72,55,31,31,23,22,0,0
2024,2024-10-12,Eastbound,Light Vehicles,,,,,158,228,749,832,1122,1397,1643,1743,1994,1827,1840,1634,1667,1687,1662,1330,1006,872,947,771,0,0
2024,2024-10-12,Eastbound,All Vehicles,,,,,176,250,860,973,1239,1518,1762,1847,2112,1919,1916,1708,1735,1750,1734,1385,1037,903,970,793,0,0
2024,2024-10-13,Eastbound,Light Vehicles,674,489,354,259,168,196,344,549,803,1179,1445,1665,1916,1782,1763,1714,1708,,,,,,,,0,0
2024,2024-10-13,Eastbound,Heavy Vehicles,14,14,14,2,12,8,15,50,57,60,64,76,88,72,80,79,61,,,,,,,,0,0
2024,2024-10-13,Eastbound,All Vehicles,688,503,368,261,180,204,359,599,860,1239,1509,1741,2004,1854,1843,1793,1769,,,,,,,,0,0
2024,2024-10-14,Eastbound,Heavy Vehicles,,,,,30,72,414,365,285,250,247,,,,,,,119,82,43,40,28,30,28,0,0
2024,2024-10-14,Westbound,Light Vehicles,133,92,62,72,144,555,1211,2009,2076,1721,1556,1623,1619,1684,1883,1394,2360,2043,1555,1149,909,678,413,217,0,0
2024,2024-10-14,Eastbound,Light Vehicles,,,,,109,422,1598,1760,1665,1563,1399,,,,,,,2128,1674,1034,851,607,365,160,0,0
2024,2024-10-14,Westbound,Heavy Vehicles,9,6,9,15,24,52,138,162,169,224,234,240,259,269,300,248,263,142,78,46,31,31,37,34,0,0
2024,2024-10-14,Eastbound,All Vehicles,,,,,139,494,2012,2125,1950,1813,1646,,,,,,,2247,1756,1077,891,635,395,188,0,0
2024,2024-10-14,Westbound,All Vehicles,142,98,71,87,168,607,1349,2171,2245,1945,1790,1863,1878,1953,2183,1642,2623,2185,1633,1195,940,709,450,251,0,0
2024,2024-10-16,Eastbound,Light Vehicles,126,74,62,42,114,489,1748,2001,1757,1796,1658,1604,1666,1608,1727,1682,1920,2158,2045,1238,1011,923,736,409,0,0
2024,2024-10-16,Eastbound,Heavy Vehicles,20,6,6,16,28,80,406,376,226,269,264,229,205,207,167,161,149,114,124,58,30,36,30,25,0,0
2024,2024-10-16,Westbound,Heavy Vehicles,21,6,12,13,18,64,165,198,195,280,268,281,321,297,321,357,,,,,,,,,0,0
2024,2024-10-16,Westbound,Light Vehicles,181,94,67,54,158,592,1517,2735,3110,2677,2183,2126,2287,2149,2295,2641,,,,,,,,,0,0
2024,2024-10-16,Eastbound,All Vehicles,146,80,68,58,142,569,2154,2377,1983,2065,1922,1833,1871,1815,1894,1843,2069,2272,2169,1296,1041,959,766,434,0,0
2024,2024-10-16,Westbound,All Vehicles,202,100,79,67,176,656,1682,2933,3305,2957,2451,2407,2608,2446,2616,2998,,,,,,,,,0,0
2024,2024-10-17,Eastbound,Heavy Vehicles,25,5,9,11,32,86,391,388,218,275,303,219,239,204,151,162,92,76,139,92,44,32,35,43,0,0
2024,2024-10-17,Eastbound,Light Vehicles,196,125,64,59,107,499,1680,2005,1806,1734,1709,1698,1764,1597,1511,1649,1555,1612,2146,1933,1212,1013,884,721,0,0
2024,2024-10-17,Eastbound,All Vehicles,221,130,73,70,139,585,2071,2393,2024,2009,2012,1917,2003,1801,1662,1811,1647,1688,2285,2025,1256,1045,919,764,0,0
2024,2024-10-18,Westbound,Light Vehicles,,,,,177,592,1414,2389,2834,2444,2372,2345,2481,2334,2604,2733,2644,2788,2644,2019,1503,1344,1176,1672,0,0
2024,2024-10-18,Westbound,Heavy Vehicles,,,,,27,53,150,208,251,255,312,286,315,296,309,307,241,158,133,63,54,42,24,77,0,0
2024,2024-10-18,Eastbound,Light Vehicles,307,149,113,94,131,462,1755,1888,1831,1710,1712,1747,1860,1799,1793,1845,2116,,,,,,,,0,0
2024,2024-10-18,Eastbound,Heavy Vehicles,26,8,5,9,37,99,381,347,270,261,260,228,202,189,189,159,159,,,,,,,,0,0
2024,2024-10-18,Westbound,All Vehicles,,,,,204,645,1564,2597,3085,2699,2684,2631,2796,2630,2913,3040,2885,2946,2777,2082,1557,1386,1200,1749,0,0
2024,2024-10-18,Eastbound,All Vehicles,333,157,118,103,168,561,2136,2235,2101,1971,1972,1975,2062,1988,1982,2004,2275,,,,,,,,0,0
2024,2024-10-19,Westbound,Heavy Vehicles,31,5,9,10,10,29,67,118,115,145,166,176,164,160,120,116,92,72,53,41,40,35,34,30,0,0
2024,2024-10-19,Westbound,Light Vehicles,996,428,263,188,145,361,827,1366,1969,2485,2724,2730,2767,2917,2662,2474,2456,2593,2410,1766,1673,1516,1558,1385,0,0
2024,2024-10-19,Westbound,All Vehicles,1027,433,272,198,155,390,894,1484,2084,2630,2890,2906,2931,3077,2782,2590,2548,2665,2463,1807,1713,1551,1592,1415,0,0
2024,2024-10-20,Westbound,Heavy Vehicles,19,12,4,6,5,8,15,36,24,48,57,54,67,68,63,56,66,70,52,34,27,18,10,7,0,0
2024,2024-10-20,Westbound,Light Vehicles,811,599,424,270,179,187,306,492,782,1160,1365,1510,1604,1551,1447,1579,1567,1567,1296,986,826,580,445,208,0,0
2024,2024-10-20,Westbound,All Vehicles,830,611,428,276,184,195,321,528,806,1208,1422,1564,1671,1619,1510,1635,1633,1637,1348,1020,853,598,455,215,0,0
2024,2024-10-21,Westbound,Heavy Vehicles,8,2,4,17,20,74,147,192,200,311,284,313,314,311,326,361,289,184,91,50,34,34,16,13,0,0
2024,2024-10-21,Eastbound,Heavy Vehicles,5,7,3,14,,,,,,,,233,235,195,171,141,136,122,74,37,30,28,16,21,0,0
2024,2024-10-21,Westbound,Light Vehicles,137,103,61,73,169,553,1458,2585,3003,2534,2063,1987,2086,1984,2148,2580,2522,2473,1895,1340,996,715,500,259,0,0
2024,2024-10-21,Eastbound,Light Vehicles,126,68,60,48,,,,,,,,1486,1496,1439,1670,1721,1865,2122,1715,1079,797,635,478,271,0,0
2024,2024-10-21,Westbound,All Vehicles,145,105,65,90,189,627,1605,2777,3203,2845,2347,2300,2400,2295,2474,2941,2811,2657,1986,1390,1030,749,516,272,0,0
2024,2024-10-21,Eastbound,All Vehicles,131,75,63,62,,,,,,,,1719,1731,1634,1841,1862,2001,2244,1789,1116,827,663,494,292,0,0
2024,2024-10-22,Eastbound,Light Vehicles,105,56,37,35,92,529,1680,1924,1634,1703,1670,,,,,,,2179,2020,1190,924,803,608,475,0,0
2024,2024-10-22,Westbound,Heavy Vehicles,15,6,7,12,13,55,144,172,180,267,285,317,296,327,314,350,274,166,95,47,47,35,22,26,0,0
2024,2024-10-22,Westbound,Light Vehicles,131,66,49,43,133,535,1359,2349,2693,2290,1890,1924,1888,1955,2118,2455,2433,2255,1931,1503,1044,945,679,371,0,0
2024,2024-10-22,Eastbound,Heavy Vehicles,9,5,5,11,34,65,425,385,228,295,280,,,,,,,155,105,53,39,25,17,26,0,0
2024,2024-10-22,Eastbound,All Vehicles,114,61,42,46,126,594,2105,2309,1862,1998,1950,,,,,,,2334,2125,1243,963,828,625,501,0,0
2024,2024-10-22,Westbound,All Vehicles,146,72,56,55,146,590,1503,2521,2873,2557,2175,2241,2184,2282,2432,2805,2707,2421,2026,1550,1091,980,701,397,0,0
2024,2024-10-23,Westbound,Heavy Vehicles,8,4,8,16,20,54,143,187,236,258,325,,,,,,279,183,124,65,34,25,29,19,0,0
2024,2024-10-23,Westbound,Light Vehicles,222,113,79,53,168,631,1546,2652,3071,2657,2152,,,,,,2710,2599,2455,1657,1291,1257,922,478,0,0
2024,2024-10-23,Eastbound,Heavy Vehicles,1,,,1,,,,,,,,20,19,11,13,26,18,14,13,4,4,5,4,2,0,0
2024,2024-10-23,Eastbound,Light Vehicles,5,2,1,1,,,,,,,,177,172,138,156,253,267,291,286,71,51,45,37,10,0,0
2024,2024-10-23,Westbound,All Vehicles,230,117,87,69,188,685,1689,2839,3307,2915,2477,,,,,,2989,2782,2579,1722,1325,1282,951,497,0,0
2024,2024-10-23,Eastbound,All Vehicles,6,2,1,2,,,,,,,,197,191,149,169,279,285,305,299,75,55,50,41,12,0,0
2024,2024-10-24,Eastbound,Light Vehicles,305,142,76,48,117,512,1798,1996,1712,1693,1694,1715,1770,1613,1745,1619,1967,2091,2233,1308,1096,1012,832,419,0,0
2024,2024-10-24,Eastbound,Heavy Vehicles,6,9,3,18,32,101,403,364,229,306,308,233,224,204,184,149,153,96,94,44,35,36,32,14,0,0
2024,2024-10-24,Eastbound,All Vehicles,311,151,79,66,149,613,2201,2360,1941,1999,2002,1948,1994,1817,1929,1768,2120,2187,2327,1352,1131,1048,864,433,0,0
2024,2024-10-25,Eastbound,Light Vehicles,201,159,106,85,139,503,1772,1983,1881,1789,1762,1755,1861,1741,1879,1784,2047,,,,,,,,0,0
2024,2024-10-25,Westbound,Light Vehicles,281,180,108,83,187,617,1455,2414,2803,2565,2262,2456,2404,2247,2325,,2834,2825,2423,1779,1373,1273,1235,,0,0
2024,2024-10-25,Westbound,Heavy Vehicles,9,2,8,16,22,55,150,192,224,243,283,332,308,271,283,,293,174,88,48,53,34,29,,0,0
2024,2024-10-25,Eastbound,Heavy Vehicles,8,5,7,20,36,77,413,388,271,273,254,256,219,210,229,158,143,,,,,,,,0,0
2024,2024-10-25,Eastbound,All Vehicles,209,164,113,105,175,580,2185,2371,2152,2062,2016,2011,2080,1951,2108,1942,2190,,,,,,,,0,0
2024,2024-10-25,Westbound,All Vehicles,290,182,116,99,209,672,1605,2606,3027,2808,2545,2788,2712,2518,2608,,3127,2999,2511,1827,1426,1307,1264,,0,0
2024,2024-10-26,Eastbound,Light Vehicles,,,,,176,352,994,1524,1689,1888,1724,1727,1914,1988,2106,1966,1956,,,,,,,,0,0
2024,2024-10-26,Westbound,Heavy Vehicles,14,8,5,10,17,22,53,87,105,129,107,136,131,129,133,118,125,104,77,51,35,33,39,43,0,0
2024,2024-10-26,Eastbound,Heavy Vehicles,,,,,16,25,151,158,149,169,172,163,180,143,104,109,89,,,,,,,,0,0
2024,2024-10-26,Westbound,Light Vehicles,509,367,249,190,191,359,753,1304,1969,2444,2480,2410,2417,2487,2544,2610,2541,2498,2330,1973,1455,1349,1476,1640,0,0
2024,2024-10-26,Eastbound,All Vehicles,,,,,192,377,1145,1682,1838,2057,1896,1890,2094,2131,2210,2075,2045,,,,,,,,0,0
2024,2024-10-26,Westbound,All Vehicles,523,375,254,200,208,381,806,1391,2074,2573,2587,2546,2548,2616,2677,2728,2666,2602,2407,2024,1490,1382,1515,1683,0,0
2024,2024-10-27,Eastbound,Light Vehicles,,,,,194,236,347,679,969,1436,1708,1880,2146,2069,1865,1824,1776,,,,,,,,0,0
2024,2024-10-27,Eastbound,Heavy Vehicles,,,,,8,14,31,53,53,77,88,85,88,88,89,73,62,,,,,,,,0,0
2024,2024-10-27,Eastbound,All Vehicles,,,,,202,250,378,732,1022,1513,1796,1965,2234,2157,1954,1897,1838,,,,,,,,0,0
2024,2024-10-28,Westbound,Light Vehicles,156,106,63,68,152,580,1479,2639,2974,2445,2071,2067,2159,2174,2356,2701,2594,2464,1902,1306,1017,811,469,189,0,0
2024,2024-10-28,Westbound,Heavy Vehicles,7,12,8,13,29,51,148,173,227,312,279,318,276,298,300,347,259,179,87,50,53,27,14,9,0,0
2024,2024-10-28,Westbound,All Vehicles,163,118,71,81,181,631,1627,2812,3201,2757,2350,2385,2435,2472,2656,3048,2853,2643,1989,1356,1070,838,483,198,0,0
2024,2024-10-29,Westbound,Heavy Vehicles,14,3,8,8,20,54,167,212,213,257,295,328,339,285,346,330,279,,,,,,,,0,0
2024,2024-10-29,Westbound,Light Vehicles,132,72,62,40,142,599,1589,2785,3085,2686,2103,2078,2212,2095,2407,2715,2725,,,,,,,,0,0
2024,2024-10-29,Westbound,All Vehicles,146,75,70,48,162,653,1756,2997,3298,2943,2398,2406,2551,2380,2753,3045,3004,,,,,,,,0,0
2024,2024-10-30,Eastbound,Heavy Vehicles,6,8,9,12,31,89,408,382,258,281,291,273,243,229,185,171,143,,,,,,,,0,0
2024,2024-10-30,Eastbound,Light Vehicles,139,66,59,54,96,548,1829,1891,1716,1783,1626,1733,1685,1670,1811,1754,2011,,,,,,,,0,0
2024,2024-10-30,Eastbound,All Vehicles,145,74,68,66,127,637,2237,2273,1974,2064,1917,2006,1928,1899,1996,1925,2154,,,,,,,,0,0
2024,2024-10-31,Eastbound,Light Vehicles,,,,,130,526,1718,1940,1650,1735,1728,1756,1785,1645,1771,1625,1985,2054,2037,1319,1099,956,775,433,0,0
2024,2024-10-31,Eastbound,Heavy Vehicles,,,,,34,102,383,377,251,280,300,288,225,198,202,186,140,139,81,51,35,15,18,19,0,0
2024,2024-10-31,Eastbound,All Vehicles,,,,,164,628,2101,2317,1901,2015,2028,2044,2010,1843,1973,1811,2125,2193,2118,1370,1134,971,793,452,0,0
2024,2024-11-01,Eastbound,Heavy Vehicles,11,5,5,9,9,90,377,373,259,260,259,232,244,209,194,157,135,115,85,45,36,34,27,18,0,0
2024,2024-11-01,Westbound,Light Vehicles,286,197,151,133,199,603,1413,2400,2668,2462,2160,2340,2453,2438,2578,2738,2748,2799,2583,1698,1440,1296,1189,947,0,0
2024,2024-11-01,Eastbound,Light Vehicles,258,174,134,122,46,481,1697,1964,1973,1606,1676,1774,1824,1739,1885,1779,2026,2237,1922,1225,1025,973,1036,735,0,0
2024,2024-11-01,Westbound,Heavy Vehicles,7,6,5,15,24,55,147,184,232,298,327,300,323,331,302,273,271,167,98,56,34,36,16,19,0,0
2024,2024-11-01,Eastbound,All Vehicles,269,179,139,131,55,571,2074,2337,2232,1866,1935,2006,2068,1948,2079,1936,2161,2352,2007,1270,1061,1007,1063,753,0,0
2024,2024-11-01,Westbound,All Vehicles,293,203,156,148,223,658,1560,2584,2900,2760,2487,2640,2776,2769,2880,3011,3019,2966,2681,1754,1474,1332,1205,966,0,0
2024,2024-11-02,Westbound,Heavy Vehicles,8,7,7,11,16,26,58,108,118,134,161,139,169,154,127,106,104,101,70,30,36,32,37,16,0,0
2024,2024-11-02,Eastbound,Heavy Vehicles,12,10,6,10,16,30,137,167,139,163,163,121,141,101,98,80,73,70,51,46,28,30,27,16,0,0
2024,2024-11-02,Westbound,Light Vehicles,622,436,265,181,186,352,833,1315,1936,2423,2739,2758,2833,2867,2660,2552,2554,2561,2277,1786,1299,1311,1448,1377,0,0
2024,2024-11-02,Eastbound,Light Vehicles,445,330,216,142,145,344,871,1266,1482,1950,1921,2018,2034,2075,1970,1757,1807,1765,1506,1265,1069,1006,1153,950,0,0
2024,2024-11-02,Westbound,All Vehicles,630,443,272,192,202,378,891,1423,2054,2557,2900,2897,3002,3021,2787,2658,2658,2662,2347,1816,1335,1343,1485,1393,0,0
2024,2024-11-02,Eastbound,All Vehicles,457,340,222,152,161,374,1008,1433,1621,2113,2084,2139,2175,2176,2068,1837,1880,1835,1557,1311,1097,1036,1180,966,0,0
2024,2024-11-03,Eastbound,Light Vehicles,717,466,352,251,159,228,382,673,985,1409,1687,1847,1863,1829,1788,1733,1767,1678,1323,967,794,700,488,259,0,0
2024,2024-11-03,Westbound,Heavy Vehicles,14,13,9,13,6,18,20,35,45,63,93,87,73,94,82,85,97,94,73,37,40,29,18,11,0,0
2024,2024-11-03,Eastbound,Heavy Vehicles,14,7,6,7,7,21,27,37,66,71,84,109,137,140,98,73,74,57,63,42,25,19,21,18,0,0
2024,2024-11-03,Westbound,Light Vehicles,957,711,494,306,199,263,431,722,1148,1845,2036,2352,2460,2398,2550,2692,2771,2561,1993,1433,1175,963,594,312,0,0
2024,2024-11-03,Eastbound,All Vehicles,731,473,358,258,166,249,409,710,1051,1480,1771,1956,2000,1969,1886,1806,1841,1735,1386,1009,819,719,509,277,0,0
2024,2024-11-03,Westbound,All Vehicles,971,724,503,319,205,281,451,757,1193,1908,2129,2439,2533,2492,2632,2777,2868,2655,2066,1470,1215,992,612,323,0,0
2024,2024-11-04,Westbound,Heavy Vehicles,1,3,2,4,4,13,40,44,43,76,97,113,111,67,94,97,57,36,19,15,8,6,6,2,0,0
2024,2024-11-04,Westbound,Light Vehicles,56,29,29,20,60,188,468,701,729,588,519,579,583,586,621,716,695,599,515,363,341,263,167,82,0,0
2024,2024-11-04,Westbound,All Vehicles,57,32,31,24,64,201,508,745,772,664,616,692,694,653,715,813,752,635,534,378,349,269,173,84,0,0
2024,2024-11-06,Eastbound,Light Vehicles,,,,,28,125,519,589,559,537,484,476,478,466,530,521,545,,,,,,,,0,0
2024,2024-11-06,Westbound,Heavy Vehicles,12,6,5,15,22,48,141,185,218,273,299,310,285,280,318,303,265,173,,74,50,32,28,23,0,0
2024,2024-11-06,Eastbound,Heavy Vehicles,,,,,6,18,115,97,78,75,88,59,76,55,51,45,26,,,,,,,,0,0
2024,2024-11-06,Westbound,Light Vehicles,297,186,129,113,185,586,1565,2700,3015,2744,2269,2303,2209,2208,2331,2534,2678,2724,,1737,1303,1101,677,450,0,0
2024,2024-11-06,Eastbound,All Vehicles,,,,,34,143,634,686,637,612,572,535,554,521,581,566,571,,,,,,,,0,0
2024,2024-11-06,Westbound,All Vehicles,309,192,134,128,207,634,1706,2885,3233,3017,2568,2613,2494,2488,2649,2837,2943,2897,,1811,1353,1133,705,473,0,0
2024,2024-11-07,Eastbound,Heavy Vehicles,,,,,33,97,431,408,218,260,290,242,256,216,186,183,160,122,105,48,37,34,23,31,0,0
2024,2024-11-07,Westbound,Heavy Vehicles,18,9,11,13,,,,,,,,267,290,290,290,317,252,161,110,46,27,32,25,23,0,0
2024,2024-11-07,Westbound,Light Vehicles,345,208,82,73,,,,,,,,2215,2316,2429,2509,2592,2768,2708,2511,1712,1306,1274,828,598,0,0
2024,2024-11-07,Eastbound,Light Vehicles,,,,,114,524,1705,1949,1708,1627,1746,1668,1750,1645,1793,1460,1759,2182,2015,1252,1100,1013,702,545,0,0
2024,2024-11-07,Eastbound,All Vehicles,,,,,147,621,2136,2357,1926,1887,2036,1910,2006,1861,1979,1643,1919,2304,2120,1300,1137,1047,725,576,0,0
2024,2024-11-07,Westbound,All Vehicles,363,217,93,86,,,,,,,,2482,2606,2719,2799,2909,3020,2869,2621,1758,1333,1306,853,621,0,0
2024,2024-11-08,Eastbound,Light Vehicles,345,151,107,66,105,531,1522,1875,1814,1808,1753,1901,1943,1862,1843,1750,1901,2117,1934,1411,1128,1061,1109,762,0,0
2024,2024-11-08,Eastbound,Heavy Vehicles,21,13,5,11,39,87,390,380,251,290,263,254,235,209,185,193,153,112,97,56,49,31,39,20,0,0
2024,2024-11-08,Westbound,Light Vehicles,410,199,109,85,165,615,1370,2360,2824,2547,2313,2261,2420,2445,2239,,2378,2610,2826,2107,1710,1437,1470,923,0,0
2024,2024-11-08,Westbound,Heavy Vehicles,26,8,4,12,21,51,120,178,245,281,299,278,282,265,248,,197,151,119,66,46,28,45,20,0,0
2024,2024-11-08,Eastbound,All Vehicles,366,164,112,77,144,618,1912,2255,2065,2098,2016,2155,2178,2071,2028,1943,2054,2229,2031,1467,1177,1092,1148,782,0,0
2024,2024-11-08,Westbound,All Vehicles,436,207,113,97,186,666,1490,2538,3069,2828,2612,2539,2702,2710,2487,,2575,2761,2945,2173,1756,1465,1515,943,0,0
2024,2024-11-09,Westbound,Light Vehicles,562,397,328,218,155,384,824,1383,1955,2516,2683,2662,2405,2589,2398,2139,2356,2422,2184,1704,1332,1287,1466,1374,0,0
2024,2024-11-09,Westbound,Heavy Vehicles,12,2,7,9,14,25,44,78,109,122,118,133,111,106,94,97,74,71,46,28,31,19,38,39,0,0
2024,2024-11-09,Eastbound,Light Vehicles,447,365,239,169,155,313,847,1282,1443,1721,1731,1740,1676,1834,1799,1713,1683,1599,1522,1163,995,1014,1076,1106,0,0
2024,2024-11-09,Eastbound,Heavy Vehicles,14,11,14,7,14,37,125,149,138,139,147,139,122,105,94,76,78,59,46,33,39,29,33,42,0,0
2024,2024-11-09,Westbound,All Vehicles,574,399,335,227,169,409,868,1461,2064,2638,2801,2795,2516,2695,2492,2236,2430,2493,2230,1732,1363,1306,1504,1413,0,0
2024,2024-11-09,Eastbound,All Vehicles,461,376,253,176,169,350,972,1431,1581,1860,1878,1879,1798,1939,1893,1789,1761,1658,1568,1196,1034,1043,1109,1148,0,0
2024,2024-11-10,Westbound,Light Vehicles,1037,805,497,273,197,236,427,785,1237,1829,2211,2446,2615,2615,2579,2552,2549,2459,2000,1345,1175,924,576,382,0,0
2024,2024-11-10,Westbound,Heavy Vehicles,19,18,7,8,10,11,19,27,64,66,57,83,71,86,96,90,88,73,76,45,37,26,10,21,0,0
2024,2024-11-10,Eastbound,Heavy Vehicles,29,17,8,4,20,15,34,45,62,78,83,99,93,85,90,82,66,74,54,36,26,23,20,44,0,0
2024,2024-11-10,Eastbound,Light Vehicles,926,623,382,198,152,235,364,731,943,1424,1692,1956,2017,1920,1728,1773,1677,1560,1368,1007,878,665,446,536,0,0
2024,2024-11-10,Westbound,All Vehicles,1056,823,504,281,207,247,446,812,1301,1895,2268,2529,2686,2701,2675,2642,2637,2532,2076,1390,1212,950,586,403,0,0
2024,2024-11-10,Eastbound,All Vehicles,955,640,390,202,172,250,398,776,1005,1502,1775,2055,2110,2005,1818,1855,1743,1634,1422,1043,904,688,466,580,0,0
2024,2024-11-11,Westbound,Heavy Vehicles,12,6,5,14,,,,,,,250,255,281,281,282,325,210,138,69,40,,19,26,22,0,0
2024,2024-11-11,Westbound,Light Vehicles,282,129,73,71,,,,,,,1910,1884,1987,1927,2079,2403,2250,2133,1688,1128,,722,492,266,0,0
2024,2024-11-11,Westbound,All Vehicles,294,135,78,85,,,,,,,2160,2139,2268,2208,2361,2728,2460,2271,1757,1168,,741,518,288,0,0
2024,2024-11-12,Westbound,Heavy Vehicles,10,8,12,8,20,54,137,192,197,269,281,298,,316,291,330,253,145,76,,,45,28,20,0,0
2024,2024-11-12,Eastbound,Light Vehicles,102,64,37,52,110,538,1722,1860,1632,1682,1633,1434,1495,1493,1697,1772,1991,2221,2008,1170,972,906,597,280,0,0
2024,2024-11-12,Eastbound,Heavy Vehicles,8,7,10,11,31,80,445,349,219,281,293,237,223,209,171,147,127,148,82,48,38,34,22,16,0,0
2024,2024-11-12,Westbound,Light Vehicles,133,72,56,64,162,651,1605,2735,3014,2640,2086,2194,,2021,2267,2659,2676,2624,2076,,,1037,734,381,0,0
2024,2024-11-12,Westbound,All Vehicles,143,80,68,72,182,705,1742,2927,3211,2909,2367,2492,,2337,2558,2989,2929,2769,2152,,,1082,762,401,0,0
2024,2024-11-12,Eastbound,All Vehicles,110,71,47,63,141,618,2167,2209,1851,1963,1926,1671,1718,1702,1868,1919,2118,2369,2090,1218,1010,940,619,296,0,0
2024,2024-11-13,Eastbound,Light Vehicles,141,86,54,47,141,545,1833,1923,1769,1749,1673,1633,1628,1600,1796,1667,1903,2188,2021,1254,1114,982,783,406,0,0
2024,2024-11-13,Eastbound,Heavy Vehicles,11,8,7,10,37,79,417,385,255,295,279,258,246,185,178,155,161,116,90,61,45,37,20,18,0,0
2024,2024-11-13,Eastbound,All Vehicles,152,94,61,57,178,624,2250,2308,2024,2044,1952,1891,1874,1785,1974,1822,2064,2304,2111,1315,1159,1019,803,424,0,0
2024,2024-11-14,Eastbound,Light Vehicles,239,155,89,60,114,528,1730,1948,1730,1657,1801,1718,1781,1609,1773,1646,1943,2269,2058,1331,1128,1094,858,542,0,0
2024,2024-11-14,Westbound,Heavy Vehicles,,,,,19,73,169,205,179,277,300,,327,299,331,345,,,,,,,,,0,0
2024,2024-11-14,Eastbound,Heavy Vehicles,6,10,4,16,36,95,408,361,233,262,292,233,235,185,169,171,136,125,99,56,41,46,25,17,0,0
2024,2024-11-14,Westbound,Light Vehicles,,,,,151,672,1567,2620,3017,2686,2155,,2381,2315,2493,2685,,,,,,,,,0,0
2024,2024-11-14,Eastbound,All Vehicles,245,165,93,76,150,623,2138,2309,1963,1919,2093,1951,2016,1794,1942,1817,2079,2394,2157,1387,1169,1140,883,559,0,0
2024,2024-11-14,Westbound,All Vehicles,,,,,170,745,1736,2825,3196,2963,2455,,2708,2614,2824,3030,,,,,,,,,0,0
2024,2024-11-16,Eastbound,Light Vehicles,,,,,138,293,860,1372,1532,1839,1989,1964,2109,2136,2020,1803,1753,1865,1995,1444,1129,1156,1174,1147,0,0
2024,2024-11-16,Eastbound,Heavy Vehicles,,,,,13,35,164,157,141,136,137,145,108,101,105,72,76,80,56,47,41,36,32,22,0,0
2024,2024-11-16,Westbound,Heavy Vehicles,20,10,8,14,14,33,54,105,134,174,148,154,,138,124,111,107,112,84,,38,28,10,1,0,0
2024,2024-11-16,Westbound,Light Vehicles,675,434,287,175,185,386,850,1391,2042,2504,2727,2603,,2830,2640,2405,2458,2708,2576,,1449,1141,589,15,0,0
2024,2024-11-16,Eastbound,All Vehicles,,,,,151,328,1024,1529,1673,1975,2126,2109,2217,2237,2125,1875,1829,1945,2051,1491,1170,1192,1206,1169,0,0
2024,2024-11-16,Westbound,All Vehicles,695,444,295,189,199,419,904,1496,2176,2678,2875,2757,,2968,2764,2516,2565,2820,2660,,1487,1169,599,16,0,0
2024,2024-11-17,Eastbound,Heavy Vehicles,16,10,8,8,11,16,23,40,52,78,88,70,92,71,92,70,71,45,44,64,33,21,19,8,0,0
2024,2024-11-17,Eastbound,Light Vehicles,835,589,435,298,170,220,393,622,962,1411,1769,1848,2097,1909,1878,1854,1624,1584,1374,890,849,727,443,252,0,0
2024,2024-11-17,Eastbound,All Vehicles,851,599,443,306,181,236,416,662,1014,1489,1857,1918,2189,1980,1970,1924,1695,1629,1418,954,882,748,462,260,0,0
2024,2024-11-18,Eastbound,Heavy Vehicles,12,9,6,8,22,80,400,397,251,281,287,,,,,,,119,84,46,38,16,19,18,0,0
2024,2024-11-18,Eastbound,Light Vehicles,152,85,53,53,115,460,1706,1818,1699,1539,1475,,,,,,,2133,1863,1082,841,687,440,183,0,0
2024,2024-11-18,Eastbound,All Vehicles,164,94,59,61,137,540,2106,2215,1950,1820,1762,,,,,,,2252,1947,1128,879,703,459,201,0,0
2024,2024-11-19,Westbound,Heavy Vehicles,11,12,15,10,16,52,156,197,184,287,311,347,317,296,294,339,256,150,102,63,44,35,20,19,0,0
2024,2024-11-19,Eastbound,Light Vehicles,88,70,59,43,104,535,1722,1880,1597,1592,1660,1507,1623,1526,1717,1691,1934,2269,2061,1201,949,886,668,330,0,0
2024,2024-11-19,Westbound,Light Vehicles,126,79,76,75,150,651,1666,2644,2906,2780,2231,2182,2177,2151,2359,2733,2594,2554,2256,1500,1211,1093,733,389,0,0
2024,2024-11-19,Eastbound,Heavy Vehicles,9,8,6,9,26,77,425,350,217,268,285,261,203,210,182,170,103,131,99,49,39,30,15,17,0,0
2024,2024-11-19,Westbound,All Vehicles,137,91,91,85,166,703,1822,2841,3090,3067,2542,2529,2494,2447,2653,3072,2850,2704,2358,1563,1255,1128,753,408,0,0
2024,2024-11-19,Eastbound,All Vehicles,97,78,65,52,130,612,2147,2230,1814,1860,1945,1768,1826,1736,1899,1861,2037,2400,2160,1250,988,916,683,347,0,0
2024,2024-11-20,Eastbound,Light Vehicles,135,97,51,61,118,551,1743,1948,1752,1711,1775,1689,1775,1587,1775,1643,1910,1843,2070,1340,1022,1055,839,482,0,0
2024,2024-11-20,Eastbound,Heavy Vehicles,8,4,7,11,36,95,438,383,223,260,285,234,224,188,168,177,155,166,135,52,44,25,21,19,0,0
2024,2024-11-20,Westbound,Light Vehicles,186,118,87,76,176,641,1685,2653,,2718,2213,2398,2288,2234,2438,2594,2557,2518,2568,1776,1423,1341,922,501,0,0
2024,2024-11-20,Westbound,Heavy Vehicles,17,4,13,19,22,57,165,215,,276,310,291,300,319,304,354,280,177,108,62,58,36,32,19,0,0
2024,2024-11-20,Eastbound,All Vehicles,143,101,58,72,154,646,2181,2331,1975,1971,2060,1923,1999,1775,1943,1820,2065,2009,2205,1392,1066,1080,860,501,0,0
2024,2024-11-20,Westbound,All Vehicles,203,122,100,95,198,698,1850,2868,,2994,2523,2689,2588,2553,2742,2948,2837,2695,2676,1838,1481,1377,954,520,0,0
2024,2024-11-21,Westbound,Heavy Vehicles,15,13,10,11,,,,,,,293,337,325,325,340,335,266,181,105,61,56,48,36,21,0,0
2024,2024-11-21,Eastbound,Light Vehicles,42,28,22,11,25,118,536,576,555,535,503,500,532,500,559,519,574,,,,,,,,0,0
2024,2024-11-21,Eastbound,Heavy Vehicles,2,,1,2,3,22,126,94,55,77,79,81,57,54,51,48,26,,,,,,,,0,0
2024,2024-11-21,Westbound,Light Vehicles,272,183,91,75,,,,,,,2197,2337,2250,2374,2489,2641,2747,2496,2478,1814,1485,1482,1062,698,0,0
2024,2024-11-21,Westbound,All Vehicles,287,196,101,86,,,,,,,2490,2674,2575,2699,2829,2976,3013,2677,2583,1875,1541,1530,1098,719,0,0
2024,2024-11-21,Eastbound,All Vehicles,44,28,23,13,28,140,662,670,610,612,582,581,589,554,610,567,600,,,,,,,,0,0
2024,2024-11-22,Eastbound,Heavy Vehicles,,,,,20,94,417,406,270,287,290,290,246,214,205,202,164,124,87,75,43,38,29,30,0,0
2024,2024-11-22,Westbound,Light Vehicles,409,188,150,112,214,683,1552,2538,2804,2581,2460,2430,2568,2445,2570,2464,2403,2790,2666,1982,1596,1595,1495,1128,0,0
2024,2024-11-22,Westbound,Heavy Vehicles,20,12,13,17,17,53,144,204,267,268,339,342,311,301,315,266,259,176,141,56,53,52,34,31,0,0
2024,2024-11-22,Eastbound,Light Vehicles,,,,,164,598,1704,1926,1852,1869,1772,1840,2006,1853,2049,1664,1955,2105,2077,1461,1117,1065,1043,815,0,0
2024,2024-11-22,Eastbound,All Vehicles,,,,,184,692,2121,2332,2122,2156,2062,2130,2252,2067,2254,1866,2119,2229,2164,1536,1160,1103,1072,845,0,0
2024,2024-11-22,Westbound,All Vehicles,429,200,163,129,231,736,1696,2742,3071,2849,2799,2772,2879,2746,2885,2730,2662,2966,2807,2038,1649,1647,1529,1159,0,0
2024,2024-11-24,Eastbound,Light Vehicles,760,516,353,229,189,256,420,731,1179,1639,1484,2106,2127,2192,1908,1794,1779,1742,1391,1061,941,721,505,268,0,0
2024,2024-11-24,Eastbound,Heavy Vehicles,17,6,11,5,9,17,28,54,46,88,83,108,134,113,72,77,63,65,58,28,30,23,14,15,0,0
2024,2024-11-24,Eastbound,All Vehicles,777,522,364,234,198,273,448,785,1225,1727,1567,2214,2261,2305,1980,1871,1842,1807,1449,1089,971,744,519,283,0,0
2024,2024-11-26,Eastbound,Light Vehicles,97,58,45,39,119,598,1704,1917,1742,1723,1725,1744,1773,1788,1762,1751,1996,2013,1965,1260,1052,939,659,279,0,0
2024,2024-11-26,Eastbound,Heavy Vehicles,7,6,5,12,29,97,436,385,246,295,270,261,223,224,186,150,118,139,120,49,46,39,37,16,0,0
2024,2024-11-26,Westbound,Light Vehicles,123,69,54,55,168,655,1454,2395,2649,2371,2015,2037,2177,2057,2301,2395,2377,2246,2275,1549,1334,940,,,0,0
2024,2024-11-26,Westbound,Heavy Vehicles,13,13,5,9,17,54,138,183,179,254,273,280,274,301,315,344,223,168,85,81,40,44,,,0,0
2024,2024-11-26,Eastbound,All Vehicles,104,64,50,51,148,695,2140,2302,1988,2018,1995,2005,1996,2012,1948,1901,2114,2152,2085,1309,1098,978,696,295,0,0
2024,2024-11-26,Westbound,All Vehicles,136,82,59,64,185,709,1592,2578,2828,2625,2288,2317,2451,2358,2616,2739,2600,2414,2360,1630,1374,984,,,0,0
2024,2024-11-27,Eastbound,Heavy Vehicles,14,5,2,13,37,105,313,363,270,272,292,251,264,212,185,168,126,143,114,54,49,36,25,20,0,0
2024,2024-11-27,Eastbound,Light Vehicles,147,64,63,55,98,576,1379,1732,1809,1767,1830,1876,1802,1711,1905,1615,2090,2094,1901,1323,1153,1106,847,447,0,0
2024,2024-11-27,Eastbound,All Vehicles,161,69,65,68,135,681,1692,2095,2079,2039,2122,2127,2066,1923,2090,1783,2216,2237,2015,1377,1202,1142,872,467,0,0
2024,2024-11-28,Eastbound,Light Vehicles,229,116,80,46,128,542,1545,1852,1720,1730,1684,1742,1703,1658,1910,1677,2020,2177,2112,1390,1148,1093,941,585,0,0
2024,2024-11-28,Westbound,Heavy Vehicles,4,10,6,18,,,,,,,,308,399,341,341,339,272,184,94,69,47,38,31,23,0,0
2024,2024-11-28,Westbound,Light Vehicles,275,170,96,68,,,,,,,,2243,2368,2419,2519,2702,2760,2580,2344,1709,1522,1446,1189,751,0,0
2024,2024-11-28,Eastbound,Heavy Vehicles,11,8,4,12,27,113,377,389,240,288,287,287,245,219,212,168,148,121,116,78,46,31,28,30,0,0
2024,2024-11-28,Eastbound,All Vehicles,240,124,84,58,155,655,1922,2241,1960,2018,1971,2029,1948,1877,2122,1845,2168,2298,2228,1468,1194,1124,969,615,0,0
2024,2024-11-28,Westbound,All Vehicles,279,180,102,86,,,,,,,,2551,2767,2760,2860,3041,3032,2764,2438,1778,1569,1484,1220,774,0,0
2024,2024-11-29,Westbound,Heavy Vehicles,12,15,11,19,20,66,139,186,230,303,288,339,267,270,264,255,216,183,92,108,73,34,37,31,0,0
2024,2024-11-29,Westbound,Light Vehicles,409,220,178,118,184,670,1423,2448,2789,2543,2475,2492,2294,2479,2363,2234,2537,2539,2320,1440,1436,1430,1395,1104,0,0
2024,2024-11-29,Eastbound,Light Vehicles,296,204,120,90,123,541,1771,1898,1846,1753,1747,1703,1544,1882,1912,1698,1891,1929,1875,973,1225,1058,1052,832,0,0
2024,2024-11-29,Eastbound,Heavy Vehicles,17,7,7,7,28,81,410,346,256,271,263,239,240,197,170,203,129,94,89,107,40,29,21,30,0,0
2024,2024-11-29,Westbound,All Vehicles,421,235,189,137,204,736,1562,2634,3019,2846,2763,2831,2561,2749,2627,2489,2753,2722,2412,1548,1509,1464,1432,1135,0,0
2024,2024-11-29,Eastbound,All Vehicles,313,211,127,97,151,622,2181,2244,2102,2024,2010,1942,1784,2079,2082,1901,2020,2023,1964,1080,1265,1087,1073,862,0,0
2024,2024-11-30,Eastbound,Light Vehicles,593,380,282,219,162,245,732,945,1273,1688,1859,2070,2091,2055,1984,1812,1857,1796,1671,1434,1242,1078,1203,1012,0,0
2024,2024-11-30,Eastbound,Heavy Vehicles,18,6,8,5,16,30,109,132,139,143,134,131,127,98,103,114,81,64,55,46,33,25,28,23,0,0
2024,2024-11-30,Westbound,Heavy Vehicles,22,8,9,11,18,28,54,88,104,123,115,139,139,133,109,121,117,95,74,43,36,42,41,32,0,0
2024,2024-11-30,Westbound,Light Vehicles,818,519,327,259,183,315,603,1094,1729,2231,2559,2604,2738,2749,2553,2426,2517,2602,2504,2024,1571,1508,1613,1260,0,0
2024,2024-11-30,Eastbound,All Vehicles,611,386,290,224,178,275,841,1077,1412,1831,1993,2201,2218,2153,2087,1926,1938,1860,1726,1480,1275,1103,1231,1035,0,0
2024,2024-11-30,Westbound,All Vehicles,840,527,336,270,201,343,657,1182,1833,2354,2674,2743,2877,2882,2662,2547,2634,2697,2578,2067,1607,1550,1654,1292,0,0
2024,2024-12-01,Westbound,Heavy Vehicles,14,17,10,10,5,19,26,43,55,55,85,74,81,71,71,90,106,84,66,41,49,22,27,12,0,0
2024,2024-12-01,Westbound,Light Vehicles,994,692,609,345,243,291,387,666,1057,1699,2083,2210,2399,2202,1579,454,1227,1818,1751,1183,1178,950,716,381,0,0
2024,2024-12-01,Westbound,All Vehicles,1008,709,619,355,248,310,413,709,1112,1754,2168,2284,2480,2273,1650,544,1333,1902,1817,1224,1227,972,743,393,0,0
2024,2024-12-02,Eastbound,Heavy Vehicles,,,,,,,,,,,,271,238,219,184,188,126,161,106,45,46,30,29,18,0,0
2024,2024-12-02,Eastbound,Light Vehicles,,,,,,,,,,,,1801,1707,1654,1783,1710,1873,2043,1792,1148,916,792,659,260,0,0
2024,2024-12-02,Eastbound,All Vehicles,,,,,,,,,,,,2072,1945,1873,1967,1898,1999,2204,1898,1193,962,822,688,278,0,0
2024,2024-12-03,Eastbound,Light Vehicles,146,76,69,53,115,566,1468,1929,1748,1661,1724,1586,1755,1667,1730,1543,1958,2198,2009,1216,1012,955,677,318,0,0
2024,2024-12-03,Eastbound,Heavy Vehicles,8,4,10,10,43,87,370,393,261,321,323,298,236,226,181,161,145,98,104,55,41,36,17,16,0,0
2024,2024-12-03,Eastbound,All Vehicles,154,80,79,63,158,653,1838,2322,2009,1982,2047,1884,1991,1893,1911,1704,2103,2296,2113,1271,1053,991,694,334,0,0
2024,2024-12-05,Eastbound,Heavy Vehicles,,,,,24,79,274,234,145,180,186,172,140,147,128,115,91,74,84,30,36,27,21,18,0,0
2024,2024-12-05,Eastbound,Light Vehicles,,,,,94,407,1104,1134,981,1059,1130,1125,1154,1079,1126,956,1235,1241,1395,984,783,815,696,433,0,0
2024,2024-12-05,Eastbound,All Vehicles,,,,,118,486,1378,1368,1126,1239,1316,1297,1294,1226,1254,1071,1326,1315,1479,1014,819,842,717,451,0,0
2024,2024-12-06,Eastbound,Heavy Vehicles,13,8,7,13,28,83,436,377,262,327,272,,,,,,,115,94,72,58,28,32,24,0,0
2024,2024-12-06,Eastbound,Light Vehicles,414,239,185,118,137,557,1772,1953,1807,1845,1881,,,,,,,2079,1997,1563,1189,1127,1121,884,0,0
2024,2024-12-06,Eastbound,All Vehicles,427,247,192,131,165,640,2208,2330,2069,2172,2153,,,,,,,2194,2091,1635,1247,1155,1153,908,0,0
2024,2024-12-07,Westbound,Heavy Vehicles,6,6,1,8,6,9,30,37,51,,59,60,59,41,37,40,43,36,31,27,21,20,22,6,0,0
2024,2024-12-07,Westbound,Light Vehicles,399,241,213,141,103,157,272,369,606,,882,884,814,836,820,905,883,928,930,738,658,755,820,678,0,0
2024,2024-12-07,Westbound,All Vehicles,405,247,214,149,109,166,302,406,657,,941,944,873,877,857,945,926,964,961,765,679,775,842,684,0,0
2024,2024-12-08,Westbound,Light Vehicles,1173,859,614,394,234,294,453,786,1219,1952,2299,2589,2707,2459,2602,2549,2465,2424,1844,1299,1140,949,698,421,0,0
2024,2024-12-08,Westbound,Heavy Vehicles,16,12,13,8,11,17,24,41,62,69,79,99,100,92,94,83,73,60,52,28,29,36,17,11,0,0
2024,2024-12-08,Eastbound,Heavy Vehicles,16,9,6,5,13,12,24,41,71,70,72,99,129,68,65,47,63,,,,,,,,0,0
2024,2024-12-08,Eastbound,Light Vehicles,810,503,396,248,177,238,361,637,977,1433,1703,1766,1546,1582,1610,1561,1490,,,,,,,,0,0
2024,2024-12-08,Westbound,All Vehicles,1189,871,627,402,245,311,477,827,1281,2021,2378,2688,2807,2551,2696,2632,2538,2484,1896,1327,1169,985,715,432,0,0
2024,2024-12-08,Eastbound,All Vehicles,826,512,402,253,190,250,385,678,1048,1503,1775,1865,1675,1650,1675,1608,1553,,,,,,,,0,0
2024,2024-12-09,Westbound,Heavy Vehicles,12,9,14,12,28,48,158,184,223,255,298,269,,325,294,404,,,,,,,,,0,0
2024,2024-12-09,Westbound,Light Vehicles,217,125,80,84,200,637,1494,2452,2897,2593,2193,2166,,2239,2295,2648,,,,,,,,,0,0
2024,2024-12-09,Westbound,All Vehicles,229,134,94,96,228,685,1652,2636,3120,2848,2491,2435,,2564,2589,3052,,,,,,,,,0,0
2024,2024-12-10,Eastbound,Heavy Vehicles,6,5,5,9,27,77,416,338,238,266,270,253,219,209,155,143,123,106,81,44,36,32,16,20,0,0
2024,2024-12-10,Eastbound,Light Vehicles,135,69,54,54,116,556,1581,1655,1501,1505,1550,1598,1695,1431,1598,1526,1651,1896,1952,1247,1054,941,725,444,0,0
2024,2024-12-10,Eastbound,All Vehicles,141,74,59,63,143,633,1997,1993,1739,1771,1820,1851,1914,1640,1753,1669,1774,2002,2033,1291,1090,973,741,464,0,0
2024,2024-12-11,Westbound,Light Vehicles,231,119,73,70,186,685,1644,2622,2656,2663,2425,2504,2546,2327,2361,2554,,,,,,,,,0,0
2024,2024-12-11,Westbound,Heavy Vehicles,7,10,10,11,21,82,157,224,230,241,352,317,315,331,353,356,,,,,,,,,0,0
2024,2024-12-11,Westbound,All Vehicles,238,129,83,81,207,767,1801,2846,2886,2904,2777,2821,2861,2658,2714,2910,,,,,,,,,0,0
2024,2024-12-12,Westbound,Light Vehicles,,,,,141,457,1031,1605,1732,1558,1453,1446,1296,1467,1508,1555,1443,1543,1583,1269,1172,1082,676,497,0,0
2024,2024-12-12,Westbound,Heavy Vehicles,,,,,23,53,115,142,151,184,218,209,233,224,236,228,178,111,86,68,31,22,13,1,0,0
2024,2024-12-12,Westbound,All Vehicles,,,,,164,510,1146,1747,1883,1742,1671,1655,1529,1691,1744,1783,1621,1654,1669,1337,1203,1104,689,498,0,0
2024,2024-12-13,Westbound,Heavy Vehicles,3,2,1,3,4,19,45,57,77,97,97,114,104,93,117,115,,,,,,,,,0,0
2024,2024-12-13,Westbound,Light Vehicles,92,69,37,36,54,199,500,846,959,1084,953,1008,1096,1018,1064,1111,,,,,,,,,0,0
2024,2024-12-13,Westbound,All Vehicles,95,71,38,39,58,218,545,903,1036,1181,1050,1122,1200,1111,1181,1226,,,,,,,,,0,0
2024,2024-12-14,Eastbound,Light Vehicles,,,,,,,,,,,,2148,2101,2116,2156,1915,1956,1884,1838,1395,1216,1140,1301,1059,0,0
2024,2024-12-14,Eastbound,Heavy Vehicles,,,,,,,,,,,,145,159,153,135,114,102,86,90,77,55,54,39,34,0,0
2024,2024-12-14,Eastbound,All Vehicles,,,,,,,,,,,,2293,2260,2269,2291,2029,2058,1970,1928,1472,1271,1194,1340,1093,0,0
2024,2024-12-16,Westbound,Light Vehicles,,,,,,,,,,,,,,,,,226,260,179,108,68,182,541,333,0,0
2024,2024-12-16,Westbound,Heavy Vehicles,,,,,,,,,,,,,,,,,25,20,12,2,1,16,38,27,0,0
2024,2024-12-16,Westbound,All Vehicles,,,,,,,,,,,,,,,,,251,280,191,110,69,198,579,360,0,0
2024,2024-12-17,Eastbound,Light Vehicles,144,63,44,54,96,495,1478,1500,1499,1524,1547,1628,1505,1545,1683,1713,1662,1886,1754,1143,956,914,707,347,0,0
2024,2024-12-17,Westbound,Heavy Vehicles,19,8,18,8,,,,,,,324,347,368,343,352,341,297,165,58,66,6,2,28,11,0,0
2024,2024-12-17,Westbound,Light Vehicles,128,82,81,61,,,,,,,2304,2350,2447,2433,2497,2668,2716,2716,1772,1439,107,91,705,138,0,0
2024,2024-12-17,Eastbound,Heavy Vehicles,21,13,3,16,27,95,455,329,254,278,275,257,226,202,170,159,125,133,85,51,37,29,23,31,0,0
2024,2024-12-17,Eastbound,All Vehicles,165,76,47,70,123,590,1933,1829,1753,1802,1822,1885,1731,1747,1853,1872,1787,2019,1839,1194,993,943,730,378,0,0
2024,2024-12-17,Westbound,All Vehicles,147,90,99,69,,,,,,,2628,2697,2815,2776,2849,3009,3013,2881,1830,1505,113,93,733,149,0,0
2024,2024-12-18,Westbound,Light Vehicles,27,33,27,15,39,372,828,1625,1783,1845,2371,2331,2437,2381,2435,2648,2561,2550,2402,1679,1419,1332,1056,686,0,0
2024,2024-12-18,Westbound,Heavy Vehicles,,6,8,4,8,20,54,129,145,157,326,374,272,290,360,366,275,182,103,76,62,44,49,21,0,0
2024,2024-12-18,Westbound,All Vehicles,27,39,35,19,47,392,882,1754,1928,2002,2697,2705,2709,2671,2795,3014,2836,2732,2505,1755,1481,1376,1105,707,0,0
2024,2024-12-19,Westbound,Light Vehicles,225,170,68,55,,,,,,,,1613,1691,1659,1653,1720,1571,1848,1628,1199,957,940,837,499,0,0
2024,2024-12-19,Westbound,Heavy Vehicles,11,5,3,12,,,,,,,,209,207,188,189,193,155,139,65,45,27,25,22,19,0,0
2024,2024-12-19,Westbound,All Vehicles,236,175,71,67,,,,,,,,1822,1898,1847,1842,1913,1726,1987,1693,1244,984,965,859,518,0,0
2024,2024-12-20,Westbound,Heavy Vehicles,23,14,9,12,22,48,120,158,212,239,291,306,262,199,141,235,123,111,94,46,35,13,10,7,0,0
2024,2024-12-20,Eastbound,Light Vehicles,327,212,141,109,127,497,1479,1435,1609,1601,1565,1765,1618,1607,1801,1781,1820,,,,,,,,0,0
2024,2024-12-20,Westbound,Light Vehicles,476,275,209,154,187,605,1158,1956,2453,2449,2564,2560,2534,1944,1672,2418,2134,2112,2386,1670,1260,1157,831,801,0,0
2024,2024-12-20,Eastbound,Heavy Vehicles,24,5,8,17,24,74,403,311,254,247,231,224,203,203,146,136,125,,,,,,,,0,0
2024,2024-12-20,Westbound,All Vehicles,499,289,218,166,209,653,1278,2114,2665,2688,2855,2866,2796,2143,1813,2653,2257,2223,2480,1716,1295,1170,841,808,0,0
2024,2024-12-20,Eastbound,All Vehicles,351,217,149,126,151,571,1882,1746,1863,1848,1796,1989,1821,1810,1947,1917,1945,,,,,,,,0,0
2024,2024-12-21,Westbound,Heavy Vehicles,5,2,1,10,19,20,57,85,114,107,136,143,127,,131,100,98,80,71,55,36,52,33,37,0,0
2024,2024-12-21,Westbound,Light Vehicles,556,394,326,287,246,356,642,1045,1541,2143,2442,2667,2659,,2573,2555,2631,2709,2524,1916,1650,1533,1580,1322,0,0
2024,2024-12-21,Westbound,All Vehicles,561,396,327,297,265,376,699,1130,1655,2250,2578,2810,2786,,2704,2655,2729,2789,2595,1971,1686,1585,1613,1359,0,0
2024,2024-12-22,Westbound,Heavy Vehicles,22,13,6,13,17,13,25,38,49,64,65,79,61,73,40,72,54,60,53,35,42,17,16,24,0,0
2024,2024-12-22,Westbound,Light Vehicles,975,702,489,273,227,241,460,715,1126,1703,2086,2256,2085,2138,1908,2313,2280,2350,2044,1642,1437,1156,854,515,0,0
2024,2024-12-22,Westbound,All Vehicles,997,715,495,286,244,254,485,753,1175,1767,2151,2335,2146,2211,1948,2385,2334,2410,2097,1677,1479,1173,870,539,0,0
2024,2024-12-23,Westbound,Light Vehicles,7,5,2,5,13,42,104,176,193,204,218,213,210,194,201,180,206,181,169,104,57,50,30,12,0,0
2024,2024-12-23,Westbound,Heavy Vehicles,,,,2,2,,7,9,8,17,17,18,11,12,9,11,14,6,9,4,,,1,,0,0
2024,2024-12-23,Westbound,All Vehicles,7,5,2,7,15,42,111,185,201,221,235,231,221,206,210,191,220,187,178,108,57,50,31,12,0,0
2024,2024-12-24,Eastbound,Light Vehicles,162,95,70,74,100,340,842,1148,1387,1537,1625,1782,1785,1642,1524,1555,1446,1381,1124,851,697,730,654,450,0,0
2024,2024-12-24,Westbound,Heavy Vehicles,4,1,1,3,2,6,10,14,44,52,72,71,67,66,64,60,,,,,,,,,0,0
2024,2024-12-24,Westbound,Light Vehicles,89,56,31,39,60,120,171,225,616,794,825,860,889,791,806,813,,,,,,,,,0,0
2024,2024-12-24,Eastbound,Heavy Vehicles,10,10,13,11,28,44,131,170,157,168,157,159,118,115,93,84,62,57,42,34,33,25,11,24,0,0
2024,2024-12-24,Eastbound,All Vehicles,172,105,83,85,128,384,973,1318,1544,1705,1782,1941,1903,1757,1617,1639,1508,1438,1166,885,730,755,665,474,0,0
2024,2024-12-24,Westbound,All Vehicles,93,57,32,42,62,126,181,239,660,846,897,931,956,857,870,873,,,,,,,,,0,0
2024,2024-12-25,Westbound,Heavy Vehicles,,,,,2,,2,5,9,14,21,19,21,21,14,24,12,20,19,23,20,13,10,,0,0
2024,2024-12-25,Westbound,Light Vehicles,,,,,32,60,108,199,310,482,745,969,905,638,481,538,718,793,716,628,622,452,334,,0,0
2024,2024-12-25,Eastbound,Light Vehicles,306,178,106,82,69,182,267,539,747,941,1174,1559,1793,1280,971,886,1038,1174,1126,997,870,785,570,394,0,0
2024,2024-12-25,Eastbound,Heavy Vehicles,8,4,3,7,19,14,11,20,30,40,47,58,63,34,33,30,33,26,36,29,21,17,21,11,0,0
2024,2024-12-25,Westbound,All Vehicles,,,,,34,60,110,204,319,496,766,988,926,659,495,562,730,813,735,651,642,465,344,,0,0
2024,2024-12-25,Eastbound,All Vehicles,314,182,109,89,88,196,278,559,777,981,1221,1617,1856,1314,1004,916,1071,1200,1162,1026,891,802,591,405,0,0
2024,2024-12-26,Eastbound,Heavy Vehicles,5,5,1,5,14,9,21,29,34,54,61,60,82,39,46,31,37,32,24,22,10,18,6,7,0,0
2024,2024-12-26,Westbound,Heavy Vehicles,3,4,5,1,4,12,19,25,32,41,58,56,43,48,61,73,74,55,38,35,29,26,14,3,0,0
2024,2024-12-26,Eastbound,Light Vehicles,134,72,51,53,61,162,245,453,647,823,990,1152,1237,938,870,863,783,818,762,633,498,509,363,355,0,0
2024,2024-12-26,Westbound,Light Vehicles,233,121,90,63,86,127,249,383,626,855,1181,1091,1134,1177,1457,1520,1472,1506,1374,1170,1023,829,681,394,0,0
2024,2024-12-26,Eastbound,All Vehicles,139,77,52,58,75,171,266,482,681,877,1051,1212,1319,977,916,894,820,850,786,655,508,527,369,362,0,0
2024,2024-12-26,Westbound,All Vehicles,236,125,95,64,90,139,268,408,658,896,1239,1147,1177,1225,1518,1593,1546,1561,1412,1205,1052,855,695,397,0,0
2024,2024-12-27,Eastbound,Heavy Vehicles,10,3,4,8,24,30,83,108,125,117,133,102,114,118,107,76,61,49,52,32,24,21,11,9,0,0
2024,2024-12-27,Eastbound,Light Vehicles,325,178,150,89,116,276,621,843,1016,1144,1381,1712,1821,1667,1557,1464,1307,1260,1229,963,725,690,539,397,0,0
2024,2024-12-27,Westbound,Heavy Vehicles,8,6,5,8,15,21,32,49,76,96,118,93,105,87,92,80,83,57,50,15,9,7,10,4,0,0
2024,2024-12-27,Westbound,Light Vehicles,289,234,152,114,106,206,376,539,852,1098,1187,1378,1358,1280,1381,1454,1576,1428,1122,752,697,567,504,436,0,0
2024,2024-12-27,Eastbound,All Vehicles,335,181,154,97,140,306,704,951,1141,1261,1514,1814,1935,1785,1664,1540,1368,1309,1281,995,749,711,550,406,0,0
2024,2024-12-27,Westbound,All Vehicles,297,240,157,122,121,227,408,588,928,1194,1305,1471,1463,1367,1473,1534,1659,1485,1172,767,706,574,514,440,0,0
2024,2024-12-28,Westbound,Heavy Vehicles,10,11,10,7,17,22,34,55,67,85,87,104,82,81,90,86,76,71,66,41,32,40,23,24,0,0
2024,2024-12-28,Westbound,Light Vehicles,385,245,184,147,138,229,453,696,1024,1590,1981,2028,2163,2137,1955,2086,2140,2189,2100,1665,1498,1253,1264,953,0,0
2024,2024-12-28,Westbound,All Vehicles,395,256,194,154,155,251,487,751,1091,1675,2068,2132,2245,2218,2045,2172,2216,2260,2166,1706,1530,1293,1287,977,0,0
2024,2024-12-29,Westbound,Heavy Vehicles,13,12,8,7,9,10,23,46,45,49,71,73,81,101,64,80,98,78,81,62,48,31,26,,0,0
2024,2024-12-29,Westbound,Light Vehicles,626,383,337,212,171,207,351,608,976,1633,1837,1977,2151,2068,2175,2321,2471,2453,2195,1776,1427,1177,922,,0,0
2024,2024-12-29,Westbound,All Vehicles,639,395,345,219,180,217,374,654,1021,1682,1908,2050,2232,2169,2239,2401,2569,2531,2276,1838,1475,1208,948,,0,0
2024,2024-12-30,Eastbound,Heavy Vehicles,8,6,9,6,23,38,123,143,146,153,140,154,153,120,110,91,90,70,61,36,44,21,27,17,0,0
2024,2024-12-30,Eastbound,Light Vehicles,221,134,87,78,96,267,618,869,1168,1522,1796,1883,1879,1738,1707,1641,1585,1604,1383,1033,786,776,652,433,0,0
2024,2024-12-30,Eastbound,All Vehicles,229,140,96,84,119,305,741,1012,1314,1675,1936,2037,2032,1858,1817,1732,1675,1674,1444,1069,830,797,679,450,0,0
2024,2024-12-31,Westbound,Light Vehicles,,,,,98,221,523,843,1133,1578,1698,1979,2072,1892,1929,1949,1865,1774,1636,1422,1289,1467,1308,,0,0
2024,2024-12-31,Westbound,Heavy Vehicles,,,,,12,32,45,67,93,108,128,135,124,125,93,100,77,56,47,41,28,44,34,,0,0
2024,2024-12-31,Westbound,All Vehicles,,,,,110,253,568,910,1226,1686,1826,2114,2196,2017,2022,2049,1942,1830,1683,1463,1317,1511,1342,,0,0
2025,2025-01-01,Westbound,Light Vehicles,1567,1807,1483,847,496,356,479,491,554,901,1292,1563,1851,1811,1846,1963,2106,2125,,1628,1498,1202,,569,0,0
2025,2025-01-01,Westbound,Heavy Vehicles,62,101,62,37,8,6,13,32,29,40,44,49,61,49,54,50,57,57,,49,38,39,,13,0,0
2025,2025-01-01,Westbound,All Vehicles,1629,1908,1545,884,504,362,492,523,583,941,1336,1612,1912,1860,1900,2013,2163,2182,,1677,1536,1241,,582,0,0
2025,2025-01-02,Eastbound,Heavy Vehicles,,,,,27,29,93,120,103,108,109,106,87,87,87,74,66,38,45,39,31,19,16,13,0,0
2025,2025-01-02,Eastbound,Light Vehicles,,,,,91,216,545,596,776,1019,1208,1398,1508,1351,1401,1316,1329,1275,1107,800,684,622,570,392,0,0
2025,2025-01-02,Eastbound,All Vehicles,,,,,118,245,638,716,879,1127,1317,1504,1595,1438,1488,1390,1395,1313,1152,839,715,641,586,405,0,0
2025,2025-01-03,Westbound,Heavy Vehicles,13,9,4,11,18,22,53,83,108,109,129,152,156,121,119,,103,76,54,53,34,36,23,19,0,0
2025,2025-01-03,Westbound,Light Vehicles,270,136,109,81,122,251,528,919,1270,1667,1886,2043,2074,1974,1945,,2044,2019,1911,1477,1240,1206,920,729,0,0
2025,2025-01-03,Westbound,All Vehicles,283,145,113,92,140,273,581,1002,1378,1776,2015,2195,2230,2095,2064,,2147,2095,1965,1530,1274,1242,943,748,0,0
2025,2025-01-04,Eastbound,Light Vehicles,281,216,180,163,138,259,525,767,1153,1642,2095,2122,2019,1746,1678,1645,1561,1484,1500,1106,954,895,863,672,0,0
2025,2025-01-04,Westbound,Light Vehicles,490,327,245,172,134,250,508,715,1170,1768,2082,2188,2285,2381,2350,2351,2491,,2669,1972,1492,1385,1265,990,0,0
2025,2025-01-04,Eastbound,Heavy Vehicles,10,7,4,13,15,22,58,80,96,85,129,109,99,76,76,73,68,70,50,33,32,19,20,15,0,0
2025,2025-01-04,Westbound,Heavy Vehicles,11,14,5,15,13,17,36,51,80,87,102,98,95,79,79,84,73,,84,51,37,28,29,25,0,0
2025,2025-01-04,Eastbound,All Vehicles,291,223,184,176,153,281,583,847,1249,1727,2224,2231,2118,1822,1754,1718,1629,1554,1550,1139,986,914,883,687,0,0
2025,2025-01-04,Westbound,All Vehicles,501,341,250,187,147,267,544,766,1250,1855,2184,2286,2380,2460,2429,2435,2564,,2753,2023,1529,1413,1294,1015,0,0
2025,2025-01-05,Eastbound,Heavy Vehicles,9,7,8,3,10,16,30,33,59,60,97,102,93,73,75,65,67,30,50,31,25,16,10,17,0,0
2025,2025-01-05,Eastbound,Light Vehicles,404,376,225,156,149,235,369,779,1160,1620,1917,1915,1981,1813,1653,1663,1494,1327,1099,916,778,585,477,306,0,0
2025,2025-01-05,Westbound,Light Vehicles,638,454,372,198,,,,,,,,2172,2348,2092,2171,2613,2969,2548,1991,1550,1243,978,715,431,0,0
2025,2025-01-05,Westbound,Heavy Vehicles,19,12,10,11,,,,,,,,71,73,67,76,89,85,84,64,27,28,33,23,13,0,0
2025,2025-01-05,Eastbound,All Vehicles,413,383,233,159,159,251,399,812,1219,1680,2014,2017,2074,1886,1728,1728,1561,1357,1149,947,803,601,487,323,0,0
2025,2025-01-05,Westbound,All Vehicles,657,466,382,209,,,,,,,,2243,2421,2159,2247,2702,3054,2632,2055,1577,1271,1011,738,444,0,0
2025,2025-01-06,Eastbound,Heavy Vehicles,8,8,6,16,20,58,251,212,188,194,199,167,178,147,130,105,95,79,64,35,28,14,12,13,0,0
2025,2025-01-06,Eastbound,Light Vehicles,184,112,86,85,102,364,1103,1084,1372,1502,1665,1728,1711,1487,1493,1472,1710,1693,1234,814,642,520,392,191,0,0
2025,2025-01-06,Eastbound,All Vehicles,192,120,92,101,122,422,1354,1296,1560,1696,1864,1895,1889,1634,1623,1577,1805,1772,1298,849,670,534,404,204,0,0
2025,2025-01-07,Eastbound,Heavy Vehicles,5,1,5,9,33,40,291,188,170,207,181,154,148,142,107,93,78,83,60,31,28,25,15,10,0,0
2025,2025-01-07,Eastbound,Light Vehicles,92,84,56,60,69,343,1076,1033,1248,1293,1319,1324,1372,1260,1342,1434,1503,1694,1233,817,668,629,449,225,0,0
2025,2025-01-07,Eastbound,All Vehicles,97,85,61,69,102,383,1367,1221,1418,1500,1500,1478,1520,1402,1449,1527,1581,1777,1293,848,696,654,464,235,0,0
2025,2025-01-08,Eastbound,Heavy Vehicles,9,10,6,12,25,53,326,232,187,193,190,185,129,133,86,89,96,81,63,22,25,20,17,13,0,0
2025,2025-01-08,Eastbound,Light Vehicles,119,77,28,50,88,317,1177,1098,1288,1348,1354,1452,1505,1387,1374,1442,1576,1732,1482,871,729,749,521,336,0,0
2025,2025-01-08,Eastbound,All Vehicles,128,87,34,62,113,370,1503,1330,1475,1541,1544,1637,1634,1520,1460,1531,1672,1813,1545,893,754,769,538,349,0,0
2025,2025-01-09,Eastbound,Heavy Vehicles,4,1,6,7,30,54,298,199,183,220,179,156,148,142,107,98,85,69,74,34,33,25,19,9,0,0
2025,2025-01-09,Westbound,Heavy Vehicles,,,,,3,12,30,52,58,55,73,48,57,61,59,,38,28,22,15,8,8,8,6,0,0
2025,2025-01-09,Eastbound,Light Vehicles,162,119,53,74,76,332,1081,1010,1206,1269,1282,1338,1342,1249,1303,1306,1473,1659,1334,871,735,694,537,351,0,0
2025,2025-01-09,Westbound,Light Vehicles,,,,,32,120,271,541,813,747,684,771,705,715,791,,776,826,630,382,315,306,185,97,0,0
2025,2025-01-09,Eastbound,All Vehicles,166,120,59,81,106,386,1379,1209,1389,1489,1461,1494,1490,1391,1410,1404,1558,1728,1408,905,768,719,556,360,0,0
2025,2025-01-09,Westbound,All Vehicles,,,,,35,132,301,593,871,802,757,819,762,776,850,,814,854,652,397,323,314,193,103,0,0
2025,2025-01-10,Eastbound,Light Vehicles,181,143,100,80,103,363,1260,1069,1253,1413,1439,1501,1544,1487,1558,1613,1656,1774,1524,1004,834,801,747,479,0,0
2025,2025-01-10,Eastbound,Heavy Vehicles,9,7,7,11,35,66,297,245,173,215,200,199,168,142,137,111,99,75,60,49,27,27,21,15,0,0
2025,2025-01-10,Westbound,Light Vehicles,271,124,108,110,135,482,995,1513,1902,2061,1961,2121,2201,2062,2248,2299,2269,2208,1918,1370,1159,1211,1052,755,0,0
2025,2025-01-10,Westbound,Heavy Vehicles,4,9,10,11,22,41,106,156,189,208,240,232,235,213,230,245,146,80,70,56,38,38,28,21,0,0
2025,2025-01-10,Eastbound,All Vehicles,190,150,107,91,138,429,1557,1314,1426,1628,1639,1700,1712,1629,1695,1724,1755,1849,1584,1053,861,828,768,494,0,0
2025,2025-01-10,Westbound,All Vehicles,275,133,118,121,157,523,1101,1669,2091,2269,2201,2353,2436,2275,2478,2544,2415,2288,1988,1426,1197,1249,1080,776,0,0
2025,2025-01-11,Westbound,Heavy Vehicles,16,11,9,8,9,24,45,78,81,106,115,120,120,125,92,97,84,74,72,31,50,28,,21,0,0
2025,2025-01-11,Eastbound,Light Vehicles,319,216,177,161,139,201,570,720,944,1275,1479,1682,1830,1821,1681,1741,1650,1577,1562,1144,1019,928,861,745,0,0
2025,2025-01-11,Westbound,Light Vehicles,469,320,256,172,145,273,548,781,1262,1708,2091,2302,2357,2203,2117,2180,2179,2191,2128,1657,1518,1351,,1070,0,0
2025,2025-01-11,Eastbound,Heavy Vehicles,12,10,6,6,16,20,98,93,90,111,99,106,97,89,76,89,83,70,58,41,30,22,27,22,0,0
2025,2025-01-11,Westbound,All Vehicles,485,331,265,180,154,297,593,859,1343,1814,2206,2422,2477,2328,2209,2277,2263,2265,2200,1688,1568,1379,,1091,0,0
2025,2025-01-11,Eastbound,All Vehicles,331,226,183,167,155,221,668,813,1034,1386,1578,1788,1927,1910,1757,1830,1733,1647,1620,1185,1049,950,888,767,0,0
2025,2025-01-12,Eastbound,Heavy Vehicles,11,12,7,6,6,13,17,30,49,66,82,84,70,82,74,68,54,64,44,32,25,18,15,15,0,0
2025,2025-01-12,Eastbound,Light Vehicles,595,489,313,184,151,191,326,599,890,1297,1639,1786,1902,1783,1728,1595,1477,1381,1133,858,762,652,446,251,0,0
2025,2025-01-12,Eastbound,All Vehicles,606,501,320,190,157,204,343,629,939,1363,1721,1870,1972,1865,1802,1663,1531,1445,1177,890,787,670,461,266,0,0
2025,2025-01-13,Eastbound,Heavy Vehicles,6,3,6,12,32,68,395,283,217,266,198,239,179,173,161,123,111,,,,,,,,0,0
2025,2025-01-13,Westbound,Light Vehicles,181,96,64,86,159,525,1219,2049,2525,2048,1834,1850,,1976,2150,2718,2441,2385,1758,1300,1062,822,468,274,0,0
2025,2025-01-13,Westbound,Heavy Vehicles,9,7,10,14,20,74,132,181,201,222,273,258,,261,284,334,184,107,86,51,36,17,22,8,0,0
2025,2025-01-13,Eastbound,Light Vehicles,133,89,59,56,92,404,1520,1302,1528,1447,1488,1593,1572,1391,1460,1480,1742,,,,,,,,0,0
2025,2025-01-13,Eastbound,All Vehicles,139,92,65,68,124,472,1915,1585,1745,1713,1686,1832,1751,1564,1621,1603,1853,,,,,,,,0,0
2025,2025-01-13,Westbound,All Vehicles,190,103,74,100,179,599,1351,2230,2726,2270,2107,2108,,2237,2434,3052,2625,2492,1844,1351,1098,839,490,282,0,0
2025,2025-01-14,Eastbound,Light Vehicles,,,,,,,,,,,,1389,1359,1282,1318,1378,1597,1832,1617,984,732,633,461,256,0,0
2025,2025-01-14,Eastbound,Heavy Vehicles,,,,,,,,,,,,192,172,150,135,109,99,86,72,31,26,22,11,14,0,0
2025,2025-01-14,Eastbound,All Vehicles,,,,,,,,,,,,1581,1531,1432,1453,1487,1696,1918,1689,1015,758,655,472,270,0,0
2025,2025-01-15,Westbound,Light Vehicles,67,35,14,34,69,201,432,638,779,637,554,580,600,584,636,719,738,638,585,447,268,35,13,10,0,0
2025,2025-01-15,Westbound,Heavy Vehicles,1,2,1,2,2,16,40,37,44,63,63,85,78,91,88,92,61,43,14,16,10,9,,,0,0
2025,2025-01-15,Westbound,All Vehicles,68,37,15,36,71,217,472,675,823,700,617,665,678,675,724,811,799,681,599,463,278,44,13,10,0,0
2025,2025-01-16,Westbound,Heavy Vehicles,,,1,,,25,119,52,6,8,61,121,99,32,125,195,111,83,62,34,24,30,19,20,0,0
2025,2025-01-16,Westbound,Light Vehicles,8,4,2,1,13,364,1056,722,76,93,580,1244,1142,488,1827,2144,1834,2265,1970,1129,1156,1042,775,432,0,0
2025,2025-01-16,Westbound,All Vehicles,8,4,3,1,13,389,1175,774,82,101,641,1365,1241,520,1952,2339,1945,2348,2032,1163,1180,1072,794,452,0,0
2025,2025-01-17,Eastbound,Light Vehicles,220,140,100,64,85,421,1499,1426,1527,1580,1562,1611,1711,1600,1707,1741,1876,2046,1832,1274,897,796,813,521,0,0
2025,2025-01-17,Eastbound,Heavy Vehicles,8,5,6,16,31,80,339,334,227,259,224,212,177,187,151,133,105,97,98,41,37,30,21,12,0,0
2025,2025-01-17,Eastbound,All Vehicles,228,145,106,80,116,501,1838,1760,1754,1839,1786,1823,1888,1787,1858,1874,1981,2143,1930,1315,934,826,834,533,0,0
2025,2025-01-18,Eastbound,Light Vehicles,326,236,207,134,114,190,630,779,1035,1346,1476,1633,1892,1802,1773,1779,1661,1545,1515,1131,998,1073,1018,758,0,0
2025,2025-01-18,Eastbound,Heavy Vehicles,11,6,4,9,17,20,87,115,95,105,107,84,100,111,85,71,87,58,49,59,49,26,25,22,0,0
2025,2025-01-18,Westbound,Heavy Vehicles,14,10,6,8,16,17,46,68,96,102,104,141,123,110,106,96,71,95,53,50,30,38,33,25,0,0
2025,2025-01-18,Westbound,Light Vehicles,515,321,217,162,153,266,597,801,1341,1904,2131,2507,2464,2393,2235,2250,2268,2278,2133,1612,1264,1338,1351,1047,0,0
2025,2025-01-18,Eastbound,All Vehicles,337,242,211,143,131,210,717,894,1130,1451,1583,1717,1992,1913,1858,1850,1748,1603,1564,1190,1047,1099,1043,780,0,0
2025,2025-01-18,Westbound,All Vehicles,529,331,223,170,169,283,643,869,1437,2006,2235,2648,2587,2503,2341,2346,2339,2373,2186,1662,1294,1376,1384,1072,0,0
2025,2025-01-19,Eastbound,Heavy Vehicles,7,10,4,5,6,14,16,35,43,73,81,91,80,79,72,65,62,55,48,33,33,20,22,16,0,0
2025,2025-01-19,Westbound,Light Vehicles,910,598,438,271,,,,,,,,2227,2420,2175,2340,2169,2237,2185,,1205,1055,908,628,401,0,0
2025,2025-01-19,Eastbound,Light Vehicles,576,449,304,222,186,178,289,531,771,1122,1446,1738,1807,1724,1703,1578,1544,1521,1321,909,827,665,443,318,0,0
2025,2025-01-19,Westbound,Heavy Vehicles,17,10,8,4,,,,,,,,85,89,96,74,63,96,61,,46,17,23,25,14,0,0
2025,2025-01-19,Eastbound,All Vehicles,583,459,308,227,192,192,305,566,814,1195,1527,1829,1887,1803,1775,1643,1606,1576,1369,942,860,685,465,334,0,0
2025,2025-01-19,Westbound,All Vehicles,927,608,446,275,,,,,,,,2312,2509,2271,2414,2232,2333,2246,,1251,1072,931,653,415,0,0
2025,2025-01-20,Westbound,Light Vehicles,164,113,68,60,115,404,918,1334,1448,1373,1277,1279,1288,1261,1420,1630,1539,1435,1204,855,727,546,421,282,0,0
2025,2025-01-20,Eastbound,Light Vehicles,149,93,52,77,94,429,1600,1456,1466,1601,1466,1640,1576,1446,1476,1526,1754,,,,,,,,0,0
2025,2025-01-20,Eastbound,Heavy Vehicles,6,6,7,15,25,82,412,375,228,292,237,207,235,180,146,122,117,,,,,,,,0,0
2025,2025-01-20,Westbound,Heavy Vehicles,5,8,10,11,18,42,113,107,122,178,225,220,194,197,241,264,167,95,63,38,25,19,8,9,0,0
2025,2025-01-20,Westbound,All Vehicles,169,121,78,71,133,446,1031,1441,1570,1551,1502,1499,1482,1458,1661,1894,1706,1530,1267,893,752,565,429,291,0,0
2025,2025-01-20,Eastbound,All Vehicles,155,99,59,92,119,511,2012,1831,1694,1893,1703,1847,1811,1626,1622,1648,1871,,,,,,,,0,0
2025,2025-01-21,Westbound,Heavy Vehicles,10,6,4,3,,,,,,,314,319,269,298,313,381,235,150,88,72,40,26,19,21,0,0
2025,2025-01-21,Westbound,Light Vehicles,180,97,63,58,,,,,,,2065,2044,2122,2174,2369,2657,2509,2554,2039,1488,1188,985,670,374,0,0
2025,2025-01-21,Westbound,All Vehicles,190,103,67,61,,,,,,,2379,2363,2391,2472,2682,3038,2744,2704,2127,1560,1228,1011,689,395,0,0
2025,2025-01-22,Eastbound,Light Vehicles,116,87,59,47,,,,,,,,1692,1676,1658,1533,1647,1758,2022,1947,1102,898,873,601,409,0,0
2025,2025-01-22,Eastbound,Heavy Vehicles,9,10,12,14,,,,,,,,220,239,200,150,149,111,107,104,38,56,45,26,11,0,0
2025,2025-01-22,Eastbound,All Vehicles,125,97,71,61,,,,,,,,1912,1915,1858,1683,1796,1869,2129,2051,1140,954,918,627,420,0,0
2025,2025-01-24,Eastbound,Heavy Vehicles,2,5,3,11,23,72,340,272,192,211,173,157,151,136,118,121,106,91,63,46,36,23,12,12,0,0
2025,2025-01-24,Eastbound,Light Vehicles,149,97,64,59,86,420,1121,1087,1167,1153,1153,1233,1264,1138,1191,1233,1464,1416,1376,937,689,671,716,494,0,0
2025,2025-01-24,Eastbound,All Vehicles,151,102,67,70,109,492,1461,1359,1359,1364,1326,1390,1415,1274,1309,1354,1570,1507,1439,983,725,694,728,506,0,0
2025,2025-01-25,Eastbound,Heavy Vehicles,22,11,10,9,18,27,135,129,108,137,119,130,138,129,107,86,75,67,64,39,37,30,25,22,0,0
2025,2025-01-25,Westbound,Light Vehicles,624,408,263,197,180,303,606,1029,1477,2154,2389,2397,,1754,1675,1563,2070,2533,2383,1796,1366,1230,914,1082,0,0
2025,2025-01-25,Westbound,Heavy Vehicles,15,6,8,10,15,20,59,83,101,113,122,161,,76,58,50,65,87,87,36,32,28,15,22,0,0
2025,2025-01-25,Eastbound,Light Vehicles,389,259,190,178,148,287,722,769,1091,1681,1773,1959,1997,1967,1863,1839,1620,1627,1542,1232,985,1015,987,730,0,0
2025,2025-01-25,Eastbound,All Vehicles,411,270,200,187,166,314,857,898,1199,1818,1892,2089,2135,2096,1970,1925,1695,1694,1606,1271,1022,1045,1012,752,0,0
2025,2025-01-25,Westbound,All Vehicles,639,414,271,207,195,323,665,1112,1578,2267,2511,2558,,1830,1733,1613,2135,2620,2470,1832,1398,1258,929,1104,0,0
2025,2025-01-26,Eastbound,Heavy Vehicles,14,11,5,10,13,19,36,48,57,70,69,79,76,71,63,69,65,69,44,38,25,35,18,18,0,0
2025,2025-01-26,Westbound,Light Vehicles,575,401,369,224,149,167,300,444,689,1094,1422,,,,,,,1476,1359,1183,1029,940,768,620,0,0
2025,2025-01-26,Eastbound,Light Vehicles,547,397,289,258,175,252,526,915,948,1269,1482,1679,1812,1726,1621,1435,1423,1415,1375,1109,875,851,748,605,0,0
2025,2025-01-26,Westbound,Heavy Vehicles,13,15,1,8,8,12,22,26,29,36,54,,,,,,,47,47,48,33,19,20,13,0,0
2025,2025-01-26,Eastbound,All Vehicles,561,408,294,268,188,271,562,963,1005,1339,1551,1758,1888,1797,1684,1504,1488,1484,1419,1147,900,886,766,623,0,0
2025,2025-01-26,Westbound,All Vehicles,588,416,370,232,157,179,322,470,718,1130,1476,,,,,,,1523,1406,1231,1062,959,788,633,0,0
2025,2025-01-27,Westbound,Light Vehicles,555,433,241,173,145,195,411,648,976,1516,1830,2137,2272,2224,2340,2468,2518,2621,2264,1338,815,,497,261,0,0
2025,2025-01-27,Eastbound,Light Vehicles,428,277,184,164,146,252,390,716,1080,1546,1963,2041,1980,1742,1725,1639,1508,1431,1278,810,606,,,,0,0
2025,2025-01-27,Westbound,Heavy Vehicles,15,12,10,13,13,28,26,55,63,55,69,79,79,84,88,84,86,111,80,72,28,,13,17,0,0
2025,2025-01-27,Eastbound,Heavy Vehicles,11,7,9,16,9,27,31,51,62,89,106,102,120,94,79,79,58,46,55,33,13,,,,0,0
2025,2025-01-27,Westbound,All Vehicles,570,445,251,186,158,223,437,703,1039,1571,1899,2216,2351,2308,2428,2552,2604,2732,2344,1410,843,,510,278,0,0
2025,2025-01-27,Eastbound,All Vehicles,439,284,193,180,155,279,421,767,1142,1635,2069,2143,2100,1836,1804,1718,1566,1477,1333,843,619,,,,0,0
2025,2025-01-29,Westbound,Heavy Vehicles,12,2,3,3,,,,,,,,73,81,99,90,113,,40,29,20,8,9,16,17,0,0
2025,2025-01-29,Westbound,Light Vehicles,36,13,5,14,,,,,,,,836,882,858,939,1107,,892,807,554,394,381,241,101,0,0
2025,2025-01-29,Eastbound,Heavy Vehicles,,,,,34,80,409,339,260,271,268,233,213,193,158,148,,,,,,,,,0,0
2025,2025-01-29,Eastbound,Light Vehicles,,,,,102,449,1567,1695,1654,1686,1507,1499,1551,1529,1508,1688,,,,,,,,,0,0
2025,2025-01-29,Westbound,All Vehicles,48,15,8,17,,,,,,,,909,963,957,1029,1220,,932,836,574,402,390,257,118,0,0
2025,2025-01-29,Eastbound,All Vehicles,,,,,136,529,1976,2034,1914,1957,1775,1732,1764,1722,1666,1836,,,,,,,,,0,0
2025,2025-01-30,Eastbound,Heavy Vehicles,,,,,35,71,339,304,213,207,222,219,190,196,155,120,104,97,100,51,34,31,30,29,0,0
2025,2025-01-30,Eastbound,Light Vehicles,,,,,100,491,1430,1519,1435,1394,1398,1478,1409,1423,1413,1508,1527,1598,1757,1192,919,839,620,424,0,0
2025,2025-01-30,Eastbound,All Vehicles,,,,,135,562,1769,1823,1648,1601,1620,1697,1599,1619,1568,1628,1631,1695,1857,1243,953,870,650,453,0,0
2025,2025-01-31,Westbound,Heavy Vehicles,,,,,12,37,105,134,136,187,236,248,233,199,,197,174,103,55,37,33,37,23,16,0,0
2025,2025-01-31,Eastbound,Light Vehicles,257,120,106,69,104,496,1450,1380,1113,1345,1387,1247,1500,1517,1590,1096,1569,1714,1641,1076,905,874,904,697,0,0
2025,2025-01-31,Westbound,Light Vehicles,,,,,142,465,919,1461,1667,1475,1379,1396,1446,1523,,1474,1676,1566,1445,1069,938,986,807,663,0,0
2025,2025-01-31,Eastbound,Heavy Vehicles,24,11,5,11,32,74,354,293,177,209,241,215,196,163,178,120,104,107,80,58,39,26,26,26,0,0
2025,2025-01-31,Westbound,All Vehicles,,,,,154,502,1024,1595,1803,1662,1615,1644,1679,1722,,1671,1850,1669,1500,1106,971,1023,830,679,0,0
2025,2025-01-31,Eastbound,All Vehicles,281,131,111,80,136,570,1804,1673,1290,1554,1628,1462,1696,1680,1768,1216,1673,1821,1721,1134,944,900,930,723,0,0
2025,2025-02-01,Eastbound,Heavy Vehicles,19,11,5,14,13,40,115,163,92,120,123,160,149,133,95,94,119,91,60,51,39,24,31,32,0,0
2025,2025-02-01,Eastbound,Light Vehicles,476,314,227,152,132,324,823,1172,1404,1724,1657,1922,2001,1952,1903,1849,1863,1847,1750,1362,1066,1089,1058,932,0,0
2025,2025-02-01,Eastbound,All Vehicles,495,325,232,166,145,364,938,1335,1496,1844,1780,2082,2150,2085,1998,1943,1982,1938,1810,1413,1105,1113,1089,964,0,0
2025,2025-02-02,Eastbound,Heavy Vehicles,9,11,8,8,8,11,28,46,51,76,92,92,121,90,79,91,66,,,,,,,,0,0
2025,2025-02-02,Eastbound,Light Vehicles,679,512,312,211,159,221,397,745,1078,1477,1781,2064,2006,1994,1866,1746,1745,,,,,,,,0,0
2025,2025-02-02,Eastbound,All Vehicles,688,523,320,219,167,232,425,791,1129,1553,1873,2156,2127,2084,1945,1837,1811,,,,,,,,0,0
2025,2025-02-03,Westbound,Light Vehicles,214,116,75,87,170,613,1301,2531,3006,2387,2066,1966,2079,1997,2326,2679,2630,2580,1927,1425,1203,892,538,254,0,0
2025,2025-02-03,Westbound,Heavy Vehicles,7,4,9,14,23,53,107,173,234,256,283,324,272,280,287,328,252,145,77,63,45,20,20,8,0,0
2025,2025-02-03,Westbound,All Vehicles,221,120,84,101,193,666,1408,2704,3240,2643,2349,2290,2351,2277,2613,3007,2882,2725,2004,1488,1248,912,558,262,0,0
2025,2025-02-04,Westbound,Heavy Vehicles,6,6,1,7,9,33,75,151,200,277,303,356,301,310,285,349,256,174,116,53,44,37,22,12,0,0
2025,2025-02-04,Westbound,Light Vehicles,114,82,40,45,155,568,1324,2568,2959,2680,2229,2187,2160,2204,2396,2838,2730,2731,2062,1653,1363,1115,697,308,0,0
2025,2025-02-04,Westbound,All Vehicles,120,88,41,52,164,601,1399,2719,3159,2957,2532,2543,2461,2514,2681,3187,2986,2905,2178,1706,1407,1152,719,320,0,0
2025,2025-02-05,Eastbound,Heavy Vehicles,,,,,34,78,382,340,209,275,273,263,230,209,180,158,150,143,121,51,44,28,10,13,0,0
2025,2025-02-05,Eastbound,Light Vehicles,,,,,102,565,1698,1643,1699,1700,1779,1635,1688,1547,1764,1252,1495,2047,2021,1216,1004,971,636,369,0,0
2025,2025-02-05,Westbound,Heavy Vehicles,11,11,7,13,,,,,,,314,298,307,314,326,336,252,168,91,67,39,28,20,9,0,0
2025,2025-02-05,Westbound,Light Vehicles,183,99,83,71,,,,,,,2240,2255,2349,2285,2471,2709,2665,2521,2142,1493,1239,1183,762,427,0,0
2025,2025-02-05,Eastbound,All Vehicles,,,,,136,643,2080,1983,1908,1975,2052,1898,1918,1756,1944,1410,1645,2190,2142,1267,1048,999,646,382,0,0
2025,2025-02-05,Westbound,All Vehicles,194,110,90,84,,,,,,,2554,2553,2656,2599,2797,3045,2917,2689,2233,1560,1278,1211,782,436,0,0
2025,2025-02-06,Eastbound,Heavy Vehicles,11,6,7,11,33,111,376,353,219,298,309,232,213,196,181,154,129,,,,,,,,0,0
2025,2025-02-06,Eastbound,Light Vehicles,210,199,69,57,89,570,1708,1837,1682,1652,1738,1632,1691,1577,1839,1436,1964,,,,,,,,0,0
2025,2025-02-06,Eastbound,All Vehicles,221,205,76,68,122,681,2084,2190,1901,1950,2047,1864,1904,1773,2020,1590,2093,,,,,,,,0,0
2025,2025-02-07,Eastbound,Heavy Vehicles,,,,,19,107,389,334,279,296,281,246,227,214,220,178,175,128,118,57,41,40,37,18,0,0
2025,2025-02-07,Westbound,Light Vehicles,277,164,139,100,189,650,1451,2583,2782,2545,2367,2321,2492,2553,2606,2544,2444,2335,2400,1985,1620,1388,1203,1014,0,0
2025,2025-02-07,Westbound,Heavy Vehicles,8,7,13,15,19,69,144,229,219,270,334,354,302,301,327,298,217,167,116,84,57,28,18,15,0,0
2025,2025-02-07,Eastbound,Light Vehicles,,,,,110,591,1759,1852,1690,1830,1829,1815,1789,1744,1832,1841,1808,1699,1710,1499,1107,1103,1044,631,0,0
2025,2025-02-07,Eastbound,All Vehicles,,,,,129,698,2148,2186,1969,2126,2110,2061,2016,1958,2052,2019,1983,1827,1828,1556,1148,1143,1081,649,0,0
2025,2025-02-07,Westbound,All Vehicles,285,171,152,115,208,719,1595,2812,3001,2815,2701,2675,2794,2854,2933,2842,2661,2502,2516,2069,1677,1416,1221,1029,0,0
2025,2025-02-08,Eastbound,Heavy Vehicles,18,5,7,11,21,32,119,165,137,174,176,146,145,154,116,99,93,75,75,57,42,28,17,22,0,0
2025,2025-02-08,Eastbound,Light Vehicles,426,329,215,175,179,325,913,1401,1720,1921,1962,1913,1906,2055,1990,1941,1841,1804,1977,1402,1183,1128,1208,975,0,0
2025,2025-02-08,Eastbound,All Vehicles,444,334,222,186,200,357,1032,1566,1857,2095,2138,2059,2051,2209,2106,2040,1934,1879,2052,1459,1225,1156,1225,997,0,0
2025,2025-02-10,Westbound,Heavy Vehicles,,,,,24,54,161,194,202,313,314,344,187,321,282,323,198,147,69,50,40,19,30,16,0,0
2025,2025-02-10,Eastbound,Light Vehicles,158,130,76,53,115,497,1672,1707,1607,1600,1493,1451,769,1514,1683,1544,1753,2008,1605,1040,745,712,409,199,0,0
2025,2025-02-10,Eastbound,Heavy Vehicles,10,5,8,15,13,91,422,338,226,276,296,238,131,176,197,122,104,101,74,43,31,31,16,13,0,0
2025,2025-02-10,Westbound,Light Vehicles,,,,,194,651,1455,2468,2709,2597,2161,2154,866,1989,2107,2472,2380,2436,1735,1229,980,882,492,249,0,0
2025,2025-02-10,Westbound,All Vehicles,,,,,218,705,1616,2662,2911,2910,2475,2498,1053,2310,2389,2795,2578,2583,1804,1279,1020,901,522,265,0,0
2025,2025-02-10,Eastbound,All Vehicles,168,135,84,68,128,588,2094,2045,1833,1876,1789,1689,900,1690,1880,1666,1857,2109,1679,1083,776,743,425,212,0,0
2025,2025-02-11,Westbound,Light Vehicles,155,113,64,49,167,693,1563,2789,2959,2623,2140,2208,2147,2105,2364,2507,2324,2623,2129,1496,1255,1011,664,340,0,0
2025,2025-02-11,Westbound,Heavy Vehicles,6,7,9,12,17,56,163,210,226,268,310,342,361,342,332,316,211,201,73,46,53,27,26,23,0,0
2025,2025-02-11,Westbound,All Vehicles,161,120,73,61,184,749,1726,2999,3185,2891,2450,2550,2508,2447,2696,2823,2535,2824,2202,1542,1308,1038,690,363,0,0
2025,2025-02-12,Eastbound,Heavy Vehicles,8,12,7,13,35,100,416,315,263,287,282,285,242,191,196,134,136,151,135,59,39,41,18,14,0,0
2025,2025-02-12,Eastbound,Light Vehicles,146,85,65,73,98,548,1723,1844,1683,1627,1692,1633,1655,1598,1737,1664,1801,2067,2045,1399,1050,1125,711,502,0,0
2025,2025-02-12,Eastbound,All Vehicles,154,97,72,86,133,648,2139,2159,1946,1914,1974,1918,1897,1789,1933,1798,1937,2218,2180,1458,1089,1166,729,516,0,0
2025,2025-02-14,Westbound,Light Vehicles,2,4,2,1,8,51,177,311,377,307,238,215,305,281,257,245,,,,,,,,,0,0
2025,2025-02-14,Westbound,Heavy Vehicles,,,,,2,4,10,18,20,29,17,31,29,20,23,30,,,,,,,,,0,0
2025,2025-02-14,Eastbound,Light Vehicles,230,117,109,66,86,434,1014,1097,1071,1026,1030,,,,,,,1245,1261,1084,899,693,669,517,0,0
2025,2025-02-14,Eastbound,Heavy Vehicles,7,4,6,7,32,71,288,216,160,159,210,,,,,,,69,55,48,47,17,19,15,0,0
2025,2025-02-14,Westbound,All Vehicles,2,4,2,1,10,55,187,329,397,336,255,246,334,301,280,275,,,,,,,,,0,0
2025,2025-02-14,Eastbound,All Vehicles,237,121,115,73,118,505,1302,1313,1231,1185,1240,,,,,,,1314,1316,1132,946,710,688,532,0,0
2025,2025-02-15,Eastbound,Heavy Vehicles,3,2,2,2,1,9,27,23,18,21,27,22,23,18,15,15,11,,,,,,,,0,0
2025,2025-02-15,Eastbound,Light Vehicles,18,19,7,4,11,41,137,141,186,298,271,344,369,428,315,239,274,,,,,,,,0,0
2025,2025-02-15,Eastbound,All Vehicles,21,21,9,6,12,50,164,164,204,319,298,366,392,446,330,254,285,,,,,,,,0,0
2025,2025-02-16,Eastbound,Light Vehicles,,,,,164,220,376,688,1067,1529,1629,1904,2112,1854,1863,1883,1790,,,,,,,,0,0
2025,2025-02-16,Eastbound,Heavy Vehicles,,,,,12,10,23,53,55,78,77,82,104,80,80,82,68,,,,,,,,0,0
2025,2025-02-16,Eastbound,All Vehicles,,,,,176,230,399,741,1122,1607,1706,1986,2216,1934,1943,1965,1858,,,,,,,,0,0
2025,2025-02-17,Westbound,Light Vehicles,227,123,86,70,183,613,1532,2823,3039,2346,2092,2097,2063,2097,2423,2672,2588,2518,2037,1488,1223,912,504,338,0,0
2025,2025-02-17,Westbound,Heavy Vehicles,9,10,16,12,22,57,169,169,220,278,256,333,296,301,304,390,237,166,94,57,53,34,25,16,0,0
2025,2025-02-17,Westbound,All Vehicles,236,133,102,82,205,670,1701,2992,3259,2624,2348,2430,2359,2398,2727,3062,2825,2684,2131,1545,1276,946,529,354,0,0
2025,2025-02-18,Westbound,Light Vehicles,175,90,58,49,163,701,1659,2983,3104,2669,2153,2211,2229,2191,2524,2690,2667,2669,2154,1562,1299,1069,663,378,0,0
2025,2025-02-18,Westbound,Heavy Vehicles,13,5,8,17,20,62,197,177,213,274,284,331,307,326,349,378,230,148,85,86,51,32,20,24,0,0
2025,2025-02-18,Westbound,All Vehicles,188,95,66,66,183,763,1856,3160,3317,2943,2437,2542,2536,2517,2873,3068,2897,2817,2239,1648,1350,1101,683,402,0,0
2025,2025-02-19,Eastbound,Light Vehicles,130,72,42,56,122,583,1717,1766,1689,1729,1680,1613,1636,1591,1817,1652,2034,2025,2124,1260,1058,1013,790,412,0,0
2025,2025-02-19,Eastbound,Heavy Vehicles,11,3,2,15,36,83,388,368,242,276,307,227,222,206,175,165,138,109,104,51,56,33,10,27,0,0
2025,2025-02-19,Eastbound,All Vehicles,141,75,44,71,158,666,2105,2134,1931,2005,1987,1840,1858,1797,1992,1817,2172,2134,2228,1311,1114,1046,800,439,0,0
2025,2025-02-20,Eastbound,Light Vehicles,326,165,69,65,92,574,1716,1900,1667,1599,1602,1629,1654,1456,1701,1732,1996,2100,2219,1280,1090,965,681,496,0,0
2025,2025-02-20,Eastbound,Heavy Vehicles,17,1,8,17,25,117,419,331,238,272,245,254,223,201,167,146,136,107,102,48,35,30,25,19,0,0
2025,2025-02-20,Eastbound,All Vehicles,343,166,77,82,117,691,2135,2231,1905,1871,1847,1883,1877,1657,1868,1878,2132,2207,2321,1328,1125,995,706,515,0,0
2025,2025-02-21,Westbound,Heavy Vehicles,11,12,10,13,20,65,160,210,256,,306,318,309,326,291,300,220,177,125,42,,35,28,17,0,0
2025,2025-02-21,Westbound,Light Vehicles,317,186,121,115,170,677,1447,2561,2975,,2333,2481,2515,2501,2598,2797,2724,2568,2379,1816,,1442,1226,835,0,0
2025,2025-02-21,Westbound,All Vehicles,328,198,131,128,190,742,1607,2771,3231,,2639,2799,2824,2827,2889,3097,2944,2745,2504,1858,,1477,1254,852,0,0
2025,2025-02-22,Eastbound,Light Vehicles,431,285,189,167,154,331,853,1403,1626,1887,2130,2160,2166,2170,2097,1957,1975,1911,1834,1406,1194,1197,1222,942,0,0
2025,2025-02-22,Eastbound,Heavy Vehicles,9,7,6,13,18,36,113,164,135,142,138,138,158,122,96,88,80,76,72,46,32,32,26,23,0,0
2025,2025-02-22,Eastbound,All Vehicles,440,292,195,180,172,367,966,1567,1761,2029,2268,2298,2324,2292,2193,2045,2055,1987,1906,1452,1226,1229,1248,965,0,0
2025,2025-02-25,Eastbound,Light Vehicles,111,58,43,52,112,559,1748,1944,1614,1668,1592,1455,1459,1485,1665,1723,1961,,,,,,,,0,0
2025,2025-02-25,Eastbound,Heavy Vehicles,8,3,1,8,37,93,398,334,229,288,261,235,219,198,176,149,123,,,,,,,,0,0
2025,2025-02-25,Westbound,Light Vehicles,146,83,55,63,164,717,1613,2882,3182,2567,2120,,2081,2111,2303,2797,2646,2453,2147,1471,1172,979,776,,0,0
2025,2025-02-25,Westbound,Heavy Vehicles,8,8,4,13,17,64,184,199,228,280,330,,327,335,317,383,272,143,83,59,41,31,21,,0,0
2025,2025-02-25,Eastbound,All Vehicles,119,61,44,60,149,652,2146,2278,1843,1956,1853,1690,1678,1683,1841,1872,2084,,,,,,,,0,0
2025,2025-02-25,Westbound,All Vehicles,154,91,59,76,181,781,1797,3081,3410,2847,2450,,2408,2446,2620,3180,2918,2596,2230,1530,1213,1010,797,,0,0
2025,2025-02-26,Westbound,Heavy Vehicles,14,4,11,13,,,,,,,297,307,308,336,294,354,272,198,121,73,50,33,37,11,0,0
2025,2025-02-26,Eastbound,Light Vehicles,,,,,113,541,1747,1928,1764,1703,1693,1668,1712,1604,1849,1702,2014,2243,1993,1305,1091,1036,803,391,0,0
2025,2025-02-26,Eastbound,Heavy Vehicles,,,,,28,101,438,366,216,285,250,225,250,217,160,179,133,131,101,49,47,30,18,11,0,0
2025,2025-02-26,Westbound,Light Vehicles,192,92,73,73,,,,,,,2245,2282,2331,2203,2505,2746,2697,2658,2470,1763,1468,1305,927,500,0,0
2025,2025-02-26,Westbound,All Vehicles,206,96,84,86,,,,,,,2542,2589,2639,2539,2799,3100,2969,2856,2591,1836,1518,1338,964,511,0,0
2025,2025-02-26,Eastbound,All Vehicles,,,,,141,642,2185,2294,1980,1988,1943,1893,1962,1821,2009,1881,2147,2374,2094,1354,1138,1066,821,402,0,0
2025,2025-02-27,Westbound,Light Vehicles,276,227,93,66,165,676,1537,2815,3167,2741,2316,,,,,,2815,2711,2508,,1777,1457,1010,565,0,0
2025,2025-02-27,Westbound,Heavy Vehicles,10,4,6,18,21,67,188,219,196,280,308,,,,,,266,177,122,,61,46,39,24,0,0
2025,2025-02-27,Westbound,All Vehicles,286,231,99,84,186,743,1725,3034,3363,3021,2624,,,,,,3081,2888,2630,,1838,1503,1049,589,0,0
2025,2025-02-28,Westbound,Light Vehicles,316,170,147,98,190,684,1479,2623,2952,,2402,2428,2608,2607,2756,2821,2912,2788,2748,2322,1760,1632,1614,992,0,0
2025,2025-02-28,Westbound,Heavy Vehicles,3,7,7,17,20,61,162,204,231,,329,359,307,337,313,352,257,170,125,93,50,60,55,19,0,0
2025,2025-02-28,Westbound,All Vehicles,319,177,154,115,210,745,1641,2827,3183,,2731,2787,2915,2944,3069,3173,3169,2958,2873,2415,1810,1692,1669,1011,0,0
2025,2025-03-01,Westbound,Heavy Vehicles,3,1,2,9,4,13,18,41,51,50,69,44,56,60,45,52,44,38,,26,13,27,,9,0,0
2025,2025-03-01,Westbound,Light Vehicles,226,128,88,60,67,146,353,499,748,921,975,1063,892,918,1007,928,965,986,,811,655,588,,481,0,0
2025,2025-03-01,Westbound,All Vehicles,229,129,90,69,71,159,371,540,799,971,1044,1107,948,978,1052,980,1009,1024,,837,668,615,,490,0,0
2025,2025-03-02,Westbound,Light Vehicles,1220,845,604,376,230,267,461,760,1286,1789,2348,2496,2613,2635,,2475,2431,2350,1943,1292,,878,,365,0,0
2025,2025-03-02,Westbound,Heavy Vehicles,31,18,10,18,7,23,33,36,50,58,90,106,91,105,,92,72,96,65,43,,33,,15,0,0
2025,2025-03-02,Westbound,All Vehicles,1251,863,614,394,237,290,494,796,1336,1847,2438,2602,2704,2740,,2567,2503,2446,2008,1335,,911,,380,0,0
2025,2025-03-03,Eastbound,Light Vehicles,5,8,4,2,6,37,197,279,291,244,200,,,,,,,335,207,122,82,51,26,21,0,0
2025,2025-03-03,Eastbound,Heavy Vehicles,3,2,2,,2,11,50,55,27,32,35,,,,,,,15,12,11,4,6,5,2,0,0
2025,2025-03-03,Eastbound,All Vehicles,8,10,6,2,8,48,247,334,318,276,235,,,,,,,350,219,133,86,57,31,23,0,0
2025,2025-03-04,Westbound,Heavy Vehicles,7,5,14,8,19,68,184,186,238,244,295,334,317,313,333,365,276,189,83,56,44,43,21,18,0,0
2025,2025-03-04,Westbound,Light Vehicles,170,92,68,57,141,656,1606,2931,3185,2703,2109,2217,2070,2136,2347,2618,2546,2553,2049,1451,1158,980,599,341,0,0
2025,2025-03-04,Westbound,All Vehicles,177,97,82,65,160,724,1790,3117,3423,2947,2404,2551,2387,2449,2680,2983,2822,2742,2132,1507,1202,1023,620,359,0,0
2025,2025-03-05,Eastbound,Heavy Vehicles,1,2,,1,1,11,60,50,23,41,37,26,30,32,22,22,34,16,10,7,3,1,,1,0,0
2025,2025-03-05,Eastbound,Light Vehicles,4,6,1,2,4,33,176,233,246,198,174,188,202,176,200,225,273,272,213,124,22,9,8,3,0,0
2025,2025-03-05,Westbound,Light Vehicles,160,91,68,58,154,618,1429,2499,2773,2238,1964,2072,2084,1928,2196,2384,2460,2420,2184,1525,1277,1083,746,450,0,0
2025,2025-03-05,Westbound,Heavy Vehicles,4,4,7,17,21,52,167,158,224,231,262,302,319,289,322,356,254,161,114,71,53,39,16,18,0,0
2025,2025-03-05,Eastbound,All Vehicles,5,8,1,3,5,44,236,283,269,239,211,214,232,208,222,247,307,288,223,131,25,10,8,4,0,0
2025,2025-03-05,Westbound,All Vehicles,164,95,75,75,175,670,1596,2657,2997,2469,2226,2374,2403,2217,2518,2740,2714,2581,2298,1596,1330,1122,762,468,0,0
2025,2025-03-06,Westbound,Heavy Vehicles,,,,2,,4,20,18,17,25,23,36,21,19,27,26,9,,,,,,,,0,0
2025,2025-03-06,Westbound,Light Vehicles,8,5,3,2,12,61,164,329,399,295,197,231,172,172,222,258,261,,,,,,,,0,0
2025,2025-03-06,Westbound,All Vehicles,8,5,3,4,12,65,184,347,416,320,220,267,193,191,249,284,270,,,,,,,,0,0
2025,2025-03-07,Eastbound,Light Vehicles,256,157,120,66,129,565,1744,1999,1860,1717,1770,1854,1859,1668,1974,1773,2117,2200,2115,1410,1009,956,922,752,0,0
2025,2025-03-07,Westbound,Light Vehicles,,,,,171,644,1449,2565,2893,2622,2349,2380,2596,2445,2566,2793,2807,2789,2576,,1412,,1493,1248,0,0
2025,2025-03-07,Westbound,Heavy Vehicles,,,,,29,64,166,193,245,268,301,352,289,318,346,334,236,185,114,,45,,34,35,0,0
2025,2025-03-07,Eastbound,Heavy Vehicles,14,11,12,7,31,95,404,372,252,268,277,226,217,208,216,163,143,144,116,66,57,38,30,19,0,0
2025,2025-03-07,Eastbound,All Vehicles,270,168,132,73,160,660,2148,2371,2112,1985,2047,2080,2076,1876,2190,1936,2260,2344,2231,1476,1066,994,952,771,0,0
2025,2025-03-07,Westbound,All Vehicles,,,,,200,708,1615,2758,3138,2890,2650,2732,2885,2763,2912,3127,3043,2974,2690,,1457,,1527,1283,0,0
2025,2025-03-08,Westbound,Heavy Vehicles,4,4,2,6,5,8,17,32,36,41,52,,60,54,45,27,37,,,,,,,,0,0
2025,2025-03-08,Westbound,Light Vehicles,167,110,63,49,44,85,256,444,683,958,1048,,1146,1137,1118,983,984,,,,,,,,0,0
2025,2025-03-08,Westbound,All Vehicles,171,114,65,55,49,93,273,476,719,999,1100,,1206,1191,1163,1010,1021,,,,,,,,0,0
2025,2025-03-09,Eastbound,Light Vehicles,599,357,308,218,118,131,296,497,721,1018,1172,1335,1520,1354,1347,1289,1240,1183,1031,779,653,504,332,199,0,0
2025,2025-03-09,Westbound,Heavy Vehicles,,,,,7,21,16,45,50,72,91,95,86,80,72,81,81,71,60,48,41,35,16,11,0,0
2025,2025-03-09,Westbound,Light Vehicles,,,,,211,213,398,734,1231,1874,2121,2385,2657,2398,2398,2335,2369,2481,1873,1337,1178,856,541,320,0,0
2025,2025-03-09,Eastbound,Heavy Vehicles,15,8,4,7,7,8,17,32,39,55,67,55,74,83,62,52,66,49,41,25,27,22,10,8,0,0
2025,2025-03-09,Eastbound,All Vehicles,614,365,312,225,125,139,313,529,760,1073,1239,1390,1594,1437,1409,1341,1306,1232,1072,804,680,526,342,207,0,0
2025,2025-03-09,Westbound,All Vehicles,,,,,218,234,414,779,1281,1946,2212,2480,2743,2478,2470,2416,2450,2552,1933,1385,1219,891,557,331,0,0
2025,2025-03-10,Eastbound,Heavy Vehicles,,,,3,2,7,42,29,28,30,31,24,28,18,24,26,22,8,14,8,4,6,3,1,0,0
2025,2025-03-10,Eastbound,Light Vehicles,5,2,1,3,9,32,175,232,305,205,180,192,156,193,220,244,304,295,203,106,52,31,19,7,0,0
2025,2025-03-10,Eastbound,All Vehicles,5,2,1,6,11,39,217,261,333,235,211,216,184,211,244,270,326,303,217,114,56,37,22,8,0,0
2025,2025-03-11,Westbound,Heavy Vehicles,7,7,12,11,21,41,139,192,188,291,321,311,310,289,301,331,215,131,85,60,45,29,21,13,0,0
2025,2025-03-11,Westbound,Light Vehicles,124,71,70,50,154,652,1586,2840,3168,2643,2099,2103,2054,2121,2239,2535,2561,2382,2004,1334,1168,963,645,331,0,0
2025,2025-03-11,Westbound,All Vehicles,131,78,82,61,175,693,1725,3032,3356,2934,2420,2414,2364,2410,2540,2866,2776,2513,2089,1394,1213,992,666,344,0,0
2025,2025-03-12,Eastbound,Light Vehicles,,,,,6,40,184,328,277,235,236,,,,,,,380,306,146,78,72,39,12,0,0
2025,2025-03-12,Eastbound,Heavy Vehicles,,,,,3,13,51,44,29,38,33,,,,,,,26,13,13,4,4,2,1,0,0
2025,2025-03-12,Westbound,Heavy Vehicles,6,6,11,,,,,,,,269,305,297,292,324,340,270,173,87,62,38,37,27,13,0,0
2025,2025-03-12,Westbound,Light Vehicles,158,121,70,,,,,,,,2005,1985,2053,2059,2202,2326,2504,2401,2096,1461,1273,1130,791,444,0,0
2025,2025-03-12,Eastbound,All Vehicles,,,,,9,53,235,372,306,273,269,,,,,,,406,319,159,82,76,41,13,0,0
2025,2025-03-12,Westbound,All Vehicles,164,127,81,,,,,,,,2274,2290,2350,2351,2526,2666,2774,2574,2183,1523,1311,1167,818,457,0,0
2025,2025-03-13,Westbound,Light Vehicles,230,209,96,77,171,673,1590,2716,3103,2644,2228,2254,2394,2406,2637,2759,2846,2783,2495,1866,1583,1370,1001,570,0,0
2025,2025-03-13,Westbound,Heavy Vehicles,9,6,7,17,19,72,168,178,215,255,291,328,310,321,356,358,301,174,114,64,52,50,24,17,0,0
2025,2025-03-13,Westbound,All Vehicles,239,215,103,94,190,745,1758,2894,3318,2899,2519,2582,2704,2727,2993,3117,3147,2957,2609,1930,1635,1420,1025,587,0,0
2025,2025-03-14,Eastbound,Light Vehicles,11,4,6,5,6,39,140,210,272,257,292,330,314,227,289,341,321,,,,,,,,0,0
2025,2025-03-14,Eastbound,Heavy Vehicles,2,4,,3,2,11,43,46,39,43,42,33,28,36,28,31,14,,,,,,,,0,0
2025,2025-03-14,Eastbound,All Vehicles,13,8,6,8,8,50,183,256,311,300,334,363,342,263,317,372,335,,,,,,,,0,0
2025,2025-03-17,Eastbound,Heavy Vehicles,11,2,3,7,,,,,,,,162,157,179,167,107,101,94,77,40,32,30,34,24,0,0
2025,2025-03-17,Eastbound,Light Vehicles,126,85,72,56,,,,,,,,1139,1173,1089,1241,1187,1546,1618,1289,862,642,541,372,182,0,0
2025,2025-03-17,Eastbound,All Vehicles,137,87,75,63,,,,,,,,1301,1330,1268,1408,1294,1647,1712,1366,902,674,571,406,206,0,0
2025,2025-03-18,Eastbound,Light Vehicles,70,77,54,47,99,559,1710,1887,1602,1534,1603,1582,1580,1467,1691,1720,1935,2181,1918,1154,960,861,580,264,0,0
2025,2025-03-18,Eastbound,Heavy Vehicles,15,8,1,18,28,98,427,375,230,296,278,239,219,195,181,160,133,143,100,40,32,30,35,31,0,0
2025,2025-03-18,Westbound,Light Vehicles,122,78,78,67,157,649,1551,2772,3165,2680,2181,2018,2233,2124,2539,2719,2708,2560,1999,1486,1198,1028,670,,0,0
2025,2025-03-18,Westbound,Heavy Vehicles,31,9,9,21,24,60,162,205,222,277,307,355,313,345,350,435,258,195,91,62,40,35,36,,0,0
2025,2025-03-18,Eastbound,All Vehicles,85,85,55,65,127,657,2137,2262,1832,1830,1881,1821,1799,1662,1872,1880,2068,2324,2018,1194,992,891,615,295,0,0
2025,2025-03-18,Westbound,All Vehicles,153,87,87,88,181,709,1713,2977,3387,2957,2488,2373,2546,2469,2889,3154,2966,2755,2090,1548,1238,1063,706,,0,0
2025,2025-03-19,Eastbound,Heavy Vehicles,5,4,1,3,8,14,110,88,62,81,59,,,,,,,33,23,10,14,8,7,6,0,0
2025,2025-03-19,Eastbound,Light Vehicles,24,18,12,15,17,127,465,536,450,474,447,,,,,,,577,495,297,231,217,186,76,0,0
2025,2025-03-19,Eastbound,All Vehicles,29,22,13,18,25,141,575,624,512,555,506,,,,,,,610,518,307,245,225,193,82,0,0
2025,2025-03-20,Westbound,Heavy Vehicles,25,8,9,17,26,68,175,188,232,266,278,330,325,292,358,366,259,194,113,72,58,42,48,33,0,0
2025,2025-03-20,Westbound,Light Vehicles,240,207,79,79,154,708,1535,2785,3211,2719,2217,2348,2471,2241,2612,2822,2871,2792,2518,1875,1558,1305,1048,677,0,0
2025,2025-03-20,Westbound,All Vehicles,265,215,88,96,180,776,1710,2973,3443,2985,2495,2678,2796,2533,2970,3188,3130,2986,2631,1947,1616,1347,1096,710,0,0
2025,2025-03-21,Westbound,Heavy Vehicles,23,19,11,21,24,70,163,199,257,283,328,362,334,324,324,348,231,169,101,74,,35,27,16,0,0
2025,2025-03-21,Eastbound,Heavy Vehicles,23,9,10,10,31,89,417,371,264,272,276,269,212,210,176,158,165,127,94,57,38,30,22,25,0,0
2025,2025-03-21,Eastbound,Light Vehicles,247,132,134,89,112,557,1697,1938,1827,1676,1639,1756,1539,1571,1604,1891,2021,2183,1967,1328,1064,958,973,694,0,0
2025,2025-03-21,Westbound,Light Vehicles,317,156,132,107,178,669,1453,2506,2861,2583,2489,2373,2547,2401,2583,2714,2843,2724,2400,1856,,1415,1261,959,0,0
2025,2025-03-21,Westbound,All Vehicles,340,175,143,128,202,739,1616,2705,3118,2866,2817,2735,2881,2725,2907,3062,3074,2893,2501,1930,,1450,1288,975,0,0
2025,2025-03-21,Eastbound,All Vehicles,270,141,144,99,143,646,2114,2309,2091,1948,1915,2025,1751,1781,1780,2049,2186,2310,2061,1385,1102,988,995,719,0,0
2025,2025-03-22,Westbound,Light Vehicles,406,271,207,133,112,202,671,1001,1343,1801,1973,2031,2078,2119,,1863,1911,1937,1772,1409,979,1066,1150,900,0,0
2025,2025-03-22,Westbound,Heavy Vehicles,10,11,5,10,7,25,49,100,88,111,95,116,111,119,,88,71,56,54,37,32,20,26,25,0,0
2025,2025-03-22,Westbound,All Vehicles,416,282,212,143,119,227,720,1101,1431,1912,2068,2147,2189,2238,,1951,1982,1993,1826,1446,1011,1086,1176,925,0,0
2025,2025-03-23,Eastbound,Heavy Vehicles,13,10,5,10,7,15,25,39,48,77,79,87,78,81,76,61,71,62,56,42,29,18,18,10,0,0
2025,2025-03-23,Eastbound,Light Vehicles,647,442,340,227,178,200,339,558,842,1239,1510,1719,1838,1758,1718,1601,1594,1494,1223,948,773,691,438,230,0,0
2025,2025-03-23,Eastbound,All Vehicles,660,452,345,237,185,215,364,597,890,1316,1589,1806,1916,1839,1794,1662,1665,1556,1279,990,802,709,456,240,0,0
2025,2025-03-24,Eastbound,Light Vehicles,7,6,,4,9,27,208,292,287,209,205,170,174,164,211,225,253,284,217,87,65,50,25,7,0,0
2025,2025-03-24,Eastbound,Heavy Vehicles,1,1,,2,3,6,50,39,23,41,21,33,28,19,28,17,17,20,15,7,6,4,3,1,0,0
2025,2025-03-24,Eastbound,All Vehicles,8,7,,6,12,33,258,331,310,250,226,203,202,183,239,242,270,304,232,94,71,54,28,8,0,0
2025,2025-03-25,Eastbound,Heavy Vehicles,7,7,7,13,26,85,432,368,232,278,276,238,236,199,189,155,119,114,90,55,46,17,11,15,0,0
2025,2025-03-25,Westbound,Heavy Vehicles,10,9,9,13,17,50,171,192,224,270,320,334,309,311,348,374,242,164,81,55,38,34,20,14,0,0
2025,2025-03-25,Eastbound,Light Vehicles,104,64,43,52,110,568,1692,1838,1694,1587,1535,1490,1514,1561,1760,1679,1920,2216,2011,1249,882,800,521,274,0,0
2025,2025-03-25,Westbound,Light Vehicles,143,62,69,45,166,659,1581,2827,3180,2701,2195,2194,2217,2088,2487,2764,2484,2604,2086,1450,1257,989,625,339,0,0
2025,2025-03-25,Eastbound,All Vehicles,111,71,50,65,136,653,2124,2206,1926,1865,1811,1728,1750,1760,1949,1834,2039,2330,2101,1304,928,817,532,289,0,0
2025,2025-03-25,Westbound,All Vehicles,153,71,78,58,183,709,1752,3019,3404,2971,2515,2528,2526,2399,2835,3138,2726,2768,2167,1505,1295,1023,645,353,0,0
2025,2025-03-26,Westbound,Heavy Vehicles,7,11,6,13,15,32,117,139,140,180,208,211,209,196,241,241,167,119,70,40,39,20,13,15,0,0
2025,2025-03-26,Westbound,Light Vehicles,102,73,40,30,78,395,898,1703,1930,1704,1360,1481,1462,1452,1554,1769,1813,1823,1612,1002,783,694,477,296,0,0
2025,2025-03-26,Westbound,All Vehicles,109,84,46,43,93,427,1015,1842,2070,1884,1568,1692,1671,1648,1795,2010,1980,1942,1682,1042,822,714,490,311,0,0
2025,2025-03-27,Westbound,Light Vehicles,255,207,78,70,153,626,1482,2772,3139,2737,2063,2223,2213,2255,2443,2687,2636,2784,2283,1697,1431,1229,1012,522,0,0
2025,2025-03-27,Eastbound,Heavy Vehicles,10,6,8,12,34,93,420,328,245,259,287,246,244,184,191,166,134,,,,,,,,0,0
2025,2025-03-27,Westbound,Heavy Vehicles,12,16,7,18,23,57,165,191,229,263,280,319,324,355,343,362,271,168,107,61,64,30,27,23,0,0
2025,2025-03-27,Eastbound,Light Vehicles,203,157,72,63,113,530,1808,1870,1725,1643,1642,1635,1668,1470,1759,1623,2071,,,,,,,,0,0
2025,2025-03-27,Westbound,All Vehicles,267,223,85,88,176,683,1647,2963,3368,3000,2343,2542,2537,2610,2786,3049,2907,2952,2390,1758,1495,1259,1039,545,0,0
2025,2025-03-27,Eastbound,All Vehicles,213,163,80,75,147,623,2228,2198,1970,1902,1929,1881,1912,1654,1950,1789,2205,,,,,,,,0,0
2025,2025-03-28,Eastbound,Heavy Vehicles,,,,,25,95,356,313,242,289,247,249,210,186,172,160,124,107,91,48,38,39,29,20,0,0
2025,2025-03-28,Eastbound,Light Vehicles,,,,,114,541,1627,1909,1809,1658,1623,1652,1839,1718,1873,1802,2082,2254,2003,1233,1034,1051,1012,809,0,0
2025,2025-03-28,Eastbound,All Vehicles,,,,,139,636,1983,2222,2051,1947,1870,1901,2049,1904,2045,1962,2206,2361,2094,1281,1072,1090,1041,829,0,0
