year,date,cardinal_direction_seq,classification_seq,hour_00,hour_01,hour_02,hour_03,hour_04,hour_05,hour_06,hour_07,hour_08,hour_09,hour_10,hour_11,hour_12,hour_13,hour_14,hour_15,hour_16,hour_17,hour_18,hour_19,hour_20,hour_21,hour_22,hour_23,public_holiday,school_holiday
2024,2024-01-01,Southbound,Heavy Vehicles,16,20,19,13,5,8,14,25,24,29,34,35,35,35,27,22,27,27,29,35,21,36,27,17,0,0
2024,2024-01-01,Southbound,Light Vehicles,565,911,547,290,254,157,299,306,312,516,651,749,806,793,822,766,846,829,655,592,548,482,445,290,0,0
2024,2024-01-01,Southbound,All Vehicles,581,931,566,303,259,165,313,331,336,545,685,784,841,828,849,788,873,856,684,627,569,518,472,307,0,0
2024,2024-01-02,Southbound,Heavy Vehicles,43,36,29,54,43,79,134,155,165,182,201,216,201,218,207,188,199,150,112,68,67,49,44,45,0,0
2024,2024-01-02,Southbound,Light Vehicles,443,245,196,168,203,496,1008,1666,1937,2222,2446,2465,2376,2316,2422,2625,2772,2819,2390,1714,1496,1380,1013,671,0,0
2024,2024-01-02,Southbound,All Vehicles,486,281,225,222,246,575,1142,1821,2102,2404,2647,2681,2577,2534,2629,2813,2971,2969,2502,1782,1563,1429,1057,716,0,0
2024,2024-01-03,Southbound,Heavy Vehicles,34,43,33,38,62,101,171,172,179,218,220,239,235,238,233,225,141,185,123,76,75,64,41,49,0,0
2024,2024-01-03,Southbound,Light Vehicles,473,256,198,170,247,576,1198,1723,2114,2260,2464,2426,2249,2370,2547,2799,3143,3186,2300,1640,1445,1333,1069,714,0,0
2024,2024-01-03,Southbound,All Vehicles,507,299,231,208,309,677,1369,1895,2293,2478,2684,2665,2484,2608,2780,3024,3284,3371,2423,1716,1520,1397,1110,763,0,0
2024,2024-01-04,Southbound,Heavy Vehicles,46,42,36,50,65,93,151,190,229,244,245,275,259,245,252,232,188,164,132,103,85,58,58,35,0,0
2024,2024-01-04,Southbound,Light Vehicles,448,287,189,170,238,551,1261,1705,2049,2109,2383,2543,2448,2450,2656,2932,2842,2952,2480,1724,1531,1489,1057,698,0,0
2024,2024-01-04,Southbound,All Vehicles,494,329,225,220,303,644,1412,1895,2278,2353,2628,2818,2707,2695,2908,3164,3030,3116,2612,1827,1616,1547,1115,733,0,0
2024,2024-01-05,Southbound,Heavy Vehicles,33,50,49,45,65,76,159,175,208,214,251,241,240,234,251,207,205,178,145,86,62,63,41,35,0,0
2024,2024-01-05,Southbound,Light Vehicles,485,288,166,190,237,583,1223,1627,1920,2317,2579,2767,2615,2532,2708,3010,3105,3323,2625,2017,1569,1587,1331,959,0,0
2024,2024-01-05,Southbound,All Vehicles,518,338,215,235,302,659,1382,1802,2128,2531,2830,3008,2855,2766,2959,3217,3310,3501,2770,2103,1631,1650,1372,994,0,0
2024,2024-01-06,Southbound,Heavy Vehicles,32,28,26,23,34,38,65,102,132,178,177,152,182,148,159,157,157,129,116,89,62,70,62,48,0,0
2024,2024-01-06,Southbound,Light Vehicles,670,405,284,244,265,557,1021,1436,1773,2697,3052,3087,2942,2780,2739,2860,3193,3203,2736,2017,1723,1680,1516,1079,0,0
2024,2024-01-06,Southbound,All Vehicles,702,433,310,267,299,595,1086,1538,1905,2875,3229,3239,3124,2928,2898,3017,3350,3332,2852,2106,1785,1750,1578,1127,0,0
2024,2024-01-07,Southbound,Heavy Vehicles,58,26,16,15,19,33,55,62,98,102,115,129,92,104,119,104,107,119,106,83,70,70,67,59,0,0
2024,2024-01-07,Southbound,Light Vehicles,689,432,292,220,198,308,646,845,1339,2140,2706,2919,2891,2766,2898,3003,3062,2967,2361,1961,1761,1668,1264,727,0,0
2024,2024-01-07,Southbound,All Vehicles,747,458,308,235,217,341,701,907,1437,2242,2821,3048,2983,2870,3017,3107,3169,3086,2467,2044,1831,1738,1331,786,0,0
2024,2024-01-08,Southbound,Heavy Vehicles,60,55,56,48,61,123,237,243,240,279,255,297,278,313,335,290,265,216,137,82,81,53,34,38,0,0
2024,2024-01-08,Southbound,Light Vehicles,392,228,130,142,275,750,1737,2468,2818,2287,2151,2343,2260,2263,2632,2890,2924,3110,2528,1597,1303,1162,868,520,0,0
2024,2024-01-08,Southbound,All Vehicles,452,283,186,190,336,873,1974,2711,3058,2566,2406,2640,2538,2576,2967,3180,3189,3326,2665,1679,1384,1215,902,558,0,0
2024,2024-01-09,Southbound,Light Vehicles,315,203,133,162,256,771,1766,2510,2843,2342,2267,2317,2235,2257,2600,3196,3066,3267,2668,1725,1477,1388,1099,614,0,0
2024,2024-01-09,Southbound,Heavy Vehicles,41,40,37,40,61,116,221,257,282,316,300,310,331,299,306,280,233,192,142,96,79,53,45,40,0,0
2024,2024-01-09,Southbound,All Vehicles,356,243,170,202,317,887,1987,2767,3125,2658,2567,2627,2566,2556,2906,3476,3299,3459,2810,1821,1556,1441,1144,654,0,0
2024,2024-01-10,Southbound,Light Vehicles,359,234,183,176,272,769,1781,2475,2882,2350,2303,2347,2223,2277,2645,3132,3033,3245,2650,1807,1437,1442,1104,665,0,0
2024,2024-01-10,Southbound,Heavy Vehicles,53,55,40,55,80,133,231,236,259,286,299,315,322,273,325,312,248,208,175,110,77,64,50,49,0,0
2024,2024-01-10,Southbound,All Vehicles,412,289,223,231,352,902,2012,2711,3141,2636,2602,2662,2545,2550,2970,3444,3281,3453,2825,1917,1514,1506,1154,714,0,0
2024,2024-01-11,Southbound,Light Vehicles,392,264,172,162,267,781,1726,2452,2916,2360,2389,2321,2358,2274,2707,3114,3148,3427,2792,2093,1664,1635,1183,692,0,0
2024,2024-01-11,Southbound,Heavy Vehicles,58,47,35,57,65,106,231,250,270,269,296,323,347,300,316,287,258,192,153,94,83,58,51,43,0,0
2024,2024-01-11,Southbound,All Vehicles,450,311,207,219,332,887,1957,2702,3186,2629,2685,2644,2705,2574,3023,3401,3406,3619,2945,2187,1747,1693,1234,735,0,0
2024,2024-01-12,Southbound,Heavy Vehicles,43,50,42,53,69,117,225,265,246,305,318,361,343,344,357,290,279,215,165,100,81,47,36,40,0,0
2024,2024-01-12,Southbound,Light Vehicles,397,271,185,175,291,745,1715,2216,2730,2402,2616,2617,2524,2619,2783,3107,3083,3268,3113,2060,1632,1528,1438,1031,0,0
2024,2024-01-12,Southbound,All Vehicles,440,321,227,228,360,862,1940,2481,2976,2707,2934,2978,2867,2963,3140,3397,3362,3483,3278,2160,1713,1575,1474,1071,0,0
2024,2024-01-13,Southbound,Light Vehicles,646,466,282,240,273,601,1150,1536,1953,2763,3191,3249,3283,3181,2991,3079,2947,3119,2946,2116,1893,1835,1723,1210,0,0
2024,2024-01-13,Southbound,Heavy Vehicles,32,25,22,26,17,45,84,114,146,154,157,162,141,176,161,154,154,114,102,74,53,34,37,24,0,0
2024,2024-01-13,Southbound,All Vehicles,678,491,304,266,290,646,1234,1650,2099,2917,3348,3411,3424,3357,3152,3233,3101,3233,3048,2190,1946,1869,1760,1234,0,0
2024,2024-01-14,Southbound,Light Vehicles,813,433,309,234,233,345,639,840,1295,2124,2941,3075,3025,2903,3047,2795,2760,2820,2325,1723,1544,1422,1062,259,0,0
2024,2024-01-14,Southbound,Heavy Vehicles,36,16,13,10,10,11,26,32,74,84,115,139,112,96,92,99,109,81,92,76,49,54,45,15,0,0
2024,2024-01-14,Southbound,All Vehicles,849,449,322,244,243,356,665,872,1369,2208,3056,3214,3137,2999,3139,2894,2869,2901,2417,1799,1593,1476,1107,274,0,0
2024,2024-01-15,Southbound,Light Vehicles,149,124,130,115,230,679,1612,1759,1863,1647,1625,1482,1474,1602,1684,1992,2062,1936,1751,1200,967,806,785,427,0,0
2024,2024-01-15,Southbound,Heavy Vehicles,17,25,34,33,55,111,199,152,149,130,239,233,207,213,248,233,145,143,85,67,44,49,45,35,0,0
2024,2024-01-15,Southbound,All Vehicles,166,149,164,148,285,790,1811,1911,2012,1777,1864,1715,1681,1815,1932,2225,2207,2079,1836,1267,1011,855,830,462,0,0
2024,2024-01-16,Southbound,Light Vehicles,362,214,163,146,246,793,1876,2831,3334,2630,2302,2379,2314,2351,2747,3039,3075,3456,2895,1800,1509,1342,1112,586,0,0
2024,2024-01-16,Southbound,Heavy Vehicles,45,37,29,50,60,134,246,260,259,310,350,303,355,380,346,337,224,223,162,116,79,63,64,67,0,0
2024,2024-01-16,Southbound,All Vehicles,407,251,192,196,306,927,2122,3091,3593,2940,2652,2682,2669,2731,3093,3376,3299,3679,3057,1916,1588,1405,1176,653,0,0
2024,2024-01-17,Southbound,Light Vehicles,391,247,191,176,292,816,2018,2785,3421,2623,2344,2308,2354,2472,2796,3158,2741,2899,2827,1878,1461,1267,995,606,0,0
2024,2024-01-17,Southbound,Heavy Vehicles,53,53,39,60,90,145,288,279,268,277,374,318,362,341,347,325,237,191,185,118,72,54,45,58,0,0
2024,2024-01-17,Southbound,All Vehicles,444,300,230,236,382,961,2306,3064,3689,2900,2718,2626,2716,2813,3143,3483,2978,3090,3012,1996,1533,1321,1040,664,0,0
2024,2024-01-18,Southbound,Heavy Vehicles,48,44,30,53,93,116,290,298,295,315,344,385,366,319,367,362,271,194,157,109,85,64,60,59,0,0
2024,2024-01-18,Southbound,Light Vehicles,336,222,164,150,278,785,1955,2812,3316,2555,2346,2376,2431,2390,2844,3177,3140,3326,2947,2242,1796,1812,1305,758,0,0
2024,2024-01-18,Southbound,All Vehicles,384,266,194,203,371,901,2245,3110,3611,2870,2690,2761,2797,2709,3211,3539,3411,3520,3104,2351,1881,1876,1365,817,0,0
2024,2024-01-19,Southbound,Heavy Vehicles,53,61,46,52,66,98,173,203,220,303,326,389,377,349,327,350,282,245,147,106,66,52,43,36,0,0
2024,2024-01-19,Southbound,Light Vehicles,491,294,207,181,327,886,1966,2717,2850,2646,2502,2511,2553,2627,2898,3067,3028,3077,3147,2137,1710,1612,1477,955,0,0
2024,2024-01-19,Southbound,All Vehicles,544,355,253,233,393,984,2139,2920,3070,2949,2828,2900,2930,2976,3225,3417,3310,3322,3294,2243,1776,1664,1520,991,0,0
2024,2024-01-20,Southbound,Light Vehicles,691,422,307,260,310,620,1166,1748,2063,2800,3238,3270,3396,3228,3197,3309,3105,3211,2831,1964,1886,1808,1643,1277,0,0
2024,2024-01-20,Southbound,Heavy Vehicles,39,31,24,35,23,41,89,119,149,178,204,185,178,163,205,163,148,157,106,84,69,67,63,55,0,0
2024,2024-01-20,Southbound,All Vehicles,730,453,331,295,333,661,1255,1867,2212,2978,3442,3455,3574,3391,3402,3472,3253,3368,2937,2048,1955,1875,1706,1332,0,0
2024,2024-01-21,Southbound,Heavy Vehicles,40,24,20,12,10,20,48,63,82,102,111,102,93,101,94,105,102,105,87,79,73,69,59,43,0,0
2024,2024-01-21,Southbound,Light Vehicles,811,488,295,266,214,341,682,1004,1423,2219,2937,2989,3076,2757,2677,2689,2767,2993,2574,1978,2011,1891,1342,686,0,0
2024,2024-01-21,Southbound,All Vehicles,851,512,315,278,224,361,730,1067,1505,2321,3048,3091,3169,2858,2771,2794,2869,3098,2661,2057,2084,1960,1401,729,0,0
2024,2024-01-22,Southbound,Heavy Vehicles,42,43,38,40,57,81,172,211,218,281,302,349,329,337,328,348,282,236,165,106,87,60,49,43,0,0
2024,2024-01-22,Southbound,Light Vehicles,459,217,151,137,337,938,2093,3098,3391,2626,2279,2255,2327,2394,2685,3106,3024,3405,2841,1740,1475,1268,1025,582,0,0
2024,2024-01-22,Southbound,All Vehicles,501,260,189,177,394,1019,2265,3309,3609,2907,2581,2604,2656,2731,3013,3454,3306,3641,3006,1846,1562,1328,1074,625,0,0
2024,2024-01-23,Southbound,Heavy Vehicles,57,32,38,53,72,114,320,282,278,324,355,393,385,366,356,367,257,236,196,110,87,55,66,57,0,0
2024,2024-01-23,Southbound,Light Vehicles,318,208,164,148,288,830,2049,3032,3238,3010,2449,2478,2343,2383,2835,3141,3201,3414,3095,2136,1672,1618,1146,657,0,0
2024,2024-01-23,Southbound,All Vehicles,375,240,202,201,360,944,2369,3314,3516,3334,2804,2871,2728,2749,3191,3508,3458,3650,3291,2246,1759,1673,1212,714,0,0
2024,2024-01-24,Southbound,Heavy Vehicles,42,56,42,54,77,113,265,289,279,320,351,364,368,383,382,333,239,193,191,136,97,85,61,48,0,0
2024,2024-01-24,Southbound,Light Vehicles,338,241,181,169,313,863,2060,3055,3387,2708,2411,2370,2485,2391,2819,2908,2857,3061,3008,1999,1592,1481,1118,715,0,0
2024,2024-01-24,Southbound,All Vehicles,380,297,223,223,390,976,2325,3344,3666,3028,2762,2734,2853,2774,3201,3241,3096,3254,3199,2135,1689,1566,1179,763,0,0
2024,2024-01-25,Southbound,Heavy Vehicles,59,52,56,61,78,121,272,305,287,314,343,361,395,368,378,319,258,234,164,123,103,78,60,56,0,0
2024,2024-01-25,Southbound,Light Vehicles,426,260,172,179,285,801,1860,2863,3279,2645,2544,2567,2590,2613,2895,3228,3161,3367,3273,2377,1936,1888,1448,924,0,0
2024,2024-01-25,Southbound,All Vehicles,485,312,228,240,363,922,2132,3168,3566,2959,2887,2928,2985,2981,3273,3547,3419,3601,3437,2500,2039,1966,1508,980,0,0
2024,2024-01-26,Southbound,Heavy Vehicles,39,30,23,22,31,28,53,54,68,85,87,87,69,70,80,71,65,54,61,54,42,41,22,27,0,0
2024,2024-01-26,Southbound,Light Vehicles,413,298,201,154,164,245,515,671,852,1318,1573,1688,1637,1421,1451,1528,1639,1667,1534,1281,1135,1094,914,694,0,0
2024,2024-01-26,Southbound,All Vehicles,452,328,224,176,195,273,568,725,920,1403,1660,1775,1706,1491,1531,1599,1704,1721,1595,1335,1177,1135,936,721,0,0
2024,2024-01-27,Southbound,Heavy Vehicles,22,20,15,20,29,51,70,86,125,141,168,132,155,169,116,146,132,110,109,65,67,51,54,44,0,0
2024,2024-01-27,Southbound,Light Vehicles,639,376,277,227,239,519,957,1499,1870,2649,3141,3158,3346,3029,3115,3250,3013,3324,2727,1884,1654,1683,1565,1144,0,0
2024,2024-01-27,Southbound,All Vehicles,661,396,292,247,268,570,1027,1585,1995,2790,3309,3290,3501,3198,3231,3396,3145,3434,2836,1949,1721,1734,1619,1188,0,0
2024,2024-01-28,Southbound,Light Vehicles,941,560,314,238,217,333,730,942,1447,2252,2961,3051,3055,3103,3185,3107,2775,3027,2604,2134,1915,1659,1152,651,0,0
2024,2024-01-28,Southbound,Heavy Vehicles,35,29,14,11,14,13,29,59,71,97,105,107,98,119,102,110,109,98,95,67,73,60,53,34,0,0
2024,2024-01-28,Southbound,All Vehicles,976,589,328,249,231,346,759,1001,1518,2349,3066,3158,3153,3222,3287,3217,2884,3125,2699,2201,1988,1719,1205,685,0,0
2024,2024-01-29,Southbound,Light Vehicles,327,167,126,109,215,672,1380,2171,2240,1626,1571,1595,1599,1669,1919,2175,2227,2390,1985,1439,1210,972,792,442,0,0
2024,2024-01-29,Southbound,Heavy Vehicles,32,31,35,37,56,113,195,201,236,236,231,294,276,270,287,260,174,153,113,78,46,44,30,25,0,0
2024,2024-01-29,Southbound,All Vehicles,359,198,161,146,271,785,1575,2372,2476,1862,1802,1889,1875,1939,2206,2435,2401,2543,2098,1517,1256,1016,822,467,0,0
2024,2024-01-30,Southbound,Heavy Vehicles,34,37,36,46,73,131,245,247,266,277,383,393,370,346,339,312,256,206,198,99,87,66,60,47,0,0
2024,2024-01-30,Southbound,Light Vehicles,323,216,177,166,251,872,1950,2867,3245,2711,2500,2327,2293,2385,2670,3125,2965,2788,2656,2053,1625,1466,1095,599,0,0
2024,2024-01-30,Southbound,All Vehicles,357,253,213,212,324,1003,2195,3114,3511,2988,2883,2720,2663,2731,3009,3437,3221,2994,2854,2152,1712,1532,1155,646,0,0
2024,2024-01-31,Southbound,Light Vehicles,333,243,171,167,325,903,2129,3304,3139,2635,2302,2327,2295,2544,2715,3169,3110,2877,3076,2057,1593,1495,1069,620,0,0
2024,2024-01-31,Southbound,Heavy Vehicles,49,57,45,45,87,138,297,298,256,349,349,375,390,362,355,317,255,216,200,120,82,64,51,42,0,0
2024,2024-01-31,Southbound,All Vehicles,382,300,216,212,412,1041,2426,3602,3395,2984,2651,2702,2685,2906,3070,3486,3365,3093,3276,2177,1675,1559,1120,662,0,0
2024,2024-02-01,Southbound,Heavy Vehicles,40,52,42,56,70,143,291,293,258,323,406,376,403,377,341,365,300,239,201,119,79,62,49,43,0,1
2024,2024-02-01,Southbound,Light Vehicles,355,266,164,154,272,866,2113,3128,3355,2643,2372,2325,2379,2375,2781,3110,3209,2927,3069,2333,1894,1868,1272,696,0,1
2024,2024-02-01,Southbound,All Vehicles,395,318,206,210,342,1009,2404,3421,3613,2966,2778,2701,2782,2752,3122,3475,3509,3166,3270,2452,1973,1930,1321,739,0,1
2024,2024-02-02,Southbound,Light Vehicles,435,283,203,207,380,929,2282,3163,3028,2715,2600,2606,2631,2536,2823,3174,3267,3359,3249,2463,1892,1778,1457,1114,0,1
2024,2024-02-02,Southbound,Heavy Vehicles,38,55,48,46,62,100,180,255,246,357,327,416,354,357,381,352,293,228,187,90,71,56,42,41,0,1
2024,2024-02-02,Southbound,All Vehicles,473,338,251,253,442,1029,2462,3418,3274,3072,2927,3022,2985,2893,3204,3526,3560,3587,3436,2553,1963,1834,1499,1155,0,1
2024,2024-02-03,Southbound,Light Vehicles,672,427,266,239,301,700,1440,2011,2410,3027,3295,3287,3432,3215,3086,3228,2674,3390,3235,2264,1818,1931,1723,1252,0,1
2024,2024-02-03,Southbound,Heavy Vehicles,31,35,28,25,39,39,72,106,138,191,218,190,184,177,164,172,154,129,137,74,56,37,31,38,0,1
2024,2024-02-03,Southbound,All Vehicles,703,462,294,264,340,739,1512,2117,2548,3218,3513,3477,3616,3392,3250,3400,2828,3519,3372,2338,1874,1968,1754,1290,0,1
2024,2024-02-04,Southbound,Light Vehicles,817,505,342,240,234,347,759,1262,1735,2449,2952,3127,3058,2997,2927,3078,3067,3123,2618,2043,1805,1612,1204,783,0,1
2024,2024-02-04,Southbound,Heavy Vehicles,20,14,9,21,5,11,28,47,73,104,124,108,109,92,107,99,113,103,100,75,73,55,62,62,0,1
2024,2024-02-04,Southbound,All Vehicles,837,519,351,261,239,358,787,1309,1808,2553,3076,3235,3167,3089,3034,3177,3180,3226,2718,2118,1878,1667,1266,845,0,1
2024,2024-02-05,Southbound,Heavy Vehicles,52,48,45,43,81,136,303,268,215,268,356,381,412,391,391,344,319,234,155,109,96,68,55,47,0,1
2024,2024-02-05,Southbound,Light Vehicles,499,248,165,155,309,944,2274,3305,2425,2383,2296,2178,2343,2306,2786,3097,3197,3274,2845,1940,1563,1402,1002,493,0,1
2024,2024-02-05,Southbound,All Vehicles,551,296,210,198,390,1080,2577,3573,2640,2651,2652,2559,2755,2697,3177,3441,3516,3508,3000,2049,1659,1470,1057,540,0,1
2024,2024-02-06,Southbound,Light Vehicles,320,215,148,167,320,800,2060,3150,3182,2993,2411,2265,2228,2318,2729,3076,3194,3308,3137,2154,1659,1415,1156,593,0,0
2024,2024-02-06,Southbound,Heavy Vehicles,36,43,32,54,74,94,262,254,246,344,374,348,368,348,347,333,252,207,217,136,63,75,84,64,0,0
2024,2024-02-06,Southbound,All Vehicles,356,258,180,221,394,894,2322,3404,3428,3337,2785,2613,2596,2666,3076,3409,3446,3515,3354,2290,1722,1490,1240,657,0,0
2024,2024-02-07,Southbound,Light Vehicles,299,241,168,159,325,918,2265,3232,3214,3179,2407,2354,2384,2315,2918,3183,3254,3136,3283,2196,1696,1601,1116,660,0,0
2024,2024-02-07,Southbound,Heavy Vehicles,42,53,44,53,88,133,313,262,251,341,350,380,360,384,376,323,293,209,227,127,80,89,68,66,0,0
2024,2024-02-07,Southbound,All Vehicles,341,294,212,212,413,1051,2578,3494,3465,3520,2757,2734,2744,2699,3294,3506,3547,3345,3510,2323,1776,1690,1184,726,0,0
2024,2024-02-08,Southbound,Light Vehicles,362,257,159,182,311,857,2201,3066,3108,2854,2492,2404,2319,2428,2847,3004,3143,3241,3382,2285,1939,1828,1285,716,0,0
2024,2024-02-08,Southbound,Heavy Vehicles,52,43,47,56,69,145,290,289,276,348,396,392,440,368,385,308,283,248,211,131,98,94,59,50,0,0
2024,2024-02-08,Southbound,All Vehicles,414,300,206,238,380,1002,2491,3355,3384,3202,2888,2796,2759,2796,3232,3312,3426,3489,3593,2416,2037,1922,1344,766,0,0
2024,2024-02-09,Southbound,Light Vehicles,450,295,189,177,315,914,2095,3200,2961,2852,2668,2582,2593,2673,2997,3083,3154,3245,3514,2301,1812,1873,1763,1196,0,0
2024,2024-02-09,Southbound,Heavy Vehicles,51,60,52,64,105,120,314,309,270,343,365,394,363,368,368,298,267,228,191,125,86,59,55,50,0,0
2024,2024-02-09,Southbound,All Vehicles,501,355,241,241,420,1034,2409,3509,3231,3195,3033,2976,2956,3041,3365,3381,3421,3473,3705,2426,1898,1932,1818,1246,0,0
2024,2024-02-10,Southbound,Heavy Vehicles,39,23,21,39,24,69,94,140,163,184,186,173,171,160,171,120,149,101,108,78,74,47,56,37,0,0
2024,2024-02-10,Southbound,Light Vehicles,783,474,299,201,285,595,1248,2264,2526,3153,3217,3321,3380,3182,3125,3209,2945,3287,3026,2008,1861,1869,1865,1265,0,0
2024,2024-02-10,Southbound,All Vehicles,822,497,320,240,309,664,1342,2404,2689,3337,3403,3494,3551,3342,3296,3329,3094,3388,3134,2086,1935,1916,1921,1302,0,0
2024,2024-02-11,Southbound,Heavy Vehicles,35,27,17,10,19,17,39,73,81,110,119,122,123,110,109,109,87,119,79,72,70,63,57,54,0,0
2024,2024-02-11,Southbound,Light Vehicles,809,490,359,284,220,322,757,1316,1996,2703,3373,3398,3314,3145,3199,3327,2997,3020,2509,1889,1793,1694,1171,698,0,0
2024,2024-02-11,Southbound,All Vehicles,844,517,376,294,239,339,796,1389,2077,2813,3492,3520,3437,3255,3308,3436,3084,3139,2588,1961,1863,1757,1228,752,0,0
2024,2024-02-12,Southbound,Heavy Vehicles,43,42,52,54,71,145,274,272,270,318,339,365,378,352,400,296,263,232,182,127,79,73,50,41,0,0
2024,2024-02-12,Southbound,Light Vehicles,380,207,139,158,322,934,2182,3119,2999,2620,2114,2104,2235,2265,2660,3126,2771,2825,2710,1861,1684,1475,1086,560,0,0
2024,2024-02-12,Southbound,All Vehicles,423,249,191,212,393,1079,2456,3391,3269,2938,2453,2469,2613,2617,3060,3422,3034,3057,2892,1988,1763,1548,1136,601,0,0
2024,2024-02-13,Southbound,Heavy Vehicles,38,42,26,42,59,98,196,215,270,317,373,345,370,393,374,360,257,189,175,114,75,58,53,55,0,0
2024,2024-02-13,Southbound,Light Vehicles,334,228,186,179,344,983,2352,3329,3395,2884,2426,2275,2282,2351,2778,3115,3040,2985,3158,2189,1736,1647,1135,671,0,0
2024,2024-02-13,Southbound,All Vehicles,372,270,212,221,403,1081,2548,3544,3665,3201,2799,2620,2652,2744,3152,3475,3297,3174,3333,2303,1811,1705,1188,726,0,0
2024,2024-02-14,Southbound,Light Vehicles,371,252,194,168,333,934,2280,3338,3501,2944,2419,2445,2433,2424,2865,3084,2985,3212,2881,2276,1747,1729,1353,849,0,0
2024,2024-02-14,Southbound,Heavy Vehicles,54,53,60,50,95,166,324,295,263,337,332,395,380,377,361,327,271,217,161,91,59,68,39,44,0,0
2024,2024-02-14,Southbound,All Vehicles,425,305,254,218,428,1100,2604,3633,3764,3281,2751,2840,2813,2801,3226,3411,3256,3429,3042,2367,1806,1797,1392,893,0,0
2024,2024-02-15,Southbound,Heavy Vehicles,47,52,38,67,62,79,186,208,215,286,319,356,415,359,363,315,279,220,190,111,90,58,70,43,0,0
2024,2024-02-15,Southbound,Light Vehicles,489,284,183,179,334,943,2307,3305,3268,3032,2496,2338,2549,2609,2862,3040,3084,2839,3148,2359,1878,1703,1123,746,0,0
2024,2024-02-15,Southbound,All Vehicles,536,336,221,246,396,1022,2493,3513,3483,3318,2815,2694,2964,2968,3225,3355,3363,3059,3338,2470,1968,1761,1193,789,0,0
2024,2024-02-16,Southbound,Light Vehicles,470,260,190,160,324,893,2106,3059,2979,2809,2599,2654,2665,2668,3059,3152,3185,3372,3404,2421,1785,1758,1642,1060,0,0
2024,2024-02-16,Southbound,Heavy Vehicles,56,51,43,46,78,115,252,291,258,317,348,366,381,373,327,325,274,227,221,106,96,86,57,31,0,0
2024,2024-02-16,Southbound,All Vehicles,526,311,233,206,402,1008,2358,3350,3237,3126,2947,3020,3046,3041,3386,3477,3459,3599,3625,2527,1881,1844,1699,1091,0,0
2024,2024-02-17,Southbound,Heavy Vehicles,33,39,27,42,29,57,107,156,157,179,178,161,145,183,149,146,134,136,132,81,64,50,51,36,0,0
2024,2024-02-17,Southbound,Light Vehicles,671,398,288,237,303,643,1285,2110,2553,3126,3337,3347,3471,3234,2979,3144,3062,3355,3287,2187,1901,1865,1892,1229,0,0
2024,2024-02-17,Southbound,All Vehicles,704,437,315,279,332,700,1392,2266,2710,3305,3515,3508,3616,3417,3128,3290,3196,3491,3419,2268,1965,1915,1943,1265,0,0
2024,2024-02-18,Southbound,Light Vehicles,810,494,363,247,228,301,672,1258,1869,2560,3162,3304,3247,2992,3148,3025,3056,3086,2624,1896,1809,1555,1102,591,0,0
2024,2024-02-18,Southbound,Heavy Vehicles,39,14,12,14,9,12,43,71,74,79,115,118,129,112,92,108,77,72,88,61,48,59,47,54,0,0
2024,2024-02-18,Southbound,All Vehicles,849,508,375,261,237,313,715,1329,1943,2639,3277,3422,3376,3104,3240,3133,3133,3158,2712,1957,1857,1614,1149,645,0,0
2024,2024-02-19,Southbound,Heavy Vehicles,36,58,43,55,75,140,257,266,226,357,351,348,340,350,320,292,264,213,167,124,84,79,53,47,0,0
2024,2024-02-19,Southbound,Light Vehicles,380,207,129,138,292,888,2192,3058,3119,2803,2332,2179,2178,2130,2480,2593,2614,2894,2679,1929,1559,1407,1024,574,0,0
2024,2024-02-19,Southbound,All Vehicles,416,265,172,193,367,1028,2449,3324,3345,3160,2683,2527,2518,2480,2800,2885,2878,3107,2846,2053,1643,1486,1077,621,0,0
2024,2024-02-20,Southbound,Heavy Vehicles,34,44,27,42,69,140,308,280,274,380,384,272,295,328,341,301,283,179,188,132,99,81,54,54,0,0
2024,2024-02-20,Southbound,Light Vehicles,376,204,148,150,297,862,2201,3328,3100,2788,2393,2106,2229,2280,2595,2952,3021,2712,3149,2109,1742,1444,1167,667,0,0
2024,2024-02-20,Southbound,All Vehicles,410,248,175,192,366,1002,2509,3608,3374,3168,2777,2378,2524,2608,2936,3253,3304,2891,3337,2241,1841,1525,1221,721,0,0
2024,2024-02-21,Southbound,Light Vehicles,339,229,193,177,301,933,2200,3353,3341,3087,2450,2263,2437,2438,2827,2934,3132,3069,3167,2086,1792,1556,1175,655,0,0
2024,2024-02-21,Southbound,Heavy Vehicles,44,51,45,47,102,151,331,268,297,347,380,403,385,371,368,337,296,221,204,143,98,82,75,60,0,0
2024,2024-02-21,Southbound,All Vehicles,383,280,238,224,403,1084,2531,3621,3638,3434,2830,2666,2822,2809,3195,3271,3428,3290,3371,2229,1890,1638,1250,715,0,0
2024,2024-02-22,Southbound,Light Vehicles,392,252,201,173,294,929,2240,3284,3266,2867,2434,2360,2462,2448,2885,2936,3165,3318,3442,2778,2183,1862,1362,872,0,0
2024,2024-02-22,Southbound,Heavy Vehicles,75,52,57,62,75,145,334,260,268,336,353,379,422,383,392,365,300,224,195,168,98,66,71,61,0,0
2024,2024-02-22,Southbound,All Vehicles,467,304,258,235,369,1074,2574,3544,3534,3203,2787,2739,2884,2831,3277,3301,3465,3542,3637,2946,2281,1928,1433,933,0,0
2024,2024-02-23,Southbound,Light Vehicles,540,349,219,183,350,983,2187,3203,3009,2769,2604,2640,2721,2793,2949,3153,2990,2916,2997,2432,1854,1818,1927,1314,0,0
2024,2024-02-23,Southbound,Heavy Vehicles,46,45,43,63,64,107,194,235,232,274,391,398,400,377,362,283,278,272,232,125,59,67,57,48,0,0
2024,2024-02-23,Southbound,All Vehicles,586,394,262,246,414,1090,2381,3438,3241,3043,2995,3038,3121,3170,3311,3436,3268,3188,3229,2557,1913,1885,1984,1362,0,0
2024,2024-02-24,Southbound,Light Vehicles,884,573,320,237,292,634,1270,2056,2514,3143,3433,3521,3515,3311,3256,3309,3106,2854,2693,2072,1817,1842,1997,1460,0,0
2024,2024-02-24,Southbound,Heavy Vehicles,35,35,24,31,27,47,111,127,173,174,174,156,173,165,156,173,155,190,176,108,64,66,66,37,0,0
2024,2024-02-24,Southbound,All Vehicles,919,608,344,268,319,681,1381,2183,2687,3317,3607,3677,3688,3476,3412,3482,3261,3044,2869,2180,1881,1908,2063,1497,0,0
2024,2024-02-25,Southbound,Light Vehicles,991,517,340,232,227,303,744,1167,1744,2592,3116,3179,3248,3124,3183,3318,3076,2813,2672,2149,1958,1791,1498,877,0,0
2024,2024-02-25,Southbound,Heavy Vehicles,43,25,15,17,16,14,44,67,79,102,134,101,116,121,94,106,137,150,136,81,62,54,41,53,0,0
2024,2024-02-25,Southbound,All Vehicles,1034,542,355,249,243,317,788,1234,1823,2694,3250,3280,3364,3245,3277,3424,3213,2963,2808,2230,2020,1845,1539,930,0,0
2024,2024-02-26,Southbound,Light Vehicles,547,259,154,150,338,982,2299,3368,3331,2788,2336,2298,2281,2525,2870,3147,3084,3160,3495,2149,1608,1448,1241,750,0,0
2024,2024-02-26,Southbound,Heavy Vehicles,41,47,38,38,54,85,180,200,212,261,347,367,399,403,360,324,282,208,318,133,93,62,76,59,0,0
2024,2024-02-26,Southbound,All Vehicles,588,306,192,188,392,1067,2479,3568,3543,3049,2683,2665,2680,2928,3230,3471,3366,3368,3813,2282,1701,1510,1317,809,0,0
2024,2024-02-27,Southbound,Heavy Vehicles,43,53,34,46,80,145,299,270,274,316,355,401,352,413,379,323,271,230,189,130,80,67,59,52,0,0
2024,2024-02-27,Southbound,Light Vehicles,501,261,184,154,306,916,2291,3245,3319,2903,2478,2340,2294,2469,2799,3167,3160,3281,3173,2224,1810,1602,1121,608,0,0
2024,2024-02-27,Southbound,All Vehicles,544,314,218,200,386,1061,2590,3515,3593,3219,2833,2741,2646,2882,3178,3490,3431,3511,3362,2354,1890,1669,1180,660,0,0
2024,2024-02-28,Southbound,Heavy Vehicles,50,58,47,52,90,156,291,272,254,310,373,389,379,350,385,318,286,217,192,135,95,64,58,68,0,0
2024,2024-02-28,Southbound,Light Vehicles,359,225,193,203,311,904,2230,3300,3344,2863,2479,2377,2279,2409,2870,3210,3165,3221,3493,2262,1826,1633,1037,687,0,0
2024,2024-02-28,Southbound,All Vehicles,409,283,240,255,401,1060,2521,3572,3598,3173,2852,2766,2658,2759,3255,3528,3451,3438,3685,2397,1921,1697,1095,755,0,0
2024,2024-02-29,Southbound,Heavy Vehicles,51,55,51,59,79,140,299,280,281,294,356,381,372,387,369,315,265,203,165,122,71,77,67,49,0,0
2024,2024-02-29,Southbound,Light Vehicles,401,263,190,180,306,902,2155,3166,3026,2469,2272,2393,2382,2524,2891,3084,3114,3300,2923,2537,2009,1732,1189,805,0,0
2024,2024-02-29,Southbound,All Vehicles,452,318,241,239,385,1042,2454,3446,3307,2763,2628,2774,2754,2911,3260,3399,3379,3503,3088,2659,2080,1809,1256,854,0,0
2024,2024-03-01,Southbound,Heavy Vehicles,59,51,48,69,85,144,310,292,254,342,355,366,369,383,340,302,282,255,204,130,88,72,55,52,0,0
2024,2024-03-01,Southbound,Light Vehicles,509,321,195,197,327,894,2022,3140,2887,2688,2613,2460,2634,2569,2935,2819,2908,2983,3157,2468,1819,1689,1588,1121,0,0
2024,2024-03-01,Southbound,All Vehicles,568,372,243,266,412,1038,2332,3432,3141,3030,2968,2826,3003,2952,3275,3121,3190,3238,3361,2598,1907,1761,1643,1173,0,0
2024,2024-03-02,Southbound,Heavy Vehicles,51,45,37,33,35,63,123,128,162,178,192,171,182,167,179,165,158,135,133,82,68,48,67,39,0,0
2024,2024-03-02,Southbound,Light Vehicles,724,442,322,224,282,653,1293,2206,2693,3250,3455,3472,3496,3283,3089,3269,3358,3654,3250,2062,1593,1613,1716,1434,0,0
2024,2024-03-02,Southbound,All Vehicles,775,487,359,257,317,716,1416,2334,2855,3428,3647,3643,3678,3450,3268,3434,3516,3789,3383,2144,1661,1661,1783,1473,0,0
2024,2024-03-03,Southbound,Heavy Vehicles,37,23,8,15,11,17,38,65,94,96,117,112,112,105,106,85,109,103,90,78,64,55,47,44,0,0
2024,2024-03-03,Southbound,Light Vehicles,919,494,323,254,247,366,716,1084,2009,2598,3098,3226,3227,3040,3005,3059,2900,2946,2547,2002,1782,1621,1209,702,0,0
2024,2024-03-03,Southbound,All Vehicles,956,517,331,269,258,383,754,1149,2103,2694,3215,3338,3339,3145,3111,3144,3009,3049,2637,2080,1846,1676,1256,746,0,0
2024,2024-03-04,Southbound,Light Vehicles,376,202,146,143,302,972,2293,3321,3326,2996,2155,2127,2308,2397,2862,3060,3313,3269,2946,1970,1477,1364,1054,521,0,0
2024,2024-03-04,Southbound,Heavy Vehicles,35,37,45,37,58,105,205,246,274,354,338,401,339,360,393,349,307,209,179,105,82,58,51,52,0,0
2024,2024-03-04,Southbound,All Vehicles,411,239,191,180,360,1077,2498,3567,3600,3350,2493,2528,2647,2757,3255,3409,3620,3478,3125,2075,1559,1422,1105,573,0,0
2024,2024-03-05,Southbound,Light Vehicles,313,195,158,179,298,931,2446,3263,3481,2819,2316,2246,2244,2403,2888,3100,3198,3325,3223,2301,1789,1458,1119,602,0,0
2024,2024-03-05,Southbound,Heavy Vehicles,41,45,43,54,66,103,213,236,247,337,375,335,390,404,386,344,260,199,182,110,89,86,61,51,0,0
2024,2024-03-05,Southbound,All Vehicles,354,240,201,233,364,1034,2659,3499,3728,3156,2691,2581,2634,2807,3274,3444,3458,3524,3405,2411,1878,1544,1180,653,0,0
2024,2024-03-06,Southbound,Heavy Vehicles,38,60,43,51,67,133,208,203,241,344,402,386,373,399,372,349,299,238,178,113,80,66,42,45,0,0
2024,2024-03-06,Southbound,Light Vehicles,356,243,189,199,313,940,2424,3361,3410,2775,2432,2326,2287,2442,2934,3122,3028,3222,3174,2367,1735,1531,1133,629,0,0
2024,2024-03-06,Southbound,All Vehicles,394,303,232,250,380,1073,2632,3564,3651,3119,2834,2712,2660,2841,3306,3471,3327,3460,3352,2480,1815,1597,1175,674,0,0
2024,2024-03-07,Southbound,Heavy Vehicles,47,56,46,43,69,122,217,254,311,366,347,358,383,377,364,361,282,208,197,133,72,68,50,48,0,0
2024,2024-03-07,Southbound,Light Vehicles,377,227,186,183,294,904,2313,3214,3263,2873,2391,2368,2364,2454,2884,3160,3232,3340,3147,2309,2047,1819,1210,713,0,0
2024,2024-03-07,Southbound,All Vehicles,424,283,232,226,363,1026,2530,3468,3574,3239,2738,2726,2747,2831,3248,3521,3514,3548,3344,2442,2119,1887,1260,761,0,0
2024,2024-03-08,Southbound,Light Vehicles,506,293,203,192,368,918,2117,3042,2911,2718,2823,2729,2713,2579,2958,3125,3185,3323,3409,2525,1945,1526,601,1028,0,0
2024,2024-03-08,Southbound,Heavy Vehicles,46,65,50,59,80,134,258,241,244,288,355,350,397,361,346,324,290,249,153,103,75,65,27,37,0,0
2024,2024-03-08,Southbound,All Vehicles,552,358,253,251,448,1052,2375,3283,3155,3006,3178,3079,3110,2940,3304,3449,3475,3572,3562,2628,2020,1591,628,1065,0,0
2024,2024-03-09,Southbound,Light Vehicles,702,430,312,273,334,675,1391,2227,2804,2787,3237,3167,3099,3051,3132,3203,3213,3326,3210,2349,1939,737,,,0,0
2024,2024-03-09,Southbound,Heavy Vehicles,34,32,26,30,35,58,78,110,156,151,171,195,194,214,200,192,172,168,134,73,70,23,,,0,0
2024,2024-03-09,Southbound,All Vehicles,736,462,338,303,369,733,1469,2337,2960,2938,3408,3362,3293,3265,3332,3395,3385,3494,3344,2422,2009,760,,,0,0
2024,2024-03-10,Southbound,Heavy Vehicles,,,6,14,22,25,51,85,108,124,135,127,118,120,131,119,125,116,105,90,79,60,58,51,0,0
2024,2024-03-10,Southbound,Light Vehicles,,,46,253,219,318,758,1188,1927,2596,3219,3381,3214,2965,3057,3164,2968,3167,2733,2127,1968,1656,1098,705,0,0
2024,2024-03-10,Southbound,All Vehicles,,,52,267,241,343,809,1273,2035,2720,3354,3508,3332,3085,3188,3283,3093,3283,2838,2217,2047,1716,1156,756,0,0
2024,2024-03-11,Southbound,Light Vehicles,389,210,175,161,352,970,2362,3450,3339,2795,2232,2310,2227,2387,2785,3218,3216,3174,3080,2005,1655,1407,981,536,0,0
2024,2024-03-11,Southbound,Heavy Vehicles,57,67,67,42,43,91,191,189,215,280,335,406,373,389,402,349,281,202,139,82,76,41,41,35,0,0
2024,2024-03-11,Southbound,All Vehicles,446,277,242,203,395,1061,2553,3639,3554,3075,2567,2716,2600,2776,3187,3567,3497,3376,3219,2087,1731,1448,1022,571,0,0
2024,2024-03-12,Southbound,Heavy Vehicles,45,44,32,44,57,109,188,229,230,294,369,384,395,355,383,335,276,225,141,92,91,101,53,55,0,0
2024,2024-03-12,Southbound,Light Vehicles,330,213,164,202,290,939,2364,3434,3374,2930,2304,2298,2348,2556,2835,3023,3252,3404,3380,2419,1717,1149,1119,689,0,0
2024,2024-03-12,Southbound,All Vehicles,375,257,196,246,347,1048,2552,3663,3604,3224,2673,2682,2743,2911,3218,3358,3528,3629,3521,2511,1808,1250,1172,744,0,0
2024,2024-03-13,Southbound,Light Vehicles,394,226,169,215,323,970,2373,3364,3337,2897,2317,2312,2379,2323,2972,3147,3117,3288,3280,2572,1416,1080,1168,855,0,0
2024,2024-03-13,Southbound,Heavy Vehicles,35,44,50,50,78,111,239,235,261,315,347,392,381,372,380,329,229,221,162,113,117,131,84,41,0,0
2024,2024-03-13,Southbound,All Vehicles,429,270,219,265,401,1081,2612,3599,3598,3212,2664,2704,2760,2695,3352,3476,3346,3509,3442,2685,1533,1211,1252,896,0,0
2024,2024-03-14,Southbound,Light Vehicles,431,276,201,170,308,920,2397,3198,3112,2837,2384,2346,2395,2572,2941,3165,3269,3197,3315,2573,1825,1311,1229,738,0,0
2024,2024-03-14,Southbound,Heavy Vehicles,51,53,41,49,61,108,191,211,238,353,336,372,397,392,369,356,306,219,235,137,92,142,80,53,0,0
2024,2024-03-14,Southbound,All Vehicles,482,329,242,219,369,1028,2588,3409,3350,3190,2720,2718,2792,2964,3310,3521,3575,3416,3550,2710,1917,1453,1309,791,0,0
2024,2024-03-15,Southbound,Light Vehicles,453,304,220,167,327,885,2058,3175,2919,2681,2553,2634,2428,2644,2959,3159,2867,2998,3119,2339,1794,1125,1132,975,0,0
2024,2024-03-15,Southbound,Heavy Vehicles,37,42,43,37,88,156,251,258,212,278,331,406,317,335,358,317,266,205,179,103,78,104,76,37,0,0
2024,2024-03-15,Southbound,All Vehicles,490,346,263,204,415,1041,2309,3433,3131,2959,2884,3040,2745,2979,3317,3476,3133,3203,3298,2442,1872,1229,1208,1012,0,0
2024,2024-03-16,Southbound,Heavy Vehicles,35,40,35,33,35,53,112,186,155,168,182,195,169,203,163,140,173,182,164,117,57,48,65,49,0,0
2024,2024-03-16,Southbound,Light Vehicles,648,392,326,249,304,611,1308,2027,2577,3043,3408,3371,3462,3187,3314,3412,3296,3486,3313,2028,1730,1816,1758,1340,0,0
2024,2024-03-16,Southbound,All Vehicles,683,432,361,282,339,664,1420,2213,2732,3211,3590,3566,3631,3390,3477,3552,3469,3668,3477,2145,1787,1864,1823,1389,0,0
2024,2024-03-17,Southbound,Light Vehicles,827,477,359,265,238,289,622,1026,1578,2271,3046,3224,3126,3045,3092,3027,3009,2819,2478,1773,1622,1512,1111,672,0,0
2024,2024-03-17,Southbound,Heavy Vehicles,33,26,9,10,14,14,44,52,81,93,132,130,125,117,114,131,123,98,88,89,71,67,49,41,0,0
2024,2024-03-17,Southbound,All Vehicles,860,503,368,275,252,303,666,1078,1659,2364,3178,3354,3251,3162,3206,3158,3132,2917,2566,1862,1693,1579,1160,713,0,0
2024,2024-03-18,Southbound,Light Vehicles,358,215,144,159,293,893,2113,3243,3095,2546,2136,2186,2156,2450,2744,2820,2969,3002,2823,1883,1293,1020,890,494,0,0
2024,2024-03-18,Southbound,Heavy Vehicles,29,46,46,48,65,146,297,249,305,329,358,422,390,412,404,360,286,249,189,122,97,93,23,43,0,0
2024,2024-03-18,Southbound,All Vehicles,387,261,190,207,358,1039,2410,3492,3400,2875,2494,2608,2546,2862,3148,3180,3255,3251,3012,2005,1390,1113,913,537,0,0
2024,2024-03-19,Southbound,Light Vehicles,318,199,174,174,282,880,2233,3316,3362,2786,2336,2267,2265,2431,2873,3083,2873,3183,3292,2289,1861,1528,1185,639,0,0
2024,2024-03-19,Southbound,Heavy Vehicles,40,39,39,47,69,146,266,295,256,355,373,349,419,410,377,349,260,250,179,104,83,62,81,58,0,0
2024,2024-03-19,Southbound,All Vehicles,358,238,213,221,351,1026,2499,3611,3618,3141,2709,2616,2684,2841,3250,3432,3133,3433,3471,2393,1944,1590,1266,697,0,0
2024,2024-03-20,Southbound,Heavy Vehicles,56,58,45,58,102,162,295,282,279,296,366,380,368,328,361,305,264,213,192,105,88,60,58,55,0,0
2024,2024-03-20,Southbound,Light Vehicles,358,249,194,199,333,900,2286,3317,3246,2898,2279,2289,2256,2515,3015,3121,2939,2982,3061,2151,1675,1504,1192,667,0,0
2024,2024-03-20,Southbound,All Vehicles,414,307,239,257,435,1062,2581,3599,3525,3194,2645,2669,2624,2843,3376,3426,3203,3195,3253,2256,1763,1564,1250,722,0,0
2024,2024-03-21,Southbound,Heavy Vehicles,48,47,56,47,74,143,316,289,254,325,331,356,364,397,384,335,273,233,199,121,85,80,58,60,0,0
2024,2024-03-21,Southbound,Light Vehicles,377,243,197,170,317,882,2161,3305,3364,2690,2378,2348,2367,2557,2919,3098,2880,3074,3281,2293,1884,1808,1222,770,0,0
2024,2024-03-21,Southbound,All Vehicles,425,290,253,217,391,1025,2477,3594,3618,3015,2709,2704,2731,2954,3303,3433,3153,3307,3480,2414,1969,1888,1280,830,0,0
2024,2024-03-22,Southbound,Heavy Vehicles,47,48,36,43,78,155,293,296,299,319,356,384,413,377,304,334,308,246,207,127,97,62,61,43,0,0
2024,2024-03-22,Southbound,Light Vehicles,454,294,176,222,331,920,2164,3266,3016,2775,2717,2701,2642,2577,2982,2954,3193,3266,3224,2215,1804,1633,1432,1063,0,0
2024,2024-03-22,Southbound,All Vehicles,501,342,212,265,409,1075,2457,3562,3315,3094,3073,3085,3055,2954,3286,3288,3501,3512,3431,2342,1901,1695,1493,1106,0,0
2024,2024-03-23,Southbound,Heavy Vehicles,36,32,34,35,39,64,121,155,198,191,221,203,194,173,159,165,162,142,141,75,67,74,50,38,0,0
2024,2024-03-23,Southbound,Light Vehicles,669,428,292,290,305,635,1306,2178,2709,3305,3295,3422,3362,3048,3000,3275,3152,3417,3149,2058,1748,1665,1686,1218,0,0
2024,2024-03-23,Southbound,All Vehicles,705,460,326,325,344,699,1427,2333,2907,3496,3516,3625,3556,3221,3159,3440,3314,3559,3290,2133,1815,1739,1736,1256,0,0
2024,2024-03-24,Southbound,Heavy Vehicles,30,25,17,21,23,21,50,82,109,118,119,125,131,110,121,122,114,98,87,77,64,62,42,50,0,0
2024,2024-03-24,Southbound,Light Vehicles,794,498,354,259,256,334,764,1409,2173,2656,3199,3301,3128,3007,3046,2951,2802,2927,2578,1925,1717,1606,1051,670,0,0
2024,2024-03-24,Southbound,All Vehicles,824,523,371,280,279,355,814,1491,2282,2774,3318,3426,3259,3117,3167,3073,2916,3025,2665,2002,1781,1668,1093,720,0,0
2024,2024-03-25,Southbound,Heavy Vehicles,40,40,41,42,60,99,245,217,243,286,360,371,387,358,379,364,288,214,160,108,74,57,43,49,0,0
2024,2024-03-25,Southbound,Light Vehicles,353,202,141,163,317,952,2312,3400,3264,2835,2437,2234,2272,2356,2954,3175,3127,3030,3038,1964,1625,1379,974,580,0,0
2024,2024-03-25,Southbound,All Vehicles,393,242,182,205,377,1051,2557,3617,3507,3121,2797,2605,2659,2714,3333,3539,3415,3244,3198,2072,1699,1436,1017,629,0,0
2024,2024-03-26,Southbound,Light Vehicles,335,226,187,148,312,914,2395,3380,3309,3050,2510,2348,2286,2484,2868,2973,3017,2911,3130,2261,1800,1567,1100,671,0,0
2024,2024-03-26,Southbound,Heavy Vehicles,31,34,33,40,56,96,190,222,226,388,395,422,407,433,433,348,287,186,188,86,75,65,45,53,0,0
2024,2024-03-26,Southbound,All Vehicles,366,260,220,188,368,1010,2585,3602,3535,3438,2905,2770,2693,2917,3301,3321,3304,3097,3318,2347,1875,1632,1145,724,0,0
2024,2024-03-27,Southbound,Light Vehicles,356,265,195,191,346,985,2370,3208,3261,3034,2540,2373,2453,2521,2982,3075,2995,3180,3361,2259,1831,1694,1230,709,0,0
2024,2024-03-27,Southbound,Heavy Vehicles,47,52,50,52,80,101,197,193,249,308,369,415,422,423,436,357,304,258,204,101,82,72,45,54,0,0
2024,2024-03-27,Southbound,All Vehicles,403,317,245,243,426,1086,2567,3401,3510,3342,2909,2788,2875,2944,3418,3432,3299,3438,3565,2360,1913,1766,1275,763,0,0
2024,2024-03-28,Southbound,Light Vehicles,470,311,188,218,353,890,2161,3100,3243,2862,2805,2709,2593,2770,3060,3223,3078,3176,3136,2639,2001,2016,1493,948,0,0
2024,2024-03-28,Southbound,Heavy Vehicles,56,54,53,45,65,110,221,213,236,294,369,391,424,430,380,309,288,257,199,137,111,76,63,48,0,0
2024,2024-03-28,Southbound,All Vehicles,526,365,241,263,418,1000,2382,3313,3479,3156,3174,3100,3017,3200,3440,3532,3366,3433,3335,2776,2112,2092,1556,996,0,0
2024,2024-03-29,Southbound,Light Vehicles,286,215,150,148,145,217,364,465,726,929,972,960,920,822,819,819,766,870,763,637,621,574,506,388,0,0
2024,2024-03-29,Southbound,Heavy Vehicles,22,30,17,16,20,20,36,50,35,62,61,42,51,47,40,56,43,39,38,23,19,27,14,13,0,0
2024,2024-03-29,Southbound,All Vehicles,308,245,167,164,165,237,400,515,761,991,1033,1002,971,869,859,875,809,909,801,660,640,601,520,401,0,0
2024,2024-03-30,Southbound,Light Vehicles,517,397,235,201,226,487,949,1421,2015,2830,3265,3184,2983,2753,2744,2859,2793,3029,2548,1929,1698,1537,1421,1074,0,0
2024,2024-03-30,Southbound,Heavy Vehicles,20,18,17,30,18,32,38,62,121,120,149,162,126,134,128,132,118,117,97,60,47,37,31,23,0,0
2024,2024-03-30,Southbound,All Vehicles,537,415,252,231,244,519,987,1483,2136,2950,3414,3346,3109,2887,2872,2991,2911,3146,2645,1989,1745,1574,1452,1097,0,0
2024,2024-03-31,Southbound,Light Vehicles,646,401,295,216,226,255,578,911,1585,2327,2841,3033,2816,2311,2282,2537,2686,2661,2502,2059,1811,1631,1305,820,0,0
2024,2024-03-31,Southbound,Heavy Vehicles,23,4,11,8,9,9,26,22,53,76,101,105,85,79,95,87,86,79,78,64,53,51,30,18,0,0
2024,2024-03-31,Southbound,All Vehicles,669,405,306,224,235,264,604,933,1638,2403,2942,3138,2901,2390,2377,2624,2772,2740,2580,2123,1864,1682,1335,838,0,0
2024,2024-04-01,Southbound,Heavy Vehicles,20,13,16,12,21,12,39,73,98,134,142,120,99,120,139,120,126,100,91,69,63,50,42,41,0,0
2024,2024-04-01,Southbound,Light Vehicles,503,306,207,187,192,305,571,849,1458,2175,2738,2875,2736,2574,2624,2807,2675,2731,2495,1971,1710,1467,1005,573,0,0
2024,2024-04-01,Southbound,All Vehicles,523,319,223,199,213,317,610,922,1556,2309,2880,2995,2835,2694,2763,2927,2801,2831,2586,2040,1773,1517,1047,614,0,0
2024,2024-04-02,Southbound,Heavy Vehicles,41,30,33,49,54,93,171,181,228,293,354,331,336,392,307,317,269,224,166,114,107,69,49,43,0,0
2024,2024-04-02,Southbound,Light Vehicles,350,171,173,152,315,840,2150,3309,3259,2917,2534,2276,2366,2479,2579,2909,3078,3043,2877,2104,1551,1373,994,592,0,0
2024,2024-04-02,Southbound,All Vehicles,391,201,206,201,369,933,2321,3490,3487,3210,2888,2607,2702,2871,2886,3226,3347,3267,3043,2218,1658,1442,1043,635,0,0
2024,2024-04-03,Southbound,Light Vehicles,319,223,170,181,311,853,2260,3440,3184,2802,2396,2239,2302,2386,2795,2907,3124,3337,3063,2124,1601,1544,1052,631,0,0
2024,2024-04-03,Southbound,Heavy Vehicles,43,43,40,43,78,156,313,289,272,356,376,384,401,406,377,354,311,248,218,131,87,82,54,58,0,0
2024,2024-04-03,Southbound,All Vehicles,362,266,210,224,389,1009,2573,3729,3456,3158,2772,2623,2703,2792,3172,3261,3435,3585,3281,2255,1688,1626,1106,689,0,0
2024,2024-04-04,Southbound,Heavy Vehicles,33,57,46,49,78,131,280,261,304,368,386,360,370,349,303,309,248,238,177,136,71,76,52,43,0,0
2024,2024-04-04,Southbound,Light Vehicles,374,264,190,172,304,805,2224,3210,3255,2741,2430,2315,2494,2417,2553,2863,2962,3068,3003,2160,1665,1640,1057,643,0,0
2024,2024-04-04,Southbound,All Vehicles,407,321,236,221,382,936,2504,3471,3559,3109,2816,2675,2864,2766,2856,3172,3210,3306,3180,2296,1736,1716,1109,686,0,0
2024,2024-04-05,Southbound,Heavy Vehicles,41,55,42,42,95,119,180,231,197,257,297,311,266,256,276,202,192,165,120,99,70,58,33,41,0,0
2024,2024-04-05,Southbound,Light Vehicles,419,260,150,173,308,755,1681,2799,2655,2453,2353,2167,2148,2111,2375,2233,2588,2740,2690,1899,1335,1308,1101,707,0,0
2024,2024-04-05,Southbound,All Vehicles,460,315,192,215,403,874,1861,3030,2852,2710,2650,2478,2414,2367,2651,2435,2780,2905,2810,1998,1405,1366,1134,748,0,0
2024,2024-04-06,Southbound,Light Vehicles,546,332,256,199,225,481,1015,1475,2047,2512,3235,3343,3378,3339,3282,3335,3203,3313,3103,2245,1810,1896,1698,1139,0,0
2024,2024-04-06,Southbound,Heavy Vehicles,35,20,28,22,23,41,82,113,143,131,150,162,158,181,171,152,126,157,113,75,66,59,58,47,0,0
2024,2024-04-06,Southbound,All Vehicles,581,352,284,221,248,522,1097,1588,2190,2643,3385,3505,3536,3520,3453,3487,3329,3470,3216,2320,1876,1955,1756,1186,0,0
2024,2024-04-07,Southbound,Heavy Vehicles,39,12,23,11,14,23,60,62,89,97,114,127,98,110,97,125,95,98,80,69,59,51,39,44,0,0
2024,2024-04-07,Southbound,Light Vehicles,777,492,587,207,181,290,789,1191,1888,2771,3237,3328,3085,2996,2884,2987,2999,2978,2339,1775,1537,1425,962,584,0,0
2024,2024-04-07,Southbound,All Vehicles,816,504,610,218,195,313,849,1253,1977,2868,3351,3455,3183,3106,2981,3112,3094,3076,2419,1844,1596,1476,1001,628,0,0
2024,2024-04-08,Southbound,Heavy Vehicles,32,35,47,49,61,163,317,289,252,335,372,364,359,367,447,368,299,222,186,107,71,70,49,34,0,0
2024,2024-04-08,Southbound,Light Vehicles,327,204,131,161,290,968,2289,3177,3059,2599,2126,2040,2228,2285,2788,2914,2869,2878,2771,1821,1380,1291,904,515,0,0
2024,2024-04-08,Southbound,All Vehicles,359,239,178,210,351,1131,2606,3466,3311,2934,2498,2404,2587,2652,3235,3282,3168,3100,2957,1928,1451,1361,953,549,0,0
2024,2024-04-09,Southbound,Heavy Vehicles,37,51,30,57,74,149,334,308,268,322,389,389,406,397,348,284,220,188,202,113,78,63,45,46,0,0
2024,2024-04-09,Southbound,Light Vehicles,294,198,144,181,315,919,2278,3299,3158,2803,2283,2118,2208,2384,2639,2245,2405,2617,2788,1929,1438,1305,1002,526,0,0
2024,2024-04-09,Southbound,All Vehicles,331,249,174,238,389,1068,2612,3607,3426,3125,2672,2507,2614,2781,2987,2529,2625,2805,2990,2042,1516,1368,1047,572,0,0
2024,2024-04-10,Southbound,Light Vehicles,288,223,141,172,321,937,2430,3375,3295,2853,2186,2234,2189,2362,2750,3172,3289,3236,2489,2364,1596,1469,1099,634,0,0
2024,2024-04-10,Southbound,Heavy Vehicles,34,44,42,56,78,144,316,278,265,338,348,407,360,357,375,344,304,263,163,129,95,70,61,55,0,0
2024,2024-04-10,Southbound,All Vehicles,322,267,183,228,399,1081,2746,3653,3560,3191,2534,2641,2549,2719,3125,3516,3593,3499,2652,2493,1691,1539,1160,689,0,0
2024,2024-04-11,Southbound,Light Vehicles,349,253,174,159,324,898,2318,3281,3269,2688,2245,2292,2350,2373,2680,3084,3166,3210,3217,2285,1774,1622,1086,645,0,0
2024,2024-04-11,Southbound,Heavy Vehicles,55,52,41,69,82,147,317,302,290,360,362,412,435,392,403,396,296,255,182,115,91,70,45,56,0,0
2024,2024-04-11,Southbound,All Vehicles,404,305,215,228,406,1045,2635,3583,3559,3048,2607,2704,2785,2765,3083,3480,3462,3465,3399,2400,1865,1692,1131,701,0,0
2024,2024-04-12,Southbound,Heavy Vehicles,48,58,47,60,90,148,288,258,295,349,366,393,417,397,412,353,284,215,201,106,88,58,45,40,0,0
2024,2024-04-12,Southbound,Light Vehicles,397,259,189,164,328,853,2044,2697,2996,2638,2614,2497,2477,2573,2840,2929,2785,2895,3122,2242,1580,1435,1432,961,0,0
2024,2024-04-12,Southbound,All Vehicles,445,317,236,224,418,1001,2332,2955,3291,2987,2980,2890,2894,2970,3252,3282,3069,3110,3323,2348,1668,1493,1477,1001,0,0
2024,2024-04-13,Southbound,Heavy Vehicles,37,37,35,43,41,73,134,126,146,191,216,210,191,177,204,181,171,163,104,68,61,55,37,38,0,0
2024,2024-04-13,Southbound,Light Vehicles,648,431,305,236,339,689,1309,1790,2319,2966,3290,3374,3424,3244,3225,3357,3302,3585,3115,2068,1607,1593,1627,1087,0,0
2024,2024-04-13,Southbound,All Vehicles,685,468,340,279,380,762,1443,1916,2465,3157,3506,3584,3615,3421,3429,3538,3473,3748,3219,2136,1668,1648,1664,1125,0,0
2024,2024-04-14,Southbound,Light Vehicles,736,445,288,241,215,369,704,1099,1670,2535,3011,3286,3129,2857,3006,3036,3099,3062,2689,1818,1549,1409,1058,652,0,0
2024,2024-04-14,Southbound,Heavy Vehicles,30,19,10,13,16,15,33,61,87,93,124,108,115,110,124,98,110,104,100,70,46,55,43,43,0,0
2024,2024-04-14,Southbound,All Vehicles,766,464,298,254,231,384,737,1160,1757,2628,3135,3394,3244,2967,3130,3134,3209,3166,2789,1888,1595,1464,1101,695,0,0
2024,2024-04-15,Southbound,Light Vehicles,353,207,116,164,324,961,2162,3154,3043,2433,2308,2310,2329,2366,2804,3047,3079,3283,2745,1788,1407,1212,957,553,0,0
2024,2024-04-15,Southbound,Heavy Vehicles,32,40,40,50,56,118,277,266,276,288,373,390,400,370,411,381,276,239,137,98,77,55,40,32,0,0
2024,2024-04-15,Southbound,All Vehicles,385,247,156,214,380,1079,2439,3420,3319,2721,2681,2700,2729,2736,3215,3428,3355,3522,2882,1886,1484,1267,997,585,0,0
2024,2024-04-16,Southbound,Light Vehicles,293,233,173,154,347,961,2275,3282,3449,2692,2432,2427,2323,2369,2785,3238,3251,3186,3070,2088,1517,1471,1128,611,0,0
2024,2024-04-16,Southbound,Heavy Vehicles,40,49,39,51,58,93,198,225,301,307,343,391,384,374,401,350,279,225,198,91,65,65,50,56,0,0
2024,2024-04-16,Southbound,All Vehicles,333,282,212,205,405,1054,2473,3507,3750,2999,2775,2818,2707,2743,3186,3588,3530,3411,3268,2179,1582,1536,1178,667,0,0
2024,2024-04-17,Southbound,Light Vehicles,367,240,199,181,362,895,2215,3155,3341,2648,2427,2412,2365,2455,2939,3217,3250,3205,2909,2026,1464,1460,1048,601,0,0
2024,2024-04-17,Southbound,Heavy Vehicles,47,47,56,54,93,159,329,303,329,328,352,398,394,389,383,363,270,221,199,110,64,65,76,52,0,0
2024,2024-04-17,Southbound,All Vehicles,414,287,255,235,455,1054,2544,3458,3670,2976,2779,2810,2759,2844,3322,3580,3520,3426,3108,2136,1528,1525,1124,653,0,0
2024,2024-04-18,Southbound,Heavy Vehicles,46,50,55,49,80,129,319,299,321,335,361,358,422,372,440,332,260,239,157,94,73,55,58,61,0,0
2024,2024-04-18,Southbound,Light Vehicles,355,237,188,176,293,859,2238,2993,3322,2963,2597,2397,2413,2513,2820,2744,3109,3177,3154,2200,1624,1679,1112,672,0,0
2024,2024-04-18,Southbound,All Vehicles,401,287,243,225,373,988,2557,3292,3643,3298,2958,2755,2835,2885,3260,3076,3369,3416,3311,2294,1697,1734,1170,733,0,0
2024,2024-08-01,Southbound,Light Vehicles,,,,147,314,831,2027,3171,3287,2865,2340,2436,2376,2471,,3111,3252,3144,3052,2409,1784,1650,1108,631,0,0
2024,2024-08-01,Southbound,Heavy Vehicles,,,,52,69,143,303,313,319,375,386,452,427,442,,385,325,270,190,106,110,87,56,64,0,0
2024,2024-08-01,Southbound,All Vehicles,,,,199,383,974,2330,3484,3606,3240,2726,2888,2803,2913,,3496,3577,3414,3242,2515,1894,1737,1164,695,0,0
2024,2024-08-02,Southbound,Light Vehicles,416,265,177,153,323,811,1957,2974,2940,2744,2567,2675,2545,2649,2820,1785,3195,3289,3230,2250,1706,1591,1385,964,0,0
2024,2024-08-02,Southbound,Heavy Vehicles,55,46,47,61,95,154,297,316,289,355,367,407,425,401,379,203,329,288,201,131,80,61,75,40,0,0
2024,2024-08-02,Southbound,All Vehicles,471,311,224,214,418,965,2254,3290,3229,3099,2934,3082,2970,3050,3199,1988,3524,3577,3431,2381,1786,1652,1460,1004,0,0
2024,2024-08-03,Southbound,Light Vehicles,606,371,281,219,279,630,1212,1849,2399,3158,3294,3060,3261,3140,3030,3153,3185,3245,2906,1927,1664,1678,1542,1064,0,0
2024,2024-08-03,Southbound,Heavy Vehicles,29,32,22,31,46,66,107,181,184,248,241,188,226,211,213,217,203,172,185,119,99,87,69,65,0,0
2024,2024-08-03,Southbound,All Vehicles,635,403,303,250,325,696,1319,2030,2583,3406,3535,3248,3487,3351,3243,3370,3388,3417,3091,2046,1763,1765,1611,1129,0,0
2024,2024-08-04,Southbound,Light Vehicles,702,411,326,223,235,338,668,1107,1881,2633,3479,3399,3358,3069,2952,3167,3086,2979,,1930,1585,1379,978,588,0,0
2024,2024-08-04,Southbound,Heavy Vehicles,39,33,16,10,32,31,54,84,109,130,170,164,151,146,141,147,144,155,,119,100,85,76,69,0,0
2024,2024-08-04,Southbound,All Vehicles,741,444,342,233,267,369,722,1191,1990,2763,3649,3563,3509,3215,3093,3314,3230,3134,,2049,1685,1464,1054,657,0,0
2024,2024-08-05,Southbound,Heavy Vehicles,41,51,45,44,62,144,309,295,313,357,389,441,407,460,420,383,299,290,184,121,96,69,50,36,0,0
2024,2024-08-05,Southbound,Light Vehicles,312,190,151,160,312,822,2070,3253,3274,2680,2241,2267,2345,2446,2839,3261,3202,3214,2720,1933,1518,1275,972,515,0,0
2024,2024-08-05,Southbound,All Vehicles,353,241,196,204,374,966,2379,3548,3587,3037,2630,2708,2752,2906,3259,3644,3501,3504,2904,2054,1614,1344,1022,551,0,0
2024,2024-08-06,Southbound,Heavy Vehicles,32,38,36,63,74,140,314,320,293,389,384,405,399,388,402,378,307,233,182,126,99,81,72,56,0,0
2024,2024-08-06,Southbound,Light Vehicles,294,192,154,152,296,829,2137,3282,3372,2936,2219,2292,2354,2428,2823,3039,3153,3295,2908,2157,1537,1462,1022,601,0,0
2024,2024-08-06,Southbound,All Vehicles,326,230,190,215,370,969,2451,3602,3665,3325,2603,2697,2753,2816,3225,3417,3460,3528,3090,2283,1636,1543,1094,657,0,0
2024,2024-08-07,Southbound,Heavy Vehicles,53,61,57,60,79,180,330,322,322,390,397,405,397,411,,346,326,272,223,127,114,57,72,51,0,0
2024,2024-08-07,Southbound,Light Vehicles,315,209,170,175,318,867,2118,3382,3140,2915,2326,2384,2404,2475,,3052,3166,3107,3116,2159,1632,1491,1190,595,0,0
2024,2024-08-07,Southbound,All Vehicles,368,270,227,235,397,1047,2448,3704,3462,3305,2723,2789,2801,2886,,3398,3492,3379,3339,2286,1746,1548,1262,646,0,0
2024,2024-08-08,Southbound,Heavy Vehicles,49,33,59,54,77,148,335,291,300,363,391,406,444,439,446,348,314,258,250,130,96,68,54,60,0,0
2024,2024-08-08,Southbound,Light Vehicles,344,247,177,153,331,844,2093,3113,3228,2832,2402,2320,2309,2532,2809,3171,3112,3128,3311,2249,1781,1711,1148,734,0,0
2024,2024-08-08,Southbound,All Vehicles,393,280,236,207,408,992,2428,3404,3528,3195,2793,2726,2753,2971,3255,3519,3426,3386,3561,2379,1877,1779,1202,794,0,0
2024,2024-08-09,Southbound,Light Vehicles,422,269,194,176,345,878,2032,3083,3026,2873,2620,2644,2563,2596,2898,3028,3084,3143,3454,2269,1593,1514,1443,916,0,0
2024,2024-08-09,Southbound,Heavy Vehicles,42,39,52,57,98,167,300,329,286,349,397,419,399,431,403,337,342,248,230,125,92,78,65,49,0,0
2024,2024-08-09,Southbound,All Vehicles,464,308,246,233,443,1045,2332,3412,3312,3222,3017,3063,2962,3027,3301,3365,3426,3391,3684,2394,1685,1592,1508,965,0,0
2024,2024-08-10,Southbound,Light Vehicles,597,399,263,238,281,555,1210,1898,2423,2937,3284,3269,3339,3283,3266,3215,3270,3373,3005,1911,1511,1621,1499,1089,0,0
2024,2024-08-10,Southbound,Heavy Vehicles,38,28,24,35,35,65,108,153,192,215,227,199,205,216,198,164,154,165,146,80,55,54,62,57,0,0
2024,2024-08-10,Southbound,All Vehicles,635,427,287,273,316,620,1318,2051,2615,3152,3511,3468,3544,3499,3464,3379,3424,3538,3151,1991,1566,1675,1561,1146,0,0
2024,2024-08-11,Southbound,Light Vehicles,767,426,312,208,221,353,649,970,1761,2545,3070,3225,3274,3138,3036,3084,3027,2999,2249,1705,1550,1384,966,550,0,0
2024,2024-08-11,Southbound,Heavy Vehicles,45,14,13,15,10,20,30,60,80,116,133,110,132,114,106,111,113,132,106,71,68,80,61,49,0,0
2024,2024-08-11,Southbound,All Vehicles,812,440,325,223,231,373,679,1030,1841,2661,3203,3335,3406,3252,3142,3195,3140,3131,2355,1776,1618,1464,1027,599,0,0
2024,2024-08-12,Southbound,Light Vehicles,314,180,112,127,319,869,2113,3179,3071,2692,2246,2175,2303,2328,2660,3107,3207,3121,2748,1851,1430,1167,953,520,0,0
2024,2024-08-12,Southbound,Heavy Vehicles,46,39,40,50,64,158,331,292,299,325,392,414,422,392,440,381,351,279,198,123,75,83,51,40,0,0
2024,2024-08-12,Southbound,All Vehicles,360,219,152,177,383,1027,2444,3471,3370,3017,2638,2589,2725,2720,3100,3488,3558,3400,2946,1974,1505,1250,1004,560,0,0
2024,2024-08-13,Southbound,Light Vehicles,289,165,145,168,313,814,2109,3194,3226,2856,2384,2186,2326,2358,2753,3173,3140,3045,2931,2058,1534,1370,1056,576,0,0
2024,2024-08-13,Southbound,Heavy Vehicles,38,31,43,52,65,166,328,301,286,348,406,375,444,429,386,360,300,262,201,118,93,72,60,54,0,0
2024,2024-08-13,Southbound,All Vehicles,327,196,188,220,378,980,2437,3495,3512,3204,2790,2561,2770,2787,3139,3533,3440,3307,3132,2176,1627,1442,1116,630,0,0
2024,2024-08-14,Southbound,Heavy Vehicles,41,60,49,61,87,155,305,304,298,309,366,383,390,374,317,312,279,242,184,143,99,67,55,37,0,0
2024,2024-08-14,Southbound,Light Vehicles,315,229,158,165,296,862,2122,3252,3274,2681,2276,2281,2330,2481,2551,3059,2829,3087,2877,2102,1626,1398,1122,620,0,0
2024,2024-08-14,Southbound,All Vehicles,356,289,207,226,383,1017,2427,3556,3572,2990,2642,2664,2720,2855,2868,3371,3108,3329,3061,2245,1725,1465,1177,657,0,0
2024,2024-08-15,Southbound,Heavy Vehicles,46,42,54,55,70,158,313,328,293,308,385,412,424,438,397,338,291,261,199,126,104,87,58,73,0,0
2024,2024-08-15,Southbound,Light Vehicles,369,222,181,165,299,786,2118,3170,3110,2958,2375,2409,2284,2380,2714,3166,3089,3155,2998,2239,1794,1630,1168,693,0,0
2024,2024-08-15,Southbound,All Vehicles,415,264,235,220,369,944,2431,3498,3403,3266,2760,2821,2708,2818,3111,3504,3380,3416,3197,2365,1898,1717,1226,766,0,0
2024,2024-08-16,Southbound,Heavy Vehicles,64,56,50,70,92,175,300,291,280,324,373,421,332,,371,360,,241,193,116,88,71,52,49,0,0
2024,2024-08-16,Southbound,Light Vehicles,434,272,187,189,366,828,2020,2991,2923,2548,2521,2505,2508,,2828,2812,,2899,2739,2096,1572,1548,1415,954,0,0
2024,2024-08-16,Southbound,All Vehicles,498,328,237,259,458,1003,2320,3282,3203,2872,2894,2926,2840,,3199,3172,,3140,2932,2212,1660,1619,1467,1003,0,0
2024,2024-08-17,Southbound,Heavy Vehicles,48,37,30,30,38,64,131,165,175,212,228,248,247,209,170,210,163,151,133,83,80,70,65,36,0,0
2024,2024-08-17,Southbound,Light Vehicles,672,397,249,235,293,599,1237,1954,2412,3178,3417,3516,3421,3446,3342,3314,3323,3348,2927,1930,1656,1612,1552,1092,0,0
2024,2024-08-17,Southbound,All Vehicles,720,434,279,265,331,663,1368,2119,2587,3390,3645,3764,3668,3655,3512,3524,3486,3499,3060,2013,1736,1682,1617,1128,0,0
2024,2024-08-18,Southbound,Light Vehicles,731,425,288,226,232,374,785,1142,1878,2651,3370,3567,3300,3085,2890,3119,2911,3013,2364,1670,1482,1414,983,576,0,0
2024,2024-08-18,Southbound,Heavy Vehicles,30,36,6,13,13,20,44,77,88,113,143,117,146,136,108,132,116,123,97,78,67,58,51,66,0,0
2024,2024-08-18,Southbound,All Vehicles,761,461,294,239,245,394,829,1219,1966,2764,3513,3684,3446,3221,2998,3251,3027,3136,2461,1748,1549,1472,1034,642,0,0
2024,2024-08-19,Southbound,Light Vehicles,309,162,130,143,301,813,2117,3206,3201,2811,2278,2123,2156,2386,2687,3070,3098,3330,2791,1902,1496,1311,957,507,0,0
2024,2024-08-19,Southbound,Heavy Vehicles,35,44,39,49,70,162,306,308,298,364,378,410,379,375,420,336,355,251,179,139,80,62,55,50,0,0
2024,2024-08-19,Southbound,All Vehicles,344,206,169,192,371,975,2423,3514,3499,3175,2656,2533,2535,2761,3107,3406,3453,3581,2970,2041,1576,1373,1012,557,0,0
2024,2024-08-20,Southbound,Heavy Vehicles,41,44,47,67,82,152,300,315,324,377,374,400,430,417,426,370,296,259,185,142,98,82,69,53,0,0
2024,2024-08-20,Southbound,Light Vehicles,314,181,141,145,323,833,2149,3344,3259,2741,2258,2259,2282,2311,2748,3069,3143,3279,2915,2103,1559,1528,1003,571,0,0
2024,2024-08-20,Southbound,All Vehicles,355,225,188,212,405,985,2449,3659,3583,3118,2632,2659,2712,2728,3174,3439,3439,3538,3100,2245,1657,1610,1072,624,0,0
2024,2024-08-21,Southbound,Heavy Vehicles,57,40,58,58,97,168,337,311,265,383,369,407,439,409,429,374,313,253,217,130,95,81,67,51,0,0
2024,2024-08-21,Southbound,Light Vehicles,319,213,155,149,335,855,2192,3260,3314,2723,2289,2286,2304,2471,2825,2954,3203,3197,3072,2208,1652,1415,1135,612,0,0
2024,2024-08-21,Southbound,All Vehicles,376,253,213,207,432,1023,2529,3571,3579,3106,2658,2693,2743,2880,3254,3328,3516,3450,3289,2338,1747,1496,1202,663,0,0
2024,2024-08-22,Southbound,Heavy Vehicles,44,45,63,63,68,156,321,287,318,369,415,403,,432,,395,318,264,206,120,91,94,62,51,0,0
2024,2024-08-22,Southbound,Light Vehicles,379,253,164,168,332,827,2143,3246,3306,2807,2396,2427,,2493,,3031,3252,3148,3096,2257,1810,1678,1128,701,0,0
2024,2024-08-22,Southbound,All Vehicles,423,298,227,231,400,983,2464,3533,3624,3176,2811,2830,,2925,,3426,3570,3412,3302,2377,1901,1772,1190,752,0,0
2024,2024-08-23,Southbound,Light Vehicles,462,268,193,198,351,839,2012,3060,3024,2851,2589,2556,2633,2583,2890,3039,3324,3183,3058,2307,1637,1608,1436,923,0,0
2024,2024-08-23,Southbound,Heavy Vehicles,49,49,51,70,99,172,324,326,322,357,368,385,387,396,374,347,344,254,207,120,97,75,50,50,0,0
2024,2024-08-23,Southbound,All Vehicles,511,317,244,268,450,1011,2336,3386,3346,3208,2957,2941,3020,2979,3264,3386,3668,3437,3265,2427,1734,1683,1486,973,0,0
2024,2024-08-24,Southbound,Heavy Vehicles,47,26,40,41,39,56,142,165,207,210,227,210,219,206,184,173,145,143,,83,59,70,60,40,0,0
2024,2024-08-24,Southbound,Light Vehicles,593,366,253,226,307,562,1344,2103,2730,3364,3535,3395,3430,3313,3251,3301,3246,3550,,1934,1606,1591,1568,1147,0,0
2024,2024-08-24,Southbound,All Vehicles,640,392,293,267,346,618,1486,2268,2937,3574,3762,3605,3649,3519,3435,3474,3391,3693,,2017,1665,1661,1628,1187,0,0
2024,2024-08-25,Southbound,Heavy Vehicles,38,20,16,15,15,23,52,78,98,108,116,124,136,132,105,140,119,114,112,85,64,65,55,,0,0
2024,2024-08-25,Southbound,Light Vehicles,692,485,326,262,258,488,775,1242,1936,2737,3277,3458,3254,3232,3052,3100,3061,2877,2268,1759,1551,1396,938,,0,0
2024,2024-08-25,Southbound,All Vehicles,730,505,342,277,273,511,827,1320,2034,2845,3393,3582,3390,3364,3157,3240,3180,2991,2380,1844,1615,1461,993,,0,0
2024,2024-08-26,Southbound,Heavy Vehicles,37,38,47,49,75,162,306,308,288,356,397,426,395,411,411,363,322,278,192,115,95,70,61,47,0,0
2024,2024-08-26,Southbound,Light Vehicles,323,181,126,135,319,864,2108,3205,3309,2689,2157,2221,2183,2315,2723,2908,3120,3201,2798,1981,1567,1255,921,535,0,0
2024,2024-08-26,Southbound,All Vehicles,360,219,173,184,394,1026,2414,3513,3597,3045,2554,2647,2578,2726,3134,3271,3442,3479,2990,2096,1662,1325,982,582,0,0
2024,2024-08-27,Southbound,Heavy Vehicles,43,45,50,46,74,150,314,288,253,386,390,408,434,414,410,357,324,251,211,141,92,82,61,43,0,0
2024,2024-08-27,Southbound,Light Vehicles,257,195,149,168,318,868,2255,3287,3392,3039,2408,2257,2392,2270,2736,3066,3113,3134,3139,2133,1607,1382,1085,586,0,0
2024,2024-08-27,Southbound,All Vehicles,300,240,199,214,392,1018,2569,3575,3645,3425,2798,2665,2826,2684,3146,3423,3437,3385,3350,2274,1699,1464,1146,629,0,0
2024,2024-08-28,Southbound,Heavy Vehicles,45,49,39,64,89,165,318,320,290,391,384,437,483,394,394,353,313,255,225,118,101,84,65,42,0,0
2024,2024-08-28,Southbound,Light Vehicles,327,198,186,166,346,854,2289,3354,3216,2868,2360,2293,2349,2331,2818,3102,3060,3075,2939,2007,1641,1368,1170,662,0,0
2024,2024-08-28,Southbound,All Vehicles,372,247,225,230,435,1019,2607,3674,3506,3259,2744,2730,2832,2725,3212,3455,3373,3330,3164,2125,1742,1452,1235,704,0,0
2024,2024-08-29,Southbound,Light Vehicles,345,222,173,175,350,829,2100,3315,3181,2760,2412,2390,2365,,2833,3061,3067,3015,3024,2368,1840,1692,1219,685,0,0
2024,2024-08-29,Southbound,Heavy Vehicles,33,47,54,46,71,182,295,262,289,363,394,372,395,,424,339,296,260,195,139,90,87,71,48,0,0
2024,2024-08-29,Southbound,All Vehicles,378,269,227,221,421,1011,2395,3577,3470,3123,2806,2762,2760,,3257,3400,3363,3275,3219,2507,1930,1779,1290,733,0,0
2024,2024-08-30,Southbound,Light Vehicles,394,261,183,166,342,805,2065,3075,2921,2676,2615,2567,2520,2480,2821,3126,3013,2998,3300,2392,1731,1745,,959,0,0
2024,2024-08-30,Southbound,Heavy Vehicles,35,53,50,61,88,187,286,280,311,328,417,394,396,375,367,359,280,259,221,151,85,83,,50,0,0
2024,2024-08-30,Southbound,All Vehicles,429,314,233,227,430,992,2351,3355,3232,3004,3032,2961,2916,2855,3188,3485,3293,3257,3521,2543,1816,1828,,1009,0,0
2024,2024-08-31,Southbound,Heavy Vehicles,40,35,25,35,40,65,132,157,184,182,213,193,203,211,,192,177,181,147,82,,65,72,58,0,0
2024,2024-08-31,Southbound,Light Vehicles,639,419,291,241,335,636,1233,2052,2469,3134,3360,3423,3382,3156,,3408,3264,3457,3291,2219,,1814,1565,1248,0,0
2024,2024-08-31,Southbound,All Vehicles,679,454,316,276,375,701,1365,2209,2653,3316,3573,3616,3585,3367,,3600,3441,3638,3438,2301,,1879,1637,1306,0,0
2024,2024-09-01,Southbound,Heavy Vehicles,33,18,15,16,13,14,45,67,83,107,118,120,132,104,112,106,118,114,124,82,55,64,56,48,0,0
2024,2024-09-01,Southbound,Light Vehicles,831,479,319,259,241,317,701,1080,1833,2579,3157,3418,3260,2817,3025,3085,3100,3188,2777,1928,1776,1524,1022,567,0,0
2024,2024-09-01,Southbound,All Vehicles,864,497,334,275,254,331,746,1147,1916,2686,3275,3538,3392,2921,3137,3191,3218,3302,2901,2010,1831,1588,1078,615,0,0
2024,2024-09-02,Southbound,Heavy Vehicles,40,46,47,46,79,149,301,288,261,350,405,418,419,432,435,399,323,259,184,120,74,73,54,41,0,0
2024,2024-09-02,Southbound,Light Vehicles,294,190,137,142,323,865,2150,3276,3283,2660,2327,2204,2248,2246,2656,3159,3235,3339,2773,1843,1462,1177,940,528,0,0
2024,2024-09-02,Southbound,All Vehicles,334,236,184,188,402,1014,2451,3564,3544,3010,2732,2622,2667,2678,3091,3558,3558,3598,2957,1963,1536,1250,994,569,0,0
2024,2024-09-03,Southbound,Heavy Vehicles,33,47,50,39,76,155,341,322,306,319,365,366,391,419,403,388,317,281,200,143,98,81,58,,0,0
2024,2024-09-03,Southbound,Light Vehicles,295,202,153,188,336,845,2251,3395,3291,2777,2406,2262,2290,2433,2714,3096,3002,3197,2988,2057,1541,1384,1002,,0,0
2024,2024-09-03,Southbound,All Vehicles,328,249,203,227,412,1000,2592,3717,3597,3096,2771,2628,2681,2852,3117,3484,3319,3478,3188,2200,1639,1465,1060,,0,0
2024,2024-09-04,Southbound,Light Vehicles,321,216,167,171,335,877,2208,3252,3156,2712,2353,2258,2219,2315,2757,3216,3119,3208,3011,2096,1622,1379,1103,,0,0
2024,2024-09-04,Southbound,Heavy Vehicles,51,49,40,56,88,165,324,319,290,339,409,422,405,420,393,352,331,277,200,119,95,74,62,,0,0
2024,2024-09-04,Southbound,All Vehicles,372,265,207,227,423,1042,2532,3571,3446,3051,2762,2680,2624,2735,3150,3568,3450,3485,3211,2215,1717,1453,1165,,0,0
2024,2024-09-05,Southbound,Heavy Vehicles,47,42,56,55,75,167,320,285,299,340,386,399,408,410,,373,322,282,225,,86,95,56,61,0,0
2024,2024-09-05,Southbound,Light Vehicles,342,235,153,170,342,881,2254,3222,3339,2807,2302,2408,2333,2361,,3170,3285,3263,2984,,1816,1650,1168,693,0,0
2024,2024-09-05,Southbound,All Vehicles,389,277,209,225,417,1048,2574,3507,3638,3147,2688,2807,2741,2771,,3543,3607,3545,3209,,1902,1745,1224,754,0,0
2024,2024-09-06,Southbound,Light Vehicles,417,275,185,177,357,836,2129,3019,2933,2722,2560,2509,2512,2574,2948,3147,3295,3386,3288,2438,1672,1671,1487,972,0,0
2024,2024-09-06,Southbound,Heavy Vehicles,55,46,55,58,90,169,311,314,313,352,398,405,426,417,403,318,343,288,231,115,93,69,67,43,0,0
2024,2024-09-06,Southbound,All Vehicles,472,321,240,235,447,1005,2440,3333,3246,3074,2958,2914,2938,2991,3351,3465,3638,3674,3519,2553,1765,1740,1554,1015,0,0
2024,2024-09-07,Southbound,Heavy Vehicles,35,41,41,37,28,68,131,169,212,203,,215,207,189,202,,186,158,116,,66,85,50,,0,0
2024,2024-09-07,Southbound,Light Vehicles,636,411,297,234,282,632,1335,2089,2497,2976,,3051,3166,3038,3078,,3199,3306,2803,,1623,1618,1521,,0,0
2024,2024-09-07,Southbound,All Vehicles,671,452,338,271,310,700,1466,2258,2709,3179,,3266,3373,3227,3280,,3385,3464,2919,,1689,1703,1571,,0,0
2024,2024-09-08,Southbound,Heavy Vehicles,41,28,19,16,15,20,42,81,86,122,139,137,138,139,125,141,150,135,111,73,87,70,65,61,0,0
2024,2024-09-08,Southbound,Light Vehicles,721,482,281,274,206,321,729,1082,1756,2530,3102,3193,3238,3066,3014,2948,3003,2990,2428,1734,1610,1412,1040,589,0,0
2024,2024-09-08,Southbound,All Vehicles,762,510,300,290,221,341,771,1163,1842,2652,3241,3330,3376,3205,3139,3089,3153,3125,2539,1807,1697,1482,1105,650,0,0
2024,2024-09-09,Southbound,Heavy Vehicles,50,45,44,46,69,166,297,275,273,265,391,374,420,439,416,355,300,260,205,131,83,61,46,46,0,0
2024,2024-09-09,Southbound,Light Vehicles,310,169,150,121,306,879,2143,3097,3049,2003,2100,2215,2198,2273,2766,2747,2867,2955,2708,1898,1496,1195,890,502,0,0
2024,2024-09-09,Southbound,All Vehicles,360,214,194,167,375,1045,2440,3372,3322,2268,2491,2589,2618,2712,3182,3102,3167,3215,2913,2029,1579,1256,936,548,0,0
2024,2024-09-10,Southbound,Heavy Vehicles,33,47,34,55,60,153,314,322,328,347,402,424,434,455,409,344,312,267,207,122,89,99,54,64,0,0
2024,2024-09-10,Southbound,Light Vehicles,285,186,148,156,320,872,2277,3294,3203,2766,2407,2223,2262,2364,2667,3008,2983,3017,2990,1977,1695,1442,1001,567,0,0
2024,2024-09-10,Southbound,All Vehicles,318,233,182,211,380,1025,2591,3616,3531,3113,2809,2647,2696,2819,3076,3352,3295,3284,3197,2099,1784,1541,1055,631,0,0
2024,2024-09-11,Southbound,Heavy Vehicles,35,48,44,57,94,174,285,316,320,373,406,429,427,413,462,342,341,254,253,125,94,92,47,43,0,0
2024,2024-09-11,Southbound,Light Vehicles,300,209,154,174,329,894,2248,3234,3213,2738,2419,2226,2331,2413,2816,3112,3192,3208,3173,2192,1671,1410,1055,638,0,0
2024,2024-09-11,Southbound,All Vehicles,335,257,198,231,423,1068,2533,3550,3533,3111,2825,2655,2758,2826,3278,3454,3533,3462,3426,2317,1765,1502,1102,681,0,0
2024,2024-09-12,Southbound,Light Vehicles,347,266,154,156,351,864,2205,3097,3053,2675,2408,2351,2265,2449,2798,2973,2873,2605,2900,2249,1785,1652,1154,724,0,0
2024,2024-09-12,Southbound,Heavy Vehicles,42,49,61,48,73,157,313,302,280,379,405,430,439,473,383,379,294,238,222,123,90,78,53,50,0,0
2024,2024-09-12,Southbound,All Vehicles,389,315,215,204,424,1021,2518,3399,3333,3054,2813,2781,2704,2922,3181,3352,3167,2843,3122,2372,1875,1730,1207,774,0,0
2024,2024-09-13,Southbound,Heavy Vehicles,45,48,48,64,83,152,301,282,295,336,387,422,400,421,380,369,319,305,255,138,81,81,57,44,0,0
2024,2024-09-13,Southbound,Light Vehicles,429,266,185,156,346,844,2110,3033,2892,2767,2660,2660,2575,2615,2872,3125,3260,3216,3148,2463,1685,1634,1459,1014,0,0
2024,2024-09-13,Southbound,All Vehicles,474,314,233,220,429,996,2411,3315,3187,3103,3047,3082,2975,3036,3252,3494,3579,3521,3403,2601,1766,1715,1516,1058,0,0
2024,2024-09-14,Southbound,Heavy Vehicles,46,40,34,41,32,67,137,169,194,211,234,224,227,235,205,196,170,166,138,88,79,69,56,37,0,0
2024,2024-09-14,Southbound,Light Vehicles,671,418,278,218,299,648,1319,2011,2420,3020,3391,3240,3442,3434,3207,3394,3257,3500,3377,1983,1697,1618,1701,1054,0,0
2024,2024-09-14,Southbound,All Vehicles,717,458,312,259,331,715,1456,2180,2614,3231,3625,3464,3669,3669,3412,3590,3427,3666,3515,2071,1776,1687,1757,1091,0,0
2024,2024-09-15,Southbound,Light Vehicles,716,440,294,231,238,373,787,1252,1754,2750,3362,3559,3259,3116,3104,3005,3060,2925,2524,1860,1529,1491,965,586,0,0
2024,2024-09-15,Southbound,Heavy Vehicles,21,22,14,13,11,21,49,74,91,120,146,162,119,139,117,143,106,111,96,83,60,63,63,48,0,0
2024,2024-09-15,Southbound,All Vehicles,737,462,308,244,249,394,836,1326,1845,2870,3508,3721,3378,3255,3221,3148,3166,3036,2620,1943,1589,1554,1028,634,0,0
2024,2024-09-16,Southbound,Light Vehicles,322,204,140,128,315,919,2174,3258,3198,2331,2161,2161,2203,2271,2687,3114,3209,3305,2735,1874,1523,1253,974,535,0,0
2024,2024-09-16,Southbound,Heavy Vehicles,44,39,38,47,85,154,311,301,292,317,328,441,420,405,429,367,316,303,207,122,98,72,54,41,0,0
2024,2024-09-16,Southbound,All Vehicles,366,243,178,175,400,1073,2485,3559,3490,2648,2489,2602,2623,2676,3116,3481,3525,3608,2942,1996,1621,1325,1028,576,0,0
2024,2024-09-17,Southbound,Light Vehicles,285,207,156,153,290,894,2207,3372,3256,2934,2314,2244,2292,2447,2792,2981,3182,3200,3053,1952,1635,1498,1186,687,0,0
2024,2024-09-17,Southbound,Heavy Vehicles,44,40,42,55,77,156,333,279,315,362,402,403,387,421,466,393,320,232,218,133,92,99,81,52,0,0
2024,2024-09-17,Southbound,All Vehicles,329,247,198,208,367,1050,2540,3651,3571,3296,2716,2647,2679,2868,3258,3374,3502,3432,3271,2085,1727,1597,1267,739,0,0
2024,2024-09-18,Southbound,Heavy Vehicles,50,48,50,76,91,177,328,281,284,374,342,420,403,449,403,360,290,267,220,133,94,86,59,50,0,0
2024,2024-09-18,Southbound,Light Vehicles,334,226,162,165,315,915,2197,3271,3093,2759,2403,2213,2262,2307,2684,3144,3026,3130,2873,1944,1532,1349,990,627,0,0
2024,2024-09-18,Southbound,All Vehicles,384,274,212,241,406,1092,2525,3552,3377,3133,2745,2633,2665,2756,3087,3504,3316,3397,3093,2077,1626,1435,1049,677,0,0
2024,2024-09-20,Southbound,Light Vehicles,,,,,,,,,,1711,1770,1753,1779,1886,1966,2082,2235,2278,2201,1488,1105,1087,946,589,0,0
2024,2024-09-20,Southbound,Heavy Vehicles,,,,,,,,,,159,193,196,223,214,217,206,171,156,122,67,46,44,34,24,0,0
2024,2024-09-20,Southbound,All Vehicles,,,,,,,,,,1870,1963,1949,2002,2100,2183,2288,2406,2434,2323,1555,1151,1131,980,613,0,0
2024,2024-09-21,Southbound,Light Vehicles,732,408,339,234,273,598,1328,1945,2631,3129,3253,3206,3104,2990,2992,2382,3103,3153,2748,2032,1596,1662,1591,1112,0,0
2024,2024-09-21,Southbound,Heavy Vehicles,33,37,32,34,39,72,145,135,239,251,200,230,228,233,225,191,177,191,125,89,80,58,65,52,0,0
2024,2024-09-21,Southbound,All Vehicles,765,445,371,268,312,670,1473,2080,2870,3380,3453,3436,3332,3223,3217,2573,3280,3344,2873,2121,1676,1720,1656,1164,0,0
2024,2024-09-22,Southbound,Heavy Vehicles,35,30,21,16,12,28,42,70,119,133,141,118,139,137,148,97,136,123,110,79,89,70,55,45,0,0
2024,2024-09-22,Southbound,Light Vehicles,723,506,323,257,240,346,792,1184,1935,2596,3252,3210,3212,2931,3141,2810,3045,3111,2613,1753,1649,1440,990,616,0,0
2024,2024-09-22,Southbound,All Vehicles,758,536,344,273,252,374,834,1254,2054,2729,3393,3328,3351,3068,3289,2907,3181,3234,2723,1832,1738,1510,1045,661,0,0
2024,2024-09-23,Southbound,Light Vehicles,333,189,127,133,308,914,2195,3307,3211,2832,2315,2205,2209,2257,2562,3138,3115,3289,2807,1869,1440,1184,948,516,0,0
2024,2024-09-23,Southbound,Heavy Vehicles,43,40,38,45,71,175,305,308,285,409,389,424,389,447,395,395,318,267,236,120,95,79,54,49,0,0
2024,2024-09-23,Southbound,All Vehicles,376,229,165,178,379,1089,2500,3615,3496,3241,2704,2629,2598,2704,2957,3533,3433,3556,3043,1989,1535,1263,1002,565,0,0
2024,2024-09-24,Southbound,Heavy Vehicles,42,35,44,42,80,148,319,330,252,353,422,394,427,415,432,333,328,271,220,133,104,77,78,63,0,0
2024,2024-09-24,Southbound,Light Vehicles,279,219,158,134,343,853,2243,3283,3318,2888,2286,2248,2292,2372,2740,3146,3245,3267,3024,2009,1574,1342,1087,601,0,0
2024,2024-09-24,Southbound,All Vehicles,321,254,202,176,423,1001,2562,3613,3570,3241,2708,2642,2719,2787,3172,3479,3573,3538,3244,2142,1678,1419,1165,664,0,0
2024,2024-09-25,Southbound,Heavy Vehicles,43,42,46,62,89,178,339,333,327,379,455,445,449,437,404,377,315,288,257,114,97,81,60,47,0,0
2024,2024-09-25,Southbound,Light Vehicles,341,213,170,178,307,947,2183,3143,3246,2877,2326,2352,2287,2342,2731,3033,3171,3220,3017,1981,1569,1468,1099,647,0,0
2024,2024-09-25,Southbound,All Vehicles,384,255,216,240,396,1125,2522,3476,3573,3256,2781,2797,2736,2779,3135,3410,3486,3508,3274,2095,1666,1549,1159,694,0,0
2024,2024-09-26,Southbound,Light Vehicles,373,231,186,184,286,801,2068,3062,3100,2945,2317,2351,2332,2313,2538,2884,2767,2928,2700,1972,1572,1520,1123,672,0,0
2024,2024-09-26,Southbound,Heavy Vehicles,37,36,47,56,69,115,227,284,274,366,349,353,339,386,355,302,219,252,157,112,95,69,43,52,0,0
2024,2024-09-26,Southbound,All Vehicles,410,267,233,240,355,916,2295,3346,3374,3311,2666,2704,2671,2699,2893,3186,2986,3180,2857,2084,1667,1589,1166,724,0,0
2024,2024-09-27,Southbound,Heavy Vehicles,36,41,52,64,88,157,270,321,292,328,391,368,397,375,386,326,330,235,206,118,97,80,67,47,0,0
2024,2024-09-27,Southbound,Light Vehicles,391,250,175,181,302,864,1977,2969,2757,2667,2579,2494,2521,2526,2693,3083,3131,3132,2930,2071,1520,1428,1353,913,0,0
2024,2024-09-27,Southbound,All Vehicles,427,291,227,245,390,1021,2247,3290,3049,2995,2970,2862,2918,2901,3079,3409,3461,3367,3136,2189,1617,1508,1420,960,0,0
2024,2024-09-28,Southbound,Heavy Vehicles,34,31,26,40,29,71,116,147,195,217,195,214,207,194,200,152,168,177,140,83,60,62,62,36,0,0
2024,2024-09-28,Southbound,Light Vehicles,621,385,287,221,260,586,1275,1655,2168,2870,3223,3350,3293,3138,3024,2855,2959,3214,2895,1877,1522,1518,1559,1042,0,0
2024,2024-09-28,Southbound,All Vehicles,655,416,313,261,289,657,1391,1802,2363,3087,3418,3564,3500,3332,3224,3007,3127,3391,3035,1960,1582,1580,1621,1078,0,0
2024,2024-09-29,Southbound,Light Vehicles,646,462,293,248,216,328,718,1073,1632,2561,3176,3301,3330,3287,2805,3011,2937,2821,2292,1629,1576,1475,1011,631,0,0
2024,2024-09-29,Southbound,Heavy Vehicles,33,22,16,25,7,26,41,69,88,126,136,152,153,123,116,102,103,134,94,81,80,63,54,52,0,0
2024,2024-09-29,Southbound,All Vehicles,679,484,309,273,223,354,759,1142,1720,2687,3312,3453,3483,3410,2921,3113,3040,2955,2386,1710,1656,1538,1065,683,0,0
2024,2024-09-30,Southbound,Heavy Vehicles,31,36,38,40,76,159,309,303,319,357,408,394,397,391,434,380,323,252,196,132,89,68,69,50,0,0
2024,2024-09-30,Southbound,Light Vehicles,368,189,135,135,294,887,2080,2943,3041,2528,2374,2347,2416,2424,2630,3127,3081,3210,2727,1901,1455,1198,1007,615,0,0
2024,2024-09-30,Southbound,All Vehicles,399,225,173,175,370,1046,2389,3246,3360,2885,2782,2741,2813,2815,3064,3507,3404,3462,2923,2033,1544,1266,1076,665,0,0
2024,2024-10-01,Southbound,Light Vehicles,4,2,1,1,,2,29,56,71,77,50,38,52,50,45,85,240,271,120,46,37,26,18,11,0,0
2024,2024-10-01,Southbound,Heavy Vehicles,,1,,,,,4,4,7,9,2,6,3,3,4,4,14,13,5,4,,,1,1,0,0
2024,2024-10-01,Southbound,All Vehicles,4,3,1,1,,2,33,60,78,86,52,44,55,53,49,89,254,284,125,50,37,26,19,12,0,0
2024,2024-10-02,Southbound,Light Vehicles,70,27,27,34,60,245,732,926,1046,931,863,871,824,882,968,1156,1137,1228,1114,623,461,436,305,170,0,0
2024,2024-10-02,Southbound,Heavy Vehicles,8,6,5,4,9,43,77,68,79,103,88,100,98,88,100,97,81,85,69,43,28,22,18,13,0,0
2024,2024-10-02,Southbound,All Vehicles,78,33,32,38,69,288,809,994,1125,1034,951,971,922,970,1068,1253,1218,1313,1183,666,489,458,323,183,0,0
2024,2024-10-03,Southbound,Heavy Vehicles,68,35,65,50,70,179,325,312,333,353,376,470,420,399,401,390,304,283,230,137,92,88,80,69,0,0
2024,2024-10-03,Southbound,Light Vehicles,355,258,173,170,316,882,2146,2822,3100,2594,2527,2497,2535,2604,2904,3150,3250,3330,3275,2352,1740,1727,1241,823,0,0
2024,2024-10-03,Southbound,All Vehicles,423,293,238,220,386,1061,2471,3134,3433,2947,2903,2967,2955,3003,3305,3540,3554,3613,3505,2489,1832,1815,1321,892,0,0
2024,2024-10-04,Southbound,Heavy Vehicles,55,58,50,55,84,183,341,311,327,346,386,392,436,349,404,373,316,266,203,122,92,86,61,50,0,0
2024,2024-10-04,Southbound,Light Vehicles,488,273,174,206,323,899,2083,2461,2846,2806,2731,2837,2761,2842,3048,2978,3191,3379,3160,2230,1701,1616,1437,941,0,0
2024,2024-10-04,Southbound,All Vehicles,543,331,224,261,407,1082,2424,2772,3173,3152,3117,3229,3197,3191,3452,3351,3507,3645,3363,2352,1793,1702,1498,991,0,0
2024,2024-10-05,Southbound,Light Vehicles,596,415,293,235,287,599,1163,1747,2209,3036,3358,3303,3125,3077,3246,3213,3222,3221,2970,1861,1587,1624,1580,1152,0,0
2024,2024-10-05,Southbound,Heavy Vehicles,46,27,20,39,29,71,93,136,187,195,200,171,195,212,193,187,158,178,122,78,71,69,67,45,0,0
2024,2024-10-05,Southbound,All Vehicles,642,442,313,274,316,670,1256,1883,2396,3231,3558,3474,3320,3289,3439,3400,3380,3399,3092,1939,1658,1693,1647,1197,0,0
2024,2024-10-06,Southbound,Light Vehicles,904,,,,,,,,,,,3005,2958,2739,2799,2876,2887,3037,2734,2012,1691,1736,1640,1128,0,0
2024,2024-10-06,Southbound,Heavy Vehicles,38,,,,,,,,,,,110,115,112,125,146,135,174,127,77,64,66,51,58,0,0
2024,2024-10-06,Southbound,All Vehicles,942,,,,,,,,,,,3115,3073,2851,2924,3022,3022,3211,2861,2089,1755,1802,1691,1186,0,0
2024,2024-10-07,Southbound,Light Vehicles,632,414,254,167,187,280,617,758,1028,1746,2364,2615,2445,2547,2546,2590,2676,2669,2511,2038,1907,1687,1268,709,0,0
2024,2024-10-07,Southbound,Heavy Vehicles,39,25,22,24,20,21,50,66,81,109,119,122,121,155,113,119,135,124,105,121,83,87,61,54,0,0
2024,2024-10-07,Southbound,All Vehicles,671,439,276,191,207,301,667,824,1109,1855,2483,2737,2566,2702,2659,2709,2811,2793,2616,2159,1990,1774,1329,763,0,0
2024,2024-10-08,Southbound,Heavy Vehicles,15,16,8,9,,,,,,,,212,184,175,213,196,150,138,113,77,49,72,65,68,0,0
2024,2024-10-08,Southbound,Light Vehicles,166,63,59,65,,,,,,,,1643,1705,1675,1840,2009,2158,2234,1890,1269,1009,1192,882,597,0,0
2024,2024-10-08,Southbound,All Vehicles,181,79,67,74,,,,,,,,1855,1889,1850,2053,2205,2308,2372,2003,1346,1058,1264,947,665,0,0
2024,2024-10-09,Southbound,Heavy Vehicles,55,49,49,55,19,30,90,87,64,88,104,,,,,,,68,44,38,33,78,82,47,0,0
2024,2024-10-09,Southbound,Light Vehicles,336,232,162,150,74,242,632,891,1012,838,773,,,,,,,981,899,585,495,1259,1082,640,0,0
2024,2024-10-09,Southbound,All Vehicles,391,281,211,205,93,272,722,978,1076,926,877,,,,,,,1049,943,623,528,1337,1164,687,0,0
2024,2024-10-10,Southbound,Light Vehicles,394,245,173,181,288,861,1932,2867,3144,2714,2437,2387,2395,2544,2845,2933,,2902,,2401,1909,1734,1186,763,0,0
2024,2024-10-10,Southbound,Heavy Vehicles,40,52,57,53,66,173,313,338,324,334,413,446,425,428,428,402,,244,,140,117,106,60,64,0,0
2024,2024-10-10,Southbound,All Vehicles,434,297,230,234,354,1034,2245,3205,3468,3048,2850,2833,2820,2972,3273,3335,,3146,,2541,2026,1840,1246,827,0,0
2024,2024-10-11,Southbound,Light Vehicles,459,284,180,192,326,790,1882,2567,2839,2687,2659,2703,2710,2657,2984,2889,2948,3063,2921,2378,1745,1691,1462,955,0,0
2024,2024-10-11,Southbound,Heavy Vehicles,59,48,52,62,92,157,315,340,321,341,398,412,412,389,401,335,298,248,252,123,114,96,71,53,0,0
2024,2024-10-11,Southbound,All Vehicles,518,332,232,254,418,947,2197,2907,3160,3028,3057,3115,3122,3046,3385,3224,3246,3311,3173,2501,1859,1787,1533,1008,0,0
2024,2024-10-12,Southbound,Heavy Vehicles,38,35,34,40,36,71,122,164,180,194,231,222,230,233,209,181,197,147,149,93,71,78,62,40,0,0
2024,2024-10-12,Southbound,Light Vehicles,675,455,307,248,287,624,1219,1788,2214,2762,3347,3460,3460,3435,3360,3394,3502,3566,2907,2035,1791,1675,1605,1164,0,0
2024,2024-10-12,Southbound,All Vehicles,713,490,341,288,323,695,1341,1952,2394,2956,3578,3682,3690,3668,3569,3575,3699,3713,3056,2128,1862,1753,1667,1204,0,0
2024,2024-10-14,Southbound,Heavy Vehicles,41,41,39,53,75,154,279,312,321,377,422,437,422,442,405,,288,258,199,117,82,64,53,45,0,0
2024,2024-10-14,Southbound,Light Vehicles,371,232,158,150,309,896,2086,3378,3326,2532,2278,2228,2123,2369,2736,,2985,3267,2771,1785,1464,1235,902,551,0,0
2024,2024-10-14,Southbound,All Vehicles,412,273,197,203,384,1050,2365,3690,3647,2909,2700,2665,2545,2811,3141,,3273,3525,2970,1902,1546,1299,955,596,0,0
2024,2024-10-16,Southbound,Heavy Vehicles,39,59,40,57,101,132,237,235,225,241,287,,,,,,219,175,,110,84,59,57,43,0,0
2024,2024-10-16,Southbound,Light Vehicles,305,182,152,123,257,647,1512,2407,2263,1967,1588,,,,,,2205,2328,,1475,1309,1090,841,536,0,0
2024,2024-10-16,Southbound,All Vehicles,344,241,192,180,358,779,1749,2642,2488,2208,1875,,,,,,2424,2503,,1585,1393,1149,898,579,0,0
2024,2024-10-17,Southbound,Heavy Vehicles,53,48,53,53,77,156,329,341,335,390,411,400,446,428,454,366,291,248,239,212,90,90,95,65,0,0
2024,2024-10-17,Southbound,Light Vehicles,407,251,163,166,324,864,2099,3064,3070,2806,2298,2264,2299,2416,2680,2736,3026,2971,3154,2661,1799,1767,1413,753,0,0
2024,2024-10-17,Southbound,All Vehicles,460,299,216,219,401,1020,2428,3405,3405,3196,2709,2664,2745,2844,3134,3102,3317,3219,3393,2873,1889,1857,1508,818,0,0
2024,2024-10-18,Southbound,Heavy Vehicles,51,57,44,73,,,,,,,,413,420,397,413,375,278,278,202,151,83,73,56,53,0,0
2024,2024-10-18,Southbound,Light Vehicles,534,344,214,206,,,,,,,,2636,2481,2541,2777,3057,2953,3098,3078,2339,1602,1620,1546,985,0,0
2024,2024-10-18,Southbound,All Vehicles,585,401,258,279,,,,,,,,3049,2901,2938,3190,3432,3231,3376,3280,2490,1685,1693,1602,1038,0,0
2024,2024-10-19,Southbound,Heavy Vehicles,41,40,21,37,27,81,150,171,177,194,197,223,188,193,193,207,150,,,,,,,,0,0
2024,2024-10-19,Southbound,Light Vehicles,679,457,295,230,297,590,1268,2047,2309,2789,3345,3202,3295,3256,3285,3111,3115,,,,,,,,0,0
2024,2024-10-19,Southbound,All Vehicles,720,497,316,267,324,671,1418,2218,2486,2983,3542,3425,3483,3449,3478,3318,3265,,,,,,,,0,0
2024,2024-10-21,Southbound,Heavy Vehicles,50,45,46,60,78,144,329,316,295,369,421,432,397,441,465,407,324,286,231,126,109,65,61,49,0,0
2024,2024-10-21,Southbound,Light Vehicles,394,191,144,146,288,907,2067,3203,3314,2686,2318,2207,2265,2435,2782,3164,3267,3383,3103,2028,1605,1451,1107,628,0,0
2024,2024-10-21,Southbound,All Vehicles,444,236,190,206,366,1051,2396,3519,3609,3055,2739,2639,2662,2876,3247,3571,3591,3669,3334,2154,1714,1516,1168,677,0,0
2024,2024-10-23,Southbound,Heavy Vehicles,55,45,49,65,91,169,337,315,303,377,426,443,428,479,432,327,,,,,,,,,0,0
2024,2024-10-23,Southbound,Light Vehicles,535,336,187,172,319,931,2287,3251,3258,3116,2400,2355,2397,2490,2963,3016,,,,,,,,,0,0
2024,2024-10-23,Southbound,All Vehicles,590,381,236,237,410,1100,2624,3566,3561,3493,2826,2798,2825,2969,3395,3343,,,,,,,,,0,0
2024,2024-10-24,Southbound,Light Vehicles,,,,,305,869,2267,3205,3209,3099,2435,2334,2407,2369,2870,3009,2951,3031,3082,2230,1913,1605,1177,736,0,0
2024,2024-10-24,Southbound,Heavy Vehicles,,,,,84,151,310,329,289,390,387,427,420,428,426,359,297,290,222,139,101,73,47,48,0,0
2024,2024-10-24,Southbound,All Vehicles,,,,,389,1020,2577,3534,3498,3489,2822,2761,2827,2797,3296,3368,3248,3321,3304,2369,2014,1678,1224,784,0,0
2024,2024-10-25,Southbound,Heavy Vehicles,52,52,49,59,101,161,296,361,360,370,427,,,,,,327,296,228,148,102,72,54,50,0,0
2024,2024-10-25,Southbound,Light Vehicles,456,258,176,155,318,875,2123,3090,2964,2728,2526,,,,,,3041,3275,3207,2540,1805,1650,1501,1051,0,0
2024,2024-10-25,Southbound,All Vehicles,508,310,225,214,419,1036,2419,3451,3324,3098,2953,,,,,,3368,3571,3435,2688,1907,1722,1555,1101,0,0
2024,2024-10-26,Southbound,Heavy Vehicles,52,30,31,40,,,,,,,,192,212,205,206,187,188,195,131,81,50,70,57,42,0,0
2024,2024-10-26,Southbound,Light Vehicles,687,413,342,227,,,,,,,,3487,3288,3201,3244,3382,3231,3378,3063,2037,1624,1748,1606,1120,0,0
2024,2024-10-26,Southbound,All Vehicles,739,443,373,267,,,,,,,,3679,3500,3406,3450,3569,3419,3573,3194,2118,1674,1818,1663,1162,0,0
2024,2024-10-27,Southbound,Light Vehicles,804,490,301,250,222,370,732,1173,1869,2650,3146,3341,3217,3165,2881,2951,3046,,,,,,,,0,0
2024,2024-10-27,Southbound,Heavy Vehicles,38,20,12,19,12,17,53,56,91,120,110,134,130,134,112,119,134,,,,,,,,0,0
2024,2024-10-27,Southbound,All Vehicles,842,510,313,269,234,387,785,1229,1960,2770,3256,3475,3347,3299,2993,3070,3180,,,,,,,,0,0
2024,2024-10-28,Southbound,Heavy Vehicles,,,,,69,146,296,299,268,355,424,445,430,431,414,400,319,233,172,116,84,76,73,45,0,0
2024,2024-10-28,Southbound,Light Vehicles,,,,,327,903,2257,3138,3114,2590,2272,2201,2164,2318,2717,2923,3001,2934,2592,1833,1476,1281,952,523,0,0
2024,2024-10-28,Southbound,All Vehicles,,,,,396,1049,2553,3437,3382,2945,2696,2646,2594,2749,3131,3323,3320,3167,2764,1949,1560,1357,1025,568,0,0
2024,2024-10-31,Southbound,Light Vehicles,417,271,197,171,321,863,2185,3353,3275,2779,2445,2338,2321,2444,2920,2981,,3289,2584,2039,1810,1737,1218,758,0,0
2024,2024-10-31,Southbound,Heavy Vehicles,46,42,52,53,66,159,319,325,325,348,389,437,431,449,446,349,,285,195,108,104,82,50,48,0,0
2024,2024-10-31,Southbound,All Vehicles,463,313,249,224,387,1022,2504,3678,3600,3127,2834,2775,2752,2893,3366,3330,,3574,2779,2147,1914,1819,1268,806,0,0
2024,2024-11-02,Southbound,Light Vehicles,512,307,236,203,232,499,912,1481,1714,2064,2076,2072,2001,1893,1342,1958,1962,2182,1969,1320,1117,1168,1156,824,0,0
2024,2024-11-02,Southbound,Heavy Vehicles,31,26,21,28,38,61,108,134,160,178,173,161,142,134,125,123,122,125,97,73,62,69,40,42,0,0
2024,2024-11-02,Southbound,All Vehicles,543,333,257,231,270,560,1020,1615,1874,2242,2249,2233,2143,2027,1467,2081,2084,2307,2066,1393,1179,1237,1196,866,0,0
2024,2024-11-03,Southbound,Light Vehicles,773,483,359,249,,,,,,,,3231,3251,3127,3076,3175,3068,3252,2850,2005,1802,1535,1112,735,0,0
2024,2024-11-03,Southbound,Heavy Vehicles,49,35,15,16,,,,,,,,162,162,137,152,151,153,164,145,118,123,111,78,79,0,0
2024,2024-11-03,Southbound,All Vehicles,822,518,374,265,,,,,,,,3393,3413,3264,3228,3326,3221,3416,2995,2123,1925,1646,1190,814,0,0
2024,2024-11-05,Southbound,Heavy Vehicles,37,35,35,50,75,154,308,358,305,346,429,401,454,455,469,376,281,269,210,155,109,90,64,71,0,0
2024,2024-11-05,Southbound,Light Vehicles,314,178,139,154,276,890,2203,3317,3249,2679,2340,2356,2347,2349,2734,2884,3139,3285,2960,2125,1688,1440,1130,695,0,0
2024,2024-11-05,Southbound,All Vehicles,351,213,174,204,351,1044,2511,3675,3554,3025,2769,2757,2801,2804,3203,3260,3420,3554,3170,2280,1797,1530,1194,766,0,0
2024,2024-11-06,Southbound,Heavy Vehicles,55,49,62,52,90,170,331,322,316,395,435,408,416,439,472,383,314,263,,127,84,89,69,63,0,0
2024,2024-11-06,Southbound,Light Vehicles,373,254,194,180,347,938,2248,3171,3250,2917,2364,2338,2324,2436,2876,3123,2946,3108,,1867,1718,1531,1400,847,0,0
2024,2024-11-06,Southbound,All Vehicles,428,303,256,232,437,1108,2579,3493,3566,3312,2799,2746,2740,2875,3348,3506,3260,3371,,1994,1802,1620,1469,910,0,0
2024,2024-11-07,Southbound,Light Vehicles,608,328,214,167,325,881,2144,3251,3284,2867,2377,2353,2484,2562,3022,3029,3112,3128,2884,2508,1646,1649,1190,662,0,0
2024,2024-11-07,Southbound,Heavy Vehicles,43,52,48,57,73,163,338,331,320,423,432,450,462,409,456,355,302,264,196,218,86,66,51,41,0,0
2024,2024-11-07,Southbound,All Vehicles,651,380,262,224,398,1044,2482,3582,3604,3290,2809,2803,2946,2971,3478,3384,3414,3392,3080,2726,1732,1715,1241,703,0,0
2024,2024-11-10,Southbound,Light Vehicles,12,5,1,,,,,,,,,157,290,78,80,94,142,,,,,,,,0,0
2024,2024-11-10,Southbound,Heavy Vehicles,1,,,,,,,,,,,5,6,2,1,4,4,,,,,,,,0,0
2024,2024-11-10,Southbound,All Vehicles,13,5,1,,,,,,,,,162,296,80,81,98,146,,,,,,,,0,0
2024,2024-11-11,Southbound,Heavy Vehicles,,,,,,,3,11,10,7,,,,,,,,16,2,2,3,,1,,0,0
2024,2024-11-11,Southbound,Light Vehicles,,,,,1,7,24,84,216,123,,,,,,,,294,136,60,35,,10,5,0,0
2024,2024-11-11,Southbound,All Vehicles,,,,,1,7,27,95,226,130,,,,,,,,310,138,62,38,,11,5,0,0
2024,2024-11-12,Southbound,Heavy Vehicles,49,49,49,49,72,126,218,222,186,282,284,313,,,301,269,172,170,189,,78,56,,,0,0
2024,2024-11-12,Southbound,Light Vehicles,274,169,128,139,235,609,1528,1993,2092,2004,1532,1549,,,1872,1798,1555,2077,2357,,1180,1009,,,0,0
2024,2024-11-12,Southbound,All Vehicles,323,218,177,188,307,735,1746,2215,2278,2286,1816,1862,,,2173,2067,1727,2247,2546,,1258,1065,,,0,0
2024,2024-11-13,Southbound,Light Vehicles,357,257,183,185,347,983,2261,2934,2874,,2399,2345,2402,2402,2811,2902,2650,2538,2816,2212,1745,1582,1161,731,0,0
2024,2024-11-13,Southbound,Heavy Vehicles,63,61,52,64,87,157,333,320,267,,381,435,459,469,423,318,253,238,206,178,113,82,67,68,0,0
2024,2024-11-13,Southbound,All Vehicles,420,318,235,249,434,1140,2594,3254,3141,,2780,2780,2861,2871,3234,3220,2903,2776,3022,2390,1858,1664,1228,799,0,0
2024,2024-11-14,Southbound,Light Vehicles,428,253,193,164,315,818,1970,2004,1730,1993,2362,2415,2427,2406,2861,2946,3160,3125,2946,2365,1882,1744,1307,864,0,0
2024,2024-11-14,Southbound,Heavy Vehicles,47,46,33,38,66,98,230,162,142,208,389,459,416,437,432,404,302,270,212,139,123,83,68,86,0,0
2024,2024-11-14,Southbound,All Vehicles,475,299,226,202,381,916,2200,2166,1872,2201,2751,2874,2843,2843,3293,3350,3462,3395,3158,2504,2005,1827,1375,950,0,0
2024,2024-11-15,Southbound,Heavy Vehicles,52,60,50,70,99,149,297,311,296,350,,,,,,,322,275,227,159,92,81,72,41,0,0
2024,2024-11-15,Southbound,Light Vehicles,530,328,218,208,366,866,2059,2917,2761,2771,,,,,,,3014,3176,3090,2589,1738,1841,1572,1099,0,0
2024,2024-11-15,Southbound,All Vehicles,582,388,268,278,465,1015,2356,3228,3057,3121,,,,,,,3336,3451,3317,2748,1830,1922,1644,1140,0,0
2024,2024-11-16,Southbound,Heavy Vehicles,,,1,,,,1,2,,6,16,17,9,12,3,2,1,6,2,,1,2,1,,0,0
2024,2024-11-16,Southbound,Light Vehicles,5,3,3,2,1,6,19,22,30,82,235,260,317,234,103,89,92,252,125,59,35,24,26,12,0,0
2024,2024-11-16,Southbound,All Vehicles,5,3,4,2,1,6,20,24,30,88,251,277,326,246,106,91,93,258,127,59,36,26,27,12,0,0
2024,2024-11-17,Southbound,Heavy Vehicles,38,26,20,22,21,26,38,68,98,117,147,113,138,103,111,123,120,132,118,49,24,40,29,42,0,0
2024,2024-11-17,Southbound,Light Vehicles,866,549,330,259,237,330,820,1154,1753,2638,3233,3222,3247,2730,2847,3105,3025,3048,2711,1016,457,1268,999,578,0,0
2024,2024-11-17,Southbound,All Vehicles,904,575,350,281,258,356,858,1222,1851,2755,3380,3335,3385,2833,2958,3228,3145,3180,2829,1065,481,1308,1028,620,0,0
2024,2024-11-19,Southbound,Light Vehicles,267,222,162,165,285,905,2273,3137,3022,2691,2453,2316,2264,2337,2903,3030,3043,3054,3228,2293,1748,1580,1252,739,0,0
2024,2024-11-19,Southbound,Heavy Vehicles,44,50,42,64,75,149,307,296,251,349,388,374,411,424,387,374,315,272,257,150,104,91,83,85,0,0
2024,2024-11-19,Southbound,All Vehicles,311,272,204,229,360,1054,2580,3433,3273,3040,2841,2690,2675,2761,3290,3404,3358,3326,3485,2443,1852,1671,1335,824,0,0
2024,2024-11-20,Southbound,Heavy Vehicles,73,63,51,76,86,165,321,299,247,383,352,394,437,435,422,379,339,238,237,159,116,100,86,85,0,0
2024,2024-11-20,Southbound,Light Vehicles,390,259,195,181,336,920,2248,3004,2932,2955,2308,2325,2336,2449,2802,2968,3026,2922,3047,2509,1737,1549,1401,834,0,0
2024,2024-11-20,Southbound,All Vehicles,463,322,246,257,422,1085,2569,3303,3179,3338,2660,2719,2773,2884,3224,3347,3365,3160,3284,2668,1853,1649,1487,919,0,0
2024,2024-11-21,Southbound,Heavy Vehicles,77,65,51,55,75,190,321,305,289,340,397,433,435,435,440,332,298,248,256,195,109,102,81,76,0,0
2024,2024-11-21,Southbound,Light Vehicles,481,295,191,181,300,914,2284,3233,3288,2923,2453,2382,2342,2611,2930,2737,2820,2948,3131,2621,2035,1894,1495,958,0,0
2024,2024-11-21,Southbound,All Vehicles,558,360,242,236,375,1104,2605,3538,3577,3263,2850,2815,2777,3046,3370,3069,3118,3196,3387,2816,2144,1996,1576,1034,0,0
2024,2024-11-22,Southbound,Heavy Vehicles,59,73,42,68,87,167,320,327,293,372,,,,,,,299,254,219,147,91,88,64,50,0,0
2024,2024-11-22,Southbound,Light Vehicles,617,349,241,206,331,968,2146,3124,2950,2742,,,,,,,3105,3254,3269,2374,1855,1711,1553,1074,0,0
2024,2024-11-22,Southbound,All Vehicles,676,422,283,274,418,1135,2466,3451,3243,3114,,,,,,,3404,3508,3488,2521,1946,1799,1617,1124,0,0
2024,2024-11-23,Southbound,Light Vehicles,434,236,147,94,138,355,843,1297,1650,2148,2020,1661,1948,1832,2015,2138,2209,2195,1791,1388,1102,1146,1074,798,0,0
2024,2024-11-23,Southbound,Heavy Vehicles,18,20,9,10,7,36,80,81,106,112,113,129,130,118,96,108,99,127,88,58,44,40,38,27,0,0
2024,2024-11-23,Southbound,All Vehicles,452,256,156,104,145,391,923,1378,1756,2260,2133,1790,2078,1950,2111,2246,2308,2322,1879,1446,1146,1186,1112,825,0,0
2024,2024-11-24,Southbound,Heavy Vehicles,,,,,,,,,1,2,4,2,2,2,2,3,2,4,3,,1,2,2,1,0,0
2024,2024-11-24,Southbound,Light Vehicles,10,3,1,2,2,3,12,11,31,71,98,105,93,79,79,84,68,101,72,57,45,38,21,7,0,0
2024,2024-11-24,Southbound,All Vehicles,10,3,1,2,2,3,12,11,32,73,102,107,95,81,81,87,70,105,75,57,46,40,23,8,0,0
2024,2024-11-26,Southbound,Heavy Vehicles,33,35,59,46,69,168,335,266,280,372,410,404,412,405,412,338,286,190,129,105,127,96,64,71,0,0
2024,2024-11-26,Southbound,Light Vehicles,341,199,178,168,305,954,2369,3021,3163,2875,2469,2384,2403,2470,2837,3027,3045,2776,2513,2082,1854,1614,1179,755,0,0
2024,2024-11-26,Southbound,All Vehicles,374,234,237,214,374,1122,2704,3287,3443,3247,2879,2788,2815,2875,3249,3365,3331,2966,2642,2187,1981,1710,1243,826,0,0
2024,2024-11-27,Southbound,Light Vehicles,389,251,173,188,347,954,2356,2951,,2918,2420,2507,2547,2464,2910,3005,3011,3173,2961,2163,1774,1635,1241,773,0,0
2024,2024-11-27,Southbound,Heavy Vehicles,55,63,43,49,89,158,356,271,,348,400,388,422,406,401,340,308,289,213,147,110,89,72,65,0,0
2024,2024-11-27,Southbound,All Vehicles,444,314,216,237,436,1112,2712,3222,,3266,2820,2895,2969,2870,3311,3345,3319,3462,3174,2310,1884,1724,1313,838,0,0
2024,2024-11-28,Southbound,Light Vehicles,525,282,178,188,347,900,2243,3015,3181,2850,2413,2400,1903,2471,2846,2901,2989,2919,3016,2236,1999,1871,1213,754,0,0
2024,2024-11-28,Southbound,Heavy Vehicles,57,54,60,52,72,176,327,305,266,379,378,361,352,371,399,356,305,275,227,150,107,90,42,67,0,0
2024,2024-11-28,Southbound,All Vehicles,582,336,238,240,419,1076,2570,3320,3447,3229,2791,2761,2255,2842,3245,3257,3294,3194,3243,2386,2106,1961,1255,821,0,0
2024,2024-11-30,Southbound,Heavy Vehicles,47,38,22,40,32,74,109,155,191,189,204,183,,194,172,172,149,154,136,102,77,,,48,0,0
2024,2024-11-30,Southbound,Light Vehicles,697,438,328,295,265,593,1189,1762,2294,2921,3218,3346,,3048,2941,3121,2823,3208,2935,2111,1691,,,1260,0,0
2024,2024-11-30,Southbound,All Vehicles,744,476,350,335,297,667,1298,1917,2485,3110,3422,3529,,3242,3113,3293,2972,3362,3071,2213,1768,,,1308,0,0
2024,2024-12-01,Southbound,Heavy Vehicles,23,16,17,12,9,18,13,34,35,58,59,55,52,56,45,53,52,,,,,,,,0,0
2024,2024-12-01,Southbound,Light Vehicles,348,248,189,181,136,199,359,479,642,916,1025,1063,1061,972,929,950,995,,,,,,,,0,0
2024,2024-12-01,Southbound,All Vehicles,371,264,206,193,145,217,372,513,677,974,1084,1118,1113,1028,974,1003,1047,,,,,,,,0,0
2024,2024-12-05,Southbound,Light Vehicles,479,321,216,182,338,915,2124,2922,2930,2705,2372,2386,2313,2496,2674,2577,2604,2535,2600,2329,1975,1894,1375,844,0,0
2024,2024-12-05,Southbound,Heavy Vehicles,61,60,69,55,72,183,353,288,301,316,381,381,404,422,378,338,310,262,237,143,134,118,79,83,0,0
2024,2024-12-05,Southbound,All Vehicles,540,381,285,237,410,1098,2477,3210,3231,3021,2753,2767,2717,2918,3052,2915,2914,2797,2837,2472,2109,2012,1454,927,0,0
2024,2024-12-06,Southbound,Heavy Vehicles,66,80,54,52,83,169,367,345,298,388,407,478,405,452,387,355,313,250,207,167,105,91,71,53,0,0
2024,2024-12-06,Southbound,Light Vehicles,619,376,212,203,353,959,2048,2895,2768,2722,2623,2726,2559,2650,2877,2739,2684,2592,3098,2626,1947,1796,1665,1180,0,0
2024,2024-12-06,Southbound,All Vehicles,685,456,266,255,436,1128,2415,3240,3066,3110,3030,3204,2964,3102,3264,3094,2997,2842,3305,2793,2052,1887,1736,1233,0,0
2024,2024-12-07,Southbound,Heavy Vehicles,11,3,3,1,3,9,28,39,53,60,55,45,60,54,47,52,50,49,37,29,20,20,19,,0,0
2024,2024-12-07,Southbound,Light Vehicles,220,122,71,57,73,119,394,570,758,920,1048,972,801,778,899,978,1003,1138,1009,668,570,512,512,,0,0
2024,2024-12-07,Southbound,All Vehicles,231,125,74,58,76,128,422,609,811,980,1103,1017,861,832,946,1030,1053,1187,1046,697,590,532,531,,0,0
2024,2024-12-08,Southbound,Light Vehicles,10,6,4,1,,,11,5,27,46,87,99,107,73,75,90,90,,,,,,,,0,0
2024,2024-12-08,Southbound,Heavy Vehicles,,,,,,,2,2,,1,3,2,,4,2,,3,,,,,,,,0,0
2024,2024-12-08,Southbound,All Vehicles,10,6,4,1,,,13,7,27,47,90,101,107,77,77,90,93,,,,,,,,0,0
2024,2024-12-09,Southbound,Light Vehicles,,,,,293,943,2265,3315,3017,2608,2314,2352,2326,2465,2752,3047,,,,,,,,,0,0
2024,2024-12-09,Southbound,Heavy Vehicles,,,,,83,166,307,290,261,361,365,414,415,404,391,419,,,,,,,,,0,0
2024,2024-12-09,Southbound,All Vehicles,,,,,376,1109,2572,3605,3278,2969,2679,2766,2741,2869,3143,3466,,,,,,,,,0,0
2024,2024-12-10,Southbound,Light Vehicles,,,,,,,,,,,2437,2362,2308,2456,2767,2834,2910,3183,2988,2143,1823,1608,1257,733,0,0
2024,2024-12-10,Southbound,Heavy Vehicles,,,,,,,,,,,416,435,423,433,452,362,314,280,221,172,129,99,76,61,0,0
2024,2024-12-10,Southbound,All Vehicles,,,,,,,,,,,2853,2797,2731,2889,3219,3196,3224,3463,3209,2315,1952,1707,1333,794,0,0
2024,2024-12-11,Southbound,Heavy Vehicles,48,58,48,75,,,,,,,464,407,403,462,435,343,319,286,249,152,115,,74,72,0,0
2024,2024-12-11,Southbound,Light Vehicles,432,266,195,165,,,,,,,2533,2472,2328,2499,2782,2681,3015,3071,3046,2054,1752,,1322,790,0,0
2024,2024-12-11,Southbound,All Vehicles,480,324,243,240,,,,,,,2997,2879,2731,2961,3217,3024,3334,3357,3295,2206,1867,,1396,862,0,0
2024,2024-12-14,Southbound,Heavy Vehicles,,,,,,,,,,,,,154,117,107,120,111,111,81,69,51,53,50,38,0,0
2024,2024-12-14,Southbound,Light Vehicles,,,,,,,,,,,,,2265,2147,2224,2304,2113,2370,2122,1390,1135,1241,1086,807,0,0
2024,2024-12-14,Southbound,All Vehicles,,,,,,,,,,,,,2419,2264,2331,2424,2224,2481,2203,1459,1186,1294,1136,845,0,0
2024,2024-12-15,Southbound,Light Vehicles,989,639,388,306,275,345,734,1060,1749,2471,3024,3304,,2994,3004,3220,,,,,,,,,0,0
2024,2024-12-15,Southbound,Heavy Vehicles,42,32,25,16,17,25,57,60,113,99,145,135,,111,120,115,,,,,,,,,0,0
2024,2024-12-15,Southbound,All Vehicles,1031,671,413,322,292,370,791,1120,1862,2570,3169,3439,,3105,3124,3335,,,,,,,,,0,0
2024,2024-12-17,Southbound,Light Vehicles,420,253,195,161,312,923,2239,3142,3277,2795,,,,,,,3005,2724,2750,1765,1330,994,1228,744,0,0
2024,2024-12-17,Southbound,Heavy Vehicles,50,44,28,51,85,176,357,335,288,353,,,,,,,311,258,182,108,74,52,72,64,0,0
2024,2024-12-17,Southbound,All Vehicles,470,297,223,212,397,1099,2596,3477,3565,3148,,,,,,,3316,2982,2932,1873,1404,1046,1300,808,0,0
2024,2024-12-18,Southbound,Heavy Vehicles,53,50,48,48,82,141,283,274,292,347,,,,,,,299,285,252,136,84,72,82,65,0,0
2024,2024-12-18,Southbound,Light Vehicles,433,230,200,169,338,887,2073,3117,2956,2901,,,,,,,3064,3158,3016,2171,1697,1553,1382,818,0,0
2024,2024-12-18,Southbound,All Vehicles,486,280,248,217,420,1028,2356,3391,3248,3248,,,,,,,3363,3443,3268,2307,1781,1625,1464,883,0,0
2024,2024-12-19,Southbound,Light Vehicles,305,226,166,137,238,614,1375,1868,1931,1742,1651,1757,1736,1720,1825,1986,2039,2130,2029,1445,1265,1332,1052,609,0,0
2024,2024-12-19,Southbound,Heavy Vehicles,28,48,44,55,54,133,219,263,226,270,283,314,288,307,324,253,243,239,146,86,61,63,70,57,0,0
2024,2024-12-19,Southbound,All Vehicles,333,274,210,192,292,747,1594,2131,2157,2012,1934,2071,2024,2027,2149,2239,2282,2369,2175,1531,1326,1395,1122,666,0,0
2024,2024-12-20,Southbound,Light Vehicles,554,325,237,221,340,862,1929,2555,2722,2758,2863,2845,2848,2829,3021,3047,3049,3226,2762,2198,1858,1900,1805,1213,0,0
2024,2024-12-20,Southbound,Heavy Vehicles,64,49,51,48,87,141,310,284,314,356,399,370,403,346,359,339,310,282,163,130,104,85,69,60,0,0
2024,2024-12-20,Southbound,All Vehicles,618,374,288,269,427,1003,2239,2839,3036,3114,3262,3215,3251,3175,3380,3386,3359,3508,2925,2328,1962,1985,1874,1273,0,0
2024,2024-12-21,Southbound,Light Vehicles,714,463,343,277,353,662,1260,1728,2146,2832,3145,3111,2942,,,2943,,3290,3093,1805,1662,1835,1813,1286,0,0
2024,2024-12-21,Southbound,Heavy Vehicles,41,46,29,44,29,91,105,169,178,192,193,204,209,,,167,,152,130,80,83,74,66,63,0,0
2024,2024-12-21,Southbound,All Vehicles,755,509,372,321,382,753,1365,1897,2324,3024,3338,3315,3151,,,3110,,3442,3223,1885,1745,1909,1879,1349,0,0
2024,2024-12-31,Southbound,Light Vehicles,,,151,198,242,429,975,1346,1568,2029,2373,2363,2391,2396,2491,,2618,2589,2241,,1232,,1585,832,0,0
2024,2024-12-31,Southbound,Heavy Vehicles,,,26,43,61,78,151,152,163,194,215,222,213,225,186,,166,142,97,,51,,47,31,0,0
2024,2024-12-31,Southbound,All Vehicles,,,177,241,303,507,1126,1498,1731,2223,2588,2585,2604,2621,2677,,2784,2731,2338,,1283,,1632,863,0,0
2025,2025-01-01,Southbound,Heavy Vehicles,54,72,55,26,19,14,24,44,80,84,92,96,89,94,78,86,91,87,91,72,58,63,56,,0,0
2025,2025-01-01,Northbound,Heavy Vehicles,18,18,11,15,,,,,,,,47,34,37,36,29,29,25,28,33,33,24,29,23,0,0
2025,2025-01-01,Southbound,Light Vehicles,1435,2462,1142,547,424,384,559,767,733,1252,1707,2036,1966,2016,1935,2164,2562,2303,2099,1607,1607,1586,1164,,0,0
2025,2025-01-01,Northbound,Light Vehicles,455,509,393,227,,,,,,,,697,758,779,777,762,712,744,651,581,572,663,524,513,0,0
2025,2025-01-01,Southbound,All Vehicles,1489,2534,1197,573,443,398,583,811,813,1336,1799,2132,2055,2110,2013,2250,2653,2390,2190,1679,1665,1649,1220,,0,0
2025,2025-01-01,Northbound,All Vehicles,473,527,404,242,,,,,,,,744,792,816,813,791,741,769,679,614,605,687,553,536,0,0
2025,2025-01-02,Southbound,Heavy Vehicles,46,39,36,46,54,86,145,187,162,225,251,,223,248,234,215,208,162,124,84,86,58,59,54,0,0
2025,2025-01-02,Southbound,Light Vehicles,416,307,219,173,219,488,986,1486,1718,2005,2446,,2554,2585,2633,2774,2968,2760,2388,1781,1576,1483,1095,757,0,0
2025,2025-01-02,Southbound,All Vehicles,462,346,255,219,273,574,1131,1673,1880,2230,2697,,2777,2833,2867,2989,3176,2922,2512,1865,1662,1541,1154,811,0,0
2025,2025-01-03,Northbound,Light Vehicles,,,,,234,595,1148,1074,1233,1413,1499,1628,1688,1783,1854,,1834,,,,,,,,0,0
2025,2025-01-03,Northbound,Heavy Vehicles,,,,,111,118,201,224,213,200,172,172,157,153,144,,105,,,,,,,,0,0
2025,2025-01-03,Northbound,All Vehicles,,,,,345,713,1349,1298,1446,1613,1671,1800,1845,1936,1998,,1939,,,,,,,,0,0
2025,2025-01-04,Northbound,Heavy Vehicles,,,,,60,92,188,201,197,169,195,172,179,163,153,124,137,125,115,96,103,78,71,,0,0
2025,2025-01-04,Northbound,Light Vehicles,,,,,231,586,1338,1382,1897,2384,2771,2878,2862,2852,2894,2697,2865,2581,2327,1825,1801,2050,1569,,0,0
2025,2025-01-04,Northbound,All Vehicles,,,,,291,678,1526,1583,2094,2553,2966,3050,3041,3015,3047,2821,3002,2706,2442,1921,1904,2128,1640,,0,0
2025,2025-01-05,Northbound,Heavy Vehicles,36,29,22,13,30,48,74,87,115,151,124,157,137,154,127,110,101,112,122,108,,96,77,56,0,0
2025,2025-01-05,Northbound,Light Vehicles,548,318,210,126,184,409,793,982,1346,2227,2559,2667,2774,2882,2829,2667,2513,2471,2030,1725,,1558,1339,850,0,0
2025,2025-01-05,Northbound,All Vehicles,584,347,232,139,214,457,867,1069,1461,2378,2683,2824,2911,3036,2956,2777,2614,2583,2152,1833,,1654,1416,906,0,0
2025,2025-01-06,Northbound,Heavy Vehicles,44,38,42,44,124,221,449,415,341,356,337,275,300,264,207,243,186,169,120,96,74,71,58,,0,0
2025,2025-01-06,Southbound,Heavy Vehicles,,,,,74,137,250,263,319,325,374,327,,322,330,,234,240,148,101,69,,43,33,0,0
2025,2025-01-06,Southbound,Light Vehicles,,,,,264,720,1725,2500,2701,2207,2176,2273,,2347,2604,,2908,3221,2459,1777,1511,,961,532,0,0
2025,2025-01-06,Northbound,Light Vehicles,315,205,108,110,340,1279,2521,2329,2605,2162,2127,2251,2168,2206,2395,2574,3026,3265,2279,1690,1465,1349,905,,0,0
2025,2025-01-06,Northbound,All Vehicles,359,243,150,154,464,1500,2970,2744,2946,2518,2464,2526,2468,2470,2602,2817,3212,3434,2399,1786,1539,1420,963,,0,0
2025,2025-01-06,Southbound,All Vehicles,,,,,338,857,1975,2763,3020,2532,2550,2600,,2669,2934,,3142,3461,2607,1878,1580,,1004,565,0,0
2025,2025-01-07,Southbound,Light Vehicles,249,173,79,85,196,689,1637,2444,2848,2236,2232,2333,2343,2329,2505,2962,2952,2781,2347,1632,1345,1324,975,579,0,0
2025,2025-01-07,Northbound,Light Vehicles,300,131,111,122,328,1125,2402,2187,2614,2223,1980,2076,2127,1353,1403,2964,3056,3242,2506,1554,1408,1376,987,481,0,0
2025,2025-01-07,Northbound,Heavy Vehicles,34,30,42,45,140,186,428,386,322,333,321,302,275,214,173,228,197,198,149,102,98,69,68,40,0,0
2025,2025-01-07,Southbound,Heavy Vehicles,27,30,13,15,31,132,240,278,300,286,332,355,297,337,332,343,258,243,145,110,88,69,58,47,0,0
2025,2025-01-07,Southbound,All Vehicles,276,203,92,100,227,821,1877,2722,3148,2522,2564,2688,2640,2666,2837,3305,3210,3024,2492,1742,1433,1393,1033,626,0,0
2025,2025-01-07,Northbound,All Vehicles,334,161,153,167,468,1311,2830,2573,2936,2556,2301,2378,2402,1567,1576,3192,3253,3440,2655,1656,1506,1445,1055,521,0,0
2025,2025-01-08,Southbound,Heavy Vehicles,35,48,45,51,72,131,236,283,296,281,343,314,310,308,298,278,255,210,158,98,65,62,50,49,0,0
2025,2025-01-08,Southbound,Light Vehicles,330,229,146,149,253,718,1753,2408,2932,2433,2406,2436,2252,2390,2452,2727,3047,3084,2552,1630,1315,1191,861,469,0,0
2025,2025-01-08,Northbound,Light Vehicles,257,146,112,128,310,1250,2571,2304,2649,2156,2006,,2052,2197,2225,2541,3092,3384,,1614,1421,1360,934,473,0,0
2025,2025-01-08,Northbound,Heavy Vehicles,35,31,46,48,123,220,498,376,318,346,299,,290,235,214,207,165,183,,92,67,59,58,38,0,0
2025,2025-01-08,Southbound,All Vehicles,365,277,191,200,325,849,1989,2691,3228,2714,2749,2750,2562,2698,2750,3005,3302,3294,2710,1728,1380,1253,911,518,0,0
2025,2025-01-08,Northbound,All Vehicles,292,177,158,176,433,1470,3069,2680,2967,2502,2305,,2342,2432,2439,2748,3257,3567,,1706,1488,1419,992,511,0,0
2025,2025-01-09,Southbound,Light Vehicles,303,217,166,159,222,691,1661,,2824,2412,2447,2364,2452,2469,2715,3154,,3342,2789,1976,1724,1663,1152,694,0,0
2025,2025-01-09,Southbound,Heavy Vehicles,41,34,42,42,55,141,239,,287,282,307,354,332,367,336,353,,236,164,120,88,70,55,44,0,0
2025,2025-01-09,Southbound,All Vehicles,344,251,208,201,277,832,1900,,3111,2694,2754,2718,2784,2836,3051,3507,,3578,2953,2096,1812,1733,1207,738,0,0
2025,2025-01-10,Southbound,Heavy Vehicles,6,7,5,4,6,21,66,64,68,78,72,,86,83,69,107,73,84,62,40,29,25,8,12,0,0
2025,2025-01-10,Southbound,Light Vehicles,84,48,26,28,46,203,543,660,833,775,830,,895,876,925,1036,991,1170,981,641,507,459,424,228,0,0
2025,2025-01-10,Northbound,Light Vehicles,,,,,327,1218,2517,2067,2405,2237,2251,,2314,2656,2557,2977,,,,,,,,,0,0
2025,2025-01-10,Northbound,Heavy Vehicles,,,,,137,229,490,434,341,379,328,,250,301,259,255,,,,,,,,,0,0
2025,2025-01-10,Southbound,All Vehicles,90,55,31,32,52,224,609,724,901,853,902,,981,959,994,1143,1064,1254,1043,681,536,484,432,240,0,0
2025,2025-01-10,Northbound,All Vehicles,,,,,464,1447,3007,2501,2746,2616,2579,,2564,2957,2816,3232,,,,,,,,,0,0
2025,2025-01-11,Northbound,Light Vehicles,,,,,195,687,1621,1607,1913,2449,2692,2949,3101,3121,3196,3217,2979,2682,2430,1944,1804,1873,1484,973,0,0
2025,2025-01-11,Northbound,Heavy Vehicles,,,,,42,84,251,218,197,179,188,169,171,177,139,137,128,108,98,77,76,63,47,48,0,0
2025,2025-01-11,Northbound,All Vehicles,,,,,237,771,1872,1825,2110,2628,2880,3118,3272,3298,3335,3354,3107,2790,2528,2021,1880,1936,1531,1021,0,0
2025,2025-01-12,Northbound,Heavy Vehicles,23,19,19,15,22,32,72,72,129,114,112,122,139,129,117,110,94,99,89,101,90,,62,48,0,0
2025,2025-01-12,Northbound,Light Vehicles,660,363,236,167,190,393,806,821,1293,2084,2398,2742,2946,2975,3074,2999,2792,2571,2402,1968,1855,,1041,588,0,0
2025,2025-01-12,Northbound,All Vehicles,683,382,255,182,212,425,878,893,1422,2198,2510,2864,3085,3104,3191,3109,2886,2670,2491,2069,1945,,1103,636,0,0
2025,2025-01-13,Northbound,Heavy Vehicles,43,30,40,54,122,285,523,476,357,,365,320,323,313,250,254,194,165,152,136,106,75,64,,0,0
2025,2025-01-13,Northbound,Light Vehicles,339,163,122,122,406,1532,2829,2578,2773,,2136,2255,2136,2265,2287,2741,2930,3316,2690,1856,1465,1270,1062,,0,0
2025,2025-01-13,Northbound,All Vehicles,382,193,162,176,528,1817,3352,3054,3130,,2501,2575,2459,2578,2537,2995,3124,3481,2842,1992,1571,1345,1126,,0,0
2025,2025-01-14,Northbound,Heavy Vehicles,43,27,44,47,144,260,528,475,348,432,387,407,293,,255,261,211,208,165,110,102,79,63,53,0,0
2025,2025-01-14,Northbound,Light Vehicles,309,154,104,119,377,1497,2865,2766,3039,2427,1981,2195,2149,,2398,2843,3253,3583,2870,1930,1632,1591,1067,528,0,0
2025,2025-01-14,Northbound,All Vehicles,352,181,148,166,521,1757,3393,3241,3387,2859,2368,2602,2442,,2653,3104,3464,3791,3035,2040,1734,1670,1130,581,0,0
2025,2025-01-16,Northbound,Heavy Vehicles,8,2,3,3,10,47,162,125,83,93,79,93,72,76,,76,56,,55,36,47,19,15,15,0,0
2025,2025-01-16,Southbound,Heavy Vehicles,38,34,55,47,78,143,297,290,,324,368,312,301,328,,359,272,,222,,108,79,64,52,0,0
2025,2025-01-16,Southbound,Light Vehicles,411,260,176,169,252,749,1969,2751,,2994,2478,2198,2417,2349,,3026,3102,,3018,,1874,1670,1295,786,0,0
2025,2025-01-16,Northbound,Light Vehicles,48,24,11,18,65,395,991,775,804,742,692,586,639,771,,943,995,,1024,695,688,642,371,160,0,0
2025,2025-01-16,Northbound,All Vehicles,56,26,14,21,75,442,1153,900,887,835,771,679,711,847,,1019,1051,,1079,731,735,661,386,175,0,0
2025,2025-01-16,Southbound,All Vehicles,449,294,231,216,330,892,2266,3041,,3318,2846,2510,2718,2677,,3385,3374,,3240,,1982,1749,1359,838,0,0
2025,2025-01-18,Northbound,Light Vehicles,570,290,213,126,224,698,1573,1472,1815,2391,2684,2908,3188,3210,3334,3293,3090,2852,2357,2007,1892,1766,1617,1105,0,0
2025,2025-01-18,Southbound,Heavy Vehicles,47,35,28,33,,,,,,,,185,185,205,193,188,180,159,130,81,75,77,53,48,0,0
2025,2025-01-18,Southbound,Light Vehicles,616,394,268,222,,,,,,,,3012,3147,3218,2987,3114,2900,2995,2684,1813,1630,1582,1440,1044,0,0
2025,2025-01-18,Northbound,Heavy Vehicles,37,17,27,24,39,71,227,227,183,181,186,154,160,188,168,151,149,100,111,90,67,79,52,44,0,0
2025,2025-01-18,Northbound,All Vehicles,607,307,240,150,263,769,1800,1699,1998,2572,2870,3062,3348,3398,3502,3444,3239,2952,2468,2097,1959,1845,1669,1149,0,0
2025,2025-01-18,Southbound,All Vehicles,663,429,296,255,,,,,,,,3197,3332,3423,3180,3302,3080,3154,2814,1894,1705,1659,1493,1092,0,0
2025,2025-01-19,Southbound,Heavy Vehicles,,,,,,,,1,1,2,1,,,,,,,1,3,,,1,,2,0,0
2025,2025-01-19,Southbound,Light Vehicles,2,2,,2,,1,4,9,17,40,43,,,,,,,81,64,41,37,26,,3,0,0
2025,2025-01-19,Northbound,Light Vehicles,646,350,195,155,172,395,812,876,1278,2010,2458,2878,2972,2963,3361,3134,3106,3228,2403,1993,1885,1737,,663,0,0
2025,2025-01-19,Northbound,Heavy Vehicles,34,18,16,16,25,36,71,87,106,125,137,137,155,131,146,107,125,133,101,88,88,66,,35,0,0
2025,2025-01-19,Southbound,All Vehicles,2,2,,2,,1,4,10,18,42,44,,,,,,,82,67,41,37,27,,5,0,0
2025,2025-01-19,Northbound,All Vehicles,680,368,211,171,197,431,883,963,1384,2135,2595,3015,3127,3094,3507,3241,3231,3361,2504,2081,1973,1803,,698,0,0
2025,2025-01-20,Southbound,Light Vehicles,377,221,162,146,283,798,2092,3027,3219,2566,2237,2265,2386,2366,2720,3150,2992,,,,,,,,0,0
2025,2025-01-20,Northbound,Light Vehicles,276,162,112,140,374,1510,2928,2754,2926,2524,2061,2188,2161,2407,2341,,3371,3412,2841,1920,1558,1427,1047,493,0,0
2025,2025-01-20,Southbound,Heavy Vehicles,35,38,41,54,96,146,295,320,349,319,390,415,423,372,383,401,292,,,,,,,,0,0
2025,2025-01-20,Northbound,Heavy Vehicles,36,28,32,51,142,308,558,497,401,425,384,367,348,311,264,,238,202,183,137,107,76,78,51,0,0
2025,2025-01-20,Southbound,All Vehicles,412,259,203,200,379,944,2387,3347,3568,2885,2627,2680,2809,2738,3103,3551,3284,,,,,,,,0,0
2025,2025-01-20,Northbound,All Vehicles,312,190,144,191,516,1818,3486,3251,3327,2949,2445,2555,2509,2718,2605,,3609,3614,3024,2057,1665,1503,1125,544,0,0
2025,2025-01-21,Northbound,Heavy Vehicles,36,37,40,44,127,267,564,521,355,411,364,358,319,305,277,,228,223,172,123,117,88,65,64,0,0
2025,2025-01-21,Southbound,Heavy Vehicles,,,,,75,185,314,348,293,369,353,392,,389,417,372,318,249,213,109,99,78,70,80,0,0
2025,2025-01-21,Southbound,Light Vehicles,,,,,272,847,2108,3077,2980,2683,2424,2128,,2309,2729,3148,3101,3262,2816,1949,1643,1507,1085,636,0,0
2025,2025-01-21,Northbound,Light Vehicles,265,145,112,116,365,1447,2834,2816,2804,2565,2114,2093,2173,2324,2376,,3332,3723,2951,2093,1693,1550,1039,540,0,0
2025,2025-01-21,Northbound,All Vehicles,301,182,152,160,492,1714,3398,3337,3159,2976,2478,2451,2492,2629,2653,,3560,3946,3123,2216,1810,1638,1104,604,0,0
2025,2025-01-21,Southbound,All Vehicles,,,,,347,1032,2422,3425,3273,3052,2777,2520,,2698,3146,3520,3419,3511,3029,2058,1742,1585,1155,716,0,0
2025,2025-01-22,Northbound,Light Vehicles,286,140,122,125,378,1431,3001,2917,2977,2635,2184,2152,2269,2433,2550,2832,,,,,,,,,0,0
2025,2025-01-22,Southbound,Heavy Vehicles,46,48,44,58,82,142,216,254,223,293,259,297,336,333,326,269,229,152,169,106,,73,56,,0,0
2025,2025-01-22,Northbound,Heavy Vehicles,33,49,46,59,146,286,584,489,360,412,411,383,382,324,315,259,,,,,,,,,0,0
2025,2025-01-22,Southbound,Light Vehicles,272,187,151,145,234,586,1400,2155,2134,1779,1541,1541,1601,1635,1931,2141,2005,1806,1918,1370,,931,839,,0,0
2025,2025-01-22,Northbound,All Vehicles,319,189,168,184,524,1717,3585,3406,3337,3047,2595,2535,2651,2757,2865,3091,,,,,,,,,0,0
2025,2025-01-22,Southbound,All Vehicles,318,235,195,203,316,728,1616,2409,2357,2072,1800,1838,1937,1968,2257,2410,2234,1958,2087,1476,,1004,895,,0,0
2025,2025-01-25,Northbound,Heavy Vehicles,38,23,34,30,50,99,263,265,201,194,173,175,182,159,161,150,154,125,,102,,74,67,50,0,0
2025,2025-01-25,Northbound,Light Vehicles,521,324,206,166,195,683,1731,1766,2185,2656,2850,3077,3334,3420,3397,3265,3161,3100,,2078,,1915,1651,1113,0,0
2025,2025-01-25,Northbound,All Vehicles,559,347,240,196,245,782,1994,2031,2386,2850,3023,3252,3516,3579,3558,3415,3315,3225,,2180,,1989,1718,1163,0,0
2025,2025-01-26,Northbound,Light Vehicles,827,547,259,168,202,373,813,963,1430,2127,2537,2833,2989,2955,2818,2834,,2612,2298,1902,1928,1678,1323,948,0,0
2025,2025-01-26,Northbound,Heavy Vehicles,27,24,15,12,17,33,63,110,108,137,130,123,141,100,109,100,,91,91,73,61,60,53,41,0,0
2025,2025-01-26,Southbound,Light Vehicles,,,,,115,194,296,385,548,770,882,,,,,,,958,897,690,681,639,557,415,0,0
2025,2025-01-26,Southbound,Heavy Vehicles,,,,,6,10,22,32,33,51,58,,,,,,,47,33,37,23,25,32,21,0,0
2025,2025-01-26,Northbound,All Vehicles,854,571,274,180,219,406,876,1073,1538,2264,2667,2956,3130,3055,2927,2934,,2703,2389,1975,1989,1738,1376,989,0,0
2025,2025-01-26,Southbound,All Vehicles,,,,,121,204,318,417,581,821,940,,,,,,,1005,930,727,704,664,589,436,0,0
2025,2025-01-27,Southbound,Light Vehicles,602,393,272,166,185,295,663,842,1092,1850,2469,2796,2689,2540,2779,2733,2721,2776,2572,861,1274,1579,1041,628,0,0
2025,2025-01-27,Northbound,Light Vehicles,482,245,181,102,122,294,520,560,797,1309,1577,1809,1811,,1897,1833,1647,1701,1496,1147,1106,1084,761,432,0,0
2025,2025-01-27,Southbound,Heavy Vehicles,36,24,18,14,24,17,57,95,93,137,140,156,151,135,127,136,103,109,93,34,45,64,67,42,0,0
2025,2025-01-27,Northbound,Heavy Vehicles,24,19,19,17,65,38,55,78,102,111,86,93,102,,88,71,72,54,84,83,68,42,45,36,0,0
2025,2025-01-27,Southbound,All Vehicles,638,417,290,180,209,312,720,937,1185,1987,2609,2952,2840,2675,2906,2869,2824,2885,2665,895,1319,1643,1108,670,0,0
2025,2025-01-27,Northbound,All Vehicles,506,264,200,119,187,332,575,638,899,1420,1663,1902,1913,,1985,1904,1719,1755,1580,1230,1174,1126,806,468,0,0
2025,2025-01-28,Northbound,Light Vehicles,276,150,97,128,349,1294,2588,2680,2834,2606,2288,2265,2295,2323,2508,2863,2952,3073,2908,1805,1369,1618,1204,649,0,0
2025,2025-01-28,Northbound,Heavy Vehicles,31,20,47,53,139,267,537,442,293,384,405,340,332,305,281,228,200,144,143,111,79,83,65,34,0,0
2025,2025-01-28,Southbound,Light Vehicles,327,218,111,161,272,837,2068,3258,3319,2752,2304,2404,2520,2444,2870,3141,2231,2167,2626,1787,1178,1485,836,657,0,0
2025,2025-01-28,Southbound,Heavy Vehicles,23,51,31,53,70,138,238,307,287,304,365,366,395,438,333,364,194,138,179,105,56,55,33,37,0,0
2025,2025-01-28,Northbound,All Vehicles,307,170,144,181,488,1561,3125,3122,3127,2990,2693,2605,2627,2628,2789,3091,3152,3217,3051,1916,1448,1701,1269,683,0,0
2025,2025-01-28,Southbound,All Vehicles,350,269,142,214,342,975,2306,3565,3606,3056,2669,2770,2915,2882,3203,3505,2425,2305,2805,1892,1234,1540,869,694,0,0
2025,2025-01-29,Northbound,Heavy Vehicles,32,36,52,56,139,283,549,497,360,445,367,,,,,,235,182,208,124,112,78,75,31,0,0
2025,2025-01-29,Northbound,Light Vehicles,356,244,159,125,360,1465,2747,2723,3020,2370,2089,,,,,,3254,3444,2991,1917,1754,1675,1203,611,0,0
2025,2025-01-29,Southbound,Heavy Vehicles,13,14,9,13,22,66,140,176,187,167,195,201,199,203,214,180,,,,,,,,,0,0
2025,2025-01-29,Southbound,Light Vehicles,202,103,81,66,117,514,1346,2224,2163,1741,1654,1622,1537,1736,1876,1849,,,,,,,,,0,0
2025,2025-01-29,Northbound,All Vehicles,388,280,211,181,499,1748,3296,3220,3380,2815,2456,,,,,,3489,3626,3199,2041,1866,1753,1278,642,0,0
2025,2025-01-29,Southbound,All Vehicles,215,117,90,79,139,580,1486,2400,2350,1908,1849,1823,1736,1939,2090,2029,,,,,,,,,0,0
2025,2025-02-02,Northbound,Light Vehicles,,,,,170,376,815,989,1505,2314,2712,2894,3207,3220,3287,3268,3295,3228,2464,1950,1943,1725,,581,0,0
2025,2025-02-02,Northbound,Heavy Vehicles,,,,,21,35,65,110,115,123,132,146,122,123,137,131,117,117,122,112,65,75,,29,0,0
2025,2025-02-02,Northbound,All Vehicles,,,,,191,411,880,1099,1620,2437,2844,3040,3329,3343,3424,3399,3412,3345,2586,2062,2008,1800,,610,0,0
2025,2025-02-03,Southbound,Light Vehicles,356,219,143,148,294,906,2265,2984,3183,2582,2221,2176,2166,2323,2707,3135,2980,3014,2800,1965,1603,1440,1084,588,0,0
2025,2025-02-03,Northbound,Light Vehicles,277,151,119,130,424,1524,2959,2693,2827,2574,1993,1963,2195,2245,2490,2828,3424,3545,2937,1834,1583,1405,1021,500,0,0
2025,2025-02-03,Southbound,Heavy Vehicles,32,33,48,53,70,146,306,280,274,323,374,404,395,397,376,368,306,258,199,136,74,66,65,40,0,0
2025,2025-02-03,Northbound,Heavy Vehicles,39,22,35,47,141,261,532,476,336,455,382,381,330,315,293,230,246,227,182,116,103,66,56,34,0,0
2025,2025-02-03,Southbound,All Vehicles,388,252,191,201,364,1052,2571,3264,3457,2905,2595,2580,2561,2720,3083,3503,3286,3272,2999,2101,1677,1506,1149,628,0,0
2025,2025-02-03,Northbound,All Vehicles,316,173,154,177,565,1785,3491,3169,3163,3029,2375,2344,2525,2560,2783,3058,3670,3772,3119,1950,1686,1471,1077,534,0,0
2025,2025-02-05,Southbound,Light Vehicles,,,,,299,900,2220,3235,3170,2781,2341,2342,2313,2446,2867,2800,2818,2772,3059,2124,1721,1528,1113,595,0,0
2025,2025-02-05,Northbound,Light Vehicles,283,145,113,122,399,1491,2931,3096,3210,2584,,2082,2248,2334,2666,2837,3276,3371,3009,2008,1702,1618,1101,509,0,0
2025,2025-02-05,Southbound,Heavy Vehicles,,,,,80,159,364,300,307,329,390,375,446,410,439,354,303,242,213,157,115,94,64,54,0,0
2025,2025-02-05,Northbound,Heavy Vehicles,39,40,50,54,143,305,587,489,329,375,,372,313,341,315,273,247,205,181,137,87,99,70,46,0,0
2025,2025-02-05,Southbound,All Vehicles,,,,,379,1059,2584,3535,3477,3110,2731,2717,2759,2856,3306,3154,3121,3014,3272,2281,1836,1622,1177,649,0,0
2025,2025-02-05,Northbound,All Vehicles,322,185,163,176,542,1796,3518,3585,3539,2959,,2454,2561,2675,2981,3110,3523,3576,3190,2145,1789,1717,1171,555,0,0
2025,2025-02-06,Northbound,Light Vehicles,301,50,132,142,381,1550,3080,2928,,2545,,2135,2240,2411,2715,2664,3222,3546,3133,2065,,1803,1209,632,0,0
2025,2025-02-06,Southbound,Light Vehicles,336,240,174,185,309,864,2213,3182,,2678,2416,2444,2292,2311,2822,3170,3170,3056,2950,2228,,1684,1270,722,0,0
2025,2025-02-06,Northbound,Heavy Vehicles,33,16,47,46,162,286,614,461,,397,,336,357,322,320,224,249,208,191,146,,101,85,52,0,0
2025,2025-02-06,Southbound,Heavy Vehicles,30,51,50,57,76,159,330,300,,310,372,433,422,379,420,378,324,289,204,153,,79,50,63,0,0
2025,2025-02-06,Northbound,All Vehicles,334,66,179,188,543,1836,3694,3389,,2942,,2471,2597,2733,3035,2888,3471,3754,3324,2211,,1904,1294,684,0,0
2025,2025-02-06,Southbound,All Vehicles,366,291,224,242,385,1023,2543,3482,,2988,2788,2877,2714,2690,3242,3548,3494,3345,3154,2381,,1763,1320,785,0,0
2025,2025-02-07,Northbound,Light Vehicles,86,49,32,57,153,595,1110,1053,974,943,769,781,838,926,1007,980,,,,,,,,,0,0
2025,2025-02-07,Northbound,Heavy Vehicles,7,10,6,5,31,78,167,127,110,111,121,103,98,78,74,52,,,,,,,,,0,0
2025,2025-02-07,Southbound,Heavy Vehicles,49,58,46,67,88,162,317,334,300,376,383,390,421,405,421,369,291,285,218,153,105,60,77,54,0,0
2025,2025-02-07,Southbound,Light Vehicles,397,248,163,165,337,893,2122,3099,2785,2720,2493,2440,2479,2451,2841,3103,2986,2890,2962,2287,1842,1693,1550,1045,0,0
2025,2025-02-07,Northbound,All Vehicles,93,59,38,62,184,673,1277,1180,1084,1054,890,884,936,1004,1081,1032,,,,,,,,,0,0
2025,2025-02-07,Southbound,All Vehicles,446,306,209,232,425,1055,2439,3433,3085,3096,2876,2830,2900,2856,3262,3472,3277,3175,3180,2440,1947,1753,1627,1099,0,0
2025,2025-02-08,Northbound,Heavy Vehicles,,,,,,,,,,,,210,208,237,,151,184,163,,105,99,104,69,57,0,0
2025,2025-02-08,Northbound,Light Vehicles,,,,,,,,,,,,3214,3546,3411,,3389,3298,3373,,1989,2125,2070,1579,1309,0,0
2025,2025-02-08,Southbound,Light Vehicles,6,4,,,1,3,12,16,34,72,122,124,206,,112,122,,307,,55,35,38,33,16,0,0
2025,2025-02-08,Southbound,Heavy Vehicles,,,,,,,3,3,3,9,4,8,9,,5,6,,24,,1,2,3,2,3,0,0
2025,2025-02-08,Northbound,All Vehicles,,,,,,,,,,,,3424,3754,3648,,3540,3482,3536,,2094,2224,2174,1648,1366,0,0
2025,2025-02-08,Southbound,All Vehicles,6,4,,,1,3,15,19,37,81,126,132,215,,117,128,,331,,56,37,41,35,19,0,0
2025,2025-02-09,Northbound,Light Vehicles,712,383,238,182,212,445,891,1009,1539,2525,3063,3166,3267,3531,3330,3498,,2103,2816,2196,,1726,1201,607,0,0
2025,2025-02-09,Southbound,Heavy Vehicles,52,40,30,26,33,40,62,105,129,161,171,147,145,138,140,137,,162,145,117,102,94,74,63,0,0
2025,2025-02-09,Northbound,Heavy Vehicles,57,36,26,27,38,51,102,104,124,156,155,145,140,172,192,143,,94,155,131,,107,90,55,0,0
2025,2025-02-09,Southbound,Light Vehicles,765,477,306,271,263,376,852,1376,2025,2811,3091,3242,3149,2852,3008,3078,,3034,2689,1943,1678,1567,1171,704,0,0
2025,2025-02-09,Northbound,All Vehicles,769,419,264,209,250,496,993,1113,1663,2681,3218,3311,3407,3703,3522,3641,,2197,2971,2327,,1833,1291,662,0,0
2025,2025-02-09,Southbound,All Vehicles,817,517,336,297,296,416,914,1481,2154,2972,3262,3389,3294,2990,3148,3215,,3196,2834,2060,1780,1661,1245,767,0,0
2025,2025-02-10,Southbound,Light Vehicles,466,207,185,172,300,856,2163,3024,2751,2594,2081,1992,4,1021,2256,2086,2403,,2603,1877,1560,1210,1026,615,0,0
2025,2025-02-10,Southbound,Heavy Vehicles,62,47,56,51,79,154,316,279,264,351,352,383,,120,235,189,192,,166,117,93,72,57,38,0,0
2025,2025-02-10,Southbound,All Vehicles,528,254,241,223,379,1010,2479,3303,3015,2945,2433,2375,4,1141,2491,2275,2595,,2769,1994,1653,1282,1083,653,0,0
2025,2025-02-12,Southbound,Light Vehicles,392,241,177,176,319,927,2233,3492,3376,2841,2484,2341,2342,,2790,2966,3088,3272,3297,2379,1779,1541,1285,753,0,0
2025,2025-02-12,Southbound,Heavy Vehicles,41,58,51,69,93,171,338,333,298,330,381,413,431,,450,386,296,263,228,144,100,80,67,47,0,0
2025,2025-02-12,Southbound,All Vehicles,433,299,228,245,412,1098,2571,3825,3674,3171,2865,2754,2773,,3240,3352,3384,3535,3525,2523,1879,1621,1352,800,0,0
2025,2025-02-13,Southbound,Heavy Vehicles,37,47,52,46,,,,,,,,,354,296,290,285,230,199,189,96,68,69,58,43,0,0
2025,2025-02-13,Southbound,Light Vehicles,326,219,160,154,,,,,,,,,1613,1614,1893,2116,2225,2131,2382,1634,1408,1308,831,585,0,0
2025,2025-02-13,Southbound,All Vehicles,363,266,212,200,,,,,,,,,1967,1910,2183,2401,2455,2330,2571,1730,1476,1377,889,628,0,0
2025,2025-02-14,Northbound,Heavy Vehicles,26,38,6,18,110,297,241,201,172,309,273,264,256,259,252,173,188,140,140,99,87,60,58,40,0,0
2025,2025-02-14,Southbound,Light Vehicles,440,267,190,191,305,913,2228,3175,3055,,2427,2405,2557,2824,2912,2972,3084,2927,3234,2763,1899,1781,1816,1219,0,0
2025,2025-02-14,Southbound,Heavy Vehicles,44,53,48,47,69,171,331,321,288,,335,375,401,394,385,361,290,253,192,158,112,88,69,59,0,0
2025,2025-02-14,Northbound,Light Vehicles,295,174,34,49,352,1505,1437,1408,1692,1999,1960,2216,2490,2722,3264,3075,3272,3446,3308,2567,2342,1989,1664,1128,0,0
2025,2025-02-14,Northbound,All Vehicles,321,212,40,67,462,1802,1678,1609,1864,2308,2233,2480,2746,2981,3516,3248,3460,3586,3448,2666,2429,2049,1722,1168,0,0
2025,2025-02-14,Southbound,All Vehicles,484,320,238,238,374,1084,2559,3496,3343,,2762,2780,2958,3218,3297,3333,3374,3180,3426,2921,2011,1869,1885,1278,0,0
2025,2025-02-16,Southbound,Heavy Vehicles,47,35,14,16,15,21,47,65,100,121,145,155,151,111,130,133,151,,127,,78,,64,49,0,0
2025,2025-02-16,Southbound,Light Vehicles,932,498,350,253,253,348,764,1221,1928,2681,3188,3382,3157,2950,3006,3220,3135,,2596,,1842,,1318,839,0,0
2025,2025-02-16,Southbound,All Vehicles,979,533,364,269,268,369,811,1286,2028,2802,3333,3537,3308,3061,3136,3353,3286,,2723,,1920,,1382,888,0,0
2025,2025-02-17,Southbound,Light Vehicles,469,215,140,157,316,908,2273,3210,3271,2810,2304,2231,2372,2359,2785,3209,2901,3028,2894,2166,1750,1311,1196,697,0,0
2025,2025-02-17,Southbound,Heavy Vehicles,32,42,41,53,70,170,296,278,261,393,392,371,427,412,466,370,291,281,219,137,94,98,71,48,0,0
2025,2025-02-17,Southbound,All Vehicles,501,257,181,210,386,1078,2569,3488,3532,3203,2696,2602,2799,2771,3251,3579,3192,3309,3113,2303,1844,1409,1267,745,0,0
2025,2025-02-19,Southbound,Light Vehicles,340,236,190,191,316,895,2314,3372,3400,2859,2422,2244,2368,2533,2780,2938,2968,3136,3230,2362,1868,1596,1313,890,0,0
2025,2025-02-19,Northbound,Heavy Vehicles,,,,,159,298,531,505,367,416,402,417,348,389,336,257,234,214,201,127,119,104,77,53,0,0
2025,2025-02-19,Northbound,Light Vehicles,,,,,383,1563,2867,3113,3106,2583,2191,2222,2226,2570,2661,2870,3205,3410,3255,2091,1860,1644,1199,964,0,0
2025,2025-02-19,Southbound,Heavy Vehicles,51,42,56,53,92,179,313,338,293,399,429,481,453,449,421,372,311,259,238,147,111,84,69,44,0,0
2025,2025-02-19,Southbound,All Vehicles,391,278,246,244,408,1074,2627,3710,3693,3258,2851,2725,2821,2982,3201,3310,3279,3395,3468,2509,1979,1680,1382,934,0,0
2025,2025-02-19,Northbound,All Vehicles,,,,,542,1861,3398,3618,3473,2999,2593,2639,2574,2959,2997,3127,3439,3624,3456,2218,1979,1748,1276,1017,0,0
2025,2025-02-21,Northbound,Heavy Vehicles,30,34,53,57,,,,,,,425,424,339,326,334,260,230,182,210,133,121,89,89,49,0,0
2025,2025-02-21,Southbound,Light Vehicles,,,,,322,921,2088,3066,2822,2662,2649,2552,2645,2670,2798,2593,2901,3050,3204,2362,1785,1758,,995,0,0
2025,2025-02-21,Northbound,Light Vehicles,443,165,149,145,,,,,,,2253,2334,2520,2763,3066,2799,3114,3265,3197,2321,2072,1897,1522,918,0,0
2025,2025-02-21,Southbound,Heavy Vehicles,,,,,93,183,309,343,299,370,426,440,426,416,455,279,294,266,249,132,98,79,,48,0,0
2025,2025-02-21,Northbound,All Vehicles,473,199,202,202,,,,,,,2678,2758,2859,3089,3400,3059,3344,3447,3407,2454,2193,1986,1611,967,0,0
2025,2025-02-21,Southbound,All Vehicles,,,,,415,1104,2397,3409,3121,3032,3075,2992,3071,3086,3253,2872,3195,3316,3453,2494,1883,1837,,1043,0,0
2025,2025-02-22,Southbound,Heavy Vehicles,40,39,36,35,36,83,132,161,204,219,,216,203,210,202,216,177,,,,,,,,0,0
2025,2025-02-22,Southbound,Light Vehicles,636,420,266,254,309,635,1311,2073,2656,3182,,3287,2886,3171,3030,3042,3153,,,,,,,,0,0
2025,2025-02-22,Southbound,All Vehicles,676,459,302,289,345,718,1443,2234,2860,3401,,3503,3089,3381,3232,3258,3330,,,,,,,,0,0
2025,2025-02-23,Southbound,Light Vehicles,,,,,208,386,732,1174,2065,2745,3068,3281,2788,2866,2991,2989,2993,3041,2616,,1819,1548,,634,0,0
2025,2025-02-23,Northbound,Light Vehicles,838,402,253,188,176,364,870,1045,1584,2410,2919,3301,3341,3447,3434,3489,3247,2926,2651,2167,1869,1555,,559,0,0
2025,2025-02-23,Southbound,Heavy Vehicles,,,,,21,38,47,92,104,131,128,146,126,104,120,123,126,127,107,,103,78,,58,0,0
2025,2025-02-23,Northbound,Heavy Vehicles,39,17,17,16,26,29,68,102,112,132,130,125,127,172,134,108,139,110,112,100,93,71,,35,0,0
2025,2025-02-23,Southbound,All Vehicles,,,,,229,424,779,1266,2169,2876,3196,3427,2914,2970,3111,3112,3119,3168,2723,,1922,1626,,692,0,0
2025,2025-02-23,Northbound,All Vehicles,877,419,270,204,202,393,938,1147,1696,2542,3049,3426,3468,3619,3568,3597,3386,3036,2763,2267,1962,1626,,594,0,0
2025,2025-02-24,Northbound,Light Vehicles,308,164,129,152,367,1439,2287,2756,2816,2365,2322,2142,2130,2413,2699,2686,3142,3312,3158,,1700,1372,1722,691,0,0
2025,2025-02-24,Southbound,Heavy Vehicles,42,35,52,55,75,146,314,266,285,353,399,394,375,424,430,361,279,228,222,152,97,84,61,43,0,0
2025,2025-02-24,Southbound,Light Vehicles,355,212,161,150,316,918,2190,3029,2866,2524,2200,2170,2246,2293,2808,2921,2692,2466,2718,2038,1706,1428,1269,599,0,0
2025,2025-02-24,Northbound,Heavy Vehicles,37,19,38,51,130,298,458,445,321,384,404,350,361,347,300,257,222,175,179,,98,79,67,45,0,0
2025,2025-02-24,Northbound,All Vehicles,345,183,167,203,497,1737,2745,3201,3137,2749,2726,2492,2491,2760,2999,2943,3364,3487,3337,,1798,1451,1789,736,0,0
2025,2025-02-24,Southbound,All Vehicles,397,247,213,205,391,1064,2504,3295,3151,2877,2599,2564,2621,2717,3238,3282,2971,2694,2940,2190,1803,1512,1330,642,0,0
2025,2025-02-25,Southbound,Light Vehicles,330,210,171,147,322,928,2274,3164,3109,,2638,,,,,,2964,,3246,2268,1735,1628,1313,649,0,0
2025,2025-02-25,Southbound,Heavy Vehicles,31,44,35,51,62,163,336,255,245,,438,,,,,,282,,236,128,96,90,65,47,0,0
2025,2025-02-25,Southbound,All Vehicles,361,254,206,198,384,1091,2610,3419,3354,,3076,,,,,,3246,,3482,2396,1831,1718,1378,696,0,0
2025,2025-02-26,Northbound,Light Vehicles,267,137,106,137,381,1525,2855,2951,2947,2682,2178,2260,2206,2559,2857,2856,3303,3495,3098,2143,1775,,1260,600,0,0
2025,2025-02-26,Northbound,Heavy Vehicles,36,33,43,81,163,264,556,466,283,402,395,420,330,339,316,274,242,214,186,131,105,,71,40,0,0
2025,2025-02-26,Northbound,All Vehicles,303,170,149,218,544,1789,3411,3417,3230,3084,2573,2680,2536,2898,3173,3130,3545,3709,3284,2274,1880,,1331,640,0,0
2025,2025-02-28,Southbound,Light Vehicles,484,298,194,186,370,913,2186,3095,2996,2766,2544,2635,2634,2646,2826,2740,2905,3266,3393,2631,2006,1949,1807,1124,0,0
2025,2025-02-28,Southbound,Heavy Vehicles,36,55,43,75,94,156,317,315,278,385,414,427,435,439,376,339,299,303,250,148,97,88,79,63,0,0
2025,2025-02-28,Southbound,All Vehicles,520,353,237,261,464,1069,2503,3410,3274,3151,2958,3062,3069,3085,3202,3079,3204,3569,3643,2779,2103,2037,1886,1187,0,0
2025,2025-03-01,Southbound,Heavy Vehicles,37,38,24,41,43,82,145,156,217,235,202,217,233,227,201,197,178,186,,109,78,59,69,,0,0
2025,2025-03-01,Southbound,Light Vehicles,695,460,287,266,315,623,1340,2141,2527,3221,3329,3415,3426,3356,3243,3284,3382,3397,,2353,1892,1861,1620,,0,0
2025,2025-03-01,Southbound,All Vehicles,732,498,311,307,358,705,1485,2297,2744,3456,3531,3632,3659,3583,3444,3481,3560,3583,,2462,1970,1920,1689,,0,0
2025,2025-03-02,Northbound,Light Vehicles,808,428,262,183,188,384,867,1032,1575,2526,2663,2913,3227,3390,3252,3277,3046,,,,,,,,0,0
2025,2025-03-02,Northbound,Heavy Vehicles,34,18,12,17,25,34,66,94,105,122,138,148,132,126,124,118,119,,,,,,,,0,0
2025,2025-03-02,Northbound,All Vehicles,842,446,274,200,213,418,933,1126,1680,2648,2801,3061,3359,3516,3376,3395,3165,,,,,,,,0,0
2025,2025-03-03,Southbound,Heavy Vehicles,35,42,47,51,74,164,323,263,286,378,370,410,392,442,422,370,,,,,,,,,0,0
2025,2025-03-03,Northbound,Heavy Vehicles,,,,,138,301,548,472,378,406,415,408,358,320,286,242,249,171,160,131,103,96,68,86,0,0
2025,2025-03-03,Southbound,Light Vehicles,378,195,152,150,321,861,2230,3334,3012,2609,2140,2119,2180,2385,2880,3033,,,,,,,,,0,0
2025,2025-03-03,Northbound,Light Vehicles,,,,,420,1610,2992,2980,3046,2486,2124,2165,2171,2363,2560,2661,3306,3335,2697,2041,1519,1365,1219,1736,0,0
2025,2025-03-03,Southbound,All Vehicles,413,237,199,201,395,1025,2553,3597,3298,2987,2510,2529,2572,2827,3302,3403,,,,,,,,,0,0
2025,2025-03-03,Northbound,All Vehicles,,,,,558,1911,3540,3452,3424,2892,2539,2573,2529,2683,2846,2903,3555,3506,2857,2172,1622,1461,1287,1822,0,0
2025,2025-03-04,Southbound,Heavy Vehicles,,,,,60,142,273,234,273,365,356,360,416,394,424,407,291,266,194,135,77,67,65,46,0,0
2025,2025-03-04,Southbound,Light Vehicles,,,,,300,847,2242,3275,3186,2984,2471,2240,2137,2243,2877,3067,3239,3267,3205,2125,1437,1539,1085,613,0,0
2025,2025-03-04,Southbound,All Vehicles,,,,,360,989,2515,3509,3459,3349,2827,2600,2553,2637,3301,3474,3530,3533,3399,2260,1514,1606,1150,659,0,0
2025,2025-03-05,Southbound,Heavy Vehicles,39,43,37,54,83,168,317,290,291,310,388,422,406,428,418,413,314,274,241,154,120,80,70,48,0,0
2025,2025-03-05,Northbound,Heavy Vehicles,26,37,44,62,167,265,553,484,341,378,429,402,309,353,302,261,239,203,181,134,111,101,58,64,0,0
2025,2025-03-05,Southbound,Light Vehicles,361,227,167,172,314,913,2260,3383,3281,2648,2345,2360,2338,2485,2858,3054,3065,3163,3274,2273,1765,1620,1184,652,0,0
2025,2025-03-05,Northbound,Light Vehicles,317,152,125,141,426,1506,2911,3035,3211,2557,2240,2198,2211,2487,2777,2748,3355,3486,3122,2190,1944,1687,1156,1025,0,0
2025,2025-03-05,Southbound,All Vehicles,400,270,204,226,397,1081,2577,3673,3572,2958,2733,2782,2744,2913,3276,3467,3379,3437,3515,2427,1885,1700,1254,700,0,0
2025,2025-03-05,Northbound,All Vehicles,343,189,169,203,593,1771,3464,3519,3552,2935,2669,2600,2520,2840,3079,3009,3594,3689,3303,2324,2055,1788,1214,1089,0,0
2025,2025-03-07,Southbound,Light Vehicles,,,,,354,902,2126,3210,2951,2905,2561,2629,2406,2605,3027,3051,3232,3337,3322,2388,1780,,1584,1068,0,0
2025,2025-03-07,Southbound,Heavy Vehicles,,,,,88,170,307,318,317,374,389,396,363,360,397,371,350,291,254,127,107,,61,48,0,0
2025,2025-03-07,Northbound,Light Vehicles,358,187,144,159,379,1564,2964,2796,2849,2469,2265,2257,2513,2800,3138,3036,3318,3416,2924,2217,2090,2023,,1329,0,0
2025,2025-03-07,Northbound,Heavy Vehicles,50,34,48,59,132,284,570,485,389,405,433,339,340,313,292,277,228,199,185,131,100,93,,61,0,0
2025,2025-03-07,Southbound,All Vehicles,,,,,442,1072,2433,3528,3268,3279,2950,3025,2769,2965,3424,3422,3582,3628,3576,2515,1887,,1645,1116,0,0
2025,2025-03-07,Northbound,All Vehicles,408,221,192,218,511,1848,3534,3281,3238,2874,2698,2596,2853,3113,3430,3313,3546,3615,3109,2348,2190,2116,,1390,0,0
2025,2025-03-08,Southbound,Light Vehicles,8,1,,,1,4,6,16,42,58,132,139,255,123,98,141,,,,,,,,,0,0
2025,2025-03-08,Northbound,Light Vehicles,661,357,243,170,218,775,1844,1927,2351,2983,2973,,,,,,,3216,2778,1983,1903,2128,2194,1591,0,0
2025,2025-03-08,Southbound,Heavy Vehicles,,,,,,,,2,2,2,4,7,5,4,3,10,,,,,,,,,0,0
2025,2025-03-08,Northbound,Heavy Vehicles,30,28,27,26,49,132,318,291,259,226,213,,,,,,,146,113,89,71,72,100,74,0,0
2025,2025-03-08,Southbound,All Vehicles,8,1,,,1,4,6,18,44,60,136,146,260,127,101,151,,,,,,,,,0,0
2025,2025-03-08,Northbound,All Vehicles,691,385,270,196,267,907,2162,2218,2610,3209,3186,,,,,,,3362,2891,2072,1974,2200,2294,1665,0,0
2025,2025-03-09,Northbound,Heavy Vehicles,34,15,17,13,,,,,,,,136,111,108,122,132,118,111,112,81,80,68,54,37,0,0
2025,2025-03-09,Southbound,Light Vehicles,,,,,253,337,645,1102,1703,2621,3132,3241,3189,3131,,2663,2919,3071,2495,1926,1658,1539,1109,704,0,0
2025,2025-03-09,Southbound,Heavy Vehicles,,,,,11,24,49,73,83,124,131,143,139,146,,95,111,99,98,83,77,65,49,43,0,0
2025,2025-03-09,Northbound,Light Vehicles,828,454,294,184,,,,,,,,2880,2839,3301,3122,3429,3216,3012,2800,2187,1854,1756,1242,677,0,0
2025,2025-03-09,Northbound,All Vehicles,862,469,311,197,,,,,,,,3016,2950,3409,3244,3561,3334,3123,2912,2268,1934,1824,1296,714,0,0
2025,2025-03-09,Southbound,All Vehicles,,,,,264,361,694,1175,1786,2745,3263,3384,3328,3277,,2758,3030,3170,2593,2009,1735,1604,1158,747,0,0
2025,2025-03-10,Southbound,Heavy Vehicles,41,33,43,59,71,154,327,294,301,351,380,,,,,,354,266,221,145,85,60,60,51,0,0
2025,2025-03-10,Southbound,Light Vehicles,356,202,162,160,283,877,2187,3438,3191,2706,2244,,,,,,3178,3254,2731,1957,1621,1310,1075,538,0,0
2025,2025-03-10,Northbound,Heavy Vehicles,32,25,35,53,162,281,572,454,360,427,382,406,362,335,296,262,246,201,198,90,84,89,70,40,0,0
2025,2025-03-10,Northbound,Light Vehicles,344,183,142,138,427,1502,2946,2993,3077,2490,2131,2099,2253,2361,2707,2737,3332,3518,2805,1867,1540,1360,944,508,0,0
2025,2025-03-10,Southbound,All Vehicles,397,235,205,219,354,1031,2514,3732,3492,3057,2624,,,,,,3532,3520,2952,2102,1706,1370,1135,589,0,0
2025,2025-03-10,Northbound,All Vehicles,376,208,177,191,589,1783,3518,3447,3437,2917,2513,2505,2615,2696,3003,2999,3578,3719,3003,1957,1624,1449,1014,548,0,0
2025,2025-03-11,Southbound,Heavy Vehicles,48,44,43,50,67,127,268,240,242,323,,405,410,417,410,354,293,250,166,138,87,81,50,49,0,0
2025,2025-03-11,Southbound,Light Vehicles,312,213,184,177,309,837,2052,2965,3102,3109,,2282,2253,2321,2641,2926,2991,3310,3061,2036,1584,1409,1051,552,0,0
2025,2025-03-11,Southbound,All Vehicles,360,257,227,227,376,964,2320,3205,3344,3432,,2687,2663,2738,3051,3280,3284,3560,3227,2174,1671,1490,1101,601,0,0
2025,2025-03-12,Southbound,Heavy Vehicles,38,51,37,72,90,152,357,302,305,328,409,404,383,394,448,374,319,293,242,144,118,90,62,57,0,0
2025,2025-03-12,Southbound,Light Vehicles,290,236,173,184,325,898,2239,3381,3278,2811,2331,2300,2275,2450,2895,2994,3161,3309,3158,2159,1801,1640,1243,651,0,0
2025,2025-03-12,Southbound,All Vehicles,328,287,210,256,415,1050,2596,3683,3583,3139,2740,2704,2658,2844,3343,3368,3480,3602,3400,2303,1919,1730,1305,708,0,0
2025,2025-03-13,Northbound,Light Vehicles,,,,,399,1557,2959,2998,3088,2589,2337,2192,2366,2561,2728,2801,3331,3559,3004,2122,2180,1829,1346,663,0,0
2025,2025-03-13,Southbound,Heavy Vehicles,51,50,49,57,75,186,330,249,290,294,350,436,393,418,449,400,329,254,235,154,111,90,55,54,0,0
2025,2025-03-13,Southbound,Light Vehicles,372,260,212,180,320,853,2200,3179,2797,2386,2309,2342,2234,2407,2869,2952,2907,2833,2900,2359,1914,1726,1273,721,0,0
2025,2025-03-13,Northbound,Heavy Vehicles,,,,,166,263,583,501,368,433,405,364,369,340,258,250,223,221,211,140,118,99,71,53,0,0
2025,2025-03-13,Northbound,All Vehicles,,,,,565,1820,3542,3499,3456,3022,2742,2556,2735,2901,2986,3051,3554,3780,3215,2262,2298,1928,1417,716,0,0
2025,2025-03-13,Southbound,All Vehicles,423,310,261,237,395,1039,2530,3428,3087,2680,2659,2778,2627,2825,3318,3352,3236,3087,3135,2513,2025,1816,1328,775,0,0
2025,2025-03-14,Southbound,Heavy Vehicles,,,,,,1,2,3,5,5,,,,,,,14,16,16,10,3,1,,,0,0
2025,2025-03-14,Southbound,Light Vehicles,6,3,3,2,,4,17,42,97,99,,,,,,,298,371,433,273,78,50,41,21,0,0
2025,2025-03-14,Northbound,Light Vehicles,361,209,134,170,436,1560,2886,2904,2798,2573,2443,2493,2543,2774,3031,2969,3516,3419,3168,2467,2260,2238,2054,1792,0,0
2025,2025-03-14,Northbound,Heavy Vehicles,55,31,50,67,168,283,581,479,343,409,383,386,336,301,295,246,248,169,151,130,87,92,70,56,0,0
2025,2025-03-14,Southbound,All Vehicles,6,3,3,2,,5,19,45,102,104,,,,,,,312,387,449,283,81,51,41,21,0,0
2025,2025-03-14,Northbound,All Vehicles,416,240,184,237,604,1843,3467,3383,3141,2982,2826,2879,2879,3075,3326,3215,3764,3588,3319,2597,2347,2330,2124,1848,0,0
2025,2025-03-15,Northbound,Heavy Vehicles,39,31,36,23,54,123,319,297,230,201,207,191,192,180,198,159,,,,,,,,,0,0
2025,2025-03-15,Northbound,Light Vehicles,825,429,255,183,264,836,2023,2126,2451,3037,3191,3257,3381,3559,3424,3156,,,,,,,,,0,0
2025,2025-03-15,Southbound,Light Vehicles,836,463,325,284,307,704,1281,2161,2600,3118,3365,3365,3500,,3257,3210,3312,3462,3354,2204,1869,1787,1727,1264,0,0
2025,2025-03-15,Southbound,Heavy Vehicles,47,44,26,35,50,83,133,171,217,211,220,225,246,,214,192,176,167,137,101,92,66,61,58,0,0
2025,2025-03-15,Northbound,All Vehicles,864,460,291,206,318,959,2342,2423,2681,3238,3398,3448,3573,3739,3622,3315,,,,,,,,,0,0
2025,2025-03-15,Southbound,All Vehicles,883,507,351,319,357,787,1414,2332,2817,3329,3585,3590,3746,,3471,3402,3488,3629,3491,2305,1961,1853,1788,1322,0,0
2025,2025-03-16,Northbound,Light Vehicles,,,,,213,428,831,983,1538,2319,2710,2965,3236,3441,3190,1425,2803,2840,1374,1926,1956,1820,1492,822,0,0
2025,2025-03-16,Southbound,Light Vehicles,804,514,339,304,248,367,764,1223,1778,2620,3012,3218,3138,2904,2958,3122,2861,2900,2956,1926,1820,1609,1227,673,0,0
2025,2025-03-16,Southbound,Heavy Vehicles,46,33,18,22,13,17,43,68,94,118,136,134,141,132,120,133,151,113,125,110,87,64,71,32,0,0
2025,2025-03-16,Northbound,Heavy Vehicles,,,,,29,33,67,111,110,124,135,144,124,139,126,70,105,125,63,79,85,72,54,36,0,0
2025,2025-03-16,Northbound,All Vehicles,,,,,242,461,898,1094,1648,2443,2845,3109,3360,3580,3316,1495,2908,2965,1437,2005,2041,1892,1546,858,0,0
2025,2025-03-16,Southbound,All Vehicles,850,547,357,326,261,384,807,1291,1872,2738,3148,3352,3279,3036,3078,3255,3012,3013,3081,2036,1907,1673,1298,705,0,0
2025,2025-03-17,Northbound,Light Vehicles,337,206,138,146,454,1574,2968,3061,3069,2506,2098,2100,2199,2434,2500,2822,3295,3429,2798,1930,1609,1366,1033,469,0,0
2025,2025-03-17,Northbound,Heavy Vehicles,32,33,28,67,142,281,595,445,341,423,408,369,332,325,306,260,253,206,167,128,105,90,57,39,0,0
2025,2025-03-17,Southbound,Heavy Vehicles,,,,,,,2,9,21,7,2,7,4,2,,2,4,4,5,1,1,,1,,0,0
2025,2025-03-17,Southbound,Light Vehicles,6,,,1,1,4,16,83,149,53,40,44,55,43,62,86,87,111,118,54,41,25,17,9,0,0
2025,2025-03-17,Northbound,All Vehicles,369,239,166,213,596,1855,3563,3506,3410,2929,2506,2469,2531,2759,2806,3082,3548,3635,2965,2058,1714,1456,1090,508,0,0
2025,2025-03-17,Southbound,All Vehicles,6,,,1,1,4,18,92,170,60,42,51,59,45,62,88,91,115,123,55,42,25,18,9,0,0
2025,2025-03-19,Northbound,Light Vehicles,,,,,422,1620,2992,3088,3117,2575,,2237,2394,2419,2855,2972,3404,3573,2934,2043,1792,,1279,641,0,0
2025,2025-03-19,Southbound,Heavy Vehicles,,,,,90,173,348,298,311,341,432,416,433,425,441,407,333,273,222,144,108,,69,61,0,0
2025,2025-03-19,Southbound,Light Vehicles,,,,,328,887,2324,3398,3359,2812,2507,2302,2337,2400,2992,3060,3179,3088,3232,2265,1806,,1231,680,0,0
2025,2025-03-19,Northbound,Heavy Vehicles,,,,,165,276,597,499,330,453,,387,387,373,337,258,230,216,173,132,118,,76,51,0,0
2025,2025-03-19,Northbound,All Vehicles,,,,,587,1896,3589,3587,3447,3028,,2624,2781,2792,3192,3230,3634,3789,3107,2175,1910,,1355,692,0,0
2025,2025-03-19,Southbound,All Vehicles,,,,,418,1060,2672,3696,3670,3153,2939,2718,2770,2825,3433,3467,3512,3361,3454,2409,1914,,1300,741,0,0
2025,2025-03-20,Northbound,Light Vehicles,312,172,122,156,436,1585,3055,3013,2750,2083,1984,2109,2222,2480,2767,2758,3318,3559,2861,2153,1877,1826,1878,,0,0
2025,2025-03-20,Northbound,Heavy Vehicles,38,42,40,49,165,294,588,463,276,358,356,365,331,341,290,277,225,216,168,138,114,98,90,,0,0
2025,2025-03-20,Southbound,Light Vehicles,371,230,202,233,312,889,2149,3156,3181,2694,2373,2333,2281,2442,2869,2875,2946,2810,2964,2485,1913,1729,1269,793,0,0
2025,2025-03-20,Southbound,Heavy Vehicles,40,55,42,60,68,191,319,287,308,293,338,397,389,408,434,359,296,257,218,148,105,87,66,51,0,0
2025,2025-03-20,Northbound,All Vehicles,350,214,162,205,601,1879,3643,3476,3026,2441,2340,2474,2553,2821,3057,3035,3543,3775,3029,2291,1991,1924,1968,,0,0
2025,2025-03-20,Southbound,All Vehicles,411,285,244,293,380,1080,2468,3443,3489,2987,2711,2730,2670,2850,3303,3234,3242,3067,3182,2633,2018,1816,1335,844,0,0
2025,2025-03-21,Northbound,Heavy Vehicles,31,36,45,59,174,284,567,427,372,402,374,374,383,311,281,247,254,188,145,127,114,93,91,40,0,0
2025,2025-03-21,Southbound,Light Vehicles,490,268,220,222,311,835,2169,,2997,2725,2616,2725,2615,2666,2885,2923,3152,3234,3263,2405,1818,1742,1548,1008,0,0
2025,2025-03-21,Southbound,Heavy Vehicles,60,58,52,61,78,175,319,,296,387,425,420,404,418,409,372,356,272,191,134,103,92,54,45,0,0
2025,2025-03-21,Northbound,Light Vehicles,373,210,140,164,418,1592,2993,2821,2857,2545,2272,2320,2618,2798,3030,2958,3244,3563,2751,2192,2147,2047,1806,1025,0,0
2025,2025-03-21,Northbound,All Vehicles,404,246,185,223,592,1876,3560,3248,3229,2947,2646,2694,3001,3109,3311,3205,3498,3751,2896,2319,2261,2140,1897,1065,0,0
2025,2025-03-21,Southbound,All Vehicles,550,326,272,283,389,1010,2488,,3293,3112,3041,3145,3019,3084,3294,3295,3508,3506,3454,2539,1921,1834,1602,1053,0,0
2025,2025-03-22,Southbound,Heavy Vehicles,40,31,24,50,36,74,148,190,215,189,178,184,204,240,198,192,178,191,154,79,88,77,51,43,0,0
2025,2025-03-22,Southbound,Light Vehicles,603,451,314,258,291,625,1323,2097,2508,3008,3119,3152,3481,3367,3316,3327,3425,3638,3293,2186,1743,1755,1602,1206,0,0
2025,2025-03-22,Southbound,All Vehicles,643,482,338,308,327,699,1471,2287,2723,3197,3297,3336,3685,3607,3514,3519,3603,3829,3447,2265,1831,1832,1653,1249,0,0
2025,2025-03-23,Northbound,Light Vehicles,831,437,252,166,,,,,,,,2946,3088,3046,3311,3324,3190,2799,2362,1973,1813,1720,1100,589,0,0
2025,2025-03-23,Northbound,Heavy Vehicles,25,13,9,12,,,,,,,,115,115,134,122,121,116,106,116,106,68,82,66,45,0,0
2025,2025-03-23,Southbound,Light Vehicles,709,377,317,253,260,289,652,1205,1691,2481,2897,3205,3137,3084,2961,3179,3004,3032,2524,1946,1687,1560,1018,635,0,0
2025,2025-03-23,Southbound,Heavy Vehicles,27,18,9,10,13,13,45,85,107,106,124,139,113,133,132,137,142,119,119,90,74,64,56,56,0,0
2025,2025-03-23,Northbound,All Vehicles,856,450,261,178,,,,,,,,3061,3203,3180,3433,3445,3306,2905,2478,2079,1881,1802,1166,634,0,0
2025,2025-03-23,Southbound,All Vehicles,736,395,326,263,273,302,697,1290,1798,2587,3021,3344,3250,3217,3093,3316,3146,3151,2643,2036,1761,1624,1074,691,0,0
2025,2025-03-25,Southbound,Light Vehicles,324,214,164,181,307,879,2185,3494,3442,2681,2321,2158,2413,2348,2892,3213,3211,3339,3288,2124,1628,1455,1101,732,0,0
2025,2025-03-25,Northbound,Heavy Vehicles,39,36,45,54,158,286,582,472,345,449,410,378,350,360,327,272,,,,,,,,,0,0
2025,2025-03-25,Northbound,Light Vehicles,286,164,122,133,422,1658,3041,3254,3195,2609,2094,2182,2197,2496,2634,2745,,,,,,,,,0,0
2025,2025-03-25,Southbound,Heavy Vehicles,43,43,37,53,70,161,345,314,310,361,452,390,442,454,442,384,309,260,220,144,99,71,65,59,0,0
2025,2025-03-25,Southbound,All Vehicles,367,257,201,234,377,1040,2530,3808,3752,3042,2773,2548,2855,2802,3334,3597,3520,3599,3508,2268,1727,1526,1166,791,0,0
2025,2025-03-25,Northbound,All Vehicles,325,200,167,187,580,1944,3623,3726,3540,3058,2504,2560,2547,2856,2961,3017,,,,,,,,,0,0
2025,2025-03-26,Southbound,Light Vehicles,345,237,177,184,321,877,2315,3348,3364,2888,2376,2259,2353,2491,2878,3053,3199,3162,3556,2476,1815,1626,1324,746,0,0
2025,2025-03-26,Southbound,Heavy Vehicles,43,47,37,54,85,166,361,312,301,366,387,413,411,433,411,344,322,283,227,157,102,88,64,47,0,0
2025,2025-03-26,Northbound,Heavy Vehicles,,,,,159,282,591,,350,462,441,353,346,338,295,280,254,209,202,120,115,96,67,51,0,0
2025,2025-03-26,Northbound,Light Vehicles,,,,,425,1627,2958,,3195,2674,2457,2233,2353,2462,2804,2963,3272,3528,3020,2051,1698,1580,1540,1061,0,0
2025,2025-03-26,Southbound,All Vehicles,388,284,214,238,406,1043,2676,3660,3665,3254,2763,2672,2764,2924,3289,3397,3521,3445,3783,2633,1917,1714,1388,793,0,0
2025,2025-03-26,Northbound,All Vehicles,,,,,584,1909,3549,,3545,3136,2898,2586,2699,2800,3099,3243,3526,3737,3222,2171,1813,1676,1607,1112,0,0
2025,2025-03-27,Southbound,Heavy Vehicles,43,41,41,54,73,157,351,289,324,380,360,430,449,407,432,365,308,287,229,150,95,65,76,61,0,0
2025,2025-03-27,Southbound,Light Vehicles,380,276,204,203,322,883,2202,3295,3344,2807,2408,2363,2328,2486,2870,3118,3286,3226,3205,2428,1936,1765,1246,750,0,0
2025,2025-03-27,Northbound,Heavy Vehicles,28,35,50,52,168,276,577,501,388,424,402,330,328,354,295,257,272,231,185,132,112,106,94,47,0,0
2025,2025-03-27,Northbound,Light Vehicles,348,176,112,157,438,1581,2970,2999,2943,2550,2319,2182,2255,2483,2817,3023,3451,3511,3033,2136,1965,1832,1610,726,0,0
2025,2025-03-27,Southbound,All Vehicles,423,317,245,257,395,1040,2553,3584,3668,3187,2768,2793,2777,2893,3302,3483,3594,3513,3434,2578,2031,1830,1322,811,0,0
2025,2025-03-27,Northbound,All Vehicles,376,211,162,209,606,1857,3547,3500,3331,2974,2721,2512,2583,2837,3112,3280,3723,3742,3218,2268,2077,1938,1704,773,0,0
2025,2025-03-28,Southbound,Heavy Vehicles,48,51,52,66,97,163,316,242,290,344,378,415,382,357,413,364,282,265,229,131,104,74,84,53,0,0
2025,2025-03-28,Southbound,Light Vehicles,485,286,200,221,314,849,2078,3133,3082,2828,2630,2569,2649,2698,2772,3146,3003,3187,3387,2461,1780,1805,1562,921,0,0
2025,2025-03-28,Southbound,All Vehicles,533,337,252,287,411,1012,2394,3375,3372,3172,3008,2984,3031,3055,3185,3510,3285,3452,3616,2592,1884,1879,1646,974,0,0
2025,2025-03-29,Southbound,Heavy Vehicles,31,35,23,28,42,43,87,114,161,171,171,151,171,141,167,156,154,133,109,82,82,63,60,39,0,0
2025,2025-03-29,Southbound,Light Vehicles,677,432,309,251,273,527,934,1384,1978,2424,2943,2679,3098,3086,2940,3182,3087,3512,3085,1905,1587,1658,1671,1095,0,0
2025,2025-03-29,Southbound,All Vehicles,708,467,332,279,315,570,1021,1498,2139,2595,3114,2830,3269,3227,3107,3338,3241,3645,3194,1987,1669,1721,1731,1134,0,0
2025,2025-03-30,Southbound,Heavy Vehicles,34,16,12,18,13,18,48,69,96,113,138,147,127,135,112,128,113,125,99,80,68,77,41,40,0,0
2025,2025-03-30,Northbound,Heavy Vehicles,,,,,17,27,54,93,97,108,114,134,127,140,155,125,104,106,95,86,69,60,51,27,0,0
2025,2025-03-30,Northbound,Light Vehicles,,,,,150,345,739,836,1388,2258,2529,2990,3309,3297,3526,3431,2713,2340,2115,1824,1818,1550,1047,628,0,0
2025,2025-03-30,Southbound,Light Vehicles,734,453,333,267,242,345,719,1015,1675,2446,3011,3194,3117,3114,2978,3106,2800,3053,2522,1745,1643,1410,1011,673,0,0
2025,2025-03-30,Southbound,All Vehicles,768,469,345,285,255,363,767,1084,1771,2559,3149,3341,3244,3249,3090,3234,2913,3178,2621,1825,1711,1487,1052,713,0,0
2025,2025-03-30,Northbound,All Vehicles,,,,,167,372,793,929,1485,2366,2643,3124,3436,3437,3681,3556,2817,2446,2210,1910,1887,1610,1098,655,0,0
2025,2025-03-31,Southbound,Light Vehicles,164,113,92,89,161,365,716,1176,1236,907,,,,,,,1073,1137,972,687,578,490,460,253,0,0
2025,2025-03-31,Southbound,Heavy Vehicles,36,26,27,36,50,85,124,124,132,190,,,,,,,118,123,77,59,37,30,21,23,0,0
2025,2025-03-31,Southbound,All Vehicles,200,139,119,125,211,450,840,1300,1368,1097,,,,,,,1191,1260,1049,746,615,520,481,276,0,0
2025,2025-04-01,Southbound,Light Vehicles,313,193,149,156,272,854,2246,3470,3380,2959,2474,2215,2262,2361,2715,3130,3199,3148,3103,2104,1630,1473,1123,598,0,0
2025,2025-04-01,Southbound,Heavy Vehicles,38,35,36,51,81,184,319,286,289,356,394,399,390,432,478,384,306,283,216,153,109,72,58,57,0,0
2025,2025-04-01,Southbound,All Vehicles,351,228,185,207,353,1038,2565,3756,3669,3315,2868,2614,2652,2793,3193,3514,3505,3431,3319,2257,1739,1545,1181,655,0,0
2025,2025-04-02,Southbound,Light Vehicles,311,250,180,,,,,,,,2295,2257,2308,2365,2844,2983,3268,3186,3151,2294,1789,1602,1212,664,0,0
2025,2025-04-02,Southbound,Heavy Vehicles,45,51,37,,,,,,,,404,421,487,431,401,368,303,279,220,159,97,74,74,64,0,0
2025,2025-04-02,Southbound,All Vehicles,356,301,217,,,,,,,,2699,2678,2795,2796,3245,3351,3571,3465,3371,2453,1886,1676,1286,728,0,0
2025,2025-04-03,Southbound,Heavy Vehicles,40,46,47,65,64,154,339,313,322,,,410,443,428,443,375,347,252,247,169,109,84,76,64,0,0
2025,2025-04-03,Southbound,Light Vehicles,322,193,201,184,290,867,2240,3303,3301,,,2305,2417,2387,2850,3070,3190,3210,3344,2457,1902,1695,1285,740,0,0
2025,2025-04-03,Southbound,All Vehicles,362,239,248,249,354,1021,2579,3616,3623,,,2715,2860,2815,3293,3445,3537,3462,3591,2626,2011,1779,1361,804,0,0
2025,2025-04-04,Southbound,Light Vehicles,474,261,213,178,,,,,,,,2489,2589,2533,2865,2932,2692,2971,3128,2489,1656,1715,1227,1019,0,0
2025,2025-04-04,Southbound,Heavy Vehicles,52,63,37,65,,,,,,,,439,398,409,413,350,327,265,223,162,92,86,64,42,0,0
2025,2025-04-04,Northbound,Light Vehicles,,,,,385,1527,2931,2822,2924,2530,,2468,2549,2777,3044,2938,3349,3475,2914,2179,1985,1893,1983,1003,0,0
2025,2025-04-04,Northbound,Heavy Vehicles,,,,,147,299,603,517,376,408,,378,347,363,299,240,268,186,151,131,97,103,95,59,0,0
2025,2025-04-04,Southbound,All Vehicles,526,324,250,243,,,,,,,,2928,2987,2942,3278,3282,3019,3236,3351,2651,1748,1801,1291,1061,0,0
2025,2025-04-04,Northbound,All Vehicles,,,,,532,1826,3534,3339,3300,2938,,2846,2896,3140,3343,3178,3617,3661,3065,2310,2082,1996,2078,1062,0,0
2025,2025-04-06,Northbound,Light Vehicles,870,436,380,128,171,398,930,1205,1758,2508,2805,3087,3373,3139,3509,3427,3338,2923,2588,1934,1911,1610,895,506,0,0
2025,2025-04-06,Northbound,Heavy Vehicles,37,22,22,10,29,37,70,105,132,137,138,104,122,126,152,139,127,99,116,112,88,83,50,43,0,0
2025,2025-04-06,Southbound,Heavy Vehicles,,,,17,14,24,57,83,120,120,138,157,126,120,153,141,158,131,115,90,86,63,82,44,0,0
2025,2025-04-06,Southbound,Light Vehicles,,,,178,188,367,831,1284,2056,2874,3372,3382,2896,3090,2958,3068,3036,3133,2446,1756,1532,1352,1027,593,0,0
2025,2025-04-06,Northbound,All Vehicles,907,458,402,138,200,435,1000,1310,1890,2645,2943,3191,3495,3265,3661,3566,3465,3022,2704,2046,1999,1693,945,549,0,0
2025,2025-04-06,Southbound,All Vehicles,,,,195,202,391,888,1367,2176,2994,3510,3539,3022,3210,3111,3209,3194,3264,2561,1846,1618,1415,1109,637,0,0
2025,2025-04-07,Northbound,Light Vehicles,288,149,105,131,438,1729,3063,3038,3070,2361,2164,2098,2211,2384,2696,2830,3390,3630,2997,1890,1552,1235,939,491,0,0
2025,2025-04-07,Southbound,Light Vehicles,334,196,162,170,305,981,2483,3290,3230,2720,2229,2182,2206,2224,2705,3266,3170,3351,2590,2023,1476,1266,963,565,0,0
2025,2025-04-07,Northbound,Heavy Vehicles,33,34,32,52,154,304,632,486,359,394,395,354,312,329,286,260,282,190,182,123,88,85,49,46,0,0
2025,2025-04-07,Southbound,Heavy Vehicles,38,54,38,63,69,177,339,321,302,383,393,390,421,434,407,365,328,287,197,149,97,77,46,50,0,0
2025,2025-04-07,Northbound,All Vehicles,321,183,137,183,592,2033,3695,3524,3429,2755,2559,2452,2523,2713,2982,3090,3672,3820,3179,2013,1640,1320,988,537,0,0
2025,2025-04-07,Southbound,All Vehicles,372,250,200,233,374,1158,2822,3611,3532,3103,2622,2572,2627,2658,3112,3631,3498,3638,2787,2172,1573,1343,1009,615,0,0
2025,2025-04-08,Northbound,Light Vehicles,290,70,,,372,1609,2919,3211,3137,2607,2199,2172,2189,2437,2709,2827,3267,3567,2979,2028,1643,1842,1007,867,0,0
2025,2025-04-08,Northbound,Heavy Vehicles,39,19,,,125,296,602,500,334,453,398,382,332,338,291,266,269,218,181,156,124,93,52,50,0,0
2025,2025-04-08,Southbound,Heavy Vehicles,40,44,38,59,77,177,344,317,308,380,410,408,448,382,412,380,296,273,219,178,103,69,61,48,0,0
2025,2025-04-08,Southbound,Light Vehicles,312,205,176,150,297,921,2330,3530,3374,2797,2393,2314,2352,2371,2802,3101,3119,3175,2842,2214,1589,1441,1094,646,0,0
2025,2025-04-08,Northbound,All Vehicles,329,89,,,497,1905,3521,3711,3471,3060,2597,2554,2521,2775,3000,3093,3536,3785,3160,2184,1767,1935,1059,917,0,0
2025,2025-04-08,Southbound,All Vehicles,352,249,214,209,374,1098,2674,3847,3682,3177,2803,2722,2800,2753,3214,3481,3415,3448,3061,2392,1692,1510,1155,694,0,0
2025,2025-04-09,Southbound,Light Vehicles,304,242,154,185,314,926,2417,3440,3316,2866,2388,2365,2277,2481,2719,3169,3031,3257,3205,2185,1697,1520,1096,630,0,0
2025,2025-04-09,Northbound,Light Vehicles,260,131,119,153,429,1615,3103,3050,3082,2569,2228,2231,2353,2542,2786,2897,3362,3181,3054,2117,1642,1605,1046,501,0,0
2025,2025-04-09,Southbound,Heavy Vehicles,52,47,42,65,93,167,377,308,326,396,417,452,440,460,429,350,358,266,227,129,104,73,73,55,0,0
2025,2025-04-09,Northbound,Heavy Vehicles,44,32,52,66,165,297,604,514,347,428,433,396,339,328,299,261,260,178,162,146,96,84,66,50,0,0
2025,2025-04-09,Southbound,All Vehicles,356,289,196,250,407,1093,2794,3748,3642,3262,2805,2817,2717,2941,3148,3519,3389,3523,3432,2314,1801,1593,1169,685,0,0
2025,2025-04-09,Northbound,All Vehicles,304,163,171,219,594,1912,3707,3564,3429,2997,2661,2627,2692,2870,3085,3158,3622,3359,3216,2263,1738,1689,1112,551,0,0
2025,2025-04-10,Southbound,Heavy Vehicles,45,49,57,56,82,175,397,332,331,384,409,452,446,435,429,375,321,293,246,146,91,85,75,55,0,0
2025,2025-04-10,Southbound,Light Vehicles,354,266,167,190,328,866,2343,3364,3330,2813,2467,2280,2297,2466,2714,2966,3162,3236,3218,2225,1808,1634,1224,676,0,0
2025,2025-04-10,Southbound,All Vehicles,399,315,224,246,410,1041,2740,3696,3661,3197,2876,2732,2743,2901,3143,3341,3483,3529,3464,2371,1899,1719,1299,731,0,0
2025,2025-04-11,Northbound,Light Vehicles,174,108,88,92,189,520,874,835,801,807,734,829,857,922,1001,1040,1031,1093,1015,751,726,744,620,392,0,0
2025,2025-04-11,Northbound,Heavy Vehicles,31,35,42,52,119,148,267,209,172,188,192,180,182,129,149,109,96,80,69,64,36,35,29,23,0,0
2025,2025-04-11,Northbound,All Vehicles,205,143,130,144,308,668,1141,1044,973,995,926,1009,1039,1051,1150,1149,1127,1173,1084,815,762,779,649,415,0,0
2025,2025-04-12,Northbound,Heavy Vehicles,39,28,22,32,47,138,331,303,250,210,209,204,165,161,169,153,153,141,129,103,92,108,57,37,0,0
2025,2025-04-12,Northbound,Light Vehicles,504,297,208,177,260,834,2161,2056,2433,2833,2956,3261,3318,3302,3385,3317,3287,3241,2754,2150,2021,2398,1670,1031,0,0
2025,2025-04-12,Northbound,All Vehicles,543,325,230,209,307,972,2492,2359,2683,3043,3165,3465,3483,3463,3554,3470,3440,3382,2883,2253,2113,2506,1727,1068,0,0
2025,2025-04-13,Southbound,Light Vehicles,742,471,272,257,212,411,860,1304,2160,2950,3261,3261,3290,3000,2797,3082,,3112,2544,1800,1614,1387,1033,567,0,0
2025,2025-04-13,Northbound,Heavy Vehicles,27,18,9,15,25,30,75,93,127,110,144,145,134,125,143,125,,132,109,104,77,98,68,34,0,0
2025,2025-04-13,Northbound,Light Vehicles,582,354,224,157,200,442,875,1083,1642,2435,2680,2973,3115,3230,3504,3340,,3057,2640,2090,1821,1821,1090,574,0,0
2025,2025-04-13,Southbound,Heavy Vehicles,26,20,14,22,13,40,50,98,136,144,162,135,160,131,140,152,,137,111,94,79,63,53,36,0,0
2025,2025-04-13,Southbound,All Vehicles,768,491,286,279,225,451,910,1402,2296,3094,3423,3396,3450,3131,2937,3234,,3249,2655,1894,1693,1450,1086,603,0,0
2025,2025-04-13,Northbound,All Vehicles,609,372,233,172,225,472,950,1176,1769,2545,2824,3118,3249,3355,3647,3465,,3189,2749,2194,1898,1919,1158,608,0,0
2025,2025-04-14,Southbound,Light Vehicles,322,227,167,166,320,912,2265,3273,3488,3017,2550,2290,2432,2432,2761,3051,2876,3272,2889,1858,1523,1282,955,563,0,0
2025,2025-04-14,Northbound,Heavy Vehicles,28,18,43,48,152,294,610,466,369,384,408,347,349,329,295,303,261,214,187,138,107,118,60,40,0,0
2025,2025-04-14,Southbound,Heavy Vehicles,39,35,37,57,65,150,362,319,320,358,417,386,457,417,420,387,307,311,202,127,95,74,53,30,0,0
2025,2025-04-14,Northbound,Light Vehicles,277,181,123,148,416,1622,3055,2804,2811,2431,2158,2263,2209,2477,2639,2967,3341,3592,3016,2040,1695,1630,1013,458,0,0
2025,2025-04-14,Southbound,All Vehicles,361,262,204,223,385,1062,2627,3592,3808,3375,2967,2676,2889,2849,3181,3438,3183,3583,3091,1985,1618,1356,1008,593,0,0
2025,2025-04-14,Northbound,All Vehicles,305,199,166,196,568,1916,3665,3270,3180,2815,2566,2610,2558,2806,2934,3270,3602,3806,3203,2178,1802,1748,1073,498,0,0
2025,2025-04-15,Southbound,Heavy Vehicles,38,46,26,58,78,161,357,343,359,362,413,409,443,419,431,413,335,267,229,142,112,95,68,43,0,0
2025,2025-04-15,Northbound,Light Vehicles,281,121,113,156,397,1606,2985,2891,2995,2606,2221,2168,2222,2488,2634,3108,3451,3625,3034,2224,1794,1768,1035,492,0,0
2025,2025-04-15,Southbound,Light Vehicles,271,201,164,170,279,875,2224,3341,3321,2982,2715,2462,2470,2558,2729,3073,3142,2993,3136,2037,1566,1410,1121,600,0,0
2025,2025-04-15,Northbound,Heavy Vehicles,34,27,41,64,130,281,577,458,396,388,428,352,349,332,331,268,278,236,203,135,132,96,76,48,0,0
2025,2025-04-15,Southbound,All Vehicles,309,247,190,228,357,1036,2581,3684,3680,3344,3128,2871,2913,2977,3160,3486,3477,3260,3365,2179,1678,1505,1189,643,0,0
2025,2025-04-15,Northbound,All Vehicles,315,148,154,220,527,1887,3562,3349,3391,2994,2649,2520,2571,2820,2965,3376,3729,3861,3237,2359,1926,1864,1111,540,0,0
2025,2025-04-16,Northbound,Light Vehicles,286,150,123,131,427,1580,3005,2822,3014,2558,2412,2291,2353,,2754,3128,3304,3516,3328,2306,1895,1905,,620,0,0
2025,2025-04-16,Southbound,Heavy Vehicles,42,49,52,78,92,169,398,298,301,354,385,330,276,,453,387,357,266,266,150,134,103,57,59,0,0
2025,2025-04-16,Northbound,Heavy Vehicles,28,44,50,62,145,302,624,494,411,428,380,391,397,,303,328,273,213,199,184,133,123,,48,0,0
2025,2025-04-16,Southbound,Light Vehicles,340,238,170,159,335,943,2255,3150,3102,2803,2544,1609,1521,,2713,2903,2807,2851,2779,1983,1587,1539,1115,645,0,0
2025,2025-04-16,Northbound,All Vehicles,314,194,173,193,572,1882,3629,3316,3425,2986,2792,2682,2750,,3057,3456,3577,3729,3527,2490,2028,2028,,668,0,0
2025,2025-04-16,Southbound,All Vehicles,382,287,222,237,427,1112,2653,3448,3403,3157,2929,1939,1797,,3166,3290,3164,3117,3045,2133,1721,1642,1172,704,0,0
2025,2025-04-17,Southbound,Light Vehicles,382,268,199,195,323,869,2138,3130,3193,2959,2781,2665,2657,2624,3031,3140,3038,3071,3001,2402,1902,1844,1527,980,0,0
2025,2025-04-17,Southbound,Heavy Vehicles,42,55,47,66,79,159,333,314,323,363,397,426,406,453,431,425,319,277,228,154,140,78,69,61,0,0
2025,2025-04-17,Southbound,All Vehicles,424,323,246,261,402,1028,2471,3444,3516,3322,3178,3091,3063,3077,3462,3565,3357,3348,3229,2556,2042,1922,1596,1041,0,0
2025,2025-04-18,Northbound,Heavy Vehicles,36,23,17,27,77,53,99,108,101,137,161,166,114,101,130,116,110,124,133,104,95,97,73,36,0,0
2025,2025-04-18,Southbound,Light Vehicles,550,362,288,211,223,404,805,1208,1733,2408,2697,2653,2568,2254,2248,2270,2255,2360,2111,1568,1347,1315,1087,762,0,0
2025,2025-04-18,Northbound,Light Vehicles,529,282,215,199,292,628,1016,1105,1449,2135,2399,2569,2516,2458,2452,2528,2484,2571,2332,2095,1659,1837,1471,773,0,0
2025,2025-04-18,Southbound,Heavy Vehicles,37,26,23,16,28,46,75,118,147,147,182,165,135,123,134,135,108,124,95,95,81,65,41,28,0,0
2025,2025-04-18,Northbound,All Vehicles,565,305,232,226,369,681,1115,1213,1550,2272,2560,2735,2630,2559,2582,2644,2594,2695,2465,2199,1754,1934,1544,809,0,0
2025,2025-04-18,Southbound,All Vehicles,587,388,311,227,251,450,880,1326,1880,2555,2879,2818,2703,2377,2382,2405,2363,2484,2206,1663,1428,1380,1128,790,0,0
2025,2025-04-19,Southbound,Heavy Vehicles,26,26,22,41,30,47,80,127,155,184,183,193,177,172,160,170,158,148,118,82,76,69,53,50,0,0
2025,2025-04-19,Southbound,Light Vehicles,433,310,191,156,226,450,965,1584,1953,2765,3193,3155,2888,2744,2691,2816,2827,2872,2617,1791,1551,1455,1274,987,0,0
2025,2025-04-19,Northbound,Heavy Vehicles,10,20,16,31,43,81,163,156,166,156,155,190,136,126,161,141,138,119,105,103,76,109,71,32,0,0
2025,2025-04-19,Northbound,Light Vehicles,437,276,178,125,209,552,1250,1307,1948,2537,2876,3097,3032,2971,3175,2965,3052,2672,2472,1939,1838,1869,1426,1020,0,0
2025,2025-04-19,Southbound,All Vehicles,459,336,213,197,256,497,1045,1711,2108,2949,3376,3348,3065,2916,2851,2986,2985,3020,2735,1873,1627,1524,1327,1037,0,0
2025,2025-04-19,Northbound,All Vehicles,447,296,194,156,252,633,1413,1463,2114,2693,3031,3287,3168,3097,3336,3106,3190,2791,2577,2042,1914,1978,1497,1052,0,0
2025,2025-04-20,Northbound,Heavy Vehicles,27,21,11,14,11,12,31,51,82,97,104,110,113,88,103,95,103,99,90,101,78,78,73,25,0,0
2025,2025-04-20,Southbound,Light Vehicles,560,348,263,191,185,301,662,953,1470,2167,2566,3104,2809,2153,2178,2416,2625,2776,2436,1776,1724,1490,1091,716,0,0
2025,2025-04-20,Northbound,Light Vehicles,651,372,274,184,178,331,682,749,1230,1949,2360,2628,2865,2593,2484,2460,2667,2709,2354,1990,1891,1907,1295,728,0,0
2025,2025-04-20,Southbound,Heavy Vehicles,29,20,11,11,8,11,44,63,87,91,117,109,109,99,90,103,89,111,102,102,88,55,41,28,0,0
2025,2025-04-20,Northbound,All Vehicles,678,393,285,198,189,343,713,800,1312,2046,2464,2738,2978,2681,2587,2555,2770,2808,2444,2091,1969,1985,1368,753,0,0
2025,2025-04-20,Southbound,All Vehicles,589,368,274,202,193,312,706,1016,1557,2258,2683,3213,2918,2252,2268,2519,2714,2887,2538,1878,1812,1545,1132,744,0,0
2025,2025-04-21,Southbound,Light Vehicles,389,286,199,177,170,306,723,972,1387,2229,2821,2850,2584,2561,2663,2677,2726,2581,2388,1845,1604,1358,1107,605,0,0
2025,2025-04-21,Southbound,Heavy Vehicles,22,9,25,25,25,28,65,114,129,162,177,164,141,145,143,120,136,121,117,120,96,70,56,39,0,0
2025,2025-04-21,Northbound,Light Vehicles,382,231,162,133,202,446,799,824,1177,1919,2322,2708,2765,2862,2878,2958,2821,2742,2455,2005,1705,1803,1224,600,0,0
2025,2025-04-21,Northbound,Heavy Vehicles,16,22,26,14,71,54,84,138,109,150,134,157,130,129,121,143,127,127,117,120,88,95,66,36,0,0
2025,2025-04-21,Southbound,All Vehicles,411,295,224,202,195,334,788,1086,1516,2391,2998,3014,2725,2706,2806,2797,2862,2702,2505,1965,1700,1428,1163,644,0,0
2025,2025-04-21,Northbound,All Vehicles,398,253,188,147,273,500,883,962,1286,2069,2456,2865,2895,2991,2999,3101,2948,2869,2572,2125,1793,1898,1290,636,0,0
2025,2025-04-22,Southbound,Light Vehicles,363,203,120,128,283,776,1924,2771,2970,2710,2531,2576,2394,2520,2649,2836,2314,2322,2396,1741,1070,1279,946,548,0,0
2025,2025-04-22,Southbound,Heavy Vehicles,30,45,42,53,64,136,265,287,324,349,362,369,363,346,372,335,222,188,167,131,75,58,54,35,0,0
2025,2025-04-22,Northbound,Heavy Vehicles,29,27,42,45,126,246,544,420,283,361,377,358,297,264,278,261,142,190,118,154,88,100,65,50,0,0
2025,2025-04-22,Northbound,Light Vehicles,312,167,108,114,353,1253,2705,2170,2217,2374,2205,2221,2399,2393,2723,2877,2323,3126,2218,2071,1467,1502,1029,478,0,0
2025,2025-04-22,Southbound,All Vehicles,393,248,162,181,347,912,2189,3058,3294,3059,2893,2945,2757,2866,3021,3171,2536,2510,2563,1872,1145,1337,1000,583,0,0
2025,2025-04-22,Northbound,All Vehicles,341,194,150,159,479,1499,3249,2590,2500,2735,2582,2579,2696,2657,3001,3138,2465,3316,2336,2225,1555,1602,1094,528,0,0
2025,2025-04-23,Northbound,Light Vehicles,278,152,118,125,312,1278,2703,2503,2760,2456,2396,2381,2407,2663,2716,3020,3208,3411,2679,1885,1562,1426,1093,569,0,0
2025,2025-04-23,Southbound,Heavy Vehicles,32,38,53,44,72,154,313,291,282,345,334,365,390,,,379,306,266,200,135,94,81,52,39,0,0
2025,2025-04-23,Northbound,Heavy Vehicles,34,32,39,57,126,242,533,458,370,389,376,364,369,307,248,272,224,225,169,111,95,82,58,46,0,0
2025,2025-04-23,Southbound,Light Vehicles,341,226,156,172,310,769,1911,2731,2886,2530,2469,2377,2451,,,3130,3038,3176,2721,1881,1447,1402,1102,589,0,0
2025,2025-04-23,Northbound,All Vehicles,312,184,157,182,438,1520,3236,2961,3130,2845,2772,2745,2776,2970,2964,3292,3432,3636,2848,1996,1657,1508,1151,615,0,0
2025,2025-04-23,Southbound,All Vehicles,373,264,209,216,382,923,2224,3022,3168,2875,2803,2742,2841,,,3509,3344,3442,2921,2016,1541,1483,1154,628,0,0
2025,2025-04-24,Southbound,Light Vehicles,328,227,207,183,292,762,1899,2581,2763,2603,2620,2537,2533,2634,2870,2947,3065,3083,2859,2155,1727,1592,1312,872,0,0
2025,2025-04-24,Southbound,Heavy Vehicles,47,56,46,57,75,146,302,312,313,334,417,386,410,390,443,345,310,278,200,136,99,79,51,44,0,0
2025,2025-04-24,Northbound,Heavy Vehicles,27,27,40,64,140,248,602,500,384,422,407,357,360,345,259,255,231,172,,130,105,91,51,37,0,0
2025,2025-04-24,Northbound,Light Vehicles,286,161,112,124,327,1260,2743,2356,2685,2513,2371,2544,2507,2697,2879,3007,3303,3394,,2196,1998,1783,1333,773,0,0
2025,2025-04-24,Southbound,All Vehicles,375,283,253,240,367,908,2201,2893,3076,2937,3037,2923,2943,3024,3313,3292,3375,3361,3059,2291,1826,1671,1363,916,0,0
2025,2025-04-24,Northbound,All Vehicles,313,188,152,188,467,1508,3345,2856,3069,2935,2778,2901,2867,3042,3138,3262,3534,3566,,2326,2103,1874,1384,810,0,0
2025,2025-04-25,Southbound,Light Vehicles,527,326,232,186,228,356,682,877,1165,1759,2193,2302,2329,2058,2141,2254,2170,2313,2194,1548,1399,1293,1193,834,0,0
2025,2025-04-25,Northbound,Heavy Vehicles,9,9,12,21,60,20,51,61,61,49,57,51,31,35,36,37,31,35,34,18,21,28,17,23,0,0
2025,2025-04-25,Northbound,Light Vehicles,254,164,108,89,130,244,347,348,467,659,793,842,868,819,846,825,795,793,730,622,570,559,477,345,0,0
2025,2025-04-25,Southbound,Heavy Vehicles,29,24,17,15,28,32,59,84,95,111,133,128,117,90,118,111,116,94,102,95,63,54,37,37,0,0
2025,2025-04-25,Southbound,All Vehicles,556,350,249,201,256,388,741,961,1260,1870,2326,2430,2446,2148,2259,2365,2286,2407,2296,1643,1462,1347,1230,871,0,0
2025,2025-04-25,Northbound,All Vehicles,263,173,120,110,190,264,398,409,528,708,850,893,899,854,882,862,826,828,764,640,591,587,494,368,0,0
2025,2025-04-26,Southbound,Heavy Vehicles,5,8,3,7,3,5,37,22,37,51,42,59,55,59,48,49,72,53,41,26,26,14,13,12,0,0
2025,2025-04-26,Southbound,Light Vehicles,129,78,37,37,32,130,319,470,602,929,1101,1174,1181,1107,1066,1139,1075,1163,971,568,449,415,364,274,0,0
2025,2025-04-26,Northbound,Light Vehicles,455,316,191,158,171,566,1413,1531,1992,2588,2836,3054,3243,3339,3478,3352,3251,3174,2575,1988,1792,1586,1378,1376,0,0
2025,2025-04-26,Northbound,Heavy Vehicles,16,16,24,34,39,98,220,265,194,175,176,186,169,170,168,133,159,131,94,64,71,57,53,40,0,0
2025,2025-04-26,Southbound,All Vehicles,134,86,40,44,35,135,356,492,639,980,1143,1233,1236,1166,1114,1188,1147,1216,1012,594,475,429,377,286,0,0
2025,2025-04-26,Northbound,All Vehicles,471,332,215,192,210,664,1633,1796,2186,2763,3012,3240,3412,3509,3646,3485,3410,3305,2669,2052,1863,1643,1431,1416,0,0
2025,2025-04-27,Southbound,Light Vehicles,612,380,264,191,184,324,514,864,1126,1686,2743,3051,3071,2915,2875,2862,2990,3029,2444,1352,1425,1308,1023,605,0,0
2025,2025-04-27,Northbound,Light Vehicles,562,303,214,157,173,367,668,753,1151,1908,2283,2638,2895,3116,3317,3290,2882,2865,2319,1796,1560,1344,1017,1074,0,0
2025,2025-04-27,Northbound,Heavy Vehicles,32,18,13,15,24,39,35,90,92,82,107,101,132,140,124,122,130,107,88,93,59,73,44,49,0,0
2025,2025-04-27,Southbound,Heavy Vehicles,38,20,14,15,9,21,38,58,65,80,135,117,130,134,109,115,133,105,114,49,87,53,61,34,0,0
2025,2025-04-27,Southbound,All Vehicles,650,400,278,206,193,345,552,922,1191,1766,2878,3168,3201,3049,2984,2977,3123,3134,2558,1401,1512,1361,1084,639,0,0
2025,2025-04-27,Northbound,All Vehicles,594,321,227,172,197,406,703,843,1243,1990,2390,2739,3027,3256,3441,3412,3012,2972,2407,1889,1619,1417,1061,1123,0,0
2025,2025-04-28,Southbound,Heavy Vehicles,46,37,45,51,72,129,306,326,337,375,407,394,356,422,370,389,321,271,202,150,96,62,58,34,0,0
2025,2025-04-28,Northbound,Heavy Vehicles,24,19,41,54,143,240,516,488,394,427,371,362,322,312,273,277,246,214,169,125,83,82,60,46,0,0
2025,2025-04-28,Southbound,Light Vehicles,346,188,162,163,305,880,2077,3459,3183,2599,2232,2291,2316,2551,2633,3147,3207,3293,2806,1933,1511,1233,939,493,0,0
2025,2025-04-28,Northbound,Light Vehicles,269,151,120,123,448,1530,2857,3056,3003,2362,2114,2077,2245,2387,2564,2848,3412,3553,2742,1816,1447,1228,924,462,0,0
2025,2025-04-28,Southbound,All Vehicles,392,225,207,214,377,1009,2383,3785,3520,2974,2639,2685,2672,2973,3003,3536,3528,3564,3008,2083,1607,1295,997,527,0,0
2025,2025-04-28,Northbound,All Vehicles,293,170,161,177,591,1770,3373,3544,3397,2789,2485,2439,2567,2699,2837,3125,3658,3767,2911,1941,1530,1310,984,508,0,0
2025,2025-04-29,Northbound,Light Vehicles,258,130,99,121,430,1517,2959,3015,,2480,2091,2036,2431,2351,2541,2825,3269,3469,3031,2033,1589,1376,980,468,0,0
2025,2025-04-29,Southbound,Heavy Vehicles,39,44,38,56,60,170,327,347,301,355,430,392,411,388,377,317,277,237,240,145,103,72,64,43,0,0
2025,2025-04-29,Southbound,Light Vehicles,295,193,159,180,287,868,2280,3365,3373,2724,2360,2258,2269,2361,2867,2743,2887,2931,3058,2069,1579,1275,1012,540,0,0
2025,2025-04-29,Northbound,Heavy Vehicles,26,25,40,48,131,275,583,515,,434,393,384,316,285,318,222,208,166,202,128,99,84,61,36,0,0
2025,2025-04-29,Northbound,All Vehicles,284,155,139,169,561,1792,3542,3530,,2914,2484,2420,2747,2636,2859,3047,3477,3635,3233,2161,1688,1460,1041,504,0,0
2025,2025-04-29,Southbound,All Vehicles,334,237,197,236,347,1038,2607,3712,3674,3079,2790,2650,2680,2749,3244,3060,3164,3168,3298,2214,1682,1347,1076,583,0,0
2025,2025-04-30,Southbound,Heavy Vehicles,45,52,34,68,92,128,323,308,312,336,393,425,419,388,440,356,283,257,207,138,85,69,55,54,0,0
2025,2025-04-30,Northbound,Light Vehicles,277,153,104,125,437,1518,2874,3012,3027,2654,2141,2139,2275,2517,2716,2700,3172,3593,2978,1870,1519,1443,1052,498,0,0
2025,2025-04-30,Northbound,Heavy Vehicles,34,32,42,72,139,257,542,473,317,426,424,373,371,348,285,244,192,203,208,127,104,79,51,41,0,0
2025,2025-04-30,Southbound,Light Vehicles,317,204,184,174,295,902,2194,3336,3185,2935,2401,2272,2333,2411,2796,2865,2769,3038,3111,2037,1625,1450,1051,593,0,0
2025,2025-04-30,Southbound,All Vehicles,362,256,218,242,387,1030,2517,3644,3497,3271,2794,2697,2752,2799,3236,3221,3052,3295,3318,2175,1710,1519,1106,647,0,0
2025,2025-04-30,Northbound,All Vehicles,311,185,146,197,576,1775,3416,3485,3344,3080,2565,2512,2646,2865,3001,2944,3364,3796,3186,1997,1623,1522,1103,539,0,0
2025,2025-05-01,Northbound,Heavy Vehicles,38,37,36,67,147,277,538,458,355,425,400,373,359,353,331,246,253,218,,138,97,75,57,40,0,0
2025,2025-05-01,Southbound,Light Vehicles,315,256,173,189,284,848,2174,3289,3294,2783,2386,2169,2307,2355,2676,3047,3056,3208,,2200,1722,1491,1077,625,0,0
2025,2025-05-01,Southbound,Heavy Vehicles,35,51,43,47,67,150,312,289,292,364,446,384,420,391,415,362,307,246,,153,92,69,46,40,0,0
2025,2025-05-01,Northbound,Light Vehicles,295,152,103,148,403,1490,2933,2987,3096,2587,2295,2254,2218,2415,2725,2909,3350,3605,,2026,1779,1544,1057,484,0,0
2025,2025-05-01,Northbound,All Vehicles,333,189,139,215,550,1767,3471,3445,3451,3012,2695,2627,2577,2768,3056,3155,3603,3823,,2164,1876,1619,1114,524,0,0
2025,2025-05-01,Southbound,All Vehicles,350,307,216,236,351,998,2486,3578,3586,3147,2832,2553,2727,2746,3091,3409,3363,3454,,2353,1814,1560,1123,665,0,0
2025,2025-05-02,Southbound,Light Vehicles,442,248,195,163,315,851,2153,3239,2927,2798,2574,2519,2491,2521,2843,3218,3179,3104,3474,,,1609,1702,977,0,0
2025,2025-05-02,Northbound,Light Vehicles,279,152,113,125,402,1500,2916,2851,2897,2472,2248,2249,2392,2852,3233,2969,3267,3432,2867,,1960,1692,1797,1489,0,0
2025,2025-05-02,Northbound,Heavy Vehicles,49,36,47,60,139,254,584,496,372,388,369,400,314,343,287,252,250,212,183,,91,72,74,59,0,0
2025,2025-05-02,Southbound,Heavy Vehicles,45,53,44,66,88,156,318,318,291,319,362,398,387,355,371,363,321,245,253,,,85,74,47,0,0
2025,2025-05-02,Southbound,All Vehicles,487,301,239,229,403,1007,2471,3557,3218,3117,2936,2917,2878,2876,3214,3581,3500,3349,3727,,,1694,1776,1024,0,0
2025,2025-05-02,Northbound,All Vehicles,328,188,160,185,541,1754,3500,3347,3269,2860,2617,2649,2706,3195,3520,3221,3517,3644,3050,,2051,1764,1871,1548,0,0
2025,2025-05-03,Northbound,Light Vehicles,515,309,195,160,249,788,2037,2118,2040,2455,2657,2452,2447,1989,2206,3030,2873,2817,2729,2068,1820,1810,1748,1643,0,0
2025,2025-05-03,Southbound,Light Vehicles,591,356,267,264,268,603,1317,1869,2236,2739,3183,3364,3400,3404,3349,3311,3369,3472,3091,2031,1563,1626,1705,1123,0,0
2025,2025-05-03,Southbound,Heavy Vehicles,45,42,31,39,39,69,126,135,181,224,229,223,209,235,202,179,176,161,130,97,71,76,63,44,0,0
2025,2025-05-03,Northbound,Heavy Vehicles,38,28,26,31,39,99,285,287,175,183,176,146,131,102,114,136,106,122,100,85,67,67,64,43,0,0
2025,2025-05-03,Northbound,All Vehicles,553,337,221,191,288,887,2322,2405,2215,2638,2833,2598,2578,2091,2320,3166,2979,2939,2829,2153,1887,1877,1812,1686,0,0
2025,2025-05-03,Southbound,All Vehicles,636,398,298,303,307,672,1443,2004,2417,2963,3412,3587,3609,3639,3551,3490,3545,3633,3221,2128,1634,1702,1768,1167,0,0
2025,2025-05-04,Northbound,Light Vehicles,925,571,290,209,205,465,802,986,1530,2314,2636,2834,3018,3270,3435,3469,3227,3035,2805,2039,1776,1377,1433,863,0,0
2025,2025-05-04,Southbound,Heavy Vehicles,38,17,19,18,11,23,48,73,93,134,121,137,143,141,129,131,113,141,115,93,78,70,91,48,0,0
2025,2025-05-04,Southbound,Light Vehicles,955,558,353,251,237,361,818,1139,1767,2569,2972,3180,3086,3105,3181,3104,2985,3137,2601,1946,1534,1385,1238,605,0,0
2025,2025-05-04,Northbound,Heavy Vehicles,34,14,18,17,21,41,57,102,96,135,131,137,115,124,132,121,141,95,129,108,65,68,76,38,0,0
2025,2025-05-04,Northbound,All Vehicles,959,585,308,226,226,506,859,1088,1626,2449,2767,2971,3133,3394,3567,3590,3368,3130,2934,2147,1841,1445,1509,901,0,0
2025,2025-05-04,Southbound,All Vehicles,993,575,372,269,248,384,866,1212,1860,2703,3093,3317,3229,3246,3310,3235,3098,3278,2716,2039,1612,1455,1329,653,0,0
2025,2025-05-05,Northbound,Heavy Vehicles,51,32,44,50,139,279,562,485,383,455,391,383,339,357,338,282,255,198,193,124,106,83,65,48,0,0
2025,2025-05-05,Southbound,Light Vehicles,326,191,168,159,288,874,2240,3380,3192,2809,2140,2150,2337,2395,2751,3201,3152,3202,2821,2015,1550,1261,947,553,0,0
2025,2025-05-05,Southbound,Heavy Vehicles,52,54,42,59,88,160,326,330,289,376,430,434,467,425,411,365,352,264,198,146,100,65,68,54,0,0
2025,2025-05-05,Northbound,Light Vehicles,293,174,110,132,423,1582,2994,3016,3076,2600,2149,1994,2137,2406,2619,2792,3401,3550,3030,1860,1574,1373,896,455,0,0
2025,2025-05-05,Northbound,All Vehicles,344,206,154,182,562,1861,3556,3501,3459,3055,2540,2377,2476,2763,2957,3074,3656,3748,3223,1984,1680,1456,961,503,0,0
2025,2025-05-05,Southbound,All Vehicles,378,245,210,218,376,1034,2566,3710,3481,3185,2570,2584,2804,2820,3162,3566,3504,3466,3019,2161,1650,1326,1015,607,0,0
2025,2025-05-06,Southbound,Light Vehicles,277,198,172,169,308,918,2370,3412,3348,2914,2371,2202,2282,2407,2738,3128,3046,2905,3399,2539,1706,1486,1105,641,0,0
2025,2025-05-06,Southbound,Heavy Vehicles,35,50,48,53,77,169,279,328,259,357,418,399,408,462,469,412,339,281,233,177,115,89,75,62,0,0
2025,2025-05-06,Northbound,Light Vehicles,259,149,101,142,468,1477,3033,3115,3064,2773,2327,2293,2150,2364,2690,2900,3470,3585,3232,1988,1672,1563,1024,498,0,0
2025,2025-05-06,Northbound,Heavy Vehicles,39,40,53,50,151,310,548,462,350,463,442,361,352,332,305,272,250,223,212,127,115,98,68,59,0,0
2025,2025-05-06,Southbound,All Vehicles,312,248,220,222,385,1087,2649,3740,3607,3271,2789,2601,2690,2869,3207,3540,3385,3186,3632,2716,1821,1575,1180,703,0,0
2025,2025-05-06,Northbound,All Vehicles,298,189,154,192,619,1787,3581,3577,3414,3236,2769,2654,2502,2696,2995,3172,3720,3808,3444,2115,1787,1661,1092,557,0,0
2025,2025-05-07,Northbound,Light Vehicles,265,166,117,170,435,1578,2956,3195,3113,2709,2209,2201,2268,2495,2855,2906,3435,3648,3157,2038,1636,1582,1074,533,0,0
2025,2025-05-07,Southbound,Heavy Vehicles,42,62,67,61,97,167,353,324,300,410,385,429,443,449,412,388,326,275,223,141,97,80,69,46,0,0
2025,2025-05-07,Northbound,Heavy Vehicles,40,46,41,67,164,295,576,507,371,477,423,385,325,355,307,267,288,212,182,139,111,88,64,52,0,0
2025,2025-05-07,Southbound,Light Vehicles,327,204,177,210,344,939,2357,3474,3315,2863,2385,2364,2236,2488,2793,3075,3282,2945,3270,2157,1722,1545,1078,633,0,0
2025,2025-05-07,Northbound,All Vehicles,305,212,158,237,599,1873,3532,3702,3484,3186,2632,2586,2593,2850,3162,3173,3723,3860,3339,2177,1747,1670,1138,585,0,0
2025,2025-05-07,Southbound,All Vehicles,369,266,244,271,441,1106,2710,3798,3615,3273,2770,2793,2679,2937,3205,3463,3608,3220,3493,2298,1819,1625,1147,679,0,0
2025,2025-05-08,Southbound,Heavy Vehicles,54,42,52,77,69,168,308,259,254,302,359,406,423,433,430,368,328,244,223,136,90,87,80,60,0,0
2025,2025-05-08,Northbound,Heavy Vehicles,40,25,45,64,144,308,550,515,366,441,451,377,401,345,304,282,248,244,194,136,99,96,54,51,0,0
2025,2025-05-08,Northbound,Light Vehicles,258,142,118,147,453,1554,3098,3100,3088,2658,2275,2132,2193,2467,2741,2907,3443,3546,3032,2132,1889,1666,1084,565,0,0
2025,2025-05-08,Southbound,Light Vehicles,369,246,204,200,308,929,2336,3404,3359,2751,2429,2372,2543,2532,2911,3159,3249,3144,3084,2359,1821,1623,1200,731,0,0
2025,2025-05-08,Southbound,All Vehicles,423,288,256,277,377,1097,2644,3663,3613,3053,2788,2778,2966,2965,3341,3527,3577,3388,3307,2495,1911,1710,1280,791,0,0
2025,2025-05-08,Northbound,All Vehicles,298,167,163,211,597,1862,3648,3615,3454,3099,2726,2509,2594,2812,3045,3189,3691,3790,3226,2268,1988,1762,1138,616,0,0
2025,2025-05-09,Northbound,Heavy Vehicles,50,34,42,63,169,290,635,554,429,427,405,385,367,360,328,251,258,198,171,155,103,78,85,64,0,0
2025,2025-05-09,Northbound,Light Vehicles,320,172,137,152,407,1526,2986,2937,2962,2497,2250,2362,2555,2719,3053,2894,3249,3397,3073,2305,1959,1842,1800,1016,0,0
2025,2025-05-09,Northbound,All Vehicles,370,206,179,215,576,1816,3621,3491,3391,2924,2655,2747,2922,3079,3381,3145,3507,3595,3244,2460,2062,1920,1885,1080,0,0
2025,2025-05-10,Southbound,Light Vehicles,629,420,311,224,300,646,1263,1969,2440,3162,3457,3459,3379,3328,3245,3439,3355,3558,3045,2014,1604,1711,1516,1079,0,0
2025,2025-05-10,Northbound,Heavy Vehicles,30,41,21,26,49,124,346,301,273,199,213,183,187,176,150,124,165,154,133,93,78,87,68,43,0,0
2025,2025-05-10,Northbound,Light Vehicles,592,318,220,173,245,839,2104,2175,2489,3154,3084,3335,3429,3561,3581,3564,3552,3184,2751,2213,1942,1974,1580,1107,0,0
2025,2025-05-10,Southbound,Heavy Vehicles,37,43,29,41,39,74,146,156,213,199,213,236,193,254,205,223,189,185,151,100,68,70,74,54,0,0
2025,2025-05-10,Southbound,All Vehicles,666,463,340,265,339,720,1409,2125,2653,3361,3670,3695,3572,3582,3450,3662,3544,3743,3196,2114,1672,1781,1590,1133,0,0
2025,2025-05-10,Northbound,All Vehicles,622,359,241,199,294,963,2450,2476,2762,3353,3297,3518,3616,3737,3731,3688,3717,3338,2884,2306,2020,2061,1648,1150,0,0
2025,2025-05-11,Northbound,Light Vehicles,624,353,224,170,174,414,778,925,1518,2345,2786,3179,3210,3359,3446,3538,3368,3093,2886,2056,2012,1470,998,1079,0,0
2025,2025-05-11,Southbound,Light Vehicles,663,395,319,217,191,327,719,1055,1745,2623,3173,3507,3433,3167,3302,3282,3274,3466,2553,1858,1600,1494,1078,623,0,0
2025,2025-05-11,Northbound,Heavy Vehicles,23,14,18,10,24,27,60,85,112,121,140,135,106,136,118,122,110,121,135,91,76,76,50,74,0,0
2025,2025-05-11,Southbound,Heavy Vehicles,24,19,21,25,12,20,39,67,115,121,150,149,121,138,119,106,135,134,117,93,63,65,58,49,0,0
2025,2025-05-11,Northbound,All Vehicles,647,367,242,180,198,441,838,1010,1630,2466,2926,3314,3316,3495,3564,3660,3478,3214,3021,2147,2088,1546,1048,1153,0,0
2025,2025-05-11,Southbound,All Vehicles,687,414,340,242,203,347,758,1122,1860,2744,3323,3656,3554,3305,3421,3388,3409,3600,2670,1951,1663,1559,1136,672,0,0
2025,2025-05-12,Northbound,Light Vehicles,266,155,118,152,444,1615,3028,2943,2693,2746,2193,2112,2227,2386,2668,2811,3365,3520,2802,1826,1495,1339,,396,0,0
2025,2025-05-12,Southbound,Light Vehicles,305,175,148,157,304,869,2146,3383,3179,2757,2248,2204,2244,2414,2663,3274,3266,3126,2660,1920,1439,1246,,516,0,0
2025,2025-05-12,Northbound,Heavy Vehicles,32,27,29,43,160,250,575,489,333,448,392,386,353,329,311,273,229,212,165,129,90,92,,41,0,0
2025,2025-05-12,Southbound,Heavy Vehicles,34,36,34,39,78,137,356,322,284,400,393,397,407,424,429,391,334,284,179,131,102,77,,40,0,0
2025,2025-05-12,Northbound,All Vehicles,298,182,147,195,604,1865,3603,3432,3026,3194,2585,2498,2580,2715,2979,3084,3594,3732,2967,1955,1585,1431,,437,0,0
2025,2025-05-12,Southbound,All Vehicles,339,211,182,196,382,1006,2502,3705,3463,3157,2641,2601,2651,2838,3092,3665,3600,3410,2839,2051,1541,1323,,556,0,0
2025,2025-05-13,Northbound,Light Vehicles,240,137,114,141,434,1572,3009,3105,3171,2603,2235,2086,2136,2428,2707,2814,3377,3576,2991,1872,1625,1517,958,520,0,0
2025,2025-05-13,Southbound,Light Vehicles,285,207,165,167,291,901,2245,3209,3400,2905,,2251,2222,2362,2716,3163,3118,3207,3106,2156,1547,1338,1104,613,0,0
2025,2025-05-13,Northbound,Heavy Vehicles,32,33,39,54,155,318,562,475,353,450,443,379,359,332,338,253,255,193,164,141,120,81,66,50,0,0
2025,2025-05-13,Southbound,Heavy Vehicles,43,48,36,54,78,158,315,320,306,382,,451,416,433,458,364,292,240,181,137,97,72,58,54,0,0
2025,2025-05-13,Northbound,All Vehicles,272,170,153,195,589,1890,3571,3580,3524,3053,2678,2465,2495,2760,3045,3067,3632,3769,3155,2013,1745,1598,1024,570,0,0
2025,2025-05-13,Southbound,All Vehicles,328,255,201,221,369,1059,2560,3529,3706,3287,,2702,2638,2795,3174,3527,3410,3447,3287,2293,1644,1410,1162,667,0,0
2025,2025-05-14,Southbound,Light Vehicles,347,216,181,194,322,886,2343,3282,3385,2852,2364,2313,2268,2437,2845,3218,3142,3090,,2123,1722,1470,,629,0,0
2025,2025-05-14,Northbound,Light Vehicles,292,129,116,137,426,1671,3039,3134,3202,2707,2186,2202,2296,2455,2734,2773,3386,3553,,1934,1715,1466,1117,543,0,0
2025,2025-05-14,Southbound,Heavy Vehicles,57,69,38,72,87,143,374,321,317,408,420,396,405,423,401,377,290,240,,120,101,81,,53,0,0
2025,2025-05-14,Northbound,Heavy Vehicles,43,37,37,69,156,268,599,505,381,484,415,397,381,324,313,286,261,171,,131,110,106,73,51,0,0
2025,2025-05-14,Southbound,All Vehicles,404,285,219,266,409,1029,2717,3603,3702,3260,2784,2709,2673,2860,3246,3595,3432,3330,,2243,1823,1551,,682,0,0
2025,2025-05-14,Northbound,All Vehicles,335,166,153,206,582,1939,3638,3639,3583,3191,2601,2599,2677,2779,3047,3059,3647,3724,,2065,1825,1572,1190,594,0,0
2025,2025-05-15,Southbound,Heavy Vehicles,59,58,45,67,75,147,327,291,306,366,376,432,390,404,371,353,287,261,216,65,22,78,22,45,0,0
2025,2025-05-15,Southbound,Light Vehicles,346,236,176,203,302,904,2199,3387,3281,2864,2425,2344,2408,2446,2833,3124,3162,3152,3109,1348,778,1573,736,647,0,0
2025,2025-05-15,Northbound,Heavy Vehicles,47,39,44,51,158,315,563,501,384,470,424,352,365,343,313,258,227,213,162,116,98,101,66,36,0,0
2025,2025-05-15,Northbound,Light Vehicles,282,182,115,154,422,1596,3014,2961,3149,2563,2297,2129,2268,2415,2754,2856,3400,3515,3038,1858,1725,1585,1129,565,0,0
2025,2025-05-15,Southbound,All Vehicles,405,294,221,270,377,1051,2526,3678,3587,3230,2801,2776,2798,2850,3204,3477,3449,3413,3325,1413,800,1651,758,692,0,0
2025,2025-05-15,Northbound,All Vehicles,329,221,159,205,580,1911,3577,3462,3533,3033,2721,2481,2633,2758,3067,3114,3627,3728,3200,1974,1823,1686,1195,601,0,0
2025,2025-05-16,Southbound,Heavy Vehicles,,,,,,,,1,8,14,2,7,4,8,,1,2,9,3,1,1,,,,0,0
2025,2025-05-16,Northbound,Heavy Vehicles,30,28,34,59,148,298,523,371,356,361,430,384,369,353,299,251,241,194,,146,105,,91,60,0,0
2025,2025-05-16,Southbound,Light Vehicles,2,4,,1,,1,5,18,91,222,51,46,64,60,57,94,108,190,233,51,38,,21,12,0,0
2025,2025-05-16,Northbound,Light Vehicles,297,153,129,153,409,1527,2863,2167,2684,2369,2320,2296,2531,2700,3023,2985,3240,3225,,2064,1822,,1710,1063,0,0
2025,2025-05-16,Southbound,All Vehicles,2,4,,1,,1,5,19,99,236,53,53,68,68,57,95,110,199,236,52,39,,21,12,0,0
2025,2025-05-16,Northbound,All Vehicles,327,181,163,212,557,1825,3386,2538,3040,2730,2750,2680,2900,3053,3322,3236,3481,3419,,2210,1927,,1801,1123,0,0
2025,2025-05-17,Southbound,Light Vehicles,602,344,242,225,292,612,1183,1846,2322,2911,3200,3414,3341,3401,3268,3239,3206,2771,2593,1854,1512,1502,1496,1097,0,0
2025,2025-05-17,Northbound,Heavy Vehicles,43,34,36,42,68,143,320,329,242,239,227,239,212,218,178,192,170,172,154,136,89,83,80,62,0,0
2025,2025-05-17,Southbound,Heavy Vehicles,35,24,29,43,42,74,157,179,199,232,221,230,254,267,224,210,219,146,121,65,81,75,72,55,0,0
2025,2025-05-17,Northbound,Light Vehicles,552,297,219,226,258,860,2061,2112,2441,2826,3138,3365,3532,3561,3538,3525,3290,3396,3118,2482,2037,1925,1670,1168,0,0
2025,2025-05-17,Southbound,All Vehicles,637,368,271,268,334,686,1340,2025,2521,3143,3421,3644,3595,3668,3492,3449,3425,2917,2714,1919,1593,1577,1568,1152,0,0
2025,2025-05-17,Northbound,All Vehicles,595,331,255,268,326,1003,2381,2441,2683,3065,3365,3604,3744,3779,3716,3717,3460,3568,3272,2618,2126,2008,1750,1230,0,0
2025,2025-05-18,Southbound,Light Vehicles,719,501,343,249,240,223,574,1280,1783,2576,3123,3334,3356,3199,2971,3162,3124,3004,2387,1684,1306,1285,1002,435,0,0
2025,2025-05-18,Northbound,Light Vehicles,648,357,248,195,178,426,807,910,1505,2400,2754,3013,3346,3319,3520,3371,3450,3033,2405,1851,1608,1370,937,519,0,0
2025,2025-05-18,Northbound,Heavy Vehicles,46,28,16,26,30,58,63,108,148,137,131,174,159,131,159,184,153,134,122,104,82,81,55,48,0,0
2025,2025-05-18,Southbound,Heavy Vehicles,34,41,16,19,17,11,29,99,110,124,144,134,143,137,144,145,151,148,129,103,67,77,71,27,0,0
2025,2025-05-18,Southbound,All Vehicles,753,542,359,268,257,234,603,1379,1893,2700,3267,3468,3499,3336,3115,3307,3275,3152,2516,1787,1373,1362,1073,462,0,0
2025,2025-05-18,Northbound,All Vehicles,694,385,264,221,208,484,870,1018,1653,2537,2885,3187,3505,3450,3679,3555,3603,3167,2527,1955,1690,1451,992,567,0,0
2025,2025-05-19,Southbound,Heavy Vehicles,36,9,10,13,22,114,240,196,165,222,348,321,390,399,354,355,257,237,,107,,53,38,41,0,0
2025,2025-05-19,Southbound,Light Vehicles,268,39,36,79,128,761,1861,2446,1981,2367,2176,2228,2309,2389,2771,3083,2980,3171,,1844,,1117,880,502,0,0
2025,2025-05-19,Northbound,Heavy Vehicles,30,27,40,40,108,224,529,473,368,435,372,351,336,317,279,255,234,193,165,106,90,78,49,36,0,0
2025,2025-05-19,Northbound,Light Vehicles,248,131,117,133,386,1366,2856,2999,2989,2483,2117,2019,2250,2397,2596,2874,3380,3377,2683,1665,1368,1209,825,434,0,0
2025,2025-05-19,Southbound,All Vehicles,304,48,46,92,150,875,2101,2642,2146,2589,2524,2549,2699,2788,3125,3438,3237,3408,,1951,,1170,918,543,0,0
2025,2025-05-19,Northbound,All Vehicles,278,158,157,173,494,1590,3385,3472,3357,2918,2489,2370,2586,2714,2875,3129,3614,3570,2848,1771,1458,1287,874,470,0,0
2025,2025-05-20,Northbound,Light Vehicles,209,119,101,151,468,1331,2970,3045,3068,2643,2185,,2141,2428,2640,2742,3412,3610,3150,2323,1839,1718,1108,,0,0
2025,2025-05-20,Southbound,Heavy Vehicles,39,39,36,51,61,137,317,280,260,328,380,,434,359,378,387,272,232,203,132,92,78,57,,0,0
2025,2025-05-20,Northbound,Heavy Vehicles,32,25,48,48,158,222,536,483,341,456,432,,389,331,303,237,252,210,169,122,128,87,65,,0,0
2025,2025-05-20,Southbound,Light Vehicles,311,171,148,151,291,876,2186,3397,3214,2919,2390,,2303,2439,2780,3239,3164,2981,3048,2332,1890,1570,1246,,0,0
2025,2025-05-20,Northbound,All Vehicles,241,144,149,199,626,1553,3506,3528,3409,3099,2617,,2530,2759,2943,2979,3664,3820,3319,2445,1967,1805,1173,,0,0
2025,2025-05-20,Southbound,All Vehicles,350,210,184,202,352,1013,2503,3677,3474,3247,2770,,2737,2798,3158,3626,3436,3213,3251,2464,1982,1648,1303,,0,0
2025,2025-05-21,Southbound,Light Vehicles,393,238,178,184,305,900,2281,3299,3237,3208,2540,2433,2188,2508,2809,3004,3094,3161,3295,2160,1815,1507,1161,,0,0
2025,2025-05-21,Northbound,Heavy Vehicles,35,38,45,65,152,257,559,451,310,377,398,350,279,313,283,265,202,197,171,117,91,86,56,47,0,0
2025,2025-05-21,Southbound,Heavy Vehicles,45,53,49,67,82,134,282,268,263,339,392,328,319,352,371,307,307,257,208,136,89,64,47,,0,0
2025,2025-05-21,Northbound,Light Vehicles,303,153,122,151,422,1567,2985,2986,3161,2839,2414,2218,2192,2493,2693,3010,2739,2659,2780,2054,1673,1492,1101,585,0,0
2025,2025-05-21,Southbound,All Vehicles,438,291,227,251,387,1034,2563,3567,3500,3547,2932,2761,2507,2860,3180,3311,3401,3418,3503,2296,1904,1571,1208,,0,0
2025,2025-05-21,Northbound,All Vehicles,338,191,167,216,574,1824,3544,3437,3471,3216,2812,2568,2471,2806,2976,3275,2941,2856,2951,2171,1764,1578,1157,632,0,0
2025,2025-05-22,Northbound,Heavy Vehicles,26,28,38,42,140,250,549,440,344,421,285,218,294,220,253,193,201,181,155,103,70,66,51,31,0,0
2025,2025-05-22,Northbound,Light Vehicles,317,144,104,158,442,1420,2873,2920,2985,2519,1908,1686,2159,2225,2700,2720,3094,3214,2522,1760,1500,1405,1031,511,0,0
2025,2025-05-22,Northbound,All Vehicles,343,172,142,200,582,1670,3422,3360,3329,2940,2193,1904,2453,2445,2953,2913,3295,3395,2677,1863,1570,1471,1082,542,0,0
2025,2025-05-23,Northbound,Heavy Vehicles,31,30,40,59,98,164,269,262,246,299,332,314,338,295,254,252,247,183,158,116,103,97,60,47,0,0
2025,2025-05-23,Northbound,Light Vehicles,290,147,140,134,372,1331,2023,2283,2288,2239,2129,2128,2395,2645,3032,2917,3240,3379,2945,2118,1847,1843,1488,991,0,0
2025,2025-05-23,Northbound,All Vehicles,321,177,180,193,470,1495,2292,2545,2534,2538,2461,2442,2733,2940,3286,3169,3487,3562,3103,2234,1950,1940,1548,1038,0,0
2025,2025-05-24,Southbound,Light Vehicles,,,,,,,,,,13,93,173,218,142,166,234,296,205,93,49,28,21,17,17,0,0
2025,2025-05-24,Southbound,Heavy Vehicles,,,,,,,,,,1,3,8,5,7,7,9,5,10,2,,1,1,,,0,0
2025,2025-05-24,Northbound,Light Vehicles,605,358,229,171,221,741,1653,1815,2387,2779,3077,3168,3372,3507,3136,3491,3367,3428,2670,2049,1943,1877,1534,1097,0,0
2025,2025-05-24,Northbound,Heavy Vehicles,30,32,17,37,39,122,272,254,232,196,220,179,188,162,152,151,156,154,130,85,78,78,65,45,0,0
2025,2025-05-24,Southbound,All Vehicles,,,,,,,,,,14,96,181,223,149,173,243,301,215,95,49,29,22,17,17,0,0
2025,2025-05-24,Northbound,All Vehicles,635,390,246,208,260,863,1925,2069,2619,2975,3297,3347,3560,3669,3288,3642,3523,3582,2800,2134,2021,1955,1599,1142,0,0
2025,2025-05-25,Northbound,Light Vehicles,699,388,232,178,174,366,815,937,1477,2276,2587,2930,3179,3235,3247,3384,3200,2946,2519,1917,1725,1436,1374,626,0,0
2025,2025-05-25,Southbound,Heavy Vehicles,29,26,13,16,12,16,35,46,72,88,123,127,144,120,130,150,129,108,107,81,81,54,51,33,0,0
2025,2025-05-25,Northbound,Heavy Vehicles,27,20,18,14,24,26,68,91,100,120,146,149,150,140,143,127,145,131,126,87,82,68,64,32,0,0
2025,2025-05-25,Southbound,Light Vehicles,639,436,302,232,198,324,651,1058,1592,2320,2970,3018,3099,3008,3123,3092,2958,3074,2498,1748,1595,1441,1124,609,0,0
2025,2025-05-25,Northbound,All Vehicles,726,408,250,192,198,392,883,1028,1577,2396,2733,3079,3329,3375,3390,3511,3345,3077,2645,2004,1807,1504,1438,658,0,0
2025,2025-05-25,Southbound,All Vehicles,668,462,315,248,210,340,686,1104,1664,2408,3093,3145,3243,3128,3253,3242,3087,3182,2605,1829,1676,1495,1175,642,0,0
2025,2025-05-26,Northbound,Heavy Vehicles,32,21,35,39,153,264,603,513,382,446,405,381,338,362,336,217,236,192,183,98,84,71,51,43,0,0
2025,2025-05-26,Northbound,Light Vehicles,274,178,112,147,449,1592,3046,2994,3112,2470,2119,1980,2099,2343,2678,2289,3328,3444,2797,1816,1457,1186,827,392,0,0
2025,2025-05-26,Southbound,Heavy Vehicles,32,29,31,34,65,121,282,237,233,352,376,400,403,411,396,,293,202,156,51,68,52,45,24,0,0
2025,2025-05-26,Southbound,Light Vehicles,312,167,109,140,280,813,2053,2417,2080,2413,2165,2097,2218,2381,2769,,2922,2494,2724,1331,1286,1115,909,529,0,0
2025,2025-05-26,Northbound,All Vehicles,306,199,147,186,602,1856,3649,3507,3494,2916,2524,2361,2437,2705,3014,2506,3564,3636,2980,1914,1541,1257,878,435,0,0
2025,2025-05-26,Southbound,All Vehicles,344,196,140,174,345,934,2335,2654,2313,2765,2541,2497,2621,2792,3165,,3215,2696,2880,1382,1354,1167,954,553,0,0
2025,2025-05-27,Northbound,Heavy Vehicles,32,36,32,47,165,267,573,481,353,415,386,386,352,329,318,265,227,193,,113,132,100,71,52,0,0
2025,2025-05-27,Northbound,Light Vehicles,248,118,101,132,464,1543,3008,3187,3189,2648,2161,2020,2209,2504,2605,2919,3312,3512,,1918,1656,1455,1010,470,0,0
2025,2025-05-27,Southbound,Light Vehicles,301,169,149,163,306,874,2218,3458,3379,2871,2294,2334,2341,2372,2793,3003,3217,3151,,2087,1609,1285,944,494,0,0
2025,2025-05-27,Southbound,Heavy Vehicles,41,43,30,50,70,137,284,300,302,326,374,379,429,427,372,352,305,242,,122,96,59,36,34,0,0
2025,2025-05-27,Northbound,All Vehicles,280,154,133,179,629,1810,3581,3668,3542,3063,2547,2406,2561,2833,2923,3184,3539,3705,,2031,1788,1555,1081,522,0,0
2025,2025-05-27,Southbound,All Vehicles,342,212,179,213,376,1011,2502,3758,3681,3197,2668,2713,2770,2799,3165,3355,3522,3393,,2209,1705,1344,980,528,0,0
2025,2025-05-28,Northbound,Heavy Vehicles,33,37,51,59,151,258,594,412,320,451,422,368,371,321,292,272,255,205,202,136,103,79,87,50,0,0
2025,2025-05-28,Northbound,Light Vehicles,226,174,125,133,421,1554,3036,2494,3104,2658,2256,2185,2244,2510,2733,2858,3428,3519,3068,2027,1581,1375,1305,568,0,0
2025,2025-05-28,Southbound,Heavy Vehicles,41,45,32,49,76,94,199,140,111,280,372,414,402,366,404,329,255,147,113,107,66,45,68,44,0,0
2025,2025-05-28,Southbound,Light Vehicles,268,207,178,158,279,761,1766,2002,1880,2598,2429,2339,2338,2416,2848,2766,2816,2165,2256,2096,1573,1316,1266,648,0,0
2025,2025-05-28,Northbound,All Vehicles,259,211,176,192,572,1812,3630,2906,3424,3109,2678,2553,2615,2831,3025,3130,3683,3724,3270,2163,1684,1454,1392,618,0,0
2025,2025-05-28,Southbound,All Vehicles,309,252,210,207,355,855,1965,2142,1991,2878,2801,2753,2740,2782,3252,3095,3071,2312,2369,2203,1639,1361,1334,692,0,0
2025,2025-05-29,Southbound,Light Vehicles,380,251,183,176,296,800,2179,3289,3272,2767,2300,2291,2429,2537,,3237,3010,2887,3124,2279,1841,1655,1157,708,0,0
2025,2025-05-29,Southbound,Heavy Vehicles,34,40,40,67,73,131,278,251,295,304,344,365,366,384,,342,322,228,212,154,100,83,63,52,0,0
2025,2025-05-29,Northbound,Light Vehicles,251,160,122,142,434,1541,2976,3100,3176,2649,2185,,2192,2539,,2817,3458,3461,2979,1985,1805,1587,1088,561,0,0
2025,2025-05-29,Northbound,Heavy Vehicles,35,33,43,57,148,266,606,493,369,429,404,,370,374,,268,256,192,183,142,121,96,73,58,0,0
2025,2025-05-29,Southbound,All Vehicles,414,291,223,243,369,931,2457,3540,3567,3071,2644,2656,2795,2921,,3579,3332,3115,3336,2433,1941,1738,1220,760,0,0
2025,2025-05-29,Northbound,All Vehicles,286,193,165,199,582,1807,3582,3593,3545,3078,2589,,2562,2913,,3085,3714,3653,3162,2127,1926,1683,1161,619,0,0
2025,2025-05-30,Southbound,Light Vehicles,415,268,193,198,274,691,1944,2979,2816,2710,2610,2534,2584,2613,2845,3163,2595,2052,1646,1882,1659,1673,1350,,0,0
2025,2025-05-30,Southbound,Heavy Vehicles,50,49,37,43,55,81,241,226,256,320,388,400,381,383,395,370,207,128,76,100,96,73,49,,0,0
2025,2025-05-30,Northbound,Light Vehicles,279,174,138,147,399,1482,2958,2861,2939,2379,2220,2279,2456,2801,2996,3133,3285,3341,2985,2202,1857,1819,1485,917,0,0
2025,2025-05-30,Northbound,Heavy Vehicles,41,33,40,52,157,272,580,573,393,433,390,357,339,357,293,259,267,216,182,130,115,100,74,51,0,0
2025,2025-05-30,Southbound,All Vehicles,465,317,230,241,329,772,2185,3205,3072,3030,2998,2934,2965,2996,3240,3533,2802,2180,1722,1982,1755,1746,1399,,0,0
2025,2025-05-30,Northbound,All Vehicles,320,207,178,199,556,1754,3538,3434,3332,2812,2610,2636,2795,3158,3289,3392,3552,3557,3167,2332,1972,1919,1559,968,0,0
2025,2025-05-31,Southbound,Heavy Vehicles,19,20,13,30,24,52,69,79,149,197,208,186,225,208,200,134,145,79,106,63,63,48,28,32,0,0
2025,2025-05-31,Southbound,Light Vehicles,516,336,241,212,217,487,976,1548,2415,3199,3556,3435,3247,3283,3090,2715,3147,1689,2797,1809,1635,1599,1341,953,0,0
2025,2025-05-31,Northbound,Light Vehicles,521,287,210,176,246,779,1960,2083,2517,2993,3145,3297,3350,3402,3559,3384,3603,3354,2927,2275,2043,2195,1512,1033,0,0
2025,2025-05-31,Northbound,Heavy Vehicles,29,24,22,29,46,114,311,321,245,208,211,197,184,176,173,156,163,157,116,97,81,96,53,44,0,0
2025,2025-05-31,Southbound,All Vehicles,535,356,254,242,241,539,1045,1627,2564,3396,3764,3621,3472,3491,3290,2849,3292,1768,2903,1872,1698,1647,1369,985,0,0
2025,2025-05-31,Northbound,All Vehicles,550,311,232,205,292,893,2271,2404,2762,3201,3356,3494,3534,3578,3732,3540,3766,3511,3043,2372,2124,2291,1565,1077,0,0
2025,2025-06-01,Southbound,Light Vehicles,646,416,290,205,243,300,719,924,1335,2620,3163,3473,3307,3273,2967,3028,2464,2492,1813,1356,1282,1082,772,451,0,0
2025,2025-06-01,Northbound,Light Vehicles,703,348,249,170,176,354,750,912,1473,2324,2674,2956,3105,2740,3211,3533,3405,3269,2417,1944,1787,1398,985,531,0,0
2025,2025-06-01,Northbound,Heavy Vehicles,21,18,14,12,22,32,47,103,102,116,119,142,117,93,128,141,143,139,100,103,76,75,63,32,0,0
2025,2025-06-01,Southbound,Heavy Vehicles,24,19,14,15,10,14,38,47,49,100,144,129,171,137,128,118,80,61,73,53,35,37,27,24,0,0
2025,2025-06-01,Southbound,All Vehicles,670,435,304,220,253,314,757,971,1384,2720,3307,3602,3478,3410,3095,3146,2544,2553,1886,1409,1317,1119,799,475,0,0
2025,2025-06-01,Northbound,All Vehicles,724,366,263,182,198,386,797,1015,1575,2440,2793,3098,3222,2833,3339,3674,3548,3408,2517,2047,1863,1473,1048,563,0,0
2025,2025-06-02,Southbound,Heavy Vehicles,21,31,29,36,55,77,294,258,274,344,372,391,373,395,356,356,275,250,199,112,59,54,43,33,0,0
2025,2025-06-02,Southbound,Light Vehicles,269,143,152,123,246,752,2115,3317,3113,2539,2140,2131,2101,2267,2804,3073,3092,2631,2502,1960,1383,1193,931,533,0,0
2025,2025-06-02,Northbound,Light Vehicles,347,186,153,166,463,1561,3020,2996,3044,2506,2074,1831,2141,2371,2728,2793,3363,3589,2812,1819,1464,1231,963,449,0,0
2025,2025-06-02,Northbound,Heavy Vehicles,34,26,38,50,143,286,582,481,369,432,412,335,347,309,318,302,273,206,184,118,90,87,49,53,0,0
2025,2025-06-02,Southbound,All Vehicles,290,174,181,159,301,829,2409,3575,3387,2883,2512,2522,2474,2662,3160,3429,3367,2881,2701,2072,1442,1247,974,566,0,0
2025,2025-06-02,Northbound,All Vehicles,381,212,191,216,606,1847,3602,3477,3413,2938,2486,2166,2488,2680,3046,3095,3636,3795,2996,1937,1554,1318,1012,502,0,0
2025,2025-06-03,Southbound,Light Vehicles,269,181,154,148,314,879,2198,3466,3380,2699,2297,2242,2213,2512,2742,3146,3055,3109,3120,2087,1674,1395,1102,568,0,0
2025,2025-06-03,Southbound,Heavy Vehicles,40,43,42,47,64,137,259,280,267,317,337,386,359,377,409,327,317,231,196,112,89,50,54,40,0,0
2025,2025-06-03,Southbound,All Vehicles,309,224,196,195,378,1016,2457,3746,3647,3016,2634,2628,2572,2889,3151,3473,3372,3340,3316,2199,1763,1445,1156,608,0,0
2025,2025-06-04,Southbound,Heavy Vehicles,41,46,43,65,77,142,286,217,192,195,320,382,,384,374,323,246,217,177,111,109,73,52,45,0,0
2025,2025-06-04,Southbound,Light Vehicles,301,217,162,208,322,916,2195,2766,2588,2364,2448,2324,,2480,2826,3161,3170,3129,3142,2240,1670,1429,1235,726,0,0
2025,2025-06-04,Southbound,All Vehicles,342,263,205,273,399,1058,2481,2983,2780,2559,2768,2706,,2864,3200,3484,3416,3346,3319,2351,1779,1502,1287,771,0,0
2025,2025-06-05,Northbound,Light Vehicles,324,164,123,159,403,1622,3083,3042,2465,2515,2324,2122,2245,2482,2699,2750,3505,3604,3184,2134,1908,1651,1056,590,0,0
2025,2025-06-05,Southbound,Light Vehicles,372,248,201,176,290,844,2247,3322,3351,2853,2407,2346,2460,2503,2833,3091,3176,2932,3229,2345,1831,1625,1192,704,0,0
2025,2025-06-05,Southbound,Heavy Vehicles,56,47,38,44,72,166,296,283,281,336,346,361,425,415,436,351,303,243,226,130,96,76,52,51,0,0
2025,2025-06-05,Northbound,Heavy Vehicles,36,39,39,59,160,282,577,552,336,406,414,423,351,357,351,281,280,224,212,152,116,95,76,36,0,0
2025,2025-06-05,Northbound,All Vehicles,360,203,162,218,563,1904,3660,3594,2801,2921,2738,2545,2596,2839,3050,3031,3785,3828,3396,2286,2024,1746,1132,626,0,0
2025,2025-06-05,Southbound,All Vehicles,428,295,239,220,362,1010,2543,3605,3632,3189,2753,2707,2885,2918,3269,3442,3479,3175,3455,2475,1927,1701,1244,755,0,0
2025,2025-06-06,Southbound,Light Vehicles,433,261,176,201,316,869,2152,2940,3062,2650,2618,2682,2592,2655,2940,3197,3356,3231,2994,2286,1657,1560,1421,918,0,0
2025,2025-06-06,Northbound,Heavy Vehicles,42,39,38,59,174,261,583,489,416,430,411,369,350,331,268,,250,224,180,129,102,80,,53,0,0
2025,2025-06-06,Southbound,Heavy Vehicles,58,47,41,53,88,135,256,235,283,303,349,360,328,346,347,377,281,242,187,116,90,77,48,41,0,0
2025,2025-06-06,Northbound,Light Vehicles,307,149,118,163,392,1339,2811,2549,2729,2434,2255,2406,2642,2694,2560,,3302,3476,2897,2092,1872,1716,,858,0,0
2025,2025-06-06,Southbound,All Vehicles,491,308,217,254,404,1004,2408,3175,3345,2953,2967,3042,2920,3001,3287,3574,3637,3473,3181,2402,1747,1637,1469,959,0,0
2025,2025-06-06,Northbound,All Vehicles,349,188,156,222,566,1600,3394,3038,3145,2864,2666,2775,2992,3025,2828,,3552,3700,3077,2221,1974,1796,,911,0,0
2025,2025-06-07,Southbound,Heavy Vehicles,41,36,24,36,31,50,101,112,169,160,182,173,178,170,165,206,134,173,91,31,37,62,39,37,0,0
2025,2025-06-07,Southbound,Light Vehicles,589,408,247,228,285,555,1155,1811,2240,2962,3369,3393,3276,3236,3084,3278,3358,3493,2879,1663,1438,1665,1483,993,0,0
2025,2025-06-07,Southbound,All Vehicles,630,444,271,264,316,605,1256,1923,2409,3122,3551,3566,3454,3406,3249,3484,3492,3666,2970,1694,1475,1727,1522,1030,0,0
2025,2025-06-08,Southbound,Heavy Vehicles,33,24,11,15,16,21,32,62,91,103,120,123,111,119,106,112,82,74,79,61,50,57,28,38,0,0
2025,2025-06-08,Southbound,Light Vehicles,794,394,265,200,187,360,754,1246,1759,2592,3114,3229,3140,2852,2968,3037,2779,2834,2352,1697,1533,1434,1241,787,0,0
2025,2025-06-08,Southbound,All Vehicles,827,418,276,215,203,381,786,1308,1850,2695,3234,3352,3251,2971,3074,3149,2861,2908,2431,1758,1583,1491,1269,825,0,0
2025,2025-06-09,Southbound,Heavy Vehicles,14,12,17,11,16,14,33,58,73,80,98,102,87,69,84,30,24,55,55,56,52,41,30,36,0,0
2025,2025-06-09,Southbound,Light Vehicles,324,222,131,114,117,210,492,606,716,1290,1641,1974,1891,1805,1985,945,755,1388,1414,1155,1060,879,674,396,0,0
2025,2025-06-09,Southbound,All Vehicles,338,234,148,125,133,224,525,664,789,1370,1739,2076,1978,1874,2069,975,779,1443,1469,1211,1112,920,704,432,0,0
2025,2025-06-10,Southbound,Light Vehicles,304,189,118,134,252,851,2216,3461,3378,2736,2450,2246,2268,2055,2715,3041,3143,3199,3150,2202,1650,1380,1128,583,0,0
2025,2025-06-10,Southbound,Heavy Vehicles,36,40,33,42,77,129,296,309,321,355,375,408,379,351,423,365,281,239,201,125,83,51,64,60,0,0
2025,2025-06-10,Southbound,All Vehicles,340,229,151,176,329,980,2512,3770,3699,3091,2825,2654,2647,2406,3138,3406,3424,3438,3351,2327,1733,1431,1192,643,0,0
2025,2025-06-11,Northbound,Light Vehicles,12,,,,32,1242,2781,2639,2598,2245,2169,2202,2261,2431,2842,2807,2792,1776,537,,24,,,,0,0
2025,2025-06-11,Southbound,Light Vehicles,329,196,161,167,293,869,2280,3476,3209,2832,2347,2409,2264,2385,2796,3108,3149,,3054,,1622,1472,1099,603,0,0
2025,2025-06-11,Northbound,Heavy Vehicles,5,,,,13,172,501,435,279,319,360,367,347,335,339,295,184,63,21,,1,,,,0,0
2025,2025-06-11,Southbound,Heavy Vehicles,40,47,43,65,73,167,295,288,288,348,375,436,435,436,421,363,283,,229,,86,83,56,38,0,0
2025,2025-06-11,Northbound,All Vehicles,17,,,,45,1414,3282,3074,2877,2564,2529,2569,2608,2766,3181,3102,2976,1839,558,,25,,,,0,0
2025,2025-06-11,Southbound,All Vehicles,369,243,204,232,366,1036,2575,3764,3497,3180,2722,2845,2699,2821,3217,3471,3432,,3283,,1708,1555,1155,641,0,0
2025,2025-06-12,Southbound,Heavy Vehicles,37,45,46,58,78,162,301,268,,337,366,368,379,406,417,346,322,268,172,114,98,59,47,55,0,0
2025,2025-06-12,Southbound,Light Vehicles,392,241,168,190,281,856,2184,3379,,2802,2394,2265,2400,2504,2804,3272,3351,3223,2962,2238,1760,1585,1126,700,0,0
2025,2025-06-12,Southbound,All Vehicles,429,286,214,248,359,1018,2485,3647,,3139,2760,2633,2779,2910,3221,3618,3673,3491,3134,2352,1858,1644,1173,755,0,0
2025,2025-06-13,Southbound,Light Vehicles,378,246,188,179,289,849,2097,3118,2937,2771,2284,2685,2511,2672,2734,3040,3167,2992,3106,2104,1670,1528,1383,962,0,0
2025,2025-06-13,Southbound,Heavy Vehicles,51,65,48,59,95,185,338,349,319,375,370,447,423,358,430,393,359,288,189,136,91,69,72,52,0,0
2025,2025-06-13,Northbound,Light Vehicles,253,166,150,141,415,1611,2974,2894,2948,2304,2202,2320,2436,2493,3142,2995,3371,3301,2867,2110,1788,1642,1372,859,0,0
2025,2025-06-13,Northbound,Heavy Vehicles,44,34,40,57,157,305,615,507,418,476,410,380,370,325,326,282,249,217,196,127,102,94,65,49,0,0
2025,2025-06-13,Southbound,All Vehicles,429,311,236,238,384,1034,2435,3467,3256,3146,2654,3132,2934,3030,3164,3433,3526,3280,3295,2240,1761,1597,1455,1014,0,0
2025,2025-06-13,Northbound,All Vehicles,297,200,190,198,572,1916,3589,3401,3366,2780,2612,2700,2806,2818,3468,3277,3620,3518,3063,2237,1890,1736,1437,908,0,0
2025,2025-06-14,Southbound,Light Vehicles,597,386,306,224,247,562,1199,1858,2273,3015,3330,3415,3454,3330,3290,3314,3131,3433,2876,1933,1589,1606,1482,1077,0,0
2025,2025-06-14,Northbound,Heavy Vehicles,35,29,22,23,53,105,347,325,284,229,200,203,207,198,184,171,167,150,122,98,67,60,55,55,0,0
2025,2025-06-14,Northbound,Light Vehicles,472,286,201,157,207,752,2005,1990,2418,2922,2928,3182,3254,3460,3737,3453,3346,3154,2707,2071,1795,1706,1454,1277,0,0
2025,2025-06-14,Southbound,Heavy Vehicles,41,41,30,44,38,69,130,179,224,225,224,218,223,222,230,198,189,205,141,96,67,63,53,49,0,0
2025,2025-06-14,Southbound,All Vehicles,638,427,336,268,285,631,1329,2037,2497,3240,3554,3633,3677,3552,3520,3512,3320,3638,3017,2029,1656,1669,1535,1126,0,0
2025,2025-06-14,Northbound,All Vehicles,507,315,223,180,260,857,2352,2315,2702,3151,3128,3385,3461,3658,3921,3624,3513,3304,2829,2169,1862,1766,1509,1332,0,0
2025,2025-06-15,Northbound,Light Vehicles,654,331,218,178,162,370,833,975,1418,2448,2588,3002,3236,3200,3317,3138,3156,2817,2369,2102,1724,1370,927,452,0,0
2025,2025-06-15,Northbound,Heavy Vehicles,27,16,8,15,17,33,55,98,115,109,131,129,136,114,146,126,122,95,111,100,99,67,42,29,0,0
2025,2025-06-15,Northbound,All Vehicles,681,347,226,193,179,403,888,1073,1533,2557,2719,3131,3372,3314,3463,3264,3278,2912,2480,2202,1823,1437,969,481,0,0
2025,2025-06-16,Southbound,Heavy Vehicles,,,,,,,,,,,6,2,1,1,1,10,18,16,8,3,2,,,,0,0
2025,2025-06-16,Northbound,Heavy Vehicles,44,23,38,53,147,269,579,470,335,430,461,358,382,355,291,254,224,195,210,120,90,82,74,45,0,0
2025,2025-06-16,Northbound,Light Vehicles,263,144,92,158,457,1626,2887,2947,2876,2516,2040,2031,2213,2363,2623,2809,3260,3249,3214,1908,1578,1185,882,401,0,0
2025,2025-06-16,Southbound,Light Vehicles,,,,,,,,,,,52,49,44,51,51,156,296,222,108,66,34,22,16,3,0,0
2025,2025-06-16,Southbound,All Vehicles,,,,,,,,,,,58,51,45,52,52,166,314,238,116,69,36,22,16,3,0,0
2025,2025-06-16,Northbound,All Vehicles,307,167,130,211,604,1895,3466,3417,3211,2946,2501,2389,2595,2718,2914,3063,3484,3444,3424,2028,1668,1267,956,446,0,0
2025,2025-06-17,Southbound,Light Vehicles,251,192,174,176,282,826,2207,3403,3330,2815,2334,2175,2318,2477,2898,3155,3065,3079,2988,2051,1577,1405,1059,586,0,0
2025,2025-06-17,Southbound,Heavy Vehicles,39,39,39,55,67,166,337,316,308,377,407,414,427,440,476,389,336,318,214,147,92,71,69,38,0,0
2025,2025-06-17,Southbound,All Vehicles,290,231,213,231,349,992,2544,3719,3638,3192,2741,2589,2745,2917,3374,3544,3401,3397,3202,2198,1669,1476,1128,624,0,0
2025,2025-06-18,Southbound,Light Vehicles,339,237,182,175,301,837,2248,3330,3201,2949,2304,2375,2293,2464,2745,3074,3154,3086,3179,2071,1509,1353,1252,685,0,0
2025,2025-06-18,Southbound,Heavy Vehicles,52,54,39,60,84,151,321,331,302,366,417,444,452,438,447,375,296,282,234,130,94,69,58,45,0,0
2025,2025-06-18,Southbound,All Vehicles,391,291,221,235,385,988,2569,3661,3503,3315,2721,2819,2745,2902,3192,3449,3450,3368,3413,2201,1603,1422,1310,730,0,0
2025,2025-06-19,Northbound,Light Vehicles,285,159,112,146,429,1561,3038,3010,2449,2582,2211,2120,2286,2457,2693,2737,3416,3569,2995,2176,1937,1672,1135,564,0,0
2025,2025-06-19,Southbound,Heavy Vehicles,43,38,44,69,78,160,322,297,295,366,390,441,407,425,447,401,358,274,240,156,100,86,67,56,0,0
2025,2025-06-19,Southbound,Light Vehicles,362,220,172,202,305,803,2120,3286,3181,2708,2374,2325,2387,2455,2766,3141,3089,2920,3238,2311,1723,1663,1173,676,0,0
2025,2025-06-19,Northbound,Heavy Vehicles,35,37,45,52,152,281,609,478,284,472,408,371,339,348,306,258,233,220,202,139,124,106,76,54,0,0
2025,2025-06-19,Northbound,All Vehicles,320,196,157,198,581,1842,3647,3488,2733,3054,2619,2491,2625,2805,2999,2995,3649,3789,3197,2315,2061,1778,1211,618,0,0
2025,2025-06-19,Southbound,All Vehicles,405,258,216,271,383,963,2442,3583,3476,3074,2764,2766,2794,2880,3213,3542,3447,3194,3478,2467,1823,1749,1240,732,0,0
2025,2025-06-20,Northbound,Light Vehicles,282,162,135,139,432,1510,2916,2840,2939,2407,2315,2309,2475,2717,2945,3031,3323,3452,2782,2246,1881,1919,1499,929,0,0
2025,2025-06-20,Southbound,Heavy Vehicles,71,45,51,65,81,165,322,327,276,379,445,440,443,393,436,340,346,307,249,169,92,84,60,47,0,0
2025,2025-06-20,Northbound,Heavy Vehicles,51,43,40,67,153,259,644,559,427,446,428,425,368,344,344,267,231,231,183,128,124,99,62,54,0,0
2025,2025-06-20,Southbound,Light Vehicles,382,278,197,195,283,792,2128,3149,2913,2680,2405,2657,2534,2633,2852,2991,3121,3212,2946,2077,1712,1623,1433,946,0,0
2025,2025-06-20,Northbound,All Vehicles,333,205,175,206,585,1769,3560,3399,3366,2853,2743,2734,2843,3061,3289,3298,3554,3683,2965,2374,2005,2018,1561,983,0,0
2025,2025-06-20,Southbound,All Vehicles,453,323,248,260,364,957,2450,3476,3189,3059,2850,3097,2977,3026,3288,3331,3467,3519,3195,2246,1804,1707,1493,993,0,0
2025,2025-06-21,Southbound,Light Vehicles,602,399,271,232,259,569,1188,1869,2325,3096,3331,3212,3054,2997,3025,3235,3223,2762,2805,1903,1682,1750,1484,1036,0,0
2025,2025-06-21,Northbound,Heavy Vehicles,38,27,18,30,55,108,349,336,262,242,217,194,170,164,194,145,148,155,105,84,77,69,65,35,0,0
2025,2025-06-21,Northbound,Light Vehicles,508,299,197,148,253,818,2029,2183,2504,2851,2978,3328,3501,3344,3417,3327,3520,3409,2837,2114,1996,2048,2098,1081,0,0
2025,2025-06-21,Southbound,Heavy Vehicles,38,36,23,40,36,81,139,174,193,207,223,232,198,187,211,184,166,162,140,81,88,67,63,46,0,0
2025,2025-06-21,Southbound,All Vehicles,640,435,294,272,295,650,1327,2043,2518,3303,3554,3444,3252,3184,3236,3419,3389,2924,2945,1984,1770,1817,1547,1082,0,0
2025,2025-06-21,Northbound,All Vehicles,546,326,215,178,308,926,2378,2519,2766,3093,3195,3522,3671,3508,3611,3472,3668,3564,2942,2198,2073,2117,2163,1116,0,0
2025,2025-06-22,Northbound,Heavy Vehicles,29,17,12,12,23,23,69,122,122,119,126,116,109,105,129,133,134,139,123,119,88,67,56,41,0,0
2025,2025-06-22,Southbound,Light Vehicles,697,433,296,223,210,373,756,1067,1801,2628,3167,3445,2889,2813,2779,3061,2969,2974,2359,1628,1486,1342,967,591,0,0
2025,2025-06-22,Southbound,Heavy Vehicles,38,18,21,17,17,25,39,69,85,136,125,145,130,143,136,148,131,132,103,83,75,73,64,68,0,0
2025,2025-06-22,Northbound,Light Vehicles,651,357,239,154,164,399,817,877,1475,2338,2620,2935,2734,2721,3422,3444,3747,3545,2766,2022,1797,1476,1017,527,0,0
2025,2025-06-22,Northbound,All Vehicles,680,374,251,166,187,422,886,999,1597,2457,2746,3051,2843,2826,3551,3577,3881,3684,2889,2141,1885,1543,1073,568,0,0
2025,2025-06-22,Southbound,All Vehicles,735,451,317,240,227,398,795,1136,1886,2764,3292,3590,3019,2956,2915,3209,3100,3106,2462,1711,1561,1415,1031,659,0,0
2025,2025-06-23,Northbound,Light Vehicles,256,146,130,125,470,1605,2834,3005,3015,2393,2104,2067,2118,2372,2580,2794,3378,3539,2888,1811,1506,1111,1001,423,0,0
2025,2025-06-23,Northbound,Heavy Vehicles,37,27,40,56,135,287,588,497,376,473,457,414,372,370,345,310,249,241,186,146,95,78,65,42,0,0
2025,2025-06-23,Southbound,Light Vehicles,294,178,142,165,292,833,2144,3264,3068,2500,2197,2093,2094,2280,2571,2201,2859,2875,2513,1783,1444,1191,956,502,0,0
2025,2025-06-23,Southbound,Heavy Vehicles,39,48,41,51,81,150,301,291,306,339,424,420,409,443,408,302,350,251,175,125,89,59,64,43,0,0
2025,2025-06-23,Northbound,All Vehicles,293,173,170,181,605,1892,3422,3502,3391,2866,2561,2481,2490,2742,2925,3104,3627,3780,3074,1957,1601,1189,1066,465,0,0
2025,2025-06-23,Southbound,All Vehicles,333,226,183,216,373,983,2445,3555,3374,2839,2621,2513,2503,2723,2979,2503,3209,3126,2688,1908,1533,1250,1020,545,0,0
2025,2025-06-24,Southbound,Heavy Vehicles,50,50,42,48,87,174,344,343,313,377,419,400,427,414,416,385,326,270,217,146,105,80,64,50,0,0
2025,2025-06-24,Southbound,Light Vehicles,301,195,145,165,293,816,2236,3504,3296,2780,2417,2288,2216,2376,2739,3082,3179,3190,2814,2005,1524,1449,991,602,0,0
2025,2025-06-24,Southbound,All Vehicles,351,245,187,213,380,990,2580,3847,3609,3157,2836,2688,2643,2790,3155,3467,3505,3460,3031,2151,1629,1529,1055,652,0,0
2025,2025-06-25,Southbound,Light Vehicles,348,211,153,198,321,852,2201,3450,3322,2838,2359,2348,2348,2482,2725,2507,2850,2289,2625,2613,1723,1457,1122,729,0,0
2025,2025-06-25,Southbound,Heavy Vehicles,64,48,54,76,83,188,344,341,333,360,413,408,420,411,414,328,297,235,205,204,105,87,92,59,0,0
2025,2025-06-25,Southbound,All Vehicles,412,259,207,274,404,1040,2545,3791,3655,3198,2772,2756,2768,2893,3139,2835,3147,2524,2830,2817,1828,1544,1214,788,0,0
2025,2025-06-26,Northbound,Light Vehicles,298,168,116,141,420,1613,2958,2994,2979,2497,2225,2197,2301,2539,2888,2903,3457,3551,2989,2171,1894,1686,1089,570,0,0
2025,2025-06-26,Southbound,Light Vehicles,401,215,196,170,307,844,2234,3300,3175,2791,2420,2289,2430,2495,2785,3104,3113,3116,3177,2169,1776,1621,1141,671,0,0
2025,2025-06-26,Southbound,Heavy Vehicles,49,47,62,71,76,167,351,305,313,398,424,418,449,435,436,407,352,300,274,129,114,75,82,72,0,0
2025,2025-06-26,Northbound,Heavy Vehicles,50,44,45,62,154,292,616,536,372,458,448,401,394,332,348,264,242,235,188,152,109,108,78,46,0,0
2025,2025-06-26,Northbound,All Vehicles,348,212,161,203,574,1905,3574,3530,3351,2955,2673,2598,2695,2871,3236,3167,3699,3786,3177,2323,2003,1794,1167,616,0,0
2025,2025-06-26,Southbound,All Vehicles,450,262,258,241,383,1011,2585,3605,3488,3189,2844,2707,2879,2930,3221,3511,3465,3416,3451,2298,1890,1696,1223,743,0,0
2025,2025-06-27,Southbound,Light Vehicles,420,293,191,197,309,860,2085,3177,2612,2703,2595,2626,2645,2542,3009,3138,3079,3171,3045,2225,1736,1643,1413,937,0,0
2025,2025-06-27,Northbound,Light Vehicles,301,162,145,139,432,1564,3005,2816,2848,2388,2184,2363,2538,2713,3057,3001,3325,3382,2872,2141,1808,1793,1476,912,0,0
2025,2025-06-27,Southbound,Heavy Vehicles,44,72,53,79,99,162,324,334,257,374,435,420,404,397,410,435,337,327,219,154,94,83,56,44,0,0
2025,2025-06-27,Northbound,Heavy Vehicles,47,50,59,70,142,303,638,562,429,468,423,390,383,387,327,290,264,196,199,127,116,99,64,54,0,0
2025,2025-06-27,Southbound,All Vehicles,464,365,244,276,408,1022,2409,3511,2869,3077,3030,3046,3049,2939,3419,3573,3416,3498,3264,2379,1830,1726,1469,981,0,0
2025,2025-06-27,Northbound,All Vehicles,348,212,204,209,574,1867,3643,3378,3277,2856,2607,2753,2921,3100,3384,3291,3589,3578,3071,2268,1924,1892,1540,966,0,0
2025,2025-06-28,Northbound,Heavy Vehicles,30,24,21,31,51,128,324,341,280,227,244,202,187,198,157,175,141,159,125,91,88,70,61,45,0,0
2025,2025-06-28,Northbound,Light Vehicles,559,281,213,164,243,780,2053,1945,2333,2818,2986,3188,3455,3401,3518,3374,3286,3394,2934,2047,1968,1911,1575,1026,0,0
2025,2025-06-28,Southbound,Heavy Vehicles,48,34,32,41,37,62,140,168,197,221,249,237,228,241,203,209,186,184,151,97,73,77,46,54,0,0
2025,2025-06-28,Southbound,Light Vehicles,702,401,238,283,307,575,1187,1661,2357,3044,3389,3331,3380,3401,3345,3490,3284,3490,2843,1961,1559,1614,1502,1048,0,0
2025,2025-06-28,Northbound,All Vehicles,589,305,234,195,294,908,2377,2286,2613,3045,3230,3390,3642,3599,3675,3549,3427,3553,3059,2138,2056,1981,1636,1071,0,0
2025,2025-06-28,Southbound,All Vehicles,750,435,270,324,344,637,1327,1829,2554,3265,3638,3568,3608,3642,3548,3699,3470,3674,2994,2058,1632,1691,1548,1102,0,0
2025,2025-06-29,Southbound,Heavy Vehicles,43,17,17,15,17,18,45,74,123,136,146,154,148,116,126,142,129,120,88,85,93,92,82,49,0,0
2025,2025-06-29,Northbound,Light Vehicles,556,370,233,158,151,372,830,890,1459,2319,2606,2964,3113,3310,3310,3436,3434,3319,2644,2017,1836,1483,975,533,0,0
2025,2025-06-29,Northbound,Heavy Vehicles,30,16,14,15,26,37,72,110,99,131,135,121,138,142,112,139,134,129,110,109,85,89,61,46,0,0
2025,2025-06-29,Southbound,Light Vehicles,689,421,294,219,220,316,711,1165,1866,2611,3305,3477,3322,3031,3020,3024,2990,3210,2390,1753,1452,1378,1035,554,0,0
2025,2025-06-29,Southbound,All Vehicles,732,438,311,234,237,334,756,1239,1989,2747,3451,3631,3470,3147,3146,3166,3119,3330,2478,1838,1545,1470,1117,603,0,0
2025,2025-06-29,Northbound,All Vehicles,586,386,247,173,177,409,902,1000,1558,2450,2741,3085,3251,3452,3422,3575,3568,3448,2754,2126,1921,1572,1036,579,0,0
2025,2025-06-30,Northbound,Heavy Vehicles,43,37,45,49,145,267,609,502,407,416,446,350,360,334,283,230,250,223,187,112,115,80,55,39,0,0
2025,2025-06-30,Southbound,Light Vehicles,334,210,142,153,283,767,2150,3226,3287,2546,2224,2230,2188,2406,2608,3210,3172,3245,2588,1859,1525,1309,962,519,0,0
2025,2025-06-30,Southbound,Heavy Vehicles,53,37,42,59,78,156,312,331,316,355,363,406,408,432,389,405,308,292,208,146,101,71,60,33,0,0
2025,2025-06-30,Northbound,Light Vehicles,256,156,115,126,386,1434,2974,2795,2891,2371,2112,2068,2209,2409,2383,2670,3294,3495,2880,1892,1597,1332,897,453,0,0
2025,2025-06-30,Northbound,All Vehicles,299,193,160,175,531,1701,3583,3297,3298,2787,2558,2418,2569,2743,2666,2900,3544,3718,3067,2004,1712,1412,952,492,0,0
2025,2025-06-30,Southbound,All Vehicles,387,247,184,212,361,923,2462,3557,3603,2901,2587,2636,2596,2838,2997,3615,3480,3537,2796,2005,1626,1380,1022,552,0,0
2025,2025-07-01,Northbound,Heavy Vehicles,24,32,41,43,121,180,274,221,226,264,224,175,177,183,151,104,106,102,82,47,41,47,39,25,0,0
2025,2025-07-01,Southbound,Light Vehicles,283,219,155,156,290,727,1862,2987,2925,2487,2077,1841,1952,2006,2227,2632,2597,2439,2035,1432,1114,926,824,486,0,0
2025,2025-07-01,Northbound,Light Vehicles,196,94,93,129,339,1013,1675,1739,1879,1517,1313,1225,1277,1634,1495,1550,1732,1859,1450,1018,802,743,533,311,0,0
2025,2025-07-01,Southbound,Heavy Vehicles,39,45,37,39,59,120,243,265,287,332,330,323,312,326,324,292,260,197,149,89,53,70,42,39,0,0
2025,2025-07-01,Northbound,All Vehicles,220,126,134,172,460,1193,1949,1960,2105,1781,1537,1400,1454,1817,1646,1654,1838,1961,1532,1065,843,790,572,336,0,0
2025,2025-07-01,Southbound,All Vehicles,322,264,192,195,349,847,2105,3252,3212,2819,2407,2164,2264,2332,2551,2924,2857,2636,2184,1521,1167,996,866,525,0,0
2025,2025-07-03,Southbound,Heavy Vehicles,50,46,43,54,69,157,352,350,354,358,387,449,431,396,490,420,356,278,224,137,120,85,82,69,0,0
2025,2025-07-03,Northbound,Light Vehicles,256,146,107,160,396,1497,3001,2784,3008,2462,2256,2171,2254,2415,2663,2865,3281,3361,2930,2089,1894,1651,1581,708,0,0
2025,2025-07-03,Southbound,Light Vehicles,312,246,152,171,290,791,2069,3081,3113,2827,2334,2339,2350,2464,2786,3081,3201,3141,2948,2228,1718,1617,1290,729,0,0
2025,2025-07-03,Northbound,Heavy Vehicles,35,26,38,61,135,266,586,477,379,437,408,361,384,306,337,293,267,200,178,134,132,102,80,59,0,0
2025,2025-07-03,Southbound,All Vehicles,362,292,195,225,359,948,2421,3431,3467,3185,2721,2788,2781,2860,3276,3501,3557,3419,3172,2365,1838,1702,1372,798,0,0
2025,2025-07-03,Northbound,All Vehicles,291,172,145,221,531,1763,3587,3261,3387,2899,2664,2532,2638,2721,3000,3158,3548,3561,3108,2223,2026,1753,1661,767,0,0
2025,2025-07-04,Northbound,Light Vehicles,342,155,138,171,424,1500,2938,2704,2812,2461,2134,2482,2507,2591,3088,3022,3391,3493,2869,2251,1951,1906,1688,973,0,0
2025,2025-07-04,Southbound,Light Vehicles,412,287,173,196,329,849,1976,2857,2888,2770,2611,2620,2764,2561,2976,2924,3073,3192,3289,2261,1619,1653,1401,955,0,0
2025,2025-07-04,Northbound,Heavy Vehicles,51,64,51,66,141,284,599,527,421,430,426,409,348,352,337,278,226,185,206,151,100,77,96,48,0,0
2025,2025-07-04,Southbound,Heavy Vehicles,71,82,61,61,99,160,357,312,327,357,433,435,479,433,398,369,353,282,246,139,103,84,86,49,0,0
2025,2025-07-04,Northbound,All Vehicles,393,219,189,237,565,1784,3537,3231,3233,2891,2560,2891,2855,2943,3425,3300,3617,3678,3075,2402,2051,1983,1784,1021,0,0
2025,2025-07-04,Southbound,All Vehicles,483,369,234,257,428,1009,2333,3169,3215,3127,3044,3055,3243,2994,3374,3293,3426,3474,3535,2400,1722,1737,1487,1004,0,0
2025,2025-07-05,Northbound,Light Vehicles,503,290,212,178,248,778,1997,1955,2198,2769,2850,3149,3404,3435,3478,3397,3156,2684,2933,2409,2052,1953,1580,994,0,0
2025,2025-07-05,Southbound,Heavy Vehicles,40,42,35,44,34,55,121,178,196,209,230,234,250,232,220,197,226,174,139,93,78,67,41,54,0,0
2025,2025-07-05,Northbound,Heavy Vehicles,30,22,20,32,49,111,286,300,242,236,187,183,179,179,180,148,161,118,131,91,95,75,65,54,0,0
2025,2025-07-05,Southbound,Light Vehicles,598,382,290,216,282,557,1246,1812,2332,2916,3311,3435,3381,3358,3363,3472,3390,3420,2681,1866,1560,1642,1503,983,0,0
2025,2025-07-05,Northbound,All Vehicles,533,312,232,210,297,889,2283,2255,2440,3005,3037,3332,3583,3614,3658,3545,3317,2802,3064,2500,2147,2028,1645,1048,0,0
2025,2025-07-05,Southbound,All Vehicles,638,424,325,260,316,612,1367,1990,2528,3125,3541,3669,3631,3590,3583,3669,3616,3594,2820,1959,1638,1709,1544,1037,0,0
2025,2025-07-06,Southbound,Light Vehicles,652,398,289,221,220,325,826,1251,1804,2599,3212,3261,3195,2971,3015,3104,2959,2756,2521,1605,1497,1311,963,590,0,0
2025,2025-07-06,Southbound,Heavy Vehicles,31,17,19,16,18,28,42,91,108,138,160,179,148,146,135,123,120,133,105,90,69,62,62,52,0,0
2025,2025-07-06,Southbound,All Vehicles,683,415,308,237,238,353,868,1342,1912,2737,3372,3440,3343,3117,3150,3227,3079,2889,2626,1695,1566,1373,1025,642,0,0
2025,2025-07-07,Northbound,Heavy Vehicles,,,,,,21,378,183,248,64,164,360,353,346,289,268,234,195,176,110,114,99,51,40,0,0
2025,2025-07-07,Southbound,Heavy Vehicles,39,41,41,55,85,143,350,331,324,373,396,367,271,425,417,430,335,259,195,126,108,82,57,60,0,0
2025,2025-07-07,Northbound,Light Vehicles,,,,,,122,2506,851,2100,385,959,1960,2309,2348,2575,2903,3232,3518,2709,1782,1477,1337,867,475,0,0
2025,2025-07-07,Southbound,Light Vehicles,324,183,141,157,251,805,2093,3025,3256,2610,2319,1991,1758,2571,2697,3008,3239,3043,2552,1828,1407,1163,974,576,0,0
2025,2025-07-07,Northbound,All Vehicles,,,,,,143,2884,1034,2348,449,1123,2320,2662,2694,2864,3171,3466,3713,2885,1892,1591,1436,918,515,0,0
2025,2025-07-07,Southbound,All Vehicles,363,224,182,212,336,948,2443,3356,3580,2983,2715,2358,2029,2996,3114,3438,3574,3302,2747,1954,1515,1245,1031,636,0,0
2025,2025-07-08,Northbound,Light Vehicles,240,141,105,142,437,1517,2920,2815,3000,2576,2141,2207,2341,2433,2480,2884,3425,3455,2959,1688,1717,1362,1013,513,0,0
2025,2025-07-08,Northbound,Heavy Vehicles,42,34,55,57,159,290,586,534,397,425,416,409,369,330,290,276,276,214,151,139,109,98,63,44,0,0
2025,2025-07-08,Southbound,Heavy Vehicles,42,52,41,58,83,154,322,351,357,361,420,411,439,435,440,386,328,272,208,120,109,76,68,44,0,0
2025,2025-07-08,Southbound,Light Vehicles,292,174,139,183,264,795,2066,3056,3390,2707,2431,2433,2350,2433,2711,3019,3111,3142,2634,1968,1521,1409,1040,594,0,0
2025,2025-07-08,Northbound,All Vehicles,282,175,160,199,596,1807,3506,3349,3397,3001,2557,2616,2710,2763,2770,3160,3701,3669,3110,1827,1826,1460,1076,557,0,0
2025,2025-07-08,Southbound,All Vehicles,334,226,180,241,347,949,2388,3407,3747,3068,2851,2844,2789,2868,3151,3405,3439,3414,2842,2088,1630,1485,1108,638,0,0
2025,2025-07-09,Southbound,Heavy Vehicles,56,63,52,72,79,174,310,352,360,419,467,411,460,391,440,376,310,287,275,205,84,79,62,61,0,0
2025,2025-07-09,Northbound,Light Vehicles,252,138,90,134,430,1540,2973,2310,2964,2671,2427,2243,2301,2405,2656,2931,3318,3375,2617,2069,1394,1495,1923,1207,0,0
2025,2025-07-09,Southbound,Light Vehicles,316,255,148,182,281,855,2069,2960,3260,3033,2809,2541,2575,2632,2977,3064,3090,3105,3239,2202,1452,1360,1420,832,0,0
2025,2025-07-09,Northbound,Heavy Vehicles,51,31,48,60,152,285,611,438,407,482,405,358,339,287,311,294,251,213,145,141,98,76,196,117,0,0
2025,2025-07-09,Southbound,All Vehicles,372,318,200,254,360,1029,2379,3312,3620,3452,3276,2952,3035,3023,3417,3440,3400,3392,3514,2407,1536,1439,1482,893,0,0
2025,2025-07-09,Northbound,All Vehicles,303,169,138,194,582,1825,3584,2748,3371,3153,2832,2601,2640,2692,2967,3225,3569,3588,2762,2210,1492,1571,2119,1324,0,0
2025,2025-07-10,Southbound,Heavy Vehicles,42,51,41,58,77,164,344,340,342,398,412,432,449,407,466,353,305,268,184,129,109,77,69,70,0,0
2025,2025-07-10,Southbound,Light Vehicles,479,268,194,168,283,782,1948,2992,3135,2837,2616,2437,2426,2580,2979,2754,2968,3206,2753,2140,1626,1554,1168,661,0,0
2025,2025-07-10,Southbound,All Vehicles,521,319,235,226,360,946,2292,3332,3477,3235,3028,2869,2875,2987,3445,3107,3273,3474,2937,2269,1735,1631,1237,731,0,0
2025,2025-07-11,Southbound,Heavy Vehicles,54,56,58,70,80,159,302,350,310,358,417,429,426,351,365,388,326,294,230,137,91,66,85,51,0,0
2025,2025-07-11,Southbound,Light Vehicles,416,226,189,190,270,800,1958,2603,2787,2795,2912,2778,2737,2466,2724,3165,2853,3255,3127,2131,1598,1561,1399,874,0,0
2025,2025-07-11,Northbound,Light Vehicles,,,,,,1,1643,1056,2785,2363,2193,2504,2574,1900,3034,3190,3377,3463,2874,2154,1857,1830,1366,859,0,0
2025,2025-07-11,Northbound,Heavy Vehicles,,,,,,1,293,209,458,404,382,392,334,217,297,281,260,191,189,133,108,88,65,55,0,0
2025,2025-07-11,Southbound,All Vehicles,470,282,247,260,350,959,2260,2953,3097,3153,3329,3207,3163,2817,3089,3553,3179,3549,3357,2268,1689,1627,1484,925,0,0
2025,2025-07-11,Northbound,All Vehicles,,,,,,2,1936,1265,3243,2767,2575,2896,2908,2117,3331,3471,3637,3654,3063,2287,1965,1918,1431,914,0,0
2025,2025-07-12,Northbound,Light Vehicles,483,281,188,152,277,746,2035,1889,2245,2619,2960,3184,3336,3314,3487,3158,3346,3133,2763,2633,2193,1816,1424,965,0,0
2025,2025-07-12,Southbound,Light Vehicles,556,333,255,228,273,516,1142,1592,2128,2971,3245,3259,3092,2909,3151,3133,3135,3270,2653,1965,1493,1577,1478,1024,0,0
2025,2025-07-12,Northbound,Heavy Vehicles,34,24,21,32,51,103,340,323,246,210,198,204,181,161,154,132,151,123,119,118,75,81,54,38,0,0
2025,2025-07-12,Southbound,Heavy Vehicles,32,32,31,37,39,52,128,155,189,212,223,207,223,215,203,192,185,181,140,92,68,64,60,45,0,0
2025,2025-07-12,Northbound,All Vehicles,517,305,209,184,328,849,2375,2212,2491,2829,3158,3388,3517,3475,3641,3290,3497,3256,2882,2751,2268,1897,1478,1003,0,0
2025,2025-07-12,Southbound,All Vehicles,588,365,286,265,312,568,1270,1747,2317,3183,3468,3466,3315,3124,3354,3325,3320,3451,2793,2057,1561,1641,1538,1069,0,0
2025,2025-07-13,Southbound,Light Vehicles,689,404,261,212,204,331,687,1006,1594,2559,2982,3240,3159,3033,2954,3093,3031,3080,2370,1762,1480,1304,1006,561,0,0
2025,2025-07-13,Southbound,Heavy Vehicles,36,13,16,10,15,23,43,57,98,135,119,156,123,143,144,145,124,126,103,106,76,67,62,45,0,0
2025,2025-07-13,Southbound,All Vehicles,725,417,277,222,219,354,730,1063,1692,2694,3101,3396,3282,3176,3098,3238,3155,3206,2473,1868,1556,1371,1068,606,0,0
2025,2025-07-14,Northbound,Light Vehicles,268,160,113,138,422,1486,3013,2680,2814,2506,2168,2136,2213,2404,2582,2819,3198,3506,2745,1758,1569,1320,874,461,0,0
2025,2025-07-14,Southbound,Light Vehicles,339,204,159,163,270,764,2010,3009,3342,2529,2408,2327,2344,2395,2760,3094,2974,3200,2471,1822,1475,1246,1002,497,0,0
2025,2025-07-14,Northbound,Heavy Vehicles,31,26,35,44,126,277,633,510,433,454,373,382,330,328,312,236,237,208,179,121,119,76,62,51,0,0
2025,2025-07-14,Southbound,Heavy Vehicles,42,44,47,56,79,165,319,337,351,371,409,420,425,397,429,413,342,287,180,144,83,71,72,53,0,0
2025,2025-07-14,Northbound,All Vehicles,299,186,148,182,548,1763,3646,3190,3247,2960,2541,2518,2543,2732,2894,3055,3435,3714,2924,1879,1688,1396,936,512,0,0
2025,2025-07-14,Southbound,All Vehicles,381,248,206,219,349,929,2329,3346,3693,2900,2817,2747,2769,2792,3189,3507,3316,3487,2651,1966,1558,1317,1074,550,0,0
2025,2025-07-15,Northbound,Heavy Vehicles,45,47,39,59,154,266,581,497,407,436,422,387,371,313,275,285,253,205,192,125,119,109,72,49,0,0
2025,2025-07-15,Southbound,Heavy Vehicles,52,52,53,67,69,160,344,340,313,374,400,401,445,394,447,423,315,284,216,137,79,87,64,67,0,0
2025,2025-07-15,Southbound,Light Vehicles,292,194,143,165,293,756,2039,3013,3278,2666,2451,2497,2378,2452,2802,3194,3170,3071,2962,1857,1556,1376,1041,605,0,0
2025,2025-07-15,Northbound,Light Vehicles,235,156,106,143,413,1538,2937,2801,3004,2581,2223,2125,2333,2432,2651,2882,3430,3509,2863,1886,1627,1490,973,492,0,0
2025,2025-07-15,Northbound,All Vehicles,280,203,145,202,567,1804,3518,3298,3411,3017,2645,2512,2704,2745,2926,3167,3683,3714,3055,2011,1746,1599,1045,541,0,0
2025,2025-07-15,Southbound,All Vehicles,344,246,196,232,362,916,2383,3353,3591,3040,2851,2898,2823,2846,3249,3617,3485,3355,3178,1994,1635,1463,1105,672,0,0
2025,2025-07-16,Southbound,Light Vehicles,336,250,157,167,306,780,2081,2904,3343,2817,2400,2482,2494,2504,2664,3018,3151,3084,3235,1982,1582,1417,1069,651,0,0
2025,2025-07-16,Northbound,Heavy Vehicles,45,42,40,64,157,264,594,562,425,432,396,359,359,327,277,289,265,242,196,142,100,83,64,56,0,0
2025,2025-07-16,Southbound,Heavy Vehicles,46,50,57,73,78,168,351,331,367,376,404,475,421,445,433,389,302,271,236,156,107,73,55,57,0,0
2025,2025-07-16,Northbound,Light Vehicles,246,146,125,139,396,1516,2981,2782,2920,2666,2272,2264,2293,2537,2663,2945,3434,3541,3035,2017,1679,1577,1132,756,0,0
2025,2025-07-16,Southbound,All Vehicles,382,300,214,240,384,948,2432,3235,3710,3193,2804,2957,2915,2949,3097,3407,3453,3355,3471,2138,1689,1490,1124,708,0,0
2025,2025-07-16,Northbound,All Vehicles,291,188,165,203,553,1780,3575,3344,3345,3098,2668,2623,2652,2864,2940,3234,3699,3783,3231,2159,1779,1660,1196,812,0,0
2025,2025-07-17,Northbound,Heavy Vehicles,50,42,43,58,146,281,569,557,434,416,415,390,300,309,287,279,260,221,181,143,134,76,73,53,0,0
2025,2025-07-17,Northbound,Light Vehicles,275,155,109,150,417,1485,3069,2777,2965,2597,2337,2316,2348,2540,2705,3139,3348,3556,2995,2027,1843,1668,1158,566,0,0
2025,2025-07-17,Southbound,Light Vehicles,332,238,173,170,296,741,2052,2952,3203,2717,2449,2530,2464,2551,2867,3219,3134,3201,2918,2273,1689,1636,1210,634,0,0
2025,2025-07-17,Southbound,Heavy Vehicles,52,57,39,62,77,164,324,299,365,352,359,415,448,416,404,383,313,285,230,138,116,67,60,58,0,0
2025,2025-07-17,Northbound,All Vehicles,325,197,152,208,563,1766,3638,3334,3399,3013,2752,2706,2648,2849,2992,3418,3608,3777,3176,2170,1977,1744,1231,619,0,0
2025,2025-07-17,Southbound,All Vehicles,384,295,212,232,373,905,2376,3251,3568,3069,2808,2945,2912,2967,3271,3602,3447,3486,3148,2411,1805,1703,1270,692,0,0
2025,2025-07-18,Northbound,Light Vehicles,285,159,126,150,377,1505,2952,2572,2639,2533,2363,2398,2558,2765,3008,3249,3357,3557,2959,2093,1857,1793,1479,856,0,0
2025,2025-07-18,Northbound,Heavy Vehicles,38,36,47,60,144,260,584,578,442,402,435,372,330,346,355,277,246,197,179,130,103,96,64,60,0,0
2025,2025-07-18,Southbound,Heavy Vehicles,62,62,52,66,72,139,329,322,323,353,398,406,378,410,387,378,321,272,187,138,94,79,59,48,0,0
2025,2025-07-18,Southbound,Light Vehicles,417,239,186,184,281,793,1795,2583,2893,2652,2665,2620,2697,2682,2906,3164,3219,3410,2834,2167,1670,1578,1461,878,0,0
2025,2025-07-18,Northbound,All Vehicles,323,195,173,210,521,1765,3536,3150,3081,2935,2798,2770,2888,3111,3363,3526,3603,3754,3138,2223,1960,1889,1543,916,0,0
2025,2025-07-18,Southbound,All Vehicles,479,301,238,250,353,932,2124,2905,3216,3005,3063,3026,3075,3092,3293,3542,3540,3682,3021,2305,1764,1657,1520,926,0,0
2025,2025-07-19,Northbound,Heavy Vehicles,27,16,23,25,50,112,324,225,103,240,217,175,169,166,194,161,149,150,117,88,90,74,58,48,0,0
2025,2025-07-19,Southbound,Light Vehicles,607,367,271,233,278,512,1087,1678,2079,2894,3339,3397,3381,3346,3326,3372,3421,3424,2815,1843,1644,1621,1544,1095,0,0
2025,2025-07-19,Northbound,Light Vehicles,511,307,186,171,243,751,2001,1371,1262,2654,3080,3212,3339,3372,3673,3349,3134,3213,2692,2227,2041,1875,1463,990,0,0
2025,2025-07-19,Southbound,Heavy Vehicles,39,36,30,33,36,63,136,152,194,204,226,233,233,199,191,210,211,168,135,90,64,64,69,49,0,0
2025,2025-07-19,Northbound,All Vehicles,538,323,209,196,293,863,2325,1596,1365,2894,3297,3387,3508,3538,3867,3510,3283,3363,2809,2315,2131,1949,1521,1038,0,0
2025,2025-07-19,Southbound,All Vehicles,646,403,301,266,314,575,1223,1830,2273,3098,3565,3630,3614,3545,3517,3582,3632,3592,2950,1933,1708,1685,1613,1144,0,0
2025,2025-07-20,Southbound,Light Vehicles,729,452,330,219,209,349,722,1022,1674,2471,3104,3258,3372,3169,3046,3117,2951,2979,2415,1679,1545,1435,1042,584,0,0
2025,2025-07-20,Southbound,Heavy Vehicles,38,20,15,25,13,17,45,69,107,136,145,133,140,137,139,114,115,137,112,94,75,61,69,51,0,0
2025,2025-07-20,Southbound,All Vehicles,767,472,345,244,222,366,767,1091,1781,2607,3249,3391,3512,3306,3185,3231,3066,3116,2527,1773,1620,1496,1111,635,0,0
2025,2025-07-21,Northbound,Light Vehicles,274,135,103,136,471,1491,2816,2939,3011,2287,2066,2070,2177,2327,2527,3016,3500,3500,2763,1829,1538,1260,919,446,0,0
2025,2025-07-21,Northbound,Heavy Vehicles,37,30,34,55,143,245,528,521,396,443,417,386,310,327,317,284,297,213,185,128,108,78,56,40,0,0
2025,2025-07-21,Southbound,Light Vehicles,339,182,137,145,287,789,2066,3388,3134,2493,2180,2278,2270,2367,2699,3195,3154,3141,2700,1837,1523,1224,977,517,0,0
2025,2025-07-21,Southbound,Heavy Vehicles,34,34,34,53,65,149,341,326,316,375,397,432,408,469,403,375,338,272,233,144,90,72,50,38,0,0
2025,2025-07-21,Northbound,All Vehicles,311,165,137,191,614,1736,3344,3460,3407,2730,2483,2456,2487,2654,2844,3300,3797,3713,2948,1957,1646,1338,975,486,0,0
2025,2025-07-21,Southbound,All Vehicles,373,216,171,198,352,938,2407,3714,3450,2868,2577,2710,2678,2836,3102,3570,3492,3413,2933,1981,1613,1296,1027,555,0,0
2025,2025-07-22,Southbound,Heavy Vehicles,33,51,43,56,66,158,357,298,311,390,408,420,422,437,435,368,284,287,210,123,123,89,69,72,0,0
2025,2025-07-22,Northbound,Light Vehicles,242,129,100,132,430,1578,3066,3001,3094,2596,2099,2107,2203,2353,2637,2916,3458,3399,2984,1870,1672,1455,1064,495,0,0
2025,2025-07-22,Southbound,Light Vehicles,288,196,138,150,301,792,2095,3257,3125,2846,2202,2113,2249,2324,2640,2870,2880,2748,2694,2026,1459,1359,1060,625,0,0
2025,2025-07-22,Northbound,Heavy Vehicles,36,34,41,65,159,276,591,543,389,455,439,396,384,349,306,266,243,222,217,117,108,96,65,64,0,0
2025,2025-07-22,Southbound,All Vehicles,321,247,181,206,367,950,2452,3555,3436,3236,2610,2533,2671,2761,3075,3238,3164,3035,2904,2149,1582,1448,1129,697,0,0
2025,2025-07-22,Northbound,All Vehicles,278,163,141,197,589,1854,3657,3544,3483,3051,2538,2503,2587,2702,2943,3182,3701,3621,3201,1987,1780,1551,1129,559,0,0
2025,2025-07-23,Northbound,Heavy Vehicles,57,36,42,65,138,242,599,476,347,428,368,402,340,331,312,265,255,218,204,142,106,103,84,63,0,0
2025,2025-07-23,Southbound,Heavy Vehicles,58,53,54,61,94,153,347,312,263,359,447,379,420,394,435,378,317,227,251,169,107,70,78,68,0,0
2025,2025-07-23,Southbound,Light Vehicles,368,227,168,169,306,795,2101,3183,2835,2832,2524,2280,2224,2364,2677,2850,2767,2716,2754,1931,1682,1364,1116,594,0,0
2025,2025-07-23,Northbound,Light Vehicles,270,137,83,144,417,1465,2966,2902,3052,2548,2103,2109,2045,2383,2732,2847,3272,3472,3160,2013,1675,1604,1134,519,0,0
2025,2025-07-23,Northbound,All Vehicles,327,173,125,209,555,1707,3565,3378,3399,2976,2471,2511,2385,2714,3044,3112,3527,3690,3364,2155,1781,1707,1218,582,0,0
2025,2025-07-23,Southbound,All Vehicles,426,280,222,230,400,948,2448,3495,3098,3191,2971,2659,2644,2758,3112,3228,3084,2943,3005,2100,1789,1434,1194,662,0,0
2025,2025-07-24,Northbound,Heavy Vehicles,60,40,40,70,154,278,587,508,379,440,406,395,381,334,333,253,278,210,181,136,111,87,64,48,0,0
2025,2025-07-24,Southbound,Heavy Vehicles,49,52,59,63,72,144,354,335,335,372,398,410,424,404,454,399,334,276,242,133,118,72,67,54,0,0
2025,2025-07-24,Northbound,Light Vehicles,287,147,119,162,432,1636,3006,2965,3092,2680,2276,2135,2267,2415,2769,2720,3443,3551,3065,2060,1893,1691,1114,580,0,0
2025,2025-07-24,Southbound,Light Vehicles,392,237,180,183,279,753,2148,3151,3215,2879,2362,2259,2349,2453,2792,3037,3155,2866,3026,2201,1705,1753,1161,665,0,0
2025,2025-07-24,Northbound,All Vehicles,347,187,159,232,586,1914,3593,3473,3471,3120,2682,2530,2648,2749,3102,2973,3721,3761,3246,2196,2004,1778,1178,628,0,0
2025,2025-07-24,Southbound,All Vehicles,441,289,239,246,351,897,2502,3486,3550,3251,2760,2669,2773,2857,3246,3436,3489,3142,3268,2334,1823,1825,1228,719,0,0
2025,2025-07-25,Southbound,Heavy Vehicles,52,48,48,56,91,157,334,322,321,350,391,394,400,456,415,378,319,285,238,169,94,69,59,45,0,0
2025,2025-07-25,Southbound,Light Vehicles,399,289,224,202,281,836,2002,3050,3003,2887,2659,2390,2664,2522,2863,3115,3240,3274,3426,2515,1703,1609,1463,895,0,0
2025,2025-07-25,Northbound,Light Vehicles,313,171,120,,426,1535,2963,2838,2895,2583,2216,2311,2407,2740,3106,2961,3410,3402,2875,2149,1895,1862,1801,1357,0,0
2025,2025-07-25,Northbound,Heavy Vehicles,43,31,38,,162,260,597,567,384,452,416,374,339,380,330,288,220,250,213,123,107,94,89,63,0,0
2025,2025-07-25,Southbound,All Vehicles,451,337,272,258,372,993,2336,3372,3324,3237,3050,2784,3064,2978,3278,3493,3559,3559,3664,2684,1797,1678,1522,940,0,0
2025,2025-07-25,Northbound,All Vehicles,356,202,158,,588,1795,3560,3405,3279,3035,2632,2685,2746,3120,3436,3249,3630,3652,3088,2272,2002,1956,1890,1420,0,0
2025,2025-07-26,Northbound,Heavy Vehicles,31,17,22,24,52,87,243,318,252,220,186,206,185,189,174,147,164,146,117,88,48,69,47,42,0,0
2025,2025-07-26,Southbound,Light Vehicles,612,334,258,222,268,521,1129,1730,2218,2962,3268,3478,3618,3445,3321,3366,3289,3460,2912,1946,1540,1658,1476,1095,0,0
2025,2025-07-26,Southbound,Heavy Vehicles,40,35,27,37,32,57,118,154,192,207,230,234,225,227,231,182,175,187,156,96,84,63,62,44,0,0
2025,2025-07-26,Northbound,Light Vehicles,539,284,195,151,251,737,1832,1976,2348,2898,2991,3274,3391,3493,3487,3433,3309,3247,2705,1970,1319,1927,1581,1053,0,0
2025,2025-07-26,Northbound,All Vehicles,570,301,217,175,303,824,2075,2294,2600,3118,3177,3480,3576,3682,3661,3580,3473,3393,2822,2058,1367,1996,1628,1095,0,0
2025,2025-07-26,Southbound,All Vehicles,652,369,285,259,300,578,1247,1884,2410,3169,3498,3712,3843,3672,3552,3548,3464,3647,3068,2042,1624,1721,1538,1139,0,0
2025,2025-07-27,Northbound,Heavy Vehicles,35,17,12,12,20,19,72,96,119,121,119,139,158,114,122,135,121,117,45,,,,,,0,0
2025,2025-07-27,Southbound,Heavy Vehicles,29,26,16,22,19,32,56,80,121,129,140,148,131,122,132,128,112,121,95,102,86,67,62,49,0,0
2025,2025-07-27,Southbound,Light Vehicles,688,420,307,245,214,335,725,1150,1882,2662,3137,3369,3424,3109,3202,3194,2892,2989,2273,1726,1612,1501,994,593,0,0
2025,2025-07-27,Northbound,Light Vehicles,631,322,246,149,159,367,867,968,1542,2344,2617,3114,3400,3464,3445,3531,3498,3057,1369,,,,,,0,0
2025,2025-07-27,Northbound,All Vehicles,666,339,258,161,179,386,939,1064,1661,2465,2736,3253,3558,3578,3567,3666,3619,3174,1414,,,,,,0,0
2025,2025-07-27,Southbound,All Vehicles,717,446,323,267,233,367,781,1230,2003,2791,3277,3517,3555,3231,3334,3322,3004,3110,2368,1828,1698,1568,1056,642,0,0
2025,2025-07-28,Southbound,Heavy Vehicles,38,41,35,54,80,143,346,331,294,391,389,468,382,439,407,391,350,290,199,127,94,63,58,37,0,0
2025,2025-07-28,Northbound,Light Vehicles,23,143,106,130,375,1424,2976,3017,3047,2351,2118,2050,2215,2408,2677,2791,3398,3631,2948,1849,1550,1318,891,389,0,0
2025,2025-07-28,Southbound,Light Vehicles,328,174,152,158,274,768,2148,3301,3261,2846,2244,2207,2307,2334,2620,3183,3191,3265,2741,1859,1536,1254,967,516,0,0
2025,2025-07-28,Northbound,Heavy Vehicles,,31,34,58,139,253,609,544,393,457,418,383,335,351,294,282,256,201,176,156,103,80,58,51,0,0
2025,2025-07-28,Southbound,All Vehicles,366,215,187,212,354,911,2494,3632,3555,3237,2633,2675,2689,2773,3027,3574,3541,3555,2940,1986,1630,1317,1025,553,0,0
2025,2025-07-28,Northbound,All Vehicles,23,174,140,188,514,1677,3585,3561,3440,2808,2536,2433,2550,2759,2971,3073,3654,3832,3124,2005,1653,1398,949,440,0,0
2025,2025-07-29,Northbound,Heavy Vehicles,52,19,46,50,150,290,622,492,318,498,449,360,370,342,351,283,248,214,191,121,118,101,54,48,0,0
2025,2025-07-29,Southbound,Light Vehicles,298,197,140,172,303,836,2167,3473,3330,2951,2446,2290,2186,2416,2726,3016,3066,3153,3003,2047,1641,1315,1089,594,0,0
2025,2025-07-29,Southbound,Heavy Vehicles,27,52,38,50,77,162,338,325,304,370,409,426,411,455,454,357,329,296,220,129,115,96,66,60,0,0
2025,2025-07-29,Northbound,Light Vehicles,267,145,107,133,436,1610,3014,3135,3075,2698,2234,2180,2113,2429,2834,2772,3303,3519,2848,1930,1680,1398,1023,497,0,0
2025,2025-07-29,Northbound,All Vehicles,319,164,153,183,586,1900,3636,3627,3393,3196,2683,2540,2483,2771,3185,3055,3551,3733,3039,2051,1798,1499,1077,545,0,0
2025,2025-07-29,Southbound,All Vehicles,325,249,178,222,380,998,2505,3798,3634,3321,2855,2716,2597,2871,3180,3373,3395,3449,3223,2176,1756,1411,1155,654,0,0
2025,2025-07-30,Southbound,Heavy Vehicles,59,48,52,81,85,166,368,323,263,367,334,351,354,369,,221,236,238,181,113,86,62,52,49,0,0
2025,2025-07-30,Northbound,Heavy Vehicles,30,39,45,77,166,292,575,485,336,409,351,312,283,282,,163,211,170,183,89,88,68,67,34,0,0
2025,2025-07-30,Southbound,Light Vehicles,332,241,163,192,293,816,2149,3221,3342,2861,2452,2338,2321,2394,,2000,3012,3051,2645,1579,1447,1406,1105,595,0,0
2025,2025-07-30,Northbound,Light Vehicles,249,160,114,148,429,1501,2826,3001,3076,2706,2184,2053,2267,2356,,2133,3232,3441,2893,1727,1365,1268,960,482,0,0
2025,2025-07-30,Southbound,All Vehicles,391,289,215,273,378,982,2517,3544,3605,3228,2786,2689,2675,2763,,2221,3248,3289,2826,1692,1533,1468,1157,644,0,0
2025,2025-07-30,Northbound,All Vehicles,279,199,159,225,595,1793,3401,3486,3412,3115,2535,2365,2550,2638,,2296,3443,3611,3076,1816,1453,1336,1027,516,0,0
2025,2025-07-31,Northbound,Heavy Vehicles,27,33,31,62,145,241,526,473,298,412,408,363,350,317,299,254,227,201,205,146,108,88,57,41,0,0
2025,2025-07-31,Northbound,Light Vehicles,245,158,116,151,432,1443,2844,2930,2888,2661,2214,2100,2254,2398,2666,2860,3285,3409,2950,1986,1745,1570,1004,528,0,0
2025,2025-07-31,Southbound,Heavy Vehicles,33,52,40,50,61,140,343,270,262,336,345,393,418,362,420,317,289,252,178,158,109,81,62,59,0,0
2025,2025-07-31,Southbound,Light Vehicles,320,225,184,170,269,770,2089,3272,2920,2947,2415,2209,2305,2427,2681,3090,2945,3022,2720,2197,1740,1565,1170,723,0,0
2025,2025-07-31,Northbound,All Vehicles,272,191,147,213,577,1684,3370,3403,3186,3073,2622,2463,2604,2715,2965,3114,3512,3610,3155,2132,1853,1658,1061,569,0,0
2025,2025-07-31,Southbound,All Vehicles,353,277,224,220,330,910,2432,3542,3182,3283,2760,2602,2723,2789,3101,3407,3234,3274,2898,2355,1849,1646,1232,782,0,0
2025,2025-08-01,Northbound,Heavy Vehicles,35,31,36,57,150,245,557,462,379,421,392,352,298,298,262,267,221,186,155,110,101,72,48,54,0,0
2025,2025-08-01,Southbound,Light Vehicles,428,274,207,180,345,756,1822,3053,2951,2796,2504,2499,2495,2574,2702,2992,3028,3206,2925,2124,1639,1610,1326,877,0,0
2025,2025-08-01,Northbound,Light Vehicles,300,144,129,149,409,1349,2789,2710,2829,2424,2173,2224,2487,2616,2971,2820,3255,3279,2765,2088,1879,1746,1313,818,0,0
2025,2025-08-01,Southbound,Heavy Vehicles,52,47,36,60,85,140,348,327,286,300,391,401,387,350,382,301,289,286,168,103,93,52,63,43,0,0
2025,2025-08-01,Northbound,All Vehicles,335,175,165,206,559,1594,3346,3172,3208,2845,2565,2576,2785,2914,3233,3087,3476,3465,2920,2198,1980,1818,1361,872,0,0
2025,2025-08-01,Southbound,All Vehicles,480,321,243,240,430,896,2170,3380,3237,3096,2895,2900,2882,2924,3084,3293,3317,3492,3093,2227,1732,1662,1389,920,0,0
2025,2025-08-02,Northbound,Light Vehicles,501,287,214,159,229,621,1387,1528,2016,2522,2826,3058,3244,3393,3345,3341,3420,3101,2464,2189,1803,1750,1631,1801,0,0
2025,2025-08-02,Northbound,Heavy Vehicles,29,18,22,18,39,63,140,200,167,152,173,192,174,142,156,150,161,164,130,108,61,76,78,178,0,0
2025,2025-08-02,Southbound,Light Vehicles,527,370,273,204,283,463,960,1434,2061,2674,2894,3231,3303,3182,2370,2771,2975,2870,2632,1792,1510,1528,1523,1213,0,0
2025,2025-08-02,Southbound,Heavy Vehicles,38,24,26,31,19,41,85,116,152,162,182,195,191,172,119,140,170,218,207,144,83,77,59,47,0,0
2025,2025-08-02,Northbound,All Vehicles,530,305,236,177,268,684,1527,1728,2183,2674,2999,3250,3418,3535,3501,3491,3581,3265,2594,2297,1864,1826,1709,1979,0,0
2025,2025-08-02,Southbound,All Vehicles,565,394,299,235,302,504,1045,1550,2213,2836,3076,3426,3494,3354,2489,2911,3145,3088,2839,1936,1593,1605,1582,1260,0,0
2025,2025-08-03,Northbound,Heavy Vehicles,38,15,18,10,20,20,50,81,106,110,108,117,132,113,105,112,123,118,126,92,67,76,50,35,0,0
2025,2025-08-03,Northbound,Light Vehicles,911,476,252,164,166,357,688,732,1257,2235,2303,2955,2899,3056,3221,3322,3303,2966,2407,2009,1637,1389,939,500,0,0
2025,2025-08-03,Southbound,Light Vehicles,751,539,367,245,202,336,616,933,1525,2318,2780,3319,2986,3051,2890,2961,2974,2960,2147,1637,1519,1349,1075,601,0,0
2025,2025-08-03,Southbound,Heavy Vehicles,26,20,23,16,9,22,37,67,82,114,108,140,111,158,117,108,137,130,86,69,72,69,51,54,0,0
2025,2025-08-03,Northbound,All Vehicles,949,491,270,174,186,377,738,813,1363,2345,2411,3072,3031,3169,3326,3434,3426,3084,2533,2101,1704,1465,989,535,0,0
2025,2025-08-03,Southbound,All Vehicles,777,559,390,261,211,358,653,1000,1607,2432,2888,3459,3097,3209,3007,3069,3111,3090,2233,1706,1591,1418,1126,655,0,0
2025,2025-08-04,Southbound,Light Vehicles,333,194,150,141,262,784,2102,3205,3263,2879,2351,2287,2370,2425,2803,3255,3163,3285,2843,1918,1516,1286,963,510,0,0
2025,2025-08-04,Northbound,Light Vehicles,286,145,128,146,452,1469,2932,2983,2990,2247,2173,2161,2331,2474,2909,2901,3452,3597,2834,1892,1428,1293,872,447,0,0
2025,2025-08-04,Northbound,Heavy Vehicles,18,23,41,60,140,269,583,513,377,313,371,322,308,313,268,271,251,218,180,126,92,89,62,45,0,0
2025,2025-08-04,Southbound,Heavy Vehicles,43,36,46,38,74,138,367,314,291,330,360,346,386,399,384,383,331,290,196,134,101,75,47,31,0,0
2025,2025-08-04,Southbound,All Vehicles,376,230,196,179,336,922,2469,3519,3554,3209,2711,2633,2756,2824,3187,3638,3494,3575,3039,2052,1617,1361,1010,541,0,0
2025,2025-08-04,Northbound,All Vehicles,304,168,169,206,592,1738,3515,3496,3367,2560,2544,2483,2639,2787,3177,3172,3703,3815,3014,2018,1520,1382,934,492,0,0
2025,2025-08-05,Southbound,Heavy Vehicles,48,54,47,57,85,143,344,300,298,378,388,380,456,422,445,390,290,279,235,141,112,95,57,51,0,0
2025,2025-08-05,Northbound,Light Vehicles,269,147,108,143,426,1567,2960,3060,3160,2814,2290,2213,2276,2422,2797,3092,3369,3611,3077,2025,1668,1429,1086,500,0,0
2025,2025-08-05,Northbound,Heavy Vehicles,26,30,44,51,166,280,564,498,331,429,453,382,366,330,351,275,267,226,209,134,116,96,59,40,0,0
2025,2025-08-05,Southbound,Light Vehicles,285,204,150,178,281,801,2277,3339,3309,2867,2397,2259,2278,2407,2815,3086,3127,3188,3238,2204,1634,1416,1145,607,0,0
2025,2025-08-05,Southbound,All Vehicles,333,258,197,235,366,944,2621,3639,3607,3245,2785,2639,2734,2829,3260,3476,3417,3467,3473,2345,1746,1511,1202,658,0,0
2025,2025-08-05,Northbound,All Vehicles,295,177,152,194,592,1847,3524,3558,3491,3243,2743,2595,2642,2752,3148,3367,3636,3837,3286,2159,1784,1525,1145,540,0,0
2025,2025-08-06,Northbound,Heavy Vehicles,32,29,50,69,160,286,620,506,356,454,471,383,408,351,362,286,266,232,181,126,117,92,61,42,0,0
2025,2025-08-06,Southbound,Heavy Vehicles,48,65,47,64,86,138,348,318,294,376,389,433,431,414,425,417,326,305,234,146,102,78,77,68,0,0
2025,2025-08-06,Northbound,Light Vehicles,257,137,110,142,445,1581,2885,2997,3024,2684,2383,2151,2222,2505,2972,2814,3336,3629,3042,2057,1657,1583,1075,544,0,0
2025,2025-08-06,Southbound,Light Vehicles,334,240,158,177,321,861,2245,3375,3198,2879,2471,2390,2313,2401,2747,3181,3107,3100,3190,2177,1749,1582,1152,661,0,0
2025,2025-08-06,Northbound,All Vehicles,289,166,160,211,605,1867,3505,3503,3380,3138,2854,2534,2630,2856,3334,3100,3602,3861,3223,2183,1774,1675,1136,586,0,0
2025,2025-08-06,Southbound,All Vehicles,382,305,205,241,407,999,2593,3693,3492,3255,2860,2823,2744,2815,3172,3598,3433,3405,3424,2323,1851,1660,1229,729,0,0
2025,2025-08-07,Northbound,Heavy Vehicles,40,28,35,69,172,275,497,506,362,457,444,394,373,341,343,267,246,208,199,138,120,,64,47,0,0
2025,2025-08-07,Southbound,Heavy Vehicles,34,49,54,61,80,163,306,295,306,405,396,431,437,430,431,374,331,277,224,159,103,,73,64,0,0
2025,2025-08-07,Northbound,Light Vehicles,295,145,110,153,422,1424,2893,2910,3163,2812,2305,2225,2229,2503,2748,2984,3426,3450,2923,2021,1865,,1101,485,0,0
2025,2025-08-07,Southbound,Light Vehicles,342,234,198,168,299,813,2152,3313,3167,2976,2561,2290,2308,2542,2818,3132,3020,3166,2984,2302,1800,,1254,720,0,0
2025,2025-08-07,Northbound,All Vehicles,335,173,145,222,594,1699,3390,3416,3525,3269,2749,2619,2602,2844,3091,3251,3672,3658,3122,2159,1985,,1165,532,0,0
2025,2025-08-07,Southbound,All Vehicles,376,283,252,229,379,976,2458,3608,3473,3381,2957,2721,2745,2972,3249,3506,3351,3443,3208,2461,1903,,1327,784,0,0
2025,2025-08-08,Northbound,Light Vehicles,277,143,126,159,412,1505,2935,2936,2942,2664,2304,2341,2478,2735,3121,3061,3371,3414,2952,2229,1896,1777,1342,823,0,0
2025,2025-08-08,Southbound,Light Vehicles,399,281,200,176,311,802,2041,3140,3203,2540,2659,2620,2588,2661,2877,3100,2870,3141,3202,2260,1706,1502,1335,940,0,0
2025,2025-08-08,Southbound,Heavy Vehicles,56,58,53,68,88,149,369,341,341,325,436,396,396,391,440,373,312,322,223,151,109,61,68,40,0,0
2025,2025-08-08,Northbound,Heavy Vehicles,38,33,53,74,162,268,611,542,441,479,420,393,363,348,285,263,260,221,189,122,112,92,56,37,0,0
2025,2025-08-08,Northbound,All Vehicles,315,176,179,233,574,1773,3546,3478,3383,3143,2724,2734,2841,3083,3406,3324,3631,3635,3141,2351,2008,1869,1398,860,0,0
2025,2025-08-08,Southbound,All Vehicles,455,339,253,244,399,951,2410,3481,3544,2865,3095,3016,2984,3052,3317,3473,3182,3463,3425,2411,1815,1563,1403,980,0,0
2025,2025-08-09,Northbound,Light Vehicles,492,304,206,160,239,725,1705,1628,2156,2725,3086,3119,3396,3382,3584,3441,3347,3101,2511,1999,1757,1812,1599,998,0,0
2025,2025-08-09,Southbound,Heavy Vehicles,30,29,20,44,33,59,64,107,172,167,195,209,159,198,180,180,162,163,109,81,63,51,53,42,0,0
2025,2025-08-09,Northbound,Heavy Vehicles,20,21,18,25,51,76,218,194,159,200,199,164,206,161,171,180,152,149,96,77,67,51,67,41,0,0
2025,2025-08-09,Southbound,Light Vehicles,575,379,282,234,265,526,703,1166,2191,2818,3221,3304,3252,3202,3185,3208,3102,3308,2632,1748,1356,1616,1424,1033,0,0
2025,2025-08-09,Northbound,All Vehicles,512,325,224,185,290,801,1923,1822,2315,2925,3285,3283,3602,3543,3755,3621,3499,3250,2607,2076,1824,1863,1666,1039,0,0
2025,2025-08-09,Southbound,All Vehicles,605,408,302,278,298,585,767,1273,2363,2985,3416,3513,3411,3400,3365,3388,3264,3471,2741,1829,1419,1667,1477,1075,0,0
2025,2025-08-10,Northbound,Heavy Vehicles,23,16,8,14,19,25,46,86,104,101,123,110,137,146,144,131,111,93,103,86,76,70,48,36,0,0
2025,2025-08-10,Northbound,Light Vehicles,601,364,203,163,167,331,711,806,1364,2179,2400,2694,3167,3366,3410,3355,3043,2865,2337,1907,1627,1498,935,494,0,0
2025,2025-08-10,Southbound,Heavy Vehicles,31,27,13,22,9,16,26,71,112,136,110,120,130,120,136,127,109,120,97,90,61,62,47,33,0,0
2025,2025-08-10,Southbound,Light Vehicles,551,398,279,216,219,291,618,993,1561,2390,2672,2703,3066,2886,2828,3004,2913,2770,2132,1671,1492,1346,906,578,0,0
2025,2025-08-10,Northbound,All Vehicles,624,380,211,177,186,356,757,892,1468,2280,2523,2804,3304,3512,3554,3486,3154,2958,2440,1993,1703,1568,983,530,0,0
2025,2025-08-10,Southbound,All Vehicles,582,425,292,238,228,307,644,1064,1673,2526,2782,2823,3196,3006,2964,3131,3022,2890,2229,1761,1553,1408,953,611,0,0
2025,2025-08-11,Northbound,Heavy Vehicles,28,21,39,44,153,250,571,523,360,446,382,383,345,328,306,273,250,235,193,120,99,87,64,45,0,0
2025,2025-08-11,Northbound,Light Vehicles,259,159,116,152,471,1514,2959,2923,3062,2576,2103,2222,2109,2443,2738,2753,3400,3549,2749,1859,1538,1261,974,464,0,0
2025,2025-08-11,Southbound,Heavy Vehicles,41,45,41,42,78,145,346,292,311,349,400,414,397,449,371,407,332,294,209,144,98,66,56,55,0,0
2025,2025-08-11,Southbound,Light Vehicles,328,174,145,159,272,763,2174,3329,3172,2682,2241,2192,2396,2277,2657,3183,3104,3213,2758,1918,1495,1261,923,537,0,0
2025,2025-08-11,Northbound,All Vehicles,287,180,155,196,624,1764,3530,3446,3422,3022,2485,2605,2454,2771,3044,3026,3650,3784,2942,1979,1637,1348,1038,509,0,0
2025,2025-08-11,Southbound,All Vehicles,369,219,186,201,350,908,2520,3621,3483,3031,2641,2606,2793,2726,3028,3590,3436,3507,2967,2062,1593,1327,979,592,0,0
2025,2025-08-12,Northbound,Heavy Vehicles,33,25,32,69,152,268,588,506,329,474,409,386,381,309,300,284,270,222,200,130,106,90,71,51,0,0
2025,2025-08-12,Southbound,Light Vehicles,317,207,169,163,293,823,2244,3381,3288,3148,2471,2300,2344,2418,2717,3062,3196,3171,3044,2092,1647,1458,1113,616,0,0
2025,2025-08-12,Southbound,Heavy Vehicles,38,50,51,60,68,151,372,309,293,360,416,420,465,391,405,399,302,306,258,149,104,83,63,50,0,0
2025,2025-08-12,Northbound,Light Vehicles,256,143,102,146,417,1512,3014,3089,3133,2634,2312,2227,2241,2526,2806,2864,3410,3635,3037,2001,1650,1513,1021,490,0,0
2025,2025-08-12,Northbound,All Vehicles,289,168,134,215,569,1780,3602,3595,3462,3108,2721,2613,2622,2835,3106,3148,3680,3857,3237,2131,1756,1603,1092,541,0,0
2025,2025-08-12,Southbound,All Vehicles,355,257,220,223,361,974,2616,3690,3581,3508,2887,2720,2809,2809,3122,3461,3498,3477,3302,2241,1751,1541,1176,666,0,0
2025,2025-08-13,Southbound,Heavy Vehicles,62,53,41,76,76,148,308,332,305,359,431,416,409,410,401,425,304,270,250,133,107,78,48,51,0,0
2025,2025-08-13,Northbound,Light Vehicles,253,166,113,137,430,1585,2902,3140,3156,2718,2257,2225,2287,2523,2842,2796,3563,3486,,1931,1603,1549,1075,506,0,0
2025,2025-08-13,Southbound,Light Vehicles,300,234,194,188,312,826,2259,3330,2961,3007,2555,2426,2347,2307,2822,3133,3146,3143,3105,2097,1739,1511,1121,577,0,0
2025,2025-08-13,Northbound,Heavy Vehicles,51,28,49,63,156,289,612,531,360,458,430,373,343,338,310,284,242,227,,126,112,79,75,57,0,0
2025,2025-08-13,Southbound,All Vehicles,362,287,235,264,388,974,2567,3662,3266,3366,2986,2842,2756,2717,3223,3558,3450,3413,3355,2230,1846,1589,1169,628,0,0
2025,2025-08-13,Northbound,All Vehicles,304,194,162,200,586,1874,3514,3671,3516,3176,2687,2598,2630,2861,3152,3080,3805,3713,,2057,1715,1628,1150,563,0,0
2025,2025-08-14,Northbound,Heavy Vehicles,34,34,39,48,150,286,518,560,375,471,400,392,312,318,260,263,235,235,176,127,107,90,58,41,0,0
2025,2025-08-14,Northbound,Light Vehicles,258,149,126,170,416,1509,2909,3129,3047,2756,2256,2139,2264,2345,2666,2875,3425,3507,3009,2088,1792,1624,1139,585,0,0
2025,2025-08-14,Southbound,Heavy Vehicles,13,8,7,10,11,43,111,93,91,99,120,118,137,118,122,120,109,111,80,44,20,31,20,7,0,0
2025,2025-08-14,Southbound,Light Vehicles,109,71,52,40,62,240,759,1231,1317,1159,912,887,914,898,1002,1139,1254,1273,1104,885,666,578,402,228,0,0
2025,2025-08-14,Northbound,All Vehicles,292,183,165,218,566,1795,3427,3689,3422,3227,2656,2531,2576,2663,2926,3138,3660,3742,3185,2215,1899,1714,1197,626,0,0
2025,2025-08-14,Southbound,All Vehicles,122,79,59,50,73,283,870,1324,1408,1258,1032,1005,1051,1016,1124,1259,1363,1384,1184,929,686,609,422,235,0,0
2025,2025-08-15,Northbound,Light Vehicles,277,180,133,139,411,1444,2957,2872,2910,2480,2340,2458,2527,2917,,3034,3437,3483,3075,2262,2030,1910,1522,974,0,0
2025,2025-08-15,Southbound,Light Vehicles,413,248,198,191,317,785,2073,3205,2939,2886,2785,2650,2706,,2968,2539,3100,3363,3423,2250,1741,1634,1481,999,0,0
2025,2025-08-15,Northbound,Heavy Vehicles,39,31,49,72,157,270,578,538,381,433,423,404,376,362,,278,277,224,188,138,121,80,66,61,0,0
2025,2025-08-15,Southbound,Heavy Vehicles,47,48,35,63,84,151,328,319,308,355,443,429,422,,403,289,327,297,257,159,122,81,80,54,0,0
2025,2025-08-15,Northbound,All Vehicles,316,211,182,211,568,1714,3535,3410,3291,2913,2763,2862,2903,3279,,3312,3714,3707,3263,2400,2151,1990,1588,1035,0,0
2025,2025-08-15,Southbound,All Vehicles,460,296,233,254,401,936,2401,3524,3247,3241,3228,3079,3128,,3371,2828,3427,3660,3680,2409,1863,1715,1561,1053,0,0
2025,2025-08-16,Southbound,Light Vehicles,642,361,276,233,289,585,1266,1841,2414,2976,3401,3208,3030,3030,3103,3153,3230,3254,2773,1851,1694,1775,1533,1109,0,0
2025,2025-08-16,Northbound,Light Vehicles,562,290,207,191,212,768,1977,2079,2449,2958,3199,3323,3490,3558,3570,3385,3447,3270,2902,2224,2132,1979,1527,1030,0,0
2025,2025-08-16,Northbound,Heavy Vehicles,26,27,25,37,63,100,355,323,271,200,198,187,177,167,161,166,177,164,116,81,88,70,51,37,0,0
2025,2025-08-16,Southbound,Heavy Vehicles,40,37,25,40,46,58,149,185,216,210,207,237,199,194,212,220,188,161,142,75,89,68,60,54,0,0
2025,2025-08-16,Southbound,All Vehicles,682,398,301,273,335,643,1415,2026,2630,3186,3608,3445,3229,3224,3315,3373,3418,3415,2915,1926,1783,1843,1593,1163,0,0
2025,2025-08-16,Northbound,All Vehicles,588,317,232,228,275,868,2332,2402,2720,3158,3397,3510,3667,3725,3731,3551,3624,3434,3018,2305,2220,2049,1578,1067,0,0
2025,2025-08-17,Southbound,Heavy Vehicles,32,18,19,20,18,22,49,73,121,155,149,141,102,143,147,130,123,118,121,101,100,61,56,48,0,0
2025,2025-08-17,Northbound,Light Vehicles,624,356,220,142,161,387,867,1053,1496,2383,2616,3055,3232,3316,3728,3499,3388,3209,2517,2066,1984,1521,1048,537,0,0
2025,2025-08-17,Northbound,Heavy Vehicles,24,19,19,8,26,36,82,104,125,135,115,155,129,130,140,126,120,121,135,95,90,64,56,41,0,0
2025,2025-08-17,Southbound,Light Vehicles,694,452,304,234,228,386,760,1103,1906,2745,3445,3113,2757,3051,2926,3133,3077,2835,2331,1805,1675,1454,1006,620,0,0
2025,2025-08-17,Southbound,All Vehicles,726,470,323,254,246,408,809,1176,2027,2900,3594,3254,2859,3194,3073,3263,3200,2953,2452,1906,1775,1515,1062,668,0,0
2025,2025-08-17,Northbound,All Vehicles,648,375,239,150,187,423,949,1157,1621,2518,2731,3210,3361,3446,3868,3625,3508,3330,2652,2161,2074,1585,1104,578,0,0
2025,2025-08-18,Northbound,Light Vehicles,308,159,115,145,390,1386,2931,3037,3135,2608,2103,2169,2306,2259,2612,2724,3374,3523,2767,1711,1352,1168,866,383,0,0
2025,2025-08-18,Southbound,Light Vehicles,326,176,165,160,298,794,2161,3315,3210,2913,,2282,2438,2374,2612,2894,2672,3093,2517,1812,1322,1187,857,528,0,0
2025,2025-08-18,Southbound,Heavy Vehicles,44,42,42,67,76,114,343,333,292,389,,418,396,329,354,326,246,244,191,110,77,57,52,52,0,0
2025,2025-08-18,Northbound,Heavy Vehicles,37,34,32,60,140,262,599,550,386,431,417,384,360,254,211,225,226,188,175,126,82,68,45,45,0,0
2025,2025-08-18,Northbound,All Vehicles,345,193,147,205,530,1648,3530,3587,3521,3039,2520,2553,2666,2513,2823,2949,3600,3711,2942,1837,1434,1236,911,428,0,0
2025,2025-08-18,Southbound,All Vehicles,370,218,207,227,374,908,2504,3648,3502,3302,,2700,2834,2703,2966,3220,2918,3337,2708,1922,1399,1244,909,580,0,0
2025,2025-08-19,Southbound,Light Vehicles,303,177,149,160,281,759,2055,3319,3072,2808,2310,2182,2269,2306,2706,3071,3161,2795,2619,,1581,1264,1044,635,0,0
2025,2025-08-19,Northbound,Heavy Vehicles,31,36,41,53,149,230,473,469,316,402,391,366,296,319,291,248,249,186,190,104,87,84,55,49,0,0
2025,2025-08-19,Southbound,Heavy Vehicles,42,45,31,44,78,127,327,278,280,322,346,404,396,388,387,375,303,232,205,,111,69,43,50,0,0
2025,2025-08-19,Northbound,Light Vehicles,237,137,97,142,424,1444,2844,3029,3138,2538,2187,2120,2166,2447,2637,2834,3387,3488,2841,1860,1611,1346,977,493,0,0
2025,2025-08-19,Southbound,All Vehicles,345,222,180,204,359,886,2382,3597,3352,3130,2656,2586,2665,2694,3093,3446,3464,3027,2824,,1692,1333,1087,685,0,0
2025,2025-08-19,Northbound,All Vehicles,268,173,138,195,573,1674,3317,3498,3454,2940,2578,2486,2462,2766,2928,3082,3636,3674,3031,1964,1698,1430,1032,542,0,0
2025,2025-08-20,Northbound,Heavy Vehicles,39,30,43,57,146,243,474,478,363,383,277,257,245,261,225,248,211,206,131,95,93,79,48,35,0,0
2025,2025-08-20,Northbound,Light Vehicles,286,128,104,150,409,1440,2809,2996,3054,2711,1970,1965,2122,2275,2587,2771,3278,3397,2850,1806,1423,1331,915,459,0,0
2025,2025-08-20,Southbound,Light Vehicles,264,199,151,132,243,587,1344,2231,2045,1896,1376,853,1403,1505,1421,2027,1842,1282,1094,604,749,959,673,437,0,0
2025,2025-08-20,Southbound,Heavy Vehicles,31,46,29,55,69,112,189,228,203,256,205,145,228,241,163,194,163,87,40,14,29,49,37,29,0,0
2025,2025-08-20,Northbound,All Vehicles,325,158,147,207,555,1683,3283,3474,3417,3094,2247,2222,2367,2536,2812,3019,3489,3603,2981,1901,1516,1410,963,494,0,0
2025,2025-08-20,Southbound,All Vehicles,295,245,180,187,312,699,1533,2459,2248,2152,1581,998,1631,1746,1584,2221,2005,1369,1134,618,778,1008,710,466,0,0
2025,2025-08-21,Northbound,Heavy Vehicles,44,21,33,49,146,238,342,321,324,308,319,302,273,276,249,151,157,190,145,133,96,87,75,50,0,0
2025,2025-08-21,Northbound,Light Vehicles,257,140,121,157,389,1337,2521,2612,2964,2481,1980,2168,2247,2470,2546,2266,2999,3352,2805,2004,1716,1539,1159,505,0,0
2025,2025-08-21,Northbound,All Vehicles,301,161,154,206,535,1575,2863,2933,3288,2789,2299,2470,2520,2746,2795,2417,3156,3542,2950,2137,1812,1626,1234,555,0,0
2025,2025-08-22,Northbound,Heavy Vehicles,26,38,41,58,147,270,476,405,321,397,379,348,291,322,278,253,220,200,177,,118,86,76,62,0,0
2025,2025-08-22,Northbound,Light Vehicles,260,172,103,152,368,1403,2770,2618,2820,2436,2346,2329,2580,2809,3086,2836,3207,2866,2851,,1843,1729,1468,1165,0,0
2025,2025-08-22,Northbound,All Vehicles,286,210,144,210,515,1673,3246,3023,3141,2833,2725,2677,2871,3131,3364,3089,3427,3066,3028,,1961,1815,1544,1227,0,0
2025,2025-08-23,Southbound,Light Vehicles,29,30,4,5,2,2,20,76,143,603,872,969,1002,1006,1058,1014,958,725,876,652,519,554,522,357,0,0
2025,2025-08-23,Southbound,Heavy Vehicles,,2,,,1,,3,6,6,27,40,54,45,36,40,43,23,31,35,30,27,24,24,19,0,0
2025,2025-08-23,Northbound,Heavy Vehicles,34,22,37,31,61,119,278,320,258,260,212,185,182,204,218,170,194,166,135,107,98,109,75,65,0,0
2025,2025-08-23,Northbound,Light Vehicles,554,288,220,192,268,715,1838,1892,2338,2897,3018,3250,3418,3386,3542,3533,3390,3417,2751,2211,2009,1903,1603,1509,0,0
2025,2025-08-23,Southbound,All Vehicles,29,32,4,5,3,2,23,82,149,630,912,1023,1047,1042,1098,1057,981,756,911,682,546,578,546,376,0,0
2025,2025-08-23,Northbound,All Vehicles,588,310,257,223,329,834,2116,2212,2596,3157,3230,3435,3600,3590,3760,3703,3584,3583,2886,2318,2107,2012,1678,1574,0,0
2025,2025-08-24,Southbound,Heavy Vehicles,34,35,19,14,24,29,55,87,100,114,165,152,148,162,143,146,146,139,141,120,122,101,66,59,0,0
2025,2025-08-24,Northbound,Light Vehicles,753,358,259,166,189,347,730,778,1473,2507,2813,2930,3202,3469,3617,3515,3448,3151,2496,2046,1812,1536,1088,540,0,0
2025,2025-08-24,Southbound,Light Vehicles,722,378,299,223,219,312,744,1184,1880,2818,3210,2855,2765,2957,2962,2917,2812,2957,2593,1883,1648,1481,1045,625,0,0
2025,2025-08-24,Northbound,Heavy Vehicles,43,33,21,22,19,19,53,99,121,150,153,168,155,159,164,167,154,146,140,121,119,99,53,43,0,0
2025,2025-08-24,Southbound,All Vehicles,756,413,318,237,243,341,799,1271,1980,2932,3375,3007,2913,3119,3105,3063,2958,3096,2734,2003,1770,1582,1111,684,0,0
2025,2025-08-24,Northbound,All Vehicles,796,391,280,188,208,366,783,877,1594,2657,2966,3098,3357,3628,3781,3682,3602,3297,2636,2167,1931,1635,1141,583,0,0
2025,2025-08-25,Southbound,Light Vehicles,312,181,142,149,284,827,2185,3110,3215,2789,2202,2257,2258,2407,2753,3153,3193,3280,2830,1908,1547,1224,975,565,0,0
2025,2025-08-25,Southbound,Heavy Vehicles,60,50,42,53,84,151,357,303,294,356,389,430,422,397,386,407,347,298,212,141,93,83,45,50,0,0
2025,2025-08-25,Northbound,Light Vehicles,283,163,114,150,497,1543,3005,2814,2916,2647,2184,2084,2225,2309,2701,2802,,3607,2646,1779,1585,1287,915,463,0,0
2025,2025-08-25,Northbound,Heavy Vehicles,48,41,39,48,161,279,558,481,332,443,413,386,330,301,292,278,,213,190,128,120,75,55,42,0,0
2025,2025-08-25,Southbound,All Vehicles,372,231,184,202,368,978,2542,3413,3509,3145,2591,2687,2680,2804,3139,3560,3540,3578,3042,2049,1640,1307,1020,615,0,0
2025,2025-08-25,Northbound,All Vehicles,331,204,153,198,658,1822,3563,3295,3248,3090,2597,2470,2555,2610,2993,3080,,3820,2836,1907,1705,1362,970,505,0,0
2025,2025-08-26,Northbound,Light Vehicles,242,152,97,147,417,1561,3085,3089,3191,2626,2231,2295,2229,2481,2789,2977,3327,3399,3084,2130,1763,1556,1028,,0,0
2025,2025-08-26,Southbound,Light Vehicles,304,188,178,183,268,870,2267,3408,3266,3065,2453,2292,2332,2401,2623,1993,3124,3129,3185,2345,1753,,1246,712,0,0
2025,2025-08-26,Southbound,Heavy Vehicles,38,54,35,49,76,159,350,294,267,381,384,436,421,433,425,240,330,280,260,162,107,,80,67,0,0
2025,2025-08-26,Northbound,Heavy Vehicles,31,33,53,66,156,292,562,502,351,461,445,383,359,369,335,308,257,180,173,157,117,90,78,,0,0
2025,2025-08-26,Northbound,All Vehicles,273,185,150,213,573,1853,3647,3591,3542,3087,2676,2678,2588,2850,3124,3285,3584,3579,3257,2287,1880,1646,1106,,0,0
2025,2025-08-26,Southbound,All Vehicles,342,242,213,232,344,1029,2617,3702,3533,3446,2837,2728,2753,2834,3048,2233,3454,3409,3445,2507,1860,,1326,779,0,0
2025,2025-08-27,Northbound,Heavy Vehicles,47,30,55,64,163,271,580,498,369,462,400,319,222,76,162,76,277,117,210,140,121,112,72,69,0,0
2025,2025-08-27,Southbound,Light Vehicles,390,245,189,181,341,846,2352,3377,3342,2898,2382,2436,2376,2395,2801,3189,3081,3104,3218,2362,1902,1548,1316,757,0,0
2025,2025-08-27,Southbound,Heavy Vehicles,48,62,57,61,99,145,391,329,304,381,391,441,431,450,434,372,330,260,262,161,105,81,73,38,0,0
2025,2025-08-27,Northbound,Light Vehicles,360,139,124,136,413,1561,3078,3110,3066,2676,2304,1981,1798,546,1719,544,3276,2039,3133,2135,1727,1963,1194,1194,0,0
2025,2025-08-27,Northbound,All Vehicles,407,169,179,200,576,1832,3658,3608,3435,3138,2704,2300,2020,622,1881,620,3553,2156,3343,2275,1848,2075,1266,1263,0,0
2025,2025-08-27,Southbound,All Vehicles,438,307,246,242,440,991,2743,3706,3646,3279,2773,2877,2807,2845,3235,3561,3411,3364,3480,2523,2007,1629,1389,795,0,0
2025,2025-08-28,Northbound,Heavy Vehicles,36,30,50,57,164,290,541,470,379,441,413,400,436,310,291,264,203,205,174,132,133,88,96,82,0,0
2025,2025-08-28,Northbound,Light Vehicles,364,163,132,149,410,1499,2948,2829,3011,2705,2287,2268,2378,2447,2793,2913,2648,3565,2561,2286,1858,1744,1551,1274,0,0
2025,2025-08-28,Northbound,All Vehicles,400,193,182,206,574,1789,3489,3299,3390,3146,2700,2668,2814,2757,3084,3177,2851,3770,2735,2418,1991,1832,1647,1356,0,0
2025,2025-08-29,Southbound,Light Vehicles,495,291,199,222,355,848,2142,3301,3049,2843,2708,2492,2627,2577,2844,3048,3297,3183,3274,,1774,1745,1505,987,0,0
2025,2025-08-29,Northbound,Light Vehicles,381,201,147,158,433,1503,3018,2886,2876,2596,2290,2437,2645,2720,3089,3056,3388,,2941,2193,2041,1924,1526,956,0,0
2025,2025-08-29,Northbound,Heavy Vehicles,48,39,45,64,162,291,587,442,360,456,408,395,375,339,297,257,265,,170,122,106,99,78,40,0,0
2025,2025-08-29,Southbound,Heavy Vehicles,57,60,55,67,92,140,320,334,348,392,413,437,422,398,455,330,354,270,246,,103,92,64,49,0,0
2025,2025-08-29,Southbound,All Vehicles,552,351,254,289,447,988,2462,3635,3397,3235,3121,2929,3049,2975,3299,3378,3651,3453,3520,,1877,1837,1569,1036,0,0
2025,2025-08-29,Northbound,All Vehicles,429,240,192,222,595,1794,3605,3328,3236,3052,2698,2832,3020,3059,3386,3313,3653,,3111,2315,2147,2023,1604,996,0,0
2025,2025-08-30,Northbound,Light Vehicles,534,278,206,169,206,800,2089,2008,2471,2904,3148,3343,2292,3325,3308,3502,3259,3154,2797,2233,1971,2053,1528,1707,0,0
2025,2025-08-30,Southbound,Heavy Vehicles,37,36,29,40,38,59,144,192,230,227,236,239,252,244,207,218,173,184,128,98,83,78,59,51,0,0
2025,2025-08-30,Northbound,Heavy Vehicles,29,22,26,26,59,121,347,314,272,227,202,215,119,182,165,145,142,148,110,101,68,80,74,50,0,0
2025,2025-08-30,Southbound,Light Vehicles,600,380,284,253,269,584,1217,1911,2482,3226,3488,3353,3223,3294,3312,3248,3206,3619,3195,2076,1611,1648,1511,1167,0,0
2025,2025-08-30,Northbound,All Vehicles,563,300,232,195,265,921,2436,2322,2743,3131,3350,3558,2411,3507,3473,3647,3401,3302,2907,2334,2039,2133,1602,1757,0,0
2025,2025-08-30,Southbound,All Vehicles,637,416,313,293,307,643,1361,2103,2712,3453,3724,3592,3475,3538,3519,3466,3379,3803,3323,2174,1694,1726,1570,1218,0,0
2025,2025-08-31,Northbound,Light Vehicles,764,375,242,190,191,454,924,1046,1669,2378,2766,3260,3355,3428,3478,3560,3296,3100,2571,2043,1813,1558,1034,583,0,0
2025,2025-08-31,Southbound,Heavy Vehicles,23,15,15,20,12,28,52,91,101,146,157,150,160,134,147,127,144,139,124,90,79,78,52,46,0,0
2025,2025-08-31,Northbound,Heavy Vehicles,26,24,12,15,23,36,96,94,126,126,150,159,172,140,162,136,156,131,112,81,94,80,57,49,0,0
2025,2025-08-31,Southbound,Light Vehicles,772,459,344,245,253,383,787,1273,1986,2851,3331,3558,3458,3088,3071,3108,3086,3214,2554,1853,1671,1485,992,612,0,0
2025,2025-08-31,Northbound,All Vehicles,790,399,254,205,214,490,1020,1140,1795,2504,2916,3419,3527,3568,3640,3696,3452,3231,2683,2124,1907,1638,1091,632,0,0
2025,2025-08-31,Southbound,All Vehicles,795,474,359,265,265,411,839,1364,2087,2997,3488,3708,3618,3222,3218,3235,3230,3353,2678,1943,1750,1563,1044,658,0,0
2025,2025-09-01,Southbound,Heavy Vehicles,56,40,43,50,64,162,364,305,266,415,414,430,442,359,451,358,352,304,196,137,97,80,51,36,0,0
2025,2025-09-01,Southbound,Light Vehicles,337,175,153,160,281,872,2214,3341,3257,2627,2208,2057,2196,2194,2680,3097,3139,3281,2771,1928,1572,1215,1040,493,0,0
2025,2025-09-01,Northbound,Light Vehicles,281,133,101,160,450,1556,3023,3029,3117,2542,2174,2025,2120,2358,2767,2857,3320,3557,2736,1895,1496,1280,899,420,0,0
2025,2025-09-01,Northbound,Heavy Vehicles,36,35,38,50,133,291,635,487,423,433,421,397,333,330,335,283,234,230,189,118,102,87,64,42,0,0
2025,2025-09-01,Southbound,All Vehicles,393,215,196,210,345,1034,2578,3646,3523,3042,2622,2487,2638,2553,3131,3455,3491,3585,2967,2065,1669,1295,1091,529,0,0
2025,2025-09-01,Northbound,All Vehicles,317,168,139,210,583,1847,3658,3516,3540,2975,2595,2422,2453,2688,3102,3140,3554,3787,2925,2013,1598,1367,963,462,0,0
2025,2025-09-02,Southbound,Heavy Vehicles,40,47,39,43,64,158,364,325,302,371,390,452,441,383,479,408,345,272,273,133,102,88,61,,0,0
2025,2025-09-02,Northbound,Heavy Vehicles,10,,,,,1,18,20,2,122,110,104,117,109,91,107,74,55,62,,27,21,7,3,0,0
2025,2025-09-02,Southbound,Light Vehicles,297,207,146,180,284,790,2268,3342,3337,2903,2283,2268,2180,2308,2751,3008,3227,3286,2907,2130,1631,1466,1087,,0,0
2025,2025-09-02,Northbound,Light Vehicles,23,,,,4,,161,197,34,719,648,682,724,805,891,969,1119,1216,979,,598,444,209,73,0,0
2025,2025-09-02,Southbound,All Vehicles,337,254,185,223,348,948,2632,3667,3639,3274,2673,2720,2621,2691,3230,3416,3572,3558,3180,2263,1733,1554,1148,,0,0
2025,2025-09-02,Northbound,All Vehicles,33,,,,4,1,179,217,36,841,758,786,841,914,982,1076,1193,1271,1041,,625,465,216,76,0,0
2025,2025-09-03,Southbound,Heavy Vehicles,35,55,42,59,73,166,339,307,303,361,400,417,399,388,467,393,344,309,231,134,107,81,63,51,0,0
2025,2025-09-03,Northbound,Light Vehicles,145,138,122,123,292,692,14,2436,3139,2118,2318,2292,2283,2542,2856,2780,3278,3504,2961,1969,1658,1493,1013,512,0,0
2025,2025-09-03,Northbound,Heavy Vehicles,17,26,32,44,108,133,1,319,318,324,404,379,386,347,340,230,233,251,219,148,99,108,61,52,0,0
2025,2025-09-03,Southbound,Light Vehicles,318,245,170,184,315,865,2337,3452,3323,2912,2360,2310,2365,2361,2739,3053,3186,3237,3072,2151,1692,1569,1155,633,0,0
2025,2025-09-03,Southbound,All Vehicles,353,300,212,243,388,1031,2676,3759,3626,3273,2760,2727,2764,2749,3206,3446,3530,3546,3303,2285,1799,1650,1218,684,0,0
2025,2025-09-03,Northbound,All Vehicles,162,164,154,167,400,825,15,2755,3457,2442,2722,2671,2669,2889,3196,3010,3511,3755,3180,2117,1757,1601,1074,564,0,0
2025,2025-09-04,Southbound,Heavy Vehicles,42,49,46,55,76,154,335,324,333,364,405,434,440,435,481,385,335,295,,156,110,73,74,61,0,0
2025,2025-09-04,Southbound,Light Vehicles,311,207,197,183,280,879,2240,3331,3293,2820,2358,2473,2354,2466,2708,3173,3173,3222,,2306,1766,1685,1199,715,0,0
2025,2025-09-04,Southbound,All Vehicles,353,256,243,238,356,1033,2575,3655,3626,3184,2763,2907,2794,2901,3189,3558,3508,3517,,2462,1876,1758,1273,776,0,0
2025,2025-09-05,Southbound,Heavy Vehicles,61,63,49,58,79,154,341,342,302,356,426,441,419,373,451,381,341,271,222,141,103,71,62,45,0,0
2025,2025-09-05,Northbound,Heavy Vehicles,,,,,,,,,,304,382,400,,334,312,285,244,233,161,125,109,90,72,38,0,0
2025,2025-09-05,Southbound,Light Vehicles,406,266,191,195,334,841,2120,3228,2905,2731,2717,2546,2646,2601,2869,2895,3188,3303,3284,2261,1764,1745,1412,926,0,0
2025,2025-09-05,Northbound,Light Vehicles,,,,,,,,,,1662,2310,2410,,2844,3043,3041,3350,3473,2930,2189,1951,1857,1678,926,0,0
2025,2025-09-05,Southbound,All Vehicles,467,329,240,253,413,995,2461,3570,3207,3087,3143,2987,3065,2974,3320,3276,3529,3574,3506,2402,1867,1816,1474,971,0,0
2025,2025-09-05,Northbound,All Vehicles,,,,,,,,,,1966,2692,2810,,3178,3355,3326,3594,3706,3091,2314,2060,1947,1750,964,0,0
2025,2025-09-06,Southbound,Light Vehicles,636,381,294,259,285,630,1326,2148,2596,3193,3461,3400,3377,3356,3252,3018,3399,3624,3285,2219,1747,1673,1520,1010,0,0
2025,2025-09-06,Southbound,Heavy Vehicles,44,36,26,42,29,66,163,192,234,203,211,260,223,207,191,176,170,174,133,114,79,71,52,47,0,0
2025,2025-09-06,Southbound,All Vehicles,680,417,320,301,314,696,1489,2340,2830,3396,3672,3660,3600,3563,3443,3194,3569,3798,3418,2333,1826,1744,1572,1057,0,0
2025,2025-09-07,Northbound,Heavy Vehicles,27,29,24,21,15,30,76,89,53,87,135,143,110,89,142,147,86,112,92,98,83,74,35,35,0,0
2025,2025-09-07,Southbound,Heavy Vehicles,45,22,14,22,14,20,48,71,100,127,129,150,123,132,109,138,139,124,,107,90,65,52,45,0,0
2025,2025-09-07,Southbound,Light Vehicles,736,461,299,236,220,349,723,1161,1845,2759,3278,3595,3230,2947,2860,3213,3156,3256,,1998,1788,1574,1042,532,0,0
2025,2025-09-07,Northbound,Light Vehicles,649,346,212,158,172,393,853,987,1231,2112,2693,2942,3186,2740,3396,3362,2681,2941,2758,2166,2073,1595,1015,561,0,0
2025,2025-09-07,Northbound,All Vehicles,676,375,236,179,187,423,929,1076,1284,2199,2828,3085,3296,2829,3538,3509,2767,3053,2850,2264,2156,1669,1050,596,0,0
2025,2025-09-07,Southbound,All Vehicles,781,483,313,258,234,369,771,1232,1945,2886,3407,3745,3353,3079,2969,3351,3295,3380,,2105,1878,1639,1094,577,0,0
2025,2025-09-08,Northbound,Light Vehicles,259,158,111,149,487,1558,3111,2983,3146,2485,2238,2118,2009,2236,2650,2763,3233,3486,2561,1826,1419,1386,899,470,0,0
2025,2025-09-08,Southbound,Light Vehicles,331,155,180,163,288,829,2285,3316,3433,2764,2158,2008,2175,2271,2446,3026,3226,3249,2758,1974,1570,1225,961,518,0,0
2025,2025-09-08,Southbound,Heavy Vehicles,35,35,40,53,67,155,358,308,362,358,360,388,405,443,416,387,344,284,235,136,112,75,62,38,0,0
2025,2025-09-08,Northbound,Heavy Vehicles,25,34,39,52,133,297,608,512,381,457,446,397,350,310,347,272,273,213,160,136,115,85,62,46,0,0
2025,2025-09-08,Northbound,All Vehicles,284,192,150,201,620,1855,3719,3495,3527,2942,2684,2515,2359,2546,2997,3035,3506,3699,2721,1962,1534,1471,961,516,0,0
2025,2025-09-08,Southbound,All Vehicles,366,190,220,216,355,984,2643,3624,3795,3122,2518,2396,2580,2714,2862,3413,3570,3533,2993,2110,1682,1300,1023,556,0,0
2025,2025-09-09,Southbound,Heavy Vehicles,38,55,45,43,61,134,342,318,313,407,374,446,441,386,417,423,326,302,,157,106,80,64,54,0,0
2025,2025-09-09,Northbound,Light Vehicles,223,147,110,160,422,1493,3025,3153,3101,2580,2160,2128,2107,2354,2612,2740,3443,3602,,1861,1585,1484,979,490,0,0
2025,2025-09-09,Northbound,Heavy Vehicles,34,23,49,63,143,274,576,466,365,418,409,373,341,371,323,258,253,226,,139,104,98,59,40,0,0
2025,2025-09-09,Southbound,Light Vehicles,287,212,186,188,290,821,2303,3254,3439,2886,2312,2321,2296,2214,2699,3254,3220,3155,,2008,1538,1452,1093,598,0,0
2025,2025-09-09,Southbound,All Vehicles,325,267,231,231,351,955,2645,3572,3752,3293,2686,2767,2737,2600,3116,3677,3546,3457,,2165,1644,1532,1157,652,0,0
2025,2025-09-09,Northbound,All Vehicles,257,170,159,223,565,1767,3601,3619,3466,2998,2569,2501,2448,2725,2935,2998,3696,3828,,2000,1689,1582,1038,530,0,0
2025,2025-09-10,Southbound,Heavy Vehicles,43,41,49,59,80,98,311,269,307,351,362,400,404,368,374,311,,273,200,111,71,64,61,53,0,0
2025,2025-09-10,Southbound,Light Vehicles,358,214,198,191,315,654,2293,3086,3268,2950,2427,2320,2343,2312,2621,2644,,3159,2848,1722,1338,1220,1115,639,0,0
2025,2025-09-10,Northbound,Heavy Vehicles,31,27,49,70,158,237,462,357,289,391,401,363,340,299,270,207,173,221,,94,72,75,58,40,0,0
2025,2025-09-10,Northbound,Light Vehicles,243,161,113,172,391,1474,2799,2792,3076,2589,2168,2143,2172,2382,2664,2785,3043,3510,,1742,1377,1323,899,451,0,0
2025,2025-09-10,Southbound,All Vehicles,401,255,247,250,395,752,2604,3355,3575,3301,2789,2720,2747,2680,2995,2955,,3432,3048,1833,1409,1284,1176,692,0,0
2025,2025-09-10,Northbound,All Vehicles,274,188,162,242,549,1711,3261,3149,3365,2980,2569,2506,2512,2681,2934,2992,3216,3731,,1836,1449,1398,957,491,0,0
2025,2025-09-11,Southbound,Heavy Vehicles,33,50,36,40,72,114,265,268,275,299,344,411,373,350,412,357,327,268,210,143,114,89,59,,0,0
2025,2025-09-11,Southbound,Light Vehicles,379,252,161,158,263,815,2143,2756,2894,2878,2253,2288,2290,2376,2692,3019,3265,3204,3010,2289,1798,1657,1215,,0,0
2025,2025-09-11,Southbound,All Vehicles,412,302,197,198,335,929,2408,3024,3169,3177,2597,2699,2663,2726,3104,3376,3592,3472,3220,2432,1912,1746,1274,,0,0
2025,2025-09-12,Southbound,Heavy Vehicles,51,53,42,65,85,148,360,311,284,366,432,431,365,412,381,345,378,302,237,154,99,72,42,50,0,0
2025,2025-09-12,Southbound,Light Vehicles,438,261,201,188,319,826,2080,3177,2911,2784,2625,2647,2511,2694,2952,3226,3130,3338,3398,2430,1704,1664,1544,1090,0,0
2025,2025-09-12,Southbound,All Vehicles,489,314,243,253,404,974,2440,3488,3195,3150,3057,3078,2876,3106,3333,3571,3508,3640,3635,2584,1803,1736,1586,1140,0,0
2025,2025-09-13,Southbound,Heavy Vehicles,41,45,26,44,47,82,151,174,206,229,233,194,155,221,218,204,179,186,124,101,79,79,53,39,0,0
2025,2025-09-13,Southbound,Light Vehicles,628,382,269,248,263,542,1290,1980,2463,3076,3183,3040,2727,3017,3117,3212,3073,3280,2885,2020,1660,1694,1538,1051,0,0
2025,2025-09-13,Southbound,All Vehicles,669,427,295,292,310,624,1441,2154,2669,3305,3416,3234,2882,3238,3335,3416,3252,3466,3009,2121,1739,1773,1591,1090,0,0
2025,2025-09-14,Northbound,Heavy Vehicles,27,19,15,15,19,43,79,113,135,133,123,129,116,123,142,132,136,140,110,100,97,90,,40,0,0
2025,2025-09-14,Northbound,Light Vehicles,629,344,216,175,174,446,893,1063,1624,2594,2876,2853,3070,3331,3392,3410,3261,2971,2835,2285,2194,1713,,546,0,0
2025,2025-09-14,Southbound,Heavy Vehicles,27,25,16,20,26,28,59,109,129,148,147,147,,126,134,136,137,120,124,89,72,62,52,48,0,0
2025,2025-09-14,Southbound,Light Vehicles,730,458,299,265,246,485,878,1243,1967,2824,3318,3483,,3033,3030,3128,2953,3070,2521,1904,1709,1460,1055,604,0,0
2025,2025-09-14,Northbound,All Vehicles,656,363,231,190,193,489,972,1176,1759,2727,2999,2982,3186,3454,3534,3542,3397,3111,2945,2385,2291,1803,,586,0,0
2025,2025-09-14,Southbound,All Vehicles,757,483,315,285,272,513,937,1352,2096,2972,3465,3630,,3159,3164,3264,3090,3190,2645,1993,1781,1522,1107,652,0,0
2025,2025-09-15,Northbound,Heavy Vehicles,29,29,35,45,150,305,582,445,388,447,424,391,342,348,291,282,255,249,207,122,120,87,73,47,0,0
2025,2025-09-15,Southbound,Heavy Vehicles,41,32,34,51,74,175,365,305,299,385,448,421,434,414,436,377,353,293,253,139,104,61,57,48,0,0
2025,2025-09-15,Southbound,Light Vehicles,357,211,158,148,319,838,2391,3104,3218,2721,2229,2150,2151,2377,2631,3140,3164,3239,2882,2022,1539,1325,1039,519,0,0
2025,2025-09-15,Northbound,Light Vehicles,243,192,96,179,486,1598,3108,2720,3083,2504,2158,2102,2103,2368,2692,2910,3342,3583,2774,1789,1565,1341,991,418,0,0
2025,2025-09-15,Northbound,All Vehicles,272,221,131,224,636,1903,3690,3165,3471,2951,2582,2493,2445,2716,2983,3192,3597,3832,2981,1911,1685,1428,1064,465,0,0
2025,2025-09-15,Southbound,All Vehicles,398,243,192,199,393,1013,2756,3409,3517,3106,2677,2571,2585,2791,3067,3517,3517,3532,3135,2161,1643,1386,1096,567,0,0
2025,2025-09-16,Northbound,Light Vehicles,270,134,111,137,450,1616,3113,3122,3104,2487,2171,2067,1854,44,1815,2567,3408,,2946,1962,,1502,1012,465,0,0
2025,2025-09-16,Southbound,Light Vehicles,323,195,161,173,319,861,2329,3332,3282,2893,2337,2222,2196,2313,2680,3026,3180,,2997,2171,1724,1407,1173,554,0,0
2025,2025-09-16,Southbound,Heavy Vehicles,48,48,38,44,96,174,356,317,334,380,404,445,435,440,455,394,332,,218,162,121,73,55,46,0,0
2025,2025-09-16,Northbound,Heavy Vehicles,41,29,45,61,172,297,579,471,364,446,413,392,277,6,212,242,275,,185,133,,93,82,50,0,0
2025,2025-09-16,Northbound,All Vehicles,311,163,156,198,622,1913,3692,3593,3468,2933,2584,2459,2131,50,2027,2809,3683,,3131,2095,,1595,1094,515,0,0
2025,2025-09-16,Southbound,All Vehicles,371,243,199,217,415,1035,2685,3649,3616,3273,2741,2667,2631,2753,3135,3420,3512,,3215,2333,1845,1480,1228,600,0,0
2025,2025-09-17,Southbound,Heavy Vehicles,50,48,57,58,92,166,358,297,349,356,389,488,419,421,449,401,344,287,193,142,125,77,69,49,0,0
2025,2025-09-17,Northbound,Heavy Vehicles,42,34,51,67,168,273,420,441,352,448,398,304,277,315,303,269,237,240,191,136,21,,47,54,0,0
2025,2025-09-17,Northbound,Light Vehicles,251,157,116,167,439,1427,2225,2826,3091,2504,2306,1779,1662,2506,2694,2855,3439,3601,3017,2021,366,51,775,446,0,0
2025,2025-09-17,Southbound,Light Vehicles,333,226,187,200,350,839,2295,3344,3242,2774,2365,2458,2226,2385,2760,2836,3033,3112,2895,2152,1713,1468,1183,663,0,0
2025,2025-09-17,Southbound,All Vehicles,383,274,244,258,442,1005,2653,3641,3591,3130,2754,2946,2645,2806,3209,3237,3377,3399,3088,2294,1838,1545,1252,712,0,0
2025,2025-09-17,Northbound,All Vehicles,293,191,167,234,607,1700,2645,3267,3443,2952,2704,2083,1939,2821,2997,3124,3676,3841,3208,2157,387,51,822,500,0,0
2025,2025-09-18,Southbound,Heavy Vehicles,51,49,66,64,80,168,322,294,312,375,399,441,434,410,421,391,339,284,255,167,119,89,,70,0,0
2025,2025-09-18,Southbound,Light Vehicles,351,249,195,191,303,881,2405,3274,3237,2693,2366,2254,2311,2458,2841,2919,3255,3039,3184,2321,1905,1678,,704,0,0
2025,2025-09-18,Southbound,All Vehicles,402,298,261,255,383,1049,2727,3568,3549,3068,2765,2695,2745,2868,3262,3310,3594,3323,3439,2488,2024,1767,,774,0,0
2025,2025-09-19,Southbound,Heavy Vehicles,48,48,45,65,92,191,349,316,360,,442,439,447,436,402,402,330,285,,154,93,83,77,47,0,0
2025,2025-09-19,Southbound,Light Vehicles,454,247,227,191,313,848,2236,3200,2912,,2562,2629,2559,2611,2749,3181,3150,3200,,2230,1771,1668,1436,923,0,0
2025,2025-09-19,Southbound,All Vehicles,502,295,272,256,405,1039,2585,3516,3272,,3004,3068,3006,3047,3151,3583,3480,3485,,2384,1864,1751,1513,970,0,0
2025,2025-09-20,Southbound,Light Vehicles,612,376,204,227,275,639,1418,2097,2604,3081,3319,3251,3384,3245,3204,3282,3272,3389,,2016,1656,1749,1526,1121,0,0
2025,2025-09-20,Southbound,Heavy Vehicles,30,24,11,47,40,63,167,265,215,240,244,223,223,224,210,211,188,175,,97,60,75,49,42,0,0
2025,2025-09-20,Southbound,All Vehicles,642,400,215,274,315,702,1585,2362,2819,3321,3563,3474,3607,3469,3414,3493,3460,3564,,2113,1716,1824,1575,1163,0,0
2025,2025-09-21,Southbound,Light Vehicles,740,426,303,244,237,405,749,1120,1969,2766,3308,3362,3250,3165,3197,3144,2950,2935,2397,1933,1771,1481,1173,,0,0
2025,2025-09-21,Southbound,Heavy Vehicles,40,21,13,18,13,25,55,101,127,139,156,138,143,151,160,193,132,143,91,96,74,76,60,,0,0
2025,2025-09-21,Southbound,All Vehicles,780,447,316,262,250,430,804,1221,2096,2905,3464,3500,3393,3316,3357,3337,3082,3078,2488,2029,1845,1557,1233,,0,0
2025,2025-09-22,Southbound,Heavy Vehicles,49,48,38,49,87,177,390,308,298,346,442,393,426,412,426,433,299,199,170,133,103,,65,45,0,0
2025,2025-09-22,Southbound,Light Vehicles,378,193,174,171,314,835,2309,3425,3280,2748,2370,2187,2205,2293,2652,3067,2798,2194,2469,1866,1402,,969,504,0,0
2025,2025-09-22,Southbound,All Vehicles,427,241,212,220,401,1012,2699,3733,3578,3094,2812,2580,2631,2705,3078,3500,3097,2393,2639,1999,1505,,1034,549,0,0
2025,2025-09-23,Southbound,Light Vehicles,302,191,144,172,324,872,2342,3377,3304,2938,,2235,2258,2385,2723,3143,3096,3183,2990,2031,1612,1404,1142,614,0,0
2025,2025-09-23,Southbound,Heavy Vehicles,42,50,44,47,83,159,399,309,322,367,,437,454,408,451,386,348,295,251,151,100,83,57,66,0,0
2025,2025-09-23,Southbound,All Vehicles,344,241,188,219,407,1031,2741,3686,3626,3305,,2672,2712,2793,3174,3529,3444,3478,3241,2182,1712,1487,1199,680,0,0
2025,2025-09-24,Southbound,Light Vehicles,352,224,210,201,336,898,2361,3336,3203,2848,2316,2217,2273,2470,2709,3151,3269,3172,2987,2103,1698,1573,,701,0,0
2025,2025-09-24,Southbound,Heavy Vehicles,55,47,64,69,88,178,377,350,279,357,417,428,430,472,448,395,334,301,259,139,111,76,,54,0,0
2025,2025-09-24,Southbound,All Vehicles,407,271,274,270,424,1076,2738,3686,3482,3205,2733,2645,2703,2942,3157,3546,3603,3473,3246,2242,1809,1649,,755,0,0
2025,2025-09-25,Southbound,Heavy Vehicles,43,57,53,59,82,170,386,328,366,358,401,437,392,460,484,392,350,307,257,166,130,93,56,63,0,0
2025,2025-09-25,Southbound,Light Vehicles,388,223,220,194,363,871,2344,3336,3184,2830,2272,2411,2380,2458,2765,3176,3219,3254,2966,2272,1894,1668,1218,750,0,0
2025,2025-09-25,Southbound,All Vehicles,431,280,273,253,445,1041,2730,3664,3550,3188,2673,2848,2772,2918,3249,3568,3569,3561,3223,2438,2024,1761,1274,813,0,0
2025,2025-09-26,Southbound,Light Vehicles,468,301,222,229,340,894,2165,3068,2768,2671,2543,2690,2521,2613,2905,3098,3209,3261,3088,2439,1662,1577,1538,1103,0,0
2025,2025-09-26,Southbound,Heavy Vehicles,50,62,55,67,79,168,366,359,295,365,351,455,425,390,382,386,356,306,246,161,108,69,53,51,0,0
2025,2025-09-26,Southbound,All Vehicles,518,363,277,296,419,1062,2531,3427,3063,3036,2894,3145,2946,3003,3287,3484,3565,3567,3334,2600,1770,1646,1591,1154,0,0
2025,2025-09-27,Northbound,Light Vehicles,563,308,182,176,278,916,2148,2093,2385,2781,3054,,,3457,3360,3238,,2999,2802,2140,2015,,1496,1001,0,0
2025,2025-09-27,Southbound,Heavy Vehicles,44,40,31,39,47,84,164,198,214,226,225,,240,226,203,167,,178,139,104,70,,76,45,0,0
2025,2025-09-27,Northbound,Heavy Vehicles,29,26,28,32,50,143,348,330,267,234,237,,,183,143,170,,155,118,96,82,,48,46,0,0
2025,2025-09-27,Southbound,Light Vehicles,623,392,326,240,256,647,1269,1788,2366,2917,3118,,3008,3057,3045,3072,,3255,2821,1864,1701,,1611,1130,0,0
2025,2025-09-27,Northbound,All Vehicles,592,334,210,208,328,1059,2496,2423,2652,3015,3291,,,3640,3503,3408,,3154,2920,2236,2097,,1544,1047,0,0
2025,2025-09-27,Southbound,All Vehicles,667,432,357,279,303,731,1433,1986,2580,3143,3343,,3248,3283,3248,3239,,3433,2960,1968,1771,,1687,1175,0,0
2025,2025-09-28,Southbound,Light Vehicles,753,438,330,248,240,424,762,1192,1880,2609,2997,3175,3001,3133,,,,2718,2523,1780,1715,1514,1051,667,0,0
2025,2025-09-28,Northbound,Light Vehicles,596,358,236,185,232,477,983,1041,1642,2520,2863,2975,3130,3257,3315,3312,3006,2964,2543,1974,1816,1592,1097,589,0,0
2025,2025-09-28,Northbound,Heavy Vehicles,24,18,19,11,22,47,88,117,125,151,133,135,125,125,126,152,156,81,126,97,105,85,56,32,0,0
2025,2025-09-28,Southbound,Heavy Vehicles,35,20,20,15,12,31,55,98,113,136,122,131,130,122,,,,106,106,114,82,76,52,43,0,0
2025,2025-09-28,Southbound,All Vehicles,788,458,350,263,252,455,817,1290,1993,2745,3119,3306,3131,3255,,,,2824,2629,1894,1797,1590,1103,710,0,0
2025,2025-09-28,Northbound,All Vehicles,620,376,255,196,254,524,1071,1158,1767,2671,2996,3110,3255,3382,3441,3464,3162,3045,2669,2071,1921,1677,1153,621,0,0
2025,2025-09-29,Southbound,Heavy Vehicles,39,31,44,56,87,167,341,342,348,328,393,423,410,404,431,405,326,267,235,127,116,66,57,45,0,0
2025,2025-09-29,Southbound,Light Vehicles,347,238,173,159,322,843,2239,3126,3017,2490,2243,2269,2376,2376,2629,3082,3076,2870,2758,1778,1491,1237,1037,530,0,0
2025,2025-09-29,Northbound,Heavy Vehicles,31,24,43,50,145,321,608,353,372,479,438,427,353,345,295,306,282,212,186,135,112,,66,45,0,0
2025,2025-09-29,Northbound,Light Vehicles,300,172,125,162,427,1636,3016,2204,2684,2429,2376,2265,2355,2407,2560,2856,3283,3429,2936,1969,1541,,956,477,0,0
2025,2025-09-29,Southbound,All Vehicles,386,269,217,215,409,1010,2580,3468,3365,2818,2636,2692,2786,2780,3060,3487,3402,3137,2993,1905,1607,1303,1094,575,0,0
2025,2025-09-29,Northbound,All Vehicles,331,196,168,212,572,1957,3624,2557,3056,2908,2814,2692,2708,2752,2855,3162,3565,3641,3122,2104,1653,,1022,522,0,0
2025,2025-09-30,Northbound,Light Vehicles,104,48,44,65,236,1043,2187,2008,2058,1750,1533,1565,1561,1656,1675,1950,2382,2440,1985,1283,1034,1021,686,249,0,0
2025,2025-09-30,Northbound,Heavy Vehicles,14,4,7,10,48,148,356,288,211,217,221,184,181,180,155,166,176,137,112,74,58,50,29,15,0,0
2025,2025-09-30,Southbound,Light Vehicles,344,219,169,183,318,863,2243,3299,3290,2786,2534,2404,2376,2428,2731,3043,3168,3217,3111,2085,1677,1431,1203,670,0,0
2025,2025-09-30,Southbound,Heavy Vehicles,49,45,54,46,63,177,377,379,331,386,401,421,384,401,440,378,326,308,235,142,95,86,64,63,0,0
2025,2025-09-30,Northbound,All Vehicles,118,52,51,75,284,1191,2543,2296,2269,1967,1754,1749,1742,1836,1830,2116,2558,2577,2097,1357,1092,1071,715,264,0,0
2025,2025-09-30,Southbound,All Vehicles,393,264,223,229,381,1040,2620,3678,3621,3172,2935,2825,2760,2829,3171,3421,3494,3525,3346,2227,1772,1517,1267,733,0,0
2025,2025-10-01,Northbound,Heavy Vehicles,43,38,43,65,147,286,622,539,376,441,428,368,371,378,312,288,263,191,166,145,109,91,84,49,0,0
2025,2025-10-01,Northbound,Light Vehicles,271,160,123,157,421,1688,2951,2874,2911,2603,2269,2302,2345,2485,2634,2952,3365,3446,2881,2005,1797,1637,1176,529,0,0
2025,2025-10-01,Southbound,Light Vehicles,345,271,173,179,314,843,2223,3080,3222,2656,2547,2370,,2361,,3117,3144,3140,3064,2164,1707,1531,1169,660,0,0
2025,2025-10-01,Southbound,Heavy Vehicles,43,50,52,59,84,171,346,342,362,345,412,418,,405,,410,333,300,247,144,113,85,80,58,0,0
2025,2025-10-01,Northbound,All Vehicles,314,198,166,222,568,1974,3573,3413,3287,3044,2697,2670,2716,2863,2946,3240,3628,3637,3047,2150,1906,1728,1260,578,0,0
2025,2025-10-01,Southbound,All Vehicles,388,321,225,238,398,1014,2569,3422,3584,3001,2959,2788,,2766,,3527,3477,3440,3311,2308,1820,1616,1249,718,0,0
2025,2025-10-02,Northbound,Heavy Vehicles,45,33,35,64,170,289,625,542,431,441,426,373,265,46,294,240,248,244,187,134,121,93,75,60,0,0
2025,2025-10-02,Southbound,Light Vehicles,352,269,166,174,312,836,2291,2998,3079,2717,2549,2415,2351,2476,2816,3168,3185,3098,2932,2217,1808,1682,1197,703,0,0
2025,2025-10-02,Northbound,Light Vehicles,351,176,123,171,417,1610,3023,2752,2929,2444,2280,2267,1852,441,2439,2502,3433,3372,2867,2123,1934,1779,1149,648,0,0
2025,2025-10-02,Southbound,Heavy Vehicles,41,53,37,41,80,176,344,346,356,369,430,409,469,406,401,399,328,277,216,129,95,85,66,62,0,0
2025,2025-10-02,Northbound,All Vehicles,396,209,158,235,587,1899,3648,3294,3360,2885,2706,2640,2117,487,2733,2742,3681,3616,3054,2257,2055,1872,1224,708,0,0
2025,2025-10-02,Southbound,All Vehicles,393,322,203,215,392,1012,2635,3344,3435,3086,2979,2824,2820,2882,3217,3567,3513,3375,3148,2346,1903,1767,1263,765,0,0
2025,2025-10-03,Northbound,Light Vehicles,330,183,137,204,422,1368,2467,2561,2724,2573,2314,,2692,2869,2888,1535,3138,3150,2561,2134,2023,1805,1542,948,0,0
2025,2025-10-03,Southbound,Heavy Vehicles,63,55,56,58,84,175,362,329,316,378,381,379,394,382,376,413,323,291,228,158,104,81,70,48,0,0
2025,2025-10-03,Southbound,Light Vehicles,463,286,233,203,314,855,2098,2650,2783,2652,2763,2783,2720,2834,2908,3195,3202,3378,3063,2332,1714,1619,1444,996,0,0
2025,2025-10-03,Northbound,Heavy Vehicles,40,33,45,64,174,256,501,523,451,427,382,,373,365,318,117,226,193,143,130,110,86,83,54,0,0
2025,2025-10-03,Northbound,All Vehicles,370,216,182,268,596,1624,2968,3084,3175,3000,2696,,3065,3234,3206,1652,3364,3343,2704,2264,2133,1891,1625,1002,0,0
2025,2025-10-03,Southbound,All Vehicles,526,341,289,261,398,1030,2460,2979,3099,3030,3144,3162,3114,3216,3284,3608,3525,3669,3291,2490,1818,1700,1514,1044,0,0
2025,2025-10-04,Southbound,Light Vehicles,632,382,288,236,289,631,1199,1703,2261,3057,3203,3098,3166,,3175,3320,3143,2940,2714,1820,1550,1572,1495,1269,0,0
2025,2025-10-04,Northbound,Heavy Vehicles,32,24,34,24,51,93,335,278,239,217,215,201,184,166,146,145,,138,107,111,92,74,,48,0,0
2025,2025-10-04,Northbound,Light Vehicles,598,313,225,206,289,735,1987,1848,2307,2832,3071,3165,3117,3067,3072,3146,,3096,2508,2394,1947,1782,,1180,0,0
2025,2025-10-04,Southbound,Heavy Vehicles,53,29,21,41,37,76,132,144,187,210,221,201,227,,216,192,204,182,154,84,89,71,45,51,0,0
2025,2025-10-04,Southbound,All Vehicles,685,411,309,277,326,707,1331,1847,2448,3267,3424,3299,3393,,3391,3512,3347,3122,2868,1904,1639,1643,1540,1320,0,0
2025,2025-10-04,Northbound,All Vehicles,630,337,259,230,340,828,2322,2126,2546,3049,3286,3366,3301,3233,3218,3291,,3234,2615,2505,2039,1856,,1228,0,0
2025,2025-10-05,Northbound,Light Vehicles,1197,510,,298,251,376,823,977,1385,2155,2579,2875,1805,1786,1841,1870,1888,1862,2260,1218,1732,1346,536,67,0,0
2025,2025-10-05,Southbound,Heavy Vehicles,50,23,,17,15,26,40,61,82,125,132,119,135,128,128,149,154,170,151,115,80,69,56,42,0,0
2025,2025-10-05,Northbound,Heavy Vehicles,38,19,,16,20,29,65,104,137,133,142,143,71,69,76,98,75,71,93,38,73,43,36,5,0,0
2025,2025-10-05,Southbound,Light Vehicles,972,484,,353,325,387,655,1020,1423,2297,2843,2977,2974,2676,2727,2905,2918,3043,2624,1995,1787,1852,1678,1195,0,0
2025,2025-10-05,Northbound,All Vehicles,1235,529,,314,271,405,888,1081,1522,2288,2721,3018,1876,1855,1917,1968,1963,1933,2353,1256,1805,1389,572,72,0,0
2025,2025-10-05,Southbound,All Vehicles,1022,507,,370,340,413,695,1081,1505,2422,2975,3096,3109,2804,2855,3054,3072,3213,2775,2110,1867,1921,1734,1237,0,0
2025,2025-10-06,Southbound,Light Vehicles,681,403,302,192,159,246,656,804,1043,1747,2314,2585,2634,2495,2507,2691,2312,2731,2400,1911,1817,1599,1162,636,0,0
2025,2025-10-06,Southbound,Heavy Vehicles,25,28,24,11,28,26,53,74,94,121,142,134,152,147,138,122,117,110,88,82,105,66,68,51,0,0
2025,2025-10-06,Southbound,All Vehicles,706,431,326,203,187,272,709,878,1137,1868,2456,2719,2786,2642,2645,2813,2429,2841,2488,1993,1922,1665,1230,687,0,0
2025,2025-10-07,Southbound,Heavy Vehicles,44,43,38,42,81,135,320,348,297,342,345,366,350,364,421,408,306,269,216,161,104,83,73,64,0,0
2025,2025-10-07,Southbound,Light Vehicles,341,213,144,130,229,763,2012,3019,3162,2556,2292,2392,2417,2343,2628,2947,2999,3216,2592,2002,1603,1462,1101,668,0,0
2025,2025-10-07,Southbound,All Vehicles,385,256,182,172,310,898,2332,3367,3459,2898,2637,2758,2767,2707,3049,3355,3305,3485,2808,2163,1707,1545,1174,732,0,0
2025,2025-10-08,Southbound,Heavy Vehicles,56,46,37,51,66,144,350,337,346,360,371,434,404,397,406,389,317,302,263,135,121,95,75,70,0,0
2025,2025-10-08,Southbound,Light Vehicles,365,222,173,164,285,816,2181,3097,3249,2674,2493,2443,2410,2501,2810,2981,3083,3142,3128,2120,1733,1584,1170,680,0,0
2025,2025-10-08,Southbound,All Vehicles,421,268,210,215,351,960,2531,3434,3595,3034,2864,2877,2814,2898,3216,3370,3400,3444,3391,2255,1854,1679,1245,750,0,0
2025,2025-10-09,Northbound,Light Vehicles,315,169,115,142,384,1485,2426,2852,2969,2604,2374,2404,2430,2527,2596,2988,3404,3564,2912,1979,1954,1745,1148,651,0,0
2025,2025-10-09,Northbound,Heavy Vehicles,50,24,40,58,160,281,491,532,410,468,395,388,345,385,330,290,256,220,193,134,121,92,69,73,0,0
2025,2025-10-09,Southbound,Heavy Vehicles,43,51,52,56,74,139,340,332,319,366,409,437,401,430,423,365,337,309,272,152,122,81,77,75,0,0
2025,2025-10-09,Southbound,Light Vehicles,395,230,205,200,284,802,2091,3037,3277,2734,2370,2485,2381,2506,2898,3069,3112,3235,3288,2193,1858,1673,1272,705,0,0
2025,2025-10-09,Northbound,All Vehicles,365,193,155,200,544,1766,2917,3384,3379,3072,2769,2792,2775,2912,2926,3278,3660,3784,3105,2113,2075,1837,1217,724,0,0
2025,2025-10-09,Southbound,All Vehicles,438,281,257,256,358,941,2431,3369,3596,3100,2779,2922,2782,2936,3321,3434,3449,3544,3560,2345,1980,1754,1349,780,0,0
2025,2025-10-10,Northbound,Heavy Vehicles,46,41,43,63,157,280,580,496,432,446,420,393,230,,,,167,241,191,103,124,93,79,53,0,0
2025,2025-10-10,Northbound,Light Vehicles,320,161,125,168,394,1428,2910,2379,2814,2558,2460,2550,1823,,,,2297,3380,2901,2210,2073,2003,1631,1030,0,0
2025,2025-10-10,Southbound,Heavy Vehicles,62,52,66,48,81,158,351,347,331,373,402,423,458,398,394,351,383,325,216,188,113,88,73,59,0,0
2025,2025-10-10,Southbound,Light Vehicles,422,272,208,172,325,799,2012,2753,2836,2687,2699,2655,2675,2682,3088,3189,3228,3323,2973,2406,1937,1707,1566,1061,0,0
2025,2025-10-10,Northbound,All Vehicles,366,202,168,231,551,1708,3490,2875,3246,3004,2880,2943,2053,,,,2464,3621,3092,2313,2197,2096,1710,1083,0,0
2025,2025-10-10,Southbound,All Vehicles,484,324,274,220,406,957,2363,3100,3167,3060,3101,3078,3133,3080,3482,3540,3611,3648,3189,2594,2050,1795,1639,1120,0,0
2025,2025-10-11,Southbound,Heavy Vehicles,57,39,29,46,32,75,148,189,199,211,241,219,232,227,218,199,209,202,131,128,83,74,63,71,0,0
2025,2025-10-11,Northbound,Light Vehicles,577,323,199,178,244,811,2105,2095,2285,2782,3069,3135,3299,3308,3291,3310,3077,2953,2718,2132,2412,2750,1751,1080,0,0
2025,2025-10-11,Northbound,Heavy Vehicles,46,29,26,29,40,117,301,332,261,231,215,182,178,166,188,183,143,146,127,101,108,113,84,38,0,0
2025,2025-10-11,Southbound,Light Vehicles,637,404,288,238,277,578,1324,1926,2267,2900,3229,3382,3350,3284,3270,3312,3390,3486,2914,2263,1835,1776,1707,1186,0,0
2025,2025-10-11,Southbound,All Vehicles,694,443,317,284,309,653,1472,2115,2466,3111,3470,3601,3582,3511,3488,3511,3599,3688,3045,2391,1918,1850,1770,1257,0,0
2025,2025-10-11,Northbound,All Vehicles,623,352,225,207,284,928,2406,2427,2546,3013,3284,3317,3477,3474,3479,3493,3220,3099,2845,2233,2520,2863,1835,1118,0,0
2025,2025-10-12,Southbound,Heavy Vehicles,42,24,19,18,17,25,53,82,102,116,159,155,138,126,145,151,,119,,75,,,76,58,0,0
2025,2025-10-12,Southbound,Light Vehicles,787,508,310,217,239,396,753,1180,1759,2554,3002,3176,3101,2936,3068,3056,,2842,,1751,,,1108,759,0,0
2025,2025-10-12,Northbound,Heavy Vehicles,35,24,15,11,16,37,88,117,137,137,148,147,146,150,150,111,,110,,92,100,,77,52,0,0
2025,2025-10-12,Northbound,Light Vehicles,710,400,241,187,180,415,877,1062,1593,2442,2738,2930,3142,3101,3343,3192,,2936,,1951,1682,,1115,1023,0,0
2025,2025-10-12,Southbound,All Vehicles,829,532,329,235,256,421,806,1262,1861,2670,3161,3331,3239,3062,3213,3207,,2961,,1826,,,1184,817,0,0
2025,2025-10-12,Northbound,All Vehicles,745,424,256,198,196,452,965,1179,1730,2579,2886,3077,3288,3251,3493,3303,,3046,,2043,1782,,1192,1075,0,0
2025,2025-10-13,Southbound,Light Vehicles,396,228,153,169,310,860,2288,3440,3345,2480,,2232,2324,2267,2783,3181,,3279,3011,2068,1543,1400,1086,583,0,0
2025,2025-10-13,Southbound,Heavy Vehicles,67,43,44,56,80,155,368,322,348,317,,411,392,413,433,413,,312,261,146,122,79,63,47,0,0
2025,2025-10-13,Southbound,All Vehicles,463,271,197,225,390,1015,2656,3762,3693,2797,,2643,2716,2680,3216,3594,,3591,3272,2214,1665,1479,1149,630,0,0
2025,2025-10-14,Southbound,Heavy Vehicles,47,57,41,52,81,157,358,312,311,344,378,415,415,355,439,417,333,279,281,184,113,100,79,68,0,0
2025,2025-10-14,Northbound,Heavy Vehicles,44,27,43,61,154,298,589,466,368,,389,374,335,249,325,300,275,194,,167,135,93,91,64,0,0
2025,2025-10-14,Southbound,Light Vehicles,329,193,174,182,300,845,2307,3416,3277,2807,2321,2279,2213,2055,2736,3007,3176,3209,3272,2501,1768,1592,1242,770,0,0
2025,2025-10-14,Northbound,Light Vehicles,266,152,108,161,420,1574,2923,3102,3210,,2261,2174,2056,1769,2569,2772,3374,3611,,2131,1737,1621,1227,1194,0,0
2025,2025-10-14,Southbound,All Vehicles,376,250,215,234,381,1002,2665,3728,3588,3151,2699,2694,2628,2410,3175,3424,3509,3488,3553,2685,1881,1692,1321,838,0,0
2025,2025-10-14,Northbound,All Vehicles,310,179,151,222,574,1872,3512,3568,3578,,2650,2548,2391,2018,2894,3072,3649,3805,,2298,1872,1714,1318,1258,0,0
2025,2025-10-15,Northbound,Light Vehicles,288,172,112,156,390,1547,3072,2958,3000,2856,2273,2197,2265,2379,2759,2772,3433,3516,2888,2142,1782,,1257,1135,0,0
2025,2025-10-15,Southbound,Light Vehicles,398,261,198,176,317,914,2250,3478,2911,2780,2358,2224,2319,2457,2832,2847,2974,3099,,2409,1844,,1284,762,0,0
2025,2025-10-15,Southbound,Heavy Vehicles,60,65,50,77,96,169,349,345,281,345,444,417,428,428,409,395,337,275,,191,139,,68,63,0,0
2025,2025-10-15,Northbound,Heavy Vehicles,56,31,52,68,155,300,598,514,367,494,449,382,396,331,307,281,246,243,179,153,116,,82,73,0,0
2025,2025-10-15,Northbound,All Vehicles,344,203,164,224,545,1847,3670,3472,3367,3350,2722,2579,2661,2710,3066,3053,3679,3759,3067,2295,1898,,1339,1208,0,0
2025,2025-10-15,Southbound,All Vehicles,458,326,248,253,413,1083,2599,3823,3192,3125,2802,2641,2747,2885,3241,3242,3311,3374,,2600,1983,,1352,825,0,0
2025,2025-10-16,Northbound,Light Vehicles,311,164,121,153,405,1556,3079,3016,3011,2666,2420,2293,2279,2434,2791,2840,3457,3453,2897,2132,2017,1756,,1220,0,0
2025,2025-10-16,Southbound,Light Vehicles,448,264,210,182,305,890,2271,2728,2700,2932,2374,2214,2393,2429,2783,2970,3094,3210,3394,2638,2055,1888,1321,852,0,0
2025,2025-10-16,Northbound,Heavy Vehicles,43,32,39,66,169,313,548,503,380,433,443,355,401,359,352,303,237,226,190,162,148,97,,73,0,0
2025,2025-10-16,Southbound,Heavy Vehicles,51,53,41,66,74,152,372,275,247,372,405,430,446,452,473,413,349,302,269,163,136,102,82,73,0,0
2025,2025-10-16,Northbound,All Vehicles,354,196,160,219,574,1869,3627,3519,3391,3099,2863,2648,2680,2793,3143,3143,3694,3679,3087,2294,2165,1853,,1293,0,0
2025,2025-10-16,Southbound,All Vehicles,499,317,251,248,379,1042,2643,3003,2947,3304,2779,2644,2839,2881,3256,3383,3443,3512,3663,2801,2191,1990,1403,925,0,0
2025,2025-10-17,Northbound,Heavy Vehicles,55,32,46,69,171,278,597,569,417,446,447,355,370,339,320,294,276,243,173,128,96,85,,50,0,0
2025,2025-10-17,Northbound,Light Vehicles,344,182,143,150,411,1532,3053,2891,2978,2607,2317,2432,2619,2785,3075,2963,3344,3281,2741,2101,1982,1807,,973,0,0
2025,2025-10-17,Southbound,Light Vehicles,496,285,201,212,325,871,2173,3161,3015,2770,2592,2523,2501,2503,2787,3109,3190,3238,3007,2289,1713,1656,,984,0,0
2025,2025-10-17,Southbound,Heavy Vehicles,59,47,67,66,87,169,355,335,343,352,432,437,381,410,403,388,350,327,231,170,113,88,,62,0,0
2025,2025-10-17,Northbound,All Vehicles,399,214,189,219,582,1810,3650,3460,3395,3053,2764,2787,2989,3124,3395,3257,3620,3524,2914,2229,2078,1892,,1023,0,0
2025,2025-10-17,Southbound,All Vehicles,555,332,268,278,412,1040,2528,3496,3358,3122,3024,2960,2882,2913,3190,3497,3540,3565,3238,2459,1826,1744,,1046,0,0
2025,2025-10-18,Northbound,Heavy Vehicles,36,27,24,28,52,126,341,347,260,248,212,,173,165,178,146,,,117,121,81,,54,57,0,0
2025,2025-10-18,Northbound,Light Vehicles,528,292,188,188,225,803,2169,2205,2621,3024,3254,,3430,3241,3513,3274,,,2925,2181,2073,,2037,1784,0,0
2025,2025-10-18,Southbound,Light Vehicles,685,412,297,227,275,647,1344,2218,2565,3054,3381,,3188,3293,3172,3430,3346,3250,3161,2391,1833,,1955,1494,0,0
2025,2025-10-18,Southbound,Heavy Vehicles,40,35,32,48,40,62,150,181,226,207,237,,228,213,215,208,167,193,169,116,80,,66,53,0,0
2025,2025-10-18,Northbound,All Vehicles,564,319,212,216,277,929,2510,2552,2881,3272,3466,,3603,3406,3691,3420,,,3042,2302,2154,,2091,1841,0,0
2025,2025-10-18,Southbound,All Vehicles,725,447,329,275,315,709,1494,2399,2791,3261,3618,,3416,3506,3387,3638,3513,3443,3330,2507,1913,,2021,1547,0,0
2025,2025-10-19,Southbound,Heavy Vehicles,38,15,21,19,24,26,55,76,109,129,162,123,137,139,152,143,144,,129,113,111,,70,60,0,0
2025,2025-10-19,Northbound,Light Vehicles,1065,454,246,178,161,414,836,1019,1654,2477,2888,3103,3252,3251,2877,3252,,2779,2836,2151,1942,,1184,645,0,0
2025,2025-10-19,Southbound,Light Vehicles,955,553,363,233,246,409,881,1296,1794,2548,3038,3238,3046,3062,2991,3254,3043,,2572,1999,1867,,1181,761,0,0
2025,2025-10-19,Northbound,Heavy Vehicles,45,27,13,15,15,42,71,109,132,117,163,136,145,149,130,146,,125,132,98,93,,71,48,0,0
2025,2025-10-19,Southbound,All Vehicles,993,568,384,252,270,435,936,1372,1903,2677,3200,3361,3183,3201,3143,3397,3187,,2701,2112,1978,,1251,821,0,0
2025,2025-10-19,Northbound,All Vehicles,1110,481,259,193,176,456,907,1128,1786,2594,3051,3239,3397,3400,3007,3398,,2904,2968,2249,2035,,1255,693,0,0
2025,2025-10-20,Southbound,Light Vehicles,376,235,174,150,306,837,2260,3303,3275,,2128,,2247,2348,2682,3152,3276,3265,2835,2107,1688,1448,,627,0,0
2025,2025-10-20,Southbound,Heavy Vehicles,51,51,54,58,88,160,353,333,312,,364,,410,417,481,400,325,272,256,156,114,97,,56,0,0
2025,2025-10-20,Southbound,All Vehicles,427,286,228,208,394,997,2613,3636,3587,,2492,,2657,2765,3163,3552,3601,3537,3091,2263,1802,1545,,683,0,0
2025,2025-10-21,Southbound,Light Vehicles,331,236,191,183,315,867,2357,3397,3269,2962,2408,2216,2274,2475,,2994,3115,3247,3271,2122,1752,1577,1148,,0,0
2025,2025-10-21,Northbound,Heavy Vehicles,49,33,43,65,171,317,569,466,366,473,427,406,407,358,,301,238,199,198,131,122,90,83,,0,0
2025,2025-10-21,Northbound,Light Vehicles,289,158,113,146,424,1693,3039,2816,3141,2688,2279,2257,2344,2390,,2865,3291,3659,2876,2053,1679,1535,1080,,0,0
2025,2025-10-21,Southbound,Heavy Vehicles,58,54,42,60,84,159,356,335,311,374,393,419,432,434,,393,343,326,267,161,118,89,73,,0,0
2025,2025-10-21,Southbound,All Vehicles,389,290,233,243,399,1026,2713,3732,3580,3336,2801,2635,2706,2909,,3387,3458,3573,3538,2283,1870,1666,1221,,0,0
2025,2025-10-21,Northbound,All Vehicles,338,191,156,211,595,2010,3608,3282,3507,3161,2706,2663,2751,2748,,3166,3529,3858,3074,2184,1801,1625,1163,,0,0
2025,2025-10-22,Southbound,Heavy Vehicles,46,61,45,68,105,176,366,314,325,,,457,436,422,440,397,338,298,249,156,123,102,,56,0,0
2025,2025-10-22,Southbound,Light Vehicles,364,239,192,171,332,915,2265,3416,3150,,,2273,2452,2537,2749,3046,3101,3222,3170,2104,1836,1592,,729,0,0
2025,2025-10-22,Northbound,Heavy Vehicles,54,33,43,60,179,315,629,548,332,,,368,340,273,318,241,248,237,148,98,126,100,,58,0,0
2025,2025-10-22,Northbound,Light Vehicles,308,177,118,140,432,1572,3015,3057,3070,,,2226,2266,2170,2631,2833,3291,3597,2667,1771,1741,1741,,619,0,0
2025,2025-10-22,Southbound,All Vehicles,410,300,237,239,437,1091,2631,3730,3475,,,2730,2888,2959,3189,3443,3439,3520,3419,2260,1959,1694,,785,0,0
2025,2025-10-22,Northbound,All Vehicles,362,210,161,200,611,1887,3644,3605,3402,,,2594,2606,2443,2949,3074,3539,3834,2815,1869,1867,1841,,677,0,0
2025,2025-10-23,Southbound,Heavy Vehicles,66,51,56,56,84,164,356,323,287,362,404,409,450,445,402,435,360,320,,174,112,102,75,67,0,0
2025,2025-10-23,Southbound,Light Vehicles,430,241,203,192,289,907,2371,3433,3078,3053,2448,2342,2348,2525,2695,3075,3131,3162,,2426,1982,1890,1345,758,0,0
2025,2025-10-23,Northbound,Heavy Vehicles,60,31,40,60,172,313,505,412,394,420,428,360,377,355,307,282,265,218,232,141,140,96,69,46,0,0
2025,2025-10-23,Northbound,Light Vehicles,277,173,113,168,381,1556,2727,2509,3138,2511,2429,2210,2409,2537,2811,2974,3193,3538,3170,2188,1982,1774,1291,725,0,0
2025,2025-10-23,Southbound,All Vehicles,496,292,259,248,373,1071,2727,3756,3365,3415,2852,2751,2798,2970,3097,3510,3491,3482,,2600,2094,1992,1420,825,0,0
2025,2025-10-23,Northbound,All Vehicles,337,204,153,228,553,1869,3232,2921,3532,2931,2857,2570,2786,2892,3118,3256,3458,3756,3402,2329,2122,1870,1360,771,0,0
2025,2025-10-24,Southbound,Light Vehicles,462,287,202,197,315,914,2283,3339,3027,2771,2472,2534,2627,2552,2847,3043,3077,3134,3288,2423,,1718,1596,992,0,0
2025,2025-10-24,Northbound,Light Vehicles,331,184,138,171,409,1543,3000,2925,2963,2509,2360,2459,2483,2730,2979,2949,3353,3524,3019,2303,,2030,1562,936,0,0
2025,2025-10-24,Northbound,Heavy Vehicles,65,47,44,46,179,296,643,535,432,458,427,395,395,390,325,285,267,255,195,139,,105,86,56,0,0
2025,2025-10-24,Southbound,Heavy Vehicles,55,64,51,68,90,204,387,326,352,371,398,468,454,410,439,413,390,302,253,160,,88,74,52,0,0
2025,2025-10-24,Southbound,All Vehicles,517,351,253,265,405,1118,2670,3665,3379,3142,2870,3002,3081,2962,3286,3456,3467,3436,3541,2583,,1806,1670,1044,0,0
2025,2025-10-24,Northbound,All Vehicles,396,231,182,217,588,1839,3643,3460,3395,2967,2787,2854,2878,3120,3304,3234,3620,3779,3214,2442,,2135,1648,992,0,0
2025,2025-10-25,Northbound,Light Vehicles,516,351,160,165,280,881,2188,2257,2756,3255,3196,,3368,,3449,3299,3068,2363,2079,1849,1675,,1242,1014,0,0
2025,2025-10-25,Northbound,Heavy Vehicles,32,35,19,36,63,147,399,369,339,250,254,,197,,198,189,187,94,87,79,79,,39,49,0,0
2025,2025-10-25,Southbound,Heavy Vehicles,33,41,32,30,52,91,185,206,243,247,243,205,237,254,221,222,242,,188,143,117,106,79,78,0,0
2025,2025-10-25,Southbound,Light Vehicles,693,452,316,247,313,664,1386,2221,2618,3085,3070,2943,2796,2904,3146,3193,3042,,2964,2225,1727,1877,1727,1360,0,0
2025,2025-10-25,Northbound,All Vehicles,548,386,179,201,343,1028,2587,2626,3095,3505,3450,,3565,,3647,3488,3255,2457,2166,1928,1754,,1281,1063,0,0
2025,2025-10-25,Southbound,All Vehicles,726,493,348,277,365,755,1571,2427,2861,3332,3313,3148,3033,3158,3367,3415,3284,,3152,2368,1844,1983,1806,1438,0,0
2025,2025-10-26,Southbound,Light Vehicles,806,508,346,278,248,418,895,1207,1864,2548,2974,3159,3164,3007,3040,3174,2931,,2465,1915,1819,1623,1207,731,0,0
2025,2025-10-26,Southbound,Heavy Vehicles,52,43,22,25,22,34,88,97,120,140,134,155,139,163,162,176,139,,135,134,117,119,103,68,0,0
2025,2025-10-26,Northbound,Heavy Vehicles,4,20,4,4,,,2,70,94,97,81,152,157,144,159,148,184,,,,45,56,24,60,0,0
2025,2025-10-26,Northbound,Light Vehicles,79,239,68,23,2,15,30,670,1427,2218,2390,3022,3192,3460,3292,3245,3071,,,,907,1023,315,585,0,0
2025,2025-10-26,Southbound,All Vehicles,858,551,368,303,270,452,983,1304,1984,2688,3108,3314,3303,3170,3202,3350,3070,,2600,2049,1936,1742,1310,799,0,0
2025,2025-10-26,Northbound,All Vehicles,83,259,72,27,2,15,32,740,1521,2315,2471,3174,3349,3604,3451,3393,3255,,,,952,1079,339,645,0,0
2025,2025-10-27,Northbound,Light Vehicles,348,184,114,166,127,,1849,2806,3020,2462,2188,1840,2226,2327,2407,2859,1463,3185,2241,629,453,,729,455,0,0
2025,2025-10-27,Southbound,Heavy Vehicles,59,56,51,44,90,164,358,297,307,395,392,455,435,478,441,382,329,277,208,149,104,71,66,46,0,0
2025,2025-10-27,Southbound,Light Vehicles,432,226,148,134,284,915,2278,3131,3019,2636,2222,2220,2219,2337,2691,2882,2863,2866,2446,1857,1642,1270,989,547,0,0
2025,2025-10-27,Northbound,Heavy Vehicles,44,31,42,48,64,,304,427,410,454,418,236,402,329,283,294,109,165,151,39,29,,45,49,0,0
2025,2025-10-27,Northbound,All Vehicles,392,215,156,214,191,,2153,3233,3430,2916,2606,2076,2628,2656,2690,3153,1572,3350,2392,668,482,,774,504,0,0
2025,2025-10-27,Southbound,All Vehicles,491,282,199,178,374,1079,2636,3428,3326,3031,2614,2675,2654,2815,3132,3264,3192,3143,2654,2006,1746,1341,1055,593,0,0
2025,2025-10-28,Northbound,Heavy Vehicles,39,39,64,50,176,303,645,486,394,433,434,395,,353,262,299,261,248,226,137,,104,,48,0,0
2025,2025-10-28,Southbound,Light Vehicles,359,222,184,188,308,888,2373,3409,3194,2929,2334,2239,2314,2414,2805,2838,3087,3319,3155,2134,,1587,,,0,0
2025,2025-10-28,Northbound,Light Vehicles,250,151,119,154,412,1583,3060,3040,3027,2683,2232,2049,,2376,2097,2793,3158,3620,2826,2003,,1519,,483,0,0
2025,2025-10-28,Southbound,Heavy Vehicles,47,46,52,48,92,165,343,326,325,402,408,423,460,423,484,365,344,312,276,167,,103,,,0,0
2025,2025-10-28,Northbound,All Vehicles,289,190,183,204,588,1886,3705,3526,3421,3116,2666,2444,,2729,2359,3092,3419,3868,3052,2140,,1623,,531,0,0
2025,2025-10-28,Southbound,All Vehicles,406,268,236,236,400,1053,2716,3735,3519,3331,2742,2662,2774,2837,3289,3203,3431,3631,3431,2301,,1690,,,0,0
2025,2025-10-29,Southbound,Light Vehicles,367,248,190,171,321,911,2244,3324,3113,2906,2439,2432,2343,2413,2722,2971,3026,3185,2958,2054,1673,,1209,702,0,0
2025,2025-10-29,Northbound,Heavy Vehicles,33,41,48,51,155,298,614,522,363,376,397,372,340,296,267,271,245,218,188,131,109,,64,63,0,0
2025,2025-10-29,Southbound,Heavy Vehicles,46,41,42,61,92,183,321,320,301,371,377,406,380,373,405,374,312,270,240,160,96,,61,52,0,0
2025,2025-10-29,Northbound,Light Vehicles,282,155,114,156,409,1513,2972,2978,2852,2288,2213,2129,2233,2354,2646,2818,3295,3523,2831,1941,1607,,1104,511,0,0
2025,2025-10-29,Southbound,All Vehicles,413,289,232,232,413,1094,2565,3644,3414,3277,2816,2838,2723,2786,3127,3345,3338,3455,3198,2214,1769,,1270,754,0,0
2025,2025-10-29,Northbound,All Vehicles,315,196,162,207,564,1811,3586,3500,3215,2664,2610,2501,2573,2650,2913,3089,3540,3741,3019,2072,1716,,1168,574,0,0
2025,2025-10-30,Southbound,Heavy Vehicles,44,50,58,51,83,172,360,322,308,373,356,415,445,395,471,424,283,348,259,173,121,113,79,61,0,0
2025,2025-10-30,Northbound,Heavy Vehicles,34,44,49,57,156,303,607,546,349,395,344,438,379,293,300,320,254,261,222,164,131,112,73,66,0,0
2025,2025-10-30,Northbound,Light Vehicles,291,174,134,158,386,1537,2962,3020,2504,2399,1933,2189,2282,1925,2679,2844,3017,3616,3003,2172,2028,1918,1319,623,0,0
2025,2025-10-30,Southbound,Light Vehicles,385,237,185,187,281,920,2220,3385,3187,2732,2296,2374,2292,2397,2784,3145,2191,3199,3178,2361,2005,1922,1354,837,0,0
2025,2025-10-30,Southbound,All Vehicles,429,287,243,238,364,1092,2580,3707,3495,3105,2652,2789,2737,2792,3255,3569,2474,3547,3437,2534,2126,2035,1433,898,0,0
2025,2025-10-30,Northbound,All Vehicles,325,218,183,215,542,1840,3569,3566,2853,2794,2277,2627,2661,2218,2979,3164,3271,3877,3225,2336,2159,2030,1392,689,0,0
2025,2025-10-31,Northbound,Heavy Vehicles,44,23,8,,74,237,291,435,402,340,293,253,278,108,310,268,282,272,191,139,116,95,88,57,0,0
2025,2025-10-31,Southbound,Light Vehicles,465,297,204,213,332,922,2212,3202,2940,2776,2566,2504,2586,2670,2946,3109,3070,3285,3267,1964,1716,1772,1608,1092,0,0
2025,2025-10-31,Northbound,Light Vehicles,316,129,19,,203,1317,1578,2290,2824,1922,1583,1400,2050,935,2760,2929,3452,3503,2685,2335,2026,1876,1565,1017,0,0
2025,2025-10-31,Southbound,Heavy Vehicles,60,56,50,58,90,190,390,335,337,355,425,451,418,387,429,405,373,323,251,132,93,91,71,35,0,0
2025,2025-10-31,Northbound,All Vehicles,360,152,27,,277,1554,1869,2725,3226,2262,1876,1653,2328,1043,3070,3197,3734,3775,2876,2474,2142,1971,1653,1074,0,0
2025,2025-10-31,Southbound,All Vehicles,525,353,254,271,422,1112,2602,3537,3277,3131,2991,2955,3004,3057,3375,3514,3443,3608,3518,2096,1809,1863,1679,1127,0,0
2025,2025-11-01,Northbound,Light Vehicles,653,373,287,220,254,822,2118,2143,2465,2977,3298,3371,3410,3534,,3466,3494,3034,3027,,1972,1898,2188,1182,0,0
2025,2025-11-01,Northbound,Heavy Vehicles,35,21,23,25,44,134,364,337,264,239,223,214,218,179,,171,176,124,120,,106,86,73,47,0,0
2025,2025-11-01,Southbound,Heavy Vehicles,37,36,23,25,30,59,145,168,209,189,229,232,225,228,188,194,183,184,131,,82,68,56,63,0,0
2025,2025-11-01,Southbound,Light Vehicles,736,505,337,279,319,660,1409,2371,2667,3095,3350,3441,3353,3367,3245,3382,3326,3373,3211,,1859,1929,1878,1265,0,0
2025,2025-11-01,Northbound,All Vehicles,688,394,310,245,298,956,2482,2480,2729,3216,3521,3585,3628,3713,,3637,3670,3158,3147,,2078,1984,2261,1229,0,0
2025,2025-11-01,Southbound,All Vehicles,773,541,360,304,349,719,1554,2539,2876,3284,3579,3673,3578,3595,3433,3576,3509,3557,3342,,1941,1997,1934,1328,0,0
2025,2025-11-02,Southbound,Heavy Vehicles,40,31,29,12,18,30,58,73,109,147,130,149,145,144,129,156,155,122,126,126,87,95,72,61,0,0
2025,2025-11-02,Southbound,Light Vehicles,841,534,391,300,263,437,775,1229,1958,2743,3065,3290,3361,2997,3088,3174,3057,3342,2669,2115,1899,1705,1392,815,0,0
2025,2025-11-02,Southbound,All Vehicles,881,565,420,312,281,467,833,1302,2067,2890,3195,3439,3506,3141,3217,3330,3212,3464,2795,2241,1986,1800,1464,876,0,0
2025,2025-11-03,Southbound,Heavy Vehicles,54,58,45,52,96,149,362,311,313,342,,437,404,453,434,390,363,304,104,99,100,,47,41,0,0
2025,2025-11-03,Southbound,Light Vehicles,418,231,157,171,280,951,2293,3401,3360,2733,,2277,2220,2309,2688,3193,3196,3245,1236,1719,1510,,958,572,0,0
2025,2025-11-03,Southbound,All Vehicles,472,289,202,223,376,1100,2655,3712,3673,3075,,2714,2624,2762,3122,3583,3559,3549,1340,1818,1610,,1005,613,0,0
2025,2025-11-04,Southbound,Light Vehicles,345,197,127,153,281,896,2342,3272,3226,2930,2270,2274,2285,2351,2809,3036,3130,3194,3242,2290,1842,,,719,0,0
2025,2025-11-04,Northbound,Heavy Vehicles,51,31,48,59,153,279,575,498,385,437,414,428,335,336,270,262,226,215,192,131,129,,89,,0,0
2025,2025-11-04,Southbound,Heavy Vehicles,48,50,39,43,76,153,353,357,276,367,407,410,424,404,446,391,338,310,252,158,134,,,73,0,0
2025,2025-11-04,Northbound,Light Vehicles,265,158,128,148,386,1495,3127,3108,3070,2444,2243,2169,2220,2143,2296,2803,3235,3528,2902,2117,1851,,1329,,0,0
2025,2025-11-04,Southbound,All Vehicles,393,247,166,196,357,1049,2695,3629,3502,3297,2677,2684,2709,2755,3255,3427,3468,3504,3494,2448,1976,,,792,0,0
2025,2025-11-04,Northbound,All Vehicles,316,189,176,207,539,1774,3702,3606,3455,2881,2657,2597,2555,2479,2566,3065,3461,3743,3094,2248,1980,,1418,,0,0
2025,2025-11-05,Southbound,Light Vehicles,399,298,190,205,334,975,2338,3373,3161,2780,2282,2372,2252,2404,2746,3047,3166,3149,3248,2315,1925,1669,,703,0,0
2025,2025-11-05,Northbound,Light Vehicles,334,175,111,161,429,1422,3077,2978,3100,2623,2305,,2209,2399,2685,2967,3366,3540,3019,2105,1891,1700,,,0,0
2025,2025-11-05,Northbound,Heavy Vehicles,50,44,50,59,165,242,611,542,370,449,423,,343,348,339,269,241,226,189,148,134,97,,,0,0
2025,2025-11-05,Southbound,Heavy Vehicles,45,59,56,57,111,196,364,345,302,377,410,435,380,447,442,434,339,304,253,157,123,84,,55,0,0
2025,2025-11-05,Southbound,All Vehicles,444,357,246,262,445,1171,2702,3718,3463,3157,2692,2807,2632,2851,3188,3481,3505,3453,3501,2472,2048,1753,,758,0,0
2025,2025-11-05,Northbound,All Vehicles,384,219,161,220,594,1664,3688,3520,3470,3072,2728,,2552,2747,3024,3236,3607,3766,3208,2253,2025,1797,,,0,0
2025,2025-11-06,Northbound,Heavy Vehicles,51,41,55,70,168,317,619,521,445,449,409,417,335,375,351,287,267,255,225,144,123,114,79,53,0,0
2025,2025-11-06,Southbound,Light Vehicles,384,258,213,203,312,943,2395,3328,3203,2768,2306,,2257,2490,2830,3105,3060,3278,3134,2430,2030,1827,1359,810,0,0
2025,2025-11-06,Northbound,Light Vehicles,324,196,127,134,451,1566,3074,3047,2946,2662,2279,2314,2295,2597,2821,2913,3336,3510,3005,2290,2090,1790,1245,552,0,0
2025,2025-11-06,Southbound,Heavy Vehicles,59,62,61,69,78,173,381,345,324,373,454,,444,403,467,371,416,298,264,174,138,93,76,63,0,0
2025,2025-11-06,Northbound,All Vehicles,375,237,182,204,619,1883,3693,3568,3391,3111,2688,2731,2630,2972,3172,3200,3603,3765,3230,2434,2213,1904,1324,605,0,0
2025,2025-11-06,Southbound,All Vehicles,443,320,274,272,390,1116,2776,3673,3527,3141,2760,,2701,2893,3297,3476,3476,3576,3398,2604,2168,1920,1435,873,0,0
2025,2025-11-07,Southbound,Heavy Vehicles,54,68,41,74,99,180,397,374,328,366,398,426,428,417,426,400,337,343,264,266,88,103,84,72,0,0
2025,2025-11-07,Northbound,Light Vehicles,119,77,121,179,394,1564,3077,2848,2861,2548,2377,2416,2574,2787,2948,2999,3227,3205,2962,2265,2189,1989,1662,2018,0,0
2025,2025-11-07,Southbound,Light Vehicles,487,270,218,201,331,898,2140,3156,3002,2756,2492,2677,2654,2673,2973,3010,3231,3116,3206,2773,1970,1858,1804,1279,0,0
2025,2025-11-07,Northbound,Heavy Vehicles,13,22,40,63,178,284,637,517,440,458,443,407,360,354,318,304,249,224,244,143,117,103,74,158,0,0
2025,2025-11-07,Southbound,All Vehicles,541,338,259,275,430,1078,2537,3530,3330,3122,2890,3103,3082,3090,3399,3410,3568,3459,3470,3039,2058,1961,1888,1351,0,0
2025,2025-11-07,Northbound,All Vehicles,132,99,161,242,572,1848,3714,3365,3301,3006,2820,2823,2934,3141,3266,3303,3476,3429,3206,2408,2306,2092,1736,2176,0,0
2025,2025-11-08,Southbound,Heavy Vehicles,43,38,30,44,43,83,158,190,216,202,263,237,231,,211,193,218,243,217,133,90,96,79,,0,0
2025,2025-11-08,Northbound,Heavy Vehicles,78,25,28,25,47,123,379,367,257,221,246,202,177,,167,165,145,180,158,95,100,94,75,151,0,0
2025,2025-11-08,Northbound,Light Vehicles,1328,400,236,171,240,856,2239,2289,2595,3040,3260,3247,3294,,3490,3445,3446,3133,2855,2300,2170,2045,1646,1991,0,0
2025,2025-11-08,Southbound,Light Vehicles,894,574,379,316,284,677,1425,2206,2638,3230,3504,3402,3280,,3180,3319,3544,3619,3457,2344,1829,1917,1870,,0,0
2025,2025-11-08,Southbound,All Vehicles,937,612,409,360,327,760,1583,2396,2854,3432,3767,3639,3511,,3391,3512,3762,3862,3674,2477,1919,2013,1949,,0,0
2025,2025-11-08,Northbound,All Vehicles,1406,425,264,196,287,979,2618,2656,2852,3261,3506,3449,3471,,3657,3610,3591,3313,3013,2395,2270,2139,1721,2142,0,0
2025,2025-11-09,Southbound,Heavy Vehicles,41,35,19,19,14,27,61,79,123,138,131,175,156,153,131,146,147,145,141,103,95,77,77,41,0,0
2025,2025-11-09,Southbound,Light Vehicles,995,577,443,284,238,446,813,1349,2001,2722,3166,3321,3284,2960,2865,3237,3006,3120,2648,1948,1815,1670,1202,713,0,0
2025,2025-11-09,Northbound,Heavy Vehicles,55,26,15,11,32,38,83,121,133,128,160,139,,146,158,118,133,132,119,116,88,71,73,34,0,0
2025,2025-11-09,Northbound,Light Vehicles,1291,457,256,183,194,436,875,1124,1637,2433,2965,3137,,3359,3543,3535,3284,2988,2717,2322,1945,1720,1245,602,0,0
2025,2025-11-09,Southbound,All Vehicles,1036,612,462,303,252,473,874,1428,2124,2860,3297,3496,3440,3113,2996,3383,3153,3265,2789,2051,1910,1747,1279,754,0,0
2025,2025-11-09,Northbound,All Vehicles,1346,483,271,194,226,474,958,1245,1770,2561,3125,3276,,3505,3701,3653,3417,3120,2836,2438,2033,1791,1318,636,0,0
2025,2025-11-10,Southbound,Light Vehicles,448,238,171,152,312,907,2334,3283,3156,2729,2175,2130,2311,2277,2741,3091,3107,3359,,2320,1750,1473,1231,,0,0
2025,2025-11-10,Southbound,Heavy Vehicles,43,41,46,52,103,164,339,298,297,380,370,398,425,388,473,393,323,290,,178,107,97,57,,0,0
2025,2025-11-10,Southbound,All Vehicles,491,279,217,204,415,1071,2673,3581,3453,3109,2545,2528,2736,2665,3214,3484,3430,3649,,2498,1857,1570,1288,,0,0
2025,2025-11-11,Northbound,Heavy Vehicles,41,27,42,62,163,297,572,504,375,478,412,427,385,383,238,310,257,221,209,155,129,106,,,0,0
2025,2025-11-11,Northbound,Light Vehicles,283,163,119,155,422,1617,3115,3025,3123,2621,2194,2151,2263,2438,1858,2716,3538,3494,3083,2061,1835,1645,,,0,0
2025,2025-11-11,Southbound,Heavy Vehicles,46,51,42,52,80,165,383,313,356,347,428,401,434,459,434,403,371,297,272,166,123,108,,,0,0
2025,2025-11-11,Southbound,Light Vehicles,359,245,188,186,312,946,2373,3413,3322,2797,2433,2291,2298,2444,2772,3055,3165,3190,3173,2243,1818,1646,,,0,0
2025,2025-11-11,Northbound,All Vehicles,324,190,161,217,585,1914,3687,3529,3498,3099,2606,2578,2648,2821,2096,3026,3795,3715,3292,2216,1964,1751,,,0,0
2025,2025-11-11,Southbound,All Vehicles,405,296,230,238,392,1111,2756,3726,3678,3144,2861,2692,2732,2903,3206,3458,3536,3487,3445,2409,1941,1754,,,0,0
2025,2025-11-12,Southbound,Heavy Vehicles,53,70,43,64,99,175,379,335,323,325,418,410,414,465,483,396,348,292,286,184,134,81,76,55,0,0
2025,2025-11-12,Southbound,Light Vehicles,391,253,202,183,328,966,2392,3368,3140,2942,2384,2387,2411,2367,2850,2942,3118,3130,3190,2230,1872,1677,1362,783,0,0
2025,2025-11-12,Northbound,Light Vehicles,287,174,122,149,420,1618,3057,3015,3192,2787,2262,2203,2252,2519,2748,2824,3346,3566,3182,2109,1816,1711,1246,623,0,0
2025,2025-11-12,Northbound,Heavy Vehicles,46,37,49,61,173,282,595,548,396,463,458,380,405,338,332,282,261,231,206,159,128,109,72,51,0,0
2025,2025-11-12,Southbound,All Vehicles,444,323,245,247,427,1141,2771,3703,3463,3267,2802,2797,2825,2832,3333,3338,3466,3422,3476,2414,2006,1758,1438,838,0,0
2025,2025-11-12,Northbound,All Vehicles,333,211,171,210,593,1900,3652,3563,3588,3250,2720,2583,2657,2857,3080,3106,3607,3797,3388,2268,1944,1820,1318,674,0,0
2025,2025-11-13,Northbound,Heavy Vehicles,40,34,47,67,168,320,630,520,413,,,,366,362,351,310,271,246,228,147,140,96,,50,0,0
2025,2025-11-13,Northbound,Light Vehicles,311,217,138,163,438,1670,2948,2966,2965,,,,2251,2600,2900,2941,3425,3667,3177,2235,2022,1769,,672,0,0
2025,2025-11-13,Northbound,All Vehicles,351,251,185,230,606,1990,3578,3486,3378,,,,2617,2962,3251,3251,3696,3913,3405,2382,2162,1865,,722,0,0
2025,2025-11-14,Northbound,Light Vehicles,320,181,141,167,398,1579,3009,2914,2915,,2316,2472,2574,2807,3026,3208,3362,3517,3006,2329,2108,1964,1732,1070,0,0
2025,2025-11-14,Southbound,Heavy Vehicles,,,,,,,,,108,387,460,426,464,431,422,380,350,322,265,205,107,92,68,56,0,0
2025,2025-11-14,Southbound,Light Vehicles,,,,,,,,,959,2804,2665,2542,2684,2651,2903,2948,3129,3231,3272,2392,1781,1851,1669,1092,0,0
2025,2025-11-14,Northbound,Heavy Vehicles,57,39,45,63,183,321,631,545,408,,427,453,390,375,333,297,250,231,219,145,129,86,76,53,0,0
2025,2025-11-14,Northbound,All Vehicles,377,220,186,230,581,1900,3640,3459,3323,,2743,2925,2964,3182,3359,3505,3612,3748,3225,2474,2237,2050,1808,1123,0,0
2025,2025-11-14,Southbound,All Vehicles,,,,,,,,,1067,3191,3125,2968,3148,3082,3325,3328,3479,3553,3537,2597,1888,1943,1737,1148,0,0
2025,2025-11-15,Northbound,Light Vehicles,593,331,219,161,242,878,2300,2212,2671,3132,3272,3384,3525,3512,3444,3154,2635,3100,2855,2204,2010,2092,1809,2411,0,0
2025,2025-11-15,Northbound,Heavy Vehicles,41,30,28,23,54,135,371,360,274,245,217,193,196,163,152,142,112,145,163,113,92,89,83,181,0,0
2025,2025-11-15,Southbound,Light Vehicles,7,4,3,,2,2,12,19,40,101,172,254,259,341,235,226,,,,,,,,,0,0
2025,2025-11-15,Southbound,Heavy Vehicles,,,,,,1,,1,6,2,7,8,14,16,7,9,,,,,,,,,0,0
2025,2025-11-15,Northbound,All Vehicles,634,361,247,184,296,1013,2671,2572,2945,3377,3489,3577,3721,3675,3596,3296,2747,3245,3018,2317,2102,2181,1892,2592,0,0
2025,2025-11-15,Southbound,All Vehicles,7,4,3,,2,3,12,20,46,103,179,262,273,357,242,235,,,,,,,,,0,0
2025,2025-11-16,Northbound,Light Vehicles,1674,491,249,182,151,399,898,1072,1715,2520,2862,3275,3234,3350,3348,3295,3130,2982,2702,,1995,1731,1159,654,0,0
2025,2025-11-16,Northbound,Heavy Vehicles,99,34,17,16,26,32,86,109,152,150,153,156,149,156,157,128,129,135,118,,100,81,62,47,0,0
2025,2025-11-16,Northbound,All Vehicles,1773,525,266,198,177,431,984,1181,1867,2670,3015,3431,3383,3506,3505,3423,3259,3117,2820,,2095,1812,1221,701,0,0
2025,2025-11-17,Southbound,Light Vehicles,373,243,193,181,315,822,2084,2617,3277,2647,2297,2298,2229,2460,2842,3214,3293,3329,3030,1977,1769,1444,1203,624,0,0
2025,2025-11-17,Southbound,Heavy Vehicles,48,61,30,47,92,146,294,241,337,372,366,414,470,434,428,417,343,320,262,173,131,93,66,46,0,0
2025,2025-11-17,Southbound,All Vehicles,421,304,223,228,407,968,2378,2858,3614,3019,2663,2712,2699,2894,3270,3631,3636,3649,3292,2150,1900,1537,1269,670,0,0
2025,2025-11-18,Northbound,Light Vehicles,249,160,118,166,403,1618,3136,2752,2987,2608,2294,2227,2197,2418,2753,2864,3430,3687,3047,,1828,1751,,1006,0,0
2025,2025-11-18,Southbound,Heavy Vehicles,32,53,47,54,65,170,380,349,312,428,399,443,410,408,428,375,359,325,216,209,145,99,71,61,0,0
2025,2025-11-18,Northbound,Heavy Vehicles,46,25,45,55,155,302,577,420,394,422,437,409,385,352,335,269,243,234,181,,127,100,,69,0,0
2025,2025-11-18,Southbound,Light Vehicles,315,204,182,174,317,921,2417,3428,3353,3000,2345,2267,2306,2497,2874,3004,3180,3166,2952,2705,1792,1594,1358,756,0,0
2025,2025-11-18,Northbound,All Vehicles,295,185,163,221,558,1920,3713,3172,3381,3030,2731,2636,2582,2770,3088,3133,3673,3921,3228,,1955,1851,,1075,0,0
2025,2025-11-18,Southbound,All Vehicles,347,257,229,228,382,1091,2797,3777,3665,3428,2744,2710,2716,2905,3302,3379,3539,3491,3168,2914,1937,1693,1429,817,0,0
2025,2025-11-19,Northbound,Heavy Vehicles,41,46,52,59,180,308,550,521,367,448,464,404,394,289,279,254,261,240,223,166,145,,73,62,0,0
2025,2025-11-19,Southbound,Light Vehicles,422,275,197,174,329,937,2390,3513,3255,2894,2397,2426,2386,2412,2809,2983,3182,3093,3089,2213,1868,1695,1303,797,0,0
2025,2025-11-19,Southbound,Heavy Vehicles,50,63,45,58,94,193,415,335,352,391,407,422,406,428,456,427,345,289,289,152,129,104,81,63,0,0
2025,2025-11-19,Northbound,Light Vehicles,332,200,126,168,420,1606,2923,2871,3128,2618,2311,2241,2377,1949,2489,2918,3512,3594,3124,2089,1819,,1298,644,0,0
2025,2025-11-19,Northbound,All Vehicles,373,246,178,227,600,1914,3473,3392,3495,3066,2775,2645,2771,2238,2768,3172,3773,3834,3347,2255,1964,,1371,706,0,0
2025,2025-11-19,Southbound,All Vehicles,472,338,242,232,423,1130,2805,3848,3607,3285,2804,2848,2792,2840,3265,3410,3527,3382,3378,2365,1997,1799,1384,860,0,0
2025,2025-11-20,Northbound,Light Vehicles,325,180,115,162,429,1560,2577,3067,3051,2634,2279,2244,,2626,2714,2920,3307,3544,3066,,2022,,1378,,0,0
2025,2025-11-20,Northbound,Heavy Vehicles,52,27,53,67,164,291,469,582,444,483,471,428,,377,285,296,265,254,197,,122,,89,,0,0
2025,2025-11-20,Southbound,Heavy Vehicles,60,66,63,69,67,193,378,323,362,363,433,445,,410,446,422,391,301,281,,131,,,,0,0
2025,2025-11-20,Southbound,Light Vehicles,447,266,209,198,326,995,2409,3420,3210,2810,2390,2399,,2445,2929,3028,3041,3176,3309,,2009,,,,0,0
2025,2025-11-20,Northbound,All Vehicles,377,207,168,229,593,1851,3046,3649,3495,3117,2750,2672,,3003,2999,3216,3572,3798,3263,,2144,,1467,,0,0
2025,2025-11-20,Southbound,All Vehicles,507,332,272,267,393,1188,2787,3743,3572,3173,2823,2844,,2855,3375,3450,3432,3477,3590,,2140,,,,0,0
2025,2025-11-21,Northbound,Light Vehicles,384,208,147,175,403,1559,2882,2811,2895,2618,2381,2448,2668,2788,3066,2915,3206,3383,2771,2319,2085,1785,1771,2138,0,0
2025,2025-11-21,Northbound,Heavy Vehicles,52,39,57,65,163,302,578,537,435,455,406,449,379,372,286,273,261,228,201,141,119,90,97,198,0,0
2025,2025-11-21,Southbound,Heavy Vehicles,50,73,57,64,92,186,355,336,347,358,420,450,427,431,384,370,,315,266,278,125,,,61,0,0
2025,2025-11-21,Southbound,Light Vehicles,573,326,231,180,330,926,2199,3105,3084,2827,2641,2727,2743,2816,2746,2975,,3217,3368,3054,1820,,,1295,0,0
2025,2025-11-21,Northbound,All Vehicles,436,247,204,240,566,1861,3460,3348,3330,3073,2787,2897,3047,3160,3352,3188,3467,3611,2972,2460,2204,1875,1868,2336,0,0
2025,2025-11-21,Southbound,All Vehicles,623,399,288,244,422,1112,2554,3441,3431,3185,3061,3177,3170,3247,3130,3345,,3532,3634,3332,1945,,,1356,0,0
2025,2025-11-22,Southbound,Heavy Vehicles,53,42,36,38,35,78,162,200,211,229,230,208,225,224,,177,150,,160,100,78,74,34,51,0,0
2025,2025-11-22,Northbound,Light Vehicles,1328,363,225,173,238,803,2141,2225,2589,3019,2939,3092,3279,3096,,3163,3279,,,2223,2038,1817,1548,1694,0,0
2025,2025-11-22,Northbound,Heavy Vehicles,86,24,31,36,65,118,379,330,258,241,214,166,177,177,,149,177,,,98,68,66,57,54,0,0
2025,2025-11-22,Southbound,Light Vehicles,893,503,311,285,292,656,1333,2009,2451,3161,3313,3200,3248,3053,,3042,2900,,3214,2243,1697,1567,1564,1336,0,0
2025,2025-11-22,Southbound,All Vehicles,946,545,347,323,327,734,1495,2209,2662,3390,3543,3408,3473,3277,,3219,3050,,3374,2343,1775,1641,1598,1387,0,0
2025,2025-11-22,Northbound,All Vehicles,1414,387,256,209,303,921,2520,2555,2847,3260,3153,3258,3456,3273,,3312,3456,,,2321,2106,1883,1605,1748,0,0
2025,2025-11-23,Northbound,Light Vehicles,818,441,246,151,181,420,845,917,1492,2301,2703,2972,3012,3191,,3235,3034,2971,2716,2096,1999,1859,1266,670,0,0
2025,2025-11-23,Southbound,Light Vehicles,817,505,337,264,225,341,652,931,1690,2644,3076,3456,3422,3124,3134,3139,3103,3158,2681,2109,1917,1740,1371,740,0,0
2025,2025-11-23,Northbound,Heavy Vehicles,30,12,11,10,25,23,73,74,125,147,133,138,119,150,,146,130,122,134,103,98,72,67,58,0,0
2025,2025-11-23,Southbound,Heavy Vehicles,42,24,23,20,11,23,47,63,91,130,148,141,156,149,152,137,126,145,109,111,94,92,64,67,0,0
2025,2025-11-23,Northbound,All Vehicles,848,453,257,161,206,443,918,991,1617,2448,2836,3110,3131,3341,,3381,3164,3093,2850,2199,2097,1931,1333,728,0,0
2025,2025-11-23,Southbound,All Vehicles,859,529,360,284,236,364,699,994,1781,2774,3224,3597,3578,3273,3286,3276,3229,3303,2790,2220,2011,1832,1435,807,0,0
2025,2025-11-24,Southbound,Light Vehicles,463,213,185,160,313,963,2372,3310,3252,2793,2331,2301,2248,,2715,3052,3200,3186,2863,2185,1724,488,,253,0,0
2025,2025-11-24,Southbound,Heavy Vehicles,53,52,32,56,84,175,365,357,301,378,413,428,405,,422,425,341,313,235,167,127,29,,16,0,0
2025,2025-11-24,Northbound,Heavy Vehicles,29,37,30,43,111,160,233,230,167,208,231,176,178,185,140,,102,86,78,75,72,16,,15,0,0
2025,2025-11-24,Northbound,Light Vehicles,184,125,92,106,225,541,915,865,873,761,702,679,688,809,842,,1034,1107,935,667,575,179,,93,0,0
2025,2025-11-24,Southbound,All Vehicles,516,265,217,216,397,1138,2737,3667,3553,3171,2744,2729,2653,,3137,3477,3541,3499,3098,2352,1851,517,,269,0,0
2025,2025-11-24,Northbound,All Vehicles,213,162,122,149,336,701,1148,1095,1040,969,933,855,866,994,982,,1136,1193,1013,742,647,195,,108,0,0
2025,2025-11-25,Northbound,Light Vehicles,268,153,107,167,448,1641,3101,2132,3072,,2171,2226,2318,2588,2702,2848,3408,3479,2909,2099,1800,1737,,1740,0,0
2025,2025-11-25,Northbound,Heavy Vehicles,50,31,50,74,162,333,577,367,379,,392,437,384,364,352,280,269,230,187,139,148,92,,181,0,0
2025,2025-11-25,Southbound,Light Vehicles,327,222,176,187,308,928,2425,3390,3147,2900,2444,2310,2379,2499,2906,3154,3204,3014,3372,2900,1728,1586,1435,755,0,0
2025,2025-11-25,Southbound,Heavy Vehicles,52,53,44,46,87,183,405,325,295,394,421,424,430,399,483,384,356,302,309,279,118,109,97,64,0,0
2025,2025-11-25,Northbound,All Vehicles,318,184,157,241,610,1974,3678,2499,3451,,2563,2663,2702,2952,3054,3128,3677,3709,3096,2238,1948,1829,,1921,0,0
2025,2025-11-25,Southbound,All Vehicles,379,275,220,233,395,1111,2830,3715,3442,3294,2865,2734,2809,2898,3389,3538,3560,3316,3681,3179,1846,1695,1532,819,0,0
2025,2025-11-26,Northbound,Heavy Vehicles,84,47,53,62,186,350,635,498,372,477,435,433,371,302,317,279,227,239,200,150,145,104,95,,0,0
2025,2025-11-26,Southbound,Heavy Vehicles,68,69,54,71,101,194,399,362,324,404,435,448,422,395,370,369,339,308,262,195,130,104,71,,0,0
2025,2025-11-26,Southbound,Light Vehicles,472,289,196,177,357,970,2415,3340,3212,3007,2572,2370,2376,2199,2793,2815,3067,3172,3066,2244,1927,1718,1428,,0,0
2025,2025-11-26,Northbound,Light Vehicles,562,195,134,173,419,1716,3041,2956,2938,2698,2239,2265,2230,2405,2837,2814,3218,3616,2999,2158,1818,1833,1416,,0,0
2025,2025-11-26,Northbound,All Vehicles,646,242,187,235,605,2066,3676,3454,3310,3175,2674,2698,2601,2707,3154,3093,3445,3855,3199,2308,1963,1937,1511,,0,0
2025,2025-11-26,Southbound,All Vehicles,540,358,250,248,458,1164,2814,3702,3536,3411,3007,2818,2798,2594,3163,3184,3406,3480,3328,2439,2057,1822,1499,,0,0
2025,2025-11-27,Southbound,Heavy Vehicles,74,56,63,59,67,180,382,384,319,365,417,474,437,437,454,389,357,318,278,184,155,114,82,,0,0
2025,2025-11-27,Northbound,Light Vehicles,350,195,118,169,451,1649,3070,3043,2937,2597,2319,2277,2406,2508,2722,2996,3388,3434,3226,2273,2234,1981,1438,710,0,0
2025,2025-11-27,Northbound,Heavy Vehicles,52,37,61,62,177,318,612,514,407,487,459,442,405,403,332,314,258,235,206,177,139,126,96,55,0,0
2025,2025-11-27,Southbound,Light Vehicles,538,298,207,197,336,959,2393,3294,3176,2951,2466,2377,2351,2500,2794,2963,3004,3177,2920,2398,2085,2076,1537,,0,0
2025,2025-11-27,Southbound,All Vehicles,612,354,270,256,403,1139,2775,3678,3495,3316,2883,2851,2788,2937,3248,3352,3361,3495,3198,2582,2240,2190,1619,,0,0
2025,2025-11-27,Northbound,All Vehicles,402,232,179,231,628,1967,3682,3557,3344,3084,2778,2719,2811,2911,3054,3310,3646,3669,3432,2450,2373,2107,1534,765,0,0
2025,2025-11-28,Northbound,Heavy Vehicles,60,40,51,75,165,330,653,536,423,464,377,411,368,340,311,281,269,226,231,165,118,122,115,,0,0
2025,2025-11-28,Northbound,Light Vehicles,360,221,129,190,427,1646,3112,2777,2805,2650,2361,2608,2666,2818,3133,3027,3355,3402,3081,2311,2344,2223,2350,,0,0
2025,2025-11-28,Southbound,Light Vehicles,544,347,256,226,370,950,2254,3198,3129,2872,2702,2714,2731,2719,2899,3073,3118,3123,3425,2361,,2085,1858,,0,0
2025,2025-11-28,Southbound,Heavy Vehicles,61,64,56,70,99,203,357,348,327,380,409,426,453,403,427,397,340,326,292,207,,121,93,,0,0
2025,2025-11-28,Northbound,All Vehicles,420,261,180,265,592,1976,3765,3313,3228,3114,2738,3019,3034,3158,3444,3308,3624,3628,3312,2476,2462,2345,2465,,0,0
2025,2025-11-28,Southbound,All Vehicles,605,411,312,296,469,1153,2611,3546,3456,3252,3111,3140,3184,3122,3326,3470,3458,3449,3717,2568,,2206,1951,,0,0
2025,2025-11-29,Southbound,Light Vehicles,764,493,352,295,364,676,1385,2149,2645,3314,,3543,3370,3204,3247,,3342,3498,3138,2166,,,1820,1453,0,0
2025,2025-11-29,Southbound,Heavy Vehicles,62,40,38,53,51,84,176,192,236,216,,230,250,243,218,,206,222,170,122,,,58,52,0,0
2025,2025-11-29,Southbound,All Vehicles,826,533,390,348,415,760,1561,2341,2881,3530,,3773,3620,3447,3465,,3548,3720,3308,2288,,,1878,1505,0,0
2025,2025-11-30,Southbound,Heavy Vehicles,51,32,19,15,8,28,71,106,115,131,142,182,122,139,132,137,165,,,108,81,93,68,58,0,0
2025,2025-11-30,Northbound,Light Vehicles,893,447,285,181,193,404,934,1069,1776,2686,2888,3058,3191,3234,3373,3444,3070,,2628,2326,2083,1873,1353,679,0,0
2025,2025-11-30,Southbound,Light Vehicles,888,492,340,272,233,466,830,1322,2036,2776,3136,3310,3259,3004,2944,2992,3249,,,2178,1938,1853,1361,732,0,0
2025,2025-11-30,Northbound,Heavy Vehicles,37,15,9,17,20,24,99,140,147,137,172,155,132,139,159,156,162,,121,102,121,91,64,40,0,0
2025,2025-11-30,Southbound,All Vehicles,939,524,359,287,241,494,901,1428,2151,2907,3278,3492,3381,3143,3076,3129,3414,,,2286,2019,1946,1429,790,0,0
2025,2025-11-30,Northbound,All Vehicles,930,462,294,198,213,428,1033,1209,1923,2823,3060,3213,3323,3373,3532,3600,3232,,2749,2428,2204,1964,1417,719,0,0
2025,2025-12-01,Northbound,Heavy Vehicles,44,32,35,51,140,256,575,456,374,443,455,390,340,356,326,285,264,227,189,185,130,97,83,70,0,0
2025,2025-12-01,Northbound,Light Vehicles,338,185,136,145,367,1442,2884,2769,2971,2520,2292,2226,2197,2445,2765,2811,3422,3596,2950,2069,1705,1536,1042,1039,0,0
2025,2025-12-01,Southbound,Heavy Vehicles,54,51,38,61,79,168,336,306,278,385,398,396,433,433,451,378,318,315,247,156,116,113,83,,0,0
2025,2025-12-01,Southbound,Light Vehicles,430,265,173,163,298,814,2196,3301,3216,3003,2446,2188,2338,2453,2725,2753,3022,3005,2807,2144,1579,1394,1173,,0,0
2025,2025-12-01,Northbound,All Vehicles,382,217,171,196,507,1698,3459,3225,3345,2963,2747,2616,2537,2801,3091,3096,3686,3823,3139,2254,1835,1633,1125,1109,0,0
2025,2025-12-01,Southbound,All Vehicles,484,316,211,224,377,982,2532,3607,3494,3388,2844,2584,2771,2886,3176,3131,3340,3320,3054,2300,1695,1507,1256,,0,0
2025,2025-12-02,Southbound,Heavy Vehicles,45,45,54,53,86,162,373,310,278,342,364,433,443,414,446,364,335,282,290,181,138,93,101,64,0,0
2025,2025-12-02,Northbound,Light Vehicles,323,150,110,168,397,1530,3061,3076,2891,2703,2197,2241,2216,2322,2662,2908,3427,3590,2993,2087,,1758,1294,1059,0,0
2025,2025-12-02,Northbound,Heavy Vehicles,42,31,46,59,155,326,623,471,383,426,420,403,396,375,330,289,288,249,196,159,,123,85,71,0,0
2025,2025-12-02,Southbound,Light Vehicles,381,245,186,167,325,866,2298,3327,3100,2754,2333,2192,2360,2382,2715,2916,2845,2923,3062,2389,1800,1546,1411,823,0,0
2025,2025-12-02,Southbound,All Vehicles,426,290,240,220,411,1028,2671,3637,3378,3096,2697,2625,2803,2796,3161,3280,3180,3205,3352,2570,1938,1639,1512,887,0,0
2025,2025-12-02,Northbound,All Vehicles,365,181,156,227,552,1856,3684,3547,3274,3129,2617,2644,2612,2697,2992,3197,3715,3839,3189,2246,,1881,1379,1130,0,0
2025,2025-12-03,Southbound,Light Vehicles,433,283,196,179,323,967,2417,3161,,2513,2284,2285,2366,2223,2784,2906,2819,2843,2808,2293,1807,1564,1368,853,0,0
2025,2025-12-03,Northbound,Heavy Vehicles,55,36,62,55,187,336,635,329,452,465,451,412,433,355,338,245,256,244,182,154,158,106,,,0,0
2025,2025-12-03,Southbound,Heavy Vehicles,62,60,63,76,96,198,394,305,,305,393,411,434,397,425,414,331,335,281,197,146,92,80,67,0,0
2025,2025-12-03,Northbound,Light Vehicles,355,179,132,177,433,1676,3079,2152,3000,2812,2425,2212,2374,2553,2782,2853,3415,3539,3050,2100,1983,1730,,,0,0
2025,2025-12-03,Southbound,All Vehicles,495,343,259,255,419,1165,2811,3466,,2818,2677,2696,2800,2620,3209,3320,3150,3178,3089,2490,1953,1656,1448,920,0,0
2025,2025-12-03,Northbound,All Vehicles,410,215,194,232,620,2012,3714,2481,3452,3277,2876,2624,2807,2908,3120,3098,3671,3783,3232,2254,2141,1836,,,0,0
2025,2025-12-04,Northbound,Heavy Vehicles,42,39,48,70,179,328,610,525,369,,471,468,366,388,367,273,264,255,214,154,137,126,79,,0,0
2025,2025-12-04,Southbound,Heavy Vehicles,35,63,55,64,90,174,375,354,330,401,479,467,508,435,471,400,349,297,265,182,,114,109,80,0,0
2025,2025-12-04,Northbound,Light Vehicles,360,187,135,165,456,1676,2985,2825,2741,,2360,2343,2302,2554,2811,2815,3325,3494,2882,2223,2059,1998,1404,,0,0
2025,2025-12-04,Southbound,Light Vehicles,500,314,194,179,341,966,2325,3142,2899,2688,2560,2370,2478,2548,2786,2707,2796,2724,2848,2412,,1888,1525,817,0,0
2025,2025-12-04,Northbound,All Vehicles,402,226,183,235,635,2004,3595,3350,3110,,2831,2811,2668,2942,3178,3088,3589,3749,3096,2377,2196,2124,1483,,0,0
2025,2025-12-04,Southbound,All Vehicles,535,377,249,243,431,1140,2700,3496,3229,3089,3039,2837,2986,2983,3257,3107,3145,3021,3113,2594,,2002,1634,897,0,0
2025,2025-12-05,Southbound,Heavy Vehicles,58,69,47,65,97,151,269,259,229,262,291,308,333,330,296,260,257,230,171,124,107,79,79,66,0,0
2025,2025-12-05,Southbound,Light Vehicles,473,299,187,199,285,671,1479,2077,2025,1957,1732,1851,1782,1797,1893,2001,2194,2248,2095,1721,1393,1338,1256,877,0,0
2025,2025-12-05,Northbound,Light Vehicles,358,217,134,170,445,1621,3042,2782,2780,2509,2470,2463,2727,2763,3036,3073,3403,3127,2539,2301,,2000,1718,1363,0,0
2025,2025-12-05,Northbound,Heavy Vehicles,54,37,53,76,190,322,618,555,425,470,390,387,369,353,308,289,262,226,156,144,,115,103,78,0,0
2025,2025-12-05,Southbound,All Vehicles,531,368,234,264,382,822,1748,2336,2254,2219,2023,2159,2115,2127,2189,2261,2451,2478,2266,1845,1500,1417,1335,943,0,0
2025,2025-12-05,Northbound,All Vehicles,412,254,187,246,635,1943,3660,3337,3205,2979,2860,2850,3096,3116,3344,3362,3665,3353,2695,2445,,2115,1821,1441,0,0
2025,2025-12-06,Northbound,Light Vehicles,784,364,254,189,304,922,2146,2140,2466,2900,3130,3248,3071,,3321,3311,3012,2913,2823,2230,1971,2184,2388,1795,0,0
2025,2025-12-06,Northbound,Heavy Vehicles,58,37,37,38,57,155,383,342,283,237,227,221,173,,164,164,176,164,131,101,82,80,95,67,0,0
2025,2025-12-06,Southbound,Light Vehicles,840,544,379,362,359,780,1404,1961,2249,2906,3346,3532,3252,,3025,3111,3248,3472,,2213,,2005,2041,1380,0,0
2025,2025-12-06,Southbound,Heavy Vehicles,56,59,30,52,52,91,178,208,224,239,248,250,243,,237,214,193,178,,114,,88,72,60,0,0
2025,2025-12-06,Northbound,All Vehicles,842,401,291,227,361,1077,2529,2482,2749,3137,3357,3469,3244,,3485,3475,3188,3077,2954,2331,2053,2264,2483,1862,0,0
2025,2025-12-06,Southbound,All Vehicles,896,603,409,414,411,871,1582,2169,2473,3145,3594,3782,3495,,3262,3325,3441,3650,,2327,,2093,2113,1440,0,0
2025,2025-12-07,Southbound,Light Vehicles,887,559,354,276,251,433,802,1114,1741,2608,3048,3236,3178,2857,3015,3069,3083,3147,2673,2152,1782,1713,1331,,0,0
2025,2025-12-07,Southbound,Heavy Vehicles,44,30,22,14,14,28,64,109,102,122,144,144,152,153,145,142,163,136,126,101,75,79,56,,0,0
2025,2025-12-07,Northbound,Light Vehicles,760,409,249,160,163,414,945,1108,1636,2431,2823,3070,3187,3409,3305,3383,3103,,2631,2041,1850,1766,,819,0,0
2025,2025-12-07,Northbound,Heavy Vehicles,38,16,22,23,23,39,95,131,141,132,140,123,149,137,131,145,149,,132,88,79,73,,52,0,0
2025,2025-12-07,Southbound,All Vehicles,931,589,376,290,265,461,866,1223,1843,2730,3192,3380,3330,3010,3160,3211,3246,3283,2799,2253,1857,1792,1387,,0,0
2025,2025-12-07,Northbound,All Vehicles,798,425,271,183,186,453,1040,1239,1777,2563,2963,3193,3336,3546,3436,3528,3252,,2763,2129,1929,1839,,871,0,0
2025,2025-12-08,Northbound,Light Vehicles,307,201,141,153,469,1614,3062,2840,3034,2580,2212,2223,2284,2550,2571,2862,3415,3552,2912,1952,1678,1613,1074,,0,0
2025,2025-12-08,Southbound,Light Vehicles,379,222,182,165,324,925,2337,3400,3175,2702,2273,2320,2332,2362,2782,3011,3071,3246,2737,2118,1691,1442,1154,656,0,0
2025,2025-12-08,Northbound,Heavy Vehicles,38,33,41,61,161,297,632,502,413,483,432,427,369,367,344,325,283,246,191,146,144,101,73,,0,0
2025,2025-12-08,Southbound,Heavy Vehicles,48,49,40,61,79,178,379,344,365,406,414,418,427,391,494,422,350,341,227,209,99,81,90,50,0,0
2025,2025-12-08,Northbound,All Vehicles,345,234,182,214,630,1911,3694,3342,3447,3063,2644,2650,2653,2917,2915,3187,3698,3798,3103,2098,1822,1714,1147,,0,0
2025,2025-12-08,Southbound,All Vehicles,427,271,222,226,403,1103,2716,3744,3540,3108,2687,2738,2759,2753,3276,3433,3421,3587,2964,2327,1790,1523,1244,706,0,0
2025,2025-12-09,Northbound,Light Vehicles,282,147,105,172,419,1612,3105,2946,2984,2635,2324,2239,2258,2412,2644,2957,3485,3429,2846,2181,1844,1824,1889,,0,0
2025,2025-12-09,Southbound,Light Vehicles,343,235,184,156,343,979,2381,3356,3014,2764,2265,2252,2281,2438,2686,2588,2837,2935,2932,2409,1825,1658,1446,808,0,0
2025,2025-12-09,Northbound,Heavy Vehicles,42,34,51,72,177,290,571,485,419,442,414,432,394,366,360,286,266,233,182,154,136,103,103,,0,0
2025,2025-12-09,Southbound,Heavy Vehicles,47,43,46,68,83,188,373,358,315,353,410,422,456,386,425,366,329,301,264,179,143,110,89,76,0,0
2025,2025-12-09,Northbound,All Vehicles,324,181,156,244,596,1902,3676,3431,3403,3077,2738,2671,2652,2778,3004,3243,3751,3662,3028,2335,1980,1927,1992,,0,0
2025,2025-12-09,Southbound,All Vehicles,390,278,230,224,426,1167,2754,3714,3329,3117,2675,2674,2737,2824,3111,2954,3166,3236,3196,2588,1968,1768,1535,884,0,0
2025,2025-12-10,Southbound,Heavy Vehicles,55,61,53,76,100,196,381,341,307,366,406,432,427,416,432,429,348,300,292,,136,93,77,63,0,0
2025,2025-12-10,Northbound,Light Vehicles,335,165,125,164,429,1658,3076,2815,3045,2674,2237,2333,2395,2594,,,3422,3628,3146,2158,1813,1718,,635,0,0
2025,2025-12-10,Southbound,Light Vehicles,469,289,191,173,321,946,2245,3282,3068,2675,2394,2479,2275,2437,2750,2776,2746,2805,2898,,1777,1772,1387,799,0,0
2025,2025-12-10,Northbound,Heavy Vehicles,49,39,51,81,183,299,599,589,417,436,456,424,370,354,,,273,234,201,146,136,93,,54,0,0
2025,2025-12-10,Southbound,All Vehicles,524,350,244,249,421,1142,2626,3623,3375,3041,2800,2911,2702,2853,3182,3205,3094,3105,3190,,1913,1865,1464,862,0,0
2025,2025-12-10,Northbound,All Vehicles,384,204,176,245,612,1957,3675,3404,3462,3110,2693,2757,2765,2948,,,3695,3862,3347,2304,1949,1811,,689,0,0
2025,2025-12-11,Northbound,Heavy Vehicles,39,32,59,68,174,289,566,510,425,482,429,351,388,374,342,312,,226,213,119,140,93,97,70,0,0
2025,2025-12-11,Southbound,Light Vehicles,565,327,240,210,323,932,2262,3251,3213,2784,2485,2578,2471,2542,2800,3110,3119,3147,3086,2254,2001,1989,1527,824,0,0
2025,2025-12-11,Southbound,Heavy Vehicles,47,63,53,53,86,189,392,351,309,336,432,425,445,422,442,397,370,336,287,188,128,102,78,77,0,0
2025,2025-12-11,Northbound,Light Vehicles,374,166,145,161,411,1530,2982,2784,2910,2670,2255,2000,2468,2569,2976,3080,,3578,2971,1964,2011,1883,1264,710,0,0
2025,2025-12-11,Northbound,All Vehicles,413,198,204,229,585,1819,3548,3294,3335,3152,2684,2351,2856,2943,3318,3392,,3804,3184,2083,2151,1976,1361,780,0,0
2025,2025-12-11,Southbound,All Vehicles,612,390,293,263,409,1121,2654,3602,3522,3120,2917,3003,2916,2964,3242,3507,3489,3483,3373,2442,2129,2091,1605,901,0,0
2025,2025-12-12,Northbound,Heavy Vehicles,54,37,58,54,169,201,553,441,334,350,391,382,362,328,295,267,250,228,215,153,,104,100,152,0,0
2025,2025-12-12,Southbound,Light Vehicles,614,349,250,224,340,889,2031,2659,2761,2608,,2668,2602,,2719,2907,2977,2817,2857,2311,,1892,1887,1334,0,0
2025,2025-12-12,Southbound,Heavy Vehicles,54,54,34,92,70,153,333,316,292,286,,433,428,,396,377,300,289,253,245,,100,110,75,0,0
2025,2025-12-12,Northbound,Light Vehicles,421,185,169,170,398,1430,2724,2433,2615,2263,2258,2450,2619,2903,3052,3081,3191,3109,2642,2317,,1989,1815,2043,0,0
2025,2025-12-12,Northbound,All Vehicles,475,222,227,224,567,1631,3277,2874,2949,2613,2649,2832,2981,3231,3347,3348,3441,3337,2857,2470,,2093,1915,2195,0,0
2025,2025-12-12,Southbound,All Vehicles,668,403,284,316,410,1042,2364,2975,3053,2894,,3101,3030,,3115,3284,3277,3106,3110,2556,,1992,1997,1409,0,0
2025,2025-12-13,Southbound,Heavy Vehicles,59,54,32,41,44,94,178,188,210,233,,210,,252,221,227,228,221,221,186,103,86,78,,0,0
2025,2025-12-13,Northbound,Light Vehicles,1344,455,272,186,279,864,2202,2114,2417,2824,,3332,,3495,3337,3258,,2666,2519,2303,2011,2057,,,0,0
2025,2025-12-13,Southbound,Light Vehicles,894,550,391,320,354,704,1390,1971,2488,3006,,3165,,3127,3189,3257,3122,3063,2892,2259,1696,1707,1862,,0,0
2025,2025-12-13,Northbound,Heavy Vehicles,76,28,33,36,63,137,402,366,296,231,,193,,200,158,183,,131,142,98,87,92,,,0,0
2025,2025-12-13,Southbound,All Vehicles,953,604,423,361,398,798,1568,2159,2698,3239,,3375,,3379,3410,3484,3350,3284,3113,2445,1799,1793,1940,,0,0
2025,2025-12-13,Northbound,All Vehicles,1420,483,305,222,342,1001,2604,2480,2713,3055,,3525,,3695,3495,3441,,2797,2661,2401,2098,2149,,,0,0
2025,2025-12-14,Southbound,Heavy Vehicles,45,28,20,18,12,27,69,94,115,105,162,178,147,,132,179,159,,117,122,87,95,90,52,0,0
2025,2025-12-14,Northbound,Light Vehicles,1618,589,271,176,206,477,960,1075,1599,2542,2996,3208,3349,,3307,3326,3273,2936,2551,2135,2216,1897,1364,691,0,0
2025,2025-12-14,Northbound,Heavy Vehicles,65,20,14,20,23,40,129,138,140,136,158,143,143,,155,120,139,132,130,126,125,84,57,45,0,0
2025,2025-12-14,Southbound,Light Vehicles,1003,541,361,255,267,398,824,1257,1779,2658,3129,3255,3170,,2905,3256,3037,,2770,2103,1984,1978,1452,792,0,0
2025,2025-12-14,Southbound,All Vehicles,1048,569,381,273,279,425,893,1351,1894,2763,3291,3433,3317,,3037,3435,3196,,2887,2225,2071,2073,1542,844,0,0
2025,2025-12-14,Northbound,All Vehicles,1683,609,285,196,229,517,1089,1213,1739,2678,3154,3351,3492,,3462,3446,3412,3068,2681,2261,2341,1981,1421,736,0,0
2025,2025-12-15,Southbound,Heavy Vehicles,52,50,46,63,90,173,393,,328,394,426,,417,427,405,427,386,336,249,195,124,89,66,49,0,0
2025,2025-12-15,Southbound,Light Vehicles,434,246,170,161,320,942,2256,,3197,2602,2269,,2365,2451,2729,3074,3154,3189,2766,1935,1547,1416,984,582,0,0
2025,2025-12-15,Northbound,Light Vehicles,371,184,133,141,437,1630,3034,2781,2876,2536,2263,,2290,2586,2646,2886,,3501,2793,1938,1708,,944,490,0,0
2025,2025-12-15,Northbound,Heavy Vehicles,45,32,48,53,156,304,626,535,436,487,433,,363,386,324,314,,223,196,151,129,,79,52,0,0
2025,2025-12-15,Southbound,All Vehicles,486,296,216,224,410,1115,2649,,3525,2996,2695,,2782,2878,3134,3501,3540,3525,3015,2130,1671,1505,1050,631,0,0
2025,2025-12-15,Northbound,All Vehicles,416,216,181,194,593,1934,3660,3316,3312,3023,2696,,2653,2972,2970,3200,,3724,2989,2089,1837,,1023,542,0,0
2025,2025-12-16,Northbound,Heavy Vehicles,51,34,46,52,187,306,583,495,396,462,421,397,330,365,340,302,291,249,200,140,112,111,,61,0,0
2025,2025-12-16,Southbound,Heavy Vehicles,41,57,42,58,82,167,376,389,,355,437,433,483,407,465,403,348,357,282,196,107,89,85,72,0,0
2025,2025-12-16,Northbound,Light Vehicles,265,128,111,136,428,1553,2982,2852,2797,2573,2146,2286,2381,2527,2806,2819,3491,3475,2990,2114,1790,1582,,597,0,0
2025,2025-12-16,Southbound,Light Vehicles,366,224,184,150,319,915,2233,3336,,2767,2475,2379,2606,2451,2861,3000,3106,3048,3100,2122,1657,1534,1107,658,0,0
2025,2025-12-16,Northbound,All Vehicles,316,162,157,188,615,1859,3565,3347,3193,3035,2567,2683,2711,2892,3146,3121,3782,3724,3190,2254,1902,1693,,658,0,0
2025,2025-12-16,Southbound,All Vehicles,407,281,226,208,401,1082,2609,3725,,3122,2912,2812,3089,2858,3326,3403,3454,3405,3382,2318,1764,1623,1192,730,0,0
2025,2025-12-17,Southbound,Light Vehicles,436,278,190,187,331,916,2246,3309,3223,,2585,2503,2458,2544,2680,2897,,3098,3082,2152,1792,1608,1357,774,0,0
2025,2025-12-17,Southbound,Heavy Vehicles,56,69,51,64,100,166,387,359,369,,441,434,456,416,418,410,,333,258,169,138,114,83,68,0,0
2025,2025-12-17,Northbound,Heavy Vehicles,55,42,50,67,181,301,612,535,415,,468,411,366,327,355,271,260,262,198,161,141,109,90,63,0,0
2025,2025-12-17,Northbound,Light Vehicles,326,188,124,150,418,1595,2951,2911,3026,,2345,2301,2499,2580,2845,2851,3303,3467,2915,2139,1879,1718,1149,686,0,0
2025,2025-12-17,Southbound,All Vehicles,492,347,241,251,431,1082,2633,3668,3592,,3026,2937,2914,2960,3098,3307,,3431,3340,2321,1930,1722,1440,842,0,0
2025,2025-12-17,Northbound,All Vehicles,381,230,174,217,599,1896,3563,3446,3441,,2813,2712,2865,2907,3200,3122,3563,3729,3113,2300,2020,1827,1239,749,0,0
2025,2025-12-18,Northbound,Light Vehicles,308,210,137,161,397,1485,2948,2761,2853,,2510,2362,2638,2685,2800,2896,,3520,2829,2262,2053,1853,,776,0,0
2025,2025-12-18,Southbound,Light Vehicles,453,317,205,234,335,899,2109,3138,3067,2905,2550,2518,2510,2505,2793,3060,2962,3166,2974,2335,2096,2073,,,0,0
2025,2025-12-18,Northbound,Heavy Vehicles,58,39,64,62,176,294,624,537,440,,442,416,389,368,335,312,,239,206,165,150,101,,84,0,0
2025,2025-12-18,Southbound,Heavy Vehicles,50,66,57,56,83,170,390,395,334,384,397,470,431,430,457,408,388,328,236,201,138,120,,,0,0
2025,2025-12-18,Northbound,All Vehicles,366,249,201,223,573,1779,3572,3298,3293,,2952,2778,3027,3053,3135,3208,,3759,3035,2427,2203,1954,,860,0,0
2025,2025-12-18,Southbound,All Vehicles,503,383,262,290,418,1069,2499,3533,3401,3289,2947,2988,2941,2935,3250,3468,3350,3494,3210,2536,2234,2193,,,0,0
2025,2025-12-19,Northbound,Light Vehicles,357,206,141,179,404,1426,2936,2451,2602,2510,2625,2696,2849,2981,2999,2815,3007,3050,2771,2181,2063,1888,1589,1001,0,0
2025,2025-12-19,Southbound,Heavy Vehicles,68,71,43,69,99,165,373,342,340,376,448,430,374,426,310,227,217,263,208,115,116,108,79,62,0,0
2025,2025-12-19,Northbound,Heavy Vehicles,63,41,57,55,180,276,619,496,427,401,462,383,378,345,332,262,220,201,185,116,122,114,87,59,0,0
2025,2025-12-19,Southbound,Light Vehicles,568,359,255,213,331,879,1950,2772,2757,2831,2708,2828,2730,2633,2263,1830,1715,2854,2792,1890,1681,1814,1580,1057,0,0
2025,2025-12-19,Northbound,All Vehicles,420,247,198,234,584,1702,3555,2947,3029,2911,3087,3079,3227,3326,3331,3077,3227,3251,2956,2297,2185,2002,1676,1060,0,0
2025,2025-12-19,Southbound,All Vehicles,636,430,298,282,430,1044,2323,3114,3097,3207,3156,3258,3104,3059,2573,2057,1932,3117,3000,2005,1797,1922,1659,1119,0,0
2025,2025-12-20,Southbound,Heavy Vehicles,37,38,30,54,40,80,155,187,207,258,235,237,216,264,221,250,220,210,171,134,104,84,76,,0,0
2025,2025-12-20,Northbound,Heavy Vehicles,52,26,29,34,69,142,349,341,293,232,251,226,206,201,197,183,165,136,140,,,88,81,,0,0
2025,2025-12-20,Southbound,Light Vehicles,666,496,329,296,336,686,1304,1858,2142,2959,3211,3258,3168,3143,2984,3060,3025,3313,3130,2085,1777,1938,1765,,0,0
2025,2025-12-20,Northbound,Light Vehicles,598,329,227,210,312,812,2032,1951,2380,2764,2986,3234,3204,3293,3284,3152,2918,3006,2636,,,2021,1933,,0,0
2025,2025-12-20,Southbound,All Vehicles,703,534,359,350,376,766,1459,2045,2349,3217,3446,3495,3384,3407,3205,3310,3245,3523,3301,2219,1881,2022,1841,,0,0
2025,2025-12-20,Northbound,All Vehicles,650,355,256,244,381,954,2381,2292,2673,2996,3237,3460,3410,3494,3481,3335,3083,3142,2776,,,2109,2014,,0,0
2025,2025-12-21,Northbound,Light Vehicles,766,384,244,179,219,495,971,1131,1631,2519,2699,3073,,3108,3020,3008,2793,2544,2651,2043,1906,1689,,773,0,0
2025,2025-12-21,Northbound,Heavy Vehicles,40,28,17,13,31,55,106,134,111,181,133,165,,138,143,138,134,118,134,110,82,77,,49,0,0
2025,2025-12-21,Southbound,Heavy Vehicles,42,24,18,18,19,41,51,95,117,162,151,159,,127,139,142,161,,150,95,98,84,84,57,0,0
2025,2025-12-21,Southbound,Light Vehicles,789,497,351,274,266,375,770,1120,1626,2454,2813,3075,,2608,2789,3060,2902,,2456,1920,1905,1865,1351,837,0,0
2025,2025-12-21,Northbound,All Vehicles,806,412,261,192,250,550,1077,1265,1742,2700,2832,3238,,3246,3163,3146,2927,2662,2785,2153,1988,1766,,822,0,0
2025,2025-12-21,Southbound,All Vehicles,831,521,369,292,285,416,821,1215,1743,2616,2964,3234,,2735,2928,3202,3063,,2606,2015,2003,1949,1435,894,0,0
2025,2025-12-22,Southbound,Light Vehicles,457,285,165,168,282,670,1617,2370,2512,2470,1487,2367,2524,2717,2814,3110,3084,3097,2577,1902,1585,1563,1213,776,0,0
2025,2025-12-22,Northbound,Light Vehicles,369,223,154,161,351,1152,2518,2203,2528,2456,2559,2507,2721,2736,2920,2947,3196,3214,2600,2104,1724,1579,1154,663,0,0
2025,2025-12-22,Southbound,Heavy Vehicles,41,48,45,54,66,123,277,309,320,332,214,304,382,358,377,380,317,287,236,144,114,95,64,70,0,0
2025,2025-12-22,Northbound,Heavy Vehicles,26,39,54,53,135,222,524,501,414,412,395,355,352,312,255,249,248,208,191,148,118,91,78,62,0,0
2025,2025-12-22,Southbound,All Vehicles,498,333,210,222,348,793,1894,2679,2832,2802,1701,2671,2906,3075,3191,3490,3401,3384,2813,2046,1699,1658,1277,846,0,0
2025,2025-12-22,Northbound,All Vehicles,395,262,208,214,486,1374,3042,2704,2942,2868,2954,2862,3073,3048,3175,3196,3444,3422,2791,2252,1842,1670,1232,725,0,0
2025,2025-12-23,Southbound,Heavy Vehicles,57,62,42,43,69,139,278,289,282,325,404,355,381,339,351,344,326,261,202,,118,,82,63,0,0
2025,2025-12-23,Northbound,Light Vehicles,366,229,137,172,346,1053,2380,2251,2491,2481,2556,2735,2740,2912,3032,3102,3173,3161,2649,2196,1884,1809,1363,783,0,0
2025,2025-12-23,Northbound,Heavy Vehicles,49,29,47,54,143,237,487,465,427,387,354,356,342,324,286,247,217,198,159,144,124,89,74,64,0,0
2025,2025-12-23,Southbound,Light Vehicles,467,297,181,178,259,656,1580,2192,2300,2502,2663,2737,2732,2750,2781,2952,3078,2988,2602,,1783,,1462,900,0,0
2025,2025-12-23,Southbound,All Vehicles,524,359,223,221,328,795,1858,2481,2582,2827,3067,3092,3113,3089,3132,3296,3404,3249,2804,,1901,,1544,963,0,0
2025,2025-12-23,Northbound,All Vehicles,415,258,184,226,489,1290,2867,2716,2918,2868,2910,3091,3082,3236,3318,3349,3390,3359,2808,2340,2008,1898,1437,847,0,0
2025,2025-12-24,Southbound,Light Vehicles,572,364,233,207,255,580,1249,1730,1997,2222,2478,2566,,2727,2791,2875,,2800,2355,1729,1557,1709,1656,1173,0,0
2025,2025-12-24,Northbound,Heavy Vehicles,51,35,39,59,139,166,359,361,276,307,293,276,268,210,230,175,163,114,103,87,84,75,56,34,0,0
2025,2025-12-24,Southbound,Heavy Vehicles,58,56,47,65,66,120,200,196,242,255,288,290,,278,245,259,,163,134,82,84,58,53,55,0,0
2025,2025-12-24,Northbound,Light Vehicles,441,244,194,215,321,848,1776,1803,2070,2259,2495,2793,2844,2990,2962,3006,2846,2278,2304,1780,1759,1814,1523,1005,0,0
2025,2025-12-24,Southbound,All Vehicles,630,420,280,272,321,700,1449,1926,2239,2477,2766,2856,,3005,3036,3134,,2963,2489,1811,1641,1767,1709,1228,0,0
2025,2025-12-24,Northbound,All Vehicles,492,279,233,274,460,1014,2135,2164,2346,2566,2788,3069,3112,3200,3192,3181,3009,2392,2407,1867,1843,1889,1579,1039,0,0
2025,2025-12-25,Northbound,Light Vehicles,305,232,151,116,130,196,283,343,501,705,903,1141,1088,829,730,816,849,903,816,721,655,625,620,419,0,0
2025,2025-12-25,Northbound,Heavy Vehicles,17,6,12,29,30,10,24,26,32,37,33,43,36,25,35,24,28,29,31,20,17,36,21,15,0,0
2025,2025-12-25,Southbound,Light Vehicles,341,218,143,105,82,121,218,311,425,653,875,1046,,652,674,772,937,1040,914,771,684,683,591,410,0,0
2025,2025-12-25,Southbound,Heavy Vehicles,12,11,10,15,11,10,21,28,35,34,44,42,,31,29,23,27,26,22,35,19,20,13,16,0,0
2025,2025-12-25,Northbound,All Vehicles,322,238,163,145,160,206,307,369,533,742,936,1184,1124,854,765,840,877,932,847,741,672,661,641,434,0,0
2025,2025-12-25,Southbound,All Vehicles,353,229,153,120,93,131,239,339,460,687,919,1088,,683,703,795,964,1066,936,806,703,703,604,426,0,0
2025,2025-12-26,Southbound,Heavy Vehicles,14,15,10,12,15,16,34,40,35,37,46,53,57,39,38,45,46,42,36,30,,27,24,17,0,0
2025,2025-12-26,Southbound,Light Vehicles,287,145,103,90,100,137,243,407,440,684,873,950,901,801,803,795,846,793,748,634,,554,489,348,0,0
2025,2025-12-26,Southbound,All Vehicles,301,160,113,102,115,153,277,447,475,721,919,1003,958,840,841,840,892,835,784,664,,581,513,365,0,0
2025,2025-12-27,Northbound,Heavy Vehicles,23,25,20,23,36,49,85,78,86,67,73,75,77,61,,41,43,,28,31,,22,17,,0,0
2025,2025-12-27,Northbound,Light Vehicles,224,150,128,116,214,348,506,509,674,818,933,1026,991,984,,957,945,,796,700,,644,531,,0,0
2025,2025-12-27,Northbound,All Vehicles,247,175,148,139,250,397,591,587,760,885,1006,1101,1068,1045,,998,988,,824,731,,666,548,,0,0
2025,2025-12-28,Northbound,Light Vehicles,269,195,125,127,152,255,423,417,552,824,863,857,958,967,990,951,,,,,648,564,492,311,0,0
2025,2025-12-28,Southbound,Light Vehicles,431,309,216,166,161,271,452,651,927,1406,1777,1913,1770,1647,1662,1794,,,1607,,1134,1110,947,566,0,0
2025,2025-12-28,Southbound,Heavy Vehicles,28,19,12,10,13,22,45,60,66,79,89,93,92,73,73,86,,,79,,47,72,52,46,0,0
2025,2025-12-28,Northbound,Heavy Vehicles,11,13,12,12,17,39,52,49,56,44,41,47,52,56,58,37,,,,,37,33,28,29,0,0
2025,2025-12-28,Northbound,All Vehicles,280,208,137,139,169,294,475,466,608,868,904,904,1010,1023,1048,988,,,,,685,597,520,340,0,0
2025,2025-12-28,Southbound,All Vehicles,459,328,228,176,174,293,497,711,993,1485,1866,2006,1862,1720,1735,1880,,,1686,,1181,1182,999,612,0,0
2025,2025-12-29,Northbound,Light Vehicles,449,238,136,137,262,821,1824,1581,1927,2072,2285,2600,2525,2581,2845,2838,2782,2844,2447,1811,1528,,1176,671,0,0
2025,2025-12-29,Northbound,Heavy Vehicles,47,34,36,42,116,166,307,315,304,270,228,238,242,215,188,210,171,147,115,114,94,,69,59,0,0
2025,2025-12-29,Southbound,Heavy Vehicles,41,50,40,48,65,113,153,175,215,223,253,258,264,252,284,267,196,207,160,77,106,,,46,0,0
2025,2025-12-29,Southbound,Light Vehicles,526,300,204,165,229,501,1074,1495,1783,2086,2540,2670,2610,2436,2572,2879,2690,2793,2485,1621,1471,,,786,0,0
2025,2025-12-29,Northbound,All Vehicles,496,272,172,179,378,987,2131,1896,2231,2342,2513,2838,2767,2796,3033,3048,2953,2991,2562,1925,1622,,1245,730,0,0
2025,2025-12-29,Southbound,All Vehicles,567,350,244,213,294,614,1227,1670,1998,2309,2793,2928,2874,2688,2856,3146,2886,3000,2645,1698,1577,,,832,0,0
2025,2025-12-30,Southbound,Heavy Vehicles,44,48,42,52,58,93,162,207,201,219,222,265,238,237,272,238,231,192,173,105,90,83,71,52,0,0
2025,2025-12-30,Northbound,Light Vehicles,439,217,134,128,262,806,1729,1656,1968,2194,2448,2753,2646,2862,3023,2867,2801,2870,,1933,1745,2018,1699,1035,0,0
2025,2025-12-30,Southbound,Light Vehicles,514,313,229,184,214,475,1070,1516,1788,2226,2541,2744,2617,2557,2720,2901,2995,3173,2888,1840,1627,1623,1414,917,0,0
2025,2025-12-30,Northbound,Heavy Vehicles,39,26,45,51,114,156,313,311,291,270,254,246,231,204,221,186,157,147,,101,82,102,90,62,0,0
2025,2025-12-30,Southbound,All Vehicles,558,361,271,236,272,568,1232,1723,1989,2445,2763,3009,2855,2794,2992,3139,3226,3365,3061,1945,1717,1706,1485,969,0,0
2025,2025-12-30,Northbound,All Vehicles,478,243,179,179,376,962,2042,1967,2259,2464,2702,2999,2877,3066,3244,3053,2958,3017,,2034,1827,2120,1789,1097,0,0
2025,2025-12-31,Northbound,Heavy Vehicles,41,28,47,53,139,126,244,260,232,248,222,221,212,195,166,170,142,141,86,72,,55,54,40,0,0
2025,2025-12-31,Northbound,Light Vehicles,438,274,143,152,249,630,1326,1330,1608,1863,2221,2591,2688,2778,3000,2892,2804,2836,2385,1822,,1497,1325,957,0,0
2025,2025-12-31,Southbound,Heavy Vehicles,56,45,50,59,67,96,131,135,189,186,245,216,245,224,196,198,161,162,102,76,,55,57,36,0,0
2025,2025-12-31,Southbound,Light Vehicles,619,369,223,199,226,420,911,1140,1496,1967,2299,2539,2435,2467,2487,2673,2623,2556,2303,1629,,1558,1532,956,0,0
2025,2025-12-31,Northbound,All Vehicles,479,302,190,205,388,756,1570,1590,1840,2111,2443,2812,2900,2973,3166,3062,2946,2977,2471,1894,,1552,1379,997,0,0
2025,2025-12-31,Southbound,All Vehicles,675,414,273,258,293,516,1042,1275,1685,2153,2544,2755,2680,2691,2683,2871,2784,2718,2405,1705,,1613,1589,992,0,0
