year,date,cardinal_direction_seq,classification_seq,hour_00,hour_01,hour_02,hour_03,hour_04,hour_05,hour_06,hour_07,hour_08,hour_09,hour_10,hour_11,hour_12,hour_13,hour_14,hour_15,hour_16,hour_17,hour_18,hour_19,hour_20,hour_21,hour_22,hour_23,public_holiday,school_holiday
2024,2024-01-01,Westbound,Heavy Vehicles,13,19,14,10,9,5,4,9,15,20,23,31,26,30,26,28,19,21,22,22,18,23,17,18,0,0
2024,2024-01-01,Westbound,Light Vehicles,433,660,506,286,214,159,184,184,205,271,392,481,559,531,587,592,548,560,557,689,569,456,443,334,0,0
2024,2024-01-01,Westbound,All Vehicles,446,679,520,296,223,164,188,193,220,291,415,512,585,561,613,620,567,581,579,711,587,479,460,352,0,0
2024,2024-01-02,Westbound,Heavy Vehicles,28,23,26,44,66,87,144,176,169,220,223,228,238,273,240,229,188,140,91,79,68,62,67,47,0,0
2024,2024-01-02,Westbound,Light Vehicles,471,272,172,144,220,524,1006,1353,1368,1451,1519,1689,1798,1908,2219,2411,2381,2449,2147,1635,1409,1417,1247,892,0,0
2024,2024-01-02,Westbound,All Vehicles,499,295,198,188,286,611,1150,1529,1537,1671,1742,1917,2036,2181,2459,2640,2569,2589,2238,1714,1477,1479,1314,939,0,0
2024,2024-01-03,Westbound,Light Vehicles,495,284,198,147,251,641,1221,1366,1529,1605,1711,1703,1861,1980,2348,2535,2576,2601,2096,1694,1461,1479,1274,924,0,0
2024,2024-01-03,Westbound,Heavy Vehicles,32,27,34,43,65,106,166,190,214,236,225,255,263,253,268,269,207,150,129,97,71,58,44,42,0,0
2024,2024-01-03,Westbound,All Vehicles,527,311,232,190,316,747,1387,1556,1743,1841,1936,1958,2124,2233,2616,2804,2783,2751,2225,1791,1532,1537,1318,966,0,0
2024,2024-01-04,Westbound,Heavy Vehicles,39,30,21,56,61,106,165,200,238,264,256,276,272,241,299,262,198,172,127,106,69,50,60,44,0,0
2024,2024-01-04,Westbound,Light Vehicles,465,289,177,139,242,601,1243,1395,1519,1624,1670,1800,1902,2020,2387,2493,2419,2447,2062,1579,1489,1596,1366,914,0,0
2024,2024-01-04,Westbound,All Vehicles,504,319,198,195,303,707,1408,1595,1757,1888,1926,2076,2174,2261,2686,2755,2617,2619,2189,1685,1558,1646,1426,958,0,0
2024,2024-01-05,Westbound,Heavy Vehicles,34,31,38,39,62,107,174,188,211,253,278,268,244,249,268,267,214,173,137,104,81,67,65,33,0,0
2024,2024-01-05,Westbound,Light Vehicles,496,259,181,175,224,595,1233,1416,1466,1708,1840,1850,1948,2038,2343,2506,2576,2509,2400,1794,1561,1559,1642,1164,0,0
2024,2024-01-05,Westbound,All Vehicles,530,290,219,214,286,702,1407,1604,1677,1961,2118,2118,2192,2287,2611,2773,2790,2682,2537,1898,1642,1626,1707,1197,0,0
2024,2024-01-06,Westbound,Light Vehicles,740,432,264,221,197,418,945,976,1314,1723,1996,2219,2233,2212,2118,1994,2098,2376,2162,2356,1889,1787,1638,1231,0,0
2024,2024-01-06,Westbound,Heavy Vehicles,47,33,21,31,34,42,114,97,132,121,134,134,127,141,101,104,91,91,76,74,54,60,41,34,0,0
2024,2024-01-06,Westbound,All Vehicles,787,465,285,252,231,460,1059,1073,1446,1844,2130,2353,2360,2353,2219,2098,2189,2467,2238,2430,1943,1847,1679,1265,0,0
2024,2024-01-07,Westbound,Light Vehicles,822,477,344,247,185,278,538,729,958,1453,1797,1997,2089,2119,2169,2270,2245,2181,2154,1790,1705,1659,1355,811,0,0
2024,2024-01-07,Westbound,Heavy Vehicles,19,27,20,20,15,21,46,49,70,81,81,80,87,105,97,81,88,68,93,64,62,63,47,41,0,0
2024,2024-01-07,Westbound,All Vehicles,841,504,364,267,200,299,584,778,1028,1534,1878,2077,2176,2224,2266,2351,2333,2249,2247,1854,1767,1722,1402,852,0,0
2024,2024-01-08,Westbound,Light Vehicles,428,267,169,138,266,909,1813,1933,1923,1674,1615,1780,1903,1948,2449,2676,2765,2738,2231,1528,1307,1297,1132,807,0,0
2024,2024-01-08,Westbound,Heavy Vehicles,18,24,43,43,68,117,279,256,260,298,300,320,321,317,326,311,238,214,121,88,75,71,66,47,0,0
2024,2024-01-08,Westbound,All Vehicles,446,291,212,181,334,1026,2092,2189,2183,1972,1915,2100,2224,2265,2775,2987,3003,2952,2352,1616,1382,1368,1198,854,0,0
2024,2024-01-09,Eastbound,Light Vehicles,,,97,200,573,1863,2486,2498,2495,2033,1945,1809,1815,1902,1979,2074,2236,2387,1831,1413,1117,1019,722,449,0,0
2024,2024-01-09,Eastbound,Heavy Vehicles,,,30,63,111,218,408,323,368,313,318,292,228,208,182,175,136,124,117,73,61,69,53,57,0,0
2024,2024-01-09,Westbound,Light Vehicles,382,227,159,133,299,941,1858,2024,2016,1770,1741,1765,1920,2055,2541,2690,2776,2763,2510,1635,1459,1374,1235,761,0,0
2024,2024-01-09,Westbound,Heavy Vehicles,45,26,34,52,90,146,267,258,251,345,313,361,374,335,333,313,278,176,159,110,70,86,77,45,0,0
2024,2024-01-09,Eastbound,All Vehicles,,,127,263,684,2081,2894,2821,2863,2346,2263,2101,2043,2110,2161,2249,2372,2511,1948,1486,1178,1088,775,506,0,0
2024,2024-01-09,Westbound,All Vehicles,427,253,193,185,389,1087,2125,2282,2267,2115,2054,2126,2294,2390,2874,3003,3054,2939,2669,1745,1529,1460,1312,806,0,0
2024,2024-01-10,Westbound,Light Vehicles,403,247,172,156,313,975,1866,2015,2027,1822,1798,1824,1961,2105,2434,2842,2760,2750,2576,1705,1560,1526,1324,867,0,0
2024,2024-01-10,Westbound,Heavy Vehicles,39,35,36,52,89,167,249,232,263,308,337,327,337,330,367,369,270,180,178,102,75,85,55,48,0,0
2024,2024-01-10,Westbound,All Vehicles,442,282,208,208,402,1142,2115,2247,2290,2130,2135,2151,2298,2435,2801,3211,3030,2930,2754,1807,1635,1611,1379,915,0,0
2024,2024-01-11,Westbound,Heavy Vehicles,34,32,36,55,73,145,273,275,275,341,366,329,362,367,340,308,268,226,183,114,74,72,68,48,0,0
2024,2024-01-11,Westbound,Light Vehicles,460,249,185,177,300,1020,1882,1956,1958,1879,1852,1806,2028,2115,2529,2636,2765,2795,2309,1853,1611,1594,1389,888,0,0
2024,2024-01-11,Eastbound,Heavy Vehicles,36,54,53,75,124,281,484,384,354,407,315,299,262,257,218,216,175,145,108,90,47,68,77,57,0,0
2024,2024-01-11,Eastbound,Light Vehicles,223,177,140,242,547,1817,2443,2388,2454,2140,1853,1818,1808,1812,1977,2253,2330,2294,1878,1400,1214,1214,818,505,0,0
2024,2024-01-11,Westbound,All Vehicles,494,281,221,232,373,1165,2155,2231,2233,2220,2218,2135,2390,2482,2869,2944,3033,3021,2492,1967,1685,1666,1457,936,0,0
2024,2024-01-11,Eastbound,All Vehicles,259,231,193,317,671,2098,2927,2772,2808,2547,2168,2117,2070,2069,2195,2469,2505,2439,1986,1490,1261,1282,895,562,0,0
2024,2024-01-12,Eastbound,Light Vehicles,272,174,143,230,570,1749,2336,2231,2424,2096,1989,1865,2028,2071,2098,2289,2369,2492,2120,1684,1478,1340,1035,786,0,0
2024,2024-01-12,Eastbound,Heavy Vehicles,42,47,58,59,111,246,406,352,312,328,317,305,268,231,219,183,151,133,113,67,54,48,64,38,0,0
2024,2024-01-12,Westbound,Heavy Vehicles,32,40,37,45,71,145,275,257,285,303,366,330,336,329,365,342,240,207,147,107,79,63,86,57,0,0
2024,2024-01-12,Westbound,Light Vehicles,445,250,205,197,281,962,1741,1932,1858,1821,1909,1867,1963,2273,2595,2721,2754,2790,2647,1937,1713,1689,1815,1407,0,0
2024,2024-01-12,Eastbound,All Vehicles,314,221,201,289,681,1995,2742,2583,2736,2424,2306,2170,2296,2302,2317,2472,2520,2625,2233,1751,1532,1388,1099,824,0,0
2024,2024-01-12,Westbound,All Vehicles,477,290,242,242,352,1107,2016,2189,2143,2124,2275,2197,2299,2602,2960,3063,2994,2997,2794,2044,1792,1752,1901,1464,0,0
2024,2024-01-13,Westbound,Light Vehicles,876,443,299,220,248,521,1091,1170,1463,2000,2231,2341,2426,2351,2516,2433,2356,2462,2373,2075,1802,1846,1864,1482,0,0
2024,2024-01-13,Westbound,Heavy Vehicles,41,21,28,28,28,66,127,113,154,168,150,156,148,152,148,138,112,109,71,65,64,55,53,43,0,0
2024,2024-01-13,Westbound,All Vehicles,917,464,327,248,276,587,1218,1283,1617,2168,2381,2497,2574,2503,2664,2571,2468,2571,2444,2140,1866,1901,1917,1525,0,0
2024,2024-01-14,Eastbound,Heavy Vehicles,17,13,22,10,25,42,58,58,49,70,58,64,73,71,67,64,60,45,50,37,50,40,47,28,0,0
2024,2024-01-14,Westbound,Heavy Vehicles,25,19,16,21,19,25,33,42,48,70,87,84,108,95,94,98,102,95,74,62,47,6,48,34,0,0
2024,2024-01-14,Westbound,Light Vehicles,948,552,340,229,218,327,550,769,1010,1507,1733,1985,2309,2274,2332,2423,2172,2369,2117,1770,1138,292,1221,688,0,0
2024,2024-01-14,Eastbound,Light Vehicles,596,314,205,184,248,586,865,821,1241,1849,1941,2263,2304,2150,2087,1990,1915,1973,1550,1347,1293,1167,794,440,0,0
2024,2024-01-14,Eastbound,All Vehicles,613,327,227,194,273,628,923,879,1290,1919,1999,2327,2377,2221,2154,2054,1975,2018,1600,1384,1343,1207,841,468,0,0
2024,2024-01-14,Westbound,All Vehicles,973,571,356,250,237,352,583,811,1058,1577,1820,2069,2417,2369,2426,2521,2274,2464,2191,1832,1185,298,1269,722,0,0
2024,2024-01-15,Westbound,Heavy Vehicles,22,20,23,33,76,122,258,224,194,192,259,289,340,362,317,308,245,163,162,108,63,78,63,48,0,0
2024,2024-01-15,Westbound,Light Vehicles,390,216,151,135,326,948,1757,1747,1651,1217,1416,1599,1845,1983,2430,2629,2708,2603,2386,1716,1385,1271,1104,758,0,0
2024,2024-01-15,Eastbound,Light Vehicles,254,151,133,236,594,1894,2321,2255,2144,1645,1508,1539,1752,1839,1990,2050,2323,2196,1718,1262,1143,937,739,379,0,0
2024,2024-01-15,Eastbound,Heavy Vehicles,42,37,29,43,118,217,361,292,215,260,224,265,226,205,188,208,162,124,85,92,64,65,49,43,0,0
2024,2024-01-15,Westbound,All Vehicles,412,236,174,168,402,1070,2015,1971,1845,1409,1675,1888,2185,2345,2747,2937,2953,2766,2548,1824,1448,1349,1167,806,0,0
2024,2024-01-15,Eastbound,All Vehicles,296,188,162,279,712,2111,2682,2547,2359,1905,1732,1804,1978,2044,2178,2258,2485,2320,1803,1354,1207,1002,788,422,0,0
2024,2024-01-16,Westbound,Light Vehicles,395,216,165,134,299,971,1976,2134,2233,1905,1775,1796,1957,2143,2461,2687,2795,2886,2624,1739,1488,1414,1240,729,0,0
2024,2024-01-16,Eastbound,Heavy Vehicles,33,40,40,76,101,246,408,329,322,352,333,296,272,246,202,191,157,126,108,112,84,53,66,58,0,0
2024,2024-01-16,Westbound,Heavy Vehicles,46,26,37,56,80,142,247,237,274,340,336,343,409,378,339,308,264,205,197,123,72,71,68,50,0,0
2024,2024-01-16,Eastbound,Light Vehicles,207,152,134,221,612,1831,2506,2679,2611,2161,1863,1769,1724,1802,2074,2222,2390,2422,1896,1328,1172,1063,737,441,0,0
2024,2024-01-16,Westbound,All Vehicles,441,242,202,190,379,1113,2223,2371,2507,2245,2111,2139,2366,2521,2800,2995,3059,3091,2821,1862,1560,1485,1308,779,0,0
2024,2024-01-16,Eastbound,All Vehicles,240,192,174,297,713,2077,2914,3008,2933,2513,2196,2065,1996,2048,2276,2413,2547,2548,2004,1440,1256,1116,803,499,0,0
2024,2024-01-17,Eastbound,Light Vehicles,186,136,113,201,507,1155,1617,1766,1739,1441,1055,986,12,11,159,1389,416,427,704,941,786,649,550,314,0,0
2024,2024-01-17,Eastbound,Heavy Vehicles,36,40,38,73,82,164,306,271,218,235,165,170,2,2,22,104,32,56,53,67,53,46,42,32,0,0
2024,2024-01-17,Westbound,Light Vehicles,429,242,153,160,341,1065,2021,2179,2234,2040,1839,1833,2090,2144,2261,2526,2590,2491,2524,1795,1392,1021,1226,726,0,0
2024,2024-01-17,Westbound,Heavy Vehicles,49,38,38,70,88,169,242,268,288,322,359,360,359,385,339,331,221,177,171,104,83,61,69,36,0,0
2024,2024-01-17,Eastbound,All Vehicles,222,176,151,274,589,1319,1923,2037,1957,1676,1220,1156,14,13,181,1493,448,483,757,1008,839,695,592,346,0,0
2024,2024-01-17,Westbound,All Vehicles,478,280,191,230,429,1234,2263,2447,2522,2362,2198,2193,2449,2529,2600,2857,2811,2668,2695,1899,1475,1082,1295,762,0,0
2024,2024-01-18,Eastbound,Heavy Vehicles,39,42,44,76,97,238,359,343,286,326,252,262,258,202,157,138,128,89,103,30,72,72,81,63,0,0
2024,2024-01-18,Eastbound,Light Vehicles,239,172,154,250,631,1967,2654,2584,2530,2208,1648,1974,1884,1916,1657,2168,2321,1804,1883,725,1041,1277,866,488,0,0
2024,2024-01-18,Westbound,Light Vehicles,378,234,149,146,325,1036,2075,2142,2201,2045,1862,1989,2010,2358,2559,2714,2617,2804,2467,2078,1817,1799,1454,867,0,0
2024,2024-01-18,Westbound,Heavy Vehicles,37,30,29,57,71,171,287,253,297,318,360,379,340,372,388,344,266,209,173,124,60,69,41,32,0,0
2024,2024-01-18,Eastbound,All Vehicles,278,214,198,326,728,2205,3013,2927,2816,2534,1900,2236,2142,2118,1814,2306,2449,1893,1986,755,1113,1349,947,551,0,0
2024,2024-01-18,Westbound,All Vehicles,415,264,178,203,396,1207,2362,2395,2498,2363,2222,2368,2350,2730,2947,3058,2883,3013,2640,2202,1877,1868,1495,899,0,0
2024,2024-01-19,Eastbound,Heavy Vehicles,61,54,58,79,103,310,512,416,349,372,354,361,322,279,280,236,220,152,139,115,82,67,80,48,0,0
2024,2024-01-19,Eastbound,Light Vehicles,308,173,154,220,586,1877,2407,2483,2402,2063,1846,1822,1938,1980,2133,2298,2320,2377,2223,1781,1429,1362,1158,787,0,0
2024,2024-01-19,Westbound,Heavy Vehicles,21,33,34,37,98,164,228,203,247,307,282,312,337,331,293,269,232,160,163,108,68,68,57,46,0,0
2024,2024-01-19,Westbound,Light Vehicles,486,232,167,173,358,1005,2045,2014,2129,2086,2002,2010,2139,2262,2530,2709,2797,2870,2671,1997,1677,1708,1846,1380,0,0
2024,2024-01-19,Eastbound,All Vehicles,369,227,212,299,689,2187,2919,2899,2751,2435,2200,2183,2260,2259,2413,2534,2540,2529,2362,1896,1511,1429,1238,835,0,0
2024,2024-01-19,Westbound,All Vehicles,507,265,201,210,456,1169,2273,2217,2376,2393,2284,2322,2476,2593,2823,2978,3029,3030,2834,2105,1745,1776,1903,1426,0,0
2024,2024-01-20,Westbound,Light Vehicles,764,494,290,250,267,548,1185,1282,1569,1988,2393,2485,2594,2579,2570,2688,2355,2597,2466,2090,1797,1822,2169,1583,0,0
2024,2024-01-20,Westbound,Heavy Vehicles,35,19,31,31,31,58,118,118,136,158,146,144,157,138,114,125,95,82,67,64,46,45,48,38,0,0
2024,2024-01-20,Westbound,All Vehicles,799,513,321,281,298,606,1303,1400,1705,2146,2539,2629,2751,2717,2684,2813,2450,2679,2533,2154,1843,1867,2217,1621,0,0
2024,2024-01-21,Eastbound,Heavy Vehicles,13,14,15,12,20,39,57,51,76,60,73,82,78,62,60,45,47,67,71,54,61,40,47,36,0,0
2024,2024-01-21,Westbound,Light Vehicles,908,510,361,252,206,355,657,812,1100,1692,1939,2171,2391,2184,2110,2232,2253,2396,2111,1857,1809,1735,1415,874,0,0
2024,2024-01-21,Westbound,Heavy Vehicles,20,15,14,18,9,25,22,39,47,56,57,69,85,75,74,85,70,48,65,52,65,60,36,31,0,0
2024,2024-01-21,Eastbound,Light Vehicles,414,237,162,137,217,414,563,724,942,1419,1467,1573,1426,1435,1340,1221,1230,1211,1108,965,960,850,618,382,0,0
2024,2024-01-21,Eastbound,All Vehicles,427,251,177,149,237,453,620,775,1018,1479,1540,1655,1504,1497,1400,1266,1277,1278,1179,1019,1021,890,665,418,0,0
2024,2024-01-21,Westbound,All Vehicles,928,525,375,270,215,380,679,851,1147,1748,1996,2240,2476,2259,2184,2317,2323,2444,2176,1909,1874,1795,1451,905,0,0
2024,2024-01-22,Eastbound,Heavy Vehicles,46,39,47,62,93,246,382,303,259,276,326,228,234,211,195,166,167,115,99,92,64,56,69,39,0,0
2024,2024-01-22,Westbound,Heavy Vehicles,26,27,40,53,82,132,246,233,230,312,374,423,503,490,435,328,265,210,171,118,72,81,63,54,0,0
2024,2024-01-22,Westbound,Light Vehicles,432,203,156,173,324,1083,2116,2379,2272,1988,1811,1913,2252,2331,2453,2751,2654,2752,2571,1783,1466,1271,1170,682,0,0
2024,2024-01-22,Eastbound,Light Vehicles,221,129,119,187,511,1481,1853,1837,1791,1424,1295,1236,1203,1377,1393,1528,1637,1501,1356,966,861,753,533,319,0,0
2024,2024-01-22,Eastbound,All Vehicles,267,168,166,249,604,1727,2235,2140,2050,1700,1621,1464,1437,1588,1588,1694,1804,1616,1455,1058,925,809,602,358,0,0
2024,2024-01-22,Westbound,All Vehicles,458,230,196,226,406,1215,2362,2612,2502,2300,2185,2336,2755,2821,2888,3079,2919,2962,2742,1901,1538,1352,1233,736,0,0
2024,2024-01-23,Eastbound,Light Vehicles,107,103,71,126,296,673,819,849,812,783,623,726,640,662,669,831,716,667,727,563,489,473,377,241,0,0
2024,2024-01-23,Westbound,Light Vehicles,375,226,145,160,330,1081,2124,2244,2308,2109,1897,1846,2014,2285,2540,2766,2701,2809,2595,1979,1718,1521,1306,863,0,0
2024,2024-01-23,Westbound,Heavy Vehicles,43,34,47,59,92,167,302,285,292,344,395,372,382,395,387,355,258,202,186,128,80,72,64,53,0,0
2024,2024-01-23,Eastbound,Heavy Vehicles,33,26,45,63,72,169,278,185,146,212,184,150,132,126,130,90,108,57,61,57,54,44,42,31,0,0
2024,2024-01-23,Eastbound,All Vehicles,140,129,116,189,368,842,1097,1034,958,995,807,876,772,788,799,921,824,724,788,620,543,517,419,272,0,0
2024,2024-01-23,Westbound,All Vehicles,418,260,192,219,422,1248,2426,2529,2600,2453,2292,2218,2396,2680,2927,3121,2959,3011,2781,2107,1798,1593,1370,916,0,0
2024,2024-01-24,Westbound,Light Vehicles,415,245,162,167,333,1136,2131,2220,2203,2117,1843,1911,2089,2314,2596,2668,2655,2674,2774,1957,1698,1669,1398,909,0,0
2024,2024-01-24,Westbound,Heavy Vehicles,55,42,47,69,95,181,320,297,261,331,373,383,378,406,388,357,260,220,206,153,87,69,84,63,0,0
2024,2024-01-24,Westbound,All Vehicles,470,287,209,236,428,1317,2451,2517,2464,2448,2216,2294,2467,2720,2984,3025,2915,2894,2980,2110,1785,1738,1482,972,0,0
2024,2024-01-25,Eastbound,Heavy Vehicles,61,55,55,77,111,306,490,374,355,388,321,386,312,318,272,243,186,167,140,109,77,57,52,38,0,0
2024,2024-01-25,Westbound,Heavy Vehicles,52,43,39,61,91,148,293,267,277,348,380,343,375,377,366,329,256,229,184,157,110,78,58,43,0,0
2024,2024-01-25,Eastbound,Light Vehicles,242,174,135,251,621,1760,2432,2559,2466,2077,1865,2032,2081,2177,2203,2347,2358,2351,2140,1777,1448,1375,980,592,0,0
2024,2024-01-25,Westbound,Light Vehicles,492,257,182,190,315,956,1802,2167,2136,2091,1952,1892,2130,2325,2617,2626,2460,2660,2596,2073,1814,1865,1668,1125,0,0
2024,2024-01-25,Eastbound,All Vehicles,303,229,190,328,732,2066,2922,2933,2821,2465,2186,2418,2393,2495,2475,2590,2544,2518,2280,1886,1525,1432,1032,630,0,0
2024,2024-01-25,Westbound,All Vehicles,544,300,221,251,406,1104,2095,2434,2413,2439,2332,2235,2505,2702,2983,2955,2716,2889,2780,2230,1924,1943,1726,1168,0,0
2024,2024-01-26,Westbound,Heavy Vehicles,12,22,16,12,9,13,21,35,31,43,33,46,41,40,31,31,32,29,25,29,23,21,20,11,0,0
2024,2024-01-26,Eastbound,Heavy Vehicles,24,15,24,23,28,37,41,60,43,51,45,38,52,43,37,36,37,33,29,25,30,23,19,30,0,0
2024,2024-01-26,Westbound,Light Vehicles,270,197,138,99,96,124,245,279,344,453,547,588,592,548,594,625,618,661,642,585,533,539,526,484,0,0
2024,2024-01-26,Eastbound,Light Vehicles,187,126,100,124,167,283,436,410,535,723,793,801,753,670,633,647,672,679,647,627,531,523,481,344,0,0
2024,2024-01-26,Westbound,All Vehicles,282,219,154,111,105,137,266,314,375,496,580,634,633,588,625,656,650,690,667,614,556,560,546,495,0,0
2024,2024-01-26,Eastbound,All Vehicles,211,141,124,147,195,320,477,470,578,774,838,839,805,713,670,683,709,712,676,652,561,546,500,374,0,0
2024,2024-01-27,Westbound,Heavy Vehicles,14,27,20,30,24,57,103,96,133,148,144,143,153,127,135,131,103,113,94,71,57,46,52,39,0,0
2024,2024-01-27,Eastbound,Light Vehicles,448,228,174,207,268,746,1121,1227,1612,2002,2229,2423,2316,2256,2078,2050,2025,2027,1821,1574,1211,1250,1080,833,0,0
2024,2024-01-27,Eastbound,Heavy Vehicles,33,26,27,22,38,74,147,129,138,121,140,140,118,110,105,111,93,97,95,52,44,43,56,36,0,0
2024,2024-01-27,Westbound,Light Vehicles,700,423,266,197,195,358,860,998,1397,1843,2023,2277,2410,2311,2264,2416,2303,2518,2325,1856,1547,1651,1706,1274,0,0
2024,2024-01-27,Westbound,All Vehicles,714,450,286,227,219,415,963,1094,1530,1991,2167,2420,2563,2438,2399,2547,2406,2631,2419,1927,1604,1697,1758,1313,0,0
2024,2024-01-27,Eastbound,All Vehicles,481,254,201,229,306,820,1268,1356,1750,2123,2369,2563,2434,2366,2183,2161,2118,2124,1916,1626,1255,1293,1136,869,0,0
2024,2024-01-28,Eastbound,Light Vehicles,538,298,228,169,260,558,837,971,1198,1982,1922,2272,2210,2164,2131,1949,1985,2024,1690,1389,1257,1156,857,494,0,0
2024,2024-01-28,Westbound,Heavy Vehicles,29,22,10,20,20,30,46,48,54,66,87,94,89,102,85,92,75,96,78,86,81,51,42,42,0,0
2024,2024-01-28,Westbound,Light Vehicles,891,475,321,244,198,307,615,795,1010,1549,1927,2165,2214,2260,2267,2394,2257,2462,2269,1994,1926,1593,1345,813,0,0
2024,2024-01-28,Eastbound,Heavy Vehicles,25,15,20,14,21,39,62,56,69,86,88,82,98,74,97,77,92,86,86,58,60,52,53,39,0,0
2024,2024-01-28,Eastbound,All Vehicles,563,313,248,183,281,597,899,1027,1267,2068,2010,2354,2308,2238,2228,2026,2077,2110,1776,1447,1317,1208,910,533,0,0
2024,2024-01-28,Westbound,All Vehicles,920,497,331,264,218,337,661,843,1064,1615,2014,2259,2303,2362,2352,2486,2332,2558,2347,2080,2007,1644,1387,855,0,0
2024,2024-01-29,Westbound,Light Vehicles,450,205,157,147,326,1092,2073,2139,2165,1857,1794,1856,1988,2310,2599,2601,2132,2687,2451,1800,1629,1436,1217,752,0,0
2024,2024-01-29,Eastbound,Heavy Vehicles,45,40,42,64,136,320,529,402,347,401,349,317,329,302,283,229,221,145,135,121,82,74,58,55,0,0
2024,2024-01-29,Westbound,Heavy Vehicles,27,25,33,38,89,142,275,268,304,377,344,373,373,381,371,348,200,216,194,134,77,74,58,62,0,0
2024,2024-01-29,Eastbound,Light Vehicles,270,162,128,216,641,1966,2557,2573,2417,2048,1900,1688,1786,1759,1888,2316,2285,2318,1966,1454,1162,1041,709,392,0,0
2024,2024-01-29,Westbound,All Vehicles,477,230,190,185,415,1234,2348,2407,2469,2234,2138,2229,2361,2691,2970,2949,2332,2903,2645,1934,1706,1510,1275,814,0,0
2024,2024-01-29,Eastbound,All Vehicles,315,202,170,280,777,2286,3086,2975,2764,2449,2249,2005,2115,2061,2171,2545,2506,2463,2101,1575,1244,1115,767,447,0,0
2024,2024-01-30,Eastbound,Light Vehicles,181,136,134,208,491,1498,1836,1692,1612,1418,1290,1227,1243,1376,1415,1622,1580,1432,1258,1097,905,830,562,344,0,0
2024,2024-01-30,Westbound,Heavy Vehicles,47,25,39,64,92,151,277,220,275,317,340,381,391,402,393,324,248,184,204,145,97,72,70,43,0,0
2024,2024-01-30,Westbound,Light Vehicles,353,235,135,168,340,1105,2046,2107,2130,1870,1779,1715,1932,2142,2501,2751,2595,2627,2765,2035,1679,1461,1282,816,0,0
2024,2024-01-30,Eastbound,Heavy Vehicles,24,45,45,80,109,238,346,242,196,288,261,236,241,203,183,167,133,103,96,89,67,59,64,52,0,0
2024,2024-01-30,Eastbound,All Vehicles,205,181,179,288,600,1736,2182,1934,1808,1706,1551,1463,1484,1579,1598,1789,1713,1535,1354,1186,972,889,626,396,0,0
2024,2024-01-30,Westbound,All Vehicles,400,260,174,232,432,1256,2323,2327,2405,2187,2119,2096,2323,2544,2894,3075,2843,2811,2969,2180,1776,1533,1352,859,0,0
2024,2024-01-31,Westbound,Light Vehicles,419,245,145,162,343,1085,2252,2379,2314,2012,1840,1904,1939,2281,2545,2614,2678,2626,2716,2063,1661,1517,1298,774,0,0
2024,2024-01-31,Westbound,Heavy Vehicles,53,39,38,64,91,185,310,272,263,340,385,367,369,405,390,331,275,193,205,129,105,68,69,44,0,0
2024,2024-01-31,Westbound,All Vehicles,472,284,183,226,434,1270,2562,2651,2577,2352,2225,2271,2308,2686,2935,2945,2953,2819,2921,2192,1766,1585,1367,818,0,0
2024,2024-02-01,Eastbound,Light Vehicles,248,153,154,232,642,2003,2672,2700,2323,2140,1874,1854,1893,1907,2228,2250,2248,2216,2147,1588,1295,1177,841,468,0,1
2024,2024-02-01,Westbound,Light Vehicles,442,228,154,172,331,1082,2126,2264,2166,2033,1861,1836,1915,2183,2569,2566,2632,2680,2527,2046,1840,1836,1429,908,0,1
2024,2024-02-01,Westbound,Heavy Vehicles,27,29,50,47,92,167,334,305,274,340,375,392,426,406,384,360,289,209,219,159,93,81,67,48,0,1
2024,2024-02-01,Eastbound,Heavy Vehicles,43,41,57,86,136,303,562,392,349,410,423,359,355,349,299,246,204,166,137,143,93,89,66,70,0,1
2024,2024-02-01,Eastbound,All Vehicles,291,194,211,318,778,2306,3234,3092,2672,2550,2297,2213,2248,2256,2527,2496,2452,2382,2284,1731,1388,1266,907,538,0,1
2024,2024-02-01,Westbound,All Vehicles,469,257,204,219,423,1249,2460,2569,2440,2373,2236,2228,2341,2589,2953,2926,2921,2889,2746,2205,1933,1917,1496,956,0,1
2024,2024-02-02,Westbound,Light Vehicles,404,267,158,161,340,1076,2050,2297,2136,2030,1862,1867,2111,2154,2570,2540,2655,2616,2620,2234,1940,1789,1697,1393,0,1
2024,2024-02-02,Westbound,Heavy Vehicles,46,43,45,56,100,178,348,283,299,335,383,357,398,376,386,335,273,227,195,144,93,79,60,41,0,1
2024,2024-02-02,Eastbound,Heavy Vehicles,57,40,77,84,123,340,554,395,318,378,380,351,357,280,296,254,205,165,153,107,71,73,65,50,0,1
2024,2024-02-02,Eastbound,Light Vehicles,298,171,153,230,607,1905,2524,2586,2395,2142,1844,1766,1960,1985,2253,2402,2372,2207,2247,1912,1433,1436,1187,801,0,1
2024,2024-02-02,Westbound,All Vehicles,450,310,203,217,440,1254,2398,2580,2435,2365,2245,2224,2509,2530,2956,2875,2928,2843,2815,2378,2033,1868,1757,1434,0,1
2024,2024-02-02,Eastbound,All Vehicles,355,211,230,314,730,2245,3078,2981,2713,2520,2224,2117,2317,2265,2549,2656,2577,2372,2400,2019,1504,1509,1252,851,0,1
2024,2024-02-03,Westbound,Heavy Vehicles,39,23,26,41,38,78,173,154,167,177,156,185,191,171,168,155,139,121,112,83,64,59,58,42,0,1
2024,2024-02-03,Westbound,Light Vehicles,836,451,319,208,241,574,1248,1417,1761,2249,2406,2454,2730,2779,2724,2700,2604,2663,2517,2063,1840,1892,2003,1493,0,1
2024,2024-02-03,Eastbound,Light Vehicles,441,290,186,188,425,994,1519,1699,2093,2320,2367,2591,2629,2594,2396,2303,2364,2416,2235,1767,1542,1386,1326,999,0,1
2024,2024-02-03,Eastbound,Heavy Vehicles,35,34,25,42,57,142,229,204,206,153,188,160,150,150,130,141,115,127,94,77,65,56,50,40,0,1
2024,2024-02-03,Westbound,All Vehicles,875,474,345,249,279,652,1421,1571,1928,2426,2562,2639,2921,2950,2892,2855,2743,2784,2629,2146,1904,1951,2061,1535,0,1
2024,2024-02-03,Eastbound,All Vehicles,476,324,211,230,482,1136,1748,1903,2299,2473,2555,2751,2779,2744,2526,2444,2479,2543,2329,1844,1607,1442,1376,1039,0,1
2024,2024-02-04,Eastbound,Light Vehicles,606,375,231,176,245,606,1017,1140,1518,2121,2166,2371,2283,2137,2071,1963,2014,2031,1678,1481,1332,1219,908,473,0,1
2024,2024-02-04,Eastbound,Heavy Vehicles,22,22,21,17,24,41,65,93,101,91,97,113,88,98,100,79,72,87,77,88,68,76,77,56,0,1
2024,2024-02-04,Westbound,Light Vehicles,929,587,365,240,224,316,661,922,1226,1705,1950,2109,2240,2210,2359,2399,2372,2487,2143,2009,1789,1574,1311,830,0,1
2024,2024-02-04,Westbound,Heavy Vehicles,24,21,16,28,19,28,74,64,68,92,89,81,118,93,107,110,75,84,89,71,59,58,46,48,0,1
2024,2024-02-04,Eastbound,All Vehicles,628,397,252,193,269,647,1082,1233,1619,2212,2263,2484,2371,2235,2171,2042,2086,2118,1755,1569,1400,1295,985,529,0,1
2024,2024-02-04,Westbound,All Vehicles,953,608,381,268,243,344,735,986,1294,1797,2039,2190,2358,2303,2466,2509,2447,2571,2232,2080,1848,1632,1357,878,0,1
2024,2024-02-05,Eastbound,Light Vehicles,275,159,126,239,675,2092,2542,2659,2365,2009,1775,1605,1773,1886,2100,2279,2400,2184,1943,1502,1181,1016,650,373,0,1
2024,2024-02-05,Westbound,Light Vehicles,426,244,172,156,349,1085,2204,2334,2255,2082,1874,1819,1992,2151,2561,2584,2779,2754,2651,1839,1597,1376,1166,719,0,1
2024,2024-02-05,Westbound,Heavy Vehicles,48,26,43,57,83,176,286,284,253,297,349,361,381,419,401,348,251,191,183,110,88,71,72,50,0,1
2024,2024-02-05,Eastbound,Heavy Vehicles,50,43,47,77,123,323,506,354,271,408,384,354,340,305,290,230,182,161,123,117,89,83,61,50,0,1
2024,2024-02-05,Eastbound,All Vehicles,325,202,173,316,798,2415,3048,3013,2636,2417,2159,1959,2113,2191,2390,2509,2582,2345,2066,1619,1270,1099,711,423,0,1
2024,2024-02-05,Westbound,All Vehicles,474,270,215,213,432,1261,2490,2618,2508,2379,2223,2180,2373,2570,2962,2932,3030,2945,2834,1949,1685,1447,1238,769,0,1
2024,2024-02-06,Westbound,Light Vehicles,362,213,150,159,332,886,1894,2167,2062,2110,1894,1932,1876,2262,2618,2651,2743,2539,2702,1978,1665,1552,1287,758,0,0
2024,2024-02-06,Eastbound,Heavy Vehicles,38,48,65,82,117,246,446,335,303,416,404,348,345,297,272,260,164,175,144,112,94,77,77,46,0,0
2024,2024-02-06,Eastbound,Light Vehicles,203,152,148,215,668,1786,2442,2524,2466,2249,1867,1700,1739,1960,2171,2245,2244,2112,1947,1509,1316,1141,759,404,0,0
2024,2024-02-06,Westbound,Heavy Vehicles,46,33,35,88,92,135,254,251,192,336,349,381,376,383,364,343,270,206,216,142,82,86,75,49,0,0
2024,2024-02-06,Westbound,All Vehicles,408,246,185,247,424,1021,2148,2418,2254,2446,2243,2313,2252,2645,2982,2994,3013,2745,2918,2120,1747,1638,1362,807,0,0
2024,2024-02-06,Eastbound,All Vehicles,241,200,213,297,785,2032,2888,2859,2769,2665,2271,2048,2084,2257,2443,2505,2408,2287,2091,1621,1410,1218,836,450,0,0
2024,2024-02-07,Eastbound,Light Vehicles,218,161,147,222,673,2081,2524,2606,2373,2246,1861,1816,1725,1937,2149,2437,2260,2124,2237,1530,1272,1141,809,419,0,0
2024,2024-02-07,Eastbound,Heavy Vehicles,56,36,67,75,111,325,514,377,296,385,413,357,335,297,261,285,212,165,155,99,77,64,69,58,0,0
2024,2024-02-07,Westbound,Heavy Vehicles,37,35,47,60,99,177,300,256,288,323,371,365,405,378,381,330,245,236,209,97,100,89,60,52,0,0
2024,2024-02-07,Westbound,Light Vehicles,378,217,179,169,333,1109,2204,2364,2297,2121,1816,1894,2092,2216,2607,2641,2696,2727,2605,1980,1766,1656,1380,815,0,0
2024,2024-02-07,Eastbound,All Vehicles,274,197,214,297,784,2406,3038,2983,2669,2631,2274,2173,2060,2234,2410,2722,2472,2289,2392,1629,1349,1205,878,477,0,0
2024,2024-02-07,Westbound,All Vehicles,415,252,226,229,432,1286,2504,2620,2585,2444,2187,2259,2497,2594,2988,2971,2941,2963,2814,2077,1866,1745,1440,867,0,0
2024,2024-02-08,Westbound,Light Vehicles,400,224,173,176,364,1125,2169,2396,2289,2021,1878,1917,1987,2168,2480,2487,2636,2638,2618,1999,2013,1947,1496,897,0,0
2024,2024-02-08,Westbound,Heavy Vehicles,51,35,38,50,88,171,297,308,272,328,390,410,377,431,376,318,232,220,219,124,99,86,69,55,0,0
2024,2024-02-08,Eastbound,Light Vehicles,243,159,150,240,671,1995,2645,2635,2548,2197,1896,1768,1781,2053,2175,2375,2126,2264,2170,1610,1275,1296,860,473,0,0
2024,2024-02-08,Eastbound,Heavy Vehicles,48,42,57,82,134,348,556,364,301,393,368,369,316,324,286,252,224,171,157,114,103,75,61,66,0,0
2024,2024-02-08,Westbound,All Vehicles,451,259,211,226,452,1296,2466,2704,2561,2349,2268,2327,2364,2599,2856,2805,2868,2858,2837,2123,2112,2033,1565,952,0,0
2024,2024-02-08,Eastbound,All Vehicles,291,201,207,322,805,2343,3201,2999,2849,2590,2264,2137,2097,2377,2461,2627,2350,2435,2327,1724,1378,1371,921,539,0,0
2024,2024-02-09,Westbound,Light Vehicles,449,271,171,174,369,1086,2093,2283,2170,2075,1923,2033,2128,2330,2559,2641,2610,2796,2722,2213,1875,1840,1908,1473,0,0
2024,2024-02-09,Westbound,Heavy Vehicles,51,38,38,55,94,176,326,275,311,346,389,380,406,413,370,312,269,199,180,112,96,76,67,55,0,0
2024,2024-02-09,Eastbound,Light Vehicles,286,176,146,228,637,2005,2507,2549,2435,2003,1898,1931,1896,2076,2321,2444,2281,2302,2187,1826,1459,1438,1289,1038,0,0
2024,2024-02-09,Eastbound,Heavy Vehicles,48,55,60,91,130,328,549,410,331,370,378,412,349,298,283,227,203,162,132,114,66,72,65,64,0,0
2024,2024-02-09,Westbound,All Vehicles,500,309,209,229,463,1262,2419,2558,2481,2421,2312,2413,2534,2743,2929,2953,2879,2995,2902,2325,1971,1916,1975,1528,0,0
2024,2024-02-09,Eastbound,All Vehicles,334,231,206,319,767,2333,3056,2959,2766,2373,2276,2343,2245,2374,2604,2671,2484,2464,2319,1940,1525,1510,1354,1102,0,0
2024,2024-02-10,Eastbound,Heavy Vehicles,41,35,24,29,59,120,206,223,169,139,149,173,161,137,128,112,108,99,92,81,36,42,49,52,0,0
2024,2024-02-10,Westbound,Heavy Vehicles,53,37,31,30,31,58,130,127,141,159,170,165,139,171,150,140,138,108,97,68,65,68,55,42,0,0
2024,2024-02-10,Westbound,Light Vehicles,900,467,318,231,244,531,1041,1254,1611,2225,2366,2552,2643,2668,2653,2574,2717,2698,2552,1977,1820,1912,1980,1430,0,0
2024,2024-02-10,Eastbound,Light Vehicles,640,357,195,202,386,968,1411,1587,1959,2151,2320,2502,2680,2527,2326,2405,2349,2325,2056,1719,1483,1489,1292,1019,0,0
2024,2024-02-10,Eastbound,All Vehicles,681,392,219,231,445,1088,1617,1810,2128,2290,2469,2675,2841,2664,2454,2517,2457,2424,2148,1800,1519,1531,1341,1071,0,0
2024,2024-02-10,Westbound,All Vehicles,953,504,349,261,275,589,1171,1381,1752,2384,2536,2717,2782,2839,2803,2714,2855,2806,2649,2045,1885,1980,2035,1472,0,0
2024,2024-02-11,Eastbound,Light Vehicles,636,371,210,175,254,580,879,993,1448,2033,2230,2447,2468,2391,2354,2263,2356,2125,1816,1532,1506,1273,930,445,0,0
2024,2024-02-11,Westbound,Heavy Vehicles,30,25,20,23,14,22,41,67,59,76,70,89,118,96,88,99,103,93,90,103,63,59,58,55,0,0
2024,2024-02-11,Eastbound,Heavy Vehicles,22,17,12,15,14,38,65,69,69,87,95,114,109,108,108,83,109,91,99,81,59,62,55,41,0,0
2024,2024-02-11,Westbound,Light Vehicles,967,586,373,256,215,302,609,909,1267,1799,2069,2307,2563,2463,2522,2615,2613,2599,2307,2343,1987,1826,1349,812,0,0
2024,2024-02-11,Eastbound,All Vehicles,658,388,222,190,268,618,944,1062,1517,2120,2325,2561,2577,2499,2462,2346,2465,2216,1915,1613,1565,1335,985,486,0,0
2024,2024-02-11,Westbound,All Vehicles,997,611,393,279,229,324,650,976,1326,1875,2139,2396,2681,2559,2610,2714,2716,2692,2397,2446,2050,1885,1407,867,0,0
2024,2024-02-12,Eastbound,Heavy Vehicles,46,38,50,64,119,306,535,382,300,415,384,355,322,306,277,251,216,166,137,135,97,72,73,43,0,0
2024,2024-02-12,Westbound,Heavy Vehicles,47,52,42,48,89,154,312,306,279,352,370,415,374,400,399,357,246,198,178,129,77,84,65,59,0,0
2024,2024-02-12,Eastbound,Light Vehicles,233,153,135,217,666,2020,2581,2615,2393,2050,1748,1668,1720,1848,2123,2392,2341,2196,2000,1431,1230,1046,693,378,0,0
2024,2024-02-12,Westbound,Light Vehicles,394,220,137,150,365,1118,2082,2277,2264,2137,1782,1700,2018,2136,2403,2622,2666,2627,2402,1895,1581,1484,1237,751,0,0
2024,2024-02-12,Eastbound,All Vehicles,279,191,185,281,785,2326,3116,2997,2693,2465,2132,2023,2042,2154,2400,2643,2557,2362,2137,1566,1327,1118,766,421,0,0
2024,2024-02-12,Westbound,All Vehicles,441,272,179,198,454,1272,2394,2583,2543,2489,2152,2115,2392,2536,2802,2979,2912,2825,2580,2024,1658,1568,1302,810,0,0
2024,2024-02-13,Westbound,Heavy Vehicles,47,32,41,48,109,174,324,276,262,316,397,427,367,403,321,310,263,198,172,140,89,80,86,88,0,0
2024,2024-02-13,Eastbound,Light Vehicles,223,167,151,223,689,2095,2582,2518,2440,2285,1949,1779,1782,1964,2138,2344,2274,2203,2085,1499,1254,1133,786,452,0,0
2024,2024-02-13,Westbound,Light Vehicles,356,232,174,180,382,1156,2126,2367,2243,2022,1810,1881,2071,2122,2037,2367,2667,2665,2426,2133,1763,1730,1398,834,0,0
2024,2024-02-13,Eastbound,Heavy Vehicles,44,43,60,68,138,331,503,346,305,440,449,380,341,326,286,253,212,166,153,132,95,88,74,79,0,0
2024,2024-02-13,Westbound,All Vehicles,403,264,215,228,491,1330,2450,2643,2505,2338,2207,2308,2438,2525,2358,2677,2930,2863,2598,2273,1852,1810,1484,922,0,0
2024,2024-02-13,Eastbound,All Vehicles,267,210,211,291,827,2426,3085,2864,2745,2725,2398,2159,2123,2290,2424,2597,2486,2369,2238,1631,1349,1221,860,531,0,0
2024,2024-02-14,Westbound,Heavy Vehicles,40,45,54,66,101,181,322,275,253,315,394,391,414,398,356,329,296,195,181,129,76,101,69,43,0,0
2024,2024-02-14,Westbound,Light Vehicles,423,257,171,174,373,1135,2203,2364,2276,2051,1913,1850,2027,2326,2564,2580,2593,2509,2656,2110,1794,1955,1724,1089,0,0
2024,2024-02-14,Eastbound,Heavy Vehicles,61,56,52,81,142,320,548,352,357,424,392,348,326,298,259,243,187,151,144,135,86,75,62,44,0,0
2024,2024-02-14,Eastbound,Light Vehicles,230,162,135,260,680,2046,2640,2639,2477,2170,1958,1873,1852,1926,2205,2389,2239,2000,2096,1806,1337,1160,939,573,0,0
2024,2024-02-14,Westbound,All Vehicles,463,302,225,240,474,1316,2525,2639,2529,2366,2307,2241,2441,2724,2920,2909,2889,2704,2837,2239,1870,2056,1793,1132,0,0
2024,2024-02-14,Eastbound,All Vehicles,291,218,187,341,822,2366,3188,2991,2834,2594,2350,2221,2178,2224,2464,2632,2426,2151,2240,1941,1423,1235,1001,617,0,0
2024,2024-02-15,Eastbound,Heavy Vehicles,55,46,60,81,139,358,537,367,300,401,401,364,326,305,239,215,184,157,166,129,85,69,70,56,0,0
2024,2024-02-15,Eastbound,Light Vehicles,273,179,154,245,657,2028,2564,2522,2345,2139,1922,1773,1906,2050,2054,2021,2213,2372,2152,1625,1324,1175,817,463,0,0
2024,2024-02-15,Westbound,Heavy Vehicles,35,39,54,49,89,191,321,284,252,320,364,358,372,386,385,329,251,220,214,149,94,88,62,47,0,0
2024,2024-02-15,Westbound,Light Vehicles,540,296,186,174,368,1124,2164,2223,2171,1964,1821,1712,1897,2274,2471,2458,2564,2665,2596,1996,1913,1837,1468,896,0,0
2024,2024-02-15,Eastbound,All Vehicles,328,225,214,326,796,2386,3101,2889,2645,2540,2323,2137,2232,2355,2293,2236,2397,2529,2318,1754,1409,1244,887,519,0,0
2024,2024-02-15,Westbound,All Vehicles,575,335,240,223,457,1315,2485,2507,2423,2284,2185,2070,2269,2660,2856,2787,2815,2885,2810,2145,2007,1925,1530,943,0,0
2024,2024-02-16,Eastbound,Light Vehicles,241,174,180,241,643,1928,2557,2618,2418,2091,1822,1897,1935,2089,2219,2371,2352,2395,2555,1866,1501,1306,1152,771,0,0
2024,2024-02-16,Westbound,Light Vehicles,409,301,202,164,351,1059,2025,2338,2233,1989,1904,1994,2168,2304,2557,2618,2720,2718,2667,2095,1821,1773,1886,1523,0,0
2024,2024-02-16,Eastbound,Heavy Vehicles,61,61,52,90,125,302,503,386,344,364,383,352,351,286,285,240,200,174,146,118,84,63,71,57,0,0
2024,2024-02-16,Westbound,Heavy Vehicles,37,37,36,55,94,178,305,286,290,356,361,404,406,397,355,327,241,183,166,121,83,86,75,59,0,0
2024,2024-02-16,Eastbound,All Vehicles,302,235,232,331,768,2230,3060,3004,2762,2455,2205,2249,2286,2375,2504,2611,2552,2569,2701,1984,1585,1369,1223,828,0,0
2024,2024-02-16,Westbound,All Vehicles,446,338,238,219,445,1237,2330,2624,2523,2345,2265,2398,2574,2701,2912,2945,2961,2901,2833,2216,1904,1859,1961,1582,0,0
2024,2024-02-17,Eastbound,Heavy Vehicles,35,30,29,34,61,121,209,224,170,158,175,180,136,143,144,124,121,140,97,100,59,39,56,47,0,0
2024,2024-02-17,Westbound,Heavy Vehicles,37,21,19,27,39,74,143,166,161,174,168,193,153,147,157,144,144,109,104,82,62,59,57,46,0,0
2024,2024-02-17,Eastbound,Light Vehicles,486,266,178,199,396,1054,1457,1708,2024,2261,2398,2518,2677,2664,2569,2367,2384,2559,2271,1689,1451,1400,1307,1054,0,0
2024,2024-02-17,Westbound,Light Vehicles,865,484,292,235,253,641,1313,1342,1721,2247,2453,2610,2735,2734,2686,2829,2715,2683,2632,2133,1859,2027,2071,1647,0,0
2024,2024-02-17,Eastbound,All Vehicles,521,296,207,233,457,1175,1666,1932,2194,2419,2573,2698,2813,2807,2713,2491,2505,2699,2368,1789,1510,1439,1363,1101,0,0
2024,2024-02-17,Westbound,All Vehicles,902,505,311,262,292,715,1456,1508,1882,2421,2621,2803,2888,2881,2843,2973,2859,2792,2736,2215,1921,2086,2128,1693,0,0
2024,2024-02-18,Eastbound,Heavy Vehicles,33,15,22,24,24,40,57,56,85,98,94,113,101,90,93,87,110,95,99,94,59,63,41,89,0,0
2024,2024-02-18,Westbound,Light Vehicles,955,536,358,255,225,355,670,856,1182,1677,2092,2298,2538,2458,2532,2634,2430,2527,2230,1900,1807,1581,859,3,0,0
2024,2024-02-18,Eastbound,Light Vehicles,649,316,237,179,261,566,937,992,1518,2013,2195,2381,2434,2466,2195,2293,2226,2251,1829,1444,1351,1172,428,1014,0,0
2024,2024-02-18,Westbound,Heavy Vehicles,26,25,19,24,25,37,58,59,80,98,76,91,100,107,109,76,93,98,75,83,80,60,50,11,0,0
2024,2024-02-18,Eastbound,All Vehicles,682,331,259,203,285,606,994,1048,1603,2111,2289,2494,2535,2556,2288,2380,2336,2346,1928,1538,1410,1235,469,1103,0,0
2024,2024-02-18,Westbound,All Vehicles,981,561,377,279,250,392,728,915,1262,1775,2168,2389,2638,2565,2641,2710,2523,2625,2305,1983,1887,1641,909,14,0,0
2024,2024-02-19,Eastbound,Light Vehicles,566,340,279,266,681,2014,2570,2580,2503,2040,1763,1646,1739,1877,2077,2167,2066,2063,1824,1293,1148,1004,715,370,0,0
2024,2024-02-19,Westbound,Light Vehicles,1,,4,112,352,1042,2058,2394,2248,2062,1829,1810,1991,2272,2299,2352,2355,2482,2532,1762,1493,1350,1123,700,0,0
2024,2024-02-19,Westbound,Heavy Vehicles,5,9,9,37,85,153,294,282,272,309,355,417,364,423,362,268,231,187,163,126,85,64,52,42,0,0
2024,2024-02-19,Eastbound,Heavy Vehicles,91,75,96,76,129,322,518,380,333,395,359,344,302,276,277,214,183,142,130,107,75,69,65,48,0,0
2024,2024-02-19,Eastbound,All Vehicles,657,415,375,342,810,2336,3088,2960,2836,2435,2122,1990,2041,2153,2354,2381,2249,2205,1954,1400,1223,1073,780,418,0,0
2024,2024-02-19,Westbound,All Vehicles,6,9,13,149,437,1195,2352,2676,2520,2371,2184,2227,2355,2695,2661,2620,2586,2669,2695,1888,1578,1414,1175,742,0,0
2024,2024-02-20,Westbound,Heavy Vehicles,41,29,43,57,101,156,302,276,284,326,371,357,370,377,335,290,275,210,192,129,107,86,88,77,0,0
2024,2024-02-20,Eastbound,Light Vehicles,221,160,128,227,660,2055,2657,2675,2463,2335,1814,1608,1787,1915,2177,2241,2372,2366,2081,1539,1270,996,792,423,0,0
2024,2024-02-20,Westbound,Light Vehicles,372,195,148,151,347,1202,2133,2280,2288,2122,1828,1783,1864,2091,2427,2428,2690,2650,2684,1930,1627,1545,899,775,0,0
2024,2024-02-20,Eastbound,Heavy Vehicles,39,44,57,89,126,333,500,382,309,445,366,322,273,260,226,235,193,162,157,107,89,77,70,69,0,0
2024,2024-02-20,Westbound,All Vehicles,413,224,191,208,448,1358,2435,2556,2572,2448,2199,2140,2234,2468,2762,2718,2965,2860,2876,2059,1734,1631,987,852,0,0
2024,2024-02-20,Eastbound,All Vehicles,260,204,185,316,786,2388,3157,3057,2772,2780,2180,1930,2060,2175,2403,2476,2565,2528,2238,1646,1359,1073,862,492,0,0
2024,2024-02-21,Westbound,Heavy Vehicles,63,38,54,82,101,179,300,279,251,293,361,381,372,395,377,313,293,189,162,138,102,85,87,33,0,0
2024,2024-02-21,Eastbound,Light Vehicles,256,198,162,241,650,2046,2588,2723,2484,2358,1903,1774,1809,1988,2186,2399,2454,2269,2127,1575,1228,1189,807,422,0,0
2024,2024-02-21,Eastbound,Heavy Vehicles,66,58,62,86,129,317,504,349,325,441,389,371,305,306,235,222,196,172,158,135,98,71,62,55,0,0
2024,2024-02-21,Westbound,Light Vehicles,459,229,149,188,390,1090,2177,2359,2254,2099,1844,1858,2030,2261,2543,2692,2648,2659,2560,2015,1819,1743,1432,849,0,0
2024,2024-02-21,Westbound,All Vehicles,522,267,203,270,491,1269,2477,2638,2505,2392,2205,2239,2402,2656,2920,3005,2941,2848,2722,2153,1921,1828,1519,882,0,0
2024,2024-02-21,Eastbound,All Vehicles,322,256,224,327,779,2363,3092,3072,2809,2799,2292,2145,2114,2294,2421,2621,2650,2441,2285,1710,1326,1260,869,477,0,0
2024,2024-02-22,Eastbound,Light Vehicles,260,189,167,260,656,2069,2656,2651,2429,2133,1906,1794,1900,2044,2182,2398,2201,2108,2056,1644,1412,1228,931,539,0,0
2024,2024-02-22,Eastbound,Heavy Vehicles,40,58,61,94,139,322,539,379,336,411,416,292,314,335,265,243,207,144,180,116,92,100,66,72,0,0
2024,2024-02-22,Westbound,Heavy Vehicles,58,48,34,67,106,183,304,268,272,311,372,343,412,392,400,307,295,221,188,145,96,105,67,66,0,0
2024,2024-02-22,Westbound,Light Vehicles,436,259,167,197,365,1113,2153,2341,2259,2122,1842,1880,1985,2194,2581,2574,2711,2552,2677,2104,2010,1934,1618,1198,0,0
2024,2024-02-22,Eastbound,All Vehicles,300,247,228,354,795,2391,3195,3030,2765,2544,2322,2086,2214,2379,2447,2641,2408,2252,2236,1760,1504,1328,997,611,0,0
2024,2024-02-22,Westbound,All Vehicles,494,307,201,264,471,1296,2457,2609,2531,2433,2214,2223,2397,2586,2981,2881,3006,2773,2865,2249,2106,2039,1685,1264,0,0
2024,2024-02-23,Eastbound,Heavy Vehicles,59,67,57,90,129,303,501,389,337,382,387,364,296,320,262,240,186,153,130,94,84,67,56,53,0,0
2024,2024-02-23,Westbound,Heavy Vehicles,52,44,47,60,93,193,308,292,259,387,377,353,391,431,373,318,252,193,187,151,106,84,80,45,0,0
2024,2024-02-23,Eastbound,Light Vehicles,328,184,171,243,624,1960,2542,2545,2452,2197,1920,1863,1909,2118,2357,2448,2364,2248,2153,1802,1484,1379,1186,776,0,0
2024,2024-02-23,Westbound,Light Vehicles,596,313,195,183,350,1091,2144,2291,2173,2115,1945,1998,2144,2423,2547,2593,2789,2526,2372,2218,1810,1820,1783,1449,0,0
2024,2024-02-23,Eastbound,All Vehicles,387,251,228,333,753,2263,3043,2934,2789,2579,2307,2227,2205,2438,2619,2688,2550,2401,2283,1896,1568,1446,1242,829,0,0
2024,2024-02-23,Westbound,All Vehicles,648,357,242,243,443,1284,2452,2583,2432,2502,2322,2351,2535,2854,2920,2911,3041,2719,2559,2369,1916,1904,1863,1494,0,0
2024,2024-02-24,Eastbound,Heavy Vehicles,33,32,22,37,61,111,225,217,175,148,183,159,136,156,145,142,133,119,77,73,58,56,57,40,0,0
2024,2024-02-24,Westbound,Light Vehicles,1155,617,354,225,257,562,1196,1312,1688,1949,2441,2491,2498,2696,2771,2767,2698,2831,2663,1969,1663,1867,1824,1679,0,0
2024,2024-02-24,Eastbound,Light Vehicles,540,283,216,194,404,996,1466,1594,2027,2213,2370,2468,2566,2632,2436,2383,2627,2430,2264,1743,1417,1298,1504,963,0,0
2024,2024-02-24,Westbound,Heavy Vehicles,53,30,21,34,32,65,137,152,146,167,148,180,167,169,159,147,125,113,103,83,54,58,44,29,0,0
2024,2024-02-24,Eastbound,All Vehicles,573,315,238,231,465,1107,1691,1811,2202,2361,2553,2627,2702,2788,2581,2525,2760,2549,2341,1816,1475,1354,1561,1003,0,0
2024,2024-02-24,Westbound,All Vehicles,1208,647,375,259,289,627,1333,1464,1834,2116,2589,2671,2665,2865,2930,2914,2823,2944,2766,2052,1717,1925,1868,1708,0,0
2024,2024-02-25,Eastbound,Heavy Vehicles,31,23,21,13,18,35,60,87,67,100,105,94,97,109,89,100,92,91,79,86,65,59,60,43,0,0
2024,2024-02-25,Westbound,Light Vehicles,1247,610,364,239,226,311,643,924,1224,1665,2010,2351,2330,2406,2595,2352,2367,2462,2295,1997,1839,1772,1379,1004,0,0
2024,2024-02-25,Eastbound,Light Vehicles,570,311,206,178,267,546,995,1051,1434,2123,2256,2278,2464,2206,2216,2203,2323,2183,1900,1514,1448,1296,915,506,0,0
2024,2024-02-25,Westbound,Heavy Vehicles,38,26,18,24,17,30,49,54,67,69,77,90,102,101,97,86,98,83,81,65,61,57,47,42,0,0
2024,2024-02-25,Eastbound,All Vehicles,601,334,227,191,285,581,1055,1138,1501,2223,2361,2372,2561,2315,2305,2303,2415,2274,1979,1600,1513,1355,975,549,0,0
2024,2024-02-25,Westbound,All Vehicles,1285,636,382,263,243,341,692,978,1291,1734,2087,2441,2432,2507,2692,2438,2465,2545,2376,2062,1900,1829,1426,1046,0,0
2024,2024-02-26,Westbound,Light Vehicles,699,302,158,172,329,1134,2132,2302,2158,1935,1730,1750,2035,2274,2481,2645,2760,2567,2699,1997,1557,1368,1230,932,0,0
2024,2024-02-26,Westbound,Heavy Vehicles,44,44,29,53,69,163,301,290,272,309,358,351,383,403,382,329,251,200,187,100,102,64,86,54,0,0
2024,2024-02-26,Eastbound,Light Vehicles,314,174,145,236,693,2011,2582,2694,2471,2139,1821,1679,1821,1848,2184,2252,2358,2223,1964,1431,1259,1065,713,409,0,0
2024,2024-02-26,Eastbound,Heavy Vehicles,51,43,56,61,119,319,528,352,293,429,339,353,321,331,284,260,199,179,135,128,96,77,56,42,0,0
2024,2024-02-26,Westbound,All Vehicles,743,346,187,225,398,1297,2433,2592,2430,2244,2088,2101,2418,2677,2863,2974,3011,2767,2886,2097,1659,1432,1316,986,0,0
2024,2024-02-26,Eastbound,All Vehicles,365,217,201,297,812,2330,3110,3046,2764,2568,2160,2032,2142,2179,2468,2512,2557,2402,2099,1559,1355,1142,769,451,0,0
2024,2024-02-27,Eastbound,Heavy Vehicles,51,37,55,87,116,353,513,366,334,388,402,356,366,290,264,246,196,168,162,119,97,87,75,67,0,0
2024,2024-02-27,Westbound,Heavy Vehicles,55,27,33,51,102,173,307,282,254,322,374,424,395,402,365,352,262,205,212,147,100,84,76,56,0,0
2024,2024-02-27,Westbound,Light Vehicles,638,256,151,194,338,1116,2163,2387,2161,2063,1816,1904,1885,2214,2633,2638,2543,2701,2821,2043,1774,1692,1331,754,0,0
2024,2024-02-27,Eastbound,Light Vehicles,241,144,155,230,674,2060,2534,2614,2510,2357,1856,1814,1831,1963,2027,2294,2385,2272,2105,1524,1274,1118,811,404,0,0
2024,2024-02-27,Eastbound,All Vehicles,292,181,210,317,790,2413,3047,2980,2844,2745,2258,2170,2197,2253,2291,2540,2581,2440,2267,1643,1371,1205,886,471,0,0
2024,2024-02-27,Westbound,All Vehicles,693,283,184,245,440,1289,2470,2669,2415,2385,2190,2328,2280,2616,2998,2990,2805,2906,3033,2190,1874,1776,1407,810,0,0
2024,2024-02-28,Westbound,Light Vehicles,419,269,148,177,351,1201,2154,2350,2302,2022,1778,1706,1967,2278,2544,2653,2576,2544,2644,2202,1787,1832,1613,895,0,0
2024,2024-02-28,Westbound,Heavy Vehicles,43,33,41,52,104,166,315,274,267,320,392,373,386,374,393,342,253,223,206,155,90,94,84,56,0,0
2024,2024-02-28,Eastbound,Heavy Vehicles,53,56,53,104,132,358,573,371,297,422,404,342,357,335,266,252,214,143,184,111,96,89,78,66,0,0
2024,2024-02-28,Eastbound,Light Vehicles,228,157,144,266,683,2040,2717,2529,2428,2112,1942,1826,1823,1986,2183,2450,2420,2105,2110,1599,1383,1249,893,474,0,0
2024,2024-02-28,Westbound,All Vehicles,462,302,189,229,455,1367,2469,2624,2569,2342,2170,2079,2353,2652,2937,2995,2829,2767,2850,2357,1877,1926,1697,951,0,0
2024,2024-02-28,Eastbound,All Vehicles,281,213,197,370,815,2398,3290,2900,2725,2534,2346,2168,2180,2321,2449,2702,2634,2248,2294,1710,1479,1338,971,540,0,0
2024,2024-02-29,Eastbound,Heavy Vehicles,47,58,63,77,145,317,539,374,302,403,390,336,323,311,259,241,185,151,159,126,79,80,83,70,0,0
2024,2024-02-29,Eastbound,Light Vehicles,254,190,174,280,719,1994,2626,2692,2437,2215,1890,1734,1915,2030,2227,2277,2260,2293,2030,1542,1262,1165,835,493,0,0
2024,2024-02-29,Westbound,Heavy Vehicles,38,40,41,50,90,167,307,269,261,329,383,378,406,374,370,331,283,237,184,135,30,81,85,66,0,0
2024,2024-02-29,Westbound,Light Vehicles,451,253,177,191,374,1120,2066,2395,2194,1980,1813,1780,2082,2294,2586,2664,2594,2649,2520,2107,558,1838,1495,952,0,0
2024,2024-02-29,Eastbound,All Vehicles,301,248,237,357,864,2311,3165,3066,2739,2618,2280,2070,2238,2341,2486,2518,2445,2444,2189,1668,1341,1245,918,563,0,0
2024,2024-02-29,Westbound,All Vehicles,489,293,218,241,464,1287,2373,2664,2455,2309,2196,2158,2488,2668,2956,2995,2877,2886,2704,2242,588,1919,1580,1018,0,0
2024,2024-03-01,Westbound,Light Vehicles,504,287,188,188,367,1106,2089,2300,2218,2057,1853,2001,2047,2341,2553,2636,2417,2335,2627,2257,1867,1851,1714,1485,0,0
2024,2024-03-01,Eastbound,Light Vehicles,312,194,175,242,673,1872,2584,2592,2397,2029,1881,1841,1915,2091,2323,2313,2172,2098,2301,1973,1553,1401,1169,756,0,0
2024,2024-03-01,Westbound,Heavy Vehicles,45,55,61,58,96,181,291,288,302,338,363,427,370,403,363,326,297,253,203,147,107,78,74,44,0,0
2024,2024-03-01,Eastbound,Heavy Vehicles,76,57,63,80,154,308,559,381,358,414,397,350,312,305,270,222,226,182,165,109,72,78,75,55,0,0
2024,2024-03-01,Westbound,All Vehicles,549,342,249,246,463,1287,2380,2588,2520,2395,2216,2428,2417,2744,2916,2962,2714,2588,2830,2404,1974,1929,1788,1529,0,0
2024,2024-03-01,Eastbound,All Vehicles,388,251,238,322,827,2180,3143,2973,2755,2443,2278,2191,2227,2396,2593,2535,2398,2280,2466,2082,1625,1479,1244,811,0,0
2024,2024-03-02,Westbound,Light Vehicles,942,495,286,244,269,641,1298,1463,1745,2200,2362,2648,2510,2585,2662,2794,2551,2725,2502,2087,1794,2005,2558,1563,0,0
2024,2024-03-02,Eastbound,Heavy Vehicles,35,38,33,31,51,128,238,202,191,154,171,174,139,154,132,139,127,128,93,64,56,42,53,41,0,0
2024,2024-03-02,Eastbound,Light Vehicles,487,251,203,199,381,1043,1507,1633,2085,2236,2341,2443,2634,2490,2415,2398,2456,2612,2457,1864,1399,1338,1269,864,0,0
2024,2024-03-02,Westbound,Heavy Vehicles,41,30,18,21,46,58,150,159,159,192,168,180,161,145,149,161,128,94,111,99,59,73,88,44,0,0
2024,2024-03-02,Westbound,All Vehicles,983,525,304,265,315,699,1448,1622,1904,2392,2530,2828,2671,2730,2811,2955,2679,2819,2613,2186,1853,2078,2646,1607,0,0
2024,2024-03-02,Eastbound,All Vehicles,522,289,236,230,432,1171,1745,1835,2276,2390,2512,2617,2773,2644,2547,2537,2583,2740,2550,1928,1455,1380,1322,905,0,0
2024,2024-03-03,Westbound,Heavy Vehicles,37,25,21,26,16,24,51,53,75,71,84,107,102,111,103,89,90,92,75,85,90,59,68,45,0,0
2024,2024-03-03,Westbound,Light Vehicles,1101,552,423,275,255,355,676,1013,1290,1754,1992,2300,2529,2440,2396,2584,2499,2545,2242,1927,1938,1716,1336,769,0,0
2024,2024-03-03,Eastbound,Light Vehicles,559,308,226,186,292,552,919,1106,1627,2166,2245,2240,2457,2328,1934,2090,2196,2136,1863,1500,1467,1285,876,439,0,0
2024,2024-03-03,Eastbound,Heavy Vehicles,23,15,26,18,15,55,66,90,77,88,108,115,100,86,102,103,118,105,74,69,94,85,67,59,0,0
2024,2024-03-03,Westbound,All Vehicles,1138,577,444,301,271,379,727,1066,1365,1825,2076,2407,2631,2551,2499,2673,2589,2637,2317,2012,2028,1775,1404,814,0,0
2024,2024-03-03,Eastbound,All Vehicles,582,323,252,204,307,607,985,1196,1704,2254,2353,2355,2557,2414,2036,2193,2314,2241,1937,1569,1561,1370,943,498,0,0
2024,2024-03-04,Eastbound,Light Vehicles,253,132,122,260,710,2023,2620,2501,2458,2082,1884,1670,1741,1886,2019,2269,2131,2229,1928,1500,1217,1036,692,391,0,0
2024,2024-03-04,Westbound,Heavy Vehicles,30,35,42,48,75,150,306,277,277,355,372,364,389,407,176,283,266,201,176,120,95,82,71,50,0,0
2024,2024-03-04,Eastbound,Heavy Vehicles,48,53,56,63,145,339,526,407,359,419,421,383,374,289,279,245,204,175,142,121,93,86,59,37,0,0
2024,2024-03-04,Westbound,Light Vehicles,390,213,157,160,377,1132,2147,2344,2264,2010,1795,1779,1964,1960,971,2270,2724,2654,2640,1924,1602,1410,1172,726,0,0
2024,2024-03-04,Eastbound,All Vehicles,301,185,178,323,855,2362,3146,2908,2817,2501,2305,2053,2115,2175,2298,2514,2335,2404,2070,1621,1310,1122,751,428,0,0
2024,2024-03-04,Westbound,All Vehicles,420,248,199,208,452,1282,2453,2621,2541,2365,2167,2143,2353,2367,1147,2553,2990,2855,2816,2044,1697,1492,1243,776,0,0
2024,2024-03-05,Westbound,Heavy Vehicles,44,32,48,52,88,172,307,283,264,332,365,387,404,410,402,344,281,196,201,136,93,87,78,59,0,0
2024,2024-03-05,Westbound,Light Vehicles,345,223,133,157,346,1168,2248,2292,2254,2039,1819,1890,1876,2241,2674,2559,2621,2730,2776,2085,1802,1690,1321,781,0,0
2024,2024-03-05,Eastbound,Heavy Vehicles,39,48,55,75,145,384,504,347,319,412,406,393,392,279,265,255,187,157,154,152,104,78,68,67,0,0
2024,2024-03-05,Eastbound,Light Vehicles,187,135,143,264,669,2002,2588,2714,2407,2295,1876,1762,1844,1915,2179,2404,2337,2287,2133,1582,1370,1163,752,375,0,0
2024,2024-03-05,Westbound,All Vehicles,389,255,181,209,434,1340,2555,2575,2518,2371,2184,2277,2280,2651,3076,2903,2902,2926,2977,2221,1895,1777,1399,840,0,0
2024,2024-03-05,Eastbound,All Vehicles,226,183,198,339,814,2386,3092,3061,2726,2707,2282,2155,2236,2194,2444,2659,2524,2444,2287,1734,1474,1241,820,442,0,0
2024,2024-03-06,Eastbound,Light Vehicles,226,158,135,262,691,2054,2607,2655,2502,2195,1948,1804,1839,1906,2196,2392,2332,2256,2113,1645,1239,1090,831,447,0,0
2024,2024-03-06,Westbound,Light Vehicles,387,226,158,160,354,1172,2126,2314,2246,2168,1870,1915,2071,2216,2608,2461,2628,2614,2711,2137,1834,1706,1359,789,0,0
2024,2024-03-06,Eastbound,Heavy Vehicles,44,57,59,98,127,338,524,308,323,410,391,356,362,305,263,254,176,176,162,150,92,66,79,48,0,0
2024,2024-03-06,Westbound,Heavy Vehicles,30,40,67,59,108,178,313,251,268,319,396,401,406,392,357,322,298,202,187,132,125,84,61,46,0,0
2024,2024-03-06,Eastbound,All Vehicles,270,215,194,360,818,2392,3131,2963,2825,2605,2339,2160,2201,2211,2459,2646,2508,2432,2275,1795,1331,1156,910,495,0,0
2024,2024-03-06,Westbound,All Vehicles,417,266,225,219,462,1350,2439,2565,2514,2487,2266,2316,2477,2608,2965,2783,2926,2816,2898,2269,1959,1790,1420,835,0,0
2024,2024-03-07,Westbound,Light Vehicles,405,249,168,195,345,1109,2097,2275,2171,2167,1866,1904,2033,2283,2619,2534,2658,2611,2565,2159,1966,1951,1487,895,0,0
2024,2024-03-07,Westbound,Heavy Vehicles,45,40,53,50,91,176,304,236,264,344,381,353,373,411,383,309,298,208,207,134,93,96,63,61,0,0
2024,2024-03-07,Eastbound,Light Vehicles,228,182,143,280,646,1687,2493,2555,2419,2069,1843,1938,1868,1965,2219,2443,2338,2189,2097,1685,1260,1176,874,497,0,0
2024,2024-03-07,Eastbound,Heavy Vehicles,43,52,61,91,125,252,496,372,306,428,353,391,349,285,266,258,189,156,145,129,111,86,66,56,0,0
2024,2024-03-07,Westbound,All Vehicles,450,289,221,245,436,1285,2401,2511,2435,2511,2247,2257,2406,2694,3002,2843,2956,2819,2772,2293,2059,2047,1550,956,0,0
2024,2024-03-07,Eastbound,All Vehicles,271,234,204,371,771,1939,2989,2927,2725,2497,2196,2329,2217,2250,2485,2701,2527,2345,2242,1814,1371,1262,940,553,0,0
2024,2024-03-08,Eastbound,Light Vehicles,272,182,173,239,653,1898,2568,2667,2361,2045,2010,2007,1986,2166,2314,2326,2218,2350,2384,1990,1620,1431,1202,900,0,0
2024,2024-03-08,Westbound,Light Vehicles,499,264,184,196,356,1069,2224,2284,2225,2055,2019,2187,2206,2396,2605,2644,2638,2732,2677,2389,1953,1912,2023,1334,0,0
2024,2024-03-08,Eastbound,Heavy Vehicles,54,52,60,77,148,332,521,403,348,375,353,354,337,288,248,224,214,163,162,130,86,62,76,48,0,0
2024,2024-03-08,Westbound,Heavy Vehicles,42,50,42,64,92,171,297,245,293,354,388,432,372,440,361,303,252,215,167,126,107,75,76,58,0,0
2024,2024-03-08,Eastbound,All Vehicles,326,234,233,316,801,2230,3089,3070,2709,2420,2363,2361,2323,2454,2562,2550,2432,2513,2546,2120,1706,1493,1278,948,0,0
2024,2024-03-08,Westbound,All Vehicles,541,314,226,260,448,1240,2521,2529,2518,2409,2407,2619,2578,2836,2966,2947,2890,2947,2844,2515,2060,1987,2099,1392,0,0
2024,2024-03-09,Eastbound,Heavy Vehicles,29,42,32,44,65,140,232,218,179,166,155,170,152,151,145,127,155,136,106,79,55,60,53,32,0,0
2024,2024-03-09,Eastbound,Light Vehicles,529,282,232,231,383,1061,1466,1699,2076,2290,2378,2403,2610,2681,2376,2585,2499,2484,2243,1850,1494,1427,1331,914,0,0
2024,2024-03-09,Westbound,Light Vehicles,763,489,316,244,258,593,1316,1415,1755,2158,2460,2497,2580,2635,2668,2689,2622,2774,2479,2571,2457,2024,1986,1640,0,0
2024,2024-03-09,Westbound,Heavy Vehicles,41,29,36,24,45,59,173,147,154,155,187,159,183,151,171,150,137,127,84,121,88,75,50,51,0,0
2024,2024-03-09,Eastbound,All Vehicles,558,324,264,275,448,1201,1698,1917,2255,2456,2533,2573,2762,2832,2521,2712,2654,2620,2349,1929,1549,1487,1384,946,0,0
2024,2024-03-09,Westbound,All Vehicles,804,518,352,268,303,652,1489,1562,1909,2313,2647,2656,2763,2786,2839,2839,2759,2901,2563,2692,2545,2099,2036,1691,0,0
2024,2024-03-10,Eastbound,Heavy Vehicles,22,20,25,25,25,55,62,74,95,89,111,113,106,106,105,79,66,95,95,77,70,75,61,53,0,0
2024,2024-03-10,Westbound,Heavy Vehicles,33,29,16,21,22,28,61,56,72,78,94,94,101,89,104,94,81,93,93,78,79,59,58,44,0,0
2024,2024-03-10,Westbound,Light Vehicles,996,548,367,258,221,330,630,891,1151,1776,2051,2149,2510,2351,2525,2500,2469,2573,2217,2045,1897,1768,1442,769,0,0
2024,2024-03-10,Eastbound,Light Vehicles,637,338,216,195,258,567,939,1014,1481,2135,2272,2378,2387,2361,2030,2183,1884,2166,1802,1510,1464,1284,763,436,0,0
2024,2024-03-10,Eastbound,All Vehicles,659,358,241,220,283,622,1001,1088,1576,2224,2383,2491,2493,2467,2135,2262,1950,2261,1897,1587,1534,1359,824,489,0,0
2024,2024-03-10,Westbound,All Vehicles,1029,577,383,279,243,358,691,947,1223,1854,2145,2243,2611,2440,2629,2594,2550,2666,2310,2123,1976,1827,1500,813,0,0
2024,2024-03-11,Eastbound,Light Vehicles,240,164,143,228,722,2058,2592,2654,2542,1964,1808,1746,1746,1563,2127,2258,2270,2165,1966,1440,1242,991,667,355,0,0
2024,2024-03-11,Eastbound,Heavy Vehicles,47,58,43,68,137,323,525,328,282,390,382,352,343,234,291,266,210,167,144,125,108,77,58,58,0,0
2024,2024-03-11,Westbound,Heavy Vehicles,28,24,42,51,83,174,299,255,277,319,397,388,404,408,348,313,278,217,184,139,99,84,59,58,0,0
2024,2024-03-11,Westbound,Light Vehicles,397,194,147,147,366,1100,2116,2369,2261,2120,1796,1888,1990,2156,2446,2683,2654,2675,2689,2008,1614,1373,1170,802,0,0
2024,2024-03-11,Eastbound,All Vehicles,287,222,186,296,859,2381,3117,2982,2824,2354,2190,2098,2089,1797,2418,2524,2480,2332,2110,1565,1350,1068,725,413,0,0
2024,2024-03-11,Westbound,All Vehicles,425,218,189,198,449,1274,2415,2624,2538,2439,2193,2276,2394,2564,2794,2996,2932,2892,2873,2147,1713,1457,1229,860,0,0
2024,2024-03-12,Eastbound,Heavy Vehicles,55,55,63,91,132,322,498,320,295,385,385,367,325,307,270,244,184,140,122,124,88,79,64,60,0,0
2024,2024-03-12,Eastbound,Light Vehicles,229,157,146,240,708,2094,2604,2607,2599,2227,1827,1675,1863,1892,2177,2397,2200,1936,1859,1507,1237,1158,825,422,0,0
2024,2024-03-12,Westbound,Heavy Vehicles,49,28,44,57,93,170,319,264,230,337,369,434,396,374,394,320,272,182,191,134,114,79,85,57,0,0
2024,2024-03-12,Westbound,Light Vehicles,371,212,160,166,381,1167,2194,2321,2281,2119,1745,1800,1983,2277,2650,2604,2624,2644,2707,2024,1813,1651,1303,879,0,0
2024,2024-03-12,Eastbound,All Vehicles,284,212,209,331,840,2416,3102,2927,2894,2612,2212,2042,2188,2199,2447,2641,2384,2076,1981,1631,1325,1237,889,482,0,0
2024,2024-03-12,Westbound,All Vehicles,420,240,204,223,474,1337,2513,2585,2511,2456,2114,2234,2379,2651,3044,2924,2896,2826,2898,2158,1927,1730,1388,936,0,0
2024,2024-03-13,Eastbound,Heavy Vehicles,64,50,57,80,141,332,496,361,304,429,415,358,322,324,291,236,177,159,168,131,104,81,74,53,0,0
2024,2024-03-13,Westbound,Light Vehicles,454,231,155,176,374,1156,2229,2307,2263,2001,1907,1972,2013,2179,2524,2692,2653,2624,2654,2030,1759,1720,1428,987,0,0
2024,2024-03-13,Westbound,Heavy Vehicles,41,40,53,53,104,187,324,267,270,324,399,412,398,380,387,336,268,224,191,126,104,95,74,52,0,0
2024,2024-03-13,Eastbound,Light Vehicles,261,177,148,266,680,2164,2567,2781,2468,2212,1845,1776,1863,2032,2279,2376,2390,1969,2302,1573,1300,1208,829,439,0,0
2024,2024-03-13,Eastbound,All Vehicles,325,227,205,346,821,2496,3063,3142,2772,2641,2260,2134,2185,2356,2570,2612,2567,2128,2470,1704,1404,1289,903,492,0,0
2024,2024-03-13,Westbound,All Vehicles,495,271,208,229,478,1343,2553,2574,2533,2325,2306,2384,2411,2559,2911,3028,2921,2848,2845,2156,1863,1815,1502,1039,0,0
2024,2024-03-14,Eastbound,Light Vehicles,272,163,155,254,693,2061,2669,2550,2476,2250,1997,1821,1876,2038,2238,2382,2196,2214,2161,1500,1241,1145,892,471,0,0
2024,2024-03-14,Eastbound,Heavy Vehicles,45,47,57,84,139,318,533,357,292,413,427,379,381,307,268,224,187,176,134,120,97,71,70,60,0,0
2024,2024-03-14,Westbound,Heavy Vehicles,59,43,48,56,98,179,333,255,255,322,396,369,438,380,369,299,254,191,197,114,93,72,90,65,0,0
2024,2024-03-14,Westbound,Light Vehicles,442,259,198,204,373,1114,2169,2212,2246,2081,1837,1805,2093,2326,2555,2586,2617,2589,2580,2120,1870,1796,1548,948,0,0
2024,2024-03-14,Eastbound,All Vehicles,317,210,212,338,832,2379,3202,2907,2768,2663,2424,2200,2257,2345,2506,2606,2383,2390,2295,1620,1338,1216,962,531,0,0
2024,2024-03-14,Westbound,All Vehicles,501,302,246,260,471,1293,2502,2467,2501,2403,2233,2174,2531,2706,2924,2885,2871,2780,2777,2234,1963,1868,1638,1013,0,0
2024,2024-03-15,Eastbound,Light Vehicles,267,191,135,250,657,1954,2588,2617,2457,2097,2052,1923,2014,2117,2245,2464,2169,2213,2334,1801,1559,1394,1135,825,0,0
2024,2024-03-15,Westbound,Light Vehicles,429,280,191,199,351,1104,2076,2098,2305,2017,1893,2135,2133,2318,2541,2529,2659,2693,2647,2128,1784,1879,1958,1373,0,0
2024,2024-03-15,Westbound,Heavy Vehicles,40,50,36,50,100,158,323,284,272,315,362,390,401,375,407,311,246,201,157,123,91,74,74,51,0,0
2024,2024-03-15,Eastbound,Heavy Vehicles,54,48,58,81,145,305,460,357,316,389,381,348,317,294,230,248,211,185,146,93,78,64,56,48,0,0
2024,2024-03-15,Eastbound,All Vehicles,321,239,193,331,802,2259,3048,2974,2773,2486,2433,2271,2331,2411,2475,2712,2380,2398,2480,1894,1637,1458,1191,873,0,0
2024,2024-03-15,Westbound,All Vehicles,469,330,227,249,451,1262,2399,2382,2577,2332,2255,2525,2534,2693,2948,2840,2905,2894,2804,2251,1875,1953,2032,1424,0,0
2024,2024-03-16,Westbound,Light Vehicles,862,490,314,209,278,613,1298,1469,1722,2187,2427,2446,2612,2651,2708,2607,2558,2812,2552,2091,1843,1800,1925,1518,0,0
2024,2024-03-16,Westbound,Heavy Vehicles,36,27,29,27,39,77,176,165,174,159,191,190,152,170,146,144,142,114,86,74,65,50,39,42,0,0
2024,2024-03-16,Eastbound,Heavy Vehicles,41,30,27,31,53,119,234,175,161,183,168,151,176,156,140,130,149,115,109,62,57,41,48,35,0,0
2024,2024-03-16,Eastbound,Light Vehicles,487,293,201,203,397,997,1463,1642,1949,2255,2402,2476,2479,2642,2430,2385,2465,2540,2311,1699,1420,1374,1357,904,0,0
2024,2024-03-16,Westbound,All Vehicles,898,517,343,236,317,690,1474,1634,1896,2346,2618,2636,2764,2821,2854,2751,2700,2926,2638,2165,1908,1850,1964,1560,0,0
2024,2024-03-16,Eastbound,All Vehicles,528,323,228,234,450,1116,1697,1817,2110,2438,2570,2627,2655,2798,2570,2515,2614,2655,2420,1761,1477,1415,1405,939,0,0
2024,2024-03-17,Eastbound,Heavy Vehicles,28,17,21,14,30,35,59,58,83,81,114,110,100,81,86,84,89,84,99,72,53,55,61,46,0,0
2024,2024-03-17,Eastbound,Light Vehicles,594,356,235,177,247,590,920,951,1331,2005,2256,2309,2470,2285,2289,2131,2118,2049,1976,1394,1455,1143,835,452,0,0
2024,2024-03-17,Westbound,Heavy Vehicles,38,22,18,14,23,21,40,62,62,83,102,89,118,94,99,114,104,91,87,61,64,55,55,36,0,0
2024,2024-03-17,Westbound,Light Vehicles,1353,604,402,252,218,304,597,820,1087,1626,1879,2232,2490,2443,2592,2796,2523,2664,2136,1779,1745,1565,1361,806,0,0
2024,2024-03-17,Eastbound,All Vehicles,622,373,256,191,277,625,979,1009,1414,2086,2370,2419,2570,2366,2375,2215,2207,2133,2075,1466,1508,1198,896,498,0,0
2024,2024-03-17,Westbound,All Vehicles,1391,626,420,266,241,325,637,882,1149,1709,1981,2321,2608,2537,2691,2910,2627,2755,2223,1840,1809,1620,1416,842,0,0
2024,2024-03-18,Eastbound,Heavy Vehicles,42,46,39,66,120,309,496,355,315,380,367,350,289,303,273,253,196,190,159,130,71,68,60,53,0,0
2024,2024-03-18,Eastbound,Light Vehicles,253,147,143,243,708,2023,2658,2603,2539,1996,1836,1644,1771,2017,2158,2277,2282,2242,2097,1495,1170,1024,693,352,0,0
2024,2024-03-18,Westbound,Heavy Vehicles,29,24,31,49,83,154,302,267,281,322,353,372,375,399,373,304,272,198,190,124,92,74,64,46,0,0
2024,2024-03-18,Westbound,Light Vehicles,410,210,132,160,363,1012,2090,2316,2259,2085,1725,1783,2010,2294,2586,2630,2734,2814,2593,1899,1620,1388,1139,688,0,0
2024,2024-03-18,Eastbound,All Vehicles,295,193,182,309,828,2332,3154,2958,2854,2376,2203,1994,2060,2320,2431,2530,2478,2432,2256,1625,1241,1092,753,405,0,0
2024,2024-03-18,Westbound,All Vehicles,439,234,163,209,446,1166,2392,2583,2540,2407,2078,2155,2385,2693,2959,2934,3006,3012,2783,2023,1712,1462,1203,734,0,0
2024,2024-03-19,Eastbound,Heavy Vehicles,41,39,60,77,145,322,518,357,320,355,388,377,360,300,293,267,187,153,148,118,101,68,54,61,0,0
2024,2024-03-19,Eastbound,Light Vehicles,211,179,132,247,728,2104,2683,2779,2585,2168,1872,1781,1811,2029,2179,2391,2411,2225,2096,1558,1266,1143,796,435,0,0
2024,2024-03-19,Westbound,Heavy Vehicles,47,40,33,65,111,156,315,242,255,324,375,383,378,388,362,337,258,200,173,143,105,81,53,57,0,0
2024,2024-03-19,Westbound,Light Vehicles,335,236,158,174,349,1127,2123,2279,2337,2082,1783,1881,2029,2192,2636,2529,2573,2706,2489,2124,1840,1603,1351,822,0,0
2024,2024-03-19,Eastbound,All Vehicles,252,218,192,324,873,2426,3201,3136,2905,2523,2260,2158,2171,2329,2472,2658,2598,2378,2244,1676,1367,1211,850,496,0,0
2024,2024-03-19,Westbound,All Vehicles,382,276,191,239,460,1283,2438,2521,2592,2406,2158,2264,2407,2580,2998,2866,2831,2906,2662,2267,1945,1684,1404,879,0,0
2024,2024-03-20,Eastbound,Light Vehicles,224,180,136,235,700,2081,2721,2617,2379,2167,1883,1800,1838,2001,2129,2352,2328,2276,2198,1570,1304,1140,804,483,0,0
2024,2024-03-20,Eastbound,Heavy Vehicles,65,49,43,105,136,327,514,380,284,371,399,353,326,301,281,248,161,165,147,116,89,62,59,50,0,0
2024,2024-03-20,Westbound,Heavy Vehicles,43,50,54,64,98,175,307,244,289,316,413,414,431,403,401,313,269,215,163,131,90,57,61,64,0,0
2024,2024-03-20,Westbound,Light Vehicles,399,245,172,167,385,1148,2211,2295,2293,2084,1941,1935,1985,2249,2515,2232,2662,2809,2605,2083,1749,1677,1442,845,0,0
2024,2024-03-20,Eastbound,All Vehicles,289,229,179,340,836,2408,3235,2997,2663,2538,2282,2153,2164,2302,2410,2600,2489,2441,2345,1686,1393,1202,863,533,0,0
2024,2024-03-20,Westbound,All Vehicles,442,295,226,231,483,1323,2518,2539,2582,2400,2354,2349,2416,2652,2916,2545,2931,3024,2768,2214,1839,1734,1503,909,0,0
2024,2024-03-21,Westbound,Heavy Vehicles,37,36,38,67,89,196,326,288,258,329,397,365,388,421,354,345,262,247,184,146,107,85,99,52,0,0
2024,2024-03-21,Eastbound,Light Vehicles,250,182,144,259,681,2031,2101,2468,2446,2203,1870,1907,1931,2046,2337,2253,2317,2303,2194,1782,1234,1160,949,542,0,0
2024,2024-03-21,Westbound,Light Vehicles,442,243,167,169,377,1100,2119,2138,2253,2082,1834,1965,2020,2187,2490,2699,2705,2722,2590,2232,1904,1813,2102,1087,0,0
2024,2024-03-21,Eastbound,Heavy Vehicles,43,56,56,86,141,334,420,301,298,419,369,363,363,330,256,234,210,162,151,129,90,82,67,64,0,0
2024,2024-03-21,Westbound,All Vehicles,479,279,205,236,466,1296,2445,2426,2511,2411,2231,2330,2408,2608,2844,3044,2967,2969,2774,2378,2011,1898,2201,1139,0,0
2024,2024-03-21,Eastbound,All Vehicles,293,238,200,345,822,2365,2521,2769,2744,2622,2239,2270,2294,2376,2593,2487,2527,2465,2345,1911,1324,1242,1016,606,0,0
2024,2024-03-22,Westbound,Heavy Vehicles,38,54,47,68,105,180,320,278,238,318,375,425,417,375,390,324,251,236,162,121,88,88,77,57,0,0
2024,2024-03-22,Westbound,Light Vehicles,520,291,219,183,375,1074,2145,2279,2190,2126,1920,1988,2105,2380,2530,2607,2652,2473,2535,2187,1838,1937,1657,1523,0,0
2024,2024-03-22,Eastbound,Heavy Vehicles,55,65,62,73,136,307,480,386,325,363,396,351,318,319,242,225,197,157,143,106,63,66,67,43,0,0
2024,2024-03-22,Eastbound,Light Vehicles,296,173,163,257,683,1966,2566,2551,2470,2053,1983,1879,2079,2234,2385,2459,2371,1937,2077,1856,1398,1409,1168,847,0,0
2024,2024-03-22,Westbound,All Vehicles,558,345,266,251,480,1254,2465,2557,2428,2444,2295,2413,2522,2755,2920,2931,2903,2709,2697,2308,1926,2025,1734,1580,0,0
2024,2024-03-22,Eastbound,All Vehicles,351,238,225,330,819,2273,3046,2937,2795,2416,2379,2230,2397,2553,2627,2684,2568,2094,2220,1962,1461,1475,1235,890,0,0
2024,2024-03-23,Westbound,Heavy Vehicles,31,29,34,32,44,69,164,150,141,185,170,186,196,175,157,168,141,132,126,92,62,68,52,34,0,0
2024,2024-03-23,Eastbound,Light Vehicles,516,288,188,218,412,1034,1540,1701,2090,2290,2338,2395,2504,2538,2439,2339,2411,2366,2200,1649,1397,1495,1366,980,0,0
2024,2024-03-23,Eastbound,Heavy Vehicles,35,34,35,42,64,136,214,202,182,171,127,187,169,146,134,126,135,111,109,62,56,49,54,37,0,0
2024,2024-03-23,Westbound,Light Vehicles,901,503,396,238,268,570,1281,1368,1684,2139,2354,2525,2585,2687,2864,2870,2663,2830,2681,2107,1667,1970,2064,1490,0,0
2024,2024-03-23,Westbound,All Vehicles,932,532,430,270,312,639,1445,1518,1825,2324,2524,2711,2781,2862,3021,3038,2804,2962,2807,2199,1729,2038,2116,1524,0,0
2024,2024-03-23,Eastbound,All Vehicles,551,322,223,260,476,1170,1754,1903,2272,2461,2465,2582,2673,2684,2573,2465,2546,2477,2309,1711,1453,1544,1420,1017,0,0
2024,2024-03-24,Westbound,Light Vehicles,996,554,394,309,234,330,653,948,1166,1741,1993,2311,2379,2505,2588,2780,2465,2511,3007,2060,1926,1709,1421,851,0,0
2024,2024-03-24,Eastbound,Light Vehicles,555,321,201,197,282,591,984,1050,1422,2056,2193,2297,2506,2464,2469,2330,2162,2188,1899,1478,1428,1295,872,462,0,0
2024,2024-03-24,Westbound,Heavy Vehicles,34,19,15,26,18,21,48,56,61,86,96,110,103,90,117,101,88,104,140,95,76,59,47,43,0,0
2024,2024-03-24,Eastbound,Heavy Vehicles,26,15,20,27,21,43,57,75,87,89,93,93,101,92,105,93,94,101,73,75,64,82,63,42,0,0
2024,2024-03-24,Westbound,All Vehicles,1030,573,409,335,252,351,701,1004,1227,1827,2089,2421,2482,2595,2705,2881,2553,2615,3147,2155,2002,1768,1468,894,0,0
2024,2024-03-24,Eastbound,All Vehicles,581,336,221,224,303,634,1041,1125,1509,2145,2286,2390,2607,2556,2574,2423,2256,2289,1972,1553,1492,1377,935,504,0,0
2024,2024-03-25,Westbound,Light Vehicles,419,220,147,159,368,1112,2105,2311,2292,1992,1834,1762,2006,2133,2559,2620,2683,2704,2669,1948,1637,1427,1252,763,0,0
2024,2024-03-25,Eastbound,Light Vehicles,275,147,147,249,682,2109,2580,2516,2468,2044,1831,1647,1853,1923,2220,2366,2326,2055,1941,1488,1191,1056,765,403,0,0
2024,2024-03-25,Eastbound,Heavy Vehicles,59,45,61,70,139,335,483,341,292,418,363,323,324,310,242,283,203,139,150,132,79,82,74,54,0,0
2024,2024-03-25,Westbound,Heavy Vehicles,38,35,36,56,99,142,304,275,282,365,377,352,421,389,376,338,276,210,176,137,89,73,85,49,0,0
2024,2024-03-25,Westbound,All Vehicles,457,255,183,215,467,1254,2409,2586,2574,2357,2211,2114,2427,2522,2935,2958,2959,2914,2845,2085,1726,1500,1337,812,0,0
2024,2024-03-25,Eastbound,All Vehicles,334,192,208,319,821,2444,3063,2857,2760,2462,2194,1970,2177,2233,2462,2649,2529,2194,2091,1620,1270,1138,839,457,0,0
2024,2024-03-26,Eastbound,Heavy Vehicles,40,48,62,95,141,304,529,358,283,418,415,367,338,307,271,265,221,161,147,138,91,77,85,53,0,0
2024,2024-03-26,Westbound,Light Vehicles,367,248,151,158,338,1148,2200,2400,2243,2087,1886,1813,2059,2317,2593,2506,2546,2632,2589,2112,1766,1635,1393,829,0,0
2024,2024-03-26,Westbound,Heavy Vehicles,59,43,50,64,107,167,311,274,304,349,396,403,410,420,374,328,274,219,183,167,123,90,74,54,0,0
2024,2024-03-26,Eastbound,Light Vehicles,225,151,148,244,705,2083,2608,2718,2478,2283,1862,1833,1907,1995,2274,2384,2342,2178,2097,1544,1258,1104,846,452,0,0
2024,2024-03-26,Eastbound,All Vehicles,265,199,210,339,846,2387,3137,3076,2761,2701,2277,2200,2245,2302,2545,2649,2563,2339,2244,1682,1349,1181,931,505,0,0
2024,2024-03-26,Westbound,All Vehicles,426,291,201,222,445,1315,2511,2674,2547,2436,2282,2216,2469,2737,2967,2834,2820,2851,2772,2279,1889,1725,1467,883,0,0
2024,2024-03-27,Eastbound,Light Vehicles,246,170,160,263,696,2133,2610,2611,2276,2172,2004,1846,1925,2098,2187,2358,2360,2079,2187,1714,1332,1232,805,462,0,0
2024,2024-03-27,Eastbound,Heavy Vehicles,57,49,56,91,155,316,516,346,310,380,414,358,324,300,286,261,225,171,161,140,109,65,67,53,0,0
2024,2024-03-27,Westbound,Heavy Vehicles,52,49,45,63,117,182,296,271,268,347,377,332,310,392,341,324,272,213,197,156,146,69,59,45,0,0
2024,2024-03-27,Westbound,Light Vehicles,419,247,166,181,392,1180,2146,2325,2305,2173,1788,1811,1881,2164,2302,2613,2524,2590,2729,2378,1847,1677,1275,938,0,0
2024,2024-03-27,Eastbound,All Vehicles,303,219,216,354,851,2449,3126,2957,2586,2552,2418,2204,2249,2398,2473,2619,2585,2250,2348,1854,1441,1297,872,515,0,0
2024,2024-03-27,Westbound,All Vehicles,471,296,211,244,509,1362,2442,2596,2573,2520,2165,2143,2191,2556,2643,2937,2796,2803,2926,2534,1993,1746,1334,983,0,0
2024,2024-03-28,Eastbound,Heavy Vehicles,60,62,61,86,147,309,540,397,302,414,395,369,314,299,279,245,198,165,153,130,90,69,51,43,0,0
2024,2024-03-28,Westbound,Heavy Vehicles,61,40,50,56,106,153,333,301,276,320,371,383,400,407,359,347,267,216,196,117,100,91,80,52,0,0
2024,2024-03-28,Westbound,Light Vehicles,452,262,188,188,369,1087,2067,2334,2143,2004,1946,2006,2208,2275,2612,2569,2564,2481,2671,2182,2033,2069,1860,1246,0,0
2024,2024-03-28,Eastbound,Light Vehicles,271,180,168,281,729,2010,2533,2596,2402,2140,1906,1924,2058,2249,2399,2460,2191,2242,2383,1785,1449,1395,1088,645,0,0
2024,2024-03-28,Eastbound,All Vehicles,331,242,229,367,876,2319,3073,2993,2704,2554,2301,2293,2372,2548,2678,2705,2389,2407,2536,1915,1539,1464,1139,688,0,0
2024,2024-03-28,Westbound,All Vehicles,513,302,238,244,475,1240,2400,2635,2419,2324,2317,2389,2608,2682,2971,2916,2831,2697,2867,2299,2133,2160,1940,1298,0,0
2024,2024-03-29,Eastbound,Light Vehicles,200,130,132,137,212,365,417,423,489,716,797,793,801,797,788,720,709,760,752,636,592,555,477,298,0,0
2024,2024-03-29,Westbound,Light Vehicles,309,192,164,97,117,148,251,300,376,537,658,717,650,593,642,673,630,694,656,663,542,600,550,454,0,0
2024,2024-03-29,Eastbound,Heavy Vehicles,15,16,14,12,15,24,45,39,46,52,47,41,42,35,33,44,34,32,31,27,17,21,22,23,0,0
2024,2024-03-29,Westbound,Heavy Vehicles,19,19,6,6,17,15,24,33,36,35,33,37,39,31,25,28,32,20,24,22,26,21,23,9,0,0
2024,2024-03-29,Eastbound,All Vehicles,215,146,146,149,227,389,462,462,535,768,844,834,843,832,821,764,743,792,783,663,609,576,499,321,0,0
2024,2024-03-29,Westbound,All Vehicles,328,211,170,103,134,163,275,333,412,572,691,754,689,624,667,701,662,714,680,685,568,621,573,463,0,0
2024,2024-03-30,Eastbound,Heavy Vehicles,23,29,28,31,38,74,113,138,123,122,116,122,96,92,99,109,101,90,79,60,56,39,47,35,0,0
2024,2024-03-30,Westbound,Heavy Vehicles,21,22,13,13,20,47,88,97,114,121,122,129,112,132,130,120,103,93,74,65,45,52,34,32,0,0
2024,2024-03-30,Westbound,Light Vehicles,742,446,257,149,170,341,729,960,1328,1784,2210,2279,2253,2165,2358,2383,2308,2564,2386,1908,1723,1871,1841,1375,0,0
2024,2024-03-30,Eastbound,Light Vehicles,417,245,180,150,290,689,1076,1139,1524,1934,2217,2342,2247,2249,1991,2073,2040,2208,1997,1550,1370,1320,1191,816,0,0
2024,2024-03-30,Eastbound,All Vehicles,440,274,208,181,328,763,1189,1277,1647,2056,2333,2464,2343,2341,2090,2182,2141,2298,2076,1610,1426,1359,1238,851,0,0
2024,2024-03-30,Westbound,All Vehicles,763,468,270,162,190,388,817,1057,1442,1905,2332,2408,2365,2297,2488,2503,2411,2657,2460,1973,1768,1923,1875,1407,0,0
2024,2024-03-31,Westbound,Light Vehicles,886,504,309,235,192,265,495,716,971,1482,1979,2418,2341,2026,2139,2387,2319,2276,2271,1962,1948,1812,1717,1098,0,0
2024,2024-03-31,Eastbound,Light Vehicles,545,269,184,155,209,465,775,822,1106,1767,2047,2372,2296,1952,1882,1905,1991,2141,2166,1687,1513,1436,1078,738,0,0
2024,2024-03-31,Eastbound,Heavy Vehicles,17,10,8,6,12,33,35,50,54,58,64,89,70,70,57,57,67,67,79,70,49,37,37,25,0,0
2024,2024-03-31,Westbound,Heavy Vehicles,26,17,10,13,16,19,31,48,58,55,66,80,81,64,60,68,74,64,55,68,58,45,38,34,0,0
2024,2024-03-31,Westbound,All Vehicles,912,521,319,248,208,284,526,764,1029,1537,2045,2498,2422,2090,2199,2455,2393,2340,2326,2030,2006,1857,1755,1132,0,0
2024,2024-03-31,Eastbound,All Vehicles,562,279,192,161,221,498,810,872,1160,1825,2111,2461,2366,2022,1939,1962,2058,2208,2245,1757,1562,1473,1115,763,0,0
2024,2024-04-01,Westbound,Light Vehicles,672,395,232,193,179,300,598,747,951,1416,1813,2055,2058,2065,2225,2440,2195,2156,3064,2021,1825,1572,1288,795,0,0
2024,2024-04-01,Eastbound,Light Vehicles,222,126,117,97,143,303,346,351,446,648,786,871,848,817,854,791,722,712,695,584,554,436,338,208,0,0
2024,2024-04-01,Westbound,Heavy Vehicles,21,18,22,20,23,32,62,58,93,100,127,120,110,113,91,85,71,86,127,74,88,70,60,26,0,0
2024,2024-04-01,Eastbound,Heavy Vehicles,9,12,15,17,30,42,37,43,31,38,52,38,52,52,47,33,34,36,36,30,29,34,33,29,0,0
2024,2024-04-01,Westbound,All Vehicles,693,413,254,213,202,332,660,805,1044,1516,1940,2175,2168,2178,2316,2525,2266,2242,3191,2095,1913,1642,1348,821,0,0
2024,2024-04-01,Eastbound,All Vehicles,231,138,132,114,173,345,383,394,477,686,838,909,900,869,901,824,756,748,731,614,583,470,371,237,0,0
2024,2024-04-02,Westbound,Light Vehicles,349,187,156,150,342,1028,1919,2283,2206,1991,1859,1818,1875,2248,2440,2583,2688,2605,2458,1963,1644,1529,1216,786,0,0
2024,2024-04-02,Eastbound,Light Vehicles,240,160,162,255,645,1859,2330,2589,2509,2070,1798,1840,1878,1969,2122,2250,2234,2164,1949,1486,1193,991,689,372,0,0
2024,2024-04-02,Westbound,Heavy Vehicles,25,25,36,42,82,147,321,247,273,312,368,378,384,389,323,308,277,205,176,129,96,66,64,57,0,0
2024,2024-04-02,Eastbound,Heavy Vehicles,40,30,52,77,122,267,455,323,301,370,380,348,299,313,249,253,185,155,130,119,90,71,57,45,0,0
2024,2024-04-02,Westbound,All Vehicles,374,212,192,192,424,1175,2240,2530,2479,2303,2227,2196,2259,2637,2763,2891,2965,2810,2634,2092,1740,1595,1280,843,0,0
2024,2024-04-02,Eastbound,All Vehicles,280,190,214,332,767,2126,2785,2912,2810,2440,2178,2188,2177,2282,2371,2503,2419,2319,2079,1605,1283,1062,746,417,0,0
2024,2024-04-03,Westbound,Heavy Vehicles,37,46,34,64,108,165,318,278,268,327,388,370,394,449,391,335,279,219,173,179,119,56,70,55,0,0
2024,2024-04-03,Eastbound,Light Vehicles,214,156,162,243,679,2046,2692,2612,2467,2318,1977,1799,1933,1916,2201,2439,2333,2066,2146,1571,1239,1057,733,391,0,0
2024,2024-04-03,Eastbound,Heavy Vehicles,52,48,54,90,128,360,517,350,305,411,397,384,297,315,259,257,198,150,157,120,96,81,68,52,0,0
2024,2024-04-03,Westbound,Light Vehicles,372,233,165,168,355,1149,2104,2299,2304,2134,1902,1912,2042,2259,2531,2672,2702,2645,2584,2135,1823,1621,1282,821,0,0
2024,2024-04-03,Westbound,All Vehicles,409,279,199,232,463,1314,2422,2577,2572,2461,2290,2282,2436,2708,2922,3007,2981,2864,2757,2314,1942,1677,1352,876,0,0
2024,2024-04-03,Eastbound,All Vehicles,266,204,216,333,807,2406,3209,2962,2772,2729,2374,2183,2230,2231,2460,2696,2531,2216,2303,1691,1335,1138,801,443,0,0
2024,2024-04-04,Westbound,Light Vehicles,410,259,174,152,387,1130,2117,2290,2241,2007,1883,1871,2075,2190,2444,2456,2513,2424,2457,1938,1679,1634,1301,877,0,0
2024,2024-04-04,Westbound,Heavy Vehicles,43,43,41,54,109,181,333,273,270,321,343,367,448,416,357,315,264,194,174,124,95,84,64,48,0,0
2024,2024-04-04,Eastbound,Light Vehicles,252,198,155,245,695,2031,2673,2590,2494,2104,1876,1869,1881,1989,2153,2371,2102,1913,2100,1427,1189,1037,829,451,0,0
2024,2024-04-04,Eastbound,Heavy Vehicles,47,50,62,88,152,323,513,368,306,389,356,355,301,299,269,234,192,167,124,103,76,84,80,45,0,0
2024,2024-04-04,Westbound,All Vehicles,453,302,215,206,496,1311,2450,2563,2511,2328,2226,2238,2523,2606,2801,2771,2777,2618,2631,2062,1774,1718,1365,925,0,0
2024,2024-04-04,Eastbound,All Vehicles,299,248,217,333,847,2354,3186,2958,2800,2493,2232,2224,2182,2288,2422,2605,2294,2080,2224,1530,1265,1121,909,496,0,0
2024,2024-04-05,Westbound,Light Vehicles,407,247,187,183,340,968,1466,2010,1845,1925,1774,1701,1825,2052,2335,2246,2278,2130,2352,1731,1346,1500,1468,832,0,0
2024,2024-04-05,Eastbound,Light Vehicles,270,149,163,224,626,1696,2159,2131,2163,1863,1771,1750,1714,1955,2125,2108,2098,2030,1993,1477,1088,1107,901,578,0,0
2024,2024-04-05,Eastbound,Heavy Vehicles,61,54,56,81,125,242,351,240,281,352,333,287,271,248,238,209,156,134,119,89,50,44,59,44,0,0
2024,2024-04-05,Westbound,Heavy Vehicles,46,27,37,47,89,156,220,230,184,330,358,327,273,358,311,222,227,187,164,108,93,64,57,45,0,0
2024,2024-04-05,Westbound,All Vehicles,453,274,224,230,429,1124,1686,2240,2029,2255,2132,2028,2098,2410,2646,2468,2505,2317,2516,1839,1439,1564,1525,877,0,0
2024,2024-04-05,Eastbound,All Vehicles,331,203,219,305,751,1938,2510,2371,2444,2215,2104,2037,1985,2203,2363,2317,2254,2164,2112,1566,1138,1151,960,622,0,0
2024,2024-04-06,Westbound,Heavy Vehicles,29,25,20,25,17,51,114,119,126,142,161,187,164,162,158,141,138,145,101,76,65,74,34,43,0,0
2024,2024-04-06,Eastbound,Light Vehicles,373,225,172,176,305,859,1238,1366,1770,2079,2238,2554,2634,2713,2537,2411,2222,2268,2153,1729,1510,1426,1241,950,0,0
2024,2024-04-06,Eastbound,Heavy Vehicles,26,25,25,33,41,93,161,127,154,126,139,167,154,144,155,122,113,104,120,77,61,53,56,26,0,0
2024,2024-04-06,Westbound,Light Vehicles,468,350,249,182,182,440,928,1185,1442,1912,2221,2401,2426,2604,2651,2826,2724,2789,2485,1999,1844,1889,1921,1531,0,0
2024,2024-04-06,Westbound,All Vehicles,497,375,269,207,199,491,1042,1304,1568,2054,2382,2588,2590,2766,2809,2967,2862,2934,2586,2075,1909,1963,1955,1574,0,0
2024,2024-04-06,Eastbound,All Vehicles,399,250,197,209,346,952,1399,1493,1924,2205,2377,2721,2788,2857,2692,2533,2335,2372,2273,1806,1571,1479,1297,976,0,0
2024,2024-04-07,Westbound,Light Vehicles,1020,580,659,219,189,349,733,989,1346,1933,2075,2352,2439,2686,2569,2682,2507,2737,2258,1868,1742,1493,1158,715,0,0
2024,2024-04-07,Westbound,Heavy Vehicles,28,23,38,16,29,27,54,66,78,69,95,96,111,103,93,117,95,109,90,79,74,55,32,29,0,0
2024,2024-04-07,Westbound,All Vehicles,1048,603,697,235,218,376,787,1055,1424,2002,2170,2448,2550,2789,2662,2799,2602,2846,2348,1947,1816,1548,1190,744,0,0
2024,2024-04-08,Westbound,Heavy Vehicles,22,30,39,45,89,167,348,286,256,318,365,363,398,389,381,321,291,244,164,111,73,73,68,49,0,0
2024,2024-04-08,Eastbound,Light Vehicles,225,138,140,236,731,2122,2611,2635,2559,2115,1856,1722,1749,1951,2173,2364,2222,2242,2052,1363,1117,927,623,348,0,0
2024,2024-04-08,Westbound,Light Vehicles,398,192,174,154,366,1177,2196,2321,2190,2053,1869,1840,2037,2251,2521,2660,2692,2550,2598,1842,1446,1281,1108,663,0,0
2024,2024-04-08,Eastbound,Heavy Vehicles,49,46,51,70,122,347,503,340,286,398,380,363,333,307,276,245,215,166,122,103,83,62,58,48,0,0
2024,2024-04-08,Westbound,All Vehicles,420,222,213,199,455,1344,2544,2607,2446,2371,2234,2203,2435,2640,2902,2981,2983,2794,2762,1953,1519,1354,1176,712,0,0
2024,2024-04-08,Eastbound,All Vehicles,274,184,191,306,853,2469,3114,2975,2845,2513,2236,2085,2082,2258,2449,2609,2437,2408,2174,1466,1200,989,681,396,0,0
2024,2024-04-09,Eastbound,Heavy Vehicles,42,34,59,74,167,330,495,333,337,402,411,335,344,248,241,206,181,176,129,98,88,70,58,68,0,0
2024,2024-04-09,Eastbound,Light Vehicles,166,158,148,250,696,2128,2645,2650,2487,2118,1900,1792,1772,1861,2049,2165,2150,1993,1776,1302,1075,939,708,358,0,0
2024,2024-04-09,Westbound,Heavy Vehicles,56,32,42,70,95,188,338,277,250,331,369,374,400,384,379,276,250,208,206,117,97,69,58,43,0,0
2024,2024-04-09,Westbound,Light Vehicles,353,202,138,179,375,1244,2171,2337,2189,2123,1876,1797,2023,1932,2332,2035,2269,2291,2549,1829,1513,1458,1140,735,0,0
2024,2024-04-09,Eastbound,All Vehicles,208,192,207,324,863,2458,3140,2983,2824,2520,2311,2127,2116,2109,2290,2371,2331,2169,1905,1400,1163,1009,766,426,0,0
2024,2024-04-09,Westbound,All Vehicles,409,234,180,249,470,1432,2509,2614,2439,2454,2245,2171,2423,2316,2711,2311,2519,2499,2755,1946,1610,1527,1198,778,0,0
2024,2024-04-10,Westbound,Light Vehicles,359,194,165,181,362,1132,2111,2407,2331,2063,1822,1883,2035,2341,2595,2666,2663,2640,2705,2057,1683,1616,1219,811,0,0
2024,2024-04-10,Eastbound,Heavy Vehicles,38,45,64,91,176,325,515,348,299,414,407,362,302,286,258,245,202,167,156,127,91,74,60,64,0,0
2024,2024-04-10,Westbound,Heavy Vehicles,37,33,56,58,90,157,301,266,273,338,413,363,367,426,357,313,262,229,192,128,97,83,55,43,0,0
2024,2024-04-10,Eastbound,Light Vehicles,207,155,140,244,682,2109,2699,2590,2455,2037,1976,1900,1851,2045,2200,2397,2294,2207,2287,1692,1345,1121,793,426,0,0
2024,2024-04-10,Westbound,All Vehicles,396,227,221,239,452,1289,2412,2673,2604,2401,2235,2246,2402,2767,2952,2979,2925,2869,2897,2185,1780,1699,1274,854,0,0
2024,2024-04-10,Eastbound,All Vehicles,245,200,204,335,858,2434,3214,2938,2754,2451,2383,2262,2153,2331,2458,2642,2496,2374,2443,1819,1436,1195,853,490,0,0
2024,2024-04-11,Eastbound,Light Vehicles,213,179,154,240,676,2053,2649,2584,2497,2144,1891,1881,1878,2007,2186,2334,2170,2288,2171,1618,1219,1142,855,512,0,0
2024,2024-04-11,Westbound,Heavy Vehicles,47,35,42,55,96,174,325,308,256,331,357,391,390,434,391,320,254,222,190,141,105,64,62,51,0,0
2024,2024-04-11,Eastbound,Heavy Vehicles,48,49,61,98,148,307,525,375,315,418,371,372,336,294,282,255,181,180,161,109,93,74,66,54,0,0
2024,2024-04-11,Westbound,Light Vehicles,387,257,168,187,347,1189,2154,2340,2251,2081,1866,1873,2000,2235,2572,2641,2516,2556,2529,2166,1853,1721,1338,810,0,0
2024,2024-04-11,Eastbound,All Vehicles,261,228,215,338,824,2360,3174,2959,2812,2562,2262,2253,2214,2301,2468,2589,2351,2468,2332,1727,1312,1216,921,566,0,0
2024,2024-04-11,Westbound,All Vehicles,434,292,210,242,443,1363,2479,2648,2507,2412,2223,2264,2390,2669,2963,2961,2770,2778,2719,2307,1958,1785,1400,861,0,0
2024,2024-04-12,Westbound,Heavy Vehicles,41,34,37,60,94,172,331,298,291,343,377,382,379,398,353,336,251,202,177,124,93,72,74,39,0,0
2024,2024-04-12,Eastbound,Light Vehicles,275,175,164,227,703,1951,2503,2535,2402,2050,1982,1835,1938,2072,1964,2419,2289,2295,2462,1803,1401,1267,1109,780,0,0
2024,2024-04-12,Eastbound,Heavy Vehicles,52,60,66,71,137,331,538,374,313,395,389,339,327,291,241,253,193,163,155,105,81,67,73,44,0,0
2024,2024-04-12,Westbound,Light Vehicles,423,248,178,171,350,1136,2088,2365,2266,2041,2007,2023,2101,2306,2451,2513,2582,2642,2604,2137,1755,1696,1743,1326,0,0
2024,2024-04-12,Westbound,All Vehicles,464,282,215,231,444,1308,2419,2663,2557,2384,2384,2405,2480,2704,2804,2849,2833,2844,2781,2261,1848,1768,1817,1365,0,0
2024,2024-04-12,Eastbound,All Vehicles,327,235,230,298,840,2282,3041,2909,2715,2445,2371,2174,2265,2363,2205,2672,2482,2458,2617,1908,1482,1334,1182,824,0,0
2024,2024-04-13,Eastbound,Light Vehicles,472,273,204,199,421,1052,1550,1671,1938,2187,2447,2379,2597,2656,2627,2474,2594,2593,2279,1744,1398,1290,1157,881,0,0
2024,2024-04-13,Westbound,Light Vehicles,824,443,302,238,257,587,1378,1429,1979,2190,2497,2597,2508,2605,2863,2762,2781,2873,2529,2365,2038,1804,1863,1398,0,0
2024,2024-04-13,Westbound,Heavy Vehicles,32,32,30,27,35,89,168,145,158,187,173,185,147,168,158,171,130,120,102,93,80,64,53,49,0,0
2024,2024-04-13,Eastbound,Heavy Vehicles,28,39,32,43,56,136,245,222,176,155,144,165,160,146,153,141,137,109,102,63,43,49,47,32,0,0
2024,2024-04-13,Eastbound,All Vehicles,500,312,236,242,477,1188,1795,1893,2114,2342,2591,2544,2757,2802,2780,2615,2731,2702,2381,1807,1441,1339,1204,913,0,0
2024,2024-04-13,Westbound,All Vehicles,856,475,332,265,292,676,1546,1574,2137,2377,2670,2782,2655,2773,3021,2933,2911,2993,2631,2458,2118,1868,1916,1447,0,0
2024,2024-04-14,Westbound,Heavy Vehicles,24,29,17,21,14,26,49,72,92,74,90,105,105,100,119,102,115,99,82,77,66,43,64,35,0,0
2024,2024-04-14,Eastbound,Light Vehicles,554,304,211,181,282,632,1017,1032,1393,2110,2209,2340,2393,2287,2328,2195,2229,2402,2104,1528,1251,1101,800,461,0,0
2024,2024-04-14,Eastbound,Heavy Vehicles,22,17,21,26,14,37,67,86,76,93,88,108,108,100,98,90,99,110,93,70,55,74,57,40,0,0
2024,2024-04-14,Westbound,Light Vehicles,904,501,313,241,224,346,684,936,1329,1895,2133,2359,2567,2346,2508,2622,2510,2599,2338,1846,1753,1474,1275,891,0,0
2024,2024-04-14,Westbound,All Vehicles,928,530,330,262,238,372,733,1008,1421,1969,2223,2464,2672,2446,2627,2724,2625,2698,2420,1923,1819,1517,1339,926,0,0
2024,2024-04-14,Eastbound,All Vehicles,576,321,232,207,296,669,1084,1118,1469,2203,2297,2448,2501,2387,2426,2285,2328,2512,2197,1598,1306,1175,857,501,0,0
2024,2024-04-15,Westbound,Light Vehicles,446,182,153,162,341,1120,2090,2235,2212,2033,1806,1930,1987,2204,2517,2665,2662,2649,2689,1847,1391,1236,1150,705,0,0
2024,2024-04-15,Eastbound,Light Vehicles,250,148,144,249,698,2065,2649,2602,2534,2247,2124,1895,1855,1848,1967,2360,2236,2236,2115,1395,1055,1004,664,379,0,0
2024,2024-04-15,Westbound,Heavy Vehicles,38,32,40,47,91,157,318,290,290,325,362,414,390,388,386,350,277,230,184,114,86,66,65,59,0,0
2024,2024-04-15,Eastbound,Heavy Vehicles,41,51,56,75,129,312,545,437,401,480,474,376,328,290,282,252,215,164,140,109,69,78,56,54,0,0
2024,2024-04-15,Westbound,All Vehicles,484,214,193,209,432,1277,2408,2525,2502,2358,2168,2344,2377,2592,2903,3015,2939,2879,2873,1961,1477,1302,1215,764,0,0
2024,2024-04-15,Eastbound,All Vehicles,291,199,200,324,827,2377,3194,3039,2935,2727,2598,2271,2183,2138,2249,2612,2451,2400,2255,1504,1124,1082,720,433,0,0
2024,2024-04-16,Eastbound,Heavy Vehicles,54,48,64,86,134,317,571,404,336,390,349,362,326,301,296,263,178,154,157,130,74,75,60,63,0,0
2024,2024-04-16,Eastbound,Light Vehicles,220,154,161,238,678,2119,2578,2489,2495,2083,1845,1855,1864,1966,2079,2284,2313,2237,2080,1428,1101,1043,733,393,0,0
2024,2024-04-16,Westbound,Light Vehicles,313,200,157,174,366,1151,2136,2248,2200,2034,1810,1881,2108,2305,2551,2705,2570,2646,2574,1854,1509,1479,1222,818,0,0
2024,2024-04-16,Westbound,Heavy Vehicles,56,36,47,67,105,172,342,271,294,354,366,396,395,382,375,376,300,226,193,125,86,64,68,61,0,0
2024,2024-04-16,Eastbound,All Vehicles,274,202,225,324,812,2436,3149,2893,2831,2473,2194,2217,2190,2267,2375,2547,2491,2391,2237,1558,1175,1118,793,456,0,0
2024,2024-04-16,Westbound,All Vehicles,369,236,204,241,471,1323,2478,2519,2494,2388,2176,2277,2503,2687,2926,3081,2870,2872,2767,1979,1595,1543,1290,879,0,0
2024,2024-04-17,Westbound,Heavy Vehicles,33,43,55,68,101,181,320,292,279,359,367,380,366,419,379,359,278,239,174,90,125,77,65,49,0,0
2024,2024-04-17,Eastbound,Light Vehicles,229,154,141,244,692,2112,2581,2576,2486,2148,1912,1961,1812,1976,2126,2296,2348,2196,2241,1523,1192,1134,823,443,0,0
2024,2024-04-17,Westbound,Light Vehicles,397,212,156,164,379,1184,2205,2294,2249,2059,1868,1867,2000,2316,2612,2560,2676,2688,2489,1853,1636,1574,1356,839,0,0
2024,2024-04-17,Eastbound,Heavy Vehicles,51,53,59,86,134,318,526,381,318,419,368,362,318,311,307,234,196,151,161,118,83,79,73,58,0,0
2024,2024-04-17,Westbound,All Vehicles,430,255,211,232,480,1365,2525,2586,2528,2418,2235,2247,2366,2735,2991,2919,2954,2927,2663,1943,1761,1651,1421,888,0,0
2024,2024-04-17,Eastbound,All Vehicles,280,207,200,330,826,2430,3107,2957,2804,2567,2280,2323,2130,2287,2433,2530,2544,2347,2402,1641,1275,1213,896,501,0,0
2024,2024-04-18,Eastbound,Heavy Vehicles,45,54,56,92,134,309,535,378,370,395,368,356,322,306,307,242,204,162,180,130,90,61,70,59,0,0
2024,2024-04-18,Westbound,Heavy Vehicles,31,40,49,50,101,168,318,291,275,338,359,386,387,430,388,380,313,211,211,126,84,84,78,61,0,0
2024,2024-04-18,Eastbound,Light Vehicles,215,170,153,222,674,2046,2573,2483,2472,2064,1955,1925,1931,2006,2091,2390,2137,2286,2218,1512,1191,1115,865,434,0,0
2024,2024-04-18,Westbound,Light Vehicles,412,260,167,178,371,1110,2099,2169,2232,2066,1951,1888,2106,2286,2544,2658,2674,2640,2619,1988,1765,1814,1434,943,0,0
2024,2024-04-18,Eastbound,All Vehicles,260,224,209,314,808,2355,3108,2861,2842,2459,2323,2281,2253,2312,2398,2632,2341,2448,2398,1642,1281,1176,935,493,0,0
2024,2024-04-18,Westbound,All Vehicles,443,300,216,228,472,1278,2417,2460,2507,2404,2310,2274,2493,2716,2932,3038,2987,2851,2830,2114,1849,1898,1512,1004,0,0
2024,2024-04-19,Eastbound,Light Vehicles,310,157,163,258,676,1976,2559,2450,2325,2112,1914,1871,1971,2132,2165,2331,2346,2291,2269,1820,1214,1250,1089,655,0,0
2024,2024-04-19,Westbound,Light Vehicles,474,288,194,191,384,1105,2090,2083,2112,2090,2028,2113,2316,2421,2552,2623,2646,2552,2410,2016,1779,1805,1641,1196,0,0
2024,2024-04-19,Westbound,Heavy Vehicles,41,40,28,51,104,178,312,313,299,348,371,390,385,401,357,312,285,209,151,110,82,68,65,53,0,0
2024,2024-04-19,Eastbound,Heavy Vehicles,62,56,66,91,129,312,538,379,363,402,337,352,287,290,277,261,210,147,144,91,80,52,60,45,0,0
2024,2024-04-19,Eastbound,All Vehicles,372,213,229,349,805,2288,3097,2829,2688,2514,2251,2223,2258,2422,2442,2592,2556,2438,2413,1911,1294,1302,1149,700,0,0
2024,2024-04-19,Westbound,All Vehicles,515,328,222,242,488,1283,2402,2396,2411,2438,2399,2503,2701,2822,2909,2935,2931,2761,2561,2126,1861,1873,1706,1249,0,0
2024,2024-04-20,Westbound,Light Vehicles,795,431,282,247,269,566,1244,1346,1873,2196,2449,2619,2698,2716,2785,2880,2675,2777,2563,1905,1676,1677,1571,1244,0,0
2024,2024-04-20,Eastbound,Heavy Vehicles,38,27,28,34,68,114,212,199,196,159,162,167,139,152,161,122,111,129,95,59,53,39,42,33,0,0
2024,2024-04-20,Eastbound,Light Vehicles,429,293,222,194,413,1018,1397,1562,1858,2288,2387,2380,2503,2541,2549,2443,2363,2477,2201,1423,1222,1245,1176,812,0,0
2024,2024-04-20,Westbound,Heavy Vehicles,27,19,28,33,41,57,157,147,128,198,177,181,190,198,139,176,154,138,99,76,57,55,32,40,0,0
2024,2024-04-20,Westbound,All Vehicles,822,450,310,280,310,623,1401,1493,2001,2394,2626,2800,2888,2914,2924,3056,2829,2915,2662,1981,1733,1732,1603,1284,0,0
2024,2024-04-20,Eastbound,All Vehicles,467,320,250,228,481,1132,1609,1761,2054,2447,2549,2547,2642,2693,2710,2565,2474,2606,2296,1482,1275,1284,1218,845,0,0
2024,2024-04-21,Westbound,Heavy Vehicles,25,22,16,13,23,29,59,55,79,77,79,99,110,98,115,100,110,114,98,74,70,48,42,34,0,0
2024,2024-04-21,Eastbound,Light Vehicles,529,293,217,178,253,554,873,1070,1331,2196,2181,2355,2356,2315,2218,2219,2222,2333,1991,1447,1215,1134,800,409,0,0
2024,2024-04-21,Eastbound,Heavy Vehicles,23,14,16,24,29,48,67,90,80,101,95,95,95,89,105,105,93,96,73,64,49,60,51,47,0,0
2024,2024-04-21,Westbound,Light Vehicles,802,499,346,244,232,366,630,940,1266,1834,2104,2321,2551,2384,2578,2663,2587,2819,2397,1898,1692,1520,1215,694,0,0
2024,2024-04-21,Westbound,All Vehicles,827,521,362,257,255,395,689,995,1345,1911,2183,2420,2661,2482,2693,2763,2697,2933,2495,1972,1762,1568,1257,728,0,0
2024,2024-04-21,Eastbound,All Vehicles,552,307,233,202,282,602,940,1160,1411,2297,2276,2450,2451,2404,2323,2324,2315,2429,2064,1511,1264,1194,851,456,0,0
2024,2024-04-22,Westbound,Heavy Vehicles,26,25,32,46,74,172,307,295,304,359,384,390,388,385,373,385,271,210,145,122,72,65,75,52,0,0
2024,2024-04-22,Eastbound,Light Vehicles,205,149,144,223,696,2079,2610,2449,2384,2072,1831,1771,1833,1861,2009,2321,2354,2225,1753,1336,1066,966,700,370,0,0
2024,2024-04-22,Westbound,Light Vehicles,381,190,123,145,392,1142,2139,2232,2260,1926,1958,1893,2062,2238,2518,2615,2751,2546,2392,1761,1426,1341,1157,707,0,0
2024,2024-04-22,Eastbound,Heavy Vehicles,42,54,43,63,127,325,543,387,361,412,371,361,313,283,294,257,203,180,136,113,73,74,64,43,0,0
2024,2024-04-22,Westbound,All Vehicles,407,215,155,191,466,1314,2446,2527,2564,2285,2342,2283,2450,2623,2891,3000,3022,2756,2537,1883,1498,1406,1232,759,0,0
2024,2024-04-22,Eastbound,All Vehicles,247,203,187,286,823,2404,3153,2836,2745,2484,2202,2132,2146,2144,2303,2578,2557,2405,1889,1449,1139,1040,764,413,0,0
2024,2024-04-23,Westbound,Light Vehicles,322,227,141,173,386,1117,2187,2276,2288,1999,1924,1940,2000,2212,2617,2561,2616,2667,2569,2079,1547,1513,1298,952,0,0
2024,2024-04-23,Westbound,Heavy Vehicles,38,38,42,64,96,175,299,315,288,352,411,370,375,399,369,373,302,221,189,146,86,80,65,61,0,0
2024,2024-04-23,Eastbound,Heavy Vehicles,41,48,55,88,147,314,511,393,364,408,379,359,329,334,269,242,213,175,,105,59,75,79,64,0,0
2024,2024-04-23,Eastbound,Light Vehicles,189,138,175,238,671,2085,2563,2609,2559,2217,1974,1828,1863,1956,2091,2295,2324,2249,,1491,1226,1101,831,425,0,0
2024,2024-04-23,Westbound,All Vehicles,360,265,183,237,482,1292,2486,2591,2576,2351,2335,2310,2375,2611,2986,2934,2918,2888,2758,2225,1633,1593,1363,1013,0,0
2024,2024-04-23,Eastbound,All Vehicles,230,186,230,326,818,2399,3074,3002,2923,2625,2353,2187,2192,2290,2360,2537,2537,2424,,1596,1285,1176,910,489,0,0
2024,2024-04-24,Eastbound,Light Vehicles,247,161,170,248,723,2084,2577,2452,2440,2212,1928,1841,1987,2120,2162,2390,2203,2233,2303,1747,1298,1216,981,609,0,0
2024,2024-04-24,Westbound,Heavy Vehicles,48,45,51,77,92,172,318,306,289,335,421,406,364,426,419,350,279,216,211,177,89,78,78,59,0,0
2024,2024-04-24,Eastbound,Heavy Vehicles,48,48,62,91,137,337,500,382,392,426,404,380,329,353,301,251,194,139,167,127,78,67,44,42,0,0
2024,2024-04-24,Westbound,Light Vehicles,491,239,172,167,391,1173,2203,2233,2262,2106,2002,1927,2158,2328,2532,2701,2574,2533,2701,2473,1744,1716,1529,1133,0,0
2024,2024-04-24,Eastbound,All Vehicles,295,209,232,339,860,2421,3077,2834,2832,2638,2332,2221,2316,2473,2463,2641,2397,2372,2470,1874,1376,1283,1025,651,0,0
2024,2024-04-24,Westbound,All Vehicles,539,284,223,244,483,1345,2521,2539,2551,2441,2423,2333,2522,2754,2951,3051,2853,2749,2912,2650,1833,1794,1607,1192,0,0
2024,2024-04-25,Westbound,Heavy Vehicles,14,6,7,10,13,6,28,33,44,43,29,30,28,26,36,43,33,37,26,30,22,27,22,14,0,0
2024,2024-04-25,Eastbound,Light Vehicles,184,125,97,138,196,302,376,375,458,649,768,861,883,786,721,685,703,744,709,607,487,463,339,234,0,0
2024,2024-04-25,Westbound,Light Vehicles,280,187,144,96,117,148,259,349,398,594,676,636,631,600,658,714,660,718,726,622,555,536,463,327,0,0
2024,2024-04-25,Eastbound,Heavy Vehicles,14,17,16,16,18,24,36,43,37,36,34,48,38,50,34,33,29,43,35,32,30,31,31,32,0,0
2024,2024-04-25,Westbound,All Vehicles,294,193,151,106,130,154,287,382,442,637,705,666,659,626,694,757,693,755,752,652,577,563,485,341,0,0
2024,2024-04-25,Eastbound,All Vehicles,198,142,113,154,214,326,412,418,495,685,802,909,921,836,755,718,732,787,744,639,517,494,370,266,0,0
2024,2024-04-26,Westbound,Light Vehicles,386,241,134,163,289,780,1745,1865,1955,2034,2077,2200,2203,2341,2552,2648,2634,2700,2650,2049,1585,1614,1599,1319,0,0
2024,2024-04-26,Westbound,Heavy Vehicles,22,28,31,45,71,117,263,255,301,313,352,330,364,376,365,318,262,196,146,129,77,70,55,50,0,0
2024,2024-04-26,Eastbound,Heavy Vehicles,34,42,50,77,123,263,401,365,325,374,325,316,269,256,225,236,183,168,118,121,55,68,58,44,0,0
2024,2024-04-26,Eastbound,Light Vehicles,254,161,159,207,535,1616,2018,2056,2095,2243,2075,2050,2061,2175,2204,2366,2281,2453,2265,1808,1213,1165,1139,702,0,0
2024,2024-04-26,Westbound,All Vehicles,408,269,165,208,360,897,2008,2120,2256,2347,2429,2530,2567,2717,2917,2966,2896,2896,2796,2178,1662,1684,1654,1369,0,0
2024,2024-04-26,Eastbound,All Vehicles,288,203,209,284,658,1879,2419,2421,2420,2617,2400,2366,2330,2431,2429,2602,2464,2621,2383,1929,1268,1233,1197,746,0,0
2024,2024-04-27,Eastbound,Light Vehicles,406,226,186,188,374,885,1319,1488,1770,2050,2421,2531,2445,2572,2465,2320,2373,2528,2318,1668,1271,1303,1161,907,0,0
2024,2024-04-27,Eastbound,Heavy Vehicles,31,39,24,32,55,94,177,191,146,138,180,160,126,148,149,122,139,127,106,54,58,68,48,22,0,0
2024,2024-04-27,Westbound,Light Vehicles,805,449,260,197,213,495,1175,1465,2006,2264,2494,2566,2517,2759,2718,2763,2681,2931,2704,1827,1685,1821,1763,1338,0,0
2024,2024-04-27,Westbound,Heavy Vehicles,39,32,28,31,38,60,157,148,170,174,173,161,164,156,175,160,136,143,104,75,56,42,50,49,0,0
2024,2024-04-27,Eastbound,All Vehicles,437,265,210,220,429,979,1496,1679,1916,2188,2601,2691,2571,2720,2614,2442,2512,2655,2424,1722,1329,1371,1209,929,0,0
2024,2024-04-27,Westbound,All Vehicles,844,481,288,228,251,555,1332,1613,2176,2438,2667,2727,2681,2915,2893,2923,2817,3074,2808,1902,1741,1863,1813,1387,0,0
2024,2024-04-28,Eastbound,Heavy Vehicles,23,17,22,19,26,40,55,72,67,99,92,116,102,96,96,98,104,92,64,81,57,69,56,40,0,0
2024,2024-04-28,Eastbound,Light Vehicles,558,312,195,194,256,604,946,983,1318,2041,2209,2152,2337,2341,2232,2203,2221,2278,1933,1506,1224,1067,763,391,0,0
2024,2024-04-28,Westbound,Light Vehicles,855,508,282,220,226,360,664,960,1263,1884,2114,2291,2460,2534,2437,2680,2460,2587,2319,1936,1680,1521,1159,706,0,0
2024,2024-04-28,Westbound,Heavy Vehicles,29,14,18,16,17,33,48,51,89,90,85,107,118,118,123,110,119,94,82,71,69,61,41,30,0,0
2024,2024-04-28,Eastbound,All Vehicles,581,329,217,213,282,644,1001,1055,1385,2140,2301,2268,2439,2437,2328,2301,2325,2370,1997,1587,1281,1136,819,431,0,0
2024,2024-04-28,Westbound,All Vehicles,884,522,300,236,243,393,712,1011,1352,1974,2199,2398,2578,2652,2560,2790,2579,2681,2401,2007,1749,1582,1200,736,0,0
2024,2024-04-29,Westbound,Light Vehicles,373,200,154,153,356,1111,2208,2306,2274,1906,1787,1840,2058,2170,2611,2606,2694,2458,2704,1828,1629,1327,1102,705,0,0
2024,2024-04-29,Eastbound,Light Vehicles,235,125,153,269,704,2122,2531,2581,2335,1938,1779,1784,1777,1877,2010,2381,2250,1960,1926,1378,1134,945,646,323,0,0
2024,2024-04-29,Westbound,Heavy Vehicles,23,41,47,57,84,166,328,292,317,352,420,398,402,402,400,370,245,206,160,134,90,68,54,51,0,0
2024,2024-04-29,Eastbound,Heavy Vehicles,42,52,55,77,125,308,533,349,295,397,361,338,310,307,280,256,208,149,152,105,79,66,61,46,0,0
2024,2024-04-29,Westbound,All Vehicles,396,241,201,210,440,1277,2536,2598,2591,2258,2207,2238,2460,2572,3011,2976,2939,2664,2864,1962,1719,1395,1156,756,0,0
2024,2024-04-29,Eastbound,All Vehicles,277,177,208,346,829,2430,3064,2930,2630,2335,2140,2122,2087,2184,2290,2637,2458,2109,2078,1483,1213,1011,707,369,0,0
2024,2024-04-30,Eastbound,Heavy Vehicles,45,45,57,89,137,335,511,360,350,422,386,362,303,306,263,249,196,154,136,111,68,75,60,53,0,0
2024,2024-04-30,Eastbound,Light Vehicles,198,154,145,237,680,2141,2670,2670,2455,2080,1795,1763,1786,1896,2123,2345,2277,2044,2065,1413,1077,982,744,361,0,0
2024,2024-04-30,Westbound,Heavy Vehicles,39,35,45,75,82,189,322,295,269,336,376,417,451,429,402,346,261,188,200,119,89,82,64,55,0,0
2024,2024-04-30,Westbound,Light Vehicles,314,206,168,151,353,1143,2187,2327,2320,2052,1716,1925,1927,2250,2565,2583,2656,2582,2554,1944,1606,1461,1160,743,0,0
2024,2024-04-30,Eastbound,All Vehicles,243,199,202,326,817,2476,3181,3030,2805,2502,2181,2125,2089,2202,2386,2594,2473,2198,2201,1524,1145,1057,804,414,0,0
2024,2024-04-30,Westbound,All Vehicles,353,241,213,226,435,1332,2509,2622,2589,2388,2092,2342,2378,2679,2967,2929,2917,2770,2754,2063,1695,1543,1224,798,0,0
2024,2024-05-01,Westbound,Heavy Vehicles,45,41,53,69,95,184,313,295,300,345,395,445,512,453,403,343,302,218,180,149,96,72,63,48,0,0
2024,2024-05-01,Westbound,Light Vehicles,376,215,182,169,355,1159,2211,2345,2351,2102,1741,1927,2109,2257,2568,2548,2540,2379,2656,1989,1673,1561,1347,839,0,0
2024,2024-05-01,Eastbound,Heavy Vehicles,48,42,58,65,130,348,494,346,378,424,371,371,407,370,283,252,202,167,152,114,63,69,76,58,0,0
2024,2024-05-01,Eastbound,Light Vehicles,214,157,163,261,710,2079,2628,2677,2520,2307,1789,1740,2012,2045,2229,2353,2169,2087,2126,1466,1173,1093,729,363,0,0
2024,2024-05-01,Westbound,All Vehicles,421,256,235,238,450,1343,2524,2640,2651,2447,2136,2372,2621,2710,2971,2891,2842,2597,2836,2138,1769,1633,1410,887,0,0
2024,2024-05-01,Eastbound,All Vehicles,262,199,221,326,840,2427,3122,3023,2898,2731,2160,2111,2419,2415,2512,2605,2371,2254,2278,1580,1236,1162,805,421,0,0
2024,2024-05-02,Eastbound,Light Vehicles,201,169,178,269,675,2082,2656,2467,2415,2071,1955,1851,1866,1957,2140,2452,2225,2180,2196,1509,1186,1095,793,421,0,0
2024,2024-05-02,Eastbound,Heavy Vehicles,36,48,47,82,130,332,480,356,325,421,421,325,296,332,278,259,194,191,164,114,79,72,73,54,0,0
2024,2024-05-02,Westbound,Light Vehicles,392,218,157,181,360,1117,2211,2326,2275,2054,1863,1803,1991,2152,2567,2600,2595,2501,2492,2036,1761,1757,1472,805,0,0
2024,2024-05-02,Westbound,Heavy Vehicles,43,41,31,56,88,197,340,295,295,369,411,395,363,426,409,348,257,244,172,122,97,78,75,58,0,0
2024,2024-05-02,Eastbound,All Vehicles,237,217,225,351,805,2414,3136,2823,2740,2492,2376,2176,2162,2289,2418,2711,2419,2371,2360,1623,1265,1167,866,475,0,0
2024,2024-05-02,Westbound,All Vehicles,435,259,188,237,448,1314,2551,2621,2570,2423,2274,2198,2354,2578,2976,2948,2852,2745,2664,2158,1858,1835,1547,863,0,0
2024,2024-05-03,Eastbound,Light Vehicles,262,188,164,244,639,1939,2590,2575,2380,2118,1957,1870,1838,1948,2202,2414,2152,1955,2085,1752,1288,1221,1071,683,0,0
2024,2024-05-03,Eastbound,Heavy Vehicles,50,47,64,87,132,314,483,355,346,387,338,398,306,285,278,257,187,143,131,110,62,60,72,50,0,0
2024,2024-05-03,Westbound,Light Vehicles,426,229,155,175,374,1120,2143,2298,2224,2100,1884,1937,2142,2208,2061,2467,2450,2455,2517,2107,1680,1687,1567,1201,0,0
2024,2024-05-03,Westbound,Heavy Vehicles,46,34,59,57,95,182,329,321,312,353,413,398,420,384,338,329,207,170,168,125,73,89,68,46,0,0
2024,2024-05-03,Eastbound,All Vehicles,312,235,228,331,771,2253,3073,2930,2726,2505,2295,2268,2144,2233,2480,2671,2339,2098,2216,1862,1350,1281,1143,733,0,0
2024,2024-05-03,Westbound,All Vehicles,472,263,214,232,469,1302,2472,2619,2536,2453,2297,2335,2562,2592,2399,2796,2657,2625,2685,2232,1753,1776,1635,1247,0,0
2024,2024-05-04,Eastbound,Heavy Vehicles,25,31,33,36,46,113,169,162,148,146,161,146,145,164,125,143,118,102,75,65,39,41,50,37,0,0
2024,2024-05-04,Eastbound,Light Vehicles,429,257,206,186,372,955,1303,1573,1922,2215,2381,2488,2674,2684,2594,2459,2259,2403,2124,1561,1246,1215,1180,906,0,0
2024,2024-05-04,Westbound,Light Vehicles,752,437,270,223,256,552,1202,1338,1777,2083,2485,2535,2740,2641,2668,2730,2777,2739,2570,1904,1600,1673,1727,1309,0,0
2024,2024-05-04,Westbound,Heavy Vehicles,40,30,27,33,42,61,161,145,170,182,176,182,188,163,146,156,147,152,109,70,61,53,43,38,0,0
2024,2024-05-04,Eastbound,All Vehicles,454,288,239,222,418,1068,1472,1735,2070,2361,2542,2634,2819,2848,2719,2602,2377,2505,2199,1626,1285,1256,1230,943,0,0
2024,2024-05-04,Westbound,All Vehicles,792,467,297,256,298,613,1363,1483,1947,2265,2661,2717,2928,2804,2814,2886,2924,2891,2679,1974,1661,1726,1770,1347,0,0
2024,2024-05-05,Westbound,Light Vehicles,931,597,400,259,224,311,624,822,1185,1698,1834,2269,2435,2361,2514,2650,2584,2591,2243,1722,1615,1360,1148,630,0,0
2024,2024-05-05,Eastbound,Heavy Vehicles,19,18,26,24,19,42,63,64,77,78,99,104,110,80,79,95,87,88,71,72,61,55,50,40,0,0
2024,2024-05-05,Eastbound,Light Vehicles,564,353,223,194,265,596,931,932,1306,1852,2075,2197,2415,2292,2260,2247,2105,2037,1840,1340,1181,1012,787,380,0,0
2024,2024-05-05,Westbound,Heavy Vehicles,30,20,18,22,13,40,40,54,82,84,91,106,108,115,115,116,122,113,96,67,57,49,41,33,0,0
2024,2024-05-05,Westbound,All Vehicles,961,617,418,281,237,351,664,876,1267,1782,1925,2375,2543,2476,2629,2766,2706,2704,2339,1789,1672,1409,1189,663,0,0
2024,2024-05-05,Eastbound,All Vehicles,583,371,249,218,284,638,994,996,1383,1930,2174,2301,2525,2372,2339,2342,2192,2125,1911,1412,1242,1067,837,420,0,0
2024,2024-05-06,Eastbound,Light Vehicles,216,147,134,231,718,2004,2592,2617,2348,2007,1791,1677,1752,1921,2064,2434,2332,2074,1995,1330,1098,919,661,316,0,0
2024,2024-05-06,Westbound,Light Vehicles,292,154,87,132,346,1087,2117,2339,2249,1991,1733,1771,1972,2169,2480,2529,2630,2506,2614,1792,1452,1313,1086,673,0,0
2024,2024-05-06,Eastbound,Heavy Vehicles,51,41,36,64,122,288,471,311,287,403,394,346,318,322,256,263,206,158,140,112,90,77,51,48,0,0
2024,2024-05-06,Westbound,Heavy Vehicles,31,16,13,44,70,166,322,271,287,359,379,373,396,409,412,325,236,192,171,126,87,77,62,55,0,0
2024,2024-05-06,Eastbound,All Vehicles,267,188,170,295,840,2292,3063,2928,2635,2410,2185,2023,2070,2243,2320,2697,2538,2232,2135,1442,1188,996,712,364,0,0
2024,2024-05-06,Westbound,All Vehicles,323,170,100,176,416,1253,2439,2610,2536,2350,2112,2144,2368,2578,2892,2854,2866,2698,2785,1918,1539,1390,1148,728,0,0
2024,2024-05-07,Eastbound,Light Vehicles,200,157,157,228,738,2083,2538,2594,2443,2098,1924,1728,1766,1883,2240,2319,2319,2137,1973,1368,1090,992,687,349,0,0
2024,2024-05-07,Eastbound,Heavy Vehicles,40,47,67,81,141,338,477,330,300,372,390,367,306,302,270,241,223,159,155,125,107,71,57,61,0,0
2024,2024-05-07,Westbound,Light Vehicles,362,219,156,168,390,1178,2101,2323,2217,2156,1789,1935,2021,2162,2518,2615,2714,2479,2664,2036,1606,1461,1214,737,0,0
2024,2024-05-07,Westbound,Heavy Vehicles,45,35,35,68,107,164,324,293,265,317,379,402,412,455,386,348,272,228,169,140,87,75,79,50,0,0
2024,2024-05-07,Eastbound,All Vehicles,240,204,224,309,879,2421,3015,2924,2743,2470,2314,2095,2072,2185,2510,2560,2542,2296,2128,1493,1197,1063,744,410,0,0
2024,2024-05-07,Westbound,All Vehicles,407,254,191,236,497,1342,2425,2616,2482,2473,2168,2337,2433,2617,2904,2963,2986,2707,2833,2176,1693,1536,1293,787,0,0
2024,2024-05-08,Westbound,Heavy Vehicles,49,37,56,65,106,173,296,254,294,343,398,403,375,430,365,339,252,211,176,135,77,79,79,49,0,0
2024,2024-05-08,Eastbound,Heavy Vehicles,53,44,59,89,146,298,469,337,329,388,404,359,314,298,249,249,213,160,136,132,72,74,66,47,0,0
2024,2024-05-08,Westbound,Light Vehicles,360,230,148,171,347,1143,2157,2321,2267,2166,1827,1757,2026,2229,2427,2588,2516,2551,2701,1941,1592,1549,1265,746,0,0
2024,2024-05-08,Eastbound,Light Vehicles,208,152,143,254,724,2101,2608,2579,2469,2174,1975,1807,1827,1912,2159,2452,2006,2016,1963,1534,1090,1071,731,376,0,0
2024,2024-05-08,Westbound,All Vehicles,409,267,204,236,453,1316,2453,2575,2561,2509,2225,2160,2401,2659,2792,2927,2768,2762,2877,2076,1669,1628,1344,795,0,0
2024,2024-05-08,Eastbound,All Vehicles,261,196,202,343,870,2399,3077,2916,2798,2562,2379,2166,2141,2210,2408,2701,2219,2176,2099,1666,1162,1145,797,423,0,0
2024,2024-05-09,Westbound,Heavy Vehicles,40,27,42,48,96,171,345,278,287,360,374,386,365,416,365,294,257,201,188,135,88,64,75,47,0,0
2024,2024-05-09,Eastbound,Heavy Vehicles,42,55,55,74,145,303,492,376,329,382,407,369,321,285,276,244,214,154,134,132,84,84,64,62,0,0
2024,2024-05-09,Eastbound,Light Vehicles,220,172,150,233,712,2083,2553,2575,2463,2089,1862,1833,1826,2037,2271,2456,2256,1958,2096,1492,1186,1112,784,438,0,0
2024,2024-05-09,Westbound,Light Vehicles,384,249,169,170,347,1125,2124,2161,2255,2101,1817,1882,2127,2315,2606,2662,2702,2506,2536,2092,1822,1766,1348,884,0,0
2024,2024-05-09,Westbound,All Vehicles,424,276,211,218,443,1296,2469,2439,2542,2461,2191,2268,2492,2731,2971,2956,2959,2707,2724,2227,1910,1830,1423,931,0,0
2024,2024-05-09,Eastbound,All Vehicles,262,227,205,307,857,2386,3045,2951,2792,2471,2269,2202,2147,2322,2547,2700,2470,2112,2230,1624,1270,1196,848,500,0,0
2024,2024-05-10,Eastbound,Light Vehicles,256,165,171,258,693,1889,2599,2587,2391,2156,1886,1853,1901,2104,2217,2397,2182,2020,2164,1967,1302,1272,1140,729,0,0
2024,2024-05-10,Westbound,Light Vehicles,395,261,169,193,380,1128,2116,2251,2321,2089,2013,2019,2072,2269,2564,2630,2507,2396,2564,2075,1728,1812,2382,1356,0,0
2024,2024-05-10,Westbound,Heavy Vehicles,42,33,47,64,89,199,297,302,289,372,392,398,413,375,351,271,260,192,157,122,69,81,113,50,0,0
2024,2024-05-10,Eastbound,Heavy Vehicles,58,57,61,83,152,300,458,360,298,382,395,321,325,287,280,266,184,145,155,120,77,55,52,54,0,0
2024,2024-05-10,Eastbound,All Vehicles,314,222,232,341,845,2189,3057,2947,2689,2538,2281,2174,2226,2391,2497,2663,2366,2165,2319,2087,1379,1327,1192,783,0,0
2024,2024-05-10,Westbound,All Vehicles,437,294,216,257,469,1327,2413,2553,2610,2461,2405,2417,2485,2644,2915,2901,2767,2588,2721,2197,1797,1893,2495,1406,0,0
2024,2024-05-11,Westbound,Light Vehicles,790,466,329,216,222,482,1104,1222,1625,1910,2290,2295,2549,2525,2706,2806,2634,2655,2505,1874,1463,1668,1710,1476,0,0
2024,2024-05-11,Eastbound,Heavy Vehicles,29,38,28,25,51,102,167,153,174,152,146,126,132,123,118,128,93,122,89,57,46,42,45,30,0,0
2024,2024-05-11,Westbound,Heavy Vehicles,37,26,26,26,44,64,123,109,130,151,140,153,127,128,131,145,118,104,90,76,51,44,41,36,0,0
2024,2024-05-11,Eastbound,Light Vehicles,448,288,189,216,359,872,1345,1410,1829,2028,2255,2373,2509,2345,2372,2320,2332,2526,2084,1476,1151,1324,1172,834,0,0
2024,2024-05-11,Westbound,All Vehicles,827,492,355,242,266,546,1227,1331,1755,2061,2430,2448,2676,2653,2837,2951,2752,2759,2595,1950,1514,1712,1751,1512,0,0
2024,2024-05-11,Eastbound,All Vehicles,477,326,217,241,410,974,1512,1563,2003,2180,2401,2499,2641,2468,2490,2448,2425,2648,2173,1533,1197,1366,1217,864,0,0
2024,2024-05-12,Eastbound,Light Vehicles,536,339,230,165,249,535,863,926,1226,1967,2192,2546,2535,2441,2334,2373,2531,2377,1917,1518,1345,1165,836,423,0,0
2024,2024-05-12,Westbound,Light Vehicles,839,528,287,269,221,308,551,804,1133,1744,2164,2423,2800,2476,2727,3015,2912,2690,2383,1806,1740,1625,1209,697,0,0
2024,2024-05-12,Westbound,Heavy Vehicles,15,14,19,14,15,21,40,40,59,72,91,80,101,106,106,111,98,100,73,72,63,64,45,37,0,0
2024,2024-05-12,Eastbound,Heavy Vehicles,17,21,20,13,14,33,55,59,65,75,102,90,85,90,99,78,97,110,78,86,63,57,65,51,0,0
2024,2024-05-12,Eastbound,All Vehicles,553,360,250,178,263,568,918,985,1291,2042,2294,2636,2620,2531,2433,2451,2628,2487,1995,1604,1408,1222,901,474,0,0
2024,2024-05-12,Westbound,All Vehicles,854,542,306,283,236,329,591,844,1192,1816,2255,2503,2901,2582,2833,3126,3010,2790,2456,1878,1803,1689,1254,734,0,0
2024,2024-05-13,Westbound,Light Vehicles,362,182,148,139,376,1089,2088,2231,2318,2094,1827,1779,1964,2215,2522,2661,2792,2652,2638,1827,1459,1306,1097,671,0,0
2024,2024-05-13,Eastbound,Heavy Vehicles,45,38,48,65,131,285,416,328,343,375,390,330,339,318,277,255,213,175,145,106,72,72,53,58,0,0
2024,2024-05-13,Westbound,Heavy Vehicles,22,34,36,49,94,182,319,300,276,350,401,391,402,436,378,330,236,207,164,124,99,69,106,104,0,0
2024,2024-05-13,Eastbound,Light Vehicles,206,152,147,223,713,2059,2344,2563,2463,2102,1745,1736,1752,1877,2090,2367,2277,2262,1917,1369,1064,961,640,356,0,0
2024,2024-05-13,Westbound,All Vehicles,384,216,184,188,470,1271,2407,2531,2594,2444,2228,2170,2366,2651,2900,2991,3028,2859,2802,1951,1558,1375,1203,775,0,0
2024,2024-05-13,Eastbound,All Vehicles,251,190,195,288,844,2344,2760,2891,2806,2477,2135,2066,2091,2195,2367,2622,2490,2437,2062,1475,1136,1033,693,414,0,0
2024,2024-05-14,Westbound,Light Vehicles,342,228,159,182,394,1080,2238,2337,2213,2016,1863,1836,1983,2215,2587,2617,2629,2528,2750,2112,1612,1542,1305,821,0,0
2024,2024-05-14,Eastbound,Light Vehicles,207,165,147,216,769,2113,2664,2467,2384,2163,1769,1777,1799,1910,2176,2454,2253,1965,2010,1514,1153,1024,707,390,0,0
2024,2024-05-14,Westbound,Heavy Vehicles,78,64,88,115,104,173,340,283,265,340,374,414,417,432,378,312,228,213,207,125,82,65,80,135,0,0
2024,2024-05-14,Eastbound,Heavy Vehicles,49,43,53,83,161,314,465,352,283,428,369,318,349,313,263,249,216,173,161,132,96,77,75,66,0,0
2024,2024-05-14,Westbound,All Vehicles,420,292,247,297,498,1253,2578,2620,2478,2356,2237,2250,2400,2647,2965,2929,2857,2741,2957,2237,1694,1607,1385,956,0,0
2024,2024-05-14,Eastbound,All Vehicles,256,208,200,299,930,2427,3129,2819,2667,2591,2138,2095,2148,2223,2439,2703,2469,2138,2171,1646,1249,1101,782,456,0,0
2024,2024-05-15,Westbound,Heavy Vehicles,76,72,63,85,104,180,326,283,243,342,393,366,366,453,382,317,242,223,179,143,90,81,97,106,0,0
2024,2024-05-15,Eastbound,Light Vehicles,203,151,151,262,754,2104,2644,2526,2388,2173,1883,1768,1819,1962,2196,2358,2261,2134,2061,1513,1153,1064,776,392,0,0
2024,2024-05-15,Westbound,Light Vehicles,378,246,150,188,408,1170,2190,2349,2168,2193,1856,1830,1959,2227,2553,2602,2656,2586,2438,2111,1699,1529,1389,802,0,0
2024,2024-05-15,Eastbound,Heavy Vehicles,65,46,50,97,150,303,519,354,289,407,407,328,311,277,287,236,226,165,166,128,90,66,63,63,0,0
2024,2024-05-15,Westbound,All Vehicles,454,318,213,273,512,1350,2516,2632,2411,2535,2249,2196,2325,2680,2935,2919,2898,2809,2617,2254,1789,1610,1486,908,0,0
2024,2024-05-15,Eastbound,All Vehicles,268,197,201,359,904,2407,3163,2880,2677,2580,2290,2096,2130,2239,2483,2594,2487,2299,2227,1641,1243,1130,839,455,0,0
2024,2024-05-16,Westbound,Light Vehicles,377,241,183,201,411,1123,2191,2325,2309,2074,1749,1935,2122,2371,2578,2576,2640,2526,2545,2168,1933,1838,1468,874,0,0
2024,2024-05-16,Eastbound,Light Vehicles,186,155,140,255,722,2058,2527,2408,2373,2089,1857,1894,1894,1977,2169,2447,2350,2057,2068,1600,1204,1196,748,423,0,0
2024,2024-05-16,Westbound,Heavy Vehicles,81,92,89,108,105,182,340,302,273,321,411,430,468,406,344,321,273,217,170,118,101,87,71,74,0,0
2024,2024-05-16,Eastbound,Heavy Vehicles,44,62,62,82,150,333,488,364,304,433,410,379,338,316,296,245,203,171,151,136,95,88,67,61,0,0
2024,2024-05-16,Westbound,All Vehicles,458,333,272,309,516,1305,2531,2627,2582,2395,2160,2365,2590,2777,2922,2897,2913,2743,2715,2286,2034,1925,1539,948,0,0
2024,2024-05-16,Eastbound,All Vehicles,230,217,202,337,872,2391,3015,2772,2677,2522,2267,2273,2232,2293,2465,2692,2553,2228,2219,1736,1299,1284,815,484,0,0
2024,2024-05-17,Eastbound,Heavy Vehicles,54,53,63,91,165,307,480,367,300,379,372,359,362,302,,,215,156,140,106,76,49,58,34,0,0
2024,2024-05-17,Westbound,Heavy Vehicles,45,48,58,59,104,193,318,243,245,306,405,404,405,398,350,300,242,216,191,128,77,51,65,41,0,0
2024,2024-05-17,Eastbound,Light Vehicles,262,182,184,254,703,1938,2332,2488,2269,2147,1920,1897,1862,2088,,,2088,2054,2123,1784,1346,1272,1107,690,0,0
2024,2024-05-17,Westbound,Light Vehicles,458,259,175,181,401,1133,1916,2075,2054,1782,1866,1985,2127,2344,2582,2516,2377,2470,2501,2175,1773,1809,1773,1302,0,0
2024,2024-05-17,Eastbound,All Vehicles,316,235,247,345,868,2245,2812,2855,2569,2526,2292,2256,2224,2390,,,2303,2210,2263,1890,1422,1321,1165,724,0,0
2024,2024-05-17,Westbound,All Vehicles,503,307,233,240,505,1326,2234,2318,2299,2088,2271,2389,2532,2742,2932,2816,2619,2686,2692,2303,1850,1860,1838,1343,0,0
2024,2024-05-18,Eastbound,Heavy Vehicles,44,40,33,40,71,103,210,194,185,167,179,186,150,152,161,125,128,114,103,77,46,40,46,38,0,0
2024,2024-05-18,Eastbound,Light Vehicles,453,264,206,202,417,945,1488,1679,2130,2235,2386,2665,2604,2598,2642,2409,2458,2545,2254,1720,1252,1315,1226,875,0,0
2024,2024-05-18,Westbound,Heavy Vehicles,35,27,26,25,48,67,161,173,150,186,201,199,170,185,165,156,158,119,111,85,51,55,52,34,0,0
2024,2024-05-18,Westbound,Light Vehicles,776,428,308,240,285,604,1282,1518,1898,2215,2480,2679,2527,2690,2703,2882,2713,2833,2444,2112,1724,1800,1796,1375,0,0
2024,2024-05-18,Eastbound,All Vehicles,497,304,239,242,488,1048,1698,1873,2315,2402,2565,2851,2754,2750,2803,2534,2586,2659,2357,1797,1298,1355,1272,913,0,0
2024,2024-05-18,Westbound,All Vehicles,811,455,334,265,333,671,1443,1691,2048,2401,2681,2878,2697,2875,2868,3038,2871,2952,2555,2197,1775,1855,1848,1409,0,0
2024,2024-05-19,Westbound,Light Vehicles,863,492,362,236,243,363,734,957,1365,1996,2250,2333,2639,2570,2584,2804,2733,2717,2430,1931,1832,1497,1165,637,0,0
2024,2024-05-19,Eastbound,Light Vehicles,567,318,203,158,264,606,1014,1114,1462,2245,2291,2437,2501,2458,2411,2382,2386,2417,1972,1472,1242,1045,787,384,0,0
2024,2024-05-19,Eastbound,Heavy Vehicles,26,19,20,24,20,36,63,74,95,90,95,103,66,100,81,84,113,101,82,72,71,56,57,68,0,0
2024,2024-05-19,Westbound,Heavy Vehicles,26,22,14,18,24,27,55,74,84,86,85,103,108,107,95,104,102,102,90,85,71,57,48,36,0,0
2024,2024-05-19,Westbound,All Vehicles,889,514,376,254,267,390,789,1031,1449,2082,2335,2436,2747,2677,2679,2908,2835,2819,2520,2016,1903,1554,1213,673,0,0
2024,2024-05-19,Eastbound,All Vehicles,593,337,223,182,284,642,1077,1188,1557,2335,2386,2540,2567,2558,2492,2466,2499,2518,2054,1544,1313,1101,844,452,0,0
2024,2024-05-20,Westbound,Light Vehicles,336,189,135,168,308,1110,2100,2301,2300,1999,1784,1724,2004,2197,2525,2728,2581,2380,2439,1818,1476,1306,1077,675,0,0
2024,2024-05-20,Eastbound,Heavy Vehicles,46,55,56,73,126,283,493,343,306,422,348,334,314,284,249,243,152,153,155,105,76,75,52,42,0,0
2024,2024-05-20,Westbound,Heavy Vehicles,29,36,35,48,94,187,315,294,290,361,366,399,402,384,369,322,250,193,169,103,79,75,67,43,0,0
2024,2024-05-20,Eastbound,Light Vehicles,223,144,145,215,727,1974,2685,2567,2401,2019,1698,1718,1710,1893,2052,2057,1770,2138,1857,1370,1038,878,654,320,0,0
2024,2024-05-20,Westbound,All Vehicles,365,225,170,216,402,1297,2415,2595,2590,2360,2150,2123,2406,2581,2894,3050,2831,2573,2608,1921,1555,1381,1144,718,0,0
2024,2024-05-20,Eastbound,All Vehicles,269,199,201,288,853,2257,3178,2910,2707,2441,2046,2052,2024,2177,2301,2300,1922,2291,2012,1475,1114,953,706,362,0,0
2024,2024-05-21,Eastbound,Heavy Vehicles,39,38,54,97,154,339,483,348,286,417,395,388,328,315,270,268,213,149,139,117,83,78,60,56,0,0
2024,2024-05-21,Eastbound,Light Vehicles,176,153,146,224,734,2100,2616,2401,2416,2081,1833,1782,1777,1922,2207,2262,2145,2126,2035,1361,1112,1083,699,359,0,0
2024,2024-05-21,Westbound,Light Vehicles,310,232,158,154,333,1151,2117,2296,2224,2043,1841,1847,1963,2148,2513,2565,2564,2412,2608,2042,1678,1596,1247,726,0,0
2024,2024-05-21,Westbound,Heavy Vehicles,31,53,29,71,89,217,319,287,255,337,418,416,440,459,383,345,228,214,195,112,86,84,67,49,0,0
2024,2024-05-21,Eastbound,All Vehicles,215,191,200,321,888,2439,3099,2749,2702,2498,2228,2170,2105,2237,2477,2530,2358,2275,2174,1478,1195,1161,759,415,0,0
2024,2024-05-21,Westbound,All Vehicles,341,285,187,225,422,1368,2436,2583,2479,2380,2259,2263,2403,2607,2896,2910,2792,2626,2803,2154,1764,1680,1314,775,0,0
2024,2024-05-22,Westbound,Light Vehicles,361,217,147,179,381,1187,2209,2380,2188,2251,1898,1806,2052,2228,2549,2656,2523,2511,2800,2206,1716,1602,1281,803,0,0
2024,2024-05-22,Eastbound,Light Vehicles,200,170,150,265,681,2162,2682,2583,2382,2168,1902,1869,1822,2023,2171,2396,2206,2074,1971,1557,1145,1113,747,403,0,0
2024,2024-05-22,Eastbound,Heavy Vehicles,54,49,59,71,160,326,511,341,315,425,387,400,300,307,321,271,200,180,156,138,72,65,57,54,0,0
2024,2024-05-22,Westbound,Heavy Vehicles,52,41,46,57,106,186,311,278,271,361,371,414,386,388,398,327,260,235,173,159,97,75,69,44,0,0
2024,2024-05-22,Westbound,All Vehicles,413,258,193,236,487,1373,2520,2658,2459,2612,2269,2220,2438,2616,2947,2983,2783,2746,2973,2365,1813,1677,1350,847,0,0
2024,2024-05-22,Eastbound,All Vehicles,254,219,209,336,841,2488,3193,2924,2697,2593,2289,2269,2122,2330,2492,2667,2406,2254,2127,1695,1217,1178,804,457,0,0
2024,2024-05-23,Westbound,Heavy Vehicles,56,47,46,59,93,220,328,309,308,361,402,403,440,408,370,341,256,227,192,127,90,85,68,68,0,0
2024,2024-05-23,Eastbound,Light Vehicles,231,157,153,248,697,2033,2673,2496,2439,2110,1905,1768,1899,2007,2223,2394,2346,2346,2285,1498,1212,1167,793,429,0,0
2024,2024-05-23,Eastbound,Heavy Vehicles,39,58,50,79,148,328,502,387,321,417,403,348,326,326,301,257,215,160,157,114,89,71,69,60,0,0
2024,2024-05-23,Westbound,Light Vehicles,345,237,152,182,396,1150,2175,2269,2321,2087,1823,1868,2137,2254,2669,2631,2499,2589,2554,2128,1814,1894,1481,863,0,0
2024,2024-05-23,Westbound,All Vehicles,401,284,198,241,489,1370,2503,2578,2629,2448,2225,2271,2577,2662,3039,2972,2755,2816,2746,2255,1904,1979,1549,931,0,0
2024,2024-05-23,Eastbound,All Vehicles,270,215,203,327,845,2361,3175,2883,2760,2527,2308,2116,2225,2333,2524,2651,2561,2506,2442,1612,1301,1238,862,489,0,0
2024,2024-05-24,Eastbound,Heavy Vehicles,52,47,53,89,151,317,464,374,316,352,402,347,337,319,318,228,203,188,134,118,61,57,52,65,0,0
2024,2024-05-24,Eastbound,Light Vehicles,239,171,170,233,686,2014,2576,2529,2409,2075,1942,1878,1943,2149,2341,2447,2253,2084,2207,1745,1362,1190,1151,868,0,0
2024,2024-05-24,Westbound,Heavy Vehicles,42,36,42,68,87,176,315,310,282,352,415,373,393,370,397,325,264,228,184,104,94,61,66,55,0,0
2024,2024-05-24,Westbound,Light Vehicles,422,254,157,174,369,1164,2186,2256,2171,2017,1890,1957,2107,2216,2592,2548,2422,2391,2703,2220,1841,1703,1799,1239,0,0
2024,2024-05-24,Eastbound,All Vehicles,291,218,223,322,837,2331,3040,2903,2725,2427,2344,2225,2280,2468,2659,2675,2456,2272,2341,1863,1423,1247,1203,933,0,0
2024,2024-05-24,Westbound,All Vehicles,464,290,199,242,456,1340,2501,2566,2453,2369,2305,2330,2500,2586,2989,2873,2686,2619,2887,2324,1935,1764,1865,1294,0,0
2024,2024-05-25,Eastbound,Heavy Vehicles,35,35,30,42,67,122,233,210,177,180,157,183,137,135,160,127,129,125,101,82,50,49,47,32,0,0
2024,2024-05-25,Eastbound,Light Vehicles,443,264,186,178,386,962,1465,1619,1877,2185,2360,2453,2598,2528,2512,2494,2358,2659,2328,1633,1227,1238,1233,819,0,0
2024,2024-05-25,Westbound,Heavy Vehicles,35,27,35,18,40,78,150,153,147,174,188,187,186,149,187,144,151,123,100,73,60,54,44,35,0,0
2024,2024-05-25,Westbound,Light Vehicles,706,466,304,247,231,597,1311,1470,1834,2297,2383,2520,2612,2634,2823,2798,2759,2723,2429,1852,1669,1783,1874,1400,0,0
2024,2024-05-25,Eastbound,All Vehicles,478,299,216,220,453,1084,1698,1829,2054,2365,2517,2636,2735,2663,2672,2621,2487,2784,2429,1715,1277,1287,1280,851,0,0
2024,2024-05-25,Westbound,All Vehicles,741,493,339,265,271,675,1461,1623,1981,2471,2571,2707,2798,2783,3010,2942,2910,2846,2529,1925,1729,1837,1918,1435,0,0
2024,2024-05-26,Eastbound,Light Vehicles,512,289,222,180,249,602,928,1036,1419,2163,2304,2394,2447,2478,2306,2325,2306,2335,1857,1390,1205,1127,750,387,0,0
2024,2024-05-26,Eastbound,Heavy Vehicles,15,14,23,17,20,40,75,72,79,109,100,116,103,91,106,101,86,104,92,85,68,60,55,54,0,0
2024,2024-05-26,Westbound,Light Vehicles,933,514,351,240,253,350,674,971,1293,1837,2051,2366,2665,2577,2686,2684,2649,2780,2223,1808,1725,1430,1165,754,0,0
2024,2024-05-26,Westbound,Heavy Vehicles,34,14,21,17,16,24,58,72,81,91,106,114,124,102,89,112,98,92,90,70,79,75,41,24,0,0
2024,2024-05-26,Eastbound,All Vehicles,527,303,245,197,269,642,1003,1108,1498,2272,2404,2510,2550,2569,2412,2426,2392,2439,1949,1475,1273,1187,805,441,0,0
2024,2024-05-26,Westbound,All Vehicles,967,528,372,257,269,374,732,1043,1374,1928,2157,2480,2789,2679,2775,2796,2747,2872,2313,1878,1804,1505,1206,778,0,0
2024,2024-05-27,Eastbound,Heavy Vehicles,35,52,51,75,144,305,477,355,358,394,363,360,341,282,241,200,192,160,147,119,87,67,50,53,0,0
2024,2024-05-27,Westbound,Heavy Vehicles,36,31,36,52,82,159,354,273,269,339,433,422,399,422,400,367,267,245,205,154,82,67,77,48,0,0
2024,2024-05-27,Westbound,Light Vehicles,361,219,159,168,333,1110,2098,2368,2262,2006,1775,1820,2071,2177,2566,2518,2546,2427,2696,2140,1583,1291,1161,727,0,0
2024,2024-05-27,Eastbound,Light Vehicles,203,151,140,244,686,2094,2623,2513,2455,2003,1692,1721,1726,1933,2118,2252,2320,2188,2050,1322,1137,956,651,341,0,0
2024,2024-05-27,Eastbound,All Vehicles,238,203,191,319,830,2399,3100,2868,2813,2397,2055,2081,2067,2215,2359,2452,2512,2348,2197,1441,1224,1023,701,394,0,0
2024,2024-05-27,Westbound,All Vehicles,397,250,195,220,415,1269,2452,2641,2531,2345,2208,2242,2470,2599,2966,2885,2813,2672,2901,2294,1665,1358,1238,775,0,0
2024,2024-05-28,Eastbound,Heavy Vehicles,42,53,53,83,148,317,494,383,276,357,393,344,332,319,264,261,201,171,160,117,82,82,59,64,0,0
2024,2024-05-28,Westbound,Light Vehicles,315,213,134,168,370,1153,2222,2328,2269,2058,1820,1871,2053,2185,2543,2498,2583,2596,2680,1933,1661,1546,1339,712,0,0
2024,2024-05-28,Eastbound,Light Vehicles,183,163,147,252,713,2106,2655,2466,2238,2131,1885,1821,1842,1974,2192,2396,2389,2287,2161,1441,1154,1021,744,385,0,0
2024,2024-05-28,Westbound,Heavy Vehicles,42,42,36,64,101,177,323,260,276,331,358,408,371,417,374,334,268,218,199,114,93,75,88,52,0,0
2024,2024-05-28,Eastbound,All Vehicles,225,216,200,335,861,2423,3149,2849,2514,2488,2278,2165,2174,2293,2456,2657,2590,2458,2321,1558,1236,1103,803,449,0,0
2024,2024-05-28,Westbound,All Vehicles,357,255,170,232,471,1330,2545,2588,2545,2389,2178,2279,2424,2602,2917,2832,2851,2814,2879,2047,1754,1621,1427,764,0,0
2024,2024-05-29,Eastbound,Light Vehicles,213,164,171,237,705,2143,2644,2560,2461,2157,1955,1788,1820,1994,1954,2233,2297,2336,2131,1508,1149,1131,758,344,0,0
2024,2024-05-29,Eastbound,Heavy Vehicles,55,56,65,87,151,311,536,343,335,405,399,351,316,300,243,261,187,183,161,133,98,63,67,66,0,0
2024,2024-05-29,Westbound,Heavy Vehicles,60,44,47,69,93,197,324,282,272,383,371,389,392,396,402,311,259,229,182,120,93,85,78,45,0,0
2024,2024-05-29,Westbound,Light Vehicles,395,234,147,164,374,1202,2257,2289,2263,2072,1904,1846,2054,2171,2484,2546,2617,2595,2676,1987,1686,1575,1376,761,0,0
2024,2024-05-29,Eastbound,All Vehicles,268,220,236,324,856,2454,3180,2903,2796,2562,2354,2139,2136,2294,2197,2494,2484,2519,2292,1641,1247,1194,825,410,0,0
2024,2024-05-29,Westbound,All Vehicles,455,278,194,233,467,1399,2581,2571,2535,2455,2275,2235,2446,2567,2886,2857,2876,2824,2858,2107,1779,1660,1454,806,0,0
2024,2024-05-30,Westbound,Light Vehicles,390,241,150,192,371,1099,2250,2286,2195,2170,1808,1852,2155,2191,2600,2660,2666,2586,2542,2044,1890,1935,1928,862,0,0
2024,2024-05-30,Westbound,Heavy Vehicles,53,45,47,52,100,187,314,290,270,332,374,413,396,423,396,323,245,221,190,119,88,88,104,50,0,0
2024,2024-05-30,Eastbound,Heavy Vehicles,52,50,61,94,133,341,519,358,321,407,415,345,353,328,240,228,195,171,187,123,80,82,69,61,0,0
2024,2024-05-30,Eastbound,Light Vehicles,228,181,160,241,670,2117,2654,2460,2454,2012,1942,1822,1931,2005,2277,2527,2504,2245,2235,1547,1179,1078,840,426,0,0
2024,2024-05-30,Westbound,All Vehicles,443,286,197,244,471,1286,2564,2576,2465,2502,2182,2265,2551,2614,2996,2983,2911,2807,2732,2163,1978,2023,2032,912,0,0
2024,2024-05-30,Eastbound,All Vehicles,280,231,221,335,803,2458,3173,2818,2775,2419,2357,2167,2284,2333,2517,2755,2699,2416,2422,1670,1259,1160,909,487,0,0
2024,2024-05-31,Eastbound,Heavy Vehicles,55,55,50,96,138,319,475,361,314,378,338,372,317,319,267,246,192,154,151,109,65,62,59,46,0,0
2024,2024-05-31,Westbound,Light Vehicles,412,285,177,195,366,1085,2155,2220,2232,2053,1935,2022,2183,2262,2528,2579,2684,2567,2514,2167,1797,1697,1772,1271,0,0
2024,2024-05-31,Eastbound,Light Vehicles,257,179,183,256,673,1973,2720,2567,2420,2091,1859,1853,2036,2097,2365,2464,2219,2313,2251,1771,1326,1155,1092,765,0,0
2024,2024-05-31,Westbound,Heavy Vehicles,51,46,39,60,100,189,298,294,286,378,393,398,406,444,383,326,243,209,138,113,89,69,69,49,0,0
2024,2024-05-31,Eastbound,All Vehicles,312,234,233,352,811,2292,3195,2928,2734,2469,2197,2225,2353,2416,2632,2710,2411,2467,2402,1880,1391,1217,1151,811,0,0
2024,2024-05-31,Westbound,All Vehicles,463,331,216,255,466,1274,2453,2514,2518,2431,2328,2420,2589,2706,2911,2905,2927,2776,2652,2280,1886,1766,1841,1320,0,0
2024,2024-06-01,Westbound,Light Vehicles,820,470,310,246,277,527,1284,1327,1742,2072,2391,2410,2032,2129,2367,2470,2377,2303,2120,1597,1352,1494,1467,1130,0,0
2024,2024-06-01,Westbound,Heavy Vehicles,40,20,29,29,36,56,151,151,147,167,159,170,145,157,135,148,111,113,89,61,54,49,43,35,0,0
2024,2024-06-01,Eastbound,Light Vehicles,460,278,212,194,381,904,1444,1539,1957,2310,2387,2402,2327,2221,2294,2127,2021,2187,1964,1354,1130,1020,999,802,0,0
2024,2024-06-01,Eastbound,Heavy Vehicles,35,40,24,37,56,115,200,161,146,162,153,144,109,113,101,112,97,97,75,61,42,29,34,33,0,0
2024,2024-06-01,Westbound,All Vehicles,860,490,339,275,313,583,1435,1478,1889,2239,2550,2580,2177,2286,2502,2618,2488,2416,2209,1658,1406,1543,1510,1165,0,0
2024,2024-06-01,Eastbound,All Vehicles,495,318,236,231,437,1019,1644,1700,2103,2472,2540,2546,2436,2334,2395,2239,2118,2284,2039,1415,1172,1049,1033,835,0,0
2024,2024-06-02,Westbound,Light Vehicles,735,455,330,217,199,306,648,833,1114,1654,1987,2265,2447,2505,2564,2703,2562,2483,2168,1694,1562,1397,1210,658,0,0
2024,2024-06-02,Westbound,Heavy Vehicles,18,15,14,15,16,24,48,52,76,90,89,99,121,94,108,110,107,94,72,82,59,46,49,36,0,0
2024,2024-06-02,Eastbound,Light Vehicles,475,308,192,158,238,534,887,922,1262,1986,2117,2350,2345,2368,2198,2193,2075,2073,1668,1310,1157,1060,710,316,0,0
2024,2024-06-02,Eastbound,Heavy Vehicles,23,15,21,17,15,38,54,69,77,94,87,102,95,103,92,89,80,95,88,72,57,57,45,45,0,0
2024,2024-06-02,Westbound,All Vehicles,753,470,344,232,215,330,696,885,1190,1744,2076,2364,2568,2599,2672,2813,2669,2577,2240,1776,1621,1443,1259,694,0,0
2024,2024-06-02,Eastbound,All Vehicles,498,323,213,175,253,572,941,991,1339,2080,2204,2452,2440,2471,2290,2282,2155,2168,1756,1382,1214,1117,755,361,0,0
2024,2024-06-03,Westbound,Light Vehicles,321,168,111,134,388,1102,2162,2318,2305,2062,1948,1755,2014,2176,2459,2545,2565,2633,2285,1903,1556,1376,1386,816,0,0
2024,2024-06-03,Eastbound,Heavy Vehicles,40,42,49,75,132,310,478,293,320,395,385,313,287,309,261,249,209,153,136,114,86,70,51,54,0,0
2024,2024-06-03,Westbound,Heavy Vehicles,29,25,45,50,86,171,350,316,288,362,363,428,417,421,409,338,279,215,180,150,76,77,74,51,0,0
2024,2024-06-03,Eastbound,Light Vehicles,209,146,150,256,737,2079,2680,2097,2386,1979,1703,1723,1772,1936,2059,2339,2343,2156,1996,1380,1097,917,675,369,0,0
2024,2024-06-03,Westbound,All Vehicles,350,193,156,184,474,1273,2512,2634,2593,2424,2311,2183,2431,2597,2868,2883,2844,2848,2465,2053,1632,1453,1460,867,0,0
2024,2024-06-03,Eastbound,All Vehicles,249,188,199,331,869,2389,3158,2390,2706,2374,2088,2036,2059,2245,2320,2588,2552,2309,2132,1494,1183,987,726,423,0,0
2024,2024-06-04,Eastbound,Light Vehicles,167,190,153,245,716,2140,2568,2668,2559,2183,1757,1720,1828,1969,2193,2383,2325,2162,2030,1514,1052,1029,727,366,0,0
2024,2024-06-04,Westbound,Heavy Vehicles,49,38,34,66,82,170,361,302,279,365,435,401,408,447,412,371,292,200,165,126,111,78,67,64,0,0
2024,2024-06-04,Eastbound,Heavy Vehicles,38,54,61,93,132,318,470,363,303,374,383,351,344,291,249,259,203,165,160,112,98,76,52,61,0,0
2024,2024-06-04,Westbound,Light Vehicles,325,219,150,152,373,1170,2148,2409,2232,1941,1852,1835,1968,2235,2566,2483,2636,2529,2565,1836,1646,1528,1292,727,0,0
2024,2024-06-04,Eastbound,All Vehicles,205,244,214,338,848,2458,3038,3031,2862,2557,2140,2071,2172,2260,2442,2642,2528,2327,2190,1626,1150,1105,779,427,0,0
2024,2024-06-04,Westbound,All Vehicles,374,257,184,218,455,1340,2509,2711,2511,2306,2287,2236,2376,2682,2978,2854,2928,2729,2730,1962,1757,1606,1359,791,0,0
2024,2024-06-05,Westbound,Heavy Vehicles,43,40,55,54,87,188,348,279,293,391,404,411,421,430,443,351,275,208,160,124,96,72,88,66,0,0
2024,2024-06-05,Eastbound,Light Vehicles,189,170,148,266,666,2132,2637,2704,2466,2122,1884,1703,1804,1965,2250,2444,2395,2156,2033,1438,1071,1020,883,442,0,0
2024,2024-06-05,Westbound,Light Vehicles,382,238,168,170,397,1119,2224,2323,2215,2121,1858,1791,1950,2146,2570,2653,2588,2531,2502,2086,1520,1398,1722,1031,0,0
2024,2024-06-05,Eastbound,Heavy Vehicles,43,54,61,91,149,317,463,346,324,417,393,328,366,279,267,220,191,154,134,124,78,60,62,53,0,0
2024,2024-06-05,Westbound,All Vehicles,425,278,223,224,484,1307,2572,2602,2508,2512,2262,2202,2371,2576,3013,3004,2863,2739,2662,2210,1616,1470,1810,1097,0,0
2024,2024-06-05,Eastbound,All Vehicles,232,224,209,357,815,2449,3100,3050,2790,2539,2277,2031,2170,2244,2517,2664,2586,2310,2167,1562,1149,1080,945,495,0,0
2024,2024-06-06,Eastbound,Light Vehicles,247,177,154,242,670,1937,2599,2530,2458,2195,1856,1922,1934,2067,2256,2366,1943,1874,1917,1351,1140,1049,761,424,0,0
2024,2024-06-06,Eastbound,Heavy Vehicles,45,57,55,85,128,298,445,361,284,364,365,326,317,308,262,222,154,153,114,87,75,76,63,61,0,0
2024,2024-06-06,Westbound,Light Vehicles,463,273,166,177,356,1048,2092,2310,2173,2048,1900,1857,2061,2280,2441,2409,2292,2223,2394,1810,1631,1647,1212,744,0,0
2024,2024-06-06,Westbound,Heavy Vehicles,47,31,41,45,77,178,292,263,322,362,409,395,349,408,413,311,238,200,160,111,65,62,67,40,0,0
2024,2024-06-06,Eastbound,All Vehicles,292,234,209,327,798,2235,3044,2891,2742,2559,2221,2248,2251,2375,2518,2588,2097,2027,2031,1438,1215,1125,824,485,0,0
2024,2024-06-06,Westbound,All Vehicles,510,304,207,222,433,1226,2384,2573,2495,2410,2309,2252,2410,2688,2854,2720,2530,2423,2554,1921,1696,1709,1279,784,0,0
2024,2024-06-07,Eastbound,Light Vehicles,284,167,152,225,662,1881,2404,2373,2401,2150,1959,2002,1996,2196,2205,2403,2371,2343,2167,1805,1318,1224,1059,670,0,0
2024,2024-06-07,Eastbound,Heavy Vehicles,41,50,59,74,138,298,481,356,295,343,329,317,264,234,224,219,157,147,99,106,80,65,52,43,0,0
2024,2024-06-07,Westbound,Light Vehicles,416,217,165,175,359,1038,2035,2242,2132,1910,1881,1986,2221,2271,2661,2594,2621,2691,2566,2162,1741,1714,1710,1223,0,0
2024,2024-06-07,Westbound,Heavy Vehicles,28,39,25,55,88,165,265,249,266,353,345,348,394,332,362,352,290,208,169,132,94,68,59,51,0,0
2024,2024-06-07,Eastbound,All Vehicles,325,217,211,299,800,2179,2885,2729,2696,2493,2288,2319,2260,2430,2429,2622,2528,2490,2266,1911,1398,1289,1111,713,0,0
2024,2024-06-07,Westbound,All Vehicles,444,256,190,230,447,1203,2300,2491,2398,2263,2226,2334,2615,2603,3023,2946,2911,2899,2735,2294,1835,1782,1769,1274,0,0
2024,2024-06-08,Eastbound,Light Vehicles,413,263,199,202,368,928,1338,1424,1814,2135,2214,2393,2437,2547,2398,2390,2271,2409,2104,1646,1229,1152,996,757,0,0
2024,2024-06-08,Eastbound,Heavy Vehicles,29,38,22,40,46,94,160,172,157,127,124,144,120,131,118,111,118,123,91,57,44,28,35,27,0,0
2024,2024-06-08,Westbound,Heavy Vehicles,44,24,26,23,32,65,129,138,142,163,153,151,154,136,140,153,119,108,89,67,56,52,27,33,0,0
2024,2024-06-08,Westbound,Light Vehicles,884,446,284,235,268,468,1143,1312,1632,2082,2184,2377,2497,2476,2689,2579,2582,2646,2305,1875,1533,1640,1625,1368,0,0
2024,2024-06-08,Eastbound,All Vehicles,442,301,221,242,414,1022,1498,1596,1971,2262,2338,2537,2557,2678,2516,2501,2389,2532,2195,1703,1273,1180,1031,784,0,0
2024,2024-06-08,Westbound,All Vehicles,928,470,310,258,300,533,1272,1450,1774,2245,2337,2528,2651,2612,2829,2732,2701,2754,2394,1942,1589,1692,1652,1401,0,0
2024,2024-06-09,Westbound,Light Vehicles,1103,538,332,247,221,323,693,950,1169,1780,2042,2187,2440,2318,2472,2552,2480,2606,2132,1760,1618,1559,1536,1296,0,0
2024,2024-06-09,Eastbound,Light Vehicles,488,285,224,182,239,603,869,959,1304,2015,2168,2293,2416,2295,2267,2171,2141,2321,1872,1495,1179,1152,898,604,0,0
2024,2024-06-09,Eastbound,Heavy Vehicles,18,15,25,18,16,35,68,59,57,87,79,89,81,91,84,67,74,80,68,59,54,26,34,27,0,0
2024,2024-06-09,Westbound,Heavy Vehicles,24,20,18,11,13,22,53,66,67,79,111,82,98,87,113,74,99,107,86,58,68,44,40,37,0,0
2024,2024-06-09,Westbound,All Vehicles,1127,558,350,258,234,345,746,1016,1236,1859,2153,2269,2538,2405,2585,2626,2579,2713,2218,1818,1686,1603,1576,1333,0,0
2024,2024-06-09,Eastbound,All Vehicles,506,300,249,200,255,638,937,1018,1361,2102,2247,2382,2497,2386,2351,2238,2215,2401,1940,1554,1233,1178,932,631,0,0
2024,2024-06-10,Eastbound,Light Vehicles,215,143,104,115,152,290,368,298,385,583,718,813,844,839,811,757,720,730,655,505,488,405,282,164,0,0
2024,2024-06-10,Westbound,Light Vehicles,323,176,140,99,104,117,232,260,293,438,529,644,623,677,701,613,665,331,666,613,519,444,374,243,0,0
2024,2024-06-10,Westbound,Heavy Vehicles,10,10,5,8,9,10,17,32,28,40,37,32,43,40,37,33,24,14,29,44,26,18,24,18,0,0
2024,2024-06-10,Eastbound,Heavy Vehicles,10,10,13,20,21,27,42,37,36,45,31,42,42,41,42,36,36,37,25,26,26,43,26,31,0,0
2024,2024-06-10,Eastbound,All Vehicles,225,153,117,135,173,317,410,335,421,628,749,855,886,880,853,793,756,767,680,531,514,448,308,195,0,0
2024,2024-06-10,Westbound,All Vehicles,333,186,145,107,113,127,249,292,321,478,566,676,666,717,738,646,689,345,695,657,545,462,398,261,0,0
2024,2024-06-11,Westbound,Light Vehicles,315,174,119,139,321,995,1988,2317,2259,2104,1818,1913,2060,2209,2579,2625,2794,2628,2556,1876,1512,1415,1158,692,0,0
2024,2024-06-11,Eastbound,Light Vehicles,195,131,136,227,649,1932,2566,2638,2421,2057,1780,1698,1805,2010,2076,2325,2378,2238,1937,1429,1107,923,679,365,0,0
2024,2024-06-11,Westbound,Heavy Vehicles,31,14,35,60,74,155,333,284,298,310,372,402,383,420,392,340,260,199,197,134,95,78,68,59,0,0
2024,2024-06-11,Eastbound,Heavy Vehicles,35,39,56,75,128,292,493,323,288,391,386,350,287,314,277,265,203,169,151,124,97,80,70,58,0,0
2024,2024-06-11,Westbound,All Vehicles,346,188,154,199,395,1150,2321,2601,2557,2414,2190,2315,2443,2629,2971,2965,3054,2827,2753,2010,1607,1493,1226,751,0,0
2024,2024-06-11,Eastbound,All Vehicles,230,170,192,302,777,2224,3059,2961,2709,2448,2166,2048,2092,2324,2353,2590,2581,2407,2088,1553,1204,1003,749,423,0,0
2024,2024-06-12,Westbound,Heavy Vehicles,41,39,39,60,85,194,337,272,280,353,381,377,411,417,319,348,259,247,166,131,118,66,75,45,0,0
2024,2024-06-12,Eastbound,Heavy Vehicles,57,51,56,88,142,330,544,368,290,427,378,365,298,304,270,252,190,169,156,118,90,64,67,66,0,0
2024,2024-06-12,Westbound,Light Vehicles,354,217,156,171,389,1117,2139,2281,2321,2121,1839,1826,2010,2265,2597,2679,2654,2661,2619,1958,1584,1625,1308,777,0,0
2024,2024-06-12,Eastbound,Light Vehicles,162,158,138,250,707,2079,2621,2447,2369,2196,1909,1775,1731,2070,2163,2407,2295,2403,2062,1495,1200,1035,785,395,0,0
2024,2024-06-12,Westbound,All Vehicles,395,256,195,231,474,1311,2476,2553,2601,2474,2220,2203,2421,2682,2916,3027,2913,2908,2785,2089,1702,1691,1383,822,0,0
2024,2024-06-12,Eastbound,All Vehicles,219,209,194,338,849,2409,3165,2815,2659,2623,2287,2140,2029,2374,2433,2659,2485,2572,2218,1613,1290,1099,852,461,0,0
2024,2024-06-13,Westbound,Heavy Vehicles,41,27,48,53,89,198,323,286,276,335,419,393,378,402,417,355,248,229,189,132,99,79,66,60,0,0
2024,2024-06-13,Eastbound,Heavy Vehicles,36,57,52,84,149,298,459,377,308,417,358,367,300,287,249,242,214,171,163,131,93,72,52,59,0,0
2024,2024-06-13,Westbound,Light Vehicles,396,227,155,205,388,1097,2259,2262,2333,2185,1850,1820,1923,2199,2572,2607,2624,2670,2534,1959,1822,1786,1443,856,0,0
2024,2024-06-13,Eastbound,Light Vehicles,206,165,137,254,709,2057,2651,2525,2405,2183,1860,1843,1862,2011,2200,2493,2310,1824,1863,1475,1198,1059,767,418,0,0
2024,2024-06-13,Westbound,All Vehicles,437,254,203,258,477,1295,2582,2548,2609,2520,2269,2213,2301,2601,2989,2962,2872,2899,2723,2091,1921,1865,1509,916,0,0
2024,2024-06-13,Eastbound,All Vehicles,242,222,189,338,858,2355,3110,2902,2713,2600,2218,2210,2162,2298,2449,2735,2524,1995,2026,1606,1291,1131,819,477,0,0
2024,2024-06-14,Eastbound,Heavy Vehicles,45,62,60,92,153,334,585,375,374,365,385,332,316,284,278,242,200,166,155,108,70,61,63,47,0,0
2024,2024-06-14,Westbound,Heavy Vehicles,43,31,38,60,90,201,315,296,330,352,392,378,393,366,367,309,267,228,156,124,79,69,64,39,0,0
2024,2024-06-14,Eastbound,Light Vehicles,242,170,161,235,660,1906,2761,2578,2456,2003,1883,1793,1982,2122,2308,2458,2186,2033,2275,1728,1250,1146,1030,645,0,0
2024,2024-06-14,Westbound,Light Vehicles,416,255,182,179,374,1077,2097,2275,2308,2028,1917,1890,2094,2281,2549,2650,2610,2389,2479,2031,1712,1667,1757,1234,0,0
2024,2024-06-14,Eastbound,All Vehicles,287,232,221,327,813,2240,3346,2953,2830,2368,2268,2125,2298,2406,2586,2700,2386,2199,2430,1836,1320,1207,1093,692,0,0
2024,2024-06-14,Westbound,All Vehicles,459,286,220,239,464,1278,2412,2571,2638,2380,2309,2268,2487,2647,2916,2959,2877,2617,2635,2155,1791,1736,1821,1273,0,0
2024,2024-06-15,Westbound,Heavy Vehicles,32,30,19,31,33,77,118,126,150,194,182,167,182,157,147,151,135,119,80,72,61,70,85,35,0,0
2024,2024-06-15,Eastbound,Light Vehicles,414,268,197,182,363,930,1421,1367,1830,1914,2075,2391,2485,2605,2493,2419,2473,2393,2254,1515,1150,1216,1071,857,0,0
2024,2024-06-15,Westbound,Light Vehicles,704,417,301,197,228,509,1158,1325,1645,2028,2286,2293,2639,2571,2657,2829,2613,2737,2516,1911,1642,2145,2294,1469,0,0
2024,2024-06-15,Eastbound,Heavy Vehicles,37,33,20,40,49,115,194,198,164,155,163,189,168,142,144,127,137,149,102,69,53,48,37,44,0,0
2024,2024-06-15,Westbound,All Vehicles,736,447,320,228,261,586,1276,1451,1795,2222,2468,2460,2821,2728,2804,2980,2748,2856,2596,1983,1703,2215,2379,1504,0,0
2024,2024-06-15,Eastbound,All Vehicles,451,301,217,222,412,1045,1615,1565,1994,2069,2238,2580,2653,2747,2637,2546,2610,2542,2356,1584,1203,1264,1108,901,0,0
2024,2024-06-16,Eastbound,Light Vehicles,537,318,200,163,267,598,936,1041,1386,2078,2297,2268,2361,2386,2222,2208,2224,2261,1882,1379,1218,1126,743,431,0,0
2024,2024-06-16,Westbound,Heavy Vehicles,29,20,12,13,20,26,53,56,86,79,95,108,115,97,82,113,103,113,84,96,73,63,66,47,0,0
2024,2024-06-16,Westbound,Light Vehicles,893,524,356,240,226,341,641,958,1336,1813,1984,2359,2554,2358,2155,2656,2631,2684,2346,2034,1923,1496,1324,724,0,0
2024,2024-06-16,Eastbound,Heavy Vehicles,26,11,28,24,15,31,68,72,94,114,104,103,103,91,90,93,103,98,94,72,58,74,53,43,0,0
2024,2024-06-16,Eastbound,All Vehicles,563,329,228,187,282,629,1004,1113,1480,2192,2401,2371,2464,2477,2312,2301,2327,2359,1976,1451,1276,1200,796,474,0,0
2024,2024-06-16,Westbound,All Vehicles,922,544,368,253,246,367,694,1014,1422,1892,2079,2467,2669,2455,2237,2769,2734,2797,2430,2130,1996,1559,1390,771,0,0
2024,2024-06-17,Westbound,Light Vehicles,314,184,125,154,351,1132,2107,2350,2263,1918,1862,1876,1952,2220,2530,2702,2641,2468,2810,1812,1514,1345,1181,707,0,0
2024,2024-06-17,Westbound,Heavy Vehicles,28,34,49,60,85,166,327,259,288,341,410,346,385,407,386,306,292,231,193,121,89,76,66,49,0,0
2024,2024-06-17,Eastbound,Light Vehicles,218,147,137,226,717,1994,2640,2691,2470,2078,1812,1628,1800,2025,2104,2395,2302,2328,1928,1367,1105,907,693,390,0,0
2024,2024-06-17,Eastbound,Heavy Vehicles,39,41,50,67,131,312,513,346,293,402,340,321,319,282,241,251,192,183,119,129,91,63,57,46,0,0
2024,2024-06-17,Westbound,All Vehicles,342,218,174,214,436,1298,2434,2609,2551,2259,2272,2222,2337,2627,2916,3008,2933,2699,3003,1933,1603,1421,1247,756,0,0
2024,2024-06-17,Eastbound,All Vehicles,257,188,187,293,848,2306,3153,3037,2763,2480,2152,1949,2119,2307,2345,2646,2494,2511,2047,1496,1196,970,750,436,0,0
2024,2024-06-18,Eastbound,Light Vehicles,201,156,148,238,697,2065,2547,2517,2411,2218,1813,1702,1756,1830,2087,2453,2363,2394,2157,1450,1147,1060,801,450,0,0
2024,2024-06-18,Eastbound,Heavy Vehicles,51,42,65,90,124,328,477,348,261,391,335,314,326,261,223,213,160,136,150,124,88,83,55,57,0,0
2024,2024-06-18,Westbound,Light Vehicles,331,200,145,174,365,1118,2166,2310,2322,2008,1806,1890,2020,2246,2604,2667,2539,2690,2743,1980,1667,1545,1356,728,0,0
2024,2024-06-18,Westbound,Heavy Vehicles,48,39,38,53,113,182,346,282,276,340,371,392,418,431,382,326,280,217,179,135,80,79,67,66,0,0
2024,2024-06-18,Eastbound,All Vehicles,252,198,213,328,821,2393,3024,2865,2672,2609,2148,2016,2082,2091,2310,2666,2523,2530,2307,1574,1235,1143,856,507,0,0
2024,2024-06-18,Westbound,All Vehicles,379,239,183,227,478,1300,2512,2592,2598,2348,2177,2282,2438,2677,2986,2993,2819,2907,2922,2115,1747,1624,1423,794,0,0
2024,2024-06-19,Eastbound,Light Vehicles,219,163,163,241,688,2118,2715,2431,2442,2256,1909,1813,1820,2009,2254,2379,2260,2068,2153,1530,1197,1078,755,445,0,0
2024,2024-06-19,Westbound,Heavy Vehicles,51,34,43,56,92,206,317,307,267,360,392,360,411,441,381,327,259,225,168,135,104,82,78,59,0,0
2024,2024-06-19,Eastbound,Heavy Vehicles,41,48,58,80,133,332,419,273,267,382,361,302,287,258,256,188,160,140,119,88,66,59,52,43,0,0
2024,2024-06-19,Westbound,Light Vehicles,381,229,159,176,389,1067,2261,2368,2119,2017,1872,1854,1934,2253,2570,2549,2543,2550,2746,2052,1781,1647,1295,779,0,0
2024,2024-06-19,Eastbound,All Vehicles,260,211,221,321,821,2450,3134,2704,2709,2638,2270,2115,2107,2267,2510,2567,2420,2208,2272,1618,1263,1137,807,488,0,0
2024,2024-06-19,Westbound,All Vehicles,432,263,202,232,481,1273,2578,2675,2386,2377,2264,2214,2345,2694,2951,2876,2802,2775,2914,2187,1885,1729,1373,838,0,0
2024,2024-06-20,Westbound,Light Vehicles,351,209,160,161,387,1147,2238,2281,2219,2112,1915,1896,2006,2172,2532,2434,2667,2474,2565,2073,1969,1835,1465,805,0,0
2024,2024-06-20,Westbound,Heavy Vehicles,35,39,47,56,94,187,329,311,311,334,353,402,359,396,373,311,256,231,192,126,114,77,85,63,0,0
2024,2024-06-20,Eastbound,Light Vehicles,229,178,179,237,687,2086,2738,2541,2408,2186,1940,1755,1871,2073,2273,,2476,2219,2174,1579,1225,1112,813,432,0,0
2024,2024-06-20,Eastbound,Heavy Vehicles,56,48,49,83,139,220,407,300,259,365,326,317,272,242,214,,147,140,105,104,87,62,56,57,0,0
2024,2024-06-20,Westbound,All Vehicles,386,248,207,217,481,1334,2567,2592,2530,2446,2268,2298,2365,2568,2905,2745,2923,2705,2757,2199,2083,1912,1550,868,0,0
2024,2024-06-20,Eastbound,All Vehicles,285,226,228,320,826,2306,3145,2841,2667,2551,2266,2072,2143,2315,2487,,2623,2359,2279,1683,1312,1174,869,489,0,0
2024,2024-06-21,Eastbound,Light Vehicles,281,190,177,243,698,2050,2801,2605,2455,2191,2073,1994,2005,2179,2354,2463,2435,2440,2406,1793,1382,1234,1079,716,0,0
2024,2024-06-21,Eastbound,Heavy Vehicles,56,45,54,91,117,225,380,303,252,332,301,288,238,235,221,176,151,96,134,86,53,41,47,49,0,0
2024,2024-06-21,Westbound,Light Vehicles,450,282,183,186,393,1092,2181,2264,2292,2068,1967,2026,2235,2310,2567,2609,2618,2581,2585,2164,1867,1860,1807,1313,0,0
2024,2024-06-21,Westbound,Heavy Vehicles,55,35,45,61,89,183,329,310,308,322,348,411,395,366,355,310,273,215,164,124,69,73,71,51,0,0
2024,2024-06-21,Eastbound,All Vehicles,337,235,231,334,815,2275,3181,2908,2707,2523,2374,2282,2243,2414,2575,2639,2586,2536,2540,1879,1435,1275,1126,765,0,0
2024,2024-06-21,Westbound,All Vehicles,505,317,228,247,482,1275,2510,2574,2600,2390,2315,2437,2630,2676,2922,2919,2891,2796,2749,2288,1936,1933,1878,1364,0,0
2024,2024-06-22,Eastbound,Light Vehicles,418,250,203,213,387,918,1343,1442,1832,2173,2364,2394,2100,2074,2530,2400,2261,2475,2172,1623,1226,1257,1128,858,0,0
2024,2024-06-22,Westbound,Light Vehicles,722,433,266,233,246,509,1101,1263,1625,1871,2181,2331,2346,2453,2634,2659,2660,2595,2401,1908,1805,1776,1798,1256,0,0
2024,2024-06-22,Eastbound,Heavy Vehicles,38,33,30,36,43,88,127,145,117,117,105,98,113,78,82,75,67,87,63,40,33,27,34,21,0,0
2024,2024-06-22,Westbound,Heavy Vehicles,50,32,32,21,32,70,127,119,137,178,172,165,165,151,146,123,153,107,120,82,65,56,54,31,0,0
2024,2024-06-22,Eastbound,All Vehicles,456,283,233,249,430,1006,1470,1587,1949,2290,2469,2492,2213,2152,2612,2475,2328,2562,2235,1663,1259,1284,1162,879,0,0
2024,2024-06-22,Westbound,All Vehicles,772,465,298,254,278,579,1228,1382,1762,2049,2353,2496,2511,2604,2780,2782,2813,2702,2521,1990,1870,1832,1852,1287,0,0
2024,2024-06-23,Westbound,Heavy Vehicles,19,24,14,15,16,26,55,71,86,81,93,103,110,109,102,103,96,105,84,81,62,45,57,43,0,0
2024,2024-06-23,Eastbound,Light Vehicles,545,294,198,190,251,551,871,920,1378,2050,2217,2306,2339,2342,2239,2205,2227,2269,1810,1343,1237,1121,763,384,0,0
2024,2024-06-23,Westbound,Light Vehicles,822,442,302,261,220,321,566,872,1096,1597,2012,2234,2355,2378,2580,2684,2393,2575,2340,1832,1674,1409,1175,648,0,0
2024,2024-06-23,Eastbound,Heavy Vehicles,17,11,16,15,13,23,55,49,56,53,65,84,58,63,76,54,64,55,48,54,37,49,36,38,0,0
2024,2024-06-23,Westbound,All Vehicles,841,466,316,276,236,347,621,943,1182,1678,2105,2337,2465,2487,2682,2787,2489,2680,2424,1913,1736,1454,1232,691,0,0
2024,2024-06-23,Eastbound,All Vehicles,562,305,214,205,264,574,926,969,1434,2103,2282,2390,2397,2405,2315,2259,2291,2324,1858,1397,1274,1170,799,422,0,0
2024,2024-06-24,Eastbound,Light Vehicles,212,152,149,245,703,2046,2685,2542,2317,2066,1724,1650,1814,2204,2246,2345,2369,2200,1979,1372,1120,939,635,346,0,0
2024,2024-06-24,Eastbound,Heavy Vehicles,24,37,38,56,121,202,364,316,260,373,346,301,291,290,244,221,127,130,92,80,68,45,51,37,0,0
2024,2024-06-24,Westbound,Heavy Vehicles,32,27,37,52,82,158,311,275,262,360,397,412,401,421,382,322,262,192,172,125,84,61,70,30,0,0
2024,2024-06-24,Westbound,Light Vehicles,354,174,122,129,360,1059,2080,2360,2195,2040,1820,1694,2009,2178,2525,2644,2697,2372,2419,1880,1482,1335,1092,665,0,0
2024,2024-06-24,Eastbound,All Vehicles,236,189,187,301,824,2248,3049,2858,2577,2439,2070,1951,2105,2494,2490,2566,2496,2330,2071,1452,1188,984,686,383,0,0
2024,2024-06-24,Westbound,All Vehicles,386,201,159,181,442,1217,2391,2635,2457,2400,2217,2106,2410,2599,2907,2966,2959,2564,2591,2005,1566,1396,1162,695,0,0
2024,2024-06-25,Westbound,Light Vehicles,306,215,158,147,378,1153,2188,2298,2201,2138,1831,1843,1998,2158,2541,2611,2624,2473,2508,1986,1599,1486,1267,726,0,0
2024,2024-06-25,Eastbound,Light Vehicles,183,134,161,221,707,2128,2595,2564,2518,2243,1803,1718,1878,1901,2108,2280,2360,2283,1848,1512,1177,1037,705,398,0,0
2024,2024-06-25,Westbound,Heavy Vehicles,33,45,42,60,88,183,320,284,257,356,381,379,408,393,378,332,255,207,188,140,92,80,74,68,0,0
2024,2024-06-25,Eastbound,Heavy Vehicles,39,43,72,78,141,312,485,351,312,388,387,383,313,297,301,235,196,160,160,117,90,73,79,63,0,0
2024,2024-06-25,Westbound,All Vehicles,339,260,200,207,466,1336,2508,2582,2458,2494,2212,2222,2406,2551,2919,2943,2879,2680,2696,2126,1691,1566,1341,794,0,0
2024,2024-06-25,Eastbound,All Vehicles,222,177,233,299,848,2440,3080,2915,2830,2631,2190,2101,2191,2198,2409,2515,2556,2443,2008,1629,1267,1110,784,461,0,0
2024,2024-06-26,Westbound,Heavy Vehicles,30,41,53,66,97,184,325,262,265,306,372,385,369,381,411,343,244,227,190,121,84,65,88,53,0,0
2024,2024-06-26,Eastbound,Heavy Vehicles,46,53,66,92,133,305,524,336,333,424,393,388,330,306,310,269,188,178,133,124,82,55,65,48,0,0
2024,2024-06-26,Westbound,Light Vehicles,384,215,163,165,390,1177,2157,2415,2221,2037,1846,1783,1915,2095,2539,2640,2594,2527,2536,2042,1512,1389,1480,817,0,0
2024,2024-06-26,Eastbound,Light Vehicles,209,156,149,241,672,2114,2523,2390,2374,2130,1898,1789,1807,1955,2208,2369,2185,2015,1933,1545,1107,918,959,421,0,0
2024,2024-06-26,Westbound,All Vehicles,414,256,216,231,487,1361,2482,2677,2486,2343,2218,2168,2284,2476,2950,2983,2838,2754,2726,2163,1596,1454,1568,870,0,0
2024,2024-06-26,Eastbound,All Vehicles,255,209,215,333,805,2419,3047,2726,2707,2554,2291,2177,2137,2261,2518,2638,2373,2193,2066,1669,1189,973,1024,469,0,0
2024,2024-06-27,Eastbound,Light Vehicles,235,160,155,235,664,1994,2547,2396,2333,2190,1891,1802,1887,2021,2096,2022,2284,2167,,1493,1209,1086,808,473,0,0
2024,2024-06-27,Westbound,Heavy Vehicles,39,35,51,44,91,180,326,293,260,338,390,370,387,413,360,298,280,203,195,141,97,84,71,48,0,0
2024,2024-06-27,Westbound,Light Vehicles,407,255,190,175,375,1128,2175,2246,2245,2119,1883,1800,2052,2163,2568,2651,2562,2430,2533,2053,1791,1748,1469,816,0,0
2024,2024-06-27,Eastbound,Heavy Vehicles,37,59,58,90,151,295,490,397,300,389,416,329,313,323,262,188,211,165,,114,90,72,53,61,0,0
2024,2024-06-27,Eastbound,All Vehicles,272,219,213,325,815,2289,3037,2793,2633,2579,2307,2131,2200,2344,2358,2210,2495,2332,,1607,1299,1158,861,534,0,0
2024,2024-06-27,Westbound,All Vehicles,446,290,241,219,466,1308,2501,2539,2505,2457,2273,2170,2439,2576,2928,2949,2842,2633,2728,2194,1888,1832,1540,864,0,0
2024,2024-06-28,Westbound,Heavy Vehicles,40,38,48,45,89,180,309,300,315,302,381,421,381,407,388,327,258,218,163,127,74,74,75,48,0,0
2024,2024-06-28,Westbound,Light Vehicles,427,287,207,185,347,1144,2133,2203,2232,2080,1989,1985,2086,2326,2510,2626,2526,2535,2517,2236,1757,1730,1783,1306,0,0
2024,2024-06-28,Eastbound,Light Vehicles,256,176,160,251,659,1958,2520,2333,2305,2094,2001,1867,1885,2095,2193,2425,2353,2238,2252,1754,1391,1282,1126,735,0,0
2024,2024-06-28,Eastbound,Heavy Vehicles,55,68,63,83,153,326,493,380,297,404,393,389,332,305,296,252,191,177,150,119,80,47,63,47,0,0
2024,2024-06-28,Westbound,All Vehicles,467,325,255,230,436,1324,2442,2503,2547,2382,2370,2406,2467,2733,2898,2953,2784,2753,2680,2363,1831,1804,1858,1354,0,0
2024,2024-06-28,Eastbound,All Vehicles,311,244,223,334,812,2284,3013,2713,2602,2498,2394,2256,2217,2400,2489,2677,2544,2415,2402,1873,1471,1329,1189,782,0,0
2024,2024-06-29,Eastbound,Heavy Vehicles,34,34,36,37,68,122,246,219,177,158,153,158,144,140,146,131,112,166,87,61,55,48,43,37,0,0
2024,2024-06-29,Eastbound,Light Vehicles,459,212,200,208,396,1011,1553,1577,1914,2198,2261,2473,2626,2587,2556,2381,2325,2553,2307,1666,1229,1259,1311,952,0,0
2024,2024-06-29,Westbound,Heavy Vehicles,32,31,26,39,52,76,152,170,153,186,170,170,181,161,156,169,158,117,103,65,62,59,69,32,0,0
2024,2024-06-29,Westbound,Light Vehicles,786,454,302,221,276,559,1330,1398,1654,2118,2357,2501,2533,2728,2742,2723,2856,2692,2579,1929,1756,1680,1802,1457,0,0
2024,2024-06-29,Eastbound,All Vehicles,493,246,236,245,464,1133,1799,1796,2091,2356,2414,2631,2770,2727,2702,2512,2437,2719,2394,1727,1284,1307,1354,989,0,0
2024,2024-06-29,Westbound,All Vehicles,818,485,328,260,328,635,1482,1568,1807,2304,2527,2671,2714,2889,2898,2892,3014,2809,2682,1994,1818,1739,1871,1489,0,0
2024,2024-06-30,Westbound,Light Vehicles,892,493,297,230,248,316,589,812,981,1576,1775,2192,2475,2434,2489,2629,2529,2527,2096,1710,1628,1553,1186,611,0,0
2024,2024-06-30,Eastbound,Light Vehicles,583,305,199,190,273,606,860,940,1334,1969,2071,2260,2374,2329,2223,2034,2007,2095,1629,1298,1181,1033,765,397,0,0
2024,2024-06-30,Westbound,Heavy Vehicles,27,11,21,19,18,27,41,46,69,88,83,97,101,86,113,99,108,93,73,92,61,57,34,36,0,0
2024,2024-06-30,Eastbound,Heavy Vehicles,19,25,20,18,24,32,50,59,97,106,106,104,103,95,86,103,90,76,76,81,65,61,53,48,0,0
2024,2024-06-30,Westbound,All Vehicles,919,504,318,249,266,343,630,858,1050,1664,1858,2289,2576,2520,2602,2728,2637,2620,2169,1802,1689,1610,1220,647,0,0
2024,2024-06-30,Eastbound,All Vehicles,602,330,219,208,297,638,910,999,1431,2075,2177,2364,2477,2424,2309,2137,2097,2171,1705,1379,1246,1094,818,445,0,0
2024,2024-07-01,Eastbound,Heavy Vehicles,36,46,53,71,138,297,474,347,333,419,383,382,310,280,293,236,193,144,152,116,74,52,64,45,0,0
2024,2024-07-01,Westbound,Heavy Vehicles,25,29,37,51,76,163,282,290,277,317,394,363,412,410,403,303,257,215,173,135,90,63,66,51,0,0
2024,2024-07-01,Eastbound,Light Vehicles,210,145,129,236,696,2070,2560,2364,2373,1980,1759,1669,1703,1915,1924,2205,2194,2182,1908,1310,1049,903,588,352,0,0
2024,2024-07-01,Westbound,Light Vehicles,320,187,128,129,342,1075,2114,2282,2087,1984,1825,1695,1953,2220,2533,2579,2650,2533,2351,1824,1548,1214,1107,644,0,0
2024,2024-07-01,Eastbound,All Vehicles,246,191,182,307,834,2367,3034,2711,2706,2399,2142,2051,2013,2195,2217,2441,2387,2326,2060,1426,1123,955,652,397,0,0
2024,2024-07-01,Westbound,All Vehicles,345,216,165,180,418,1238,2396,2572,2364,2301,2219,2058,2365,2630,2936,2882,2907,2748,2524,1959,1638,1277,1173,695,0,0
2024,2024-07-02,Eastbound,Heavy Vehicles,41,37,62,102,134,314,481,358,308,390,377,351,293,286,284,235,192,167,133,106,82,59,56,57,0,0
2024,2024-07-02,Westbound,Heavy Vehicles,31,33,34,57,85,170,304,285,285,354,363,390,398,399,411,309,281,211,196,126,99,65,80,57,0,0
2024,2024-07-02,Eastbound,Light Vehicles,202,152,132,238,653,2142,2488,2493,2404,1945,1675,1720,1671,1890,2048,2219,2349,2185,1839,1369,1083,970,736,368,0,0
2024,2024-07-02,Westbound,Light Vehicles,351,215,139,142,350,1087,2097,2235,2098,1985,1924,1808,1958,2122,2560,2671,2667,2551,2627,1861,1603,1354,1212,725,0,0
2024,2024-07-02,Eastbound,All Vehicles,243,189,194,340,787,2456,2969,2851,2712,2335,2052,2071,1964,2176,2332,2454,2541,2352,1972,1475,1165,1029,792,425,0,0
2024,2024-07-02,Westbound,All Vehicles,382,248,173,199,435,1257,2401,2520,2383,2339,2287,2198,2356,2521,2971,2980,2948,2762,2823,1987,1702,1419,1292,782,0,0
2024,2024-07-03,Westbound,Heavy Vehicles,35,27,36,62,81,180,288,292,280,351,360,402,421,414,413,328,287,229,145,132,79,83,75,48,0,0
2024,2024-07-03,Eastbound,Light Vehicles,235,164,151,235,694,2025,2467,2399,2415,2085,1860,1763,1706,1952,2096,2235,2274,2141,2015,1451,1130,1053,747,396,0,0
2024,2024-07-03,Westbound,Light Vehicles,356,231,148,145,336,1163,2109,2304,2147,2023,1846,1812,2021,2213,2574,2652,2774,2449,2448,1923,1585,1614,1263,766,0,0
2024,2024-07-03,Eastbound,Heavy Vehicles,47,39,66,105,136,297,437,372,344,404,397,350,324,329,281,253,212,165,141,113,66,65,60,52,0,0
2024,2024-07-03,Westbound,All Vehicles,391,258,184,207,417,1343,2397,2596,2427,2374,2206,2214,2442,2627,2987,2980,3061,2678,2593,2055,1664,1697,1338,814,0,0
2024,2024-07-03,Eastbound,All Vehicles,282,203,217,340,830,2322,2904,2771,2759,2489,2257,2113,2030,2281,2377,2488,2486,2306,2156,1564,1196,1118,807,448,0,0
2024,2024-07-04,Eastbound,Heavy Vehicles,36,51,55,76,155,325,498,378,349,416,391,346,,310,285,250,195,167,156,105,84,75,60,62,0,0
2024,2024-07-04,Westbound,Heavy Vehicles,39,33,34,51,78,177,287,291,288,318,413,375,387,405,413,341,252,217,181,136,71,81,97,63,0,0
2024,2024-07-04,Westbound,Light Vehicles,396,230,158,164,360,1083,2191,2234,2200,2052,1840,1805,1869,2108,2551,2542,2677,2440,2476,1997,1711,1885,1840,904,0,0
2024,2024-07-04,Eastbound,Light Vehicles,226,143,170,217,653,1967,2504,2393,2456,2118,1772,1693,,1960,2171,2274,2291,2148,2198,1522,1134,1126,818,460,0,0
2024,2024-07-04,Eastbound,All Vehicles,262,194,225,293,808,2292,3002,2771,2805,2534,2163,2039,,2270,2456,2524,2486,2315,2354,1627,1218,1201,878,522,0,0
2024,2024-07-04,Westbound,All Vehicles,435,263,192,215,438,1260,2478,2525,2488,2370,2253,2180,2256,2513,2964,2883,2929,2657,2657,2133,1782,1966,1937,967,0,0
2024,2024-07-05,Eastbound,Heavy Vehicles,56,45,59,90,133,292,452,408,340,387,394,346,311,288,276,223,185,191,158,86,71,48,58,50,0,0
2024,2024-07-05,Eastbound,Light Vehicles,271,161,158,244,640,1932,2388,2314,2251,2065,1831,1873,1902,2047,2251,2292,2273,2187,2291,1622,1297,1141,1113,764,0,0
2024,2024-07-05,Westbound,Light Vehicles,430,292,150,172,343,1050,2000,2176,2092,1930,1890,2034,2145,2240,2552,2536,2618,2688,2568,2055,1701,1707,1721,1233,0,0
2024,2024-07-05,Westbound,Heavy Vehicles,44,40,41,48,70,173,280,297,285,345,386,396,412,392,374,307,313,204,167,122,95,70,70,56,0,0
2024,2024-07-05,Eastbound,All Vehicles,327,206,217,334,773,2224,2840,2722,2591,2452,2225,2219,2213,2335,2527,2515,2458,2378,2449,1708,1368,1189,1171,814,0,0
2024,2024-07-05,Westbound,All Vehicles,474,332,191,220,413,1223,2280,2473,2377,2275,2276,2430,2557,2632,2926,2843,2931,2892,2735,2177,1796,1777,1791,1289,0,0
2024,2024-07-06,Westbound,Light Vehicles,722,431,271,259,244,555,1305,1351,1712,1993,2361,2453,2540,2542,2701,2627,2587,2704,2560,2057,1805,1852,1820,1365,0,0
2024,2024-07-06,Westbound,Heavy Vehicles,35,25,24,25,35,71,143,146,168,163,165,174,186,139,139,139,122,119,123,84,61,60,49,44,0,0
2024,2024-07-06,Eastbound,Light Vehicles,423,260,212,186,392,937,1330,1468,1770,2057,2213,2407,2385,2547,2484,2415,2438,2464,2138,1563,1178,1231,1132,800,0,0
2024,2024-07-06,Eastbound,Heavy Vehicles,43,39,35,33,49,108,199,201,164,152,127,144,135,120,124,122,115,119,107,51,54,44,48,25,0,0
2024,2024-07-06,Westbound,All Vehicles,757,456,295,284,279,626,1448,1497,1880,2156,2526,2627,2726,2681,2840,2766,2709,2823,2683,2141,1866,1912,1869,1409,0,0
2024,2024-07-06,Eastbound,All Vehicles,466,299,247,219,441,1045,1529,1669,1934,2209,2340,2551,2520,2667,2608,2537,2553,2583,2245,1614,1232,1275,1180,825,0,0
2024,2024-07-07,Eastbound,Light Vehicles,541,305,193,213,265,569,878,914,1252,1894,2122,2297,2483,2375,2258,2219,2061,2200,1713,1306,1260,1075,819,430,0,0
2024,2024-07-07,Westbound,Heavy Vehicles,28,16,15,18,17,17,48,68,70,86,88,120,107,121,125,99,88,88,101,73,74,63,52,45,0,0
2024,2024-07-07,Eastbound,Heavy Vehicles,23,19,17,23,27,35,69,57,84,72,92,123,115,89,111,99,96,90,70,75,51,56,65,42,0,0
2024,2024-07-07,Westbound,Light Vehicles,862,473,325,253,231,281,607,1003,1227,1719,2039,2315,2431,2434,2547,2664,2610,2646,2171,1749,1639,1454,1248,731,0,0
2024,2024-07-07,Eastbound,All Vehicles,564,324,210,236,292,604,947,971,1336,1966,2214,2420,2598,2464,2369,2318,2157,2290,1783,1381,1311,1131,884,472,0,0
2024,2024-07-07,Westbound,All Vehicles,890,489,340,271,248,298,655,1071,1297,1805,2127,2435,2538,2555,2672,2763,2698,2734,2272,1822,1713,1517,1300,776,0,0
2024,2024-07-08,Westbound,Heavy Vehicles,26,29,34,49,84,166,296,299,321,355,360,376,372,391,387,332,286,207,160,116,70,83,73,44,0,0
2024,2024-07-08,Eastbound,Light Vehicles,247,139,148,230,709,1959,2553,2392,2369,1930,1796,1672,1768,1920,2035,2284,2286,2276,1911,1369,1033,955,654,359,0,0
2024,2024-07-08,Westbound,Light Vehicles,341,164,155,171,331,1071,2129,2204,2182,1965,1906,1788,1940,2219,2457,2596,2895,2646,2420,1729,1471,1275,1160,661,0,0
2024,2024-07-08,Eastbound,Heavy Vehicles,35,40,36,89,132,319,502,370,315,402,371,309,328,309,242,256,206,152,137,104,67,63,46,39,0,0
2024,2024-07-08,Westbound,All Vehicles,367,193,189,220,415,1237,2425,2503,2503,2320,2266,2164,2312,2610,2844,2928,3181,2853,2580,1845,1541,1358,1233,705,0,0
2024,2024-07-08,Eastbound,All Vehicles,282,179,184,319,841,2278,3055,2762,2684,2332,2167,1981,2096,2229,2277,2540,2492,2428,2048,1473,1100,1018,700,398,0,0
2024,2024-07-09,Eastbound,Heavy Vehicles,34,38,59,101,141,312,501,332,344,379,347,338,336,306,243,252,191,140,148,105,81,59,65,67,0,0
2024,2024-07-09,Westbound,Heavy Vehicles,33,23,33,50,86,184,307,287,288,363,385,404,408,388,367,342,260,223,156,132,83,86,74,54,0,0
2024,2024-07-09,Eastbound,Light Vehicles,187,153,153,243,653,1990,2480,2086,2344,2032,1841,1781,1829,1915,1988,2327,2321,2260,2146,1452,1149,1025,745,398,0,0
2024,2024-07-09,Westbound,Light Vehicles,342,211,130,157,357,1083,2099,2188,2159,1984,1876,1950,1903,2206,2551,2627,2731,2561,2186,1867,1600,1454,1306,764,0,0
2024,2024-07-09,Eastbound,All Vehicles,221,191,212,344,794,2302,2981,2418,2688,2411,2188,2119,2165,2221,2231,2579,2512,2400,2294,1557,1230,1084,810,465,0,0
2024,2024-07-09,Westbound,All Vehicles,375,234,163,207,443,1267,2406,2475,2447,2347,2261,2354,2311,2594,2918,2969,2991,2784,2342,1999,1683,1540,1380,818,0,0
2024,2024-07-10,Westbound,Heavy Vehicles,38,40,50,53,92,166,286,269,313,308,366,429,373,361,393,351,282,217,178,114,94,72,77,47,0,0
2024,2024-07-10,Eastbound,Heavy Vehicles,49,45,61,90,137,331,489,389,306,414,374,341,306,284,277,250,203,155,157,119,63,60,46,44,0,0
2024,2024-07-10,Westbound,Light Vehicles,415,221,147,160,351,1088,2147,2198,2194,1990,1947,1929,2015,2226,2656,2790,2693,2579,2620,1896,1591,1548,1385,814,0,0
2024,2024-07-10,Eastbound,Light Vehicles,230,166,175,219,672,2005,2578,2379,2380,2099,1927,1872,1772,2001,1960,2368,2248,2277,2107,1423,1167,1129,810,418,0,0
2024,2024-07-10,Westbound,All Vehicles,453,261,197,213,443,1254,2433,2467,2507,2298,2313,2358,2388,2587,3049,3141,2975,2796,2798,2010,1685,1620,1462,861,0,0
2024,2024-07-10,Eastbound,All Vehicles,279,211,236,309,809,2336,3067,2768,2686,2513,2301,2213,2078,2285,2237,2618,2451,2432,2264,1542,1230,1189,856,462,0,0
2024,2024-07-11,Eastbound,Light Vehicles,272,161,176,248,669,1981,1972,1454,2155,2152,1901,1799,1814,1973,2027,2349,2229,2212,2134,1489,1209,1231,847,462,0,0
2024,2024-07-11,Eastbound,Heavy Vehicles,44,60,59,82,141,311,370,292,287,419,393,360,343,349,242,236,184,180,136,120,81,79,58,44,0,0
2024,2024-07-11,Westbound,Light Vehicles,391,234,165,186,357,1031,2147,2079,2134,1971,1979,1986,1984,2131,2540,2672,2703,2583,2455,1997,1782,1793,1447,912,0,0
2024,2024-07-11,Westbound,Heavy Vehicles,48,27,44,51,87,189,324,288,291,355,441,378,385,373,404,378,294,223,196,137,79,74,82,48,0,0
2024,2024-07-11,Eastbound,All Vehicles,316,221,235,330,810,2292,2342,1746,2442,2571,2294,2159,2157,2322,2269,2585,2413,2392,2270,1609,1290,1310,905,506,0,0
2024,2024-07-11,Westbound,All Vehicles,439,261,209,237,444,1220,2471,2367,2425,2326,2420,2364,2369,2504,2944,3050,2997,2806,2651,2134,1861,1867,1529,960,0,0
2024,2024-07-12,Westbound,Light Vehicles,433,292,181,202,351,1084,2081,1992,2107,2032,1726,2098,2129,2358,2649,2692,2568,2517,2575,2216,1864,1727,1788,1321,0,0
2024,2024-07-12,Eastbound,Light Vehicles,252,170,182,242,614,1833,2360,2140,2204,1957,1963,1947,2099,2079,2174,2333,2217,2273,2392,1678,1419,1191,1066,774,0,0
2024,2024-07-12,Eastbound,Heavy Vehicles,45,48,57,103,141,287,498,398,332,397,346,341,331,307,283,251,182,164,156,113,60,72,60,46,0,0
2024,2024-07-12,Westbound,Heavy Vehicles,30,33,39,53,82,171,302,292,311,348,288,368,345,364,372,339,258,230,183,120,85,80,69,59,0,0
2024,2024-07-12,Westbound,All Vehicles,463,325,220,255,433,1255,2383,2284,2418,2380,2014,2466,2474,2722,3021,3031,2826,2747,2758,2336,1949,1807,1857,1380,0,0
2024,2024-07-12,Eastbound,All Vehicles,297,218,239,345,755,2120,2858,2538,2536,2354,2309,2288,2430,2386,2457,2584,2399,2437,2548,1791,1479,1263,1126,820,0,0
2024,2024-07-13,Westbound,Light Vehicles,770,482,314,231,253,535,1301,1426,1703,1998,2425,2465,2512,2569,2696,2683,2671,2666,2525,1853,1673,1843,1688,1280,0,0
2024,2024-07-13,Westbound,Heavy Vehicles,43,33,22,27,36,60,142,143,159,168,198,174,155,159,164,152,138,125,105,77,55,69,54,27,0,0
2024,2024-07-13,Eastbound,Heavy Vehicles,54,32,26,35,61,133,217,198,176,185,206,144,169,132,134,127,118,112,114,46,41,51,38,32,0,0
2024,2024-07-13,Eastbound,Light Vehicles,451,279,185,212,384,926,1389,1404,1760,2114,2526,2487,2482,2622,2446,2460,2393,2563,2159,1512,1261,1196,1114,766,0,0
2024,2024-07-13,Westbound,All Vehicles,813,515,336,258,289,595,1443,1569,1862,2166,2623,2639,2667,2728,2860,2835,2809,2791,2630,1930,1728,1912,1742,1307,0,0
2024,2024-07-13,Eastbound,All Vehicles,505,311,211,247,445,1059,1606,1602,1936,2299,2732,2631,2651,2754,2580,2587,2511,2675,2273,1558,1302,1247,1152,798,0,0
2024,2024-07-14,Westbound,Light Vehicles,1094,874,366,236,204,325,592,850,1177,1697,2075,2296,2418,2398,2577,2657,2794,2651,2278,1879,1783,1534,1260,747,0,0
2024,2024-07-14,Westbound,Heavy Vehicles,32,23,22,16,19,22,57,71,78,86,101,97,89,93,117,99,89,84,94,67,51,63,40,27,0,0
2024,2024-07-14,Eastbound,Heavy Vehicles,28,21,20,22,18,34,57,71,76,89,104,100,96,83,86,101,91,92,89,57,56,55,49,49,0,0
2024,2024-07-14,Eastbound,Light Vehicles,525,316,206,158,257,565,820,911,1300,1936,2147,2262,2428,2268,2212,2188,2257,2009,1821,1398,1233,1020,814,450,0,0
2024,2024-07-14,Westbound,All Vehicles,1126,897,388,252,223,347,649,921,1255,1783,2176,2393,2507,2491,2694,2756,2883,2735,2372,1946,1834,1597,1300,774,0,0
2024,2024-07-14,Eastbound,All Vehicles,553,337,226,180,275,599,877,982,1376,2025,2251,2362,2524,2351,2298,2289,2348,2101,1910,1455,1289,1075,863,499,0,0
2024,2024-07-15,Westbound,Heavy Vehicles,31,27,46,47,79,155,306,307,285,373,368,395,369,379,374,326,279,218,157,109,85,62,69,46,0,0
2024,2024-07-15,Westbound,Light Vehicles,388,162,124,136,335,1052,2030,2140,2149,1889,1717,1896,1966,2142,2520,2660,2719,2719,2444,1717,1493,1340,1140,666,0,0
2024,2024-07-15,Eastbound,Light Vehicles,207,139,140,225,661,1862,2427,2347,2260,1907,1858,1805,1791,1926,2014,2180,2235,2268,2040,1350,1020,930,677,358,0,0
2024,2024-07-15,Eastbound,Heavy Vehicles,45,44,43,94,133,314,512,390,347,405,347,343,314,289,270,211,179,176,163,130,79,61,41,46,0,0
2024,2024-07-15,Westbound,All Vehicles,419,189,170,183,414,1207,2336,2447,2434,2262,2085,2291,2335,2521,2894,2986,2998,2937,2601,1826,1578,1402,1209,712,0,0
2024,2024-07-15,Eastbound,All Vehicles,252,183,183,319,794,2176,2939,2737,2607,2312,2205,2148,2105,2215,2284,2391,2414,2444,2203,1480,1099,991,718,404,0,0
2024,2024-07-16,Eastbound,Heavy Vehicles,38,39,66,98,148,304,560,426,354,398,362,363,334,326,285,254,200,165,,128,87,65,66,48,0,0
2024,2024-07-16,Eastbound,Light Vehicles,206,149,151,215,653,1985,2593,2401,2344,2035,1824,1860,1802,1877,1968,2285,2268,2209,,1417,1106,1033,729,379,0,0
2024,2024-07-16,Westbound,Light Vehicles,333,211,140,163,362,1112,2156,2179,2141,1999,1901,1900,2028,2239,2621,2562,2740,2628,2512,1903,1610,1424,1271,789,0,0
2024,2024-07-16,Westbound,Heavy Vehicles,43,28,34,51,81,165,287,315,316,345,415,367,393,420,413,344,300,235,165,121,86,77,57,60,0,0
2024,2024-07-16,Eastbound,All Vehicles,244,188,217,313,801,2289,3153,2827,2698,2433,2186,2223,2136,2203,2253,2539,2468,2374,,1545,1193,1098,795,427,0,0
2024,2024-07-16,Westbound,All Vehicles,376,239,174,214,443,1277,2443,2494,2457,2344,2316,2267,2421,2659,3034,2906,3040,2863,2677,2024,1696,1501,1328,849,0,0
2024,2024-07-17,Westbound,Light Vehicles,376,203,175,157,357,1109,1904,2121,2156,2049,2015,1971,2043,2251,2571,2764,2697,2498,2562,2073,1498,1436,1503,877,0,0
2024,2024-07-17,Westbound,Heavy Vehicles,50,32,44,59,87,155,265,282,290,393,339,422,406,403,380,331,296,208,196,122,72,69,77,45,0,0
2024,2024-07-17,Eastbound,Light Vehicles,249,156,133,234,639,1971,2483,2242,2386,2059,1875,1734,1917,2158,2067,2319,2280,2176,2113,1427,1046,972,989,509,0,0
2024,2024-07-17,Eastbound,Heavy Vehicles,52,49,60,94,129,331,552,398,331,396,372,342,330,334,302,259,216,169,139,118,69,55,75,49,0,0
2024,2024-07-17,Westbound,All Vehicles,426,235,219,216,444,1264,2169,2403,2446,2442,2354,2393,2449,2654,2951,3095,2993,2706,2758,2195,1570,1505,1580,922,0,0
2024,2024-07-17,Eastbound,All Vehicles,301,205,193,328,768,2302,3035,2640,2717,2455,2247,2076,2247,2492,2369,2578,2496,2345,2252,1545,1115,1027,1064,558,0,0
2024,2024-07-18,Eastbound,Light Vehicles,247,187,153,238,649,1889,2480,2262,2285,2165,1946,1834,1975,2155,,2342,2221,2105,2085,1531,1160,1118,,445,0,0
2024,2024-07-18,Eastbound,Heavy Vehicles,52,38,64,90,137,308,545,372,343,433,363,342,337,294,,241,188,141,173,132,91,82,,49,0,0
2024,2024-07-18,Westbound,Light Vehicles,433,230,198,161,355,1066,2140,2062,2073,2157,1851,1908,2032,2247,2534,2636,2670,2415,2772,2080,1836,1741,1373,830,0,0
2024,2024-07-18,Westbound,Heavy Vehicles,48,31,41,48,76,189,304,297,293,372,381,371,344,355,401,349,291,190,214,133,91,90,89,60,0,0
2024,2024-07-18,Eastbound,All Vehicles,299,225,217,328,786,2197,3025,2634,2628,2598,2309,2176,2312,2449,,2583,2409,2246,2258,1663,1251,1200,,494,0,0
2024,2024-07-18,Westbound,All Vehicles,481,261,239,209,431,1255,2444,2359,2366,2529,2232,2279,2376,2602,2935,2985,2961,2605,2986,2213,1927,1831,1462,890,0,0
2024,2024-07-19,Eastbound,Light Vehicles,262,145,161,234,632,1828,2339,2280,2253,2107,2015,,2024,2152,2231,2321,2050,,2141,1736,1377,,1023,672,0,0
2024,2024-07-19,Westbound,Heavy Vehicles,49,49,38,38,82,181,285,286,312,362,379,363,391,355,390,330,294,214,172,124,79,76,62,51,0,0
2024,2024-07-19,Eastbound,Heavy Vehicles,59,48,55,82,137,316,532,440,342,404,376,,324,309,267,247,185,,164,100,62,,49,44,0,0
2024,2024-07-19,Westbound,Light Vehicles,394,265,170,182,368,1075,2032,2055,2166,2085,1877,2078,2213,2322,2556,2637,2383,2436,2521,2125,1650,1883,1836,1257,0,0
2024,2024-07-19,Eastbound,All Vehicles,321,193,216,316,769,2144,2871,2720,2595,2511,2391,,2348,2461,2498,2568,2235,,2305,1836,1439,,1072,716,0,0
2024,2024-07-19,Westbound,All Vehicles,443,314,208,220,450,1256,2317,2341,2478,2447,2256,2441,2604,2677,2946,2967,2677,2650,2693,2249,1729,1959,1898,1308,0,0
2024,2024-07-20,Eastbound,Light Vehicles,389,257,207,219,375,943,1339,1465,1856,2104,2250,2435,2525,2611,2383,2350,2445,,2033,1458,1284,1284,1145,871,0,0
2024,2024-07-20,Westbound,Heavy Vehicles,48,27,31,27,33,70,164,169,135,181,195,183,184,152,179,161,121,130,95,74,78,54,37,37,0,0
2024,2024-07-20,Eastbound,Heavy Vehicles,43,43,39,36,53,115,251,223,189,187,142,169,157,129,149,127,103,,104,76,50,45,50,30,0,0
2024,2024-07-20,Westbound,Light Vehicles,760,455,313,242,235,561,1240,1399,1704,2012,2421,2611,2559,2476,2764,2708,2686,2811,2406,1800,1792,1868,1719,1339,0,0
2024,2024-07-20,Eastbound,All Vehicles,432,300,246,255,428,1058,1590,1688,2045,2291,2392,2604,2682,2740,2532,2477,2548,,2137,1534,1334,1329,1195,901,0,0
2024,2024-07-20,Westbound,All Vehicles,808,482,344,269,268,631,1404,1568,1839,2193,2616,2794,2743,2628,2943,2869,2807,2941,2501,1874,1870,1922,1756,1376,0,0
2024,2024-07-21,Eastbound,Light Vehicles,477,272,189,173,245,582,885,922,1434,2143,2171,2284,2434,2427,2252,2131,2119,2253,1836,1361,1185,1067,744,444,0,0
2024,2024-07-21,Westbound,Heavy Vehicles,38,16,10,20,16,24,54,66,69,83,88,109,119,118,96,121,110,105,85,83,75,68,50,37,0,0
2024,2024-07-21,Eastbound,Heavy Vehicles,20,17,19,19,24,35,71,74,91,106,97,95,114,89,116,89,90,114,89,69,56,69,47,45,0,0
2024,2024-07-21,Westbound,Light Vehicles,829,486,289,239,201,293,592,939,1249,1777,2206,2410,2573,2521,2604,2648,2516,2696,2256,1775,1890,1555,1278,645,0,0
2024,2024-07-21,Eastbound,All Vehicles,497,289,208,192,269,617,956,996,1525,2249,2268,2379,2548,2516,2368,2220,2209,2367,1925,1430,1241,1136,791,489,0,0
2024,2024-07-21,Westbound,All Vehicles,867,502,299,259,217,317,646,1005,1318,1860,2294,2519,2692,2639,2700,2769,2626,2801,2341,1858,1965,1623,1328,682,0,0
2024,2024-07-22,Westbound,Heavy Vehicles,34,23,36,53,85,169,313,299,313,418,398,430,390,446,395,329,266,185,174,132,84,61,65,63,0,0
2024,2024-07-22,Eastbound,Light Vehicles,243,134,147,243,668,1966,2533,2461,2362,1893,,1687,1782,1887,2017,2323,2296,2121,1987,1358,1133,934,696,337,0,0
2024,2024-07-22,Westbound,Light Vehicles,337,196,152,128,340,1086,2130,2278,2177,2101,1734,2009,2119,2273,2610,2736,2690,2660,2471,1852,1496,1374,1172,646,0,0
2024,2024-07-22,Eastbound,Heavy Vehicles,38,41,40,76,131,308,518,351,321,402,,324,316,291,299,263,218,187,142,123,78,78,42,40,0,0
2024,2024-07-22,Westbound,All Vehicles,371,219,188,181,425,1255,2443,2577,2490,2519,2132,2439,2509,2719,3005,3065,2956,2845,2645,1984,1580,1435,1237,709,0,0
2024,2024-07-22,Eastbound,All Vehicles,281,175,187,319,799,2274,3051,2812,2683,2295,,2011,2098,2178,2316,2586,2514,2308,2129,1481,1211,1012,738,377,0,0
2024,2024-07-23,Eastbound,Light Vehicles,176,124,150,220,673,1944,2572,2473,2314,2193,1792,1710,1745,1954,,2338,2264,2198,1985,1419,1129,1046,694,356,0,0
2024,2024-07-23,Westbound,Heavy Vehicles,39,33,34,55,112,185,297,286,270,337,383,413,448,400,402,313,281,208,211,129,82,88,78,54,0,0
2024,2024-07-23,Eastbound,Heavy Vehicles,36,45,44,85,139,306,488,392,308,456,371,363,344,300,,236,185,162,134,120,100,68,64,45,0,0
2024,2024-07-23,Westbound,Light Vehicles,319,204,139,150,361,1100,2088,2347,2187,2133,1777,1898,2001,2273,2464,2586,2711,2669,2544,2008,1643,1516,1283,720,0,0
2024,2024-07-23,Eastbound,All Vehicles,212,169,194,305,812,2250,3060,2865,2622,2649,2163,2073,2089,2254,,2574,2449,2360,2119,1539,1229,1114,758,401,0,0
2024,2024-07-23,Westbound,All Vehicles,358,237,173,205,473,1285,2385,2633,2457,2470,2160,2311,2449,2673,2866,2899,2992,2877,2755,2137,1725,1604,1361,774,0,0
2024,2024-07-24,Westbound,Heavy Vehicles,38,32,46,55,102,189,333,350,284,372,383,365,391,398,414,329,288,207,175,104,99,85,70,53,0,0
2024,2024-07-24,Westbound,Light Vehicles,377,239,155,161,364,1124,2206,2269,2260,2141,1864,1851,1979,2171,2538,2719,2621,2525,2630,2071,1644,1675,1451,718,0,0
2024,2024-07-24,Eastbound,Heavy Vehicles,43,47,57,92,141,323,514,374,344,411,391,336,332,278,295,287,186,181,153,135,83,58,61,44,0,0
2024,2024-07-24,Eastbound,Light Vehicles,215,151,142,239,726,2068,2514,2428,2510,2231,1808,1769,1829,1945,2147,2329,2132,2155,2090,1515,1150,1173,757,449,0,0
2024,2024-07-24,Westbound,All Vehicles,415,271,201,216,466,1313,2539,2619,2544,2513,2247,2216,2370,2569,2952,3048,2909,2732,2805,2175,1743,1760,1521,771,0,0
2024,2024-07-24,Eastbound,All Vehicles,258,198,199,331,867,2391,3028,2802,2854,2642,2199,2105,2161,2223,2442,2616,2318,2336,2243,1650,1233,1231,818,493,0,0
2024,2024-07-25,Eastbound,Heavy Vehicles,42,48,56,82,153,321,500,407,301,392,394,397,352,274,256,,214,181,175,115,85,85,65,64,0,0
2024,2024-07-25,Eastbound,Light Vehicles,228,140,148,253,647,2037,2507,2505,2384,2042,1837,1892,1798,1890,2092,,2345,2168,2098,1567,1222,1139,768,437,0,0
2024,2024-07-25,Westbound,Light Vehicles,384,217,170,190,371,1069,2111,2293,2293,2162,1895,1819,2062,2211,2530,2565,2612,2572,2496,2128,1829,1876,1372,871,0,0
2024,2024-07-25,Westbound,Heavy Vehicles,31,37,47,58,82,185,333,292,262,329,399,382,366,364,376,359,257,231,144,126,89,68,71,58,0,0
2024,2024-07-25,Eastbound,All Vehicles,270,188,204,335,800,2358,3007,2912,2685,2434,2231,2289,2150,2164,2348,,2559,2349,2273,1682,1307,1224,833,501,0,0
2024,2024-07-25,Westbound,All Vehicles,415,254,217,248,453,1254,2444,2585,2555,2491,2294,2201,2428,2575,2906,2924,2869,2803,2640,2254,1918,1944,1443,929,0,0
2024,2024-07-26,Eastbound,Light Vehicles,250,171,152,254,641,1909,2512,2387,2452,2100,1893,1760,1823,2111,2224,2343,,2240,2285,1895,1411,1207,1133,,0,0
2024,2024-07-26,Westbound,Light Vehicles,435,271,155,191,347,1036,2080,2220,2083,2116,1931,2145,2248,2293,2484,2387,2520,2586,2532,2195,1857,1967,2279,1310,0,0
2024,2024-07-26,Westbound,Heavy Vehicles,55,33,41,57,88,188,313,293,256,341,419,392,434,409,361,272,272,219,161,126,95,64,107,48,0,0
2024,2024-07-26,Eastbound,Heavy Vehicles,53,54,72,67,134,295,472,391,342,381,360,383,328,301,257,250,,176,152,136,79,59,52,,0,0
2024,2024-07-26,Eastbound,All Vehicles,303,225,224,321,775,2204,2984,2778,2794,2481,2253,2143,2151,2412,2481,2593,,2416,2437,2031,1490,1266,1185,,0,0
2024,2024-07-26,Westbound,All Vehicles,490,304,196,248,435,1224,2393,2513,2339,2457,2350,2537,2682,2702,2845,2659,2792,2805,2693,2321,1952,2031,2386,1358,0,0
2024,2024-07-27,Westbound,Light Vehicles,716,450,306,207,255,547,1304,1332,1621,1921,2257,2495,2443,2597,2616,2659,2596,2758,2398,1955,1798,1760,1766,1336,0,0
2024,2024-07-27,Westbound,Heavy Vehicles,32,29,33,33,36,75,174,146,136,161,195,160,161,171,139,122,128,110,83,56,49,52,38,50,0,0
2024,2024-07-27,Eastbound,Light Vehicles,465,248,214,195,358,936,1509,1570,1948,2110,2184,2326,2314,2438,2445,2210,2152,2435,2082,1550,1262,1301,1170,820,0,0
2024,2024-07-27,Eastbound,Heavy Vehicles,29,33,45,43,53,110,216,221,162,170,153,155,153,133,123,119,122,111,81,66,50,51,38,27,0,0
2024,2024-07-27,Westbound,All Vehicles,748,479,339,240,291,622,1478,1478,1757,2082,2452,2655,2604,2768,2755,2781,2724,2868,2481,2011,1847,1812,1804,1386,0,0
2024,2024-07-27,Eastbound,All Vehicles,494,281,259,238,411,1046,1725,1791,2110,2280,2337,2481,2467,2571,2568,2329,2274,2546,2163,1616,1312,1352,1208,847,0,0
2024,2024-07-28,Eastbound,Light Vehicles,564,302,182,180,265,543,928,936,1408,2047,2205,2472,2477,2282,2404,2225,2267,2238,1811,1301,1171,1020,713,389,0,0
2024,2024-07-28,Eastbound,Heavy Vehicles,19,18,23,18,10,33,71,85,95,104,113,124,144,114,95,91,111,113,82,71,65,70,56,42,0,0
2024,2024-07-28,Westbound,Heavy Vehicles,32,15,15,12,15,30,55,62,76,86,98,111,126,96,111,100,88,111,87,103,66,62,42,42,0,0
2024,2024-07-28,Westbound,Light Vehicles,837,501,342,249,230,322,678,955,1272,1773,2062,2473,2541,2475,2576,2749,2400,2472,2272,1714,1735,1509,1288,748,0,0
2024,2024-07-28,Eastbound,All Vehicles,583,320,205,198,275,576,999,1021,1503,2151,2318,2596,2621,2396,2499,2316,2378,2351,1893,1372,1236,1090,769,431,0,0
2024,2024-07-28,Westbound,All Vehicles,869,516,357,261,245,352,733,1017,1348,1859,2160,2584,2667,2571,2687,2849,2488,2583,2359,1817,1801,1571,1330,790,0,0
2024,2024-07-29,Eastbound,Light Vehicles,238,139,141,223,670,1969,2502,2441,2274,1945,1799,1554,1718,1886,2074,2300,2131,2109,1895,1372,1059,858,661,319,0,0
2024,2024-07-29,Eastbound,Heavy Vehicles,37,47,48,69,137,322,526,369,295,407,412,364,318,288,277,239,208,192,144,139,82,74,63,49,0,0
2024,2024-07-29,Westbound,Light Vehicles,382,205,152,141,353,1044,2014,2319,2184,1953,1743,1754,1959,2104,2511,2658,2723,2574,2700,1869,1536,1405,1099,649,0,0
2024,2024-07-29,Westbound,Heavy Vehicles,27,30,38,49,82,156,304,300,265,346,402,431,357,414,400,320,261,206,179,116,78,74,74,53,0,0
2024,2024-07-29,Eastbound,All Vehicles,275,186,189,292,807,2291,3028,2810,2569,2352,2211,1918,2036,2174,2351,2539,2339,2301,2039,1511,1141,932,724,368,0,0
2024,2024-07-29,Westbound,All Vehicles,409,235,190,190,435,1200,2318,2619,2449,2299,2145,2185,2316,2518,2911,2978,2984,2780,2879,1985,1614,1479,1173,702,0,0
2024,2024-07-30,Westbound,Heavy Vehicles,30,42,34,65,89,162,303,285,249,337,394,425,406,421,374,328,241,210,169,126,,,,,0,0
2024,2024-07-30,Eastbound,Light Vehicles,169,131,138,254,672,2050,2570,2623,2606,2156,1811,1773,1767,1942,2078,2270,2111,2037,1889,1526,,,,,0,0
2024,2024-07-30,Eastbound,Heavy Vehicles,43,42,58,91,131,329,535,366,356,409,401,331,293,333,296,266,193,169,151,143,,,,,0,0
2024,2024-07-30,Westbound,Light Vehicles,358,211,146,165,346,1083,2081,2419,2284,2065,1839,1884,1946,2264,2491,2599,2646,2496,2594,2071,,,,,0,0
2024,2024-07-30,Westbound,All Vehicles,388,253,180,230,435,1245,2384,2704,2533,2402,2233,2309,2352,2685,2865,2927,2887,2706,2763,2197,,,,,0,0
2024,2024-07-30,Eastbound,All Vehicles,212,173,196,345,803,2379,3105,2989,2962,2565,2212,2104,2060,2275,2374,2536,2304,2206,2040,1669,,,,,0,0
2024,2024-07-31,Westbound,Light Vehicles,372,218,154,164,358,1126,2101,2232,2288,1968,,1642,1962,2235,2489,2609,2641,2447,2690,2120,1700,1614,1339,760,0,0
2024,2024-07-31,Westbound,Heavy Vehicles,42,28,48,55,100,185,287,285,267,343,,355,429,446,370,310,255,204,169,126,83,83,69,46,0,0
2024,2024-07-31,Eastbound,Light Vehicles,225,141,153,238,667,2055,2608,2372,2552,2186,1867,,64,1928,2132,2396,2271,1984,1999,1533,1148,1064,773,403,0,0
2024,2024-07-31,Eastbound,Heavy Vehicles,54,57,60,80,148,304,474,322,336,429,391,,17,290,255,218,211,168,153,131,77,65,53,59,0,0
2024,2024-07-31,Westbound,All Vehicles,414,246,202,219,458,1311,2388,2517,2555,2311,,1997,2391,2681,2859,2919,2896,2651,2859,2246,1783,1697,1408,806,0,0
2024,2024-07-31,Eastbound,All Vehicles,279,198,213,318,815,2359,3082,2694,2888,2615,2258,,81,2218,2387,2614,2482,2152,2152,1664,1225,1129,826,462,0,0
2024,2024-08-01,Eastbound,Heavy Vehicles,50,43,54,76,153,273,488,370,337,423,373,353,321,288,284,248,187,173,156,114,91,78,74,55,0,0
2024,2024-08-01,Westbound,Heavy Vehicles,41,37,35,57,75,184,309,282,269,348,386,420,367,424,368,325,258,180,171,122,83,79,74,54,0,0
2024,2024-08-01,Westbound,Light Vehicles,362,260,184,184,365,1107,2086,2297,2106,2128,1897,1969,2006,2328,2559,2586,2635,2411,2421,2143,1912,1810,1434,838,0,0
2024,2024-08-01,Eastbound,Light Vehicles,237,142,163,242,691,2028,2583,2467,2486,2188,1848,1779,1829,2003,2176,2373,2261,2069,2057,1497,1203,1067,817,466,0,0
2024,2024-08-01,Eastbound,All Vehicles,287,185,217,318,844,2301,3071,2837,2823,2611,2221,2132,2150,2291,2460,2621,2448,2242,2213,1611,1294,1145,891,521,0,0
2024,2024-08-01,Westbound,All Vehicles,403,297,219,241,440,1291,2395,2579,2375,2476,2283,2389,2373,2752,2927,2911,2893,2591,2592,2265,1995,1889,1508,892,0,0
2024,2024-08-02,Westbound,Heavy Vehicles,43,31,45,48,76,168,302,299,276,343,341,363,380,388,330,307,243,210,156,94,69,74,70,37,0,0
2024,2024-08-02,Eastbound,Light Vehicles,260,153,160,234,675,1958,2495,2545,2427,1965,1854,1831,1828,1962,2230,2353,2215,2215,2181,1669,1358,1317,1050,690,0,0
2024,2024-08-02,Westbound,Light Vehicles,418,272,165,170,374,1081,2098,2231,2100,2135,1917,1949,2103,2272,2519,2644,2574,2527,2538,1831,1824,1821,1751,1267,0,0
2024,2024-08-02,Eastbound,Heavy Vehicles,45,52,52,87,126,281,496,360,344,365,366,337,307,256,237,241,177,169,141,91,68,64,50,44,0,0
2024,2024-08-02,Westbound,All Vehicles,461,303,210,218,450,1249,2400,2530,2376,2478,2258,2312,2483,2660,2849,2951,2817,2737,2694,1925,1893,1895,1821,1304,0,0
2024,2024-08-02,Eastbound,All Vehicles,305,205,212,321,801,2239,2991,2905,2771,2330,2220,2168,2135,2218,2467,2594,2392,2384,2322,1760,1426,1381,1100,734,0,0
2024,2024-08-03,Westbound,Heavy Vehicles,38,28,30,31,47,68,143,156,153,152,164,155,169,151,156,149,136,123,96,64,74,67,46,41,0,0
2024,2024-08-03,Westbound,Light Vehicles,817,484,296,231,245,580,1343,1447,1801,2063,2387,2494,2655,2656,2686,2764,2673,2813,2627,2028,1847,1958,1833,1441,0,0
2024,2024-08-03,Eastbound,Light Vehicles,449,255,185,209,386,917,1499,1586,2062,2272,2376,2468,2586,2630,2468,2330,2400,2555,2294,1814,1369,1370,1164,931,0,0
2024,2024-08-03,Eastbound,Heavy Vehicles,34,42,33,46,57,118,223,213,176,148,158,160,155,118,151,110,109,102,113,80,52,31,43,23,0,0
2024,2024-08-03,Westbound,All Vehicles,855,512,326,262,292,648,1486,1603,1954,2215,2551,2649,2824,2807,2842,2913,2809,2936,2723,2092,1921,2025,1879,1482,0,0
2024,2024-08-03,Eastbound,All Vehicles,483,297,218,255,443,1035,1722,1799,2238,2420,2534,2628,2741,2748,2619,2440,2509,2657,2407,1894,1421,1401,1207,954,0,0
2024,2024-08-04,Westbound,Light Vehicles,1125,485,321,249,206,331,641,943,1249,1873,2116,2424,2515,2648,2548,2732,2622,2594,2193,1842,1774,1454,1149,684,0,0
2024,2024-08-04,Eastbound,Heavy Vehicles,28,13,20,18,24,29,58,74,88,87,122,108,86,108,77,66,84,86,86,65,54,51,41,51,0,0
2024,2024-08-04,Westbound,Heavy Vehicles,35,18,14,12,18,18,50,68,81,79,93,112,105,110,121,108,92,91,77,73,54,46,46,30,0,0
2024,2024-08-04,Eastbound,Light Vehicles,587,311,203,176,234,612,957,1012,1413,2133,2294,2351,2434,2320,2219,2178,2222,2166,1733,1374,1205,1052,682,392,0,0
2024,2024-08-04,Westbound,All Vehicles,1160,503,335,261,224,349,691,1011,1330,1952,2209,2536,2620,2758,2669,2840,2714,2685,2270,1915,1828,1500,1195,714,0,0
2024,2024-08-04,Eastbound,All Vehicles,615,324,223,194,258,641,1015,1086,1501,2220,2416,2459,2520,2428,2296,2244,2306,2252,1819,1439,1259,1103,723,443,0,0
2024,2024-08-05,Eastbound,Light Vehicles,232,137,141,227,682,1960,2506,2514,2499,2008,1815,1763,1839,1975,2052,2380,2263,2233,1887,1415,1118,923,642,343,0,0
2024,2024-08-05,Westbound,Light Vehicles,319,188,154,170,314,1092,2060,2322,2282,2071,1814,1921,2054,2171,2553,2679,2566,2599,2438,1797,1574,1385,1163,723,0,0
2024,2024-08-05,Eastbound,Heavy Vehicles,35,36,40,82,120,289,481,353,363,367,389,322,284,271,237,246,203,146,160,119,69,67,54,47,0,0
2024,2024-08-05,Westbound,Heavy Vehicles,30,22,41,59,72,157,303,290,273,335,408,413,398,402,385,310,271,206,156,118,89,65,61,48,0,0
2024,2024-08-05,Eastbound,All Vehicles,267,173,181,309,802,2249,2987,2867,2862,2375,2204,2085,2123,2246,2289,2626,2466,2379,2047,1534,1187,990,696,390,0,0
2024,2024-08-05,Westbound,All Vehicles,349,210,195,229,386,1249,2363,2612,2555,2406,2222,2334,2452,2573,2938,2989,2837,2805,2594,1915,1663,1450,1224,771,0,0
2024,2024-08-06,Eastbound,Heavy Vehicles,42,42,59,91,136,280,492,319,286,444,389,364,338,271,275,219,172,147,151,126,95,67,48,46,0,0
2024,2024-08-06,Westbound,Heavy Vehicles,40,35,31,61,81,181,334,258,252,336,399,416,426,398,369,341,262,204,174,132,92,83,62,49,0,0
2024,2024-08-06,Westbound,Light Vehicles,376,181,146,170,350,1127,2170,2278,2217,1953,1854,1926,2077,2261,2550,2573,2598,2576,2602,1978,1743,1667,1280,764,0,0
2024,2024-08-06,Eastbound,Light Vehicles,170,119,140,242,690,1911,2610,2314,2450,2260,1868,1735,1717,2016,2017,2349,2326,2143,2002,1487,1080,1065,721,384,0,0
2024,2024-08-06,Eastbound,All Vehicles,212,161,199,333,826,2191,3102,2633,2736,2704,2257,2099,2055,2287,2292,2568,2498,2290,2153,1613,1175,1132,769,430,0,0
2024,2024-08-06,Westbound,All Vehicles,416,216,177,231,431,1308,2504,2536,2469,2289,2253,2342,2503,2659,2919,2914,2860,2780,2776,2110,1835,1750,1342,813,0,0
2024,2024-08-07,Eastbound,Heavy Vehicles,46,39,56,91,147,315,488,361,303,404,363,354,329,286,246,232,173,165,147,121,84,65,68,44,0,0
2024,2024-08-07,Westbound,Light Vehicles,356,217,152,186,375,1092,2172,2314,2236,2064,1910,1884,2026,2268,2607,2608,2642,2520,2614,2166,1768,1703,1352,796,0,0
2024,2024-08-07,Westbound,Heavy Vehicles,48,37,40,44,103,177,325,282,213,339,369,393,389,362,368,313,276,189,179,127,94,81,62,46,0,0
2024,2024-08-07,Eastbound,Light Vehicles,220,143,135,244,683,2055,2561,2485,2450,2156,1893,1741,1834,1989,2214,2443,2218,2101,2002,1498,1251,1144,771,415,0,0
2024,2024-08-07,Eastbound,All Vehicles,266,182,191,335,830,2370,3049,2846,2753,2560,2256,2095,2163,2275,2460,2675,2391,2266,2149,1619,1335,1209,839,459,0,0
2024,2024-08-07,Westbound,All Vehicles,404,254,192,230,478,1269,2497,2596,2449,2403,2279,2277,2415,2630,2975,2921,2918,2709,2793,2293,1862,1784,1414,842,0,0
2024,2024-08-08,Eastbound,Heavy Vehicles,50,41,53,88,139,290,473,330,281,380,340,377,300,315,259,230,203,164,144,119,97,69,66,49,0,0
2024,2024-08-08,Westbound,Heavy Vehicles,37,31,41,49,86,190,310,298,273,362,430,362,391,409,345,307,276,186,175,121,105,72,97,45,0,0
2024,2024-08-08,Eastbound,Light Vehicles,251,143,133,254,660,1996,2547,2337,2439,2194,1975,1962,1847,2130,2227,2452,2155,2081,2072,1551,1228,1105,790,445,0,0
2024,2024-08-08,Westbound,Light Vehicles,408,216,164,176,349,1099,2153,2314,2234,2151,1875,1996,2116,2297,2586,2651,2620,2582,2572,2075,1938,1853,1381,797,0,0
2024,2024-08-08,Eastbound,All Vehicles,301,184,186,342,799,2286,3020,2667,2720,2574,2315,2339,2147,2445,2486,2682,2358,2245,2216,1670,1325,1174,856,494,0,0
2024,2024-08-08,Westbound,All Vehicles,445,247,205,225,435,1289,2463,2612,2507,2513,2305,2358,2507,2706,2931,2958,2896,2768,2747,2196,2043,1925,1478,842,0,0
2024,2024-08-09,Eastbound,Light Vehicles,243,180,152,257,654,1945,2553,2585,2477,2168,1892,1884,1968,2202,2351,2428,2333,2343,2414,1914,1333,1286,1200,760,0,0
2024,2024-08-09,Eastbound,Heavy Vehicles,60,57,52,90,135,302,496,407,324,372,383,324,309,296,251,236,198,166,138,99,64,58,50,34,0,0
2024,2024-08-09,Westbound,Heavy Vehicles,51,43,31,56,92,194,296,299,267,376,365,348,437,351,388,283,248,204,159,132,83,67,100,72,0,0
2024,2024-08-09,Westbound,Light Vehicles,439,247,202,199,356,1046,2105,2278,2204,2051,1882,1961,2126,2342,2527,2611,2589,2543,2516,2224,1753,1738,2649,1422,0,0
2024,2024-08-09,Eastbound,All Vehicles,303,237,204,347,789,2247,3049,2992,2801,2540,2275,2208,2277,2498,2602,2664,2531,2509,2552,2013,1397,1344,1250,794,0,0
2024,2024-08-09,Westbound,All Vehicles,490,290,233,255,448,1240,2401,2577,2471,2427,2247,2309,2563,2693,2915,2894,2837,2747,2675,2356,1836,1805,2749,1494,0,0
2024,2024-08-10,Eastbound,Light Vehicles,487,248,183,193,355,945,1478,1601,2133,2216,2408,2639,2619,2637,2512,2355,2294,2445,2355,1812,1355,1348,1390,954,0,0
2024,2024-08-10,Westbound,Heavy Vehicles,29,26,29,32,35,72,143,137,162,176,190,168,156,145,140,114,140,126,86,84,62,71,56,50,0,0
2024,2024-08-10,Eastbound,Heavy Vehicles,31,40,29,39,51,125,219,214,171,168,166,142,149,133,130,129,112,123,78,60,49,48,49,34,0,0
2024,2024-08-10,Westbound,Light Vehicles,811,459,324,216,253,551,1342,1414,1809,2079,2543,2542,2596,2569,2707,2734,2710,2771,2617,2015,1720,1807,1891,1447,0,0
2024,2024-08-10,Eastbound,All Vehicles,518,288,212,232,406,1070,1697,1815,2304,2384,2574,2781,2768,2770,2642,2484,2406,2568,2433,1872,1404,1396,1439,988,0,0
2024,2024-08-10,Westbound,All Vehicles,840,485,353,248,288,623,1485,1551,1971,2255,2733,2710,2752,2714,2847,2848,2850,2897,2703,2099,1782,1878,1947,1497,0,0
2024,2024-08-11,Westbound,Heavy Vehicles,36,24,16,14,17,33,61,72,88,77,64,104,103,109,104,90,91,95,88,71,64,46,46,37,0,0
2024,2024-08-11,Eastbound,Light Vehicles,612,332,198,186,269,571,941,990,1351,2046,2153,2289,2352,2416,2284,2214,2173,2215,1900,1462,1211,1056,711,403,0,0
2024,2024-08-11,Eastbound,Heavy Vehicles,32,16,18,21,11,27,66,67,86,88,92,105,103,93,91,94,90,90,86,52,59,52,50,44,0,0
2024,2024-08-11,Westbound,Light Vehicles,1159,521,304,223,254,333,686,862,1236,1809,2002,2384,2476,2495,2531,2630,2525,2415,2021,1744,1590,1502,1252,837,0,0
2024,2024-08-11,Westbound,All Vehicles,1195,545,320,237,271,366,747,934,1324,1886,2066,2488,2579,2604,2635,2720,2616,2510,2109,1815,1654,1548,1298,874,0,0
2024,2024-08-11,Eastbound,All Vehicles,644,348,216,207,280,598,1007,1057,1437,2134,2245,2394,2455,2509,2375,2308,2263,2305,1986,1514,1270,1108,761,447,0,0
2024,2024-08-12,Westbound,Light Vehicles,330,183,140,151,354,1071,2161,2302,2164,2016,1850,1873,1943,2158,2434,2493,2670,2562,2435,1854,1522,1361,1179,698,0,0
2024,2024-08-12,Eastbound,Light Vehicles,219,136,140,249,707,1931,2642,2682,2343,2049,1701,1702,1789,1927,2125,2333,2285,2287,1871,1393,1065,925,657,345,0,0
2024,2024-08-12,Westbound,Heavy Vehicles,36,29,45,54,87,177,303,298,229,320,377,410,396,417,362,306,268,175,162,131,71,67,62,48,0,0
2024,2024-08-12,Eastbound,Heavy Vehicles,41,39,52,84,139,294,487,400,266,393,379,361,301,285,279,247,191,187,134,117,72,71,47,45,0,0
2024,2024-08-12,Westbound,All Vehicles,366,212,185,205,441,1248,2464,2600,2393,2336,2227,2283,2339,2575,2796,2799,2938,2737,2597,1985,1593,1428,1241,746,0,0
2024,2024-08-12,Eastbound,All Vehicles,260,175,192,333,846,2225,3129,3082,2609,2442,2080,2063,2090,2212,2404,2580,2476,2474,2005,1510,1137,996,704,390,0,0
2024,2024-08-13,Westbound,Heavy Vehicles,42,32,25,59,90,159,300,278,270,322,421,401,398,380,407,293,240,188,162,94,84,81,66,62,0,0
2024,2024-08-13,Westbound,Light Vehicles,334,204,151,159,361,1095,2149,2254,2199,2103,1889,1871,2071,2223,2531,2634,2615,2534,2591,1923,1629,1556,1320,714,0,0
2024,2024-08-13,Eastbound,Light Vehicles,200,135,168,251,696,2016,2619,2667,2588,2246,1793,1779,1811,2006,2062,2406,2361,2250,2039,1413,1173,1011,749,415,0,0
2024,2024-08-13,Eastbound,Heavy Vehicles,41,38,55,84,142,291,459,349,305,417,387,354,311,296,228,231,195,142,134,105,67,85,72,56,0,0
2024,2024-08-13,Westbound,All Vehicles,376,236,176,218,451,1254,2449,2532,2469,2425,2310,2272,2469,2603,2938,2927,2855,2722,2753,2017,1713,1637,1386,776,0,0
2024,2024-08-13,Eastbound,All Vehicles,241,173,223,335,838,2307,3078,3016,2893,2663,2180,2133,2122,2302,2290,2637,2556,2392,2173,1518,1240,1096,821,471,0,0
2024,2024-08-14,Eastbound,Heavy Vehicles,52,47,53,97,131,291,435,362,319,434,379,360,297,272,218,231,157,123,141,114,76,75,50,47,0,0
2024,2024-08-14,Westbound,Light Vehicles,354,237,158,160,370,1089,2067,2299,2312,2117,1865,1875,2009,2135,2325,2514,2618,2525,2546,2067,1767,1670,1394,777,0,0
2024,2024-08-14,Westbound,Heavy Vehicles,44,34,53,68,94,173,308,263,255,342,363,410,374,416,373,324,243,207,174,96,102,74,77,56,0,0
2024,2024-08-14,Eastbound,Light Vehicles,217,145,153,234,685,1996,2533,2584,2419,2172,1905,1787,1922,2005,2106,2179,2042,2024,2054,1486,1234,1063,755,435,0,0
2024,2024-08-14,Eastbound,All Vehicles,269,192,206,331,816,2287,2968,2946,2738,2606,2284,2147,2219,2277,2324,2410,2199,2147,2195,1600,1310,1138,805,482,0,0
2024,2024-08-14,Westbound,All Vehicles,398,271,211,228,464,1262,2375,2562,2567,2459,2228,2285,2383,2551,2698,2838,2861,2732,2720,2163,1869,1744,1471,833,0,0
2024,2024-08-15,Eastbound,Heavy Vehicles,43,44,59,95,120,305,435,337,343,402,355,323,339,288,293,233,177,139,159,102,93,69,68,44,0,0
2024,2024-08-15,Westbound,Light Vehicles,442,223,180,175,358,1087,2154,2336,2231,2118,1925,1878,2130,2249,2620,2624,2600,2518,2545,2122,1972,1871,1473,925,0,0
2024,2024-08-15,Westbound,Heavy Vehicles,48,39,36,53,83,187,290,297,235,328,385,393,391,377,374,308,248,199,154,122,105,86,69,57,0,0
2024,2024-08-15,Eastbound,Light Vehicles,232,162,142,243,696,1976,2601,2398,2548,2113,1920,1848,1846,2047,2210,2456,2344,2183,2110,1592,1243,1158,800,449,0,0
2024,2024-08-15,Eastbound,All Vehicles,275,206,201,338,816,2281,3036,2735,2891,2515,2275,2171,2185,2335,2503,2689,2521,2322,2269,1694,1336,1227,868,493,0,0
2024,2024-08-15,Westbound,All Vehicles,490,262,216,228,441,1274,2444,2633,2466,2446,2310,2271,2521,2626,2994,2932,2848,2717,2699,2244,2077,1957,1542,982,0,0
2024,2024-08-16,Westbound,Light Vehicles,464,256,182,215,361,1049,2073,2272,2264,2115,1915,2018,2136,2213,2461,2586,2542,2634,2689,2179,1824,1848,1804,1312,0,0
2024,2024-08-16,Eastbound,Heavy Vehicles,52,57,59,83,131,322,504,367,338,391,347,308,314,287,268,231,182,159,127,99,70,46,65,39,0,0
2024,2024-08-16,Westbound,Heavy Vehicles,44,44,44,61,96,185,308,307,259,321,352,353,377,376,389,287,264,227,189,105,86,69,56,56,0,0
2024,2024-08-16,Eastbound,Light Vehicles,292,177,161,237,678,1886,2614,2461,2431,2161,1881,1911,1941,2128,2291,2374,2244,2278,2223,1881,1437,1283,1161,762,0,0
2024,2024-08-16,Westbound,All Vehicles,508,300,226,276,457,1234,2381,2579,2523,2436,2267,2371,2513,2589,2850,2873,2806,2861,2878,2284,1910,1917,1860,1368,0,0
2024,2024-08-16,Eastbound,All Vehicles,344,234,220,320,809,2208,3118,2828,2769,2552,2228,2219,2255,2415,2559,2605,2426,2437,2350,1980,1507,1329,1226,801,0,0
2024,2024-08-17,Eastbound,Heavy Vehicles,43,28,29,42,45,114,215,217,138,172,148,160,126,129,139,94,109,142,94,65,35,47,41,25,0,0
2024,2024-08-17,Eastbound,Light Vehicles,511,277,209,201,394,937,1545,1677,2029,2297,2494,2614,2692,2614,2533,2369,2337,2390,2246,1647,1396,1328,1273,833,0,0
2024,2024-08-17,Westbound,Light Vehicles,802,454,325,230,247,576,1284,1492,1732,2190,2385,2553,2549,2737,2842,2768,2638,2869,2624,1927,1778,1833,1887,1325,0,0
2024,2024-08-17,Westbound,Heavy Vehicles,51,29,18,30,33,69,150,145,180,174,190,169,149,161,135,127,130,103,96,72,64,56,38,38,0,0
2024,2024-08-17,Eastbound,All Vehicles,554,305,238,243,439,1051,1760,1894,2167,2469,2642,2774,2818,2743,2672,2463,2446,2532,2340,1712,1431,1375,1314,858,0,0
2024,2024-08-17,Westbound,All Vehicles,853,483,343,260,280,645,1434,1637,1912,2364,2575,2722,2698,2898,2977,2895,2768,2972,2720,1999,1842,1889,1925,1363,0,0
2024,2024-08-18,Eastbound,Light Vehicles,580,298,199,198,270,556,987,1046,1540,2325,2285,2419,2379,2407,2330,2121,2223,2178,1800,1376,1261,1087,731,398,0,0
2024,2024-08-18,Eastbound,Heavy Vehicles,24,18,19,22,18,35,71,81,71,93,99,100,92,103,89,70,74,96,80,84,44,59,51,42,0,0
2024,2024-08-18,Westbound,Light Vehicles,856,502,332,218,255,343,643,974,1290,1792,2108,2273,2571,2568,2589,2695,2699,2578,2145,1804,1697,1591,1224,674,0,0
2024,2024-08-18,Westbound,Heavy Vehicles,26,23,17,14,14,38,53,59,79,90,92,103,91,95,91,117,89,98,89,74,58,64,47,32,0,0
2024,2024-08-18,Eastbound,All Vehicles,604,316,218,220,288,591,1058,1127,1611,2418,2384,2519,2471,2510,2419,2191,2297,2274,1880,1460,1305,1146,782,440,0,0
2024,2024-08-18,Westbound,All Vehicles,882,525,349,232,269,381,696,1033,1369,1882,2200,2376,2662,2663,2680,2812,2788,2676,2234,1878,1755,1655,1271,706,0,0
2024,2024-08-19,Westbound,Heavy Vehicles,18,27,38,47,80,167,303,262,267,316,410,394,424,367,361,323,278,193,171,129,85,72,55,50,0,0
2024,2024-08-19,Eastbound,Heavy Vehicles,37,45,47,72,148,293,460,346,324,464,358,338,301,275,261,231,187,164,149,101,78,74,60,35,0,0
2024,2024-08-19,Eastbound,Light Vehicles,257,113,146,252,706,2001,2621,2622,2431,2184,1772,1726,1712,1991,2106,2342,2345,2275,2029,1401,1200,1061,802,396,0,0
2024,2024-08-19,Westbound,Light Vehicles,354,170,141,157,335,1012,2044,2154,2213,1944,1799,1834,1985,2209,2471,2678,2705,2646,2499,1929,1565,1517,1192,727,0,0
2024,2024-08-19,Westbound,All Vehicles,372,197,179,204,415,1179,2347,2416,2480,2260,2209,2228,2409,2576,2832,3001,2983,2839,2670,2058,1650,1589,1247,777,0,0
2024,2024-08-19,Eastbound,All Vehicles,294,158,193,324,854,2294,3081,2968,2755,2648,2130,2064,2013,2266,2367,2573,2532,2439,2178,1502,1278,1135,862,431,0,0
2024,2024-08-20,Eastbound,Light Vehicles,203,153,145,248,720,2029,2672,2614,2454,2177,1932,1739,1771,2027,2178,2474,2380,1999,2086,1524,1151,1034,784,348,0,0
2024,2024-08-20,Westbound,Heavy Vehicles,44,25,49,67,98,170,296,299,270,352,411,388,426,383,366,317,252,201,183,138,101,82,74,66,0,0
2024,2024-08-20,Westbound,Light Vehicles,345,200,167,167,375,1080,2168,2280,2127,2024,1853,1878,1989,2335,2493,2559,2579,2569,2665,2139,1722,1625,1336,791,0,0
2024,2024-08-20,Eastbound,Heavy Vehicles,46,40,50,100,136,320,471,333,307,416,400,388,327,276,258,227,186,158,148,113,97,88,65,47,0,0
2024,2024-08-20,Eastbound,All Vehicles,249,193,195,348,856,2349,3143,2947,2761,2593,2332,2127,2098,2303,2436,2701,2566,2157,2234,1637,1248,1122,849,395,0,0
2024,2024-08-20,Westbound,All Vehicles,389,225,216,234,473,1250,2464,2579,2397,2376,2264,2266,2415,2718,2859,2876,2831,2770,2848,2277,1823,1707,1410,857,0,0
2024,2024-08-21,Westbound,Heavy Vehicles,41,37,41,57,91,185,324,295,261,333,380,376,375,403,376,324,253,194,176,122,90,77,66,62,0,0
2024,2024-08-21,Eastbound,Heavy Vehicles,37,42,62,96,140,323,505,355,334,407,387,379,346,287,224,235,177,152,155,115,80,64,72,49,0,0
2024,2024-08-21,Westbound,Light Vehicles,372,219,172,184,391,1124,2293,2318,2204,2110,1931,1915,2012,2207,2529,2668,2674,2590,2643,2143,1782,1731,1332,791,0,0
2024,2024-08-21,Eastbound,Light Vehicles,229,134,149,258,714,2121,2661,2524,2490,2213,1839,1830,1813,1995,2112,2447,2217,2158,2055,1561,1300,1162,766,446,0,0
2024,2024-08-21,Westbound,All Vehicles,413,256,213,241,482,1309,2617,2613,2465,2443,2311,2291,2387,2610,2905,2992,2927,2784,2819,2265,1872,1808,1398,853,0,0
2024,2024-08-21,Eastbound,All Vehicles,266,176,211,354,854,2444,3166,2879,2824,2620,2226,2209,2159,2282,2336,2682,2394,2310,2210,1676,1380,1226,838,495,0,0
2024,2024-08-22,Eastbound,Light Vehicles,240,154,156,274,705,2067,2576,2523,2547,2289,1854,1868,1829,2023,2282,2452,2241,2131,2124,1570,1300,1120,840,443,0,0
2024,2024-08-22,Westbound,Heavy Vehicles,35,37,47,45,87,169,315,299,252,360,374,410,365,452,367,331,261,218,155,128,92,72,74,68,0,0
2024,2024-08-22,Westbound,Light Vehicles,396,256,164,179,375,1134,2146,2300,2134,2020,1889,1969,2124,2362,2641,2619,2622,2511,2682,2127,1866,1868,1562,939,0,0
2024,2024-08-22,Eastbound,Heavy Vehicles,42,52,57,93,130,305,504,386,337,433,358,337,307,287,248,220,212,149,152,127,94,75,74,46,0,0
2024,2024-08-22,Eastbound,All Vehicles,282,206,213,367,835,2372,3080,2909,2884,2722,2212,2205,2136,2310,2530,2672,2453,2280,2276,1697,1394,1195,914,489,0,0
2024,2024-08-22,Westbound,All Vehicles,431,293,211,224,462,1303,2461,2599,2386,2380,2263,2379,2489,2814,3008,2950,2883,2729,2837,2255,1958,1940,1636,1007,0,0
2024,2024-08-23,Eastbound,Light Vehicles,288,177,146,268,668,2033,2547,2534,2462,2018,1982,1877,1969,2119,2229,2402,2129,2052,2337,1755,1400,1226,1130,726,0,0
2024,2024-08-23,Westbound,Light Vehicles,454,277,184,198,363,1073,2206,2284,2102,2096,1936,2013,2157,2321,2493,2626,2439,2524,2664,2166,1895,1761,1781,1255,0,0
2024,2024-08-23,Eastbound,Heavy Vehicles,63,57,47,108,140,315,508,376,329,366,371,340,327,283,263,222,202,152,163,96,69,63,59,46,0,0
2024,2024-08-23,Westbound,Heavy Vehicles,43,31,45,51,94,187,330,302,271,340,370,382,387,417,376,344,227,223,152,128,102,71,62,50,0,0
2024,2024-08-23,Eastbound,All Vehicles,351,234,193,376,808,2348,3055,2910,2791,2384,2353,2217,2296,2402,2492,2624,2331,2204,2500,1851,1469,1289,1189,772,0,0
2024,2024-08-23,Westbound,All Vehicles,497,308,229,249,457,1260,2536,2586,2373,2436,2306,2395,2544,2738,2869,2970,2666,2747,2816,2294,1997,1832,1843,1305,0,0
2024,2024-08-24,Westbound,Heavy Vehicles,29,25,29,23,42,78,145,155,151,162,176,175,175,163,166,149,129,101,89,79,55,53,53,40,0,0
2024,2024-08-24,Eastbound,Heavy Vehicles,34,31,34,33,54,120,208,249,169,174,167,144,147,124,107,129,104,118,90,73,41,48,55,23,0,0
2024,2024-08-24,Westbound,Light Vehicles,736,478,276,223,271,561,1323,1438,1822,2085,2302,2571,2652,2612,2804,2742,2690,2667,2560,1937,1795,1955,1882,1490,0,0
2024,2024-08-24,Eastbound,Light Vehicles,466,287,171,183,393,978,1519,1572,1946,2285,2420,2528,2611,2590,2446,2291,2221,2457,2300,1773,1337,1265,1153,868,0,0
2024,2024-08-24,Westbound,All Vehicles,765,503,305,246,313,639,1468,1593,1973,2247,2478,2746,2827,2775,2970,2891,2819,2768,2649,2016,1850,2008,1935,1530,0,0
2024,2024-08-24,Eastbound,All Vehicles,500,318,205,216,447,1098,1727,1821,2115,2459,2587,2672,2758,2714,2553,2420,2325,2575,2390,1846,1378,1313,1208,891,0,0
2024,2024-08-25,Westbound,Heavy Vehicles,30,13,25,15,15,22,58,73,75,76,91,98,118,99,101,105,105,93,91,71,59,55,57,28,0,0
2024,2024-08-25,Westbound,Light Vehicles,890,508,322,263,234,322,656,977,1297,1776,2061,2377,2655,2454,2622,2679,2743,2576,2105,1686,1646,1471,1175,657,0,0
2024,2024-08-25,Eastbound,Heavy Vehicles,26,15,15,20,20,34,67,85,71,90,103,116,94,89,96,66,82,81,86,64,59,68,55,44,0,0
2024,2024-08-25,Eastbound,Light Vehicles,667,345,197,196,284,592,913,1015,1389,2144,2337,2327,2343,2311,2261,2186,2130,2190,1740,1383,1299,1181,777,405,0,0
2024,2024-08-25,Westbound,All Vehicles,920,521,347,278,249,344,714,1050,1372,1852,2152,2475,2773,2553,2723,2784,2848,2669,2196,1757,1705,1526,1232,685,0,0
2024,2024-08-25,Eastbound,All Vehicles,693,360,212,216,304,626,980,1100,1460,2234,2440,2443,2437,2400,2357,2252,2212,2271,1826,1447,1358,1249,832,449,0,0
2024,2024-08-26,Eastbound,Light Vehicles,234,126,144,242,761,2100,2632,2602,2465,1932,1775,1623,1829,1860,2071,2315,2253,2115,1944,1453,1160,1016,712,348,0,0
2024,2024-08-26,Westbound,Light Vehicles,345,160,151,149,376,1165,2203,2353,2166,2029,1812,1837,1958,2235,2593,2525,2743,2607,2525,1858,1562,1429,1257,703,0,0
2024,2024-08-26,Westbound,Heavy Vehicles,23,24,47,48,99,167,289,269,281,343,366,424,397,412,358,302,252,214,177,117,71,64,70,42,0,0
2024,2024-08-26,Eastbound,Heavy Vehicles,39,35,55,85,134,356,481,372,332,395,371,363,335,283,263,231,213,158,143,122,81,56,71,43,0,0
2024,2024-08-26,Eastbound,All Vehicles,273,161,199,327,895,2456,3113,2974,2797,2327,2146,1986,2164,2143,2334,2546,2466,2273,2087,1575,1241,1072,783,391,0,0
2024,2024-08-26,Westbound,All Vehicles,368,184,198,197,475,1332,2492,2622,2447,2372,2178,2261,2355,2647,2951,2827,2995,2821,2702,1975,1633,1493,1327,745,0,0
2024,2024-08-27,Westbound,Light Vehicles,366,229,146,161,371,1136,2277,2293,2161,1940,1865,1824,2036,2234,2495,2584,2575,2401,2665,2130,1694,1550,1383,727,0,0
2024,2024-08-27,Eastbound,Light Vehicles,182,152,147,249,717,2073,2644,2606,2368,2160,1919,1872,1821,1990,2167,2469,2233,2075,2043,1504,1218,1065,756,415,0,0
2024,2024-08-27,Eastbound,Heavy Vehicles,43,40,70,80,154,340,477,377,315,408,371,338,325,310,241,231,202,152,157,125,75,92,66,54,0,0
2024,2024-08-27,Westbound,Heavy Vehicles,37,40,48,58,88,191,339,252,263,319,394,399,392,411,385,320,271,184,185,126,83,84,70,66,0,0
2024,2024-08-27,Westbound,All Vehicles,403,269,194,219,459,1327,2616,2545,2424,2259,2259,2223,2428,2645,2880,2904,2846,2585,2850,2256,1777,1634,1453,793,0,0
2024,2024-08-27,Eastbound,All Vehicles,225,192,217,329,871,2413,3121,2983,2683,2568,2290,2210,2146,2300,2408,2700,2435,2227,2200,1629,1293,1157,822,469,0,0
2024,2024-08-28,Eastbound,Light Vehicles,208,153,160,264,695,2100,2594,2534,2433,2168,1877,1911,1902,1970,2237,2353,2287,2034,2002,1600,1255,1246,851,421,0,0
2024,2024-08-28,Eastbound,Heavy Vehicles,54,51,66,101,143,327,510,362,326,398,404,356,307,323,255,223,180,186,144,126,78,60,70,42,0,0
2024,2024-08-28,Westbound,Light Vehicles,381,243,159,175,378,1154,2184,2341,2199,2088,1916,1900,2035,2247,2550,2610,2635,2647,2625,2116,1737,1729,1444,909,0,0
2024,2024-08-28,Westbound,Heavy Vehicles,43,34,44,56,86,181,322,272,283,333,399,415,388,460,402,313,261,220,173,127,97,77,74,41,0,0
2024,2024-08-28,Eastbound,All Vehicles,262,204,226,365,838,2427,3104,2896,2759,2566,2281,2267,2209,2293,2492,2576,2467,2220,2146,1726,1333,1306,921,463,0,0
2024,2024-08-28,Westbound,All Vehicles,424,277,203,231,464,1335,2506,2613,2482,2421,2315,2315,2423,2707,2952,2923,2896,2867,2798,2243,1834,1806,1518,950,0,0
2024,2024-08-29,Eastbound,Light Vehicles,217,172,157,249,731,2044,2624,2529,2470,2311,2226,1896,1845,1962,2258,2173,2092,2007,1966,1691,1269,1187,854,,0,0
2024,2024-08-29,Westbound,Light Vehicles,471,299,164,176,367,1120,2164,2309,2119,2156,1795,1896,2088,2275,2587,2574,2595,2359,2592,2352,1922,1860,1514,894,0,0
2024,2024-08-29,Westbound,Heavy Vehicles,43,43,42,63,75,188,315,289,288,374,403,429,392,401,395,316,269,198,202,147,91,79,67,59,0,0
2024,2024-08-29,Eastbound,Heavy Vehicles,47,49,60,93,155,303,484,368,292,499,484,385,310,299,286,222,183,164,146,135,85,86,77,,0,0
2024,2024-08-29,Eastbound,All Vehicles,264,221,217,342,886,2347,3108,2897,2762,2810,2710,2281,2155,2261,2544,2395,2275,2171,2112,1826,1354,1273,931,,0,0
2024,2024-08-29,Westbound,All Vehicles,514,342,206,239,442,1308,2479,2598,2407,2530,2198,2325,2480,2676,2982,2890,2864,2557,2794,2499,2013,1939,1581,953,0,0
2024,2024-08-30,Westbound,Light Vehicles,466,249,164,202,375,1119,2183,2311,2209,2138,1954,2121,2111,2231,2566,2563,2375,2274,2461,2475,2055,1863,1853,1353,0,0
2024,2024-08-30,Westbound,Heavy Vehicles,45,41,40,46,89,188,317,303,294,336,361,378,391,377,373,330,267,200,146,171,86,91,81,43,0,0
2024,2024-08-30,Eastbound,Heavy Vehicles,58,50,67,89,144,329,486,361,346,370,360,,330,287,268,198,168,122,120,115,69,68,74,61,0,0
2024,2024-08-30,Eastbound,Light Vehicles,270,145,151,270,685,1936,2518,2590,2433,2116,1975,,1928,2116,2211,2472,2164,1781,2263,1822,1355,1316,1211,767,0,0
2024,2024-08-30,Westbound,All Vehicles,511,290,204,248,464,1307,2500,2614,2503,2474,2315,2499,2502,2608,2939,2893,2642,2474,2607,2646,2141,1954,1934,1396,0,0
2024,2024-08-30,Eastbound,All Vehicles,328,195,218,359,829,2265,3004,2951,2779,2486,2335,,2258,2403,2479,2670,2332,1903,2383,1937,1424,1384,1285,828,0,0
2024,2024-08-31,Eastbound,Light Vehicles,469,252,187,208,404,1013,1564,1703,2038,2225,2529,2455,2672,2755,2697,2396,2349,2446,2308,1723,1327,1363,1336,943,0,0
2024,2024-08-31,Eastbound,Heavy Vehicles,33,36,35,34,52,112,208,219,168,163,130,128,120,120,115,77,82,84,85,50,40,39,41,27,0,0
2024,2024-08-31,Westbound,Heavy Vehicles,38,33,21,33,44,81,172,167,181,158,174,162,166,146,150,162,156,119,126,79,62,54,45,41,0,0
2024,2024-08-31,Westbound,Light Vehicles,780,478,310,237,252,619,1358,1483,1923,2207,2510,2427,2538,2669,2738,2745,2715,2918,2686,2125,1830,1833,1817,1350,0,0
2024,2024-08-31,Eastbound,All Vehicles,502,288,222,242,456,1125,1772,1922,2206,2388,2659,2583,2792,2875,2812,2473,2431,2530,2393,1773,1367,1402,1377,970,0,0
2024,2024-08-31,Westbound,All Vehicles,818,511,331,270,296,700,1530,1650,2104,2365,2684,2589,2704,2815,2888,2907,2871,3037,2812,2204,1892,1887,1862,1391,0,0
2024,2024-09-01,Eastbound,Light Vehicles,552,345,192,169,270,574,945,1058,1439,2240,2309,2596,2502,1797,2194,2157,2181,2266,1960,1516,1338,1128,740,380,0,0
2024,2024-09-01,Westbound,Heavy Vehicles,24,19,16,19,17,29,60,67,75,90,100,81,86,85,99,90,78,90,86,88,60,55,36,31,0,0
2024,2024-09-01,Westbound,Light Vehicles,949,537,330,227,218,335,669,979,1320,1960,2123,2542,2507,2438,2636,2719,2546,2697,2407,1986,1936,1557,1132,651,0,0
2024,2024-09-01,Eastbound,Heavy Vehicles,21,29,14,18,22,38,61,63,52,84,94,90,92,78,88,72,79,93,91,72,60,50,56,51,0,0
2024,2024-09-01,Eastbound,All Vehicles,573,374,206,187,292,612,1006,1121,1491,2324,2403,2686,2594,1875,2282,2229,2260,2359,2051,1588,1398,1178,796,431,0,0
2024,2024-09-01,Westbound,All Vehicles,973,556,346,246,235,364,729,1046,1395,2050,2223,2623,2593,2523,2735,2809,2624,2787,2493,2074,1996,1612,1168,682,0,0
2024,2024-09-02,Westbound,Heavy Vehicles,29,29,44,45,86,170,314,307,257,337,424,368,416,414,402,311,247,215,160,119,72,83,55,59,0,0
2024,2024-09-02,Eastbound,Heavy Vehicles,47,49,55,79,140,336,474,356,301,424,323,320,283,292,291,203,187,143,79,114,83,60,50,35,0,0
2024,2024-09-02,Westbound,Light Vehicles,340,182,109,140,361,1054,2127,2356,2159,2083,1839,1795,2040,2181,2529,2659,2575,2675,2548,1869,1536,1338,1187,659,0,0
2024,2024-09-02,Eastbound,Light Vehicles,218,128,151,251,702,2072,2605,2551,2456,2030,1710,1675,1806,1825,2071,2276,2163,2097,1202,1302,1091,1010,676,340,0,0
2024,2024-09-02,Westbound,All Vehicles,369,211,153,185,447,1224,2441,2663,2416,2420,2263,2163,2456,2595,2931,2970,2822,2890,2708,1988,1608,1421,1242,718,0,0
2024,2024-09-02,Eastbound,All Vehicles,265,177,206,330,842,2408,3079,2907,2757,2454,2033,1995,2089,2117,2362,2479,2350,2240,1281,1416,1174,1070,726,375,0,0
2024,2024-09-03,Westbound,Light Vehicles,354,212,162,167,357,1084,2250,2340,2238,2002,1856,1920,1898,2275,2449,2521,2518,2368,2651,2101,1702,1592,1337,736,0,0
2024,2024-09-03,Westbound,Heavy Vehicles,41,36,44,67,84,183,285,257,254,313,427,403,405,392,388,295,237,200,186,132,82,72,64,53,0,0
2024,2024-09-03,Eastbound,Heavy Vehicles,45,42,54,82,164,293,444,344,283,396,377,360,275,280,212,194,184,141,122,94,86,59,60,46,0,0
2024,2024-09-03,Eastbound,Light Vehicles,206,134,161,256,749,2101,2670,2594,2445,2218,1868,1786,1794,1889,2148,2388,2220,2081,2008,1520,1158,1075,710,367,0,0
2024,2024-09-03,Westbound,All Vehicles,395,248,206,234,441,1267,2535,2597,2492,2315,2283,2323,2303,2667,2837,2816,2755,2568,2837,2233,1784,1664,1401,789,0,0
2024,2024-09-03,Eastbound,All Vehicles,251,176,215,338,913,2394,3114,2938,2728,2614,2245,2146,2069,2169,2360,2582,2404,2222,2130,1614,1244,1134,770,413,0,0
2024,2024-09-04,Eastbound,Heavy Vehicles,51,38,62,99,132,297,450,351,299,360,354,371,350,279,264,244,197,134,137,92,51,70,63,41,0,0
2024,2024-09-04,Westbound,Light Vehicles,394,217,149,176,368,1163,2194,2288,2172,2144,1871,1893,2072,2270,2566,2550,2627,2529,2641,2072,1695,1651,1338,747,0,0
2024,2024-09-04,Eastbound,Light Vehicles,208,146,169,226,728,2077,2761,2648,2386,2215,1946,1736,1834,1989,2115,2368,2243,2012,2070,1539,1247,1231,814,403,0,0
2024,2024-09-04,Westbound,Heavy Vehicles,41,40,42,54,82,182,307,287,247,328,396,373,369,426,407,312,267,228,169,135,96,78,60,41,0,0
2024,2024-09-04,Eastbound,All Vehicles,259,184,231,325,860,2374,3211,2999,2685,2575,2300,2107,2184,2268,2379,2612,2440,2146,2207,1631,1298,1301,877,444,0,0
2024,2024-09-04,Westbound,All Vehicles,435,257,191,230,450,1345,2501,2575,2419,2472,2267,2266,2441,2696,2973,2862,2894,2757,2810,2207,1791,1729,1398,788,0,0
2024,2024-09-05,Westbound,Heavy Vehicles,48,36,39,52,81,197,339,292,244,349,393,407,385,422,410,311,258,241,213,140,104,66,61,67,0,0
2024,2024-09-05,Eastbound,Light Vehicles,228,161,174,260,718,2121,2660,2610,2586,2098,1930,1804,1875,2045,2192,2399,2307,2019,2031,1628,,1131,,471,0,0
2024,2024-09-05,Westbound,Light Vehicles,405,220,170,170,335,1172,2211,2341,2156,2070,1877,1885,2104,2312,2567,2659,2609,2491,2668,2234,1921,1860,1485,854,0,0
2024,2024-09-05,Eastbound,Heavy Vehicles,41,42,55,89,132,245,431,344,311,342,374,320,301,276,275,244,180,165,123,115,,62,,47,0,0
2024,2024-09-05,Westbound,All Vehicles,453,256,209,222,416,1369,2550,2633,2400,2419,2270,2292,2489,2734,2977,2970,2867,2732,2881,2374,2025,1926,1546,921,0,0
2024,2024-09-05,Eastbound,All Vehicles,269,203,229,349,850,2366,3091,2954,2897,2440,2304,2124,2176,2321,2467,2643,2487,2184,2154,1743,,1193,,518,0,0
2024,2024-09-06,Eastbound,Heavy Vehicles,46,55,57,77,138,316,397,364,303,394,357,358,304,242,241,191,158,134,137,101,61,65,58,50,0,0
2024,2024-09-06,Eastbound,Light Vehicles,265,162,179,236,732,2021,2583,2548,2425,2159,1914,1932,2062,2161,2297,2341,2182,2058,2248,1849,1463,1285,1121,723,0,0
2024,2024-09-06,Westbound,Light Vehicles,483,247,195,194,369,1160,2230,2256,2205,2127,1985,2037,2122,2330,2531,2609,2415,2568,2598,2157,1978,1882,1879,1433,0,0
2024,2024-09-06,Westbound,Heavy Vehicles,47,34,43,50,80,190,315,291,278,357,408,398,380,375,389,302,233,229,177,104,97,82,72,54,0,0
2024,2024-09-06,Eastbound,All Vehicles,311,217,236,313,870,2337,2980,2912,2728,2553,2271,2290,2366,2403,2538,2532,2340,2192,2385,1950,1524,1350,1179,773,0,0
2024,2024-09-06,Westbound,All Vehicles,530,281,238,244,449,1350,2545,2547,2483,2484,2393,2435,2502,2705,2920,2911,2648,2797,2775,2261,2075,1964,1951,1487,0,0
2024,2024-09-07,Westbound,Heavy Vehicles,33,37,24,29,30,85,160,154,158,169,192,186,202,147,127,101,135,102,92,71,72,77,45,49,0,0
2024,2024-09-07,Eastbound,Heavy Vehicles,37,32,39,37,45,117,210,191,146,133,143,115,123,124,116,129,91,103,,58,48,41,50,29,0,0
2024,2024-09-07,Eastbound,Light Vehicles,442,257,201,203,403,998,1620,1683,2070,2284,2408,2503,2393,2467,2389,2345,2398,2343,,1618,1397,1280,1302,944,0,0
2024,2024-09-07,Westbound,Light Vehicles,798,464,337,219,270,624,1395,1522,1925,2269,2506,2484,2657,2592,2691,2781,2657,2747,2634,2054,1983,1962,1700,1327,0,0
2024,2024-09-07,Westbound,All Vehicles,831,501,361,248,300,709,1555,1676,2083,2438,2698,2670,2859,2739,2818,2882,2792,2849,2726,2125,2055,2039,1745,1376,0,0
2024,2024-09-07,Eastbound,All Vehicles,479,289,240,240,448,1115,1830,1874,2216,2417,2551,2618,2516,2591,2505,2474,2489,2446,,1676,1445,1321,1352,973,0,0
2024,2024-09-08,Westbound,Heavy Vehicles,22,21,9,13,15,30,67,64,94,94,85,109,87,108,122,104,94,95,111,73,77,59,54,45,0,0
2024,2024-09-08,Eastbound,Heavy Vehicles,27,18,13,24,24,50,68,75,76,85,82,113,86,89,94,78,94,87,77,,65,59,56,50,0,0
2024,2024-09-08,Westbound,Light Vehicles,870,507,292,231,229,339,733,1031,1410,1892,2089,2416,2607,2488,2543,2666,2488,2574,2316,1867,1821,1598,1234,758,0,0
2024,2024-09-08,Eastbound,Light Vehicles,554,300,208,184,257,566,992,1042,1420,2135,2288,2281,2264,2341,2229,2218,2208,2222,1861,,1332,1233,815,454,0,0
2024,2024-09-08,Westbound,All Vehicles,892,528,301,244,244,369,800,1095,1504,1986,2174,2525,2694,2596,2665,2770,2582,2669,2427,1940,1898,1657,1288,803,0,0
2024,2024-09-08,Eastbound,All Vehicles,581,318,221,208,281,616,1060,1117,1496,2220,2370,2394,2350,2430,2323,2296,2302,2309,1938,,1397,1292,871,504,0,0
2024,2024-09-09,Eastbound,Light Vehicles,237,129,139,244,731,2099,2608,2538,2402,1951,1791,1693,1755,1947,2045,2319,2016,2137,1964,1334,1088,943,684,372,0,0
2024,2024-09-09,Westbound,Heavy Vehicles,24,26,41,47,84,172,303,272,270,336,371,370,431,383,347,341,267,229,155,120,78,59,59,55,0,0
2024,2024-09-09,Westbound,Light Vehicles,369,202,123,146,384,1174,2197,2334,2326,1979,1849,1822,2023,2189,2594,2599,2551,2549,2557,1964,1580,1379,1128,670,0,0
2024,2024-09-09,Eastbound,Heavy Vehicles,49,44,44,85,117,313,458,296,294,360,281,311,288,288,254,202,197,149,138,82,77,60,59,47,0,0
2024,2024-09-09,Eastbound,All Vehicles,286,173,183,329,848,2412,3066,2834,2696,2311,2072,2004,2043,2235,2299,2521,2213,2286,2102,1416,1165,1003,743,419,0,0
2024,2024-09-09,Westbound,All Vehicles,393,228,164,193,468,1346,2500,2606,2596,2315,2220,2192,2454,2572,2941,2940,2818,2778,2712,2084,1658,1438,1187,725,0,0
2024,2024-09-10,Eastbound,Heavy Vehicles,48,51,56,90,141,319,462,375,291,401,378,337,339,260,229,214,173,139,132,113,84,63,63,64,0,0
2024,2024-09-10,Eastbound,Light Vehicles,201,137,159,266,719,2016,2595,2571,2439,2117,1791,1788,1759,2015,2173,2365,2323,1971,1808,1541,1128,1019,721,378,0,0
2024,2024-09-10,Westbound,Heavy Vehicles,38,31,41,60,94,198,321,271,261,308,410,376,408,402,412,325,266,188,168,123,96,78,81,65,0,0
2024,2024-09-10,Westbound,Light Vehicles,343,201,144,179,360,1197,2200,2296,2247,1997,1834,1865,2088,2221,2540,2599,2643,2384,2484,2009,1660,1562,1274,738,0,0
2024,2024-09-10,Eastbound,All Vehicles,249,188,215,356,860,2335,3057,2946,2730,2518,2169,2125,2098,2275,2402,2579,2496,2110,1940,1654,1212,1082,784,442,0,0
2024,2024-09-10,Westbound,All Vehicles,381,232,185,239,454,1395,2521,2567,2508,2305,2244,2241,2496,2623,2952,2924,2909,2572,2652,2132,1756,1640,1355,803,0,0
2024,2024-09-11,Eastbound,Light Vehicles,236,131,157,258,708,2042,2623,2500,2532,2216,1880,1775,1767,1956,2133,2291,2224,2248,1971,1515,1195,1101,769,420,0,0
2024,2024-09-11,Eastbound,Heavy Vehicles,61,52,68,105,129,323,510,378,312,412,394,357,294,321,246,192,181,176,149,126,73,60,65,62,0,0
2024,2024-09-11,Westbound,Heavy Vehicles,34,39,38,58,79,190,328,273,266,325,382,381,377,397,412,320,249,183,172,134,92,78,80,52,0,0
2024,2024-09-11,Westbound,Light Vehicles,394,210,147,188,384,1129,2264,2287,2254,2093,1810,1822,2023,2315,2534,2650,2553,2407,2615,2169,1733,1745,1415,730,0,0
2024,2024-09-11,Eastbound,All Vehicles,297,183,225,363,837,2365,3133,2878,2844,2628,2274,2132,2061,2277,2379,2483,2405,2424,2120,1641,1268,1161,834,482,0,0
2024,2024-09-11,Westbound,All Vehicles,428,249,185,246,463,1319,2592,2560,2520,2418,2192,2203,2400,2712,2946,2970,2802,2590,2787,2303,1825,1823,1495,782,0,0
2024,2024-09-12,Eastbound,Light Vehicles,235,165,151,230,723,2065,2600,2604,2533,2070,1808,1717,1887,2097,2102,2436,2165,2057,2011,1518,1238,1078,789,394,0,0
2024,2024-09-12,Westbound,Heavy Vehicles,45,45,45,55,94,185,299,298,243,366,394,382,410,421,381,296,259,198,177,107,99,69,68,66,0,0
2024,2024-09-12,Eastbound,Heavy Vehicles,47,56,52,94,134,331,481,372,338,388,366,347,312,304,276,212,190,145,152,127,71,81,64,48,0,0
2024,2024-09-12,Westbound,Light Vehicles,434,239,164,178,380,1152,2128,2283,2269,2074,1987,1898,2125,2207,2624,2687,2531,2435,2465,2127,1851,1812,1349,928,0,0
2024,2024-09-12,Eastbound,All Vehicles,282,221,203,324,857,2396,3081,2976,2871,2458,2174,2064,2199,2401,2378,2648,2355,2202,2163,1645,1309,1159,853,442,0,0
2024,2024-09-12,Westbound,All Vehicles,479,284,209,233,474,1337,2427,2581,2512,2440,2381,2280,2535,2628,3005,2983,2790,2633,2642,2234,1950,1881,1417,994,0,0
2024,2024-09-13,Eastbound,Heavy Vehicles,50,53,54,84,130,344,476,435,371,374,390,335,310,281,251,219,162,188,,,62,56,64,50,0,0
2024,2024-09-13,Eastbound,Light Vehicles,262,176,163,249,670,1987,2415,2425,2350,2132,1852,1827,1833,2062,2242,2363,2218,2200,,,1324,1265,1227,765,0,0
2024,2024-09-13,Westbound,Heavy Vehicles,40,41,34,53,96,168,373,367,313,326,379,420,370,366,383,306,248,232,220,122,95,76,54,50,0,0
2024,2024-09-13,Westbound,Light Vehicles,457,250,174,193,376,1225,2071,2264,2192,1995,1974,2166,2235,2280,2559,2547,2358,2436,2690,2322,1898,1780,1807,1363,0,0
2024,2024-09-13,Eastbound,All Vehicles,312,229,217,333,800,2331,2891,2860,2721,2506,2242,2162,2143,2343,2493,2582,2380,2388,,,1386,1321,1291,815,0,0
2024,2024-09-13,Westbound,All Vehicles,497,291,208,246,472,1393,2444,2631,2505,2321,2353,2586,2605,2646,2942,2853,2606,2668,2910,2444,1993,1856,1861,1413,0,0
2024,2024-09-14,Eastbound,Light Vehicles,443,225,200,213,427,975,1618,1698,1933,2198,2334,2770,2658,2483,2427,2363,2226,2411,2228,1640,1286,1354,1215,890,0,0
2024,2024-09-14,Eastbound,Heavy Vehicles,45,29,23,36,58,139,224,192,157,183,157,164,162,137,113,117,93,95,84,68,46,47,39,31,0,0
2024,2024-09-14,Westbound,Heavy Vehicles,41,31,20,26,26,82,184,141,174,171,184,193,158,163,152,128,132,103,104,73,68,52,39,46,0,0
2024,2024-09-14,Westbound,Light Vehicles,761,462,265,241,261,621,1385,1512,1818,2211,2477,2530,2598,2613,2782,2809,2714,2588,2587,2069,1747,1790,1953,1484,0,0
2024,2024-09-14,Eastbound,All Vehicles,488,254,223,249,485,1114,1842,1890,2090,2381,2491,2934,2820,2620,2540,2480,2319,2506,2312,1708,1332,1401,1254,921,0,0
2024,2024-09-14,Westbound,All Vehicles,802,493,285,267,287,703,1569,1653,1992,2382,2661,2723,2756,2776,2934,2937,2846,2691,2691,2142,1815,1842,1992,1530,0,0
2024,2024-09-15,Westbound,Heavy Vehicles,29,22,10,14,18,37,60,69,68,102,92,105,96,90,107,98,105,88,100,89,66,54,54,42,0,0
2024,2024-09-15,Eastbound,Light Vehicles,537,300,184,199,301,584,956,1053,1505,2135,2304,2385,2359,2353,2254,2138,2183,2068,1848,1579,1366,1048,769,454,0,0
2024,2024-09-15,Westbound,Light Vehicles,827,497,309,234,234,356,675,982,1365,1873,2156,2360,2599,2520,2444,2771,2695,2563,2371,2002,1784,1562,1191,752,0,0
2024,2024-09-15,Eastbound,Heavy Vehicles,20,19,22,14,23,46,66,65,76,87,87,105,92,58,89,94,89,84,80,79,75,63,39,39,0,0
2024,2024-09-15,Westbound,All Vehicles,856,519,319,248,252,393,735,1051,1433,1975,2248,2465,2695,2610,2551,2869,2800,2651,2471,2091,1850,1616,1245,794,0,0
2024,2024-09-15,Eastbound,All Vehicles,557,319,206,213,324,630,1022,1118,1581,2222,2391,2490,2451,2411,2343,2232,2272,2152,1928,1658,1441,1111,808,493,0,0
2024,2024-09-16,Eastbound,Light Vehicles,221,128,157,259,749,2043,2616,2527,2340,1850,1674,1747,1768,2035,2118,,2262,2213,1882,1423,1113,948,687,342,0,0
2024,2024-09-16,Westbound,Heavy Vehicles,24,24,35,47,101,175,331,284,285,346,394,378,369,402,404,284,264,209,177,114,68,73,73,67,0,0
2024,2024-09-16,Westbound,Light Vehicles,303,183,123,175,354,1180,2206,2302,2163,1962,1857,1846,2009,2301,2483,2657,2575,2444,2491,1885,1583,1419,1220,708,0,0
2024,2024-09-16,Eastbound,Heavy Vehicles,43,48,43,83,134,287,510,363,336,354,380,358,305,280,230,,183,143,134,116,79,75,67,48,0,0
2024,2024-09-16,Eastbound,All Vehicles,264,176,200,342,883,2330,3126,2890,2676,2204,2054,2105,2073,2315,2348,,2445,2356,2016,1539,1192,1023,754,390,0,0
2024,2024-09-16,Westbound,All Vehicles,327,207,158,222,455,1355,2537,2586,2448,2308,2251,2224,2378,2703,2887,2941,2839,2653,2668,1999,1651,1492,1293,775,0,0
2024,2024-09-17,Eastbound,Heavy Vehicles,49,46,66,108,138,325,461,373,339,415,368,357,315,296,234,199,176,165,142,105,83,82,61,61,0,0
2024,2024-09-17,Eastbound,Light Vehicles,201,143,140,274,701,2066,2574,2577,2526,2110,1825,1738,1794,1904,2188,2308,2431,2178,2038,1503,1166,1023,800,381,0,0
2024,2024-09-17,Westbound,Heavy Vehicles,56,41,55,67,93,187,337,257,269,333,367,409,409,434,383,319,252,208,195,114,85,64,85,66,0,0
2024,2024-09-17,Westbound,Light Vehicles,365,207,160,172,362,1220,2205,2330,2150,2115,1873,1947,1929,2283,2491,2627,2597,2589,2534,2096,1723,1634,1298,746,0,0
2024,2024-09-17,Eastbound,All Vehicles,250,189,206,382,839,2391,3035,2950,2865,2525,2193,2095,2109,2200,2422,2507,2607,2343,2180,1608,1249,1105,861,442,0,0
2024,2024-09-17,Westbound,All Vehicles,421,248,215,239,455,1407,2542,2587,2419,2448,2240,2356,2338,2717,2874,2946,2849,2797,2729,2210,1808,1698,1383,812,0,0
2024,2024-09-18,Westbound,Light Vehicles,406,219,177,178,373,1168,2267,2285,2319,2092,1926,1938,2026,2232,2544,2509,2670,2614,2621,2002,1772,1744,1343,775,0,0
2024,2024-09-18,Westbound,Heavy Vehicles,45,47,53,68,81,162,351,269,265,318,401,358,351,358,391,318,262,213,177,155,100,96,80,52,0,0
2024,2024-09-18,Eastbound,Heavy Vehicles,56,47,66,91,156,334,484,370,327,374,334,328,341,274,264,221,161,161,141,130,77,78,69,61,0,0
2024,2024-09-18,Eastbound,Light Vehicles,230,129,130,235,711,2097,2602,2576,2567,2128,1896,1791,1800,2076,2108,2336,2253,2049,2019,1494,1203,1082,733,412,0,0
2024,2024-09-18,Westbound,All Vehicles,451,266,230,246,454,1330,2618,2554,2584,2410,2327,2296,2377,2590,2935,2827,2932,2827,2798,2157,1872,1840,1423,827,0,0
2024,2024-09-18,Eastbound,All Vehicles,286,176,196,326,867,2431,3086,2946,2894,2502,2230,2119,2141,2350,2372,2557,2414,2210,2160,1624,1280,1160,802,473,0,0
2024,2024-09-19,Eastbound,Light Vehicles,231,151,153,239,717,2122,2656,2643,2418,2094,1831,1899,1853,1926,2144,2372,2205,2110,2004,1480,1264,1100,746,459,0,0
2024,2024-09-19,Westbound,Heavy Vehicles,36,35,45,62,108,174,330,278,268,333,377,357,416,403,350,305,262,223,173,124,107,85,69,51,0,0
2024,2024-09-19,Westbound,Light Vehicles,400,268,168,166,388,1203,2213,2404,2256,1996,1947,1875,2111,2296,2559,2622,2595,2501,2584,2059,1833,1832,1430,862,0,0
2024,2024-09-19,Eastbound,Heavy Vehicles,58,55,61,91,138,353,481,364,353,369,342,320,336,278,245,229,176,138,151,132,76,69,77,65,0,0
2024,2024-09-19,Eastbound,All Vehicles,289,206,214,330,855,2475,3137,3007,2771,2463,2173,2219,2189,2204,2389,2601,2381,2248,2155,1612,1340,1169,823,524,0,0
2024,2024-09-19,Westbound,All Vehicles,436,303,213,228,496,1377,2543,2682,2524,2329,2324,2232,2527,2699,2909,2927,2857,2724,2757,2183,1940,1917,1499,913,0,0
2024,2024-09-20,Westbound,Light Vehicles,451,250,168,193,413,1139,2087,2182,2271,2061,2035,1965,2194,2265,2518,2683,2497,2484,2505,2137,1917,1825,1868,1277,0,0
2024,2024-09-20,Westbound,Heavy Vehicles,52,44,46,66,98,195,337,294,288,339,392,419,393,398,331,325,270,229,183,130,73,84,71,56,0,0
2024,2024-09-20,Eastbound,Heavy Vehicles,60,63,47,94,138,343,519,394,340,382,358,366,348,312,266,217,206,138,135,115,70,57,68,45,0,0
2024,2024-09-20,Eastbound,Light Vehicles,293,151,182,217,700,2032,2577,2464,2406,1998,1948,1933,1922,2125,2126,2573,2334,2148,2124,1803,1318,1302,1219,838,0,0
2024,2024-09-20,Westbound,All Vehicles,503,294,214,259,511,1334,2424,2476,2559,2400,2427,2384,2587,2663,2849,3008,2767,2713,2688,2267,1990,1909,1939,1333,0,0
2024,2024-09-20,Eastbound,All Vehicles,353,214,229,311,838,2375,3096,2858,2746,2380,2306,2299,2270,2437,2392,2790,2540,2286,2259,1918,1388,1359,1287,883,0,0
2024,2024-09-21,Westbound,Heavy Vehicles,37,22,34,32,31,85,179,145,159,181,181,173,163,175,132,152,158,122,120,81,70,65,44,58,0,0
2024,2024-09-21,Eastbound,Light Vehicles,478,299,187,218,446,1092,1663,1730,1982,2355,2365,2476,2606,2513,2426,2224,2199,2323,2162,1619,1259,1398,1250,916,0,0
2024,2024-09-21,Westbound,Light Vehicles,819,510,327,259,310,666,1421,1529,1842,2186,2440,2448,2663,2633,2779,2541,2749,2636,2648,2184,1830,1909,1893,1448,0,0
2024,2024-09-21,Eastbound,Heavy Vehicles,38,36,29,41,62,141,246,209,159,168,165,149,149,132,131,102,109,117,88,59,60,48,42,30,0,0
2024,2024-09-21,Westbound,All Vehicles,856,532,361,291,341,751,1600,1674,2001,2367,2621,2621,2826,2808,2911,2693,2907,2758,2768,2265,1900,1974,1937,1506,0,0
2024,2024-09-21,Eastbound,All Vehicles,516,335,216,259,508,1233,1909,1939,2141,2523,2530,2625,2755,2645,2557,2326,2308,2440,2250,1678,1319,1446,1292,946,0,0
2024,2024-09-22,Eastbound,Heavy Vehicles,27,18,17,22,21,41,72,72,73,100,110,91,101,88,83,110,92,86,109,83,51,65,49,42,0,0
2024,2024-09-22,Westbound,Heavy Vehicles,35,25,16,17,20,27,61,65,74,81,110,100,100,101,110,96,100,95,96,95,54,50,54,22,0,0
2024,2024-09-22,Eastbound,Light Vehicles,577,321,188,187,262,584,971,1161,1520,2215,2161,2362,2401,2270,2387,2084,2194,2129,1848,1490,1306,1113,712,414,0,0
2024,2024-09-22,Westbound,Light Vehicles,963,548,325,256,250,372,720,1029,1427,1910,2025,2354,2537,2534,2494,2747,2595,2675,2506,1912,1910,1610,1195,704,0,0
2024,2024-09-22,Eastbound,All Vehicles,604,339,205,209,283,625,1043,1233,1593,2315,2271,2453,2502,2358,2470,2194,2286,2215,1957,1573,1357,1178,761,456,0,0
2024,2024-09-22,Westbound,All Vehicles,998,573,341,273,270,399,781,1094,1501,1991,2135,2454,2637,2635,2604,2843,2695,2770,2602,2007,1964,1660,1249,726,0,0
2024,2024-09-23,Westbound,Light Vehicles,357,192,118,150,350,1117,2198,2299,2046,1975,1846,1903,2030,2133,2505,2583,2530,2732,2529,1882,1538,1385,1183,848,0,0
2024,2024-09-23,Eastbound,Heavy Vehicles,51,48,51,77,144,314,494,357,293,414,359,338,310,298,261,229,168,157,149,124,79,67,64,44,0,0
2024,2024-09-23,Eastbound,Light Vehicles,253,134,137,226,705,2132,2663,2288,2373,2136,1776,1759,1738,1908,2097,2418,1556,1987,1925,1399,1130,1007,721,411,0,0
2024,2024-09-23,Westbound,Heavy Vehicles,26,36,36,55,83,157,320,278,269,334,388,385,386,374,361,299,265,188,172,135,70,78,70,58,0,0
2024,2024-09-23,Westbound,All Vehicles,383,228,154,205,433,1274,2518,2577,2315,2309,2234,2288,2416,2507,2866,2882,2795,2920,2701,2017,1608,1463,1253,906,0,0
2024,2024-09-23,Eastbound,All Vehicles,304,182,188,303,849,2446,3157,2645,2666,2550,2135,2097,2048,2206,2358,2647,1724,2144,2074,1523,1209,1074,785,455,0,0
2024,2024-09-24,Eastbound,Heavy Vehicles,39,39,60,99,158,318,471,349,289,447,386,374,292,284,249,250,200,158,158,110,87,76,72,47,0,0
2024,2024-09-24,Eastbound,Light Vehicles,208,111,142,253,755,2179,2734,2528,2452,2165,1885,1755,1879,2027,2141,2402,2337,2242,1991,1499,1149,1135,822,358,0,0
2024,2024-09-24,Westbound,Light Vehicles,384,194,145,164,397,1221,2201,2388,2199,2123,1908,1797,2041,2236,2543,2596,2553,2520,2532,2028,1660,1650,1324,792,0,0
2024,2024-09-24,Westbound,Heavy Vehicles,45,42,42,59,97,200,325,256,256,333,393,417,414,398,365,313,267,191,178,131,94,76,85,60,0,0
2024,2024-09-24,Eastbound,All Vehicles,247,150,202,352,913,2497,3205,2877,2741,2612,2271,2129,2171,2311,2390,2652,2537,2400,2149,1609,1236,1211,894,405,0,0
2024,2024-09-24,Westbound,All Vehicles,429,236,187,223,494,1421,2526,2644,2455,2456,2301,2214,2455,2634,2908,2909,2820,2711,2710,2159,1754,1726,1409,852,0,0
2024,2024-09-25,Eastbound,Light Vehicles,236,146,149,252,723,2198,2722,2588,2473,2119,1834,1811,1782,1972,2257,2429,2293,2221,1988,1580,1240,1172,886,421,0,0
2024,2024-09-25,Westbound,Heavy Vehicles,53,39,39,54,88,174,333,245,252,330,397,392,413,416,399,299,290,216,183,118,101,70,74,63,0,0
2024,2024-09-25,Eastbound,Heavy Vehicles,56,49,58,90,159,316,510,347,310,406,390,325,328,312,257,263,170,156,155,118,73,117,77,46,0,0
2024,2024-09-25,Westbound,Light Vehicles,387,223,165,166,403,1145,2232,2279,2133,2092,1907,1906,2080,2265,2580,2596,2660,2567,2637,2042,1764,1769,1459,838,0,0
2024,2024-09-25,Eastbound,All Vehicles,292,195,207,342,882,2514,3232,2935,2783,2525,2224,2136,2110,2284,2514,2692,2463,2377,2143,1698,1313,1289,963,467,0,0
2024,2024-09-25,Westbound,All Vehicles,440,262,204,220,491,1319,2565,2524,2385,2422,2304,2298,2493,2681,2979,2895,2950,2783,2820,2160,1865,1839,1533,901,0,0
2024,2024-09-26,Eastbound,Heavy Vehicles,42,56,55,91,144,249,398,305,269,324,329,298,276,274,243,230,175,154,134,71,66,61,66,45,0,0
2024,2024-09-26,Westbound,Heavy Vehicles,36,34,44,49,97,167,293,228,208,296,364,323,338,350,338,307,249,192,176,105,103,99,58,61,0,0
2024,2024-09-26,Westbound,Light Vehicles,408,234,166,169,385,1000,1945,2167,2061,1890,1878,1942,1776,2165,2509,2417,2305,2456,2342,1683,1578,1527,1451,885,0,0
2024,2024-09-26,Eastbound,Light Vehicles,239,158,168,240,681,1885,2376,2427,2426,1947,1779,1764,1839,1992,2157,2247,1811,1741,1775,1408,1048,1073,825,467,0,0
2024,2024-09-26,Eastbound,All Vehicles,281,214,223,331,825,2134,2774,2732,2695,2271,2108,2062,2115,2266,2400,2477,1986,1895,1909,1479,1114,1134,891,512,0,0
2024,2024-09-26,Westbound,All Vehicles,444,268,210,218,482,1167,2238,2395,2269,2186,2242,2265,2114,2515,2847,2724,2554,2648,2518,1788,1681,1626,1509,946,0,0
2024,2024-09-27,Eastbound,Light Vehicles,272,169,170,232,705,1959,2464,2397,2260,2172,1909,1906,1950,2128,2284,2443,2271,2160,2289,1756,1345,1215,1083,738,0,0
2024,2024-09-27,Westbound,Heavy Vehicles,43,33,35,44,101,191,322,244,273,296,388,380,366,389,367,298,242,201,151,107,83,78,65,58,0,0
2024,2024-09-27,Eastbound,Heavy Vehicles,62,43,60,81,130,323,468,333,279,395,358,355,357,283,222,247,176,163,131,104,79,61,69,42,0,0
2024,2024-09-27,Westbound,Light Vehicles,460,233,170,176,379,1099,2042,2075,1842,1969,2018,1964,2193,2297,2543,2674,2549,2461,2491,2078,1747,1867,1694,1310,0,0
2024,2024-09-27,Eastbound,All Vehicles,334,212,230,313,835,2282,2932,2730,2539,2567,2267,2261,2307,2411,2506,2690,2447,2323,2420,1860,1424,1276,1152,780,0,0
2024,2024-09-27,Westbound,All Vehicles,503,266,205,220,480,1290,2364,2319,2115,2265,2406,2344,2559,2686,2910,2972,2791,2662,2642,2185,1830,1945,1759,1368,0,0
2024,2024-09-28,Westbound,Light Vehicles,752,430,294,189,277,632,1371,1464,1743,2132,2368,2512,2596,2541,2704,2561,2648,2738,2474,1950,1828,1755,2098,1416,0,0
2024,2024-09-28,Westbound,Heavy Vehicles,44,20,15,36,41,83,198,139,153,161,186,165,170,178,158,139,140,116,94,56,78,46,56,41,0,0
2024,2024-09-28,Eastbound,Heavy Vehicles,43,33,28,43,60,133,219,192,169,160,158,139,155,148,146,124,107,132,98,51,48,45,44,24,0,0
2024,2024-09-28,Eastbound,Light Vehicles,481,268,214,191,400,1091,1558,1671,1935,2279,2352,2466,2629,2595,2535,2321,2305,2471,2228,1629,1304,1186,1223,850,0,0
2024,2024-09-28,Westbound,All Vehicles,796,450,309,225,318,715,1569,1603,1896,2293,2554,2677,2766,2719,2862,2700,2788,2854,2568,2006,1906,1801,2154,1457,0,0
2024,2024-09-28,Eastbound,All Vehicles,524,301,242,234,460,1224,1777,1863,2104,2439,2510,2605,2784,2743,2681,2445,2412,2603,2326,1680,1352,1231,1267,874,0,0
2024,2024-09-29,Westbound,Heavy Vehicles,30,28,12,13,19,29,59,74,77,96,103,105,124,112,105,82,99,110,77,57,57,56,38,31,0,0
2024,2024-09-29,Eastbound,Light Vehicles,540,311,206,185,249,586,930,1017,1401,2159,2294,2349,2449,2396,2277,2200,2140,2212,1827,1421,1243,1174,811,446,0,0
2024,2024-09-29,Eastbound,Heavy Vehicles,22,19,18,26,20,56,66,88,91,104,98,101,84,100,94,109,89,107,92,49,48,57,52,50,0,0
2024,2024-09-29,Westbound,Light Vehicles,828,527,306,267,230,377,614,929,1232,1747,1989,2251,2485,2508,2599,2658,2504,2712,2272,1843,1732,1557,1221,739,0,0
2024,2024-09-29,Westbound,All Vehicles,858,555,318,280,249,406,673,1003,1309,1843,2092,2356,2609,2620,2704,2740,2603,2822,2349,1900,1789,1613,1259,770,0,0
2024,2024-09-29,Eastbound,All Vehicles,562,330,224,211,269,642,996,1105,1492,2263,2392,2450,2533,2496,2371,2309,2229,2319,1919,1470,1291,1231,863,496,0,0
2024,2024-09-30,Westbound,Heavy Vehicles,27,19,35,39,88,180,317,288,255,358,368,407,399,387,374,328,275,181,130,133,82,79,62,59,0,0
2024,2024-09-30,Eastbound,Light Vehicles,268,123,151,262,684,2083,2577,2483,2357,2126,1887,1921,1876,2081,2064,2233,2336,2237,1979,1404,1114,1000,673,373,0,0
2024,2024-09-30,Eastbound,Heavy Vehicles,39,44,49,73,155,344,497,361,373,427,362,371,271,292,249,245,197,178,138,101,84,69,56,51,0,0
2024,2024-09-30,Westbound,Light Vehicles,363,197,132,174,361,1121,2080,2177,2127,2014,1948,1871,2082,2329,2512,2742,2702,2587,2448,1918,1515,1365,1213,736,0,0
2024,2024-09-30,Westbound,All Vehicles,390,216,167,213,449,1301,2397,2465,2382,2372,2316,2278,2481,2716,2886,3070,2977,2768,2578,2051,1597,1444,1275,795,0,0
2024,2024-09-30,Eastbound,All Vehicles,307,167,200,335,839,2427,3074,2844,2730,2553,2249,2292,2147,2373,2313,2478,2533,2415,2117,1505,1198,1069,729,424,0,0
2024,2024-10-01,Westbound,Heavy Vehicles,47,45,35,67,93,206,327,264,279,343,338,393,430,415,362,300,288,233,185,120,89,78,73,64,0,0
2024,2024-10-01,Eastbound,Light Vehicles,212,183,167,234,715,2138,2684,2527,2438,2283,2031,1974,1906,2060,2058,2225,2295,2153,2143,1512,1197,1046,779,406,0,0
2024,2024-10-01,Westbound,Light Vehicles,348,212,153,178,378,1210,2199,2162,2042,2043,1896,1921,2126,2237,2522,2515,2694,2661,2768,2064,1765,1648,1271,707,0,0
2024,2024-10-01,Eastbound,Heavy Vehicles,47,55,51,89,145,337,529,369,391,429,371,364,319,273,255,242,177,145,144,126,82,85,54,64,0,0
2024,2024-10-01,Westbound,All Vehicles,395,257,188,245,471,1416,2526,2426,2321,2386,2234,2314,2556,2652,2884,2815,2982,2894,2953,2184,1854,1726,1344,771,0,0
2024,2024-10-01,Eastbound,All Vehicles,259,238,218,323,860,2475,3213,2896,2829,2712,2402,2338,2225,2333,2313,2467,2472,2298,2287,1638,1279,1131,833,470,0,0
2024,2024-10-02,Westbound,Light Vehicles,430,227,171,175,381,1193,2170,2083,2121,2102,1957,1965,2071,2284,2512,2609,2769,2641,2566,2097,1761,1686,1424,812,0,0
2024,2024-10-02,Eastbound,Heavy Vehicles,9,6,12,14,37,78,135,87,67,98,84,75,71,64,76,61,67,39,41,38,29,16,19,4,0,0
2024,2024-10-02,Eastbound,Light Vehicles,79,44,47,81,265,846,1052,1008,568,776,539,675,694,639,723,807,811,798,717,548,409,396,292,142,0,0
2024,2024-10-02,Westbound,Heavy Vehicles,40,48,48,45,93,184,336,295,275,327,377,407,377,379,419,329,283,239,159,134,86,75,69,54,0,0
2024,2024-10-02,Westbound,All Vehicles,470,275,219,220,474,1377,2506,2378,2396,2429,2334,2372,2448,2663,2931,2938,3052,2880,2725,2231,1847,1761,1493,866,0,0
2024,2024-10-02,Eastbound,All Vehicles,88,50,59,95,302,924,1187,1095,635,874,623,750,765,703,799,868,878,837,758,586,438,412,311,146,0,0
2024,2024-10-03,Westbound,Heavy Vehicles,41,36,35,57,89,203,337,295,310,384,423,386,404,435,392,342,288,207,203,139,91,96,68,55,0,0
2024,2024-10-03,Westbound,Light Vehicles,428,248,147,169,400,1184,2140,2135,2159,2015,2025,1934,2118,2334,2686,2581,2614,2651,2516,2082,1903,1937,1434,1148,0,0
2024,2024-10-03,Westbound,All Vehicles,469,284,182,226,489,1387,2477,2430,2469,2399,2448,2320,2522,2769,3078,2923,2902,2858,2719,2221,1994,2033,1502,1203,0,0
2024,2024-10-04,Westbound,Light Vehicles,548,294,189,217,378,1155,2112,2035,1984,1962,1972,2129,2312,2372,2628,2630,2603,2648,2431,2133,1782,1612,1715,1255,0,0
2024,2024-10-04,Eastbound,Light Vehicles,314,211,220,252,708,2025,2553,2290,2265,2163,2063,2120,2088,2153,2274,2284,2337,2373,2229,1798,1382,1299,1107,780,0,0
2024,2024-10-04,Westbound,Heavy Vehicles,59,40,39,70,93,222,313,314,291,347,387,381,375,371,323,314,276,229,155,123,82,76,77,55,0,0
2024,2024-10-04,Eastbound,Heavy Vehicles,58,52,67,90,153,337,509,423,373,376,353,354,322,321,261,232,195,154,147,93,82,77,53,50,0,0
2024,2024-10-04,Westbound,All Vehicles,607,334,228,287,471,1377,2425,2349,2275,2309,2359,2510,2687,2743,2951,2944,2879,2877,2586,2256,1864,1688,1792,1310,0,0
2024,2024-10-04,Eastbound,All Vehicles,372,263,287,342,861,2362,3062,2713,2638,2539,2416,2474,2410,2474,2535,2516,2532,2527,2376,1891,1464,1376,1160,830,0,0
2024,2024-10-05,Westbound,Heavy Vehicles,35,27,34,25,37,64,136,166,154,158,165,162,189,153,166,130,123,117,95,67,62,47,47,47,0,0
2024,2024-10-05,Westbound,Light Vehicles,776,444,321,237,261,573,1171,1507,1770,2107,2370,2386,2368,2356,2373,2483,2384,2461,2412,1940,1798,1736,1757,1414,0,0
2024,2024-10-05,Eastbound,Heavy Vehicles,49,24,36,37,46,122,196,183,150,169,163,146,155,141,133,110,117,127,93,74,45,39,45,31,0,0
2024,2024-10-05,Eastbound,Light Vehicles,440,245,195,201,417,974,1471,1550,1804,2218,2483,2476,2411,2414,2315,2123,2109,2307,2056,1531,1279,1328,1105,771,0,0
2024,2024-10-05,Westbound,All Vehicles,811,471,355,262,298,637,1307,1673,1924,2265,2535,2548,2557,2509,2539,2613,2507,2578,2507,2007,1860,1783,1804,1461,0,0
2024,2024-10-05,Eastbound,All Vehicles,489,269,231,238,463,1096,1667,1733,1954,2387,2646,2622,2566,2555,2448,2233,2226,2434,2149,1605,1324,1367,1150,802,0,0
2024,2024-10-06,Westbound,Heavy Vehicles,25,21,,22,19,28,50,70,57,60,77,99,90,85,76,92,77,76,66,59,62,50,61,45,0,0
2024,2024-10-06,Westbound,Light Vehicles,922,523,,381,295,353,616,959,1113,1565,1887,2115,2177,2244,2177,2356,2275,2369,2311,2084,1792,1646,2029,1441,0,0
2024,2024-10-06,Westbound,All Vehicles,947,544,,403,314,381,666,1029,1170,1625,1964,2214,2267,2329,2253,2448,2352,2445,2377,2143,1854,1696,2090,1486,0,0
2024,2024-10-07,Eastbound,Light Vehicles,,,,,166,298,333,325,417,617,793,830,847,746,751,699,649,646,673,631,558,490,382,225,0,0
2024,2024-10-07,Westbound,Heavy Vehicles,38,18,23,22,35,39,67,71,83,118,107,112,108,113,105,85,82,75,90,83,78,67,59,46,0,0
2024,2024-10-07,Eastbound,Heavy Vehicles,,,,,27,37,40,37,40,55,48,49,48,48,35,38,33,43,31,28,16,34,29,31,0,0
2024,2024-10-07,Westbound,Light Vehicles,715,461,333,182,202,322,617,740,843,1303,1634,1766,1875,1927,2006,2111,2041,2072,2047,2052,1866,1783,1396,827,0,0
2024,2024-10-07,Eastbound,All Vehicles,,,,,193,335,373,362,457,672,841,879,895,794,786,737,682,689,704,659,574,524,411,256,0,0
2024,2024-10-07,Westbound,All Vehicles,753,479,356,204,237,361,684,811,926,1421,1741,1878,1983,2040,2111,2196,2123,2147,2137,2135,1944,1850,1455,873,0,0
2024,2024-10-08,Eastbound,Heavy Vehicles,50,48,51,74,132,296,454,371,367,374,378,362,327,298,269,238,209,155,131,79,91,67,68,50,0,0
2024,2024-10-08,Eastbound,Light Vehicles,247,145,138,227,665,1800,2375,2315,2472,2049,1917,1944,1741,2029,2075,2218,2184,2210,1893,989,1173,1061,784,419,0,0
2024,2024-10-08,Eastbound,All Vehicles,297,193,189,301,797,2096,2829,2686,2839,2423,2295,2306,2068,2327,2344,2456,2393,2365,2024,1068,1264,1128,852,469,0,0
2024,2024-10-09,Westbound,Heavy Vehicles,,,,,87,182,329,341,299,359,372,382,352,283,315,329,271,237,215,126,84,70,81,54,0,0
2024,2024-10-09,Westbound,Light Vehicles,,,,,379,1141,2043,2168,2134,2095,2054,1979,1964,1434,2011,2671,2668,2560,2557,2130,1737,1703,1510,854,0,0
2024,2024-10-09,Westbound,All Vehicles,,,,,466,1323,2372,2509,2433,2454,2426,2361,2316,1717,2326,3000,2939,2797,2772,2256,1821,1773,1591,908,0,0
2024,2024-10-10,Westbound,Heavy Vehicles,44,55,37,55,83,186,305,312,281,337,356,400,346,383,369,324,304,215,218,141,121,84,88,68,0,0
2024,2024-10-10,Westbound,Light Vehicles,496,242,178,204,378,1058,2089,2124,2116,2114,1969,1997,2013,2233,2584,2500,2633,2703,2667,2125,1928,1930,1584,1014,0,0
2024,2024-10-10,Westbound,All Vehicles,540,297,215,259,461,1244,2394,2436,2397,2451,2325,2397,2359,2616,2953,2824,2937,2918,2885,2266,2049,2014,1672,1082,0,0
2024,2024-10-11,Westbound,Light Vehicles,518,309,189,200,376,1069,1947,2028,2005,2048,2007,2112,2190,2315,2578,2714,2622,2662,2603,2317,1920,1932,1917,1478,0,0
2024,2024-10-11,Eastbound,Light Vehicles,348,182,177,247,664,1562,2269,2414,2349,2102,2134,2116,2071,2017,2183,2381,2256,2279,2242,1885,1617,1377,1193,821,0,0
2024,2024-10-11,Westbound,Heavy Vehicles,46,39,44,59,102,172,312,308,277,350,400,395,385,385,350,322,267,227,216,143,109,82,83,55,0,0
2024,2024-10-11,Eastbound,Heavy Vehicles,62,58,61,79,160,286,408,439,370,404,346,351,323,286,290,245,178,153,154,93,85,69,52,60,0,0
2024,2024-10-11,Westbound,All Vehicles,564,348,233,259,478,1241,2259,2336,2282,2398,2407,2507,2575,2700,2928,3036,2889,2889,2819,2460,2029,2014,2000,1533,0,0
2024,2024-10-11,Eastbound,All Vehicles,410,240,238,326,824,1848,2677,2853,2719,2506,2480,2467,2394,2303,2473,2626,2434,2432,2396,1978,1702,1446,1245,881,0,0
2024,2024-10-12,Eastbound,Heavy Vehicles,43,34,32,34,51,145,258,202,164,167,147,181,141,133,142,132,123,132,95,67,70,51,61,23,0,0
2024,2024-10-12,Westbound,Heavy Vehicles,37,36,27,29,33,85,170,164,177,154,191,175,205,156,152,139,152,129,108,75,75,74,53,56,0,0
2024,2024-10-12,Eastbound,Light Vehicles,550,290,205,224,372,955,1481,1563,1825,2064,2391,2519,2389,2441,2331,2294,2449,2447,2219,1859,1642,1429,1342,969,0,0
2024,2024-10-12,Westbound,Light Vehicles,891,526,316,250,278,573,1272,1478,1666,1975,2278,2544,2624,2732,2682,2765,2651,2652,2664,2089,1903,2132,2003,1485,0,0
2024,2024-10-12,Eastbound,All Vehicles,593,324,237,258,423,1100,1739,1765,1989,2231,2538,2700,2530,2574,2473,2426,2572,2579,2314,1926,1712,1480,1403,992,0,0
2024,2024-10-12,Westbound,All Vehicles,928,562,343,279,311,658,1442,1642,1843,2129,2469,2719,2829,2888,2834,2904,2803,2781,2772,2164,1978,2206,2056,1541,0,0
2024,2024-10-13,Westbound,Heavy Vehicles,24,23,19,17,20,30,72,56,73,95,100,93,122,109,105,89,93,100,67,81,54,55,54,50,0,0
2024,2024-10-13,Westbound,Light Vehicles,979,534,351,229,248,352,634,959,1201,1625,2014,2269,2473,2496,2559,2560,2535,2599,2355,2101,1853,1679,1361,791,0,0
2024,2024-10-13,Eastbound,Light Vehicles,580,343,206,185,,,,,,,,2245,2399,2460,2243,2175,2238,2234,1839,1527,1391,1242,931,460,0,0
2024,2024-10-13,Eastbound,Heavy Vehicles,33,17,9,14,,,,,,,,117,101,105,88,96,91,104,108,77,62,76,50,54,0,0
2024,2024-10-13,Westbound,All Vehicles,1003,557,370,246,268,382,706,1015,1274,1720,2114,2362,2595,2605,2664,2649,2628,2699,2422,2182,1907,1734,1415,841,0,0
2024,2024-10-13,Eastbound,All Vehicles,613,360,215,199,,,,,,,,2362,2500,2565,2331,2271,2329,2338,1947,1604,1453,1318,981,514,0,0
2024,2024-10-14,Westbound,Heavy Vehicles,32,28,29,51,98,157,333,285,244,338,384,411,407,380,374,316,240,225,139,137,92,83,64,54,0,0
2024,2024-10-14,Westbound,Light Vehicles,433,201,160,161,374,1067,2110,2351,2103,2014,1754,1858,1994,2219,2597,2530,2552,2506,2306,1816,1471,1319,1135,724,0,0
2024,2024-10-14,Eastbound,Heavy Vehicles,47,44,37,82,151,318,479,362,361,396,390,360,329,269,256,233,179,162,136,110,80,51,67,49,0,0
2024,2024-10-14,Eastbound,Light Vehicles,258,162,164,233,723,2004,2526,2583,2376,2065,1806,1753,1822,1908,2106,2318,2212,2166,1780,1391,1063,909,695,385,0,0
2024,2024-10-14,Westbound,All Vehicles,465,229,189,212,472,1224,2443,2636,2347,2352,2138,2269,2401,2599,2971,2846,2792,2731,2445,1953,1563,1402,1199,778,0,0
2024,2024-10-14,Eastbound,All Vehicles,305,206,201,315,874,2322,3005,2945,2737,2461,2196,2113,2151,2177,2362,2551,2391,2328,1916,1501,1143,960,762,434,0,0
2024,2024-10-15,Westbound,Heavy Vehicles,49,31,52,46,92,164,316,273,235,309,372,396,397,374,380,293,258,185,170,113,94,79,66,55,0,0
2024,2024-10-15,Westbound,Light Vehicles,361,225,135,177,362,1107,2111,2272,2129,2009,1909,1783,2068,2249,2539,2618,2633,2475,2545,1967,1762,1711,1260,779,0,0
2024,2024-10-15,Westbound,All Vehicles,410,256,187,223,454,1271,2427,2545,2364,2318,2281,2179,2465,2623,2919,2911,2891,2660,2715,2080,1856,1790,1326,834,0,0
2024,2024-10-16,Westbound,Light Vehicles,434,224,171,191,377,1145,2077,2281,2311,2095,1881,1824,2106,2171,2461,2513,2593,2615,2620,2168,1821,1808,1500,869,0,0
2024,2024-10-16,Westbound,Heavy Vehicles,45,48,50,54,96,160,330,293,268,325,394,388,377,409,399,316,279,216,185,124,111,99,63,62,0,0
2024,2024-10-16,Eastbound,Heavy Vehicles,49,42,52,92,133,309,464,360,350,424,381,349,349,321,,240,189,167,158,118,88,71,67,44,0,0
2024,2024-10-16,Eastbound,Light Vehicles,267,161,143,249,702,1976,2599,2654,2567,2215,1860,1852,1793,1915,,2355,2331,2383,1991,1592,1276,1183,866,475,0,0
2024,2024-10-16,Westbound,All Vehicles,479,272,221,245,473,1305,2407,2574,2579,2420,2275,2212,2483,2580,2860,2829,2872,2831,2805,2292,1932,1907,1563,931,0,0
2024,2024-10-16,Eastbound,All Vehicles,316,203,195,341,835,2285,3063,3014,2917,2639,2241,2201,2142,2236,,2595,2520,2550,2149,1710,1364,1254,933,519,0,0
2024,2024-10-18,Eastbound,Heavy Vehicles,55,57,52,79,135,333,489,374,315,402,411,358,315,258,239,185,150,128,126,115,73,59,64,40,0,0
2024,2024-10-18,Westbound,Heavy Vehicles,52,31,53,58,94,183,312,281,288,366,375,379,410,389,383,300,281,194,175,139,83,82,73,45,0,0
2024,2024-10-18,Eastbound,Light Vehicles,327,196,175,258,681,1960,2501,2436,2318,2055,1972,1933,1953,2186,2230,2500,2308,2176,2325,1780,1394,1296,1209,770,0,0
2024,2024-10-18,Westbound,Light Vehicles,563,331,249,199,383,1084,1967,2238,2199,2064,1878,2059,2100,2268,2506,2655,2574,2541,2482,2227,1907,1853,1816,1470,0,0
2024,2024-10-18,Eastbound,All Vehicles,382,253,227,337,816,2293,2990,2810,2633,2457,2383,2291,2268,2444,2469,2685,2458,2304,2451,1895,1467,1355,1273,810,0,0
2024,2024-10-18,Westbound,All Vehicles,615,362,302,257,477,1267,2279,2519,2487,2430,2253,2438,2510,2657,2889,2955,2855,2735,2657,2366,1990,1935,1889,1515,0,0
2024,2024-10-19,Westbound,Light Vehicles,882,568,343,252,,,,,,,,2496,2644,2713,2803,2726,2564,2682,2489,2133,1837,2036,2634,1610,0,0
2024,2024-10-19,Westbound,Heavy Vehicles,40,29,23,38,,,,,,,,185,164,166,145,129,146,114,102,68,58,63,91,44,0,0
2024,2024-10-19,Eastbound,Heavy Vehicles,36,35,33,39,60,143,213,222,182,143,156,167,150,130,92,138,94,111,98,60,66,63,43,35,0,0
2024,2024-10-19,Eastbound,Light Vehicles,488,290,204,216,429,1027,1657,1831,2022,2357,2480,2518,2602,2439,2257,2368,2276,2503,2194,1714,1389,1393,1352,1028,0,0
2024,2024-10-19,Westbound,All Vehicles,922,597,366,290,,,,,,,,2681,2808,2879,2948,2855,2710,2796,2591,2201,1895,2099,2725,1654,0,0
2024,2024-10-19,Eastbound,All Vehicles,524,325,237,255,489,1170,1870,2053,2204,2500,2636,2685,2752,2569,2349,2506,2370,2614,2292,1774,1455,1456,1395,1063,0,0
2024,2024-10-20,Westbound,Heavy Vehicles,51,30,13,15,26,23,66,61,75,87,104,83,109,100,89,89,93,102,69,89,61,54,64,50,0,0
2024,2024-10-20,Westbound,Light Vehicles,1045,575,388,264,258,336,688,978,1393,1753,2081,2355,2572,2429,2479,2556,2450,2477,2357,2131,1832,1698,1384,861,0,0
2024,2024-10-20,Westbound,All Vehicles,1096,605,401,279,284,359,754,1039,1468,1840,2185,2438,2681,2529,2568,2645,2543,2579,2426,2220,1893,1752,1448,911,0,0
2024,2024-10-21,Eastbound,Heavy Vehicles,52,44,50,81,144,326,522,386,368,386,369,373,319,297,271,249,223,146,142,125,81,65,64,47,0,0
2024,2024-10-21,Eastbound,Light Vehicles,271,149,131,248,682,2057,2608,2678,2474,2050,1685,1667,1747,1931,2035,2348,2333,2067,1870,1443,1229,1026,709,389,0,0
2024,2024-10-21,Eastbound,All Vehicles,323,193,181,329,826,2383,3130,3064,2842,2436,2054,2040,2066,2228,2306,2597,2556,2213,2012,1568,1310,1091,773,436,0,0
2024,2024-10-22,Eastbound,Heavy Vehicles,42,34,61,95,147,320,481,382,362,422,411,393,330,318,242,249,198,,,,,,,,0,0
2024,2024-10-22,Westbound,Heavy Vehicles,44,34,53,57,96,198,343,303,269,322,408,371,389,422,364,298,256,202,214,153,97,76,93,63,0,0
2024,2024-10-22,Westbound,Light Vehicles,383,228,165,168,385,1151,2156,2283,2187,2031,1869,1762,1962,2197,2520,2520,2513,2576,2584,2118,1911,1719,1445,1109,0,0
2024,2024-10-22,Eastbound,Light Vehicles,224,143,161,241,730,2027,2594,2599,2674,2120,1896,1844,1806,1918,2152,2287,2363,,,,,,,,0,0
2024,2024-10-22,Eastbound,All Vehicles,266,177,222,336,877,2347,3075,2981,3036,2542,2307,2237,2136,2236,2394,2536,2561,,,,,,,,0,0
2024,2024-10-22,Westbound,All Vehicles,427,262,218,225,481,1349,2499,2586,2456,2353,2277,2133,2351,2619,2884,2818,2769,2778,2798,2271,2008,1795,1538,1172,0,0
2024,2024-10-23,Eastbound,Heavy Vehicles,,,,,49,172,280,201,192,257,222,198,166,170,135,129,,,,,,,,,0,0
2024,2024-10-23,Westbound,Heavy Vehicles,41,41,40,56,92,153,335,295,256,346,367,384,419,403,375,287,245,205,194,135,108,86,89,67,0,0
2024,2024-10-23,Westbound,Light Vehicles,799,351,171,175,372,1171,2104,2321,2169,2080,1896,1918,2065,2275,2600,2370,2467,2533,2633,2145,1951,1743,1542,1121,0,0
2024,2024-10-23,Eastbound,Light Vehicles,,,,,437,1356,1823,1766,1745,1579,1271,1117,1173,1356,1433,1462,,,,,,,,,0,0
2024,2024-10-23,Eastbound,All Vehicles,,,,,486,1528,2103,1967,1937,1836,1493,1315,1339,1526,1568,1591,,,,,,,,,0,0
2024,2024-10-23,Westbound,All Vehicles,840,392,211,231,464,1324,2439,2616,2425,2426,2263,2302,2484,2678,2975,2657,2712,2738,2827,2280,2059,1829,1631,1188,0,0
2024,2024-10-24,Westbound,Heavy Vehicles,38,39,43,53,95,200,335,293,288,295,398,382,405,374,398,319,293,205,203,123,81,97,81,64,0,0
2024,2024-10-24,Westbound,Light Vehicles,866,335,196,191,365,1166,2081,2270,2173,2004,1944,1903,2034,2301,2527,2448,2525,2520,2695,2071,1925,1936,1524,859,0,0
2024,2024-10-24,Eastbound,Heavy Vehicles,,,,,160,358,484,373,304,436,390,451,369,321,296,250,,,,,,,,,0,0
2024,2024-10-24,Eastbound,Light Vehicles,,,,,692,2095,2431,2623,2442,2244,1895,2060,1912,2003,2138,2409,,,,,,,,,0,0
2024,2024-10-24,Westbound,All Vehicles,904,374,239,244,460,1366,2416,2563,2461,2299,2342,2285,2439,2675,2925,2767,2818,2725,2898,2194,2006,2033,1605,923,0,0
2024,2024-10-24,Eastbound,All Vehicles,,,,,852,2453,2915,2996,2746,2680,2285,2511,2281,2324,2434,2659,,,,,,,,,0,0
2024,2024-10-25,Westbound,Light Vehicles,452,251,192,196,372,1139,2172,2305,2157,2028,1962,1965,2254,2296,2585,2543,2562,2640,2560,2319,2008,1952,1991,1708,0,0
2024,2024-10-25,Westbound,Heavy Vehicles,39,44,37,57,81,187,328,305,291,324,423,396,382,385,395,279,267,253,153,138,87,78,68,55,0,0
2024,2024-10-25,Westbound,All Vehicles,491,295,229,253,453,1326,2500,2610,2448,2352,2385,2361,2636,2681,2980,2822,2829,2893,2713,2457,2095,2030,2059,1763,0,0
2024,2024-10-26,Westbound,Heavy Vehicles,18,12,9,9,17,30,73,81,69,62,61,,,,,,,49,39,29,30,21,20,23,0,0
2024,2024-10-26,Westbound,Light Vehicles,398,235,179,154,108,226,457,534,567,697,772,,,,,,,801,839,770,632,698,703,596,0,0
2024,2024-10-26,Westbound,All Vehicles,416,247,188,163,125,256,530,615,636,759,833,,,,,,,850,878,799,662,719,723,619,0,0
2024,2024-10-27,Westbound,Heavy Vehicles,34,15,19,17,23,39,64,81,77,83,91,93,100,114,106,96,95,87,104,105,70,50,70,37,0,0
2024,2024-10-27,Westbound,Light Vehicles,1068,565,386,261,242,347,655,926,1348,1752,1993,2310,2424,2450,2596,2543,2592,2552,2420,2035,1931,1731,1385,777,0,0
2024,2024-10-27,Westbound,All Vehicles,1102,580,405,278,265,386,719,1007,1425,1835,2084,2403,2524,2564,2702,2639,2687,2639,2524,2140,2001,1781,1455,814,0,0
2024,2024-10-28,Eastbound,Light Vehicles,239,160,160,246,695,2107,2596,2637,2457,2099,1847,1778,1757,1962,2175,2287,2389,2252,1975,1406,1190,980,685,360,0,0
2024,2024-10-28,Eastbound,Heavy Vehicles,38,44,58,75,142,336,511,381,308,441,398,422,348,282,268,236,179,146,148,134,79,64,63,45,0,0
2024,2024-10-28,Westbound,Heavy Vehicles,27,29,35,49,86,156,263,234,229,314,312,320,348,348,297,248,209,199,155,101,70,59,65,49,0,0
2024,2024-10-28,Westbound,Light Vehicles,299,173,120,133,311,819,1494,1591,1502,1415,1358,1226,1349,1490,1658,1714,1801,1801,1679,1337,1127,982,836,531,0,0
2024,2024-10-28,Eastbound,All Vehicles,277,204,218,321,837,2443,3107,3018,2765,2540,2245,2200,2105,2244,2443,2523,2568,2398,2123,1540,1269,1044,748,405,0,0
2024,2024-10-28,Westbound,All Vehicles,326,202,155,182,397,975,1757,1825,1731,1729,1670,1546,1697,1838,1955,1962,2010,2000,1834,1438,1197,1041,901,580,0,0
2024,2024-10-29,Eastbound,Heavy Vehicles,43,51,67,96,158,326,529,363,325,395,400,377,324,310,272,278,173,167,160,143,104,65,63,54,0,0
2024,2024-10-29,Westbound,Light Vehicles,363,199,147,178,408,1112,2267,2371,2092,2077,1889,1935,1990,2170,2629,2454,2512,2513,2611,2217,1913,1735,1379,794,0,0
2024,2024-10-29,Westbound,Heavy Vehicles,39,30,44,64,95,184,334,260,251,313,387,423,463,408,406,320,272,203,176,132,95,94,89,65,0,0
2024,2024-10-29,Eastbound,Light Vehicles,212,144,151,251,734,2019,2731,2570,2475,2100,1910,1773,1824,2006,2063,2461,2319,2230,2084,1569,1364,1127,824,430,0,0
2024,2024-10-29,Eastbound,All Vehicles,255,195,218,347,892,2345,3260,2933,2800,2495,2310,2150,2148,2316,2335,2739,2492,2397,2244,1712,1468,1192,887,484,0,0
2024,2024-10-29,Westbound,All Vehicles,402,229,191,242,503,1296,2601,2631,2343,2390,2276,2358,2453,2578,3035,2774,2784,2716,2787,2349,2008,1829,1468,859,0,0
2024,2024-10-30,Westbound,Heavy Vehicles,39,45,46,64,93,188,325,266,285,329,358,387,433,406,386,329,244,253,186,137,102,74,79,62,0,0
2024,2024-10-30,Westbound,Light Vehicles,387,240,171,195,359,1182,2196,2298,2217,2084,1830,1949,2062,2179,2531,2637,2366,2605,2771,2153,1990,1797,1506,902,0,0
2024,2024-10-30,Westbound,All Vehicles,426,285,217,259,452,1370,2521,2564,2502,2413,2188,2336,2495,2585,2917,2966,2610,2858,2957,2290,2092,1871,1585,964,0,0
2024,2024-10-31,Eastbound,Light Vehicles,250,184,188,239,703,2077,2554,2548,2496,2095,1810,,,,,,,2187,2035,1545,1287,1273,1007,553,0,0
2024,2024-10-31,Westbound,Light Vehicles,447,273,179,171,385,1138,2159,2263,2277,2164,1876,1885,2011,2307,2511,2441,2636,2548,2478,2039,1913,1973,1467,940,0,0
2024,2024-10-31,Westbound,Heavy Vehicles,39,49,42,68,95,194,320,280,278,371,395,391,409,408,375,331,263,237,189,130,96,87,86,67,0,0
2024,2024-10-31,Eastbound,Heavy Vehicles,39,54,80,98,143,317,481,376,341,366,395,,,,,,,175,142,114,112,83,76,46,0,0
2024,2024-10-31,Eastbound,All Vehicles,289,238,268,337,846,2394,3035,2924,2837,2461,2205,,,,,,,2362,2177,1659,1399,1356,1083,599,0,0
2024,2024-10-31,Westbound,All Vehicles,486,322,221,239,480,1332,2479,2543,2555,2535,2271,2276,2420,2715,2886,2772,2899,2785,2667,2169,2009,2060,1553,1007,0,0
2024,2024-11-01,Westbound,Light Vehicles,480,256,197,186,381,1168,2115,2336,2234,2025,1946,1970,2135,2341,2604,2492,2610,,,,,,,,0,0
2024,2024-11-01,Westbound,Heavy Vehicles,43,40,40,46,90,190,338,315,273,317,354,398,386,383,352,330,268,,,,,,,,0,0
2024,2024-11-01,Eastbound,Light Vehicles,356,173,181,249,644,2030,2607,2491,2334,2018,1878,,,,,,,2076,2303,1883,1534,1379,1250,904,0,0
2024,2024-11-01,Eastbound,Heavy Vehicles,69,47,58,104,140,347,533,395,353,401,375,,,,,,,170,157,129,84,57,84,46,0,0
2024,2024-11-01,Westbound,All Vehicles,523,296,237,232,471,1358,2453,2651,2507,2342,2300,2368,2521,2724,2956,2822,2878,,,,,,,,0,0
2024,2024-11-01,Eastbound,All Vehicles,425,220,239,353,784,2377,3140,2886,2687,2419,2253,,,,,,,2246,2460,2012,1618,1436,1334,950,0,0
2024,2024-11-02,Westbound,Heavy Vehicles,,,,,30,78,179,148,168,166,210,200,194,148,166,147,145,102,82,75,68,50,77,52,0,0
2024,2024-11-02,Westbound,Light Vehicles,,,,,292,553,1306,1411,1808,2053,2348,2499,2691,2670,2782,2725,2568,2779,2562,2023,1890,2017,2235,1515,0,0
2024,2024-11-02,Eastbound,Heavy Vehicles,42,41,32,45,,,,,,,165,166,131,140,132,117,92,104,117,77,50,47,49,29,0,0
2024,2024-11-02,Eastbound,Light Vehicles,594,315,219,223,,,,,,,2373,2324,2535,2538,2401,2340,2233,2348,2238,1673,1537,1364,1320,978,0,0
2024,2024-11-02,Westbound,All Vehicles,,,,,322,631,1485,1559,1976,2219,2558,2699,2885,2818,2948,2872,2713,2881,2644,2098,1958,2067,2312,1567,0,0
2024,2024-11-02,Eastbound,All Vehicles,636,356,251,268,,,,,,,2538,2490,2666,2678,2533,2457,2325,2452,2355,1750,1587,1411,1369,1007,0,0
2024,2024-11-03,Westbound,Heavy Vehicles,34,21,12,26,9,27,66,56,73,85,84,,,,,,,81,93,84,71,67,58,43,0,0
2024,2024-11-03,Eastbound,Light Vehicles,691,387,261,203,256,616,900,1127,1418,2099,2300,2319,2299,2389,2123,2045,2075,,,,,,,,0,0
2024,2024-11-03,Eastbound,Heavy Vehicles,31,15,18,21,16,48,65,63,97,89,102,101,105,104,107,77,82,,,,,,,,0,0
2024,2024-11-03,Westbound,Light Vehicles,1005,549,391,274,231,349,697,948,1289,1833,2062,,,,,,,2671,2433,2120,1847,1730,1358,811,0,0
2024,2024-11-03,Westbound,All Vehicles,1039,570,403,300,240,376,763,1004,1362,1918,2146,,,,,,,2752,2526,2204,1918,1797,1416,854,0,0
2024,2024-11-03,Eastbound,All Vehicles,722,402,279,224,272,664,965,1190,1515,2188,2402,2420,2404,2493,2230,2122,2157,,,,,,,,0,0
2024,2024-11-04,Westbound,Heavy Vehicles,34,20,45,48,83,168,323,263,265,333,382,431,417,383,377,320,248,213,181,123,81,81,61,58,0,0
2024,2024-11-04,Eastbound,Heavy Vehicles,,,,,115,325,520,378,315,428,362,374,323,340,252,235,212,,,,,,,,0,0
2024,2024-11-04,Westbound,Light Vehicles,398,220,149,162,371,1110,2169,2261,2244,2003,1894,1930,1947,2204,2510,2499,2694,2510,2473,1914,1640,1463,1184,720,0,0
2024,2024-11-04,Eastbound,Light Vehicles,,,,,680,1948,2582,2532,2481,2020,1691,1655,1833,1872,2050,2366,2230,,,,,,,,0,0
2024,2024-11-04,Westbound,All Vehicles,432,240,194,210,454,1278,2492,2524,2509,2336,2276,2361,2364,2587,2887,2819,2942,2723,2654,2037,1721,1544,1245,778,0,0
2024,2024-11-04,Eastbound,All Vehicles,,,,,795,2273,3102,2910,2796,2448,2053,2029,2156,2212,2302,2601,2442,,,,,,,,0,0
2024,2024-11-05,Westbound,Light Vehicles,255,139,117,114,197,663,1322,1395,1351,1207,1160,1168,1245,1390,1635,1658,1722,1545,1520,1260,1119,1062,908,486,0,0
2024,2024-11-05,Eastbound,Heavy Vehicles,,,,,155,326,492,375,357,424,364,354,337,308,258,252,205,165,156,133,82,87,73,62,0,0
2024,2024-11-05,Westbound,Heavy Vehicles,23,21,31,27,46,87,164,152,127,206,196,204,230,245,214,178,145,104,85,69,61,41,41,30,0,0
2024,2024-11-05,Eastbound,Light Vehicles,,,,,713,2066,2654,2635,2469,2097,1780,1753,1757,1987,1948,2360,2174,2052,1894,1534,1259,1093,755,407,0,0
2024,2024-11-05,Westbound,All Vehicles,278,160,148,141,243,750,1486,1547,1478,1413,1356,1372,1475,1635,1849,1836,1867,1649,1605,1329,1180,1103,949,516,0,0
2024,2024-11-05,Eastbound,All Vehicles,,,,,868,2392,3146,3010,2826,2521,2144,2107,2094,2295,2206,2612,2379,2217,2050,1667,1341,1180,828,469,0,0
2024,2024-11-06,Westbound,Heavy Vehicles,52,45,52,56,92,194,330,272,260,314,378,,,,,,,206,186,137,112,77,75,51,0,0
2024,2024-11-06,Westbound,Light Vehicles,453,245,179,188,386,1179,2153,2327,2242,2041,1959,,,,,,,2556,2532,2158,1899,1633,1421,1089,0,0
2024,2024-11-06,Eastbound,Heavy Vehicles,55,50,63,114,,,,,,,,384,356,288,282,223,213,167,153,136,90,82,74,42,0,0
2024,2024-11-06,Eastbound,Light Vehicles,258,166,183,249,,,,,,,,1785,1721,1922,2055,2318,2153,2196,1931,1564,1266,1197,909,469,0,0
2024,2024-11-06,Westbound,All Vehicles,505,290,231,244,478,1373,2483,2599,2502,2355,2337,,,,,,,2762,2718,2295,2011,1710,1496,1140,0,0
2024,2024-11-06,Eastbound,All Vehicles,313,216,246,363,,,,,,,,2169,2077,2210,2337,2541,2366,2363,2084,1700,1356,1279,983,511,0,0
2024,2024-11-07,Westbound,Light Vehicles,777,308,186,193,380,1141,2169,2279,2231,2118,1949,2026,2029,2237,2599,2429,2467,2129,2373,2047,1886,1857,1504,1136,0,0
2024,2024-11-07,Westbound,Heavy Vehicles,58,30,41,50,86,192,333,293,293,321,360,373,417,422,395,321,261,206,195,137,116,88,64,82,0,0
2024,2024-11-07,Westbound,All Vehicles,835,338,227,243,466,1333,2502,2572,2524,2439,2309,2399,2446,2659,2994,2750,2728,2335,2568,2184,2002,1945,1568,1218,0,0
2024,2024-11-09,Westbound,Heavy Vehicles,40,27,23,36,45,74,192,143,167,158,171,169,190,172,161,154,143,133,96,95,67,64,52,45,0,0
2024,2024-11-09,Eastbound,Light Vehicles,396,258,185,186,320,811,1202,1316,1504,1710,1709,1648,73,,,,38,853,1381,707,717,646,1016,793,0,0
2024,2024-11-09,Westbound,Light Vehicles,939,505,318,237,287,636,1363,1422,1888,2211,2380,2562,2747,2645,2786,2736,2774,2818,2670,2148,1950,1943,1950,1619,0,0
2024,2024-11-09,Eastbound,Heavy Vehicles,29,26,19,30,47,95,143,143,123,106,93,107,4,,,,1,29,35,26,16,21,24,24,0,0
2024,2024-11-09,Westbound,All Vehicles,979,532,341,273,332,710,1555,1565,2055,2369,2551,2731,2937,2817,2947,2890,2917,2951,2766,2243,2017,2007,2002,1664,0,0
2024,2024-11-09,Eastbound,All Vehicles,425,284,204,216,367,906,1345,1459,1627,1816,1802,1755,77,,,,39,882,1416,733,733,667,1040,817,0,0
2024,2024-11-10,Westbound,Heavy Vehicles,42,23,21,19,17,33,53,70,89,110,93,,,,,,,118,119,83,92,63,60,50,0,0
2024,2024-11-10,Westbound,Light Vehicles,1285,667,403,276,255,351,711,925,1448,1851,2080,,,,,,,2635,2782,2252,2009,1675,1458,1150,0,0
2024,2024-11-10,Westbound,All Vehicles,1327,690,424,295,272,384,764,995,1537,1961,2173,,,,,,,2753,2901,2335,2101,1738,1518,1200,0,0
2024,2024-11-11,Eastbound,Heavy Vehicles,51,40,50,59,140,254,390,359,295,326,297,302,295,203,179,156,150,136,104,87,68,62,63,37,0,0
2024,2024-11-11,Westbound,Light Vehicles,641,280,170,157,376,1150,2216,2233,2032,2033,1958,1828,2006,2265,2490,2590,2498,2535,2502,1919,1669,1439,923,710,0,0
2024,2024-11-11,Westbound,Heavy Vehicles,50,37,37,52,72,168,314,273,239,333,395,414,383,423,368,341,274,217,169,127,96,56,53,57,0,0
2024,2024-11-11,Eastbound,Light Vehicles,314,156,153,233,739,2123,2701,2747,2348,2142,1800,1736,1853,2104,2151,2398,2243,2127,1994,1441,1222,999,723,365,0,0
2024,2024-11-11,Eastbound,All Vehicles,365,196,203,292,879,2377,3091,3106,2643,2468,2097,2038,2148,2307,2330,2554,2393,2263,2098,1528,1290,1061,786,402,0,0
2024,2024-11-11,Westbound,All Vehicles,691,317,207,209,448,1318,2530,2506,2271,2366,2353,2242,2389,2688,2858,2931,2772,2752,2671,2046,1765,1495,976,767,0,0
2024,2024-11-12,Eastbound,Heavy Vehicles,30,27,45,65,83,147,183,172,142,194,183,148,153,119,126,108,,,,,,,,,0,0
2024,2024-11-12,Westbound,Light Vehicles,250,156,101,115,,,,,,,,901,1030,1313,1654,1703,1657,1650,1652,1290,1134,1128,987,560,0,0
2024,2024-11-12,Westbound,Heavy Vehicles,30,26,37,26,,,,,,,,185,253,230,223,155,141,113,101,86,74,47,48,30,0,0
2024,2024-11-12,Eastbound,Light Vehicles,114,89,100,143,324,690,808,823,808,801,628,606,640,677,707,794,,,,,,,,,0,0
2024,2024-11-12,Eastbound,All Vehicles,144,116,145,208,407,837,991,995,950,995,811,754,793,796,833,902,,,,,,,,,0,0
2024,2024-11-12,Westbound,All Vehicles,280,182,138,141,,,,,,,,1086,1283,1543,1877,1858,1798,1763,1753,1376,1208,1175,1035,590,0,0
2024,2024-11-13,Eastbound,Heavy Vehicles,,,,,157,338,524,432,370,433,428,,,,,,176,152,150,119,89,91,78,75,0,0
2024,2024-11-13,Eastbound,Light Vehicles,,,,,721,2208,2623,2655,2492,2148,1797,,,,,,2155,2068,1998,1549,1276,1232,1008,445,0,0
2024,2024-11-13,Eastbound,All Vehicles,,,,,878,2546,3147,3087,2862,2581,2225,,,,,,2331,2220,2148,1668,1365,1323,1086,520,0,0
2024,2024-11-14,Eastbound,Light Vehicles,278,178,151,252,738,2139,2575,2550,2400,2142,1869,,,,,,2207,2099,2044,1614,1294,1199,981,,0,0
2024,2024-11-14,Eastbound,Heavy Vehicles,42,66,76,96,167,362,528,410,341,401,393,,,,,,191,177,170,133,99,85,89,,0,0
2024,2024-11-14,Westbound,Light Vehicles,472,252,166,175,,,,,,,,1969,2044,2150,2539,2513,2565,2433,2555,2114,1929,1900,1668,1080,0,0
2024,2024-11-14,Westbound,Heavy Vehicles,48,43,49,67,,,,,,,,450,432,454,407,344,282,233,211,127,126,96,72,83,0,0
2024,2024-11-14,Eastbound,All Vehicles,320,244,227,348,905,2501,3103,2960,2741,2543,2262,,,,,,2398,2276,2214,1747,1393,1284,1070,,0,0
2024,2024-11-14,Westbound,All Vehicles,520,295,215,242,,,,,,,,2419,2476,2604,2946,2857,2847,2666,2766,2241,2055,1996,1740,1163,0,0
2024,2024-11-15,Eastbound,Light Vehicles,326,175,177,248,,,,,,,1879,1806,1861,2039,2218,2427,1987,2147,2223,1714,1445,1400,1260,787,0,0
2024,2024-11-15,Eastbound,Heavy Vehicles,70,70,76,95,,,,,,,379,340,317,287,315,245,186,173,164,123,76,57,85,44,0,0
2024,2024-11-15,Eastbound,All Vehicles,396,245,253,343,,,,,,,2258,2146,2178,2326,2533,2672,2173,2320,2387,1837,1521,1457,1345,831,0,0
2024,2024-11-16,Westbound,Light Vehicles,974,483,328,246,,,,,,,,2609,2659,2606,2789,2811,2626,2872,2687,2288,1959,1938,2375,1821,0,0
2024,2024-11-16,Westbound,Heavy Vehicles,43,33,32,31,,,,,,,,236,188,146,173,144,136,140,116,89,77,69,90,59,0,0
2024,2024-11-16,Westbound,All Vehicles,1017,516,360,277,,,,,,,,2845,2847,2752,2962,2955,2762,3012,2803,2377,2036,2007,2465,1880,0,0
2024,2024-11-17,Westbound,Heavy Vehicles,31,25,17,14,12,28,53,59,65,66,84,,,,,,,82,72,80,56,48,52,33,0,0
2024,2024-11-17,Westbound,Light Vehicles,828,432,295,211,204,269,505,654,923,1254,1501,,,,,,,1762,1643,1104,1249,1102,900,535,0,0
2024,2024-11-17,Westbound,All Vehicles,859,457,312,225,216,297,558,713,988,1320,1585,,,,,,,1844,1715,1184,1305,1150,952,568,0,0
2024,2024-11-18,Westbound,Heavy Vehicles,37,33,41,35,94,174,310,275,274,333,389,402,399,442,418,321,278,204,188,119,109,74,77,55,0,0
2024,2024-11-18,Westbound,Light Vehicles,427,204,158,153,314,1116,2096,2316,2211,2111,1831,1898,1994,2240,2516,2561,2534,2391,2383,1875,1773,1617,1383,761,0,0
2024,2024-11-18,Westbound,All Vehicles,464,237,199,188,408,1290,2406,2591,2485,2444,2220,2300,2393,2682,2934,2882,2812,2595,2571,1994,1882,1691,1460,816,0,0
2024,2024-11-19,Eastbound,Heavy Vehicles,,,,,174,343,525,396,320,420,399,380,312,,274,230,200,143,148,131,94,,67,71,0,0
2024,2024-11-19,Eastbound,Light Vehicles,,,,,720,2127,2715,2463,2370,2027,1762,1736,1728,,2101,2268,2227,2024,2056,1556,1292,,834,441,0,0
2024,2024-11-19,Eastbound,All Vehicles,,,,,894,2470,3240,2859,2690,2447,2161,2116,2040,,2375,2498,2427,2167,2204,1687,1386,,901,512,0,0
2024,2024-11-20,Eastbound,Light Vehicles,230,157,161,260,716,2177,2651,2687,2460,2065,1918,1746,1839,2016,2150,2203,,,,,,,,,0,0
2024,2024-11-20,Westbound,Light Vehicles,436,244,170,201,,,,,,,,1951,2007,2217,2558,2563,2633,2434,2631,2230,1885,1800,1643,1240,0,0
2024,2024-11-20,Eastbound,Heavy Vehicles,75,50,74,108,165,340,516,413,323,427,401,402,305,344,263,230,,,,,,,,,0,0
2024,2024-11-20,Westbound,Heavy Vehicles,50,48,60,52,,,,,,,,397,449,397,383,338,268,206,244,146,131,86,82,64,0,0
2024,2024-11-20,Eastbound,All Vehicles,305,207,235,368,881,2517,3167,3100,2783,2492,2319,2148,2144,2360,2413,2433,,,,,,,,,0,0
2024,2024-11-20,Westbound,All Vehicles,486,292,230,253,,,,,,,,2348,2456,2614,2941,2901,2901,2640,2875,2376,2016,1886,1725,1304,0,0
2024,2024-11-21,Eastbound,Heavy Vehicles,,,,,169,359,538,369,380,432,422,366,318,301,255,262,215,177,138,144,105,73,90,72,0,0
2024,2024-11-21,Eastbound,Light Vehicles,,,,,732,2142,2560,2530,2494,2205,1915,1791,1774,1994,2104,2388,2133,1947,2158,1718,1394,1269,989,573,0,0
2024,2024-11-21,Eastbound,All Vehicles,,,,,901,2501,3098,2899,2874,2637,2337,2157,2092,2295,2359,2650,2348,2124,2296,1862,1499,1342,1079,645,0,0
2024,2024-11-22,Westbound,Heavy Vehicles,64,48,52,67,89,209,356,293,258,389,382,,,,,,,240,203,133,101,82,77,54,0,0
2024,2024-11-22,Westbound,Light Vehicles,681,331,224,217,421,1175,2154,2230,2194,2140,1985,,,,,,,2581,2606,2399,2006,2026,2125,1527,0,0
2024,2024-11-22,Westbound,All Vehicles,745,379,276,284,510,1384,2510,2523,2452,2529,2367,,,,,,,2821,2809,2532,2107,2108,2202,1581,0,0
2024,2024-11-23,Westbound,Heavy Vehicles,41,33,28,41,44,91,189,192,168,190,193,195,179,201,154,165,143,135,109,89,62,71,57,70,0,0
2024,2024-11-23,Westbound,Light Vehicles,938,486,315,250,313,667,1461,1584,1896,2223,2408,2539,2639,2698,2817,2697,2643,2664,2680,2271,2018,1953,2050,1803,0,0
2024,2024-11-23,Westbound,All Vehicles,979,519,343,291,357,758,1650,1776,2064,2413,2601,2734,2818,2899,2971,2862,2786,2799,2789,2360,2080,2024,2107,1873,0,0
2024,2024-11-25,Westbound,Heavy Vehicles,40,31,36,52,91,189,353,275,272,356,375,416,432,467,406,333,293,217,205,157,113,76,68,56,0,0
2024,2024-11-25,Eastbound,Heavy Vehicles,14,9,17,27,67,167,261,215,190,211,227,202,168,172,142,148,109,97,79,72,48,44,33,17,0,0
2024,2024-11-25,Westbound,Light Vehicles,461,243,146,188,389,1144,2176,2333,2201,2047,1913,1848,1929,2298,2486,2540,2663,2642,2614,1959,1629,1529,1330,747,0,0
2024,2024-11-25,Eastbound,Light Vehicles,121,61,67,104,386,1369,1730,1757,1744,1300,1184,1116,1020,1296,1312,1480,1488,1539,1283,905,759,662,452,198,0,0
2024,2024-11-25,Westbound,All Vehicles,501,274,182,240,480,1333,2529,2608,2473,2403,2288,2264,2361,2765,2892,2873,2956,2859,2819,2116,1742,1605,1398,803,0,0
2024,2024-11-25,Eastbound,All Vehicles,135,70,84,131,453,1536,1991,1972,1934,1511,1411,1318,1188,1468,1454,1628,1597,1636,1362,977,807,706,485,215,0,0
2024,2024-11-26,Eastbound,Light Vehicles,197,167,161,241,756,2175,2590,2539,,2160,1948,1761,1741,1961,2103,2455,2151,1994,1875,1508,1270,1169,859,433,0,0
2024,2024-11-26,Eastbound,Heavy Vehicles,50,54,82,90,148,339,521,405,,424,424,343,317,315,278,254,179,143,127,141,101,82,79,67,0,0
2024,2024-11-26,Eastbound,All Vehicles,247,221,243,331,904,2514,3111,2944,,2584,2372,2104,2058,2276,2381,2709,2330,2137,2002,1649,1371,1251,938,500,0,0
2024,2024-11-27,Eastbound,Heavy Vehicles,52,54,74,102,160,353,545,437,360,408,410,388,359,301,303,228,,,,,,,,,0,0
2024,2024-11-27,Westbound,Heavy Vehicles,61,64,55,58,,,,,,,,404,421,394,412,334,292,224,194,150,139,96,86,68,0,0
2024,2024-11-27,Westbound,Light Vehicles,451,237,169,200,,,,,,,,1881,2030,2308,2507,2497,2346,2578,2568,2117,1907,1799,1677,1004,0,0
2024,2024-11-27,Eastbound,Light Vehicles,251,161,182,238,724,2147,2577,2644,2379,2009,1969,1823,1834,1966,2142,2221,,,,,,,,,0,0
2024,2024-11-27,Eastbound,All Vehicles,303,215,256,340,884,2500,3122,3081,2739,2417,2379,2211,2193,2267,2445,2449,,,,,,,,,0,0
2024,2024-11-27,Westbound,All Vehicles,512,301,224,258,,,,,,,,2285,2451,2702,2919,2831,2638,2802,2762,2267,2046,1895,1763,1072,0,0
2024,2024-11-28,Westbound,Light Vehicles,142,79,60,80,193,519,852,924,856,860,780,766,773,837,811,828,895,,,,,,,,0,0
2024,2024-11-28,Eastbound,Light Vehicles,,,,,581,1585,1890,1759,1642,1453,1399,1299,1366,1346,1436,1628,1563,1408,1375,1153,980,859,712,410,0,0
2024,2024-11-28,Eastbound,Heavy Vehicles,,,,,126,243,384,265,227,317,302,267,226,225,189,168,148,108,116,89,75,72,56,48,0,0
2024,2024-11-28,Westbound,Heavy Vehicles,16,12,18,17,44,124,178,114,121,156,175,175,182,192,152,136,130,,,,,,,,0,0
2024,2024-11-28,Westbound,All Vehicles,158,91,78,97,237,643,1030,1038,977,1016,955,941,955,1029,963,964,1025,,,,,,,,0,0
2024,2024-11-28,Eastbound,All Vehicles,,,,,707,1828,2274,2024,1869,1770,1701,1566,1592,1571,1625,1796,1711,1516,1491,1242,1055,931,768,458,0,0
2024,2024-11-29,Eastbound,Light Vehicles,362,175,165,253,680,2042,2546,2490,2362,2082,1860,1989,1989,2227,2195,2290,,,,,,,,,0,0
2024,2024-11-29,Eastbound,Heavy Vehicles,62,52,61,91,148,328,488,362,340,381,378,389,272,325,276,237,,,,,,,,,0,0
2024,2024-11-29,Eastbound,All Vehicles,424,227,226,344,828,2370,3034,2852,2702,2463,2238,2378,2261,2552,2471,2527,,,,,,,,,0,0
2024,2024-11-30,Eastbound,Heavy Vehicles,,,,,68,135,212,179,188,151,163,172,153,139,124,130,,134,98,69,54,48,46,34,0,0
2024,2024-11-30,Eastbound,Light Vehicles,,,,,399,952,1390,1600,2039,2243,2334,2506,2490,2483,2311,2320,,2344,2035,1516,1352,1365,1196,938,0,0
2024,2024-11-30,Eastbound,All Vehicles,,,,,467,1087,1602,1779,2227,2394,2497,2678,2643,2622,2435,2450,,2478,2133,1585,1406,1413,1242,972,0,0
2024,2024-12-01,Eastbound,Light Vehicles,659,376,258,216,257,635,988,1084,1540,2229,2333,2402,2266,2372,2222,2049,2096,,1846,,1434,1364,955,518,0,0
2024,2024-12-01,Eastbound,Heavy Vehicles,22,17,17,22,26,46,81,92,104,118,124,110,102,89,116,98,101,,82,,74,66,62,57,0,0
2024,2024-12-01,Eastbound,All Vehicles,681,393,275,238,283,681,1069,1176,1644,2347,2457,2512,2368,2461,2338,2147,2197,,1928,,1508,1430,1017,575,0,0
2024,2024-12-02,Westbound,Light Vehicles,460,236,184,170,361,1054,2062,2272,2194,2028,1906,,,,,,,2598,2393,2018,1745,1570,1340,846,0,0
2024,2024-12-02,Westbound,Heavy Vehicles,40,33,53,56,98,178,346,277,259,358,378,,,,,,,231,173,164,118,88,66,54,0,0
2024,2024-12-02,Westbound,All Vehicles,500,269,237,226,459,1232,2408,2549,2453,2386,2284,,,,,,,2829,2566,2182,1863,1658,1406,900,0,0
2024,2024-12-03,Westbound,Heavy Vehicles,65,48,54,64,86,187,335,290,278,332,376,,,,,,,246,216,138,125,85,86,56,0,0
2024,2024-12-03,Westbound,Light Vehicles,435,262,183,186,366,1183,2140,2316,2173,2057,1892,,,,,,,2529,2432,2043,1795,1653,1363,808,0,0
2024,2024-12-03,Westbound,All Vehicles,500,310,237,250,452,1370,2475,2606,2451,2389,2268,,,,,,,2775,2648,2181,1920,1738,1449,864,0,0
2024,2024-12-04,Eastbound,Heavy Vehicles,58,62,88,97,149,354,554,379,361,423,388,363,376,348,271,247,202,174,130,142,97,82,91,87,0,0
2024,2024-12-04,Eastbound,Light Vehicles,246,187,178,258,727,2277,2572,2644,2469,2101,1998,1805,1822,1894,2133,2388,2266,2078,1864,1553,1343,1297,937,509,0,0
2024,2024-12-04,Eastbound,All Vehicles,304,249,266,355,876,2631,3126,3023,2830,2524,2386,2168,2198,2242,2404,2635,2468,2252,1994,1695,1440,1379,1028,596,0,0
2024,2024-12-05,Westbound,Heavy Vehicles,50,51,60,52,79,174,307,212,232,288,316,355,355,333,325,248,264,210,188,130,98,78,72,71,0,0
2024,2024-12-05,Eastbound,Light Vehicles,152,108,95,127,329,705,848,838,748,673,681,622,670,649,717,803,759,657,735,585,537,542,425,246,0,0
2024,2024-12-05,Eastbound,Heavy Vehicles,48,66,62,81,84,179,249,201,148,205,198,196,146,159,138,108,92,73,64,66,48,54,49,43,0,0
2024,2024-12-05,Westbound,Light Vehicles,391,220,156,165,342,881,1422,1605,1508,1398,1353,1340,1395,1500,1684,1734,1742,1736,1717,1543,1377,1421,1215,753,0,0
2024,2024-12-05,Westbound,All Vehicles,441,271,216,217,421,1055,1729,1817,1740,1686,1669,1695,1750,1833,2009,1982,2006,1946,1905,1673,1475,1499,1287,824,0,0
2024,2024-12-05,Eastbound,All Vehicles,200,174,157,208,413,884,1097,1039,896,878,879,818,816,808,855,911,851,730,799,651,585,596,474,289,0,0
2024,2024-12-07,Westbound,Heavy Vehicles,63,38,39,31,37,79,199,157,170,193,172,165,171,175,169,174,159,147,120,99,75,69,48,49,0,0
2024,2024-12-07,Eastbound,Heavy Vehicles,45,36,45,42,62,124,239,237,214,176,163,156,178,133,121,114,112,116,91,73,55,55,37,39,0,0
2024,2024-12-07,Eastbound,Light Vehicles,529,354,249,236,415,1082,1660,1775,1950,2070,2220,2293,2214,2244,2097,2139,2089,2328,2100,1604,1384,1449,1363,996,0,0
2024,2024-12-07,Westbound,Light Vehicles,1039,601,379,284,314,569,1343,1462,1814,2117,2340,2387,2444,2467,2436,2658,2509,2653,2408,1982,1898,2062,2056,1715,0,0
2024,2024-12-07,Westbound,All Vehicles,1102,639,418,315,351,648,1542,1619,1984,2310,2512,2552,2615,2642,2605,2832,2668,2800,2528,2081,1973,2131,2104,1764,0,0
2024,2024-12-07,Eastbound,All Vehicles,574,390,294,278,477,1206,1899,2012,2164,2246,2383,2449,2392,2377,2218,2253,2201,2444,2191,1677,1439,1504,1400,1035,0,0
2024,2024-12-08,Westbound,Heavy Vehicles,37,27,22,13,,,,,,,,126,125,129,104,136,108,94,104,97,76,69,68,45,0,0
2024,2024-12-08,Westbound,Light Vehicles,1164,591,376,277,,,,,,,,2415,2554,2268,2477,2597,2587,2477,2347,1921,1915,1797,1428,861,0,0
2024,2024-12-08,Westbound,All Vehicles,1201,618,398,290,,,,,,,,2541,2679,2397,2581,2733,2695,2571,2451,2018,1991,1866,1496,906,0,0
2024,2024-12-09,Eastbound,Heavy Vehicles,51,42,39,81,,,,,,,400,349,343,319,258,274,211,163,,117,93,77,67,75,0,0
2024,2024-12-09,Eastbound,Light Vehicles,267,144,130,250,,,,,,,1806,1636,1767,1897,2039,2230,2214,2097,,1486,1240,1114,548,413,0,0
2024,2024-12-09,Eastbound,All Vehicles,318,186,169,331,,,,,,,2206,1985,2110,2216,2297,2504,2425,2260,,1603,1333,1191,615,488,0,0
2024,2024-12-10,Eastbound,Heavy Vehicles,46,74,80,102,160,385,483,397,350,408,,392,326,325,282,248,,,,,,,,,0,0
2024,2024-12-10,Eastbound,Light Vehicles,236,162,160,267,731,2089,2503,2582,2338,2153,,1799,1858,2058,2131,2334,,,,,,,,,0,0
2024,2024-12-10,Eastbound,All Vehicles,282,236,240,369,891,2474,2986,2979,2688,2561,,2191,2184,2383,2413,2582,,,,,,,,,0,0
2024,2024-12-11,Eastbound,Light Vehicles,,,,,718,2172,2612,2592,2491,2060,1851,1882,1849,1945,2045,2365,2326,2231,2089,,1369,,947,538,0,0
2024,2024-12-11,Eastbound,Heavy Vehicles,,,,,161,363,534,417,385,440,404,330,348,289,273,247,164,160,163,,106,,93,58,0,0
2024,2024-12-11,Eastbound,All Vehicles,,,,,879,2535,3146,3009,2876,2500,2255,2212,2197,2234,2318,2612,2490,2391,2252,,1475,,1040,596,0,0
2024,2024-12-12,Westbound,Light Vehicles,380,259,151,147,333,862,1466,1521,1447,1430,1285,1367,1421,1441,1671,1650,1680,1768,1751,1457,1340,1490,1187,757,0,0
2024,2024-12-12,Westbound,Heavy Vehicles,48,36,46,57,83,195,265,228,239,269,309,327,334,329,297,298,230,218,178,111,119,71,79,73,0,0
2024,2024-12-12,Westbound,All Vehicles,428,295,197,204,416,1057,1731,1749,1686,1699,1594,1694,1755,1770,1968,1948,1910,1986,1929,1568,1459,1561,1266,830,0,0
2024,2024-12-13,Eastbound,Light Vehicles,358,218,178,260,727,2088,2546,2489,2290,2070,1983,1979,1963,2051,2204,2353,,,,,,,,,0,0
2024,2024-12-13,Eastbound,Heavy Vehicles,62,67,64,90,154,322,541,426,355,396,397,375,363,316,277,244,,,,,,,,,0,0
2024,2024-12-13,Westbound,Heavy Vehicles,66,46,47,57,86,209,334,281,300,328,391,389,446,435,391,312,299,,,,,,,,0,0
2024,2024-12-13,Westbound,Light Vehicles,584,345,253,214,479,1119,2151,2101,2147,2027,1818,2033,2186,2328,2498,2612,2445,,,,,,,,0,0
2024,2024-12-13,Eastbound,All Vehicles,420,285,242,350,881,2410,3087,2915,2645,2466,2380,2354,2326,2367,2481,2597,,,,,,,,,0,0
2024,2024-12-13,Westbound,All Vehicles,650,391,300,271,565,1328,2485,2382,2447,2355,2209,2422,2632,2763,2889,2924,2744,,,,,,,,0,0
2024,2024-12-14,Westbound,Light Vehicles,,,,,,,,,,,,2447,2643,2535,2653,2757,2551,2634,2567,2170,1942,2139,2304,1743,0,0
2024,2024-12-14,Westbound,Heavy Vehicles,,,,,,,,,,,,208,189,199,166,174,143,125,107,88,85,79,73,69,0,0
2024,2024-12-14,Westbound,All Vehicles,,,,,,,,,,,,2655,2832,2734,2819,2931,2694,2759,2674,2258,2027,2218,2377,1812,0,0
2024,2024-12-15,Westbound,Light Vehicles,1148,677,411,296,255,414,729,1003,1248,1697,2086,2423,2463,2469,2393,2573,2423,,,,,,,,0,0
2024,2024-12-15,Westbound,Heavy Vehicles,38,31,21,19,23,32,67,69,91,90,118,97,128,109,111,108,97,,,,,,,,0,0
2024,2024-12-15,Westbound,All Vehicles,1186,708,432,315,278,446,796,1072,1339,1787,2204,2520,2591,2578,2504,2681,2520,,,,,,,,0,0
2024,2024-12-17,Eastbound,Light Vehicles,,,,,425,1423,1768,1815,1719,,1248,1219,1188,1331,1372,1450,,,,,,,,,0,0
2024,2024-12-17,Eastbound,Heavy Vehicles,,,,,68,175,302,249,192,,197,219,179,167,148,116,,,,,,,,,0,0
2024,2024-12-17,Eastbound,All Vehicles,,,,,493,1598,2070,2064,1911,,1445,1438,1367,1498,1520,1566,,,,,,,,,0,0
2024,2024-12-18,Eastbound,Heavy Vehicles,,,,,157,338,423,436,351,422,411,399,341,325,258,247,200,174,152,145,104,92,84,63,0,0
2024,2024-12-18,Eastbound,Light Vehicles,,,,,690,2018,2443,2432,2432,2170,2022,1897,1910,2030,2190,2265,2137,2223,2089,1508,1424,1273,1059,529,0,0
2024,2024-12-18,Eastbound,All Vehicles,,,,,847,2356,2866,2868,2783,2592,2433,2296,2251,2355,2448,2512,2337,2397,2241,1653,1528,1365,1143,592,0,0
2024,2024-12-19,Eastbound,Light Vehicles,167,111,109,127,300,640,819,812,792,734,715,715,719,701,594,787,786,682,672,580,539,510,451,277,0,0
2024,2024-12-19,Eastbound,Heavy Vehicles,36,41,59,65,101,158,234,207,166,234,184,174,157,148,105,87,83,68,92,73,69,42,43,49,0,0
2024,2024-12-19,Westbound,Heavy Vehicles,38,46,35,68,90,195,310,246,233,359,410,378,380,413,345,323,307,241,244,170,127,96,79,70,0,0
2024,2024-12-19,Westbound,Light Vehicles,510,305,186,200,412,1121,2145,1860,1773,1968,1926,2064,2162,2265,2216,2279,2412,2646,2432,2047,1922,1987,1834,1077,0,0
2024,2024-12-19,Eastbound,All Vehicles,203,152,168,192,401,798,1053,1019,958,968,899,889,876,849,699,874,869,750,764,653,608,552,494,326,0,0
2024,2024-12-19,Westbound,All Vehicles,548,351,221,268,502,1316,2455,2106,2006,2327,2336,2442,2542,2678,2561,2602,2719,2887,2676,2217,2049,2083,1913,1147,0,0
2024,2024-12-20,Eastbound,Heavy Vehicles,53,54,58,87,,,,,,,365,330,321,270,249,217,182,158,155,151,73,86,74,69,0,0
2024,2024-12-20,Eastbound,Light Vehicles,377,194,198,281,,,,,,,2078,2181,2088,2173,2216,2359,2223,2238,2115,1694,1467,1379,1256,909,0,0
2024,2024-12-20,Eastbound,All Vehicles,430,248,256,368,,,,,,,2443,2511,2409,2443,2465,2576,2405,2396,2270,1845,1540,1465,1330,978,0,0
2024,2024-12-21,Eastbound,Light Vehicles,552,341,227,267,442,993,1503,1591,1862,2092,2348,2391,2346,2211,2082,2068,2017,2211,2019,1624,1303,,,921,0,0
2024,2024-12-21,Westbound,Light Vehicles,943,524,352,262,302,538,1209,1341,1727,2014,2190,2378,2410,2422,2540,2580,2477,2459,2359,2050,1883,1981,1884,1777,0,0
2024,2024-12-21,Westbound,Heavy Vehicles,41,38,34,30,43,79,150,153,166,193,182,180,179,183,157,159,144,137,108,69,74,74,65,48,0,0
2024,2024-12-21,Eastbound,Heavy Vehicles,38,39,35,36,75,133,228,211,176,159,158,160,166,142,135,110,108,122,100,81,51,,,45,0,0
2024,2024-12-21,Eastbound,All Vehicles,590,380,262,303,517,1126,1731,1802,2038,2251,2506,2551,2512,2353,2217,2178,2125,2333,2119,1705,1354,,,966,0,0
2024,2024-12-21,Westbound,All Vehicles,984,562,386,292,345,617,1359,1494,1893,2207,2372,2558,2589,2605,2697,2739,2621,2596,2467,2119,1957,2055,1949,1825,0,0
2024,2024-12-22,Eastbound,Heavy Vehicles,36,19,23,26,25,60,71,83,93,105,115,107,107,105,101,80,105,,,,,,,,0,0
2024,2024-12-22,Eastbound,Light Vehicles,581,351,222,211,281,643,1021,1016,1409,1996,2143,2162,2216,2119,2097,2049,2107,,,,,,,,0,0
2024,2024-12-22,Eastbound,All Vehicles,617,370,245,237,306,703,1092,1099,1502,2101,2258,2269,2323,2224,2198,2129,2212,,,,,,,,0,0
2024,2024-12-24,Eastbound,Heavy Vehicles,51,52,56,74,107,174,278,296,284,265,240,236,227,164,150,130,124,97,92,,62,55,52,40,0,0
2024,2024-12-24,Eastbound,Light Vehicles,348,221,185,249,519,1166,1567,1689,1810,1778,1855,1956,2051,2050,1997,1957,1837,1887,1689,,1151,1321,1235,965,0,0
2024,2024-12-24,Eastbound,All Vehicles,399,273,241,323,626,1340,1845,1985,2094,2043,2095,2192,2278,2214,2147,2087,1961,1984,1781,,1213,1376,1287,1005,0,0
2024,2024-12-25,Westbound,Heavy Vehicles,27,17,10,14,13,15,34,45,39,71,62,78,70,56,61,53,57,44,58,50,49,42,31,32,0,0
2024,2024-12-25,Eastbound,Light Vehicles,304,234,119,102,131,256,307,307,438,641,871,949,959,681,648,644,729,678,719,655,614,684,593,427,0,0
2024,2024-12-25,Eastbound,Heavy Vehicles,16,10,6,17,5,7,20,23,23,18,30,24,35,25,20,21,27,24,14,18,12,19,10,16,0,0
2024,2024-12-25,Westbound,Light Vehicles,806,518,293,153,134,198,446,616,801,1354,1932,2630,2512,1713,1667,1800,1880,2032,1984,1921,1970,1876,1807,1287,0,0
2024,2024-12-25,Westbound,All Vehicles,833,535,303,167,147,213,480,661,840,1425,1994,2708,2582,1769,1728,1853,1937,2076,2042,1971,2019,1918,1838,1319,0,0
2024,2024-12-25,Eastbound,All Vehicles,320,244,125,119,136,263,327,330,461,659,901,973,994,706,668,665,756,702,733,673,626,703,603,443,0,0
2024,2024-12-26,Eastbound,Light Vehicles,262,139,108,121,151,280,384,412,502,673,784,826,785,719,628,617,642,647,,529,518,522,441,325,0,0
2024,2024-12-26,Eastbound,Heavy Vehicles,12,9,12,19,24,36,38,36,52,38,34,44,39,46,37,39,21,22,,33,26,27,31,17,0,0
2024,2024-12-26,Eastbound,All Vehicles,274,148,120,140,175,316,422,448,554,711,818,870,824,765,665,656,663,669,,562,544,549,472,342,0,0
2024,2024-12-27,Eastbound,Heavy Vehicles,44,55,36,63,96,165,217,213,208,191,204,191,160,164,127,123,115,118,89,91,62,74,60,42,0,0
2024,2024-12-27,Eastbound,Light Vehicles,378,230,175,237,493,999,1358,1280,1479,1638,1946,2068,1953,1928,1826,1702,1730,1657,1672,1430,1240,1248,990,606,0,0
2024,2024-12-27,Eastbound,All Vehicles,422,285,211,300,589,1164,1575,1493,1687,1829,2150,2259,2113,2092,1953,1825,1845,1775,1761,1521,1302,1322,1050,648,0,0
2024,2024-12-28,Eastbound,Light Vehicles,429,243,176,189,329,739,1172,1125,1351,1770,2022,2194,1913,2014,1964,,1813,1820,1657,1341,1242,1204,1025,,0,0
2024,2024-12-28,Westbound,Heavy Vehicles,38,26,21,31,29,57,92,100,109,120,141,131,133,117,109,132,109,96,76,64,50,45,50,35,0,0
2024,2024-12-28,Westbound,Light Vehicles,730,427,286,223,240,403,864,979,1165,1502,1819,1991,2012,1996,2042,2231,2218,2183,2149,1840,1742,1805,1784,1344,0,0
2024,2024-12-28,Eastbound,Heavy Vehicles,35,30,29,26,46,89,125,170,126,123,136,121,122,108,114,,91,90,82,58,49,47,48,,0,0
2024,2024-12-28,Eastbound,All Vehicles,464,273,205,215,375,828,1297,1295,1477,1893,2158,2315,2035,2122,2078,,1904,1910,1739,1399,1291,1251,1073,,0,0
2024,2024-12-28,Westbound,All Vehicles,768,453,307,254,269,460,956,1079,1274,1622,1960,2122,2145,2113,2151,2363,2327,2279,2225,1904,1792,1850,1834,1379,0,0
2024,2024-12-29,Eastbound,Heavy Vehicles,24,14,15,19,23,61,58,94,61,91,92,99,108,70,64,79,73,74,72,62,43,53,,41,0,0
2024,2024-12-29,Eastbound,Light Vehicles,471,257,185,190,270,589,888,934,1239,1844,2059,2101,2044,1728,1786,1647,1703,1784,1515,1259,1225,1188,,604,0,0
2024,2024-12-29,Eastbound,All Vehicles,495,271,200,209,293,650,946,1028,1300,1935,2151,2200,2152,1798,1850,1726,1776,1858,1587,1321,1268,1241,,645,0,0
2024,2024-12-30,Westbound,Heavy Vehicles,33,25,26,43,49,111,147,161,178,241,201,243,247,216,236,249,219,159,119,104,79,73,68,64,0,0
2024,2024-12-30,Eastbound,Light Vehicles,348,214,184,198,465,1098,1369,1425,1572,1774,1914,,,,,,1905,1952,1764,1422,1226,1103,886,584,0,0
2024,2024-12-30,Westbound,Light Vehicles,642,367,216,186,244,566,1019,1188,1283,1641,1835,1914,2068,2099,2278,2437,2277,2313,2187,1922,1668,1742,1714,1288,0,0
2024,2024-12-30,Eastbound,Heavy Vehicles,45,32,42,56,84,174,237,247,246,240,224,,,,,,127,134,106,78,67,71,53,39,0,0
2024,2024-12-30,Westbound,All Vehicles,675,392,242,229,293,677,1166,1349,1461,1882,2036,2157,2315,2315,2514,2686,2496,2472,2306,2026,1747,1815,1782,1352,0,0
2024,2024-12-30,Eastbound,All Vehicles,393,246,226,254,549,1272,1606,1672,1818,2014,2138,,,,,,2032,2086,1870,1500,1293,1174,939,623,0,0
2024,2024-12-31,Westbound,Heavy Vehicles,48,29,32,25,58,97,144,169,176,187,218,209,192,205,208,203,166,121,87,57,43,57,49,32,0,0
2024,2024-12-31,Eastbound,Light Vehicles,390,221,166,203,453,960,1277,1307,1437,1468,1657,1784,1813,1958,1920,1867,1877,2011,1950,1641,1449,1190,1149,,0,0
2024,2024-12-31,Westbound,Light Vehicles,671,358,198,183,261,514,902,1087,1164,1415,1576,1728,1953,2034,2228,2192,2267,2114,1976,1586,1263,1793,1919,1146,0,0
2024,2024-12-31,Eastbound,Heavy Vehicles,39,50,49,62,82,159,221,215,212,215,213,208,167,133,157,123,110,81,84,63,53,42,41,,0,0
2024,2024-12-31,Westbound,All Vehicles,719,387,230,208,319,611,1046,1256,1340,1602,1794,1937,2145,2239,2436,2395,2433,2235,2063,1643,1306,1850,1968,1178,0,0
2024,2024-12-31,Eastbound,All Vehicles,429,271,215,265,535,1119,1498,1522,1649,1683,1870,1992,1980,2091,2077,1990,1987,2092,2034,1704,1502,1232,1190,,0,0
2025,2025-01-01,Westbound,Heavy Vehicles,42,50,43,38,20,25,31,49,57,55,89,78,71,69,74,65,60,65,75,61,72,62,45,48,0,0
2025,2025-01-01,Westbound,Light Vehicles,1224,1856,1241,605,471,362,490,562,603,841,1178,1591,1642,1687,1735,1833,1718,1851,1803,1805,2210,1804,1480,1007,0,0
2025,2025-01-01,Westbound,All Vehicles,1266,1906,1284,643,491,387,521,611,660,896,1267,1669,1713,1756,1809,1898,1778,1916,1878,1866,2282,1866,1525,1055,0,0
2025,2025-01-02,Westbound,Light Vehicles,559,273,193,169,261,537,1030,1238,1286,1492,1814,1805,1942,2116,2273,2318,2383,2312,1992,1673,1610,1684,1469,918,0,0
2025,2025-01-02,Westbound,Heavy Vehicles,29,25,35,34,53,106,160,154,183,232,249,244,234,215,243,219,201,143,109,103,86,80,63,48,0,0
2025,2025-01-02,Eastbound,Light Vehicles,319,227,148,224,423,1036,1422,1450,1544,1611,1760,1883,1859,1977,1846,1846,1833,1813,1612,1275,1077,1080,808,,0,0
2025,2025-01-02,Eastbound,Heavy Vehicles,38,40,40,69,96,148,214,234,232,245,199,206,187,198,158,142,116,143,107,86,62,64,65,,0,0
2025,2025-01-02,Westbound,All Vehicles,588,298,228,203,314,643,1190,1392,1469,1724,2063,2049,2176,2331,2516,2537,2584,2455,2101,1776,1696,1764,1532,966,0,0
2025,2025-01-02,Eastbound,All Vehicles,357,267,188,293,519,1184,1636,1684,1776,1856,1959,2089,2046,2175,2004,1988,1949,1956,1719,1361,1139,1144,873,,0,0
2025,2025-01-03,Westbound,Heavy Vehicles,33,43,33,35,58,116,175,187,199,238,256,224,243,250,258,274,186,160,140,97,81,62,62,52,0,0
2025,2025-01-03,Eastbound,Heavy Vehicles,47,47,52,67,104,181,269,213,246,233,215,224,195,,,,122,114,,86,61,57,59,34,0,0
2025,2025-01-03,Westbound,Light Vehicles,541,306,191,181,249,601,1147,1332,1466,1578,1761,1924,2077,2012,2342,2401,2427,2366,2331,1777,1694,1710,1655,1154,0,0
2025,2025-01-03,Eastbound,Light Vehicles,326,159,160,211,460,1159,1483,1527,1696,1717,1849,1839,1893,,,,1968,1922,,1404,1281,1155,988,620,0,0
2025,2025-01-03,Westbound,All Vehicles,574,349,224,216,307,717,1322,1519,1665,1816,2017,2148,2320,2262,2600,2675,2613,2526,2471,1874,1775,1772,1717,1206,0,0
2025,2025-01-03,Eastbound,All Vehicles,373,206,212,278,564,1340,1752,1740,1942,1950,2064,2063,2088,,,,2090,2036,,1490,1342,1212,1047,654,0,0
2025,2025-01-04,Westbound,Heavy Vehicles,38,27,27,23,25,44,101,117,128,140,142,,,,,,,79,90,91,56,61,62,36,0,0
2025,2025-01-04,Eastbound,Heavy Vehicles,39,32,25,26,42,97,122,163,117,112,115,138,115,124,103,85,92,86,81,60,47,38,42,,0,0
2025,2025-01-04,Eastbound,Light Vehicles,398,273,185,200,344,777,1140,1220,1476,1781,2021,2152,2078,2013,1934,1801,1849,1899,1717,1540,1251,1246,1069,,0,0
2025,2025-01-04,Westbound,Light Vehicles,728,434,293,213,233,437,884,1051,1311,1654,1871,,,,,,,2291,2159,1986,1766,1740,1674,1240,0,0
2025,2025-01-04,Westbound,All Vehicles,766,461,320,236,258,481,985,1168,1439,1794,2013,,,,,,,2370,2249,2077,1822,1801,1736,1276,0,0
2025,2025-01-04,Eastbound,All Vehicles,437,305,210,226,386,874,1262,1383,1593,1893,2136,2290,2193,2137,2037,1886,1941,1985,1798,1600,1298,1284,1111,,0,0
2025,2025-01-05,Westbound,Heavy Vehicles,10,9,8,5,11,9,14,17,25,31,27,,,,,,,34,30,35,30,24,19,16,0,0
2025,2025-01-05,Westbound,Light Vehicles,351,205,158,109,105,126,211,266,335,515,544,,,,,,,717,653,625,532,512,486,361,0,0
2025,2025-01-05,Eastbound,Heavy Vehicles,19,15,12,20,24,37,57,58,100,87,89,96,76,87,67,67,89,65,67,63,35,63,56,41,0,0
2025,2025-01-05,Eastbound,Light Vehicles,455,249,172,177,267,610,846,948,1275,1825,1883,2003,2037,1862,1691,1642,1721,1765,1535,1311,1198,1123,846,492,0,0
2025,2025-01-05,Westbound,All Vehicles,361,214,166,114,116,135,225,283,360,546,571,,,,,,,751,683,660,562,536,505,377,0,0
2025,2025-01-05,Eastbound,All Vehicles,474,264,184,197,291,647,903,1006,1375,1912,1972,2099,2113,1949,1758,1709,1810,1830,1602,1374,1233,1186,902,533,0,0
2025,2025-01-06,Westbound,Heavy Vehicles,27,30,31,40,61,146,238,237,244,324,330,362,312,320,357,283,254,180,143,114,84,64,83,48,0,0
2025,2025-01-06,Westbound,Light Vehicles,419,241,139,160,287,875,1759,1896,1904,1807,1761,1869,1920,1988,2378,2659,2713,2688,2268,1731,1549,1488,1138,701,0,0
2025,2025-01-06,Westbound,All Vehicles,446,271,170,200,348,1021,1997,2133,2148,2131,2091,2231,2232,2308,2735,2942,2967,2868,2411,1845,1633,1552,1221,749,0,0
2025,2025-01-07,Eastbound,Light Vehicles,240,162,140,223,531,1668,2242,2323,2291,1786,1685,1648,1733,1818,1853,2032,2040,2028,1689,1252,1060,980,729,430,0,0
2025,2025-01-07,Westbound,Light Vehicles,438,210,136,149,320,877,1699,1895,1920,1790,1716,1821,1858,2087,2372,2607,2624,2709,2244,1660,1475,1442,1194,744,0,0
2025,2025-01-07,Eastbound,Heavy Vehicles,37,32,46,76,103,258,415,338,358,329,321,276,268,245,227,202,183,126,119,95,63,58,76,49,0,0
2025,2025-01-07,Westbound,Heavy Vehicles,36,36,36,40,69,151,251,240,281,312,360,302,333,307,368,339,249,181,154,117,82,84,50,54,0,0
2025,2025-01-07,Eastbound,All Vehicles,277,194,186,299,634,1926,2657,2661,2649,2115,2006,1924,2001,2063,2080,2234,2223,2154,1808,1347,1123,1038,805,479,0,0
2025,2025-01-07,Westbound,All Vehicles,474,246,172,189,389,1028,1950,2135,2201,2102,2076,2123,2191,2394,2740,2946,2873,2890,2398,1777,1557,1526,1244,798,0,0
2025,2025-01-08,Westbound,Heavy Vehicles,33,21,44,44,77,165,262,229,267,347,331,339,345,326,322,291,236,205,139,96,92,77,62,50,0,0
2025,2025-01-08,Westbound,Light Vehicles,438,195,141,161,312,931,1783,1957,1869,1824,1746,1898,1865,1929,2293,2511,2637,2589,2241,1652,1471,1557,1223,762,0,0
2025,2025-01-08,Westbound,All Vehicles,471,216,185,205,389,1096,2045,2186,2136,2171,2077,2237,2210,2255,2615,2802,2873,2794,2380,1748,1563,1634,1285,812,0,0
2025,2025-01-09,Eastbound,Heavy Vehicles,44,39,60,73,108,272,399,322,296,315,,317,254,266,255,210,157,131,110,94,75,68,55,42,0,0
2025,2025-01-09,Eastbound,Light Vehicles,243,170,150,223,550,1701,2242,2370,2294,1988,,1803,1820,1905,1850,2132,2214,2278,1914,1355,1103,1105,837,466,0,0
2025,2025-01-09,Eastbound,All Vehicles,287,209,210,296,658,1973,2641,2692,2590,2303,,2120,2074,2171,2105,2342,2371,2409,2024,1449,1178,1173,892,508,0,0
2025,2025-01-10,Westbound,Light Vehicles,444,249,165,164,326,898,1791,1863,1840,1761,1775,1743,1982,2154,2430,2700,2774,2721,2514,1984,1740,1728,1618,1250,0,0
2025,2025-01-10,Westbound,Heavy Vehicles,32,27,41,50,66,169,241,243,240,333,332,322,358,373,330,310,270,201,135,102,76,74,68,51,0,0
2025,2025-01-10,Westbound,All Vehicles,476,276,206,214,392,1067,2032,2106,2080,2094,2107,2065,2340,2527,2760,3010,3044,2922,2649,2086,1816,1802,1686,1301,0,0
2025,2025-01-13,Westbound,Light Vehicles,332,179,131,126,279,767,1367,1492,1395,1372,1137,1262,1349,1462,1667,1734,1852,1896,1704,1235,1098,1004,908,640,0,0
2025,2025-01-13,Westbound,Heavy Vehicles,18,34,38,43,72,140,253,218,234,285,291,339,330,324,341,279,259,163,136,103,70,70,71,67,0,0
2025,2025-01-13,Eastbound,Heavy Vehicles,43,46,53,77,101,243,474,344,310,369,329,,,,,,225,158,133,118,90,,64,75,0,0
2025,2025-01-13,Eastbound,Light Vehicles,298,163,172,249,648,1882,2507,2514,2474,1946,1741,,,,,,2187,2328,1904,1392,1162,,745,407,0,0
2025,2025-01-13,Westbound,All Vehicles,350,213,169,169,351,907,1620,1710,1629,1657,1428,1601,1679,1786,2008,2013,2111,2059,1840,1338,1168,1074,979,707,0,0
2025,2025-01-13,Eastbound,All Vehicles,341,209,225,326,749,2125,2981,2858,2784,2315,2070,,,,,,2412,2486,2037,1510,1252,,809,482,0,0
2025,2025-01-14,Westbound,Light Vehicles,405,241,153,162,376,1068,2044,2150,2149,1888,1915,1828,2054,2254,2478,2714,2710,2903,2497,1911,1618,1582,1266,830,0,0
2025,2025-01-14,Westbound,Heavy Vehicles,75,41,44,57,86,166,308,273,295,333,389,377,379,412,424,341,290,207,151,124,86,87,101,69,0,0
2025,2025-01-14,Eastbound,Heavy Vehicles,59,57,78,84,136,295,530,421,366,401,387,365,,282,259,249,189,175,148,117,88,85,83,69,0,0
2025,2025-01-14,Eastbound,Light Vehicles,245,160,150,243,626,1857,2552,2565,2524,2053,1820,1733,,1848,1976,2206,2181,2235,1886,1430,1116,1079,845,437,0,0
2025,2025-01-14,Westbound,All Vehicles,480,282,197,219,462,1234,2352,2423,2444,2221,2304,2205,2433,2666,2902,3055,3000,3110,2648,2035,1704,1669,1367,899,0,0
2025,2025-01-14,Eastbound,All Vehicles,304,217,228,327,762,2152,3082,2986,2890,2454,2207,2098,,2130,2235,2455,2370,2410,2034,1547,1204,1164,928,506,0,0
2025,2025-01-15,Eastbound,Heavy Vehicles,69,68,71,89,130,300,519,364,382,410,,,,,,,198,132,144,130,71,,52,40,0,0
2025,2025-01-15,Eastbound,Light Vehicles,262,168,153,231,656,1878,2555,2427,2557,2110,,,,,,,2311,2227,2102,1449,911,,788,426,0,0
2025,2025-01-15,Westbound,Heavy Vehicles,56,63,50,68,85,166,321,288,280,388,367,371,400,417,438,358,257,220,199,126,44,,,,0,0
2025,2025-01-15,Westbound,Light Vehicles,448,275,162,184,361,1092,2077,2189,2109,2018,2012,1895,2043,2145,2553,2713,2740,2733,2721,2061,506,,,,0,0
2025,2025-01-15,Eastbound,All Vehicles,331,236,224,320,786,2178,3074,2791,2939,2520,,,,,,,2509,2359,2246,1579,982,,840,466,0,0
2025,2025-01-15,Westbound,All Vehicles,504,338,212,252,446,1258,2398,2477,2389,2406,2379,2266,2443,2562,2991,3071,2997,2953,2920,2187,550,,,,0,0
2025,2025-01-17,Westbound,Light Vehicles,,,,,264,756,1378,1390,1426,1369,1341,1419,1455,1556,1696,1842,1752,1798,1754,1401,1202,1315,1217,820,0,0
2025,2025-01-17,Westbound,Heavy Vehicles,,,,,73,149,234,195,247,279,316,326,294,297,295,245,230,163,171,102,84,81,62,40,0,0
2025,2025-01-17,Westbound,All Vehicles,,,,,337,905,1612,1585,1673,1648,1657,1745,1749,1853,1991,2087,1982,1961,1925,1503,1286,1396,1279,860,0,0
2025,2025-01-19,Westbound,Heavy Vehicles,,,,,18,24,45,70,67,91,84,116,106,114,104,102,103,,,,,,,,0,0
2025,2025-01-19,Westbound,Light Vehicles,,,,,236,377,652,883,1148,1641,1891,2332,2427,2464,2475,2575,2421,,,,,,,,0,0
2025,2025-01-19,Eastbound,Light Vehicles,564,311,215,209,283,567,908,1005,1291,1991,2001,2236,2267,2092,2115,1965,2116,2028,1775,1406,1280,1251,860,543,0,0
2025,2025-01-19,Eastbound,Heavy Vehicles,30,17,14,17,19,47,75,81,79,116,110,102,87,107,104,114,95,83,87,82,62,69,56,62,0,0
2025,2025-01-19,Westbound,All Vehicles,,,,,254,401,697,953,1215,1732,1975,2448,2533,2578,2579,2677,2524,,,,,,,,0,0
2025,2025-01-19,Eastbound,All Vehicles,594,328,229,226,302,614,983,1086,1370,2107,2111,2338,2354,2199,2219,2079,2211,2111,1862,1488,1342,1320,916,605,0,0
2025,2025-01-20,Westbound,Heavy Vehicles,,,,,,,,,,,,86,79,66,67,65,60,31,25,16,13,14,13,5,0,0
2025,2025-01-20,Westbound,Light Vehicles,,,,,,,,,,,,564,615,725,833,951,945,867,851,554,529,455,394,201,0,0
2025,2025-01-20,Westbound,All Vehicles,,,,,,,,,,,,650,694,791,900,1016,1005,898,876,570,542,469,407,206,0,0
2025,2025-01-21,Eastbound,Heavy Vehicles,38,49,60,86,121,169,384,362,341,438,384,393,352,332,236,,141,121,123,87,17,57,51,3,0,0
2025,2025-01-21,Eastbound,Light Vehicles,245,159,158,238,660,1622,2184,2256,2511,2178,1788,1696,1839,1851,1907,,1635,1546,1694,1127,177,748,632,29,0,0
2025,2025-01-21,Eastbound,All Vehicles,283,208,218,324,781,1791,2568,2618,2852,2616,2172,2089,2191,2183,2143,,1776,1667,1817,1214,194,805,683,32,0,0
2025,2025-01-24,Eastbound,Heavy Vehicles,65,61,67,81,141,311,521,402,373,433,388,379,331,313,227,228,,,,,,,,,0,0
2025,2025-01-24,Eastbound,Light Vehicles,315,194,160,245,649,1930,2474,2378,2317,2068,1886,1898,1957,1978,2204,2379,,,,,,,,,0,0
2025,2025-01-24,Eastbound,All Vehicles,380,255,227,326,790,2241,2995,2780,2690,2501,2274,2277,2288,2291,2431,2607,,,,,,,,,0,0
2025,2025-01-25,Eastbound,Light Vehicles,,,,,,,,,,,,2564,2491,2326,2198,2136,2064,2177,1855,1655,1403,1365,,848,0,0
2025,2025-01-25,Eastbound,Heavy Vehicles,,,,,,,,,,,,161,145,141,123,107,99,98,99,65,48,61,,38,0,0
2025,2025-01-25,Eastbound,All Vehicles,,,,,,,,,,,,2725,2636,2467,2321,2243,2163,2275,1954,1720,1451,1426,,886,0,0
2025,2025-01-26,Westbound,Light Vehicles,,,,,,,,,,,,2147,2188,1999,2124,2256,2159,2381,2241,2323,2000,1839,1622,1288,0,0
2025,2025-01-26,Eastbound,Light Vehicles,576,305,214,187,257,621,879,1012,1371,1865,1999,2200,2155,2104,1923,1888,1964,1865,1777,1469,1314,,1185,769,0,0
2025,2025-01-26,Eastbound,Heavy Vehicles,19,7,15,20,16,37,63,61,107,71,101,85,84,70,86,90,84,66,58,62,50,,55,34,0,0
2025,2025-01-26,Westbound,Heavy Vehicles,,,,,,,,,,,,78,103,87,105,78,87,80,94,79,69,59,39,39,0,0
2025,2025-01-26,Westbound,All Vehicles,,,,,,,,,,,,2225,2291,2086,2229,2334,2246,2461,2335,2402,2069,1898,1661,1327,0,0
2025,2025-01-26,Eastbound,All Vehicles,595,312,229,207,273,658,942,1073,1478,1936,2100,2285,2239,2174,2009,1978,2048,1931,1835,1531,1364,,1240,803,0,0
2025,2025-01-27,Eastbound,Light Vehicles,475,263,172,174,279,606,821,814,1091,1545,1799,1922,1942,,1656,1652,1638,1653,1632,1353,1209,1084,798,385,0,0
2025,2025-01-27,Westbound,Light Vehicles,803,449,255,160,184,304,597,793,854,1347,1684,1891,1957,1921,2067,2076,2034,2071,2217,1857,1850,1715,1320,759,0,0
2025,2025-01-27,Eastbound,Heavy Vehicles,32,22,17,30,39,53,89,103,112,122,114,116,118,,81,84,68,67,74,74,50,52,66,50,0,0
2025,2025-01-27,Westbound,Heavy Vehicles,34,23,16,22,24,31,62,84,109,114,121,122,96,107,115,88,82,82,68,89,83,75,52,45,0,0
2025,2025-01-27,Eastbound,All Vehicles,507,285,189,204,318,659,910,917,1203,1667,1913,2038,2060,,1737,1736,1706,1720,1706,1427,1259,1136,864,435,0,0
2025,2025-01-27,Westbound,All Vehicles,837,472,271,182,208,335,659,877,963,1461,1805,2013,2053,2028,2182,2164,2116,2153,2285,1946,1933,1790,1372,804,0,0
2025,2025-01-28,Eastbound,Light Vehicles,70,40,39,63,225,770,987,1013,957,763,,,,,,,746,743,621,448,364,337,251,136,0,0
2025,2025-01-28,Westbound,Heavy Vehicles,27,24,27,44,70,146,286,249,248,344,384,386,395,411,390,357,259,195,157,124,86,84,77,64,0,0
2025,2025-01-28,Eastbound,Heavy Vehicles,7,5,3,18,33,69,127,95,86,125,,,,,,,55,23,31,31,16,25,11,10,0,0
2025,2025-01-28,Westbound,Light Vehicles,349,195,142,133,365,1065,1899,2185,2160,1973,1842,1919,2151,2254,2486,2701,2742,2812,2575,1886,1521,1603,1298,845,0,0
2025,2025-01-28,Eastbound,All Vehicles,77,45,42,81,258,839,1114,1108,1043,888,,,,,,,801,766,652,479,380,362,262,146,0,0
2025,2025-01-28,Westbound,All Vehicles,376,219,169,177,435,1211,2185,2434,2408,2317,2226,2305,2546,2665,2876,3058,3001,3007,2732,2010,1607,1687,1375,909,0,0
2025,2025-01-29,Westbound,Heavy Vehicles,28,25,23,24,30,50,95,101,110,123,131,154,141,145,153,117,102,78,51,54,45,48,33,32,0,0
2025,2025-01-29,Westbound,Light Vehicles,184,125,81,78,113,355,613,612,669,607,569,571,607,649,757,753,846,793,801,603,589,583,506,331,0,0
2025,2025-01-29,Westbound,All Vehicles,212,150,104,102,143,405,708,713,779,730,700,725,748,794,910,870,948,871,852,657,634,631,539,363,0,0
2025,2025-01-30,Eastbound,Heavy Vehicles,42,43,59,51,78,166,237,174,152,201,182,162,161,145,110,113,,63,62,61,43,37,33,,0,0
2025,2025-01-30,Westbound,Light Vehicles,411,262,164,152,356,1132,2052,2148,1849,2093,1821,,,,,,,2660,2506,2040,1886,1786,1508,916,0,0
2025,2025-01-30,Westbound,Heavy Vehicles,62,34,41,45,77,175,319,260,225,359,347,,,,,,,210,176,140,113,78,65,77,0,0
2025,2025-01-30,Eastbound,Light Vehicles,141,92,92,125,271,666,769,763,784,660,643,689,661,695,725,796,,762,701,575,477,437,355,,0,0
2025,2025-01-30,Eastbound,All Vehicles,183,135,151,176,349,832,1006,937,936,861,825,851,822,840,835,909,,825,763,636,520,474,388,,0,0
2025,2025-01-30,Westbound,All Vehicles,473,296,205,197,433,1307,2371,2408,2074,2452,2168,,,,,,,2870,2682,2180,1999,1864,1573,993,0,0
2025,2025-02-02,Westbound,Light Vehicles,1110,619,368,267,,,,,,,,2310,2536,2469,2532,2668,2497,2711,2419,1921,1958,1860,1484,910,0,0
2025,2025-02-02,Eastbound,Light Vehicles,630,334,238,177,279,575,961,1015,1449,2114,2136,2326,2359,2289,2195,2082,2127,2039,1824,1557,1369,1452,990,458,0,0
2025,2025-02-02,Westbound,Heavy Vehicles,44,30,17,29,,,,,,,,112,110,108,109,104,101,99,102,84,84,94,57,40,0,0
2025,2025-02-02,Eastbound,Heavy Vehicles,36,20,21,22,18,52,77,80,93,96,104,115,113,106,111,75,98,83,87,74,68,94,60,45,0,0
2025,2025-02-02,Westbound,All Vehicles,1154,649,385,296,,,,,,,,2422,2646,2577,2641,2772,2598,2810,2521,2005,2042,1954,1541,950,0,0
2025,2025-02-02,Eastbound,All Vehicles,666,354,259,199,297,627,1038,1095,1542,2210,2240,2441,2472,2395,2306,2157,2225,2122,1911,1631,1437,1546,1050,503,0,0
2025,2025-02-03,Westbound,Heavy Vehicles,42,30,32,44,94,174,324,271,264,345,403,422,402,395,408,371,276,213,169,143,98,84,68,42,0,0
2025,2025-02-03,Eastbound,Light Vehicles,259,164,150,240,670,2043,2636,2302,1870,1886,1737,,1692,1860,2100,2360,2182,2358,2109,1441,1188,1170,,383,0,0
2025,2025-02-03,Eastbound,Heavy Vehicles,52,47,55,77,127,336,487,310,252,399,384,,338,312,272,267,210,164,175,131,84,70,,35,0,0
2025,2025-02-03,Westbound,Light Vehicles,415,203,154,141,352,1157,2024,2338,2166,1912,1846,1794,1955,2185,2491,2702,2695,2665,2765,1925,1670,1575,1390,733,0,0
2025,2025-02-03,Westbound,All Vehicles,457,233,186,185,446,1331,2348,2609,2430,2257,2249,2216,2357,2580,2899,3073,2971,2878,2934,2068,1768,1659,1458,775,0,0
2025,2025-02-03,Eastbound,All Vehicles,311,211,205,317,797,2379,3123,2612,2122,2285,2121,,2030,2172,2372,2627,2392,2522,2284,1572,1272,1240,,418,0,0
2025,2025-02-04,Westbound,Heavy Vehicles,55,44,51,47,,,,,,,,418,393,411,407,362,273,192,210,141,118,78,75,69,0,0
2025,2025-02-04,Westbound,Light Vehicles,398,213,153,154,,,,,,,,1883,1971,2247,2504,2628,2599,2488,2763,2153,1880,1802,1382,825,0,0
2025,2025-02-04,Westbound,All Vehicles,453,257,204,201,,,,,,,,2301,2364,2658,2911,2990,2872,2680,2973,2294,1998,1880,1457,894,0,0
2025,2025-02-05,Westbound,Heavy Vehicles,61,39,52,45,89,185,320,282,245,343,360,372,393,438,418,337,257,229,180,124,76,77,71,55,0,0
2025,2025-02-05,Westbound,Light Vehicles,417,208,186,163,354,1180,2146,2224,2217,2027,1792,1789,1992,2235,2561,2585,2608,2512,2688,2176,1842,1684,1485,810,0,0
2025,2025-02-05,Westbound,All Vehicles,478,247,238,208,443,1365,2466,2506,2462,2370,2152,2161,2385,2673,2979,2922,2865,2741,2868,2300,1918,1761,1556,865,0,0
2025,2025-02-06,Eastbound,Heavy Vehicles,10,14,14,33,64,160,278,183,,209,195,162,205,186,135,130,120,110,87,76,,53,33,21,0,0
2025,2025-02-06,Westbound,Light Vehicles,393,249,168,189,356,1102,2049,2211,2193,2022,1879,1894,1925,2161,2360,2546,2600,2562,2538,2174,1896,1891,1531,862,0,0
2025,2025-02-06,Westbound,Heavy Vehicles,43,28,33,62,95,185,330,276,262,342,372,433,401,446,348,326,294,213,184,139,90,107,71,51,0,0
2025,2025-02-06,Eastbound,Light Vehicles,118,73,72,115,365,1312,1716,1692,,1421,1153,1148,1135,1277,1383,1536,1487,1393,1353,1000,,730,475,250,0,0
2025,2025-02-06,Eastbound,All Vehicles,128,87,86,148,429,1472,1994,1875,,1630,1348,1310,1340,1463,1518,1666,1607,1503,1440,1076,,783,508,271,0,0
2025,2025-02-06,Westbound,All Vehicles,436,277,201,251,451,1287,2379,2487,2455,2364,2251,2327,2326,2607,2708,2872,2894,2775,2722,2313,1986,1998,1602,913,0,0
2025,2025-02-07,Westbound,Light Vehicles,424,279,187,203,406,1168,1947,2088,2120,1928,1825,1945,2080,2183,2581,2560,2604,2611,2694,2229,1971,2023,1961,1437,0,0
2025,2025-02-07,Westbound,Heavy Vehicles,63,33,64,47,91,171,275,229,258,327,352,408,412,373,417,322,234,238,155,134,88,93,72,62,0,0
2025,2025-02-07,Westbound,All Vehicles,487,312,251,250,497,1339,2222,2317,2378,2255,2177,2353,2492,2556,2998,2882,2838,2849,2849,2363,2059,2116,2033,1499,0,0
2025,2025-02-08,Westbound,Light Vehicles,867,467,331,241,281,559,1254,1490,1773,2134,2295,2496,2611,2525,2660,2666,2692,2630,2535,2066,1774,1834,1669,1377,0,0
2025,2025-02-08,Westbound,Heavy Vehicles,35,26,31,37,35,82,141,171,189,180,190,163,215,171,166,148,130,123,107,91,54,74,73,44,0,0
2025,2025-02-08,Westbound,All Vehicles,902,493,362,278,316,641,1395,1661,1962,2314,2485,2659,2826,2696,2826,2814,2822,2753,2642,2157,1828,1908,1742,1421,0,0
2025,2025-02-09,Westbound,Heavy Vehicles,32,20,15,15,19,30,56,60,76,93,87,109,103,113,117,106,106,97,127,86,87,64,64,57,0,0
2025,2025-02-09,Westbound,Light Vehicles,922,483,383,282,224,321,662,921,1271,1686,2026,2180,2442,2482,2508,2516,2469,2536,2311,1973,1784,1667,1431,836,0,0
2025,2025-02-09,Eastbound,Heavy Vehicles,24,16,17,21,23,51,68,75,87,102,106,125,103,104,94,97,,95,84,82,68,66,63,51,0,0
2025,2025-02-09,Eastbound,Light Vehicles,607,331,219,181,246,597,965,1156,1464,2089,2174,2231,2257,2168,2034,1987,,2058,1896,1470,1358,1219,854,448,0,0
2025,2025-02-09,Westbound,All Vehicles,954,503,398,297,243,351,718,981,1347,1779,2113,2289,2545,2595,2625,2622,2575,2633,2438,2059,1871,1731,1495,893,0,0
2025,2025-02-09,Eastbound,All Vehicles,631,347,236,202,269,648,1033,1231,1551,2191,2280,2356,2360,2272,2128,2084,,2153,1980,1552,1426,1285,917,499,0,0
2025,2025-02-10,Westbound,Heavy Vehicles,33,30,32,48,76,182,316,218,235,372,396,372,284,429,399,298,244,205,152,121,102,96,63,57,0,0
2025,2025-02-10,Eastbound,Light Vehicles,292,165,143,257,689,2048,2645,2659,2347,1889,1587,,1364,1450,1806,1963,2148,,1789,1318,1129,1038,630,385,0,0
2025,2025-02-10,Eastbound,Heavy Vehicles,40,40,41,79,128,320,523,355,306,412,358,,263,222,217,214,204,,126,135,91,67,63,33,0,0
2025,2025-02-10,Westbound,Light Vehicles,435,213,160,175,329,1188,2031,1800,2213,1965,1829,1511,1644,2139,2456,2497,2556,2483,2407,1882,1549,1446,1180,782,0,0
2025,2025-02-10,Westbound,All Vehicles,468,243,192,223,405,1370,2347,2018,2448,2337,2225,1883,1928,2568,2855,2795,2800,2688,2559,2003,1651,1542,1243,839,0,0
2025,2025-02-10,Eastbound,All Vehicles,332,205,184,336,817,2368,3168,3014,2653,2301,1945,,1627,1672,2023,2177,2352,,1915,1453,1220,1105,693,418,0,0
2025,2025-02-11,Eastbound,Light Vehicles,36,19,12,32,128,516,745,805,439,624,524,478,521,578,668,740,675,729,573,416,343,298,187,88,0,0
2025,2025-02-11,Eastbound,Heavy Vehicles,5,5,8,7,27,74,123,112,49,98,93,119,84,96,80,81,64,62,50,34,24,21,11,6,0,0
2025,2025-02-11,Eastbound,All Vehicles,41,24,20,39,155,590,868,917,488,722,617,597,605,674,748,821,739,791,623,450,367,319,198,94,0,0
2025,2025-02-12,Westbound,Light Vehicles,429,218,174,177,342,1178,2108,2350,2189,2074,1799,1939,2056,2195,2539,2592,2545,2531,2604,2208,1940,1826,1538,1024,0,0
2025,2025-02-12,Westbound,Heavy Vehicles,41,41,37,55,92,177,327,305,254,326,369,444,371,423,373,352,271,241,178,130,111,89,82,70,0,0
2025,2025-02-12,Westbound,All Vehicles,470,259,211,232,434,1355,2435,2655,2443,2400,2168,2383,2427,2618,2912,2944,2816,2772,2782,2338,2051,1915,1620,1094,0,0
2025,2025-02-13,Westbound,Light Vehicles,385,210,147,143,295,860,1484,1578,1504,1412,1332,1277,1273,1491,1751,1705,1621,1825,1806,1433,1425,1391,1089,669,0,0
2025,2025-02-13,Westbound,Heavy Vehicles,50,36,42,43,83,170,263,234,234,276,275,363,296,344,348,269,231,219,179,104,89,67,57,56,0,0
2025,2025-02-13,Westbound,All Vehicles,435,246,189,186,378,1030,1747,1812,1738,1688,1607,1640,1569,1835,2099,1974,1852,2044,1985,1537,1514,1458,1146,725,0,0
2025,2025-02-14,Westbound,Light Vehicles,500,300,185,193,379,1187,2184,2306,2157,2045,1971,1967,2175,2343,2480,2543,2607,2683,2693,2301,2129,2080,2205,1534,0,0
2025,2025-02-14,Westbound,Heavy Vehicles,54,36,55,62,80,192,317,307,250,343,347,367,433,376,377,314,262,226,200,116,106,86,85,63,0,0
2025,2025-02-14,Westbound,All Vehicles,554,336,240,255,459,1379,2501,2613,2407,2388,2318,2334,2608,2719,2857,2857,2869,2909,2893,2417,2235,2166,2290,1597,0,0
2025,2025-02-16,Westbound,Light Vehicles,1148,630,377,275,244,396,753,950,1361,1840,2050,2267,2582,2560,2678,2861,2695,2650,2404,2515,1992,1831,1415,985,0,0
2025,2025-02-16,Westbound,Heavy Vehicles,36,25,25,23,19,26,70,81,75,91,88,111,93,117,115,90,108,90,88,114,84,69,65,50,0,0
2025,2025-02-16,Eastbound,Light Vehicles,653,391,216,198,250,572,1030,1141,1513,2202,2261,2373,2419,2345,2148,2252,,2263,1937,,1450,1334,915,472,0,0
2025,2025-02-16,Eastbound,Heavy Vehicles,32,18,20,20,29,46,58,83,93,94,105,118,95,103,86,97,,99,92,,61,74,64,56,0,0
2025,2025-02-16,Westbound,All Vehicles,1184,655,402,298,263,422,823,1031,1436,1931,2138,2378,2675,2677,2793,2951,2803,2740,2492,2629,2076,1900,1480,1035,0,0
2025,2025-02-16,Eastbound,All Vehicles,685,409,236,218,279,618,1088,1224,1606,2296,2366,2491,2514,2448,2234,2349,,2362,2029,,1511,1408,979,528,0,0
2025,2025-02-18,Eastbound,Heavy Vehicles,39,36,53,50,92,155,242,144,137,183,182,165,181,135,,108,84,60,70,68,48,42,53,42,0,0
2025,2025-02-18,Eastbound,Light Vehicles,135,113,62,151,323,689,841,759,723,712,700,616,629,668,,828,703,652,699,557,480,465,341,214,0,0
2025,2025-02-18,Eastbound,All Vehicles,174,149,115,201,415,844,1083,903,860,895,882,781,810,803,,936,787,712,769,625,528,507,394,256,0,0
2025,2025-02-19,Westbound,Heavy Vehicles,56,59,46,50,80,196,337,263,239,358,404,440,415,383,387,314,289,251,182,109,113,99,89,65,0,0
2025,2025-02-19,Eastbound,Heavy Vehicles,57,47,64,86,154,374,519,344,,442,,,,,,,214,165,125,144,,74,68,48,0,0
2025,2025-02-19,Eastbound,Light Vehicles,234,166,167,278,703,2139,2600,2503,,2091,,,,,,,2366,2217,2189,1604,,1242,866,473,0,0
2025,2025-02-19,Westbound,Light Vehicles,398,233,170,181,365,1244,2187,2340,2060,2069,1827,1897,2022,2234,2514,2634,2630,2505,2721,2231,1935,1944,1521,910,0,0
2025,2025-02-19,Westbound,All Vehicles,454,292,216,231,445,1440,2524,2603,2299,2427,2231,2337,2437,2617,2901,2948,2919,2756,2903,2340,2048,2043,1610,975,0,0
2025,2025-02-19,Eastbound,All Vehicles,291,213,231,364,857,2513,3119,2847,,2533,,,,,,,2580,2382,2314,1748,,1316,934,521,0,0
2025,2025-02-20,Westbound,Heavy Vehicles,49,40,56,67,,,,,,,,400,393,424,397,323,277,234,182,127,103,110,91,70,0,0
2025,2025-02-20,Eastbound,Heavy Vehicles,47,53,62,94,135,343,552,344,,393,380,345,347,324,285,249,,,,,,,,,0,0
2025,2025-02-20,Westbound,Light Vehicles,579,301,178,195,,,,,,,,1965,2000,2330,2522,2576,2591,2393,2636,2216,2020,2027,1521,1097,0,0
2025,2025-02-20,Eastbound,Light Vehicles,270,192,157,245,720,2061,2570,2605,,2174,1807,1746,1880,1918,2199,2335,,,,,,,,,0,0
2025,2025-02-20,Westbound,All Vehicles,628,341,234,262,,,,,,,,2365,2393,2754,2919,2899,2868,2627,2818,2343,2123,2137,1612,1167,0,0
2025,2025-02-20,Eastbound,All Vehicles,317,245,219,339,855,2404,3122,2949,,2567,2187,2091,2227,2242,2484,2584,,,,,,,,,0,0
2025,2025-02-21,Westbound,Light Vehicles,625,287,196,195,380,1143,2092,2239,2167,2098,1961,2015,2232,2359,2547,2559,2460,2495,2739,2356,2007,1890,1861,1308,0,0
2025,2025-02-21,Westbound,Heavy Vehicles,59,59,51,66,85,184,353,308,268,355,367,398,410,401,373,302,263,224,173,126,104,83,97,59,0,0
2025,2025-02-21,Eastbound,Light Vehicles,,,,,301,664,817,822,710,736,705,697,659,685,824,761,664,603,726,648,598,573,481,344,0,0
2025,2025-02-21,Eastbound,Heavy Vehicles,,,,,106,185,246,180,159,193,195,149,140,160,127,92,61,58,58,59,45,24,23,9,0,0
2025,2025-02-21,Westbound,All Vehicles,684,346,247,261,465,1327,2445,2547,2435,2453,2328,2413,2642,2760,2920,2861,2723,2719,2912,2482,2111,1973,1958,1367,0,0
2025,2025-02-21,Eastbound,All Vehicles,,,,,407,849,1063,1002,869,929,900,846,799,845,951,853,725,661,784,707,643,597,504,353,0,0
2025,2025-02-22,Eastbound,Light Vehicles,488,286,214,201,401,1020,1600,1754,2152,2255,2398,2470,2504,,2453,2301,2307,,,,,,,,0,0
2025,2025-02-22,Eastbound,Heavy Vehicles,41,37,32,30,56,133,207,210,193,169,188,173,142,,113,124,127,,,,,,,,0,0
2025,2025-02-22,Eastbound,All Vehicles,529,323,246,231,457,1153,1807,1964,2345,2424,2586,2643,2646,,2566,2425,2434,,,,,,,,0,0
2025,2025-02-23,Westbound,Heavy Vehicles,36,24,22,24,19,30,59,77,72,94,83,92,112,118,90,117,95,92,102,108,92,73,64,43,0,0
2025,2025-02-23,Eastbound,Light Vehicles,,,,,244,611,980,1108,1538,2192,2190,2443,2416,2261,2065,2080,2131,2151,1901,1507,1398,1234,856,429,0,0
2025,2025-02-23,Eastbound,Heavy Vehicles,,,,,20,45,80,87,84,120,106,113,110,111,106,77,96,121,108,86,66,70,62,60,0,0
2025,2025-02-23,Westbound,Light Vehicles,1143,524,378,293,262,344,703,1028,1323,1875,2043,2474,2604,2514,2526,2676,2566,2631,2468,2131,1957,1623,1347,741,0,0
2025,2025-02-23,Westbound,All Vehicles,1179,548,400,317,281,374,762,1105,1395,1969,2126,2566,2716,2632,2616,2793,2661,2723,2570,2239,2049,1696,1411,784,0,0
2025,2025-02-23,Eastbound,All Vehicles,,,,,264,656,1060,1195,1622,2312,2296,2556,2526,2372,2171,2157,2227,2272,2009,1593,1464,1304,918,489,0,0
2025,2025-02-24,Westbound,Light Vehicles,388,208,143,148,330,1100,2036,2132,2037,1970,1800,1849,1958,2163,2513,2656,2672,2551,2587,1997,1734,1523,1388,830,0,0
2025,2025-02-24,Westbound,Heavy Vehicles,33,43,28,48,97,174,337,256,239,342,350,388,409,406,428,317,283,190,168,122,111,85,68,62,0,0
2025,2025-02-24,Westbound,All Vehicles,421,251,171,196,427,1274,2373,2388,2276,2312,2150,2237,2367,2569,2941,2973,2955,2741,2755,2119,1845,1608,1456,892,0,0
2025,2025-02-25,Westbound,Light Vehicles,299,169,125,128,288,863,1429,1453,1323,1368,1281,1210,1328,1565,1618,1740,1830,1733,1816,1442,1283,1103,1002,638,0,0
2025,2025-02-25,Westbound,Heavy Vehicles,51,43,30,59,80,173,270,198,172,247,311,342,337,303,319,277,210,167,141,125,91,78,72,52,0,0
2025,2025-02-25,Westbound,All Vehicles,350,212,155,187,368,1036,1699,1651,1495,1615,1592,1552,1665,1868,1937,2017,2040,1900,1957,1567,1374,1181,1074,690,0,0
2025,2025-02-26,Westbound,Heavy Vehicles,51,48,40,45,96,217,348,296,235,321,379,432,388,453,357,335,299,210,162,113,118,104,91,55,0,0
2025,2025-02-26,Eastbound,Heavy Vehicles,56,48,57,87,148,361,534,359,333,453,402,388,336,285,299,242,,,,,,,,,0,0
2025,2025-02-26,Eastbound,Light Vehicles,237,150,148,231,696,2100,2572,2652,2482,2198,1897,1792,1830,1920,2153,2402,,,,,,,,,0,0
2025,2025-02-26,Westbound,Light Vehicles,411,257,184,172,363,1171,2168,2270,2126,1961,1915,1930,1984,2275,2496,2572,2660,2568,2695,2249,2038,2036,1526,858,0,0
2025,2025-02-26,Westbound,All Vehicles,462,305,224,217,459,1388,2516,2566,2361,2282,2294,2362,2372,2728,2853,2907,2959,2778,2857,2362,2156,2140,1617,913,0,0
2025,2025-02-26,Eastbound,All Vehicles,293,198,205,318,844,2461,3106,3011,2815,2651,2299,2180,2166,2205,2452,2644,,,,,,,,,0,0
2025,2025-02-27,Westbound,Light Vehicles,347,218,147,150,301,854,1438,1578,1534,1394,1245,1291,1360,1466,1632,1776,1710,,,,,,,,0,0
2025,2025-02-27,Westbound,Heavy Vehicles,44,41,41,53,88,173,279,216,194,260,289,339,337,370,320,272,242,,,,,,,,0,0
2025,2025-02-27,Westbound,All Vehicles,391,259,188,203,389,1027,1717,1794,1728,1654,1534,1630,1697,1836,1952,2048,1952,,,,,,,,0,0
2025,2025-02-28,Eastbound,Light Vehicles,95,63,49,83,260,814,1014,975,891,783,,,,,,,765,803,756,630,550,,388,253,0,0
2025,2025-02-28,Eastbound,Heavy Vehicles,13,14,5,14,29,71,135,89,82,99,,,,,,,53,44,34,40,22,,21,12,0,0
2025,2025-02-28,Westbound,Heavy Vehicles,,,,,95,195,367,297,186,352,385,416,402,378,392,313,269,257,186,143,91,96,77,76,0,0
2025,2025-02-28,Westbound,Light Vehicles,,,,,396,1147,2090,2192,1502,2043,2008,1994,2256,2330,2486,2452,2620,2692,2670,2353,2039,2015,2035,1454,0,0
2025,2025-02-28,Eastbound,All Vehicles,108,77,54,97,289,885,1149,1064,973,882,,,,,,,818,847,790,670,572,,409,265,0,0
2025,2025-02-28,Westbound,All Vehicles,,,,,491,1342,2457,2489,1688,2395,2393,2410,2658,2708,2878,2765,2889,2949,2856,2496,2130,2111,2112,1530,0,0
2025,2025-03-01,Westbound,Light Vehicles,943,535,352,252,268,679,1281,1501,1857,2251,2415,2507,2670,2578,2815,2805,2734,2689,2543,2070,1966,1972,1950,1513,0,0
2025,2025-03-01,Westbound,Heavy Vehicles,50,30,36,26,34,84,155,172,177,178,174,180,188,164,165,167,129,109,108,85,72,55,48,55,0,0
2025,2025-03-01,Westbound,All Vehicles,993,565,388,278,302,763,1436,1673,2034,2429,2589,2687,2858,2742,2980,2972,2863,2798,2651,2155,2038,2027,1998,1568,0,0
2025,2025-03-02,Eastbound,Light Vehicles,,,,,240,560,966,1120,1551,2190,2069,2307,2337,2173,2123,2137,2180,2198,1856,1493,1328,1150,802,431,0,0
2025,2025-03-02,Westbound,Heavy Vehicles,35,29,13,22,16,23,46,79,68,84,93,,,,,,,116,92,108,77,69,52,45,0,0
2025,2025-03-02,Westbound,Light Vehicles,953,512,386,298,238,333,642,979,1399,1823,1999,,,,,,,2494,2275,2166,1743,1550,1379,894,0,0
2025,2025-03-02,Eastbound,Heavy Vehicles,,,,,29,47,72,107,87,87,111,98,105,99,93,91,117,92,85,65,84,74,58,50,0,0
2025,2025-03-02,Eastbound,All Vehicles,,,,,269,607,1038,1227,1638,2277,2180,2405,2442,2272,2216,2228,2297,2290,1941,1558,1412,1224,860,481,0,0
2025,2025-03-02,Westbound,All Vehicles,988,541,399,320,254,356,688,1058,1467,1907,2092,,,,,,,2610,2367,2274,1820,1619,1431,939,0,0
2025,2025-03-03,Eastbound,Heavy Vehicles,41,42,37,74,142,326,527,343,283,413,374,352,336,294,246,,221,151,170,116,98,66,69,,0,0
2025,2025-03-03,Westbound,Heavy Vehicles,16,17,18,28,53,120,237,163,148,213,228,237,262,262,245,222,163,,,,,,,,0,0
2025,2025-03-03,Eastbound,Light Vehicles,254,151,140,234,728,2100,2693,2700,2556,2019,1781,1781,1762,1846,2119,,2380,2246,2043,1321,1152,1046,711,,0,0
2025,2025-03-03,Westbound,Light Vehicles,216,116,82,89,219,864,1483,1584,1552,1447,1302,1340,1415,1611,1762,1786,1938,,,,,,,,0,0
2025,2025-03-03,Eastbound,All Vehicles,295,193,177,308,870,2426,3220,3043,2839,2432,2155,2133,2098,2140,2365,,2601,2397,2213,1437,1250,1112,780,,0,0
2025,2025-03-03,Westbound,All Vehicles,232,133,100,117,272,984,1720,1747,1700,1660,1530,1577,1677,1873,2007,2008,2101,,,,,,,,0,0
2025,2025-03-04,Eastbound,Heavy Vehicles,50,46,64,70,162,342,474,316,287,363,429,381,339,285,253,232,203,153,184,138,93,78,61,43,0,0
2025,2025-03-04,Westbound,Heavy Vehicles,,,,,96,201,338,249,230,292,372,403,423,448,402,356,292,210,180,136,105,68,75,55,0,0
2025,2025-03-04,Eastbound,Light Vehicles,255,178,159,248,686,2086,2572,2240,2338,2110,1915,1786,1730,1908,2081,2271,2384,1892,1928,1475,1188,1061,710,395,0,0
2025,2025-03-04,Westbound,Light Vehicles,,,,,360,1147,2001,1842,2034,1965,1760,1815,2020,2169,2587,2549,2751,2345,2556,1991,1825,1609,1280,896,0,0
2025,2025-03-04,Eastbound,All Vehicles,305,224,223,318,848,2428,3046,2556,2625,2473,2344,2167,2069,2193,2334,2503,2587,2045,2112,1613,1281,1139,771,438,0,0
2025,2025-03-04,Westbound,All Vehicles,,,,,456,1348,2339,2091,2264,2257,2132,2218,2443,2617,2989,2905,3043,2555,2736,2127,1930,1677,1355,951,0,0
2025,2025-03-05,Westbound,Heavy Vehicles,36,31,51,47,81,198,331,262,255,353,384,437,391,428,392,343,291,227,194,142,113,95,74,64,0,0
2025,2025-03-05,Westbound,Light Vehicles,417,233,168,179,373,1197,1997,2213,2200,2036,1843,1939,1981,2277,2498,2534,2569,2570,2607,2100,1914,1863,1486,903,0,0
2025,2025-03-05,Westbound,All Vehicles,453,264,219,226,454,1395,2328,2475,2455,2389,2227,2376,2372,2705,2890,2877,2860,2797,2801,2242,2027,1958,1560,967,0,0
2025,2025-03-06,Eastbound,Heavy Vehicles,,,,74,81,162,230,180,145,191,180,168,160,145,128,106,67,71,62,56,45,36,42,28,0,0
2025,2025-03-06,Westbound,Heavy Vehicles,31,29,24,32,52,87,187,164,129,184,227,221,261,245,195,194,172,120,89,62,59,52,43,30,0,0
2025,2025-03-06,Eastbound,Light Vehicles,,,,133,283,694,819,814,715,732,688,655,627,657,769,796,707,655,725,564,532,447,354,220,0,0
2025,2025-03-06,Westbound,Light Vehicles,298,179,104,118,216,671,1250,1385,1299,1238,1109,1127,1252,1437,1613,1676,1657,1649,1559,1325,1251,1220,936,579,0,0
2025,2025-03-06,Eastbound,All Vehicles,,,,207,364,856,1049,994,860,923,868,823,787,802,897,902,774,726,787,620,577,483,396,248,0,0
2025,2025-03-06,Westbound,All Vehicles,329,208,128,150,268,758,1437,1549,1428,1422,1336,1348,1513,1682,1808,1870,1829,1769,1648,1387,1310,1272,979,609,0,0
2025,2025-03-08,Eastbound,Light Vehicles,,,,,193,391,604,605,788,833,879,891,,884,878,892,882,961,894,680,544,625,,427,0,0
2025,2025-03-08,Westbound,Light Vehicles,892,535,336,231,,,,,,,,2553,2644,2623,2830,2854,2744,2745,2609,1893,1733,2010,2121,1746,0,0
2025,2025-03-08,Westbound,Heavy Vehicles,41,35,33,24,,,,,,,,184,180,167,170,161,126,109,122,71,64,62,77,65,0,0
2025,2025-03-08,Eastbound,Heavy Vehicles,,,,,41,64,115,99,97,79,82,67,,66,46,49,59,54,53,39,25,30,,16,0,0
2025,2025-03-08,Eastbound,All Vehicles,,,,,234,455,719,704,885,912,961,958,,950,924,941,941,1015,947,719,569,655,,443,0,0
2025,2025-03-08,Westbound,All Vehicles,933,570,369,255,,,,,,,,2737,2824,2790,3000,3015,2870,2854,2731,1964,1797,2072,2198,1811,0,0
2025,2025-03-09,Eastbound,Light Vehicles,603,358,228,210,218,553,897,1037,1380,2173,2229,2398,2375,2389,,2093,2070,2075,1782,1483,1262,1174,935,478,0,0
2025,2025-03-09,Eastbound,Heavy Vehicles,24,23,15,19,23,56,58,77,90,99,105,101,100,94,,97,97,103,107,80,67,74,71,47,0,0
2025,2025-03-09,Eastbound,All Vehicles,627,381,243,229,241,609,955,1114,1470,2272,2334,2499,2475,2483,,2190,2167,2178,1889,1563,1329,1248,1006,525,0,0
2025,2025-03-10,Westbound,Heavy Vehicles,32,35,33,47,99,190,346,272,240,310,347,423,392,397,417,323,293,,,,,,,,0,0
2025,2025-03-10,Westbound,Light Vehicles,421,208,153,139,339,1160,2075,2306,2204,1993,1763,1847,1993,2124,2505,2705,2726,,,,,,,,0,0
2025,2025-03-10,Eastbound,Heavy Vehicles,55,40,48,82,145,330,487,379,293,400,349,326,327,315,299,243,222,193,135,138,88,59,64,50,0,0
2025,2025-03-10,Eastbound,Light Vehicles,295,174,125,247,700,2079,2573,2568,2438,2063,1851,1720,1774,1930,2156,2289,2384,2090,1953,1398,1231,973,642,350,0,0
2025,2025-03-10,Westbound,All Vehicles,453,243,186,186,438,1350,2421,2578,2444,2303,2110,2270,2385,2521,2922,3028,3019,,,,,,,,0,0
2025,2025-03-10,Eastbound,All Vehicles,350,214,173,329,845,2409,3060,2947,2731,2463,2200,2046,2101,2245,2455,2532,2606,2283,2088,1536,1319,1032,706,400,0,0
2025,2025-03-11,Eastbound,Light Vehicles,237,143,145,267,691,2102,2476,2283,2159,2131,1974,1746,1702,1972,2178,2334,2217,2059,2001,1359,1146,1023,713,386,0,0
2025,2025-03-11,Westbound,Light Vehicles,,,,,363,1158,1968,2092,2027,1979,1766,1783,2029,2250,2576,2531,2610,2621,2550,2106,1710,1614,1335,724,0,0
2025,2025-03-11,Westbound,Heavy Vehicles,,,,,95,218,300,234,229,299,343,388,430,434,404,307,270,224,172,127,95,89,77,67,0,0
2025,2025-03-11,Eastbound,Heavy Vehicles,52,54,69,79,160,331,438,328,258,409,336,375,328,303,281,239,197,148,151,123,80,87,59,55,0,0
2025,2025-03-11,Eastbound,All Vehicles,289,197,214,346,851,2433,2914,2611,2417,2540,2310,2121,2030,2275,2459,2573,2414,2207,2152,1482,1226,1110,772,441,0,0
2025,2025-03-11,Westbound,All Vehicles,,,,,458,1376,2268,2326,2256,2278,2109,2171,2459,2684,2980,2838,2880,2845,2722,2233,1805,1703,1412,791,0,0
2025,2025-03-12,Westbound,Light Vehicles,372,216,169,158,373,1148,2063,2090,2148,1991,1831,1861,1963,2236,2515,2567,2577,2635,2681,2107,1867,1877,1517,791,0,0
2025,2025-03-12,Westbound,Heavy Vehicles,50,39,38,55,89,179,334,252,252,326,373,425,379,427,404,342,284,214,178,118,113,97,75,57,0,0
2025,2025-03-12,Westbound,All Vehicles,422,255,207,213,462,1327,2397,2342,2400,2317,2204,2286,2342,2663,2919,2909,2861,2849,2859,2225,1980,1974,1592,848,0,0
2025,2025-03-13,Westbound,Heavy Vehicles,48,34,36,55,,,,,,,,400,415,451,356,326,302,252,194,135,110,109,79,61,0,0
2025,2025-03-13,Westbound,Light Vehicles,421,258,142,154,,,,,,,,1899,2084,2198,2499,2574,2649,2562,2616,2097,1896,1988,1544,871,0,0
2025,2025-03-13,Westbound,All Vehicles,469,292,178,209,,,,,,,,2299,2499,2649,2855,2900,2951,2814,2810,2232,2006,2097,1623,932,0,0
2025,2025-03-14,Westbound,Heavy Vehicles,58,48,48,46,89,197,341,310,254,341,391,372,418,422,392,350,255,240,194,137,104,84,142,64,0,0
2025,2025-03-14,Westbound,Light Vehicles,468,299,183,185,370,1131,2071,2193,2143,2073,1892,1993,2166,2298,2490,2637,2484,2618,2598,2350,2058,2145,2734,1744,0,0
2025,2025-03-14,Westbound,All Vehicles,526,347,231,231,459,1328,2412,2503,2397,2414,2283,2365,2584,2720,2882,2987,2739,2858,2792,2487,2162,2229,2876,1808,0,0
2025,2025-03-15,Westbound,Heavy Vehicles,45,46,23,33,38,74,182,184,152,195,209,204,191,175,172,163,137,111,121,78,83,78,80,55,0,0
2025,2025-03-15,Westbound,Light Vehicles,921,533,331,255,300,618,1273,1505,1817,2220,2325,2481,2566,2630,2806,2664,2641,2569,2613,2085,1887,2204,2362,1699,0,0
2025,2025-03-15,Westbound,All Vehicles,966,579,354,288,338,692,1455,1689,1969,2415,2534,2685,2757,2805,2978,2827,2778,2680,2734,2163,1970,2282,2442,1754,0,0
2025,2025-03-16,Eastbound,Heavy Vehicles,28,18,10,20,14,52,59,85,119,99,113,102,116,100,111,109,100,106,78,89,74,91,48,48,0,0
2025,2025-03-16,Westbound,Heavy Vehicles,32,19,21,17,23,25,59,94,79,91,106,114,130,102,87,112,96,,,,,,,,0,0
2025,2025-03-16,Eastbound,Light Vehicles,604,329,203,216,248,578,940,1128,1473,2120,2100,2270,2326,2172,2235,2073,1991,2059,1852,1457,1301,1228,859,455,0,0
2025,2025-03-16,Westbound,Light Vehicles,1041,566,410,296,234,344,643,1006,1243,1788,2004,2078,2366,2259,2506,2509,2350,,,,,,,,0,0
2025,2025-03-16,Eastbound,All Vehicles,632,347,213,236,262,630,999,1213,1592,2219,2213,2372,2442,2272,2346,2182,2091,2165,1930,1546,1375,1319,907,503,0,0
2025,2025-03-16,Westbound,All Vehicles,1073,585,431,313,257,369,702,1100,1322,1879,2110,2192,2496,2361,2593,2621,2446,,,,,,,,0,0
2025,2025-03-17,Westbound,Heavy Vehicles,,,,,90,170,320,246,260,352,380,363,416,421,403,333,311,227,218,134,94,76,93,50,0,0
2025,2025-03-17,Westbound,Light Vehicles,,,,,339,1181,2103,2233,2117,1906,1771,1760,1970,2153,2535,2543,2699,2538,2656,2137,1677,1457,1263,666,0,0
2025,2025-03-17,Eastbound,Heavy Vehicles,55,46,43,77,150,356,493,342,344,434,378,330,315,306,262,245,176,,,,,,,,0,0
2025,2025-03-17,Eastbound,Light Vehicles,244,165,168,233,714,2050,2634,2631,2506,2096,1738,1675,1674,1915,2014,2232,2025,,,,,,,,0,0
2025,2025-03-17,Westbound,All Vehicles,,,,,429,1351,2423,2479,2377,2258,2151,2123,2386,2574,2938,2876,3010,2765,2874,2271,1771,1533,1356,716,0,0
2025,2025-03-17,Eastbound,All Vehicles,299,211,211,310,864,2406,3127,2973,2850,2530,2116,2005,1989,2221,2276,2477,2201,,,,,,,,0,0
2025,2025-03-18,Eastbound,Light Vehicles,,,,,719,2126,2589,2629,2504,2140,1854,1797,1796,1965,2130,2319,2320,2005,2060,1445,1194,1133,770,431,0,0
2025,2025-03-18,Westbound,Light Vehicles,340,200,148,197,345,1173,2151,2226,2149,1927,1787,1756,2025,2194,2502,2586,2606,2480,2650,2002,1722,1707,1313,787,0,0
2025,2025-03-18,Eastbound,Heavy Vehicles,,,,,135,344,483,400,345,412,401,356,350,298,275,226,209,146,164,134,108,93,75,66,0,0
2025,2025-03-18,Westbound,Heavy Vehicles,55,40,42,45,86,190,340,267,271,313,357,371,415,429,378,329,271,226,158,157,103,92,78,83,0,0
2025,2025-03-18,Eastbound,All Vehicles,,,,,854,2470,3072,3029,2849,2552,2255,2153,2146,2263,2405,2545,2529,2151,2224,1579,1302,1226,845,497,0,0
2025,2025-03-18,Westbound,All Vehicles,395,240,190,242,431,1363,2491,2493,2420,2240,2144,2127,2440,2623,2880,2915,2877,2706,2808,2159,1825,1799,1391,870,0,0
2025,2025-03-19,Eastbound,Light Vehicles,249,141,152,261,726,2172,2547,2577,2352,2086,1961,1632,1707,1957,2081,,,,,,,,,,0,0
2025,2025-03-19,Eastbound,Heavy Vehicles,46,62,66,89,153,372,515,408,320,420,357,370,346,338,288,,,,,,,,,,0,0
2025,2025-03-19,Westbound,Light Vehicles,420,226,170,178,375,1221,2080,2143,2123,1997,1780,1818,2009,2147,2489,2526,2502,2632,2702,2120,1892,1703,1611,943,0,0
2025,2025-03-19,Westbound,Heavy Vehicles,54,45,52,55,94,204,333,261,259,340,389,408,395,438,391,314,289,223,203,135,110,103,89,59,0,0
2025,2025-03-19,Eastbound,All Vehicles,295,203,218,350,879,2544,3062,2985,2672,2506,2318,2002,2053,2295,2369,,,,,,,,,,0,0
2025,2025-03-19,Westbound,All Vehicles,474,271,222,233,469,1425,2413,2404,2382,2337,2169,2226,2404,2585,2880,2840,2791,2855,2905,2255,2002,1806,1700,1002,0,0
2025,2025-03-20,Westbound,Heavy Vehicles,58,57,41,49,87,196,294,204,214,242,305,329,334,392,307,234,217,215,162,119,95,81,90,66,0,0
2025,2025-03-20,Westbound,Light Vehicles,316,188,148,153,303,867,1410,1445,1541,1427,1308,1228,1354,1514,1653,1548,1700,1766,1727,1508,1281,1328,1233,806,0,0
2025,2025-03-20,Westbound,All Vehicles,374,245,189,202,390,1063,1704,1649,1755,1669,1613,1557,1688,1906,1960,1782,1917,1981,1889,1627,1376,1409,1323,872,0,0
2025,2025-03-21,Westbound,Light Vehicles,565,274,216,189,356,1149,2028,2282,1937,1969,1922,1988,2061,2362,2558,2527,2711,2620,2570,2185,1916,1932,2204,1502,0,0
2025,2025-03-21,Westbound,Heavy Vehicles,52,52,51,50,77,201,333,278,244,334,398,399,372,409,368,313,284,248,171,120,102,90,83,57,0,0
2025,2025-03-21,Westbound,All Vehicles,617,326,267,239,433,1350,2361,2560,2181,2303,2320,2387,2433,2771,2926,2840,2995,2868,2741,2305,2018,2022,2287,1559,0,0
2025,2025-03-22,Westbound,Light Vehicles,812,552,352,261,,,,,,,,2503,2518,2650,2756,2716,2608,2756,2706,2075,1879,2003,2018,1680,0,0
2025,2025-03-22,Eastbound,Light Vehicles,,,,,364,810,1193,1251,1393,1598,,,,,,,1711,1641,1570,1148,1024,1077,1000,770,0,0
2025,2025-03-22,Eastbound,Heavy Vehicles,,,,,56,104,189,161,150,129,,,,,,,85,88,52,58,39,53,48,26,0,0
2025,2025-03-22,Westbound,Heavy Vehicles,46,30,30,27,,,,,,,,193,189,168,183,149,124,122,110,76,53,65,57,42,0,0
2025,2025-03-22,Westbound,All Vehicles,858,582,382,288,,,,,,,,2696,2707,2818,2939,2865,2732,2878,2816,2151,1932,2068,2075,1722,0,0
2025,2025-03-22,Eastbound,All Vehicles,,,,,420,914,1382,1412,1543,1727,,,,,,,1796,1729,1622,1206,1063,1130,1048,796,0,0
2025,2025-03-23,Westbound,Light Vehicles,1073,598,379,248,222,365,589,928,1220,1753,1862,,,,,,,2581,3023,1885,1854,1578,1258,755,0,0
2025,2025-03-23,Eastbound,Heavy Vehicles,22,17,15,21,28,48,66,76,84,105,92,121,106,94,106,120,114,92,96,76,62,67,58,47,0,0
2025,2025-03-23,Westbound,Heavy Vehicles,44,30,19,16,15,32,51,66,67,65,95,,,,,,,110,150,103,86,70,47,40,0,0
2025,2025-03-23,Eastbound,Light Vehicles,619,359,221,187,236,522,904,1067,1383,1964,2075,2164,2316,2397,2316,2346,2044,2042,1892,1352,1323,1228,752,421,0,0
2025,2025-03-23,Westbound,All Vehicles,1117,628,398,264,237,397,640,994,1287,1818,1957,,,,,,,2691,3173,1988,1940,1648,1305,795,0,0
2025,2025-03-23,Eastbound,All Vehicles,641,376,236,208,264,570,970,1143,1467,2069,2167,2285,2422,2491,2422,2466,2158,2134,1988,1428,1385,1295,810,468,0,0
2025,2025-03-24,Eastbound,Heavy Vehicles,55,58,61,66,131,304,506,390,361,416,356,341,302,299,288,219,179,165,155,138,95,66,65,52,0,0
2025,2025-03-24,Westbound,Light Vehicles,394,197,154,131,345,1130,2059,2194,2165,1860,1795,1879,1894,2104,2521,2605,2693,2513,2516,1941,1627,1487,1347,698,0,0
2025,2025-03-24,Westbound,Heavy Vehicles,35,34,42,51,89,190,335,273,276,329,374,369,360,395,396,279,276,221,182,123,86,76,83,59,0,0
2025,2025-03-24,Eastbound,Light Vehicles,276,159,154,244,688,2056,2537,2703,2543,2034,1710,1664,1685,1899,2030,2219,2295,2259,1981,1453,1215,1032,696,399,0,0
2025,2025-03-24,Eastbound,All Vehicles,331,217,215,310,819,2360,3043,3093,2904,2450,2066,2005,1987,2198,2318,2438,2474,2424,2136,1591,1310,1098,761,451,0,0
2025,2025-03-24,Westbound,All Vehicles,429,231,196,182,434,1320,2394,2467,2441,2189,2169,2248,2254,2499,2917,2884,2969,2734,2698,2064,1713,1563,1430,757,0,0
2025,2025-03-25,Westbound,Light Vehicles,422,222,154,170,362,1233,2222,2271,2106,1895,1782,1873,1986,2196,2586,2683,2595,2514,2755,2034,1789,1762,1427,918,0,0
2025,2025-03-25,Westbound,Heavy Vehicles,52,50,39,70,98,207,347,288,255,305,416,404,419,437,385,330,305,185,180,120,109,95,63,71,0,0
2025,2025-03-25,Westbound,All Vehicles,474,272,193,240,460,1440,2569,2559,2361,2200,2198,2277,2405,2633,2971,3013,2900,2699,2935,2154,1898,1857,1490,989,0,0
2025,2025-03-26,Westbound,Light Vehicles,411,252,167,186,371,1222,2103,2203,2119,1961,1848,1876,1866,2241,2516,2685,2573,2486,2694,2330,1845,1803,1614,990,0,0
2025,2025-03-26,Westbound,Heavy Vehicles,70,50,56,56,107,183,336,312,283,314,376,416,381,368,398,318,303,238,214,140,115,97,76,81,0,0
2025,2025-03-26,Westbound,All Vehicles,481,302,223,242,478,1405,2439,2515,2402,2275,2224,2292,2247,2609,2914,3003,2876,2724,2908,2470,1960,1900,1690,1071,0,0
2025,2025-03-28,Westbound,Light Vehicles,529,274,185,214,378,1182,2037,2063,2106,2015,1991,2051,2095,2363,2604,2534,2730,2581,2649,2146,1862,1933,1963,1500,0,0
2025,2025-03-28,Westbound,Heavy Vehicles,43,43,41,54,84,208,313,294,256,381,396,436,364,388,356,323,288,231,175,131,92,105,87,69,0,0
2025,2025-03-28,Westbound,All Vehicles,572,317,226,268,462,1390,2350,2357,2362,2396,2387,2487,2459,2751,2960,2857,3018,2812,2824,2277,1954,2038,2050,1569,0,0
2025,2025-03-29,Westbound,Heavy Vehicles,47,33,27,16,40,62,121,130,125,155,131,170,135,166,124,157,131,121,104,93,69,68,60,53,0,0
2025,2025-03-29,Westbound,Light Vehicles,871,494,310,256,249,513,984,1180,1557,1809,2071,2255,2270,2520,2630,2620,2532,2660,2401,1926,1674,1791,1901,1543,0,0
2025,2025-03-29,Westbound,All Vehicles,918,527,337,272,289,575,1105,1310,1682,1964,2202,2425,2405,2686,2754,2777,2663,2781,2505,2019,1743,1859,1961,1596,0,0
2025,2025-03-30,Westbound,Heavy Vehicles,38,24,19,17,18,22,55,61,92,106,76,,,,,,,93,81,78,84,74,66,43,0,0
2025,2025-03-30,Westbound,Light Vehicles,1030,589,346,243,233,359,675,931,1293,1795,1931,,,,,,,2489,2200,1757,1734,1600,1324,794,0,0
2025,2025-03-30,Westbound,All Vehicles,1068,613,365,260,251,381,730,992,1385,1901,2007,,,,,,,2582,2281,1835,1818,1674,1390,837,0,0
2025,2025-03-31,Westbound,Heavy Vehicles,31,21,31,54,74,180,341,264,274,349,370,357,379,381,403,339,260,207,167,135,92,83,92,55,0,0
2025,2025-03-31,Westbound,Light Vehicles,380,213,159,164,357,1070,2025,2174,2233,2028,1845,1889,2036,2257,2631,2632,2698,2614,2601,2004,1710,1509,1288,739,0,0
2025,2025-03-31,Westbound,All Vehicles,411,234,190,218,431,1250,2366,2438,2507,2377,2215,2246,2415,2638,3034,2971,2958,2821,2768,2139,1802,1592,1380,794,0,0
2025,2025-04-01,Westbound,Heavy Vehicles,53,41,53,48,84,194,343,268,240,321,410,416,393,412,373,353,280,190,181,133,89,67,101,60,0,0
2025,2025-04-01,Eastbound,Heavy Vehicles,46,57,62,81,143,339,536,380,332,448,355,368,311,319,261,238,187,176,161,159,94,73,67,42,0,0
2025,2025-04-01,Eastbound,Light Vehicles,276,172,178,245,727,2132,2625,2616,2570,2068,1871,1711,1793,1951,2116,2326,2095,1953,1865,1619,1215,1153,808,420,0,0
2025,2025-04-01,Westbound,Light Vehicles,420,222,166,144,364,1201,2089,2235,2068,1984,1770,1861,2044,2277,2556,2626,2648,2562,2616,2172,1850,1604,1431,793,0,0
2025,2025-04-01,Westbound,All Vehicles,473,263,219,192,448,1395,2432,2503,2308,2305,2180,2277,2437,2689,2929,2979,2928,2752,2797,2305,1939,1671,1532,853,0,0
2025,2025-04-01,Eastbound,All Vehicles,322,229,240,326,870,2471,3161,2996,2902,2516,2226,2079,2104,2270,2377,2564,2282,2129,2026,1778,1309,1226,875,462,0,0
2025,2025-04-03,Eastbound,Light Vehicles,,,,,720,2194,2478,2601,2403,2195,1946,1827,1825,2094,2122,2347,2262,2095,2032,1606,1266,1234,830,420,0,0
2025,2025-04-03,Westbound,Heavy Vehicles,55,40,51,64,84,214,333,257,272,329,418,388,414,422,387,326,318,226,200,144,114,86,98,66,0,0
2025,2025-04-03,Eastbound,Heavy Vehicles,,,,,145,361,512,394,337,450,361,366,335,302,280,240,242,161,172,143,90,89,77,68,0,0
2025,2025-04-03,Westbound,Light Vehicles,388,239,154,173,372,1211,2112,2164,2130,2046,1777,1874,2082,2283,2543,2582,2549,2601,2526,2248,1961,1975,1529,911,0,0
2025,2025-04-03,Eastbound,All Vehicles,,,,,865,2555,2990,2995,2740,2645,2307,2193,2160,2396,2402,2587,2504,2256,2204,1749,1356,1323,907,488,0,0
2025,2025-04-03,Westbound,All Vehicles,443,279,205,237,456,1425,2445,2421,2402,2375,2195,2262,2496,2705,2930,2908,2867,2827,2726,2392,2075,2061,1627,977,0,0
2025,2025-04-04,Eastbound,Heavy Vehicles,45,59,68,90,139,373,527,367,347,395,,,,,,,207,200,157,127,87,55,73,46,0,0
2025,2025-04-04,Westbound,Light Vehicles,493,272,172,208,357,1156,2172,2230,2181,1991,1929,2010,2196,2280,2094,1688,2585,2589,2680,2296,2427,1968,2144,1469,0,0
2025,2025-04-04,Westbound,Heavy Vehicles,52,42,56,83,81,209,343,329,294,328,379,382,409,402,372,222,303,244,187,140,131,82,80,81,0,0
2025,2025-04-04,Eastbound,Light Vehicles,313,199,154,235,702,2059,2551,2628,2450,2044,,,,,,,2340,2281,2234,1905,1469,1350,1175,780,0,0
2025,2025-04-04,Eastbound,All Vehicles,358,258,222,325,841,2432,3078,2995,2797,2439,,,,,,,2547,2481,2391,2032,1556,1405,1248,826,0,0
2025,2025-04-04,Westbound,All Vehicles,545,314,228,291,438,1365,2515,2559,2475,2319,2308,2392,2605,2682,2466,1910,2888,2833,2867,2436,2558,2050,2224,1550,0,0
2025,2025-04-05,Eastbound,Light Vehicles,432,266,186,202,434,1041,1528,1599,1997,2117,2270,2591,2591,2623,2678,2436,2328,2519,,1818,1452,,1251,914,0,0
2025,2025-04-05,Westbound,Light Vehicles,864,511,330,254,265,613,1305,1478,1881,2034,2448,2484,2516,2683,2711,2799,2638,2916,2477,2350,2011,1999,1936,1508,0,0
2025,2025-04-05,Eastbound,Heavy Vehicles,37,28,33,37,54,147,239,223,176,173,167,182,164,147,154,140,142,137,,78,55,,54,26,0,0
2025,2025-04-05,Westbound,Heavy Vehicles,42,36,15,31,42,71,177,176,174,158,159,176,158,174,161,150,130,150,108,88,63,69,57,51,0,0
2025,2025-04-05,Eastbound,All Vehicles,469,294,219,239,488,1188,1767,1822,2173,2290,2437,2773,2755,2770,2832,2576,2470,2656,,1896,1507,,1305,940,0,0
2025,2025-04-05,Westbound,All Vehicles,906,547,345,285,307,684,1482,1654,2055,2192,2607,2660,2674,2857,2872,2949,2768,3066,2585,2438,2074,2068,1993,1559,0,0
2025,2025-04-06,Westbound,Light Vehicles,1014,590,624,190,200,343,690,1056,1540,2176,2199,2453,2493,2513,2644,2720,2714,2719,2347,1906,1784,1565,1178,621,0,0
2025,2025-04-06,Eastbound,Light Vehicles,576,302,351,138,260,613,986,1152,1640,2414,2396,2420,2370,2316,2241,2134,2085,2159,1885,1394,1242,1062,783,380,0,0
2025,2025-04-06,Westbound,Heavy Vehicles,30,29,33,17,23,26,58,59,77,93,98,91,118,109,113,100,108,104,106,85,76,80,59,35,0,0
2025,2025-04-06,Eastbound,Heavy Vehicles,24,13,32,11,23,55,62,84,103,123,108,117,114,84,96,100,113,91,82,79,62,82,59,53,0,0
2025,2025-04-06,Westbound,All Vehicles,1044,619,657,207,223,369,748,1115,1617,2269,2297,2544,2611,2622,2757,2820,2822,2823,2453,1991,1860,1645,1237,656,0,0
2025,2025-04-06,Eastbound,All Vehicles,600,315,383,149,283,668,1048,1236,1743,2537,2504,2537,2484,2400,2337,2234,2198,2250,1967,1473,1304,1144,842,433,0,0
2025,2025-04-07,Eastbound,Light Vehicles,238,128,145,276,741,2178,2611,2651,2441,2105,1758,1633,1705,1817,2094,2310,2216,2018,2024,1461,1195,938,690,349,0,0
2025,2025-04-07,Eastbound,Heavy Vehicles,47,54,47,65,162,375,509,378,355,449,372,371,306,314,287,225,189,200,153,144,86,68,63,59,0,0
2025,2025-04-07,Westbound,Light Vehicles,365,186,133,148,360,1189,2225,2291,2156,2026,1838,1887,1955,2121,2534,2651,2551,2477,2683,2021,1585,1436,1203,639,0,0
2025,2025-04-07,Westbound,Heavy Vehicles,32,30,40,45,106,195,350,278,242,386,372,408,413,435,380,313,302,238,185,135,106,87,80,65,0,0
2025,2025-04-07,Eastbound,All Vehicles,285,182,192,341,903,2553,3120,3029,2796,2554,2130,2004,2011,2131,2381,2535,2405,2218,2177,1605,1281,1006,753,408,0,0
2025,2025-04-07,Westbound,All Vehicles,397,216,173,193,466,1384,2575,2569,2398,2412,2210,2295,2368,2556,2914,2964,2853,2715,2868,2156,1691,1523,1283,704,0,0
2025,2025-04-08,Eastbound,Heavy Vehicles,35,48,60,108,190,374,537,387,325,425,363,380,352,305,291,238,204,161,165,130,85,70,75,58,0,0
2025,2025-04-08,Westbound,Heavy Vehicles,52,50,46,61,118,194,370,272,242,317,391,393,402,467,442,345,286,217,187,151,102,82,90,54,0,0
2025,2025-04-08,Westbound,Light Vehicles,363,195,127,159,375,1232,2260,2276,2060,1946,1857,1919,2014,2301,2532,2554,2581,2460,2580,2037,1771,1719,1321,846,0,0
2025,2025-04-08,Eastbound,Light Vehicles,232,163,153,247,711,2249,2643,2709,2459,2326,1807,1690,1729,1845,2178,2392,2222,2223,2210,1463,1161,1031,768,369,0,0
2025,2025-04-08,Eastbound,All Vehicles,267,211,213,355,901,2623,3180,3096,2784,2751,2170,2070,2081,2150,2469,2630,2426,2384,2375,1593,1246,1101,843,427,0,0
2025,2025-04-08,Westbound,All Vehicles,415,245,173,220,493,1426,2630,2548,2302,2263,2248,2312,2416,2768,2974,2899,2867,2677,2767,2188,1873,1801,1411,900,0,0
2025,2025-04-09,Eastbound,Light Vehicles,242,180,148,275,720,2206,2622,2562,2434,2313,1823,1763,1755,1947,2098,2406,2180,2085,2101,1618,1189,1192,752,397,0,0
2025,2025-04-09,Westbound,Heavy Vehicles,47,60,39,60,92,198,313,268,273,368,343,358,402,414,393,325,280,205,205,167,109,107,80,72,0,0
2025,2025-04-09,Eastbound,Heavy Vehicles,66,61,63,85,170,378,481,347,324,446,375,326,355,272,250,251,193,176,160,144,98,85,75,58,0,0
2025,2025-04-09,Westbound,Light Vehicles,383,240,149,159,378,1272,2164,2227,2166,2026,1930,1905,2006,2312,2549,2549,2554,2505,2663,2314,1870,1741,1443,749,0,0
2025,2025-04-09,Eastbound,All Vehicles,308,241,211,360,890,2584,3103,2909,2758,2759,2198,2089,2110,2219,2348,2657,2373,2261,2261,1762,1287,1277,827,455,0,0
2025,2025-04-09,Westbound,All Vehicles,430,300,188,219,470,1470,2477,2495,2439,2394,2273,2263,2408,2726,2942,2874,2834,2710,2868,2481,1979,1848,1523,821,0,0
2025,2025-04-10,Eastbound,Light Vehicles,219,153,160,259,747,2165,2580,2618,2586,2206,1980,1915,1857,2017,2150,2330,2162,2169,2167,1488,1192,1164,786,436,0,0
2025,2025-04-10,Westbound,Heavy Vehicles,48,38,54,66,94,211,352,256,274,313,380,394,438,433,368,312,277,214,192,138,114,104,85,66,0,0
2025,2025-04-10,Westbound,Light Vehicles,389,239,180,174,381,1204,2253,2250,2218,2017,1924,1954,2017,2345,2511,2593,2459,2534,2534,2217,1880,1916,1467,681,0,0
2025,2025-04-10,Eastbound,Heavy Vehicles,44,50,68,91,165,355,536,367,351,439,385,363,329,290,249,236,198,156,157,137,108,81,74,64,0,0
2025,2025-04-10,Eastbound,All Vehicles,263,203,228,350,912,2520,3116,2985,2937,2645,2365,2278,2186,2307,2399,2566,2360,2325,2324,1625,1300,1245,860,500,0,0
2025,2025-04-10,Westbound,All Vehicles,437,277,234,240,475,1415,2605,2506,2492,2330,2304,2348,2455,2778,2879,2905,2736,2748,2726,2355,1994,2020,1552,747,0,0
2025,2025-04-11,Westbound,Light Vehicles,381,266,170,186,401,1206,2151,2221,2147,1945,1937,1916,2150,2294,2574,2598,2661,2651,2600,2348,1854,1965,1904,1368,0,0
2025,2025-04-11,Westbound,Heavy Vehicles,56,43,57,52,99,200,343,278,272,340,385,345,439,396,376,323,290,252,203,130,88,98,85,61,0,0
2025,2025-04-11,Westbound,All Vehicles,437,309,227,238,500,1406,2494,2499,2419,2285,2322,2261,2589,2690,2950,2921,2951,2903,2803,2478,1942,2063,1989,1429,0,0
2025,2025-04-12,Westbound,Heavy Vehicles,52,40,24,22,40,68,188,178,191,183,175,214,173,187,197,166,165,136,131,85,58,59,66,44,0,0
2025,2025-04-12,Eastbound,Heavy Vehicles,30,37,33,39,60,135,263,237,183,168,168,160,163,159,126,129,119,126,125,68,56,60,51,27,0,0
2025,2025-04-12,Westbound,Light Vehicles,831,491,311,232,284,659,1370,1526,1925,2252,2514,2534,2625,2677,2770,2790,2721,2778,2566,2113,1849,1974,1869,1365,0,0
2025,2025-04-12,Eastbound,Light Vehicles,516,272,204,216,456,1178,1712,1602,2073,2176,2335,2657,2528,2518,2417,2306,2398,2492,2291,1593,1376,1329,1247,802,0,0
2025,2025-04-12,Westbound,All Vehicles,883,531,335,254,324,727,1558,1704,2116,2435,2689,2748,2798,2864,2967,2956,2886,2914,2697,2198,1907,2033,1935,1409,0,0
2025,2025-04-12,Eastbound,All Vehicles,546,309,237,255,516,1313,1975,1839,2256,2344,2503,2817,2691,2677,2543,2435,2517,2618,2416,1661,1432,1389,1298,829,0,0
2025,2025-04-13,Westbound,Heavy Vehicles,36,15,12,19,26,24,63,77,89,113,93,97,114,114,111,110,106,99,113,99,85,89,75,26,0,0
2025,2025-04-13,Eastbound,Heavy Vehicles,20,19,22,19,26,68,81,76,106,96,100,113,108,107,97,100,121,94,98,106,55,68,51,55,0,0
2025,2025-04-13,Eastbound,Light Vehicles,574,314,180,195,254,648,971,1234,1777,2255,2348,2421,2607,2423,2208,2179,2445,2243,2024,1682,1367,1214,847,439,0,0
2025,2025-04-13,Westbound,Light Vehicles,896,509,345,273,236,346,703,1073,1526,2085,2180,2298,2535,2547,2582,2664,2550,2688,2529,2549,1829,1819,1332,791,0,0
2025,2025-04-13,Westbound,All Vehicles,932,524,357,292,262,370,766,1150,1615,2198,2273,2395,2649,2661,2693,2774,2656,2787,2642,2648,1914,1908,1407,817,0,0
2025,2025-04-13,Eastbound,All Vehicles,594,333,202,214,280,716,1052,1310,1883,2351,2448,2534,2715,2530,2305,2279,2566,2337,2122,1788,1422,1282,898,494,0,0
2025,2025-04-14,Westbound,Light Vehicles,382,192,148,157,387,1204,2205,2218,2130,1950,1900,1996,2049,2217,2493,2631,2634,2668,2812,1933,1635,1577,1267,701,0,0
2025,2025-04-14,Eastbound,Heavy Vehicles,70,53,60,64,177,339,551,410,411,437,397,318,357,290,269,236,194,165,155,144,79,63,61,48,0,0
2025,2025-04-14,Eastbound,Light Vehicles,255,159,168,247,685,2061,2571,2511,2626,2191,1894,1826,1823,2003,2002,2342,2230,2205,2020,1497,1094,1037,660,403,0,0
2025,2025-04-14,Westbound,Heavy Vehicles,43,46,32,47,70,193,323,277,279,409,388,416,394,372,405,373,291,218,211,136,113,99,100,54,0,0
2025,2025-04-14,Westbound,All Vehicles,425,238,180,204,457,1397,2528,2495,2409,2359,2288,2412,2443,2589,2898,3004,2925,2886,3023,2069,1748,1676,1367,755,0,0
2025,2025-04-14,Eastbound,All Vehicles,325,212,228,311,862,2400,3122,2921,3037,2628,2291,2144,2180,2293,2271,2578,2424,2370,2175,1641,1173,1100,721,451,0,0
2025,2025-04-15,Westbound,Light Vehicles,362,174,172,153,381,1291,2199,2129,2167,1976,1987,1954,2082,2083,2591,2676,2626,2557,2753,2120,1753,1619,1358,801,0,0
2025,2025-04-15,Eastbound,Light Vehicles,207,172,166,244,686,2126,2330,2441,2643,2238,1983,1928,1962,2022,2068,2328,2271,1968,2091,1485,1199,1049,780,400,0,0
2025,2025-04-15,Eastbound,Heavy Vehicles,41,53,75,93,162,355,503,382,389,451,423,317,340,344,267,283,178,161,155,139,98,75,54,60,0,0
2025,2025-04-15,Westbound,Heavy Vehicles,54,40,31,46,90,176,315,291,273,365,385,457,383,405,395,365,302,241,195,145,104,80,97,67,0,0
2025,2025-04-15,Westbound,All Vehicles,416,214,203,199,471,1467,2514,2420,2440,2341,2372,2411,2465,2488,2986,3041,2928,2798,2948,2265,1857,1699,1455,868,0,0
2025,2025-04-15,Eastbound,All Vehicles,248,225,241,337,848,2481,2833,2823,3032,2689,2406,2245,2302,2366,2335,2611,2449,2129,2246,1624,1297,1124,834,460,0,0
2025,2025-04-16,Eastbound,Light Vehicles,250,167,173,267,712,2135,2548,2523,2461,2206,1947,1886,1971,1827,1899,2258,2119,1858,2041,1523,1228,,,,0,0
2025,2025-04-16,Westbound,Heavy Vehicles,53,48,47,68,65,199,311,300,277,368,408,398,410,412,375,346,274,233,220,152,117,113,96,67,0,0
2025,2025-04-16,Eastbound,Heavy Vehicles,58,59,63,95,160,393,529,413,372,427,387,340,307,279,253,271,188,159,155,149,80,,,,0,0
2025,2025-04-16,Westbound,Light Vehicles,410,235,173,172,412,1234,2181,2193,2112,2030,1970,1950,2190,2208,2399,2575,2475,2515,2692,2206,1789,1793,1514,860,0,0
2025,2025-04-16,Eastbound,All Vehicles,308,226,236,362,872,2528,3077,2936,2833,2633,2334,2226,2278,2106,2152,2529,2307,2017,2196,1672,1308,,,,0,0
2025,2025-04-16,Westbound,All Vehicles,463,283,220,240,477,1433,2492,2493,2389,2398,2378,2348,2600,2620,2774,2921,2749,2748,2912,2358,1906,1906,1610,927,0,0
2025,2025-04-17,Westbound,Heavy Vehicles,64,38,47,70,64,185,300,274,285,385,375,381,385,420,391,333,308,232,211,164,116,115,77,66,0,0
2025,2025-04-17,Eastbound,Heavy Vehicles,59,78,67,82,145,327,530,401,364,412,369,384,354,322,327,256,176,,164,116,73,80,67,37,0,0
2025,2025-04-17,Westbound,Light Vehicles,408,272,183,196,404,1222,1970,2089,2152,1980,2011,2103,2229,2452,2478,2562,2549,2423,2618,2270,2049,2105,1812,1145,0,0
2025,2025-04-17,Eastbound,Light Vehicles,289,195,162,270,738,1996,2547,2419,2345,2030,1998,1988,2057,2005,2250,2234,2234,,2233,1758,1406,1271,1022,619,0,0
2025,2025-04-17,Westbound,All Vehicles,472,310,230,266,468,1407,2270,2363,2437,2365,2386,2484,2614,2872,2869,2895,2857,2655,2829,2434,2165,2220,1889,1211,0,0
2025,2025-04-17,Eastbound,All Vehicles,348,273,229,352,883,2323,3077,2820,2709,2442,2367,2372,2411,2327,2577,2490,2410,,2397,1874,1479,1351,1089,656,0,0
2025,2025-04-18,Westbound,Light Vehicles,640,430,298,205,240,427,801,1120,1407,1853,2052,2211,2055,1904,2121,2077,2048,2169,2174,1976,1640,1619,1569,983,0,0
2025,2025-04-18,Eastbound,Light Vehicles,373,267,197,212,329,751,1036,956,1291,1839,2032,2153,2020,1906,1924,1739,1819,1849,1860,1418,1170,1191,941,623,0,0
2025,2025-04-18,Westbound,Heavy Vehicles,45,26,27,19,22,46,68,71,97,114,105,107,105,118,83,78,81,94,75,69,52,57,50,26,0,0
2025,2025-04-18,Eastbound,Heavy Vehicles,20,33,23,31,50,42,81,98,104,122,103,119,102,88,87,92,92,76,71,68,50,39,43,19,0,0
2025,2025-04-18,Westbound,All Vehicles,685,456,325,224,262,473,869,1191,1504,1967,2157,2318,2160,2022,2204,2155,2129,2263,2249,2045,1692,1676,1619,1009,0,0
2025,2025-04-18,Eastbound,All Vehicles,393,300,220,243,379,793,1117,1054,1395,1961,2135,2272,2122,1994,2011,1831,1911,1925,1931,1486,1220,1230,984,642,0,0
2025,2025-04-19,Westbound,Light Vehicles,553,322,209,153,155,383,840,1163,1495,1906,2178,2221,2130,2116,2281,2303,2361,2522,2409,1994,1673,1792,2006,1192,0,0
2025,2025-04-19,Eastbound,Heavy Vehicles,35,26,29,18,52,85,117,163,133,121,145,146,123,106,94,90,89,88,95,58,46,43,40,27,0,0
2025,2025-04-19,Eastbound,Light Vehicles,366,221,176,187,304,801,1172,1265,1630,1954,2215,2373,2201,2144,2009,1986,1957,2182,1968,1425,1228,1227,1091,688,0,0
2025,2025-04-19,Westbound,Heavy Vehicles,25,19,8,21,30,44,90,115,128,138,137,155,129,143,135,118,109,89,92,64,66,60,66,38,0,0
2025,2025-04-19,Westbound,All Vehicles,578,341,217,174,185,427,930,1278,1623,2044,2315,2376,2259,2259,2416,2421,2470,2611,2501,2058,1739,1852,2072,1230,0,0
2025,2025-04-19,Eastbound,All Vehicles,401,247,205,205,356,886,1289,1428,1763,2075,2360,2519,2324,2250,2103,2076,2046,2270,2063,1483,1274,1270,1131,715,0,0
2025,2025-04-20,Westbound,Light Vehicles,789,472,335,245,188,274,593,800,1133,1712,2101,2359,2523,2048,2083,2263,2256,2438,2384,2099,2042,1732,1574,931,0,0
2025,2025-04-20,Eastbound,Light Vehicles,466,289,208,190,258,533,830,874,1149,1839,1896,2391,2375,2019,1864,1908,2091,1972,1955,1556,1357,1240,919,556,0,0
2025,2025-04-20,Westbound,Heavy Vehicles,25,15,17,13,18,22,45,42,50,71,68,71,92,60,75,73,86,76,91,73,76,49,58,29,0,0
2025,2025-04-20,Eastbound,Heavy Vehicles,21,20,17,8,24,39,37,57,56,75,76,85,89,60,71,72,72,83,72,70,54,50,29,30,0,0
2025,2025-04-20,Westbound,All Vehicles,814,487,352,258,206,296,638,842,1183,1783,2169,2430,2615,2108,2158,2336,2342,2514,2475,2172,2118,1781,1632,960,0,0
2025,2025-04-20,Eastbound,All Vehicles,487,309,225,198,282,572,867,931,1205,1914,1972,2476,2464,2079,1935,1980,2163,2055,2027,1626,1411,1290,948,586,0,0
2025,2025-04-21,Eastbound,Light Vehicles,184,113,90,108,176,311,409,385,463,664,739,875,815,792,810,796,742,751,727,563,499,449,310,215,0,0
2025,2025-04-21,Westbound,Heavy Vehicles,27,20,14,14,22,40,58,83,84,108,139,127,116,112,97,123,96,100,129,93,76,67,67,46,0,0
2025,2025-04-21,Westbound,Light Vehicles,521,322,213,178,198,346,673,854,1040,1521,1912,2052,2016,2037,2227,2329,2220,2229,3010,2012,1644,1556,1305,711,0,0
2025,2025-04-21,Eastbound,Heavy Vehicles,12,14,16,14,24,39,53,50,56,64,45,59,51,48,55,49,48,39,48,37,25,28,34,33,0,0
2025,2025-04-21,Eastbound,All Vehicles,196,127,106,122,200,350,462,435,519,728,784,934,866,840,865,845,790,790,775,600,524,477,344,248,0,0
2025,2025-04-21,Westbound,All Vehicles,548,342,227,192,220,386,731,937,1124,1629,2051,2179,2132,2149,2324,2452,2316,2329,3139,2105,1720,1623,1372,757,0,0
2025,2025-04-22,Westbound,Light Vehicles,368,209,149,138,332,1014,1836,1974,2026,1980,1981,2002,2110,2251,2561,2452,2313,2611,2317,1722,1432,1435,1190,687,0,0
2025,2025-04-22,Eastbound,Heavy Vehicles,45,38,51,79,146,295,481,402,347,390,334,359,262,281,250,231,182,157,161,89,72,57,53,41,0,0
2025,2025-04-22,Eastbound,Light Vehicles,252,159,155,226,613,1640,2283,2408,2318,2127,1926,1877,1789,1896,2008,2006,2034,1941,1985,1194,1005,943,637,390,0,0
2025,2025-04-22,Westbound,Heavy Vehicles,38,25,31,55,67,146,322,244,278,334,377,389,385,364,343,373,244,204,181,113,100,81,74,55,0,0
2025,2025-04-22,Westbound,All Vehicles,406,234,180,193,399,1160,2158,2218,2304,2314,2358,2391,2495,2615,2904,2825,2557,2815,2498,1835,1532,1516,1264,742,0,0
2025,2025-04-22,Eastbound,All Vehicles,297,197,206,305,759,1935,2764,2810,2665,2517,2260,2236,2051,2177,2258,2237,2216,2098,2146,1283,1077,1000,690,431,0,0
2025,2025-04-23,Westbound,Light Vehicles,372,209,171,158,297,991,1839,2001,2039,2075,1978,1971,2052,2253,2545,2599,2466,2676,2405,1875,1637,1638,1435,691,0,0
2025,2025-04-23,Eastbound,Heavy Vehicles,38,50,49,77,145,304,506,395,364,405,337,301,326,286,232,249,175,190,147,116,80,67,55,48,0,0
2025,2025-04-23,Westbound,Heavy Vehicles,42,30,42,42,74,167,311,258,301,320,359,381,357,373,366,316,269,251,196,132,118,87,81,51,0,0
2025,2025-04-23,Eastbound,Light Vehicles,247,168,139,227,594,1699,2346,2247,2370,2059,1926,1956,1964,1926,2007,2289,2185,2253,2103,1416,1156,960,735,395,0,0
2025,2025-04-23,Westbound,All Vehicles,414,239,213,200,371,1158,2150,2259,2340,2395,2337,2352,2409,2626,2911,2915,2735,2927,2601,2007,1755,1725,1516,742,0,0
2025,2025-04-23,Eastbound,All Vehicles,285,218,188,304,739,2003,2852,2642,2734,2464,2263,2257,2290,2212,2239,2538,2360,2443,2250,1532,1236,1027,790,443,0,0
2025,2025-04-24,Eastbound,Light Vehicles,267,138,168,230,576,1741,2257,2203,2222,2078,1968,2048,2056,1989,2147,2182,2245,,2197,1677,1246,1178,927,530,0,0
2025,2025-04-24,Westbound,Light Vehicles,381,231,175,157,318,954,1878,1919,2047,2100,2008,2093,2136,2240,2519,2629,2621,2433,2489,2027,1840,1893,1716,1039,0,0
2025,2025-04-24,Westbound,Heavy Vehicles,29,44,51,57,65,157,328,277,265,338,360,381,360,418,354,343,325,238,183,140,108,81,66,66,0,0
2025,2025-04-24,Eastbound,Heavy Vehicles,48,50,67,71,140,314,481,366,381,436,339,308,281,291,244,235,206,,160,122,82,59,39,21,0,0
2025,2025-04-24,Eastbound,All Vehicles,315,188,235,301,716,2055,2738,2569,2603,2514,2307,2356,2337,2280,2391,2417,2451,,2357,1799,1328,1237,966,551,0,0
2025,2025-04-24,Westbound,All Vehicles,410,275,226,214,383,1111,2206,2196,2312,2438,2368,2474,2496,2658,2873,2972,2946,2671,2672,2167,1948,1974,1782,1105,0,0
2025,2025-04-25,Westbound,Light Vehicles,408,295,190,162,175,318,541,706,801,1232,1382,1436,1440,1366,1452,1415,1374,1458,1449,1196,1175,1008,1028,748,0,0
2025,2025-04-25,Eastbound,Heavy Vehicles,24,20,21,28,61,63,66,95,96,102,96,96,119,92,79,96,75,87,78,70,47,36,43,25,0,0
2025,2025-04-25,Eastbound,Light Vehicles,393,232,165,228,349,655,821,781,1065,1407,1764,1943,1858,1856,1745,1682,1694,1924,1843,1521,1193,1190,928,676,0,0
2025,2025-04-25,Westbound,Heavy Vehicles,35,22,20,19,25,33,57,78,61,75,104,77,80,70,79,87,75,59,75,66,61,39,36,31,0,0
2025,2025-04-25,Westbound,All Vehicles,443,317,210,181,200,351,598,784,862,1307,1486,1513,1520,1436,1531,1502,1449,1517,1524,1262,1236,1047,1064,779,0,0
2025,2025-04-25,Eastbound,All Vehicles,417,252,186,256,410,718,887,876,1161,1509,1860,2039,1977,1948,1824,1778,1769,2011,1921,1591,1240,1226,971,701,0,0
2025,2025-04-26,Eastbound,Heavy Vehicles,25,24,28,33,53,104,157,178,145,164,162,154,139,147,107,120,112,131,126,66,55,32,39,28,0,0
2025,2025-04-26,Eastbound,Light Vehicles,458,261,166,183,311,780,1169,1322,1663,2042,2363,2329,2386,2392,2331,2231,2191,2446,2359,1615,1154,1265,1132,697,0,0
2025,2025-04-26,Westbound,Light Vehicles,610,407,248,236,218,436,966,1343,1709,1985,2223,2354,2470,2455,2529,2749,2629,2847,2592,2122,1622,2031,2138,1398,0,0
2025,2025-04-26,Westbound,Heavy Vehicles,20,18,22,18,26,50,133,139,125,144,165,160,139,142,147,162,159,138,91,90,66,81,99,45,0,0
2025,2025-04-26,Eastbound,All Vehicles,483,285,194,216,364,884,1326,1500,1808,2206,2525,2483,2525,2539,2438,2351,2303,2577,2485,1681,1209,1297,1171,725,0,0
2025,2025-04-26,Westbound,All Vehicles,630,425,270,254,244,486,1099,1482,1834,2129,2388,2514,2609,2597,2676,2911,2788,2985,2683,2212,1688,2112,2237,1443,0,0
2025,2025-04-27,Westbound,Light Vehicles,797,483,311,236,185,322,418,777,1029,1473,1601,2037,2269,2209,2355,2530,2388,2431,2150,1653,1543,1306,1125,851,0,0
2025,2025-04-27,Westbound,Heavy Vehicles,35,26,16,16,21,23,33,60,67,86,72,104,120,137,101,103,92,109,98,76,70,60,50,47,0,0
2025,2025-04-27,Eastbound,Heavy Vehicles,23,17,16,17,26,46,55,64,78,86,85,124,99,82,96,106,89,109,78,72,50,65,55,44,0,0
2025,2025-04-27,Eastbound,Light Vehicles,500,318,178,192,224,555,746,903,1157,1802,1726,2077,2083,2085,2019,2009,1881,2041,1515,1217,1160,1022,762,394,0,0
2025,2025-04-27,Westbound,All Vehicles,832,509,327,252,206,345,451,837,1096,1559,1673,2141,2389,2346,2456,2633,2480,2540,2248,1729,1613,1366,1175,898,0,0
2025,2025-04-27,Eastbound,All Vehicles,523,335,194,209,250,601,801,967,1235,1888,1811,2201,2182,2167,2115,2115,1970,2150,1593,1289,1210,1087,817,438,0,0
2025,2025-04-28,Eastbound,Heavy Vehicles,39,47,34,70,157,307,535,366,359,378,381,346,346,300,262,221,203,167,134,145,88,55,54,35,0,0
2025,2025-04-28,Eastbound,Light Vehicles,251,164,115,211,678,1970,2554,2494,2257,1871,1737,1734,1702,1934,1986,2261,2280,1927,1841,1307,1011,963,634,365,0,0
2025,2025-04-28,Westbound,Light Vehicles,373,209,151,144,325,1164,2046,2221,2029,1849,1729,1905,1928,2060,2485,2684,2686,2507,2505,1908,1627,1339,1153,627,0,0
2025,2025-04-28,Westbound,Heavy Vehicles,35,30,34,47,68,172,292,283,260,343,407,405,418,374,392,338,274,229,197,118,94,76,77,63,0,0
2025,2025-04-28,Eastbound,All Vehicles,290,211,149,281,835,2277,3089,2860,2616,2249,2118,2080,2048,2234,2248,2482,2483,2094,1975,1452,1099,1018,688,400,0,0
2025,2025-04-28,Westbound,All Vehicles,408,239,185,191,393,1336,2338,2504,2289,2192,2136,2310,2346,2434,2877,3022,2960,2736,2702,2026,1721,1415,1230,690,0,0
2025,2025-04-29,Westbound,Light Vehicles,319,195,147,159,368,1209,2092,2222,2132,1943,1775,1905,1929,2051,2245,2305,2385,2362,2555,2194,1633,1495,1218,662,0,0
2025,2025-04-29,Eastbound,Light Vehicles,205,137,152,230,667,2004,2632,2344,,2027,1816,1721,1834,1945,2041,2219,2049,1641,1893,1276,1012,1003,662,333,0,0
2025,2025-04-29,Eastbound,Heavy Vehicles,37,51,67,83,159,304,523,341,,463,386,362,286,284,254,217,165,148,144,117,76,68,48,51,0,0
2025,2025-04-29,Westbound,Heavy Vehicles,55,51,39,54,80,182,312,247,240,344,368,404,408,376,308,279,237,198,231,153,98,83,76,61,0,0
2025,2025-04-29,Westbound,All Vehicles,374,246,186,213,448,1391,2404,2469,2372,2287,2143,2309,2337,2427,2553,2584,2622,2560,2786,2347,1731,1578,1294,723,0,0
2025,2025-04-29,Eastbound,All Vehicles,242,188,219,313,826,2308,3155,2685,,2490,2202,2083,2120,2229,2295,2436,2214,1789,2037,1393,1088,1071,710,384,0,0
2025,2025-04-30,Westbound,Light Vehicles,364,213,142,174,394,1224,2094,2209,2140,2012,1895,1909,1971,2241,2482,2416,2413,2459,2737,1998,1741,1596,1359,774,0,0
2025,2025-04-30,Westbound,Heavy Vehicles,49,34,42,66,83,183,314,256,259,273,382,383,384,391,346,300,261,202,220,158,97,84,72,50,0,0
2025,2025-04-30,Eastbound,Light Vehicles,228,141,146,249,684,2071,2563,2719,2443,2122,1978,1726,1728,1892,2169,2207,2172,2088,1978,1434,1158,990,751,401,0,0
2025,2025-04-30,Eastbound,Heavy Vehicles,45,49,63,83,157,318,476,375,300,397,385,336,338,317,293,214,178,168,153,126,88,67,59,41,0,0
2025,2025-04-30,Westbound,All Vehicles,413,247,184,240,477,1407,2408,2465,2399,2285,2277,2292,2355,2632,2828,2716,2674,2661,2957,2156,1838,1680,1431,824,0,0
2025,2025-04-30,Eastbound,All Vehicles,273,190,209,332,841,2389,3039,3094,2743,2519,2363,2062,2066,2209,2462,2421,2350,2256,2131,1560,1246,1057,810,442,0,0
2025,2025-05-01,Westbound,Heavy Vehicles,37,49,45,47,76,165,331,252,270,335,377,369,405,417,394,311,269,229,169,140,104,108,87,62,0,0
2025,2025-05-01,Eastbound,Light Vehicles,240,142,175,228,675,2018,2584,2590,2463,2196,1914,1779,1841,2013,2129,2336,2001,1995,2065,1434,1196,1101,728,417,0,0
2025,2025-05-01,Westbound,Light Vehicles,406,224,170,182,373,1189,2110,2293,2175,2040,1821,1887,2014,2308,2488,2616,2646,2523,2458,2111,1818,1744,1339,795,0,0
2025,2025-05-01,Eastbound,Heavy Vehicles,30,50,59,94,147,340,507,365,364,421,388,326,320,333,271,235,182,170,141,122,80,89,54,48,0,0
2025,2025-05-01,Westbound,All Vehicles,443,273,215,229,449,1354,2441,2545,2445,2375,2198,2256,2419,2725,2882,2927,2915,2752,2627,2251,1922,1852,1426,857,0,0
2025,2025-05-01,Eastbound,All Vehicles,270,192,234,322,822,2358,3091,2955,2827,2617,2302,2105,2161,2346,2400,2571,2183,2165,2206,1556,1276,1190,782,465,0,0
2025,2025-05-02,Eastbound,Light Vehicles,290,178,167,253,674,1868,2665,2577,2321,1992,1920,1899,1862,1976,2002,2307,2220,2057,2271,1829,1326,1240,1105,740,0,0
2025,2025-05-02,Westbound,Heavy Vehicles,37,31,50,59,84,167,341,274,244,319,371,345,351,353,391,348,287,251,216,144,95,85,77,62,0,0
2025,2025-05-02,Westbound,Light Vehicles,387,249,166,206,351,1169,2105,2138,2091,2020,1793,1900,2078,2332,2567,2464,2515,2426,2518,2364,1872,1714,1872,1406,0,0
2025,2025-05-02,Eastbound,Heavy Vehicles,50,49,64,67,168,327,527,387,354,367,355,331,305,294,259,216,206,177,166,122,59,68,52,45,0,0
2025,2025-05-02,Eastbound,All Vehicles,340,227,231,320,842,2195,3192,2964,2675,2359,2275,2230,2167,2270,2261,2523,2426,2234,2437,1951,1385,1308,1157,785,0,0
2025,2025-05-02,Westbound,All Vehicles,424,280,216,265,435,1336,2446,2412,2335,2339,2164,2245,2429,2685,2958,2812,2802,2677,2734,2508,1967,1799,1949,1468,0,0
2025,2025-05-03,Eastbound,Light Vehicles,438,243,201,216,388,1007,1543,1700,1941,2136,2334,2308,2309,2373,2427,2271,2320,2378,2225,1615,1254,1308,1155,957,0,0
2025,2025-05-03,Eastbound,Heavy Vehicles,33,25,31,30,68,151,232,230,184,178,160,178,149,148,123,104,107,128,99,71,58,57,54,36,0,0
2025,2025-05-03,Westbound,Light Vehicles,774,437,298,245,250,608,1312,1496,1770,2137,2381,2496,2523,2693,2765,2797,2661,2758,2586,1986,1801,1740,1806,1462,0,0
2025,2025-05-03,Westbound,Heavy Vehicles,36,38,22,26,38,78,165,158,157,170,158,180,168,184,179,162,183,138,111,78,66,61,52,43,0,0
2025,2025-05-03,Eastbound,All Vehicles,471,268,232,246,456,1158,1775,1930,2125,2314,2494,2486,2458,2521,2550,2375,2427,2506,2324,1686,1312,1365,1209,993,0,0
2025,2025-05-03,Westbound,All Vehicles,810,475,320,271,288,686,1477,1654,1927,2307,2539,2676,2691,2877,2944,2959,2844,2896,2697,2064,1867,1801,1858,1505,0,0
2025,2025-05-04,Eastbound,Heavy Vehicles,21,14,23,15,30,46,76,72,123,111,117,104,84,106,89,97,106,114,104,77,84,60,62,50,0,0
2025,2025-05-04,Westbound,Heavy Vehicles,30,20,17,21,30,26,53,73,89,100,90,105,121,125,117,112,96,112,97,87,74,79,72,41,0,0
2025,2025-05-04,Westbound,Light Vehicles,1007,608,390,275,244,337,734,1109,1456,1961,2082,2489,2591,2442,2681,2685,2641,2672,2381,1843,1755,1484,1285,807,0,0
2025,2025-05-04,Eastbound,Light Vehicles,632,320,216,199,281,584,961,1134,1484,2120,2209,2260,2377,2295,2285,2221,2295,2266,1977,1368,1283,1148,791,405,0,0
2025,2025-05-04,Eastbound,All Vehicles,653,334,239,214,311,630,1037,1206,1607,2231,2326,2364,2461,2401,2374,2318,2401,2380,2081,1445,1367,1208,853,455,0,0
2025,2025-05-04,Westbound,All Vehicles,1037,628,407,296,274,363,787,1182,1545,2061,2172,2594,2712,2567,2798,2797,2737,2784,2478,1930,1829,1563,1357,848,0,0
2025,2025-05-05,Westbound,Light Vehicles,402,194,146,152,373,1159,2099,2214,2119,1926,1813,1814,1931,2194,2481,2622,2609,2579,2600,1882,1623,1451,1063,684,0,0
2025,2025-05-05,Westbound,Heavy Vehicles,40,35,40,50,66,147,303,233,276,320,401,410,391,432,395,320,282,237,202,122,94,94,61,63,0,0
2025,2025-05-05,Eastbound,Heavy Vehicles,56,37,49,81,155,344,493,348,360,475,356,365,344,312,280,264,204,178,159,115,92,81,48,44,0,0
2025,2025-05-05,Eastbound,Light Vehicles,262,163,153,244,721,2076,2505,2527,2509,1926,1774,1785,1664,1923,2036,2246,2096,2147,1940,1285,1074,947,651,334,0,0
2025,2025-05-05,Westbound,All Vehicles,442,229,186,202,439,1306,2402,2447,2395,2246,2214,2224,2322,2626,2876,2942,2891,2816,2802,2004,1717,1545,1124,747,0,0
2025,2025-05-05,Eastbound,All Vehicles,318,200,202,325,876,2420,2998,2875,2869,2401,2130,2150,2008,2235,2316,2510,2300,2325,2099,1400,1166,1028,699,378,0,0
2025,2025-05-06,Eastbound,Light Vehicles,224,143,155,249,688,2117,2614,2569,2535,2147,1887,1738,1805,1868,2063,2423,2281,1983,2028,1434,1131,1051,780,366,0,0
2025,2025-05-06,Westbound,Light Vehicles,350,200,154,175,380,1210,2098,2157,2232,1958,1891,1880,1897,2204,2535,2615,2443,2437,2635,2164,1786,1620,1358,781,0,0
2025,2025-05-06,Eastbound,Heavy Vehicles,39,56,59,84,172,332,516,373,348,451,423,385,338,340,249,249,197,143,141,123,82,78,60,39,0,0
2025,2025-05-06,Westbound,Heavy Vehicles,57,46,40,61,74,195,306,249,245,333,392,385,419,423,403,313,273,213,190,137,97,74,66,66,0,0
2025,2025-05-06,Eastbound,All Vehicles,263,199,214,333,860,2449,3130,2942,2883,2598,2310,2123,2143,2208,2312,2672,2478,2126,2169,1557,1213,1129,840,405,0,0
2025,2025-05-06,Westbound,All Vehicles,407,246,194,236,454,1405,2404,2406,2477,2291,2283,2265,2316,2627,2938,2928,2716,2650,2825,2301,1883,1694,1424,847,0,0
2025,2025-05-07,Westbound,Heavy Vehicles,47,52,40,67,78,200,316,267,260,323,404,393,421,427,419,341,293,205,184,161,106,107,58,67,0,0
2025,2025-05-07,Eastbound,Light Vehicles,219,152,163,260,735,2163,2594,2426,2425,2134,1968,1836,1865,1907,2148,2438,2136,,1864,1500,1215,1105,809,427,0,0
2025,2025-05-07,Westbound,Light Vehicles,368,226,154,203,389,1251,2140,2279,2188,2043,1837,1795,2007,2235,2562,2541,2566,2398,2538,2381,1847,1716,1332,827,0,0
2025,2025-05-07,Eastbound,Heavy Vehicles,46,49,50,79,166,346,528,366,361,437,426,370,333,356,243,236,191,,142,140,85,71,53,44,0,0
2025,2025-05-07,Westbound,All Vehicles,415,278,194,270,467,1451,2456,2546,2448,2366,2241,2188,2428,2662,2981,2882,2859,2603,2722,2542,1953,1823,1390,894,0,0
2025,2025-05-07,Eastbound,All Vehicles,265,201,213,339,901,2509,3122,2792,2786,2571,2394,2206,2198,2263,2391,2674,2327,,2006,1640,1300,1176,862,471,0,0
2025,2025-05-08,Eastbound,Light Vehicles,245,178,154,258,725,2096,2639,2453,2375,2132,2036,1909,1869,1965,2128,2444,2377,2041,2266,1599,1254,1170,831,479,0,0
2025,2025-05-08,Eastbound,Heavy Vehicles,39,58,60,81,159,356,531,408,321,438,414,376,389,292,300,264,190,167,164,152,86,81,61,47,0,0
2025,2025-05-08,Westbound,Heavy Vehicles,54,53,50,58,83,200,342,240,244,342,420,424,415,404,382,295,274,223,224,137,120,103,117,64,0,0
2025,2025-05-08,Westbound,Light Vehicles,419,217,141,197,375,1204,2163,2319,2176,2021,1791,1879,2176,2206,2581,2309,2371,2431,2579,2255,1921,1961,1919,888,0,0
2025,2025-05-08,Eastbound,All Vehicles,284,236,214,339,884,2452,3170,2861,2696,2570,2450,2285,2258,2257,2428,2708,2567,2208,2430,1751,1340,1251,892,526,0,0
2025,2025-05-08,Westbound,All Vehicles,473,270,191,255,458,1404,2505,2559,2420,2363,2211,2303,2591,2610,2963,2604,2645,2654,2803,2392,2041,2064,2036,952,0,0
2025,2025-05-09,Westbound,Heavy Vehicles,55,36,51,58,82,210,314,268,284,355,390,410,388,399,377,313,294,220,185,136,89,71,70,46,0,0
2025,2025-05-09,Eastbound,Heavy Vehicles,42,46,62,78,149,359,549,404,350,423,361,336,345,329,239,226,186,,150,106,,48,48,33,0,0
2025,2025-05-09,Westbound,Light Vehicles,475,261,161,217,406,1177,2195,2155,2153,1996,2067,2009,2103,2302,2610,2506,2516,2536,2350,2368,1888,1785,1983,1374,0,0
2025,2025-05-09,Eastbound,Light Vehicles,295,192,151,229,697,2058,2531,2537,2329,2039,1974,1939,1935,2041,2068,2332,2153,,1903,1763,,1319,1137,726,0,0
2025,2025-05-09,Westbound,All Vehicles,530,297,212,275,488,1387,2509,2423,2437,2351,2457,2419,2491,2701,2987,2819,2810,2756,2535,2504,1977,1856,2053,1420,0,0
2025,2025-05-09,Eastbound,All Vehicles,337,238,213,307,846,2417,3080,2941,2679,2462,2335,2275,2280,2370,2307,2558,2339,,2053,1869,,1367,1185,759,0,0
2025,2025-05-10,Eastbound,Light Vehicles,501,262,194,226,441,1045,1587,1730,2109,2318,2429,2450,2479,2598,2604,2448,2411,2559,2432,1702,1388,1373,1259,949,0,0
2025,2025-05-10,Eastbound,Heavy Vehicles,24,28,31,38,57,107,249,215,201,202,167,158,148,134,117,140,112,130,123,66,55,57,47,25,0,0
2025,2025-05-10,Westbound,Heavy Vehicles,36,30,40,32,36,72,166,181,195,181,191,197,166,159,151,174,151,136,119,86,65,85,124,54,0,0
2025,2025-05-10,Westbound,Light Vehicles,794,455,312,228,270,620,1229,1451,1809,2220,2629,2701,2594,2716,2835,2802,2855,2752,2502,2002,1861,2145,2471,1347,0,0
2025,2025-05-10,Eastbound,All Vehicles,525,290,225,264,498,1152,1836,1945,2310,2520,2596,2608,2627,2732,2721,2588,2523,2689,2555,1768,1443,1430,1306,974,0,0
2025,2025-05-10,Westbound,All Vehicles,830,485,352,260,306,692,1395,1632,2004,2401,2820,2898,2760,2875,2986,2976,3006,2888,2621,2088,1926,2230,2595,1401,0,0
2025,2025-05-11,Eastbound,Heavy Vehicles,22,13,15,12,25,40,63,79,89,113,107,105,100,87,115,98,102,91,74,78,44,60,62,47,0,0
2025,2025-05-11,Westbound,Light Vehicles,905,475,369,211,220,319,591,1002,1328,1989,2180,2531,2672,2553,2692,2740,2730,2698,2379,1915,1873,1449,1192,840,0,0
2025,2025-05-11,Westbound,Heavy Vehicles,26,30,20,10,23,27,55,53,79,90,91,106,126,111,109,112,93,104,85,72,78,65,53,53,0,0
2025,2025-05-11,Eastbound,Light Vehicles,553,327,196,171,250,589,909,1020,1490,2188,2369,2647,2618,2461,2394,2265,2334,2423,2003,1574,1342,1243,832,372,0,0
2025,2025-05-11,Eastbound,All Vehicles,575,340,211,183,275,629,972,1099,1579,2301,2476,2752,2718,2548,2509,2363,2436,2514,2077,1652,1386,1303,894,419,0,0
2025,2025-05-11,Westbound,All Vehicles,931,505,389,221,243,346,646,1055,1407,2079,2271,2637,2798,2664,2801,2852,2823,2802,2464,1987,1951,1514,1245,893,0,0
2025,2025-05-12,Westbound,Light Vehicles,337,192,141,157,372,1142,2132,2283,2123,1969,1837,1784,2039,2299,2528,2654,2700,2560,2606,1855,1589,1378,1188,657,0,0
2025,2025-05-12,Eastbound,Light Vehicles,225,127,137,264,710,2031,2395,2655,2523,2068,1787,1757,1756,1881,2158,2359,2423,2033,1873,1377,1136,996,,364,0,0
2025,2025-05-12,Westbound,Heavy Vehicles,31,38,31,49,70,158,308,267,282,358,348,412,424,470,367,360,313,222,201,123,103,52,77,55,0,0
2025,2025-05-12,Eastbound,Heavy Vehicles,40,45,35,78,161,310,464,369,326,391,371,372,330,305,271,233,176,146,138,143,65,64,,40,0,0
2025,2025-05-12,Westbound,All Vehicles,368,230,172,206,442,1300,2440,2550,2405,2327,2185,2196,2463,2769,2895,3014,3013,2782,2807,1978,1692,1430,1265,712,0,0
2025,2025-05-12,Eastbound,All Vehicles,265,172,172,342,871,2341,2859,3024,2849,2459,2158,2129,2086,2186,2429,2592,2599,2179,2011,1520,1201,1060,,404,0,0
2025,2025-05-13,Eastbound,Light Vehicles,207,163,162,235,700,2148,2634,2711,2524,2094,1855,1849,1851,2046,2100,2556,2283,1718,1960,1489,1176,1112,708,403,0,0
2025,2025-05-13,Westbound,Light Vehicles,324,214,161,178,388,1207,2184,2263,2242,2027,1833,1769,2036,2286,2622,2662,2626,2381,2651,2045,1787,1530,1338,717,0,0
2025,2025-05-13,Westbound,Heavy Vehicles,61,42,47,50,94,177,312,258,253,364,376,422,414,456,401,297,290,203,191,145,93,68,92,68,0,0
2025,2025-05-13,Eastbound,Heavy Vehicles,35,53,57,78,159,331,479,366,322,436,352,391,323,293,292,230,202,151,150,139,92,75,69,47,0,0
2025,2025-05-13,Eastbound,All Vehicles,242,216,219,313,859,2479,3113,3077,2846,2530,2207,2240,2174,2339,2392,2786,2485,1869,2110,1628,1268,1187,777,450,0,0
2025,2025-05-13,Westbound,All Vehicles,385,256,208,228,482,1384,2496,2521,2495,2391,2209,2191,2450,2742,3023,2959,2916,2584,2842,2190,1880,1598,1430,785,0,0
2025,2025-05-14,Westbound,Heavy Vehicles,53,43,60,60,76,185,315,242,269,346,388,429,442,442,384,324,263,227,193,148,109,81,95,62,0,0
2025,2025-05-14,Eastbound,Heavy Vehicles,39,51,57,82,166,318,524,378,319,440,388,378,408,287,276,214,195,149,143,131,79,62,62,44,0,0
2025,2025-05-14,Westbound,Light Vehicles,368,220,146,173,393,1240,2141,2215,2258,2047,1810,1876,2031,2263,2500,2525,2514,2485,2628,2068,1875,1494,1384,811,0,0
2025,2025-05-14,Eastbound,Light Vehicles,229,154,139,261,774,2111,2567,2553,2459,2108,1973,1810,1790,1928,2130,2349,2332,1942,2048,1584,1219,1094,774,427,0,0
2025,2025-05-14,Westbound,All Vehicles,421,263,206,233,469,1425,2456,2457,2527,2393,2198,2305,2473,2705,2884,2849,2777,2712,2821,2216,1984,1575,1479,873,0,0
2025,2025-05-14,Eastbound,All Vehicles,268,205,196,343,940,2429,3091,2931,2778,2548,2361,2188,2198,2215,2406,2563,2527,2091,2191,1715,1298,1156,836,471,0,0
2025,2025-05-15,Eastbound,Light Vehicles,250,178,170,237,673,2156,2594,2664,2625,2152,1929,1858,1830,1794,2114,2230,2177,1807,1964,1507,1203,1148,783,451,0,0
2025,2025-05-15,Eastbound,Heavy Vehicles,32,48,59,82,155,318,489,400,329,418,363,430,354,306,286,230,169,152,155,120,84,62,60,52,0,0
2025,2025-05-15,Westbound,Light Vehicles,420,252,175,196,364,1214,2144,2265,2177,2078,1910,1865,2049,2252,2425,2348,2507,2351,2555,2106,1805,1777,1278,740,0,0
2025,2025-05-15,Westbound,Heavy Vehicles,49,46,43,61,87,176,326,251,260,345,391,439,448,430,346,297,271,214,192,124,112,92,54,59,0,0
2025,2025-05-15,Eastbound,All Vehicles,282,226,229,319,828,2474,3083,3064,2954,2570,2292,2288,2184,2100,2400,2460,2346,1959,2119,1627,1287,1210,843,503,0,0
2025,2025-05-15,Westbound,All Vehicles,469,298,218,257,451,1390,2470,2516,2437,2423,2301,2304,2497,2682,2771,2645,2778,2565,2747,2230,1917,1869,1332,799,0,0
2025,2025-05-16,Westbound,Light Vehicles,386,251,137,204,361,1201,2093,2168,2103,2139,1973,1945,2039,2272,2629,2413,2170,1652,2216,2192,1830,1836,1971,1325,0,0
2025,2025-05-16,Eastbound,Light Vehicles,297,185,175,262,654,2032,2420,2443,2412,2003,1871,1842,1921,2070,2319,2407,1875,1855,2146,1867,1321,1239,1110,769,0,0
2025,2025-05-16,Westbound,Heavy Vehicles,46,35,34,59,80,180,328,259,270,370,449,439,405,376,385,296,267,182,209,117,87,82,84,74,0,0
2025,2025-05-16,Eastbound,Heavy Vehicles,41,56,51,65,166,364,500,387,361,406,389,349,334,328,289,241,156,141,143,111,87,49,54,43,0,0
2025,2025-05-16,Westbound,All Vehicles,432,286,171,263,441,1381,2421,2427,2373,2509,2422,2384,2444,2648,3014,2709,2437,1834,2425,2309,1917,1918,2055,1399,0,0
2025,2025-05-16,Eastbound,All Vehicles,338,241,226,327,820,2396,2920,2830,2773,2409,2260,2191,2255,2398,2608,2648,2031,1996,2289,1978,1408,1288,1164,812,0,0
2025,2025-05-17,Eastbound,Light Vehicles,476,299,235,252,425,1101,1629,1721,2013,2269,2400,2588,2640,2567,2546,2560,2447,1747,2177,1613,1349,1357,1219,912,0,0
2025,2025-05-17,Westbound,Heavy Vehicles,46,30,23,30,46,56,169,165,163,206,208,200,188,181,200,180,146,145,126,99,73,77,69,44,0,0
2025,2025-05-17,Westbound,Light Vehicles,751,493,347,217,296,611,1203,1493,1754,2202,2421,2580,2630,2721,2837,2732,2619,2671,2568,2128,1881,1834,1888,1428,0,0
2025,2025-05-17,Eastbound,Heavy Vehicles,30,38,34,40,75,140,231,253,207,195,179,204,162,144,149,182,142,114,89,69,51,61,36,17,0,0
2025,2025-05-17,Eastbound,All Vehicles,506,337,269,292,500,1241,1860,1974,2220,2464,2579,2792,2802,2711,2695,2742,2589,1861,2266,1682,1400,1418,1255,929,0,0
2025,2025-05-17,Westbound,All Vehicles,797,523,370,247,342,667,1372,1658,1917,2408,2629,2780,2818,2902,3037,2912,2765,2816,2694,2227,1954,1911,1957,1472,0,0
2025,2025-05-18,Eastbound,Heavy Vehicles,30,13,14,21,22,49,53,76,99,90,92,96,99,95,98,77,104,81,72,73,59,59,47,35,0,0
2025,2025-05-18,Westbound,Heavy Vehicles,31,33,17,23,24,28,69,62,78,99,79,115,123,109,127,126,112,109,86,73,74,44,54,33,0,0
2025,2025-05-18,Eastbound,Light Vehicles,627,364,243,187,276,666,941,1026,1435,2071,2297,2381,2446,2415,2258,2224,2339,2121,1716,1380,1267,1078,679,401,0,0
2025,2025-05-18,Westbound,Light Vehicles,974,501,372,279,201,345,680,1009,1293,1733,2029,2198,2569,2464,2732,2700,2647,2577,2106,1687,1583,1302,1161,699,0,0
2025,2025-05-18,Eastbound,All Vehicles,657,377,257,208,298,715,994,1102,1534,2161,2389,2477,2545,2510,2356,2301,2443,2202,1788,1453,1326,1137,726,436,0,0
2025,2025-05-18,Westbound,All Vehicles,1005,534,389,302,225,373,749,1071,1371,1832,2108,2313,2692,2573,2859,2826,2759,2686,2192,1760,1657,1346,1215,732,0,0
2025,2025-05-19,Westbound,Light Vehicles,321,180,143,145,289,1089,1956,2329,2195,1972,1797,1799,2021,2289,2518,2706,2658,2492,2331,1824,1481,1282,1088,680,0,0
2025,2025-05-19,Eastbound,Light Vehicles,242,139,137,247,703,2020,2563,2724,2546,2077,1817,1725,1753,1911,2112,2302,2065,1703,1781,1327,1004,896,640,362,0,0
2025,2025-05-19,Westbound,Heavy Vehicles,30,28,20,35,59,136,303,266,307,358,383,422,425,402,399,292,267,200,198,128,98,68,74,64,0,0
2025,2025-05-19,Eastbound,Heavy Vehicles,40,37,34,60,146,335,518,348,335,403,398,329,323,313,259,248,214,165,118,118,78,69,42,33,0,0
2025,2025-05-19,Westbound,All Vehicles,351,208,163,180,348,1225,2259,2595,2502,2330,2180,2221,2446,2691,2917,2998,2925,2692,2529,1952,1579,1350,1162,744,0,0
2025,2025-05-19,Eastbound,All Vehicles,282,176,171,307,849,2355,3081,3072,2881,2480,2215,2054,2076,2224,2371,2550,2279,1868,1899,1445,1082,965,682,395,0,0
2025,2025-05-20,Westbound,Heavy Vehicles,51,37,44,51,79,151,327,266,227,343,357,407,428,392,368,331,261,219,192,140,114,86,69,61,0,0
2025,2025-05-20,Eastbound,Light Vehicles,203,158,154,252,735,2110,2651,2610,2273,2173,1857,1784,1830,1928,2117,2337,2350,1839,2069,1537,1241,1111,777,443,0,0
2025,2025-05-20,Eastbound,Heavy Vehicles,43,46,58,87,161,362,511,390,322,447,383,342,323,284,280,249,179,178,160,132,85,76,65,44,0,0
2025,2025-05-20,Westbound,Light Vehicles,371,200,130,170,366,1184,2084,2285,2026,2034,1812,1816,2003,2178,2650,2555,2693,2397,2595,2359,1949,1716,1442,765,0,0
2025,2025-05-20,Westbound,All Vehicles,422,237,174,221,445,1335,2411,2551,2253,2377,2169,2223,2431,2570,3018,2886,2954,2616,2787,2499,2063,1802,1511,826,0,0
2025,2025-05-20,Eastbound,All Vehicles,246,204,212,339,896,2472,3162,3000,2595,2620,2240,2126,2153,2212,2397,2586,2529,2017,2229,1669,1326,1187,842,487,0,0
2025,2025-05-21,Eastbound,Light Vehicles,245,178,156,242,703,2091,2639,2555,2559,2352,2058,1799,1793,1976,2208,2136,2081,1628,1893,1482,,1106,768,389,0,0
2025,2025-05-21,Westbound,Heavy Vehicles,52,45,45,55,67,172,323,257,208,303,366,387,375,370,366,335,268,225,201,129,103,85,73,54,0,0
2025,2025-05-21,Eastbound,Heavy Vehicles,49,47,66,83,151,336,516,358,291,447,439,351,283,308,244,237,182,145,124,107,,59,38,40,0,0
2025,2025-05-21,Westbound,Light Vehicles,414,257,136,175,359,1155,2091,2207,2195,1884,1788,1874,1910,2190,2600,2476,2567,2406,2644,2110,1823,1687,1398,790,0,0
2025,2025-05-21,Eastbound,All Vehicles,294,225,222,325,854,2427,3155,2913,2850,2799,2497,2150,2076,2284,2452,2373,2263,1773,2017,1589,,1165,806,429,0,0
2025,2025-05-21,Westbound,All Vehicles,466,302,181,230,426,1327,2414,2464,2403,2187,2154,2261,2285,2560,2966,2811,2835,2631,2845,2239,1926,1772,1471,844,0,0
2025,2025-05-22,Westbound,Light Vehicles,412,226,149,166,348,1130,1956,2240,2122,2046,1263,1570,1988,2048,2389,2256,2440,2353,2338,1745,1556,1405,1169,749,0,0
2025,2025-05-22,Westbound,Heavy Vehicles,28,31,32,47,72,149,310,258,233,337,236,355,406,289,331,286,241,202,185,105,76,66,54,55,0,0
2025,2025-05-22,Eastbound,Heavy Vehicles,28,51,46,94,160,313,499,372,291,423,260,280,321,252,250,197,158,146,,95,57,48,37,36,0,0
2025,2025-05-22,Eastbound,Light Vehicles,216,176,149,259,701,2098,2570,2551,2413,2099,1550,1607,1820,1862,1973,2146,1876,1655,,1336,1044,977,734,417,0,0
2025,2025-05-22,Westbound,All Vehicles,440,257,181,213,420,1279,2266,2498,2355,2383,1499,1925,2394,2337,2720,2542,2681,2555,2523,1850,1632,1471,1223,804,0,0
2025,2025-05-22,Eastbound,All Vehicles,244,227,195,353,861,2411,3069,2923,2704,2522,1810,1887,2141,2114,2223,2343,2034,1801,,1431,1101,1025,771,453,0,0
2025,2025-05-23,Westbound,Light Vehicles,398,237,158,190,263,935,1733,2007,1914,2061,1835,1940,2065,2193,2489,2622,2180,1849,2364,2126,1868,1880,2500,1384,0,0
2025,2025-05-23,Westbound,Heavy Vehicles,46,35,36,26,35,131,219,225,224,377,343,410,365,381,342,299,219,148,180,149,101,81,124,63,0,0
2025,2025-05-23,Eastbound,Heavy Vehicles,51,43,53,57,111,228,393,328,288,397,316,337,342,296,263,238,188,178,170,127,73,64,54,50,0,0
2025,2025-05-23,Eastbound,Light Vehicles,258,158,156,255,578,1767,2305,2457,2294,1952,1684,1823,1801,1948,2192,2320,2286,2375,2296,1873,1303,1261,1112,757,0,0
2025,2025-05-23,Westbound,All Vehicles,444,272,194,216,298,1066,1952,2232,2138,2438,2178,2350,2430,2574,2831,2921,2399,1997,2544,2275,1969,1961,2624,1447,0,0
2025,2025-05-23,Eastbound,All Vehicles,309,201,209,312,689,1995,2698,2785,2582,2349,2000,2160,2143,2244,2455,2558,2474,2553,2466,2000,1376,1325,1166,807,0,0
2025,2025-05-24,Eastbound,Light Vehicles,499,327,178,218,387,991,1511,1668,2001,2220,2279,2391,2576,2572,2523,2492,2389,2531,2191,1628,1389,1397,1302,897,0,0
2025,2025-05-24,Westbound,Heavy Vehicles,51,25,20,32,35,69,157,184,174,169,209,183,187,178,152,180,146,118,114,89,74,67,62,56,0,0
2025,2025-05-24,Eastbound,Heavy Vehicles,31,39,30,44,65,111,209,237,203,208,167,169,172,164,135,127,120,109,94,87,62,64,49,24,0,0
2025,2025-05-24,Westbound,Light Vehicles,858,505,328,202,283,547,1235,1439,1704,2202,2478,2585,2657,2658,2743,2735,2699,2749,2568,2059,1798,1945,1849,1397,0,0
2025,2025-05-24,Eastbound,All Vehicles,530,366,208,262,452,1102,1720,1905,2204,2428,2446,2560,2748,2736,2658,2619,2509,2640,2285,1715,1451,1461,1351,921,0,0
2025,2025-05-24,Westbound,All Vehicles,909,530,348,234,318,616,1392,1623,1878,2371,2687,2768,2844,2836,2895,2915,2845,2867,2682,2148,1872,2012,1911,1453,0,0
2025,2025-05-25,Westbound,Light Vehicles,912,559,374,255,254,321,796,1070,1374,1876,2078,2326,2566,2640,2800,2723,2681,2754,2202,1863,1699,1470,1246,790,0,0
2025,2025-05-25,Westbound,Heavy Vehicles,35,23,12,19,23,23,55,76,74,101,98,111,124,119,98,140,108,118,100,103,85,62,57,50,0,0
2025,2025-05-25,Eastbound,Heavy Vehicles,17,16,16,16,22,40,54,78,82,104,112,116,99,94,94,100,95,86,99,79,54,62,54,41,0,0
2025,2025-05-25,Eastbound,Light Vehicles,553,345,191,194,240,612,921,1074,1551,2165,2116,2442,2227,2204,2393,2298,2383,2398,1994,1530,1330,1170,736,431,0,0
2025,2025-05-25,Westbound,All Vehicles,947,582,386,274,277,344,851,1146,1448,1977,2176,2437,2690,2759,2898,2863,2789,2872,2302,1966,1784,1532,1303,840,0,0
2025,2025-05-25,Eastbound,All Vehicles,570,361,207,210,262,652,975,1152,1633,2269,2228,2558,2326,2298,2487,2398,2478,2484,2093,1609,1384,1232,790,472,0,0
2025,2025-05-26,Eastbound,Heavy Vehicles,33,35,38,53,136,286,460,368,368,449,373,357,306,357,274,,153,142,134,122,65,54,55,50,0,0
2025,2025-05-26,Westbound,Heavy Vehicles,31,37,41,50,62,155,337,262,259,400,362,415,459,396,421,332,244,210,193,93,117,69,67,56,0,0
2025,2025-05-26,Eastbound,Light Vehicles,274,161,160,244,718,2187,2662,2654,2649,2056,1698,1762,1787,1937,2024,,2031,1821,1820,1315,1094,911,640,337,0,0
2025,2025-05-26,Westbound,Light Vehicles,382,216,151,144,353,1218,2167,2219,2231,1966,1831,1888,1901,2208,2480,2424,2407,2223,2616,1870,1534,1198,1033,567,0,0
2025,2025-05-26,Eastbound,All Vehicles,307,196,198,297,854,2473,3122,3022,3017,2505,2071,2119,2093,2294,2298,,2184,1963,1954,1437,1159,965,695,387,0,0
2025,2025-05-26,Westbound,All Vehicles,413,253,192,194,415,1373,2504,2481,2490,2366,2193,2303,2360,2604,2901,2756,2651,2433,2809,1963,1651,1267,1100,623,0,0
2025,2025-05-27,Westbound,Light Vehicles,280,201,137,176,365,1166,2118,2274,2180,2084,1887,1821,2037,2232,2511,2527,2558,2603,2649,2061,1767,1553,1345,716,0,0
2025,2025-05-27,Eastbound,Heavy Vehicles,28,37,59,80,149,300,416,136,194,361,405,359,332,305,232,200,176,168,142,113,91,67,69,39,0,0
2025,2025-05-27,Westbound,Heavy Vehicles,34,52,36,54,70,172,330,264,253,373,366,393,410,416,407,315,278,239,220,124,99,84,84,66,0,0
2025,2025-05-27,Eastbound,Light Vehicles,203,140,172,243,714,2090,2162,987,1285,1730,1895,1812,1796,1980,2137,2224,2289,1917,2005,1490,1236,1105,750,438,0,0
2025,2025-05-27,Westbound,All Vehicles,314,253,173,230,435,1338,2448,2538,2433,2457,2253,2214,2447,2648,2918,2842,2836,2842,2869,2185,1866,1637,1429,782,0,0
2025,2025-05-27,Eastbound,All Vehicles,231,177,231,323,863,2390,2578,1123,1479,2091,2300,2171,2128,2285,2369,2424,2465,2085,2147,1603,1327,1172,819,477,0,0
2025,2025-05-28,Westbound,Heavy Vehicles,48,47,58,58,83,175,336,271,227,364,380,410,435,392,339,335,270,241,217,117,103,82,87,76,0,0
2025,2025-05-28,Eastbound,Heavy Vehicles,37,40,52,93,148,313,449,344,292,404,366,349,304,310,248,207,143,151,128,133,81,68,57,45,0,0
2025,2025-05-28,Westbound,Light Vehicles,364,204,163,164,397,1193,2175,2268,2264,1941,1891,1865,2035,2358,2497,2622,2544,2422,2742,2209,1663,1468,1544,903,0,0
2025,2025-05-28,Eastbound,Light Vehicles,211,174,181,241,680,2209,2649,2378,2438,2198,1904,1848,1857,1964,2303,2292,2270,1812,2088,1530,1155,976,1030,503,0,0
2025,2025-05-28,Westbound,All Vehicles,412,251,221,222,480,1368,2511,2539,2491,2305,2271,2275,2470,2750,2836,2957,2814,2663,2959,2326,1766,1550,1631,979,0,0
2025,2025-05-28,Eastbound,All Vehicles,248,214,233,334,828,2522,3098,2722,2730,2602,2270,2197,2161,2274,2551,2499,2413,1963,2216,1663,1236,1044,1087,548,0,0
2025,2025-05-29,Westbound,Heavy Vehicles,52,55,45,55,78,180,328,256,269,329,384,442,407,425,346,311,272,198,185,128,107,89,65,70,0,0
2025,2025-05-29,Eastbound,Light Vehicles,271,180,157,268,691,2127,2663,2723,2642,2185,1920,1856,1908,2039,2167,2449,2128,2049,2075,1576,1214,1122,750,444,0,0
2025,2025-05-29,Westbound,Light Vehicles,447,242,168,164,381,1168,2181,2240,2175,2031,1880,1842,2061,2313,2562,2533,2581,2398,2570,2109,1881,1858,1549,844,0,0
2025,2025-05-29,Eastbound,Heavy Vehicles,46,40,58,74,151,306,477,398,381,423,407,381,358,294,256,232,177,152,142,126,89,55,58,49,0,0
2025,2025-05-29,Westbound,All Vehicles,499,297,213,219,459,1348,2509,2496,2444,2360,2264,2284,2468,2738,2908,2844,2853,2596,2755,2237,1988,1947,1614,914,0,0
2025,2025-05-29,Eastbound,All Vehicles,317,220,215,342,842,2433,3140,3121,3023,2608,2327,2237,2266,2333,2423,2681,2305,2201,2217,1702,1303,1177,808,493,0,0
2025,2025-05-30,Westbound,Heavy Vehicles,54,45,53,54,74,172,311,252,257,345,383,429,433,369,382,319,297,226,189,158,105,87,59,58,0,0
2025,2025-05-30,Eastbound,Heavy Vehicles,41,53,47,84,155,331,499,336,305,431,346,337,332,305,241,198,141,148,162,103,84,52,58,45,0,0
2025,2025-05-30,Eastbound,Light Vehicles,277,187,181,248,670,2060,2565,2232,2121,2024,1921,2025,2012,2182,2390,2330,1834,2087,2232,1719,1344,1316,1125,687,0,0
2025,2025-05-30,Westbound,Light Vehicles,415,262,193,199,372,1192,2095,2014,2052,2101,1855,1964,2065,2347,2499,2429,2505,2504,2577,2289,1837,1894,1703,1244,0,0
2025,2025-05-30,Westbound,All Vehicles,469,307,246,253,446,1364,2406,2266,2309,2446,2238,2393,2498,2716,2881,2748,2802,2730,2766,2447,1942,1981,1762,1302,0,0
2025,2025-05-30,Eastbound,All Vehicles,318,240,228,332,825,2391,3064,2568,2426,2455,2267,2362,2344,2487,2631,2528,1975,2235,2394,1822,1428,1368,1183,732,0,0
2025,2025-05-31,Westbound,Heavy Vehicles,44,28,31,33,29,79,183,194,166,185,205,206,175,166,192,178,174,150,120,92,62,65,62,44,0,0
2025,2025-05-31,Eastbound,Light Vehicles,441,283,204,228,422,999,1616,1716,2010,2364,2333,2249,2467,2207,2391,2384,2355,2399,2345,1614,1337,1380,1235,893,0,0
2025,2025-05-31,Eastbound,Heavy Vehicles,26,26,28,45,57,136,258,238,207,185,154,160,160,131,147,145,128,120,95,75,68,51,39,34,0,0
2025,2025-05-31,Westbound,Light Vehicles,771,457,327,257,290,622,1255,1471,1806,2121,2431,2547,2573,2329,2741,2833,2793,2714,2573,2007,1863,1905,1981,1394,0,0
2025,2025-05-31,Westbound,All Vehicles,815,485,358,290,319,701,1438,1665,1972,2306,2636,2753,2748,2495,2933,3011,2967,2864,2693,2099,1925,1970,2043,1438,0,0
2025,2025-05-31,Eastbound,All Vehicles,467,309,232,273,479,1135,1874,1954,2217,2549,2487,2409,2627,2338,2538,2529,2483,2519,2440,1689,1405,1431,1274,927,0,0
2025,2025-06-01,Eastbound,Light Vehicles,560,341,196,189,252,579,940,1045,1550,2176,2238,2525,2615,2579,2561,2410,2143,2143,1948,1375,1312,1129,776,412,0,0
2025,2025-06-01,Westbound,Heavy Vehicles,36,28,15,18,23,22,57,61,106,82,113,94,128,104,104,104,123,121,181,99,86,66,58,38,0,0
2025,2025-06-01,Eastbound,Heavy Vehicles,23,21,15,10,24,47,61,89,103,92,85,104,95,102,117,141,76,99,95,85,52,74,54,36,0,0
2025,2025-06-01,Westbound,Light Vehicles,929,521,341,269,228,329,659,1103,1367,1846,2023,2256,2604,2383,2679,2778,2692,2896,2954,1963,1792,1524,1216,698,0,0
2025,2025-06-01,Eastbound,All Vehicles,583,362,211,199,276,626,1001,1134,1653,2268,2323,2629,2710,2681,2678,2551,2219,2242,2043,1460,1364,1203,830,448,0,0
2025,2025-06-01,Westbound,All Vehicles,965,549,356,287,251,351,716,1164,1473,1928,2136,2350,2732,2487,2783,2882,2815,3017,3135,2062,1878,1590,1274,736,0,0
2025,2025-06-02,Eastbound,Light Vehicles,267,151,149,267,755,2042,2512,2745,,2102,1742,1691,1767,1887,2202,2349,2146,1808,1924,1380,1151,997,,378,0,0
2025,2025-06-02,Eastbound,Heavy Vehicles,27,39,40,71,132,264,426,402,,362,364,373,319,287,239,219,167,118,132,107,65,49,,31,0,0
2025,2025-06-02,Westbound,Heavy Vehicles,27,40,27,59,63,179,326,275,287,355,412,381,438,438,391,296,232,195,189,123,94,78,68,51,0,0
2025,2025-06-02,Westbound,Light Vehicles,365,200,122,135,349,1175,2030,2270,2168,2100,1841,1755,2002,2201,2478,2497,2658,2339,2575,1993,1607,1410,1187,683,0,0
2025,2025-06-02,Eastbound,All Vehicles,294,190,189,338,887,2306,2938,3147,,2464,2106,2064,2086,2174,2441,2568,2313,1926,2056,1487,1216,1046,,409,0,0
2025,2025-06-02,Westbound,All Vehicles,392,240,149,194,412,1354,2356,2545,2455,2455,2253,2136,2440,2639,2869,2793,2890,2534,2764,2116,1701,1488,1255,734,0,0
2025,2025-06-03,Eastbound,Heavy Vehicles,37,44,54,92,153,281,425,323,324,407,358,325,321,275,222,196,176,129,144,125,80,68,56,44,0,0
2025,2025-06-03,Westbound,Heavy Vehicles,44,51,38,66,83,204,317,270,227,340,366,438,443,412,384,285,297,207,193,166,111,78,71,54,0,0
2025,2025-06-03,Eastbound,Light Vehicles,222,155,162,255,728,2182,2718,2615,2565,2169,1915,1782,1795,1966,2239,2335,2123,1905,2069,1547,1224,1077,752,383,0,0
2025,2025-06-03,Westbound,Light Vehicles,337,206,155,168,353,1199,2138,2252,2196,2027,1862,1839,1999,2136,2551,2312,2546,2342,2621,2225,1718,1634,1379,745,0,0
2025,2025-06-03,Eastbound,All Vehicles,259,199,216,347,881,2463,3143,2938,2889,2576,2273,2107,2116,2241,2461,2531,2299,2034,2213,1672,1304,1145,808,427,0,0
2025,2025-06-03,Westbound,All Vehicles,381,257,193,234,436,1403,2455,2522,2423,2367,2228,2277,2442,2548,2935,2597,2843,2549,2814,2391,1829,1712,1450,799,0,0
2025,2025-06-04,Westbound,Light Vehicles,376,229,171,173,386,1232,2128,2168,2092,2079,1890,1869,2081,2220,2521,2543,2497,2552,2483,2136,1756,1622,1438,906,0,0
2025,2025-06-04,Westbound,Heavy Vehicles,53,45,42,54,100,174,331,264,272,310,381,425,377,432,385,336,280,207,172,140,93,74,77,65,0,0
2025,2025-06-04,Westbound,All Vehicles,429,274,213,227,486,1406,2459,2432,2364,2389,2271,2294,2458,2652,2906,2879,2777,2759,2655,2276,1849,1696,1515,971,0,0
2025,2025-06-05,Eastbound,Light Vehicles,232,167,147,250,646,1936,2503,2057,2305,2100,1973,1819,1883,2010,2101,2261,1963,2001,2177,1474,1230,1169,741,460,0,0
2025,2025-06-05,Westbound,Light Vehicles,447,248,168,200,354,1187,1969,2252,2299,2050,1875,1806,2001,2242,2479,2533,2575,2460,2519,2154,1995,1768,1507,803,0,0
2025,2025-06-05,Westbound,Heavy Vehicles,57,40,41,59,72,173,332,264,271,366,366,404,424,443,377,323,246,250,196,154,84,93,70,69,0,0
2025,2025-06-05,Eastbound,Heavy Vehicles,27,34,50,71,114,317,491,330,319,443,365,397,358,397,274,226,180,157,179,122,88,66,63,39,0,0
2025,2025-06-05,Eastbound,All Vehicles,259,201,197,321,760,2253,2994,2387,2624,2543,2338,2216,2241,2407,2375,2487,2143,2158,2356,1596,1318,1235,804,499,0,0
2025,2025-06-05,Westbound,All Vehicles,504,288,209,259,426,1360,2301,2516,2570,2416,2241,2210,2425,2685,2856,2856,2821,2710,2715,2308,2079,1861,1577,872,0,0
2025,2025-06-06,Eastbound,Heavy Vehicles,37,42,42,67,129,348,553,378,369,372,354,359,388,318,266,283,202,131,,121,110,57,,38,0,0
2025,2025-06-06,Eastbound,Light Vehicles,283,166,171,226,642,1978,2383,2409,2368,1984,1979,1942,1947,2189,2276,2457,2095,2026,,1779,1404,1277,,684,0,0
2025,2025-06-06,Westbound,Heavy Vehicles,51,40,38,66,67,167,339,263,278,346,387,424,423,416,385,294,279,260,236,143,91,77,64,57,0,0
2025,2025-06-06,Westbound,Light Vehicles,450,244,177,185,399,1160,1913,2251,2060,2091,1880,2005,2139,2442,2589,2548,2440,2440,2690,2233,1878,1806,1789,1309,0,0
2025,2025-06-06,Eastbound,All Vehicles,320,208,213,293,771,2326,2936,2787,2737,2356,2333,2301,2335,2507,2542,2740,2297,2157,,1900,1514,1334,,722,0,0
2025,2025-06-06,Westbound,All Vehicles,501,284,215,251,466,1327,2252,2514,2338,2437,2267,2429,2562,2858,2974,2842,2719,2700,2926,2376,1969,1883,1853,1366,0,0
2025,2025-06-07,Westbound,Heavy Vehicles,52,29,28,25,38,55,143,164,159,147,192,183,160,183,155,171,122,123,94,74,75,77,67,27,0,0
2025,2025-06-07,Eastbound,Light Vehicles,432,257,183,205,392,918,1462,1508,1893,2167,2373,2595,2643,2483,2380,2421,2299,2520,2091,1615,1240,1344,1081,807,0,0
2025,2025-06-07,Eastbound,Heavy Vehicles,29,29,27,37,45,101,238,233,222,176,167,153,171,130,134,149,145,118,98,73,39,61,43,29,0,0
2025,2025-06-07,Westbound,Light Vehicles,772,441,316,211,248,549,1150,1471,1763,2205,2306,2499,2621,2659,2658,2591,2759,2684,2454,1865,1749,1891,1730,1288,0,0
2025,2025-06-07,Westbound,All Vehicles,824,470,344,236,286,604,1293,1635,1922,2352,2498,2682,2781,2842,2813,2762,2881,2807,2548,1939,1824,1968,1797,1315,0,0
2025,2025-06-07,Eastbound,All Vehicles,461,286,210,242,437,1019,1700,1741,2115,2343,2540,2748,2814,2613,2514,2570,2444,2638,2189,1688,1279,1405,1124,836,0,0
2025,2025-06-08,Westbound,Light Vehicles,870,469,288,256,207,359,649,1013,1407,1840,2156,2280,2515,2395,2538,2699,2483,2710,2784,1897,1721,1669,1498,1127,0,0
2025,2025-06-08,Eastbound,Heavy Vehicles,19,20,18,15,22,38,63,69,80,88,127,114,118,97,123,100,79,100,72,63,49,56,42,31,0,0
2025,2025-06-08,Westbound,Heavy Vehicles,29,24,13,26,16,19,49,69,99,97,98,90,120,119,97,104,108,99,122,58,58,54,41,38,0,0
2025,2025-06-08,Eastbound,Light Vehicles,542,343,182,178,252,560,918,981,1379,1969,2279,2429,2558,2419,2361,2278,2159,2342,2110,1569,1358,1260,893,645,0,0
2025,2025-06-08,Westbound,All Vehicles,899,493,301,282,223,378,698,1082,1506,1937,2254,2370,2635,2514,2635,2803,2591,2809,2906,1955,1779,1723,1539,1165,0,0
2025,2025-06-08,Eastbound,All Vehicles,561,363,200,193,274,598,981,1050,1459,2057,2406,2543,2676,2516,2484,2378,2238,2442,2182,1632,1407,1316,935,676,0,0
2025,2025-06-09,Westbound,Heavy Vehicles,6,9,7,11,10,13,26,30,44,28,36,35,43,52,34,40,34,26,40,33,32,20,15,11,0,0
2025,2025-06-09,Eastbound,Light Vehicles,233,137,94,109,162,271,329,332,387,598,764,836,851,873,879,817,725,751,717,548,492,412,302,178,0,0
2025,2025-06-09,Eastbound,Heavy Vehicles,13,13,13,22,24,39,55,55,65,65,48,49,60,59,43,49,29,31,31,30,20,26,33,27,0,0
2025,2025-06-09,Westbound,Light Vehicles,291,173,123,76,89,123,206,278,340,446,604,681,667,641,716,691,662,672,645,609,511,464,421,337,0,0
2025,2025-06-09,Westbound,All Vehicles,297,182,130,87,99,136,232,308,384,474,640,716,710,693,750,731,696,698,685,642,543,484,436,348,0,0
2025,2025-06-09,Eastbound,All Vehicles,246,150,107,131,186,310,384,387,452,663,812,885,911,932,922,866,754,782,748,578,512,438,335,205,0,0
2025,2025-06-10,Westbound,Heavy Vehicles,35,25,28,41,47,151,321,255,278,349,390,411,403,373,369,294,292,227,216,141,113,79,84,73,0,0
2025,2025-06-10,Eastbound,Heavy Vehicles,31,52,40,72,149,325,524,365,361,,417,388,340,,,239,189,143,145,135,100,82,62,50,0,0
2025,2025-06-10,Westbound,Light Vehicles,320,175,138,155,318,1063,1985,2262,2222,2077,1755,1845,1955,2084,2469,2477,2478,2509,2691,2073,1753,1565,1265,842,0,0
2025,2025-06-10,Eastbound,Light Vehicles,223,146,130,236,697,1922,2643,2664,2505,,1886,1880,1821,,,2295,2193,1952,2065,1417,1165,1088,749,344,0,0
2025,2025-06-10,Westbound,All Vehicles,355,200,166,196,365,1214,2306,2517,2500,2426,2145,2256,2358,2457,2838,2771,2770,2736,2907,2214,1866,1644,1349,915,0,0
2025,2025-06-10,Eastbound,All Vehicles,254,198,170,308,846,2247,3167,3029,2866,,2303,2268,2161,,,2534,2382,2095,2210,1552,1265,1170,811,394,0,0
2025,2025-06-11,Westbound,Light Vehicles,405,219,152,164,367,1172,2042,2277,2087,2027,1825,1888,2022,2127,2566,2522,2518,2497,2706,2185,1738,1638,1409,765,0,0
2025,2025-06-11,Eastbound,Heavy Vehicles,42,40,55,83,135,355,543,411,317,459,424,373,366,308,283,221,216,178,165,112,105,77,62,53,0,0
2025,2025-06-11,Westbound,Heavy Vehicles,44,43,39,66,75,182,305,266,260,325,392,449,428,397,388,352,298,243,206,176,123,89,76,75,0,0
2025,2025-06-11,Eastbound,Light Vehicles,224,154,148,224,706,2193,2534,2494,2250,2137,1983,1770,1835,2028,2176,2212,2279,2079,1989,1508,1178,1001,756,427,0,0
2025,2025-06-11,Westbound,All Vehicles,449,262,191,230,442,1354,2347,2543,2347,2352,2217,2337,2450,2524,2954,2874,2816,2740,2912,2361,1861,1727,1485,840,0,0
2025,2025-06-11,Eastbound,All Vehicles,266,194,203,307,841,2548,3077,2905,2567,2596,2407,2143,2201,2336,2459,2433,2495,2257,2154,1620,1283,1078,818,480,0,0
2025,2025-06-12,Westbound,Light Vehicles,412,261,147,179,346,1205,2046,2177,2217,1952,1865,1865,2068,2267,2591,2486,2515,2407,2601,1999,1925,1630,1429,845,0,0
2025,2025-06-12,Eastbound,Heavy Vehicles,42,45,60,93,150,359,522,400,324,384,421,402,356,337,331,257,184,179,182,137,102,83,57,70,0,0
2025,2025-06-12,Eastbound,Light Vehicles,228,159,150,251,688,2163,2647,2487,2415,2127,1915,1859,1845,2131,2195,2507,2128,1885,2083,1552,1184,1061,759,453,0,0
2025,2025-06-12,Westbound,Heavy Vehicles,57,40,53,69,63,177,360,286,258,320,431,423,444,402,370,319,330,223,240,140,118,91,77,67,0,0
2025,2025-06-12,Westbound,All Vehicles,469,301,200,248,409,1382,2406,2463,2475,2272,2296,2288,2512,2669,2961,2805,2845,2630,2841,2139,2043,1721,1506,912,0,0
2025,2025-06-12,Eastbound,All Vehicles,270,204,210,344,838,2522,3169,2887,2739,2511,2336,2261,2201,2468,2526,2764,2312,2064,2265,1689,1286,1144,816,523,0,0
2025,2025-06-13,Eastbound,Light Vehicles,265,157,156,256,646,2085,2601,2599,2414,2001,1956,1884,2045,2103,2308,2322,2136,2124,2216,1648,1255,1218,1050,663,0,0
2025,2025-06-13,Eastbound,Heavy Vehicles,72,50,61,82,149,336,539,431,377,372,370,394,349,329,258,242,177,181,134,117,92,47,56,29,0,0
2025,2025-06-13,Westbound,Light Vehicles,437,280,190,188,380,1130,2044,2207,2169,2060,1868,1982,2125,2248,2378,2645,2604,2530,2593,2144,1769,1694,1814,1234,0,0
2025,2025-06-13,Westbound,Heavy Vehicles,56,52,47,66,69,165,342,298,280,376,398,428,424,423,374,342,294,215,193,139,100,76,74,58,0,0
2025,2025-06-13,Eastbound,All Vehicles,337,207,217,338,795,2421,3140,3030,2791,2373,2326,2278,2394,2432,2566,2564,2313,2305,2350,1765,1347,1265,1106,692,0,0
2025,2025-06-13,Westbound,All Vehicles,493,332,237,254,449,1295,2386,2505,2449,2436,2266,2410,2549,2671,2752,2987,2898,2745,2786,2283,1869,1770,1888,1292,0,0
2025,2025-06-14,Eastbound,Light Vehicles,487,288,201,210,414,1061,1624,1753,2085,2313,2432,2633,2523,2640,2459,2418,2354,2427,2162,1588,1325,1507,1233,840,0,0
2025,2025-06-14,Westbound,Heavy Vehicles,50,24,24,32,31,68,171,201,179,172,195,199,192,182,184,172,165,144,120,86,69,59,59,51,0,0
2025,2025-06-14,Westbound,Light Vehicles,832,436,268,220,245,582,1295,1412,1900,2172,2471,2562,2607,2799,2766,2788,2808,2782,2473,2014,1748,1758,1818,1538,0,0
2025,2025-06-14,Eastbound,Heavy Vehicles,25,29,29,36,57,135,275,251,215,184,188,166,176,162,147,134,139,136,119,67,51,61,45,32,0,0
2025,2025-06-14,Eastbound,All Vehicles,512,317,230,246,471,1196,1899,2004,2300,2497,2620,2799,2699,2802,2606,2552,2493,2563,2281,1655,1376,1568,1278,872,0,0
2025,2025-06-14,Westbound,All Vehicles,882,460,292,252,276,650,1466,1613,2079,2344,2666,2761,2799,2981,2950,2960,2973,2926,2593,2100,1817,1817,1877,1589,0,0
2025,2025-06-15,Westbound,Light Vehicles,897,530,333,266,216,308,633,972,1253,1796,1986,2370,2585,2546,2640,2687,2337,2454,2248,1712,1636,1421,1179,736,0,0
2025,2025-06-15,Eastbound,Light Vehicles,578,305,230,184,267,559,932,1051,1499,2208,2274,2380,2442,2383,2447,2236,2167,2060,1736,1335,1193,1046,707,359,0,0
2025,2025-06-15,Eastbound,Heavy Vehicles,23,10,16,19,29,51,80,104,92,121,105,118,140,97,116,116,92,75,86,91,53,59,58,41,0,0
2025,2025-06-15,Westbound,Heavy Vehicles,31,29,18,24,20,28,37,68,78,91,99,103,121,94,109,122,101,113,103,97,87,54,38,37,0,0
2025,2025-06-15,Westbound,All Vehicles,928,559,351,290,236,336,670,1040,1331,1887,2085,2473,2706,2640,2749,2809,2438,2567,2351,1809,1723,1475,1217,773,0,0
2025,2025-06-15,Eastbound,All Vehicles,601,315,246,203,296,610,1012,1155,1591,2329,2379,2498,2582,2480,2563,2352,2259,2135,1822,1426,1246,1105,765,400,0,0
2025,2025-06-16,Westbound,Light Vehicles,331,187,104,157,328,1138,2077,2185,2205,2048,1830,1833,1910,2105,2544,2489,2552,2514,2613,1858,1486,1277,1050,633,0,0
2025,2025-06-16,Westbound,Heavy Vehicles,35,38,26,61,77,156,350,295,277,380,397,397,438,406,419,331,303,243,240,125,86,68,68,65,0,0
2025,2025-06-16,Eastbound,Heavy Vehicles,50,51,49,65,166,357,545,342,349,432,416,332,378,335,303,256,200,200,164,117,115,70,65,54,0,0
2025,2025-06-16,Eastbound,Light Vehicles,229,133,132,240,674,2132,2646,2434,2452,2062,1763,1671,1778,1951,2107,2362,2103,2057,1948,1439,1134,964,624,369,0,0
2025,2025-06-16,Westbound,All Vehicles,366,225,130,218,405,1294,2427,2480,2482,2428,2227,2230,2348,2511,2963,2820,2855,2757,2853,1983,1572,1345,1118,698,0,0
2025,2025-06-16,Eastbound,All Vehicles,279,184,181,305,840,2489,3191,2776,2801,2494,2179,2003,2156,2286,2410,2618,2303,2257,2112,1556,1249,1034,689,423,0,0
2025,2025-06-17,Eastbound,Light Vehicles,229,173,144,269,689,2165,2630,2344,2357,2105,1843,1710,1793,1980,2029,2360,2180,1965,2040,1539,1191,967,687,415,0,0
2025,2025-06-17,Westbound,Heavy Vehicles,45,32,43,67,95,174,363,260,242,344,388,410,438,397,424,341,314,217,218,139,105,81,95,68,0,0
2025,2025-06-17,Westbound,Light Vehicles,306,206,147,162,368,1162,2074,1982,2122,1928,1864,1872,2057,2191,2495,2529,2561,2486,2652,2092,1776,1565,1347,724,0,0
2025,2025-06-17,Eastbound,Heavy Vehicles,40,41,57,95,150,347,572,342,294,445,395,390,335,302,273,259,191,167,165,115,91,81,63,61,0,0
2025,2025-06-17,Eastbound,All Vehicles,269,214,201,364,839,2512,3202,2686,2651,2550,2238,2100,2128,2282,2302,2619,2371,2132,2205,1654,1282,1048,750,476,0,0
2025,2025-06-17,Westbound,All Vehicles,351,238,190,229,463,1336,2437,2242,2364,2272,2252,2282,2495,2588,2919,2870,2875,2703,2870,2231,1881,1646,1442,792,0,0
2025,2025-06-18,Westbound,Light Vehicles,405,225,167,163,370,1190,2142,2266,2047,1868,1824,1890,1969,2207,2512,2642,2428,2468,2684,2307,1670,1522,1466,865,0,0
2025,2025-06-18,Eastbound,Heavy Vehicles,53,38,53,99,154,358,579,367,341,407,400,373,341,295,291,247,197,189,158,134,91,60,83,41,0,0
2025,2025-06-18,Eastbound,Light Vehicles,233,148,145,257,693,2175,2650,2378,2414,2129,1877,1862,1698,1791,2118,2421,2220,2106,2017,1578,1145,1033,960,437,0,0
2025,2025-06-18,Westbound,Heavy Vehicles,59,34,53,59,91,166,313,287,259,362,389,422,424,421,377,329,279,209,223,149,104,71,100,74,0,0
2025,2025-06-18,Westbound,All Vehicles,464,259,220,222,461,1356,2455,2553,2306,2230,2213,2312,2393,2628,2889,2971,2707,2677,2907,2456,1774,1593,1566,939,0,0
2025,2025-06-18,Eastbound,All Vehicles,286,186,198,356,847,2533,3229,2745,2755,2536,2277,2235,2039,2086,2409,2668,2417,2295,2175,1712,1236,1093,1043,478,0,0
2025,2025-06-19,Eastbound,Light Vehicles,237,178,168,234,657,1997,2692,2438,2468,2206,1767,1810,1784,1915,2124,2253,2174,2138,1799,1461,1188,1108,790,466,0,0
2025,2025-06-19,Westbound,Light Vehicles,454,249,163,176,389,1131,2146,2197,2228,2019,1900,1909,2111,2247,2492,2504,2400,2571,2734,2093,1827,1698,1231,711,0,0
2025,2025-06-19,Eastbound,Heavy Vehicles,48,51,68,91,152,352,513,384,321,461,363,405,320,298,297,273,189,176,150,134,87,100,64,63,0,0
2025,2025-06-19,Westbound,Heavy Vehicles,48,39,53,52,78,182,335,264,274,353,418,363,408,441,413,339,308,238,227,140,128,88,81,72,0,0
2025,2025-06-19,Eastbound,All Vehicles,285,229,236,325,809,2349,3205,2822,2789,2667,2130,2215,2104,2213,2421,2526,2363,2314,1949,1595,1275,1208,854,529,0,0
2025,2025-06-19,Westbound,All Vehicles,502,288,216,228,467,1313,2481,2461,2502,2372,2318,2272,2519,2688,2905,2843,2708,2809,2961,2233,1955,1786,1312,783,0,0
2025,2025-06-20,Westbound,Heavy Vehicles,79,31,46,61,88,166,323,319,283,352,396,413,400,385,376,309,276,264,193,141,99,75,78,58,0,0
2025,2025-06-20,Eastbound,Heavy Vehicles,62,59,53,88,170,331,510,391,371,409,396,374,324,350,263,253,204,173,161,127,62,63,58,46,0,0
2025,2025-06-20,Eastbound,Light Vehicles,266,177,159,252,656,2006,2625,2395,2420,2042,1953,1907,1806,2157,2256,2268,2348,2089,2260,1768,1366,1203,1097,751,0,0
2025,2025-06-20,Westbound,Light Vehicles,383,250,156,166,389,1153,2091,2185,2171,2068,1927,2003,2156,2382,2509,2558,2684,2519,2684,2338,1858,1781,1823,1269,0,0
2025,2025-06-20,Westbound,All Vehicles,462,281,202,227,477,1319,2414,2504,2454,2420,2323,2416,2556,2767,2885,2867,2960,2783,2877,2479,1957,1856,1901,1327,0,0
2025,2025-06-20,Eastbound,All Vehicles,328,236,212,340,826,2337,3135,2786,2791,2451,2349,2281,2130,2507,2519,2521,2552,2262,2421,1895,1428,1266,1155,797,0,0
2025,2025-06-21,Westbound,Light Vehicles,733,409,334,225,270,587,1248,1370,1864,2195,2372,2530,2709,2746,2766,2761,2829,2798,2615,2044,1848,2014,2108,1368,0,0
2025,2025-06-21,Westbound,Heavy Vehicles,41,29,27,31,44,79,183,167,166,174,198,200,208,171,198,156,164,131,133,95,82,70,65,50,0,0
2025,2025-06-21,Eastbound,Light Vehicles,456,242,184,218,392,1020,1606,1731,2088,2219,2393,2433,2448,2418,2424,2298,2385,2472,2367,1591,1332,1322,1264,944,0,0
2025,2025-06-21,Eastbound,Heavy Vehicles,26,37,29,37,52,112,255,253,204,172,162,163,153,157,163,147,124,124,130,66,85,40,56,43,0,0
2025,2025-06-21,Westbound,All Vehicles,774,438,361,256,314,666,1431,1537,2030,2369,2570,2730,2917,2917,2964,2917,2993,2929,2748,2139,1930,2084,2173,1418,0,0
2025,2025-06-21,Eastbound,All Vehicles,482,279,213,255,444,1132,1861,1984,2292,2391,2555,2596,2601,2575,2587,2445,2509,2596,2497,1657,1417,1362,1320,987,0,0
2025,2025-06-22,Eastbound,Heavy Vehicles,23,18,14,12,25,46,80,86,83,115,121,111,103,123,94,98,102,128,89,104,72,75,59,56,0,0
2025,2025-06-22,Westbound,Light Vehicles,855,469,345,264,213,340,668,1073,1349,1719,2106,2442,2489,2597,2576,2733,2720,2935,2506,1984,2133,1656,1165,696,0,0
2025,2025-06-22,Eastbound,Light Vehicles,532,333,188,193,254,562,991,1094,1599,2210,2320,2474,2448,2403,2210,2122,2199,2169,1693,1426,1259,1040,774,375,0,0
2025,2025-06-22,Westbound,Heavy Vehicles,36,21,23,20,15,47,47,71,82,76,102,102,127,120,111,128,106,113,99,98,114,62,62,52,0,0
2025,2025-06-22,Eastbound,All Vehicles,555,351,202,205,279,608,1071,1180,1682,2325,2441,2585,2551,2526,2304,2220,2301,2297,1782,1530,1331,1115,833,431,0,0
2025,2025-06-22,Westbound,All Vehicles,891,490,368,284,228,387,715,1144,1431,1795,2208,2544,2616,2717,2687,2861,2826,3048,2605,2082,2247,1718,1227,748,0,0
2025,2025-06-23,Eastbound,Heavy Vehicles,38,48,47,73,146,345,517,394,346,449,395,357,329,300,271,272,204,168,150,130,91,74,61,34,0,0
2025,2025-06-23,Westbound,Light Vehicles,339,193,124,155,343,1154,2197,2200,2171,2009,1800,1796,1985,2211,2543,2547,2521,2566,2535,1857,1574,1396,1204,682,0,0
2025,2025-06-23,Eastbound,Light Vehicles,226,151,140,244,643,2076,2682,2584,2511,2069,1785,1770,1618,1867,1971,2377,2054,2140,1884,1315,1052,916,672,347,0,0
2025,2025-06-23,Westbound,Heavy Vehicles,30,25,43,46,82,157,302,298,284,360,407,407,474,473,387,310,259,234,196,118,114,75,69,61,0,0
2025,2025-06-23,Eastbound,All Vehicles,264,199,187,317,789,2421,3199,2978,2857,2518,2180,2127,1947,2167,2242,2649,2258,2308,2034,1445,1143,990,733,381,0,0
2025,2025-06-23,Westbound,All Vehicles,369,218,167,201,425,1311,2499,2498,2455,2369,2207,2203,2459,2684,2930,2857,2780,2800,2731,1975,1688,1471,1273,743,0,0
2025,2025-06-24,Westbound,Light Vehicles,347,204,164,178,385,1189,2100,2317,2244,1932,1863,1914,1959,2223,2554,2510,2609,2478,2681,2006,1606,1406,1283,607,0,0
2025,2025-06-24,Westbound,Heavy Vehicles,49,32,48,59,80,172,345,293,288,316,364,389,432,403,419,304,287,205,198,143,121,70,73,59,0,0
2025,2025-06-24,Eastbound,Heavy Vehicles,40,43,54,96,139,347,562,368,332,435,376,355,317,289,249,247,209,155,144,154,81,76,52,40,0,0
2025,2025-06-24,Eastbound,Light Vehicles,188,158,146,243,701,2083,2653,2629,2521,2084,1841,1777,1704,1878,2100,2356,2051,1768,2013,1440,1164,1016,733,404,0,0
2025,2025-06-24,Westbound,All Vehicles,396,236,212,237,465,1361,2445,2610,2532,2248,2227,2303,2391,2626,2973,2814,2896,2683,2879,2149,1727,1476,1356,666,0,0
2025,2025-06-24,Eastbound,All Vehicles,228,201,200,339,840,2430,3215,2997,2853,2519,2217,2132,2021,2167,2349,2603,2260,1923,2157,1594,1245,1092,785,444,0,0
2025,2025-06-25,Westbound,Heavy Vehicles,36,39,46,53,86,171,300,274,274,335,386,399,411,430,391,333,274,221,181,141,102,95,62,74,0,0
2025,2025-06-25,Eastbound,Light Vehicles,200,157,175,237,654,2113,1712,2074,2463,2165,1849,1871,1953,2135,2176,2354,2208,1693,2001,1564,1126,1067,790,421,0,0
2025,2025-06-25,Eastbound,Heavy Vehicles,41,47,43,98,156,359,335,274,348,428,404,371,388,392,275,228,196,154,167,129,76,76,53,40,0,0
2025,2025-06-25,Westbound,Light Vehicles,395,185,132,161,388,1171,1831,2232,2110,2078,1844,1874,2010,2117,2382,2625,2632,2346,2596,2276,1670,1637,1398,922,0,0
2025,2025-06-25,Westbound,All Vehicles,431,224,178,214,474,1342,2131,2506,2384,2413,2230,2273,2421,2547,2773,2958,2906,2567,2777,2417,1772,1732,1460,996,0,0
2025,2025-06-25,Eastbound,All Vehicles,241,204,218,335,810,2472,2047,2348,2811,2593,2253,2242,2341,2527,2451,2582,2404,1847,2168,1693,1202,1143,843,461,0,0
2025,2025-06-26,Eastbound,Light Vehicles,218,182,140,256,662,2055,2445,2434,2452,2078,1986,1827,1812,1957,2039,2278,2138,1819,2220,1744,1165,1085,813,460,0,0
2025,2025-06-26,Eastbound,Heavy Vehicles,39,39,52,92,115,358,497,389,317,450,350,344,346,294,269,264,166,154,161,151,113,64,52,38,0,0
2025,2025-06-26,Westbound,Light Vehicles,433,236,181,180,349,1106,2113,2231,2182,2097,1771,1832,2110,2222,2459,2512,2524,2461,2567,2229,1906,1915,2123,883,0,0
2025,2025-06-26,Westbound,Heavy Vehicles,49,45,45,41,66,163,323,282,274,348,379,382,396,432,372,321,257,207,220,155,112,109,122,55,0,0
2025,2025-06-26,Eastbound,All Vehicles,257,221,192,348,777,2413,2942,2823,2769,2528,2336,2171,2158,2251,2308,2542,2304,1973,2381,1895,1278,1149,865,498,0,0
2025,2025-06-26,Westbound,All Vehicles,482,281,226,221,415,1269,2436,2513,2456,2445,2150,2214,2506,2654,2831,2833,2781,2668,2787,2384,2018,2024,2245,938,0,0
2025,2025-06-27,Westbound,Light Vehicles,457,263,178,179,375,1076,1997,2116,2092,1968,1912,1910,2121,2274,2633,2496,2544,2435,2521,2112,1765,1873,1674,1243,0,0
2025,2025-06-27,Eastbound,Heavy Vehicles,55,46,50,79,139,326,534,434,359,392,366,359,314,257,249,257,177,167,138,116,62,59,56,42,0,0
2025,2025-06-27,Westbound,Heavy Vehicles,48,37,44,36,62,164,305,262,305,319,372,373,383,414,371,318,273,225,172,123,80,95,59,50,0,0
2025,2025-06-27,Eastbound,Light Vehicles,239,164,153,245,662,1953,2515,2439,2406,2004,1988,1757,1896,2053,2159,2230,2047,1955,2179,1728,1325,1177,1150,687,0,0
2025,2025-06-27,Westbound,All Vehicles,505,300,222,215,437,1240,2302,2378,2397,2287,2284,2283,2504,2688,3004,2814,2817,2660,2693,2235,1845,1968,1733,1293,0,0
2025,2025-06-27,Eastbound,All Vehicles,294,210,203,324,801,2279,3049,2873,2765,2396,2354,2116,2210,2310,2408,2487,2224,2122,2317,1844,1387,1236,1206,729,0,0
2025,2025-06-28,Eastbound,Light Vehicles,477,278,213,222,401,988,1527,1541,1983,2131,2246,2446,2575,2467,2398,2235,2171,2396,2235,1641,1256,1250,1179,827,0,0
2025,2025-06-28,Westbound,Heavy Vehicles,31,29,23,26,29,68,172,154,171,173,212,161,161,172,162,181,144,141,111,90,74,54,50,35,0,0
2025,2025-06-28,Westbound,Light Vehicles,787,423,293,254,275,576,1300,1359,1698,2091,2322,2536,2588,2602,2713,2749,2805,2776,2556,1967,1784,1828,1760,1243,0,0
2025,2025-06-28,Eastbound,Heavy Vehicles,28,28,28,39,50,135,248,239,193,159,168,143,161,153,139,133,131,126,116,74,59,46,29,30,0,0
2025,2025-06-28,Eastbound,All Vehicles,505,306,241,261,451,1123,1775,1780,2176,2290,2414,2589,2736,2620,2537,2368,2302,2522,2351,1715,1315,1296,1208,857,0,0
2025,2025-06-28,Westbound,All Vehicles,818,452,316,280,304,644,1472,1513,1869,2264,2534,2697,2749,2774,2875,2930,2949,2917,2667,2057,1858,1882,1810,1278,0,0
2025,2025-06-29,Eastbound,Light Vehicles,530,326,201,190,248,599,892,1113,1384,1980,2185,2309,2360,2237,2226,2090,2184,2186,1722,1338,1161,1050,741,397,0,0
2025,2025-06-29,Westbound,Heavy Vehicles,26,23,14,19,17,30,49,48,76,93,89,99,98,98,103,96,92,113,109,88,69,52,51,39,0,0
2025,2025-06-29,Westbound,Light Vehicles,855,466,337,241,209,316,623,958,1241,1691,1991,2364,2495,2414,2552,2611,2501,2548,2309,1712,1698,1478,1161,647,0,0
2025,2025-06-29,Eastbound,Heavy Vehicles,20,14,12,15,21,49,62,100,86,99,86,106,111,101,114,111,102,72,91,87,62,66,49,34,0,0
2025,2025-06-29,Eastbound,All Vehicles,550,340,213,205,269,648,954,1213,1470,2079,2271,2415,2471,2338,2340,2201,2286,2258,1813,1425,1223,1116,790,431,0,0
2025,2025-06-29,Westbound,All Vehicles,881,489,351,260,226,346,672,1006,1317,1784,2080,2463,2593,2512,2655,2707,2593,2661,2418,1800,1767,1530,1212,686,0,0
2025,2025-06-30,Eastbound,Light Vehicles,202,169,120,237,696,1988,2573,2412,2395,2092,1767,1775,1726,1883,1970,2336,2179,1939,1868,1347,1079,961,665,330,0,0
2025,2025-06-30,Eastbound,Heavy Vehicles,38,46,52,69,148,301,560,362,341,477,390,354,333,324,276,257,216,170,146,124,85,69,39,44,0,0
2025,2025-06-30,Westbound,Heavy Vehicles,31,29,58,47,74,145,330,266,309,368,446,416,458,450,396,343,274,218,194,116,93,62,55,60,0,0
2025,2025-06-30,Westbound,Light Vehicles,340,199,113,173,337,1061,2022,2214,2163,1922,1699,1854,2024,2234,2520,2641,2652,2509,2413,1971,1545,1375,1156,699,0,0
2025,2025-06-30,Eastbound,All Vehicles,240,215,172,306,844,2289,3133,2774,2736,2569,2157,2129,2059,2207,2246,2593,2395,2109,2014,1471,1164,1030,704,374,0,0
2025,2025-06-30,Westbound,All Vehicles,371,228,171,220,411,1206,2352,2480,2472,2290,2145,2270,2482,2684,2916,2984,2926,2727,2607,2087,1638,1437,1211,759,0,0
2025,2025-07-01,Eastbound,Heavy Vehicles,33,43,53,55,138,308,342,324,315,417,342,322,264,268,235,155,162,152,130,75,55,58,34,45,0,0
2025,2025-07-01,Westbound,Light Vehicles,348,218,152,169,322,1069,1872,2087,2086,1882,1717,1661,1771,1939,2303,2367,2386,2358,2180,1456,1184,1021,1021,568,0,0
2025,2025-07-01,Eastbound,Light Vehicles,226,144,133,147,660,1889,1957,2412,2432,1982,1604,1612,1489,1744,1888,1952,1917,1747,1659,1139,826,781,578,334,0,0
2025,2025-07-01,Westbound,Heavy Vehicles,49,46,41,35,66,167,250,229,280,340,363,329,310,362,320,254,234,212,164,108,77,55,55,52,0,0
2025,2025-07-01,Eastbound,All Vehicles,259,187,186,202,798,2197,2299,2736,2747,2399,1946,1934,1753,2012,2123,2107,2079,1899,1789,1214,881,839,612,379,0,0
2025,2025-07-01,Westbound,All Vehicles,397,264,193,204,388,1236,2122,2316,2366,2222,2080,1990,2081,2301,2623,2621,2620,2570,2344,1564,1261,1076,1076,620,0,0
2025,2025-07-02,Westbound,Light Vehicles,270,178,115,120,286,777,1305,1461,,,,,1428,1424,1699,1684,1806,1698,1624,1288,1088,1054,915,538,0,0
2025,2025-07-02,Westbound,Heavy Vehicles,41,23,30,42,59,137,228,217,,,,,308,293,286,273,223,181,131,92,72,65,43,39,0,0
2025,2025-07-02,Westbound,All Vehicles,311,201,145,162,345,914,1533,1678,,,,,1736,1717,1985,1957,2029,1879,1755,1380,1160,1119,958,577,0,0
2025,2025-07-03,Eastbound,Heavy Vehicles,32,50,47,88,138,334,545,371,359,449,403,369,340,312,294,212,177,153,167,131,81,83,60,42,0,0
2025,2025-07-03,Westbound,Heavy Vehicles,37,37,29,50,71,188,323,276,281,361,414,422,411,431,367,339,292,224,193,148,122,97,64,56,0,0
2025,2025-07-03,Eastbound,Light Vehicles,225,158,150,265,668,1971,2567,2408,2399,2163,1890,1840,1930,1947,2084,2254,2143,2044,2055,1466,1164,1116,798,439,0,0
2025,2025-07-03,Westbound,Light Vehicles,383,252,142,178,359,1113,2057,2238,2163,1999,1918,1937,2028,2280,2564,2588,2619,2599,2567,2184,1915,1724,1501,829,0,0
2025,2025-07-03,Eastbound,All Vehicles,257,208,197,353,806,2305,3112,2779,2758,2612,2293,2209,2270,2259,2378,2466,2320,2197,2222,1597,1245,1199,858,481,0,0
2025,2025-07-03,Westbound,All Vehicles,420,289,171,228,430,1301,2380,2514,2444,2360,2332,2359,2439,2711,2931,2927,2911,2823,2760,2332,2037,1821,1565,885,0,0
2025,2025-07-04,Eastbound,Light Vehicles,315,168,164,267,673,1995,2509,2414,2297,2050,1989,1917,1890,2010,2191,2233,2159,2322,2349,1826,1291,1251,1169,767,0,0
2025,2025-07-04,Eastbound,Heavy Vehicles,52,60,44,87,166,338,541,402,374,422,394,378,336,280,279,237,200,196,154,121,74,62,55,44,0,0
2025,2025-07-04,Westbound,Heavy Vehicles,45,30,42,55,85,158,331,261,310,358,401,411,375,432,387,312,303,244,181,138,97,79,75,59,0,0
2025,2025-07-04,Westbound,Light Vehicles,469,267,195,183,374,1135,2008,2126,2164,1978,1959,2033,2104,2261,2563,2611,2535,2636,2622,2289,1875,1795,1940,1343,0,0
2025,2025-07-04,Eastbound,All Vehicles,367,228,208,354,839,2333,3050,2816,2671,2472,2383,2295,2226,2290,2470,2470,2359,2518,2503,1947,1365,1313,1224,811,0,0
2025,2025-07-04,Westbound,All Vehicles,514,297,237,238,459,1293,2339,2387,2474,2336,2360,2444,2479,2693,2950,2923,2838,2880,2803,2427,1972,1874,2015,1402,0,0
2025,2025-07-05,Westbound,Heavy Vehicles,40,37,23,21,46,83,166,167,176,177,202,185,175,167,162,180,135,125,104,99,66,64,56,48,0,0
2025,2025-07-05,Westbound,Light Vehicles,854,392,308,209,241,639,1248,1520,1817,2136,2522,2553,2581,2708,2782,2777,2725,2710,2478,2094,1844,1828,1719,1313,0,0
2025,2025-07-05,Eastbound,Light Vehicles,483,255,206,235,382,993,1537,1550,1859,2040,2351,2376,2584,2494,2448,2375,2403,2390,2051,1629,1252,1354,1109,855,0,0
2025,2025-07-05,Eastbound,Heavy Vehicles,32,27,31,27,59,113,263,256,196,143,173,177,161,151,143,131,145,119,102,59,58,49,41,34,0,0
2025,2025-07-05,Westbound,All Vehicles,894,429,331,230,287,722,1414,1687,1993,2313,2724,2738,2756,2875,2944,2957,2860,2835,2582,2193,1910,1892,1775,1361,0,0
2025,2025-07-05,Eastbound,All Vehicles,515,282,237,262,441,1106,1800,1806,2055,2183,2524,2553,2745,2645,2591,2506,2548,2509,2153,1688,1310,1403,1150,889,0,0
2025,2025-07-06,Eastbound,Heavy Vehicles,26,11,17,11,15,45,70,105,74,102,126,128,107,113,93,104,89,103,86,83,54,57,52,50,0,0
2025,2025-07-06,Westbound,Light Vehicles,864,491,316,249,220,356,679,998,1407,1809,2197,2418,2676,2614,2680,2712,2746,2680,2137,1810,1675,1426,1181,704,0,0
2025,2025-07-06,Westbound,Heavy Vehicles,26,29,15,21,23,30,49,83,79,76,117,98,105,117,111,91,95,126,99,87,79,54,51,33,0,0
2025,2025-07-06,Eastbound,Light Vehicles,504,294,201,173,259,574,927,1005,1448,2215,2336,2508,2508,2385,2228,2120,2215,2158,1657,1315,1228,1081,712,392,0,0
2025,2025-07-06,Eastbound,All Vehicles,530,305,218,184,274,619,997,1110,1522,2317,2462,2636,2615,2498,2321,2224,2304,2261,1743,1398,1282,1138,764,442,0,0
2025,2025-07-06,Westbound,All Vehicles,890,520,331,270,243,386,728,1081,1486,1885,2314,2516,2781,2731,2791,2803,2841,2806,2236,1897,1754,1480,1232,737,0,0
2025,2025-07-07,Westbound,Heavy Vehicles,33,33,35,56,70,164,314,295,287,379,384,411,418,399,374,350,304,231,164,126,102,80,47,54,0,0
2025,2025-07-07,Eastbound,Heavy Vehicles,38,43,40,64,143,334,514,397,408,442,382,331,351,305,241,231,235,176,154,102,79,74,49,33,0,0
2025,2025-07-07,Eastbound,Light Vehicles,263,169,138,257,667,2005,2470,2500,2417,2016,1836,1871,1861,1903,1998,2161,2147,2049,1958,1350,1021,995,670,388,0,0
2025,2025-07-07,Westbound,Light Vehicles,355,199,135,164,348,1147,2135,2208,2108,2033,1926,1896,2030,2259,2565,2744,2686,2573,2461,1792,1615,1374,1151,703,0,0
2025,2025-07-07,Westbound,All Vehicles,388,232,170,220,418,1311,2449,2503,2395,2412,2310,2307,2448,2658,2939,3094,2990,2804,2625,1918,1717,1454,1198,757,0,0
2025,2025-07-07,Eastbound,All Vehicles,301,212,178,321,810,2339,2984,2897,2825,2458,2218,2202,2212,2208,2239,2392,2382,2225,2112,1452,1100,1069,719,421,0,0
2025,2025-07-08,Eastbound,Heavy Vehicles,33,46,50,95,137,341,553,455,388,446,381,339,338,297,269,279,204,171,168,122,107,74,50,45,0,0
2025,2025-07-08,Westbound,Light Vehicles,365,184,137,180,348,1148,2116,2221,2108,2078,1958,1912,2111,2242,2506,2601,2575,2739,2709,2003,1628,1501,1280,737,0,0
2025,2025-07-08,Westbound,Heavy Vehicles,52,34,44,61,81,186,336,277,286,350,367,406,414,414,390,360,281,242,209,137,106,83,60,67,0,0
2025,2025-07-08,Eastbound,Light Vehicles,193,158,149,251,645,2039,2655,2626,2505,2203,1900,1799,1804,1884,2014,2340,2186,2181,1988,1479,1196,1125,776,422,0,0
2025,2025-07-08,Eastbound,All Vehicles,226,204,199,346,782,2380,3208,3081,2893,2649,2281,2138,2142,2181,2283,2619,2390,2352,2156,1601,1303,1199,826,467,0,0
2025,2025-07-08,Westbound,All Vehicles,417,218,181,241,429,1334,2452,2498,2394,2428,2325,2318,2525,2656,2896,2961,2856,2981,2918,2140,1734,1584,1340,804,0,0
2025,2025-07-09,Westbound,Light Vehicles,390,194,130,174,359,1127,2045,2194,2162,2066,2035,1945,2084,2219,2557,2544,2669,2482,2629,2178,1528,1541,1687,1181,0,0
2025,2025-07-09,Eastbound,Heavy Vehicles,42,59,57,83,156,337,546,434,408,440,394,350,303,330,279,302,193,155,148,115,75,68,63,54,0,0
2025,2025-07-09,Eastbound,Light Vehicles,228,181,156,237,669,2045,2569,2483,2490,2155,2024,1857,1926,2039,2075,2306,2231,1944,2083,1503,1104,964,1094,486,0,0
2025,2025-07-09,Westbound,Heavy Vehicles,49,31,49,45,91,180,309,266,270,370,372,420,414,387,401,353,283,221,192,146,89,75,92,78,0,0
2025,2025-07-09,Westbound,All Vehicles,439,225,179,219,450,1307,2354,2460,2432,2436,2407,2365,2498,2606,2958,2897,2952,2703,2821,2324,1617,1616,1779,1259,0,0
2025,2025-07-09,Eastbound,All Vehicles,270,240,213,320,825,2382,3115,2917,2898,2595,2418,2207,2229,2369,2354,2608,2424,2099,2231,1618,1179,1032,1157,540,0,0
2025,2025-07-10,Eastbound,Heavy Vehicles,44,51,55,80,115,345,560,388,382,413,364,348,308,320,257,252,221,179,164,126,98,72,62,50,0,0
2025,2025-07-10,Westbound,Light Vehicles,515,286,160,175,347,1128,2094,2074,2166,2018,1931,1988,2055,2263,2544,2367,2514,2652,2593,2067,1805,1881,1441,875,0,0
2025,2025-07-10,Westbound,Heavy Vehicles,60,25,48,48,80,174,308,270,291,347,392,404,397,423,372,331,287,247,203,139,104,83,79,55,0,0
2025,2025-07-10,Eastbound,Light Vehicles,275,196,160,258,664,1988,2590,2384,2537,2044,1938,1961,1891,2063,2055,2187,2162,2018,2134,1538,1168,1156,841,475,0,0
2025,2025-07-10,Eastbound,All Vehicles,319,247,215,338,779,2333,3150,2772,2919,2457,2302,2309,2199,2383,2312,2439,2383,2197,2298,1664,1266,1228,903,525,0,0
2025,2025-07-10,Westbound,All Vehicles,575,311,208,223,427,1302,2402,2344,2457,2365,2323,2392,2452,2686,2916,2698,2801,2899,2796,2206,1909,1964,1520,930,0,0
2025,2025-07-11,Westbound,Light Vehicles,435,238,165,197,375,1091,2002,1943,2158,2084,2056,2017,2170,2255,2530,2500,2567,2646,2678,2151,1791,1908,1819,1268,0,0
2025,2025-07-11,Eastbound,Light Vehicles,273,156,166,253,632,1925,1689,2157,2317,2186,1903,1962,1982,2102,2180,2231,2203,2268,2280,1679,1352,1288,1094,717,0,0
2025,2025-07-11,Eastbound,Heavy Vehicles,53,58,50,81,149,335,374,437,407,401,354,311,316,291,283,240,195,175,173,116,79,57,67,34,0,0
2025,2025-07-11,Westbound,Heavy Vehicles,59,45,53,60,84,173,307,279,318,367,406,367,413,362,372,301,294,235,194,120,96,85,90,63,0,0
2025,2025-07-11,Westbound,All Vehicles,494,283,218,257,459,1264,2309,2222,2476,2451,2462,2384,2583,2617,2902,2801,2861,2881,2872,2271,1887,1993,1909,1331,0,0
2025,2025-07-11,Eastbound,All Vehicles,326,214,216,334,781,2260,2063,2594,2724,2587,2257,2273,2298,2393,2463,2471,2398,2443,2453,1795,1431,1345,1161,751,0,0
2025,2025-07-12,Eastbound,Light Vehicles,426,262,201,215,410,929,1548,1544,1760,2144,2396,2623,2531,2433,2563,2358,2261,2378,2261,1601,1284,1297,1210,835,0,0
2025,2025-07-12,Eastbound,Heavy Vehicles,32,30,33,42,51,143,245,230,186,188,179,171,165,151,149,158,123,147,112,75,55,45,54,42,0,0
2025,2025-07-12,Westbound,Light Vehicles,777,429,282,203,227,531,1175,1381,1609,2067,2306,2218,2672,2568,2749,2725,2732,2683,2618,2107,1904,1841,1824,1383,0,0
2025,2025-07-12,Westbound,Heavy Vehicles,46,29,23,16,33,74,143,193,177,151,217,156,178,191,170,165,164,142,120,69,84,60,63,47,0,0
2025,2025-07-12,Eastbound,All Vehicles,458,292,234,257,461,1072,1793,1774,1946,2332,2575,2794,2696,2584,2712,2516,2384,2525,2373,1676,1339,1342,1264,877,0,0
2025,2025-07-12,Westbound,All Vehicles,823,458,305,219,260,605,1318,1574,1786,2218,2523,2374,2850,2759,2919,2890,2896,2825,2738,2176,1988,1901,1887,1430,0,0
2025,2025-07-13,Eastbound,Heavy Vehicles,18,17,15,15,17,41,82,75,106,108,134,127,125,106,126,124,109,101,101,91,69,72,52,54,0,0
2025,2025-07-13,Westbound,Light Vehicles,934,441,326,261,214,316,646,960,1296,1726,2158,2383,2545,2454,2610,2793,2679,2581,3102,2016,1842,1530,1262,731,0,0
2025,2025-07-13,Westbound,Heavy Vehicles,35,25,22,15,20,37,46,75,78,92,123,105,118,104,126,110,109,131,162,102,78,69,70,44,0,0
2025,2025-07-13,Eastbound,Light Vehicles,554,295,198,175,302,582,933,977,1304,1957,2134,2381,2464,2384,2417,2510,2227,2082,1970,1477,1305,1109,797,387,0,0
2025,2025-07-13,Eastbound,All Vehicles,572,312,213,190,319,623,1015,1052,1410,2065,2268,2508,2589,2490,2543,2634,2336,2183,2071,1568,1374,1181,849,441,0,0
2025,2025-07-13,Westbound,All Vehicles,969,466,348,276,234,353,692,1035,1374,1818,2281,2488,2663,2558,2736,2903,2788,2712,3264,2118,1920,1599,1332,775,0,0
2025,2025-07-14,Eastbound,Heavy Vehicles,56,44,43,76,146,326,521,496,363,465,378,342,340,309,268,225,199,152,138,119,81,64,57,26,0,0
2025,2025-07-14,Westbound,Light Vehicles,353,204,117,151,322,1143,2002,2193,2075,1912,1878,1908,1951,2226,2316,2579,2744,2539,2569,1898,1505,1345,1211,678,0,0
2025,2025-07-14,Eastbound,Light Vehicles,256,149,153,240,709,2046,2506,2504,2454,2065,1870,1794,1842,1940,2055,2244,2186,1987,2018,1353,1173,913,723,330,0,0
2025,2025-07-14,Westbound,Heavy Vehicles,38,36,52,48,67,171,287,298,283,404,399,418,390,428,369,332,259,225,185,111,87,65,66,63,0,0
2025,2025-07-14,Eastbound,All Vehicles,312,193,196,316,855,2372,3027,3000,2817,2530,2248,2136,2182,2249,2323,2469,2385,2139,2156,1472,1254,977,780,356,0,0
2025,2025-07-14,Westbound,All Vehicles,391,240,169,199,389,1314,2289,2491,2358,2316,2277,2326,2341,2654,2685,2911,3003,2764,2754,2009,1592,1410,1277,741,0,0
2025,2025-07-15,Westbound,Light Vehicles,359,211,135,168,347,1157,2038,2081,2165,2009,1879,1909,2066,2002,2533,2640,2697,2704,2579,1942,1592,1548,1340,763,0,0
2025,2025-07-15,Eastbound,Light Vehicles,199,166,162,238,675,2056,2568,2504,2628,2180,1985,1811,1854,1976,1949,2338,2270,2019,2040,1344,1086,981,770,445,0,0
2025,2025-07-15,Eastbound,Heavy Vehicles,48,43,60,67,129,375,571,441,371,402,429,357,354,319,270,257,215,169,156,100,88,70,52,44,0,0
2025,2025-07-15,Westbound,Heavy Vehicles,45,41,42,51,86,170,303,297,301,342,383,397,385,393,394,347,330,234,178,130,96,79,55,57,0,0
2025,2025-07-15,Westbound,All Vehicles,404,252,177,219,433,1327,2341,2378,2466,2351,2262,2306,2451,2395,2927,2987,3027,2938,2757,2072,1688,1627,1395,820,0,0
2025,2025-07-15,Eastbound,All Vehicles,247,209,222,305,804,2431,3139,2945,2999,2582,2414,2168,2208,2295,2219,2595,2485,2188,2196,1444,1174,1051,822,489,0,0
2025,2025-07-16,Eastbound,Light Vehicles,199,156,172,247,673,2008,2506,2333,2548,2111,1898,1962,1822,2045,2192,2232,2071,1848,1938,1546,1141,1088,793,422,0,0
2025,2025-07-16,Westbound,Light Vehicles,359,229,170,187,392,1152,2089,2167,2095,2081,1964,1952,2019,2228,2543,2565,2537,2418,2652,2083,1715,1588,1362,884,0,0
2025,2025-07-16,Westbound,Heavy Vehicles,49,32,43,62,77,176,317,272,311,370,405,375,381,412,374,347,260,243,214,122,92,86,83,72,0,0
2025,2025-07-16,Eastbound,Heavy Vehicles,38,47,47,81,142,353,524,399,438,404,370,353,384,313,283,258,209,168,153,112,81,63,55,45,0,0
2025,2025-07-16,Eastbound,All Vehicles,237,203,219,328,815,2361,3030,2732,2986,2515,2268,2315,2206,2358,2475,2490,2280,2016,2091,1658,1222,1151,848,467,0,0
2025,2025-07-16,Westbound,All Vehicles,408,261,213,249,469,1328,2406,2439,2406,2451,2369,2327,2400,2640,2917,2912,2797,2661,2866,2205,1807,1674,1445,956,0,0
2025,2025-07-17,Westbound,Heavy Vehicles,38,37,40,56,80,181,321,298,308,372,392,397,405,403,426,337,288,241,191,142,95,89,78,64,0,0
2025,2025-07-17,Westbound,Light Vehicles,395,254,167,182,356,1132,2080,2099,2170,2126,1958,1967,2102,2324,2516,2544,2494,2618,2546,2081,1818,1784,1472,817,0,0
2025,2025-07-17,Eastbound,Light Vehicles,236,170,156,254,635,2015,2554,2393,2559,2111,1999,1918,1902,1986,2185,2242,2271,2015,2105,1593,1250,1132,831,457,0,0
2025,2025-07-17,Eastbound,Heavy Vehicles,38,53,53,76,139,339,538,409,393,443,367,363,331,321,300,250,196,179,139,113,87,74,60,55,0,0
2025,2025-07-17,Westbound,All Vehicles,433,291,207,238,436,1313,2401,2397,2478,2498,2350,2364,2507,2727,2942,2881,2782,2859,2737,2223,1913,1873,1550,881,0,0
2025,2025-07-17,Eastbound,All Vehicles,274,223,209,330,774,2354,3092,2802,2952,2554,2366,2281,2233,2307,2485,2492,2467,2194,2244,1706,1337,1206,891,512,0,0
2025,2025-07-18,Eastbound,Light Vehicles,293,164,163,240,645,1936,2537,2338,2271,2002,2016,2038,2107,1999,2151,2218,2354,2162,2228,1786,1314,1259,1130,746,0,0
2025,2025-07-18,Eastbound,Heavy Vehicles,59,47,63,78,159,363,547,445,380,428,389,375,329,300,272,254,202,174,153,105,78,65,52,47,0,0
2025,2025-07-18,Westbound,Light Vehicles,431,262,177,180,368,1086,2042,2032,2074,1974,2045,2028,2176,2370,2571,2637,2670,2629,2549,2111,1845,1900,2239,1250,0,0
2025,2025-07-18,Westbound,Heavy Vehicles,47,33,53,62,70,172,310,296,333,381,381,450,375,396,392,324,310,248,175,121,95,97,131,54,0,0
2025,2025-07-18,Eastbound,All Vehicles,352,211,226,318,804,2299,3084,2783,2651,2430,2405,2413,2436,2299,2423,2472,2556,2336,2381,1891,1392,1324,1182,793,0,0
2025,2025-07-18,Westbound,All Vehicles,478,295,230,242,438,1258,2352,2328,2407,2355,2426,2478,2551,2766,2963,2961,2980,2877,2724,2232,1940,1997,2370,1304,0,0
2025,2025-07-19,Eastbound,Light Vehicles,421,296,213,204,382,996,1497,1489,1894,2131,2401,2502,2451,2584,2464,2299,2324,2450,2183,1775,1331,1273,1269,811,0,0
2025,2025-07-19,Westbound,Heavy Vehicles,38,42,24,26,38,78,145,152,156,150,195,181,197,178,159,167,170,123,107,76,64,70,49,43,0,0
2025,2025-07-19,Eastbound,Heavy Vehicles,25,21,34,27,49,117,258,255,193,145,188,156,173,149,131,133,118,147,107,81,38,38,62,47,0,0
2025,2025-07-19,Westbound,Light Vehicles,728,410,266,227,270,540,1156,1383,1701,2036,2392,2582,2584,2725,2714,2782,2738,2803,2537,1973,1885,1891,1835,1482,0,0
2025,2025-07-19,Eastbound,All Vehicles,446,317,247,231,431,1113,1755,1744,2087,2276,2589,2658,2624,2733,2595,2432,2442,2597,2290,1856,1369,1311,1331,858,0,0
2025,2025-07-19,Westbound,All Vehicles,766,452,290,253,308,618,1301,1535,1857,2186,2587,2763,2781,2903,2873,2949,2908,2926,2644,2049,1949,1961,1884,1525,0,0
2025,2025-07-20,Westbound,Heavy Vehicles,33,25,25,18,18,26,49,92,84,86,85,110,131,118,116,118,134,122,77,85,79,56,44,42,0,0
2025,2025-07-20,Eastbound,Heavy Vehicles,20,15,14,13,18,37,72,85,92,120,117,120,119,95,110,112,89,105,91,76,56,64,57,39,0,0
2025,2025-07-20,Eastbound,Light Vehicles,558,328,203,186,254,606,872,975,1445,2127,2257,2478,2431,2504,2323,2155,2121,2183,1948,1445,1205,1105,761,391,0,0
2025,2025-07-20,Westbound,Light Vehicles,1010,547,359,262,232,316,612,954,1192,1760,2108,2394,2474,2503,2574,2709,2715,2715,2286,1868,1786,1468,1384,705,0,0
2025,2025-07-20,Westbound,All Vehicles,1043,572,384,280,250,342,661,1046,1276,1846,2193,2504,2605,2621,2690,2827,2849,2837,2363,1953,1865,1524,1428,747,0,0
2025,2025-07-20,Eastbound,All Vehicles,578,343,217,199,272,643,944,1060,1537,2247,2374,2598,2550,2599,2433,2267,2210,2288,2039,1521,1261,1169,818,430,0,0
2025,2025-07-21,Westbound,Light Vehicles,371,179,125,151,322,1099,2040,2289,2173,1894,1796,1915,1947,2099,2527,2698,2683,2572,2589,1920,1636,1421,1222,624,0,0
2025,2025-07-21,Eastbound,Heavy Vehicles,39,48,34,77,144,346,522,406,379,461,378,386,345,306,285,279,187,189,149,112,72,65,47,34,0,0
2025,2025-07-21,Eastbound,Light Vehicles,239,137,134,231,704,2047,2545,2594,2502,1978,1835,1719,1816,1953,1941,2416,2258,2047,1916,1409,1065,956,672,341,0,0
2025,2025-07-21,Westbound,Heavy Vehicles,37,21,36,48,83,148,328,268,282,395,405,449,449,410,334,320,276,225,160,141,107,78,56,59,0,0
2025,2025-07-21,Westbound,All Vehicles,408,200,161,199,405,1247,2368,2557,2455,2289,2201,2364,2396,2509,2861,3018,2959,2797,2749,2061,1743,1499,1278,683,0,0
2025,2025-07-21,Eastbound,All Vehicles,278,185,168,308,848,2393,3067,3000,2881,2439,2213,2105,2161,2259,2226,2695,2445,2236,2065,1521,1137,1021,719,375,0,0
2025,2025-07-22,Westbound,Heavy Vehicles,50,42,40,49,70,163,329,282,257,334,420,398,435,424,363,310,279,211,183,130,87,80,73,70,0,0
2025,2025-07-22,Westbound,Light Vehicles,330,201,143,154,342,1120,2119,2322,2185,2037,1845,1850,1897,2220,2518,2590,2704,2367,2468,2010,1682,1484,1260,718,0,0
2025,2025-07-22,Eastbound,Heavy Vehicles,37,46,64,87,135,370,545,414,328,439,398,375,351,311,277,254,198,148,158,120,84,68,61,46,0,0
2025,2025-07-22,Eastbound,Light Vehicles,186,142,162,243,678,2143,2595,2430,2385,2086,1892,1702,1708,1910,2096,2317,2258,1866,1915,1467,1123,1036,741,398,0,0
2025,2025-07-22,Westbound,All Vehicles,380,243,183,203,412,1283,2448,2604,2442,2371,2265,2248,2332,2644,2881,2900,2983,2578,2651,2140,1769,1564,1333,788,0,0
2025,2025-07-22,Eastbound,All Vehicles,223,188,226,330,813,2513,3140,2844,2713,2525,2290,2077,2059,2221,2373,2571,2456,2014,2073,1587,1207,1104,802,444,0,0
2025,2025-07-23,Westbound,Heavy Vehicles,53,34,50,45,79,164,344,286,258,279,368,364,422,394,404,333,286,228,196,152,104,85,65,55,0,0
2025,2025-07-23,Eastbound,Heavy Vehicles,55,37,67,105,181,398,529,329,280,376,565,423,306,358,292,269,200,160,142,111,80,66,53,40,0,0
2025,2025-07-23,Eastbound,Light Vehicles,192,162,165,285,727,2233,2390,1515,1581,1781,2314,1831,1776,1911,2076,2314,2316,2059,2053,1540,1224,1059,791,388,0,0
2025,2025-07-23,Westbound,Light Vehicles,340,244,157,157,339,1135,2165,2249,2095,2064,1743,1729,1983,2138,2447,2585,2541,2426,2591,2046,1772,1661,1398,761,0,0
2025,2025-07-23,Westbound,All Vehicles,393,278,207,202,418,1299,2509,2535,2353,2343,2111,2093,2405,2532,2851,2918,2827,2654,2787,2198,1876,1746,1463,816,0,0
2025,2025-07-23,Eastbound,All Vehicles,247,199,232,390,908,2631,2919,1844,1861,2157,2879,2254,2082,2269,2368,2583,2516,2219,2195,1651,1304,1125,844,428,0,0
2025,2025-07-24,Westbound,Heavy Vehicles,51,36,42,48,82,179,340,290,296,351,408,396,444,387,417,311,293,247,201,150,102,88,58,51,0,0
2025,2025-07-24,Eastbound,Heavy Vehicles,41,42,59,81,131,365,576,361,328,410,397,380,322,327,311,250,186,172,145,124,95,68,55,54,0,0
2025,2025-07-24,Eastbound,Light Vehicles,249,193,167,228,690,2104,2645,2404,2452,2091,1924,1726,1850,1975,2130,2273,2108,1999,2109,1602,1202,1175,821,436,0,0
2025,2025-07-24,Westbound,Light Vehicles,405,249,171,202,341,1127,2146,2169,2317,2165,1794,1870,1965,2194,2545,2509,2513,2443,2464,2147,1889,1760,1445,889,0,0
2025,2025-07-24,Westbound,All Vehicles,456,285,213,250,423,1306,2486,2459,2613,2516,2202,2266,2409,2581,2962,2820,2806,2690,2665,2297,1991,1848,1503,940,0,0
2025,2025-07-24,Eastbound,All Vehicles,290,235,226,309,821,2469,3221,2765,2780,2501,2321,2106,2172,2302,2441,2523,2294,2171,2254,1726,1297,1243,876,490,0,0
2025,2025-07-25,Eastbound,Light Vehicles,282,167,143,276,672,1983,2627,2319,2412,2061,1868,1950,1900,1985,2201,2459,2267,2143,2287,1744,1337,1230,1125,723,0,0
2025,2025-07-25,Westbound,Light Vehicles,460,248,186,211,364,1123,2065,2175,2225,2073,1901,2002,2186,2296,2513,2592,2698,2558,2485,2158,1859,1876,1873,1533,0,0
2025,2025-07-25,Westbound,Heavy Vehicles,48,43,42,58,61,164,300,266,278,365,365,369,410,427,375,315,273,263,162,142,101,83,79,60,0,0
2025,2025-07-25,Eastbound,Heavy Vehicles,58,50,56,78,153,343,512,387,341,392,377,358,303,333,297,244,175,167,148,114,91,50,64,51,0,0
2025,2025-07-25,Eastbound,All Vehicles,340,217,199,354,825,2326,3139,2706,2753,2453,2245,2308,2203,2318,2498,2703,2442,2310,2435,1858,1428,1280,1189,774,0,0
2025,2025-07-25,Westbound,All Vehicles,508,291,228,269,425,1287,2365,2441,2503,2438,2266,2371,2596,2723,2888,2907,2971,2821,2647,2300,1960,1959,1952,1593,0,0
2025,2025-07-26,Westbound,Light Vehicles,750,450,288,211,248,534,1157,1320,1793,1967,2318,2567,2595,2808,2803,2679,2629,2693,2532,2438,2080,1957,1829,1285,0,0
2025,2025-07-26,Eastbound,Light Vehicles,486,310,216,208,365,922,1504,1563,1881,2172,2296,2500,2510,2560,2403,2362,2505,2546,2141,1532,1340,1318,1187,876,0,0
2025,2025-07-26,Eastbound,Heavy Vehicles,32,26,38,35,48,113,217,204,190,177,191,166,159,154,132,132,138,119,109,84,43,47,34,27,0,0
2025,2025-07-26,Westbound,Heavy Vehicles,46,32,20,16,42,57,132,174,147,154,203,195,152,189,192,142,145,132,116,116,105,63,56,38,0,0
2025,2025-07-26,Westbound,All Vehicles,796,482,308,227,290,591,1289,1494,1940,2121,2521,2762,2747,2997,2995,2821,2774,2825,2648,2554,2185,2020,1885,1323,0,0
2025,2025-07-26,Eastbound,All Vehicles,518,336,254,243,413,1035,1721,1767,2071,2349,2487,2666,2669,2714,2535,2494,2643,2665,2250,1616,1383,1365,1221,903,0,0
2025,2025-07-27,Westbound,Light Vehicles,893,489,318,251,210,321,635,967,1308,1760,2210,2407,2529,2527,2594,2641,2569,2520,2250,1844,1817,1515,1220,608,0,0
2025,2025-07-27,Eastbound,Heavy Vehicles,19,15,13,16,18,31,75,72,98,95,99,116,90,107,112,135,114,93,104,68,75,53,40,47,0,0
2025,2025-07-27,Eastbound,Light Vehicles,588,372,230,165,251,523,956,1045,1502,2214,2218,2405,2458,2406,2324,2172,2076,2121,1758,1425,1241,1117,754,404,0,0
2025,2025-07-27,Westbound,Heavy Vehicles,30,29,19,12,23,29,50,67,83,93,99,111,114,107,115,119,106,108,97,83,83,66,76,71,0,0
2025,2025-07-27,Westbound,All Vehicles,923,518,337,263,233,350,685,1034,1391,1853,2309,2518,2643,2634,2709,2760,2675,2628,2347,1927,1900,1581,1296,679,0,0
2025,2025-07-27,Eastbound,All Vehicles,607,387,243,181,269,554,1031,1117,1600,2309,2317,2521,2548,2513,2436,2307,2190,2214,1862,1493,1316,1170,794,451,0,0
2025,2025-07-28,Eastbound,Heavy Vehicles,44,49,43,67,142,335,508,385,366,418,393,343,319,293,261,246,191,182,146,125,82,67,44,41,0,0
2025,2025-07-28,Westbound,Heavy Vehicles,55,51,62,86,68,157,304,282,257,362,397,360,432,422,357,321,247,244,184,145,91,78,58,42,0,0
2025,2025-07-28,Eastbound,Light Vehicles,210,128,146,231,695,2072,2499,2430,2487,2027,1846,1770,1731,1849,2082,2242,2215,2033,1932,1318,1098,891,678,350,0,0
2025,2025-07-28,Westbound,Light Vehicles,372,173,152,187,329,1079,1981,2187,2189,1999,1784,1838,1902,2254,2531,2535,2636,2500,2504,1914,1657,1375,1194,626,0,0
2025,2025-07-28,Eastbound,All Vehicles,254,177,189,298,837,2407,3007,2815,2853,2445,2239,2113,2050,2142,2343,2488,2406,2215,2078,1443,1180,958,722,391,0,0
2025,2025-07-28,Westbound,All Vehicles,427,224,214,273,397,1236,2285,2469,2446,2361,2181,2198,2334,2676,2888,2856,2883,2744,2688,2059,1748,1453,1252,668,0,0
2025,2025-07-29,Eastbound,Heavy Vehicles,38,40,62,88,156,368,541,402,302,443,422,339,374,324,308,248,200,184,155,130,80,67,50,38,0,0
2025,2025-07-29,Westbound,Light Vehicles,317,214,156,176,357,1134,2077,2297,2258,2113,1865,1893,1995,2170,2537,2601,2617,2522,2435,2067,1737,1663,1265,694,0,0
2025,2025-07-29,Eastbound,Light Vehicles,205,152,155,250,680,2051,2658,2593,2405,2175,1959,1743,1740,1920,2108,2348,2299,2012,2028,1416,1200,1038,733,392,0,0
2025,2025-07-29,Westbound,Heavy Vehicles,40,44,37,64,86,165,326,293,249,319,389,429,405,411,385,353,290,246,206,138,110,87,57,60,0,0
2025,2025-07-29,Eastbound,All Vehicles,243,192,217,338,836,2419,3199,2995,2707,2618,2381,2082,2114,2244,2416,2596,2499,2196,2183,1546,1280,1105,783,430,0,0
2025,2025-07-29,Westbound,All Vehicles,357,258,193,240,443,1299,2403,2590,2507,2432,2254,2322,2400,2581,2922,2954,2907,2768,2641,2205,1847,1750,1322,754,0,0
2025,2025-07-30,Westbound,Heavy Vehicles,39,43,43,56,74,172,295,248,233,328,368,391,416,373,347,284,178,230,161,125,85,91,53,56,0,0
2025,2025-07-30,Eastbound,Light Vehicles,219,174,146,245,661,2043,2568,2457,2303,2118,1992,1730,1722,1910,2059,2143,1411,1752,1812,1371,1034,947,702,428,0,0
2025,2025-07-30,Westbound,Light Vehicles,331,229,155,183,363,1155,1994,2134,2158,1967,1722,1869,1943,2136,2279,2406,1694,2417,2411,1862,1648,1566,1275,738,0,0
2025,2025-07-30,Eastbound,Heavy Vehicles,41,52,51,76,135,338,459,371,275,347,397,359,303,274,240,207,105,153,151,98,75,52,51,35,0,0
2025,2025-07-30,Westbound,All Vehicles,370,272,198,239,437,1327,2289,2382,2391,2295,2090,2260,2359,2509,2626,2690,1872,2647,2572,1987,1733,1657,1328,794,0,0
2025,2025-07-30,Eastbound,All Vehicles,260,226,197,321,796,2381,3027,2828,2578,2465,2389,2089,2025,2184,2299,2350,1516,1905,1963,1469,1109,999,753,463,0,0
2025,2025-07-31,Westbound,Light Vehicles,357,236,141,177,341,1113,2031,2232,2202,2212,1801,1926,2122,2251,2617,2539,2601,2496,2389,2033,1819,1928,1752,852,0,0
2025,2025-07-31,Eastbound,Light Vehicles,193,181,161,233,654,1961,2575,2716,2514,2145,1871,1784,1935,1913,2252,2304,2208,2099,2140,1523,1175,1085,868,474,0,0
2025,2025-07-31,Eastbound,Heavy Vehicles,33,50,47,76,125,342,471,421,332,378,342,351,336,288,296,259,181,153,175,116,75,60,53,51,0,0
2025,2025-07-31,Westbound,Heavy Vehicles,40,26,42,54,71,164,289,262,257,378,353,389,425,418,364,283,298,216,153,128,97,97,91,63,0,0
2025,2025-07-31,Westbound,All Vehicles,397,262,183,231,412,1277,2320,2494,2459,2590,2154,2315,2547,2669,2981,2822,2899,2712,2542,2161,1916,2025,1843,915,0,0
2025,2025-07-31,Eastbound,All Vehicles,226,231,208,309,779,2303,3046,3137,2846,2523,2213,2135,2271,2201,2548,2563,2389,2252,2315,1639,1250,1145,921,525,0,0
2025,2025-08-01,Eastbound,Heavy Vehicles,47,53,52,80,140,341,505,436,337,397,364,362,305,267,245,251,199,161,137,103,69,59,71,45,0,0
2025,2025-08-01,Westbound,Heavy Vehicles,43,30,53,53,72,162,317,270,281,371,406,356,379,436,330,312,251,205,180,124,87,79,69,55,0,0
2025,2025-08-01,Westbound,Light Vehicles,420,286,169,170,346,1062,2037,2198,2200,2048,1836,1987,2148,2369,2525,2615,2627,2506,2410,2062,1731,1821,1719,1172,0,0
2025,2025-08-01,Eastbound,Light Vehicles,276,167,157,241,637,1883,2474,2520,2460,2007,1906,1889,1860,1774,2222,2336,2040,1746,2041,1593,1318,1117,1038,712,0,0
2025,2025-08-01,Eastbound,All Vehicles,323,220,209,321,777,2224,2979,2956,2797,2404,2270,2251,2165,2041,2467,2587,2239,1907,2178,1696,1387,1176,1109,757,0,0
2025,2025-08-01,Westbound,All Vehicles,463,316,222,223,418,1224,2354,2468,2481,2419,2242,2343,2527,2805,2855,2927,2878,2711,2590,2186,1818,1900,1788,1227,0,0
2025,2025-08-02,Westbound,Heavy Vehicles,30,36,13,25,36,47,117,123,119,131,157,175,195,158,137,135,148,112,103,63,61,63,57,53,0,0
2025,2025-08-02,Eastbound,Light Vehicles,478,297,203,214,330,817,1221,1357,1656,1940,2024,2335,2430,2353,2100,2114,2103,2146,1941,1336,1073,1221,1042,792,0,0
2025,2025-08-02,Eastbound,Heavy Vehicles,24,28,31,37,40,72,117,170,173,148,147,181,147,143,133,115,114,107,102,60,52,58,45,30,0,0
2025,2025-08-02,Westbound,Light Vehicles,720,411,314,217,246,451,847,1142,1442,1791,1986,2259,2492,2541,2400,2528,2543,2447,2205,1818,1479,1660,1670,1285,0,0
2025,2025-08-02,Westbound,All Vehicles,750,447,327,242,282,498,964,1265,1561,1922,2143,2434,2687,2699,2537,2663,2691,2559,2308,1881,1540,1723,1727,1338,0,0
2025,2025-08-02,Eastbound,All Vehicles,502,325,234,251,370,889,1338,1527,1829,2088,2171,2516,2577,2496,2233,2229,2217,2253,2043,1396,1125,1279,1087,822,0,0
2025,2025-08-03,Westbound,Heavy Vehicles,33,25,21,10,15,25,46,58,64,92,111,108,100,121,118,94,141,108,81,80,83,69,47,42,0,0
2025,2025-08-03,Eastbound,Light Vehicles,523,353,212,185,255,577,888,948,1286,2041,2104,2325,2353,2265,2032,1876,1916,2011,1637,1320,1108,1082,720,388,0,0
2025,2025-08-03,Eastbound,Heavy Vehicles,23,12,22,12,28,35,53,62,74,95,100,125,91,107,102,82,87,113,110,83,55,58,60,36,0,0
2025,2025-08-03,Westbound,Light Vehicles,748,500,356,256,237,325,543,818,1047,1558,1752,2216,2450,1920,2260,2178,2889,2544,2152,1754,1565,1506,1170,737,0,0
2025,2025-08-03,Westbound,All Vehicles,781,525,377,266,252,350,589,876,1111,1650,1863,2324,2550,2041,2378,2272,3030,2652,2233,1834,1648,1575,1217,779,0,0
2025,2025-08-03,Eastbound,All Vehicles,546,365,234,197,283,612,941,1010,1360,2136,2204,2450,2444,2372,2134,1958,2003,2124,1747,1403,1163,1140,780,424,0,0
2025,2025-08-04,Westbound,Heavy Vehicles,26,28,36,50,66,156,300,275,261,358,365,376,396,430,337,313,291,229,199,127,96,63,76,56,0,0
2025,2025-08-04,Westbound,Light Vehicles,366,192,144,164,351,1092,2003,2274,2247,1997,1739,1943,2005,2185,2566,2712,2684,2466,2590,1975,1500,1415,1105,614,0,0
2025,2025-08-04,Eastbound,Heavy Vehicles,41,43,41,57,162,289,503,373,337,396,373,335,320,306,269,262,216,195,158,126,77,72,45,30,0,0
2025,2025-08-04,Eastbound,Light Vehicles,243,147,145,253,662,2001,2550,2675,2573,2013,1890,1829,1752,1960,2152,2367,2220,2078,1953,1311,1014,945,686,367,0,0
2025,2025-08-04,Westbound,All Vehicles,392,220,180,214,417,1248,2303,2549,2508,2355,2104,2319,2401,2615,2903,3025,2975,2695,2789,2102,1596,1478,1181,670,0,0
2025,2025-08-04,Eastbound,All Vehicles,284,190,186,310,824,2290,3053,3048,2910,2409,2263,2164,2072,2266,2421,2629,2436,2273,2111,1437,1091,1017,731,397,0,0
2025,2025-08-05,Eastbound,Heavy Vehicles,34,48,55,71,159,318,569,379,285,381,370,377,327,317,292,258,230,173,169,134,89,69,49,44,0,0
2025,2025-08-05,Eastbound,Light Vehicles,183,156,168,254,677,2046,2598,2553,2241,2130,1850,1835,1774,2002,2066,2318,2295,2049,2049,1454,1217,1070,733,391,0,0
2025,2025-08-05,Westbound,Light Vehicles,373,202,159,178,355,1118,2159,2298,2169,2026,1816,1960,2009,2262,2578,2569,2556,2486,2755,2145,1765,1549,1254,717,0,0
2025,2025-08-05,Westbound,Heavy Vehicles,40,47,40,41,85,177,319,263,262,318,379,383,403,446,393,328,273,229,231,146,108,71,53,76,0,0
2025,2025-08-05,Eastbound,All Vehicles,217,204,223,325,836,2364,3167,2932,2526,2511,2220,2212,2101,2319,2358,2576,2525,2222,2218,1588,1306,1139,782,435,0,0
2025,2025-08-05,Westbound,All Vehicles,413,249,199,219,440,1295,2478,2561,2431,2344,2195,2343,2412,2708,2971,2897,2829,2715,2986,2291,1873,1620,1307,793,0,0
2025,2025-08-06,Eastbound,Heavy Vehicles,39,43,64,81,149,359,557,407,318,433,424,376,313,313,303,257,203,170,177,135,91,61,60,40,0,0
2025,2025-08-06,Westbound,Heavy Vehicles,51,43,39,53,79,186,336,303,272,333,394,396,397,419,411,311,266,251,200,147,101,88,77,63,0,0
2025,2025-08-06,Westbound,Light Vehicles,360,235,154,197,368,1204,2156,2240,2247,2058,1862,1887,2070,2191,2558,2498,2516,2611,2719,2211,1797,1672,1387,854,0,0
2025,2025-08-06,Eastbound,Light Vehicles,224,167,175,249,714,2057,2577,2424,2422,2216,1899,1813,1683,1950,2064,2314,2134,2036,2144,1587,1153,1134,743,438,0,0
2025,2025-08-06,Eastbound,All Vehicles,263,210,239,330,863,2416,3134,2831,2740,2649,2323,2189,1996,2263,2367,2571,2337,2206,2321,1722,1244,1195,803,478,0,0
2025,2025-08-06,Westbound,All Vehicles,411,278,193,250,447,1390,2492,2543,2519,2391,2256,2283,2467,2610,2969,2809,2782,2862,2919,2358,1898,1760,1464,917,0,0
2025,2025-08-07,Eastbound,Light Vehicles,214,165,168,240,653,1927,2682,2561,2614,2226,1925,1906,1940,2001,2208,2419,2311,2081,2069,1484,1280,1151,802,407,0,0
2025,2025-08-07,Westbound,Heavy Vehicles,45,37,43,54,79,180,330,262,273,352,380,422,412,402,390,310,314,250,186,123,116,74,59,53,0,0
2025,2025-08-07,Westbound,Light Vehicles,418,253,182,186,383,1197,2078,2253,2232,2092,1808,1891,2139,2323,2624,2512,2585,2496,2491,2039,1956,1711,1380,799,0,0
2025,2025-08-07,Eastbound,Heavy Vehicles,46,50,55,88,143,359,533,367,351,452,386,361,354,333,290,259,180,188,170,124,85,72,53,36,0,0
2025,2025-08-07,Eastbound,All Vehicles,260,215,223,328,796,2286,3215,2928,2965,2678,2311,2267,2294,2334,2498,2678,2491,2269,2239,1608,1365,1223,855,443,0,0
2025,2025-08-07,Westbound,All Vehicles,463,290,225,240,462,1377,2408,2515,2505,2444,2188,2313,2551,2725,3014,2822,2899,2746,2677,2162,2072,1785,1439,852,0,0
2025,2025-08-08,Westbound,Heavy Vehicles,50,43,43,62,83,199,310,255,297,363,372,500,428,412,390,320,292,227,185,127,89,84,67,58,0,0
2025,2025-08-08,Eastbound,Light Vehicles,265,175,170,223,628,1988,2525,2630,2434,2128,1939,1974,1961,2137,2211,2426,2339,2215,2176,1699,1384,1282,1162,774,0,0
2025,2025-08-08,Eastbound,Heavy Vehicles,45,56,60,86,155,331,508,429,362,389,398,367,335,346,302,230,195,177,159,121,83,48,57,44,0,0
2025,2025-08-08,Westbound,Light Vehicles,442,276,195,173,371,1107,2134,2184,2232,2016,1950,2255,2191,2229,2531,2581,2608,2540,2686,2274,1955,1824,1665,1174,0,0
2025,2025-08-08,Westbound,All Vehicles,492,319,238,235,454,1306,2444,2439,2529,2379,2322,2755,2619,2641,2921,2901,2900,2767,2871,2401,2044,1908,1732,1232,0,0
2025,2025-08-08,Eastbound,All Vehicles,310,231,230,309,783,2319,3033,3059,2796,2517,2337,2341,2296,2483,2513,2656,2534,2392,2335,1820,1467,1330,1219,818,0,0
2025,2025-08-09,Eastbound,Light Vehicles,445,270,189,199,345,926,1340,1391,1816,2083,2232,2404,2538,2385,2597,2448,2273,2336,1978,1521,1280,1452,1216,902,0,0
2025,2025-08-09,Eastbound,Heavy Vehicles,27,25,37,35,45,111,196,169,171,169,155,154,180,153,154,154,121,120,96,71,45,52,41,32,0,0
2025,2025-08-09,Westbound,Heavy Vehicles,50,33,25,19,32,67,139,141,159,150,170,171,168,184,157,172,154,126,127,81,53,59,59,40,0,0
2025,2025-08-09,Westbound,Light Vehicles,768,458,292,194,274,495,1119,1223,1619,2016,2358,2367,2584,2556,2628,2668,2829,2807,2439,1872,1496,1785,1758,1321,0,0
2025,2025-08-09,Eastbound,All Vehicles,472,295,226,234,390,1037,1536,1560,1987,2252,2387,2558,2718,2538,2751,2602,2394,2456,2074,1592,1325,1504,1257,934,0,0
2025,2025-08-09,Westbound,All Vehicles,818,491,317,213,306,562,1258,1364,1778,2166,2528,2538,2752,2740,2785,2840,2983,2933,2566,1953,1549,1844,1817,1361,0,0
2025,2025-08-10,Westbound,Heavy Vehicles,27,18,13,16,17,22,46,67,53,95,88,91,105,103,107,105,102,103,138,81,81,59,48,47,0,0
2025,2025-08-10,Eastbound,Heavy Vehicles,23,10,20,11,14,41,66,58,92,89,122,102,107,102,105,108,88,94,89,75,53,63,55,40,0,0
2025,2025-08-10,Eastbound,Light Vehicles,563,324,226,178,249,543,921,934,1268,1911,1967,2076,2295,2315,2190,2100,1981,1955,1772,1371,1185,1068,725,349,0,0
2025,2025-08-10,Westbound,Light Vehicles,796,478,294,222,230,333,557,895,1201,1606,1875,2147,2319,2276,2462,2495,2408,2359,2512,1878,1698,1432,1139,703,0,0
2025,2025-08-10,Westbound,All Vehicles,823,496,307,238,247,355,603,962,1254,1701,1963,2238,2424,2379,2569,2600,2510,2462,2650,1959,1779,1491,1187,750,0,0
2025,2025-08-10,Eastbound,All Vehicles,586,334,246,189,263,584,987,992,1360,2000,2089,2178,2402,2417,2295,2208,2069,2049,1861,1446,1238,1131,780,389,0,0
2025,2025-08-11,Westbound,Light Vehicles,337,190,136,147,348,1178,2062,2252,2165,1976,1786,1803,2063,2218,2529,2558,2616,2563,2554,1998,1531,1357,1138,635,0,0
2025,2025-08-11,Eastbound,Light Vehicles,225,147,143,231,707,1931,2593,2620,2539,2240,1892,1775,1752,1928,2154,2356,2263,2103,1875,1269,1072,916,683,358,0,0
2025,2025-08-11,Eastbound,Heavy Vehicles,37,35,51,75,134,301,508,391,330,423,417,391,321,288,280,262,236,182,144,129,78,59,49,33,0,0
2025,2025-08-11,Westbound,Heavy Vehicles,35,24,39,50,64,159,313,242,262,337,361,343,413,418,358,290,305,204,152,98,104,71,69,63,0,0
2025,2025-08-11,Westbound,All Vehicles,372,214,175,197,412,1337,2375,2494,2427,2313,2147,2146,2476,2636,2887,2848,2921,2767,2706,2096,1635,1428,1207,698,0,0
2025,2025-08-11,Eastbound,All Vehicles,262,182,194,306,841,2232,3101,3011,2869,2663,2309,2166,2073,2216,2434,2618,2499,2285,2019,1398,1150,975,732,391,0,0
2025,2025-08-12,Westbound,Heavy Vehicles,39,38,48,63,81,183,317,275,250,359,373,430,438,397,385,296,287,205,211,133,100,77,69,67,0,0
2025,2025-08-12,Eastbound,Light Vehicles,190,138,158,239,688,2054,2648,2389,2424,2289,1863,1722,1832,2013,2046,2318,2303,1980,2062,1421,1153,1037,760,376,0,0
2025,2025-08-12,Eastbound,Heavy Vehicles,38,37,59,92,166,365,554,361,344,432,411,388,339,293,271,250,205,181,181,128,98,79,56,39,0,0
2025,2025-08-12,Westbound,Light Vehicles,308,201,139,151,332,1198,2141,2378,2101,2041,1835,1857,1993,2166,2478,2567,2572,2380,2728,2144,1746,1576,1254,694,0,0
2025,2025-08-12,Westbound,All Vehicles,347,239,187,214,413,1381,2458,2653,2351,2400,2208,2287,2431,2563,2863,2863,2859,2585,2939,2277,1846,1653,1323,761,0,0
2025,2025-08-12,Eastbound,All Vehicles,228,175,217,331,854,2419,3202,2750,2768,2721,2274,2110,2171,2306,2317,2568,2508,2161,2243,1549,1251,1116,816,415,0,0
2025,2025-08-13,Westbound,Heavy Vehicles,51,36,46,43,70,191,335,254,263,345,370,388,374,448,370,309,293,206,207,132,106,102,82,69,0,0
2025,2025-08-13,Westbound,Light Vehicles,382,202,154,177,376,1165,2186,2223,2285,2073,1819,1905,1900,2209,2503,2638,2652,2362,2559,2080,1564,1737,1369,726,0,0
2025,2025-08-13,Eastbound,Heavy Vehicles,41,44,46,78,142,361,538,412,359,386,371,374,331,304,297,261,231,186,,112,84,72,56,38,0,0
2025,2025-08-13,Eastbound,Light Vehicles,225,136,168,247,669,2075,2472,2604,2563,2118,1964,1836,1762,1932,2141,2338,2231,2173,,1462,1120,1115,789,390,0,0
2025,2025-08-13,Westbound,All Vehicles,433,238,200,220,446,1356,2521,2477,2548,2418,2189,2293,2274,2657,2873,2947,2945,2568,2766,2212,1670,1839,1451,795,0,0
2025,2025-08-13,Eastbound,All Vehicles,266,180,214,325,811,2436,3010,3016,2922,2504,2335,2210,2093,2236,2438,2599,2462,2359,,1574,1204,1187,845,428,0,0
2025,2025-08-14,Westbound,Heavy Vehicles,40,42,27,47,77,170,341,298,281,356,400,410,443,423,303,321,266,247,203,128,117,102,133,56,0,0
2025,2025-08-14,Eastbound,Light Vehicles,205,135,163,256,697,2073,2601,2657,2535,2261,1948,1797,1797,1987,2071,2375,2215,2070,2306,1531,1164,1034,856,451,0,0
2025,2025-08-14,Eastbound,Heavy Vehicles,48,47,57,89,137,350,541,404,324,423,402,369,349,324,263,245,194,180,164,143,86,60,78,42,0,0
2025,2025-08-14,Westbound,Light Vehicles,352,239,159,175,346,1154,2200,2241,2245,2036,1881,1901,2101,2190,2161,2430,2455,2539,2659,2055,1844,1880,2066,855,0,0
2025,2025-08-14,Westbound,All Vehicles,392,281,186,222,423,1324,2541,2539,2526,2392,2281,2311,2544,2613,2464,2751,2721,2786,2862,2183,1961,1982,2199,911,0,0
2025,2025-08-14,Eastbound,All Vehicles,253,182,220,345,834,2423,3142,3061,2859,2684,2350,2166,2146,2311,2334,2620,2409,2250,2470,1674,1250,1094,934,493,0,0
2025,2025-08-15,Eastbound,Heavy Vehicles,50,58,55,94,155,315,512,385,358,411,386,351,324,323,,230,215,204,139,127,86,66,53,57,0,0
2025,2025-08-15,Westbound,Heavy Vehicles,51,39,42,68,68,162,317,286,273,377,372,348,353,395,365,317,300,231,217,142,103,74,77,74,0,0
2025,2025-08-15,Westbound,Light Vehicles,463,280,173,169,353,1126,2073,2012,2278,2088,1864,1820,1956,2269,2367,2481,2566,2632,2643,2228,1933,1836,1814,1279,0,0
2025,2025-08-15,Eastbound,Light Vehicles,286,201,164,242,671,1949,2624,2418,2476,2148,1953,2017,1948,2026,,2360,2180,2216,2209,1820,1364,1344,1187,762,0,0
2025,2025-08-15,Eastbound,All Vehicles,336,259,219,336,826,2264,3136,2803,2834,2559,2339,2368,2272,2349,,2590,2395,2420,2348,1947,1450,1410,1240,819,0,0
2025,2025-08-15,Westbound,All Vehicles,514,319,215,237,421,1288,2390,2298,2551,2465,2236,2168,2309,2664,2732,2798,2866,2863,2860,2370,2036,1910,1891,1353,0,0
2025,2025-08-16,Westbound,Light Vehicles,769,437,282,221,278,588,1255,1465,1760,2165,2327,2527,2497,2687,2746,2755,2743,2640,2500,1982,1843,1881,1923,1426,0,0
2025,2025-08-16,Westbound,Heavy Vehicles,44,33,26,31,35,92,172,175,142,175,174,170,172,170,152,155,168,147,117,89,80,87,70,41,0,0
2025,2025-08-16,Eastbound,Heavy Vehicles,36,22,31,37,64,157,255,245,199,171,163,156,169,141,151,136,126,128,100,92,62,45,58,43,0,0
2025,2025-08-16,Eastbound,Light Vehicles,427,294,195,211,393,1016,1603,1695,2067,2261,2414,2389,2581,2490,2440,2368,2323,2346,2193,1662,1251,1364,1265,874,0,0
2025,2025-08-16,Westbound,All Vehicles,813,470,308,252,313,680,1427,1640,1902,2340,2501,2697,2669,2857,2898,2910,2911,2787,2617,2071,1923,1968,1993,1467,0,0
2025,2025-08-16,Eastbound,All Vehicles,463,316,226,248,457,1173,1858,1940,2266,2432,2577,2545,2750,2631,2591,2504,2449,2474,2293,1754,1313,1409,1323,917,0,0
2025,2025-08-17,Eastbound,Heavy Vehicles,24,13,11,17,36,50,79,92,90,103,109,130,133,93,103,136,105,97,92,106,62,65,67,34,0,0
2025,2025-08-17,Westbound,Light Vehicles,916,552,346,262,212,333,649,1001,1316,1802,2132,2343,2387,2381,2602,2734,2627,2712,2359,1953,1780,1534,1271,696,0,0
2025,2025-08-17,Eastbound,Light Vehicles,567,343,214,184,256,612,928,1053,1453,2247,2173,2430,2570,2352,2205,2198,2204,2171,1795,1512,1292,1138,776,375,0,0
2025,2025-08-17,Westbound,Heavy Vehicles,42,19,20,23,25,24,41,57,95,112,110,126,113,123,120,111,118,122,105,101,66,74,46,33,0,0
2025,2025-08-17,Eastbound,All Vehicles,591,356,225,201,292,662,1007,1145,1543,2350,2282,2560,2703,2445,2308,2334,2309,2268,1887,1618,1354,1203,843,409,0,0
2025,2025-08-17,Westbound,All Vehicles,958,571,366,285,237,357,690,1058,1411,1914,2242,2469,2500,2504,2722,2845,2745,2834,2464,2054,1846,1608,1317,729,0,0
2025,2025-08-18,Eastbound,Heavy Vehicles,31,47,38,76,140,326,508,392,352,406,381,368,313,297,254,234,181,161,140,112,79,52,40,21,0,0
2025,2025-08-18,Eastbound,Light Vehicles,224,142,146,254,698,1949,2587,2601,2512,2130,1820,1733,1745,1908,2103,2303,2055,1859,1847,1266,1019,883,668,335,0,0
2025,2025-08-18,Westbound,Heavy Vehicles,33,32,48,58,74,137,331,278,271,314,379,389,421,416,337,275,236,243,208,116,92,72,54,66,0,0
2025,2025-08-18,Westbound,Light Vehicles,387,224,123,153,357,1094,2028,2291,2292,2033,1805,1756,2035,2167,2339,2437,2515,2597,2443,1827,1496,1332,1127,670,0,0
2025,2025-08-18,Eastbound,All Vehicles,255,189,184,330,838,2275,3095,2993,2864,2536,2201,2101,2058,2205,2357,2537,2236,2020,1987,1378,1098,935,708,356,0,0
2025,2025-08-18,Westbound,All Vehicles,420,256,171,211,431,1231,2359,2569,2563,2347,2184,2145,2456,2583,2676,2712,2751,2840,2651,1943,1588,1404,1181,736,0,0
2025,2025-08-19,Eastbound,Light Vehicles,193,139,156,238,661,1956,2445,2717,2563,2105,1850,1724,1845,1885,2065,,2254,1938,1869,1348,1158,1043,717,375,0,0
2025,2025-08-19,Eastbound,Heavy Vehicles,29,36,51,99,149,309,457,368,320,422,365,370,339,325,263,,188,160,147,119,90,63,62,38,0,0
2025,2025-08-19,Westbound,Heavy Vehicles,41,26,41,57,79,174,287,252,282,313,371,410,396,381,353,297,258,224,154,128,106,74,63,60,0,0
2025,2025-08-19,Westbound,Light Vehicles,323,207,149,146,351,1130,2089,2224,2138,1893,1839,1814,1982,2178,2512,2654,2852,2474,2375,1872,1667,1600,1294,698,0,0
2025,2025-08-19,Eastbound,All Vehicles,222,175,207,337,810,2265,2902,3085,2883,2527,2215,2094,2184,2210,2328,,2442,2098,2016,1467,1248,1106,779,413,0,0
2025,2025-08-19,Westbound,All Vehicles,364,233,190,203,430,1304,2376,2476,2420,2206,2210,2224,2378,2559,2865,2951,3110,2698,2529,2000,1773,1674,1357,758,0,0
2025,2025-08-20,Eastbound,Light Vehicles,237,153,171,211,698,1984,2530,2678,2540,2168,1824,1834,1728,1893,2102,2234,,1713,1768,1293,1138,976,745,383,0,0
2025,2025-08-20,Eastbound,Heavy Vehicles,41,34,50,72,160,306,451,413,315,370,347,333,277,275,252,215,,152,127,105,89,49,41,39,0,0
2025,2025-08-20,Westbound,Heavy Vehicles,46,31,45,58,67,166,318,241,239,337,316,365,361,406,310,284,231,219,173,139,116,75,70,41,0,0
2025,2025-08-20,Westbound,Light Vehicles,399,233,150,151,357,1104,1981,2347,2247,2021,1616,1823,1994,2128,2272,2451,2467,2505,2369,2007,1655,1513,1271,727,0,0
2025,2025-08-20,Eastbound,All Vehicles,278,187,221,283,858,2290,2981,3091,2855,2538,2171,2167,2005,2168,2354,2449,,1865,1895,1398,1227,1025,786,422,0,0
2025,2025-08-20,Westbound,All Vehicles,445,264,195,209,424,1270,2299,2588,2486,2358,1932,2188,2355,2534,2582,2735,2698,2724,2542,2146,1771,1588,1341,768,0,0
2025,2025-08-21,Westbound,Heavy Vehicles,50,29,33,43,61,166,250,219,231,287,339,326,376,379,276,275,278,224,188,133,98,77,72,64,0,0
2025,2025-08-21,Westbound,Light Vehicles,361,251,159,158,318,1059,1800,2061,2133,1930,1788,1817,1956,2140,1997,2179,2521,2462,2294,2062,1663,1761,1474,856,0,0
2025,2025-08-21,Eastbound,Heavy Vehicles,30,48,59,90,143,274,391,330,292,383,353,326,274,257,241,187,153,158,130,118,86,61,65,53,0,0
2025,2025-08-21,Eastbound,Light Vehicles,221,166,148,234,660,1829,2284,2584,2356,2134,1764,1857,1721,1931,2007,2116,1998,2011,1958,1364,1124,1111,784,453,0,0
2025,2025-08-21,Westbound,All Vehicles,411,280,192,201,379,1225,2050,2280,2364,2217,2127,2143,2332,2519,2273,2454,2799,2686,2482,2195,1761,1838,1546,920,0,0
2025,2025-08-21,Eastbound,All Vehicles,251,214,207,324,803,2103,2675,2914,2648,2517,2117,2183,1995,2188,2248,2303,2151,2169,2088,1482,1210,1172,849,506,0,0
2025,2025-08-22,Eastbound,Heavy Vehicles,43,54,50,77,149,310,457,402,338,378,351,328,319,290,237,275,184,164,146,123,85,51,56,49,0,0
2025,2025-08-22,Eastbound,Light Vehicles,265,158,187,231,638,1906,2417,2568,2375,2125,1913,1844,1889,2021,2327,2307,2169,2009,2036,1691,1251,1177,1093,701,0,0
2025,2025-08-22,Westbound,Light Vehicles,447,265,190,174,321,1080,2004,2174,2141,2012,1863,1897,2070,2269,2424,2496,2542,2373,2466,2121,1834,1841,1787,1328,0,0
2025,2025-08-22,Westbound,Heavy Vehicles,52,39,32,46,74,168,296,277,243,366,352,355,361,349,349,285,268,234,189,126,101,70,74,65,0,0
2025,2025-08-22,Eastbound,All Vehicles,308,212,237,308,787,2216,2874,2970,2713,2503,2264,2172,2208,2311,2564,2582,2353,2173,2182,1814,1336,1228,1149,750,0,0
2025,2025-08-22,Westbound,All Vehicles,499,304,222,220,395,1248,2300,2451,2384,2378,2215,2252,2431,2618,2773,2781,2810,2607,2655,2247,1935,1911,1861,1393,0,0
2025,2025-08-23,Eastbound,Heavy Vehicles,41,26,35,33,48,118,204,213,179,179,173,156,157,153,129,137,135,158,145,86,63,46,47,27,0,0
2025,2025-08-23,Westbound,Light Vehicles,738,425,309,238,236,512,1120,1373,1768,1984,2281,2558,2626,2691,2740,2712,2660,2751,2492,2038,1767,2104,2502,1576,0,0
2025,2025-08-23,Eastbound,Light Vehicles,454,278,214,195,390,967,1445,1589,1925,2291,2355,2564,2597,2652,2383,2268,2346,2605,2507,1740,1303,1439,1216,923,0,0
2025,2025-08-23,Westbound,Heavy Vehicles,41,25,23,21,44,62,163,140,157,179,169,165,167,171,186,160,138,126,88,83,73,79,103,68,0,0
2025,2025-08-23,Eastbound,All Vehicles,495,304,249,228,438,1085,1649,1802,2104,2470,2528,2720,2754,2805,2512,2405,2481,2763,2652,1826,1366,1485,1263,950,0,0
2025,2025-08-23,Westbound,All Vehicles,779,450,332,259,280,574,1283,1513,1925,2163,2450,2723,2793,2862,2926,2872,2798,2877,2580,2121,1840,2183,2605,1644,0,0
2025,2025-08-24,Westbound,Heavy Vehicles,33,30,24,23,15,23,41,60,74,98,109,120,126,112,119,115,113,112,110,93,86,65,43,42,0,0
2025,2025-08-24,Eastbound,Light Vehicles,528,314,219,187,279,588,939,1063,1499,2159,2357,2523,2498,2436,2310,2036,2075,2001,1826,1433,1251,1153,844,421,0,0
2025,2025-08-24,Eastbound,Heavy Vehicles,23,18,13,19,25,39,58,92,100,107,122,113,103,123,125,109,82,86,101,74,73,72,44,39,0,0
2025,2025-08-24,Westbound,Light Vehicles,970,552,357,271,243,334,641,1016,1317,1786,2069,2321,2496,2493,2708,2755,2668,2565,2383,1933,1728,1481,1201,756,0,0
2025,2025-08-24,Westbound,All Vehicles,1003,582,381,294,258,357,682,1076,1391,1884,2178,2441,2622,2605,2827,2870,2781,2677,2493,2026,1814,1546,1244,798,0,0
2025,2025-08-24,Eastbound,All Vehicles,551,332,232,206,304,627,997,1155,1599,2266,2479,2636,2601,2559,2435,2145,2157,2087,1927,1507,1324,1225,888,460,0,0
2025,2025-08-25,Westbound,Heavy Vehicles,25,31,43,49,78,156,327,286,257,392,399,402,395,442,365,313,286,217,198,140,106,64,75,60,0,0
2025,2025-08-25,Eastbound,Light Vehicles,215,133,148,234,728,2040,2559,2662,2568,1981,1851,1637,,1780,2054,2245,2160,2023,1837,1306,1138,997,692,347,0,0
2025,2025-08-25,Eastbound,Heavy Vehicles,40,41,39,85,138,369,524,443,362,419,389,356,,293,289,276,185,191,152,130,85,66,57,46,0,0
2025,2025-08-25,Westbound,Light Vehicles,332,183,136,157,347,1133,2105,2286,2195,2019,1909,1809,1888,2235,2577,2635,2708,2485,2485,1961,1578,1379,1174,662,0,0
2025,2025-08-25,Westbound,All Vehicles,357,214,179,206,425,1289,2432,2572,2452,2411,2308,2211,2283,2677,2942,2948,2994,2702,2683,2101,1684,1443,1249,722,0,0
2025,2025-08-25,Eastbound,All Vehicles,255,174,187,319,866,2409,3083,3105,2930,2400,2240,1993,,2073,2343,2521,2345,2214,1989,1436,1223,1063,749,393,0,0
2025,2025-08-26,Eastbound,Heavy Vehicles,35,35,73,96,159,369,550,406,353,461,398,342,359,282,342,253,219,160,172,126,102,66,57,,0,0
2025,2025-08-26,Westbound,Heavy Vehicles,34,41,43,73,88,178,309,272,231,329,370,431,412,414,415,309,286,243,228,152,121,86,59,68,0,0
2025,2025-08-26,Westbound,Light Vehicles,337,210,179,162,336,1158,2203,2200,2222,1870,1807,1891,1972,2202,2532,2618,2507,2427,2583,2272,1854,1611,1339,893,0,0
2025,2025-08-26,Eastbound,Light Vehicles,216,156,167,256,716,2043,2595,2567,2423,2334,1937,1714,1678,1895,2089,2326,2237,1724,1942,1530,1208,1107,862,,0,0
2025,2025-08-26,Eastbound,All Vehicles,251,191,240,352,875,2412,3145,2973,2776,2795,2335,2056,2037,2177,2431,2579,2456,1884,2114,1656,1310,1173,919,,0,0
2025,2025-08-26,Westbound,All Vehicles,371,251,222,235,424,1336,2512,2472,2453,2199,2177,2322,2384,2616,2947,2927,2793,2670,2811,2424,1975,1697,1398,961,0,0
2025,2025-08-27,Eastbound,Light Vehicles,218,167,166,252,745,2063,2590,2527,2485,2300,1913,1757,1760,1939,2197,2386,1987,1916,2048,1518,1207,1193,964,447,0,0
2025,2025-08-27,Westbound,Heavy Vehicles,55,37,47,65,90,179,350,295,256,372,383,444,388,432,398,323,267,230,210,166,109,82,62,50,0,0
2025,2025-08-27,Westbound,Light Vehicles,426,218,161,180,401,1169,2185,2261,2145,2079,1935,1829,1982,2209,2490,2463,2489,2500,2707,2128,1831,1785,1480,935,0,0
2025,2025-08-27,Eastbound,Heavy Vehicles,35,46,55,90,140,377,556,411,391,449,395,389,371,341,309,251,159,161,162,141,79,59,65,35,0,0
2025,2025-08-27,Eastbound,All Vehicles,253,213,221,342,885,2440,3146,2938,2876,2749,2308,2146,2131,2280,2506,2637,2146,2077,2210,1659,1286,1252,1029,482,0,0
2025,2025-08-27,Westbound,All Vehicles,481,255,208,245,491,1348,2535,2556,2401,2451,2318,2273,2370,2641,2888,2786,2756,2730,2917,2294,1940,1867,1542,985,0,0
2025,2025-08-28,Eastbound,Light Vehicles,236,167,175,228,687,2076,2552,2418,2403,2243,1910,,1878,2106,2226,2377,2033,1879,2006,1572,1189,1171,894,508,0,0
2025,2025-08-28,Westbound,Light Vehicles,482,256,157,206,371,1180,2188,2188,2203,1983,1954,1910,2078,2221,2570,2531,2388,2487,2586,2170,1996,1983,1764,1095,0,0
2025,2025-08-28,Eastbound,Heavy Vehicles,31,52,51,103,154,384,565,412,332,448,410,,341,334,310,289,189,176,164,157,113,70,62,50,0,0
2025,2025-08-28,Westbound,Heavy Vehicles,48,42,35,57,91,203,338,275,279,318,407,402,385,418,390,299,251,245,218,152,102,79,84,67,0,0
2025,2025-08-28,Eastbound,All Vehicles,267,219,226,331,841,2460,3117,2830,2735,2691,2320,,2219,2440,2536,2666,2222,2055,2170,1729,1302,1241,956,558,0,0
2025,2025-08-28,Westbound,All Vehicles,530,298,192,263,462,1383,2526,2463,2482,2301,2361,2312,2463,2639,2960,2830,2639,2732,2804,2322,2098,2062,1848,1162,0,0
2025,2025-08-29,Eastbound,Heavy Vehicles,47,41,56,94,160,374,548,444,358,424,379,416,355,319,311,262,203,,161,103,73,51,65,54,0,0
2025,2025-08-29,Westbound,Heavy Vehicles,49,37,41,68,71,185,325,249,293,388,361,414,427,410,386,315,217,234,170,150,97,82,68,68,0,0
2025,2025-08-29,Eastbound,Light Vehicles,272,181,160,261,697,1957,2634,2583,2500,2061,1973,1930,1891,2031,2292,2322,2072,,2033,1774,1321,1279,1217,719,0,0
2025,2025-08-29,Westbound,Light Vehicles,521,285,177,195,363,1169,2126,2236,2205,2071,1877,2071,2157,2290,2542,2528,2542,2443,2581,2246,1961,1925,1790,1240,0,0
2025,2025-08-29,Eastbound,All Vehicles,319,222,216,355,857,2331,3182,3027,2858,2485,2352,2346,2246,2350,2603,2584,2275,,2194,1877,1394,1330,1282,773,0,0
2025,2025-08-29,Westbound,All Vehicles,570,322,218,263,434,1354,2451,2485,2498,2459,2238,2485,2584,2700,2928,2843,2759,2677,2751,2396,2058,2007,1858,1308,0,0
2025,2025-08-30,Westbound,Light Vehicles,741,436,261,223,225,582,1330,1546,1865,2268,2381,2592,2668,2731,2691,2689,2756,2758,2575,2104,1920,2048,1870,1457,0,0
2025,2025-08-30,Westbound,Heavy Vehicles,43,37,24,25,42,79,140,182,176,207,170,193,160,186,191,161,136,117,109,77,69,58,60,52,0,0
2025,2025-08-30,Eastbound,Heavy Vehicles,25,23,45,32,52,139,261,254,218,194,183,179,166,176,158,153,129,136,137,85,55,60,47,37,0,0
2025,2025-08-30,Eastbound,Light Vehicles,446,282,206,196,363,1060,1649,1756,1920,2404,2362,2459,2512,2521,2505,2371,2388,2649,2261,1732,1365,1427,1194,924,0,0
2025,2025-08-30,Westbound,All Vehicles,784,473,285,248,267,661,1470,1728,2041,2475,2551,2785,2828,2917,2882,2850,2892,2875,2684,2181,1989,2106,1930,1509,0,0
2025,2025-08-30,Eastbound,All Vehicles,471,305,251,228,415,1199,1910,2010,2138,2598,2545,2638,2678,2697,2663,2524,2517,2785,2398,1817,1420,1487,1241,961,0,0
2025,2025-08-31,Eastbound,Light Vehicles,615,353,206,212,301,615,916,1030,1413,2107,2198,2392,2385,2468,2220,2137,2257,2214,1856,1385,1314,1194,700,360,0,0
2025,2025-08-31,Westbound,Heavy Vehicles,39,21,16,22,21,29,58,68,73,101,86,108,112,101,123,103,118,113,88,82,68,71,45,34,0,0
2025,2025-08-31,Eastbound,Heavy Vehicles,25,18,11,19,26,47,85,87,103,112,134,129,134,151,105,104,110,123,90,74,74,68,46,39,0,0
2025,2025-08-31,Westbound,Light Vehicles,957,499,300,237,248,374,659,1048,1329,1830,2040,2418,2504,2501,2597,2650,2556,2721,2273,1854,1683,1501,1123,610,0,0
2025,2025-08-31,Eastbound,All Vehicles,640,371,217,231,327,662,1001,1117,1516,2219,2332,2521,2519,2619,2325,2241,2367,2337,1946,1459,1388,1262,746,399,0,0
2025,2025-08-31,Westbound,All Vehicles,996,520,316,259,269,403,717,1116,1402,1931,2126,2526,2616,2602,2720,2753,2674,2834,2361,1936,1751,1572,1168,644,0,0
2025,2025-09-01,Westbound,Light Vehicles,316,173,124,149,356,1145,2109,2246,2163,1971,1842,1836,1907,2173,2506,2495,2715,2562,2545,2023,1597,1417,1096,624,0,0
2025,2025-09-01,Westbound,Heavy Vehicles,22,25,26,59,71,150,322,260,256,351,363,397,435,381,436,339,282,223,217,133,105,72,62,58,0,0
2025,2025-09-01,Eastbound,Heavy Vehicles,44,40,36,80,146,345,547,421,355,396,334,220,178,314,290,268,194,99,91,102,68,46,33,16,0,0
2025,2025-09-01,Eastbound,Light Vehicles,251,138,128,236,715,2017,2617,2665,2538,2065,1722,1447,1387,1869,2088,2273,1961,1224,1498,1211,858,795,524,294,0,0
2025,2025-09-01,Westbound,All Vehicles,338,198,150,208,427,1295,2431,2506,2419,2322,2205,2233,2342,2554,2942,2834,2997,2785,2762,2156,1702,1489,1158,682,0,0
2025,2025-09-01,Eastbound,All Vehicles,295,178,164,316,861,2362,3164,3086,2893,2461,2056,1667,1565,2183,2378,2541,2155,1323,1589,1313,926,841,557,310,0,0
2025,2025-09-02,Eastbound,Heavy Vehicles,17,44,49,73,117,211,206,174,229,381,385,387,365,69,,124,226,193,176,128,105,82,53,39,0,0
2025,2025-09-02,Westbound,Heavy Vehicles,51,39,40,44,84,174,327,268,231,320,383,376,397,81,,,,,,,,,,,0,0
2025,2025-09-02,Westbound,Light Vehicles,350,203,151,159,383,1204,2219,2270,2157,2005,1819,1852,1916,450,,,,,,,,,,,0,0
2025,2025-09-02,Eastbound,Light Vehicles,189,134,151,250,721,1721,1620,1683,2000,2128,1793,1583,1871,358,,1147,2249,1743,1888,1450,1119,1107,741,395,0,0
2025,2025-09-02,Eastbound,All Vehicles,206,178,200,323,838,1932,1826,1857,2229,2509,2178,1970,2236,427,,1271,2475,1936,2064,1578,1224,1189,794,434,0,0
2025,2025-09-02,Westbound,All Vehicles,401,242,191,203,467,1378,2546,2538,2388,2325,2202,2228,2313,531,,,,,,,,,,,0,0
2025,2025-09-03,Eastbound,Light Vehicles,202,154,147,228,683,2053,2444,2281,1978,1837,2009,1821,1766,,2166,2324,2098,2187,2090,1445,1207,1154,756,400,0,0
2025,2025-09-03,Eastbound,Heavy Vehicles,38,44,51,95,138,351,477,297,278,295,421,357,395,,295,262,192,197,163,130,88,68,57,37,0,0
2025,2025-09-03,Eastbound,All Vehicles,240,198,198,323,821,2404,2921,2578,2256,2132,2430,2178,2161,,2461,2586,2290,2384,2253,1575,1295,1222,813,437,0,0
2025,2025-09-04,Eastbound,Heavy Vehicles,37,45,60,94,138,387,599,446,364,424,379,371,350,348,260,264,233,193,175,127,,70,63,68,0,0
2025,2025-09-04,Eastbound,Light Vehicles,234,155,175,240,716,2025,2687,2673,2426,2186,1935,1807,1885,1999,1970,2299,2109,2160,2050,1556,,1168,820,434,0,0
2025,2025-09-04,Eastbound,All Vehicles,271,200,235,334,854,2412,3286,3119,2790,2610,2314,2178,2235,2347,2230,2563,2342,2353,2225,1683,,1238,883,502,0,0
2025,2025-09-05,Eastbound,Light Vehicles,307,156,164,243,707,1910,2567,2624,2331,2010,1928,1953,1828,2090,2197,2315,2302,2275,2090,1742,1362,1256,1186,757,0,0
2025,2025-09-05,Eastbound,Heavy Vehicles,44,47,54,82,162,344,536,417,352,423,404,418,329,337,280,235,187,171,148,106,83,66,64,54,0,0
2025,2025-09-05,Eastbound,All Vehicles,351,203,218,325,869,2254,3103,3041,2683,2433,2332,2371,2157,2427,2477,2550,2489,2446,2238,1848,1445,1322,1250,811,0,0
2025,2025-09-06,Eastbound,Light Vehicles,441,247,184,222,422,1070,1710,1764,2136,2438,2462,2641,2540,2573,2600,2381,2372,2366,2242,1747,1448,1482,1361,940,0,0
2025,2025-09-06,Eastbound,Heavy Vehicles,39,27,44,29,51,149,287,273,186,217,210,181,192,139,166,139,130,154,117,76,72,70,53,38,0,0
2025,2025-09-06,Eastbound,All Vehicles,480,274,228,251,473,1219,1997,2037,2322,2655,2672,2822,2732,2712,2766,2520,2502,2520,2359,1823,1520,1552,1414,978,0,0
2025,2025-09-07,Eastbound,Heavy Vehicles,23,12,15,12,26,41,74,79,94,90,94,128,130,129,122,108,121,98,107,73,62,65,60,40,0,0
2025,2025-09-07,Eastbound,Light Vehicles,543,334,225,215,271,624,984,1055,1403,1862,2091,2627,2722,2528,2530,2515,2272,2258,1949,1609,1508,1207,831,375,0,0
2025,2025-09-07,Eastbound,All Vehicles,566,346,240,227,297,665,1058,1134,1497,1952,2185,2755,2852,2657,2652,2623,2393,2356,2056,1682,1570,1272,891,415,0,0
2025,2025-09-08,Eastbound,Light Vehicles,250,159,101,228,709,2113,2514,2648,2468,2011,1739,1716,1651,1811,1983,2291,2193,1946,1899,1365,1087,953,663,388,0,0
2025,2025-09-08,Eastbound,Heavy Vehicles,35,43,33,80,144,382,565,425,340,384,386,364,331,342,311,245,192,191,150,99,97,72,66,46,0,0
2025,2025-09-08,Eastbound,All Vehicles,285,202,134,308,853,2495,3079,3073,2808,2395,2125,2080,1982,2153,2294,2536,2385,2137,2049,1464,1184,1025,729,434,0,0
2025,2025-09-09,Eastbound,Light Vehicles,204,155,173,237,729,2051,2629,2549,2567,2169,1916,1694,1719,1823,2123,2241,2287,1898,1971,1476,1102,1022,753,379,0,0
2025,2025-09-09,Eastbound,Heavy Vehicles,53,48,67,95,161,350,541,390,356,450,408,394,323,328,271,221,215,166,177,116,96,97,57,46,0,0
2025,2025-09-09,Eastbound,All Vehicles,257,203,240,332,890,2401,3170,2939,2923,2619,2324,2088,2042,2151,2394,2462,2502,2064,2148,1592,1198,1119,810,425,0,0
2025,2025-09-10,Eastbound,Heavy Vehicles,42,47,75,83,139,313,484,338,270,373,354,323,285,278,228,230,151,151,159,98,80,54,54,40,0,0
2025,2025-09-10,Eastbound,Light Vehicles,229,146,173,241,718,2017,2485,2461,2304,2065,1825,1815,1705,1889,2025,2107,1903,1832,1813,1198,1067,1023,688,356,0,0
2025,2025-09-10,Eastbound,All Vehicles,271,193,248,324,857,2330,2969,2799,2574,2438,2179,2138,1990,2167,2253,2337,2054,1983,1972,1296,1147,1077,742,396,0,0
2025,2025-09-11,Eastbound,Heavy Vehicles,43,46,53,76,122,286,464,299,284,403,372,313,317,291,282,235,185,174,156,116,93,81,49,45,0,0
2025,2025-09-11,Eastbound,Light Vehicles,201,168,139,253,708,1921,2564,2391,2370,2044,1845,1700,1728,1940,2102,2270,2193,1829,1981,1435,1208,1036,796,421,0,0
2025,2025-09-11,Eastbound,All Vehicles,244,214,192,329,830,2207,3028,2690,2654,2447,2217,2013,2045,2231,2384,2505,2378,2003,2137,1551,1301,1117,845,466,0,0
2025,2025-09-12,Eastbound,Heavy Vehicles,50,40,56,90,160,363,520,409,323,386,409,326,334,283,271,231,197,158,143,133,91,,70,52,0,0
2025,2025-09-12,Eastbound,Light Vehicles,261,156,185,231,694,1953,2629,2610,2413,1946,1983,1805,1897,1960,2227,2349,2165,2272,2234,1780,1327,,1117,747,0,0
2025,2025-09-12,Eastbound,All Vehicles,311,196,241,321,854,2316,3149,3019,2736,2332,2392,2131,2231,2243,2498,2580,2362,2430,2377,1913,1418,,1187,799,0,0
2025,2025-09-13,Eastbound,Heavy Vehicles,31,32,32,40,55,128,246,258,189,179,178,153,129,135,126,151,139,118,,81,51,49,45,35,0,0
2025,2025-09-13,Eastbound,Light Vehicles,449,277,196,219,378,1038,1689,1733,1976,2301,2382,2421,2475,2382,2401,2153,2174,2288,,1675,1348,1295,1215,801,0,0
2025,2025-09-13,Eastbound,All Vehicles,480,309,228,259,433,1166,1935,1991,2165,2480,2560,2574,2604,2517,2527,2304,2313,2406,,1756,1399,1344,1260,836,0,0
2025,2025-09-14,Eastbound,Light Vehicles,591,309,205,162,286,621,1010,1178,1499,2284,2225,2341,2293,2299,2241,2059,2212,2100,1764,1546,,1138,788,380,0,0
2025,2025-09-14,Eastbound,Heavy Vehicles,21,8,11,17,24,52,68,91,91,117,111,115,110,97,118,99,103,87,89,74,,88,54,45,0,0
2025,2025-09-14,Eastbound,All Vehicles,612,317,216,179,310,673,1078,1269,1590,2401,2336,2456,2403,2396,2359,2158,2315,2187,1853,1620,,1226,842,425,0,0
2025,2025-09-15,Eastbound,Heavy Vehicles,41,33,43,73,150,352,554,399,326,436,383,390,282,293,278,272,213,180,159,110,89,69,,39,0,0
2025,2025-09-15,Eastbound,Light Vehicles,246,140,170,259,729,2108,2626,2602,2238,1985,1774,1687,1672,1870,2014,2299,2100,2027,1966,1423,1079,919,,364,0,0
2025,2025-09-15,Eastbound,All Vehicles,287,173,213,332,879,2460,3180,3001,2564,2421,2157,2077,1954,2163,2292,2571,2313,2207,2125,1533,1168,988,,403,0,0
2025,2025-09-16,Eastbound,Heavy Vehicles,42,40,62,100,152,371,549,382,392,446,375,289,339,306,272,234,211,177,173,141,93,,,50,0,0
2025,2025-09-16,Eastbound,Light Vehicles,211,150,149,250,695,2049,2657,2588,2418,2091,1936,1414,1750,1872,2144,2319,2181,2014,1996,1468,1160,,,396,0,0
2025,2025-09-16,Eastbound,All Vehicles,253,190,211,350,847,2420,3206,2970,2810,2537,2311,1703,2089,2178,2416,2553,2392,2191,2169,1609,1253,,,446,0,0
2025,2025-09-17,Eastbound,Light Vehicles,239,149,184,267,748,2073,2697,2725,2387,2232,1932,1824,1680,1878,2141,2221,2035,1640,1958,1534,,1143,852,407,0,0
2025,2025-09-17,Eastbound,Heavy Vehicles,45,39,61,90,156,370,530,390,363,441,432,341,318,329,253,264,198,152,174,140,,65,55,38,0,0
2025,2025-09-17,Eastbound,All Vehicles,284,188,245,357,904,2443,3227,3115,2750,2673,2364,2165,1998,2207,2394,2485,2233,1792,2132,1674,,1208,907,445,0,0
2025,2025-09-18,Eastbound,Heavy Vehicles,35,49,62,98,151,355,539,418,364,440,359,367,339,316,290,274,174,158,176,151,99,68,77,53,0,0
2025,2025-09-18,Eastbound,Light Vehicles,249,153,164,253,700,2062,2604,2618,2422,2183,1967,1828,1841,1983,2124,2265,2110,1870,1955,1568,1181,1163,890,476,0,0
2025,2025-09-18,Eastbound,All Vehicles,284,202,226,351,851,2417,3143,3036,2786,2623,2326,2195,2180,2299,2414,2539,2284,2028,2131,1719,1280,1231,967,529,0,0
2025,2025-09-19,Eastbound,Light Vehicles,262,176,178,252,671,2048,2557,2461,2432,2091,1960,1949,1944,,2226,2330,2169,1906,2165,1761,1318,1284,1133,710,0,0
2025,2025-09-19,Eastbound,Heavy Vehicles,57,44,53,87,163,362,544,435,328,408,367,399,357,,300,248,184,160,162,97,82,62,60,47,0,0
2025,2025-09-19,Eastbound,All Vehicles,319,220,231,339,834,2410,3101,2896,2760,2499,2327,2348,2301,,2526,2578,2353,2066,2327,1858,1400,1346,1193,757,0,0
2025,2025-09-20,Eastbound,Light Vehicles,458,197,202,230,425,1040,1714,1732,2216,2402,2306,2404,2511,2573,2394,2296,,2361,2225,1635,1319,1340,1230,826,0,0
2025,2025-09-20,Eastbound,Heavy Vehicles,30,29,39,45,50,135,280,255,220,192,173,171,158,158,156,129,,147,111,82,65,50,49,35,0,0
2025,2025-09-20,Eastbound,All Vehicles,488,226,241,275,475,1175,1994,1987,2436,2594,2479,2575,2669,2731,2550,2425,,2508,2336,1717,1384,1390,1279,861,0,0
2025,2025-09-21,Eastbound,Heavy Vehicles,23,12,5,17,31,47,90,88,87,94,112,117,107,106,115,105,86,111,87,87,65,66,42,47,0,0
2025,2025-09-21,Eastbound,Light Vehicles,531,281,206,167,256,633,981,1097,1574,2229,2407,2555,2380,2513,2375,2299,2012,2000,1878,1499,1312,1123,835,413,0,0
2025,2025-09-21,Eastbound,All Vehicles,554,293,211,184,287,680,1071,1185,1661,2323,2519,2672,2487,2619,2490,2404,2098,2111,1965,1586,1377,1189,877,460,0,0
2025,2025-09-22,Eastbound,Heavy Vehicles,52,37,49,73,138,373,539,397,165,385,375,333,330,351,285,275,173,134,145,120,,65,56,33,0,0
2025,2025-09-22,Eastbound,Light Vehicles,243,156,168,256,709,2049,2707,2517,1231,1926,1834,1797,1708,1863,1982,2212,1753,1559,1762,1288,,908,682,341,0,0
2025,2025-09-22,Eastbound,All Vehicles,295,193,217,329,847,2422,3246,2914,1396,2311,2209,2130,2038,2214,2267,2487,1926,1693,1907,1408,,973,738,374,0,0
2025,2025-09-23,Eastbound,Heavy Vehicles,41,37,67,88,155,394,506,390,320,427,399,372,337,307,259,246,187,188,162,110,90,87,57,,0,0
2025,2025-09-23,Eastbound,Light Vehicles,191,141,156,227,707,2103,2590,2665,2428,2215,1823,1771,1843,1921,2137,2352,2021,1705,1870,1538,1226,1077,809,,0,0
2025,2025-09-23,Eastbound,All Vehicles,232,178,223,315,862,2497,3096,3055,2748,2642,2222,2143,2180,2228,2396,2598,2208,1893,2032,1648,1316,1164,866,,0,0
2025,2025-09-24,Eastbound,Light Vehicles,209,145,190,242,739,2139,2672,2547,2448,2199,1920,1839,1764,1959,2109,2204,2104,2005,2196,1519,,1118,891,424,0,0
2025,2025-09-24,Eastbound,Heavy Vehicles,39,42,54,96,148,384,546,419,384,410,398,368,348,317,273,225,196,160,171,117,,69,61,50,0,0
2025,2025-09-24,Eastbound,All Vehicles,248,187,244,338,887,2523,3218,2966,2832,2609,2318,2207,2112,2276,2382,2429,2300,2165,2367,1636,,1187,952,474,0,0
2025,2025-09-25,Eastbound,Heavy Vehicles,46,38,74,94,156,346,573,405,346,435,373,399,345,300,290,234,184,152,166,124,83,92,69,65,0,0
2025,2025-09-25,Eastbound,Light Vehicles,244,159,172,256,704,2090,2591,2656,2434,2154,1954,1892,1888,2044,2186,2356,2132,1825,1896,1578,1233,1204,1001,544,0,0
2025,2025-09-25,Eastbound,All Vehicles,290,197,246,350,860,2436,3164,3061,2780,2589,2327,2291,2233,2344,2476,2590,2316,1977,2062,1702,1316,1296,1070,609,0,0
2025,2025-09-26,Eastbound,Heavy Vehicles,43,50,57,105,162,380,573,447,361,415,404,388,347,351,297,260,197,179,151,125,83,60,62,46,0,0
2025,2025-09-26,Eastbound,Light Vehicles,308,188,185,281,682,2006,2557,2688,2366,1996,1900,1965,1885,2105,2291,2209,2118,2050,2216,1852,1359,1292,1309,823,0,0
2025,2025-09-26,Eastbound,All Vehicles,351,238,242,386,844,2386,3130,3135,2727,2411,2304,2353,2232,2456,2588,2469,2315,2229,2367,1977,1442,1352,1371,869,0,0
2025,2025-09-27,Eastbound,Light Vehicles,433,290,196,215,431,1116,1687,1720,1984,2282,2413,2374,2447,2428,2320,,2218,2348,2206,1697,1355,1406,1274,,0,0
2025,2025-09-27,Eastbound,Heavy Vehicles,33,34,30,36,64,141,278,240,205,206,168,170,135,146,163,,114,139,124,69,57,63,51,,0,0
2025,2025-09-27,Eastbound,All Vehicles,466,324,226,251,495,1257,1965,1960,2189,2488,2581,2544,2582,2574,2483,,2332,2487,2330,1766,1412,1469,1325,,0,0
2025,2025-09-28,Eastbound,Heavy Vehicles,24,13,12,20,30,40,88,100,100,100,103,101,99,103,123,95,92,94,105,70,69,63,,42,0,0
2025,2025-09-28,Eastbound,Light Vehicles,566,326,248,245,322,680,1092,1115,1525,2291,2211,2375,2320,2364,2088,2192,2179,2106,1881,1539,1315,1282,,458,0,0
2025,2025-09-28,Eastbound,All Vehicles,590,339,260,265,352,720,1180,1215,1625,2391,2314,2476,2419,2467,2211,2287,2271,2200,1986,1609,1384,1345,,500,0,0
2025,2025-09-29,Eastbound,Light Vehicles,261,153,182,278,712,2000,2486,2450,2269,1977,1979,1960,1878,1902,1935,2157,2029,2237,1987,1438,1216,,838,,0,0
2025,2025-09-29,Eastbound,Heavy Vehicles,51,41,33,79,158,342,538,422,402,420,392,384,370,333,277,271,175,177,162,133,90,,70,,0,0
2025,2025-09-29,Eastbound,All Vehicles,312,194,215,357,870,2342,3024,2872,2671,2397,2371,2344,2248,2235,2212,2428,2204,2414,2149,1571,1306,,908,,0,0
2025,2025-09-30,Eastbound,Heavy Vehicles,38,40,68,93,170,368,546,402,341,428,374,358,321,339,272,252,212,168,155,133,86,81,61,69,0,0
2025,2025-09-30,Eastbound,Light Vehicles,258,148,171,256,676,2126,2501,2446,2493,2231,1996,1859,1900,1968,2004,2236,2194,2063,1946,1614,1236,1138,962,471,0,0
2025,2025-09-30,Eastbound,All Vehicles,296,188,239,349,846,2494,3047,2848,2834,2659,2370,2217,2221,2307,2276,2488,2406,2231,2101,1747,1322,1219,1023,540,0,0
2025,2025-10-01,Eastbound,Heavy Vehicles,40,43,59,107,159,378,598,430,389,384,397,360,329,333,276,264,,151,159,156,81,81,53,44,0,0
2025,2025-10-01,Eastbound,Light Vehicles,244,172,198,275,713,2056,2657,2413,2509,2179,2008,1930,1827,2020,2009,2206,,1956,2057,1621,1212,1186,892,512,0,0
2025,2025-10-01,Eastbound,All Vehicles,284,215,257,382,872,2434,3255,2843,2898,2563,2405,2290,2156,2353,2285,2470,,2107,2216,1777,1293,1267,945,556,0,0
2025,2025-10-02,Eastbound,Light Vehicles,248,155,175,236,675,2004,2314,2194,2106,1993,2018,1977,1858,1979,2030,2240,2067,1764,2082,1652,1342,1280,961,520,0,0
2025,2025-10-02,Eastbound,Heavy Vehicles,39,55,60,103,127,369,518,395,334,426,391,381,332,344,300,254,197,164,125,124,93,81,61,52,0,0
2025,2025-10-02,Eastbound,All Vehicles,287,210,235,339,802,2373,2832,2589,2440,2419,2409,2358,2190,2323,2330,2494,2264,1928,2207,1776,1435,1361,1022,572,0,0
2025,2025-10-03,Eastbound,Light Vehicles,305,201,170,259,659,1921,2530,2268,2320,2110,2077,2089,1960,2133,2241,2280,2220,1934,2150,1782,1431,1335,1110,770,0,0
2025,2025-10-03,Eastbound,Heavy Vehicles,50,54,57,93,144,373,565,396,387,400,374,371,326,286,285,232,180,171,163,102,81,72,65,45,0,0
2025,2025-10-03,Eastbound,All Vehicles,355,255,227,352,803,2294,3095,2664,2707,2510,2451,2460,2286,2419,2526,2512,2400,2105,2313,1884,1512,1407,1175,815,0,0
2025,2025-10-04,Eastbound,Heavy Vehicles,45,25,32,31,59,131,271,224,205,168,158,158,167,140,146,137,,120,98,59,62,,45,42,0,0
2025,2025-10-04,Eastbound,Light Vehicles,478,263,206,234,386,932,1564,1570,1924,2254,2383,2479,2473,2451,2367,2111,,2214,1874,1608,1276,,1192,864,0,0
2025,2025-10-04,Eastbound,All Vehicles,523,288,238,265,445,1063,1835,1794,2129,2422,2541,2637,2640,2591,2513,2248,,2334,1972,1667,1338,,1237,906,0,0
2025,2025-10-05,Eastbound,Heavy Vehicles,19,19,,22,19,38,74,87,86,101,96,106,101,98,104,89,99,89,60,61,42,57,63,32,0,0
2025,2025-10-05,Eastbound,Light Vehicles,521,368,,256,318,590,868,1000,1328,1957,2135,2279,2308,2197,1994,1828,1930,1959,1776,1479,1271,1276,1416,816,0,0
2025,2025-10-05,Eastbound,All Vehicles,540,387,,278,337,628,942,1087,1414,2058,2231,2385,2409,2295,2098,1917,2029,2048,1836,1540,1313,1333,1479,848,0,0
2025,2025-10-06,Eastbound,Light Vehicles,404,251,209,176,263,433,628,541,711,1049,1375,1478,1479,1523,1415,1242,1173,1305,1184,1021,1004,861,655,330,0,0
2025,2025-10-06,Eastbound,Heavy Vehicles,16,15,13,18,34,40,61,84,72,85,83,85,91,77,68,63,64,64,52,51,44,37,35,39,0,0
2025,2025-10-06,Eastbound,All Vehicles,420,266,222,194,297,473,689,625,783,1134,1458,1563,1570,1600,1483,1305,1237,1369,1236,1072,1048,898,690,369,0,0
2025,2025-10-07,Eastbound,Light Vehicles,251,140,159,237,648,1797,2447,2474,2425,2095,1836,1830,1776,1939,2021,2204,2160,2003,1891,1377,1219,1077,808,416,0,0
2025,2025-10-07,Eastbound,Heavy Vehicles,37,37,40,74,133,320,509,469,374,384,341,386,349,300,274,271,186,179,173,128,83,71,59,50,0,0
2025,2025-10-07,Eastbound,All Vehicles,288,177,199,311,781,2117,2956,2943,2799,2479,2177,2216,2125,2239,2295,2475,2346,2182,2064,1505,1302,1148,867,466,0,0
2025,2025-10-08,Eastbound,Heavy Vehicles,49,41,62,89,143,338,540,481,384,427,356,382,345,327,262,266,208,175,146,118,89,89,66,39,0,0
2025,2025-10-08,Eastbound,Light Vehicles,241,180,188,221,711,1975,2581,2572,2447,2266,2014,1902,1899,1954,2012,2232,2201,1986,2016,1545,1271,1172,857,445,0,0
2025,2025-10-08,Eastbound,All Vehicles,290,221,250,310,854,2313,3121,3053,2831,2693,2370,2284,2244,2281,2274,2498,2409,2161,2162,1663,1360,1261,923,484,0,0
2025,2025-10-09,Eastbound,Light Vehicles,244,179,159,254,633,1995,2545,2514,2334,2138,1910,1900,1871,1962,2048,2227,2206,2011,1939,1478,1221,1219,932,497,0,0
2025,2025-10-09,Eastbound,Heavy Vehicles,38,39,56,87,150,385,495,429,396,419,403,393,338,320,314,253,234,162,163,129,117,77,82,55,0,0
2025,2025-10-09,Eastbound,All Vehicles,282,218,215,341,783,2380,3040,2943,2730,2557,2313,2293,2209,2282,2362,2480,2440,2173,2102,1607,1338,1296,1014,552,0,0
2025,2025-10-10,Eastbound,Heavy Vehicles,45,52,65,90,152,352,543,456,400,425,424,355,329,303,283,244,196,176,139,136,68,88,77,48,0,0
2025,2025-10-10,Eastbound,Light Vehicles,286,165,166,229,661,1901,2482,2245,2290,2094,1984,1995,1971,1971,2045,2197,2159,2161,2069,1801,1458,1283,1226,812,0,0
2025,2025-10-10,Eastbound,All Vehicles,331,217,231,319,813,2253,3025,2701,2690,2519,2408,2350,2300,2274,2328,2441,2355,2337,2208,1937,1526,1371,1303,860,0,0
2025,2025-10-11,Eastbound,Heavy Vehicles,40,30,29,41,69,135,268,251,206,177,188,176,137,156,139,133,131,132,112,90,66,64,55,57,0,0
2025,2025-10-11,Eastbound,Light Vehicles,509,309,192,202,394,1014,1554,1655,1836,2272,2292,2528,2607,2474,2327,2273,2374,2232,2066,1721,1444,1309,1320,933,0,0
2025,2025-10-11,Eastbound,All Vehicles,549,339,221,243,463,1149,1822,1906,2042,2449,2480,2704,2744,2630,2466,2406,2505,2364,2178,1811,1510,1373,1375,990,0,0
2025,2025-10-12,Eastbound,Light Vehicles,608,341,213,212,281,611,918,1018,1420,2119,2052,2316,2189,2194,2148,2113,2112,1965,1702,1403,1317,1213,862,495,0,0
2025,2025-10-12,Eastbound,Heavy Vehicles,25,13,14,21,32,42,90,88,98,104,106,124,97,92,94,101,110,114,103,84,69,89,74,44,0,0
2025,2025-10-12,Eastbound,All Vehicles,633,354,227,233,313,653,1008,1106,1518,2223,2158,2440,2286,2286,2242,2214,2222,2079,1805,1487,1386,1302,936,539,0,0
2025,2025-10-13,Eastbound,Heavy Vehicles,51,52,46,75,139,339,410,385,327,402,341,355,338,314,256,273,,162,144,140,,72,53,47,0,0
2025,2025-10-13,Eastbound,Light Vehicles,279,157,164,238,654,1950,1913,2582,2217,1933,1847,1843,1708,1799,1963,2378,,2024,1894,1453,,1049,769,398,0,0
2025,2025-10-13,Eastbound,All Vehicles,330,209,210,313,793,2289,2323,2967,2544,2335,2188,2198,2046,2113,2219,2651,,2186,2038,1593,,1121,822,445,0,0
2025,2025-10-14,Eastbound,Light Vehicles,212,157,189,257,694,2069,2663,2642,2207,2100,1799,1787,1719,1862,2122,2258,2210,2014,1887,1544,,1172,840,449,0,0
2025,2025-10-14,Eastbound,Heavy Vehicles,39,48,58,97,147,355,551,394,314,420,410,390,345,337,292,232,188,161,186,134,,95,62,58,0,0
2025,2025-10-14,Eastbound,All Vehicles,251,205,247,354,841,2424,3214,3036,2521,2520,2209,2177,2064,2199,2414,2490,2398,2175,2073,1678,,1267,902,507,0,0
2025,2025-10-15,Eastbound,Heavy Vehicles,42,55,63,102,142,347,541,409,319,446,396,439,329,313,282,271,193,158,165,130,,,66,51,0,0
2025,2025-10-15,Eastbound,Light Vehicles,247,165,188,254,670,2079,2645,2554,2286,2226,1936,1905,1744,1997,2212,2378,2269,2247,1999,1672,,,871,467,0,0
2025,2025-10-15,Eastbound,All Vehicles,289,220,251,356,812,2426,3186,2963,2605,2672,2332,2344,2073,2310,2494,2649,2462,2405,2164,1802,,,937,518,0,0
2025,2025-10-16,Eastbound,Heavy Vehicles,40,56,64,100,143,380,527,397,374,464,392,357,377,348,305,275,205,155,166,141,96,79,81,60,0,0
2025,2025-10-16,Eastbound,Light Vehicles,236,181,157,243,745,1978,2663,2668,2482,2198,1812,1843,1822,1991,2214,2373,2171,1918,2067,1638,1339,1201,1013,509,0,0
2025,2025-10-16,Eastbound,All Vehicles,276,237,221,343,888,2358,3190,3065,2856,2662,2204,2200,2199,2339,2519,2648,2376,2073,2233,1779,1435,1280,1094,569,0,0
2025,2025-10-17,Eastbound,Heavy Vehicles,67,48,54,99,158,351,513,405,368,398,388,398,334,310,307,245,177,150,172,,96,68,64,51,0,0
2025,2025-10-17,Eastbound,Light Vehicles,293,180,171,267,657,1978,2513,2687,2561,2206,1923,1890,1873,1980,2182,2389,2191,2169,2138,,1477,1278,1104,758,0,0
2025,2025-10-17,Eastbound,All Vehicles,360,228,225,366,815,2329,3026,3092,2929,2604,2311,2288,2207,2290,2489,2634,2368,2319,2310,,1573,1346,1168,809,0,0
2025,2025-10-18,Eastbound,Heavy Vehicles,38,26,30,41,61,135,298,250,228,171,158,176,164,161,145,148,,116,102,75,54,61,50,43,0,0
2025,2025-10-18,Eastbound,Light Vehicles,489,270,217,209,437,1068,1660,1864,2108,2271,2397,2607,2714,2534,2631,2335,,2296,2112,1764,1468,1436,1299,1018,0,0
2025,2025-10-18,Eastbound,All Vehicles,527,296,247,250,498,1203,1958,2114,2336,2442,2555,2783,2878,2695,2776,2483,,2412,2214,1839,1522,1497,1349,1061,0,0
2025,2025-10-19,Eastbound,Heavy Vehicles,26,15,15,14,20,49,87,107,84,103,106,,103,113,109,83,,114,96,,81,,58,40,0,0
2025,2025-10-19,Eastbound,Light Vehicles,716,451,256,213,278,616,985,1234,1554,2165,2047,,2394,2527,2213,2001,,2142,1845,,1442,,1103,530,0,0
2025,2025-10-19,Eastbound,All Vehicles,742,466,271,227,298,665,1072,1341,1638,2268,2153,,2497,2640,2322,2084,,2256,1941,,1523,,1161,570,0,0
2025,2025-10-20,Eastbound,Heavy Vehicles,51,41,40,74,157,341,527,430,355,,373,,354,,293,247,195,,156,115,100,62,68,46,0,0
2025,2025-10-20,Eastbound,Light Vehicles,303,167,158,233,693,2033,2610,2526,2404,,1841,,1681,,2045,2192,1953,,1907,1382,1172,1086,890,546,0,0
2025,2025-10-20,Eastbound,All Vehicles,354,208,198,307,850,2374,3137,2956,2759,,2214,,2035,,2338,2439,2148,,2063,1497,1272,1148,958,592,0,0
2025,2025-10-21,Eastbound,Heavy Vehicles,35,47,58,97,158,335,539,404,335,449,367,356,313,,,249,209,154,155,117,99,89,58,61,0,0
2025,2025-10-21,Eastbound,Light Vehicles,322,168,162,234,666,2079,2612,2612,2314,2179,1874,1720,1717,,,2305,2084,1846,1955,1468,1171,1230,909,469,0,0
2025,2025-10-21,Eastbound,All Vehicles,357,215,220,331,824,2414,3151,3016,2649,2628,2241,2076,2030,,,2554,2293,2000,2110,1585,1270,1319,967,530,0,0
2025,2025-10-22,Eastbound,Heavy Vehicles,49,53,61,99,150,378,535,412,368,425,,368,386,331,289,249,194,160,131,,112,33,,7,0,0
2025,2025-10-22,Eastbound,Light Vehicles,268,159,175,247,720,2120,2660,2705,2364,2213,,1746,1758,1972,2159,2337,2143,1896,1886,,1377,503,,86,0,0
2025,2025-10-22,Eastbound,All Vehicles,317,212,236,346,870,2498,3195,3117,2732,2638,,2114,2144,2303,2448,2586,2337,2056,2017,,1489,536,,93,0,0
2025,2025-10-23,Eastbound,Heavy Vehicles,38,53,50,102,166,377,557,370,304,415,415,381,356,347,283,278,193,170,155,117,119,101,,68,0,0
2025,2025-10-23,Eastbound,Light Vehicles,282,190,171,247,746,2097,2675,2217,2313,2192,1925,1827,1796,1957,2195,2389,2132,1827,1994,1538,1301,1263,,533,0,0
2025,2025-10-23,Eastbound,All Vehicles,320,243,221,349,912,2474,3232,2587,2617,2607,2340,2208,2152,2304,2478,2667,2325,1997,2149,1655,1420,1364,,601,0,0
2025,2025-10-24,Eastbound,Heavy Vehicles,61,56,48,97,152,371,549,380,351,407,450,366,317,311,326,240,158,175,170,133,113,76,74,44,0,0
2025,2025-10-24,Eastbound,Light Vehicles,332,177,188,256,695,1993,2556,2597,2574,2069,2108,1874,1925,1989,2261,2345,2068,2081,2164,1839,1533,1328,1211,864,0,0
2025,2025-10-24,Eastbound,All Vehicles,393,233,236,353,847,2364,3105,2977,2925,2476,2558,2240,2242,2300,2587,2585,2226,2256,2334,1972,1646,1404,1285,908,0,0
2025,2025-10-25,Eastbound,Light Vehicles,465,290,216,209,421,1088,1667,1887,2082,2399,2366,2384,2527,,2412,2308,2234,2270,2092,1643,1450,,1427,1080,0,0
2025,2025-10-25,Eastbound,Heavy Vehicles,30,29,28,46,63,138,329,243,221,214,180,183,151,,159,141,132,117,119,86,76,,63,38,0,0
2025,2025-10-25,Eastbound,All Vehicles,495,319,244,255,484,1226,1996,2130,2303,2613,2546,2567,2678,,2571,2449,2366,2387,2211,1729,1526,,1490,1118,0,0
2025,2025-10-26,Eastbound,Heavy Vehicles,18,20,13,22,25,47,92,92,103,116,120,114,,,109,103,117,98,94,69,69,80,57,55,0,0
2025,2025-10-26,Eastbound,Light Vehicles,633,404,264,183,303,635,990,1178,1630,2157,2087,2350,,,2259,2174,2149,2315,2019,1466,1391,1230,987,591,0,0
2025,2025-10-26,Eastbound,All Vehicles,651,424,277,205,328,682,1082,1270,1733,2273,2207,2464,,,2368,2277,2266,2413,2113,1535,1460,1310,1044,646,0,0
2025,2025-10-27,Eastbound,Heavy Vehicles,57,50,59,88,150,347,530,389,331,421,403,379,339,312,291,246,204,186,139,119,91,,59,45,0,0
2025,2025-10-27,Eastbound,Light Vehicles,301,155,182,266,723,2014,2635,2684,2501,1974,1855,1789,1738,1832,2052,2359,2166,1953,1913,1348,1216,,773,348,0,0
2025,2025-10-27,Eastbound,All Vehicles,358,205,241,354,873,2361,3165,3073,2832,2395,2258,2168,2077,2144,2343,2605,2370,2139,2052,1467,1307,,832,393,0,0
2025,2025-10-28,Eastbound,Light Vehicles,226,165,177,249,749,2141,2713,2737,2455,2188,1921,1803,1801,2022,2166,2321,2178,2023,1951,1450,1221,1091,882,404,0,0
2025,2025-10-28,Eastbound,Heavy Vehicles,50,52,61,80,143,318,507,357,326,392,388,338,315,300,240,193,179,144,141,111,70,71,60,52,0,0
2025,2025-10-28,Eastbound,All Vehicles,276,217,238,329,892,2459,3220,3094,2781,2580,2309,2141,2116,2322,2406,2514,2357,2167,2092,1561,1291,1162,942,456,0,0
2025,2025-10-29,Eastbound,Light Vehicles,217,174,148,250,717,2142,2618,2592,2349,2233,1827,1889,1737,1939,2076,2347,2220,2185,2003,1456,1229,1141,820,433,0,0
2025,2025-10-29,Eastbound,Heavy Vehicles,41,45,54,87,137,326,458,365,296,340,357,351,293,301,234,189,180,127,153,129,70,70,53,42,0,0
2025,2025-10-29,Eastbound,All Vehicles,258,219,202,337,854,2468,3076,2957,2645,2573,2184,2240,2030,2240,2310,2536,2400,2312,2156,1585,1299,1211,873,475,0,0
2025,2025-10-30,Eastbound,Heavy Vehicles,42,52,72,68,144,321,503,387,299,451,397,365,372,335,197,181,136,118,155,134,92,97,78,,0,0
2025,2025-10-30,Eastbound,Light Vehicles,248,165,171,253,687,2052,2741,2523,2356,2277,1900,1808,1818,1927,1441,1455,1470,1653,1743,1468,1269,1287,1007,,0,0
2025,2025-10-30,Eastbound,All Vehicles,290,217,243,321,831,2373,3244,2910,2655,2728,2297,2173,2190,2262,1638,1636,1606,1771,1898,1602,1361,1384,1085,,0,0
2025,2025-10-31,Eastbound,Heavy Vehicles,78,62,73,101,175,374,539,438,346,434,408,420,355,,,249,172,159,165,96,91,79,53,56,0,0
2025,2025-10-31,Eastbound,Light Vehicles,322,185,163,279,669,1912,2518,2549,2338,2082,1936,1861,1833,,,2409,2154,1887,2043,1647,1394,1282,1159,873,0,0
2025,2025-10-31,Eastbound,All Vehicles,400,247,236,380,844,2286,3057,2987,2684,2516,2344,2281,2188,,,2658,2326,2046,2208,1743,1485,1361,1212,929,0,0
2025,2025-11-01,Eastbound,Light Vehicles,583,291,252,257,469,1089,1676,1976,2163,2338,2346,2440,2482,2516,2329,2250,2309,2412,2038,,1537,1503,1323,1007,0,0
2025,2025-11-01,Eastbound,Heavy Vehicles,45,31,38,44,50,118,288,270,202,212,173,179,149,138,160,141,116,151,105,,72,56,41,47,0,0
2025,2025-11-01,Eastbound,All Vehicles,628,322,290,301,519,1207,1964,2246,2365,2550,2519,2619,2631,2654,2489,2391,2425,2563,2143,,1609,1559,1364,1054,0,0
2025,2025-11-02,Eastbound,Heavy Vehicles,19,18,10,21,25,63,80,111,112,127,98,131,,108,118,96,107,117,100,,74,85,49,67,0,0
2025,2025-11-02,Eastbound,Light Vehicles,657,406,232,231,303,711,993,1088,1546,2202,2254,2275,,2322,2146,2142,2096,2205,1838,,1452,1317,958,457,0,0
2025,2025-11-02,Eastbound,All Vehicles,676,424,242,252,328,774,1073,1199,1658,2329,2352,2406,,2430,2264,2238,2203,2322,1938,,1526,1402,1007,524,0,0
2025,2025-11-03,Eastbound,Light Vehicles,310,155,161,240,651,2040,2673,2593,2459,1982,1838,1699,1735,1902,2122,2323,2186,,1814,1291,,994,,385,0,0
2025,2025-11-03,Eastbound,Heavy Vehicles,69,48,47,91,171,332,539,415,387,427,440,388,357,339,289,247,180,,156,107,,70,,44,0,0
2025,2025-11-03,Eastbound,All Vehicles,379,203,208,331,822,2372,3212,3008,2846,2409,2278,2087,2092,2241,2411,2570,2366,,1970,1398,,1064,,429,0,0
2025,2025-11-04,Eastbound,Light Vehicles,238,158,147,234,704,2102,2722,2673,2486,2121,1930,1832,1736,1957,2035,2323,2172,2080,1983,1513,1304,,817,460,0,0
2025,2025-11-04,Eastbound,Heavy Vehicles,41,30,75,90,148,325,449,377,276,372,416,389,342,345,261,233,197,162,161,122,99,,76,59,0,0
2025,2025-11-04,Eastbound,All Vehicles,279,188,222,324,852,2427,3171,3050,2762,2493,2346,2221,2078,2302,2296,2556,2369,2242,2144,1635,1403,,893,519,0,0
2025,2025-11-05,Eastbound,Heavy Vehicles,47,49,67,93,159,397,536,383,317,438,417,359,338,303,304,256,195,170,173,123,96,78,,,0,0
2025,2025-11-05,Eastbound,Light Vehicles,252,164,193,242,749,2127,2552,2485,2457,2064,1937,1771,1795,1854,2163,2208,2098,1934,1977,1636,1346,1332,,,0,0
2025,2025-11-05,Eastbound,All Vehicles,299,213,260,335,908,2524,3088,2868,2774,2502,2354,2130,2133,2157,2467,2464,2293,2104,2150,1759,1442,1410,,,0,0
2025,2025-11-06,Eastbound,Light Vehicles,275,163,173,257,666,2086,2675,2658,2471,2213,1944,1872,1862,1960,2144,2379,2211,2050,1910,1594,1341,1289,966,500,0,0
2025,2025-11-06,Eastbound,Heavy Vehicles,43,60,69,87,158,379,554,415,364,466,410,399,322,346,292,215,162,175,158,125,111,93,77,66,0,0
2025,2025-11-06,Eastbound,All Vehicles,318,223,242,344,824,2465,3229,3073,2835,2679,2354,2271,2184,2306,2436,2594,2373,2225,2068,1719,1452,1382,1043,566,0,0
2025,2025-11-07,Eastbound,Light Vehicles,295,182,180,274,676,2007,2657,2627,2373,1924,1976,1940,1996,2042,2190,2518,2088,2109,2226,1850,1491,,1331,888,0,0
2025,2025-11-07,Eastbound,Heavy Vehicles,73,57,76,97,154,402,562,439,318,398,385,381,348,354,278,255,211,161,143,117,106,,84,46,0,0
2025,2025-11-07,Eastbound,All Vehicles,368,239,256,371,830,2409,3219,3066,2691,2322,2361,2321,2344,2396,2468,2773,2299,2270,2369,1967,1597,,1415,934,0,0
2025,2025-11-08,Eastbound,Light Vehicles,507,299,188,221,410,1036,1694,1842,2084,2403,2434,2431,2508,2499,2472,2123,2297,2353,2082,1745,1517,1440,,1049,0,0
2025,2025-11-08,Eastbound,Heavy Vehicles,53,37,32,32,63,150,303,234,222,177,184,173,162,175,157,142,153,106,98,94,62,54,,50,0,0
2025,2025-11-08,Eastbound,All Vehicles,560,336,220,253,473,1186,1997,2076,2306,2580,2618,2604,2670,2674,2629,2265,2450,2459,2180,1839,1579,1494,,1099,0,0
2025,2025-11-09,Eastbound,Light Vehicles,712,361,231,207,264,605,963,1118,1640,2263,2317,2416,2578,,2454,2148,2183,2125,,1421,1040,1263,957,480,0,0
2025,2025-11-09,Eastbound,Heavy Vehicles,30,14,14,14,18,51,57,99,78,70,90,85,82,,81,64,96,66,,59,37,61,52,48,0,0
2025,2025-11-09,Eastbound,All Vehicles,742,375,245,221,282,656,1020,1217,1718,2333,2407,2501,2660,,2535,2212,2279,2191,,1480,1077,1324,1009,528,0,0
2025,2025-11-10,Eastbound,Heavy Vehicles,50,45,44,71,135,267,395,308,300,419,391,334,339,335,334,232,213,184,136,121,,76,49,62,0,0
2025,2025-11-10,Eastbound,Light Vehicles,288,162,202,252,713,2127,2611,2490,2357,1963,1825,1740,1876,1951,2151,2323,2183,2105,1972,1446,,1121,790,426,0,0
2025,2025-11-10,Eastbound,All Vehicles,338,207,246,323,848,2394,3006,2798,2657,2382,2216,2074,2215,2286,2485,2555,2396,2289,2108,1567,,1197,839,488,0,0
2025,2025-11-11,Eastbound,Light Vehicles,208,161,171,262,726,2185,2607,2646,2349,2015,1893,1736,1736,1915,2104,2376,2190,1861,1770,1498,1263,1156,881,438,0,0
2025,2025-11-11,Eastbound,Heavy Vehicles,44,56,53,93,182,355,528,399,320,457,447,375,382,329,249,236,195,159,168,154,108,81,85,51,0,0
2025,2025-11-11,Eastbound,All Vehicles,252,217,224,355,908,2540,3135,3045,2669,2472,2340,2111,2118,2244,2353,2612,2385,2020,1938,1652,1371,1237,966,489,0,0
2025,2025-11-12,Eastbound,Heavy Vehicles,68,53,57,95,171,384,498,388,319,385,411,380,338,305,318,266,194,132,164,120,93,86,77,55,0,0
2025,2025-11-12,Eastbound,Light Vehicles,250,159,147,251,723,2189,2483,2345,2122,2069,1921,1833,1773,1856,2171,2270,2167,1940,1916,1601,1334,1251,906,499,0,0
2025,2025-11-12,Eastbound,All Vehicles,318,212,204,346,894,2573,2981,2733,2441,2454,2332,2213,2111,2161,2489,2536,2361,2072,2080,1721,1427,1337,983,554,0,0
2025,2025-11-13,Eastbound,Light Vehicles,290,190,175,261,702,2047,2508,2546,2299,2106,1903,,1800,1860,,2208,1983,1738,1942,1466,1314,1357,1023,516,0,0
2025,2025-11-13,Eastbound,Heavy Vehicles,53,62,66,78,147,373,497,365,354,451,406,,375,295,,233,192,161,135,144,119,102,75,55,0,0
2025,2025-11-13,Eastbound,All Vehicles,343,252,241,339,849,2420,3005,2911,2653,2557,2309,,2175,2155,,2441,2175,1899,2077,1610,1433,1459,1098,571,0,0
2025,2025-11-14,Eastbound,Heavy Vehicles,54,65,67,104,171,402,475,356,307,429,381,355,346,311,289,253,165,153,175,120,100,86,69,57,0,0
2025,2025-11-14,Eastbound,Light Vehicles,300,207,187,259,661,1986,2408,2282,1965,1909,1853,1894,1937,1948,2147,2202,2050,2189,2256,1776,1493,1450,1197,842,0,0
2025,2025-11-14,Eastbound,All Vehicles,354,272,254,363,832,2388,2883,2638,2272,2338,2234,2249,2283,2259,2436,2455,2215,2342,2431,1896,1593,1536,1266,899,0,0
2025,2025-11-15,Eastbound,Light Vehicles,489,305,244,235,403,1020,1624,1878,2038,2275,2414,2450,2518,2367,2373,2285,2262,2660,2636,1634,1445,,1359,,0,0
2025,2025-11-15,Eastbound,Heavy Vehicles,40,35,38,38,47,150,317,282,197,180,182,154,175,139,148,119,150,141,156,84,61,,54,,0,0
2025,2025-11-15,Eastbound,All Vehicles,529,340,282,273,450,1170,1941,2160,2235,2455,2596,2604,2693,2506,2521,2404,2412,2801,2792,1718,1506,,1413,,0,0
2025,2025-11-16,Eastbound,Heavy Vehicles,16,22,17,19,25,59,75,74,91,114,111,127,105,125,123,110,109,86,115,100,72,87,58,63,0,0
2025,2025-11-16,Eastbound,Light Vehicles,654,398,253,208,275,605,1033,1113,1528,2327,2238,2459,2511,2223,2205,2087,2026,2179,1854,1502,1404,1277,768,459,0,0
2025,2025-11-16,Eastbound,All Vehicles,670,420,270,227,300,664,1108,1187,1619,2441,2349,2586,2616,2348,2328,2197,2135,2265,1969,1602,1476,1364,826,522,0,0
2025,2025-11-17,Eastbound,Heavy Vehicles,52,52,51,90,127,373,521,376,335,439,402,337,357,323,,257,186,174,110,90,75,46,39,22,0,0
2025,2025-11-17,Eastbound,Light Vehicles,280,167,151,247,720,2106,2605,2578,2115,1996,1768,1675,1803,1770,,2357,2079,2055,1482,1096,1145,877,466,186,0,0
2025,2025-11-17,Eastbound,All Vehicles,332,219,202,337,847,2479,3126,2954,2450,2435,2170,2012,2160,2093,,2614,2265,2229,1592,1186,1220,923,505,208,0,0
2025,2025-11-18,Eastbound,Light Vehicles,154,145,154,231,634,1761,1955,2379,2089,,1878,1727,1795,1818,2121,2181,2157,1745,1871,1484,1290,1177,703,495,0,0
2025,2025-11-18,Eastbound,Heavy Vehicles,40,51,63,90,176,319,391,368,298,,400,401,359,312,327,225,187,150,139,148,100,88,75,59,0,0
2025,2025-11-18,Eastbound,All Vehicles,194,196,217,321,810,2080,2346,2747,2387,,2278,2128,2154,2130,2448,2406,2344,1895,2010,1632,1390,1265,778,554,0,0
2025,2025-11-19,Eastbound,Light Vehicles,255,167,171,267,751,2126,2550,2503,2417,2144,1865,1789,1754,1885,2026,2239,1836,1995,1904,1463,1327,1248,,474,0,0
2025,2025-11-19,Eastbound,Heavy Vehicles,60,76,61,106,176,399,502,383,378,421,412,397,364,322,289,231,179,135,135,136,109,90,,66,0,0
2025,2025-11-19,Eastbound,All Vehicles,315,243,232,373,927,2525,3052,2886,2795,2565,2277,2186,2118,2207,2315,2470,2015,2130,2039,1599,1436,1338,,540,0,0
2025,2025-11-20,Eastbound,Heavy Vehicles,66,73,70,97,178,360,509,379,311,403,399,386,360,332,288,235,174,147,175,129,86,93,85,63,0,0
2025,2025-11-20,Eastbound,Light Vehicles,257,168,201,253,714,2146,2620,2406,2156,2092,1844,1821,1831,1937,2143,2282,1997,1820,1801,1520,1317,1312,945,522,0,0
2025,2025-11-20,Eastbound,All Vehicles,323,241,271,350,892,2506,3129,2785,2467,2495,2243,2207,2191,2269,2431,2517,2171,1967,1976,1649,1403,1405,1030,585,0,0
2025,2025-11-21,Eastbound,Light Vehicles,288,173,173,258,686,1972,2451,2418,2227,1986,1931,1981,1904,1981,2136,,2108,2154,2146,,,1233,1294,845,0,0
2025,2025-11-21,Eastbound,Heavy Vehicles,79,63,66,110,166,370,449,343,348,417,416,368,368,310,276,,181,153,168,,,68,74,54,0,0
2025,2025-11-21,Eastbound,All Vehicles,367,236,239,368,852,2342,2900,2761,2575,2403,2347,2349,2272,2291,2412,,2289,2307,2314,,,1301,1368,899,0,0
2025,2025-11-22,Eastbound,Light Vehicles,520,323,207,231,430,998,1624,1768,2068,2264,2337,2561,2407,2412,,2269,,,2048,1590,1414,1402,1251,964,0,0
2025,2025-11-22,Eastbound,Heavy Vehicles,44,31,27,40,56,159,230,240,186,183,170,165,141,161,,143,,,99,75,67,49,47,36,0,0
2025,2025-11-22,Eastbound,All Vehicles,564,354,234,271,486,1157,1854,2008,2254,2447,2507,2726,2548,2573,,2412,,,2147,1665,1481,1451,1298,1000,0,0
2025,2025-11-23,Eastbound,Light Vehicles,632,374,241,189,252,612,869,1009,1539,2220,2333,2271,2421,2400,2246,2035,2106,2116,1756,1473,1508,1290,766,494,0,0
2025,2025-11-23,Eastbound,Heavy Vehicles,30,21,16,14,16,47,58,81,101,113,117,103,109,101,97,111,110,105,100,86,75,78,62,54,0,0
2025,2025-11-23,Eastbound,All Vehicles,662,395,257,203,268,659,927,1090,1640,2333,2450,2374,2530,2501,2343,2146,2216,2221,1856,1559,1583,1368,828,548,0,0
2025,2025-11-24,Eastbound,Heavy Vehicles,51,62,47,73,151,359,515,378,282,434,405,377,323,301,260,252,191,157,155,141,96,94,75,47,0,0
2025,2025-11-24,Eastbound,Light Vehicles,291,150,170,257,767,2048,2622,2418,2228,1955,1853,1741,1731,1922,2013,2190,2165,1865,1797,1405,1222,1065,666,428,0,0
2025,2025-11-24,Eastbound,All Vehicles,342,212,217,330,918,2407,3137,2796,2510,2389,2258,2118,2054,2223,2273,2442,2356,2022,1952,1546,1318,1159,741,475,0,0
2025,2025-11-25,Eastbound,Heavy Vehicles,47,54,57,91,177,389,504,317,325,,434,413,389,337,275,199,,106,133,142,107,99,85,61,0,0
2025,2025-11-25,Eastbound,Light Vehicles,206,168,177,263,727,2121,2571,2053,2176,,1900,1822,1817,1905,1992,2097,,1457,1827,1516,1247,1191,826,444,0,0
2025,2025-11-25,Eastbound,All Vehicles,253,222,234,354,904,2510,3075,2370,2501,,2334,2235,2206,2242,2267,2296,,1563,1960,1658,1354,1290,911,505,0,0
2025,2025-11-26,Eastbound,Light Vehicles,261,168,185,255,744,2134,2531,2449,1911,2039,1877,1749,1777,1846,2184,2151,2159,1790,1875,1724,1406,1304,820,475,0,0
2025,2025-11-26,Eastbound,Heavy Vehicles,58,65,66,91,178,412,528,409,311,403,407,360,360,262,293,222,217,152,161,132,111,105,75,65,0,0
2025,2025-11-26,Eastbound,All Vehicles,319,233,251,346,922,2546,3059,2858,2222,2442,2284,2109,2137,2108,2477,2373,2376,1942,2036,1856,1517,1409,895,540,0,0
2025,2025-11-27,Eastbound,Heavy Vehicles,68,69,68,80,175,424,584,412,342,504,459,,325,329,305,260,204,137,157,156,100,101,93,73,0,0
2025,2025-11-27,Eastbound,Light Vehicles,322,175,199,281,704,2125,2622,2522,2215,2149,1985,,1718,1928,2111,2276,2168,1604,1899,1495,1387,1382,961,551,0,0
2025,2025-11-27,Eastbound,All Vehicles,390,244,267,361,879,2549,3206,2934,2557,2653,2444,,2043,2257,2416,2536,2372,1741,2056,1651,1487,1483,1054,624,0,0
2025,2025-11-28,Eastbound,Heavy Vehicles,81,67,64,100,149,367,572,424,324,448,382,354,327,279,273,205,165,156,157,130,105,,61,54,0,0
2025,2025-11-28,Eastbound,Light Vehicles,341,200,173,272,690,2012,2620,2442,2225,1998,1888,1909,1919,2028,2169,2299,1939,2240,2281,1829,1621,,1285,866,0,0
2025,2025-11-28,Eastbound,All Vehicles,422,267,237,372,839,2379,3192,2866,2549,2446,2270,2263,2246,2307,2442,2504,2104,2396,2438,1959,1726,,1346,920,0,0
2025,2025-12-03,Eastbound,Light Vehicles,88,93,75,119,528,1372,1722,1448,1159,1430,1076,1194,1353,1795,2120,2080,1990,1914,1910,1529,1299,1277,821,471,0,0
2025,2025-12-03,Eastbound,Heavy Vehicles,18,34,28,54,103,256,326,233,167,286,206,259,277,288,291,246,207,172,139,145,119,103,68,62,0,0
2025,2025-12-03,Eastbound,All Vehicles,106,127,103,173,631,1628,2048,1681,1326,1716,1282,1453,1630,2083,2411,2326,2197,2086,2049,1674,1418,1380,889,533,0,0
2025,2025-12-04,Eastbound,Light Vehicles,290,200,197,260,711,2098,2591,2540,2391,2162,1853,1750,1738,1858,2081,2083,1958,1862,1901,1463,1341,1300,913,557,0,0
2025,2025-12-04,Eastbound,Heavy Vehicles,54,59,65,94,155,381,486,436,413,498,409,384,324,300,279,257,168,166,141,138,119,110,90,66,0,0
2025,2025-12-04,Eastbound,All Vehicles,344,259,262,354,866,2479,3077,2976,2804,2660,2262,2134,2062,2158,2360,2340,2126,2028,2042,1601,1460,1410,1003,623,0,0
2025,2025-12-05,Eastbound,Heavy Vehicles,80,73,58,102,185,390,555,410,341,418,405,344,335,289,277,258,203,154,125,123,99,85,,,0,0
2025,2025-12-05,Eastbound,Light Vehicles,370,220,158,248,703,1961,2465,2314,2200,2039,1905,1921,1872,1820,1964,2101,2099,1957,2014,1689,1476,1449,,,0,0
2025,2025-12-05,Eastbound,All Vehicles,450,293,216,350,888,2351,3020,2724,2541,2457,2310,2265,2207,2109,2241,2359,2302,2111,2139,1812,1575,1534,,,0,0
2025,2025-12-06,Eastbound,Light Vehicles,504,338,276,257,500,1106,1722,1783,2016,2194,2211,2340,2324,,2116,,2058,2102,2071,1582,1466,1480,1387,1047,0,0
2025,2025-12-06,Eastbound,Heavy Vehicles,49,42,33,54,80,204,291,301,216,201,197,179,176,,129,,135,100,100,79,81,57,63,49,0,0
2025,2025-12-06,Eastbound,All Vehicles,553,380,309,311,580,1310,2013,2084,2232,2395,2408,2519,2500,,2245,,2193,2202,2171,1661,1547,1537,1450,1096,0,0
2025,2025-12-07,Eastbound,Heavy Vehicles,17,8,12,10,10,28,50,51,51,65,47,59,51,47,43,56,49,51,49,45,36,49,32,40,0,0
2025,2025-12-07,Eastbound,Light Vehicles,340,204,148,120,154,316,420,454,622,816,883,912,878,854,859,832,774,866,777,568,573,532,339,221,0,0
2025,2025-12-07,Eastbound,All Vehicles,357,212,160,130,164,344,470,505,673,881,930,971,929,901,902,888,823,917,826,613,609,581,371,261,0,0
2025,2025-12-08,Eastbound,Heavy Vehicles,55,47,44,91,162,378,537,432,335,427,382,418,372,309,302,244,192,157,179,147,101,84,72,62,0,0
2025,2025-12-08,Eastbound,Light Vehicles,290,168,167,264,732,2096,2499,2412,2138,2011,1793,1818,1765,1878,2002,2198,1900,2001,1823,1511,1190,1127,692,439,0,0
2025,2025-12-08,Eastbound,All Vehicles,345,215,211,355,894,2474,3036,2844,2473,2438,2175,2236,2137,2187,2304,2442,2092,2158,2002,1658,1291,1211,764,501,0,0
2025,2025-12-10,Eastbound,Heavy Vehicles,53,86,75,96,174,424,552,453,296,455,409,376,369,343,294,251,187,141,162,153,117,,77,55,0,0
2025,2025-12-10,Eastbound,Light Vehicles,308,187,187,274,717,2041,2514,2427,2026,2082,1841,1833,1781,1869,2082,2106,1960,1892,1916,1596,1343,,883,489,0,0
2025,2025-12-10,Eastbound,All Vehicles,361,273,262,370,891,2465,3066,2880,2322,2537,2250,2209,2150,2212,2376,2357,2147,2033,2078,1749,1460,,960,544,0,0
2025,2025-12-11,Eastbound,Light Vehicles,288,194,185,256,677,1979,2478,2498,2396,2019,1874,672,300,129,1418,2152,1958,1668,1641,1490,1289,1219,912,,0,0
2025,2025-12-11,Eastbound,Heavy Vehicles,55,68,58,91,169,377,535,450,388,443,471,132,71,24,218,278,205,142,161,137,120,103,79,,0,0
2025,2025-12-11,Eastbound,All Vehicles,343,262,243,347,846,2356,3013,2948,2784,2462,2345,804,371,153,1636,2430,2163,1810,1802,1627,1409,1322,991,,0,0
2025,2025-12-12,Eastbound,Light Vehicles,341,205,148,228,657,973,1144,1850,1055,1298,1651,729,686,1585,1677,1610,1764,1687,1972,1667,1515,1388,1336,,0,0
2025,2025-12-12,Eastbound,Heavy Vehicles,71,41,45,80,168,193,181,285,116,241,346,98,67,228,220,161,158,144,151,121,93,76,92,,0,0
2025,2025-12-12,Eastbound,All Vehicles,412,246,193,308,825,1166,1325,2135,1171,1539,1997,827,753,1813,1897,1771,1922,1831,2123,1788,1608,1464,1428,,0,0
2025,2025-12-13,Eastbound,Light Vehicles,568,363,240,226,402,899,1426,1625,1968,2151,2274,2401,,2339,2227,2269,2427,2375,2166,1587,1184,1467,,955,0,0
2025,2025-12-13,Eastbound,Heavy Vehicles,52,42,26,34,60,139,266,263,218,213,199,189,,157,168,152,153,176,110,85,57,63,,48,0,0
2025,2025-12-13,Eastbound,All Vehicles,620,405,266,260,462,1038,1692,1888,2186,2364,2473,2590,,2496,2395,2421,2580,2551,2276,1672,1241,1530,,1003,0,0
2025,2025-12-14,Eastbound,Heavy Vehicles,46,20,20,19,23,56,62,63,73,115,91,58,99,127,148,113,101,123,108,98,76,76,63,60,0,0
2025,2025-12-14,Eastbound,Light Vehicles,614,359,272,221,275,566,785,702,1061,2079,1497,971,1834,2070,2075,2063,2013,2128,1891,1443,1447,1394,805,492,0,0
2025,2025-12-14,Eastbound,All Vehicles,660,379,292,240,298,622,847,765,1134,2194,1588,1029,1933,2197,2223,2176,2114,2251,1999,1541,1523,1470,868,552,0,0
2025,2025-12-15,Eastbound,Heavy Vehicles,51,71,43,100,166,383,514,437,363,418,429,389,329,381,289,273,199,162,161,,104,78,73,57,0,0
2025,2025-12-15,Eastbound,Light Vehicles,288,191,141,262,696,1993,2454,2371,2186,2007,1774,1735,1720,1769,1925,2122,2071,1908,1781,,1175,1000,700,389,0,0
2025,2025-12-15,Eastbound,All Vehicles,339,262,184,362,862,2376,2968,2808,2549,2425,2203,2124,2049,2150,2214,2395,2270,2070,1942,,1279,1078,773,446,0,0
2025,2025-12-16,Eastbound,Light Vehicles,119,96,96,158,303,723,772,655,648,708,691,652,623,670,738,725,612,532,726,,477,156,,14,0,0
2025,2025-12-16,Eastbound,Heavy Vehicles,34,47,46,63,104,174,253,191,162,213,201,187,183,145,149,125,79,54,79,,44,20,,4,0,0
2025,2025-12-16,Eastbound,All Vehicles,153,143,142,221,407,897,1025,846,810,921,892,839,806,815,887,850,691,586,805,,521,176,,18,0,0
2025,2025-12-17,Eastbound,Light Vehicles,189,184,72,255,661,2030,2516,2449,2245,,1922,1868,1965,1893,2012,2159,2078,1963,1993,1568,,,811,511,0,0
2025,2025-12-17,Eastbound,Heavy Vehicles,36,59,37,95,188,364,602,459,374,,392,412,346,315,308,237,196,148,180,141,,,91,56,0,0
2025,2025-12-17,Eastbound,All Vehicles,225,243,109,350,849,2394,3118,2908,2619,,2314,2280,2311,2208,2320,2396,2274,2111,2173,1709,,,902,567,0,0
2025,2025-12-18,Eastbound,Light Vehicles,320,204,159,290,689,1946,2502,2276,2237,,1954,1939,1988,1935,2051,2127,1947,1892,1927,1576,1293,,951,565,0,0
2025,2025-12-18,Eastbound,Heavy Vehicles,68,66,78,104,174,378,591,449,334,,414,401,390,336,313,265,200,153,155,134,114,,81,86,0,0
2025,2025-12-18,Eastbound,All Vehicles,388,270,237,394,863,2324,3093,2725,2571,,2368,2340,2378,2271,2364,2392,2147,2045,2082,1710,1407,,1032,651,0,0
2025,2025-12-20,Eastbound,Light Vehicles,519,329,225,300,448,951,1542,1530,1842,2085,2220,2408,2247,2324,2234,2125,2218,2411,2076,1581,1412,1459,1364,936,0,0
2025,2025-12-20,Eastbound,Heavy Vehicles,45,41,40,45,72,152,279,243,221,205,186,198,182,176,163,165,146,155,121,86,86,75,72,42,0,0
2025,2025-12-20,Eastbound,All Vehicles,564,370,265,345,520,1103,1821,1773,2063,2290,2406,2606,2429,2500,2397,2290,2364,2566,2197,1667,1498,1534,1436,978,0,0
2025,2025-12-21,Eastbound,Heavy Vehicles,26,30,20,23,33,58,76,91,108,137,161,141,115,124,114,68,95,109,94,88,64,84,54,34,0,0
2025,2025-12-21,Eastbound,Light Vehicles,666,383,286,234,273,646,1026,1087,1529,2083,2110,2295,2162,2004,1826,1317,1754,2041,1744,1483,1323,1305,963,449,0,0
2025,2025-12-21,Eastbound,All Vehicles,692,413,306,257,306,704,1102,1178,1637,2220,2271,2436,2277,2128,1940,1385,1849,2150,1838,1571,1387,1389,1017,483,0,0
2025,2025-12-22,Eastbound,Light Vehicles,276,209,177,243,504,1429,1088,1942,2022,2036,2046,1981,1976,2075,1962,1914,1977,2033,1764,1419,1338,1146,950,544,0,0
2025,2025-12-22,Eastbound,Heavy Vehicles,46,45,46,70,139,261,264,380,347,355,369,328,271,281,266,232,186,174,146,128,95,84,55,49,0,0
2025,2025-12-22,Eastbound,All Vehicles,322,254,223,313,643,1690,1352,2322,2369,2391,2415,2309,2247,2356,2228,2146,2163,2207,1910,1547,1433,1230,1005,593,0,0
2025,2025-12-23,Eastbound,Heavy Vehicles,45,50,48,98,145,283,404,393,355,343,313,309,288,271,,209,162,162,119,85,50,70,63,59,0,0
2025,2025-12-23,Eastbound,Light Vehicles,303,206,161,266,536,1385,1932,2029,2044,1956,2044,2111,2049,2179,,1993,2054,1853,1589,1128,844,1084,966,673,0,0
2025,2025-12-23,Eastbound,All Vehicles,348,256,209,364,681,1668,2336,2422,2399,2299,2357,2420,2337,2450,,2202,2216,2015,1708,1213,894,1154,1029,732,0,0
2025,2025-12-24,Eastbound,Light Vehicles,372,237,186,265,494,1131,1577,1780,1814,1869,1952,2043,1976,1947,1993,,1760,,1730,1401,1285,1349,1240,909,0,0
2025,2025-12-24,Eastbound,Heavy Vehicles,58,45,54,72,96,219,285,287,279,264,240,234,207,204,161,,115,,113,79,59,59,48,35,0,0
2025,2025-12-24,Eastbound,All Vehicles,430,282,240,337,590,1350,1862,2067,2093,2133,2192,2277,2183,2151,2154,,1875,,1843,1480,1344,1408,1288,944,0,0
2025,2025-12-25,Eastbound,Light Vehicles,300,241,140,108,125,249,293,317,452,679,856,966,866,676,653,676,788,751,473,595,576,612,512,279,0,0
2025,2025-12-25,Eastbound,Heavy Vehicles,11,8,10,8,11,20,23,22,25,26,37,26,45,36,25,29,27,18,17,13,18,19,18,8,0,0
2025,2025-12-25,Eastbound,All Vehicles,311,249,150,116,136,269,316,339,477,705,893,992,911,712,678,705,815,769,490,608,594,631,530,287,0,0
2025,2025-12-26,Eastbound,Heavy Vehicles,6,4,6,7,8,3,12,21,38,43,44,54,48,47,34,30,47,45,26,20,22,21,17,25,0,0
2025,2025-12-26,Eastbound,Light Vehicles,139,73,36,30,25,58,126,210,416,582,741,827,792,747,732,664,660,614,602,469,458,484,467,289,0,0
2025,2025-12-26,Eastbound,All Vehicles,145,77,42,37,33,61,138,231,454,625,785,881,840,794,766,694,707,659,628,489,480,505,484,314,0,0
2025,2025-12-27,Eastbound,Heavy Vehicles,22,25,28,37,47,91,146,137,113,106,144,156,154,135,105,109,103,,73,75,57,62,52,42,0,0
2025,2025-12-27,Eastbound,Light Vehicles,384,259,179,218,360,733,1097,1104,1318,1734,2082,2367,2238,2004,1869,1793,1820,,1565,1444,1305,1227,979,706,0,0
2025,2025-12-27,Eastbound,All Vehicles,406,284,207,255,407,824,1243,1241,1431,1840,2226,2523,2392,2139,1974,1902,1923,,1638,1519,1362,1289,1031,748,0,0
2025,2025-12-29,Eastbound,Heavy Vehicles,26,35,31,50,64,88,144,98,117,6,12,93,97,98,88,69,82,57,51,45,34,28,39,21,0,0
2025,2025-12-29,Eastbound,Light Vehicles,165,110,89,116,208,414,504,432,542,27,50,829,743,716,710,708,690,719,624,549,499,432,362,254,0,0
2025,2025-12-29,Eastbound,All Vehicles,191,145,120,166,272,502,648,530,659,33,62,922,840,814,798,777,772,776,675,594,533,460,401,275,0,0
2025,2025-12-30,Eastbound,Heavy Vehicles,36,45,46,57,98,156,212,221,232,245,210,204,185,218,,148,158,129,102,91,85,63,76,52,0,0
2025,2025-12-30,Eastbound,Light Vehicles,335,188,181,237,459,1136,1498,1491,1717,1944,1990,2143,2008,1993,,1834,1897,2041,1799,1397,1209,1184,851,602,0,0
2025,2025-12-30,Eastbound,All Vehicles,371,233,227,294,557,1292,1710,1712,1949,2189,2200,2347,2193,2211,,1982,2055,2170,1901,1488,1294,1247,927,654,0,0
2025,2025-12-31,Eastbound,Light Vehicles,405,197,189,238,414,911,1253,1283,1472,1611,1823,1905,1903,1873,1832,1961,1876,1932,1958,1568,1342,1116,1134,668,0,0
2025,2025-12-31,Eastbound,Heavy Vehicles,56,41,44,59,107,192,239,251,241,230,195,207,151,169,151,120,120,107,83,74,58,28,33,26,0,0
2025,2025-12-31,Eastbound,All Vehicles,461,238,233,297,521,1103,1492,1534,1713,1841,2018,2112,2054,2042,1983,2081,1996,2039,2041,1642,1400,1144,1167,694,0,0
