year,date,cardinal_direction_seq,classification_seq,hour_00,hour_01,hour_02,hour_03,hour_04,hour_05,hour_06,hour_07,hour_08,hour_09,hour_10,hour_11,hour_12,hour_13,hour_14,hour_15,hour_16,hour_17,hour_18,hour_19,hour_20,hour_21,hour_22,hour_23,public_holiday,school_holiday
2024,2024-01-02,Northbound,Heavy Vehicles,8,11,14,13,18,39,100,127,137,99,121,122,126,86,91,90,89,88,63,40,45,27,16,16,0,0
2024,2024-01-02,Southbound,Heavy Vehicles,8,12,19,15,25,44,73,87,89,99,94,92,75,81,90,94,86,57,38,35,30,17,25,20,0,0
2024,2024-01-02,Northbound,Light Vehicles,176,120,58,55,86,233,603,604,755,801,943,1104,1241,1159,1237,1358,1537,1633,1093,768,707,703,508,359,0,0
2024,2024-01-02,Southbound,Light Vehicles,142,104,63,87,164,379,598,722,853,944,993,989,913,934,906,870,949,926,781,636,494,459,360,224,0,0
2024,2024-01-02,Northbound,All Vehicles,184,131,72,68,104,272,703,731,892,900,1064,1226,1367,1245,1328,1448,1626,1721,1156,808,752,730,524,375,0,0
2024,2024-01-02,Southbound,All Vehicles,150,116,82,102,189,423,671,809,942,1043,1087,1081,988,1015,996,964,1035,983,819,671,524,476,385,244,0,0
2024,2024-01-03,Southbound,Heavy Vehicles,14,19,12,34,32,57,91,96,99,89,102,114,105,91,110,102,78,61,40,34,26,26,18,16,0,0
2024,2024-01-03,Northbound,Light Vehicles,191,101,60,47,87,277,705,665,773,868,964,1056,1063,1068,1235,1444,1586,1594,1250,835,740,729,581,432,0,0
2024,2024-01-03,Southbound,Light Vehicles,161,90,54,76,137,426,638,784,870,901,994,902,865,871,902,984,1023,1002,796,567,529,489,403,199,0,0
2024,2024-01-03,Northbound,Heavy Vehicles,14,14,16,20,31,51,137,130,132,130,119,115,99,130,97,98,99,79,75,51,30,35,18,15,0,0
2024,2024-01-03,Southbound,All Vehicles,175,109,66,110,169,483,729,880,969,990,1096,1016,970,962,1012,1086,1101,1063,836,601,555,515,421,215,0,0
2024,2024-01-03,Northbound,All Vehicles,205,115,76,67,118,328,842,795,905,998,1083,1171,1162,1198,1332,1542,1685,1673,1325,886,770,764,599,447,0,0
2024,2024-01-04,Southbound,Heavy Vehicles,15,11,23,28,38,63,115,154,121,154,141,166,148,145,158,136,132,98,79,58,34,31,26,41,0,0
2024,2024-01-04,Northbound,Light Vehicles,248,98,72,60,104,409,999,991,1110,1122,1266,1378,1438,1556,1807,1981,2086,2105,1559,1098,942,1234,909,477,0,0
2024,2024-01-04,Northbound,Heavy Vehicles,25,15,23,27,44,66,179,184,173,191,189,178,172,179,144,154,111,106,97,62,44,45,30,18,0,0
2024,2024-01-04,Southbound,Light Vehicles,182,117,85,110,212,627,1097,1412,1688,1592,1588,1613,1559,1572,1637,1853,1734,2021,1664,984,812,715,481,304,0,0
2024,2024-01-04,Southbound,All Vehicles,197,128,108,138,250,690,1212,1566,1809,1746,1729,1779,1707,1717,1795,1989,1866,2119,1743,1042,846,746,507,345,0,0
2024,2024-01-04,Northbound,All Vehicles,273,113,95,87,148,475,1178,1175,1283,1313,1455,1556,1610,1735,1951,2135,2197,2211,1656,1160,986,1279,939,495,0,0
2024,2024-01-05,Southbound,Heavy Vehicles,21,22,29,30,46,59,122,155,145,131,150,158,169,136,145,148,121,96,53,52,40,36,24,26,0,0
2024,2024-01-05,Southbound,Light Vehicles,187,121,107,99,181,608,1046,1364,1620,1711,1764,1722,1660,1586,1627,1844,1801,1874,1508,1121,827,774,658,420,0,0
2024,2024-01-05,Northbound,Light Vehicles,262,119,76,60,129,418,1016,917,1118,1117,1285,1442,1585,1681,1925,1979,2112,2204,1700,1245,1022,1008,964,694,0,0
2024,2024-01-05,Northbound,Heavy Vehicles,22,10,28,15,42,83,186,203,206,209,200,182,184,185,143,165,136,123,84,68,34,37,31,31,0,0
2024,2024-01-05,Southbound,All Vehicles,208,143,136,129,227,667,1168,1519,1765,1842,1914,1880,1829,1722,1772,1992,1922,1970,1561,1173,867,810,682,446,0,0
2024,2024-01-05,Northbound,All Vehicles,284,129,104,75,171,501,1202,1120,1324,1326,1485,1624,1769,1866,2068,2144,2248,2327,1784,1313,1056,1045,995,725,0,0
2024,2024-01-06,Southbound,Light Vehicles,258,154,103,123,164,392,661,878,1143,1753,1965,2014,1962,1762,1670,1747,1782,1685,1349,1076,943,866,661,477,0,0
2024,2024-01-06,Southbound,Heavy Vehicles,13,14,19,18,21,26,60,65,70,102,75,96,97,71,72,70,77,65,35,48,33,34,22,28,0,0
2024,2024-01-06,Northbound,Light Vehicles,341,168,119,93,107,320,676,720,855,1244,1472,1743,1726,1775,1831,1780,1774,1697,1450,1057,1018,1003,815,611,0,0
2024,2024-01-06,Northbound,Heavy Vehicles,26,9,18,17,15,45,95,97,86,106,98,94,85,70,100,68,84,78,66,41,26,25,35,18,0,0
2024,2024-01-06,Southbound,All Vehicles,271,168,122,141,185,418,721,943,1213,1855,2040,2110,2059,1833,1742,1817,1859,1750,1384,1124,976,900,683,505,0,0
2024,2024-01-06,Northbound,All Vehicles,367,177,137,110,122,365,771,817,941,1350,1570,1837,1811,1845,1931,1848,1858,1775,1516,1098,1044,1028,850,629,0,0
2024,2024-01-07,Southbound,Light Vehicles,291,166,119,85,150,227,437,553,953,1404,1834,1781,1807,1816,1810,1796,1647,1444,1161,940,880,771,555,295,0,0
2024,2024-01-07,Northbound,Heavy Vehicles,14,11,18,17,15,16,32,33,44,67,48,56,68,71,66,73,56,56,63,44,30,30,24,14,0,0
2024,2024-01-07,Northbound,Light Vehicles,358,275,213,99,91,173,318,421,677,1065,1386,1479,1658,1772,1740,1567,1532,1684,1669,1105,1171,872,728,403,0,0
2024,2024-01-07,Southbound,Heavy Vehicles,11,9,9,5,12,11,25,31,39,60,46,49,64,71,45,54,47,41,46,48,21,27,29,16,0,0
2024,2024-01-07,Southbound,All Vehicles,302,175,128,90,162,238,462,584,992,1464,1880,1830,1871,1887,1855,1850,1694,1485,1207,988,901,798,584,311,0,0
2024,2024-01-07,Northbound,All Vehicles,372,286,231,116,106,189,350,454,721,1132,1434,1535,1726,1843,1806,1640,1588,1740,1732,1149,1201,902,752,417,0,0
2024,2024-01-08,Northbound,Light Vehicles,207,181,74,60,115,557,1354,1260,1408,1259,1190,1313,1437,1541,1792,2049,2460,2650,1702,1025,920,835,764,552,0,0
2024,2024-01-08,Southbound,Heavy Vehicles,24,17,20,29,44,77,189,196,207,171,203,190,202,178,149,160,144,115,88,47,38,26,22,21,0,0
2024,2024-01-08,Northbound,Heavy Vehicles,15,26,19,16,27,87,268,242,225,235,215,244,237,217,203,187,184,142,116,68,48,38,34,25,0,0
2024,2024-01-08,Southbound,Light Vehicles,194,116,75,83,263,816,1596,2291,2646,1707,1566,1460,1359,1435,1542,1698,1714,1994,1496,965,711,553,421,222,0,0
2024,2024-01-08,Northbound,All Vehicles,222,207,93,76,142,644,1622,1502,1633,1494,1405,1557,1674,1758,1995,2236,2644,2792,1818,1093,968,873,798,577,0,0
2024,2024-01-08,Southbound,All Vehicles,218,133,95,112,307,893,1785,2487,2853,1878,1769,1650,1561,1613,1691,1858,1858,2109,1584,1012,749,579,443,243,0,0
2024,2024-01-09,Northbound,Light Vehicles,144,68,63,53,120,504,1465,1343,1675,1354,1279,1368,1435,1516,1776,2201,2540,2819,1938,1128,928,806,676,403,0,0
2024,2024-01-09,Southbound,Heavy Vehicles,17,21,18,30,39,84,178,223,164,204,173,186,197,165,176,190,136,114,69,34,45,40,29,32,0,0
2024,2024-01-09,Northbound,Heavy Vehicles,17,15,28,28,33,87,264,265,284,223,221,240,229,215,210,210,165,151,124,66,52,36,32,23,0,0
2024,2024-01-09,Southbound,Light Vehicles,130,85,81,89,263,793,1608,2182,2395,1867,1578,1501,1412,1399,1515,1823,1792,2064,1467,977,771,632,511,279,0,0
2024,2024-01-09,Northbound,All Vehicles,161,83,91,81,153,591,1729,1608,1959,1577,1500,1608,1664,1731,1986,2411,2705,2970,2062,1194,980,842,708,426,0,0
2024,2024-01-09,Southbound,All Vehicles,147,106,99,119,302,877,1786,2405,2559,2071,1751,1687,1609,1564,1691,2013,1928,2178,1536,1011,816,672,540,311,0,0
2024,2024-01-10,Southbound,Light Vehicles,152,106,79,105,247,832,1543,2139,2444,1823,1589,1478,1478,1448,1530,1868,1858,1971,1473,1051,870,746,514,287,0,0
2024,2024-01-10,Northbound,Heavy Vehicles,17,31,27,31,52,100,262,266,281,273,239,243,225,203,200,202,145,175,110,83,44,46,32,16,0,0
2024,2024-01-10,Southbound,Heavy Vehicles,22,18,24,39,39,98,204,202,201,204,185,194,189,192,209,162,143,121,92,61,43,33,33,29,0,0
2024,2024-01-10,Northbound,Light Vehicles,172,87,73,53,135,540,1470,1368,1496,1327,1268,1270,1475,1596,1774,2147,2046,2836,1858,1260,1035,900,721,408,0,0
2024,2024-01-10,Southbound,All Vehicles,174,124,103,144,286,930,1747,2341,2645,2027,1774,1672,1667,1640,1739,2030,2001,2092,1565,1112,913,779,547,316,0,0
2024,2024-01-10,Northbound,All Vehicles,189,118,100,84,187,640,1732,1634,1777,1600,1507,1513,1700,1799,1974,2349,2191,3011,1968,1343,1079,946,753,424,0,0
2024,2024-01-11,Southbound,Light Vehicles,126,110,84,108,245,824,1564,2051,2371,1931,1552,1556,1549,1539,1535,1872,1829,2114,1630,1125,792,802,515,284,0,0
2024,2024-01-11,Southbound,Heavy Vehicles,19,14,20,33,48,87,208,208,200,185,196,198,203,209,172,195,145,130,76,43,53,38,32,38,0,0
2024,2024-01-11,Northbound,Light Vehicles,209,82,60,57,135,564,1445,1334,1434,1362,1263,1310,1446,1615,1731,2109,2510,2863,1798,1312,1107,930,794,435,0,0
2024,2024-01-11,Northbound,Heavy Vehicles,19,27,21,30,57,106,298,281,271,277,246,247,230,230,217,214,192,159,121,58,68,34,29,29,0,0
2024,2024-01-11,Southbound,All Vehicles,145,124,104,141,293,911,1772,2259,2571,2116,1748,1754,1752,1748,1707,2067,1974,2244,1706,1168,845,840,547,322,0,0
2024,2024-01-11,Northbound,All Vehicles,228,109,81,87,192,670,1743,1615,1705,1639,1509,1557,1676,1845,1948,2323,2702,3022,1919,1370,1175,964,823,464,0,0
2024,2024-01-12,Northbound,Light Vehicles,195,119,73,64,139,490,1410,1323,1373,1345,1350,1518,1516,1761,1947,2165,2425,2646,1930,1293,1148,1013,944,661,0,0
2024,2024-01-12,Southbound,Light Vehicles,158,104,107,97,234,806,1430,1922,2197,1887,1821,1557,1608,1568,1599,1831,1876,2022,1780,1260,875,833,693,471,0,0
2024,2024-01-12,Northbound,Heavy Vehicles,18,22,29,38,42,96,231,292,269,277,237,243,229,226,198,238,196,152,118,77,47,39,25,21,0,0
2024,2024-01-12,Southbound,Heavy Vehicles,26,21,42,37,44,80,170,211,195,202,235,185,208,170,160,168,168,142,84,59,37,31,19,26,0,0
2024,2024-01-12,Northbound,All Vehicles,213,141,102,102,181,586,1641,1615,1642,1622,1587,1761,1745,1987,2145,2403,2621,2798,2048,1370,1195,1052,969,682,0,0
2024,2024-01-12,Southbound,All Vehicles,184,125,149,134,278,886,1600,2133,2392,2089,2056,1742,1816,1738,1759,1999,2044,2164,1864,1319,912,864,712,497,0,0
2024,2024-01-13,Northbound,Light Vehicles,329,174,89,85,111,332,886,821,1060,1397,1609,1796,1974,1954,1803,1922,1794,1751,1496,1192,1100,1166,1115,709,0,0
2024,2024-01-13,Northbound,Heavy Vehicles,15,16,15,22,20,40,117,124,108,103,101,118,101,87,88,94,69,74,56,54,45,28,34,21,0,0
2024,2024-01-13,Southbound,Heavy Vehicles,19,17,11,29,22,42,70,71,92,100,100,112,114,85,70,80,68,58,49,39,32,51,32,20,0,0
2024,2024-01-13,Southbound,Light Vehicles,253,169,106,145,171,444,743,1043,1396,1893,2086,2180,2164,2129,1852,1781,1681,1636,1437,1137,931,971,842,499,0,0
2024,2024-01-13,Northbound,All Vehicles,344,190,104,107,131,372,1003,945,1168,1500,1710,1914,2075,2041,1891,2016,1863,1825,1552,1246,1145,1194,1149,730,0,0
2024,2024-01-13,Southbound,All Vehicles,272,186,117,174,193,486,813,1114,1488,1993,2186,2292,2278,2214,1922,1861,1749,1694,1486,1176,963,1022,874,519,0,0
2024,2024-01-14,Southbound,Light Vehicles,346,207,150,118,101,218,456,590,977,1500,1922,1784,1858,1337,1826,1911,1471,1453,1144,985,764,674,564,271,0,0
2024,2024-01-14,Northbound,Heavy Vehicles,12,12,12,13,13,13,18,42,57,54,62,80,72,80,74,57,55,63,56,37,35,32,18,12,0,0
2024,2024-01-14,Southbound,Heavy Vehicles,14,12,10,7,12,22,25,33,41,56,54,62,54,64,58,64,48,45,63,35,33,37,36,14,0,0
2024,2024-01-14,Northbound,Light Vehicles,411,226,134,112,69,187,339,413,626,1066,1372,1665,1706,1728,1826,1708,1700,1604,1818,1058,878,848,625,318,0,0
2024,2024-01-14,Southbound,All Vehicles,360,219,160,125,113,240,481,623,1018,1556,1976,1846,1912,1401,1884,1975,1519,1498,1207,1020,797,711,600,285,0,0
2024,2024-01-14,Northbound,All Vehicles,423,238,146,125,82,200,357,455,683,1120,1434,1745,1778,1808,1900,1765,1755,1667,1874,1095,913,880,643,330,0,0
2024,2024-01-15,Southbound,Light Vehicles,146,79,85,90,245,831,1594,2167,1997,1895,1623,1229,1325,1357,1464,1761,1682,2035,1382,918,771,589,440,253,0,0
2024,2024-01-15,Southbound,Heavy Vehicles,15,22,18,24,44,95,187,201,184,200,230,212,182,195,168,193,143,117,73,67,35,39,32,20,0,0
2024,2024-01-15,Northbound,Light Vehicles,181,73,41,60,136,539,1423,1222,1447,1235,1089,1286,1278,1510,1685,2038,2540,2768,1949,1082,970,840,574,316,0,0
2024,2024-01-15,Northbound,Heavy Vehicles,17,17,20,23,44,86,245,187,227,202,206,259,247,217,215,217,181,132,104,77,49,35,25,26,0,0
2024,2024-01-15,Southbound,All Vehicles,161,101,103,114,289,926,1781,2368,2181,2095,1853,1441,1507,1552,1632,1954,1825,2152,1455,985,806,628,472,273,0,0
2024,2024-01-15,Northbound,All Vehicles,198,90,61,83,180,625,1668,1409,1674,1437,1295,1545,1525,1727,1900,2255,2721,2900,2053,1159,1019,875,599,342,0,0
2024,2024-01-16,Southbound,Light Vehicles,142,98,74,101,254,846,1735,2431,2641,1977,1672,1407,1412,1443,1581,1890,1946,2111,1530,977,745,690,463,242,0,0
2024,2024-01-16,Southbound,Heavy Vehicles,25,15,16,30,53,98,221,229,192,206,206,203,212,192,204,170,163,128,90,54,51,36,40,30,0,0
2024,2024-01-16,Northbound,Light Vehicles,181,74,69,41,135,523,1548,1441,1570,1485,1237,1316,1415,1607,1896,2233,2834,3088,2051,1220,962,894,731,363,0,0
2024,2024-01-16,Northbound,Heavy Vehicles,20,26,25,28,35,77,271,266,249,285,245,238,264,240,232,222,238,182,130,81,55,44,29,27,0,0
2024,2024-01-16,Southbound,All Vehicles,167,113,90,131,307,944,1956,2660,2833,2183,1878,1610,1624,1635,1785,2060,2109,2239,1620,1031,796,726,503,272,0,0
2024,2024-01-16,Northbound,All Vehicles,201,100,94,69,170,600,1819,1707,1819,1770,1482,1554,1679,1847,2128,2455,3072,3270,2181,1301,1017,938,760,390,0,0
2024,2024-01-17,Northbound,Light Vehicles,163,101,61,45,132,545,1619,1398,1585,1522,1178,1388,1425,1616,1898,2176,2651,2903,2393,1301,1043,912,714,388,0,0
2024,2024-01-17,Southbound,Heavy Vehicles,31,14,16,38,57,98,222,247,205,187,207,224,199,202,211,211,185,139,99,68,36,17,27,28,0,0
2024,2024-01-17,Northbound,Heavy Vehicles,18,22,21,24,41,109,277,316,304,295,262,263,278,224,245,195,166,133,120,68,46,40,34,24,0,0
2024,2024-01-17,Southbound,Light Vehicles,117,98,79,95,263,888,1701,2402,2564,2007,1609,1446,1453,1426,1623,1994,2129,2204,1780,1025,795,658,414,244,0,0
2024,2024-01-17,Northbound,All Vehicles,181,123,82,69,173,654,1896,1714,1889,1817,1440,1651,1703,1840,2143,2371,2817,3036,2513,1369,1089,952,748,412,0,0
2024,2024-01-17,Southbound,All Vehicles,148,112,95,133,320,986,1923,2649,2769,2194,1816,1670,1652,1628,1834,2205,2314,2343,1879,1093,831,675,441,272,0,0
2024,2024-01-18,Southbound,Light Vehicles,126,109,81,93,292,888,1633,2410,2600,1975,1569,1495,1487,1423,1568,1885,2028,2219,1712,1202,938,853,531,310,0,0
2024,2024-01-18,Northbound,Heavy Vehicles,22,15,24,39,42,92,324,297,289,313,276,254,261,248,215,224,211,149,109,78,60,37,34,29,0,0
2024,2024-01-18,Northbound,Light Vehicles,176,100,52,63,134,546,1582,1447,1548,1511,1366,1305,1551,1613,1845,2257,2633,2892,2114,1386,1246,1211,923,519,0,0
2024,2024-01-18,Southbound,Heavy Vehicles,24,15,12,34,52,90,211,221,210,218,200,196,216,203,215,196,200,122,84,66,44,50,30,34,0,0
2024,2024-01-18,Southbound,All Vehicles,150,124,93,127,344,978,1844,2631,2810,2193,1769,1691,1703,1626,1783,2081,2228,2341,1796,1268,982,903,561,344,0,0
2024,2024-01-18,Northbound,All Vehicles,198,115,76,102,176,638,1906,1744,1837,1824,1642,1559,1812,1861,2060,2481,2844,3041,2223,1464,1306,1248,957,548,0,0
2024,2024-01-19,Southbound,Light Vehicles,138,79,68,75,180,522,831,1045,1154,1063,967,885,902,921,974,1107,1182,1303,1056,760,616,561,461,318,0,0
2024,2024-01-19,Northbound,Heavy Vehicles,17,20,20,23,33,76,213,241,216,193,181,147,179,155,152,146,162,129,92,63,47,36,28,23,0,0
2024,2024-01-19,Southbound,Heavy Vehicles,31,20,29,40,54,83,174,185,138,155,164,163,161,134,139,125,115,80,58,45,31,29,29,15,0,0
2024,2024-01-19,Northbound,Light Vehicles,166,76,63,56,91,380,1155,1055,993,962,992,1042,1213,1250,1403,1679,1977,2185,1550,1043,896,886,781,466,0,0
2024,2024-01-19,Southbound,All Vehicles,169,99,97,115,234,605,1005,1230,1292,1218,1131,1048,1063,1055,1113,1232,1297,1383,1114,805,647,590,490,333,0,0
2024,2024-01-19,Northbound,All Vehicles,183,96,83,79,124,456,1368,1296,1209,1155,1173,1189,1392,1405,1555,1825,2139,2314,1642,1106,943,922,809,489,0,0
2024,2024-01-20,Northbound,Heavy Vehicles,23,18,12,19,19,57,175,159,127,132,133,133,99,130,129,96,92,95,58,49,39,34,25,19,0,0
2024,2024-01-20,Northbound,Light Vehicles,371,197,133,80,118,364,941,877,1061,1409,1787,1855,1969,1921,2037,2015,1886,1852,1584,1247,1107,1093,883,715,0,0
2024,2024-01-20,Southbound,Heavy Vehicles,20,15,24,22,17,39,84,106,100,99,116,124,107,108,85,112,90,86,63,42,43,30,20,28,0,0
2024,2024-01-20,Southbound,Light Vehicles,278,175,115,109,194,471,805,1105,1364,1865,2157,2205,2195,2157,1999,1969,1811,1820,1483,1198,977,846,824,562,0,0
2024,2024-01-20,Northbound,All Vehicles,394,215,145,99,137,421,1116,1036,1188,1541,1920,1988,2068,2051,2166,2111,1978,1947,1642,1296,1146,1127,908,734,0,0
2024,2024-01-20,Southbound,All Vehicles,298,190,139,131,211,510,889,1211,1464,1964,2273,2329,2302,2265,2084,2081,1901,1906,1546,1240,1020,876,844,590,0,0
2024,2024-01-21,Northbound,Heavy Vehicles,11,8,15,12,14,11,24,51,66,69,72,62,79,69,77,53,79,72,49,61,43,41,31,24,0,0
2024,2024-01-21,Northbound,Light Vehicles,362,218,147,80,83,180,370,488,732,1132,1440,1639,1653,1686,1657,1652,1990,1591,1243,1111,1094,1013,765,396,0,0
2024,2024-01-21,Southbound,Light Vehicles,330,179,123,120,129,249,443,652,1038,1525,1904,1779,1952,1965,1545,1516,1466,1487,1235,974,904,855,684,367,0,0
2024,2024-01-21,Southbound,Heavy Vehicles,14,11,12,4,9,14,28,39,38,54,53,72,65,65,53,44,56,62,60,52,53,40,29,23,0,0
2024,2024-01-21,Northbound,All Vehicles,373,226,162,92,97,191,394,539,798,1201,1512,1701,1732,1755,1734,1705,2069,1663,1292,1172,1137,1054,796,420,0,0
2024,2024-01-21,Southbound,All Vehicles,344,190,135,124,138,263,471,691,1076,1579,1957,1851,2017,2030,1598,1560,1522,1549,1295,1026,957,895,713,390,0,0
2024,2024-01-22,Southbound,Light Vehicles,165,89,88,97,275,896,1690,2524,2709,1809,1580,1482,1419,1434,1694,1914,1991,2151,1597,940,785,616,436,223,0,0
2024,2024-01-22,Southbound,Heavy Vehicles,27,18,24,40,48,96,216,240,216,197,203,209,188,205,167,202,195,154,105,66,36,39,35,35,0,0
2024,2024-01-22,Northbound,Heavy Vehicles,17,17,16,23,22,88,224,231,210,174,195,174,178,183,151,157,178,155,100,69,50,39,44,20,0,0
2024,2024-01-22,Northbound,Light Vehicles,165,57,41,42,104,410,1149,1060,1064,992,890,941,1081,1264,1403,1608,2086,2272,1600,948,755,661,519,279,0,0
2024,2024-01-22,Southbound,All Vehicles,192,107,112,137,323,992,1906,2764,2925,2006,1783,1691,1607,1639,1861,2116,2186,2305,1702,1006,821,655,471,258,0,0
2024,2024-01-22,Northbound,All Vehicles,182,74,57,65,126,498,1373,1291,1274,1166,1085,1115,1259,1447,1554,1765,2264,2427,1700,1017,805,700,563,299,0,0
2024,2024-01-23,Northbound,Heavy Vehicles,24,19,28,37,46,86,299,315,275,316,281,282,247,253,245,240,238,176,151,81,62,55,44,36,0,0
2024,2024-01-23,Northbound,Light Vehicles,169,92,75,66,127,584,1690,1609,1761,1610,1318,1358,1439,1583,1845,2298,2762,3043,2246,1256,1183,1001,780,430,0,0
2024,2024-01-23,Southbound,Heavy Vehicles,37,23,21,39,42,107,230,243,209,240,211,208,204,226,199,193,202,144,95,89,55,38,43,39,0,0
2024,2024-01-23,Southbound,Light Vehicles,137,74,79,112,250,913,1828,2560,2471,2139,1666,1411,1395,1457,1590,1899,2110,2180,1643,1111,853,718,501,295,0,0
2024,2024-01-23,Northbound,All Vehicles,193,111,103,103,173,670,1989,1924,2036,1926,1599,1640,1686,1836,2090,2538,3000,3219,2397,1337,1245,1056,824,466,0,0
2024,2024-01-23,Southbound,All Vehicles,174,97,100,151,292,1020,2058,2803,2680,2379,1877,1619,1599,1683,1789,2092,2312,2324,1738,1200,908,756,544,334,0,0
2024,2024-01-24,Southbound,Light Vehicles,156,96,94,100,259,912,1773,2507,2768,2009,1723,1572,1439,1531,1661,2019,2163,2471,2021,1178,895,791,569,264,0,0
2024,2024-01-24,Northbound,Heavy Vehicles,20,25,26,29,49,110,330,344,324,337,281,276,282,261,273,237,221,173,130,89,83,50,39,38,0,0
2024,2024-01-24,Northbound,Light Vehicles,166,115,49,67,131,584,1721,1594,1748,1571,1320,1303,1616,1613,1950,2295,2718,2965,2277,1348,1202,969,801,453,0,0
2024,2024-01-24,Southbound,Heavy Vehicles,28,23,24,41,53,105,267,268,219,227,244,261,225,221,222,201,207,146,116,63,45,47,56,30,0,0
2024,2024-01-24,Southbound,All Vehicles,184,119,118,141,312,1017,2040,2775,2987,2236,1967,1833,1664,1752,1883,2220,2370,2617,2137,1241,940,838,625,294,0,0
2024,2024-01-24,Northbound,All Vehicles,186,140,75,96,180,694,2051,1938,2072,1908,1601,1579,1898,1874,2223,2532,2939,3138,2407,1437,1285,1019,840,491,0,0
2024,2024-01-25,Northbound,Heavy Vehicles,20,16,33,32,56,100,332,311,289,279,276,241,252,292,248,245,193,160,153,102,61,49,38,30,0,0
2024,2024-01-25,Southbound,Light Vehicles,142,89,93,120,272,817,1663,2312,2627,2012,1755,1719,1611,1614,1718,1988,2060,2230,1811,1365,892,933,642,420,0,0
2024,2024-01-25,Southbound,Heavy Vehicles,28,21,30,33,47,93,218,214,225,189,237,241,219,246,193,206,179,147,96,81,44,45,25,30,0,0
2024,2024-01-25,Northbound,Light Vehicles,202,109,68,87,130,564,1510,1474,1718,1513,1446,1436,1675,1842,2026,2366,2775,2919,2216,1570,1326,1171,881,562,0,0
2024,2024-01-25,Northbound,All Vehicles,222,125,101,119,186,664,1842,1785,2007,1792,1722,1677,1927,2134,2274,2611,2968,3079,2369,1672,1387,1220,919,592,0,0
2024,2024-01-25,Southbound,All Vehicles,170,110,123,153,319,910,1881,2526,2852,2201,1992,1960,1830,1860,1911,2194,2239,2377,1907,1446,936,978,667,450,0,0
2024,2024-01-27,Northbound,Light Vehicles,354,200,110,81,84,253,678,705,976,1291,1495,1868,1786,1803,1935,1933,1973,1928,1672,1136,1068,994,850,637,0,0
2024,2024-01-27,Southbound,Light Vehicles,254,172,125,110,148,353,623,895,1267,1760,2123,2255,2148,2167,1983,1912,1819,1805,1466,1079,877,803,708,540,0,0
2024,2024-01-27,Northbound,Heavy Vehicles,11,22,11,17,11,34,103,105,81,85,101,77,93,86,90,78,87,73,64,59,44,34,19,14,0,0
2024,2024-01-27,Southbound,Heavy Vehicles,15,10,12,19,17,19,48,67,77,81,80,94,71,93,82,79,65,57,61,39,21,25,30,31,0,0
2024,2024-01-27,Northbound,All Vehicles,365,222,121,98,95,287,781,810,1057,1376,1596,1945,1879,1889,2025,2011,2060,2001,1736,1195,1112,1028,869,651,0,0
2024,2024-01-27,Southbound,All Vehicles,269,182,137,129,165,372,671,962,1344,1841,2203,2349,2219,2260,2065,1991,1884,1862,1527,1118,898,828,738,571,0,0
2024,2024-01-28,Southbound,Light Vehicles,457,212,143,118,111,201,499,638,1019,1520,1933,1879,1819,2056,2039,2035,1707,1572,1343,1189,934,860,558,289,0,0
2024,2024-01-28,Northbound,Heavy Vehicles,19,13,17,14,8,14,28,53,59,55,62,85,78,68,64,67,47,71,69,52,54,36,32,19,0,0
2024,2024-01-28,Northbound,Light Vehicles,584,294,159,101,78,145,354,435,680,1118,1386,1653,1795,1753,1833,1672,1746,1761,1781,1353,1111,997,673,366,0,0
2024,2024-01-28,Southbound,Heavy Vehicles,14,9,10,6,11,12,25,35,45,47,59,67,65,66,77,69,67,62,46,57,37,38,35,18,0,0
2024,2024-01-28,Southbound,All Vehicles,471,221,153,124,122,213,524,673,1064,1567,1992,1946,1884,2122,2116,2104,1774,1634,1389,1246,971,898,593,307,0,0
2024,2024-01-28,Northbound,All Vehicles,603,307,176,115,86,159,382,488,739,1173,1448,1738,1873,1821,1897,1739,1793,1832,1850,1405,1165,1033,705,385,0,0
2024,2024-01-29,Southbound,Light Vehicles,200,91,81,88,279,922,1737,2588,2677,1862,1602,1555,1405,1495,1570,1891,1908,2166,1549,1028,896,691,440,263,0,0
2024,2024-01-29,Northbound,Heavy Vehicles,21,18,19,23,43,94,289,297,301,300,290,260,244,237,235,223,191,184,148,92,63,36,27,32,0,0
2024,2024-01-29,Southbound,Heavy Vehicles,22,18,32,35,44,98,225,221,219,199,197,230,200,225,199,196,159,155,93,56,48,36,25,26,0,0
2024,2024-01-29,Northbound,Light Vehicles,199,89,58,64,126,597,1629,1525,1709,1377,1243,1407,1446,1624,1913,2254,2759,2884,2207,1304,1100,931,726,351,0,0
2024,2024-01-29,Southbound,All Vehicles,222,109,113,123,323,1020,1962,2809,2896,2061,1799,1785,1605,1720,1769,2087,2067,2321,1642,1084,944,727,465,289,0,0
2024,2024-01-29,Northbound,All Vehicles,220,107,77,87,169,691,1918,1822,2010,1677,1533,1667,1690,1861,2148,2477,2950,3068,2355,1396,1163,967,753,383,0,0
2024,2024-01-30,Southbound,Heavy Vehicles,33,19,19,33,52,89,204,206,195,237,233,259,242,230,205,231,178,153,117,66,54,45,36,30,0,0
2024,2024-01-30,Northbound,Heavy Vehicles,20,18,33,26,54,106,271,310,279,307,273,271,282,242,258,234,246,195,150,92,62,51,31,32,0,0
2024,2024-01-30,Northbound,Light Vehicles,159,88,67,53,137,588,1607,1764,1784,1482,1332,1248,1493,1584,1881,2368,2844,3141,2250,1341,1153,926,761,396,0,0
2024,2024-01-30,Southbound,Light Vehicles,124,88,92,102,277,945,1879,2618,2278,2126,1679,1381,1387,1453,1527,1880,2153,2352,1824,1110,825,742,493,283,0,0
2024,2024-01-30,Southbound,All Vehicles,157,107,111,135,329,1034,2083,2824,2473,2363,1912,1640,1629,1683,1732,2111,2331,2505,1941,1176,879,787,529,313,0,0
2024,2024-01-30,Northbound,All Vehicles,179,106,100,79,191,694,1878,2074,2063,1789,1605,1519,1775,1826,2139,2602,3090,3336,2400,1433,1215,977,792,428,0,0
2024,2024-01-31,Northbound,Light Vehicles,169,82,70,61,132,626,1741,1709,1856,1501,1243,1338,1433,1671,1926,2318,2812,3144,2267,1427,1212,1042,707,417,0,0
2024,2024-01-31,Southbound,Light Vehicles,130,119,84,102,284,908,1829,2737,2728,2053,1659,1388,452,1552,1591,2106,2150,2425,2025,1187,875,780,501,246,0,0
2024,2024-01-31,Northbound,Heavy Vehicles,29,20,28,26,55,101,298,341,313,340,305,273,261,263,243,237,230,178,127,95,69,49,24,22,0,0
2024,2024-01-31,Southbound,Heavy Vehicles,23,28,28,40,52,111,274,243,223,227,226,247,71,232,228,208,192,153,121,68,49,37,31,29,0,0
2024,2024-01-31,Northbound,All Vehicles,198,102,98,87,187,727,2039,2050,2169,1841,1548,1611,1694,1934,2169,2555,3042,3322,2394,1522,1281,1091,731,439,0,0
2024,2024-01-31,Southbound,All Vehicles,153,147,112,142,336,1019,2103,2980,2951,2280,1885,1635,523,1784,1819,2314,2342,2578,2146,1255,924,817,532,275,0,0
2024,2024-02-01,Northbound,Heavy Vehicles,15,12,21,22,55,103,303,355,281,333,253,270,249,266,251,264,234,166,153,110,61,50,36,28,0,1
2024,2024-02-01,Southbound,Heavy Vehicles,22,19,21,26,49,93,229,252,248,209,230,224,237,224,238,245,263,165,100,74,74,53,49,42,0,1
2024,2024-02-01,Northbound,Light Vehicles,160,85,59,60,132,651,1635,1775,1689,1526,1298,1350,1475,1644,2022,2320,2739,3027,2447,1470,1296,1060,795,414,0,1
2024,2024-02-01,Southbound,Light Vehicles,117,101,86,117,284,917,1833,2652,2726,2142,1621,1471,1345,1463,1556,1989,2214,2411,1803,1202,901,835,538,300,0,1
2024,2024-02-01,Northbound,All Vehicles,175,97,80,82,187,754,1938,2130,1970,1859,1551,1620,1724,1910,2273,2584,2973,3193,2600,1580,1357,1110,831,442,0,1
2024,2024-02-01,Southbound,All Vehicles,139,120,107,143,333,1010,2062,2904,2974,2351,1851,1695,1582,1687,1794,2234,2477,2576,1903,1276,975,888,587,342,0,1
2024,2024-02-02,Southbound,Light Vehicles,177,100,106,98,289,869,1739,2458,2651,2190,1794,1558,1552,1524,1743,2085,2242,2400,1978,1452,1025,905,814,473,0,1
2024,2024-02-02,Southbound,Heavy Vehicles,37,22,37,46,45,115,265,286,228,233,258,249,255,226,218,235,200,158,118,82,55,44,32,26,0,1
2024,2024-02-02,Northbound,Light Vehicles,191,96,58,66,140,631,1678,1628,1656,1461,1292,1473,1648,1770,2215,2430,2735,2911,2246,1507,1381,1153,1021,945,0,1
2024,2024-02-02,Northbound,Heavy Vehicles,21,22,17,29,47,105,318,340,295,310,274,268,286,266,259,240,191,206,154,83,53,39,38,41,0,1
2024,2024-02-02,Southbound,All Vehicles,214,122,143,144,334,984,2004,2744,2879,2423,2052,1807,1807,1750,1961,2320,2442,2558,2096,1534,1080,949,846,499,0,1
2024,2024-02-02,Northbound,All Vehicles,212,118,75,95,187,736,1996,1968,1951,1771,1566,1741,1934,2036,2474,2670,2926,3117,2400,1590,1434,1192,1059,986,0,1
2024,2024-02-03,Northbound,Light Vehicles,417,187,131,89,109,348,956,995,1163,1561,1753,1983,2096,2119,2139,2112,2215,2021,1770,1220,1200,1186,988,731,0,1
2024,2024-02-03,Southbound,Light Vehicles,248,160,139,119,182,529,890,1177,1542,2026,2245,2282,2236,2252,2102,2062,2074,1852,1577,1283,1050,978,792,535,0,1
2024,2024-02-03,Northbound,Heavy Vehicles,16,20,26,22,17,51,140,152,112,113,132,124,133,132,114,110,118,86,74,50,35,39,37,21,0,1
2024,2024-02-03,Southbound,Heavy Vehicles,23,14,17,29,29,60,79,87,86,102,105,115,105,106,97,94,101,101,71,54,58,46,30,24,0,1
2024,2024-02-03,Northbound,All Vehicles,433,207,157,111,126,399,1096,1147,1275,1674,1885,2107,2229,2251,2253,2222,2333,2107,1844,1270,1235,1225,1025,752,0,1
2024,2024-02-03,Southbound,All Vehicles,271,174,156,148,211,589,969,1264,1628,2128,2350,2397,2341,2358,2199,2156,2175,1953,1648,1337,1108,1024,822,559,0,1
2024,2024-02-04,Northbound,Light Vehicles,438,237,163,82,84,165,400,505,808,1175,1492,1701,1672,1849,1931,1768,1836,1791,1386,1198,1117,1059,744,454,0,1
2024,2024-02-04,Southbound,Light Vehicles,346,205,150,94,129,226,510,789,1366,1800,2078,1941,1885,1892,1771,1754,1601,1484,1339,1038,981,790,608,371,0,1
2024,2024-02-04,Northbound,Heavy Vehicles,10,13,11,13,9,12,25,43,69,69,80,69,65,86,84,55,62,65,57,58,48,32,32,28,0,1
2024,2024-02-04,Southbound,Heavy Vehicles,12,7,6,6,15,15,19,33,51,75,74,74,84,73,53,71,78,66,58,47,39,33,30,25,0,1
2024,2024-02-04,Northbound,All Vehicles,448,250,174,95,93,177,425,548,877,1244,1572,1770,1737,1935,2015,1823,1898,1856,1443,1256,1165,1091,776,482,0,1
2024,2024-02-04,Southbound,All Vehicles,358,212,156,100,144,241,529,822,1417,1875,2152,2015,1969,1965,1824,1825,1679,1550,1397,1085,1020,823,638,396,0,1
2024,2024-02-05,Southbound,Light Vehicles,251,119,96,90,280,958,1875,2764,2698,2473,1619,1395,1356,1412,1454,1876,2013,2148,1580,1073,837,668,430,233,0,1
2024,2024-02-05,Northbound,Heavy Vehicles,18,27,21,31,39,116,301,300,291,309,305,233,253,257,266,243,219,185,126,89,61,42,27,26,0,1
2024,2024-02-05,Northbound,Light Vehicles,396,133,59,66,161,617,1696,1718,1897,1487,1384,1311,1470,1637,1978,2215,2715,2919,2052,1315,1064,1000,699,349,0,1
2024,2024-02-05,Southbound,Heavy Vehicles,18,17,30,39,42,107,224,243,205,256,231,226,196,203,201,195,185,155,103,81,58,44,33,19,0,1
2024,2024-02-05,Southbound,All Vehicles,269,136,126,129,322,1065,2099,3007,2903,2729,1850,1621,1552,1615,1655,2071,2198,2303,1683,1154,895,712,463,252,0,1
2024,2024-02-05,Northbound,All Vehicles,414,160,80,97,200,733,1997,2018,2188,1796,1689,1544,1723,1894,2244,2458,2934,3104,2178,1404,1125,1042,726,375,0,1
2024,2024-02-06,Southbound,Light Vehicles,120,86,82,104,259,919,1785,2586,2262,2411,1718,1405,1396,1352,1452,1924,2066,2277,1751,1051,879,728,462,257,0,0
2024,2024-02-06,Northbound,Heavy Vehicles,19,26,33,31,48,73,202,290,274,322,290,275,253,265,247,262,220,169,137,97,75,48,35,28,0,0
2024,2024-02-06,Northbound,Light Vehicles,152,91,71,66,142,545,1499,1681,2151,1768,1407,1338,1452,1580,2042,2285,2854,3140,2298,1442,1152,981,741,425,0,0
2024,2024-02-06,Southbound,Heavy Vehicles,24,30,20,39,52,98,224,278,188,215,236,238,236,227,231,187,205,175,101,63,57,54,51,34,0,0
2024,2024-02-06,Southbound,All Vehicles,144,116,102,143,311,1017,2009,2864,2450,2626,1954,1643,1632,1579,1683,2111,2271,2452,1852,1114,936,782,513,291,0,0
2024,2024-02-06,Northbound,All Vehicles,171,117,104,97,190,618,1701,1971,2425,2090,1697,1613,1705,1845,2289,2547,3074,3309,2435,1539,1227,1029,776,453,0,0
2024,2024-02-07,Northbound,Heavy Vehicles,23,24,24,35,42,95,307,343,293,306,314,269,309,253,271,259,232,179,173,95,56,55,41,29,0,0
2024,2024-02-07,Southbound,Light Vehicles,141,122,81,105,282,914,1901,1359,1218,2319,1668,1502,1399,1508,1617,1816,2219,2319,1941,1173,926,808,513,282,0,0
2024,2024-02-07,Southbound,Heavy Vehicles,29,29,31,41,52,135,290,181,130,244,229,222,260,228,188,154,169,131,107,51,45,39,31,29,0,0
2024,2024-02-07,Northbound,Light Vehicles,167,100,75,64,120,593,1752,1871,1814,1457,1336,1307,1456,1677,2053,2306,2692,3078,2499,1484,1224,1050,800,434,0,0
2024,2024-02-07,Northbound,All Vehicles,190,124,99,99,162,688,2059,2214,2107,1763,1650,1576,1765,1930,2324,2565,2924,3257,2672,1579,1280,1105,841,463,0,0
2024,2024-02-07,Southbound,All Vehicles,170,151,112,146,334,1049,2191,1540,1348,2563,1897,1724,1659,1736,1805,1970,2388,2450,2048,1224,971,847,544,311,0,0
2024,2024-02-08,Northbound,Light Vehicles,183,101,49,81,139,598,1738,1817,1898,1528,1389,1406,1561,1713,2164,2366,2810,3081,2216,1478,1433,1211,906,491,0,0
2024,2024-02-08,Southbound,Heavy Vehicles,28,18,19,29,41,80,182,199,190,168,214,223,186,216,190,180,204,145,89,71,44,32,31,33,0,0
2024,2024-02-08,Southbound,Light Vehicles,171,122,80,115,304,941,2021,2835,2585,2086,1738,1514,1518,1564,1641,2156,2349,2438,1944,1340,1045,900,567,294,0,0
2024,2024-02-08,Northbound,Heavy Vehicles,20,14,25,32,50,111,320,338,315,273,305,263,287,275,246,215,223,179,154,92,81,48,30,41,0,0
2024,2024-02-08,Northbound,All Vehicles,203,115,74,113,189,709,2058,2155,2213,1801,1694,1669,1848,1988,2410,2581,3033,3260,2370,1570,1514,1259,936,532,0,0
2024,2024-02-08,Southbound,All Vehicles,199,140,99,144,345,1021,2203,3034,2775,2254,1952,1737,1704,1780,1831,2336,2553,2583,2033,1411,1089,932,598,327,0,0
2024,2024-02-09,Southbound,Light Vehicles,185,109,119,124,280,905,1818,2601,2607,2313,1895,1744,1678,1632,1777,2260,2413,2644,2352,1421,967,1000,988,513,0,0
2024,2024-02-09,Southbound,Heavy Vehicles,35,18,29,38,45,75,170,208,201,183,212,203,196,176,186,143,162,131,93,52,45,34,31,31,0,0
2024,2024-02-09,Northbound,Heavy Vehicles,37,23,34,29,47,101,286,320,286,284,294,263,277,279,274,240,226,182,135,81,57,49,54,30,0,0
2024,2024-02-09,Northbound,Light Vehicles,203,108,71,89,139,596,1574,1623,1760,1477,1397,1616,1760,1954,2356,2499,2835,3129,2292,1417,1200,1220,1573,837,0,0
2024,2024-02-09,Southbound,All Vehicles,220,127,148,162,325,980,1988,2809,2808,2496,2107,1947,1874,1808,1963,2403,2575,2775,2445,1473,1012,1034,1019,544,0,0
2024,2024-02-09,Northbound,All Vehicles,240,131,105,118,186,697,1860,1943,2046,1761,1691,1879,2037,2233,2630,2739,3061,3311,2427,1498,1257,1269,1627,867,0,0
2024,2024-02-10,Northbound,Heavy Vehicles,18,16,20,26,23,40,121,144,130,113,122,115,116,135,103,105,103,79,71,51,42,42,32,24,0,0
2024,2024-02-10,Southbound,Heavy Vehicles,19,13,12,23,29,40,66,66,89,103,112,91,112,85,83,76,68,77,52,65,29,26,23,20,0,0
2024,2024-02-10,Southbound,Light Vehicles,358,200,149,133,188,454,838,1265,1646,2284,2452,2456,2477,2225,2100,1965,1809,1823,1491,1049,968,970,802,521,0,0
2024,2024-02-10,Northbound,Light Vehicles,408,251,173,92,110,345,733,864,1230,1519,1857,1903,2113,2105,2248,2099,2314,2102,1826,1142,1134,1226,1035,698,0,0
2024,2024-02-10,Northbound,All Vehicles,426,267,193,118,133,385,854,1008,1360,1632,1979,2018,2229,2240,2351,2204,2417,2181,1897,1193,1176,1268,1067,722,0,0
2024,2024-02-10,Southbound,All Vehicles,377,213,161,156,217,494,904,1331,1735,2387,2564,2547,2589,2310,2183,2041,1877,1900,1543,1114,997,996,825,541,0,0
2024,2024-02-11,Southbound,Light Vehicles,305,185,147,101,128,257,503,748,1171,1799,2272,2099,2017,2069,1982,1963,1634,1566,1265,1097,992,871,544,286,0,0
2024,2024-02-11,Northbound,Heavy Vehicles,21,10,14,13,14,8,25,40,41,64,73,86,68,101,101,76,66,85,86,54,49,38,35,14,0,0
2024,2024-02-11,Northbound,Light Vehicles,451,272,161,112,84,156,348,480,769,1190,1531,1761,1958,1994,2065,1967,2106,2069,1875,1291,1131,1038,748,390,0,0
2024,2024-02-11,Southbound,Heavy Vehicles,16,14,11,6,12,23,42,42,62,66,77,84,93,90,83,89,82,79,63,65,52,33,45,24,0,0
2024,2024-02-11,Southbound,All Vehicles,321,199,158,107,140,280,545,790,1233,1865,2349,2183,2110,2159,2065,2052,1716,1645,1328,1162,1044,904,589,310,0,0
2024,2024-02-11,Northbound,All Vehicles,472,282,175,125,98,164,373,520,810,1254,1604,1847,2026,2095,2166,2043,2172,2154,1961,1345,1180,1076,783,404,0,0
2024,2024-02-12,Southbound,Light Vehicles,163,75,93,88,280,891,1857,2703,2556,2161,1474,1325,1269,1286,1541,1902,2013,2281,1580,1112,880,677,444,261,0,0
2024,2024-02-12,Northbound,Light Vehicles,158,91,67,61,139,662,1654,1807,1865,1416,1256,1285,1439,1520,2018,2275,2608,3096,2058,1280,1124,1004,689,314,0,0
2024,2024-02-12,Southbound,Heavy Vehicles,25,21,33,25,56,122,229,237,182,239,229,233,247,219,202,194,200,141,102,78,48,41,34,33,0,0
2024,2024-02-12,Northbound,Heavy Vehicles,18,18,18,29,57,104,296,364,304,262,286,280,263,250,240,217,230,214,133,97,68,38,34,26,0,0
2024,2024-02-12,Southbound,All Vehicles,188,96,126,113,336,1013,2086,2940,2738,2400,1703,1558,1516,1505,1743,2096,2213,2422,1682,1190,928,718,478,294,0,0
2024,2024-02-12,Northbound,All Vehicles,176,109,85,90,196,766,1950,2171,2169,1678,1542,1565,1702,1770,2258,2492,2838,3310,2191,1377,1192,1042,723,340,0,0
2024,2024-02-13,Southbound,Light Vehicles,124,89,79,128,272,971,1959,2718,2514,2369,1589,1418,1383,1424,1524,2001,2141,2229,1789,1117,849,741,514,269,0,0
2024,2024-02-13,Northbound,Light Vehicles,147,74,67,69,141,609,1712,1896,1836,1620,1371,1409,1505,1616,2002,2346,2608,2851,2343,1267,1124,1016,736,378,0,0
2024,2024-02-13,Southbound,Heavy Vehicles,27,27,21,30,53,124,264,291,192,246,240,222,246,211,223,224,202,165,109,84,52,41,33,25,0,0
2024,2024-02-13,Northbound,Heavy Vehicles,16,19,28,24,42,102,286,376,278,320,312,288,312,245,241,241,207,178,148,98,66,39,19,38,0,0
2024,2024-02-13,Southbound,All Vehicles,151,116,100,158,325,1095,2223,3009,2706,2615,1829,1640,1629,1635,1747,2225,2343,2394,1898,1201,901,782,547,294,0,0
2024,2024-02-13,Northbound,All Vehicles,163,93,95,93,183,711,1998,2272,2114,1940,1683,1697,1817,1861,2243,2587,2815,3029,2491,1365,1190,1055,755,416,0,0
2024,2024-02-14,Northbound,Heavy Vehicles,26,15,27,32,61,125,330,353,315,325,279,279,275,264,253,239,235,174,144,92,69,39,29,31,0,0
2024,2024-02-14,Northbound,Light Vehicles,176,76,56,77,148,616,1734,1846,1813,1543,1332,1371,1438,1649,2179,2256,2873,3095,2335,1500,1226,1050,799,478,0,0
2024,2024-02-14,Southbound,Light Vehicles,149,124,95,105,292,926,1899,2714,2650,2266,1717,1429,1368,1432,1640,2107,2368,2527,2155,1513,930,813,585,322,0,0
2024,2024-02-14,Southbound,Heavy Vehicles,27,34,27,39,59,134,274,245,184,235,238,223,212,210,248,223,213,174,119,78,37,43,30,22,0,0
2024,2024-02-14,Northbound,All Vehicles,202,91,83,109,209,741,2064,2199,2128,1868,1611,1650,1713,1913,2432,2495,3108,3269,2479,1592,1295,1089,828,509,0,0
2024,2024-02-14,Southbound,All Vehicles,176,158,122,144,351,1060,2173,2959,2834,2501,1955,1652,1580,1642,1888,2330,2581,2701,2274,1591,967,856,615,344,0,0
2024,2024-02-15,Northbound,Heavy Vehicles,18,15,23,32,51,107,318,364,265,278,308,280,291,266,263,248,220,201,160,82,76,49,32,28,0,0
2024,2024-02-15,Southbound,Heavy Vehicles,17,14,26,28,43,100,198,231,176,192,225,204,272,198,201,176,166,132,93,62,38,29,27,21,0,0
2024,2024-02-15,Northbound,Light Vehicles,201,81,62,70,136,632,1693,1759,1872,1511,1322,1324,1473,1782,2135,2492,2502,3081,2423,1431,1272,1059,760,461,0,0
2024,2024-02-15,Southbound,Light Vehicles,168,116,94,108,286,985,1852,2646,2407,2314,1738,1483,1522,1469,1560,2118,2212,2488,1886,1188,904,796,518,251,0,0
2024,2024-02-15,Northbound,All Vehicles,219,96,85,102,187,739,2011,2123,2137,1789,1630,1604,1764,2048,2398,2740,2722,3282,2583,1513,1348,1108,792,489,0,0
2024,2024-02-15,Southbound,All Vehicles,185,130,120,136,329,1085,2050,2877,2583,2506,1963,1687,1794,1667,1761,2294,2378,2620,1979,1250,942,825,545,272,0,0
2024,2024-02-16,Southbound,Heavy Vehicles,28,17,32,36,37,118,196,201,190,199,204,211,213,170,161,146,151,112,100,67,35,41,19,20,0,0
2024,2024-02-16,Northbound,Heavy Vehicles,18,21,27,34,50,94,282,350,304,317,293,307,318,253,282,215,225,187,138,101,75,41,70,43,0,0
2024,2024-02-16,Northbound,Light Vehicles,186,70,59,65,144,601,1609,1621,1828,1537,1335,1512,1654,1881,2406,2420,2764,2819,2249,1599,1294,1091,1408,1071,0,0
2024,2024-02-16,Southbound,Light Vehicles,180,87,93,98,296,885,1795,2591,2746,2129,1837,1757,1625,1687,1837,2151,2361,2632,2256,1470,992,913,767,483,0,0
2024,2024-02-16,Southbound,All Vehicles,208,104,125,134,333,1003,1991,2792,2936,2328,2041,1968,1838,1857,1998,2297,2512,2744,2356,1537,1027,954,786,503,0,0
2024,2024-02-16,Northbound,All Vehicles,204,91,86,99,194,695,1891,1971,2132,1854,1628,1819,1972,2134,2688,2635,2989,3006,2387,1700,1369,1132,1478,1114,0,0
2024,2024-02-17,Northbound,Heavy Vehicles,23,24,16,22,14,53,110,165,145,113,128,135,131,118,127,110,84,82,91,61,40,36,42,33,0,0
2024,2024-02-17,Southbound,Heavy Vehicles,25,17,18,20,18,26,49,62,93,77,86,84,87,90,89,65,62,67,46,43,36,26,16,20,0,0
2024,2024-02-17,Northbound,Light Vehicles,403,187,135,93,94,371,948,1015,1303,1637,1851,2113,2176,2314,2281,2205,2191,2129,1850,1256,1257,1217,1423,1109,0,0
2024,2024-02-17,Southbound,Light Vehicles,259,177,152,129,177,476,896,1305,1704,2223,2356,2358,2244,2301,2243,2265,2160,2275,1931,1233,1000,961,903,567,0,0
2024,2024-02-17,Northbound,All Vehicles,426,211,151,115,108,424,1058,1180,1448,1750,1979,2248,2307,2432,2408,2315,2275,2211,1941,1317,1297,1253,1465,1142,0,0
2024,2024-02-17,Southbound,All Vehicles,284,194,170,149,195,502,945,1367,1797,2300,2442,2442,2331,2391,2332,2330,2222,2342,1977,1276,1036,987,919,587,0,0
2024,2024-02-18,Northbound,Light Vehicles,432,226,152,100,86,190,385,501,786,1209,1553,1775,1819,1886,1993,1902,2031,2120,1442,1185,1129,969,666,328,0,0
2024,2024-02-18,Northbound,Heavy Vehicles,18,13,8,18,8,11,30,63,67,60,83,69,78,80,96,74,75,80,73,55,44,42,39,18,0,0
2024,2024-02-18,Southbound,Light Vehicles,298,176,129,96,119,225,472,769,1231,1693,2105,2172,1995,2066,2001,1765,1646,1564,1401,986,959,765,507,267,0,0
2024,2024-02-18,Southbound,Heavy Vehicles,9,6,12,6,11,15,40,52,48,56,50,47,56,60,59,53,39,42,48,48,35,25,30,18,0,0
2024,2024-02-18,Northbound,All Vehicles,450,239,160,118,94,201,415,564,853,1269,1636,1844,1897,1966,2089,1976,2106,2200,1515,1240,1173,1011,705,346,0,0
2024,2024-02-18,Southbound,All Vehicles,307,182,141,102,130,240,512,821,1279,1749,2155,2219,2051,2126,2060,1818,1685,1606,1449,1034,994,790,537,285,0,0
2024,2024-02-19,Northbound,Heavy Vehicles,17,19,25,25,50,105,313,324,338,308,271,289,200,216,261,205,211,203,146,69,67,34,38,22,0,0
2024,2024-02-19,Northbound,Light Vehicles,185,64,67,63,139,657,1640,1725,1883,1497,1244,1373,1368,1674,2084,2316,2754,3152,2304,1171,1000,880,659,336,0,0
2024,2024-02-19,Southbound,Light Vehicles,161,80,79,94,291,924,1871,2663,2533,2206,1655,1364,1251,1454,1642,1955,2053,2058,1544,1028,744,633,436,219,0,0
2024,2024-02-19,Southbound,Heavy Vehicles,10,12,32,25,37,115,242,225,186,226,206,216,165,231,175,155,157,98,55,64,31,29,27,22,0,0
2024,2024-02-19,Northbound,All Vehicles,202,83,92,88,189,762,1953,2049,2221,1805,1515,1662,1568,1890,2345,2521,2965,3355,2450,1240,1067,914,697,358,0,0
2024,2024-02-19,Southbound,All Vehicles,171,92,111,119,328,1039,2113,2888,2719,2432,1861,1580,1416,1685,1817,2110,2210,2156,1599,1092,775,662,463,241,0,0
2024,2024-02-20,Southbound,Heavy Vehicles,16,19,19,31,44,81,187,193,188,204,222,197,173,176,160,186,140,150,86,62,39,22,25,26,0,0
2024,2024-02-20,Northbound,Light Vehicles,167,83,53,66,130,600,1701,1807,2033,1625,1243,1247,1169,1215,1755,2480,3076,3210,2309,1319,1322,1092,777,783,0,0
2024,2024-02-20,Southbound,Light Vehicles,127,92,98,101,270,957,1976,2813,2495,2440,1665,1481,1401,1482,1490,1953,2042,2415,2047,1273,994,741,530,298,0,0
2024,2024-02-20,Northbound,Heavy Vehicles,28,19,23,23,39,111,288,333,340,345,278,246,189,158,224,277,236,201,146,92,70,48,33,47,0,0
2024,2024-02-20,Southbound,All Vehicles,143,111,117,132,314,1038,2163,3006,2683,2644,1887,1678,1574,1658,1650,2139,2182,2565,2133,1335,1033,763,555,324,0,0
2024,2024-02-20,Northbound,All Vehicles,195,102,76,89,169,711,1989,2140,2373,1970,1521,1493,1358,1373,1979,2757,3312,3411,2455,1411,1392,1140,810,830,0,0
2024,2024-02-21,Northbound,Heavy Vehicles,22,17,25,31,49,111,289,343,267,268,287,265,274,284,276,248,238,186,147,89,74,48,26,31,0,0
2024,2024-02-21,Northbound,Light Vehicles,227,100,74,51,154,624,1636,1833,1917,1518,1325,1462,1576,1723,2265,2326,2904,3040,2375,1430,1249,1084,825,424,0,0
2024,2024-02-21,Southbound,Light Vehicles,156,106,81,106,280,936,1927,2760,2612,2636,1773,1535,1457,1501,1579,2136,2308,2456,2041,1193,1002,840,537,263,0,0
2024,2024-02-21,Southbound,Heavy Vehicles,19,24,28,38,54,133,236,227,201,190,170,147,189,173,182,198,155,109,74,61,38,34,31,29,0,0
2024,2024-02-21,Northbound,All Vehicles,249,117,99,82,203,735,1925,2176,2184,1786,1612,1727,1850,2007,2541,2574,3142,3226,2522,1519,1323,1132,851,455,0,0
2024,2024-02-21,Southbound,All Vehicles,175,130,109,144,334,1069,2163,2987,2813,2826,1943,1682,1646,1674,1761,2334,2463,2565,2115,1254,1040,874,568,292,0,0
2024,2024-02-22,Northbound,Heavy Vehicles,20,14,18,36,50,110,276,350,324,301,320,288,288,261,250,218,245,169,157,79,71,69,37,59,0,0
2024,2024-02-22,Northbound,Light Vehicles,174,106,52,69,142,629,1657,1861,2002,1570,1400,1385,1515,1670,2099,2437,2735,3135,2229,1567,1318,1124,941,1243,0,0
2024,2024-02-22,Southbound,Light Vehicles,143,104,110,108,280,1004,2082,2762,2704,2275,1703,1517,1401,1533,1663,2189,2395,2463,2370,1536,1078,907,609,384,0,0
2024,2024-02-22,Southbound,Heavy Vehicles,17,16,16,38,46,96,191,179,164,198,207,224,205,198,207,162,169,127,125,95,52,38,41,38,0,0
2024,2024-02-22,Northbound,All Vehicles,194,120,70,105,192,739,1933,2211,2326,1871,1720,1673,1803,1931,2349,2655,2980,3304,2386,1646,1389,1193,978,1302,0,0
2024,2024-02-22,Southbound,All Vehicles,160,120,126,146,326,1100,2273,2941,2868,2473,1910,1741,1606,1731,1870,2351,2564,2590,2495,1631,1130,945,650,422,0,0
2024,2024-02-23,Northbound,Heavy Vehicles,33,25,26,33,46,103,288,339,287,313,300,265,291,268,268,195,195,138,120,97,58,46,58,101,0,0
2024,2024-02-23,Southbound,Light Vehicles,194,115,108,100,280,923,1905,2587,2588,2212,1817,1718,1621,1631,1915,2439,1983,1443,1664,1378,1052,1007,1021,841,0,0
2024,2024-02-23,Southbound,Heavy Vehicles,31,28,32,43,49,81,164,202,166,243,214,197,198,187,199,189,168,166,167,84,43,37,39,23,0,0
2024,2024-02-23,Northbound,Light Vehicles,314,140,75,77,149,606,1665,1694,1659,1465,1435,1546,1564,1921,2292,2375,2545,2637,2086,1560,1187,1169,1307,1321,0,0
2024,2024-02-23,Northbound,All Vehicles,347,165,101,110,195,709,1953,2033,1946,1778,1735,1811,1855,2189,2560,2570,2740,2775,2206,1657,1245,1215,1365,1422,0,0
2024,2024-02-23,Southbound,All Vehicles,225,143,140,143,329,1004,2069,2789,2754,2455,2031,1915,1819,1818,2114,2628,2151,1609,1831,1462,1095,1044,1060,864,0,0
2024,2024-02-24,Southbound,Light Vehicles,394,168,126,127,171,431,830,1158,1665,2105,2227,2408,2494,2260,2348,2488,2247,1747,1639,1226,1131,1005,1061,869,0,0
2024,2024-02-24,Southbound,Heavy Vehicles,21,21,16,17,23,39,63,76,101,105,119,108,100,100,63,73,113,144,94,56,32,31,28,25,0,0
2024,2024-02-24,Northbound,Heavy Vehicles,102,20,17,16,13,35,123,147,138,127,133,109,107,137,118,99,107,115,82,55,52,49,61,127,0,0
2024,2024-02-24,Northbound,Light Vehicles,1681,343,169,89,101,358,892,977,1113,1491,1755,2014,2109,2260,2250,2227,2227,2111,1991,1200,1177,1286,1347,1943,0,0
2024,2024-02-24,Southbound,All Vehicles,415,189,142,144,194,470,893,1234,1766,2210,2346,2516,2594,2360,2411,2561,2360,1891,1733,1282,1163,1036,1089,894,0,0
2024,2024-02-24,Northbound,All Vehicles,1783,363,186,105,114,393,1015,1124,1251,1618,1888,2123,2216,2397,2368,2326,2334,2226,2073,1255,1229,1335,1408,2070,0,0
2024,2024-02-25,Northbound,Heavy Vehicles,68,19,10,13,11,11,33,42,66,61,61,66,83,94,81,69,78,101,69,52,41,43,21,129,0,0
2024,2024-02-25,Northbound,Light Vehicles,1314,296,139,105,93,155,381,550,765,1220,1559,1756,1851,1991,1935,1916,2065,1939,1643,1280,1228,1144,853,1527,0,0
2024,2024-02-25,Southbound,Light Vehicles,448,220,146,128,110,236,504,778,1246,1669,2108,2023,2045,2198,2106,2200,2208,1990,1467,1211,1005,954,780,472,0,0
2024,2024-02-25,Southbound,Heavy Vehicles,13,11,5,3,15,8,26,26,42,52,48,56,43,56,43,64,79,94,85,53,33,30,32,21,0,0
2024,2024-02-25,Northbound,All Vehicles,1382,315,149,118,104,166,414,592,831,1281,1620,1822,1934,2085,2016,1985,2143,2040,1712,1332,1269,1187,874,1656,0,0
2024,2024-02-25,Southbound,All Vehicles,461,231,151,131,125,244,530,804,1288,1721,2156,2079,2088,2254,2149,2264,2287,2084,1552,1264,1038,984,812,493,0,0
2024,2024-02-26,Southbound,Heavy Vehicles,21,29,28,27,48,111,227,195,181,197,190,186,200,188,197,181,182,130,130,61,43,39,30,30,0,0
2024,2024-02-26,Southbound,Light Vehicles,212,116,92,97,271,996,1876,2731,2627,2121,1617,1510,1433,1504,1766,2259,2138,1471,1820,1248,941,757,723,421,0,0
2024,2024-02-26,Northbound,Light Vehicles,1106,160,73,64,126,607,1747,1789,1927,1585,1298,1379,1439,1607,2016,2312,2617,2878,2209,1336,1104,1043,850,1713,0,0
2024,2024-02-26,Northbound,Heavy Vehicles,47,27,24,23,49,108,287,329,288,314,298,263,289,262,265,242,187,197,138,102,68,41,39,130,0,0
2024,2024-02-26,Southbound,All Vehicles,233,145,120,124,319,1107,2103,2926,2808,2318,1807,1696,1633,1692,1963,2440,2320,1601,1950,1309,984,796,753,451,0,0
2024,2024-02-26,Northbound,All Vehicles,1153,187,97,87,175,715,2034,2118,2215,1899,1596,1642,1728,1869,2281,2554,2804,3075,2347,1438,1172,1084,889,1843,0,0
2024,2024-02-27,Southbound,Light Vehicles,184,104,97,120,294,987,2041,2751,2463,2331,1780,1407,1410,1409,1581,2097,2353,2451,1802,1142,980,719,505,311,0,0
2024,2024-02-27,Northbound,Heavy Vehicles,49,28,27,23,42,114,279,332,311,318,291,263,263,245,244,248,256,196,138,91,82,42,39,23,0,0
2024,2024-02-27,Southbound,Heavy Vehicles,23,20,15,27,33,81,165,186,163,206,207,183,188,190,179,177,168,111,78,59,47,33,27,31,0,0
2024,2024-02-27,Northbound,Light Vehicles,897,114,87,75,135,648,1707,1874,2044,1657,1289,1341,1459,1578,1979,2368,2855,3126,2241,1404,1160,962,854,411,0,0
2024,2024-02-27,Southbound,All Vehicles,207,124,112,147,327,1068,2206,2937,2626,2537,1987,1590,1598,1599,1760,2274,2521,2562,1880,1201,1027,752,532,342,0,0
2024,2024-02-27,Northbound,All Vehicles,946,142,114,98,177,762,1986,2206,2355,1975,1580,1604,1722,1823,2223,2616,3111,3322,2379,1495,1242,1004,893,434,0,0
2024,2024-02-28,Southbound,Heavy Vehicles,29,20,29,39,35,87,211,201,170,200,191,198,230,197,175,192,165,148,86,56,42,29,35,27,0,0
2024,2024-02-28,Southbound,Light Vehicles,149,109,97,125,261,1021,2069,2811,2571,2043,1569,1427,1425,1571,1595,2098,2213,2503,2157,1344,931,846,526,317,0,0
2024,2024-02-28,Northbound,Light Vehicles,162,105,71,69,146,605,1675,1781,1862,1536,1342,1279,1399,1710,2027,2193,2799,3099,2280,1402,1254,1093,1155,460,0,0
2024,2024-02-28,Northbound,Heavy Vehicles,36,24,23,30,47,117,309,330,294,363,315,278,259,296,259,220,239,200,159,97,80,52,42,31,0,0
2024,2024-02-28,Southbound,All Vehicles,178,129,126,164,296,1108,2280,3012,2741,2243,1760,1625,1655,1768,1770,2290,2378,2651,2243,1400,973,875,561,344,0,0
2024,2024-02-28,Northbound,All Vehicles,198,129,94,99,193,722,1984,2111,2156,1899,1657,1557,1658,2006,2286,2413,3038,3299,2439,1499,1334,1145,1197,491,0,0
2024,2024-02-29,Northbound,Light Vehicles,196,92,59,97,135,661,1654,1778,1824,1744,1493,1400,1499,1579,2061,2326,2574,2908,2077,1476,1239,1019,837,669,0,0
2024,2024-02-29,Southbound,Light Vehicles,144,121,86,126,298,1025,1989,2788,2543,2257,1687,1463,1383,1424,1650,1945,2158,2050,1826,1371,980,818,576,366,0,0
2024,2024-02-29,Northbound,Heavy Vehicles,25,14,31,27,50,115,312,314,311,374,326,307,294,252,267,247,219,162,130,80,90,44,41,34,0,0
2024,2024-02-29,Southbound,Heavy Vehicles,24,22,18,32,42,76,164,192,184,224,185,202,209,177,190,167,150,103,82,62,34,31,27,41,0,0
2024,2024-02-29,Northbound,All Vehicles,221,106,90,124,185,776,1966,2092,2135,2118,1819,1707,1793,1831,2328,2573,2793,3070,2207,1556,1329,1063,878,703,0,0
2024,2024-02-29,Southbound,All Vehicles,168,143,104,158,340,1101,2153,2980,2727,2481,1872,1665,1592,1601,1840,2112,2308,2153,1908,1433,1014,849,603,407,0,0
2024,2024-03-01,Northbound,Light Vehicles,216,99,70,73,163,601,1588,1670,1751,1448,1363,1536,1710,1836,2178,2501,2927,2704,2115,1681,1271,1185,997,1160,0,0
2024,2024-03-01,Southbound,Light Vehicles,198,112,105,109,285,965,1850,2659,2574,2205,1775,1629,1597,1582,1748,2120,2370,2515,2296,1628,1021,940,763,520,0,0
2024,2024-03-01,Northbound,Heavy Vehicles,32,20,29,31,57,141,301,328,286,314,288,271,253,282,260,268,258,190,141,126,65,54,42,40,0,0
2024,2024-03-01,Southbound,Heavy Vehicles,30,21,28,41,44,92,152,174,180,212,178,204,199,212,179,173,198,155,111,80,42,39,26,21,0,0
2024,2024-03-01,Northbound,All Vehicles,248,119,99,104,220,742,1889,1998,2037,1762,1651,1807,1963,2118,2438,2769,3185,2894,2256,1807,1336,1239,1039,1200,0,0
2024,2024-03-01,Southbound,All Vehicles,228,133,133,150,329,1057,2002,2833,2754,2417,1953,1833,1796,1794,1927,2293,2568,2670,2407,1708,1063,979,789,541,0,0
2024,2024-03-02,Southbound,Heavy Vehicles,22,12,21,20,16,35,66,85,101,93,100,96,87,94,95,78,57,57,58,32,10,21,25,16,0,0
2024,2024-03-02,Northbound,Light Vehicles,401,203,112,94,123,332,958,1030,1251,1557,1847,1977,2129,2134,2198,2244,2153,2026,1785,1590,1149,1051,1042,1611,0,0
2024,2024-03-02,Northbound,Heavy Vehicles,18,23,17,25,16,55,140,139,151,117,155,115,122,93,117,102,87,77,78,54,40,28,30,35,0,0
2024,2024-03-02,Southbound,Light Vehicles,254,173,121,130,193,474,898,1275,1694,2187,2394,2331,2285,2227,2292,2280,2125,2365,2185,1275,895,912,1065,738,0,0
2024,2024-03-02,Southbound,All Vehicles,276,185,142,150,209,509,964,1360,1795,2280,2494,2427,2372,2321,2387,2358,2182,2422,2243,1307,905,933,1090,754,0,0
2024,2024-03-02,Northbound,All Vehicles,419,226,129,119,139,387,1098,1169,1402,1674,2002,2092,2251,2227,2315,2346,2240,2103,1863,1644,1189,1079,1072,1646,0,0
2024,2024-03-03,Northbound,Light Vehicles,1172,257,173,105,103,177,381,490,735,1292,1506,1741,1868,1932,2013,1899,1871,1858,1546,1284,1170,1017,749,393,0,0
2024,2024-03-03,Southbound,Heavy Vehicles,5,14,9,5,8,9,16,37,28,47,51,46,44,42,56,46,43,51,48,45,33,42,24,18,0,0
2024,2024-03-03,Northbound,Heavy Vehicles,38,26,20,13,15,18,40,51,66,69,70,85,75,87,71,75,61,61,59,56,61,47,35,23,0,0
2024,2024-03-03,Southbound,Light Vehicles,383,206,137,120,154,243,503,785,1378,1770,2101,2063,2014,1962,1778,1805,1723,1576,1282,1051,969,770,507,315,0,0
2024,2024-03-03,Northbound,All Vehicles,1210,283,193,118,118,195,421,541,801,1361,1576,1826,1943,2019,2084,1974,1932,1919,1605,1340,1231,1064,784,416,0,0
2024,2024-03-03,Southbound,All Vehicles,388,220,146,125,162,252,519,822,1406,1817,2152,2109,2058,2004,1834,1851,1766,1627,1330,1096,1002,812,531,333,0,0
2024,2024-03-04,Northbound,Light Vehicles,181,97,65,55,159,612,1633,1714,1799,1382,1295,1375,1497,1618,2084,2284,2708,3008,2169,1331,1082,1052,659,330,0,0
2024,2024-03-04,Northbound,Heavy Vehicles,16,20,29,22,42,116,304,299,282,325,294,306,270,261,293,199,230,195,154,101,77,42,31,23,0,0
2024,2024-03-04,Southbound,Light Vehicles,178,97,84,76,293,1020,1921,2662,2298,2179,1628,1434,1381,1442,1535,1952,2071,2131,1742,1156,869,660,415,239,0,0
2024,2024-03-04,Southbound,Heavy Vehicles,20,23,24,27,37,85,171,207,192,216,229,237,219,221,216,204,194,130,94,60,61,31,35,29,0,0
2024,2024-03-04,Northbound,All Vehicles,197,117,94,77,201,728,1937,2013,2081,1707,1589,1681,1767,1879,2377,2483,2938,3203,2323,1432,1159,1094,690,353,0,0
2024,2024-03-04,Southbound,All Vehicles,198,120,108,103,330,1105,2092,2869,2490,2395,1857,1671,1600,1663,1751,2156,2265,2261,1836,1216,930,691,450,268,0,0
2024,2024-03-05,Northbound,Light Vehicles,130,87,65,77,140,613,1709,1884,1981,1657,1350,1268,1499,1539,2173,2252,2784,2997,2371,1374,1165,1078,824,430,0,0
2024,2024-03-05,Southbound,Light Vehicles,150,86,83,97,292,951,1931,2719,2457,2317,1640,1424,1320,1465,1608,2058,2218,2305,1835,1129,917,799,509,271,0,0
2024,2024-03-05,Southbound,Heavy Vehicles,23,21,19,33,47,114,276,255,182,265,234,230,241,211,210,219,242,183,101,80,73,40,38,24,0,0
2024,2024-03-05,Northbound,Heavy Vehicles,18,19,33,30,40,105,309,334,311,331,332,267,276,293,275,226,234,188,152,88,85,51,51,23,0,0
2024,2024-03-05,Northbound,All Vehicles,148,106,98,107,180,718,2018,2218,2292,1988,1682,1535,1775,1832,2448,2478,3018,3185,2523,1462,1250,1129,875,453,0,0
2024,2024-03-05,Southbound,All Vehicles,173,107,102,130,339,1065,2207,2974,2639,2582,1874,1654,1561,1676,1818,2277,2460,2488,1936,1209,990,839,547,295,0,0
2024,2024-03-06,Northbound,Heavy Vehicles,25,22,32,35,53,120,324,339,287,366,329,303,318,331,303,241,198,193,167,92,76,48,33,29,0,0
2024,2024-03-06,Southbound,Light Vehicles,153,103,83,100,294,960,1894,2725,2475,2204,1663,1342,1355,1427,1564,2043,2326,2471,1889,1254,914,831,513,278,0,0
2024,2024-03-06,Northbound,Light Vehicles,136,94,66,64,162,631,1765,1826,1946,1672,1378,1409,1753,1802,2170,2186,2779,3116,2131,1476,1249,1049,867,404,0,0
2024,2024-03-06,Southbound,Heavy Vehicles,33,21,25,38,54,115,301,262,187,225,241,243,246,232,244,238,202,178,120,82,56,36,34,23,0,0
2024,2024-03-06,Northbound,All Vehicles,161,116,98,99,215,751,2089,2165,2233,2038,1707,1712,2071,2133,2473,2427,2977,3309,2298,1568,1325,1097,900,433,0,0
2024,2024-03-06,Southbound,All Vehicles,186,124,108,138,348,1075,2195,2987,2662,2429,1904,1585,1601,1659,1808,2281,2528,2649,2009,1336,970,867,547,301,0,0
2024,2024-03-07,Southbound,Light Vehicles,147,96,89,99,302,935,1961,2567,2246,2309,1610,1505,1426,1437,1670,2164,2344,2408,1887,1249,1014,843,530,307,0,0
2024,2024-03-07,Southbound,Heavy Vehicles,18,21,17,35,46,105,279,252,185,246,247,227,261,239,233,209,246,159,126,63,63,41,35,32,0,0
2024,2024-03-07,Northbound,Light Vehicles,178,69,77,75,146,593,1677,1812,1906,1508,1369,1379,1529,1666,2138,2288,2784,3003,2130,1517,1324,1038,838,484,0,0
2024,2024-03-07,Northbound,Heavy Vehicles,22,21,25,23,56,131,345,320,267,273,315,301,308,299,277,248,232,188,154,98,82,57,47,28,0,0
2024,2024-03-07,Southbound,All Vehicles,165,117,106,134,348,1040,2240,2819,2431,2555,1857,1732,1687,1676,1903,2373,2590,2567,2013,1312,1077,884,565,339,0,0
2024,2024-03-07,Northbound,All Vehicles,200,90,102,98,202,724,2022,2132,2173,1781,1684,1680,1837,1965,2415,2536,3016,3191,2284,1615,1406,1095,885,512,0,0
2024,2024-03-08,Northbound,Light Vehicles,203,108,77,69,163,604,1730,1751,1754,1475,1400,1574,1689,1939,2372,2395,2685,2985,2552,1610,1453,1241,1053,696,0,0
2024,2024-03-08,Northbound,Heavy Vehicles,25,29,33,27,58,105,330,302,309,334,304,313,269,291,239,260,217,176,156,102,82,55,41,29,0,0
2024,2024-03-08,Southbound,Heavy Vehicles,36,26,29,41,38,126,237,267,204,228,248,251,252,206,213,225,221,164,107,61,54,43,38,20,0,0
2024,2024-03-08,Southbound,Light Vehicles,185,126,117,122,297,901,1822,2500,2606,2350,1821,1775,1573,1618,1659,2104,2240,2489,1949,1505,1031,950,831,462,0,0
2024,2024-03-08,Northbound,All Vehicles,228,137,110,96,221,709,2060,2053,2063,1809,1704,1887,1958,2230,2611,2655,2902,3161,2708,1712,1535,1296,1094,725,0,0
2024,2024-03-08,Southbound,All Vehicles,221,152,146,163,335,1027,2059,2767,2810,2578,2069,2026,1825,1824,1872,2329,2461,2653,2056,1566,1085,993,869,482,0,0
2024,2024-03-09,Southbound,Light Vehicles,260,136,139,130,159,452,885,1348,1623,2222,2212,1480,2333,2382,2230,2043,2143,2324,2071,1482,1294,1086,976,621,0,0
2024,2024-03-09,Northbound,Light Vehicles,369,222,142,96,123,395,983,1005,1271,1656,1888,2137,2118,2233,2318,2255,2193,2171,1812,1461,1277,1272,1666,1046,0,0
2024,2024-03-09,Southbound,Heavy Vehicles,21,18,21,28,19,47,97,77,118,116,116,104,111,122,108,100,86,86,71,54,47,37,31,28,0,0
2024,2024-03-09,Northbound,Heavy Vehicles,16,21,19,20,32,54,170,157,137,120,168,111,133,88,116,121,108,100,77,67,51,39,38,29,0,0
2024,2024-03-09,Southbound,All Vehicles,281,154,160,158,178,499,982,1425,1741,2338,2328,1584,2444,2504,2338,2143,2229,2410,2142,1536,1341,1123,1007,649,0,0
2024,2024-03-09,Northbound,All Vehicles,385,243,161,116,155,449,1153,1162,1408,1776,2056,2248,2251,2321,2434,2376,2301,2271,1889,1528,1328,1311,1704,1075,0,0
2024,2024-03-10,Northbound,Light Vehicles,492,237,151,116,94,197,421,499,829,1296,1577,1734,1893,2000,1998,1930,1891,1904,1530,1221,1149,1050,810,378,0,0
2024,2024-03-10,Southbound,Light Vehicles,359,196,138,122,127,244,512,758,1272,1801,2202,2143,2120,2021,1930,1794,1789,1692,1396,1107,967,877,538,285,0,0
2024,2024-03-10,Northbound,Heavy Vehicles,18,8,15,13,10,26,35,51,54,75,82,77,69,86,88,70,72,62,62,57,53,51,32,15,0,0
2024,2024-03-10,Southbound,Heavy Vehicles,9,9,12,8,10,15,30,40,57,60,75,75,87,55,55,56,54,59,67,61,44,29,32,30,0,0
2024,2024-03-10,Northbound,All Vehicles,510,245,166,129,104,223,456,550,883,1371,1659,1811,1962,2086,2086,2000,1963,1966,1592,1278,1202,1101,842,393,0,0
2024,2024-03-10,Southbound,All Vehicles,368,205,150,130,137,259,542,798,1329,1861,2277,2218,2207,2076,1985,1850,1843,1751,1463,1168,1011,906,570,315,0,0
2024,2024-03-11,Northbound,Light Vehicles,175,102,45,67,132,635,1695,1775,1829,1551,1270,1355,1415,1658,2050,2360,2697,2864,2313,1410,1140,999,686,408,0,0
2024,2024-03-11,Northbound,Heavy Vehicles,19,25,28,25,46,122,326,325,295,326,314,334,283,319,275,250,220,192,143,100,85,53,33,25,0,0
2024,2024-03-11,Southbound,Light Vehicles,154,100,92,89,281,944,1922,2660,2486,2054,1616,1445,1383,1408,1607,2006,1994,2300,1690,1088,880,660,463,246,0,0
2024,2024-03-11,Southbound,Heavy Vehicles,27,21,34,28,49,112,248,250,181,231,268,248,268,205,233,207,203,176,108,66,46,37,31,29,0,0
2024,2024-03-11,Northbound,All Vehicles,194,127,73,92,178,757,2021,2100,2124,1877,1584,1689,1698,1977,2325,2610,2917,3056,2456,1510,1225,1052,719,433,0,0
2024,2024-03-11,Southbound,All Vehicles,181,121,126,117,330,1056,2170,2910,2667,2285,1884,1693,1651,1613,1840,2213,2197,2476,1798,1154,926,697,494,275,0,0
2024,2024-03-12,Northbound,Light Vehicles,157,79,71,75,150,616,1825,1917,1875,1546,1251,1364,1526,1711,2168,2538,2892,3045,2315,1421,1162,1030,970,785,0,0
2024,2024-03-12,Southbound,Heavy Vehicles,22,19,22,40,48,127,244,236,166,265,233,259,210,233,210,200,192,142,97,75,44,49,38,27,0,0
2024,2024-03-12,Southbound,Light Vehicles,115,107,96,106,289,981,1947,2714,2451,2225,1581,1457,1360,1393,1660,2101,2162,2350,2042,1257,974,795,696,332,0,0
2024,2024-03-12,Northbound,Heavy Vehicles,21,13,27,39,43,119,308,299,287,313,267,261,252,253,256,253,214,185,140,90,67,54,27,32,0,0
2024,2024-03-12,Northbound,All Vehicles,178,92,98,114,193,735,2133,2216,2162,1859,1518,1625,1778,1964,2424,2791,3106,3230,2455,1511,1229,1084,997,817,0,0
2024,2024-03-12,Southbound,All Vehicles,137,126,118,146,337,1108,2191,2950,2617,2490,1814,1716,1570,1626,1870,2301,2354,2492,2139,1332,1018,844,734,359,0,0
2024,2024-03-13,Northbound,Heavy Vehicles,19,26,30,31,52,126,298,387,334,393,344,290,325,280,264,235,251,190,158,100,75,45,35,45,0,0
2024,2024-03-13,Southbound,Heavy Vehicles,29,26,24,37,58,124,265,270,181,246,280,239,237,222,212,202,228,147,106,77,51,42,38,37,0,0
2024,2024-03-13,Northbound,Light Vehicles,187,108,66,66,142,654,1790,1885,1915,1755,1532,1290,1494,1761,2129,2270,2809,3029,2365,1469,1310,1028,908,809,0,0
2024,2024-03-13,Southbound,Light Vehicles,153,101,103,119,294,961,1994,2581,2174,2209,1673,1484,1503,1492,1577,2119,2333,2416,2040,1457,973,923,608,390,0,0
2024,2024-03-13,Northbound,All Vehicles,206,134,96,97,194,780,2088,2272,2249,2148,1876,1580,1819,2041,2393,2505,3060,3219,2523,1569,1385,1073,943,854,0,0
2024,2024-03-13,Southbound,All Vehicles,182,127,127,156,352,1085,2259,2851,2355,2455,1953,1723,1740,1714,1789,2321,2561,2563,2146,1534,1024,965,646,427,0,0
2024,2024-03-14,Northbound,Heavy Vehicles,24,21,24,25,53,120,333,354,255,321,323,286,296,254,274,217,241,165,147,93,74,52,43,38,0,0
2024,2024-03-14,Northbound,Light Vehicles,233,111,71,75,141,618,1694,1759,1850,1498,1343,1337,1490,1723,2092,2312,2723,3013,2144,1433,1370,1046,1155,875,0,0
2024,2024-03-14,Southbound,Light Vehicles,166,118,85,123,286,914,2001,2618,2644,2252,1661,1526,1396,1464,1637,2177,2237,2656,2209,1350,1003,867,690,415,0,0
2024,2024-03-14,Southbound,Heavy Vehicles,14,22,23,34,52,140,240,272,182,279,246,268,253,225,257,208,203,183,120,86,43,29,33,32,0,0
2024,2024-03-14,Northbound,All Vehicles,257,132,95,100,194,738,2027,2113,2105,1819,1666,1623,1786,1977,2366,2529,2964,3178,2291,1526,1444,1098,1198,913,0,0
2024,2024-03-14,Southbound,All Vehicles,180,140,108,157,338,1054,2241,2890,2826,2531,1907,1794,1649,1689,1894,2385,2440,2839,2329,1436,1046,896,723,447,0,0
2024,2024-03-15,Southbound,Light Vehicles,230,119,104,119,273,868,1802,2681,2634,2136,1793,1703,1630,1666,1766,2152,2386,2557,2235,1378,1014,948,775,440,0,0
2024,2024-03-15,Southbound,Heavy Vehicles,27,31,31,36,49,110,247,226,218,230,223,229,243,225,215,201,214,160,108,76,51,48,34,26,0,0
2024,2024-03-15,Northbound,Light Vehicles,242,92,90,77,155,623,1650,1722,1672,1531,1393,1516,1719,1835,2314,2314,2722,2910,2185,1488,1239,1219,1256,757,0,0
2024,2024-03-15,Northbound,Heavy Vehicles,16,28,29,28,54,105,275,361,275,347,270,266,258,253,257,243,214,168,143,91,66,50,56,29,0,0
2024,2024-03-15,Southbound,All Vehicles,257,150,135,155,322,978,2049,2907,2852,2366,2016,1932,1873,1891,1981,2353,2600,2717,2343,1454,1065,996,809,466,0,0
2024,2024-03-15,Northbound,All Vehicles,258,120,119,105,209,728,1925,2083,1947,1878,1663,1782,1977,2088,2571,2557,2936,3078,2328,1579,1305,1269,1312,786,0,0
2024,2024-03-16,Southbound,Heavy Vehicles,16,13,14,23,21,32,82,111,102,152,109,115,118,121,96,103,116,122,123,89,27,30,35,22,0,0
2024,2024-03-16,Southbound,Light Vehicles,266,162,147,146,218,448,893,1172,1590,2222,2292,2474,2498,2495,2268,2583,2374,2300,2201,1314,1019,965,904,702,0,0
2024,2024-03-16,Northbound,Heavy Vehicles,23,21,12,16,12,33,156,161,146,136,137,124,103,125,110,112,102,108,90,69,49,33,29,110,0,0
2024,2024-03-16,Northbound,Light Vehicles,405,227,132,89,125,375,966,1075,1183,1586,1805,2027,2067,2145,2167,2175,2080,2023,1984,1511,1303,1190,1069,1643,0,0
2024,2024-03-16,Southbound,All Vehicles,282,175,161,169,239,480,975,1283,1692,2374,2401,2589,2616,2616,2364,2686,2490,2422,2324,1403,1046,995,939,724,0,0
2024,2024-03-16,Northbound,All Vehicles,428,248,144,105,137,408,1122,1236,1329,1722,1942,2151,2170,2270,2277,2287,2182,2131,2074,1580,1352,1223,1098,1753,0,0
2024,2024-03-17,Southbound,Light Vehicles,347,215,163,119,117,212,461,676,1086,1440,1985,2035,1946,2003,1955,1821,1758,1568,1323,927,911,719,542,283,0,0
2024,2024-03-17,Southbound,Heavy Vehicles,10,14,10,7,13,15,22,40,48,57,67,62,84,58,66,66,60,58,54,44,43,37,24,21,0,0
2024,2024-03-17,Northbound,Heavy Vehicles,76,22,15,23,13,9,26,45,53,63,79,81,91,77,89,83,60,70,63,51,55,46,20,23,0,0
2024,2024-03-17,Northbound,Light Vehicles,1660,310,171,84,94,187,351,463,753,1120,1503,1663,1865,2002,1938,1832,1875,1855,1430,1071,1045,1013,707,387,0,0
2024,2024-03-17,Southbound,All Vehicles,357,229,173,126,130,227,483,716,1134,1497,2052,2097,2030,2061,2021,1887,1818,1626,1377,971,954,756,566,304,0,0
2024,2024-03-17,Northbound,All Vehicles,1736,332,186,107,107,196,377,508,806,1183,1582,1744,1956,2079,2027,1915,1935,1925,1493,1122,1100,1059,727,410,0,0
2024,2024-03-18,Southbound,Heavy Vehicles,31,17,23,31,47,112,230,226,167,221,245,247,224,219,212,197,181,140,89,61,54,32,32,37,0,0
2024,2024-03-18,Northbound,Heavy Vehicles,21,21,22,16,36,113,294,322,272,323,301,267,247,253,263,240,229,189,144,85,63,44,37,25,0,0
2024,2024-03-18,Northbound,Light Vehicles,175,78,76,72,148,618,1701,1684,1853,1518,1203,1351,1460,1663,2028,2192,2763,3130,2160,1248,1090,914,642,380,0,0
2024,2024-03-18,Southbound,Light Vehicles,173,81,94,98,284,950,1922,2510,2155,2076,1562,1406,1402,1448,1570,2001,2041,2141,1697,1034,791,649,450,233,0,0
2024,2024-03-18,Southbound,All Vehicles,204,98,117,129,331,1062,2152,2736,2322,2297,1807,1653,1626,1667,1782,2198,2222,2281,1786,1095,845,681,482,270,0,0
2024,2024-03-18,Northbound,All Vehicles,196,99,98,88,184,731,1995,2006,2125,1841,1504,1618,1707,1916,2291,2432,2992,3319,2304,1333,1153,958,679,405,0,0
2024,2024-03-19,Northbound,Light Vehicles,163,91,67,51,141,629,1645,1956,1893,1645,1245,1255,1518,1666,2048,2322,2892,2711,2390,1331,1144,1078,767,426,0,0
2024,2024-03-19,Northbound,Heavy Vehicles,26,18,29,23,46,121,294,361,283,319,280,272,257,286,253,234,225,174,156,110,62,57,42,32,0,0
2024,2024-03-19,Southbound,Light Vehicles,121,101,85,97,305,1011,2025,2679,2361,2276,1637,1544,1317,1414,1585,2057,2236,2438,1966,1191,922,754,526,269,0,0
2024,2024-03-19,Southbound,Heavy Vehicles,33,29,23,32,50,119,259,241,198,259,239,243,228,231,235,217,203,152,137,80,52,38,40,24,0,0
2024,2024-03-19,Northbound,All Vehicles,189,109,96,74,187,750,1939,2317,2176,1964,1525,1527,1775,1952,2301,2556,3117,2885,2546,1441,1206,1135,809,458,0,0
2024,2024-03-19,Southbound,All Vehicles,154,130,108,129,355,1130,2284,2920,2559,2535,1876,1787,1545,1645,1820,2274,2439,2590,2103,1271,974,792,566,293,0,0
2024,2024-03-20,Northbound,Light Vehicles,200,96,59,72,154,614,1672,1843,1876,1722,1591,1435,1862,2047,2251,2402,2846,3018,2309,1458,1235,1147,940,485,0,0
2024,2024-03-20,Northbound,Heavy Vehicles,19,24,23,25,50,125,291,343,317,347,338,269,326,323,226,251,221,178,154,101,58,56,43,30,0,0
2024,2024-03-20,Southbound,Light Vehicles,136,100,98,102,282,967,1979,2785,2521,2307,1716,1502,1451,1565,1643,2013,2152,2474,2007,1162,909,789,530,280,0,0
2024,2024-03-20,Southbound,Heavy Vehicles,33,28,25,42,60,126,267,269,205,216,251,250,214,225,223,209,184,168,124,84,52,32,25,28,0,0
2024,2024-03-20,Northbound,All Vehicles,219,120,82,97,204,739,1963,2186,2193,2069,1929,1704,2188,2370,2477,2653,3067,3196,2463,1559,1293,1203,983,515,0,0
2024,2024-03-20,Southbound,All Vehicles,169,128,123,144,342,1093,2246,3054,2726,2523,1967,1752,1665,1790,1866,2222,2336,2642,2131,1246,961,821,555,308,0,0
2024,2024-03-21,Northbound,Light Vehicles,205,118,80,74,164,592,1781,1761,1953,1515,1320,1434,1557,1699,2119,2453,2811,3020,2454,1507,1232,1069,819,552,0,0
2024,2024-03-21,Southbound,Heavy Vehicles,20,13,21,31,57,130,245,267,195,225,241,234,270,219,228,228,207,148,141,82,46,42,56,46,0,0
2024,2024-03-21,Northbound,Heavy Vehicles,18,18,33,31,54,117,314,302,273,328,343,303,300,267,242,253,240,192,167,96,65,58,32,32,0,0
2024,2024-03-21,Southbound,Light Vehicles,141,100,91,121,287,950,1851,2685,2474,2231,1736,1511,1455,1473,1568,2127,2204,2389,2001,1240,990,870,881,449,0,0
2024,2024-03-21,Northbound,All Vehicles,223,136,113,105,218,709,2095,2063,2226,1843,1663,1737,1857,1966,2361,2706,3051,3212,2621,1603,1297,1127,851,584,0,0
2024,2024-03-21,Southbound,All Vehicles,161,113,112,152,344,1080,2096,2952,2669,2456,1977,1745,1725,1692,1796,2355,2411,2537,2142,1322,1036,912,937,495,0,0
2024,2024-03-22,Southbound,Heavy Vehicles,38,27,24,47,49,129,234,291,225,245,263,267,251,274,253,238,214,173,132,87,56,51,48,22,0,0
2024,2024-03-22,Northbound,Heavy Vehicles,26,33,27,23,61,136,322,330,271,326,328,303,290,290,270,216,260,183,122,131,83,65,55,35,0,0
2024,2024-03-22,Northbound,Light Vehicles,225,102,77,79,151,566,1716,1618,1704,1470,1364,1504,1739,1845,2235,2455,2716,2883,2400,1656,1407,1554,1198,761,0,0
2024,2024-03-22,Southbound,Light Vehicles,188,95,95,111,276,922,1936,2662,2628,2293,1927,1675,1659,1869,1859,2286,2505,2463,2174,1376,1087,902,752,520,0,0
2024,2024-03-22,Southbound,All Vehicles,226,122,119,158,325,1051,2170,2953,2853,2538,2190,1942,1910,2143,2112,2524,2719,2636,2306,1463,1143,953,800,542,0,0
2024,2024-03-22,Northbound,All Vehicles,251,135,104,102,212,702,2038,1948,1975,1796,1692,1807,2029,2135,2505,2671,2976,3066,2522,1787,1490,1619,1253,796,0,0
2024,2024-03-23,Northbound,Heavy Vehicles,19,20,17,16,25,45,162,152,154,131,149,141,114,123,111,116,116,108,97,68,69,78,49,22,0,0
2024,2024-03-23,Northbound,Light Vehicles,405,221,142,100,114,359,987,998,1254,1543,1897,2015,2268,2089,2187,2147,2228,2229,2046,1503,1195,1538,1327,986,0,0
2024,2024-03-23,Southbound,Light Vehicles,290,155,138,143,174,486,928,1445,1912,2391,2528,2509,2665,2504,2293,2168,2142,2176,2009,1211,976,969,816,539,0,0
2024,2024-03-23,Southbound,Heavy Vehicles,18,22,16,21,26,47,93,102,131,158,143,145,157,125,118,111,108,89,78,53,36,51,36,16,0,0
2024,2024-03-23,Northbound,All Vehicles,424,241,159,116,139,404,1149,1150,1408,1674,2046,2156,2382,2212,2298,2263,2344,2337,2143,1571,1264,1616,1376,1008,0,0
2024,2024-03-23,Southbound,All Vehicles,308,177,154,164,200,533,1021,1547,2043,2549,2671,2654,2822,2629,2411,2279,2250,2265,2087,1264,1012,1020,852,555,0,0
2024,2024-03-24,Northbound,Heavy Vehicles,18,13,17,19,12,18,36,65,67,82,94,87,96,82,115,82,104,96,78,79,56,68,39,20,0,0
2024,2024-03-24,Southbound,Light Vehicles,349,203,140,116,155,250,598,912,1443,1863,2227,2092,2104,1988,1882,1799,1656,1558,1648,1079,991,799,532,299,0,0
2024,2024-03-24,Northbound,Light Vehicles,440,258,169,108,105,176,371,567,783,1296,1539,1773,1884,2103,2116,2153,2033,1926,1692,1280,1248,1283,805,410,0,0
2024,2024-03-24,Southbound,Heavy Vehicles,15,5,11,7,11,14,38,57,75,86,86,101,68,74,73,67,69,74,65,60,49,41,41,20,0,0
2024,2024-03-24,Northbound,All Vehicles,458,271,186,127,117,194,407,632,850,1378,1633,1860,1980,2185,2231,2235,2137,2022,1770,1359,1304,1351,844,430,0,0
2024,2024-03-24,Southbound,All Vehicles,364,208,151,123,166,264,636,969,1518,1949,2313,2193,2172,2062,1955,1866,1725,1632,1713,1139,1040,840,573,319,0,0
2024,2024-03-25,Northbound,Light Vehicles,200,88,80,67,149,686,1719,1694,1820,1437,1260,1363,1430,1652,2191,2383,2736,3076,2333,1339,1213,1221,776,382,0,0
2024,2024-03-25,Southbound,Heavy Vehicles,19,20,24,28,45,124,230,210,210,224,251,254,236,250,233,203,214,141,103,82,62,40,44,27,0,0
2024,2024-03-25,Southbound,Light Vehicles,176,76,89,92,258,1005,2027,2602,2369,2292,1735,1572,1388,1481,1592,2014,2095,2158,1605,1148,861,676,484,259,0,0
2024,2024-03-25,Northbound,Heavy Vehicles,17,19,22,29,44,114,318,317,295,301,287,319,272,267,278,244,225,207,152,116,79,66,44,28,0,0
2024,2024-03-25,Northbound,All Vehicles,217,107,102,96,193,800,2037,2011,2115,1738,1547,1682,1702,1919,2469,2627,2961,3283,2485,1455,1292,1287,820,410,0,0
2024,2024-03-25,Southbound,All Vehicles,195,96,113,120,303,1129,2257,2812,2579,2516,1986,1826,1624,1731,1825,2217,2309,2299,1708,1230,923,716,528,286,0,0
2024,2024-03-26,Northbound,Heavy Vehicles,20,21,26,39,52,146,308,372,306,300,339,297,293,281,248,240,250,214,164,117,93,82,52,29,0,0
2024,2024-03-26,Southbound,Light Vehicles,123,89,74,120,295,1016,2048,2727,2391,2321,1781,1586,1449,1470,1671,2141,2353,2365,2057,1188,932,777,501,267,0,0
2024,2024-03-26,Northbound,Light Vehicles,162,96,71,85,150,675,1756,1901,1993,1565,1300,1402,1536,1714,2091,2421,2759,3152,2456,1494,1207,1234,860,438,0,0
2024,2024-03-26,Southbound,Heavy Vehicles,22,15,22,31,66,115,258,209,192,280,292,233,248,267,238,205,215,183,113,88,78,37,41,27,0,0
2024,2024-03-26,Northbound,All Vehicles,182,117,97,124,202,821,2064,2273,2299,1865,1639,1699,1829,1995,2339,2661,3009,3366,2620,1611,1300,1316,912,467,0,0
2024,2024-03-26,Southbound,All Vehicles,145,104,96,151,361,1131,2306,2936,2583,2601,2073,1819,1697,1737,1909,2346,2568,2548,2170,1276,1010,814,542,294,0,0
2024,2024-03-27,Southbound,Heavy Vehicles,39,28,18,38,66,131,287,248,193,254,272,245,266,266,241,259,232,194,141,105,58,60,32,35,0,0
2024,2024-03-27,Southbound,Light Vehicles,132,114,97,111,293,969,2025,2768,2279,2323,1945,1580,1567,1561,1684,2221,2358,2474,2067,1372,1010,839,583,314,0,0
2024,2024-03-27,Northbound,Heavy Vehicles,34,28,25,28,69,142,315,362,314,435,327,320,284,300,299,260,257,200,159,125,90,69,54,35,0,0
2024,2024-03-27,Northbound,Light Vehicles,173,97,65,83,163,653,1706,1835,2029,1738,1385,1529,1604,1855,2080,2455,2700,3155,2601,1665,1338,1297,959,517,0,0
2024,2024-03-27,Southbound,All Vehicles,171,142,115,149,359,1100,2312,3016,2472,2577,2217,1825,1833,1827,1925,2480,2590,2668,2208,1477,1068,899,615,349,0,0
2024,2024-03-27,Northbound,All Vehicles,207,125,90,111,232,795,2021,2197,2343,2173,1712,1849,1888,2155,2379,2715,2957,3355,2760,1790,1428,1366,1013,552,0,0
2024,2024-03-28,Southbound,Light Vehicles,175,103,104,116,293,915,1915,2618,2363,2293,1916,1701,1708,1687,1725,2233,2263,2350,2082,1491,1119,984,648,405,0,0
2024,2024-03-28,Northbound,Heavy Vehicles,24,23,22,31,53,116,299,329,296,328,319,305,303,275,279,264,216,177,148,100,90,64,57,21,0,0
2024,2024-03-28,Southbound,Heavy Vehicles,26,22,30,33,56,120,228,236,218,218,235,277,270,237,248,220,205,156,113,87,60,64,32,34,0,0
2024,2024-03-28,Northbound,Light Vehicles,220,110,81,87,172,635,1613,1692,1822,1534,1394,1536,1782,1910,2380,2445,2742,2896,2378,1606,1441,1638,1256,759,0,0
2024,2024-03-28,Southbound,All Vehicles,201,125,134,149,349,1035,2143,2854,2581,2511,2151,1978,1978,1924,1973,2453,2468,2506,2195,1578,1179,1048,680,439,0,0
2024,2024-03-28,Northbound,All Vehicles,244,133,103,118,225,751,1912,2021,2118,1862,1713,1841,2085,2185,2659,2709,2958,3073,2526,1706,1531,1702,1313,780,0,0
2024,2024-03-29,Northbound,Heavy Vehicles,13,10,3,9,4,14,26,24,39,47,51,41,43,38,36,38,27,34,42,38,19,30,22,9,0,0
2024,2024-03-29,Northbound,Light Vehicles,172,99,58,55,61,133,254,273,367,430,492,579,651,526,587,603,644,553,607,462,422,560,430,273,0,0
2024,2024-03-29,Northbound,All Vehicles,185,109,61,64,65,147,280,297,406,477,543,620,694,564,623,641,671,587,649,500,441,590,452,282,0,0
2024,2024-03-30,Southbound,Light Vehicles,233,139,129,108,155,342,621,878,1384,1939,2370,2225,2203,1879,1946,1860,1764,1773,1611,1188,979,972,775,610,0,0
2024,2024-03-30,Southbound,Heavy Vehicles,13,16,10,18,14,34,43,63,87,99,124,121,94,86,103,75,70,69,65,48,56,38,26,21,0,0
2024,2024-03-30,Northbound,Heavy Vehicles,15,18,13,19,14,26,63,79,103,124,105,123,94,104,103,102,94,89,73,44,62,73,49,35,0,0
2024,2024-03-30,Northbound,Light Vehicles,346,175,129,74,93,270,558,694,821,1211,1540,1752,1780,1784,1922,1845,1911,1977,1796,1263,1131,1391,1277,1123,0,0
2024,2024-03-30,Southbound,All Vehicles,246,155,139,126,169,376,664,941,1471,2038,2494,2346,2297,1965,2049,1935,1834,1842,1676,1236,1035,1010,801,631,0,0
2024,2024-03-30,Northbound,All Vehicles,361,193,142,93,107,296,621,773,924,1335,1645,1875,1874,1888,2025,1947,2005,2066,1869,1307,1193,1464,1326,1158,0,0
2024,2024-03-31,Northbound,Heavy Vehicles,31,7,7,7,6,9,16,41,63,65,62,71,67,59,79,75,70,69,61,58,48,73,39,21,0,0
2024,2024-03-31,Southbound,Light Vehicles,327,148,128,118,97,194,419,642,1115,1560,1918,1925,1776,1574,1562,1529,1605,1523,1490,1058,1067,921,656,413,0,0
2024,2024-03-31,Southbound,Heavy Vehicles,5,11,8,5,7,12,23,41,55,66,55,66,73,54,63,49,42,60,66,44,46,38,25,19,0,0
2024,2024-03-31,Northbound,Light Vehicles,471,271,181,98,79,153,314,400,609,1062,1446,1610,1736,1559,1642,1604,1621,1593,1449,1207,1330,1475,1001,527,0,0
2024,2024-03-31,Northbound,All Vehicles,502,278,188,105,85,162,330,441,672,1127,1508,1681,1803,1618,1721,1679,1691,1662,1510,1265,1378,1548,1040,548,0,0
2024,2024-03-31,Southbound,All Vehicles,332,159,136,123,104,206,442,683,1170,1626,1973,1991,1849,1628,1625,1578,1647,1583,1556,1102,1113,959,681,432,0,0
2024,2024-04-01,Southbound,Light Vehicles,194,93,83,79,99,223,337,438,689,984,1163,1215,1140,1068,989,1043,941,895,925,724,671,577,335,197,0,0
2024,2024-04-01,Southbound,Heavy Vehicles,8,12,8,8,13,15,24,57,59,68,65,54,59,61,60,51,52,53,60,53,38,47,37,14,0,0
2024,2024-04-01,Northbound,Light Vehicles,121,80,61,28,35,87,179,171,236,347,437,513,543,571,639,628,646,630,527,497,414,464,259,182,0,0
2024,2024-04-01,Northbound,Heavy Vehicles,6,4,4,8,4,10,20,25,37,45,49,52,40,31,40,41,30,35,36,29,29,36,37,8,0,0
2024,2024-04-01,Southbound,All Vehicles,202,105,91,87,112,238,361,495,748,1052,1228,1269,1199,1129,1049,1094,993,948,985,777,709,624,372,211,0,0
2024,2024-04-01,Northbound,All Vehicles,127,84,65,36,39,97,199,196,273,392,486,565,583,602,679,669,676,665,563,526,443,500,296,190,0,0
2024,2024-04-02,Northbound,Light Vehicles,211,120,84,85,154,570,1567,1693,1854,1497,1342,1373,1452,1609,2054,2338,2765,2973,2071,1350,1107,1060,757,470,0,0
2024,2024-04-02,Southbound,Light Vehicles,169,93,95,110,299,848,1847,2687,2545,2241,1737,1500,1443,1536,1545,1898,2034,2043,1658,1124,896,685,442,300,0,0
2024,2024-04-02,Northbound,Heavy Vehicles,15,19,25,25,44,122,319,323,306,299,290,260,265,286,237,272,245,194,160,108,82,73,43,23,0,0
2024,2024-04-02,Southbound,Heavy Vehicles,20,28,35,31,49,106,203,222,221,224,253,230,205,256,213,208,210,146,107,71,48,40,38,25,0,0
2024,2024-04-02,Northbound,All Vehicles,226,139,109,110,198,692,1886,2016,2160,1796,1632,1633,1717,1895,2291,2610,3010,3167,2231,1458,1189,1133,800,493,0,0
2024,2024-04-02,Southbound,All Vehicles,189,121,130,141,348,954,2050,2909,2766,2465,1990,1730,1648,1792,1758,2106,2244,2189,1765,1195,944,725,480,325,0,0
2024,2024-04-03,Northbound,Heavy Vehicles,28,24,18,42,60,132,329,338,287,351,300,266,278,286,242,237,243,184,136,100,73,49,40,34,0,0
2024,2024-04-03,Southbound,Heavy Vehicles,30,20,15,39,61,116,253,235,194,222,242,250,241,223,233,194,220,159,120,84,47,38,25,30,0,0
2024,2024-04-03,Southbound,Light Vehicles,142,111,83,96,306,950,1961,2479,2345,2236,1745,1461,1443,1467,1650,2014,2225,2343,1933,1220,893,780,506,303,0,0
2024,2024-04-03,Northbound,Light Vehicles,168,110,55,67,147,632,1666,1743,1809,1587,1346,1276,1557,1782,2059,2298,2778,3004,2126,1389,1216,1016,794,452,0,0
2024,2024-04-03,Northbound,All Vehicles,196,134,73,109,207,764,1995,2081,2096,1938,1646,1542,1835,2068,2301,2535,3021,3188,2262,1489,1289,1065,834,486,0,0
2024,2024-04-03,Southbound,All Vehicles,172,131,98,135,367,1066,2214,2714,2539,2458,1987,1711,1684,1690,1883,2208,2445,2502,2053,1304,940,818,531,333,0,0
2024,2024-04-04,Northbound,Light Vehicles,190,106,74,67,137,610,1615,1696,1818,1530,1239,1370,1526,1621,2248,2580,2854,3000,2169,1322,1106,978,735,485,0,0
2024,2024-04-04,Southbound,Light Vehicles,139,112,80,124,306,946,1936,2720,2747,2158,1592,1650,1518,1485,1588,1925,2128,2263,1777,1082,853,793,495,271,0,0
2024,2024-04-04,Northbound,Heavy Vehicles,17,19,26,33,61,123,320,314,284,309,300,273,264,265,267,241,246,176,128,74,61,39,38,30,0,0
2024,2024-04-04,Southbound,Heavy Vehicles,18,23,13,40,65,105,217,235,205,205,190,250,269,250,195,168,195,161,101,81,59,32,27,27,0,0
2024,2024-04-04,Northbound,All Vehicles,207,125,100,100,198,733,1935,2010,2102,1839,1539,1643,1790,1886,2515,2821,3100,3176,2297,1396,1167,1017,773,515,0,0
2024,2024-04-04,Southbound,All Vehicles,157,135,93,164,371,1051,2153,2955,2952,2363,1782,1900,1787,1735,1783,2093,2323,2424,1878,1163,912,825,522,298,0,0
2024,2024-04-05,Northbound,Light Vehicles,176,102,62,63,152,516,1250,1435,1661,1375,1283,1317,1547,1663,2120,2206,2325,2585,1871,1202,1200,891,808,565,0,0
2024,2024-04-05,Northbound,Heavy Vehicles,21,18,19,31,66,104,209,250,250,238,256,267,203,210,211,180,167,151,112,65,56,35,36,33,0,0
2024,2024-04-05,Southbound,Heavy Vehicles,31,17,29,49,61,107,190,220,200,201,216,228,183,199,201,165,151,129,90,64,31,28,30,9,0,0
2024,2024-04-05,Southbound,Light Vehicles,179,109,96,118,287,795,1621,2308,2301,2040,1677,1425,1436,1443,1554,1712,1772,1983,1627,1083,812,721,564,359,0,0
2024,2024-04-05,Northbound,All Vehicles,197,120,81,94,218,620,1459,1685,1911,1613,1539,1584,1750,1873,2331,2386,2492,2736,1983,1267,1256,926,844,598,0,0
2024,2024-04-05,Southbound,All Vehicles,210,126,125,167,348,902,1811,2528,2501,2241,1893,1653,1619,1642,1755,1877,1923,2112,1717,1147,843,749,594,368,0,0
2024,2024-04-06,Southbound,Light Vehicles,205,136,131,107,147,391,686,951,1416,1915,2100,2234,2357,2398,2319,2068,2004,1930,1697,1161,968,962,821,556,0,0
2024,2024-04-06,Northbound,Heavy Vehicles,17,14,17,16,22,26,112,136,116,131,121,112,114,124,112,116,103,125,70,61,39,43,29,19,0,0
2024,2024-04-06,Northbound,Light Vehicles,303,162,122,98,90,266,796,863,1072,1446,1630,1755,2015,2195,2084,2157,2211,2463,1973,1262,1175,1145,1112,814,0,0
2024,2024-04-06,Southbound,Heavy Vehicles,25,16,8,22,12,35,72,103,92,107,110,98,104,102,85,89,87,86,67,63,41,31,30,22,0,0
2024,2024-04-06,Southbound,All Vehicles,230,152,139,129,159,426,758,1054,1508,2022,2210,2332,2461,2500,2404,2157,2091,2016,1764,1224,1009,993,851,578,0,0
2024,2024-04-06,Northbound,All Vehicles,320,176,139,114,112,292,908,999,1188,1577,1751,1867,2129,2319,2196,2273,2314,2588,2043,1323,1214,1188,1141,833,0,0
2024,2024-04-07,Southbound,Light Vehicles,339,190,267,94,111,246,523,690,1167,1794,2130,2043,2051,1953,1899,1740,1729,1695,1228,959,803,671,472,233,0,0
2024,2024-04-07,Southbound,Heavy Vehicles,12,6,17,5,11,17,35,35,61,55,55,72,65,60,51,68,81,78,55,45,39,23,24,21,0,0
2024,2024-04-07,Northbound,Heavy Vehicles,9,10,22,14,9,19,30,66,73,61,72,71,83,78,83,83,70,69,80,47,32,29,16,17,0,0
2024,2024-04-07,Northbound,Light Vehicles,518,267,270,79,100,214,443,567,832,1314,1460,1919,1818,2040,2027,1922,1864,1835,1415,1092,1088,973,668,326,0,0
2024,2024-04-07,Southbound,All Vehicles,351,196,284,99,122,263,558,725,1228,1849,2185,2115,2116,2013,1950,1808,1810,1773,1283,1004,842,694,496,254,0,0
2024,2024-04-07,Northbound,All Vehicles,527,277,292,93,109,233,473,633,905,1375,1532,1990,1901,2118,2110,2005,1934,1904,1495,1139,1120,1002,684,343,0,0
2024,2024-04-08,Southbound,Light Vehicles,158,85,85,99,276,1020,2025,2709,2561,2102,1496,1421,1403,1382,1531,1839,2123,2191,1677,1110,781,577,405,217,0,0
2024,2024-04-08,Southbound,Heavy Vehicles,19,20,29,28,55,135,270,232,219,262,234,237,224,225,204,195,199,169,114,67,54,34,40,33,0,0
2024,2024-04-08,Northbound,Heavy Vehicles,21,20,21,24,53,118,315,323,319,307,284,296,267,262,258,239,211,200,162,85,52,32,30,17,0,0
2024,2024-04-08,Northbound,Light Vehicles,178,92,61,73,154,699,1755,1803,1836,1414,1252,1332,1420,1635,2043,2306,2643,2977,2169,1245,1093,934,622,356,0,0
2024,2024-04-08,Southbound,All Vehicles,177,105,114,127,331,1155,2295,2941,2780,2364,1730,1658,1627,1607,1735,2034,2322,2360,1791,1177,835,611,445,250,0,0
2024,2024-04-08,Northbound,All Vehicles,199,112,82,97,207,817,2070,2126,2155,1721,1536,1628,1687,1897,2301,2545,2854,3177,2331,1330,1145,966,652,373,0,0
2024,2024-04-09,Southbound,Heavy Vehicles,23,16,16,34,52,111,273,229,218,248,246,256,244,248,234,217,217,165,133,83,73,37,25,36,0,0
2024,2024-04-09,Northbound,Heavy Vehicles,23,19,29,18,42,134,352,383,319,311,273,301,290,255,235,207,180,145,137,81,53,40,29,30,0,0
2024,2024-04-09,Southbound,Light Vehicles,141,86,81,113,244,1007,2035,2734,2406,2259,1615,1422,1379,1503,1661,1957,2226,2228,1837,1067,748,618,468,238,0,0
2024,2024-04-09,Northbound,Light Vehicles,158,86,53,59,147,679,1696,1825,1935,1525,1286,1329,1411,1640,2096,2278,2839,2950,2408,1255,1001,767,704,392,0,0
2024,2024-04-09,Southbound,All Vehicles,164,102,97,147,296,1118,2308,2963,2624,2507,1861,1678,1623,1751,1895,2174,2443,2393,1970,1150,821,655,493,274,0,0
2024,2024-04-09,Northbound,All Vehicles,181,105,82,77,189,813,2048,2208,2254,1836,1559,1630,1701,1895,2331,2485,3019,3095,2545,1336,1054,807,733,422,0,0
2024,2024-04-10,Southbound,Heavy Vehicles,24,25,25,44,73,140,292,226,202,203,215,217,247,220,228,215,215,134,112,76,44,40,31,36,0,0
2024,2024-04-10,Southbound,Light Vehicles,134,96,94,107,269,1005,2052,2781,2486,2024,1628,1480,1341,1452,1610,1983,2187,2217,1913,1336,899,797,542,273,0,0
2024,2024-04-10,Northbound,Light Vehicles,169,90,44,62,149,629,1569,1677,1880,1459,1285,1333,1512,1699,2108,2357,2690,3013,2338,1340,1145,944,745,434,0,0
2024,2024-04-10,Northbound,Heavy Vehicles,26,21,32,27,54,139,292,326,313,277,289,261,243,273,243,237,231,195,142,91,61,53,32,19,0,0
2024,2024-04-10,Southbound,All Vehicles,158,121,119,151,342,1145,2344,3007,2688,2227,1843,1697,1588,1672,1838,2198,2402,2351,2025,1412,943,837,573,309,0,0
2024,2024-04-10,Northbound,All Vehicles,195,111,76,89,203,768,1861,2003,2193,1736,1574,1594,1755,1972,2351,2594,2921,3208,2480,1431,1206,997,777,453,0,0
2024,2024-04-11,Southbound,Light Vehicles,146,99,92,125,294,942,2029,2775,2522,2160,1662,1526,1385,1436,1557,2061,2163,2351,2058,1159,885,759,529,269,0,0
2024,2024-04-11,Northbound,Light Vehicles,175,100,56,69,157,626,1609,1585,1762,1506,1341,1334,1540,1609,2024,2326,2785,2974,2281,1387,1234,1019,805,459,0,0
2024,2024-04-11,Northbound,Heavy Vehicles,21,25,27,24,63,104,283,344,280,316,301,279,298,239,242,264,222,203,155,95,70,42,30,39,0,0
2024,2024-04-11,Southbound,Heavy Vehicles,26,15,20,38,58,119,314,217,237,249,240,251,242,224,214,240,205,159,114,73,57,42,35,29,0,0
2024,2024-04-11,Southbound,All Vehicles,172,114,112,163,352,1061,2343,2992,2759,2409,1902,1777,1627,1660,1771,2301,2368,2510,2172,1232,942,801,564,298,0,0
2024,2024-04-11,Northbound,All Vehicles,196,125,83,93,220,730,1892,1929,2042,1822,1642,1613,1838,1848,2266,2590,3007,3177,2436,1482,1304,1061,835,498,0,0
2024,2024-04-12,Northbound,Light Vehicles,181,107,69,63,141,646,1696,1642,1718,1415,1365,1538,1701,1891,2305,2427,2576,2790,2192,1436,1242,1043,1011,1018,0,0
2024,2024-04-12,Southbound,Heavy Vehicles,23,26,30,47,52,112,259,268,271,235,264,268,239,224,204,239,239,168,123,79,47,34,33,18,0,0
2024,2024-04-12,Northbound,Heavy Vehicles,19,27,37,33,54,109,291,361,318,312,325,286,287,269,234,223,236,172,147,94,65,35,37,39,0,0
2024,2024-04-12,Southbound,Light Vehicles,179,106,87,110,272,921,1879,2518,2600,2055,1827,1669,1622,1666,1658,2188,2422,2643,2188,1379,900,841,704,505,0,0
2024,2024-04-12,Northbound,All Vehicles,200,134,106,96,195,755,1987,2003,2036,1727,1690,1824,1988,2160,2539,2650,2812,2962,2339,1530,1307,1078,1048,1057,0,0
2024,2024-04-12,Southbound,All Vehicles,202,132,117,157,324,1033,2138,2786,2871,2290,2091,1937,1861,1890,1862,2427,2661,2811,2311,1458,947,875,737,523,0,0
2024,2024-04-13,Southbound,Light Vehicles,248,142,134,129,183,461,902,1145,1489,1949,2261,2308,2319,2271,2118,2227,2003,2018,1901,1234,1047,919,676,487,0,0
2024,2024-04-13,Northbound,Light Vehicles,351,222,144,85,114,362,1011,1006,1292,1554,1927,2024,1999,2095,2161,2023,2094,2139,1761,1337,1019,1275,1243,721,0,0
2024,2024-04-13,Northbound,Heavy Vehicles,18,25,14,15,23,47,130,162,140,125,139,120,127,117,124,95,104,98,62,59,44,27,35,23,0,0
2024,2024-04-13,Southbound,Heavy Vehicles,26,11,19,22,19,49,101,97,111,132,109,135,108,128,91,94,84,90,73,53,41,38,24,20,0,0
2024,2024-04-13,Southbound,All Vehicles,274,153,153,151,202,510,1003,1242,1600,2081,2370,2443,2427,2399,2209,2321,2087,2108,1974,1287,1088,957,700,507,0,0
2024,2024-04-13,Northbound,All Vehicles,369,247,158,100,137,409,1141,1168,1432,1679,2066,2144,2126,2212,2285,2118,2198,2237,1823,1396,1063,1302,1278,744,0,0
2024,2024-04-14,Southbound,Heavy Vehicles,18,10,13,13,14,31,35,36,35,56,73,69,72,65,57,63,70,77,64,55,29,34,25,16,0,0
2024,2024-04-14,Northbound,Light Vehicles,405,215,132,97,80,209,385,525,762,1202,1567,1660,1863,1818,1839,1904,1819,1900,1506,1145,1014,922,712,864,0,0
2024,2024-04-14,Northbound,Heavy Vehicles,9,10,10,13,12,25,36,71,76,55,85,70,70,79,91,75,72,72,67,61,43,32,23,29,0,0
2024,2024-04-14,Southbound,Light Vehicles,333,188,122,105,137,254,527,727,1175,1580,2023,1966,2075,1935,1814,1789,1772,1718,1426,1028,901,754,510,314,0,0
2024,2024-04-14,Southbound,All Vehicles,351,198,135,118,151,285,562,763,1210,1636,2096,2035,2147,2000,1871,1852,1842,1795,1490,1083,930,788,535,330,0,0
2024,2024-04-14,Northbound,All Vehicles,414,225,142,110,92,234,421,596,838,1257,1652,1730,1933,1897,1930,1979,1891,1972,1573,1206,1057,954,735,893,0,0
2024,2024-04-15,Northbound,Heavy Vehicles,31,18,20,28,45,135,307,357,279,294,263,264,241,249,242,260,212,185,160,84,63,37,40,34,0,0
2024,2024-04-15,Southbound,Light Vehicles,164,85,78,87,274,896,1827,2635,2610,1901,1661,1529,1369,1483,1629,1899,1982,2183,1622,998,759,572,430,261,0,0
2024,2024-04-15,Southbound,Heavy Vehicles,25,15,25,35,45,131,242,252,231,193,229,239,200,223,205,235,213,168,104,78,46,42,37,27,0,0
2024,2024-04-15,Northbound,Light Vehicles,197,71,63,58,155,705,1601,1603,1708,1525,1203,1336,1485,1582,1859,2141,2738,3032,2006,1217,1029,918,631,339,0,0
2024,2024-04-15,Northbound,All Vehicles,228,89,83,86,200,840,1908,1960,1987,1819,1466,1600,1726,1831,2101,2401,2950,3217,2166,1301,1092,955,671,373,0,0
2024,2024-04-15,Southbound,All Vehicles,189,100,103,122,319,1027,2069,2887,2841,2094,1890,1768,1569,1706,1834,2134,2195,2351,1726,1076,805,614,467,288,0,0
2024,2024-04-16,Northbound,Light Vehicles,138,82,68,55,137,637,1693,1620,1790,1547,1416,1353,1499,1613,1896,2303,2761,3020,2199,1244,1099,877,712,365,0,0
2024,2024-04-16,Northbound,Heavy Vehicles,21,24,29,27,48,120,343,365,304,290,294,274,270,284,273,242,234,189,167,83,58,42,38,25,0,0
2024,2024-04-16,Southbound,Light Vehicles,112,98,88,116,293,952,1927,2796,2691,2172,1805,1540,1370,1533,1611,1993,2235,2343,1733,1049,763,654,456,275,0,0
2024,2024-04-16,Southbound,Heavy Vehicles,21,13,18,38,53,115,275,286,225,264,261,253,239,243,235,219,207,154,125,75,54,33,27,34,0,0
2024,2024-04-16,Northbound,All Vehicles,159,106,97,82,185,757,2036,1985,2094,1837,1710,1627,1769,1897,2169,2545,2995,3209,2366,1327,1157,919,750,390,0,0
2024,2024-04-16,Southbound,All Vehicles,133,111,106,154,346,1067,2202,3082,2916,2436,2066,1793,1609,1776,1846,2212,2442,2497,1858,1124,817,687,483,309,0,0
2024,2024-04-17,Northbound,Light Vehicles,179,84,52,74,134,624,1647,1618,1735,1549,1446,1433,1515,1727,1949,2303,2708,3091,2265,1354,1080,984,699,390,0,0
2024,2024-04-17,Northbound,Heavy Vehicles,23,22,28,38,54,137,333,351,309,359,295,300,274,310,247,259,246,188,163,96,68,37,34,20,0,0
2024,2024-04-17,Southbound,Heavy Vehicles,32,23,18,42,54,137,229,274,246,262,227,252,283,228,232,249,222,165,122,73,47,48,33,25,0,0
2024,2024-04-17,Southbound,Light Vehicles,140,87,98,105,313,938,1816,2697,2741,2113,1746,1555,1490,1551,1593,2068,2197,2496,1932,1136,828,740,509,265,0,0
2024,2024-04-17,Northbound,All Vehicles,202,106,80,112,188,761,1980,1969,2044,1908,1741,1733,1789,2037,2196,2562,2954,3279,2428,1450,1148,1021,733,410,0,0
2024,2024-04-17,Southbound,All Vehicles,172,110,116,147,367,1075,2045,2971,2987,2375,1973,1807,1773,1779,1825,2317,2419,2661,2054,1209,875,788,542,290,0,0
2024,2024-04-18,Northbound,Light Vehicles,158,69,63,70,141,679,1639,1508,1897,1542,1418,1547,1578,1586,1988,2323,2688,2998,2198,1324,1170,1023,792,488,0,0
2024,2024-04-18,Northbound,Heavy Vehicles,18,17,15,31,63,122,309,337,319,344,292,285,280,258,250,219,185,189,168,72,74,37,38,32,0,0
2024,2024-04-18,Southbound,Heavy Vehicles,29,16,17,34,43,104,252,270,209,266,288,251,273,248,216,269,245,183,121,84,39,42,35,45,0,0
2024,2024-04-18,Southbound,Light Vehicles,180,111,84,122,289,919,1940,2739,2638,2438,1942,1571,1575,1583,1713,2195,2384,2495,1925,1137,758,781,501,284,0,0
2024,2024-04-18,Northbound,All Vehicles,176,86,78,101,204,801,1948,1845,2216,1886,1710,1832,1858,1844,2238,2542,2873,3187,2366,1396,1244,1060,830,520,0,0
2024,2024-04-18,Southbound,All Vehicles,209,127,101,156,332,1023,2192,3009,2847,2704,2230,1822,1848,1831,1929,2464,2629,2678,2046,1221,797,823,536,329,0,0
2024,2024-04-19,Northbound,Light Vehicles,176,113,70,87,154,600,1578,1503,1566,1414,1516,1552,1729,1753,2285,2423,2835,2812,1996,1379,1163,1164,981,613,0,0
2024,2024-04-19,Southbound,Heavy Vehicles,24,24,34,42,49,127,210,235,235,233,284,282,277,249,229,226,208,143,116,71,45,41,21,28,0,0
2024,2024-04-19,Northbound,Heavy Vehicles,26,23,30,35,48,116,289,329,323,340,310,279,278,282,240,247,206,167,131,90,64,51,43,21,0,0
2024,2024-04-19,Southbound,Light Vehicles,191,105,106,129,255,877,1763,2327,2385,2113,1971,1841,1894,1668,1763,2155,2260,2402,2003,1281,850,716,619,400,0,0
2024,2024-04-19,Northbound,All Vehicles,202,136,100,122,202,716,1867,1832,1889,1754,1826,1831,2007,2035,2525,2670,3041,2979,2127,1469,1227,1215,1024,634,0,0
2024,2024-04-19,Southbound,All Vehicles,215,129,140,171,304,1004,1973,2562,2620,2346,2255,2123,2171,1917,1992,2381,2468,2545,2119,1352,895,757,640,428,0,0
2024,2024-04-20,Northbound,Heavy Vehicles,18,19,19,21,17,51,133,161,146,156,119,144,149,118,108,103,115,102,83,47,56,25,32,16,0,0
2024,2024-04-20,Southbound,Heavy Vehicles,24,14,18,20,26,50,95,110,130,127,176,161,127,126,106,103,89,81,57,41,37,28,21,21,0,0
2024,2024-04-20,Northbound,Light Vehicles,328,180,117,90,121,351,880,976,1119,1497,1822,2014,2211,2140,2187,2131,2346,2114,1692,1199,1198,982,866,652,0,0
2024,2024-04-20,Southbound,Light Vehicles,273,135,112,125,170,431,830,1070,1424,2369,2544,2636,2588,2570,2030,2078,2009,2082,1567,1036,808,772,624,516,0,0
2024,2024-04-20,Northbound,All Vehicles,346,199,136,111,138,402,1013,1137,1265,1653,1941,2158,2360,2258,2295,2234,2461,2216,1775,1246,1254,1007,898,668,0,0
2024,2024-04-20,Southbound,All Vehicles,297,149,130,145,196,481,925,1180,1554,2496,2720,2797,2715,2696,2136,2181,2098,2163,1624,1077,845,800,645,537,0,0
2024,2024-04-21,Northbound,Heavy Vehicles,11,13,13,20,15,19,33,55,61,72,82,81,84,88,106,78,111,107,74,63,43,28,20,20,0,0
2024,2024-04-21,Northbound,Light Vehicles,505,224,134,97,103,167,382,533,721,1184,1559,1724,2033,1791,2087,1981,2325,2311,1833,1194,1095,905,612,322,0,0
2024,2024-04-21,Southbound,Heavy Vehicles,11,14,9,9,12,12,35,40,56,67,97,94,94,78,66,64,67,56,56,50,43,39,34,23,0,0
2024,2024-04-21,Southbound,Light Vehicles,327,179,134,91,119,247,480,727,1172,2010,2318,2355,2337,2165,1853,1970,1675,1656,1244,955,820,647,473,238,0,0
2024,2024-04-21,Northbound,All Vehicles,516,237,147,117,118,186,415,588,782,1256,1641,1805,2117,1879,2193,2059,2436,2418,1907,1257,1138,933,632,342,0,0
2024,2024-04-21,Southbound,All Vehicles,338,193,143,100,131,259,515,767,1228,2077,2415,2449,2431,2243,1919,2034,1742,1712,1300,1005,863,686,507,261,0,0
2024,2024-04-22,Northbound,Heavy Vehicles,20,22,20,33,52,91,343,360,315,305,262,284,240,248,237,179,237,190,162,74,62,25,32,25,0,0
2024,2024-04-22,Southbound,Heavy Vehicles,19,22,23,36,54,100,239,257,213,246,272,226,205,214,207,249,201,156,99,59,40,29,32,32,0,0
2024,2024-04-22,Southbound,Light Vehicles,144,79,92,99,278,961,1867,2616,2619,2026,1779,1527,1425,1555,1570,1968,1962,2120,1573,997,735,571,388,234,0,0
2024,2024-04-22,Northbound,Light Vehicles,157,93,66,59,149,660,1664,1529,1694,1446,1252,1392,1526,1756,1877,1968,2732,2982,2184,1183,923,846,667,340,0,0
2024,2024-04-22,Northbound,All Vehicles,177,115,86,92,201,751,2007,1889,2009,1751,1514,1676,1766,2004,2114,2147,2969,3172,2346,1257,985,871,699,365,0,0
2024,2024-04-22,Southbound,All Vehicles,163,101,115,135,332,1061,2106,2873,2832,2272,2051,1753,1630,1769,1777,2217,2163,2276,1672,1056,775,600,420,266,0,0
2024,2024-04-23,Northbound,Light Vehicles,146,78,76,56,133,612,1623,1545,1702,1513,1349,1357,1473,1668,1955,2237,2735,3022,2419,1382,1072,905,795,886,0,0
2024,2024-04-23,Southbound,Light Vehicles,125,90,86,113,275,940,1938,2638,2689,2005,1706,,1429,1482,1630,1959,2231,2484,2105,1306,814,653,576,410,0,0
2024,2024-04-23,Southbound,Heavy Vehicles,21,16,15,32,44,102,256,285,227,222,234,,227,230,238,251,201,185,120,74,50,39,44,36,0,0
2024,2024-04-23,Northbound,Heavy Vehicles,15,25,24,31,47,107,354,351,258,332,266,285,268,268,277,250,232,183,164,108,79,36,27,42,0,0
2024,2024-04-23,Northbound,All Vehicles,161,103,100,87,180,719,1977,1896,1960,1845,1615,1642,1741,1936,2232,2487,2967,3205,2583,1490,1151,941,822,928,0,0
2024,2024-04-23,Southbound,All Vehicles,146,106,101,145,319,1042,2194,2923,2916,2227,1940,,1656,1712,1868,2210,2432,2669,2225,1380,864,692,620,446,0,0
2024,2024-04-24,Northbound,Light Vehicles,246,100,62,59,151,652,1638,1491,1725,1521,1384,1401,1563,1765,2089,2464,2788,2955,2642,1656,1227,1068,834,1068,0,0
2024,2024-04-24,Northbound,Heavy Vehicles,25,30,26,43,52,111,348,389,317,356,313,269,272,267,266,244,221,196,172,102,67,50,30,43,0,0
2024,2024-04-24,Southbound,Light Vehicles,178,121,103,115,295,921,1926,2521,2691,2109,1735,1583,1557,1723,1766,2145,2343,2551,2410,1672,897,809,669,498,0,0
2024,2024-04-24,Southbound,Heavy Vehicles,31,34,19,52,49,107,279,278,230,259,231,238,246,223,264,236,248,195,144,102,50,40,30,22,0,0
2024,2024-04-24,Northbound,All Vehicles,271,130,88,102,203,763,1986,1880,2042,1877,1697,1670,1835,2032,2355,2708,3009,3151,2814,1758,1294,1118,864,1111,0,0
2024,2024-04-24,Southbound,All Vehicles,209,155,122,167,344,1028,2205,2799,2921,2368,1966,1821,1803,1946,2030,2381,2591,2746,2554,1774,947,849,699,520,0,0
2024,2024-04-26,Northbound,Light Vehicles,163,124,64,60,115,515,1365,1209,1454,1387,1438,1519,1706,1845,2086,2051,2489,2556,2082,1392,1272,1055,818,1077,0,0
2024,2024-04-26,Southbound,Light Vehicles,176,114,99,91,228,679,1511,1882,2036,2037,1899,1756,1815,1767,1731,2073,2076,2322,1962,1253,889,729,743,534,0,0
2024,2024-04-26,Northbound,Heavy Vehicles,21,19,27,32,46,92,267,273,282,289,282,219,231,241,190,183,191,153,128,72,51,44,38,31,0,0
2024,2024-04-26,Southbound,Heavy Vehicles,18,19,25,28,45,82,209,206,217,190,226,215,192,191,175,189,179,153,98,70,45,35,30,25,0,0
2024,2024-04-26,Northbound,All Vehicles,184,143,91,92,161,607,1632,1482,1736,1676,1720,1738,1937,2086,2276,2234,2680,2709,2210,1464,1323,1099,856,1108,0,0
2024,2024-04-26,Southbound,All Vehicles,194,133,124,119,273,761,1720,2088,2253,2227,2125,1971,2007,1958,1906,2262,2255,2475,2060,1323,934,764,773,559,0,0
2024,2024-04-27,Northbound,Heavy Vehicles,19,20,16,19,14,61,120,132,124,102,131,123,103,134,107,90,82,101,93,52,39,40,36,19,0,0
2024,2024-04-27,Southbound,Heavy Vehicles,28,12,17,18,15,44,71,89,75,100,98,116,119,100,88,95,68,76,74,37,32,33,28,15,0,0
2024,2024-04-27,Northbound,Light Vehicles,366,168,132,104,114,273,893,891,1135,1476,1827,1870,1891,2021,2065,2089,2098,2298,1849,1202,1053,1055,1008,618,0,0
2024,2024-04-27,Southbound,Light Vehicles,257,165,107,115,138,402,787,1045,1480,1892,2240,2365,2302,2353,2043,2160,2042,2068,1619,1077,890,893,644,465,0,0
2024,2024-04-27,Northbound,All Vehicles,385,188,148,123,128,334,1013,1023,1259,1578,1958,1993,1994,2155,2172,2179,2180,2399,1942,1254,1092,1095,1044,637,0,0
2024,2024-04-27,Southbound,All Vehicles,285,177,124,133,153,446,858,1134,1555,1992,2338,2481,2421,2453,2131,2255,2110,2144,1693,1114,922,926,672,480,0,0
2024,2024-04-28,Southbound,Light Vehicles,279,161,122,98,128,232,484,748,1172,1615,2001,1911,2006,2003,1964,1826,1719,1574,1280,1043,789,656,459,257,0,0
2024,2024-04-28,Northbound,Heavy Vehicles,15,12,14,20,10,21,24,50,59,52,85,78,68,83,87,71,80,72,70,55,45,25,23,19,0,0
2024,2024-04-28,Northbound,Light Vehicles,361,191,144,86,82,167,337,481,722,1185,1547,1654,1767,1942,1923,1837,1895,2035,1647,1118,922,812,620,320,0,0
2024,2024-04-28,Southbound,Heavy Vehicles,11,3,9,3,14,22,29,37,50,60,67,62,60,57,85,57,64,56,66,53,54,35,26,14,0,0
2024,2024-04-28,Southbound,All Vehicles,290,164,131,101,142,254,513,785,1222,1675,2068,1973,2066,2060,2049,1883,1783,1630,1346,1096,843,691,485,271,0,0
2024,2024-04-28,Northbound,All Vehicles,376,203,158,106,92,188,361,531,781,1237,1632,1732,1835,2025,2010,1908,1975,2107,1717,1173,967,837,643,339,0,0
2024,2024-04-29,Northbound,Heavy Vehicles,24,16,19,25,57,130,326,365,306,308,312,276,273,268,282,250,236,208,140,82,67,35,40,21,0,0
2024,2024-04-29,Southbound,Light Vehicles,138,79,84,100,292,944,1931,2602,2687,1909,1500,1451,1433,1389,1570,2003,2150,2182,1682,1082,709,569,431,238,0,0
2024,2024-04-29,Southbound,Heavy Vehicles,18,15,30,34,52,103,243,242,198,233,253,246,254,245,239,233,205,164,110,75,42,29,37,29,0,0
2024,2024-04-29,Northbound,Light Vehicles,131,80,56,48,147,660,1619,1596,1796,1322,1232,1317,1350,1620,2018,2255,2726,3040,2075,1237,1067,901,651,321,0,0
2024,2024-04-29,Northbound,All Vehicles,155,96,75,73,204,790,1945,1961,2102,1630,1544,1593,1623,1888,2300,2505,2962,3248,2215,1319,1134,936,691,342,0,0
2024,2024-04-29,Southbound,All Vehicles,156,94,114,134,344,1047,2174,2844,2885,2142,1753,1697,1687,1634,1809,2236,2355,2346,1792,1157,751,598,468,267,0,0
2024,2024-04-30,Northbound,Heavy Vehicles,13,20,27,31,43,142,334,329,301,326,265,263,260,283,257,239,252,187,134,74,60,53,37,23,0,0
2024,2024-04-30,Southbound,Heavy Vehicles,18,16,18,40,51,152,318,253,163,256,250,263,243,272,255,260,242,178,117,78,51,44,34,31,0,0
2024,2024-04-30,Northbound,Light Vehicles,128,80,56,83,132,655,1642,1759,1875,1537,1307,1328,1490,1622,2025,2360,2805,3049,2046,1168,1039,864,661,371,0,0
2024,2024-04-30,Southbound,Light Vehicles,116,81,83,117,289,900,1989,2826,1909,2291,1596,1417,1381,1458,1470,1978,2304,2296,1698,1007,787,650,433,280,0,0
2024,2024-04-30,Northbound,All Vehicles,141,100,83,114,175,797,1976,2088,2176,1863,1572,1591,1750,1905,2282,2599,3057,3236,2180,1242,1099,917,698,394,0,0
2024,2024-04-30,Southbound,All Vehicles,134,97,101,157,340,1052,2307,3079,2072,2547,1846,1680,1624,1730,1725,2238,2546,2474,1815,1085,838,694,467,311,0,0
2024,2024-05-01,Northbound,Light Vehicles,151,78,67,62,152,647,1573,1693,1751,1468,1203,1335,1626,1617,2093,2282,2793,3018,2178,1528,1095,978,1334,675,0,0
2024,2024-05-01,Northbound,Heavy Vehicles,22,22,33,30,61,116,323,336,283,315,282,277,322,278,283,257,209,167,152,97,49,39,49,29,0,0
2024,2024-05-01,Southbound,Heavy Vehicles,35,25,26,37,58,149,285,250,207,268,268,259,244,240,212,215,201,142,130,74,51,33,42,26,0,0
2024,2024-05-01,Southbound,Light Vehicles,132,80,78,114,286,889,1936,2650,2365,2282,1579,1491,1371,1446,1506,2014,2297,2445,2297,1436,921,765,627,268,0,0
2024,2024-05-01,Northbound,All Vehicles,173,100,100,92,213,763,1896,2029,2034,1783,1485,1612,1948,1895,2376,2539,3002,3185,2330,1625,1144,1017,1383,704,0,0
2024,2024-05-01,Southbound,All Vehicles,167,105,104,151,344,1038,2221,2900,2572,2550,1847,1750,1615,1686,1718,2229,2498,2587,2427,1510,972,798,669,294,0,0
2024,2024-05-02,Southbound,Heavy Vehicles,15,19,20,34,51,42,234,263,173,201,218,216,236,206,206,182,158,131,103,61,46,36,29,28,0,0
2024,2024-05-02,Southbound,Light Vehicles,111,101,75,108,261,402,1961,2639,2540,2296,1734,1472,1389,1435,1540,2069,2278,2427,2128,1235,858,765,499,294,0,0
2024,2024-05-02,Northbound,Heavy Vehicles,21,16,28,34,64,120,299,342,276,269,318,268,267,265,248,237,187,191,131,118,78,52,40,31,0,0
2024,2024-05-02,Northbound,Light Vehicles,139,86,51,61,148,642,1650,1669,1932,1431,1290,1326,1493,1618,2015,2298,2767,3011,2074,1362,1190,1062,946,457,0,0
2024,2024-05-02,Southbound,All Vehicles,126,120,95,142,312,444,2195,2902,2713,2497,1952,1688,1625,1641,1746,2251,2436,2558,2231,1296,904,801,528,322,0,0
2024,2024-05-02,Northbound,All Vehicles,160,102,79,95,212,762,1949,2011,2208,1700,1608,1594,1760,1883,2263,2535,2954,3202,2205,1480,1268,1114,986,488,0,0
2024,2024-05-03,Northbound,Heavy Vehicles,19,23,28,36,60,131,307,346,288,320,285,259,266,255,252,209,195,179,131,81,56,43,45,21,0,0
2024,2024-05-03,Northbound,Light Vehicles,188,97,72,69,159,605,1587,1550,1724,1407,1310,1501,1566,1803,2311,2428,2683,2749,2003,1449,1115,1007,924,623,0,0
2024,2024-05-03,Southbound,Light Vehicles,172,103,105,117,281,892,1848,2560,2556,2186,1801,1655,1554,1498,1597,1985,2239,2421,1919,1224,889,809,601,419,0,0
2024,2024-05-03,Southbound,Heavy Vehicles,28,15,26,41,42,97,179,203,206,210,235,223,196,192,187,207,221,160,120,70,45,30,32,16,0,0
2024,2024-05-03,Northbound,All Vehicles,207,120,100,105,219,736,1894,1896,2012,1727,1595,1760,1832,2058,2563,2637,2878,2928,2134,1530,1171,1050,969,644,0,0
2024,2024-05-03,Southbound,All Vehicles,200,118,131,158,323,989,2027,2763,2762,2396,2036,1878,1750,1690,1784,2192,2460,2581,2039,1294,934,839,633,435,0,0
2024,2024-05-04,Southbound,Heavy Vehicles,25,13,14,27,15,24,58,57,90,90,85,105,120,98,105,73,56,68,46,46,36,33,19,13,0,0
2024,2024-05-04,Northbound,Light Vehicles,325,163,112,100,96,334,846,924,1339,1560,1802,1921,2119,2141,2002,2231,2342,2696,2279,1236,1062,1074,984,691,0,0
2024,2024-05-04,Southbound,Light Vehicles,231,137,128,116,194,432,815,1082,1578,2154,2436,2578,2589,2507,2472,2335,1991,1993,1481,1134,864,898,701,591,0,0
2024,2024-05-04,Northbound,Heavy Vehicles,19,16,13,22,20,41,117,137,134,115,117,109,112,127,118,112,94,140,80,44,32,54,25,25,0,0
2024,2024-05-04,Southbound,All Vehicles,256,150,142,143,209,456,873,1139,1668,2244,2521,2683,2709,2605,2577,2408,2047,2061,1527,1180,900,931,720,604,0,0
2024,2024-05-04,Northbound,All Vehicles,344,179,125,122,116,375,963,1061,1473,1675,1919,2030,2231,2268,2120,2343,2436,2836,2359,1280,1094,1128,1009,716,0,0
2024,2024-05-05,Northbound,Light Vehicles,618,374,184,127,67,178,327,495,704,1164,1412,1601,1957,1878,1805,2052,2274,1960,1766,1020,955,838,577,287,0,0
2024,2024-05-05,Northbound,Heavy Vehicles,20,23,15,21,14,10,37,51,48,74,72,71,76,77,91,71,98,82,60,45,44,36,26,12,0,0
2024,2024-05-05,Southbound,Light Vehicles,434,245,157,108,126,248,460,664,1126,1571,2102,2187,2305,2085,2097,2070,1770,1511,1168,906,766,636,422,240,0,0
2024,2024-05-05,Southbound,Heavy Vehicles,16,13,10,14,9,15,20,33,47,37,46,67,62,64,51,51,46,41,46,44,38,25,25,15,0,0
2024,2024-05-05,Northbound,All Vehicles,638,397,199,148,81,188,364,546,752,1238,1484,1672,2033,1955,1896,2123,2372,2042,1826,1065,999,874,603,299,0,0
2024,2024-05-05,Southbound,All Vehicles,450,258,167,122,135,263,480,697,1173,1608,2148,2254,2367,2149,2148,2121,1816,1552,1214,950,804,661,447,255,0,0
2024,2024-05-06,Southbound,Heavy Vehicles,20,16,16,19,33,89,226,184,145,192,190,209,189,191,184,153,157,131,63,49,42,20,23,15,0,0
2024,2024-05-06,Southbound,Light Vehicles,152,77,85,97,261,940,1860,2721,2716,2116,1510,1426,1395,1400,1573,1969,2095,2199,1657,1035,698,583,385,209,0,0
2024,2024-05-06,Northbound,Heavy Vehicles,22,13,15,22,47,110,271,307,293,342,279,265,266,249,260,243,202,194,118,77,55,39,24,23,0,0
2024,2024-05-06,Northbound,Light Vehicles,161,73,61,62,150,647,1557,1587,1825,1343,1248,1410,1386,1633,2014,2301,2732,2974,1982,1220,1064,937,593,336,0,0
2024,2024-05-06,Southbound,All Vehicles,172,93,101,116,294,1029,2086,2905,2861,2308,1700,1635,1584,1591,1757,2122,2252,2330,1720,1084,740,603,408,224,0,0
2024,2024-05-06,Northbound,All Vehicles,183,86,76,84,197,757,1828,1894,2118,1685,1527,1675,1652,1882,2274,2544,2934,3168,2100,1297,1119,976,617,359,0,0
2024,2024-05-07,Northbound,Heavy Vehicles,13,21,33,27,43,121,319,323,279,335,283,289,310,260,279,253,239,189,146,69,65,43,41,20,0,0
2024,2024-05-07,Southbound,Heavy Vehicles,26,13,13,30,41,113,214,245,170,232,217,253,248,214,222,182,188,142,95,63,43,35,30,30,0,0
2024,2024-05-07,Northbound,Light Vehicles,121,71,61,66,156,633,1673,1684,1914,1535,1258,1281,1547,1641,2073,2337,2793,2954,2210,1251,1027,918,704,354,0,0
2024,2024-05-07,Southbound,Light Vehicles,131,78,67,122,295,989,2001,2677,2466,2247,1699,1455,1292,1467,1542,2067,2257,2331,1905,1142,830,628,448,235,0,0
2024,2024-05-07,Northbound,All Vehicles,134,92,94,93,199,754,1992,2007,2193,1870,1541,1570,1857,1901,2352,2590,3032,3143,2356,1320,1092,961,745,374,0,0
2024,2024-05-07,Southbound,All Vehicles,157,91,80,152,336,1102,2215,2922,2636,2479,1916,1708,1540,1681,1764,2249,2445,2473,2000,1205,873,663,478,265,0,0
2024,2024-05-08,Southbound,Heavy Vehicles,25,22,13,40,47,96,245,213,191,203,222,193,229,200,205,170,176,119,115,42,27,44,34,26,0,0
2024,2024-05-08,Southbound,Light Vehicles,137,105,73,120,280,989,1928,2749,2501,2311,1603,1453,1371,1509,1599,2006,2146,2415,1997,1210,845,677,458,237,0,0
2024,2024-05-08,Northbound,Light Vehicles,150,84,68,76,141,673,1644,1749,1897,1503,1354,1332,1427,1577,2138,2279,2753,3097,2200,1398,1088,901,728,429,0,0
2024,2024-05-08,Northbound,Heavy Vehicles,21,18,25,28,51,126,313,311,281,359,302,284,255,245,251,228,211,177,125,88,40,46,40,22,0,0
2024,2024-05-08,Southbound,All Vehicles,162,127,86,160,327,1085,2173,2962,2692,2514,1825,1646,1600,1709,1804,2176,2322,2534,2112,1252,872,721,492,263,0,0
2024,2024-05-08,Northbound,All Vehicles,171,102,93,104,192,799,1957,2060,2178,1862,1656,1616,1682,1822,2389,2507,2964,3274,2325,1486,1128,947,768,451,0,0
2024,2024-05-09,Southbound,Light Vehicles,131,93,99,129,281,923,1975,2691,2648,2262,1706,1549,1340,1551,1641,2024,2263,2377,1860,1219,863,736,490,290,0,0
2024,2024-05-09,Northbound,Light Vehicles,166,80,49,72,150,644,1621,1772,1917,1488,1205,1381,1596,1718,2062,2372,2848,3015,2224,1443,1221,978,727,428,0,0
2024,2024-05-09,Southbound,Heavy Vehicles,17,15,18,37,41,90,209,211,153,243,241,229,201,204,205,150,176,127,87,77,41,36,27,24,0,0
2024,2024-05-09,Northbound,Heavy Vehicles,18,20,25,31,47,99,280,286,297,314,300,286,287,308,268,255,223,183,148,80,78,52,39,31,0,0
2024,2024-05-09,Southbound,All Vehicles,148,108,117,166,322,1013,2184,2902,2801,2505,1947,1778,1541,1755,1846,2174,2439,2504,1947,1296,904,772,517,314,0,0
2024,2024-05-09,Northbound,All Vehicles,184,100,74,103,197,743,1901,2058,2214,1802,1505,1667,1883,2026,2330,2627,3071,3198,2372,1523,1299,1030,766,459,0,0
2024,2024-05-10,Southbound,Heavy Vehicles,26,30,25,40,44,107,207,212,187,204,223,228,220,203,209,162,192,134,110,61,33,37,39,21,0,0
2024,2024-05-10,Southbound,Light Vehicles,173,124,86,126,323,938,1748,2613,2586,2140,1872,1651,1647,1554,1759,2107,2296,2399,1946,1234,907,769,809,484,0,0
2024,2024-05-10,Northbound,Heavy Vehicles,26,15,23,29,53,121,317,312,311,303,273,287,274,306,252,239,214,144,111,72,58,37,40,22,0,0
2024,2024-05-10,Northbound,Light Vehicles,192,87,68,81,140,622,1634,1617,1767,1496,1300,1539,1572,1986,2213,2411,2730,2893,2270,1418,1168,953,989,701,0,0
2024,2024-05-10,Southbound,All Vehicles,199,154,111,166,367,1045,1955,2825,2773,2344,2095,1879,1867,1757,1968,2269,2488,2533,2056,1295,940,806,848,505,0,0
2024,2024-05-10,Northbound,All Vehicles,218,102,91,110,193,743,1951,1929,2078,1799,1573,1826,1846,2292,2465,2650,2944,3037,2381,1490,1226,990,1029,723,0,0
2024,2024-05-11,Southbound,Heavy Vehicles,18,18,12,26,25,44,81,69,92,90,111,84,95,101,99,88,67,73,50,27,27,35,20,13,0,0
2024,2024-05-11,Northbound,Heavy Vehicles,19,20,23,19,19,37,103,102,126,116,115,115,113,92,107,102,107,108,73,51,31,35,28,25,0,0
2024,2024-05-11,Northbound,Light Vehicles,431,183,100,76,113,317,812,855,1092,1451,1751,1955,2119,1996,2107,2061,2139,2091,1809,1259,1022,1137,1296,962,0,0
2024,2024-05-11,Southbound,Light Vehicles,249,156,120,124,178,434,808,1083,1634,2092,2311,2292,2364,2250,2150,2236,2117,2331,1855,1047,847,843,743,507,0,0
2024,2024-05-11,Southbound,All Vehicles,267,174,132,150,203,478,889,1152,1726,2182,2422,2376,2459,2351,2249,2324,2184,2404,1905,1074,874,878,763,520,0,0
2024,2024-05-11,Northbound,All Vehicles,450,203,123,95,132,354,915,957,1218,1567,1866,2070,2232,2088,2214,2163,2246,2199,1882,1310,1053,1172,1324,987,0,0
2024,2024-05-12,Northbound,Heavy Vehicles,15,7,14,14,19,14,30,36,49,49,71,70,67,73,68,91,91,62,61,60,40,30,22,15,0,0
2024,2024-05-12,Southbound,Light Vehicles,293,193,129,105,111,211,430,599,1085,1595,2063,2222,2253,2133,1910,2043,1995,1767,1355,953,844,696,456,243,0,0
2024,2024-05-12,Northbound,Light Vehicles,421,269,163,109,82,144,339,464,733,1238,1556,1808,1895,1739,1956,2032,2401,1979,1538,1203,1074,900,585,282,0,0
2024,2024-05-12,Southbound,Heavy Vehicles,12,6,8,8,10,15,15,21,39,37,49,54,60,67,61,56,60,63,55,43,35,29,19,13,0,0
2024,2024-05-12,Northbound,All Vehicles,436,276,177,123,101,158,369,500,782,1287,1627,1878,1962,1812,2024,2123,2492,2041,1599,1263,1114,930,607,297,0,0
2024,2024-05-12,Southbound,All Vehicles,305,199,137,113,121,226,445,620,1124,1632,2112,2276,2313,2200,1971,2099,2055,1830,1410,996,879,725,475,256,0,0
2024,2024-05-13,Southbound,Heavy Vehicles,18,19,20,28,54,92,234,220,191,216,233,227,207,195,187,200,,145,96,46,46,42,24,25,0,0
2024,2024-05-13,Northbound,Light Vehicles,155,80,66,56,139,642,1699,1689,1771,1424,1223,1344,1462,1687,2028,2150,2802,2975,1992,1160,1068,826,670,328,0,0
2024,2024-05-13,Southbound,Light Vehicles,149,79,87,76,294,961,1926,2672,2359,2205,1592,1497,1419,1422,1523,2003,,2212,1546,1059,731,580,397,222,0,0
2024,2024-05-13,Northbound,Heavy Vehicles,20,21,13,18,47,104,314,360,332,309,284,286,265,235,274,220,237,207,127,81,58,41,25,19,0,0
2024,2024-05-13,Southbound,All Vehicles,167,98,107,104,348,1053,2160,2892,2550,2421,1825,1724,1626,1617,1710,2203,,2357,1642,1105,777,622,421,247,0,0
2024,2024-05-13,Northbound,All Vehicles,175,101,79,74,186,746,2013,2049,2103,1733,1507,1630,1727,1922,2302,2370,3039,3182,2119,1241,1126,867,695,347,0,0
2024,2024-05-14,Northbound,Heavy Vehicles,22,17,26,26,51,108,300,342,301,319,290,273,282,260,280,274,239,189,170,91,56,50,26,14,0,0
2024,2024-05-14,Southbound,Heavy Vehicles,22,17,19,44,44,107,240,246,193,242,242,249,237,217,191,225,208,166,101,70,40,45,33,37,0,0
2024,2024-05-14,Southbound,Light Vehicles,121,80,73,111,304,945,2064,2766,2319,2246,1789,1395,1359,1486,1660,2057,2407,2505,1968,1123,743,677,452,238,0,0
2024,2024-05-14,Northbound,Light Vehicles,145,80,61,81,150,653,1773,1812,1977,1526,1275,1295,1505,1664,2020,2382,2726,3001,2530,1346,1057,856,689,358,0,0
2024,2024-05-14,Northbound,All Vehicles,167,97,87,107,201,761,2073,2154,2278,1845,1565,1568,1787,1924,2300,2656,2965,3190,2700,1437,1113,906,715,372,0,0
2024,2024-05-14,Southbound,All Vehicles,143,97,92,155,348,1052,2304,3012,2512,2488,2031,1644,1596,1703,1851,2282,2615,2671,2069,1193,783,722,485,275,0,0
2024,2024-05-15,Southbound,Light Vehicles,117,109,97,117,303,940,1945,2586,2329,2228,1682,1401,1375,1444,1641,2043,2385,2385,2025,1231,852,674,490,226,0,0
2024,2024-05-15,Northbound,Light Vehicles,152,85,59,69,145,673,1711,1734,1865,1516,1317,1363,1498,1658,2089,2337,2801,3026,2246,1335,1098,1025,752,411,0,0
2024,2024-05-15,Southbound,Heavy Vehicles,20,19,19,39,63,111,281,241,212,250,257,228,220,196,233,200,216,146,118,55,47,41,30,22,0,0
2024,2024-05-15,Northbound,Heavy Vehicles,17,14,26,35,61,144,319,350,286,311,308,287,274,263,260,242,244,188,153,82,64,42,30,27,0,0
2024,2024-05-15,Southbound,All Vehicles,137,128,116,156,366,1051,2226,2827,2541,2478,1939,1629,1595,1640,1874,2243,2601,2531,2143,1286,899,715,520,248,0,0
2024,2024-05-15,Northbound,All Vehicles,169,99,85,104,206,817,2030,2084,2151,1827,1625,1650,1772,1921,2349,2579,3045,3214,2399,1417,1162,1067,782,438,0,0
2024,2024-05-16,Southbound,Light Vehicles,122,98,83,129,280,963,1911,2775,2689,2145,1637,1490,1428,1447,1508,2188,2454,2542,1988,1164,935,719,500,276,0,0
2024,2024-05-16,Northbound,Heavy Vehicles,20,14,27,32,60,122,328,331,267,334,279,325,281,246,259,243,218,208,150,95,81,67,37,20,0,0
2024,2024-05-16,Southbound,Heavy Vehicles,18,16,17,34,44,116,255,283,234,255,251,233,247,198,184,235,205,166,110,64,42,35,41,31,0,0
2024,2024-05-16,Northbound,Light Vehicles,149,81,65,71,148,650,1736,1865,1855,1476,1285,1319,1483,1672,2083,2301,2708,3034,2300,1380,1253,938,727,439,0,0
2024,2024-05-16,Southbound,All Vehicles,140,114,100,163,324,1079,2166,3058,2923,2400,1888,1723,1675,1645,1692,2423,2659,2708,2098,1228,977,754,541,307,0,0
2024,2024-05-16,Northbound,All Vehicles,169,95,92,103,208,772,2064,2196,2122,1810,1564,1644,1764,1918,2342,2544,2926,3242,2450,1475,1334,1005,764,459,0,0
2024,2024-05-17,Southbound,Light Vehicles,167,106,111,125,304,875,1818,2459,2502,2141,1846,1514,1596,1587,1657,2107,2330,2562,2155,1321,1002,768,727,443,0,0
2024,2024-05-17,Northbound,Heavy Vehicles,24,20,17,33,56,114,330,335,303,331,295,298,262,293,287,268,203,179,136,95,52,37,41,20,0,0
2024,2024-05-17,Northbound,Light Vehicles,167,94,61,74,156,645,1679,1681,1742,1356,1402,1476,1538,1914,2205,2417,2622,2930,2152,1577,1246,1054,913,632,0,0
2024,2024-05-17,Southbound,Heavy Vehicles,23,18,28,43,47,134,220,252,238,265,241,210,218,228,206,186,187,213,112,58,35,37,24,19,0,0
2024,2024-05-17,Southbound,All Vehicles,190,124,139,168,351,1009,2038,2711,2740,2406,2087,1724,1814,1815,1863,2293,2517,2775,2267,1379,1037,805,751,462,0,0
2024,2024-05-17,Northbound,All Vehicles,191,114,78,107,212,759,2009,2016,2045,1687,1697,1774,1800,2207,2492,2685,2825,3109,2288,1672,1298,1091,954,652,0,0
2024,2024-05-18,Northbound,Heavy Vehicles,19,15,12,20,22,44,157,168,147,131,105,133,118,111,112,103,84,78,72,59,39,38,20,14,0,0
2024,2024-05-18,Southbound,Heavy Vehicles,20,13,11,23,20,38,105,80,107,130,96,94,109,117,103,88,92,84,61,59,28,20,27,15,0,0
2024,2024-05-18,Northbound,Light Vehicles,350,196,111,83,106,332,884,1043,1401,1708,1830,1997,2163,2160,2240,2215,2234,2221,1867,1533,1115,1115,936,644,0,0
2024,2024-05-18,Southbound,Light Vehicles,242,148,137,138,189,439,808,1172,1624,2291,2429,2560,2457,2526,2141,2465,1986,1945,1595,1112,874,735,687,493,0,0
2024,2024-05-18,Northbound,All Vehicles,369,211,123,103,128,376,1041,1211,1548,1839,1935,2130,2281,2271,2352,2318,2318,2299,1939,1592,1154,1153,956,658,0,0
2024,2024-05-18,Southbound,All Vehicles,262,161,148,161,209,477,913,1252,1731,2421,2525,2654,2566,2643,2244,2553,2078,2029,1656,1171,902,755,714,508,0,0
2024,2024-05-19,Southbound,Heavy Vehicles,15,8,6,6,12,12,34,40,51,73,73,77,77,67,77,67,78,68,56,50,35,39,24,22,0,0
2024,2024-05-19,Southbound,Light Vehicles,280,163,132,100,114,250,559,847,1315,1836,2222,2133,2152,2356,2099,2101,1820,1657,1337,956,793,697,421,229,0,0
2024,2024-05-19,Northbound,Heavy Vehicles,7,13,14,10,10,21,36,35,59,64,68,90,86,84,98,88,80,74,63,50,49,30,20,19,0,0
2024,2024-05-19,Northbound,Light Vehicles,410,208,139,101,73,156,399,558,821,1234,1568,1834,1967,2050,2222,2099,2240,2323,1891,1097,1065,925,570,290,0,0
2024,2024-05-19,Southbound,All Vehicles,295,171,138,106,126,262,593,887,1366,1909,2295,2210,2229,2423,2176,2168,1898,1725,1393,1006,828,736,445,251,0,0
2024,2024-05-19,Northbound,All Vehicles,417,221,153,111,83,177,435,593,880,1298,1636,1924,2053,2134,2320,2187,2320,2397,1954,1147,1114,955,590,309,0,0
2024,2024-05-20,Southbound,Light Vehicles,159,78,91,83,289,940,1853,2656,2511,2127,1588,1420,1365,1382,1551,1958,2093,2309,1608,1044,741,619,401,235,0,0
2024,2024-05-20,Northbound,Heavy Vehicles,29,13,27,28,52,118,318,309,282,314,298,271,291,283,259,233,247,215,136,76,64,43,34,17,0,0
2024,2024-05-20,Northbound,Light Vehicles,149,85,61,60,152,664,1726,1745,1791,1386,1221,1280,1412,1624,2058,2198,2735,2988,2072,1248,1042,839,627,347,0,0
2024,2024-05-20,Southbound,Heavy Vehicles,22,19,28,35,40,122,248,268,231,256,252,224,231,215,238,233,200,158,123,55,50,29,29,28,0,0
2024,2024-05-20,Southbound,All Vehicles,181,97,119,118,329,1062,2101,2924,2742,2383,1840,1644,1596,1597,1789,2191,2293,2467,1731,1099,791,648,430,263,0,0
2024,2024-05-20,Northbound,All Vehicles,178,98,88,88,204,782,2044,2054,2073,1700,1519,1551,1703,1907,2317,2431,2982,3203,2208,1324,1106,882,661,364,0,0
2024,2024-05-21,Southbound,Light Vehicles,123,86,88,116,283,923,1953,2719,2441,2257,1631,1550,1365,1452,1622,2027,2391,2507,1928,1176,801,666,429,251,0,0
2024,2024-05-21,Northbound,Light Vehicles,144,88,64,71,159,616,1681,1770,2095,1488,1250,1365,1557,1610,2049,2340,2727,2994,2546,1239,1070,907,733,370,0,0
2024,2024-05-21,Northbound,Heavy Vehicles,13,12,30,28,53,130,318,335,324,323,320,282,282,228,268,228,233,233,149,77,64,55,28,24,0,0
2024,2024-05-21,Southbound,Heavy Vehicles,21,16,8,40,54,139,263,250,203,245,250,271,254,225,239,221,200,178,123,64,49,40,35,46,0,0
2024,2024-05-21,Southbound,All Vehicles,144,102,96,156,337,1062,2216,2969,2644,2502,1881,1821,1619,1677,1861,2248,2591,2685,2051,1240,850,706,464,297,0,0
2024,2024-05-21,Northbound,All Vehicles,157,100,94,99,212,746,1999,2105,2419,1811,1570,1647,1839,1838,2317,2568,2960,3227,2695,1316,1134,962,761,394,0,0
2024,2024-05-22,Northbound,Heavy Vehicles,21,24,24,35,74,115,326,362,334,367,304,327,324,278,288,256,247,196,167,98,69,56,36,19,0,0
2024,2024-05-22,Southbound,Heavy Vehicles,27,21,20,45,60,137,302,316,242,289,258,252,274,245,277,,226,182,157,82,42,57,36,19,0,0
2024,2024-05-22,Northbound,Light Vehicles,157,86,51,64,150,656,1712,1825,1944,1546,1327,1352,1444,1736,2080,2350,2866,2972,2532,1448,1153,957,826,407,0,0
2024,2024-05-22,Southbound,Light Vehicles,140,101,64,114,271,949,1907,2653,2237,2274,1667,1492,1408,1411,1690,,2408,2586,2072,1268,852,759,514,226,0,0
2024,2024-05-22,Northbound,All Vehicles,178,110,75,99,224,771,2038,2187,2278,1913,1631,1679,1768,2014,2368,2606,3113,3168,2699,1546,1222,1013,862,426,0,0
2024,2024-05-22,Southbound,All Vehicles,167,122,84,159,331,1086,2209,2969,2479,2563,1925,1744,1682,1656,1967,,2634,2768,2229,1350,894,816,550,245,0,0
2024,2024-05-23,Southbound,Light Vehicles,138,95,94,122,307,911,1873,2655,2547,2145,1684,1555,1442,1532,1620,2097,2389,2524,1982,1334,878,760,513,272,0,0
2024,2024-05-23,Northbound,Heavy Vehicles,15,15,21,43,62,112,306,364,323,344,309,290,288,286,277,257,257,215,156,93,80,41,46,29,0,0
2024,2024-05-23,Southbound,Heavy Vehicles,22,22,19,31,73,144,275,289,248,259,275,233,265,268,250,241,249,198,127,78,56,59,43,37,0,0
2024,2024-05-23,Northbound,Light Vehicles,155,92,57,66,153,666,1635,1844,1879,1542,1290,1375,1596,1665,2195,2312,2672,3001,2037,1393,1214,1062,1050,445,0,0
2024,2024-05-23,Southbound,All Vehicles,160,117,113,153,380,1055,2148,2944,2795,2404,1959,1788,1707,1800,1870,2338,2638,2722,2109,1412,934,819,556,309,0,0
2024,2024-05-23,Northbound,All Vehicles,170,107,78,109,215,778,1941,2208,2202,1886,1599,1665,1884,1951,2472,2569,2929,3216,2193,1486,1294,1103,1096,474,0,0
2024,2024-05-24,Southbound,Light Vehicles,149,112,85,131,271,874,1749,2422,2463,2292,1823,1619,1583,1602,1656,2201,2540,2468,1903,1239,936,779,643,448,0,0
2024,2024-05-24,Northbound,Heavy Vehicles,19,19,23,38,55,128,307,386,339,330,310,288,298,317,296,280,208,185,142,93,62,39,27,30,0,0
2024,2024-05-24,Southbound,Heavy Vehicles,28,34,31,46,60,147,287,324,275,256,235,284,254,255,221,248,208,187,139,60,47,44,24,32,0,0
2024,2024-05-24,Northbound,Light Vehicles,180,92,58,70,130,654,1679,1628,1727,1409,1412,1410,1675,1910,2399,2495,2616,2940,2233,1500,1196,1015,980,607,0,0
2024,2024-05-24,Southbound,All Vehicles,177,146,116,177,331,1021,2036,2746,2738,2548,2058,1903,1837,1857,1877,2449,2748,2655,2042,1299,983,823,667,480,0,0
2024,2024-05-24,Northbound,All Vehicles,199,111,81,108,185,782,1986,2014,2066,1739,1722,1698,1973,2227,2695,2775,2824,3125,2375,1593,1258,1054,1007,637,0,0
2024,2024-05-25,Northbound,Heavy Vehicles,20,19,15,23,24,65,139,162,133,145,148,118,132,107,133,106,105,98,73,53,36,39,44,19,0,0
2024,2024-05-25,Southbound,Light Vehicles,241,162,119,131,190,455,856,1174,1540,2190,2360,2362,2443,2449,2252,2268,2099,2236,1996,1120,829,894,720,506,0,0
2024,2024-05-25,Southbound,Heavy Vehicles,29,16,15,34,19,40,109,106,103,135,135,140,123,114,104,102,102,93,71,40,32,28,29,29,0,0
2024,2024-05-25,Northbound,Light Vehicles,333,154,126,84,101,340,950,1066,1260,1635,1886,1989,2065,2125,2271,2135,2232,2257,1812,1158,1042,1272,1183,718,0,0
2024,2024-05-25,Northbound,All Vehicles,353,173,141,107,125,405,1089,1228,1393,1780,2034,2107,2197,2232,2404,2241,2337,2355,1885,1211,1078,1311,1227,737,0,0
2024,2024-05-25,Southbound,All Vehicles,270,178,134,165,209,495,965,1280,1643,2325,2495,2502,2566,2563,2356,2370,2201,2329,2067,1160,861,922,749,535,0,0
2024,2024-05-26,Northbound,Light Vehicles,446,231,124,97,92,174,369,529,866,1253,1605,1764,1973,1948,2078,1844,2107,2054,1516,1131,1030,827,592,306,0,0
2024,2024-05-26,Southbound,Light Vehicles,355,191,141,108,124,263,497,816,1299,1841,2161,2193,2069,2125,1943,1912,1859,1641,1269,950,763,649,429,259,0,0
2024,2024-05-26,Northbound,Heavy Vehicles,18,9,10,14,18,23,34,52,68,80,71,106,96,86,103,75,94,73,57,51,37,27,23,25,0,0
2024,2024-05-26,Southbound,Heavy Vehicles,10,14,13,8,11,18,34,44,61,71,73,80,81,80,68,84,85,67,72,55,39,39,33,19,0,0
2024,2024-05-26,Northbound,All Vehicles,464,240,134,111,110,197,403,581,934,1333,1676,1870,2069,2034,2181,1919,2201,2127,1573,1182,1067,854,615,331,0,0
2024,2024-05-26,Southbound,All Vehicles,365,205,154,116,135,281,531,860,1360,1912,2234,2273,2150,2205,2011,1996,1944,1708,1341,1005,802,688,462,278,0,0
2024,2024-05-27,Southbound,Heavy Vehicles,24,21,31,24,42,137,289,283,220,215,264,269,259,247,222,215,247,174,104,62,50,40,39,30,0,0
2024,2024-05-27,Northbound,Heavy Vehicles,14,19,19,22,47,108,326,347,319,314,294,298,279,264,271,281,279,240,191,123,65,45,41,19,0,0
2024,2024-05-27,Northbound,Light Vehicles,139,83,61,68,163,594,1659,1730,1886,1463,1190,1311,1451,1686,2024,2403,2990,3115,2789,1507,1097,807,571,313,0,0
2024,2024-05-27,Southbound,Light Vehicles,141,84,87,83,290,902,1828,2682,2530,2058,1627,1493,1344,1533,1525,2026,2266,2214,1676,994,715,571,392,202,0,0
2024,2024-05-27,Southbound,All Vehicles,165,105,118,107,332,1039,2117,2965,2750,2273,1891,1762,1603,1780,1747,2241,2513,2388,1780,1056,765,611,431,232,0,0
2024,2024-05-27,Northbound,All Vehicles,153,102,80,90,210,702,1985,2077,2205,1777,1484,1609,1730,1950,2295,2684,3269,3355,2980,1630,1162,852,612,332,0,0
2024,2024-05-28,Northbound,Light Vehicles,118,70,64,58,173,626,1645,1811,1948,1510,1235,1345,1439,1647,1951,2299,2825,3128,2269,1318,1122,879,726,365,0,0
2024,2024-05-28,Southbound,Light Vehicles,108,78,76,98,286,944,1902,2662,2598,2220,1569,1424,1423,1407,1578,2104,2189,2389,1811,1081,829,704,456,206,0,0
2024,2024-05-28,Northbound,Heavy Vehicles,19,30,19,34,54,118,294,392,307,329,308,289,277,272,274,259,259,203,150,95,75,52,37,28,0,0
2024,2024-05-28,Southbound,Heavy Vehicles,20,14,16,45,54,143,306,281,229,245,275,231,282,247,201,206,229,168,104,81,58,41,32,33,0,0
2024,2024-05-28,Northbound,All Vehicles,137,100,83,92,227,744,1939,2203,2255,1839,1543,1634,1716,1919,2225,2558,3084,3331,2419,1413,1197,931,763,393,0,0
2024,2024-05-28,Southbound,All Vehicles,128,92,92,143,340,1087,2208,2943,2827,2465,1844,1655,1705,1654,1779,2310,2418,2557,1915,1162,887,745,488,239,0,0
2024,2024-05-29,Southbound,Light Vehicles,134,88,79,122,276,931,1920,2683,2458,2170,1641,1527,1344,1430,1574,2109,2404,2465,1855,1200,908,736,470,252,0,0
2024,2024-05-29,Northbound,Heavy Vehicles,27,21,21,31,58,122,341,362,301,359,338,280,264,281,273,235,248,207,144,92,80,39,41,25,0,0
2024,2024-05-29,Northbound,Light Vehicles,161,78,61,61,149,674,1730,1769,1826,1527,1276,1289,1441,1700,2087,2355,2837,3037,2294,1432,1125,914,830,382,0,0
2024,2024-05-29,Southbound,Heavy Vehicles,34,20,21,41,56,152,267,281,227,245,263,231,259,249,236,237,219,166,124,62,46,48,31,38,0,0
2024,2024-05-29,Southbound,All Vehicles,168,108,100,163,332,1083,2187,2964,2685,2415,1904,1758,1603,1679,1810,2346,2623,2631,1979,1262,954,784,501,290,0,0
2024,2024-05-29,Northbound,All Vehicles,188,99,82,92,207,796,2071,2131,2127,1886,1614,1569,1705,1981,2360,2590,3085,3244,2438,1524,1205,953,871,407,0,0
2024,2024-05-30,Northbound,Light Vehicles,155,91,63,68,165,604,1736,1670,1842,1515,1309,1396,1499,1656,2106,2471,2805,2888,2047,1390,1257,954,735,421,0,0
2024,2024-05-30,Northbound,Heavy Vehicles,19,24,20,34,61,122,365,317,282,316,287,302,284,276,261,234,240,206,136,82,82,49,40,33,0,0
2024,2024-05-30,Southbound,Light Vehicles,131,103,104,116,274,914,1914,2701,2596,2214,1714,1559,1405,1413,1620,1979,,2434,1859,1200,863,808,629,297,0,0
2024,2024-05-30,Southbound,Heavy Vehicles,19,23,13,42,62,146,280,262,201,271,241,240,244,227,236,223,,186,127,78,51,43,49,37,0,0
2024,2024-05-30,Northbound,All Vehicles,174,115,83,102,226,726,2101,1987,2124,1831,1596,1698,1783,1932,2367,2705,3045,3094,2183,1472,1339,1003,775,454,0,0
2024,2024-05-30,Southbound,All Vehicles,150,126,117,158,336,1060,2194,2963,2797,2485,1955,1799,1649,1640,1856,2202,,2620,1986,1278,914,851,678,334,0,0
2024,2024-05-31,Northbound,Light Vehicles,179,92,83,82,133,661,1628,1653,1730,1380,1424,1477,1630,1838,2325,2379,2606,2806,2072,1521,1200,1040,1013,667,0,0
2024,2024-05-31,Southbound,Light Vehicles,166,85,103,129,270,907,1795,2454,2619,2234,1820,1589,1536,1514,1662,2177,2439,2400,1914,1234,928,788,686,471,0,0
2024,2024-05-31,Southbound,Heavy Vehicles,31,24,42,47,56,130,258,253,254,256,239,264,257,260,221,217,241,186,115,76,57,39,34,27,0,0
2024,2024-05-31,Northbound,Heavy Vehicles,23,23,32,34,65,125,370,359,296,289,306,301,292,308,273,245,232,194,132,80,58,46,39,31,0,0
2024,2024-05-31,Northbound,All Vehicles,202,115,115,116,198,786,1998,2012,2026,1669,1730,1778,1922,2146,2598,2624,2838,3000,2204,1601,1258,1086,1052,698,0,0
2024,2024-05-31,Southbound,All Vehicles,197,109,145,176,326,1037,2053,2707,2873,2490,2059,1853,1793,1774,1883,2394,2680,2586,2029,1310,985,827,720,498,0,0
2024,2024-06-01,Southbound,Light Vehicles,285,150,123,157,183,443,842,1092,1562,2177,2348,2519,2269,2164,2050,1902,1850,1823,1436,917,775,711,632,392,0,0
2024,2024-06-01,Southbound,Heavy Vehicles,25,24,11,35,25,50,76,118,99,115,142,126,126,107,95,93,76,82,59,36,41,19,28,23,0,0
2024,2024-06-01,Northbound,Light Vehicles,386,176,132,95,100,357,853,967,1197,1575,1843,1885,2024,2197,2001,1935,2024,1780,1458,1036,866,896,813,665,0,0
2024,2024-06-01,Northbound,Heavy Vehicles,28,17,13,24,27,55,130,132,134,124,141,111,74,112,105,110,87,85,60,43,29,29,18,20,0,0
2024,2024-06-01,Southbound,All Vehicles,310,174,134,192,208,493,918,1210,1661,2292,2490,2645,2395,2271,2145,1995,1926,1905,1495,953,816,730,660,415,0,0
2024,2024-06-01,Northbound,All Vehicles,414,193,145,119,127,412,983,1099,1331,1699,1984,1996,2098,2309,2106,2045,2111,1865,1518,1079,895,925,831,685,0,0
2024,2024-06-02,Northbound,Light Vehicles,348,191,104,81,84,160,329,433,700,1181,1453,1652,1844,1918,2003,1904,1989,1765,1370,1049,952,803,598,309,0,0
2024,2024-06-02,Northbound,Heavy Vehicles,17,9,13,8,8,22,32,51,59,68,94,82,68,81,89,87,78,69,73,45,41,36,26,15,0,0
2024,2024-06-02,Southbound,Heavy Vehicles,12,10,8,8,9,22,30,33,46,72,75,80,96,76,85,75,69,66,57,58,41,40,23,27,0,0
2024,2024-06-02,Southbound,Light Vehicles,256,159,111,83,111,195,423,647,1081,1613,2026,1965,1967,2086,1871,1846,1778,1478,1107,880,719,657,361,221,0,0
2024,2024-06-02,Northbound,All Vehicles,365,200,117,89,92,182,361,484,759,1249,1547,1734,1912,1999,2092,1991,2067,1834,1443,1094,993,839,624,324,0,0
2024,2024-06-02,Southbound,All Vehicles,268,169,119,91,120,217,453,680,1127,1685,2101,2045,2063,2162,1956,1921,1847,1544,1164,938,760,697,384,248,0,0
2024,2024-06-03,Southbound,Light Vehicles,164,73,80,100,260,913,1902,2635,2594,2047,1572,1433,1384,1404,1557,2015,2431,2155,1378,1308,712,665,428,227,0,0
2024,2024-06-03,Northbound,Light Vehicles,158,84,74,63,144,643,1740,1784,1836,1477,1226,1291,1493,1620,2013,2198,2777,2846,1854,1364,1063,1116,2157,605,0,0
2024,2024-06-03,Southbound,Heavy Vehicles,26,15,23,41,45,141,288,274,215,243,238,261,262,268,254,225,219,141,124,99,61,46,32,25,0,0
2024,2024-06-03,Northbound,Heavy Vehicles,17,21,21,20,52,107,285,312,321,329,331,300,293,261,264,251,224,169,133,104,54,68,110,27,0,0
2024,2024-06-03,Southbound,All Vehicles,190,88,103,141,305,1054,2190,2909,2809,2290,1810,1694,1646,1672,1811,2240,2650,2296,1502,1407,773,711,460,252,0,0
2024,2024-06-03,Northbound,All Vehicles,175,105,95,83,196,750,2025,2096,2157,1806,1557,1591,1786,1881,2277,2449,3001,3015,1987,1468,1117,1184,2267,632,0,0
2024,2024-06-04,Northbound,Heavy Vehicles,17,15,22,34,51,105,295,357,328,320,263,277,299,322,268,274,243,202,140,82,74,45,32,18,0,0
2024,2024-06-04,Northbound,Light Vehicles,153,78,64,52,152,641,1762,1828,1901,1541,1317,1342,1525,1666,2083,2313,2753,3022,2058,1275,1079,918,711,384,0,0
2024,2024-06-04,Southbound,Heavy Vehicles,26,15,15,37,58,151,320,274,206,217,257,273,245,282,260,248,228,182,107,61,57,27,43,20,0,0
2024,2024-06-04,Southbound,Light Vehicles,138,77,91,98,278,916,1857,2748,2375,2168,1639,1482,1399,1397,1504,2016,2369,2366,1868,1056,807,600,435,249,0,0
2024,2024-06-04,Northbound,All Vehicles,170,93,86,86,203,746,2057,2185,2229,1861,1580,1619,1824,1988,2351,2587,2996,3224,2198,1357,1153,963,743,402,0,0
2024,2024-06-04,Southbound,All Vehicles,164,92,106,135,336,1067,2177,3022,2581,2385,1896,1755,1644,1679,1764,2264,2597,2548,1975,1117,864,627,478,269,0,0
2024,2024-06-05,Southbound,Heavy Vehicles,34,16,24,44,65,145,262,267,218,222,234,245,236,223,263,230,211,170,167,103,44,43,43,33,0,0
2024,2024-06-05,Northbound,Heavy Vehicles,22,26,26,31,59,134,328,330,326,329,297,304,270,293,278,253,252,199,140,103,72,40,178,67,0,0
2024,2024-06-05,Southbound,Light Vehicles,152,87,82,115,278,873,1971,2680,2510,2224,1674,1450,1413,1458,1635,2225,2487,1902,1670,1224,741,722,722,336,0,0
2024,2024-06-05,Northbound,Light Vehicles,157,76,69,80,151,627,1720,1766,1910,1433,1304,1379,1522,1665,2078,2309,2720,2827,2009,1490,944,858,2039,957,0,0
2024,2024-06-05,Southbound,All Vehicles,186,103,106,159,343,1018,2233,2947,2728,2446,1908,1695,1649,1681,1898,2455,2698,2072,1837,1327,785,765,765,369,0,0
2024,2024-06-05,Northbound,All Vehicles,179,102,95,111,210,761,2048,2096,2236,1762,1601,1683,1792,1958,2356,2562,2972,3026,2149,1593,1016,898,2217,1024,0,0
2024,2024-06-06,Northbound,Heavy Vehicles,33,22,18,35,57,126,324,343,316,330,332,279,249,285,246,208,184,173,136,67,63,38,30,22,0,0
2024,2024-06-06,Southbound,Light Vehicles,155,108,84,112,276,900,1801,2647,2540,2137,1706,1459,1410,1451,1636,1924,2239,2245,1645,1033,798,666,482,250,0,0
2024,2024-06-06,Northbound,Light Vehicles,255,96,73,58,131,577,1577,1731,1805,1479,1301,1373,1461,1780,2250,2269,2486,2979,2315,1283,1076,862,690,396,0,0
2024,2024-06-06,Southbound,Heavy Vehicles,23,20,13,31,51,116,200,249,197,202,216,267,250,210,178,205,219,165,105,62,55,30,34,26,0,0
2024,2024-06-06,Northbound,All Vehicles,288,118,91,93,188,703,1901,2074,2121,1809,1633,1652,1710,2065,2496,2477,2670,3152,2451,1350,1139,900,720,418,0,0
2024,2024-06-06,Southbound,All Vehicles,178,128,97,143,327,1016,2001,2896,2737,2339,1922,1726,1660,1661,1814,2129,2458,2410,1750,1095,853,696,516,276,0,0
2024,2024-06-07,Northbound,Light Vehicles,148,97,65,71,156,577,1480,1514,1573,1493,1389,1440,1797,1908,2372,2491,2833,2773,2061,1422,1174,1066,880,641,0,0
2024,2024-06-07,Southbound,Heavy Vehicles,20,26,31,50,36,125,234,255,210,198,246,267,238,217,,178,191,162,97,76,52,25,22,18,0,0
2024,2024-06-07,Southbound,Light Vehicles,162,98,77,112,245,844,1590,2473,2385,2068,1821,1657,1624,1604,,2125,2276,2213,1753,1255,926,729,648,379,0,0
2024,2024-06-07,Northbound,Heavy Vehicles,18,23,22,36,41,107,317,328,308,315,322,308,280,257,264,245,203,175,142,84,51,42,36,20,0,0
2024,2024-06-07,Northbound,All Vehicles,166,120,87,107,197,684,1797,1842,1881,1808,1711,1748,2077,2165,2636,2736,3036,2948,2203,1506,1225,1108,916,661,0,0
2024,2024-06-07,Southbound,All Vehicles,182,124,108,162,281,969,1824,2728,2595,2266,2067,1924,1862,1821,,2303,2467,2375,1850,1331,978,754,670,397,0,0
2024,2024-06-08,Southbound,Light Vehicles,253,130,112,108,186,398,743,1074,1431,2001,2096,2215,2179,2233,2271,2425,2154,2046,1535,1072,819,787,638,488,0,0
2024,2024-06-08,Southbound,Heavy Vehicles,15,14,13,21,26,28,86,79,102,103,114,103,116,109,81,105,91,83,72,50,32,31,28,7,0,0
2024,2024-06-08,Northbound,Heavy Vehicles,18,11,18,22,17,63,116,111,135,128,133,122,126,130,104,106,92,86,69,51,35,26,27,21,0,0
2024,2024-06-08,Northbound,Light Vehicles,368,182,124,95,123,336,817,937,1105,1508,1788,1837,2004,2034,2088,2128,2093,2256,1735,1357,1003,980,856,769,0,0
2024,2024-06-08,Southbound,All Vehicles,268,144,125,129,212,426,829,1153,1533,2104,2210,2318,2295,2342,2352,2530,2245,2129,1607,1122,851,818,666,495,0,0
2024,2024-06-08,Northbound,All Vehicles,386,193,142,117,140,399,933,1048,1240,1636,1921,1959,2130,2164,2192,2234,2185,2342,1804,1408,1038,1006,883,790,0,0
2024,2024-06-09,Northbound,Heavy Vehicles,10,11,15,12,12,12,29,37,52,65,64,75,72,69,66,67,70,69,84,39,41,27,23,15,0,0
2024,2024-06-09,Southbound,Light Vehicles,380,194,122,98,128,249,464,686,1108,1667,2049,2102,2007,2064,1946,1976,1754,1653,1245,965,862,723,564,367,0,0
2024,2024-06-09,Northbound,Light Vehicles,526,244,155,121,80,175,374,474,704,1239,1562,1657,1812,1790,2015,1876,1906,2087,1680,1005,1012,867,771,559,0,0
2024,2024-06-09,Southbound,Heavy Vehicles,14,11,6,6,8,24,28,40,43,72,57,52,61,76,81,74,54,69,57,57,35,20,21,18,0,0
2024,2024-06-09,Northbound,All Vehicles,536,255,170,133,92,187,403,511,756,1304,1626,1732,1884,1859,2081,1943,1976,2156,1764,1044,1053,894,794,574,0,0
2024,2024-06-09,Southbound,All Vehicles,394,205,128,104,136,273,492,726,1151,1739,2106,2154,2068,2140,2027,2050,1808,1722,1302,1022,897,743,585,385,0,0
2024,2024-06-10,Southbound,Heavy Vehicles,10,9,5,12,7,16,22,46,36,52,52,57,48,49,67,50,38,50,48,39,28,33,27,21,0,0
2024,2024-06-10,Southbound,Light Vehicles,187,114,92,68,103,179,324,314,455,754,1013,1023,882,1160,1301,974,875,896,759,624,528,407,282,178,0,0
2024,2024-06-10,Southbound,All Vehicles,197,123,97,80,110,195,346,360,491,806,1065,1080,930,1209,1368,1024,913,946,807,663,556,440,309,199,0,0
2024,2024-06-11,Southbound,Heavy Vehicles,23,23,27,35,48,114,238,258,206,225,238,244,256,226,209,207,232,165,107,80,52,39,40,31,0,0
2024,2024-06-11,Southbound,Light Vehicles,136,77,74,90,268,893,1814,2777,2691,2191,1630,1453,1367,1496,1675,2023,2189,2128,1648,1038,750,592,445,225,0,0
2024,2024-06-11,Northbound,Heavy Vehicles,13,18,25,25,42,108,294,303,311,307,301,259,268,263,225,239,259,218,141,80,62,57,27,27,0,0
2024,2024-06-11,Northbound,Light Vehicles,146,75,59,55,119,595,1622,1714,1954,1506,1258,1392,1494,1698,2087,2276,2790,3101,2205,1224,990,871,621,349,0,0
2024,2024-06-11,Southbound,All Vehicles,159,100,101,125,316,1007,2052,3035,2897,2416,1868,1697,1623,1722,1884,2230,2421,2293,1755,1118,802,631,485,256,0,0
2024,2024-06-11,Northbound,All Vehicles,159,93,84,80,161,703,1916,2017,2265,1813,1559,1651,1762,1961,2312,2515,3049,3319,2346,1304,1052,928,648,376,0,0
2024,2024-06-12,Southbound,Light Vehicles,115,82,83,106,291,942,1919,2720,2519,2185,1702,1466,1394,1444,1634,2170,2263,2249,1724,1107,841,694,463,228,0,0
2024,2024-06-12,Northbound,Heavy Vehicles,14,24,19,32,57,126,330,337,325,330,324,309,290,268,288,263,227,181,151,88,59,41,34,31,0,0
2024,2024-06-12,Northbound,Light Vehicles,152,88,55,69,155,625,1713,1755,1956,1475,1298,1323,1395,1605,2098,2253,2779,2987,2180,1355,1168,931,680,380,0,0
2024,2024-06-12,Southbound,Heavy Vehicles,18,26,21,33,47,129,272,246,209,238,231,234,264,252,285,228,205,175,101,69,49,34,33,31,0,0
2024,2024-06-12,Southbound,All Vehicles,133,108,104,139,338,1071,2191,2966,2728,2423,1933,1700,1658,1696,1919,2398,2468,2424,1825,1176,890,728,496,259,0,0
2024,2024-06-12,Northbound,All Vehicles,166,112,74,101,212,751,2043,2092,2281,1805,1622,1632,1685,1873,2386,2516,3006,3168,2331,1443,1227,972,714,411,0,0
2024,2024-06-13,Northbound,Heavy Vehicles,23,17,13,41,73,114,328,346,285,335,323,304,283,256,303,232,256,185,129,85,85,44,47,28,0,0
2024,2024-06-13,Southbound,Light Vehicles,127,102,77,98,265,906,1909,2679,2533,2160,1595,1425,1434,1463,1554,2124,2215,2157,1840,1111,890,751,501,277,0,0
2024,2024-06-13,Southbound,Heavy Vehicles,21,21,15,40,47,143,320,272,238,273,243,227,258,232,244,228,217,151,115,80,58,34,40,32,0,0
2024,2024-06-13,Northbound,Light Vehicles,149,83,63,64,144,625,1716,1730,1804,1459,1287,1356,1487,1627,2089,2420,2885,2984,2143,1340,1164,918,735,427,0,0
2024,2024-06-13,Northbound,All Vehicles,172,100,76,105,217,739,2044,2076,2089,1794,1610,1660,1770,1883,2392,2652,3141,3169,2272,1425,1249,962,782,455,0,0
2024,2024-06-13,Southbound,All Vehicles,148,123,92,138,312,1049,2229,2951,2771,2433,1838,1652,1692,1695,1798,2352,2432,2308,1955,1191,948,785,541,309,0,0
2024,2024-06-14,Northbound,Heavy Vehicles,17,23,27,38,64,122,302,334,355,309,308,267,249,268,234,255,234,180,120,62,56,42,47,28,0,0
2024,2024-06-14,Northbound,Light Vehicles,162,106,57,77,144,629,1648,1678,1765,1369,1309,1556,1588,1861,2376,2338,2737,2662,2150,1367,1096,913,1219,666,0,0
2024,2024-06-14,Southbound,Heavy Vehicles,25,32,27,52,55,125,262,298,274,231,244,254,244,220,225,230,202,176,132,65,53,32,17,24,0,0
2024,2024-06-14,Southbound,Light Vehicles,179,108,100,102,286,905,1838,2600,2592,2147,1823,1683,1576,1634,1791,2168,2258,2382,2103,1306,886,689,624,413,0,0
2024,2024-06-14,Northbound,All Vehicles,179,129,84,115,208,751,1950,2012,2120,1678,1617,1823,1837,2129,2610,2593,2971,2842,2270,1429,1152,955,1266,694,0,0
2024,2024-06-14,Southbound,All Vehicles,204,140,127,154,341,1030,2100,2898,2866,2378,2067,1937,1820,1854,2016,2398,2460,2558,2235,1371,939,721,641,437,0,0
2024,2024-06-15,Southbound,Light Vehicles,232,141,106,118,173,423,846,1031,1465,2071,2283,2468,2301,2371,2135,2168,2155,2056,1543,1009,844,775,714,447,0,0
2024,2024-06-15,Northbound,Heavy Vehicles,27,12,14,18,17,47,106,113,113,129,154,150,137,123,142,123,128,104,73,63,40,33,31,16,0,0
2024,2024-06-15,Northbound,Light Vehicles,320,186,121,89,96,327,809,864,1048,1434,1637,1957,2120,2142,2215,2211,2175,2233,1751,1226,1089,1005,818,643,0,0
2024,2024-06-15,Southbound,Heavy Vehicles,23,18,19,17,18,46,67,95,119,130,155,126,123,110,88,107,90,96,51,53,31,33,28,23,0,0
2024,2024-06-15,Southbound,All Vehicles,255,159,125,135,191,469,913,1126,1584,2201,2438,2594,2424,2481,2223,2275,2245,2152,1594,1062,875,808,742,470,0,0
2024,2024-06-15,Northbound,All Vehicles,347,198,135,107,113,374,915,977,1161,1563,1791,2107,2257,2265,2357,2334,2303,2337,1824,1289,1129,1038,849,659,0,0
2024,2024-06-16,Northbound,Light Vehicles,406,194,149,107,91,172,384,513,863,1385,1467,1758,1968,2129,2098,2084,2187,2179,1746,2155,1168,1307,991,347,0,0
2024,2024-06-16,Southbound,Heavy Vehicles,11,10,5,6,6,24,34,42,70,83,85,79,78,74,79,89,79,64,74,38,43,37,28,29,0,0
2024,2024-06-16,Northbound,Heavy Vehicles,14,13,6,13,7,11,25,60,58,58,75,75,86,102,96,99,100,97,95,83,43,37,46,10,0,0
2024,2024-06-16,Southbound,Light Vehicles,289,164,118,90,122,270,573,806,1355,1762,2199,2060,2184,2136,2248,2287,1780,1756,1592,973,796,733,448,269,0,0
2024,2024-06-16,Northbound,All Vehicles,420,207,155,120,98,183,409,573,921,1443,1542,1833,2054,2231,2194,2183,2287,2276,1841,2238,1211,1344,1037,357,0,0
2024,2024-06-16,Southbound,All Vehicles,300,174,123,96,128,294,607,848,1425,1845,2284,2139,2262,2210,2327,2376,1859,1820,1666,1011,839,770,476,298,0,0
2024,2024-06-17,Southbound,Light Vehicles,149,88,76,82,288,850,1825,2645,2705,2096,1526,1391,1446,1458,1588,1894,2020,2110,1654,1034,748,586,393,206,0,0
2024,2024-06-17,Northbound,Light Vehicles,151,86,53,57,148,636,1607,1676,1845,1444,1283,1362,1387,1642,2068,2304,2962,3107,2397,1252,1072,823,610,334,0,0
2024,2024-06-17,Northbound,Heavy Vehicles,16,19,15,30,56,122,299,323,347,314,319,299,271,282,267,251,265,210,178,92,72,40,23,22,0,0
2024,2024-06-17,Southbound,Heavy Vehicles,25,14,27,34,46,131,272,288,211,230,263,268,230,232,234,242,198,166,112,73,52,33,32,27,0,0
2024,2024-06-17,Southbound,All Vehicles,174,102,103,116,334,981,2097,2933,2916,2326,1789,1659,1676,1690,1822,2136,2218,2276,1766,1107,800,619,425,233,0,0
2024,2024-06-17,Northbound,All Vehicles,167,105,68,87,204,758,1906,1999,2192,1758,1602,1661,1658,1924,2335,2555,3227,3317,2575,1344,1144,863,633,356,0,0
2024,2024-06-18,Southbound,Light Vehicles,127,75,80,110,277,887,1949,2674,2340,2240,1638,1412,1317,1382,1581,2093,2337,2438,1772,1112,791,695,490,248,0,0
2024,2024-06-18,Northbound,Light Vehicles,125,86,53,73,135,553,1714,1851,1908,1582,1224,1350,1663,1853,2120,2399,2819,3069,2513,1326,1085,900,749,354,0,0
2024,2024-06-18,Northbound,Heavy Vehicles,17,22,14,42,54,119,291,339,307,321,313,294,315,357,279,283,275,230,139,81,62,32,28,30,0,0
2024,2024-06-18,Southbound,Heavy Vehicles,23,19,14,37,55,128,292,282,203,225,246,244,239,246,242,260,228,200,102,73,45,35,28,30,0,0
2024,2024-06-18,Southbound,All Vehicles,150,94,94,147,332,1015,2241,2956,2543,2465,1884,1656,1556,1628,1823,2353,2565,2638,1874,1185,836,730,518,278,0,0
2024,2024-06-18,Northbound,All Vehicles,142,108,67,115,189,672,2005,2190,2215,1903,1537,1644,1978,2210,2399,2682,3094,3299,2652,1407,1147,932,777,384,0,0
2024,2024-06-19,Northbound,Light Vehicles,174,88,58,62,145,669,1709,1812,1924,1506,1313,1376,1475,1654,2098,2324,2858,3064,2239,1346,1134,926,748,343,0,0
2024,2024-06-19,Southbound,Light Vehicles,140,93,81,102,282,907,1907,2678,2613,2240,1674,1485,1413,1442,1570,2056,2415,2398,1876,1132,842,742,457,203,0,0
2024,2024-06-19,Southbound,Heavy Vehicles,25,23,18,46,52,150,263,292,234,269,269,263,234,260,231,227,231,167,155,58,56,49,25,33,0,0
2024,2024-06-19,Northbound,Heavy Vehicles,26,18,25,33,57,121,286,301,308,336,314,322,274,288,286,252,253,204,159,89,76,37,43,23,0,0
2024,2024-06-19,Northbound,All Vehicles,200,106,83,95,202,790,1995,2113,2232,1842,1627,1698,1749,1942,2384,2576,3111,3268,2398,1435,1210,963,791,366,0,0
2024,2024-06-19,Southbound,All Vehicles,165,116,99,148,334,1057,2170,2970,2847,2509,1943,1748,1647,1702,1801,2283,2646,2565,2031,1190,898,791,482,236,0,0
2024,2024-06-20,Northbound,Heavy Vehicles,20,18,24,32,58,101,266,332,260,343,304,326,276,286,274,264,219,213,153,103,87,49,35,20,0,0
2024,2024-06-20,Northbound,Light Vehicles,139,81,67,73,135,598,1713,1769,1834,1553,1239,1368,1486,1738,2088,2336,2782,2872,2316,1394,1278,1003,705,423,0,0
2024,2024-06-20,Southbound,Light Vehicles,117,103,93,84,277,905,1780,2614,2574,2342,1704,1553,1460,1549,1640,2148,2459,2418,1940,1164,912,729,474,254,0,0
2024,2024-06-20,Southbound,Heavy Vehicles,21,24,20,32,54,142,273,275,240,292,265,281,276,236,237,215,249,201,124,82,55,34,39,19,0,0
2024,2024-06-20,Northbound,All Vehicles,159,99,91,105,193,699,1979,2101,2094,1896,1543,1694,1762,2024,2362,2600,3001,3085,2469,1497,1365,1052,740,443,0,0
2024,2024-06-20,Southbound,All Vehicles,138,127,113,116,331,1047,2053,2889,2814,2634,1969,1834,1736,1785,1877,2363,2708,2619,2064,1246,967,763,513,273,0,0
2024,2024-06-21,Southbound,Light Vehicles,155,105,93,94,293,859,1677,2492,2588,2259,1839,1722,1578,1584,1706,2074,2354,2406,2052,1400,997,837,662,389,0,0
2024,2024-06-21,Northbound,Light Vehicles,182,89,66,73,147,605,1702,1617,1716,1325,1300,1587,1691,1901,2220,2331,2740,2874,2145,1392,1195,1041,960,644,0,0
2024,2024-06-21,Southbound,Heavy Vehicles,28,23,27,58,55,128,259,265,229,253,266,264,259,248,253,226,232,152,117,73,47,35,39,15,0,0
2024,2024-06-21,Northbound,Heavy Vehicles,24,18,27,35,63,116,309,358,298,348,298,300,293,287,269,238,227,192,158,97,51,39,40,24,0,0
2024,2024-06-21,Southbound,All Vehicles,183,128,120,152,348,987,1936,2757,2817,2512,2105,1986,1837,1832,1959,2300,2586,2558,2169,1473,1044,872,701,404,0,0
2024,2024-06-21,Northbound,All Vehicles,206,107,93,108,210,721,2011,1975,2014,1673,1598,1887,1984,2188,2489,2569,2967,3066,2303,1489,1246,1080,1000,668,0,0
2024,2024-06-22,Southbound,Light Vehicles,244,171,125,125,166,394,746,982,1472,2197,2344,2375,2202,2263,2261,2324,1754,1999,1598,1114,863,911,682,479,0,0
2024,2024-06-22,Southbound,Heavy Vehicles,18,21,11,31,26,40,75,67,98,122,116,100,111,94,128,91,86,86,87,53,48,31,29,24,0,0
2024,2024-06-22,Northbound,Heavy Vehicles,19,12,28,11,19,43,88,103,97,114,112,97,107,120,116,139,110,106,72,62,41,34,33,17,0,0
2024,2024-06-22,Northbound,Light Vehicles,302,170,111,86,88,310,813,837,1060,1432,1727,1807,2051,2030,2113,2160,2266,2160,1833,1677,1382,1240,1021,650,0,0
2024,2024-06-22,Southbound,All Vehicles,262,192,136,156,192,434,821,1049,1570,2319,2460,2475,2313,2357,2389,2415,1840,2085,1685,1167,911,942,711,503,0,0
2024,2024-06-22,Northbound,All Vehicles,321,182,139,97,107,353,901,940,1157,1546,1839,1904,2158,2150,2229,2299,2376,2266,1905,1739,1423,1274,1054,667,0,0
2024,2024-06-23,Northbound,Light Vehicles,379,204,135,78,94,164,321,463,697,1205,1521,1902,2398,2213,2157,2105,2141,2097,1557,1092,1082,939,627,304,0,0
2024,2024-06-23,Northbound,Heavy Vehicles,10,7,14,18,8,17,29,51,67,70,73,79,99,100,77,89,75,79,72,47,44,21,32,21,0,0
2024,2024-06-23,Southbound,Heavy Vehicles,10,14,7,6,8,20,28,45,47,56,72,95,102,93,83,76,61,55,57,53,28,41,23,24,0,0
2024,2024-06-23,Southbound,Light Vehicles,273,166,117,89,120,204,472,695,1147,1742,2312,2422,2815,2431,2058,1909,1658,1548,1301,876,809,681,464,258,0,0
2024,2024-06-23,Northbound,All Vehicles,389,211,149,96,102,181,350,514,764,1275,1594,1981,2497,2313,2234,2194,2216,2176,1629,1139,1126,960,659,325,0,0
2024,2024-06-23,Southbound,All Vehicles,283,180,124,95,128,224,500,740,1194,1798,2384,2517,2917,2524,2141,1985,1719,1603,1358,929,837,722,487,282,0,0
2024,2024-06-24,Southbound,Light Vehicles,138,81,70,94,293,879,1888,2638,2628,2104,1529,1371,1396,1437,1565,1930,2094,2032,1610,991,678,547,363,203,0,0
2024,2024-06-24,Southbound,Heavy Vehicles,21,21,22,31,43,136,265,248,220,238,289,229,274,251,249,233,205,162,124,79,42,33,31,38,0,0
2024,2024-06-24,Northbound,Light Vehicles,148,84,52,49,156,649,1705,1759,1861,1496,1206,1327,1428,1698,1934,2361,2779,2883,2045,1189,1031,813,569,303,0,0
2024,2024-06-24,Northbound,Heavy Vehicles,15,22,13,22,48,117,283,282,263,312,266,308,273,272,266,263,252,198,146,101,67,48,25,27,0,0
2024,2024-06-24,Southbound,All Vehicles,159,102,92,125,336,1015,2153,2886,2848,2342,1818,1600,1670,1688,1814,2163,2299,2194,1734,1070,720,580,394,241,0,0
2024,2024-06-24,Northbound,All Vehicles,163,106,65,71,204,766,1988,2041,2124,1808,1472,1635,1701,1970,2200,2624,3031,3081,2191,1290,1098,861,594,330,0,0
2024,2024-06-25,Southbound,Heavy Vehicles,16,14,17,42,57,126,252,273,201,263,278,253,247,260,244,232,194,170,105,74,48,36,38,30,0,0
2024,2024-06-25,Northbound,Heavy Vehicles,14,26,22,30,48,101,274,296,259,333,277,282,290,310,287,257,228,186,154,95,66,56,41,30,0,0
2024,2024-06-25,Northbound,Light Vehicles,133,86,55,57,145,630,1706,1788,1976,1417,1232,1304,1414,1677,2116,2405,2778,2877,2144,1405,1080,862,722,358,0,0
2024,2024-06-25,Southbound,Light Vehicles,109,77,75,100,288,944,1887,2651,2471,2224,1602,1435,1405,1449,1565,2013,2234,2343,1750,1072,793,677,429,235,0,0
2024,2024-06-25,Southbound,All Vehicles,125,91,92,142,345,1070,2139,2924,2672,2487,1880,1688,1652,1709,1809,2245,2428,2513,1855,1146,841,713,467,265,0,0
2024,2024-06-25,Northbound,All Vehicles,147,112,77,87,193,731,1980,2084,2235,1750,1509,1586,1704,1987,2403,2662,3006,3063,2298,1500,1146,918,763,388,0,0
2024,2024-06-26,Northbound,Heavy Vehicles,23,17,25,35,52,105,289,328,302,329,308,316,276,290,274,279,220,199,168,89,62,33,42,32,0,0
2024,2024-06-26,Southbound,Light Vehicles,134,93,71,88,295,901,1922,2703,2550,2107,1690,1510,1406,1423,1503,1970,,2346,1801,1124,756,694,541,270,0,0
2024,2024-06-26,Northbound,Light Vehicles,167,93,62,74,158,621,1702,1679,1870,1494,1255,1288,1482,1660,2063,2407,2787,2977,2222,1365,988,856,870,424,0,0
2024,2024-06-26,Southbound,Heavy Vehicles,24,24,22,42,59,135,294,275,213,268,235,239,260,227,249,252,,178,111,67,43,45,33,26,0,0
2024,2024-06-26,Northbound,All Vehicles,190,110,87,109,210,726,1991,2007,2172,1823,1563,1604,1758,1950,2337,2686,3007,3176,2390,1454,1050,889,912,456,0,0
2024,2024-06-26,Southbound,All Vehicles,158,117,93,130,354,1036,2216,2978,2763,2375,1925,1749,1666,1650,1752,2222,,2524,1912,1191,799,739,574,296,0,0
2024,2024-06-27,Southbound,Light Vehicles,148,93,88,113,269,891,1908,2632,2645,2221,1657,1551,1421,1463,1585,2182,2316,2444,1749,1225,,,480,,0,0
2024,2024-06-27,Northbound,Light Vehicles,167,93,68,71,154,589,1750,1731,1815,1536,1239,1335,1527,1748,2156,2405,2787,3008,2159,1448,1186,961,820,379,0,0
2024,2024-06-27,Southbound,Heavy Vehicles,19,15,17,32,56,114,261,239,242,268,274,256,247,263,211,274,231,191,137,79,,,31,,0,0
2024,2024-06-27,Northbound,Heavy Vehicles,20,22,16,32,50,108,304,305,296,320,269,322,272,285,287,256,236,230,159,87,64,41,32,20,0,0
2024,2024-06-27,Southbound,All Vehicles,167,108,105,145,325,1005,2169,2871,2887,2489,1931,1807,1668,1726,1796,2456,2547,2635,1886,1304,,,511,,0,0
2024,2024-06-27,Northbound,All Vehicles,187,115,84,103,204,697,2054,2036,2111,1856,1508,1657,1799,2033,2443,2661,3023,3238,2318,1535,1250,1002,852,399,0,0
2024,2024-06-28,Southbound,Light Vehicles,140,102,81,102,272,856,1786,2499,2629,2181,1821,1759,1641,1587,1685,2096,2339,2511,2068,1435,873,855,675,448,0,0
2024,2024-06-28,Northbound,Heavy Vehicles,23,27,19,29,45,108,264,320,271,326,324,319,302,281,309,267,212,201,139,98,70,52,50,39,0,0
2024,2024-06-28,Northbound,Light Vehicles,173,97,74,70,146,632,1705,1644,1680,1348,1368,1498,1721,1903,2188,2407,2648,2883,2114,1542,1200,1059,1261,716,0,0
2024,2024-06-28,Southbound,Heavy Vehicles,27,30,30,33,50,119,260,271,248,263,315,302,274,256,237,210,217,176,116,75,64,52,30,23,0,0
2024,2024-06-28,Southbound,All Vehicles,167,132,111,135,322,975,2046,2770,2877,2444,2136,2061,1915,1843,1922,2306,2556,2687,2184,1510,937,907,705,471,0,0
2024,2024-06-28,Northbound,All Vehicles,196,124,93,99,191,740,1969,1964,1951,1674,1692,1817,2023,2184,2497,2674,2860,3084,2253,1640,1270,1111,1311,755,0,0
2024,2024-06-29,Northbound,Light Vehicles,320,210,134,75,118,361,918,959,1093,1613,1766,1943,2074,2221,2190,2177,2485,2410,1951,1262,1073,1071,963,805,0,0
2024,2024-06-29,Southbound,Heavy Vehicles,25,15,19,23,32,63,100,95,125,138,155,156,147,140,135,109,109,101,,49,36,33,,16,0,0
2024,2024-06-29,Southbound,Light Vehicles,284,128,117,116,154,419,796,1091,1566,2155,2325,2463,2488,2318,2235,2203,2192,2073,,1121,882,885,,470,0,0
2024,2024-06-29,Northbound,Heavy Vehicles,18,16,17,21,33,49,134,146,159,149,171,151,138,149,134,104,131,122,85,64,47,31,41,23,0,0
2024,2024-06-29,Northbound,All Vehicles,338,226,151,96,151,410,1052,1105,1252,1762,1937,2094,2212,2370,2324,2281,2616,2532,2036,1326,1120,1102,1004,828,0,0
2024,2024-06-29,Southbound,All Vehicles,309,143,136,139,186,482,896,1186,1691,2293,2480,2619,2635,2458,2370,2312,2301,2174,,1170,918,918,,486,0,0
2024,2024-06-30,Southbound,Light Vehicles,285,145,113,110,134,178,406,675,1097,1596,2087,2095,2268,2306,2110,1976,1814,1530,1095,862,757,657,392,234,0,0
2024,2024-06-30,Northbound,Heavy Vehicles,13,8,20,9,18,14,28,45,79,72,84,71,74,92,75,100,88,75,57,37,37,29,31,18,0,0
2024,2024-06-30,Northbound,Light Vehicles,389,232,120,98,95,164,372,484,724,1128,1480,1636,1822,1958,2039,1968,2339,1996,1527,1080,1022,836,570,327,0,0
2024,2024-06-30,Southbound,Heavy Vehicles,7,7,8,7,5,16,28,40,56,57,74,83,88,89,75,63,72,60,62,51,34,43,34,21,0,0
2024,2024-06-30,Southbound,All Vehicles,292,152,121,117,139,194,434,715,1153,1653,2161,2178,2356,2395,2185,2039,1886,1590,1157,913,791,700,426,255,0,0
2024,2024-06-30,Northbound,All Vehicles,402,240,140,107,113,178,400,529,803,1200,1564,1707,1896,2050,2114,2068,2427,2071,1584,1117,1059,865,601,345,0,0
2024,2024-07-01,Southbound,Heavy Vehicles,18,16,20,35,47,126,241,250,228,239,265,255,243,221,210,212,205,152,100,60,33,35,36,26,0,0
2024,2024-07-01,Northbound,Light Vehicles,143,92,60,56,154,630,1598,1606,1834,1396,1178,1337,1461,1601,1968,2248,2784,2921,2085,1170,975,744,567,305,0,0
2024,2024-07-01,Northbound,Heavy Vehicles,19,17,18,21,46,96,289,309,283,319,304,286,248,271,253,217,241,198,158,81,62,43,29,19,0,0
2024,2024-07-01,Southbound,Light Vehicles,131,80,69,95,287,858,1796,2604,2639,1957,1477,1382,1353,1407,1447,1988,2089,2129,1443,946,680,510,371,194,0,0
2024,2024-07-01,Southbound,All Vehicles,149,96,89,130,334,984,2037,2854,2867,2196,1742,1637,1596,1628,1657,2200,2294,2281,1543,1006,713,545,407,220,0,0
2024,2024-07-01,Northbound,All Vehicles,162,109,78,77,200,726,1887,1915,2117,1715,1482,1623,1709,1872,2221,2465,3025,3119,2243,1251,1037,787,596,324,0,0
2024,2024-07-02,Northbound,Light Vehicles,145,84,54,52,139,603,1657,1647,1839,1432,1260,1303,1495,1647,2051,2305,2808,2987,2206,1259,1067,776,672,346,0,0
2024,2024-07-02,Northbound,Heavy Vehicles,16,18,29,29,49,98,263,298,277,287,252,284,263,281,250,259,231,184,140,79,76,32,26,25,0,0
2024,2024-07-02,Southbound,Heavy Vehicles,14,25,19,35,52,140,275,287,207,223,259,239,238,223,208,227,191,,97,69,42,33,34,36,0,0
2024,2024-07-02,Southbound,Light Vehicles,107,65,73,102,276,856,1897,2646,2574,2105,1567,1479,1377,1452,1556,1969,2163,,1521,1039,780,658,410,234,0,0
2024,2024-07-02,Northbound,All Vehicles,161,102,83,81,188,701,1920,1945,2116,1719,1512,1587,1758,1928,2301,2564,3039,3171,2346,1338,1143,808,698,371,0,0
2024,2024-07-02,Southbound,All Vehicles,121,90,92,137,328,996,2172,2933,2781,2328,1826,1718,1615,1675,1764,2196,2354,,1618,1108,822,691,444,270,0,0
2024,2024-07-03,Southbound,Heavy Vehicles,22,19,15,39,63,137,256,299,236,265,237,234,243,262,214,238,192,156,86,66,54,36,41,24,0,0
2024,2024-07-03,Northbound,Light Vehicles,161,93,72,63,146,649,1626,1668,1731,1386,1266,1236,1468,1641,2134,2316,2789,2868,2167,1335,1081,900,689,378,0,0
2024,2024-07-03,Northbound,Heavy Vehicles,11,17,17,31,53,107,263,349,288,330,309,311,257,288,289,218,233,190,150,87,55,50,37,25,0,0
2024,2024-07-03,Southbound,Light Vehicles,136,84,88,109,271,888,1733,2622,2563,2204,1625,1539,1330,1400,1578,2000,2147,2320,1624,1101,783,723,465,265,0,0
2024,2024-07-03,Southbound,All Vehicles,158,103,103,148,334,1025,1989,2921,2799,2469,1862,1773,1573,1662,1792,2238,2339,2476,1710,1167,837,759,506,289,0,0
2024,2024-07-03,Northbound,All Vehicles,172,110,89,94,199,756,1889,2017,2019,1716,1575,1547,1725,1929,2423,2534,3022,3058,2317,1422,1136,950,726,403,0,0
2024,2024-07-04,Southbound,Light Vehicles,127,94,95,109,239,846,1783,2572,2445,2162,1646,1540,1423,1437,1657,1974,2311,,1621,1177,823,728,612,,0,0
2024,2024-07-04,Southbound,Heavy Vehicles,22,20,9,34,49,99,261,252,211,226,254,239,251,227,235,212,214,,112,64,51,42,37,,0,0
2024,2024-07-04,Southbound,All Vehicles,149,114,104,143,288,945,2044,2824,2656,2388,1900,1779,1674,1664,1892,2186,2525,,1733,1241,874,770,649,,0,0
2024,2024-07-05,Southbound,Heavy Vehicles,27,23,23,32,49,99,222,243,235,260,251,242,250,232,227,205,219,152,104,71,37,38,30,18,0,0
2024,2024-07-05,Southbound,Light Vehicles,151,118,87,106,264,794,1573,2241,2402,2130,1762,1674,1493,1607,1691,2003,2178,2391,1832,1226,892,758,632,403,0,0
2024,2024-07-05,Northbound,Heavy Vehicles,29,19,22,27,50,105,288,323,300,291,288,299,264,261,236,247,227,189,125,65,45,37,33,29,0,0
2024,2024-07-05,Northbound,Light Vehicles,184,112,79,66,144,618,1649,1521,1641,1352,1348,1444,1638,1841,2226,2330,2618,2669,2106,1292,1223,986,908,642,0,0
2024,2024-07-05,Southbound,All Vehicles,178,141,110,138,313,893,1795,2484,2637,2390,2013,1916,1743,1839,1918,2208,2397,2543,1936,1297,929,796,662,421,0,0
2024,2024-07-05,Northbound,All Vehicles,213,131,101,93,194,723,1937,1844,1941,1643,1636,1743,1902,2102,2462,2577,2845,2858,2231,1357,1268,1023,941,671,0,0
2024,2024-07-06,Northbound,Heavy Vehicles,13,17,17,23,20,42,95,128,138,113,121,144,128,132,107,117,113,112,89,64,38,32,52,20,0,0
2024,2024-07-06,Northbound,Light Vehicles,341,168,112,86,105,369,839,884,1049,1440,1647,1853,1956,2043,1969,2288,2137,2340,2209,1607,1040,1086,1277,782,0,0
2024,2024-07-06,Southbound,Light Vehicles,216,133,99,91,176,400,768,983,1413,1944,2146,2371,2384,2485,2100,2171,2205,2151,,1138,840,780,739,446,0,0
2024,2024-07-06,Southbound,Heavy Vehicles,22,27,14,20,20,57,86,111,104,105,122,117,128,99,118,94,97,83,,57,42,30,21,17,0,0
2024,2024-07-06,Northbound,All Vehicles,354,185,129,109,125,411,934,1012,1187,1553,1768,1997,2084,2175,2076,2405,2250,2452,2298,1671,1078,1118,1329,802,0,0
2024,2024-07-06,Southbound,All Vehicles,238,160,113,111,196,457,854,1094,1517,2049,2268,2488,2512,2584,2218,2265,2302,2234,,1195,882,810,760,463,0,0
2024,2024-07-07,Southbound,Heavy Vehicles,18,8,4,9,11,20,36,47,53,58,66,,75,70,63,64,75,67,61,39,39,35,33,21,0,0
2024,2024-07-07,Northbound,Light Vehicles,371,220,140,97,86,179,327,502,696,1085,1493,1685,1823,1942,1992,2089,2271,2061,1608,1141,1073,926,603,300,0,0
2024,2024-07-07,Northbound,Heavy Vehicles,9,12,18,15,13,11,29,45,57,67,83,72,72,88,75,81,79,84,63,46,44,28,34,27,0,0
2024,2024-07-07,Southbound,Light Vehicles,271,158,111,100,114,214,467,703,1073,1599,2115,,2265,2201,2070,1941,1695,1591,1307,889,786,705,413,232,0,0
2024,2024-07-07,Southbound,All Vehicles,289,166,115,109,125,234,503,750,1126,1657,2181,,2340,2271,2133,2005,1770,1658,1368,928,825,740,446,253,0,0
2024,2024-07-07,Northbound,All Vehicles,380,232,158,112,99,190,356,547,753,1152,1576,1757,1895,2030,2067,2170,2350,2145,1671,1187,1117,954,637,327,0,0
2024,2024-07-08,Northbound,Heavy Vehicles,27,17,22,26,46,105,293,324,298,336,310,286,286,247,249,250,242,188,136,90,70,36,28,29,0,0
2024,2024-07-08,Southbound,Heavy Vehicles,16,16,16,21,44,115,223,251,212,221,221,233,268,204,222,208,167,164,106,54,45,24,30,23,0,0
2024,2024-07-08,Northbound,Light Vehicles,167,85,76,58,124,605,1531,1424,1532,1408,1249,1337,1460,1600,1940,2271,2700,2964,2013,1176,958,852,630,374,0,0
2024,2024-07-08,Southbound,Light Vehicles,125,100,79,81,277,869,1724,2501,2610,1939,1631,1498,1392,1423,1487,1902,2025,2128,1479,938,713,604,364,203,0,0
2024,2024-07-08,Northbound,All Vehicles,194,102,98,84,170,710,1824,1748,1830,1744,1559,1623,1746,1847,2189,2521,2942,3152,2149,1266,1028,888,658,403,0,0
2024,2024-07-08,Southbound,All Vehicles,141,116,95,102,321,984,1947,2752,2822,2160,1852,1731,1660,1627,1709,2110,2192,2292,1585,992,758,628,394,226,0,0
2024,2024-07-09,Northbound,Light Vehicles,120,67,72,64,130,620,1579,1573,1652,1460,1265,1288,1531,1733,2010,2275,2801,3029,2117,1312,1029,868,701,431,0,0
2024,2024-07-09,Southbound,Light Vehicles,113,72,76,113,283,817,1815,2385,2721,2033,1775,1510,1422,1523,1561,2014,2121,2121,1645,991,815,637,453,256,0,0
2024,2024-07-09,Northbound,Heavy Vehicles,24,26,23,37,51,98,291,293,327,314,292,239,243,255,264,237,248,182,135,77,70,47,26,28,0,0
2024,2024-07-09,Southbound,Heavy Vehicles,15,17,16,43,47,128,254,271,201,221,260,260,244,200,203,209,167,162,115,79,46,41,35,27,0,0
2024,2024-07-09,Northbound,All Vehicles,144,93,95,101,181,718,1870,1866,1979,1774,1557,1527,1774,1988,2274,2512,3049,3211,2252,1389,1099,915,727,459,0,0
2024,2024-07-09,Southbound,All Vehicles,128,89,92,156,330,945,2069,2656,2922,2254,2035,1770,1666,1723,1764,2223,2288,2283,1760,1070,861,678,488,283,0,0
2024,2024-07-10,Southbound,Heavy Vehicles,17,16,13,42,44,110,261,262,231,247,241,234,240,241,,224,209,,101,73,49,39,,,0,0
2024,2024-07-10,Southbound,Light Vehicles,136,91,90,109,271,858,1779,2475,2628,2126,1685,1525,1473,1522,,1948,2300,,1776,1087,774,678,,,0,0
2024,2024-07-10,Northbound,Light Vehicles,184,88,69,64,141,664,1729,1575,1809,1450,1289,1370,1571,1783,2055,2292,2720,2971,2043,1370,1056,917,834,416,0,0
2024,2024-07-10,Northbound,Heavy Vehicles,20,20,22,27,51,124,279,278,286,307,298,261,243,286,256,259,233,187,142,89,51,42,38,34,0,0
2024,2024-07-10,Southbound,All Vehicles,153,107,103,151,315,968,2040,2737,2859,2373,1926,1759,1713,1763,,2172,2509,,1877,1160,823,717,,,0,0
2024,2024-07-10,Northbound,All Vehicles,204,108,91,91,192,788,2008,1853,2095,1757,1587,1631,1814,2069,2311,2551,2953,3158,2185,1459,1107,959,872,450,0,0
2024,2024-07-11,Southbound,Light Vehicles,147,116,77,98,280,848,1594,2398,2693,1977,1730,1550,1497,1546,1576,2077,2242,2559,1771,,816,,,267,0,0
2024,2024-07-11,Southbound,Heavy Vehicles,14,23,9,39,43,111,262,289,246,251,246,251,242,241,244,248,196,158,106,,45,,,36,0,0
2024,2024-07-11,Southbound,All Vehicles,161,139,86,137,323,959,1856,2687,2939,2228,1976,1801,1739,1787,1820,2325,2438,2717,1877,,861,,,303,0,0
2024,2024-07-12,Southbound,Light Vehicles,156,97,100,115,245,831,1623,2098,2359,2015,1809,1661,1688,1710,1781,2289,2196,2402,1929,1214,873,749,681,413,0,0
2024,2024-07-12,Northbound,Light Vehicles,204,85,87,68,121,611,1630,1464,1442,1337,1387,1410,1786,1960,2286,2316,2805,2897,2203,1491,1143,968,959,650,0,0
2024,2024-07-12,Southbound,Heavy Vehicles,25,29,25,37,46,121,212,253,238,234,272,280,263,233,242,247,203,172,106,76,59,40,25,26,0,0
2024,2024-07-12,Northbound,Heavy Vehicles,23,25,21,31,49,115,272,317,275,315,311,301,281,285,275,265,216,198,146,95,73,35,33,24,0,0
2024,2024-07-12,Southbound,All Vehicles,181,126,125,152,291,952,1835,2351,2597,2249,2081,1941,1951,1943,2023,2536,2399,2574,2035,1290,932,789,706,439,0,0
2024,2024-07-12,Northbound,All Vehicles,227,110,108,99,170,726,1902,1781,1717,1652,1698,1711,2067,2245,2561,2581,3021,3095,2349,1586,1216,1003,992,674,0,0
2024,2024-07-13,Northbound,Light Vehicles,344,207,125,102,98,369,899,950,1066,1404,1820,1889,1981,2047,2166,2164,2098,2165,1748,1190,1072,1032,973,790,0,0
2024,2024-07-13,Southbound,Light Vehicles,231,161,111,134,165,391,803,976,1329,1940,2343,2305,2280,2272,2118,2109,2168,2494,,1069,,830,672,474,0,0
2024,2024-07-13,Southbound,Heavy Vehicles,17,15,18,22,27,60,80,78,107,95,118,104,105,121,100,119,87,84,,41,,35,25,21,0,0
2024,2024-07-13,Northbound,Heavy Vehicles,19,16,20,25,23,48,151,148,151,100,124,137,130,139,112,113,101,87,70,50,44,34,17,20,0,0
2024,2024-07-13,Northbound,All Vehicles,363,223,145,127,121,417,1050,1098,1217,1504,1944,2026,2111,2186,2278,2277,2199,2252,1818,1240,1116,1066,990,810,0,0
2024,2024-07-13,Southbound,All Vehicles,248,176,129,156,192,451,883,1054,1436,2035,2461,2409,2385,2393,2218,2228,2255,2578,,1110,,865,697,495,0,0
2024,2024-07-14,Southbound,Light Vehicles,343,215,114,100,114,228,452,627,1074,1575,2084,2052,2159,1311,1668,1750,1756,1561,1312,972,808,678,432,266,0,0
2024,2024-07-14,Northbound,Heavy Vehicles,15,12,13,12,17,20,26,53,39,59,72,69,88,81,86,73,90,73,64,56,36,29,23,20,0,0
2024,2024-07-14,Northbound,Light Vehicles,685,475,161,99,100,190,325,506,730,1140,1581,1738,1725,1879,1930,1965,2292,2037,1440,1069,1030,908,604,334,0,0
2024,2024-07-14,Southbound,Heavy Vehicles,14,7,5,9,8,21,33,35,45,59,66,85,92,87,56,51,78,67,60,64,41,27,29,23,0,0
2024,2024-07-14,Southbound,All Vehicles,357,222,119,109,122,249,485,662,1119,1634,2150,2137,2251,1398,1724,1801,1834,1628,1372,1036,849,705,461,289,0,0
2024,2024-07-14,Northbound,All Vehicles,700,487,174,111,117,210,351,559,769,1199,1653,1807,1813,1960,2016,2038,2382,2110,1504,1125,1066,937,627,354,0,0
2024,2024-07-15,Southbound,Heavy Vehicles,23,15,27,31,50,108,242,231,225,234,214,258,238,229,228,,226,171,90,63,41,26,35,29,0,0
2024,2024-07-15,Northbound,Heavy Vehicles,16,16,16,23,45,91,267,297,272,329,257,312,250,287,271,229,250,211,142,80,66,47,17,28,0,0
2024,2024-07-15,Southbound,Light Vehicles,161,79,75,96,268,837,1685,2416,2677,2001,1596,1542,1418,1479,1605,,2240,2235,1513,975,661,568,375,225,0,0
2024,2024-07-15,Northbound,Light Vehicles,158,86,53,64,160,591,1554,1597,1623,1403,1277,1303,1465,1689,1885,2234,2662,3031,2031,1130,1000,824,646,354,0,0
2024,2024-07-15,Southbound,All Vehicles,184,94,102,127,318,945,1927,2647,2902,2235,1810,1800,1656,1708,1833,,2466,2406,1603,1038,702,594,410,254,0,0
2024,2024-07-15,Northbound,All Vehicles,174,102,69,87,205,682,1821,1894,1895,1732,1534,1615,1715,1976,2156,2463,2912,3242,2173,1210,1066,871,663,382,0,0
2024,2024-07-16,Northbound,Light Vehicles,138,80,61,48,150,617,1626,1614,1705,1563,1242,1344,1500,1676,1930,2274,2716,2985,2173,1203,1131,890,719,392,0,0
2024,2024-07-16,Southbound,Light Vehicles,129,78,75,103,270,845,1743,2356,2705,2109,1685,1486,1415,1543,1589,2089,2232,2391,1607,1003,794,655,490,270,0,0
2024,2024-07-16,Southbound,Heavy Vehicles,14,19,15,42,54,114,284,293,240,244,238,241,244,219,225,236,217,181,88,73,45,30,34,27,0,0
2024,2024-07-16,Northbound,Heavy Vehicles,16,20,28,27,34,126,321,365,326,335,315,233,253,264,280,256,239,209,142,78,58,56,25,25,0,0
2024,2024-07-16,Northbound,All Vehicles,154,100,89,75,184,743,1947,1979,2031,1898,1557,1577,1753,1940,2210,2530,2955,3194,2315,1281,1189,946,744,417,0,0
2024,2024-07-16,Southbound,All Vehicles,143,97,90,145,324,959,2027,2649,2945,2353,1923,1727,1659,1762,1814,2325,2449,2572,1695,1076,839,685,524,297,0,0
2024,2024-07-17,Southbound,Light Vehicles,133,94,71,99,263,810,1774,2320,2732,2105,1761,1608,1578,1610,1868,2130,2294,2343,1849,1049,771,651,553,316,0,0
2024,2024-07-17,Northbound,Heavy Vehicles,23,19,17,34,56,114,304,316,322,348,287,282,283,280,255,261,234,190,140,83,51,38,43,25,0,0
2024,2024-07-17,Northbound,Light Vehicles,185,95,61,65,147,590,1690,1535,1779,1590,1274,1393,1503,1680,2019,2469,2741,2930,2362,1324,1033,989,929,497,0,0
2024,2024-07-17,Southbound,Heavy Vehicles,20,26,16,42,49,117,291,274,257,243,235,265,263,233,218,236,222,162,124,77,33,26,37,32,0,0
2024,2024-07-17,Southbound,All Vehicles,153,120,87,141,312,927,2065,2594,2989,2348,1996,1873,1841,1843,2086,2366,2516,2505,1973,1126,804,677,590,348,0,0
2024,2024-07-17,Northbound,All Vehicles,208,114,78,99,203,704,1994,1851,2101,1938,1561,1675,1786,1960,2274,2730,2975,3120,2502,1407,1084,1027,972,522,0,0
2024,2024-07-31,Northbound,Light Vehicles,,,,62,129,660,1721,1762,1826,1504,,995,1487,1671,1961,2221,2754,2911,2270,1388,1154,936,772,363,0,0
2024,2024-07-31,Southbound,Heavy Vehicles,,,,42,55,141,358,323,266,291,,184,291,264,260,283,,224,142,79,60,48,36,21,0,0
2024,2024-07-31,Northbound,Heavy Vehicles,,,,24,63,132,335,360,315,345,,218,275,284,287,255,229,168,164,96,66,53,34,27,0,0
2024,2024-07-31,Southbound,Light Vehicles,,,,106,245,847,1772,2631,2582,2254,,884,1320,1360,1552,2044,,2432,1871,1177,831,684,458,248,0,0
2024,2024-07-31,Northbound,All Vehicles,,,,86,192,792,2056,2122,2141,1849,,1213,1762,1955,2248,2476,2983,3079,2434,1484,1220,989,806,390,0,0
2024,2024-07-31,Southbound,All Vehicles,,,,148,300,988,2130,2954,2848,2545,,1068,1611,1624,1812,2327,,2656,2013,1256,891,732,494,269,0,0
2024,2024-08-01,Southbound,Light Vehicles,123,93,73,117,265,844,1693,2615,2682,2231,1609,1345,1465,1453,1545,2070,2399,2366,1811,1161,856,768,475,261,0,0
2024,2024-08-01,Northbound,Light Vehicles,145,81,55,61,132,635,1651,1728,1810,1447,1305,1269,1465,1686,2102,2203,2747,2867,2131,1402,1218,952,799,409,0,0
2024,2024-08-01,Northbound,Heavy Vehicles,17,15,15,28,61,121,365,341,282,364,326,279,326,300,249,224,211,176,162,87,75,54,31,31,0,0
2024,2024-08-01,Southbound,Heavy Vehicles,14,19,13,41,46,141,362,322,304,279,313,327,291,266,263,289,278,179,120,80,63,49,46,32,0,0
2024,2024-08-01,Southbound,All Vehicles,137,112,86,158,311,985,2055,2937,2986,2510,1922,1672,1756,1719,1808,2359,2677,2545,1931,1241,919,817,521,293,0,0
2024,2024-08-01,Northbound,All Vehicles,162,96,70,89,193,756,2016,2069,2092,1811,1631,1548,1791,1986,2351,2427,2958,3043,2293,1489,1293,1006,830,440,0,0
2024,2024-08-02,Southbound,Light Vehicles,148,101,78,100,273,811,1633,2402,2586,2212,1796,1638,1527,1412,1480,2296,2375,2347,1994,1273,916,804,631,398,0,0
2024,2024-08-02,Northbound,Heavy Vehicles,23,22,24,33,54,120,345,343,345,306,279,272,310,304,309,228,202,207,128,79,68,50,44,24,0,0
2024,2024-08-02,Northbound,Light Vehicles,167,103,83,68,128,614,1592,1598,1713,1409,1317,1441,1674,1855,2150,2270,2541,2866,2169,1457,1305,1029,954,654,0,0
2024,2024-08-02,Southbound,Heavy Vehicles,28,24,28,45,64,136,309,336,288,282,275,303,284,271,290,284,255,195,160,72,55,49,22,30,0,0
2024,2024-08-02,Southbound,All Vehicles,176,125,106,145,337,947,1942,2738,2874,2494,2071,1941,1811,1683,1770,2580,2630,2542,2154,1345,971,853,653,428,0,0
2024,2024-08-02,Northbound,All Vehicles,190,125,107,101,182,734,1937,1941,2058,1715,1596,1713,1984,2159,2459,2498,2743,3073,2297,1536,1373,1079,998,678,0,0
2024,2024-08-03,Southbound,Heavy Vehicles,20,13,16,34,18,42,113,134,116,157,153,162,168,170,106,129,137,148,100,76,50,35,41,24,0,0
2024,2024-08-03,Northbound,Light Vehicles,446,249,130,108,104,371,936,1007,1197,1516,1831,1921,2121,2210,2578,2296,2347,2263,2003,1337,1319,1358,1016,750,0,0
2024,2024-08-03,Northbound,Heavy Vehicles,21,20,13,21,24,70,130,159,147,120,137,137,140,127,131,112,112,112,100,60,62,38,33,26,0,0
2024,2024-08-03,Southbound,Light Vehicles,221,160,107,132,173,390,779,1133,1644,2199,2481,2474,2433,2426,2145,2151,2152,2242,1832,1225,924,837,634,492,0,0
2024,2024-08-03,Southbound,All Vehicles,241,173,123,166,191,432,892,1267,1760,2356,2634,2636,2601,2596,2251,2280,2289,2390,1932,1301,974,872,675,516,0,0
2024,2024-08-03,Northbound,All Vehicles,467,269,143,129,128,441,1066,1166,1344,1636,1968,2058,2261,2337,2709,2408,2459,2375,2103,1397,1381,1396,1049,776,0,0
2024,2024-08-04,Northbound,Heavy Vehicles,14,12,12,14,13,20,38,57,77,70,67,80,73,95,123,87,85,70,76,55,37,29,28,17,0,0
2024,2024-08-04,Southbound,Heavy Vehicles,19,16,10,9,8,22,33,55,66,79,117,107,96,97,99,93,82,92,83,64,45,39,24,27,0,0
2024,2024-08-04,Northbound,Light Vehicles,387,225,130,110,96,188,355,521,857,1268,1613,1842,1901,2121,2314,1958,2069,1855,1449,1137,1029,876,643,281,0,0
2024,2024-08-04,Southbound,Light Vehicles,265,158,126,104,124,218,498,757,1300,1813,2468,2022,2031,2016,1840,1784,1702,1505,1263,901,823,709,466,254,0,0
2024,2024-08-04,Northbound,All Vehicles,401,237,142,124,109,208,393,578,934,1338,1680,1922,1974,2216,2437,2045,2154,1925,1525,1192,1066,905,671,298,0,0
2024,2024-08-04,Southbound,All Vehicles,284,174,136,113,132,240,531,812,1366,1892,2585,2129,2127,2113,1939,1877,1784,1597,1346,965,868,748,490,281,0,0
2024,2024-08-05,Southbound,Heavy Vehicles,23,19,29,37,50,161,335,326,261,287,274,295,250,249,256,251,289,215,124,81,53,40,35,31,0,0
2024,2024-08-05,Northbound,Light Vehicles,150,78,63,70,139,636,1660,1712,1875,1356,1223,1327,1533,1695,2107,2291,2783,2831,1998,1197,1030,868,608,321,0,0
2024,2024-08-05,Southbound,Light Vehicles,134,85,86,80,269,858,1667,2580,2685,2146,1693,1449,1372,1435,1477,1946,2165,2209,1552,1009,747,590,386,210,0,0
2024,2024-08-05,Northbound,Heavy Vehicles,22,13,14,22,58,117,370,371,314,333,296,266,295,286,272,255,216,216,126,97,75,34,27,27,0,0
2024,2024-08-05,Southbound,All Vehicles,157,104,115,117,319,1019,2002,2906,2946,2433,1967,1744,1622,1684,1733,2197,2454,2424,1676,1090,800,630,421,241,0,0
2024,2024-08-05,Northbound,All Vehicles,172,91,77,92,197,753,2030,2083,2189,1689,1519,1593,1828,1981,2379,2546,2999,3047,2124,1294,1105,902,635,348,0,0
2024,2024-08-06,Southbound,Heavy Vehicles,17,24,33,36,50,165,346,307,224,304,284,286,286,265,295,275,261,227,141,78,57,50,42,37,0,0
2024,2024-08-06,Northbound,Heavy Vehicles,23,22,24,27,50,122,352,369,309,322,335,271,296,291,250,258,225,191,158,90,92,46,34,26,0,0
2024,2024-08-06,Southbound,Light Vehicles,112,82,77,104,272,828,1777,2594,2393,2321,1632,1410,1344,1414,1566,2108,2267,2463,1842,1150,812,695,514,225,0,0
2024,2024-08-06,Northbound,Light Vehicles,150,63,70,73,151,616,1680,1702,2055,1530,1410,1317,1455,1651,2011,2405,2839,2986,2327,1323,1141,926,760,382,0,0
2024,2024-08-06,Southbound,All Vehicles,129,106,110,140,322,993,2123,2901,2617,2625,1916,1696,1630,1679,1861,2383,2528,2690,1983,1228,869,745,556,262,0,0
2024,2024-08-06,Northbound,All Vehicles,173,85,94,100,201,738,2032,2071,2364,1852,1745,1588,1751,1942,2261,2663,3064,3177,2485,1413,1233,972,794,408,0,0
2024,2024-08-07,Northbound,Heavy Vehicles,13,30,26,23,66,125,330,348,348,334,293,299,273,281,292,247,232,204,158,99,67,40,34,26,0,0
2024,2024-08-07,Southbound,Light Vehicles,109,87,63,117,289,842,1831,2620,2434,2169,1657,1386,1410,1393,1589,2052,2397,2334,1790,1113,892,772,443,226,0,0
2024,2024-08-07,Southbound,Heavy Vehicles,20,27,21,49,65,153,362,326,248,303,305,293,272,285,261,295,270,207,145,84,64,51,33,30,0,0
2024,2024-08-07,Northbound,Light Vehicles,154,87,58,57,153,660,1715,1714,1832,1496,1377,1262,1508,1670,2148,2209,2740,3038,2553,1382,1132,945,787,381,0,0
2024,2024-08-07,Northbound,All Vehicles,167,117,84,80,219,785,2045,2062,2180,1830,1670,1561,1781,1951,2440,2456,2972,3242,2711,1481,1199,985,821,407,0,0
2024,2024-08-07,Southbound,All Vehicles,129,114,84,166,354,995,2193,2946,2682,2472,1962,1679,1682,1678,1850,2347,2667,2541,1935,1197,956,823,476,256,0,0
2024,2024-08-08,Southbound,Heavy Vehicles,17,22,17,38,56,152,347,287,250,308,269,301,276,285,283,280,298,213,,82,67,52,50,,0,0
2024,2024-08-08,Southbound,Light Vehicles,124,98,65,110,262,820,1745,2517,2522,2276,1630,1502,1440,1521,1531,1965,2371,2354,,1318,828,778,526,,0,0
2024,2024-08-08,Northbound,Light Vehicles,153,68,56,63,136,649,1644,1710,1882,1424,1210,1334,1558,1666,2046,2310,2751,2960,2320,1379,1232,1043,901,422,0,0
2024,2024-08-08,Northbound,Heavy Vehicles,15,16,20,40,57,132,314,329,306,346,293,267,279,249,277,270,244,191,192,89,89,45,49,27,0,0
2024,2024-08-08,Southbound,All Vehicles,141,120,82,148,318,972,2092,2804,2772,2584,1899,1803,1716,1806,1814,2245,2669,2567,,1400,895,830,576,,0,0
2024,2024-08-08,Northbound,All Vehicles,168,84,76,103,193,781,1958,2039,2188,1770,1503,1601,1837,1915,2323,2580,2995,3151,2512,1468,1321,1088,950,449,0,0
2024,2024-08-09,Northbound,Heavy Vehicles,22,16,15,28,67,132,313,338,329,307,293,276,290,247,281,225,181,179,155,98,61,48,40,30,0,0
2024,2024-08-09,Southbound,Heavy Vehicles,28,27,24,55,57,161,310,335,265,296,297,332,299,272,296,283,288,252,140,88,47,42,48,29,0,0
2024,2024-08-09,Southbound,Light Vehicles,171,97,83,95,280,778,1686,2451,2486,2125,1742,1539,1571,1599,1599,2050,2421,2477,1969,1228,903,863,745,436,0,0
2024,2024-08-09,Northbound,Light Vehicles,203,99,67,58,151,600,1633,1563,1668,1455,1256,1489,1535,1823,2139,2142,2572,2932,2302,1548,1202,1019,930,683,0,0
2024,2024-08-09,Northbound,All Vehicles,225,115,82,86,218,732,1946,1901,1997,1762,1549,1765,1825,2070,2420,2367,2753,3111,2457,1646,1263,1067,970,713,0,0
2024,2024-08-09,Southbound,All Vehicles,199,124,107,150,337,939,1996,2786,2751,2421,2039,1871,1870,1871,1895,2333,2709,2729,2109,1316,950,905,793,465,0,0
2024,2024-08-10,Northbound,Heavy Vehicles,12,22,19,16,19,60,152,160,179,138,152,142,118,133,126,112,109,94,95,72,47,38,31,30,0,0
2024,2024-08-10,Southbound,Light Vehicles,244,142,114,99,171,410,762,1062,1581,2169,2378,2353,2241,2361,2144,2195,1989,2083,1631,1130,874,834,670,463,0,0
2024,2024-08-10,Southbound,Heavy Vehicles,24,13,17,23,25,70,113,114,155,179,154,161,151,160,130,131,108,129,84,60,41,47,34,24,0,0
2024,2024-08-10,Northbound,Light Vehicles,355,198,109,103,100,342,925,1029,1281,1547,1858,1973,2205,2121,2245,2179,2200,2184,1909,1241,1102,1079,934,686,0,0
2024,2024-08-10,Northbound,All Vehicles,367,220,128,119,119,402,1077,1189,1460,1685,2010,2115,2323,2254,2371,2291,2309,2278,2004,1313,1149,1117,965,716,0,0
2024,2024-08-10,Southbound,All Vehicles,268,155,131,122,196,480,875,1176,1736,2348,2532,2514,2392,2521,2274,2326,2097,2212,1715,1190,915,881,704,487,0,0
2024,2024-08-11,Southbound,Light Vehicles,322,144,114,101,129,247,494,661,1159,1692,2139,1891,2037,2008,1895,1799,1636,1543,1257,924,812,673,458,250,0,0
2024,2024-08-11,Southbound,Heavy Vehicles,10,7,11,11,11,27,53,41,48,88,103,99,99,81,80,71,72,86,70,70,36,42,35,29,0,0
2024,2024-08-11,Northbound,Heavy Vehicles,16,13,10,13,16,19,46,45,74,68,80,75,86,81,87,77,85,77,83,55,55,28,27,17,0,0
2024,2024-08-11,Northbound,Light Vehicles,403,201,128,98,89,172,375,489,794,1204,1508,1759,1845,1992,1959,1992,1971,1998,1537,1054,982,944,664,313,0,0
2024,2024-08-11,Southbound,All Vehicles,332,151,125,112,140,274,547,702,1207,1780,2242,1990,2136,2089,1975,1870,1708,1629,1327,994,848,715,493,279,0,0
2024,2024-08-11,Northbound,All Vehicles,419,214,138,111,105,191,421,534,868,1272,1588,1834,1931,2073,2046,2069,2056,2075,1620,1109,1037,972,691,330,0,0
2024,2024-08-12,Northbound,Heavy Vehicles,21,9,13,25,57,132,293,372,330,341,300,294,311,267,247,249,232,199,151,92,72,43,29,22,0,0
2024,2024-08-12,Southbound,Heavy Vehicles,26,17,25,34,53,155,336,332,246,316,311,291,274,252,284,270,266,199,113,77,60,43,33,18,0,0
2024,2024-08-12,Southbound,Light Vehicles,123,71,68,87,298,827,1759,2591,2431,2202,1543,1408,1333,1343,1458,1920,2137,2130,1566,998,739,562,379,201,0,0
2024,2024-08-12,Northbound,Light Vehicles,145,75,59,52,142,625,1610,1658,1792,1438,1175,1300,1393,1566,1998,2209,2732,2872,1993,1242,954,833,617,300,0,0
2024,2024-08-12,Northbound,All Vehicles,166,84,72,77,199,757,1903,2030,2122,1779,1475,1594,1704,1833,2245,2458,2964,3071,2144,1334,1026,876,646,322,0,0
2024,2024-08-12,Southbound,All Vehicles,149,88,93,121,351,982,2095,2923,2677,2518,1854,1699,1607,1595,1742,2190,2403,2329,1679,1075,799,605,412,219,0,0
2024,2024-08-13,Northbound,Heavy Vehicles,22,20,20,38,57,111,322,319,332,306,294,270,259,238,267,235,230,185,134,99,66,39,37,35,0,0
2024,2024-08-13,Southbound,Light Vehicles,92,88,77,93,293,858,1812,2668,2496,2268,1591,1414,1401,1372,1479,2063,2197,2486,1790,1076,838,727,468,262,0,0
2024,2024-08-13,Southbound,Heavy Vehicles,29,20,17,38,60,152,351,312,226,270,284,247,279,263,240,272,274,212,118,76,53,45,37,29,0,0
2024,2024-08-13,Northbound,Light Vehicles,119,95,53,58,166,587,1698,1712,2036,1488,1265,1330,1444,1674,1969,2218,2822,2964,2191,1321,1096,980,690,371,0,0
2024,2024-08-13,Northbound,All Vehicles,141,115,73,96,223,698,2020,2031,2368,1794,1559,1600,1703,1912,2236,2453,3052,3149,2325,1420,1162,1019,727,406,0,0
2024,2024-08-13,Southbound,All Vehicles,121,108,94,131,353,1010,2163,2980,2722,2538,1875,1661,1680,1635,1719,2335,2471,2698,1908,1152,891,772,505,291,0,0
2024,2024-08-14,Northbound,Heavy Vehicles,23,16,23,32,62,112,270,363,326,322,302,309,275,288,232,246,204,200,146,91,68,46,33,19,0,0
2024,2024-08-14,Southbound,Heavy Vehicles,26,20,15,48,61,165,322,280,257,282,286,304,298,239,231,267,253,186,115,92,58,54,31,31,0,0
2024,2024-08-14,Southbound,Light Vehicles,133,84,66,99,299,849,1771,2601,2555,2201,1667,1430,1439,1419,1472,1911,2293,2233,1705,1130,851,705,472,234,0,0
2024,2024-08-14,Northbound,Light Vehicles,172,88,51,65,152,590,1619,1786,1924,1526,1335,1276,1478,1649,2073,2219,2701,2956,2242,1344,1135,946,700,413,0,0
2024,2024-08-14,Northbound,All Vehicles,195,104,74,97,214,702,1889,2149,2250,1848,1637,1585,1753,1937,2305,2465,2905,3156,2388,1435,1203,992,733,432,0,0
2024,2024-08-14,Southbound,All Vehicles,159,104,81,147,360,1014,2093,2881,2812,2483,1953,1734,1737,1658,1703,2178,2546,2419,1820,1222,909,759,503,265,0,0
2024,2024-08-15,Northbound,Light Vehicles,155,85,69,60,140,642,1666,1705,1804,1472,1262,1321,1481,1671,1899,2242,2764,2876,2123,1413,1303,932,801,438,0,0
2024,2024-08-15,Southbound,Heavy Vehicles,19,16,22,37,64,129,343,299,260,307,318,275,315,258,245,283,,205,131,90,43,53,40,34,0,0
2024,2024-08-15,Northbound,Heavy Vehicles,22,11,23,32,58,124,318,329,289,338,302,286,262,302,243,216,239,203,149,93,62,44,30,30,0,0
2024,2024-08-15,Southbound,Light Vehicles,136,94,62,101,275,845,1778,2631,2515,2329,1717,1421,1347,1490,1533,2068,,2359,1797,1191,878,832,530,258,0,0
2024,2024-08-15,Northbound,All Vehicles,177,96,92,92,198,766,1984,2034,2093,1810,1564,1607,1743,1973,2142,2458,3003,3079,2272,1506,1365,976,831,468,0,0
2024,2024-08-15,Southbound,All Vehicles,155,110,84,138,339,974,2121,2930,2775,2636,2035,1696,1662,1748,1778,2351,,2564,1928,1281,921,885,570,292,0,0
2024,2024-08-16,Southbound,Heavy Vehicles,28,22,32,56,58,149,311,322,270,293,278,294,282,263,237,278,281,214,120,81,63,46,29,,0,0
2024,2024-08-16,Northbound,Light Vehicles,176,109,71,61,137,608,1732,1630,1723,1392,1302,1443,1610,1774,2231,2277,2790,2887,2069,1514,1092,1190,900,631,0,0
2024,2024-08-16,Southbound,Light Vehicles,165,98,81,104,270,819,1613,2434,2468,2177,1722,1586,1490,1545,1623,2143,2243,2406,1843,1352,962,797,648,,0,0
2024,2024-08-16,Northbound,Heavy Vehicles,19,18,22,40,49,114,322,334,306,324,323,245,316,270,259,239,235,190,169,87,67,51,40,25,0,0
2024,2024-08-16,Southbound,All Vehicles,193,120,113,160,328,968,1924,2756,2738,2470,2000,1880,1772,1808,1860,2421,2524,2620,1963,1433,1025,843,677,,0,0
2024,2024-08-16,Northbound,All Vehicles,195,127,93,101,186,722,2054,1964,2029,1716,1625,1688,1926,2044,2490,2516,3025,3077,2238,1601,1159,1241,940,656,0,0
2024,2024-08-17,Southbound,Heavy Vehicles,28,14,16,31,27,63,117,110,149,146,186,182,166,159,110,138,120,103,110,67,41,41,36,27,0,0
2024,2024-08-17,Northbound,Heavy Vehicles,20,18,19,26,33,57,146,164,168,145,145,131,126,110,132,99,94,110,95,55,51,36,19,19,0,0
2024,2024-08-17,Southbound,Light Vehicles,249,145,100,114,198,399,910,1115,1618,2329,2398,2610,2662,2616,2229,2120,1919,2098,1557,1075,892,887,726,487,0,0
2024,2024-08-17,Northbound,Light Vehicles,318,197,127,81,109,359,926,1078,1222,1577,1903,2006,2137,2215,2280,2320,2267,2657,1920,1308,1075,1070,969,719,0,0
2024,2024-08-17,Southbound,All Vehicles,277,159,116,145,225,462,1027,1225,1767,2475,2584,2792,2828,2775,2339,2258,2039,2201,1667,1142,933,928,762,514,0,0
2024,2024-08-17,Northbound,All Vehicles,338,215,146,107,142,416,1072,1242,1390,1722,2048,2137,2263,2325,2412,2419,2361,2767,2015,1363,1126,1106,988,738,0,0
2024,2024-08-18,Northbound,Heavy Vehicles,8,15,16,14,8,19,34,69,63,62,62,88,77,92,91,68,73,70,76,59,50,36,14,10,0,0
2024,2024-08-18,Southbound,Light Vehicles,274,160,118,96,143,261,546,747,1170,1827,2260,2154,2114,1983,1895,1925,1748,1562,1256,936,791,675,464,252,0,0
2024,2024-08-18,Southbound,Heavy Vehicles,15,5,11,10,15,13,44,44,78,83,110,105,108,88,75,107,98,91,64,74,39,31,29,29,0,0
2024,2024-08-18,Northbound,Light Vehicles,362,224,116,100,78,152,396,480,745,1269,1588,1759,1887,1923,2211,2064,2010,2007,1467,1100,1036,1025,646,339,0,0
2024,2024-08-18,Northbound,All Vehicles,370,239,132,114,86,171,430,549,808,1331,1650,1847,1964,2015,2302,2132,2083,2077,1543,1159,1086,1061,660,349,0,0
2024,2024-08-18,Southbound,All Vehicles,289,165,129,106,158,274,590,791,1248,1910,2370,2259,2222,2071,1970,2032,1846,1653,1320,1010,830,706,493,281,0,0
2024,2024-08-19,Northbound,Light Vehicles,132,82,66,53,155,611,1702,1886,1816,1317,1226,1321,1415,1563,1957,2304,2681,3029,2088,1258,998,861,635,340,0,0
2024,2024-08-19,Southbound,Light Vehicles,154,74,74,86,288,869,1779,2679,2443,2182,1543,1303,1284,1313,1507,1937,2152,2172,1616,1042,758,632,402,183,0,0
2024,2024-08-19,Northbound,Heavy Vehicles,21,15,12,29,49,121,345,369,301,318,279,251,261,280,224,257,234,215,132,89,63,35,38,16,0,0
2024,2024-08-19,Southbound,Heavy Vehicles,24,19,30,39,50,150,357,320,224,282,270,259,272,260,267,270,231,174,129,73,52,39,37,28,0,0
2024,2024-08-19,Northbound,All Vehicles,153,97,78,82,204,732,2047,2255,2117,1635,1505,1572,1676,1843,2181,2561,2915,3244,2220,1347,1061,896,673,356,0,0
2024,2024-08-19,Southbound,All Vehicles,178,93,104,125,338,1019,2136,2999,2667,2464,1813,1562,1556,1573,1774,2207,2383,2346,1745,1115,810,671,439,211,0,0
2024,2024-08-20,Southbound,Light Vehicles,120,94,80,101,278,859,1926,2708,2489,2257,1675,1364,1377,1414,1523,2140,2318,2362,1754,1175,848,735,516,250,0,0
2024,2024-08-20,Southbound,Heavy Vehicles,28,19,21,46,55,160,334,320,264,331,262,298,277,245,256,284,276,188,129,68,64,38,35,35,0,0
2024,2024-08-20,Northbound,Heavy Vehicles,17,26,28,28,59,112,333,336,306,290,290,294,278,271,316,246,255,191,167,70,68,51,38,23,0,0
2024,2024-08-20,Northbound,Light Vehicles,134,72,71,53,163,626,1809,1843,1958,1508,1235,1360,1416,1635,1967,2248,2723,3026,2477,1326,1146,981,764,387,0,0
2024,2024-08-20,Southbound,All Vehicles,148,113,101,147,333,1019,2260,3028,2753,2588,1937,1662,1654,1659,1779,2424,2594,2550,1883,1243,912,773,551,285,0,0
2024,2024-08-20,Northbound,All Vehicles,151,98,99,81,222,738,2142,2179,2264,1798,1525,1654,1694,1906,2283,2494,2978,3217,2644,1396,1214,1032,802,410,0,0
2024,2024-08-21,Northbound,Heavy Vehicles,19,20,26,25,66,124,350,365,296,338,282,305,266,288,275,227,230,207,163,93,70,41,29,38,0,0
2024,2024-08-21,Southbound,Heavy Vehicles,20,22,23,54,66,167,363,297,251,301,294,297,307,272,288,261,242,211,151,75,57,42,42,34,0,0
2024,2024-08-21,Northbound,Light Vehicles,139,83,55,74,142,678,1878,1748,1990,1487,1295,1324,1537,1687,2010,2254,2760,2969,2302,1401,1190,969,786,398,0,0
2024,2024-08-21,Southbound,Light Vehicles,131,96,81,102,257,886,1885,2658,2615,2227,1629,1497,1356,1353,1503,2119,2341,2432,1918,1154,951,710,469,213,0,0
2024,2024-08-21,Northbound,All Vehicles,158,103,81,99,208,802,2228,2113,2286,1825,1577,1629,1803,1975,2285,2481,2990,3176,2465,1494,1260,1010,815,436,0,0
2024,2024-08-21,Southbound,All Vehicles,151,118,104,156,323,1053,2248,2955,2866,2528,1923,1794,1663,1625,1791,2380,2583,2643,2069,1229,1008,752,511,247,0,0
2024,2024-08-22,Northbound,Light Vehicles,152,76,80,68,161,615,1789,1743,1727,1483,1278,1346,1478,1765,2174,2186,2679,2912,2217,1408,1305,1023,851,459,0,0
2024,2024-08-22,Southbound,Heavy Vehicles,21,24,22,36,56,163,391,276,281,313,286,319,299,295,272,281,286,208,141,97,67,45,,45,0,0
2024,2024-08-22,Northbound,Heavy Vehicles,13,23,20,48,60,132,326,389,303,304,315,289,273,326,284,239,224,211,134,101,84,62,36,23,0,0
2024,2024-08-22,Southbound,Light Vehicles,141,81,85,115,279,895,1747,2570,2268,2278,1581,1478,1376,1447,1527,2079,2350,2543,1943,1182,856,807,,287,0,0
2024,2024-08-22,Northbound,All Vehicles,165,99,100,116,221,747,2115,2132,2030,1787,1593,1635,1751,2091,2458,2425,2903,3123,2351,1509,1389,1085,887,482,0,0
2024,2024-08-22,Southbound,All Vehicles,162,105,107,151,335,1058,2138,2846,2549,2591,1867,1797,1675,1742,1799,2360,2636,2751,2084,1279,923,852,,332,0,0
2024,2024-08-23,Southbound,Heavy Vehicles,31,25,30,48,54,173,320,316,253,310,297,314,276,278,279,286,274,223,136,,,44,30,31,0,0
2024,2024-08-23,Northbound,Heavy Vehicles,25,16,21,33,57,129,358,341,285,311,279,266,275,285,295,260,246,208,144,79,64,40,41,29,0,0
2024,2024-08-23,Southbound,Light Vehicles,175,97,94,125,260,853,1723,2467,2605,2138,1819,1653,1533,1552,1633,2151,2271,2480,1969,,,803,663,371,0,0
2024,2024-08-23,Northbound,Light Vehicles,178,115,71,66,160,616,1729,1628,1687,1349,1327,1509,1637,1837,2310,2390,2712,2760,2342,1486,1221,1053,965,639,0,0
2024,2024-08-23,Southbound,All Vehicles,206,122,124,173,314,1026,2043,2783,2858,2448,2116,1967,1809,1830,1912,2437,2545,2703,2105,,,847,693,402,0,0
2024,2024-08-23,Northbound,All Vehicles,203,131,92,99,217,745,2087,1969,1972,1660,1606,1775,1912,2122,2605,2650,2958,2968,2486,1565,1285,1093,1006,668,0,0
2024,2024-08-24,Southbound,Light Vehicles,239,157,104,121,176,441,886,1213,1650,2402,2466,2524,2547,2456,2093,2253,1989,2122,1744,1182,900,876,680,504,0,0
2024,2024-08-24,Northbound,Heavy Vehicles,25,13,15,21,25,47,157,168,127,125,142,134,135,127,140,123,112,103,83,60,43,36,47,25,0,0
2024,2024-08-24,Northbound,Light Vehicles,372,166,107,76,116,371,1033,1002,1188,1571,1884,2067,2198,2399,2422,2358,2389,2333,1939,1265,1094,1235,1166,779,0,0
2024,2024-08-24,Southbound,Heavy Vehicles,26,12,18,32,21,56,139,151,143,154,152,165,131,137,128,131,110,112,83,59,44,41,32,34,0,0
2024,2024-08-24,Southbound,All Vehicles,265,169,122,153,197,497,1025,1364,1793,2556,2618,2689,2678,2593,2221,2384,2099,2234,1827,1241,944,917,712,538,0,0
2024,2024-08-24,Northbound,All Vehicles,397,179,122,97,141,418,1190,1170,1315,1696,2026,2201,2333,2526,2562,2481,2501,2436,2022,1325,1137,1271,1213,804,0,0
2024,2024-08-25,Southbound,Heavy Vehicles,9,10,11,8,12,22,46,57,58,94,101,101,94,84,77,76,63,88,80,51,50,42,28,23,0,0
2024,2024-08-25,Northbound,Heavy Vehicles,16,6,24,13,8,19,44,54,67,56,66,70,91,77,96,76,80,84,77,61,57,36,36,17,0,0
2024,2024-08-25,Northbound,Light Vehicles,497,227,128,93,93,166,362,571,850,1321,1561,1828,2020,2143,2292,2030,2087,2178,1537,1119,1024,1001,646,343,0,0
2024,2024-08-25,Southbound,Light Vehicles,293,212,115,99,144,350,525,801,1230,1885,2297,2073,2017,2012,1875,1815,1704,1563,1255,908,805,677,436,219,0,0
2024,2024-08-25,Southbound,All Vehicles,302,222,126,107,156,372,571,858,1288,1979,2398,2174,2111,2096,1952,1891,1767,1651,1335,959,855,719,464,242,0,0
2024,2024-08-25,Northbound,All Vehicles,513,233,152,106,101,185,406,625,917,1377,1627,1898,2111,2220,2388,2106,2167,2262,1614,1180,1081,1037,682,360,0,0
2024,2024-08-26,Northbound,Heavy Vehicles,23,17,16,20,60,159,367,347,291,350,330,282,267,263,284,254,245,209,151,90,55,49,30,24,0,0
2024,2024-08-26,Southbound,Heavy Vehicles,26,14,28,38,52,163,330,318,235,296,302,293,290,297,265,244,260,180,126,72,,46,36,35,0,0
2024,2024-08-26,Southbound,Light Vehicles,149,65,69,101,260,878,1774,2571,2272,2095,1465,1375,1316,1326,1444,1971,2120,2133,1642,1070,,607,415,219,0,0
2024,2024-08-26,Northbound,Light Vehicles,147,81,56,50,147,647,1833,1758,1754,1410,1257,1361,1475,1670,1972,2203,2727,3082,2134,1242,1080,982,680,349,0,0
2024,2024-08-26,Northbound,All Vehicles,170,98,72,70,207,806,2200,2105,2045,1760,1587,1643,1742,1933,2256,2457,2972,3291,2285,1332,1135,1031,710,373,0,0
2024,2024-08-26,Southbound,All Vehicles,175,79,97,139,312,1041,2104,2889,2507,2391,1767,1668,1606,1623,1709,2215,2380,2313,1768,1142,,653,451,254,0,0
2024,2024-08-27,Southbound,Light Vehicles,111,76,74,110,273,908,1868,1960,2193,2262,1664,1385,1286,1394,1553,1953,1990,2207,1771,1146,822,673,491,252,0,0
2024,2024-08-27,Southbound,Heavy Vehicles,30,23,20,54,65,163,351,244,231,266,298,320,267,265,251,238,244,213,146,93,63,51,36,42,0,0
2024,2024-08-27,Northbound,Heavy Vehicles,15,13,18,37,54,139,369,359,310,259,265,285,288,272,253,245,270,229,170,92,85,41,34,23,0,0
2024,2024-08-27,Northbound,Light Vehicles,125,83,63,68,160,675,1783,1871,1992,1486,1251,1275,1470,1662,2077,2326,2845,2992,2286,1258,1206,1040,786,376,0,0
2024,2024-08-27,Southbound,All Vehicles,141,99,94,164,338,1071,2219,2204,2424,2528,1962,1705,1553,1659,1804,2191,2234,2420,1917,1239,885,724,527,294,0,0
2024,2024-08-27,Northbound,All Vehicles,140,96,81,105,214,814,2152,2230,2302,1745,1516,1560,1758,1934,2330,2571,3115,3221,2456,1350,1291,1081,820,399,0,0
2024,2024-08-28,Northbound,Light Vehicles,171,78,50,71,156,702,1743,1823,1869,1479,1299,1346,1440,1737,2100,2263,2722,3039,2183,1394,1127,1059,926,553,0,0
2024,2024-08-28,Southbound,Heavy Vehicles,26,22,17,51,62,155,366,276,218,315,319,306,317,269,257,293,294,199,163,70,,44,41,30,0,0
2024,2024-08-28,Northbound,Heavy Vehicles,26,20,23,33,59,137,333,355,310,329,290,317,261,289,282,260,222,189,150,77,74,39,40,22,0,0
2024,2024-08-28,Southbound,Light Vehicles,156,99,75,102,279,844,1864,2686,2394,2287,1656,1479,1386,1383,1598,2141,2353,2336,1980,1179,,737,461,242,0,0
2024,2024-08-28,Northbound,All Vehicles,197,98,73,104,215,839,2076,2178,2179,1808,1589,1663,1701,2026,2382,2523,2944,3228,2333,1471,1201,1098,966,575,0,0
2024,2024-08-28,Southbound,All Vehicles,182,121,92,153,341,999,2230,2962,2612,2602,1975,1785,1703,1652,1855,2434,2647,2535,2143,1249,,781,502,272,0,0
2024,2024-08-29,Southbound,Heavy Vehicles,25,13,15,46,65,146,368,331,238,290,358,319,316,278,280,286,299,223,,95,,62,46,30,0,0
2024,2024-08-29,Northbound,Light Vehicles,166,92,72,69,150,676,1809,1838,1949,1720,1361,1373,1567,1767,2109,2305,2770,3018,2344,1413,1272,1140,933,481,0,0
2024,2024-08-29,Northbound,Heavy Vehicles,17,24,20,37,62,144,353,345,280,345,299,294,287,290,259,252,249,189,148,115,76,61,27,28,0,0
2024,2024-08-29,Southbound,Light Vehicles,139,92,86,106,278,905,1815,2622,2492,2465,1972,1584,1426,1504,1631,2086,2358,2459,,1289,,810,476,269,0,0
2024,2024-08-29,Southbound,All Vehicles,164,105,101,152,343,1051,2183,2953,2730,2755,2330,1903,1742,1782,1911,2372,2657,2682,,1384,,872,522,299,0,0
2024,2024-08-29,Northbound,All Vehicles,183,116,92,106,212,820,2162,2183,2229,2065,1660,1667,1854,2057,2368,2557,3019,3207,2492,1528,1348,1201,960,509,0,0
2024,2024-08-30,Northbound,Heavy Vehicles,23,21,24,31,52,146,344,352,286,269,303,282,288,313,266,237,207,179,145,91,104,63,44,42,0,0
2024,2024-08-30,Northbound,Light Vehicles,150,100,73,75,151,624,1779,1612,1639,1477,1260,1469,1709,1935,2195,2340,2618,2627,2170,1544,1939,1352,1210,733,0,0
2024,2024-08-30,Southbound,Light Vehicles,144,104,73,105,275,827,1649,2486,2490,2217,1775,1685,1664,1629,1680,2142,2117,1537,1698,1528,942,885,689,416,0,0
2024,2024-08-30,Southbound,Heavy Vehicles,26,30,33,41,57,166,327,323,228,289,301,307,315,268,241,275,237,177,133,111,62,55,37,30,0,0
2024,2024-08-30,Northbound,All Vehicles,173,121,97,106,203,770,2123,1964,1925,1746,1563,1751,1997,2248,2461,2577,2825,2806,2315,1635,2043,1415,1254,775,0,0
2024,2024-08-30,Southbound,All Vehicles,170,134,106,146,332,993,1976,2809,2718,2506,2076,1992,1979,1897,1921,2417,2354,1714,1831,1639,1004,940,726,446,0,0
2024,2024-08-31,Southbound,Light Vehicles,256,147,110,128,204,418,861,1159,397,,1377,2593,2265,2252,2279,2145,2120,2374,1962,1195,904,968,728,477,0,0
2024,2024-08-31,Southbound,Heavy Vehicles,26,21,16,34,27,56,126,116,39,,114,162,166,151,120,149,127,136,95,59,41,71,42,27,0,0
2024,2024-08-31,Northbound,Heavy Vehicles,22,16,24,21,15,59,176,165,122,144,130,153,130,107,126,107,110,96,78,54,39,41,35,25,0,0
2024,2024-08-31,Northbound,Light Vehicles,411,169,109,103,114,375,1046,1085,1271,1653,1888,1972,2144,2118,2316,2109,2223,2177,1875,1348,1109,1161,1155,750,0,0
2024,2024-08-31,Southbound,All Vehicles,282,168,126,162,231,474,987,1275,436,,1491,2755,2431,2403,2399,2294,2247,2510,2057,1254,945,1039,770,504,0,0
2024,2024-08-31,Northbound,All Vehicles,433,185,133,124,129,434,1222,1250,1393,1797,2018,2125,2274,2225,2442,2216,2333,2273,1953,1402,1148,1202,1190,775,0,0
2024,2024-09-01,Northbound,Heavy Vehicles,15,17,16,18,10,25,36,42,50,63,78,77,84,77,74,91,75,74,62,61,45,29,22,20,0,0
2024,2024-09-01,Southbound,Light Vehicles,379,179,136,105,144,240,469,735,1212,1859,2071,2169,2027,1876,1763,1775,1732,1656,1368,1014,943,765,445,258,0,0
2024,2024-09-01,Northbound,Light Vehicles,576,251,147,84,84,158,377,519,812,1354,1590,1784,1942,2044,2004,2024,2025,1987,1542,1193,1181,1006,562,295,0,0
2024,2024-09-01,Southbound,Heavy Vehicles,11,12,5,7,12,21,39,64,61,67,91,87,92,84,73,69,76,84,84,65,64,34,26,19,0,0
2024,2024-09-01,Northbound,All Vehicles,591,268,163,102,94,183,413,561,862,1417,1668,1861,2026,2121,2078,2115,2100,2061,1604,1254,1226,1035,584,315,0,0
2024,2024-09-01,Southbound,All Vehicles,390,191,141,112,156,261,508,799,1273,1926,2162,2256,2119,1960,1836,1844,1808,1740,1452,1079,1007,799,471,277,0,0
2024,2024-09-02,Southbound,Light Vehicles,146,77,72,97,282,910,1841,2688,2273,2093,1544,1413,1336,1331,1438,1942,2192,2123,1546,1032,809,598,381,191,0,0
2024,2024-09-02,Northbound,Heavy Vehicles,20,16,17,23,59,127,333,332,319,328,323,258,280,290,251,269,262,195,125,94,57,46,22,29,0,0
2024,2024-09-02,Northbound,Light Vehicles,149,78,62,51,156,673,1791,1820,1845,1277,1230,1340,1417,1666,1956,2206,2687,2955,2047,1207,998,865,643,334,0,0
2024,2024-09-02,Southbound,Heavy Vehicles,27,12,28,32,59,167,345,332,222,318,278,275,270,275,278,272,273,215,136,64,62,46,31,23,0,0
2024,2024-09-02,Southbound,All Vehicles,173,89,100,129,341,1077,2186,3020,2495,2411,1822,1688,1606,1606,1716,2214,2465,2338,1682,1096,871,644,412,214,0,0
2024,2024-09-02,Northbound,All Vehicles,169,94,79,74,215,800,2124,2152,2164,1605,1553,1598,1697,1956,2207,2475,2949,3150,2172,1301,1055,911,665,363,0,0
2024,2024-09-03,Northbound,Light Vehicles,137,68,60,58,142,673,1932,2090,2016,1635,1349,1323,1512,1675,2047,2264,2778,3064,2323,1315,1175,1025,753,348,0,0
2024,2024-09-03,Southbound,Light Vehicles,134,66,77,113,291,896,1906,2750,2352,2306,1585,1366,1356,1393,1559,2113,2327,2404,1843,1084,822,706,,234,0,0
2024,2024-09-03,Southbound,Heavy Vehicles,21,17,26,37,59,185,365,303,225,309,274,290,259,294,265,280,285,213,131,101,55,33,,36,0,0
2024,2024-09-03,Northbound,Heavy Vehicles,10,17,28,38,56,128,340,407,308,347,301,278,263,299,305,254,228,218,149,88,78,50,28,34,0,0
2024,2024-09-03,Northbound,All Vehicles,147,85,88,96,198,801,2272,2497,2324,1982,1650,1601,1775,1974,2352,2518,3006,3282,2472,1403,1253,1075,781,382,0,0
2024,2024-09-03,Southbound,All Vehicles,155,83,103,150,350,1081,2271,3053,2577,2615,1859,1656,1615,1687,1824,2393,2612,2617,1974,1185,877,739,,270,0,0
2024,2024-09-04,Southbound,Light Vehicles,145,96,87,110,262,869,1923,2694,2386,2242,1614,1469,1421,1434,1584,2029,2294,2336,1903,1263,879,743,443,244,0,0
2024,2024-09-04,Northbound,Heavy Vehicles,20,20,26,27,70,134,318,354,354,339,303,327,275,320,280,296,246,204,190,95,59,51,26,27,0,0
2024,2024-09-04,Southbound,Heavy Vehicles,36,27,23,41,64,182,375,298,263,317,344,290,275,265,295,278,276,249,158,77,75,43,39,32,0,0
2024,2024-09-04,Northbound,Light Vehicles,157,93,59,61,135,708,1830,1897,1944,1515,1231,1349,1477,1705,2127,2367,2845,2988,2500,1440,1193,1024,777,392,0,0
2024,2024-09-04,Southbound,All Vehicles,181,123,110,151,326,1051,2298,2992,2649,2559,1958,1759,1696,1699,1879,2307,2570,2585,2061,1340,954,786,482,276,0,0
2024,2024-09-04,Northbound,All Vehicles,177,113,85,88,205,842,2148,2251,2298,1854,1534,1676,1752,2025,2407,2663,3091,3192,2690,1535,1252,1075,803,419,0,0
2024,2024-09-05,Northbound,Heavy Vehicles,23,18,21,36,58,116,325,363,308,328,301,308,294,296,283,263,228,203,151,95,77,53,37,25,0,0
2024,2024-09-05,Southbound,Light Vehicles,142,100,78,101,290,850,1895,2528,2188,2235,1642,1478,1390,1508,1576,2108,2358,2348,1874,1181,845,752,447,253,0,0
2024,2024-09-05,Southbound,Heavy Vehicles,26,17,20,41,52,171,376,270,203,291,281,287,289,275,260,300,278,215,130,84,63,50,44,31,0,0
2024,2024-09-05,Northbound,Light Vehicles,159,82,69,58,143,683,1753,1828,1905,1496,1288,1444,1616,1808,2192,2441,2774,2892,2281,1425,1331,1029,698,433,0,0
2024,2024-09-05,Northbound,All Vehicles,182,100,90,94,201,799,2078,2191,2213,1824,1589,1752,1910,2104,2475,2704,3002,3095,2432,1520,1408,1082,735,458,0,0
2024,2024-09-05,Southbound,All Vehicles,168,117,98,142,342,1021,2271,2798,2391,2526,1923,1765,1679,1783,1836,2408,2636,2563,2004,1265,908,802,491,284,0,0
2024,2024-09-06,Southbound,Light Vehicles,143,105,91,106,291,842,1801,2479,2603,2196,1838,1669,1530,1543,1693,2105,2319,2453,2278,1481,949,891,753,468,0,0
2024,2024-09-06,Northbound,Light Vehicles,187,106,67,67,158,631,1782,1747,1697,1507,1418,1428,1704,1877,2192,2290,2559,2701,2082,1409,1285,1176,1392,878,0,0
2024,2024-09-06,Northbound,Heavy Vehicles,21,21,23,47,56,131,350,374,342,338,323,315,285,281,276,259,219,172,131,100,71,47,56,38,0,0
2024,2024-09-06,Southbound,Heavy Vehicles,32,24,38,40,61,181,337,313,276,303,281,342,271,309,261,288,261,232,166,95,69,61,40,28,0,0
2024,2024-09-06,Southbound,All Vehicles,175,129,129,146,352,1023,2138,2792,2879,2499,2119,2011,1801,1852,1954,2393,2580,2685,2444,1576,1018,952,793,496,0,0
2024,2024-09-06,Northbound,All Vehicles,208,127,90,114,214,762,2132,2121,2039,1845,1741,1743,1989,2158,2468,2549,2778,2873,2213,1509,1356,1223,1448,916,0,0
2024,2024-09-07,Southbound,Heavy Vehicles,25,21,15,24,31,61,126,118,137,,143,155,155,138,105,148,114,134,83,61,48,54,,27,0,0
2024,2024-09-07,Northbound,Light Vehicles,402,198,112,85,125,365,1067,957,1161,1626,1865,1948,2109,2147,2124,1994,2032,2093,1789,1559,1396,1084,992,652,0,0
2024,2024-09-07,Southbound,Light Vehicles,258,155,126,105,189,433,971,1154,1552,,2240,2304,2343,2145,2054,2144,2237,1995,1603,1197,1036,879,,491,0,0
2024,2024-09-07,Northbound,Heavy Vehicles,23,20,25,19,19,65,152,160,118,138,121,134,124,113,127,99,95,97,88,74,55,33,31,37,0,0
2024,2024-09-07,Southbound,All Vehicles,283,176,141,129,220,494,1097,1272,1689,,2383,2459,2498,2283,2159,2292,2351,2129,1686,1258,1084,933,,518,0,0
2024,2024-09-07,Northbound,All Vehicles,425,218,137,104,144,430,1219,1117,1279,1764,1986,2082,2233,2260,2251,2093,2127,2190,1877,1633,1451,1117,1023,689,0,0
2024,2024-09-08,Northbound,Light Vehicles,390,210,136,97,85,198,397,538,821,1270,1575,1777,1887,1796,2000,1905,1818,1879,1517,1087,1094,954,570,339,0,0
2024,2024-09-08,Northbound,Heavy Vehicles,16,8,17,17,10,16,45,51,62,102,73,81,96,82,93,92,73,80,67,55,43,30,33,22,0,0
2024,2024-09-08,Southbound,Light Vehicles,287,187,123,105,133,239,526,788,1161,1740,2074,1973,1956,1931,1796,1765,1653,1497,1293,969,862,723,431,217,0,0
2024,2024-09-08,Southbound,Heavy Vehicles,22,13,7,9,10,19,32,49,75,80,93,87,96,78,86,93,85,89,65,70,49,45,36,26,0,0
2024,2024-09-08,Northbound,All Vehicles,406,218,153,114,95,214,442,589,883,1372,1648,1858,1983,1878,2093,1997,1891,1959,1584,1142,1137,984,603,361,0,0
2024,2024-09-08,Southbound,All Vehicles,309,200,130,114,143,258,558,837,1236,1820,2167,2060,2052,2009,1882,1858,1738,1586,1358,1039,911,768,467,243,0,0
2024,2024-09-09,Southbound,Heavy Vehicles,17,18,25,37,51,189,336,302,218,273,295,304,301,268,264,262,260,204,135,80,54,41,46,35,0,0
2024,2024-09-09,Southbound,Light Vehicles,162,69,73,88,264,937,1809,2494,2338,2164,1532,1412,1322,1290,1484,1961,2140,2210,1576,1089,788,582,411,204,0,0
2024,2024-09-09,Northbound,Heavy Vehicles,19,14,17,29,53,128,367,333,336,334,251,285,258,305,276,270,229,214,159,102,67,32,21,23,0,0
2024,2024-09-09,Northbound,Light Vehicles,137,88,63,54,153,721,1744,1790,1827,1365,1226,1286,1432,1653,1996,2220,2763,3024,2234,1208,1018,893,672,319,0,0
2024,2024-09-09,Southbound,All Vehicles,179,87,98,125,315,1126,2145,2796,2556,2437,1827,1716,1623,1558,1748,2223,2400,2414,1711,1169,842,623,457,239,0,0
2024,2024-09-09,Northbound,All Vehicles,156,102,80,83,206,849,2111,2123,2163,1699,1477,1571,1690,1958,2272,2490,2992,3238,2393,1310,1085,925,693,342,0,0
2024,2024-09-10,Northbound,Heavy Vehicles,19,21,21,34,52,145,373,368,298,323,322,282,261,274,294,267,258,214,141,97,58,48,36,20,0,0
2024,2024-09-10,Northbound,Light Vehicles,128,75,63,66,138,672,1806,1850,1992,1463,1247,1320,1465,1644,1997,2260,2847,3051,2152,1302,1136,912,731,345,0,0
2024,2024-09-10,Southbound,Light Vehicles,88,74,93,99,255,883,1878,2610,2262,2211,1612,1360,1318,1344,1504,2074,2201,2466,1782,1108,812,670,464,216,0,0
2024,2024-09-10,Southbound,Heavy Vehicles,17,21,14,46,64,173,329,340,227,279,304,305,279,291,261,293,278,221,154,86,66,41,37,33,0,0
2024,2024-09-10,Northbound,All Vehicles,147,96,84,100,190,817,2179,2218,2290,1786,1569,1602,1726,1918,2291,2527,3105,3265,2293,1399,1194,960,767,365,0,0
2024,2024-09-10,Southbound,All Vehicles,105,95,107,145,319,1056,2207,2950,2489,2490,1916,1665,1597,1635,1765,2367,2479,2687,1936,1194,878,711,501,249,0,0
2024,2024-09-11,Southbound,Light Vehicles,157,83,92,100,254,876,1923,2641,2294,2254,1612,1435,1307,1392,1609,,2453,2334,1816,1168,922,748,471,258,0,0
2024,2024-09-11,Northbound,Light Vehicles,157,91,69,57,162,657,1787,1835,1963,1509,1329,1280,1433,1647,2082,2290,2913,3054,2210,1369,1121,973,791,385,0,0
2024,2024-09-11,Northbound,Heavy Vehicles,15,18,24,34,75,145,367,363,357,352,299,266,266,306,261,262,251,181,150,92,54,39,34,18,0,0
2024,2024-09-11,Southbound,Heavy Vehicles,33,31,15,55,76,182,356,313,274,336,310,326,278,274,316,,268,219,129,83,45,60,37,36,0,0
2024,2024-09-11,Southbound,All Vehicles,190,114,107,155,330,1058,2279,2954,2568,2590,1922,1761,1585,1666,1925,,2721,2553,1945,1251,967,808,508,294,0,0
2024,2024-09-11,Northbound,All Vehicles,172,109,93,91,237,802,2154,2198,2320,1861,1628,1546,1699,1953,2343,2552,3164,3235,2360,1461,1175,1012,825,403,0,0
2024,2024-09-12,Northbound,Light Vehicles,175,88,73,66,148,676,1780,1795,1810,1539,1271,1290,1549,1692,2113,2373,2795,2843,2258,1371,1183,961,759,1027,0,0
2024,2024-09-12,Southbound,Heavy Vehicles,23,25,25,48,68,157,369,308,272,311,298,287,305,,278,276,269,222,153,87,68,52,40,23,0,0
2024,2024-09-12,Northbound,Heavy Vehicles,26,15,33,31,68,127,361,362,307,342,323,251,294,279,278,282,227,173,151,87,72,47,34,47,0,0
2024,2024-09-12,Southbound,Light Vehicles,152,102,92,87,280,898,1855,2570,2401,2325,1705,1455,1386,,1630,2203,2336,2257,2063,1299,862,806,532,357,0,0
2024,2024-09-12,Northbound,All Vehicles,201,103,106,97,216,803,2141,2157,2117,1881,1594,1541,1843,1971,2391,2655,3022,3016,2409,1458,1255,1008,793,1074,0,0
2024,2024-09-12,Southbound,All Vehicles,175,127,117,135,348,1055,2224,2878,2673,2636,2003,1742,1691,,1908,2479,2605,2479,2216,1386,930,858,572,380,0,0
2024,2024-09-13,Southbound,Light Vehicles,200,118,73,96,276,844,1725,2618,2618,2312,1835,1632,1569,1612,1670,2137,2256,2329,2237,1528,924,841,711,497,0,0
2024,2024-09-13,Northbound,Heavy Vehicles,26,23,27,27,71,134,392,445,318,360,312,279,289,307,277,240,222,233,138,110,60,56,48,42,0,0
2024,2024-09-13,Southbound,Heavy Vehicles,26,31,27,44,61,167,323,324,267,318,266,337,323,278,283,260,253,196,176,104,64,57,33,39,0,0
2024,2024-09-13,Northbound,Light Vehicles,223,97,71,68,151,679,2183,2462,2000,1500,1271,1478,1780,1854,2332,2473,2654,2850,2184,1573,1249,1059,1054,1125,0,0
2024,2024-09-13,Southbound,All Vehicles,226,149,100,140,337,1011,2048,2942,2885,2630,2101,1969,1892,1890,1953,2397,2509,2525,2413,1632,988,898,744,536,0,0
2024,2024-09-13,Northbound,All Vehicles,249,120,98,95,222,813,2575,2907,2318,1860,1583,1757,2069,2161,2609,2713,2876,3083,2322,1683,1309,1115,1102,1167,0,0
2024,2024-09-14,Northbound,Light Vehicles,415,221,129,98,110,411,1082,962,1211,1593,1810,2006,1989,2150,2238,2303,2175,2099,1962,1351,1204,1140,1512,1339,0,0
2024,2024-09-14,Northbound,Heavy Vehicles,18,20,13,23,21,59,173,160,126,163,132,165,118,119,116,113,89,107,70,75,39,30,41,44,0,0
2024,2024-09-14,Southbound,Light Vehicles,237,132,119,111,182,481,938,1203,1599,2240,2480,2207,2571,2359,2298,2199,2201,2311,2231,1313,955,919,843,474,0,0
2024,2024-09-14,Southbound,Heavy Vehicles,17,13,16,38,27,55,109,139,147,171,161,154,168,152,147,134,128,123,105,55,40,41,32,23,0,0
2024,2024-09-14,Northbound,All Vehicles,433,241,142,121,131,470,1255,1122,1337,1756,1942,2171,2107,2269,2354,2416,2264,2206,2032,1426,1243,1170,1553,1383,0,0
2024,2024-09-14,Southbound,All Vehicles,254,145,135,149,209,536,1047,1342,1746,2411,2641,2361,2739,2511,2445,2333,2329,2434,2336,1368,995,960,875,497,0,0
2024,2024-09-15,Southbound,Heavy Vehicles,14,8,14,8,10,25,50,42,76,81,105,111,98,91,121,134,91,80,80,64,44,36,27,19,0,0
2024,2024-09-15,Northbound,Light Vehicles,400,224,144,106,88,177,388,534,845,1230,1680,1892,2027,2024,2038,1997,2074,1833,2217,1611,1117,987,662,394,0,0
2024,2024-09-15,Southbound,Light Vehicles,304,157,141,118,118,249,527,725,1212,1954,2301,2090,2055,2292,2159,1795,1734,1623,1378,993,844,754,452,284,0,0
2024,2024-09-15,Northbound,Heavy Vehicles,16,11,10,16,15,21,38,57,66,93,80,98,83,94,87,83,100,80,114,100,52,36,26,19,0,0
2024,2024-09-15,Southbound,All Vehicles,318,165,155,126,128,274,577,767,1288,2035,2406,2201,2153,2383,2280,1929,1825,1703,1458,1057,888,790,479,303,0,0
2024,2024-09-15,Northbound,All Vehicles,416,235,154,122,103,198,426,591,911,1323,1760,1990,2110,2118,2125,2080,2174,1913,2331,1711,1169,1023,688,413,0,0
2024,2024-09-16,Southbound,Light Vehicles,143,89,62,86,279,888,1837,2697,2505,2081,1536,1399,1336,1338,1501,1963,2069,2120,1589,1116,781,623,416,199,0,0
2024,2024-09-16,Northbound,Light Vehicles,183,79,71,65,161,668,1777,1722,1794,1335,1218,1381,1500,1553,2088,2228,2689,2978,2046,1253,1063,892,614,299,0,0
2024,2024-09-16,Southbound,Heavy Vehicles,18,20,28,36,62,161,386,340,237,283,289,281,284,289,307,276,250,228,132,86,58,42,34,28,0,0
2024,2024-09-16,Northbound,Heavy Vehicles,23,8,20,26,55,138,331,358,333,305,315,291,273,322,308,256,269,193,152,103,68,52,27,15,0,0
2024,2024-09-16,Southbound,All Vehicles,161,109,90,122,341,1049,2223,3037,2742,2364,1825,1680,1620,1627,1808,2239,2319,2348,1721,1202,839,665,450,227,0,0
2024,2024-09-16,Northbound,All Vehicles,206,87,91,91,216,806,2108,2080,2127,1640,1533,1672,1773,1875,2396,2484,2958,3171,2198,1356,1131,944,641,314,0,0
2024,2024-09-17,Southbound,Heavy Vehicles,21,29,17,36,72,162,384,297,217,311,315,308,316,261,267,272,269,239,135,86,79,42,51,39,0,0
2024,2024-09-17,Northbound,Heavy Vehicles,13,18,31,32,50,149,348,324,306,335,318,304,277,292,272,261,237,177,164,87,86,48,27,20,0,0
2024,2024-09-17,Southbound,Light Vehicles,117,71,89,108,280,858,1901,2620,2393,2194,1612,1404,1332,1361,1504,2105,2283,2310,1688,1081,890,803,565,269,0,0
2024,2024-09-17,Northbound,Light Vehicles,154,95,76,54,161,662,1837,1837,1861,1446,1285,1352,1447,1556,2099,2312,2928,3046,2397,1357,1185,969,746,340,0,0
2024,2024-09-17,Southbound,All Vehicles,138,100,106,144,352,1020,2285,2917,2610,2505,1927,1712,1648,1622,1771,2377,2552,2549,1823,1167,969,845,616,308,0,0
2024,2024-09-17,Northbound,All Vehicles,167,113,107,86,211,811,2185,2161,2167,1781,1603,1656,1724,1848,2371,2573,3165,3223,2561,1444,1271,1017,773,360,0,0
2024,2024-09-18,Northbound,Heavy Vehicles,24,12,19,37,63,137,339,368,364,338,270,298,240,288,286,241,219,218,135,93,64,35,32,27,0,0
2024,2024-09-18,Northbound,Light Vehicles,143,84,69,64,155,673,1830,1772,1955,1492,1257,1317,1438,1744,2037,2319,2767,3024,2261,1329,1195,999,720,404,0,0
2024,2024-09-18,Southbound,Heavy Vehicles,25,23,24,47,64,190,372,331,235,283,291,321,262,266,295,270,264,193,148,79,59,36,38,36,0,0
2024,2024-09-18,Southbound,Light Vehicles,139,110,78,89,286,892,1972,2687,2346,2172,1693,1502,1294,1420,1523,2096,2125,2332,1713,1167,834,734,480,279,0,0
2024,2024-09-18,Northbound,All Vehicles,167,96,88,101,218,810,2169,2140,2319,1830,1527,1615,1678,2032,2323,2560,2986,3242,2396,1422,1259,1034,752,431,0,0
2024,2024-09-18,Southbound,All Vehicles,164,133,102,136,350,1082,2344,3018,2581,2455,1984,1823,1556,1686,1818,2366,2389,2525,1861,1246,893,770,518,315,0,0
2024,2024-09-19,Northbound,Light Vehicles,182,78,54,79,157,686,1776,1766,1827,1483,1302,1284,1488,1676,1997,2420,2869,3073,2339,1351,1237,1058,760,478,0,0
2024,2024-09-19,Southbound,Heavy Vehicles,29,18,23,38,66,163,372,336,284,327,287,288,304,302,282,278,261,253,137,100,60,57,53,34,0,0
2024,2024-09-19,Southbound,Light Vehicles,145,96,76,120,301,868,1893,2733,2550,2153,1568,1439,1366,1454,1538,2155,2379,2517,1768,1190,878,748,453,299,0,0
2024,2024-09-19,Northbound,Heavy Vehicles,22,16,19,45,63,135,364,395,316,305,323,278,258,293,266,240,231,198,158,109,99,48,42,24,0,0
2024,2024-09-19,Northbound,All Vehicles,204,94,73,124,220,821,2140,2161,2143,1788,1625,1562,1746,1969,2263,2660,3100,3271,2497,1460,1336,1106,802,502,0,0
2024,2024-09-19,Southbound,All Vehicles,174,114,99,158,367,1031,2265,3069,2834,2480,1855,1727,1670,1756,1820,2433,2640,2770,1905,1290,938,805,506,333,0,0
2024,2024-09-20,Southbound,Light Vehicles,155,96,98,111,255,887,1776,2462,2435,2233,1773,1587,1539,1528,1610,2119,2364,2384,2040,1273,919,827,735,417,0,0
2024,2024-09-20,Southbound,Heavy Vehicles,28,29,36,39,63,179,315,344,298,285,341,297,290,257,254,272,262,197,150,90,72,34,47,30,0,0
2024,2024-09-20,Northbound,Light Vehicles,166,89,77,65,168,634,1821,1677,1674,1409,1356,1498,1583,1871,2322,2394,2545,2802,2084,1449,1221,1050,1045,677,0,0
2024,2024-09-20,Northbound,Heavy Vehicles,20,21,15,33,58,160,329,358,317,318,323,310,252,316,264,254,191,180,125,97,74,49,37,30,0,0
2024,2024-09-20,Southbound,All Vehicles,183,125,134,150,318,1066,2091,2806,2733,2518,2114,1884,1829,1785,1864,2391,2626,2581,2190,1363,991,861,782,447,0,0
2024,2024-09-20,Northbound,All Vehicles,186,110,92,98,226,794,2150,2035,1991,1727,1679,1808,1835,2187,2586,2648,2736,2982,2209,1546,1295,1099,1082,707,0,0
2024,2024-09-21,Northbound,Light Vehicles,367,204,121,90,125,408,1129,973,1243,1627,1926,1821,2054,2085,2078,2003,2312,2146,2303,1840,1186,1062,1050,1296,0,0
2024,2024-09-21,Northbound,Heavy Vehicles,15,24,16,23,24,58,192,162,143,146,126,139,134,141,111,102,125,100,148,88,47,40,35,62,0,0
2024,2024-09-21,Southbound,Heavy Vehicles,34,17,19,28,31,55,115,122,155,161,201,168,173,179,140,174,125,145,92,66,51,39,41,29,0,0
2024,2024-09-21,Southbound,Light Vehicles,262,163,110,135,180,458,887,1252,1817,2354,2315,2263,2452,2473,1997,1825,1868,2050,1627,1140,903,870,787,609,0,0
2024,2024-09-21,Northbound,All Vehicles,382,228,137,113,149,466,1321,1135,1386,1773,2052,1960,2188,2226,2189,2105,2437,2246,2451,1928,1233,1102,1085,1358,0,0
2024,2024-09-21,Southbound,All Vehicles,296,180,129,163,211,513,1002,1374,1972,2515,2516,2431,2625,2652,2137,1999,1993,2195,1719,1206,954,909,828,638,0,0
2024,2024-09-22,Southbound,Light Vehicles,340,183,117,128,149,257,529,784,1249,1853,2165,2077,1984,2102,2127,2125,1780,1696,1269,982,818,705,452,237,0,0
2024,2024-09-22,Northbound,Light Vehicles,538,234,148,95,86,183,444,607,891,1336,1525,1786,1918,1898,1925,1872,2059,2203,2006,1194,1075,868,584,334,0,0
2024,2024-09-22,Southbound,Heavy Vehicles,15,14,8,13,11,14,36,50,61,99,99,107,84,88,94,63,96,93,89,51,43,44,33,29,0,0
2024,2024-09-22,Northbound,Heavy Vehicles,21,11,15,17,14,28,39,57,107,65,81,99,94,79,79,83,62,85,91,63,46,29,24,23,0,0
2024,2024-09-22,Southbound,All Vehicles,355,197,125,141,160,271,565,834,1310,1952,2264,2184,2068,2190,2221,2188,1876,1789,1358,1033,861,749,485,266,0,0
2024,2024-09-22,Northbound,All Vehicles,559,245,163,112,100,211,483,664,998,1401,1606,1885,2012,1977,2004,1955,2121,2288,2097,1257,1121,897,608,357,0,0
2024,2024-09-23,Northbound,Light Vehicles,131,74,57,58,155,700,1767,1687,1861,1425,1281,1362,1483,1753,2005,2315,2835,2938,2207,1288,1006,892,621,373,0,0
2024,2024-09-23,Southbound,Light Vehicles,154,93,77,92,267,925,1897,2551,2172,2100,1628,1328,1340,1332,1478,1953,2075,2269,1545,1045,806,628,383,211,0,0
2024,2024-09-23,Southbound,Heavy Vehicles,25,9,32,32,71,161,368,322,219,276,255,269,279,251,272,288,264,250,131,72,68,33,30,30,0,0
2024,2024-09-23,Northbound,Heavy Vehicles,25,16,23,22,55,155,315,379,326,326,309,291,284,304,275,273,244,209,151,78,59,44,23,35,0,0
2024,2024-09-23,Northbound,All Vehicles,156,90,80,80,210,855,2082,2066,2187,1751,1590,1653,1767,2057,2280,2588,3079,3147,2358,1366,1065,936,644,408,0,0
2024,2024-09-23,Southbound,All Vehicles,179,102,109,124,338,1086,2265,2873,2391,2376,1883,1597,1619,1583,1750,2241,2339,2519,1676,1117,874,661,413,241,0,0
2024,2024-09-24,Northbound,Heavy Vehicles,20,23,26,34,54,151,341,347,335,307,288,290,242,265,309,266,260,181,150,111,72,47,35,29,0,0
2024,2024-09-24,Southbound,Light Vehicles,121,79,89,120,302,933,1951,2694,2373,2174,1587,1405,1388,1424,1558,2131,2241,2427,1671,1096,824,670,502,291,0,0
2024,2024-09-24,Southbound,Heavy Vehicles,18,16,19,45,68,169,342,324,234,312,304,289,274,265,307,289,274,218,132,85,74,46,36,38,0,0
2024,2024-09-24,Northbound,Light Vehicles,149,100,62,72,146,705,1851,1887,1944,1466,1227,1370,1542,1645,2022,2362,2817,2952,2128,1244,1107,885,723,456,0,0
2024,2024-09-24,Northbound,All Vehicles,169,123,88,106,200,856,2192,2234,2279,1773,1515,1660,1784,1910,2331,2628,3077,3133,2278,1355,1179,932,758,485,0,0
2024,2024-09-24,Southbound,All Vehicles,139,95,108,165,370,1102,2293,3018,2607,2486,1891,1694,1662,1689,1865,2420,2515,2645,1803,1181,898,716,538,329,0,0
2024,2024-09-25,Northbound,Light Vehicles,186,83,61,59,152,693,1888,1745,2032,1503,1341,1328,1511,1679,2069,2377,2786,3001,2098,1317,1158,1128,799,369,0,0
2024,2024-09-25,Southbound,Heavy Vehicles,36,23,22,44,66,189,382,314,216,308,326,310,307,327,253,302,308,209,151,81,50,53,41,29,0,0
2024,2024-09-25,Northbound,Heavy Vehicles,22,16,25,36,72,136,367,359,350,391,297,298,278,302,336,256,255,190,148,80,61,58,45,25,0,0
2024,2024-09-25,Southbound,Light Vehicles,132,97,77,139,290,911,1953,2583,2294,2188,1636,1413,1337,1391,1536,2090,2439,2380,1868,1173,840,728,476,258,0,0
2024,2024-09-25,Northbound,All Vehicles,208,99,86,95,224,829,2255,2104,2382,1894,1638,1626,1789,1981,2405,2633,3041,3191,2246,1397,1219,1186,844,394,0,0
2024,2024-09-25,Southbound,All Vehicles,168,120,99,183,356,1100,2335,2897,2510,2496,1962,1723,1644,1718,1789,2392,2747,2589,2019,1254,890,781,517,287,0,0
2024,2024-09-26,Northbound,Light Vehicles,188,105,54,63,164,606,1551,1564,1727,1466,1346,1334,1466,1607,2057,2275,2501,2812,2062,1227,1142,945,706,476,0,0
2024,2024-09-26,Southbound,Light Vehicles,148,96,89,124,286,866,1806,2491,2186,2251,1742,1405,1359,1396,1581,1965,2110,2266,1639,1069,825,738,509,265,0,0
2024,2024-09-26,Northbound,Heavy Vehicles,19,23,19,38,68,111,243,263,239,282,328,249,219,256,257,228,198,207,136,75,62,43,29,20,0,0
2024,2024-09-26,Southbound,Heavy Vehicles,31,19,22,42,57,151,288,271,237,281,275,283,264,232,195,229,230,195,106,56,53,38,32,37,0,0
2024,2024-09-26,Northbound,All Vehicles,207,128,73,101,232,717,1794,1827,1966,1748,1674,1583,1685,1863,2314,2503,2699,3019,2198,1302,1204,988,735,496,0,0
2024,2024-09-26,Southbound,All Vehicles,179,115,111,166,343,1017,2094,2762,2423,2532,2017,1688,1623,1628,1776,2194,2340,2461,1745,1125,878,776,541,302,0,0
2024,2024-09-27,Southbound,Heavy Vehicles,22,35,32,45,59,160,307,288,260,301,248,266,298,291,270,237,229,189,132,84,57,51,38,32,0,0
2024,2024-09-27,Southbound,Light Vehicles,179,97,91,105,284,834,1736,2450,2388,2192,1864,1708,1530,1583,1636,2016,2145,2221,1895,1283,848,763,654,399,0,0
2024,2024-09-27,Northbound,Heavy Vehicles,23,24,22,31,66,112,298,303,302,310,273,284,265,284,277,274,233,182,146,94,56,42,28,24,0,0
2024,2024-09-27,Northbound,Light Vehicles,183,100,72,73,184,632,1734,1581,1621,1517,1353,1509,1647,1943,2262,2529,2712,2757,2156,1400,1177,1007,887,633,0,0
2024,2024-09-27,Southbound,All Vehicles,201,132,123,150,343,994,2043,2738,2648,2493,2112,1974,1828,1874,1906,2253,2374,2410,2027,1367,905,814,692,431,0,0
2024,2024-09-27,Northbound,All Vehicles,206,124,94,104,250,744,2032,1884,1923,1827,1626,1793,1912,2227,2539,2803,2945,2939,2302,1494,1233,1049,915,657,0,0
2024,2024-09-28,Southbound,Heavy Vehicles,18,7,11,31,30,58,128,127,135,146,174,166,157,165,125,116,127,131,117,68,34,46,28,24,0,0
2024,2024-09-28,Southbound,Light Vehicles,234,154,97,133,189,472,886,1019,1401,2039,2389,2463,2337,2264,2165,2060,1970,2216,1998,1169,864,881,744,491,0,0
2024,2024-09-28,Northbound,Light Vehicles,337,165,111,109,128,385,1038,911,1110,1410,1717,1811,2049,2108,2125,2079,2112,2078,1829,1306,1036,1154,1560,803,0,0
2024,2024-09-28,Northbound,Heavy Vehicles,15,11,10,20,23,60,160,142,128,157,142,154,107,111,122,91,94,84,69,54,48,47,69,33,0,0
2024,2024-09-28,Southbound,All Vehicles,252,161,108,164,219,530,1014,1146,1536,2185,2563,2629,2494,2429,2290,2176,2097,2347,2115,1237,898,927,772,515,0,0
2024,2024-09-28,Northbound,All Vehicles,352,176,121,129,151,445,1198,1053,1238,1567,1859,1965,2156,2219,2247,2170,2206,2162,1898,1360,1084,1201,1629,836,0,0
2024,2024-09-29,Northbound,Light Vehicles,382,206,127,97,83,218,392,532,749,1194,1426,1616,1829,1926,1943,1963,2075,2071,1521,1097,1019,897,639,360,0,0
2024,2024-09-29,Southbound,Light Vehicles,306,159,119,112,158,219,472,752,1065,1764,2155,2054,2118,2293,1981,1648,1687,1548,1231,963,817,777,441,266,0,0
2024,2024-09-29,Northbound,Heavy Vehicles,16,9,13,15,11,21,38,65,72,75,76,76,82,100,75,87,77,81,73,47,51,28,27,16,0,0
2024,2024-09-29,Southbound,Heavy Vehicles,17,9,8,9,10,28,45,48,77,78,95,92,94,100,99,92,93,77,67,57,63,36,37,25,0,0
2024,2024-09-29,Northbound,All Vehicles,398,215,140,112,94,239,430,597,821,1269,1502,1692,1911,2026,2018,2050,2152,2152,1594,1144,1070,925,666,376,0,0
2024,2024-09-29,Southbound,All Vehicles,323,168,127,121,168,247,517,800,1142,1842,2250,2146,2212,2393,2080,1740,1780,1625,1298,1020,880,813,478,291,0,0
2024,2024-09-30,Southbound,Light Vehicles,169,99,79,80,302,891,1851,2478,2518,1913,1702,1483,1469,1437,1595,1906,1935,2060,1529,1046,806,629,420,231,0,0
2024,2024-09-30,Southbound,Heavy Vehicles,24,13,24,31,61,160,357,347,273,264,278,286,294,268,294,298,226,197,125,73,55,43,36,39,0,0
2024,2024-09-30,Northbound,Light Vehicles,159,94,56,46,140,679,1742,1619,1707,1386,1321,1363,1604,1636,1923,2209,2724,2843,1984,1318,1041,906,609,365,0,0
2024,2024-09-30,Northbound,Heavy Vehicles,25,11,17,31,50,131,359,351,331,330,313,272,297,258,295,271,244,180,129,98,68,46,31,18,0,0
2024,2024-09-30,Southbound,All Vehicles,193,112,103,111,363,1051,2208,2825,2791,2177,1980,1769,1763,1705,1889,2204,2161,2257,1654,1119,861,672,456,270,0,0
2024,2024-09-30,Northbound,All Vehicles,184,105,73,77,190,810,2101,1970,2038,1716,1634,1635,1901,1894,2218,2480,2968,3023,2113,1416,1109,952,640,383,0,0
2024,2024-10-01,Northbound,Heavy Vehicles,20,15,14,43,57,134,325,373,289,322,294,298,269,309,251,249,249,206,168,85,59,52,46,24,0,0
2024,2024-10-01,Northbound,Light Vehicles,135,105,55,72,136,702,1893,1712,1791,1467,1249,1422,1525,1577,2030,2241,2769,3057,2293,1272,1128,909,772,377,0,0
2024,2024-10-01,Northbound,All Vehicles,155,120,69,115,193,836,2218,2085,2080,1789,1543,1720,1794,1886,2281,2490,3018,3263,2461,1357,1187,961,818,401,0,0
2024,2024-10-02,Southbound,Heavy Vehicles,30,31,21,46,59,162,360,281,230,293,299,316,253,295,280,278,243,232,124,78,63,50,32,34,0,0
2024,2024-10-02,Southbound,Light Vehicles,161,104,82,102,303,922,1963,2508,2318,1977,1656,1525,1427,1538,1575,1926,2135,2398,1776,1156,843,678,511,264,0,0
2024,2024-10-02,Northbound,Heavy Vehicles,24,20,19,46,57,140,341,362,272,325,291,285,269,266,272,265,249,174,132,104,58,53,24,22,0,0
2024,2024-10-02,Northbound,Light Vehicles,174,87,68,75,162,723,1855,1612,1831,1590,1249,1403,1577,1660,1991,2191,2829,2910,2111,1315,1125,973,758,399,0,0
2024,2024-10-02,Southbound,All Vehicles,191,135,103,148,362,1084,2323,2789,2548,2270,1955,1841,1680,1833,1855,2204,2378,2630,1900,1234,906,728,543,298,0,0
2024,2024-10-02,Northbound,All Vehicles,198,107,87,121,219,863,2196,1974,2103,1915,1540,1688,1846,1926,2263,2456,3078,3084,2243,1419,1183,1026,782,421,0,0
2024,2024-10-03,Southbound,Light Vehicles,151,112,67,119,304,900,1804,2443,2642,1977,1665,1462,1542,1500,1684,2165,2275,2464,2026,1438,918,791,585,448,0,0
2024,2024-10-03,Northbound,Heavy Vehicles,20,16,19,26,70,136,377,338,299,324,309,278,283,260,281,285,244,203,156,94,57,46,38,38,0,0
2024,2024-10-03,Southbound,Heavy Vehicles,17,20,21,42,67,174,330,310,270,279,277,252,289,290,269,290,259,218,164,90,64,56,48,42,0,0
2024,2024-10-03,Northbound,Light Vehicles,181,99,77,63,161,693,1908,1529,1652,1393,1407,1487,1560,1655,2063,2325,2736,2895,2243,1557,1228,1058,791,1021,0,0
2024,2024-10-03,Southbound,All Vehicles,168,132,88,161,371,1074,2134,2753,2912,2256,1942,1714,1831,1790,1953,2455,2534,2682,2190,1528,982,847,633,490,0,0
2024,2024-10-03,Northbound,All Vehicles,201,115,96,89,231,829,2285,1867,1951,1717,1716,1765,1843,1915,2344,2610,2980,3098,2399,1651,1285,1104,829,1059,0,0
2024,2024-10-04,Northbound,Light Vehicles,256,128,80,95,155,722,1791,1438,1520,1422,1521,1629,1732,1931,2186,2385,2611,2608,2020,1470,1160,1055,1106,665,0,0
2024,2024-10-04,Northbound,Heavy Vehicles,27,21,20,32,57,129,362,353,329,294,286,286,268,292,286,258,221,182,145,102,51,51,40,29,0,0
2024,2024-10-04,Northbound,All Vehicles,283,149,100,127,212,851,2153,1791,1849,1716,1807,1915,2000,2223,2472,2643,2832,2790,2165,1572,1211,1106,1146,694,0,0
2024,2024-10-05,Southbound,Heavy Vehicles,13,13,20,19,25,47,65,66,79,88,72,77,80,85,72,70,82,,,,,,,,0,0
2024,2024-10-05,Southbound,Light Vehicles,182,128,98,95,157,346,544,642,862,1141,959,1273,1216,1264,1258,1326,1221,,,,,,,,0,0
2024,2024-10-05,Southbound,All Vehicles,195,141,118,114,182,393,609,708,941,1229,1031,1350,1296,1349,1330,1396,1303,,,,,,,,0,0
2024,2024-10-06,Southbound,Light Vehicles,,,,,155,237,447,584,1058,1594,2146,2067,1886,2013,1782,1792,1676,1725,1274,1043,867,924,824,519,0,0
2024,2024-10-06,Northbound,Heavy Vehicles,21,13,,15,17,20,27,65,53,63,68,68,66,86,91,85,108,83,49,58,48,58,95,50,0,0
2024,2024-10-06,Southbound,Heavy Vehicles,,,,,15,21,36,40,61,91,85,107,110,110,93,131,109,124,95,52,37,39,38,21,0,0
2024,2024-10-06,Northbound,Light Vehicles,853,275,,197,122,181,383,461,704,1193,1406,1601,1645,1635,1837,1683,1713,1754,1495,1207,938,1269,1841,824,0,0
2024,2024-10-06,Southbound,All Vehicles,,,,,170,258,483,624,1119,1685,2231,2174,1996,2123,1875,1923,1785,1849,1369,1095,904,963,862,540,0,0
2024,2024-10-06,Northbound,All Vehicles,874,288,,212,139,201,410,526,757,1256,1474,1669,1711,1721,1928,1768,1821,1837,1544,1265,986,1327,1936,874,0,0
2024,2024-10-07,Northbound,Light Vehicles,158,84,60,38,45,97,185,194,279,384,469,495,513,516,526,513,528,530,480,436,376,395,272,155,0,0
2024,2024-10-07,Southbound,Light Vehicles,63,42,24,16,19,57,119,177,255,426,611,636,579,576,561,523,499,488,459,447,361,316,188,85,0,0
2024,2024-10-07,Northbound,Heavy Vehicles,11,5,3,9,9,12,25,32,33,29,30,20,28,33,34,29,15,31,17,19,25,14,12,14,0,0
2024,2024-10-07,Southbound,Heavy Vehicles,6,3,2,3,2,3,15,7,21,25,28,39,35,39,34,32,37,22,33,26,21,20,9,3,0,0
2024,2024-10-07,Northbound,All Vehicles,169,89,63,47,54,109,210,226,312,413,499,515,541,549,560,542,543,561,497,455,401,409,284,169,0,0
2024,2024-10-07,Southbound,All Vehicles,69,45,26,19,21,60,134,184,276,451,639,675,614,615,595,555,536,510,492,473,382,336,197,88,0,0
2024,2024-10-08,Southbound,Light Vehicles,129,80,56,88,,,,,,,,920,828,832,830,1076,1143,964,932,621,548,473,375,218,0,0
2024,2024-10-08,Northbound,Heavy Vehicles,19,21,22,32,43,117,329,347,368,318,295,264,248,296,257,242,239,195,148,106,62,43,44,34,0,0
2024,2024-10-08,Southbound,Heavy Vehicles,14,25,27,25,,,,,,,,172,175,163,180,138,174,107,78,62,48,37,25,26,0,0
2024,2024-10-08,Northbound,Light Vehicles,183,98,61,60,134,618,1567,1577,1737,1518,1301,1385,1422,1715,1904,2211,2701,2931,2067,1327,1078,915,760,416,0,0
2024,2024-10-08,Southbound,All Vehicles,143,105,83,113,,,,,,,,1092,1003,995,1010,1214,1317,1071,1010,683,596,510,400,244,0,0
2024,2024-10-08,Northbound,All Vehicles,202,119,83,92,177,735,1896,1924,2105,1836,1596,1649,1670,2011,2161,2453,2940,3126,2215,1433,1140,958,804,450,0,0
2024,2024-10-09,Northbound,Heavy Vehicles,20,20,22,33,74,116,324,380,341,319,322,298,293,289,247,272,244,222,170,90,72,46,27,23,0,0
2024,2024-10-09,Northbound,Light Vehicles,164,88,72,67,147,661,1804,1689,1794,1456,1400,1389,1484,1681,2059,2487,2805,2939,2326,1379,1119,1027,825,451,0,0
2024,2024-10-09,Southbound,Light Vehicles,121,84,82,110,251,837,1766,2517,2680,2011,1649,1570,1481,1575,1712,1963,2235,2395,1722,1165,907,817,,304,0,0
2024,2024-10-09,Southbound,Heavy Vehicles,25,18,16,45,53,158,353,323,312,280,321,300,295,258,287,296,277,248,129,86,57,53,,36,0,0
2024,2024-10-09,Northbound,All Vehicles,184,108,94,100,221,777,2128,2069,2135,1775,1722,1687,1777,1970,2306,2759,3049,3161,2496,1469,1191,1073,852,474,0,0
2024,2024-10-09,Southbound,All Vehicles,146,102,98,155,304,995,2119,2840,2992,2291,1970,1870,1776,1833,1999,2259,2512,2643,1851,1251,964,870,,340,0,0
2024,2024-10-10,Southbound,Heavy Vehicles,18,20,18,44,63,167,321,307,256,329,257,296,261,283,279,293,298,235,131,92,67,56,44,34,0,0
2024,2024-10-10,Southbound,Light Vehicles,153,95,91,108,294,860,1799,2454,2552,2067,1734,1593,1541,1655,1697,2130,2227,2474,1929,1300,980,904,539,328,0,0
2024,2024-10-10,Northbound,Light Vehicles,211,108,83,63,152,679,1824,1659,1765,1505,1371,1460,1589,1677,2061,2330,2733,2916,2193,1434,1355,1236,923,491,0,0
2024,2024-10-10,Northbound,Heavy Vehicles,22,22,21,29,64,131,331,320,343,295,296,278,275,275,310,264,227,211,171,99,81,64,51,31,0,0
2024,2024-10-10,Southbound,All Vehicles,171,115,109,152,357,1027,2120,2761,2808,2396,1991,1889,1802,1938,1976,2423,2525,2709,2060,1392,1047,960,583,362,0,0
2024,2024-10-10,Northbound,All Vehicles,233,130,104,92,216,810,2155,1979,2108,1800,1667,1738,1864,1952,2371,2594,2960,3127,2364,1533,1436,1300,974,522,0,0
2024,2024-10-11,Southbound,Heavy Vehicles,36,28,32,36,70,135,328,319,288,291,266,305,289,273,274,302,250,,,,,,,,0,0
2024,2024-10-11,Northbound,Light Vehicles,223,122,86,87,145,636,1797,1531,1502,1417,1446,1583,1730,1897,2060,2346,2640,2815,1987,1521,1260,1124,1040,741,0,0
2024,2024-10-11,Southbound,Light Vehicles,176,108,88,117,278,798,1761,2090,2303,2045,1902,1818,1698,1682,1625,2207,2199,,,,,,,,0,0
2024,2024-10-11,Northbound,Heavy Vehicles,25,25,30,37,58,122,345,366,324,330,294,295,294,269,298,262,214,182,128,100,77,58,33,34,0,0
2024,2024-10-11,Southbound,All Vehicles,212,136,120,153,348,933,2089,2409,2591,2336,2168,2123,1987,1955,1899,2509,2449,,,,,,,,0,0
2024,2024-10-11,Northbound,All Vehicles,248,147,116,124,203,758,2142,1897,1826,1747,1740,1878,2024,2166,2358,2608,2854,2997,2115,1621,1337,1182,1073,775,0,0
2024,2024-10-12,Southbound,Light Vehicles,,,,,191,430,832,1089,1330,1932,2168,2283,2627,2451,2242,2147,2413,2314,1553,1179,1042,850,717,510,0,0
2024,2024-10-12,Southbound,Heavy Vehicles,,,,,27,62,112,128,148,146,167,156,191,159,156,137,138,143,104,77,48,49,25,24,0,0
2024,2024-10-12,Southbound,All Vehicles,,,,,218,492,944,1217,1478,2078,2335,2439,2818,2610,2398,2284,2551,2457,1657,1256,1090,899,742,534,0,0
2024,2024-10-13,Southbound,Heavy Vehicles,21,12,9,15,9,19,40,47,65,69,92,106,97,87,85,96,69,,,,,,,,0,0
2024,2024-10-13,Northbound,Light Vehicles,480,234,140,99,103,182,423,492,754,1149,1545,1719,1770,1908,1970,1926,2288,2117,1519,1218,1160,1004,705,399,0,0
2024,2024-10-13,Southbound,Light Vehicles,319,195,116,118,131,239,465,730,1083,1585,2038,2115,2102,2237,1934,1734,1755,,,,,,,,0,0
2024,2024-10-13,Northbound,Heavy Vehicles,16,11,15,12,14,16,30,54,67,60,63,93,83,87,96,78,83,98,76,52,52,39,26,21,0,0
2024,2024-10-13,Southbound,All Vehicles,340,207,125,133,140,258,505,777,1148,1654,2130,2221,2199,2324,2019,1830,1824,,,,,,,,0,0
2024,2024-10-13,Northbound,All Vehicles,496,245,155,111,117,198,453,546,821,1209,1608,1812,1853,1995,2066,2004,2371,2215,1595,1270,1212,1043,731,420,0,0
2024,2024-10-14,Northbound,Light Vehicles,154,73,43,53,111,477,1338,1214,1125,929,923,914,1073,1093,1491,1569,2038,2289,1544,981,845,640,466,257,0,0
2024,2024-10-14,Southbound,Light Vehicles,,,,,276,872,1783,2554,2295,2023,1581,,,,,,,2297,1595,1020,746,533,386,236,0,0
2024,2024-10-14,Southbound,Heavy Vehicles,,,,,59,125,341,310,249,315,303,,,,,,,231,129,78,51,38,43,31,0,0
2024,2024-10-14,Northbound,Heavy Vehicles,13,9,16,17,29,84,247,258,251,221,212,201,199,195,162,188,166,170,105,66,55,35,20,21,0,0
2024,2024-10-14,Northbound,All Vehicles,167,82,59,70,140,561,1585,1472,1376,1150,1135,1115,1272,1288,1653,1757,2204,2459,1649,1047,900,675,486,278,0,0
2024,2024-10-14,Southbound,All Vehicles,,,,,335,997,2124,2864,2544,2338,1884,,,,,,,2528,1724,1098,797,571,429,267,0,0
2024,2024-10-15,Northbound,Heavy Vehicles,21,19,34,21,58,119,336,354,306,323,317,293,304,288,253,279,253,193,154,94,78,52,37,36,0,0
2024,2024-10-15,Northbound,Light Vehicles,161,89,71,56,133,658,1840,1728,1925,1593,1270,1339,1513,1627,1994,2341,2758,2874,2083,1439,1255,1024,703,406,0,0
2024,2024-10-15,Northbound,All Vehicles,182,108,105,77,191,777,2176,2082,2231,1916,1587,1632,1817,1915,2247,2620,3011,3067,2237,1533,1333,1076,740,442,0,0
2024,2024-10-16,Northbound,Light Vehicles,169,99,86,68,150,680,1843,1787,2003,1459,1302,1367,1494,1685,2098,2377,2736,2968,2235,1440,1215,1009,800,435,0,0
2024,2024-10-16,Southbound,Heavy Vehicles,30,24,22,50,55,162,360,348,245,282,291,267,269,281,275,286,271,194,152,101,60,40,46,31,0,0
2024,2024-10-16,Northbound,Heavy Vehicles,24,20,22,37,57,114,326,350,329,330,327,302,275,300,325,283,220,208,158,102,70,49,26,22,0,0
2024,2024-10-16,Southbound,Light Vehicles,179,105,80,114,289,888,1860,2793,2411,2152,1631,1391,1355,1450,1517,2156,2238,2423,1821,1250,956,817,535,267,0,0
2024,2024-10-16,Northbound,All Vehicles,193,119,108,105,207,794,2169,2137,2332,1789,1629,1669,1769,1985,2423,2660,2956,3176,2393,1542,1285,1058,826,457,0,0
2024,2024-10-16,Southbound,All Vehicles,209,129,102,164,344,1050,2220,3141,2656,2434,1922,1658,1624,1731,1792,2442,2509,2617,1973,1351,1016,857,581,298,0,0
2024,2024-10-17,Southbound,Light Vehicles,130,128,86,129,291,904,1800,2661,2300,2263,1670,1467,1415,1534,1660,2225,2448,2607,2144,1613,961,901,658,406,0,0
2024,2024-10-17,Northbound,Heavy Vehicles,24,19,16,32,72,131,330,408,314,351,329,322,316,297,300,295,277,219,153,107,78,65,48,45,0,0
2024,2024-10-17,Southbound,Heavy Vehicles,20,34,22,37,53,157,353,300,232,297,310,319,282,274,300,304,299,270,187,129,76,66,52,27,0,0
2024,2024-10-17,Northbound,Light Vehicles,188,104,64,67,148,648,1824,1770,1940,1506,1334,1346,1550,1763,2019,2373,2792,3040,2220,1580,1452,1096,833,1136,0,0
2024,2024-10-17,Southbound,All Vehicles,150,162,108,166,344,1061,2153,2961,2532,2560,1980,1786,1697,1808,1960,2529,2747,2877,2331,1742,1037,967,710,433,0,0
2024,2024-10-17,Northbound,All Vehicles,212,123,80,99,220,779,2154,2178,2254,1857,1663,1668,1866,2060,2319,2668,3069,3259,2373,1687,1530,1161,881,1181,0,0
2024,2024-10-18,Northbound,Light Vehicles,286,127,83,67,159,665,1772,1641,1722,1461,1321,1492,1677,1814,2116,2434,2726,2731,2207,1572,1324,1071,1130,1149,0,0
2024,2024-10-18,Southbound,Light Vehicles,205,133,100,131,286,871,1706,2368,2429,2292,1902,1626,1545,1558,1661,2124,2269,,,,,,,,0,0
2024,2024-10-18,Northbound,Heavy Vehicles,24,21,27,31,55,138,328,349,302,337,319,287,302,306,285,278,247,207,140,89,64,56,37,51,0,0
2024,2024-10-18,Southbound,Heavy Vehicles,26,32,35,46,54,160,296,317,241,304,347,287,292,270,302,261,262,,,,,,,,0,0
2024,2024-10-18,Northbound,All Vehicles,310,148,110,98,214,803,2100,1990,2024,1798,1640,1779,1979,2120,2401,2712,2973,2938,2347,1661,1388,1127,1167,1200,0,0
2024,2024-10-18,Southbound,All Vehicles,231,165,135,177,340,1031,2002,2685,2670,2596,2249,1913,1837,1828,1963,2385,2531,,,,,,,,0,0
2024,2024-10-19,Southbound,Light Vehicles,,,,,176,483,849,1211,1549,2153,2220,2371,2433,2255,2091,2080,1958,1981,1575,1192,956,968,1067,552,0,0
2024,2024-10-19,Southbound,Heavy Vehicles,,,,,27,58,124,127,132,151,160,160,129,158,120,150,102,102,90,70,58,56,40,37,0,0
2024,2024-10-19,Southbound,All Vehicles,,,,,203,541,973,1338,1681,2304,2380,2531,2562,2413,2211,2230,2060,2083,1665,1262,1014,1024,1107,589,0,0
2024,2024-10-20,Northbound,Heavy Vehicles,12,13,13,16,11,22,45,56,77,62,94,82,96,102,95,89,77,83,79,73,63,44,31,20,0,0
2024,2024-10-20,Northbound,Light Vehicles,449,249,148,88,86,196,386,470,835,1292,1520,1707,1905,1908,2045,1883,1918,1901,1603,1251,1069,1007,733,339,0,0
2024,2024-10-20,Southbound,Light Vehicles,361,192,128,135,144,277,541,676,1128,1725,2068,2038,2032,1909,1852,1733,1688,1640,1303,1164,925,783,507,286,0,0
2024,2024-10-20,Southbound,Heavy Vehicles,23,12,11,4,14,21,42,50,69,89,99,93,111,97,86,86,85,88,85,87,49,46,26,36,0,0
2024,2024-10-20,Northbound,All Vehicles,461,262,161,104,97,218,431,526,912,1354,1614,1789,2001,2010,2140,1972,1995,1984,1682,1324,1132,1051,764,359,0,0
2024,2024-10-20,Southbound,All Vehicles,384,204,139,139,158,298,583,726,1197,1814,2167,2131,2143,2006,1938,1819,1773,1728,1388,1251,974,829,533,322,0,0
2024,2024-10-21,Northbound,Light Vehicles,169,80,69,49,164,698,1847,1750,1806,1424,1213,1348,1445,1552,2045,2146,2717,,,,,,,,0,0
2024,2024-10-21,Northbound,Heavy Vehicles,23,19,23,23,51,149,343,386,339,367,300,319,318,309,288,270,292,,,,,,,,0,0
2024,2024-10-21,Southbound,Heavy Vehicles,30,19,29,31,,,,,,,,294,309,274,323,262,316,194,171,91,61,37,48,33,0,0
2024,2024-10-21,Southbound,Light Vehicles,157,87,75,108,,,,,,,,1345,1350,1467,1511,2079,2132,2326,1919,1235,849,713,621,305,0,0
2024,2024-10-21,Northbound,All Vehicles,192,99,92,72,215,847,2190,2136,2145,1791,1513,1667,1763,1861,2333,2416,3009,,,,,,,,0,0
2024,2024-10-21,Southbound,All Vehicles,187,106,104,139,,,,,,,,1639,1659,1741,1834,2341,2448,2520,2090,1326,910,750,669,338,0,0
2024,2024-10-22,Southbound,Heavy Vehicles,17,28,21,34,55,143,340,269,248,349,279,,,,,,,199,130,133,71,61,46,49,0,0
2024,2024-10-22,Southbound,Light Vehicles,138,82,81,121,288,941,1873,2728,2441,2352,1601,,,,,,,2042,1583,1463,988,843,897,545,0,0
2024,2024-10-22,Northbound,Light Vehicles,,,,,166,675,1821,1929,2024,1520,1361,1422,1546,1593,2005,2355,2786,2950,2178,1474,1483,1033,973,1976,0,0
2024,2024-10-22,Northbound,Heavy Vehicles,,,,,57,134,341,384,344,332,346,292,271,302,279,258,292,210,149,103,86,71,43,86,0,0
2024,2024-10-22,Southbound,All Vehicles,155,110,102,155,343,1084,2213,2997,2689,2701,1880,,,,,,,2241,1713,1596,1059,904,943,594,0,0
2024,2024-10-22,Northbound,All Vehicles,,,,,223,809,2162,2313,2368,1852,1707,1714,1817,1895,2284,2613,3078,3160,2327,1577,1569,1104,1016,2062,0,0
2024,2024-10-23,Northbound,Heavy Vehicles,43,16,21,36,59,146,338,354,323,299,365,327,303,333,300,272,245,235,150,104,72,55,43,56,0,0
2024,2024-10-23,Northbound,Light Vehicles,1210,181,76,72,165,701,1871,1794,1833,1514,1374,1362,1571,1617,2188,2247,2750,3025,2223,1457,1398,1024,874,1647,0,0
2024,2024-10-23,Northbound,All Vehicles,1253,197,97,108,224,847,2209,2148,2156,1813,1739,1689,1874,1950,2488,2519,2995,3260,2373,1561,1470,1079,917,1703,0,0
2024,2024-10-24,Southbound,Light Vehicles,243,131,87,106,301,914,1872,2660,2244,2353,1701,1467,1403,1437,,2145,2278,2532,1882,1240,906,777,557,268,0,0
2024,2024-10-24,Southbound,Heavy Vehicles,26,28,28,46,55,156,360,318,216,312,324,311,313,291,,305,282,234,143,96,56,56,34,34,0,0
2024,2024-10-24,Northbound,Heavy Vehicles,44,32,28,32,70,125,361,354,311,321,355,,,,,,259,211,172,91,70,36,37,30,0,0
2024,2024-10-24,Northbound,Light Vehicles,1088,174,90,68,163,721,1804,1655,1823,1416,1486,,,,,,2749,2984,2229,1370,1315,1017,806,481,0,0
2024,2024-10-24,Southbound,All Vehicles,269,159,115,152,356,1070,2232,2978,2460,2665,2025,1778,1716,1728,,2450,2560,2766,2025,1336,962,833,591,302,0,0
2024,2024-10-24,Northbound,All Vehicles,1132,206,118,100,233,846,2165,2009,2134,1737,1841,,,,,,3008,3195,2401,1461,1385,1053,843,511,0,0
2024,2024-10-25,Southbound,Heavy Vehicles,43,29,39,45,62,156,334,324,275,302,274,292,274,287,280,304,,,,,,,,,0,0
2024,2024-10-25,Northbound,Light Vehicles,185,112,73,73,161,682,1840,1736,1693,1427,1376,1487,1646,1868,2289,2374,2651,2868,2137,1543,1365,1154,978,1095,0,0
2024,2024-10-25,Southbound,Light Vehicles,168,114,84,120,282,864,1765,2512,2470,2068,1808,1659,1636,1583,1699,2218,,,,,,,,,0,0
2024,2024-10-25,Northbound,Heavy Vehicles,22,16,29,31,47,130,341,398,290,328,301,325,299,293,276,261,268,198,148,112,82,44,52,36,0,0
2024,2024-10-25,Southbound,All Vehicles,211,143,123,165,344,1020,2099,2836,2745,2370,2082,1951,1910,1870,1979,2522,,,,,,,,,0,0
2024,2024-10-25,Northbound,All Vehicles,207,128,102,104,208,812,2181,2134,1983,1755,1677,1812,1945,2161,2565,2635,2919,3066,2285,1655,1447,1198,1030,1131,0,0
2024,2024-10-26,Southbound,Heavy Vehicles,,,,,26,75,158,118,137,135,146,158,154,156,125,121,131,,,,,,,,0,0
2024,2024-10-26,Southbound,Light Vehicles,,,,,202,504,933,1206,1624,2204,2193,2428,2383,2325,2144,2070,1962,,,,,,,,0,0
2024,2024-10-26,Southbound,All Vehicles,,,,,228,579,1091,1324,1761,2339,2339,2586,2537,2481,2269,2191,2093,,,,,,,,0,0
2024,2024-10-27,Northbound,Light Vehicles,424,261,171,123,96,179,386,510,766,1218,1527,1747,1865,2029,1886,1964,2107,2082,1612,1258,1180,1013,658,357,0,0
2024,2024-10-27,Southbound,Heavy Vehicles,,,,,15,13,37,52,73,75,89,104,111,99,99,89,55,,,,,,,,0,0
2024,2024-10-27,Northbound,Heavy Vehicles,21,17,13,11,13,15,44,50,65,81,103,86,101,88,92,98,82,91,76,62,68,41,27,22,0,0
2024,2024-10-27,Southbound,Light Vehicles,,,,,141,262,541,804,1225,1662,2121,2053,2048,2167,1919,1722,1565,,,,,,,,0,0
2024,2024-10-27,Northbound,All Vehicles,445,278,184,134,109,194,430,560,831,1299,1630,1833,1966,2117,1978,2062,2189,2173,1688,1320,1248,1054,685,379,0,0
2024,2024-10-27,Southbound,All Vehicles,,,,,156,275,578,856,1298,1737,2210,2157,2159,2266,2018,1811,1620,,,,,,,,0,0
2024,2024-10-28,Northbound,Heavy Vehicles,11,8,8,11,33,66,163,161,134,150,129,103,107,106,96,82,95,75,56,37,25,11,17,16,0,0
2024,2024-10-28,Southbound,Light Vehicles,,,,,82,393,886,1412,1393,993,719,,,,,,,,,,,,,,0,0
2024,2024-10-28,Southbound,Heavy Vehicles,,,,,13,54,160,134,125,120,113,,,,,,,,,,,,,,0,0
2024,2024-10-28,Northbound,Light Vehicles,92,49,29,25,58,253,639,542,564,474,403,426,445,530,686,786,923,1080,709,499,411,321,249,140,0,0
2024,2024-10-28,Northbound,All Vehicles,103,57,37,36,91,319,802,703,698,624,532,529,552,636,782,868,1018,1155,765,536,436,332,266,156,0,0
2024,2024-10-28,Southbound,All Vehicles,,,,,95,447,1046,1546,1518,1113,832,,,,,,,,,,,,,,0,0
2024,2024-10-29,Northbound,Light Vehicles,157,89,65,68,165,680,1969,1883,1811,1624,1323,1424,1415,1663,2090,2271,2550,2701,2302,1345,1222,1004,748,388,0,0
2024,2024-10-29,Northbound,Heavy Vehicles,21,20,23,41,56,141,373,367,308,318,333,319,295,297,308,253,251,195,167,99,67,68,33,32,0,0
2024,2024-10-29,Northbound,All Vehicles,178,109,88,109,221,821,2342,2250,2119,1942,1656,1743,1710,1960,2398,2524,2801,2896,2469,1444,1289,1072,781,420,0,0
2024,2024-10-30,Northbound,Light Vehicles,191,105,67,76,159,698,1941,1826,1907,1604,1341,1312,1485,1671,2026,2346,2687,2983,2251,1494,1266,1079,784,396,0,0
2024,2024-10-30,Northbound,Heavy Vehicles,23,17,15,37,65,145,372,392,327,377,359,312,270,269,309,292,224,236,166,107,75,55,34,30,0,0
2024,2024-10-30,Southbound,Heavy Vehicles,7,4,2,7,14,74,153,142,114,130,118,118,110,101,113,121,,,,,,,,,0,0
2024,2024-10-30,Southbound,Light Vehicles,34,18,15,33,82,379,912,1423,1402,1165,687,615,582,572,656,894,,,,,,,,,0,0
2024,2024-10-30,Northbound,All Vehicles,214,122,82,113,224,843,2313,2218,2234,1981,1700,1624,1755,1940,2335,2638,2911,3219,2417,1601,1341,1134,818,426,0,0
2024,2024-10-30,Southbound,All Vehicles,41,22,17,40,96,453,1065,1565,1516,1295,805,733,692,673,769,1015,,,,,,,,,0,0
2024,2024-10-31,Northbound,Heavy Vehicles,3,4,6,10,16,42,89,104,99,114,117,126,86,103,85,69,55,,,,,,,,0,0
2024,2024-10-31,Southbound,Light Vehicles,,,,,279,866,1972,2646,2392,2128,1606,1505,1357,1383,1636,2193,2357,2570,1819,1281,934,817,514,320,0,0
2024,2024-10-31,Southbound,Heavy Vehicles,,,,,52,160,371,291,251,281,281,323,283,253,271,305,300,246,139,103,77,58,36,41,0,0
2024,2024-10-31,Northbound,Light Vehicles,36,17,21,15,42,232,450,565,587,498,375,392,425,471,517,550,599,,,,,,,,0,0
2024,2024-10-31,Northbound,All Vehicles,39,21,27,25,58,274,539,669,686,612,492,518,511,574,602,619,654,,,,,,,,0,0
2024,2024-10-31,Southbound,All Vehicles,,,,,331,1026,2343,2937,2643,2409,1887,1828,1640,1636,1907,2498,2657,2816,1958,1384,1011,875,550,361,0,0
2024,2024-11-01,Southbound,Heavy Vehicles,36,40,44,34,59,165,330,314,283,307,272,317,313,287,321,262,252,234,148,86,83,65,45,33,0,0
2024,2024-11-01,Northbound,Light Vehicles,,,,,171,701,1843,1691,1590,1420,1362,1489,1662,1747,2217,2451,2752,2716,2337,1615,1332,1143,979,680,0,0
2024,2024-11-01,Southbound,Light Vehicles,186,131,90,124,291,855,1768,2526,2382,2106,1862,1614,1548,1563,1663,2081,2313,2290,1896,1380,1006,947,916,471,0,0
2024,2024-11-01,Northbound,Heavy Vehicles,,,,,68,130,374,359,369,325,314,322,302,312,291,263,218,168,151,129,74,43,48,23,0,0
2024,2024-11-01,Southbound,All Vehicles,222,171,134,158,350,1020,2098,2840,2665,2413,2134,1931,1861,1850,1984,2343,2565,2524,2044,1466,1089,1012,961,504,0,0
2024,2024-11-01,Northbound,All Vehicles,,,,,239,831,2217,2050,1959,1745,1676,1811,1964,2059,2508,2714,2970,2884,2488,1744,1406,1186,1027,703,0,0
2024,2024-11-02,Southbound,Heavy Vehicles,27,21,25,28,36,57,127,138,136,181,180,195,192,174,158,138,114,132,110,73,54,36,44,38,0,0
2024,2024-11-02,Southbound,Light Vehicles,286,153,109,136,219,445,863,1195,1686,2255,2304,2611,2573,2391,2459,2329,2119,2080,1901,1254,1017,1007,956,548,0,0
2024,2024-11-02,Southbound,All Vehicles,313,174,134,164,255,502,990,1333,1822,2436,2484,2806,2765,2565,2617,2467,2233,2212,2011,1327,1071,1043,1000,586,0,0
2024,2024-11-03,Southbound,Heavy Vehicles,23,11,19,13,13,18,35,59,70,84,105,121,95,101,101,111,85,104,109,63,67,53,31,31,0,0
2024,2024-11-03,Southbound,Light Vehicles,353,183,149,148,152,261,540,800,1290,1796,2100,2109,1976,2139,1949,1931,1695,1641,1436,1063,996,792,507,300,0,0
2024,2024-11-03,Southbound,All Vehicles,376,194,168,161,165,279,575,859,1360,1880,2205,2230,2071,2240,2050,2042,1780,1745,1545,1126,1063,845,538,331,0,0
2024,2024-11-05,Northbound,Heavy Vehicles,,,,,56,128,360,338,323,321,297,296,279,273,310,228,267,218,147,102,95,52,42,30,0,0
2024,2024-11-05,Northbound,Light Vehicles,,,,,176,685,1801,1807,1911,1429,1259,1383,1448,1601,2004,2289,2852,2965,2172,1342,1254,1046,777,390,0,0
2024,2024-11-05,Northbound,All Vehicles,,,,,232,813,2161,2145,2234,1750,1556,1679,1727,1874,2314,2517,3119,3183,2319,1444,1349,1098,819,420,0,0
2024,2024-11-07,Southbound,Light Vehicles,,,,,308,936,1970,2715,2290,2216,1687,1466,1500,1480,1696,2148,2224,1673,1584,1366,901,859,867,489,0,0
2024,2024-11-07,Southbound,Heavy Vehicles,,,,,65,187,337,347,261,310,335,291,333,303,311,258,261,191,180,142,63,55,65,39,0,0
2024,2024-11-07,Southbound,All Vehicles,,,,,373,1123,2307,3062,2551,2526,2022,1757,1833,1783,2007,2406,2485,1864,1764,1508,964,914,932,528,0,0
2024,2024-11-08,Southbound,Heavy Vehicles,29,34,33,42,69,161,343,333,281,316,327,312,321,294,303,288,303,229,167,79,72,69,48,40,0,0
2024,2024-11-08,Southbound,Light Vehicles,272,134,83,119,293,885,1806,2397,2417,2249,1759,1611,1537,1542,1752,2211,2491,2385,2002,1462,1083,1003,848,485,0,0
2024,2024-11-08,Northbound,Heavy Vehicles,59,20,28,28,73,142,377,388,329,314,327,334,280,318,281,254,249,217,155,112,75,67,56,29,0,0
2024,2024-11-08,Northbound,Light Vehicles,1113,167,84,82,158,728,1883,1770,1741,1546,1362,1455,1693,1854,2187,2299,2706,2832,2261,1562,1360,1430,1142,749,0,0
2024,2024-11-08,Southbound,All Vehicles,301,168,116,161,362,1046,2149,2730,2698,2565,2086,1923,1858,1836,2055,2499,2794,2614,2169,1541,1155,1072,896,525,0,0
2024,2024-11-08,Northbound,All Vehicles,1172,187,112,110,231,870,2260,2158,2070,1860,1689,1789,1973,2172,2468,2553,2955,3049,2416,1674,1435,1497,1198,778,0,0
2024,2024-11-09,Northbound,Light Vehicles,440,240,138,91,125,411,1063,1060,1194,1668,1948,1901,2200,2314,2298,2152,2220,2000,1917,1571,1257,1180,1037,1751,0,0
2024,2024-11-09,Southbound,Heavy Vehicles,30,26,24,29,26,55,130,130,162,174,206,181,175,143,141,166,154,165,127,118,47,52,59,28,0,0
2024,2024-11-09,Northbound,Heavy Vehicles,32,21,15,19,30,44,154,175,162,153,146,144,120,118,138,101,120,124,113,61,54,37,49,116,0,0
2024,2024-11-09,Southbound,Light Vehicles,288,181,156,112,191,498,954,1287,1658,2266,2394,2633,2467,2384,2253,2566,2346,2423,2094,1450,1062,986,920,721,0,0
2024,2024-11-09,Northbound,All Vehicles,472,261,153,110,155,455,1217,1235,1356,1821,2094,2045,2320,2432,2436,2253,2340,2124,2030,1632,1311,1217,1086,1867,0,0
2024,2024-11-09,Southbound,All Vehicles,318,207,180,141,217,553,1084,1417,1820,2440,2600,2814,2642,2527,2394,2732,2500,2588,2221,1568,1109,1038,979,749,0,0
2024,2024-11-10,Southbound,Heavy Vehicles,18,19,15,10,16,16,44,59,88,93,113,105,98,98,98,99,106,138,117,110,64,46,36,31,0,0
2024,2024-11-10,Southbound,Light Vehicles,445,218,163,117,134,257,564,943,1426,1926,2196,2111,2155,2311,2054,2124,2113,2179,1979,1491,1017,849,765,405,0,0
2024,2024-11-10,Southbound,All Vehicles,463,237,178,127,150,273,608,1002,1514,2019,2309,2216,2253,2409,2152,2223,2219,2317,2096,1601,1081,895,801,436,0,0
2024,2024-11-11,Northbound,Heavy Vehicles,52,30,21,24,45,142,343,403,305,325,288,291,285,291,313,260,253,228,173,108,94,58,36,24,0,0
2024,2024-11-11,Northbound,Light Vehicles,850,143,73,73,177,696,1831,1813,1872,1464,1291,1374,1403,1655,2073,2231,2687,3027,2186,1460,1325,1054,756,395,0,0
2024,2024-11-11,Northbound,All Vehicles,902,173,94,97,222,838,2174,2216,2177,1789,1579,1665,1688,1946,2386,2491,2940,3255,2359,1568,1419,1112,792,419,0,0
2024,2024-11-12,Northbound,Light Vehicles,170,108,65,93,165,726,1894,1887,1960,1671,1286,1344,1533,1684,1929,2277,2833,3088,2284,1353,1272,986,786,396,0,0
2024,2024-11-12,Southbound,Heavy Vehicles,33,25,21,35,51,182,349,266,232,303,329,282,290,239,312,327,293,236,145,116,61,54,39,35,0,0
2024,2024-11-12,Northbound,Heavy Vehicles,19,27,22,21,51,118,376,394,292,338,314,313,262,286,305,246,242,209,179,98,84,64,32,31,0,0
2024,2024-11-12,Southbound,Light Vehicles,129,117,84,120,276,948,2043,2476,2256,2245,1759,1500,1427,1377,1626,2200,2513,2513,1873,1261,864,747,513,307,0,0
2024,2024-11-12,Northbound,All Vehicles,189,135,87,114,216,844,2270,2281,2252,2009,1600,1657,1795,1970,2234,2523,3075,3297,2463,1451,1356,1050,818,427,0,0
2024,2024-11-12,Southbound,All Vehicles,162,142,105,155,327,1130,2392,2742,2488,2548,2088,1782,1717,1616,1938,2527,2806,2749,2018,1377,925,801,552,342,0,0
2024,2024-11-13,Southbound,Light Vehicles,145,112,86,121,285,965,2040,2706,2156,2239,1611,1559,1426,1385,1591,2117,2492,,2102,1272,984,802,550,298,0,0
2024,2024-11-13,Northbound,Heavy Vehicles,20,19,18,34,59,155,361,386,355,336,308,298,269,303,301,253,233,202,176,116,87,53,48,24,0,0
2024,2024-11-13,Southbound,Heavy Vehicles,29,30,20,50,59,149,398,319,238,318,290,297,296,309,282,270,289,,185,97,76,56,45,22,0,0
2024,2024-11-13,Northbound,Light Vehicles,179,92,81,73,170,737,1951,1883,2029,1682,1307,1268,1483,1710,2104,2355,2743,3008,2419,1435,1250,1100,757,460,0,0
2024,2024-11-13,Southbound,All Vehicles,174,142,106,171,344,1114,2438,3025,2394,2557,1901,1856,1722,1694,1873,2387,2781,,2287,1369,1060,858,595,320,0,0
2024,2024-11-13,Northbound,All Vehicles,199,111,99,107,229,892,2312,2269,2384,2018,1615,1566,1752,2013,2405,2608,2976,3210,2595,1551,1337,1153,805,484,0,0
2024,2024-11-14,Southbound,Light Vehicles,182,130,101,121,279,969,1886,2646,2217,2247,,1446,1424,1434,1595,2159,2305,2567,2081,1258,923,835,552,331,0,0
2024,2024-11-14,Northbound,Light Vehicles,190,105,67,77,174,710,1902,1829,1830,1510,1355,1431,1532,1603,2068,2260,2769,2872,2107,1452,1355,1100,888,500,0,0
2024,2024-11-14,Southbound,Heavy Vehicles,23,28,22,34,57,156,376,332,248,339,,268,322,318,287,294,310,240,167,105,73,57,39,41,0,0
2024,2024-11-14,Northbound,Heavy Vehicles,21,10,16,35,63,134,349,360,309,319,308,278,324,295,307,256,254,185,154,102,97,51,41,34,0,0
2024,2024-11-14,Southbound,All Vehicles,205,158,123,155,336,1125,2262,2978,2465,2586,,1714,1746,1752,1882,2453,2615,2807,2248,1363,996,892,591,372,0,0
2024,2024-11-14,Northbound,All Vehicles,211,115,83,112,237,844,2251,2189,2139,1829,1663,1709,1856,1898,2375,2516,3023,3057,2261,1554,1452,1151,929,534,0,0
2024,2024-11-15,Northbound,Heavy Vehicles,20,26,20,37,62,130,359,362,326,333,316,320,296,284,274,243,227,232,138,102,83,49,41,47,0,0
2024,2024-11-15,Northbound,Light Vehicles,196,113,68,69,156,671,1838,1640,1722,1451,1330,1500,1616,1872,2220,2462,2682,3025,2270,1505,1380,1180,1073,1285,0,0
2024,2024-11-15,Northbound,All Vehicles,216,139,88,106,218,801,2197,2002,2048,1784,1646,1820,1912,2156,2494,2705,2909,3257,2408,1607,1463,1229,1114,1332,0,0
2024,2024-11-16,Northbound,Light Vehicles,437,208,134,88,130,412,1108,1079,1237,1538,1921,1987,2205,2183,2225,2155,2061,2054,2031,1365,1260,1232,1661,949,0,0
2024,2024-11-16,Southbound,Light Vehicles,,,,,182,477,966,1268,1671,2198,2588,2352,2399,2328,2238,2211,2107,2366,1890,1302,,931,920,792,0,0
2024,2024-11-16,Southbound,Heavy Vehicles,,,,,18,66,151,132,136,169,179,162,178,156,147,160,106,139,132,66,,51,40,36,0,0
2024,2024-11-16,Northbound,Heavy Vehicles,25,24,16,18,28,63,190,188,144,147,138,139,137,124,126,113,97,125,97,56,66,47,46,26,0,0
2024,2024-11-16,Northbound,All Vehicles,462,232,150,106,158,475,1298,1267,1381,1685,2059,2126,2342,2307,2351,2268,2158,2179,2128,1421,1326,1279,1707,975,0,0
2024,2024-11-16,Southbound,All Vehicles,,,,,200,543,1117,1400,1807,2367,2767,2514,2577,2484,2385,2371,2213,2505,2022,1368,,982,960,828,0,0
2024,2024-11-17,Northbound,Heavy Vehicles,27,9,16,12,,,,,,,,105,84,90,84,97,75,98,75,69,44,36,29,15,0,0
2024,2024-11-17,Northbound,Light Vehicles,566,270,179,106,,,,,,,,1818,2101,2057,1989,2095,1908,1854,1620,1151,1006,939,642,349,0,0
2024,2024-11-17,Southbound,Heavy Vehicles,17,12,22,8,12,23,38,49,82,86,98,103,109,104,94,122,83,85,90,58,55,51,,34,0,0
2024,2024-11-17,Southbound,Light Vehicles,418,241,158,132,128,237,547,830,1238,1764,2143,2141,2079,2307,2014,1934,1694,1532,1426,981,842,876,,278,0,0
2024,2024-11-17,Northbound,All Vehicles,593,279,195,118,,,,,,,,1923,2185,2147,2073,2192,1983,1952,1695,1220,1050,975,671,364,0,0
2024,2024-11-17,Southbound,All Vehicles,435,253,180,140,140,260,585,879,1320,1850,2241,2244,2188,2411,2108,2056,1777,1617,1516,1039,897,927,,312,0,0
2024,2024-11-18,Southbound,Heavy Vehicles,27,20,29,38,46,144,372,342,249,,310,,,,,,255,226,135,95,63,46,41,23,0,0
2024,2024-11-18,Northbound,Light Vehicles,206,103,62,73,164,709,1801,1843,1899,1488,1281,1375,1474,1662,2048,2354,2839,2989,2108,1357,1234,958,747,378,0,0
2024,2024-11-18,Northbound,Heavy Vehicles,25,20,22,28,43,102,352,370,331,367,295,285,298,297,316,295,280,206,161,122,77,59,32,25,0,0
2024,2024-11-18,Southbound,Light Vehicles,171,125,72,107,284,934,1874,2683,2397,,1610,,,,,,2088,2261,1668,1133,845,689,505,269,0,0
2024,2024-11-18,Southbound,All Vehicles,198,145,101,145,330,1078,2246,3025,2646,,1920,,,,,,2343,2487,1803,1228,908,735,546,292,0,0
2024,2024-11-18,Northbound,All Vehicles,231,123,84,101,207,811,2153,2213,2230,1855,1576,1660,1772,1959,2364,2649,3119,3195,2269,1479,1311,1017,779,403,0,0
2024,2024-11-19,Northbound,Light Vehicles,162,86,64,77,171,703,1941,1890,2026,1512,1308,1416,1530,1629,2012,2460,2769,2978,2296,1494,1243,1038,1004,783,0,0
2024,2024-11-19,Northbound,Heavy Vehicles,24,20,21,35,55,128,365,368,320,378,304,339,272,309,293,296,255,230,150,99,101,40,46,49,0,0
2024,2024-11-19,Southbound,Light Vehicles,136,112,83,134,291,971,2069,2674,2244,2239,1754,1463,1388,1452,1637,2117,2404,2697,2221,1317,942,773,595,316,0,0
2024,2024-11-19,Southbound,Heavy Vehicles,28,25,26,32,69,173,365,305,242,326,331,303,313,310,277,295,296,228,173,81,76,57,46,23,0,0
2024,2024-11-19,Northbound,All Vehicles,186,106,85,112,226,831,2306,2258,2346,1890,1612,1755,1802,1938,2305,2756,3024,3208,2446,1593,1344,1078,1050,832,0,0
2024,2024-11-19,Southbound,All Vehicles,164,137,109,166,360,1144,2434,2979,2486,2565,2085,1766,1701,1762,1914,2412,2700,2925,2394,1398,1018,830,641,339,0,0
2024,2024-11-20,Southbound,Heavy Vehicles,41,28,28,45,63,178,385,318,249,326,318,328,324,305,288,316,281,252,192,96,68,46,42,30,0,0
2024,2024-11-20,Southbound,Light Vehicles,144,97,93,141,290,968,2042,2701,2228,2303,1705,1518,1406,1485,1624,2096,2428,2639,2324,1711,982,827,682,352,0,0
2024,2024-11-20,Northbound,Heavy Vehicles,21,22,18,39,58,151,370,351,375,377,375,338,297,339,295,277,258,214,158,104,82,72,37,43,0,0
2024,2024-11-20,Northbound,Light Vehicles,211,96,84,79,169,772,1985,1866,1887,1637,1339,1392,1434,1685,2126,2488,2731,3012,2238,1525,1211,1124,1053,1160,0,0
2024,2024-11-20,Southbound,All Vehicles,185,125,121,186,353,1146,2427,3019,2477,2629,2023,1846,1730,1790,1912,2412,2709,2891,2516,1807,1050,873,724,382,0,0
2024,2024-11-20,Northbound,All Vehicles,232,118,102,118,227,923,2355,2217,2262,2014,1714,1730,1731,2024,2421,2765,2989,3226,2396,1629,1293,1196,1090,1203,0,0
2024,2024-11-22,Southbound,Heavy Vehicles,,,,,65,188,364,319,298,300,310,301,352,272,267,276,260,208,187,107,78,67,42,30,0,0
2024,2024-11-22,Southbound,Light Vehicles,,,,,269,937,1916,2422,2545,2106,1916,1698,1640,1567,1734,2254,2414,1954,1722,1332,1051,928,802,499,0,0
2024,2024-11-22,Northbound,Light Vehicles,,,,,180,684,1999,1963,1810,1543,1434,1663,1805,1890,2334,2361,2660,2649,2335,1516,1338,1273,1066,778,0,0
2024,2024-11-22,Northbound,Heavy Vehicles,,,,,60,124,369,376,346,333,325,303,311,310,296,257,225,187,162,107,86,52,52,43,0,0
2024,2024-11-22,Southbound,All Vehicles,,,,,334,1125,2280,2741,2843,2406,2226,1999,1992,1839,2001,2530,2674,2162,1909,1439,1129,995,844,529,0,0
2024,2024-11-22,Northbound,All Vehicles,,,,,240,808,2368,2339,2156,1876,1759,1966,2116,2200,2630,2618,2885,2836,2497,1623,1424,1325,1118,821,0,0
2024,2024-11-23,Northbound,Heavy Vehicles,17,15,20,20,19,62,171,159,148,160,153,161,146,136,141,102,109,122,119,50,52,56,46,123,0,0
2024,2024-11-23,Northbound,Light Vehicles,384,218,138,94,125,440,1128,1111,1242,1711,1909,2020,2144,2227,2183,2113,2157,2072,1860,1459,1263,1117,1240,1996,0,0
2024,2024-11-23,Northbound,All Vehicles,401,233,158,114,144,502,1299,1270,1390,1871,2062,2181,2290,2363,2324,2215,2266,2194,1979,1509,1315,1173,1286,2119,0,0
2024,2024-11-24,Southbound,Light Vehicles,360,209,144,127,157,263,577,891,1266,1847,2242,2037,2016,1880,1909,1849,1716,1819,1566,1232,1037,895,620,377,0,0
2024,2024-11-24,Northbound,Light Vehicles,736,240,164,102,,,,,,,,1861,2019,1905,2026,1920,1887,1810,1585,1276,1233,1052,754,952,0,0
2024,2024-11-24,Northbound,Heavy Vehicles,32,12,11,15,,,,,,,,99,107,99,92,85,98,82,84,63,63,48,26,43,0,0
2024,2024-11-24,Southbound,Heavy Vehicles,18,14,14,8,18,31,52,63,74,95,95,106,100,105,92,94,70,90,74,103,51,60,42,31,0,0
2024,2024-11-24,Southbound,All Vehicles,378,223,158,135,175,294,629,954,1340,1942,2337,2143,2116,1985,2001,1943,1786,1909,1640,1335,1088,955,662,408,0,0
2024,2024-11-24,Northbound,All Vehicles,768,252,175,117,,,,,,,,1960,2126,2004,2118,2005,1985,1892,1669,1339,1296,1100,780,995,0,0
2024,2024-11-25,Northbound,Heavy Vehicles,20,14,19,30,54,130,344,343,329,350,275,282,302,278,300,267,270,205,156,124,79,57,38,28,0,0
2024,2024-11-25,Northbound,Light Vehicles,244,101,62,69,167,816,1937,1873,2018,1553,1306,1460,1515,1652,2045,2236,2774,3078,2098,1381,1143,969,715,394,0,0
2024,2024-11-25,Northbound,All Vehicles,264,115,81,99,221,946,2281,2216,2347,1903,1581,1742,1817,1930,2345,2503,3044,3283,2254,1505,1222,1026,753,422,0,0
2024,2024-11-26,Southbound,Heavy Vehicles,30,25,21,46,69,174,388,310,215,297,311,285,290,264,283,263,247,212,162,91,81,60,49,29,0,0
2024,2024-11-26,Northbound,Light Vehicles,201,91,85,71,174,774,1958,1938,1900,1553,1355,1479,1544,1697,2086,2457,2815,2924,2372,1428,1220,1083,793,447,0,0
2024,2024-11-26,Northbound,Heavy Vehicles,18,23,24,28,58,137,357,352,296,331,308,324,283,292,284,255,262,195,165,108,93,56,49,38,0,0
2024,2024-11-26,Southbound,Light Vehicles,129,112,72,115,288,1013,2083,2723,2255,2293,1822,1557,1418,1461,1544,2162,2394,2424,1751,1148,911,741,551,288,0,0
2024,2024-11-26,Southbound,All Vehicles,159,137,93,161,357,1187,2471,3033,2470,2590,2133,1842,1708,1725,1827,2425,2641,2636,1913,1239,992,801,600,317,0,0
2024,2024-11-26,Northbound,All Vehicles,219,114,109,99,232,911,2315,2290,2196,1884,1663,1803,1827,1989,2370,2712,3077,3119,2537,1536,1313,1139,842,485,0,0
2024,2024-11-27,Northbound,Light Vehicles,181,90,89,79,200,775,1940,2052,1928,1643,1343,1401,1532,1711,2064,2360,2611,2790,2153,1521,1252,1097,847,483,0,0
2024,2024-11-27,Southbound,Heavy Vehicles,36,29,32,57,74,170,400,314,266,340,292,295,334,306,289,300,220,229,161,92,74,64,40,32,0,0
2024,2024-11-27,Northbound,Heavy Vehicles,26,18,22,46,66,143,334,421,331,353,376,318,272,297,258,258,236,185,174,113,85,52,38,39,0,0
2024,2024-11-27,Southbound,Light Vehicles,156,112,88,126,307,984,2058,2636,2186,2316,1682,1548,1463,1588,1630,2060,2250,2442,1894,1187,897,811,571,323,0,0
2024,2024-11-27,Northbound,All Vehicles,207,108,111,125,266,918,2274,2473,2259,1996,1719,1719,1804,2008,2322,2618,2847,2975,2327,1634,1337,1149,885,522,0,0
2024,2024-11-27,Southbound,All Vehicles,192,141,120,183,381,1154,2458,2950,2452,2656,1974,1843,1797,1894,1919,2360,2470,2671,2055,1279,971,875,611,355,0,0
2024,2024-11-28,Northbound,Light Vehicles,182,88,58,66,127,497,1401,1249,1272,1070,1020,992,1122,1220,1623,1817,2211,2287,1718,1246,1038,943,712,419,0,0
2024,2024-11-28,Southbound,Heavy Vehicles,24,36,32,48,57,181,381,338,281,356,331,310,364,330,298,312,290,225,164,92,69,53,46,37,0,0
2024,2024-11-28,Northbound,Heavy Vehicles,16,18,23,30,47,99,258,233,233,230,189,197,181,203,229,189,183,172,142,91,60,53,30,20,0,0
2024,2024-11-28,Southbound,Light Vehicles,180,118,115,122,299,982,2010,2664,2290,2396,1832,1598,1740,1689,1695,2101,2487,2678,2055,1231,958,813,616,312,0,0
2024,2024-11-28,Northbound,All Vehicles,198,106,81,96,174,596,1659,1482,1505,1300,1209,1189,1303,1423,1852,2006,2394,2459,1860,1337,1098,996,742,439,0,0
2024,2024-11-28,Southbound,All Vehicles,204,154,147,170,356,1163,2391,3002,2571,2752,2163,1908,2104,2019,1993,2413,2777,2903,2219,1323,1027,866,662,349,0,0
2024,2024-11-29,Southbound,Light Vehicles,207,109,98,138,268,859,1861,2490,2580,2304,2060,1777,1771,1960,1849,2125,2303,2347,2120,1440,1039,1056,735,470,0,0
2024,2024-11-29,Northbound,Heavy Vehicles,13,24,20,35,59,127,304,340,327,340,317,346,300,298,310,264,229,212,178,110,63,53,70,35,0,0
2024,2024-11-29,Southbound,Heavy Vehicles,35,32,43,43,68,158,366,320,266,363,342,298,311,316,286,261,271,221,167,108,70,61,34,29,0,0
2024,2024-11-29,Northbound,Light Vehicles,214,112,68,77,160,741,1754,1614,1652,1529,1364,1669,1797,1941,2415,2436,2730,2819,2393,1524,1235,1230,1561,747,0,0
2024,2024-11-29,Southbound,All Vehicles,242,141,141,181,336,1017,2227,2810,2846,2667,2402,2075,2082,2276,2135,2386,2574,2568,2287,1548,1109,1117,769,499,0,0
2024,2024-11-29,Northbound,All Vehicles,227,136,88,112,219,868,2058,1954,1979,1869,1681,2015,2097,2239,2725,2700,2959,3031,2571,1634,1298,1283,1631,782,0,0
2024,2024-11-30,Northbound,Light Vehicles,326,172,122,97,104,264,699,669,868,1104,1369,1581,1738,1905,1748,1653,1831,1505,1454,1049,815,1014,1170,616,0,0
2024,2024-11-30,Southbound,Light Vehicles,292,172,142,127,205,451,794,1055,1568,2425,2477,2213,2198,,2192,2267,2043,2154,1799,1170,969,1047,785,490,0,0
2024,2024-11-30,Southbound,Heavy Vehicles,33,24,17,29,25,70,118,101,111,143,155,128,145,,127,140,126,123,99,78,54,51,30,32,0,0
2024,2024-11-30,Northbound,Heavy Vehicles,21,17,7,21,13,42,90,96,89,78,91,109,98,120,81,96,95,86,72,50,46,48,36,21,0,0
2024,2024-11-30,Northbound,All Vehicles,347,189,129,118,117,306,789,765,957,1182,1460,1690,1836,2025,1829,1749,1926,1591,1526,1099,861,1062,1206,637,0,0
2024,2024-11-30,Southbound,All Vehicles,325,196,159,156,230,521,912,1156,1679,2568,2632,2341,2343,,2319,2407,2169,2277,1898,1248,1023,1098,815,522,0,0
2024,2024-12-01,Southbound,Light Vehicles,290,210,136,117,,,,,,,,2170,2049,1926,1923,1858,1835,1789,1633,1114,999,877,661,315,0,0
2024,2024-12-01,Northbound,Light Vehicles,347,208,116,81,86,150,350,457,628,992,1371,1419,1571,1581,1611,1558,1489,1432,1262,1027,918,846,747,400,0,0
2024,2024-12-01,Southbound,Heavy Vehicles,16,16,16,13,,,,,,,,121,97,96,109,76,90,95,94,68,49,40,40,31,0,0
2024,2024-12-01,Northbound,Heavy Vehicles,16,14,11,11,10,9,39,48,61,65,79,58,76,87,68,73,84,70,61,55,34,38,30,23,0,0
2024,2024-12-01,Southbound,All Vehicles,306,226,152,130,,,,,,,,2291,2146,2022,2032,1934,1925,1884,1727,1182,1048,917,701,346,0,0
2024,2024-12-01,Northbound,All Vehicles,363,222,127,92,96,159,389,505,689,1057,1450,1477,1647,1668,1679,1631,1573,1502,1323,1082,952,884,777,423,0,0
2024,2024-12-02,Northbound,Heavy Vehicles,19,19,23,24,46,122,347,340,311,291,268,285,289,289,287,257,242,217,152,116,65,60,35,26,0,0
2024,2024-12-02,Southbound,Light Vehicles,187,97,102,115,,,,,,,1642,,1417,1449,1500,1873,2078,2227,1660,1158,905,700,463,267,0,0
2024,2024-12-02,Northbound,Light Vehicles,204,107,76,61,173,700,1706,1761,1834,1397,1274,1383,1539,1613,2022,2284,2802,3033,2127,1366,1208,980,731,378,0,0
2024,2024-12-02,Southbound,Heavy Vehicles,32,25,29,34,,,,,,,275,,286,300,285,261,240,200,129,89,87,50,41,22,0,0
2024,2024-12-02,Northbound,All Vehicles,223,126,99,85,219,822,2053,2101,2145,1688,1542,1668,1828,1902,2309,2541,3044,3250,2279,1482,1273,1040,766,404,0,0
2024,2024-12-02,Southbound,All Vehicles,219,122,131,149,,,,,,,1917,,1703,1749,1785,2134,2318,2427,1789,1247,992,750,504,289,0,0
2024,2024-12-03,Southbound,Heavy Vehicles,18,18,8,36,47,107,193,164,135,160,178,164,169,169,137,154,151,128,126,71,56,35,23,33,0,0
2024,2024-12-03,Southbound,Light Vehicles,124,74,73,88,213,566,1085,1199,868,1012,891,840,808,836,773,1133,1168,1287,1019,685,560,494,373,209,0,0
2024,2024-12-03,Northbound,Heavy Vehicles,24,19,26,33,53,118,337,364,333,310,290,252,284,278,276,237,209,,,,,,,,0,0
2024,2024-12-03,Northbound,Light Vehicles,176,113,66,61,177,716,1891,1988,1982,1587,1256,1350,1515,1697,2089,2288,2669,,,,,,,,0,0
2024,2024-12-03,Southbound,All Vehicles,142,92,81,124,260,673,1278,1363,1003,1172,1069,1004,977,1005,910,1287,1319,1415,1145,756,616,529,396,242,0,0
2024,2024-12-03,Northbound,All Vehicles,200,132,92,94,230,834,2228,2352,2315,1897,1546,1602,1799,1975,2365,2525,2878,,,,,,,,0,0
2024,2024-12-05,Southbound,Light Vehicles,,,,,200,552,1042,1131,911,1079,911,918,861,874,949,1224,1244,1141,1202,816,644,566,380,219,0,0
2024,2024-12-05,Southbound,Heavy Vehicles,,,,,49,107,217,189,149,193,187,183,187,206,187,165,168,121,116,59,56,37,35,36,0,0
2024,2024-12-05,Southbound,All Vehicles,,,,,249,659,1259,1320,1060,1272,1098,1101,1048,1080,1136,1389,1412,1262,1318,875,700,603,415,255,0,0
2024,2024-12-06,Southbound,Light Vehicles,218,147,98,112,286,942,1826,2475,2601,2198,,,,,,,2475,2421,2288,1745,1126,956,810,597,0,0
2024,2024-12-06,Northbound,Heavy Vehicles,35,22,19,35,52,143,373,351,318,319,320,,,,,,,187,159,104,97,53,47,67,0,0
2024,2024-12-06,Southbound,Heavy Vehicles,30,28,35,41,57,168,391,304,305,335,,,,,,,308,216,185,115,62,68,40,31,0,0
2024,2024-12-06,Northbound,Light Vehicles,249,125,90,82,208,710,1888,1657,1609,1441,1417,,,,,,,2756,2002,1492,1432,1245,1163,1428,0,0
2024,2024-12-06,Southbound,All Vehicles,248,175,133,153,343,1110,2217,2779,2906,2533,,,,,,,2783,2637,2473,1860,1188,1024,850,628,0,0
2024,2024-12-06,Northbound,All Vehicles,284,147,109,117,260,853,2261,2008,1927,1760,1737,,,,,,,2943,2161,1596,1529,1298,1210,1495,0,0
2024,2024-12-08,Southbound,Light Vehicles,456,205,152,141,128,287,523,776,1366,1832,2083,2068,1963,1931,1839,1889,,,,,,,,,0,0
2024,2024-12-08,Northbound,Light Vehicles,614,261,178,91,88,177,448,557,845,1398,1685,1929,1944,1898,2042,1959,1926,1917,1473,1188,1135,1115,748,435,0,0
2024,2024-12-08,Northbound,Heavy Vehicles,23,25,19,22,11,21,44,61,61,102,86,90,95,90,109,81,91,81,72,56,58,58,46,19,0,0
2024,2024-12-08,Southbound,Heavy Vehicles,30,15,18,20,10,34,46,52,67,91,89,133,91,104,94,94,,,,,,,,,0,0
2024,2024-12-08,Southbound,All Vehicles,486,220,170,161,138,321,569,828,1433,1923,2172,2201,2054,2035,1933,1983,,,,,,,,,0,0
2024,2024-12-08,Northbound,All Vehicles,637,286,197,113,99,198,492,618,906,1500,1771,2019,2039,1988,2151,2040,2017,1998,1545,1244,1193,1173,794,454,0,0
2024,2024-12-09,Northbound,Heavy Vehicles,26,14,21,29,60,125,354,358,301,344,277,260,264,300,271,273,255,213,164,106,80,50,38,30,0,0
2024,2024-12-09,Northbound,Light Vehicles,192,97,64,70,193,726,1898,1690,1783,1433,1344,1426,1502,1735,2174,2305,2714,2907,2031,1346,1203,1018,740,364,0,0
2024,2024-12-09,Northbound,All Vehicles,218,111,85,99,253,851,2252,2048,2084,1777,1621,1686,1766,2035,2445,2578,2969,3120,2195,1452,1283,1068,778,394,0,0
2024,2024-12-10,Southbound,Light Vehicles,114,74,64,105,209,574,1095,1162,802,1061,975,880,799,850,928,1182,1328,1376,1124,750,593,525,406,246,0,0
2024,2024-12-10,Southbound,Heavy Vehicles,27,25,18,38,44,117,216,168,125,177,181,200,192,160,153,176,146,162,98,72,52,44,36,27,0,0
2024,2024-12-10,Southbound,All Vehicles,141,99,82,143,253,691,1311,1330,927,1238,1156,1080,991,1010,1081,1358,1474,1538,1222,822,645,569,442,273,0,0
2024,2024-12-12,Northbound,Heavy Vehicles,,,,,,,,,,,,290,276,310,307,302,214,192,166,146,93,62,43,47,0,0
2024,2024-12-12,Northbound,Light Vehicles,,,,,,,,,,,,1571,1610,1640,2240,2438,2632,2762,2329,1610,1479,1208,1020,844,0,0
2024,2024-12-12,Southbound,Light Vehicles,143,100,98,97,197,555,1035,1197,855,1081,,874,832,903,945,1204,1301,1328,1232,851,670,590,495,299,0,0
2024,2024-12-12,Southbound,Heavy Vehicles,16,24,18,31,58,111,208,179,114,162,,201,199,180,180,173,147,127,92,80,45,54,48,37,0,0
2024,2024-12-12,Northbound,All Vehicles,,,,,,,,,,,,1861,1886,1950,2547,2740,2846,2954,2495,1756,1572,1270,1063,891,0,0
2024,2024-12-12,Southbound,All Vehicles,159,124,116,128,255,666,1243,1376,969,1243,,1075,1031,1083,1125,1377,1448,1455,1324,931,715,644,543,336,0,0
2024,2024-12-13,Northbound,Light Vehicles,273,153,81,72,173,751,1879,1616,1673,1436,1407,1661,1687,1834,2266,2327,2465,,,,,,,,0,0
2024,2024-12-13,Northbound,Heavy Vehicles,28,21,21,38,57,129,386,341,320,329,319,349,322,265,269,247,240,,,,,,,,0,0
2024,2024-12-13,Northbound,All Vehicles,301,174,102,110,230,880,2265,1957,1993,1765,1726,2010,2009,2099,2535,2574,2705,,,,,,,,0,0
2024,2024-12-14,Northbound,Light Vehicles,,,,,,,,,,,,2124,2175,2083,2139,2225,2031,2083,1916,1348,1210,1263,1100,861,0,0
2024,2024-12-14,Northbound,Heavy Vehicles,,,,,,,,,,,,135,127,134,128,100,107,111,91,56,50,44,47,37,0,0
2024,2024-12-14,Southbound,Light Vehicles,,,,,,,,,,,,2400,2360,2326,2079,2241,2114,2159,1745,1313,1004,929,866,687,0,0
2024,2024-12-14,Southbound,Heavy Vehicles,,,,,,,,,,,,182,154,159,142,136,136,159,106,85,65,51,39,33,0,0
2024,2024-12-14,Northbound,All Vehicles,,,,,,,,,,,,2259,2302,2217,2267,2325,2138,2194,2007,1404,1260,1307,1147,898,0,0
2024,2024-12-14,Southbound,All Vehicles,,,,,,,,,,,,2582,2514,2485,2221,2377,2250,2318,1851,1398,1069,980,905,720,0,0
2024,2024-12-17,Northbound,Heavy Vehicles,,,,,49,100,297,240,266,225,199,212,183,176,192,170,196,167,113,74,58,46,35,27,0,0
2024,2024-12-17,Southbound,Light Vehicles,120,84,61,74,200,582,1067,1214,954,1100,978,907,867,901,864,1093,1181,1187,976,750,569,541,367,234,0,0
2024,2024-12-17,Southbound,Heavy Vehicles,22,27,15,30,56,116,209,209,146,195,174,184,181,158,183,157,140,111,83,76,54,40,40,34,0,0
2024,2024-12-17,Northbound,Light Vehicles,,,,,134,539,1357,1144,1260,1089,952,1117,1143,1268,1519,1717,2010,2330,1602,1051,954,818,634,362,0,0
2024,2024-12-17,Northbound,All Vehicles,,,,,183,639,1654,1384,1526,1314,1151,1329,1326,1444,1711,1887,2206,2497,1715,1125,1012,864,669,389,0,0
2024,2024-12-17,Southbound,All Vehicles,142,111,76,104,256,698,1276,1423,1100,1295,1152,1091,1048,1059,1047,1250,1321,1298,1059,826,623,581,407,268,0,0
2024,2024-12-18,Northbound,Light Vehicles,190,97,86,85,,,,,,,,1483,1689,1802,2162,2425,2638,2931,2400,1473,1283,1083,900,486,0,0
2024,2024-12-18,Northbound,Heavy Vehicles,24,20,24,34,,,,,,,,344,311,300,332,293,231,226,172,114,87,60,64,27,0,0
2024,2024-12-18,Northbound,All Vehicles,214,117,110,119,,,,,,,,1827,2000,2102,2494,2718,2869,3157,2572,1587,1370,1143,964,513,0,0
2024,2024-12-19,Southbound,Light Vehicles,186,123,113,119,309,908,1905,2513,,2065,1890,,,,,,2302,2366,1835,1323,973,900,674,415,0,0
2024,2024-12-19,Southbound,Heavy Vehicles,25,24,27,43,55,165,377,346,,304,316,,,,,,293,259,156,113,66,71,56,37,0,0
2024,2024-12-19,Southbound,All Vehicles,211,147,140,162,364,1073,2282,2859,,2369,2206,,,,,,2595,2625,1991,1436,1039,971,730,452,0,0
2024,2024-12-20,Southbound,Light Vehicles,214,143,100,128,314,846,1683,2168,2358,2115,2056,1922,1916,1905,1753,2137,,,,,,,,,0,0
2024,2024-12-20,Southbound,Heavy Vehicles,45,40,40,37,70,152,336,271,276,278,288,318,309,263,229,261,,,,,,,,,0,0
2024,2024-12-20,Southbound,All Vehicles,259,183,140,165,384,998,2019,2439,2634,2393,2344,2240,2225,2168,1982,2398,,,,,,,,,0,0
2024,2024-12-21,Northbound,Heavy Vehicles,31,25,13,25,,,,,,,,148,132,112,136,117,103,109,83,63,57,43,33,49,0,0
2024,2024-12-21,Northbound,Light Vehicles,453,224,151,113,,,,,,,,2142,1978,1939,2066,1974,1838,1902,1629,1248,1130,1156,1218,1392,0,0
2024,2024-12-21,Northbound,All Vehicles,484,249,164,138,,,,,,,,2290,2110,2051,2202,2091,1941,2011,1712,1311,1187,1199,1251,1441,0,0
2024,2024-12-22,Northbound,Heavy Vehicles,22,11,14,14,16,34,48,83,75,82,93,96,92,82,93,84,71,84,64,67,65,44,40,26,0,0
2024,2024-12-22,Northbound,Light Vehicles,495,266,167,110,108,228,436,594,773,1246,1585,1754,1878,1698,1816,1738,1742,1720,1420,1197,1124,1007,797,538,0,0
2024,2024-12-22,Northbound,All Vehicles,517,277,181,124,124,262,484,677,848,1328,1678,1850,1970,1780,1909,1822,1813,1804,1484,1264,1189,1051,837,564,0,0
2024,2024-12-23,Southbound,Heavy Vehicles,25,27,31,30,51,93,228,220,210,234,209,244,203,224,,210,,157,121,93,49,47,41,48,0,0
2024,2024-12-23,Southbound,Light Vehicles,232,128,110,94,231,627,1195,1512,1808,1883,1970,1867,1648,1722,,1813,,1811,1518,1127,884,770,608,415,0,0
2024,2024-12-23,Southbound,All Vehicles,257,155,141,124,282,720,1423,1732,2018,2117,2179,2111,1851,1946,,2023,,1968,1639,1220,933,817,649,463,0,0
2024,2024-12-24,Southbound,Light Vehicles,185,98,80,106,183,383,600,636,884,930,985,975,959,934,940,984,884,,811,630,,573,526,358,0,0
2024,2024-12-24,Northbound,Light Vehicles,,,,,137,367,934,909,1083,1324,1469,1719,1907,1938,1932,1965,1951,1818,1394,1060,910,986,862,626,0,0
2024,2024-12-24,Northbound,Heavy Vehicles,,,,,41,68,188,217,205,188,185,172,169,150,152,120,110,104,77,46,40,51,37,28,0,0
2024,2024-12-24,Southbound,Heavy Vehicles,27,25,18,23,34,71,111,105,120,107,124,95,105,104,102,101,73,,55,39,,22,24,20,0,0
2024,2024-12-24,Southbound,All Vehicles,212,123,98,129,217,454,711,741,1004,1037,1109,1070,1064,1038,1042,1085,957,,866,669,,595,550,378,0,0
2024,2024-12-24,Northbound,All Vehicles,,,,,178,435,1122,1126,1288,1512,1654,1891,2076,2088,2084,2085,2061,1922,1471,1106,950,1037,899,654,0,0
2024,2024-12-25,Southbound,Heavy Vehicles,12,6,9,6,7,9,17,22,30,36,44,36,40,33,23,25,33,30,27,30,18,20,17,11,0,0
2024,2024-12-25,Northbound,Light Vehicles,280,173,96,64,58,119,255,306,497,916,1179,1604,1551,1025,899,907,1083,1051,1006,808,814,790,714,540,0,0
2024,2024-12-25,Northbound,Heavy Vehicles,14,7,7,6,6,9,22,30,35,51,48,39,47,41,35,29,41,44,29,29,38,25,22,15,0,0
2024,2024-12-25,Southbound,Light Vehicles,225,179,102,71,76,127,278,349,408,663,913,1021,930,682,616,710,831,856,853,840,718,652,625,372,0,0
2024,2024-12-25,Southbound,All Vehicles,237,185,111,77,83,136,295,371,438,699,957,1057,970,715,639,735,864,886,880,870,736,672,642,383,0,0
2024,2024-12-25,Northbound,All Vehicles,294,180,103,70,64,128,277,336,532,967,1227,1643,1598,1066,934,936,1124,1095,1035,837,852,815,736,555,0,0
2024,2024-12-26,Southbound,Heavy Vehicles,10,6,12,5,6,18,24,42,50,62,42,54,34,53,38,35,38,27,32,31,28,28,30,21,0,0
2024,2024-12-26,Southbound,Light Vehicles,219,123,91,83,99,175,308,461,620,824,1018,1062,1050,886,877,884,894,865,775,696,636,585,424,317,0,0
2024,2024-12-26,Southbound,All Vehicles,229,129,103,88,105,193,332,503,670,886,1060,1116,1084,939,915,919,932,892,807,727,664,613,454,338,0,0
2024,2024-12-27,Northbound,Light Vehicles,248,146,86,90,153,339,840,825,946,1144,1336,1550,1751,1660,1854,1741,1708,1750,1410,1089,1021,902,802,560,0,0
2024,2024-12-27,Southbound,Light Vehicles,238,159,113,107,190,416,809,959,1219,1527,1638,1765,1745,1660,1553,1470,1449,1507,1339,998,840,807,620,380,0,0
2024,2024-12-27,Southbound,Heavy Vehicles,23,28,27,23,27,81,127,118,118,141,158,162,174,147,161,128,118,117,83,57,57,43,29,21,0,0
2024,2024-12-27,Northbound,Heavy Vehicles,16,11,29,23,28,60,130,155,149,148,144,167,153,141,129,125,96,88,84,65,41,41,35,28,0,0
2024,2024-12-27,Northbound,All Vehicles,264,157,115,113,181,399,970,980,1095,1292,1480,1717,1904,1801,1983,1866,1804,1838,1494,1154,1062,943,837,588,0,0
2024,2024-12-27,Southbound,All Vehicles,261,187,140,130,217,497,936,1077,1337,1668,1796,1927,1919,1807,1714,1598,1567,1624,1422,1055,897,850,649,401,0,0
2024,2024-12-29,Northbound,Heavy Vehicles,,,,,15,18,35,50,53,65,70,80,82,69,73,61,66,80,63,56,39,43,38,22,0,0
2024,2024-12-29,Southbound,Heavy Vehicles,7,9,11,15,18,31,30,53,56,56,71,76,85,71,57,85,83,,63,51,62,41,28,40,0,0
2024,2024-12-29,Northbound,Light Vehicles,,,,,105,200,409,495,760,1111,1274,1692,1700,1613,1614,1543,1447,1583,1326,1057,1009,1061,821,510,0,0
2024,2024-12-29,Southbound,Light Vehicles,300,170,114,127,164,220,506,599,951,1433,1690,1629,1630,1606,1539,1507,1501,,1233,989,876,813,633,368,0,0
2024,2024-12-29,Northbound,All Vehicles,,,,,120,218,444,545,813,1176,1344,1772,1782,1682,1687,1604,1513,1663,1389,1113,1048,1104,859,532,0,0
2024,2024-12-29,Southbound,All Vehicles,307,179,125,142,182,251,536,652,1007,1489,1761,1705,1715,1677,1596,1592,1584,,1296,1040,938,854,661,408,0,0
2024,2024-12-30,Southbound,Heavy Vehicles,5,2,3,6,6,20,41,41,48,59,49,66,76,62,66,61,62,51,43,24,19,17,9,15,0,0
2024,2024-12-30,Southbound,Light Vehicles,49,30,22,22,47,146,294,446,611,704,724,739,720,675,677,733,734,810,768,398,277,259,196,118,0,0
2024,2024-12-30,Northbound,Light Vehicles,275,142,100,79,107,324,883,788,938,1179,1313,1559,1605,1693,1890,1855,1843,1969,1569,1193,1052,1298,1135,1231,0,0
2024,2024-12-30,Northbound,Heavy Vehicles,27,12,14,21,27,63,147,167,176,169,158,178,145,135,152,132,133,103,93,67,58,69,41,58,0,0
2024,2024-12-30,Southbound,All Vehicles,54,32,25,28,53,166,335,487,659,763,773,805,796,737,743,794,796,861,811,422,296,276,205,133,0,0
2024,2024-12-30,Northbound,All Vehicles,302,154,114,100,134,387,1030,955,1114,1348,1471,1737,1750,1828,2042,1987,1976,2072,1662,1260,1110,1367,1176,1289,0,0
2024,2024-12-31,Northbound,Light Vehicles,245,113,68,46,79,195,583,534,681,766,932,1107,1255,1276,1360,1341,1350,1281,975,739,596,607,551,385,0,0
2024,2024-12-31,Northbound,Heavy Vehicles,20,17,12,12,25,41,92,125,116,109,93,123,113,103,106,83,76,72,44,34,32,14,20,9,0,0
2024,2024-12-31,Northbound,All Vehicles,265,130,80,58,104,236,675,659,797,875,1025,1230,1368,1379,1466,1424,1426,1353,1019,773,628,621,571,394,0,0
2025,2025-01-02,Southbound,Light Vehicles,,,,,195,483,935,1164,1385,1443,1701,1655,1669,1679,1630,1769,1686,1836,1380,1065,822,726,553,323,0,0
2025,2025-01-02,Southbound,Heavy Vehicles,,,,,43,77,143,128,151,138,175,162,177,163,161,152,157,149,96,76,49,41,43,32,0,0
2025,2025-01-02,Northbound,Heavy Vehicles,,,,,42,69,130,152,160,179,174,151,155,138,143,152,120,120,93,80,48,41,37,27,0,0
2025,2025-01-02,Northbound,Light Vehicles,,,,,116,342,843,827,1052,1116,1319,1444,1490,1674,1806,1892,1947,2057,1446,1104,1025,1150,873,535,0,0
2025,2025-01-02,Southbound,All Vehicles,,,,,238,560,1078,1292,1536,1581,1876,1817,1846,1842,1791,1921,1843,1985,1476,1141,871,767,596,355,0,0
2025,2025-01-02,Northbound,All Vehicles,,,,,158,411,973,979,1212,1295,1493,1595,1645,1812,1949,2044,2067,2177,1539,1184,1073,1191,910,562,0,0
2025,2025-01-03,Northbound,Heavy Vehicles,18,19,14,26,40,69,165,182,191,186,203,166,176,158,185,155,119,106,93,73,50,37,37,37,0,0
2025,2025-01-03,Northbound,Light Vehicles,252,144,67,74,108,372,944,804,1035,1132,1258,1465,1577,1699,1937,1933,1993,2020,1593,1166,1058,1009,902,647,0,0
2025,2025-01-03,Northbound,All Vehicles,270,163,81,100,148,441,1109,986,1226,1318,1461,1631,1753,1857,2122,2088,2112,2126,1686,1239,1108,1046,939,684,0,0
2025,2025-01-04,Southbound,Light Vehicles,247,172,130,102,181,346,641,847,1167,1777,,1815,1794,1762,1601,1651,1662,,1442,1147,,885,644,428,0,0
2025,2025-01-04,Southbound,Heavy Vehicles,25,21,11,28,28,41,72,73,105,104,,102,103,113,87,91,119,,68,70,,46,39,30,0,0
2025,2025-01-04,Southbound,All Vehicles,272,193,141,130,209,387,713,920,1272,1881,,1917,1897,1875,1688,1742,1781,,1510,1217,,931,683,458,0,0
2025,2025-01-05,Southbound,Heavy Vehicles,18,17,14,9,11,25,28,46,55,82,70,91,87,83,71,64,71,91,62,66,52,59,43,36,0,0
2025,2025-01-05,Southbound,Light Vehicles,267,174,121,108,134,229,474,632,983,1438,1685,1639,1630,1616,1467,1493,1550,1546,1109,994,801,761,571,320,0,0
2025,2025-01-05,Northbound,Heavy Vehicles,21,16,11,12,16,24,24,26,55,62,50,69,68,73,72,67,78,70,59,58,43,36,32,20,0,0
2025,2025-01-05,Northbound,Light Vehicles,377,207,139,101,94,192,350,476,701,1200,1365,1534,1540,1578,1503,1536,1630,1605,1181,1009,1021,842,773,428,0,0
2025,2025-01-05,Southbound,All Vehicles,285,191,135,117,145,254,502,678,1038,1520,1755,1730,1717,1699,1538,1557,1621,1637,1171,1060,853,820,614,356,0,0
2025,2025-01-05,Northbound,All Vehicles,398,223,150,113,110,216,374,502,756,1262,1415,1603,1608,1651,1575,1603,1708,1675,1240,1067,1064,878,805,448,0,0
2025,2025-01-06,Southbound,Heavy Vehicles,3,1,4,3,12,52,95,98,91,98,72,82,89,73,84,104,74,69,38,24,15,20,10,5,0,0
2025,2025-01-06,Southbound,Light Vehicles,41,24,27,27,67,285,713,1074,1188,759,690,591,561,556,577,709,766,828,593,390,228,202,167,67,0,0
2025,2025-01-06,Southbound,All Vehicles,44,25,31,30,79,337,808,1172,1279,857,762,673,650,629,661,813,840,897,631,414,243,222,177,72,0,0
2025,2025-01-07,Northbound,Heavy Vehicles,11,16,22,28,39,89,248,267,241,217,236,215,214,211,266,250,184,166,137,74,60,37,29,22,0,0
2025,2025-01-07,Southbound,Light Vehicles,155,107,96,124,252,742,1538,2090,2341,1855,1549,1452,1500,1402,1527,1807,1859,2153,1419,,773,675,485,268,0,0
2025,2025-01-07,Northbound,Light Vehicles,149,92,61,66,166,541,1416,1293,1436,1206,1199,1376,1450,1690,2114,2352,2527,2885,1768,1127,971,851,620,387,0,0
2025,2025-01-07,Southbound,Heavy Vehicles,19,16,20,24,56,126,253,269,212,245,221,249,221,205,213,238,188,165,119,,47,32,38,38,0,0
2025,2025-01-07,Northbound,All Vehicles,160,108,83,94,205,630,1664,1560,1677,1423,1435,1591,1664,1901,2380,2602,2711,3051,1905,1201,1031,888,649,409,0,0
2025,2025-01-07,Southbound,All Vehicles,174,123,116,148,308,868,1791,2359,2553,2100,1770,1701,1721,1607,1740,2045,2047,2318,1538,,820,707,523,306,0,0
2025,2025-01-08,Northbound,Heavy Vehicles,20,21,18,26,44,98,269,267,287,268,267,252,204,218,200,229,185,168,135,79,50,44,20,18,0,0
2025,2025-01-08,Northbound,Light Vehicles,151,99,76,58,144,551,1581,1305,1409,1255,1194,1387,1366,1550,1803,2103,2449,2574,1839,1124,1105,1051,666,385,0,0
2025,2025-01-08,Northbound,All Vehicles,171,120,94,84,188,649,1850,1572,1696,1523,1461,1639,1570,1768,2003,2332,2634,2742,1974,1203,1155,1095,686,403,0,0
2025,2025-01-09,Northbound,Heavy Vehicles,13,15,15,30,40,82,198,195,169,190,174,158,173,166,153,165,154,147,109,64,45,49,51,20,0,0
2025,2025-01-09,Northbound,Light Vehicles,144,80,52,40,99,379,1190,899,977,981,957,1047,1137,1170,1437,1700,2007,2048,1404,938,884,1004,806,385,0,0
2025,2025-01-09,Southbound,Heavy Vehicles,16,19,12,32,47,150,282,246,246,242,275,248,200,257,239,,185,165,130,69,51,51,36,41,0,0
2025,2025-01-09,Southbound,Light Vehicles,142,106,104,112,253,733,1504,2063,2313,1819,1532,1570,1436,1444,1558,,1995,2282,1828,1137,843,755,507,299,0,0
2025,2025-01-09,Northbound,All Vehicles,157,95,67,70,139,461,1388,1094,1146,1171,1131,1205,1310,1336,1590,1865,2161,2195,1513,1002,929,1053,857,405,0,0
2025,2025-01-09,Southbound,All Vehicles,158,125,116,144,300,883,1786,2309,2559,2061,1807,1818,1636,1701,1797,,2180,2447,1958,1206,894,806,543,340,0,0
2025,2025-01-10,Northbound,Light Vehicles,241,115,76,87,124,595,1703,1347,1450,1281,1265,1431,1630,1742,2026,2133,2444,2501,1851,1300,1113,1064,858,614,0,0
2025,2025-01-10,Southbound,Light Vehicles,168,116,107,97,262,719,1416,1827,2068,1875,1656,1567,1727,1556,1596,1835,1940,2135,1624,1198,864,811,597,416,0,0
2025,2025-01-10,Southbound,Heavy Vehicles,25,25,24,42,52,124,278,268,218,263,270,227,259,199,217,239,209,176,117,78,71,45,32,33,0,0
2025,2025-01-10,Northbound,Heavy Vehicles,31,26,23,36,47,97,286,298,268,272,256,238,211,230,237,218,181,164,119,81,49,38,37,30,0,0
2025,2025-01-10,Northbound,All Vehicles,272,141,99,123,171,692,1989,1645,1718,1553,1521,1669,1841,1972,2263,2351,2625,2665,1970,1381,1162,1102,895,644,0,0
2025,2025-01-10,Southbound,All Vehicles,193,141,131,139,314,843,1694,2095,2286,2138,1926,1794,1986,1755,1813,2074,2149,2311,1741,1276,935,856,629,449,0,0
2025,2025-01-11,Northbound,Heavy Vehicles,16,12,21,21,25,37,116,99,115,102,104,125,108,129,107,101,87,78,78,64,51,28,32,25,0,0
2025,2025-01-11,Southbound,Light Vehicles,249,134,127,118,174,374,715,951,1215,1770,2116,2166,2130,2100,1967,1955,1767,1732,1431,1026,912,911,678,445,0,0
2025,2025-01-11,Southbound,Heavy Vehicles,20,15,12,20,23,44,87,99,115,118,122,153,130,104,103,122,107,117,62,61,53,53,30,24,0,0
2025,2025-01-11,Northbound,Light Vehicles,334,190,131,102,109,345,871,846,1000,1353,1679,1880,1800,2014,1993,1943,1962,1838,1565,1171,1061,1017,885,669,0,0
2025,2025-01-11,Northbound,All Vehicles,350,202,152,123,134,382,987,945,1115,1455,1783,2005,1908,2143,2100,2044,2049,1916,1643,1235,1112,1045,917,694,0,0
2025,2025-01-11,Southbound,All Vehicles,269,149,139,138,197,418,802,1050,1330,1888,2238,2319,2260,2204,2070,2077,1874,1849,1493,1087,965,964,708,469,0,0
2025,2025-01-12,Northbound,Light Vehicles,388,226,175,117,111,184,379,429,665,1125,1435,1654,1692,1707,1799,1757,1712,1596,1655,1234,1070,874,684,370,0,0
2025,2025-01-12,Northbound,Heavy Vehicles,18,12,17,12,8,17,28,38,71,63,66,77,70,92,84,68,63,78,58,46,49,47,25,14,0,0
2025,2025-01-12,Southbound,Light Vehicles,287,174,138,117,125,218,489,631,989,1503,1942,1776,1824,1784,1710,1909,1636,1488,1200,957,808,727,499,279,0,0
2025,2025-01-12,Southbound,Heavy Vehicles,16,12,15,6,17,22,36,37,56,81,88,94,96,89,73,100,76,70,60,65,51,31,44,31,0,0
2025,2025-01-12,Northbound,All Vehicles,406,238,192,129,119,201,407,467,736,1188,1501,1731,1762,1799,1883,1825,1775,1674,1713,1280,1119,921,709,384,0,0
2025,2025-01-12,Southbound,All Vehicles,303,186,153,123,142,240,525,668,1045,1584,2030,1870,1920,1873,1783,2009,1712,1558,1260,1022,859,758,543,310,0,0
2025,2025-01-13,Southbound,Light Vehicles,177,103,69,96,293,816,1799,2432,2605,1788,1566,1486,1386,1446,1535,1953,,,,,,,,,0,0
2025,2025-01-13,Southbound,Heavy Vehicles,18,20,30,36,49,151,340,291,271,261,282,257,266,232,247,237,,,,,,,,,0,0
2025,2025-01-13,Southbound,All Vehicles,195,123,99,132,342,967,2139,2723,2876,2049,1848,1743,1652,1678,1782,2190,,,,,,,,,0,0
2025,2025-01-15,Northbound,Light Vehicles,198,104,89,71,155,615,1832,1574,1655,1462,1350,1360,1614,1764,1942,2238,2766,3102,2377,1373,483,,,,0,0
2025,2025-01-15,Northbound,Heavy Vehicles,28,28,21,38,65,117,294,344,325,331,268,284,257,270,265,251,240,204,145,90,24,,,,0,0
2025,2025-01-15,Northbound,All Vehicles,226,132,110,109,220,732,2126,1918,1980,1793,1618,1644,1871,2034,2207,2489,3006,3306,2522,1463,507,,,,0,0
2025,2025-01-16,Southbound,Light Vehicles,170,120,96,94,269,818,1819,2266,2019,1986,1788,1529,1410,1441,1606,,1929,2282,1735,1189,919,829,605,,0,0
2025,2025-01-16,Southbound,Heavy Vehicles,20,28,19,35,51,146,337,281,214,297,278,254,279,243,253,,203,186,140,87,62,50,38,,0,0
2025,2025-01-16,Southbound,All Vehicles,190,148,115,129,320,964,2156,2547,2233,2283,2066,1783,1689,1684,1859,,2132,2468,1875,1276,981,879,643,,0,0
2025,2025-01-17,Southbound,Light Vehicles,207,114,107,118,265,801,1627,2100,2306,1954,1671,1759,1670,1634,1690,1975,1976,2350,2374,1446,895,844,704,478,0,0
2025,2025-01-17,Southbound,Heavy Vehicles,25,25,25,41,58,136,283,258,298,292,286,250,275,282,264,252,213,211,170,91,59,54,36,31,0,0
2025,2025-01-17,Southbound,All Vehicles,232,139,132,159,323,937,1910,2358,2604,2246,1957,2009,1945,1916,1954,2227,2189,2561,2544,1537,954,898,740,509,0,0
2025,2025-01-18,Northbound,Heavy Vehicles,14,19,10,16,18,39,116,154,136,124,156,133,136,116,137,108,102,88,83,60,45,45,36,28,0,0
2025,2025-01-18,Southbound,Heavy Vehicles,24,17,14,26,29,40,107,112,129,137,150,131,144,129,131,128,,102,99,,56,40,41,36,0,0
2025,2025-01-18,Southbound,Light Vehicles,250,151,122,121,219,338,729,955,1275,1873,2142,2149,2294,2240,2024,2133,,1801,1572,,951,911,766,453,0,0
2025,2025-01-18,Northbound,Light Vehicles,425,194,135,88,112,356,852,831,964,1308,1711,1783,2013,2008,1993,1919,2000,1943,1620,1126,1089,1169,1183,783,0,0
2025,2025-01-18,Northbound,All Vehicles,439,213,145,104,130,395,968,985,1100,1432,1867,1916,2149,2124,2130,2027,2102,2031,1703,1186,1134,1214,1219,811,0,0
2025,2025-01-18,Southbound,All Vehicles,274,168,136,147,248,378,836,1067,1404,2010,2292,2280,2438,2369,2155,2261,,1903,1671,,1007,951,807,489,0,0
2025,2025-01-19,Northbound,Light Vehicles,403,233,129,117,85,184,405,480,730,1099,1543,1765,1785,1927,1992,1906,1999,2175,1567,1087,1128,1039,767,401,0,0
2025,2025-01-19,Northbound,Heavy Vehicles,16,12,16,12,8,19,29,60,56,62,79,83,81,85,84,69,77,91,64,46,49,46,32,21,0,0
2025,2025-01-19,Southbound,Light Vehicles,313,157,131,111,131,238,511,700,979,1568,2034,2032,2111,2202,1866,1776,1684,1518,1268,960,880,766,569,285,0,0
2025,2025-01-19,Southbound,Heavy Vehicles,18,18,10,13,13,17,37,61,52,82,90,86,107,116,93,98,77,74,69,66,55,38,28,28,0,0
2025,2025-01-19,Northbound,All Vehicles,419,245,145,129,93,203,434,540,786,1161,1622,1848,1866,2012,2076,1975,2076,2266,1631,1133,1177,1085,799,422,0,0
2025,2025-01-19,Southbound,All Vehicles,331,175,141,124,144,255,548,761,1031,1650,2124,2118,2218,2318,1959,1874,1761,1592,1337,1026,935,804,597,313,0,0
2025,2025-01-20,Southbound,Heavy Vehicles,22,19,24,38,55,161,355,333,278,320,291,293,293,268,248,265,,,,,,,,,0,0
2025,2025-01-20,Southbound,Light Vehicles,188,99,77,104,276,850,1786,2611,2603,2027,1518,1436,1338,1511,1542,1834,,,,,,,,,0,0
2025,2025-01-20,Northbound,Light Vehicles,212,105,59,68,166,681,1771,1623,1669,1395,1270,,,,,,,3139,2311,1261,1077,958,690,357,0,0
2025,2025-01-20,Northbound,Heavy Vehicles,26,19,15,19,56,110,363,324,334,318,304,,,,,,,200,162,103,73,46,32,27,0,0
2025,2025-01-20,Southbound,All Vehicles,210,118,101,142,331,1011,2141,2944,2881,2347,1809,1729,1631,1779,1790,2099,,,,,,,,,0,0
2025,2025-01-20,Northbound,All Vehicles,238,124,74,87,222,791,2134,1947,2003,1713,1574,,,,,,,3339,2473,1364,1150,1004,722,384,0,0
2025,2025-01-21,Northbound,Light Vehicles,183,99,73,65,164,631,1871,1756,1734,1558,1268,1428,1461,1724,1968,2312,2757,2991,2257,1353,1160,993,739,360,0,0
2025,2025-01-21,Southbound,Heavy Vehicles,,,,,55,95,187,181,168,180,180,177,179,190,169,151,140,103,88,52,45,37,34,31,0,0
2025,2025-01-21,Northbound,Heavy Vehicles,16,22,15,37,48,124,358,380,311,304,285,289,264,291,241,248,249,228,154,107,90,43,48,31,0,0
2025,2025-01-21,Southbound,Light Vehicles,,,,,199,510,953,1212,1017,1122,917,900,927,872,894,1110,1210,1341,1034,694,546,485,367,183,0,0
2025,2025-01-21,Northbound,All Vehicles,199,121,88,102,212,755,2229,2136,2045,1862,1553,1717,1725,2015,2209,2560,3006,3219,2411,1460,1250,1036,787,391,0,0
2025,2025-01-21,Southbound,All Vehicles,,,,,254,605,1140,1393,1185,1302,1097,1077,1106,1062,1063,1261,1350,1444,1122,746,591,522,401,214,0,0
2025,2025-01-22,Southbound,Light Vehicles,124,88,71,96,,,,,,,933,852,906,903,961,,1219,,1369,706,543,485,366,217,0,0
2025,2025-01-22,Northbound,Heavy Vehicles,16,18,24,41,52,124,330,368,330,336,304,252,279,298,283,,224,229,147,104,65,60,41,59,0,0
2025,2025-01-22,Southbound,Heavy Vehicles,27,23,22,37,,,,,,,174,183,185,176,166,,137,,80,63,48,34,35,32,0,0
2025,2025-01-22,Northbound,Light Vehicles,207,96,79,73,162,666,1856,1632,1752,1403,1385,1406,1611,1718,1912,,2827,3006,2381,1318,1091,1039,817,1162,0,0
2025,2025-01-22,Southbound,All Vehicles,151,111,93,133,,,,,,,1107,1035,1091,1079,1127,,1356,,1449,769,591,519,401,249,0,0
2025,2025-01-22,Northbound,All Vehicles,223,114,103,114,214,790,2186,2000,2082,1739,1689,1658,1890,2016,2195,,3051,3235,2528,1422,1156,1099,858,1221,0,0
2025,2025-01-23,Northbound,Heavy Vehicles,16,14,12,28,61,89,227,240,211,230,215,177,203,177,189,149,161,121,92,74,57,43,16,18,0,0
2025,2025-01-23,Northbound,Light Vehicles,169,53,53,41,93,429,1102,1023,1141,920,776,845,878,1010,1213,1343,1538,1831,1445,819,747,563,438,283,0,0
2025,2025-01-23,Southbound,Heavy Vehicles,17,18,16,33,73,151,354,297,275,297,319,270,284,286,283,288,256,221,151,83,78,61,46,27,0,0
2025,2025-01-23,Southbound,Light Vehicles,150,97,78,104,286,868,1788,2442,2626,2000,1612,1512,1529,1581,1638,2073,2282,2379,1834,1238,858,767,520,285,0,0
2025,2025-01-23,Northbound,All Vehicles,185,67,65,69,154,518,1329,1263,1352,1150,991,1022,1081,1187,1402,1492,1699,1952,1537,893,804,606,454,301,0,0
2025,2025-01-23,Southbound,All Vehicles,167,115,94,137,359,1019,2142,2739,2901,2297,1931,1782,1813,1867,1921,2361,2538,2600,1985,1321,936,828,566,312,0,0
2025,2025-01-24,Southbound,Heavy Vehicles,27,24,28,48,61,88,204,185,172,155,190,173,185,148,134,170,167,91,88,49,44,41,31,30,0,0
2025,2025-01-24,Southbound,Light Vehicles,126,100,65,87,204,506,871,1098,1173,1057,980,997,945,957,1030,1181,1212,1349,1254,843,618,599,512,353,0,0
2025,2025-01-24,Southbound,All Vehicles,153,124,93,135,265,594,1075,1283,1345,1212,1170,1170,1130,1105,1164,1351,1379,1440,1342,892,662,640,543,383,0,0
2025,2025-01-25,Northbound,Heavy Vehicles,2,10,9,9,15,19,74,71,66,50,59,48,48,50,54,33,39,46,35,19,19,18,11,9,0,0
2025,2025-01-25,Southbound,Heavy Vehicles,21,17,16,21,22,53,128,109,120,140,174,151,151,,106,121,130,125,,,,,,,0,0
2025,2025-01-25,Southbound,Light Vehicles,264,169,130,115,187,413,889,1055,1449,2021,2275,2382,2278,,1922,1934,1962,1941,,,,,,,0,0
2025,2025-01-25,Northbound,Light Vehicles,175,94,65,47,53,139,381,341,437,582,631,736,720,686,738,692,654,678,600,488,418,401,364,316,0,0
2025,2025-01-25,Northbound,All Vehicles,177,104,74,56,68,158,455,412,503,632,690,784,768,736,792,725,693,724,635,507,437,419,375,325,0,0
2025,2025-01-25,Southbound,All Vehicles,285,186,146,136,209,466,1017,1164,1569,2161,2449,2533,2429,,2028,2055,2092,2066,,,,,,,0,0
2025,2025-01-26,Northbound,Heavy Vehicles,18,19,7,11,7,17,21,57,72,71,72,78,65,62,73,72,75,81,67,48,44,40,15,20,0,0
2025,2025-01-26,Northbound,Light Vehicles,647,423,164,107,76,192,414,526,775,1115,1411,1653,1769,1730,1705,1665,1699,1599,1424,1133,1100,1026,843,571,0,0
2025,2025-01-26,Northbound,All Vehicles,665,442,171,118,83,209,435,583,847,1186,1483,1731,1834,1792,1778,1737,1774,1680,1491,1181,1144,1066,858,591,0,0
2025,2025-01-27,Northbound,Heavy Vehicles,28,17,7,15,15,26,60,64,88,61,80,78,84,66,74,68,60,57,59,68,51,38,38,22,0,0
2025,2025-01-27,Northbound,Light Vehicles,415,185,108,67,81,193,445,443,578,887,1139,1369,1529,1388,1545,1503,1429,1480,1202,1064,992,939,649,359,0,0
2025,2025-01-27,Northbound,All Vehicles,443,202,115,82,96,219,505,507,666,948,1219,1447,1613,1454,1619,1571,1489,1537,1261,1132,1043,977,687,381,0,0
2025,2025-01-28,Northbound,Light Vehicles,211,101,49,62,151,614,1534,1545,1666,1628,1322,1437,1538,1615,1921,2338,2854,3150,2184,1107,933,992,777,446,0,0
2025,2025-01-28,Northbound,Heavy Vehicles,19,18,16,28,50,104,339,353,303,363,310,266,285,305,268,239,239,231,147,86,47,62,35,32,0,0
2025,2025-01-28,Northbound,All Vehicles,230,119,65,90,201,718,1873,1898,1969,1991,1632,1703,1823,1920,2189,2577,3093,3381,2331,1193,980,1054,812,478,0,0
2025,2025-01-29,Northbound,Heavy Vehicles,11,10,9,19,22,56,132,143,134,123,102,113,105,106,81,72,84,65,44,47,25,18,15,12,0,0
2025,2025-01-29,Northbound,Light Vehicles,84,65,39,29,61,237,582,464,570,457,423,472,447,532,657,786,988,1100,757,496,458,415,286,185,0,0
2025,2025-01-29,Northbound,All Vehicles,95,75,48,48,83,293,714,607,704,580,525,585,552,638,738,858,1072,1165,801,543,483,433,301,197,0,0
2025,2025-01-30,Northbound,Light Vehicles,180,122,79,79,158,672,1793,1701,1744,1497,1312,1410,1608,1653,2008,2383,780,3018,2124,1465,1276,1093,821,493,0,0
2025,2025-01-30,Northbound,Heavy Vehicles,24,8,23,39,80,106,352,314,316,308,278,253,263,227,238,252,44,182,158,109,77,49,40,34,0,0
2025,2025-01-30,Northbound,All Vehicles,204,130,102,118,238,778,2145,2015,2060,1805,1590,1663,1871,1880,2246,2635,824,3200,2282,1574,1353,1142,861,527,0,0
2025,2025-02-02,Northbound,Light Vehicles,882,257,143,94,93,189,411,524,815,1236,1552,1684,1916,1930,1834,1939,2118,2196,1532,1154,1161,1075,740,390,0,0
2025,2025-02-02,Southbound,Heavy Vehicles,18,16,9,7,12,21,52,46,75,79,114,95,80,100,83,91,76,,,,,,,,0,0
2025,2025-02-02,Northbound,Heavy Vehicles,39,18,8,14,17,16,34,47,60,70,90,69,75,74,87,64,85,98,71,59,54,47,40,25,0,0
2025,2025-02-02,Southbound,Light Vehicles,364,200,146,134,133,255,502,768,1158,1685,2158,2058,2039,2141,1888,1739,1653,,,,,,,,0,0
2025,2025-02-02,Northbound,All Vehicles,921,275,151,108,110,205,445,571,875,1306,1642,1753,1991,2004,1921,2003,2203,2294,1603,1213,1215,1122,780,415,0,0
2025,2025-02-02,Southbound,All Vehicles,382,216,155,141,145,276,554,814,1233,1764,2272,2153,2119,2241,1971,1830,1729,,,,,,,,0,0
2025,2025-02-04,Northbound,Heavy Vehicles,,,,,65,128,349,363,350,349,314,312,282,302,285,256,254,207,176,104,96,57,45,35,0,0
2025,2025-02-04,Northbound,Light Vehicles,,,,,164,666,1951,1862,1943,1567,1305,1333,1526,1633,1961,2314,2865,3037,2464,1456,1274,1062,805,426,0,0
2025,2025-02-04,Northbound,All Vehicles,,,,,229,794,2300,2225,2293,1916,1619,1645,1808,1935,2246,2570,3119,3244,2640,1560,1370,1119,850,461,0,0
2025,2025-02-05,Northbound,Heavy Vehicles,25,25,24,41,74,123,321,375,335,333,273,333,302,241,294,216,244,234,173,95,74,52,37,31,0,0
2025,2025-02-05,Southbound,Light Vehicles,,,,,303,864,1902,,2248,2207,1667,1477,1394,,1626,2133,2369,2518,2130,1260,883,779,531,262,0,0
2025,2025-02-05,Northbound,Light Vehicles,216,101,60,75,151,734,1983,1791,1827,1583,1271,1407,1422,1679,2008,2316,2915,3013,2189,1403,1205,1131,754,346,0,0
2025,2025-02-05,Southbound,Heavy Vehicles,,,,,51,175,376,,253,314,316,270,283,,289,299,258,203,169,93,46,48,51,31,0,0
2025,2025-02-05,Northbound,All Vehicles,241,126,84,116,225,857,2304,2166,2162,1916,1544,1740,1724,1920,2302,2532,3159,3247,2362,1498,1279,1183,791,377,0,0
2025,2025-02-05,Southbound,All Vehicles,,,,,354,1039,2278,,2501,2521,1983,1747,1677,,1915,2432,2627,2721,2299,1353,929,827,582,293,0,0
2025,2025-02-07,Northbound,Heavy Vehicles,21,34,27,31,70,125,339,386,332,335,322,295,293,267,297,298,241,210,163,116,91,58,42,30,0,0
2025,2025-02-07,Southbound,Heavy Vehicles,,,,,57,160,311,328,281,317,319,323,353,291,287,298,285,254,178,110,74,61,47,35,0,0
2025,2025-02-07,Northbound,Light Vehicles,176,117,73,83,150,671,1881,1738,1681,1477,1370,1463,1694,1919,2237,2429,2730,2721,2211,1494,1428,1297,1004,691,0,0
2025,2025-02-07,Southbound,Light Vehicles,,,,,291,850,1745,2516,2517,2222,1806,1539,1610,1571,1698,2111,2229,2466,2104,1395,1076,934,717,471,0,0
2025,2025-02-07,Northbound,All Vehicles,197,151,100,114,220,796,2220,2124,2013,1812,1692,1758,1987,2186,2534,2727,2971,2931,2374,1610,1519,1355,1046,721,0,0
2025,2025-02-07,Southbound,All Vehicles,,,,,348,1010,2056,2844,2798,2539,2125,1862,1963,1862,1985,2409,2514,2720,2282,1505,1150,995,764,506,0,0
2025,2025-02-08,Northbound,Light Vehicles,83,51,24,32,31,88,252,263,261,395,473,530,593,591,561,572,528,532,475,314,223,239,205,200,0,0
2025,2025-02-08,Northbound,Heavy Vehicles,4,4,4,10,3,6,30,34,30,34,25,27,25,32,31,27,28,22,19,18,6,11,8,6,0,0
2025,2025-02-08,Northbound,All Vehicles,87,55,28,42,34,94,282,297,291,429,498,557,618,623,592,599,556,554,494,332,229,250,213,206,0,0
2025,2025-02-09,Southbound,Heavy Vehicles,32,17,12,9,19,27,46,61,81,102,102,,,,,,100,91,91,78,58,62,38,30,0,0
2025,2025-02-09,Southbound,Light Vehicles,307,185,141,129,134,241,609,1028,1431,1979,2227,,,,,,1791,1838,1416,1103,894,791,546,307,0,0
2025,2025-02-09,Southbound,All Vehicles,339,202,153,138,153,268,655,1089,1512,2081,2329,,,,,,1891,1929,1507,1181,952,853,584,337,0,0
2025,2025-02-10,Southbound,Heavy Vehicles,31,20,37,48,59,148,335,308,243,314,288,275,277,328,302,209,239,188,114,98,53,48,43,24,0,0
2025,2025-02-10,Southbound,Light Vehicles,183,108,93,94,279,855,1907,2673,2313,2183,1533,1417,1207,1602,1685,1932,1992,2170,1663,1177,873,680,519,320,0,0
2025,2025-02-10,Southbound,All Vehicles,214,128,130,142,338,1003,2242,2981,2556,2497,1821,1692,1484,1930,1987,2141,2231,2358,1777,1275,926,728,562,344,0,0
2025,2025-02-12,Northbound,Light Vehicles,,,,,,,,,,,,1550,1564,1743,2203,2332,2861,3048,2361,1446,1298,1205,912,1131,0,0
2025,2025-02-12,Northbound,Heavy Vehicles,,,,,,,,,,,,342,300,288,290,260,252,214,173,104,81,67,43,62,0,0
2025,2025-02-12,Southbound,Heavy Vehicles,26,27,21,45,69,184,323,265,227,264,298,306,304,313,268,264,303,209,177,77,71,51,44,40,0,0
2025,2025-02-12,Southbound,Light Vehicles,146,119,90,109,284,905,1436,2339,2053,2220,1730,1530,1406,1442,1634,2167,2446,2653,2375,1487,997,861,655,341,0,0
2025,2025-02-12,Northbound,All Vehicles,,,,,,,,,,,,1892,1864,2031,2493,2592,3113,3262,2534,1550,1379,1272,955,1193,0,0
2025,2025-02-12,Southbound,All Vehicles,172,146,111,154,353,1089,1759,2604,2280,2484,2028,1836,1710,1755,1902,2431,2749,2862,2552,1564,1068,912,699,381,0,0
2025,2025-02-13,Southbound,Light Vehicles,182,119,101,123,284,961,1884,2736,2344,2271,1655,,,,,,2414,2444,2278,1410,1002,874,584,340,0,0
2025,2025-02-13,Northbound,Heavy Vehicles,24,15,22,28,53,104,277,249,241,230,246,193,174,201,206,222,167,,,,,,,,0,0
2025,2025-02-13,Northbound,Light Vehicles,243,88,57,47,108,487,1472,1264,1200,1073,1055,1068,1120,1292,1585,1800,1925,,,,,,,,0,0
2025,2025-02-13,Southbound,Heavy Vehicles,15,30,31,38,57,154,368,310,235,321,324,,,,,,311,238,159,109,90,71,50,44,0,0
2025,2025-02-13,Southbound,All Vehicles,197,149,132,161,341,1115,2252,3046,2579,2592,1979,,,,,,2725,2682,2437,1519,1092,945,634,384,0,0
2025,2025-02-13,Northbound,All Vehicles,267,103,79,75,161,591,1749,1513,1441,1303,1301,1261,1294,1493,1791,2022,2092,,,,,,,,0,0
2025,2025-02-14,Southbound,Heavy Vehicles,29,35,38,41,66,154,364,313,273,270,,,,,,,267,220,193,104,66,50,45,33,0,0
2025,2025-02-14,Northbound,Heavy Vehicles,,,,,54,122,354,370,310,302,294,265,294,289,309,241,241,182,147,107,89,58,41,42,0,0
2025,2025-02-14,Northbound,Light Vehicles,,,,,175,671,1934,1815,1777,1508,1434,1456,1684,1938,2408,2454,2690,2966,2306,1567,1381,1218,1065,733,0,0
2025,2025-02-14,Southbound,Light Vehicles,167,116,87,114,286,908,1776,2559,2377,2117,,,,,,,2592,2750,2455,1528,1048,878,755,489,0,0
2025,2025-02-14,Southbound,All Vehicles,196,151,125,155,352,1062,2140,2872,2650,2387,,,,,,,2859,2970,2648,1632,1114,928,800,522,0,0
2025,2025-02-14,Northbound,All Vehicles,,,,,229,793,2288,2185,2087,1810,1728,1721,1978,2227,2717,2695,2931,3148,2453,1674,1470,1276,1106,775,0,0
2025,2025-02-15,Southbound,Light Vehicles,249,156,132,128,186,472,857,1245,1781,2295,2343,2430,2504,2335,,2275,,,,,,,,,0,0
2025,2025-02-15,Southbound,Heavy Vehicles,22,21,23,26,28,50,114,134,159,160,161,160,163,147,,147,,,,,,,,,0,0
2025,2025-02-15,Northbound,Heavy Vehicles,10,11,5,11,13,21,56,78,58,51,51,48,55,52,47,47,32,40,31,26,14,24,15,11,0,0
2025,2025-02-15,Northbound,Light Vehicles,189,104,59,45,59,164,409,388,453,582,617,677,745,769,750,728,747,751,679,525,491,446,387,318,0,0
2025,2025-02-15,Southbound,All Vehicles,271,177,155,154,214,522,971,1379,1940,2455,2504,2590,2667,2482,,2422,,,,,,,,,0,0
2025,2025-02-15,Northbound,All Vehicles,199,115,64,56,72,185,465,466,511,633,668,725,800,821,797,775,779,791,710,551,505,470,402,329,0,0
2025,2025-02-16,Northbound,Light Vehicles,184,98,60,39,40,109,193,212,303,477,562,619,680,725,688,688,677,675,585,482,465,391,287,331,0,0
2025,2025-02-16,Southbound,Heavy Vehicles,,,,,17,17,32,62,67,91,122,107,106,109,84,77,,,,,,,,,0,0
2025,2025-02-16,Northbound,Heavy Vehicles,6,9,8,10,5,11,19,20,34,25,25,33,40,36,32,32,33,28,19,22,24,12,20,16,0,0
2025,2025-02-16,Southbound,Light Vehicles,,,,,140,266,493,803,1301,1769,2206,2177,2158,2072,1978,1925,,,,,,,,,0,0
2025,2025-02-16,Northbound,All Vehicles,190,107,68,49,45,120,212,232,337,502,587,652,720,761,720,720,710,703,604,504,489,403,307,347,0,0
2025,2025-02-16,Southbound,All Vehicles,,,,,157,283,525,865,1368,1860,2328,2284,2264,2181,2062,2002,,,,,,,,,0,0
2025,2025-02-17,Southbound,Heavy Vehicles,,,,,42,103,210,187,113,151,195,49,201,184,165,139,167,147,80,64,46,33,26,36,0,0
2025,2025-02-17,Southbound,Light Vehicles,,,,,197,535,1029,1272,836,1005,887,236,834,855,910,1133,1248,1334,1186,865,581,482,373,310,0,0
2025,2025-02-17,Southbound,All Vehicles,,,,,239,638,1239,1459,949,1156,1082,285,1035,1039,1075,1272,1415,1481,1266,929,627,515,399,346,0,0
2025,2025-02-18,Northbound,Heavy Vehicles,,,,,62,115,334,376,315,338,342,301,297,299,292,285,240,232,186,100,80,53,41,25,0,0
2025,2025-02-18,Northbound,Light Vehicles,,,,,165,718,1960,1899,2022,1593,1367,1373,1477,1726,2211,2380,2761,2926,2386,1488,1257,1027,780,423,0,0
2025,2025-02-18,Northbound,All Vehicles,,,,,227,833,2294,2275,2337,1931,1709,1674,1774,2025,2503,2665,3001,3158,2572,1588,1337,1080,821,448,0,0
2025,2025-02-19,Northbound,Heavy Vehicles,14,22,18,28,46,93,231,255,220,245,221,181,210,201,200,191,172,147,142,102,64,41,31,31,0,0
2025,2025-02-19,Northbound,Light Vehicles,142,75,46,62,111,475,1396,1408,1217,1050,917,920,1106,1196,1617,1718,2066,2385,1835,1147,1015,859,625,678,0,0
2025,2025-02-19,Southbound,Light Vehicles,151,98,97,121,296,945,,2556,2160,2190,1615,1478,1438,1421,1620,2126,2358,2578,2294,1521,1046,815,635,404,0,0
2025,2025-02-19,Southbound,Heavy Vehicles,28,30,31,40,65,194,,332,220,279,288,311,295,298,338,274,284,264,179,112,65,47,42,31,0,0
2025,2025-02-19,Northbound,All Vehicles,156,97,64,90,157,568,1627,1663,1437,1295,1138,1101,1316,1397,1817,1909,2238,2532,1977,1249,1079,900,656,709,0,0
2025,2025-02-19,Southbound,All Vehicles,179,128,128,161,361,1139,,2888,2380,2469,1903,1789,1733,1719,1958,2400,2642,2842,2473,1633,1111,862,677,435,0,0
2025,2025-02-20,Northbound,Heavy Vehicles,26,15,26,35,79,134,318,342,319,349,361,,,,,,,186,173,109,90,67,39,49,0,0
2025,2025-02-20,Northbound,Light Vehicles,423,109,70,70,169,726,1921,1807,1902,1575,1345,,,,,,,2870,2162,1657,1514,1149,841,1177,0,0
2025,2025-02-20,Northbound,All Vehicles,449,124,96,105,248,860,2239,2149,2221,1924,1706,,,,,,,3056,2335,1766,1604,1216,880,1226,0,0
2025,2025-02-21,Northbound,Heavy Vehicles,29,29,26,35,57,135,363,389,335,344,362,277,309,318,273,153,210,206,170,115,69,53,49,39,0,0
2025,2025-02-21,Southbound,Heavy Vehicles,9,6,4,7,16,69,129,137,101,119,,,,,,,140,83,73,36,18,17,8,7,0,0
2025,2025-02-21,Northbound,Light Vehicles,337,124,85,93,167,686,1998,1692,1753,1486,1340,1535,1792,1896,2305,1625,2509,2904,2409,1654,1354,1208,1008,677,0,0
2025,2025-02-21,Southbound,Light Vehicles,47,23,22,27,71,350,871,1319,1363,1079,,,,,,,1189,1336,1093,588,379,316,203,99,0,0
2025,2025-02-21,Northbound,All Vehicles,366,153,111,128,224,821,2361,2081,2088,1830,1702,1812,2101,2214,2578,1778,2719,3110,2579,1769,1423,1261,1057,716,0,0
2025,2025-02-21,Southbound,All Vehicles,56,29,26,34,87,419,1000,1456,1464,1198,,,,,,,1329,1419,1166,624,397,333,211,106,0,0
2025,2025-02-22,Northbound,Heavy Vehicles,16,20,12,11,17,38,121,134,110,111,134,104,104,109,112,82,46,60,65,62,42,43,29,26,0,0
2025,2025-02-22,Northbound,Light Vehicles,326,163,100,77,77,294,833,793,974,1232,1420,1576,1619,1697,1673,1551,517,861,1341,1021,958,966,838,991,0,0
2025,2025-02-22,Northbound,All Vehicles,342,183,112,88,94,332,954,927,1084,1343,1554,1680,1723,1806,1785,1633,563,921,1406,1083,1000,1009,867,1017,0,0
2025,2025-02-23,Northbound,Heavy Vehicles,23,14,10,11,13,12,32,61,56,70,73,94,76,89,89,79,88,83,60,67,57,32,34,19,0,0
2025,2025-02-23,Northbound,Light Vehicles,600,273,166,128,104,192,402,593,771,1265,1661,1856,1976,2021,2111,2155,2056,1997,1573,1225,1207,1008,648,418,0,0
2025,2025-02-23,Northbound,All Vehicles,623,287,176,139,117,204,434,654,827,1335,1734,1950,2052,2110,2200,2234,2144,2080,1633,1292,1264,1040,682,437,0,0
2025,2025-02-25,Northbound,Light Vehicles,210,93,49,75,158,751,1909,1854,2043,1648,1293,1410,1571,1736,2105,2382,2849,3065,2362,1483,1186,1002,1506,597,0,0
2025,2025-02-25,Southbound,Light Vehicles,127,81,89,118,293,940,1976,2247,2085,2167,1828,1476,1426,1440,1605,2192,,,,,,,,,0,0
2025,2025-02-25,Northbound,Heavy Vehicles,15,14,22,33,60,133,331,334,319,312,312,277,278,295,265,283,269,223,168,112,72,44,60,30,0,0
2025,2025-02-25,Southbound,Heavy Vehicles,12,18,24,29,79,158,372,307,219,256,322,290,294,304,274,292,,,,,,,,,0,0
2025,2025-02-25,Northbound,All Vehicles,225,107,71,108,218,884,2240,2188,2362,1960,1605,1687,1849,2031,2370,2665,3118,3288,2530,1595,1258,1046,1566,627,0,0
2025,2025-02-25,Southbound,All Vehicles,139,99,113,147,372,1098,2348,2554,2304,2423,2150,1766,1720,1744,1879,2484,,,,,,,,,0,0
2025,2025-02-26,Southbound,Light Vehicles,,,,,268,959,2002,2604,2252,2273,1694,1532,1473,1463,1617,2130,2472,2614,2124,1363,960,838,525,312,0,0
2025,2025-02-26,Northbound,Light Vehicles,168,93,54,53,,,,,,,,1049,1068,1205,1600,1845,2160,2172,1718,1127,1078,873,691,364,0,0
2025,2025-02-26,Southbound,Heavy Vehicles,,,,,64,149,404,321,225,301,288,301,324,285,277,296,316,236,165,109,65,53,36,31,0,0
2025,2025-02-26,Northbound,Heavy Vehicles,13,17,16,24,,,,,,,,215,185,203,179,183,217,159,136,74,70,42,36,21,0,0
2025,2025-02-26,Southbound,All Vehicles,,,,,332,1108,2406,2925,2477,2574,1982,1833,1797,1748,1894,2426,2788,2850,2289,1472,1025,891,561,343,0,0
2025,2025-02-26,Northbound,All Vehicles,181,110,70,77,,,,,,,,1264,1253,1408,1779,2028,2377,2331,1854,1201,1148,915,727,385,0,0
2025,2025-02-27,Northbound,Heavy Vehicles,28,14,20,34,59,99,257,254,217,204,239,194,196,192,196,190,153,,,,,,,,0,0
2025,2025-02-27,Northbound,Light Vehicles,162,98,46,58,119,486,1414,1284,1169,1088,864,1030,1120,1336,1692,1726,1921,,,,,,,,0,0
2025,2025-02-27,Southbound,Light Vehicles,171,114,101,114,281,962,1899,2641,2203,2294,,1504,1447,1596,1610,2153,2375,2505,2133,1555,948,962,724,313,0,0
2025,2025-02-27,Southbound,Heavy Vehicles,23,26,34,44,66,159,372,304,214,321,,278,288,302,292,271,275,211,178,107,73,82,42,43,0,0
2025,2025-02-27,Northbound,All Vehicles,190,112,66,92,178,585,1671,1538,1386,1292,1103,1224,1316,1528,1888,1916,2074,,,,,,,,0,0
2025,2025-02-27,Southbound,All Vehicles,194,140,135,158,347,1121,2271,2945,2417,2615,,1782,1735,1898,1902,2424,2650,2716,2311,1662,1021,1044,766,356,0,0
2025,2025-03-01,Northbound,Heavy Vehicles,28,21,16,28,36,54,152,173,138,147,150,155,138,128,141,142,100,104,80,70,64,47,39,32,0,0
2025,2025-03-01,Northbound,Light Vehicles,416,214,154,101,149,398,1089,1056,1207,1675,1917,1997,2164,2080,2300,2229,2162,2036,1904,1361,1247,1180,1112,1126,0,0
2025,2025-03-01,Northbound,All Vehicles,444,235,170,129,185,452,1241,1229,1345,1822,2067,2152,2302,2208,2441,2371,2262,2140,1984,1431,1311,1227,1151,1158,0,0
2025,2025-03-02,Southbound,Light Vehicles,329,176,139,145,148,251,477,774,1299,1767,2032,1946,2062,1990,1971,1847,1848,1776,1477,1111,,,546,290,0,0
2025,2025-03-02,Southbound,Heavy Vehicles,26,16,2,12,12,27,37,59,77,90,102,117,112,91,89,95,93,89,82,61,,,37,30,0,0
2025,2025-03-02,Southbound,All Vehicles,355,192,141,157,160,278,514,833,1376,1857,2134,2063,2174,2081,2060,1942,1941,1865,1559,1172,,,583,320,0,0
2025,2025-03-03,Southbound,Heavy Vehicles,6,5,1,5,12,65,158,130,111,117,,,,,,,109,96,89,50,14,15,10,8,0,0
2025,2025-03-03,Northbound,Heavy Vehicles,20,22,15,32,66,122,351,340,326,315,329,,,,,,,197,149,107,68,45,37,96,0,0
2025,2025-03-03,Northbound,Light Vehicles,190,113,68,73,190,737,1892,1795,1916,1479,1355,,,,,,,2836,2169,1505,1122,971,874,1779,0,0
2025,2025-03-03,Southbound,Light Vehicles,39,23,13,19,83,381,923,1445,1383,1068,,,,,,,1156,1187,1076,689,325,215,178,85,0,0
2025,2025-03-03,Southbound,All Vehicles,45,28,14,24,95,446,1081,1575,1494,1185,,,,,,,1265,1283,1165,739,339,230,188,93,0,0
2025,2025-03-03,Northbound,All Vehicles,210,135,83,105,256,859,2243,2135,2242,1794,1684,,,,,,,3033,2318,1612,1190,1016,911,1875,0,0
2025,2025-03-04,Northbound,Light Vehicles,949,128,71,92,170,688,1925,1837,2092,1591,1368,1321,1512,1690,2080,2406,2779,2872,2331,1410,1176,1011,808,1050,0,0
2025,2025-03-04,Northbound,Heavy Vehicles,47,22,26,31,53,143,297,300,308,314,312,281,281,289,297,269,248,204,178,115,85,56,55,66,0,0
2025,2025-03-04,Northbound,All Vehicles,996,150,97,123,223,831,2222,2137,2400,1905,1680,1602,1793,1979,2377,2675,3027,3076,2509,1525,1261,1067,863,1116,0,0
2025,2025-03-05,Southbound,Light Vehicles,157,100,86,134,287,899,2041,2502,2236,2154,1743,1459,1422,1494,1581,2184,2491,2628,2253,1420,990,826,578,367,0,0
2025,2025-03-05,Southbound,Heavy Vehicles,18,32,29,49,67,163,377,301,233,298,298,319,301,300,260,310,264,232,182,92,87,48,50,28,0,0
2025,2025-03-05,Northbound,Light Vehicles,243,112,70,66,165,702,1997,1798,2013,1731,1404,1326,1467,1654,2097,2457,2792,2994,2269,1521,1341,1094,857,1101,0,0
2025,2025-03-05,Northbound,Heavy Vehicles,28,19,20,29,55,111,332,334,318,368,299,272,284,293,287,300,254,222,164,112,78,74,48,81,0,0
2025,2025-03-05,Southbound,All Vehicles,175,132,115,183,354,1062,2418,2803,2469,2452,2041,1778,1723,1794,1841,2494,2755,2860,2435,1512,1077,874,628,395,0,0
2025,2025-03-05,Northbound,All Vehicles,271,131,90,95,220,813,2329,2132,2331,2099,1703,1598,1751,1947,2384,2757,3046,3216,2433,1633,1419,1168,905,1182,0,0
2025,2025-03-06,Northbound,Light Vehicles,214,139,66,83,166,708,2010,1723,1897,1560,1344,1397,1588,1820,2168,2357,2764,2971,2217,1451,1367,1046,888,556,0,0
2025,2025-03-06,Northbound,Heavy Vehicles,26,26,19,36,67,130,349,347,289,334,323,315,277,322,284,260,217,210,152,113,92,48,58,30,0,0
2025,2025-03-06,Northbound,All Vehicles,240,165,85,119,233,838,2359,2070,2186,1894,1667,1712,1865,2142,2452,2617,2981,3181,2369,1564,1459,1094,946,586,0,0
2025,2025-03-07,Southbound,Heavy Vehicles,38,32,39,46,61,159,355,346,248,298,292,318,331,298,308,284,246,221,182,,57,56,49,27,0,0
2025,2025-03-07,Southbound,Light Vehicles,181,113,96,130,278,887,1847,2449,2465,2277,1857,1733,1663,1631,1708,2197,2265,2633,2324,,1107,918,909,503,0,0
2025,2025-03-07,Northbound,Heavy Vehicles,25,34,24,39,80,146,347,356,331,356,310,319,294,309,287,265,219,210,154,83,71,68,61,46,0,0
2025,2025-03-07,Northbound,Light Vehicles,229,126,79,85,152,685,1946,1666,1758,1446,1347,1559,1743,1959,2327,2470,2674,2805,2210,1480,1274,1286,1378,1065,0,0
2025,2025-03-07,Southbound,All Vehicles,219,145,135,176,339,1046,2202,2795,2713,2575,2149,2051,1994,1929,2016,2481,2511,2854,2506,,1164,974,958,530,0,0
2025,2025-03-07,Northbound,All Vehicles,254,160,103,124,232,831,2293,2022,2089,1802,1657,1878,2037,2268,2614,2735,2893,3015,2364,1563,1345,1354,1439,1111,0,0
2025,2025-03-08,Northbound,Heavy Vehicles,30,17,11,24,27,35,149,178,134,139,146,144,137,120,115,114,127,102,82,68,47,49,68,43,0,0
2025,2025-03-08,Northbound,Light Vehicles,428,209,141,102,119,407,1020,994,1269,1564,1809,1952,2193,2191,2254,2257,2152,2130,1862,1272,1217,1231,1654,1257,0,0
2025,2025-03-08,Northbound,All Vehicles,458,226,152,126,146,442,1169,1172,1403,1703,1955,2096,2330,2311,2369,2371,2279,2232,1944,1340,1264,1280,1722,1300,0,0
2025,2025-03-09,Northbound,Light Vehicles,571,269,183,114,98,179,354,509,731,1229,1568,,,,,2134,2062,1927,2076,1399,1170,1076,873,440,0,0
2025,2025-03-09,Northbound,Heavy Vehicles,23,11,18,15,14,16,28,39,74,80,70,,,,,87,89,88,89,69,55,50,33,23,0,0
2025,2025-03-09,Southbound,Heavy Vehicles,9,11,10,11,14,19,31,39,51,50,64,57,66,51,59,61,49,46,56,37,30,36,24,18,0,0
2025,2025-03-09,Southbound,Light Vehicles,234,136,118,107,118,167,312,473,709,1036,1236,1243,1257,1323,1211,1094,1014,1006,832,638,607,482,356,213,0,0
2025,2025-03-09,Northbound,All Vehicles,594,280,201,129,112,195,382,548,805,1309,1638,,,,,2221,2151,2015,2165,1468,1225,1126,906,463,0,0
2025,2025-03-09,Southbound,All Vehicles,243,147,128,118,132,186,343,512,760,1086,1300,1300,1323,1374,1270,1155,1063,1052,888,675,637,518,380,231,0,0
2025,2025-03-10,Southbound,Heavy Vehicles,29,18,19,37,63,156,379,294,229,295,267,312,305,274,299,256,258,185,127,84,72,32,37,31,0,0
2025,2025-03-10,Southbound,Light Vehicles,190,100,94,98,272,875,1833,2627,2284,2069,1602,1458,1399,1409,1569,1934,2105,2350,1718,1150,914,622,450,257,0,0
2025,2025-03-10,Southbound,All Vehicles,219,118,113,135,335,1031,2212,2921,2513,2364,1869,1770,1704,1683,1868,2190,2363,2535,1845,1234,986,654,487,288,0,0
2025,2025-03-11,Northbound,Heavy Vehicles,20,19,22,30,54,119,294,281,257,344,302,296,279,268,270,257,242,200,153,98,64,44,47,31,0,0
2025,2025-03-11,Northbound,Light Vehicles,195,83,69,73,175,723,1810,1761,1926,1689,1360,1412,1554,1610,2146,2352,2807,2923,2378,1386,1172,998,731,387,0,0
2025,2025-03-11,Northbound,All Vehicles,215,102,91,103,229,842,2104,2042,2183,2033,1662,1708,1833,1878,2416,2609,3049,3123,2531,1484,1236,1042,778,418,0,0
2025,2025-03-12,Northbound,Light Vehicles,200,93,78,67,164,700,2029,1876,2026,1534,1315,1359,1548,1659,2210,2408,2778,2941,2216,1480,1278,1141,914,485,0,0
2025,2025-03-12,Northbound,Heavy Vehicles,24,24,22,37,67,124,342,391,283,364,316,305,294,260,305,270,251,192,180,100,84,46,37,40,0,0
2025,2025-03-12,Northbound,All Vehicles,224,117,100,104,231,824,2371,2267,2309,1898,1631,1664,1842,1919,2515,2678,3029,3133,2396,1580,1362,1187,951,525,0,0
2025,2025-03-13,Northbound,Heavy Vehicles,26,21,22,36,74,121,349,367,351,325,341,334,283,303,315,271,263,207,178,123,99,62,50,43,0,0
2025,2025-03-13,Northbound,Light Vehicles,199,104,63,87,157,688,2065,1876,1950,1408,1350,1396,1515,1735,2122,2400,2600,2888,2266,1526,1356,1149,880,522,0,0
2025,2025-03-13,Northbound,All Vehicles,225,125,85,123,231,809,2414,2243,2301,1733,1691,1730,1798,2038,2437,2671,2863,3095,2444,1649,1455,1211,930,565,0,0
2025,2025-03-14,Northbound,Light Vehicles,253,117,73,75,178,730,1918,1752,1636,1478,1318,1592,1837,1946,2196,2453,2678,2662,2391,1762,1417,1359,1248,1179,0,0
2025,2025-03-14,Northbound,Heavy Vehicles,30,11,23,42,54,124,349,350,308,331,317,319,313,281,282,266,237,188,145,118,90,61,57,40,0,0
2025,2025-03-14,Northbound,All Vehicles,283,128,96,117,232,854,2267,2102,1944,1809,1635,1911,2150,2227,2478,2719,2915,2850,2536,1880,1507,1420,1305,1219,0,0
2025,2025-03-15,Northbound,Light Vehicles,506,279,133,114,131,419,1134,1082,1266,1632,1870,2053,2150,2136,2076,2002,2025,2030,1939,1359,1201,1281,1206,1196,0,0
2025,2025-03-15,Northbound,Heavy Vehicles,18,24,22,23,20,62,138,173,156,146,159,144,131,124,129,126,108,109,94,65,55,54,51,34,0,0
2025,2025-03-15,Northbound,All Vehicles,524,303,155,137,151,481,1272,1255,1422,1778,2029,2197,2281,2260,2205,2128,2133,2139,2033,1424,1256,1335,1257,1230,0,0
2025,2025-03-16,Northbound,Heavy Vehicles,22,12,19,20,11,23,41,56,86,67,79,99,102,96,92,73,81,,,,,,,,0,0
2025,2025-03-16,Northbound,Light Vehicles,478,287,191,118,101,179,384,556,818,1353,1529,1780,1926,1907,1962,1841,1921,,,,,,,,0,0
2025,2025-03-16,Northbound,All Vehicles,500,299,210,138,112,202,425,612,904,1420,1608,1879,2028,2003,2054,1914,2002,,,,,,,,0,0
2025,2025-03-17,Southbound,Heavy Vehicles,24,9,21,33,,,,,,186,190,176,180,164,187,135,135,108,94,64,44,40,31,22,0,0
2025,2025-03-17,Northbound,Heavy Vehicles,,,,,,,,,,,,301,303,283,269,270,262,219,178,103,81,43,43,26,0,0
2025,2025-03-17,Southbound,Light Vehicles,132,90,78,85,,,,,,1047,868,831,810,845,873,1090,1180,1230,952,707,582,475,310,186,0,0
2025,2025-03-17,Northbound,Light Vehicles,,,,,,,,,,,,1389,1458,1666,2030,2391,2877,2986,2278,1356,1169,990,741,417,0,0
2025,2025-03-17,Southbound,All Vehicles,156,99,99,118,,,,,,1233,1058,1007,990,1009,1060,1225,1315,1338,1046,771,626,515,341,208,0,0
2025,2025-03-17,Northbound,All Vehicles,,,,,,,,,,,,1690,1761,1949,2299,2661,3139,3205,2456,1459,1250,1033,784,443,0,0
2025,2025-03-18,Northbound,Light Vehicles,163,113,73,63,159,748,1974,1813,1957,1542,1313,1399,1449,1769,2094,2460,2885,3087,2349,1385,1170,1050,844,443,0,0
2025,2025-03-18,Northbound,Heavy Vehicles,27,30,18,31,55,107,364,361,297,355,314,293,269,310,292,301,245,202,170,100,61,49,41,18,0,0
2025,2025-03-18,Southbound,Heavy Vehicles,25,30,21,35,67,174,375,315,253,281,321,335,302,289,264,270,241,219,147,78,56,53,41,41,0,0
2025,2025-03-18,Southbound,Light Vehicles,133,91,85,117,278,914,1995,2593,2288,2229,1667,1416,1394,1504,1592,2059,2204,2547,1997,1213,956,747,529,299,0,0
2025,2025-03-18,Northbound,All Vehicles,190,143,91,94,214,855,2338,2174,2254,1897,1627,1692,1718,2079,2386,2761,3130,3289,2519,1485,1231,1099,885,461,0,0
2025,2025-03-18,Southbound,All Vehicles,158,121,106,152,345,1088,2370,2908,2541,2510,1988,1751,1696,1793,1856,2329,2445,2766,2144,1291,1012,800,570,340,0,0
2025,2025-03-19,Southbound,Heavy Vehicles,24,23,28,48,66,162,405,307,230,305,,,,,,255,265,237,183,93,61,52,30,31,0,0
2025,2025-03-19,Northbound,Light Vehicles,174,83,70,71,165,774,1998,1728,2012,1575,1284,1413,1484,1733,2225,2492,2830,2970,2331,1437,1277,1142,1011,500,0,0
2025,2025-03-19,Northbound,Heavy Vehicles,24,26,30,25,53,125,341,343,346,337,333,299,300,290,276,318,216,204,160,107,90,52,49,41,0,0
2025,2025-03-19,Southbound,Light Vehicles,135,103,83,118,312,937,2032,2495,2191,2249,,,,,,2104,2416,2628,2007,1336,978,805,580,297,0,0
2025,2025-03-19,Southbound,All Vehicles,159,126,111,166,378,1099,2437,2802,2421,2554,,,,,,2359,2681,2865,2190,1429,1039,857,610,328,0,0
2025,2025-03-19,Northbound,All Vehicles,198,109,100,96,218,899,2339,2071,2358,1912,1617,1712,1784,2023,2501,2810,3046,3174,2491,1544,1367,1194,1060,541,0,0
2025,2025-03-20,Northbound,Light Vehicles,194,116,77,71,161,754,1951,1800,2053,1660,1435,1514,1668,1759,2163,2335,2807,2864,2225,1550,1326,1074,1472,604,0,0
2025,2025-03-20,Northbound,Heavy Vehicles,21,25,19,38,79,145,354,341,340,351,315,293,291,281,287,267,251,206,153,105,94,47,60,37,0,0
2025,2025-03-20,Northbound,All Vehicles,215,141,96,109,240,899,2305,2141,2393,2011,1750,1807,1959,2040,2450,2602,3058,3070,2378,1655,1420,1121,1532,641,0,0
2025,2025-03-21,Southbound,Light Vehicles,208,128,104,127,259,875,1815,2538,2421,2133,1836,1649,1563,1590,1708,2169,2368,2490,2283,1385,1115,997,809,436,0,0
2025,2025-03-21,Northbound,Heavy Vehicles,28,29,27,43,64,132,359,344,292,340,309,301,284,292,284,227,204,173,151,101,64,49,48,34,0,0
2025,2025-03-21,Northbound,Light Vehicles,269,132,81,82,154,764,1951,1755,1778,1396,1383,1466,1729,1870,2288,2358,2621,2754,2166,1519,1394,1219,1367,782,0,0
2025,2025-03-21,Southbound,Heavy Vehicles,30,29,37,39,62,184,341,324,261,291,309,344,357,292,272,270,272,197,163,86,67,66,38,34,0,0
2025,2025-03-21,Southbound,All Vehicles,238,157,141,166,321,1059,2156,2862,2682,2424,2145,1993,1920,1882,1980,2439,2640,2687,2446,1471,1182,1063,847,470,0,0
2025,2025-03-21,Northbound,All Vehicles,297,161,108,125,218,896,2310,2099,2070,1736,1692,1767,2013,2162,2572,2585,2825,2927,2317,1620,1458,1268,1415,816,0,0
2025,2025-03-22,Northbound,Heavy Vehicles,25,11,17,23,24,52,140,143,152,145,142,166,143,123,121,99,119,115,89,76,54,35,33,35,0,0
2025,2025-03-22,Northbound,Light Vehicles,426,252,137,109,150,428,1093,970,1237,1609,1864,2008,2233,2142,2281,1925,2141,2160,1929,1306,1287,1233,1133,944,0,0
2025,2025-03-22,Northbound,All Vehicles,451,263,154,132,174,480,1233,1113,1389,1754,2006,2174,2376,2265,2402,2024,2260,2275,2018,1382,1341,1268,1166,979,0,0
2025,2025-03-23,Southbound,Heavy Vehicles,16,13,15,6,11,18,30,59,73,96,87,103,110,90,112,101,85,81,109,56,56,45,33,23,0,0
2025,2025-03-23,Southbound,Light Vehicles,353,199,143,136,141,215,462,800,1233,1664,1939,1999,2092,2044,1956,1954,1737,1563,1703,1013,958,843,472,258,0,0
2025,2025-03-23,Southbound,All Vehicles,369,212,158,142,152,233,492,859,1306,1760,2026,2102,2202,2134,2068,2055,1822,1644,1812,1069,1014,888,505,281,0,0
2025,2025-03-24,Northbound,Heavy Vehicles,25,17,15,32,55,125,361,342,353,320,274,,,,,,,197,161,101,73,51,36,33,0,0
2025,2025-03-24,Northbound,Light Vehicles,192,113,77,75,158,695,1892,1829,1927,1394,1275,,,,,,,2875,1983,1262,1110,964,724,410,0,0
2025,2025-03-24,Southbound,Light Vehicles,172,94,78,98,285,953,1902,2509,2287,2082,1536,1434,1426,1466,1523,1948,2093,2244,1565,1106,890,660,431,227,0,0
2025,2025-03-24,Southbound,Heavy Vehicles,22,27,28,33,61,157,370,314,271,266,308,302,323,259,307,263,252,231,138,69,56,55,31,34,0,0
2025,2025-03-24,Northbound,All Vehicles,217,130,92,107,213,820,2253,2171,2280,1714,1549,,,,,,,3072,2144,1363,1183,1015,760,443,0,0
2025,2025-03-24,Southbound,All Vehicles,194,121,106,131,346,1110,2272,2823,2558,2348,1844,1736,1749,1725,1830,2211,2345,2475,1703,1175,946,715,462,261,0,0
2025,2025-03-25,Northbound,Light Vehicles,180,105,59,77,182,726,1942,1827,1999,1567,1303,1356,1465,1750,2065,2390,2908,3027,2392,1366,1165,959,897,1010,0,0
2025,2025-03-25,Southbound,Light Vehicles,144,93,91,130,282,955,2073,2514,2315,2202,1562,1439,1430,1452,1671,2122,2333,2597,2068,1211,966,745,544,363,0,0
2025,2025-03-25,Northbound,Heavy Vehicles,17,20,21,34,58,132,361,367,315,338,319,297,266,289,300,284,241,224,164,100,90,61,41,58,0,0
2025,2025-03-25,Southbound,Heavy Vehicles,24,25,22,38,69,166,368,317,227,316,278,293,358,306,299,297,265,221,167,97,66,53,47,49,0,0
2025,2025-03-25,Northbound,All Vehicles,197,125,80,111,240,858,2303,2194,2314,1905,1622,1653,1731,2039,2365,2674,3149,3251,2556,1466,1255,1020,938,1068,0,0
2025,2025-03-25,Southbound,All Vehicles,168,118,113,168,351,1121,2441,2831,2542,2518,1840,1732,1788,1758,1970,2419,2598,2818,2235,1308,1032,798,591,412,0,0
2025,2025-03-26,Southbound,Heavy Vehicles,38,36,23,49,73,182,410,295,255,312,308,300,307,289,300,295,276,202,145,103,64,55,49,30,0,0
2025,2025-03-26,Southbound,Light Vehicles,166,101,88,142,290,928,1981,2464,2156,2145,1739,1517,1397,1536,1686,2137,2363,2521,2214,1432,989,840,666,297,0,0
2025,2025-03-26,Southbound,All Vehicles,204,137,111,191,363,1110,2391,2759,2411,2457,2047,1817,1704,1825,1986,2432,2639,2723,2359,1535,1053,895,715,327,0,0
2025,2025-03-27,Southbound,Light Vehicles,186,136,115,132,274,963,1917,2564,,2215,1659,1453,1463,1435,1690,2038,,,,,,,,,0,0
2025,2025-03-27,Southbound,Heavy Vehicles,32,28,20,48,67,155,346,315,,326,281,311,280,274,313,268,,,,,,,,,0,0
2025,2025-03-27,Northbound,Light Vehicles,236,104,75,86,183,763,1956,1620,1944,1507,1314,1439,1584,1795,2086,2490,2974,2979,2390,1465,1467,1099,1252,576,0,0
2025,2025-03-27,Northbound,Heavy Vehicles,17,25,23,36,81,140,337,342,310,360,300,311,292,300,302,263,238,200,153,125,94,43,63,26,0,0
2025,2025-03-27,Southbound,All Vehicles,218,164,135,180,341,1118,2263,2879,,2541,1940,1764,1743,1709,2003,2306,,,,,,,,,0,0
2025,2025-03-27,Northbound,All Vehicles,253,129,98,122,264,903,2293,1962,2254,1867,1614,1750,1876,2095,2388,2753,3212,3179,2543,1590,1561,1142,1315,602,0,0
2025,2025-03-28,Southbound,Heavy Vehicles,,,,,58,185,343,296,278,307,286,295,301,282,287,267,305,189,155,103,74,47,54,38,0,0
2025,2025-03-28,Northbound,Heavy Vehicles,22,27,27,30,76,111,321,319,313,326,286,278,296,291,264,274,253,178,154,113,76,53,52,44,0,0
2025,2025-03-28,Southbound,Light Vehicles,,,,,289,872,1767,2320,2328,2228,1755,1679,1564,1592,1687,2157,2356,2546,2289,1478,1067,919,834,496,0,0
2025,2025-03-28,Northbound,Light Vehicles,275,100,79,69,199,699,1912,1620,1718,1498,1337,1479,1750,1860,2282,2374,2755,2812,2165,1525,1232,1178,1360,1080,0,0
2025,2025-03-28,Southbound,All Vehicles,,,,,347,1057,2110,2616,2606,2535,2041,1974,1865,1874,1974,2424,2661,2735,2444,1581,1141,966,888,534,0,0
2025,2025-03-28,Northbound,All Vehicles,297,127,106,99,275,810,2233,1939,2031,1824,1623,1757,2046,2151,2546,2648,3008,2990,2319,1638,1308,1231,1412,1124,0,0
2025,2025-03-29,Southbound,Heavy Vehicles,18,14,15,13,22,27,47,72,75,61,,,,,,,66,76,59,39,19,27,29,30,0,0
2025,2025-03-29,Southbound,Light Vehicles,206,150,114,111,152,326,422,606,859,1122,,,,,,,1192,1233,1061,735,600,624,599,394,0,0
2025,2025-03-29,Northbound,Heavy Vehicles,18,17,15,22,29,31,120,107,106,100,117,118,120,115,124,110,117,92,92,56,45,39,48,48,0,0
2025,2025-03-29,Northbound,Light Vehicles,446,226,127,113,151,338,818,779,1036,1383,1669,1766,1961,2117,2078,1893,2066,1988,1876,1269,1100,1193,1276,1035,0,0
2025,2025-03-29,Southbound,All Vehicles,224,164,129,124,174,353,469,678,934,1183,,,,,,,1258,1309,1120,774,619,651,628,424,0,0
2025,2025-03-29,Northbound,All Vehicles,464,243,142,135,180,369,938,886,1142,1483,1786,1884,2081,2232,2202,2003,2183,2080,1968,1325,1145,1232,1324,1083,0,0
2025,2025-03-30,Southbound,Heavy Vehicles,16,8,11,11,13,21,31,55,69,88,81,111,103,110,93,91,63,94,86,53,57,50,35,25,0,0
2025,2025-03-30,Southbound,Light Vehicles,328,184,153,132,146,237,495,749,1180,1627,2054,1998,2060,1977,1885,1798,1708,1592,1354,953,890,725,482,305,0,0
2025,2025-03-30,Southbound,All Vehicles,344,192,164,143,159,258,526,804,1249,1715,2135,2109,2163,2087,1978,1889,1771,1686,1440,1006,947,775,517,330,0,0
2025,2025-03-31,Southbound,Heavy Vehicles,16,18,24,37,54,164,330,286,203,290,256,281,257,279,279,232,221,188,132,90,66,48,26,31,0,0
2025,2025-03-31,Northbound,Light Vehicles,207,99,86,62,194,652,1648,1558,1747,1575,1305,1439,1544,1705,2076,2347,2725,,,,,,,,0,0
2025,2025-03-31,Northbound,Heavy Vehicles,18,18,14,35,60,117,304,310,280,330,292,288,277,275,295,292,216,,,,,,,,0,0
2025,2025-03-31,Southbound,Light Vehicles,178,103,80,101,283,928,1897,2552,2089,1982,1673,1447,1370,1436,1490,1854,1957,2169,1671,1178,990,695,428,240,0,0
2025,2025-03-31,Southbound,All Vehicles,194,121,104,138,337,1092,2227,2838,2292,2272,1929,1728,1627,1715,1769,2086,2178,2357,1803,1268,1056,743,454,271,0,0
2025,2025-03-31,Northbound,All Vehicles,225,117,100,97,254,769,1952,1868,2027,1905,1597,1727,1821,1980,2371,2639,2941,,,,,,,,0,0
2025,2025-04-01,Southbound,Heavy Vehicles,31,35,17,35,58,159,374,322,261,309,334,282,294,289,250,286,257,215,154,101,68,49,43,38,0,0
2025,2025-04-01,Southbound,Light Vehicles,125,99,93,100,290,945,2002,2525,2222,2199,1680,1500,1350,1395,1568,2092,2236,2500,1922,1309,948,766,450,269,0,0
2025,2025-04-01,Southbound,All Vehicles,156,134,110,135,348,1104,2376,2847,2483,2508,2014,1782,1644,1684,1818,2378,2493,2715,2076,1410,1016,815,493,307,0,0
2025,2025-04-02,Northbound,Light Vehicles,193,114,57,73,174,714,1943,1788,2000,1572,1374,1359,1480,1742,2128,2351,2841,2957,2441,1574,1275,990,810,423,0,0
2025,2025-04-02,Southbound,Light Vehicles,132,98,96,119,281,922,2034,2535,2379,2099,1598,1418,1391,1415,1702,2167,2333,2525,2098,1359,1010,805,560,267,0,0
2025,2025-04-02,Northbound,Heavy Vehicles,19,20,25,34,59,135,321,353,336,340,316,299,294,285,326,262,258,212,165,118,87,55,43,21,0,0
2025,2025-04-02,Southbound,Heavy Vehicles,24,24,30,38,68,178,360,353,261,301,302,307,288,287,284,283,299,219,170,88,70,61,38,28,0,0
2025,2025-04-02,Northbound,All Vehicles,212,134,82,107,233,849,2264,2141,2336,1912,1690,1658,1774,2027,2454,2613,3099,3169,2606,1692,1362,1045,853,444,0,0
2025,2025-04-02,Southbound,All Vehicles,156,122,126,157,349,1100,2394,2888,2640,2400,1900,1725,1679,1702,1986,2450,2632,2744,2268,1447,1080,866,598,295,0,0
2025,2025-04-03,Southbound,Light Vehicles,150,102,91,117,271,931,1959,2658,2426,,1651,1398,1374,1410,1616,2187,2404,2685,2358,1405,949,861,526,274,0,0
2025,2025-04-03,Northbound,Heavy Vehicles,17,30,21,45,76,117,361,396,308,319,349,340,299,310,309,219,239,208,168,104,91,46,47,26,0,0
2025,2025-04-03,Southbound,Heavy Vehicles,17,22,24,33,63,196,366,341,270,,330,340,319,326,289,305,292,239,208,107,59,41,43,33,0,0
2025,2025-04-03,Northbound,Light Vehicles,211,98,69,81,180,688,1929,2001,1817,1529,1298,1390,1471,1764,2133,1836,2763,2940,2284,1513,1343,1010,859,526,0,0
2025,2025-04-03,Southbound,All Vehicles,167,124,115,150,334,1127,2325,2999,2696,,1981,1738,1693,1736,1905,2492,2696,2924,2566,1512,1008,902,569,307,0,0
2025,2025-04-03,Northbound,All Vehicles,228,128,90,126,256,805,2290,2397,2125,1848,1647,1730,1770,2074,2442,2055,3002,3148,2452,1617,1434,1056,906,552,0,0
2025,2025-04-04,Southbound,Heavy Vehicles,21,23,31,44,46,120,169,179,161,206,208,220,183,177,178,158,173,104,81,73,48,51,34,20,0,0
2025,2025-04-04,Southbound,Light Vehicles,123,91,64,95,214,508,977,1138,1107,1104,960,923,921,924,961,1188,1331,1359,1285,1004,637,579,501,329,0,0
2025,2025-04-04,Northbound,Light Vehicles,108,38,38,25,66,242,642,531,528,434,412,498,528,623,791,793,901,1019,770,535,482,438,609,313,0,0
2025,2025-04-04,Northbound,Heavy Vehicles,10,12,12,29,26,59,144,174,114,139,135,111,130,123,107,93,84,54,51,49,36,28,31,14,0,0
2025,2025-04-04,Southbound,All Vehicles,144,114,95,139,260,628,1146,1317,1268,1310,1168,1143,1104,1101,1139,1346,1504,1463,1366,1077,685,630,535,349,0,0
2025,2025-04-04,Northbound,All Vehicles,118,50,50,54,92,301,786,705,642,573,547,609,658,746,898,886,985,1073,821,584,518,466,640,327,0,0
2025,2025-04-05,Southbound,Heavy Vehicles,27,19,15,23,28,55,137,131,139,173,174,174,164,140,171,,153,108,110,73,41,49,36,22,0,0
2025,2025-04-05,Southbound,Light Vehicles,288,167,130,150,174,474,852,1144,1569,2144,2317,2341,2355,2337,2227,,2120,2463,2013,1408,913,942,807,611,0,0
2025,2025-04-05,Northbound,Light Vehicles,373,228,136,90,116,401,1075,1010,1270,1542,1780,1859,2094,2274,2358,2119,2171,2060,1888,1428,1223,1158,1000,1212,0,0
2025,2025-04-05,Northbound,Heavy Vehicles,19,14,14,32,20,53,165,169,151,127,150,155,116,135,131,110,109,118,77,74,44,31,53,21,0,0
2025,2025-04-05,Southbound,All Vehicles,315,186,145,173,202,529,989,1275,1708,2317,2491,2515,2519,2477,2398,,2273,2571,2123,1481,954,991,843,633,0,0
2025,2025-04-05,Northbound,All Vehicles,392,242,150,122,136,454,1240,1179,1421,1669,1930,2014,2210,2409,2489,2229,2280,2178,1965,1502,1267,1189,1053,1233,0,0
2025,2025-04-06,Southbound,Light Vehicles,291,198,231,93,118,271,543,883,1397,2044,2249,2307,2260,2033,1899,1981,1939,1871,1330,966,830,663,424,213,0,0
2025,2025-04-06,Northbound,Heavy Vehicles,20,13,18,8,8,15,39,60,63,78,79,86,94,90,97,78,103,84,75,68,75,47,24,14,0,0
2025,2025-04-06,Southbound,Heavy Vehicles,21,6,16,8,12,28,47,78,84,92,116,106,109,100,98,98,101,107,90,62,39,33,38,19,0,0
2025,2025-04-06,Northbound,Light Vehicles,503,282,262,67,90,157,434,634,828,1419,1657,1872,1960,1995,2152,2010,2421,2042,1681,1139,1394,1057,565,388,0,0
2025,2025-04-06,Southbound,All Vehicles,312,204,247,101,130,299,590,961,1481,2136,2365,2413,2369,2133,1997,2079,2040,1978,1420,1028,869,696,462,232,0,0
2025,2025-04-06,Northbound,All Vehicles,523,295,280,75,98,172,473,694,891,1497,1736,1958,2054,2085,2249,2088,2524,2126,1756,1207,1469,1104,589,402,0,0
2025,2025-04-07,Southbound,Light Vehicles,150,75,85,101,299,980,2088,2594,2195,2138,1627,1476,1326,1414,1502,2052,2157,2332,1785,1222,793,570,391,214,0,0
2025,2025-04-07,Northbound,Light Vehicles,196,84,65,56,174,770,2046,1764,1959,1444,1283,1370,1531,1727,2063,2310,2812,3059,2448,1267,1056,905,663,331,0,0
2025,2025-04-07,Southbound,Heavy Vehicles,26,17,24,41,55,188,378,329,247,289,285,356,311,288,300,289,261,225,139,85,68,45,34,30,0,0
2025,2025-04-07,Northbound,Heavy Vehicles,25,21,15,37,65,158,355,356,347,347,328,309,291,301,313,257,272,195,192,103,72,61,31,30,0,0
2025,2025-04-07,Southbound,All Vehicles,176,92,109,142,354,1168,2466,2923,2442,2427,1912,1832,1637,1702,1802,2341,2418,2557,1924,1307,861,615,425,244,0,0
2025,2025-04-07,Northbound,All Vehicles,221,105,80,93,239,928,2401,2120,2306,1791,1611,1679,1822,2028,2376,2567,3084,3254,2640,1370,1128,966,694,361,0,0
2025,2025-04-08,Northbound,Heavy Vehicles,11,20,17,27,41,112,279,253,227,213,202,191,190,199,213,171,198,155,142,86,59,51,26,13,0,0
2025,2025-04-08,Southbound,Light Vehicles,126,86,82,120,286,1007,2092,2555,2308,2145,1664,1427,1387,1412,1499,2166,2453,2411,2205,1281,849,731,509,283,0,0
2025,2025-04-08,Northbound,Light Vehicles,126,67,41,49,106,572,1473,1303,1241,1040,849,1000,1006,1235,1531,1760,2083,2294,1780,1106,898,923,601,594,0,0
2025,2025-04-08,Southbound,Heavy Vehicles,25,14,17,40,58,198,394,327,239,278,331,312,298,299,297,315,294,205,158,91,68,46,29,36,0,0
2025,2025-04-08,Northbound,All Vehicles,137,87,58,76,147,684,1752,1556,1468,1253,1051,1191,1196,1434,1744,1931,2281,2449,1922,1192,957,974,627,607,0,0
2025,2025-04-08,Southbound,All Vehicles,151,100,99,160,344,1205,2486,2882,2547,2423,1995,1739,1685,1711,1796,2481,2747,2616,2363,1372,917,777,538,319,0,0
2025,2025-04-09,Southbound,Light Vehicles,130,96,84,117,290,971,2106,2554,2126,2239,1673,1535,1416,1512,1670,2113,2374,2632,2065,1289,866,747,502,274,0,0
2025,2025-04-09,Northbound,Light Vehicles,179,112,65,67,188,745,2075,1832,1962,1622,1255,1440,1598,1739,2271,2423,2664,2892,2528,1740,1181,1083,782,356,0,0
2025,2025-04-09,Northbound,Heavy Vehicles,22,18,26,42,67,127,382,366,352,322,299,319,318,295,305,278,233,218,173,124,70,55,48,20,0,0
2025,2025-04-09,Southbound,Heavy Vehicles,26,22,24,44,71,173,416,290,259,331,307,299,319,287,287,283,283,215,171,85,58,50,41,29,0,0
2025,2025-04-09,Southbound,All Vehicles,156,118,108,161,361,1144,2522,2844,2385,2570,1980,1834,1735,1799,1957,2396,2657,2847,2236,1374,924,797,543,303,0,0
2025,2025-04-09,Northbound,All Vehicles,201,130,91,109,255,872,2457,2198,2314,1944,1554,1759,1916,2034,2576,2701,2897,3110,2701,1864,1251,1138,830,376,0,0
2025,2025-04-10,Southbound,Light Vehicles,147,86,76,137,280,971,2114,2586,2291,2269,1690,1463,1475,1458,1628,2212,2532,2497,2093,1240,872,749,497,254,0,0
2025,2025-04-10,Northbound,Heavy Vehicles,23,21,22,42,79,146,369,343,321,316,349,307,294,312,313,253,237,203,144,118,73,60,40,28,0,0
2025,2025-04-10,Northbound,Light Vehicles,189,105,72,68,175,710,2111,1834,1807,1398,1396,1404,1525,1786,2141,2383,2729,2833,2223,1449,1250,1066,734,402,0,0
2025,2025-04-10,Southbound,Heavy Vehicles,20,21,16,47,77,190,394,317,244,315,305,348,304,301,321,290,330,211,175,99,62,50,38,30,0,0
2025,2025-04-10,Southbound,All Vehicles,167,107,92,184,357,1161,2508,2903,2535,2584,1995,1811,1779,1759,1949,2502,2862,2708,2268,1339,934,799,535,284,0,0
2025,2025-04-10,Northbound,All Vehicles,212,126,94,110,254,856,2480,2177,2128,1714,1745,1711,1819,2098,2454,2636,2966,3036,2367,1567,1323,1126,774,430,0,0
2025,2025-04-11,Southbound,Light Vehicles,119,83,85,87,197,544,1061,1158,920,992,1075,970,916,931,945,1213,1230,1298,1123,831,607,572,440,294,0,0
2025,2025-04-11,Southbound,Heavy Vehicles,25,28,29,39,46,102,241,184,136,178,188,193,187,178,189,153,155,121,85,54,41,36,25,17,0,0
2025,2025-04-11,Northbound,Light Vehicles,71,55,32,42,85,276,646,554,551,466,453,516,546,608,779,836,892,947,795,563,467,499,370,251,0,0
2025,2025-04-11,Northbound,Heavy Vehicles,19,13,20,15,37,73,157,156,123,147,145,120,116,117,103,121,86,64,48,50,34,41,22,11,0,0
2025,2025-04-11,Southbound,All Vehicles,144,111,114,126,243,646,1302,1342,1056,1170,1263,1163,1103,1109,1134,1366,1385,1419,1208,885,648,608,465,311,0,0
2025,2025-04-11,Northbound,All Vehicles,90,68,52,57,122,349,803,710,674,613,598,636,662,725,882,957,978,1011,843,613,501,540,392,262,0,0
2025,2025-04-12,Southbound,Light Vehicles,231,164,129,154,205,511,1012,1286,1824,2344,2326,2433,2401,2409,2272,2204,1999,2069,1756,1203,919,878,655,460,0,0
2025,2025-04-12,Southbound,Heavy Vehicles,20,15,12,20,27,66,156,128,187,198,201,201,192,165,135,153,158,144,119,65,56,56,30,19,0,0
2025,2025-04-12,Northbound,Heavy Vehicles,23,13,18,28,28,58,180,189,186,183,154,166,147,152,143,137,121,122,101,67,66,71,50,28,0,0
2025,2025-04-12,Northbound,Light Vehicles,380,190,130,93,156,450,1169,1121,1419,1640,1851,1991,2096,2140,2330,2202,2231,2122,2046,1332,1248,1562,1091,697,0,0
2025,2025-04-12,Southbound,All Vehicles,251,179,141,174,232,577,1168,1414,2011,2542,2527,2634,2593,2574,2407,2357,2157,2213,1875,1268,975,934,685,479,0,0
2025,2025-04-12,Northbound,All Vehicles,403,203,148,121,184,508,1349,1310,1605,1823,2005,2157,2243,2292,2473,2339,2352,2244,2147,1399,1314,1633,1141,725,0,0
2025,2025-04-13,Northbound,Light Vehicles,394,239,131,119,99,195,491,623,933,1342,1599,1809,1967,1981,2131,2060,2033,2071,1721,1305,1131,1197,658,354,0,0
2025,2025-04-13,Southbound,Light Vehicles,284,170,128,114,122,300,581,939,1539,2122,2377,2093,2150,2007,1872,1896,,1725,1348,1105,938,742,456,286,0,0
2025,2025-04-13,Southbound,Heavy Vehicles,13,13,7,8,17,34,46,73,81,117,135,120,102,111,112,111,,104,104,88,61,42,39,24,0,0
2025,2025-04-13,Northbound,Heavy Vehicles,17,13,15,16,17,17,48,61,87,98,92,106,94,113,113,92,91,113,86,77,69,70,32,17,0,0
2025,2025-04-13,Northbound,All Vehicles,411,252,146,135,116,212,539,684,1020,1440,1691,1915,2061,2094,2244,2152,2124,2184,1807,1382,1200,1267,690,371,0,0
2025,2025-04-13,Southbound,All Vehicles,297,183,135,122,139,334,627,1012,1620,2239,2512,2213,2252,2118,1984,2007,,1829,1452,1193,999,784,495,310,0,0
2025,2025-04-14,Southbound,Light Vehicles,167,106,98,100,271,991,1977,2626,2025,2196,1840,1567,1473,1632,1606,2006,1979,2164,1678,1053,759,633,432,239,0,0
2025,2025-04-14,Northbound,Light Vehicles,210,105,62,67,180,765,1948,1608,1738,1517,1437,1456,1608,1716,1983,2373,2705,2971,2591,1371,1098,1168,684,353,0,0
2025,2025-04-14,Southbound,Heavy Vehicles,21,19,24,41,46,186,377,337,217,286,309,303,300,296,309,281,276,196,168,82,68,58,29,15,0,0
2025,2025-04-14,Northbound,Heavy Vehicles,17,22,18,27,67,136,372,384,343,347,311,324,333,251,281,295,282,227,220,130,84,69,45,21,0,0
2025,2025-04-14,Southbound,All Vehicles,188,125,122,141,317,1177,2354,2963,2242,2482,2149,1870,1773,1928,1915,2287,2255,2360,1846,1135,827,691,461,254,0,0
2025,2025-04-14,Northbound,All Vehicles,227,127,80,94,247,901,2320,1992,2081,1864,1748,1780,1941,1967,2264,2668,2987,3198,2811,1501,1182,1237,729,374,0,0
2025,2025-04-15,Southbound,Light Vehicles,122,90,97,112,274,1006,2061,2527,2139,2195,1876,1675,1529,1651,1733,2107,2290,2496,1815,1133,865,715,515,277,0,0
2025,2025-04-15,Southbound,Heavy Vehicles,28,16,16,42,61,175,397,331,233,289,324,315,312,313,362,296,298,249,150,104,86,68,33,33,0,0
2025,2025-04-15,Southbound,All Vehicles,150,106,113,154,335,1181,2458,2858,2372,2484,2200,1990,1841,1964,2095,2403,2588,2745,1965,1237,951,783,548,310,0,0
2025,2025-04-16,Northbound,Light Vehicles,187,98,79,72,181,792,1997,1767,1837,1531,1480,1489,1692,1703,2048,2395,2728,2642,2522,1640,1230,1311,931,453,0,0
2025,2025-04-16,Southbound,Light Vehicles,129,120,71,142,295,974,1994,2605,2252,2262,1933,1624,1757,1712,1739,2304,2247,2532,2021,1258,977,791,508,312,0,0
2025,2025-04-16,Northbound,Heavy Vehicles,19,25,18,45,64,150,370,371,306,404,345,309,320,345,329,301,243,233,202,124,99,81,60,34,0,0
2025,2025-04-16,Southbound,Heavy Vehicles,31,32,22,40,69,178,387,361,250,340,343,326,394,343,312,370,295,242,197,120,91,66,39,34,0,0
2025,2025-04-16,Northbound,All Vehicles,206,123,97,117,245,942,2367,2138,2143,1935,1825,1798,2012,2048,2377,2696,2971,2875,2724,1764,1329,1392,991,487,0,0
2025,2025-04-16,Southbound,All Vehicles,160,152,93,182,364,1152,2381,2966,2502,2602,2276,1950,2151,2055,2051,2674,2542,2774,2218,1378,1068,857,547,346,0,0
2025,2025-04-17,Southbound,Light Vehicles,169,122,92,113,263,932,1854,2534,2526,2117,1983,1798,1731,1809,1999,2309,2391,2423,1846,1349,973,842,665,349,0,0
2025,2025-04-17,Northbound,Light Vehicles,197,86,75,79,187,714,1951,1628,1676,1529,1500,1551,1726,1977,2195,2333,2718,2820,2297,1684,1376,1435,1012,620,0,0
2025,2025-04-17,Southbound,Heavy Vehicles,33,18,23,44,56,173,365,353,294,328,316,334,317,354,334,316,293,242,152,124,87,59,41,24,0,0
2025,2025-04-17,Northbound,Heavy Vehicles,23,25,23,41,87,130,371,357,335,340,341,315,322,320,295,276,234,213,183,150,93,75,57,38,0,0
2025,2025-04-17,Southbound,All Vehicles,202,140,115,157,319,1105,2219,2887,2820,2445,2299,2132,2048,2163,2333,2625,2684,2665,1998,1473,1060,901,706,373,0,0
2025,2025-04-17,Northbound,All Vehicles,220,111,98,120,274,844,2322,1985,2011,1869,1841,1866,2048,2297,2490,2609,2952,3033,2480,1834,1469,1510,1069,658,0,0
2025,2025-04-18,Northbound,Light Vehicles,268,165,109,84,136,246,513,542,680,929,1147,1174,1160,1146,1299,1180,1241,1184,1398,1010,800,964,743,403,0,0
2025,2025-04-18,Southbound,Heavy Vehicles,10,24,7,10,26,27,72,73,70,80,92,91,64,63,74,76,63,68,52,47,36,32,27,18,0,0
2025,2025-04-18,Southbound,Light Vehicles,172,126,76,79,143,226,415,553,758,983,1053,1105,1060,1015,987,974,825,836,843,636,517,543,408,246,0,0
2025,2025-04-18,Northbound,Heavy Vehicles,17,13,6,9,20,15,52,53,84,72,80,87,80,66,71,81,64,70,95,96,55,68,43,15,0,0
2025,2025-04-18,Northbound,All Vehicles,285,178,115,93,156,261,565,595,764,1001,1227,1261,1240,1212,1370,1261,1305,1254,1493,1106,855,1032,786,418,0,0
2025,2025-04-18,Southbound,All Vehicles,182,150,83,89,169,253,487,626,828,1063,1145,1196,1124,1078,1061,1050,888,904,895,683,553,575,435,264,0,0
2025,2025-04-19,Northbound,Light Vehicles,256,135,81,68,105,282,562,719,937,1359,1562,1757,1709,1678,1888,1889,1821,1806,1616,1137,1044,1225,977,738,0,0
2025,2025-04-19,Northbound,Heavy Vehicles,27,12,12,14,30,31,73,105,110,122,109,121,96,117,111,110,101,86,84,52,55,65,38,35,0,0
2025,2025-04-19,Southbound,Heavy Vehicles,14,17,18,24,23,38,83,92,99,140,138,147,116,101,112,109,107,95,94,60,46,38,35,22,0,0
2025,2025-04-19,Southbound,Light Vehicles,199,153,105,100,142,373,661,936,1417,2009,2225,2176,1960,1879,1865,1731,1671,1564,1489,1056,829,772,760,477,0,0
2025,2025-04-19,Northbound,All Vehicles,283,147,93,82,135,313,635,824,1047,1481,1671,1878,1805,1795,1999,1999,1922,1892,1700,1189,1099,1290,1015,773,0,0
2025,2025-04-19,Southbound,All Vehicles,213,170,123,124,165,411,744,1028,1516,2149,2363,2323,2076,1980,1977,1840,1778,1659,1583,1116,875,810,795,499,0,0
2025,2025-04-20,Northbound,Light Vehicles,379,242,158,100,92,174,360,446,752,1136,1362,1608,1700,1569,1578,1481,1550,1612,1474,1219,1121,1255,784,495,0,0
2025,2025-04-20,Northbound,Heavy Vehicles,26,16,13,4,9,14,31,37,53,68,57,67,89,67,75,68,67,92,77,68,69,76,46,15,0,0
2025,2025-04-20,Southbound,Heavy Vehicles,15,9,8,8,12,25,45,57,67,85,91,96,102,77,72,68,79,77,65,67,68,40,28,15,0,0
2025,2025-04-20,Southbound,Light Vehicles,266,160,121,106,104,255,454,675,1127,1590,1862,1832,1789,1525,1462,1388,1567,1484,1309,1122,1025,794,567,323,0,0
2025,2025-04-20,Northbound,All Vehicles,405,258,171,104,101,188,391,483,805,1204,1419,1675,1789,1636,1653,1549,1617,1704,1551,1287,1190,1331,830,510,0,0
2025,2025-04-20,Southbound,All Vehicles,281,169,129,114,116,280,499,732,1194,1675,1953,1928,1891,1602,1534,1456,1646,1561,1374,1189,1093,834,595,338,0,0
2025,2025-04-21,Southbound,Heavy Vehicles,17,4,5,7,14,29,62,71,75,86,87,70,64,60,67,72,63,63,71,31,,14,28,24,0,0
2025,2025-04-21,Southbound,Light Vehicles,167,107,73,90,103,231,380,471,652,971,1209,1163,1092,1057,1047,1154,958,910,902,353,,243,362,215,0,0
2025,2025-04-21,Southbound,All Vehicles,184,111,78,97,117,260,442,542,727,1057,1296,1233,1156,1117,1114,1226,1021,973,973,384,,257,390,239,0,0
2025,2025-04-22,Southbound,Heavy Vehicles,32,19,26,34,53,149,316,301,262,271,267,288,303,286,262,251,160,211,116,81,63,49,30,32,0,0
2025,2025-04-22,Northbound,Heavy Vehicles,16,25,27,32,49,101,319,289,297,291,269,294,280,257,246,264,189,212,181,108,74,78,38,26,0,0
2025,2025-04-22,Northbound,Light Vehicles,189,103,53,61,156,586,1545,1450,1627,1446,1365,1454,1644,1714,2076,2227,2532,2889,2324,1289,1131,1113,711,355,0,0
2025,2025-04-22,Southbound,Light Vehicles,152,96,93,101,246,786,1695,2291,2416,2028,1881,1756,1606,1739,1722,1941,1917,2203,1527,986,756,660,448,250,0,0
2025,2025-04-22,Southbound,All Vehicles,184,115,119,135,299,935,2011,2592,2678,2299,2148,2044,1909,2025,1984,2192,2077,2414,1643,1067,819,709,478,282,0,0
2025,2025-04-22,Northbound,All Vehicles,205,128,80,93,205,687,1864,1739,1924,1737,1634,1748,1924,1971,2322,2491,2721,3101,2505,1397,1205,1191,749,381,0,0
2025,2025-04-23,Northbound,Light Vehicles,178,122,63,59,142,594,1654,1442,1570,1420,1430,1416,1659,1853,2059,2208,2634,2791,2012,1249,1033,919,726,414,0,0
2025,2025-04-23,Northbound,Heavy Vehicles,27,19,25,26,59,115,332,309,294,317,312,284,264,275,251,238,228,202,140,117,63,47,27,22,0,0
2025,2025-04-23,Southbound,Light Vehicles,146,88,89,104,265,781,1695,2168,2318,1962,1794,1655,,1668,1697,1980,2007,2151,1646,1082,816,728,506,240,0,0
2025,2025-04-23,Southbound,Heavy Vehicles,18,19,16,41,53,137,338,310,260,274,261,293,,295,253,264,233,197,130,94,68,50,33,28,0,0
2025,2025-04-23,Northbound,All Vehicles,205,141,88,85,201,709,1986,1751,1864,1737,1742,1700,1923,2128,2310,2446,2862,2993,2152,1366,1096,966,753,436,0,0
2025,2025-04-23,Southbound,All Vehicles,164,107,105,145,318,918,2033,2478,2578,2236,2055,1948,,1963,1950,2244,2240,2348,1776,1176,884,778,539,268,0,0
2025,2025-04-24,Northbound,Heavy Vehicles,28,19,18,30,68,119,323,345,321,306,307,296,273,276,288,229,213,205,154,98,85,51,40,27,0,0
2025,2025-04-24,Southbound,Light Vehicles,146,101,89,103,232,783,1637,2042,2178,1940,1781,1672,1684,1649,1787,2099,2116,2298,1890,,945,814,619,354,0,0
2025,2025-04-24,Northbound,Light Vehicles,181,105,77,71,145,583,1715,1458,1550,1421,1347,1461,1672,1720,1984,2415,2616,2743,2109,1442,1214,1107,844,566,0,0
2025,2025-04-24,Southbound,Heavy Vehicles,23,18,25,37,55,151,339,291,244,302,260,269,258,313,295,295,257,222,147,,59,68,40,18,0,0
2025,2025-04-24,Northbound,All Vehicles,209,124,95,101,213,702,2038,1803,1871,1727,1654,1757,1945,1996,2272,2644,2829,2948,2263,1540,1299,1158,884,593,0,0
2025,2025-04-24,Southbound,All Vehicles,169,119,114,140,287,934,1976,2333,2422,2242,2041,1941,1942,1962,2082,2394,2373,2520,2037,,1004,882,659,372,0,0
2025,2025-04-26,Northbound,Heavy Vehicles,18,12,16,10,20,45,100,133,108,117,135,133,119,108,112,103,85,104,95,59,48,30,27,28,0,0
2025,2025-04-26,Southbound,Light Vehicles,237,156,115,129,174,417,684,866,1402,1938,2252,2278,2156,2174,2092,2094,1963,2207,1896,1057,896,844,786,465,0,0
2025,2025-04-26,Southbound,Heavy Vehicles,28,11,15,20,21,40,108,93,116,133,138,137,163,145,132,124,121,110,106,68,39,32,33,22,0,0
2025,2025-04-26,Northbound,Light Vehicles,327,191,111,77,116,296,774,829,1016,1295,1686,1920,1923,1962,2038,2036,2021,2062,1732,1189,1007,1038,915,1147,0,0
2025,2025-04-26,Northbound,All Vehicles,345,203,127,87,136,341,874,962,1124,1412,1821,2053,2042,2070,2150,2139,2106,2166,1827,1248,1055,1068,942,1175,0,0
2025,2025-04-26,Southbound,All Vehicles,265,167,130,149,195,457,792,959,1518,2071,2390,2415,2319,2319,2224,2218,2084,2317,2002,1125,935,876,819,487,0,0
2025,2025-04-27,Northbound,Light Vehicles,372,219,153,71,84,172,326,419,663,1055,1349,1552,1648,1794,1841,1928,1781,1735,1451,1072,950,818,663,901,0,0
2025,2025-04-27,Northbound,Heavy Vehicles,23,11,13,13,14,15,22,51,44,64,54,90,84,86,82,90,73,84,77,54,40,35,28,31,0,0
2025,2025-04-27,Southbound,Heavy Vehicles,18,8,11,14,12,21,25,57,48,66,86,120,129,102,99,93,77,75,80,53,42,36,38,19,0,0
2025,2025-04-27,Southbound,Light Vehicles,243,164,139,107,102,230,418,660,1027,1490,1856,1766,1938,1990,1916,1782,1750,1706,1529,904,763,680,520,296,0,0
2025,2025-04-27,Northbound,All Vehicles,395,230,166,84,98,187,348,470,707,1119,1403,1642,1732,1880,1923,2018,1854,1819,1528,1126,990,853,691,932,0,0
2025,2025-04-27,Southbound,All Vehicles,261,172,150,121,114,251,443,717,1075,1556,1942,1886,2067,2092,2015,1875,1827,1781,1609,957,805,716,558,315,0,0
2025,2025-04-28,Northbound,Light Vehicles,174,96,72,69,184,673,1884,1778,1834,1338,1276,1299,1439,1698,1877,2311,2803,2974,2201,1261,1093,865,613,333,0,0
2025,2025-04-28,Southbound,Heavy Vehicles,22,22,15,33,49,152,357,335,264,300,278,320,282,278,263,292,219,211,,87,54,46,31,25,0,0
2025,2025-04-28,Northbound,Heavy Vehicles,14,27,14,29,48,106,298,329,340,331,336,255,263,283,301,261,237,229,159,90,75,31,27,19,0,0
2025,2025-04-28,Southbound,Light Vehicles,144,97,86,113,267,896,1881,2650,2446,1915,1568,1476,1421,1441,1570,2035,2183,2145,,1105,731,605,428,189,0,0
2025,2025-04-28,Northbound,All Vehicles,188,123,86,98,232,779,2182,2107,2174,1669,1612,1554,1702,1981,2178,2572,3040,3203,2360,1351,1168,896,640,352,0,0
2025,2025-04-28,Southbound,All Vehicles,166,119,101,146,316,1048,2238,2985,2710,2215,1846,1796,1703,1719,1833,2327,2402,2356,,1192,785,651,459,214,0,0
2025,2025-04-29,Northbound,Heavy Vehicles,10,19,22,34,52,119,330,325,334,341,310,310,264,260,281,244,229,204,186,118,67,47,35,35,0,0
2025,2025-04-29,Southbound,Light Vehicles,131,91,75,112,264,943,2053,2712,2340,2244,1784,1600,1457,1492,1572,2060,2199,2550,1866,1015,809,644,458,261,0,0
2025,2025-04-29,Northbound,Light Vehicles,152,104,57,52,187,703,1936,1732,1907,1516,1254,1348,1491,1730,1972,2290,2651,2835,2644,1502,1047,843,685,366,0,0
2025,2025-04-29,Southbound,Heavy Vehicles,27,11,31,33,57,155,379,331,252,328,330,323,285,312,306,272,252,226,152,74,66,40,46,26,0,0
2025,2025-04-29,Northbound,All Vehicles,162,123,79,86,239,822,2266,2057,2241,1857,1564,1658,1755,1990,2253,2534,2880,3039,2830,1620,1114,890,720,401,0,0
2025,2025-04-29,Southbound,All Vehicles,158,102,106,145,321,1098,2432,3043,2592,2572,2114,1923,1742,1804,1878,2332,2451,2776,2018,1089,875,684,504,287,0,0
2025,2025-04-30,Northbound,Heavy Vehicles,25,20,28,34,60,131,341,353,327,344,326,333,291,308,260,250,212,200,185,118,61,46,30,30,0,0
2025,2025-04-30,Southbound,Heavy Vehicles,28,23,27,42,57,191,366,313,250,339,355,319,308,278,246,250,258,228,182,83,78,38,40,29,0,0
2025,2025-04-30,Northbound,Light Vehicles,171,94,76,70,169,707,1879,1686,1858,1472,1300,1384,1524,1775,2149,2233,2663,2978,2405,1371,1048,891,718,376,0,0
2025,2025-04-30,Southbound,Light Vehicles,142,103,86,119,292,909,2040,2701,2314,2470,1742,1500,1391,1454,1577,1970,2327,2527,1880,1117,831,700,491,270,0,0
2025,2025-04-30,Northbound,All Vehicles,196,114,104,104,229,838,2220,2039,2185,1816,1626,1717,1815,2083,2409,2483,2875,3178,2590,1489,1109,937,748,406,0,0
2025,2025-04-30,Southbound,All Vehicles,170,126,113,161,349,1100,2406,3014,2564,2809,2097,1819,1699,1732,1823,2220,2585,2755,2062,1200,909,738,531,299,0,0
2025,2025-05-01,Southbound,Light Vehicles,136,99,79,113,261,881,1929,2595,2099,2301,1729,1458,1418,1484,1579,2067,2335,2589,1835,1187,839,711,458,259,0,0
2025,2025-05-01,Northbound,Heavy Vehicles,25,13,26,33,75,123,345,352,335,325,322,300,298,307,269,239,225,209,171,88,64,55,39,30,0,0
2025,2025-05-01,Northbound,Light Vehicles,162,100,56,66,166,672,1841,1660,1814,1487,1312,1434,1566,1664,2230,2338,2790,2953,2418,1425,1173,927,717,438,0,0
2025,2025-05-01,Southbound,Heavy Vehicles,15,21,22,37,56,169,372,320,227,316,316,319,286,288,284,280,257,214,149,70,72,63,40,31,0,0
2025,2025-05-01,Southbound,All Vehicles,151,120,101,150,317,1050,2301,2915,2326,2617,2045,1777,1704,1772,1863,2347,2592,2803,1984,1257,911,774,498,290,0,0
2025,2025-05-01,Northbound,All Vehicles,187,113,82,99,241,795,2186,2012,2149,1812,1634,1734,1864,1971,2499,2577,3015,3162,2589,1513,1237,982,756,468,0,0
2025,2025-05-02,Northbound,Light Vehicles,172,97,72,78,151,674,1805,1694,1641,1441,1378,1442,1715,2068,2412,2399,2662,2851,2322,1604,1199,1209,1193,1096,0,0
2025,2025-05-02,Northbound,Heavy Vehicles,22,17,26,36,55,130,333,320,313,335,322,295,285,310,280,239,212,198,157,99,70,62,50,37,0,0
2025,2025-05-02,Southbound,Light Vehicles,141,109,91,124,256,842,1810,2650,2484,2101,2121,1907,1518,1521,1708,2114,2430,2536,2489,1811,984,919,,402,0,0
2025,2025-05-02,Southbound,Heavy Vehicles,33,16,32,41,55,143,324,333,275,309,338,369,340,293,274,297,261,230,177,115,74,59,,30,0,0
2025,2025-05-02,Northbound,All Vehicles,194,114,98,114,206,804,2138,2014,1954,1776,1700,1737,2000,2378,2692,2638,2874,3049,2479,1703,1269,1271,1243,1133,0,0
2025,2025-05-02,Southbound,All Vehicles,174,125,123,165,311,985,2134,2983,2759,2410,2459,2276,1858,1814,1982,2411,2691,2766,2666,1926,1058,978,,432,0,0
2025,2025-05-03,Northbound,Heavy Vehicles,23,21,12,27,26,61,173,189,172,154,142,151,142,135,148,117,116,102,98,67,49,39,44,38,0,0
2025,2025-05-03,Southbound,Light Vehicles,260,151,123,125,177,448,819,1063,1456,2274,2605,2767,2527,2526,2365,2439,2473,2436,1988,1169,831,874,921,599,0,0
2025,2025-05-03,Northbound,Light Vehicles,333,197,129,93,117,380,1037,1056,1330,1555,1903,1962,1998,2105,2236,2115,2207,2304,1905,1388,1107,1014,1123,1300,0,0
2025,2025-05-03,Southbound,Heavy Vehicles,29,25,12,26,34,46,132,117,150,175,206,216,184,185,163,132,157,121,114,61,47,38,40,22,0,0
2025,2025-05-03,Northbound,All Vehicles,356,218,141,120,143,441,1210,1245,1502,1709,2045,2113,2140,2240,2384,2232,2323,2406,2003,1455,1156,1053,1167,1338,0,0
2025,2025-05-03,Southbound,All Vehicles,289,176,135,151,211,494,951,1180,1606,2449,2811,2983,2711,2711,2528,2571,2630,2557,2102,1230,878,912,961,621,0,0
2025,2025-05-04,Southbound,Light Vehicles,513,238,188,138,128,256,512,728,1259,2007,2370,2342,2190,2094,2175,2033,1869,1930,1561,1014,887,660,604,264,0,0
2025,2025-05-04,Northbound,Light Vehicles,771,377,181,111,107,206,369,572,779,1234,1538,1772,1928,1984,2096,2044,2001,2020,1910,1183,983,891,1120,532,0,0
2025,2025-05-04,Southbound,Heavy Vehicles,23,11,13,12,18,25,38,58,52,96,148,127,135,90,112,96,104,117,97,61,45,32,43,23,0,0
2025,2025-05-04,Northbound,Heavy Vehicles,21,12,11,12,16,22,38,59,65,67,93,82,102,95,91,103,83,86,86,80,53,40,40,19,0,0
2025,2025-05-04,Southbound,All Vehicles,536,249,201,150,146,281,550,786,1311,2103,2518,2469,2325,2184,2287,2129,1973,2047,1658,1075,932,692,647,287,0,0
2025,2025-05-04,Northbound,All Vehicles,792,389,192,123,123,228,407,631,844,1301,1631,1854,2030,2079,2187,2147,2084,2106,1996,1263,1036,931,1160,551,0,0
2025,2025-05-05,Southbound,Heavy Vehicles,24,19,12,37,52,162,373,317,230,321,282,291,278,308,284,314,290,218,163,87,68,43,35,36,0,0
2025,2025-05-05,Northbound,Heavy Vehicles,21,22,18,26,62,142,327,330,323,349,330,292,292,283,297,295,252,213,184,97,73,68,43,28,0,0
2025,2025-05-05,Southbound,Light Vehicles,145,99,81,88,279,916,1881,2542,2108,2051,1487,1414,1238,1450,1602,1994,2200,2345,1780,1122,741,584,423,215,0,0
2025,2025-05-05,Northbound,Light Vehicles,185,110,76,76,195,733,1901,1789,1806,1430,1242,1326,1464,1653,1995,2261,2745,2923,2376,1244,1168,862,597,358,0,0
2025,2025-05-05,Southbound,All Vehicles,169,118,93,125,331,1078,2254,2859,2338,2372,1769,1705,1516,1758,1886,2308,2490,2563,1943,1209,809,627,458,251,0,0
2025,2025-05-05,Northbound,All Vehicles,206,132,94,102,257,875,2228,2119,2129,1779,1572,1618,1756,1936,2292,2556,2997,3136,2560,1341,1241,930,640,386,0,0
2025,2025-05-06,Northbound,Light Vehicles,154,82,67,57,183,726,1936,1866,1967,1660,1364,1379,1509,1755,2024,2244,2701,2937,2437,1439,1133,958,739,382,0,0
2025,2025-05-06,Northbound,Heavy Vehicles,18,17,23,34,60,140,347,367,354,365,322,294,314,297,320,258,254,225,194,105,80,57,50,24,0,0
2025,2025-05-06,Southbound,Heavy Vehicles,33,19,23,28,59,174,382,339,225,328,298,344,272,,266,314,292,243,175,106,63,47,46,34,0,0
2025,2025-05-06,Southbound,Light Vehicles,134,81,78,123,263,956,2084,2689,2317,2247,1645,1453,1398,,1635,2093,2143,2634,2139,1292,857,664,489,239,0,0
2025,2025-05-06,Northbound,All Vehicles,172,99,90,91,243,866,2283,2233,2321,2025,1686,1673,1823,2052,2344,2502,2955,3162,2631,1544,1213,1015,789,406,0,0
2025,2025-05-06,Southbound,All Vehicles,167,100,101,151,322,1130,2466,3028,2542,2575,1943,1797,1670,,1901,2407,2435,2877,2314,1398,920,711,535,273,0,0
2025,2025-05-07,Southbound,Heavy Vehicles,34,23,25,62,65,181,403,326,252,324,311,334,302,328,306,276,297,242,146,91,69,,41,32,0,0
2025,2025-05-07,Northbound,Heavy Vehicles,22,24,24,37,76,128,361,377,328,357,336,299,307,296,311,276,255,205,178,115,61,49,42,24,0,0
2025,2025-05-07,Southbound,Light Vehicles,141,98,85,128,309,948,1996,2578,2136,2112,1661,1505,1401,1407,1642,2143,2313,2499,2055,1224,872,,459,247,0,0
2025,2025-05-07,Northbound,Light Vehicles,201,85,73,61,168,735,1977,1867,2091,1547,1329,1327,1472,1748,2168,2433,2892,2975,2387,1458,1081,1015,704,359,0,0
2025,2025-05-07,Southbound,All Vehicles,175,121,110,190,374,1129,2399,2904,2388,2436,1972,1839,1703,1735,1948,2419,2610,2741,2201,1315,941,,500,279,0,0
2025,2025-05-07,Northbound,All Vehicles,223,109,97,98,244,863,2338,2244,2419,1904,1665,1626,1779,2044,2479,2709,3147,3180,2565,1573,1142,1064,746,383,0,0
2025,2025-05-08,Northbound,Heavy Vehicles,17,18,22,34,86,142,362,366,296,353,335,306,318,312,287,253,231,236,188,115,87,54,42,29,0,0
2025,2025-05-08,Southbound,Light Vehicles,152,90,84,137,272,938,2024,2610,2321,2017,1672,1554,1555,1546,1681,1926,2378,2637,1941,1201,848,786,588,287,0,0
2025,2025-05-08,Northbound,Light Vehicles,163,94,70,74,171,764,1912,1839,1858,1441,1360,1368,1490,1748,2171,2354,2709,2931,2488,1530,1268,987,750,418,0,0
2025,2025-05-08,Southbound,Heavy Vehicles,23,16,33,32,62,197,429,289,249,288,319,370,328,337,312,288,316,243,169,95,73,54,48,34,0,0
2025,2025-05-08,Northbound,All Vehicles,180,112,92,108,257,906,2274,2205,2154,1794,1695,1674,1808,2060,2458,2607,2940,3167,2676,1645,1355,1041,792,447,0,0
2025,2025-05-08,Southbound,All Vehicles,175,106,117,169,334,1135,2453,2899,2570,2305,1991,1924,1883,1883,1993,2214,2694,2880,2110,1296,921,840,636,321,0,0
2025,2025-05-09,Northbound,Light Vehicles,180,118,75,58,170,703,1891,1739,1798,1433,1289,1442,1692,1900,2226,2451,2584,2821,2357,1589,1239,1161,1441,708,0,0
2025,2025-05-09,Northbound,Heavy Vehicles,18,31,28,29,74,156,348,419,380,355,329,332,332,289,295,241,237,206,154,112,82,66,80,35,0,0
2025,2025-05-09,Southbound,Heavy Vehicles,28,28,36,45,53,179,368,355,273,355,329,365,364,335,300,293,302,238,179,90,77,57,54,,0,0
2025,2025-05-09,Southbound,Light Vehicles,157,111,85,133,276,891,1891,2484,2521,2171,1795,1647,1595,1561,1864,2160,2445,2368,2305,1563,920,864,725,,0,0
2025,2025-05-09,Northbound,All Vehicles,198,149,103,87,244,859,2239,2158,2178,1788,1618,1774,2024,2189,2521,2692,2821,3027,2511,1701,1321,1227,1521,743,0,0
2025,2025-05-09,Southbound,All Vehicles,185,139,121,178,329,1070,2259,2839,2794,2526,2124,2012,1959,1896,2164,2453,2747,2606,2484,1653,997,921,779,,0,0
2025,2025-05-10,Northbound,Heavy Vehicles,22,27,16,20,25,59,176,190,167,118,134,151,144,136,139,123,118,138,94,63,47,56,33,25,0,0
2025,2025-05-10,Southbound,Heavy Vehicles,36,23,23,24,32,53,145,130,155,171,140,155,188,171,155,142,155,139,107,66,62,43,46,35,0,0
2025,2025-05-10,Northbound,Light Vehicles,391,203,118,104,116,410,1034,1057,1292,1672,1846,1949,2223,2278,2369,2284,2211,2235,1970,1351,1110,1140,970,710,0,0
2025,2025-05-10,Southbound,Light Vehicles,278,150,127,162,192,477,873,1253,1579,2259,1654,2182,2595,2506,2292,2259,2201,2286,1787,1206,966,885,864,491,0,0
2025,2025-05-10,Northbound,All Vehicles,413,230,134,124,141,469,1210,1247,1459,1790,1980,2100,2367,2414,2508,2407,2329,2373,2064,1414,1157,1196,1003,735,0,0
2025,2025-05-10,Southbound,All Vehicles,314,173,150,186,224,530,1018,1383,1734,2430,1794,2337,2783,2677,2447,2401,2356,2425,1894,1272,1028,928,910,526,0,0
2025,2025-05-11,Southbound,Light Vehicles,311,159,114,107,122,233,502,722,1173,1743,2137,2322,2267,2094,2036,2111,2010,2156,1524,1048,884,743,524,271,0,0
2025,2025-05-11,Northbound,Light Vehicles,388,189,143,97,83,160,378,540,806,1273,1607,1802,2092,2001,2083,1976,2097,2004,1879,1201,1102,920,646,1028,0,0
2025,2025-05-11,Northbound,Heavy Vehicles,15,10,14,10,15,14,28,52,66,70,66,83,78,85,112,90,82,79,85,51,51,39,29,57,0,0
2025,2025-05-11,Southbound,Heavy Vehicles,14,13,10,9,11,18,33,54,61,92,116,142,106,107,91,115,89,103,88,54,47,30,36,28,0,0
2025,2025-05-11,Southbound,All Vehicles,325,172,124,116,133,251,535,776,1234,1835,2253,2464,2373,2201,2127,2226,2099,2259,1612,1102,931,773,560,299,0,0
2025,2025-05-11,Northbound,All Vehicles,403,199,157,107,98,174,406,592,872,1343,1673,1885,2170,2086,2195,2066,2179,2083,1964,1252,1153,959,675,1085,0,0
2025,2025-05-12,Southbound,Heavy Vehicles,27,21,20,33,47,158,394,309,225,332,318,312,322,300,297,305,257,219,152,81,60,39,36,25,0,0
2025,2025-05-12,Northbound,Light Vehicles,173,102,57,64,190,711,1803,1753,1931,1528,1228,1360,1491,1628,1890,2327,2758,2910,2050,1182,1103,889,618,331,0,0
2025,2025-05-12,Northbound,Heavy Vehicles,18,29,19,32,49,135,292,394,338,421,321,292,282,323,313,317,258,210,134,92,57,44,34,23,0,0
2025,2025-05-12,Southbound,Light Vehicles,129,71,84,98,288,967,1927,2617,2317,2169,1480,1367,1300,1411,1468,2083,2125,2370,1684,1078,739,567,403,185,0,0
2025,2025-05-12,Southbound,All Vehicles,156,92,104,131,335,1125,2321,2926,2542,2501,1798,1679,1622,1711,1765,2388,2382,2589,1836,1159,799,606,439,210,0,0
2025,2025-05-12,Northbound,All Vehicles,191,131,76,96,239,846,2095,2147,2269,1949,1549,1652,1773,1951,2203,2644,3016,3120,2184,1274,1160,933,652,354,0,0
2025,2025-05-13,Northbound,Light Vehicles,139,95,59,58,177,766,1898,1798,1909,1606,1312,1333,1508,1730,2048,2371,2803,3029,2177,1273,1061,934,697,405,0,0
2025,2025-05-13,Northbound,Heavy Vehicles,19,12,23,32,63,138,338,368,312,361,309,311,293,291,291,262,246,217,153,90,70,32,42,29,0,0
2025,2025-05-13,Southbound,Light Vehicles,111,85,71,104,286,973,2063,2623,2218,2172,1658,1457,1445,1398,1582,,2318,2489,1947,1122,827,672,494,241,0,0
2025,2025-05-13,Southbound,Heavy Vehicles,28,20,21,37,52,179,382,326,238,337,303,352,301,300,288,,280,254,146,86,69,48,36,30,0,0
2025,2025-05-13,Northbound,All Vehicles,158,107,82,90,240,904,2236,2166,2221,1967,1621,1644,1801,2021,2339,2633,3049,3246,2330,1363,1131,966,739,434,0,0
2025,2025-05-13,Southbound,All Vehicles,139,105,92,141,338,1152,2445,2949,2456,2509,1961,1809,1746,1698,1870,,2598,2743,2093,1208,896,720,530,271,0,0
2025,2025-05-14,Southbound,Light Vehicles,141,99,78,134,264,982,1985,2683,2279,2169,1643,1477,1364,1519,1687,2142,2384,,2036,1282,885,742,492,256,0,0
2025,2025-05-14,Northbound,Heavy Vehicles,18,22,25,39,80,148,358,358,365,358,320,318,319,310,325,253,255,227,158,97,79,44,42,27,0,0
2025,2025-05-14,Southbound,Heavy Vehicles,25,27,23,37,71,171,372,323,253,342,334,318,305,300,288,302,288,,167,90,60,57,35,28,0,0
2025,2025-05-14,Northbound,Light Vehicles,152,83,70,72,170,747,1976,1823,1999,1551,1254,1402,1503,1731,2169,2261,2804,2872,2334,1409,1148,896,801,443,0,0
2025,2025-05-14,Southbound,All Vehicles,166,126,101,171,335,1153,2357,3006,2532,2511,1977,1795,1669,1819,1975,2444,2672,,2203,1372,945,799,527,284,0,0
2025,2025-05-14,Northbound,All Vehicles,170,105,95,111,250,895,2334,2181,2364,1909,1574,1720,1822,2041,2494,2514,3059,3099,2492,1506,1227,940,843,470,0,0
2025,2025-05-15,Southbound,Heavy Vehicles,19,24,28,45,54,180,403,317,239,305,308,344,358,293,260,280,312,223,167,80,60,51,44,34,0,0
2025,2025-05-15,Southbound,Light Vehicles,148,86,84,129,274,930,2018,2515,2353,2185,1733,1520,1377,1385,1597,2208,2368,2607,2064,1223,847,799,484,253,0,0
2025,2025-05-15,Northbound,Heavy Vehicles,22,14,28,32,86,151,374,359,313,343,333,314,285,315,254,242,237,208,167,114,72,42,53,30,0,0
2025,2025-05-15,Northbound,Light Vehicles,156,98,64,80,176,727,1990,1761,1842,1560,1307,1409,1478,1817,2095,2352,2685,2874,2212,1330,1199,943,756,448,0,0
2025,2025-05-15,Southbound,All Vehicles,167,110,112,174,328,1110,2421,2832,2592,2490,2041,1864,1735,1678,1857,2488,2680,2830,2231,1303,907,850,528,287,0,0
2025,2025-05-15,Northbound,All Vehicles,178,112,92,112,262,878,2364,2120,2155,1903,1640,1723,1763,2132,2349,2594,2922,3082,2379,1444,1271,985,809,478,0,0
2025,2025-05-16,Southbound,Heavy Vehicles,37,33,31,37,75,154,359,309,217,320,343,294,324,280,272,272,280,203,191,103,59,45,45,35,0,0
2025,2025-05-16,Southbound,Light Vehicles,167,112,76,118,287,865,1821,2362,2098,2238,1804,1654,1583,1596,1516,2105,2308,2532,2464,1553,935,833,708,461,0,0
2025,2025-05-16,Northbound,Light Vehicles,194,117,77,55,166,694,1845,1787,1975,1475,1379,1430,1676,1867,2355,2461,2514,2611,2210,1484,1164,1036,1517,793,0,0
2025,2025-05-16,Northbound,Heavy Vehicles,31,22,24,29,60,133,323,358,358,352,342,308,304,315,337,234,230,156,146,116,76,52,77,37,0,0
2025,2025-05-16,Southbound,All Vehicles,204,145,107,155,362,1019,2180,2671,2315,2558,2147,1948,1907,1876,1788,2377,2588,2735,2655,1656,994,878,753,496,0,0
2025,2025-05-16,Northbound,All Vehicles,225,139,101,84,226,827,2168,2145,2333,1827,1721,1738,1980,2182,2692,2695,2744,2767,2356,1600,1240,1088,1594,830,0,0
2025,2025-05-17,Northbound,Light Vehicles,401,199,136,94,144,389,1107,1074,1336,1599,1835,2136,2232,2320,2232,2257,2460,2407,2150,1592,1142,1088,942,754,0,0
2025,2025-05-17,Southbound,Heavy Vehicles,25,21,16,21,38,56,152,143,154,161,176,167,155,203,179,161,162,127,113,61,44,40,35,29,0,0
2025,2025-05-17,Northbound,Heavy Vehicles,22,23,20,21,32,57,166,188,129,130,155,141,163,138,124,115,128,124,123,80,58,41,32,32,0,0
2025,2025-05-17,Southbound,Light Vehicles,269,180,117,113,177,452,823,1154,1589,2331,2424,2491,2637,2684,2486,2666,2204,2249,1858,1126,886,839,698,444,0,0
2025,2025-05-17,Northbound,All Vehicles,423,222,156,115,176,446,1273,1262,1465,1729,1990,2277,2395,2458,2356,2372,2588,2531,2273,1672,1200,1129,974,786,0,0
2025,2025-05-17,Southbound,All Vehicles,294,201,133,134,215,508,975,1297,1743,2492,2600,2658,2792,2887,2665,2827,2366,2376,1971,1187,930,879,733,473,0,0
2025,2025-05-18,Southbound,Light Vehicles,273,164,152,100,148,252,573,822,1253,1703,2164,2134,2310,2279,2118,1926,1926,1716,1273,901,838,702,461,248,0,0
2025,2025-05-18,Northbound,Heavy Vehicles,21,12,17,11,17,18,36,49,68,81,85,78,88,100,95,98,120,79,66,66,46,30,21,13,0,0
2025,2025-05-18,Northbound,Light Vehicles,459,217,139,109,98,212,378,501,780,1281,1628,1818,1894,2039,2096,1901,2482,1900,1424,1052,1099,881,569,331,0,0
2025,2025-05-18,Southbound,Heavy Vehicles,18,14,12,8,16,23,46,55,83,83,108,87,127,92,110,104,102,92,67,59,45,38,28,28,0,0
2025,2025-05-18,Southbound,All Vehicles,291,178,164,108,164,275,619,877,1336,1786,2272,2221,2437,2371,2228,2030,2028,1808,1340,960,883,740,489,276,0,0
2025,2025-05-18,Northbound,All Vehicles,480,229,156,120,115,230,414,550,848,1362,1713,1896,1982,2139,2191,1999,2602,1979,1490,1118,1145,911,590,344,0,0
2025,2025-05-19,Northbound,Heavy Vehicles,16,24,14,32,54,129,308,332,299,335,308,303,290,261,270,274,238,222,124,91,61,31,27,27,0,0
2025,2025-05-19,Northbound,Light Vehicles,164,97,62,51,151,690,1745,1619,1825,1432,1172,1327,1527,1706,2059,2352,2672,2836,2063,1187,985,766,582,317,0,0
2025,2025-05-19,Southbound,Heavy Vehicles,29,23,18,39,51,155,353,315,258,295,279,318,278,268,277,264,242,205,132,83,53,47,33,28,0,0
2025,2025-05-19,Southbound,Light Vehicles,163,105,68,93,283,906,1856,2583,2456,2077,1533,1472,1413,1428,1556,1997,2120,2218,1556,1010,695,522,388,186,0,0
2025,2025-05-19,Northbound,All Vehicles,180,121,76,83,205,819,2053,1951,2124,1767,1480,1630,1817,1967,2329,2626,2910,3058,2187,1278,1046,797,609,344,0,0
2025,2025-05-19,Southbound,All Vehicles,192,128,86,132,334,1061,2209,2898,2714,2372,1812,1790,1691,1696,1833,2261,2362,2423,1688,1093,748,569,421,214,0,0
2025,2025-05-20,Northbound,Heavy Vehicles,18,19,15,31,69,127,348,310,265,328,295,243,308,280,284,254,246,212,163,99,78,67,37,25,0,0
2025,2025-05-20,Northbound,Light Vehicles,135,100,52,61,172,695,1849,1773,1841,1546,1255,1258,1520,1719,2063,2369,2735,2963,2344,1572,1182,1045,804,411,0,0
2025,2025-05-20,Southbound,Heavy Vehicles,23,15,15,27,57,180,383,323,237,303,315,306,272,288,309,283,293,240,187,93,62,59,48,33,0,0
2025,2025-05-20,Southbound,Light Vehicles,126,77,84,114,276,937,2025,2583,2106,2252,1756,1480,1404,1391,1615,2175,2452,2670,2358,1351,917,761,538,297,0,0
2025,2025-05-20,Northbound,All Vehicles,153,119,67,92,241,822,2197,2083,2106,1874,1550,1501,1828,1999,2347,2623,2981,3175,2507,1671,1260,1112,841,436,0,0
2025,2025-05-20,Southbound,All Vehicles,149,92,99,141,333,1117,2408,2906,2343,2555,2071,1786,1676,1679,1924,2458,2745,2910,2545,1444,979,820,586,330,0,0
2025,2025-05-21,Southbound,Light Vehicles,153,107,75,116,285,906,2002,2476,2157,1985,1869,1612,1572,1589,1769,2119,2451,2588,2070,1166,854,751,527,278,0,0
2025,2025-05-21,Northbound,Heavy Vehicles,20,23,28,34,61,131,323,329,255,327,290,268,250,307,263,241,250,195,190,95,61,45,33,21,0,0
2025,2025-05-21,Northbound,Light Vehicles,182,106,78,69,162,738,1859,1806,2038,1672,1415,1356,1550,1757,2162,2383,2800,2953,2583,1428,1168,956,681,423,0,0
2025,2025-05-21,Southbound,Heavy Vehicles,27,29,20,38,59,173,373,297,195,235,302,313,284,282,269,261,264,181,173,87,53,48,27,29,0,0
2025,2025-05-21,Southbound,All Vehicles,180,136,95,154,344,1079,2375,2773,2352,2220,2171,1925,1856,1871,2038,2380,2715,2769,2243,1253,907,799,554,307,0,0
2025,2025-05-21,Northbound,All Vehicles,202,129,106,103,223,869,2182,2135,2293,1999,1705,1624,1800,2064,2425,2624,3050,3148,2773,1523,1229,1001,714,444,0,0
2025,2025-05-22,Northbound,Heavy Vehicles,14,13,15,27,74,114,340,325,308,334,261,242,280,244,265,252,202,179,142,90,73,37,39,27,0,0
2025,2025-05-22,Northbound,Light Vehicles,143,75,80,61,158,665,1782,1669,1829,1439,1207,1235,1515,1599,2169,2307,2537,2766,2074,1288,968,865,819,432,0,0
2025,2025-05-22,Northbound,All Vehicles,157,88,95,88,232,779,2122,1994,2137,1773,1468,1477,1795,1843,2434,2559,2739,2945,2216,1378,1041,902,858,459,0,0
2025,2025-05-23,Southbound,Heavy Vehicles,,8,5,,,4,164,226,227,263,263,248,279,257,256,237,238,186,122,83,56,47,44,28,0,0
2025,2025-05-23,Northbound,Heavy Vehicles,20,22,19,37,44,106,221,224,222,291,255,265,290,274,261,243,231,183,146,92,68,58,37,40,0,0
2025,2025-05-23,Southbound,Light Vehicles,5,59,46,2,2,41,1399,2270,2203,2047,1734,1629,1564,1510,1666,2065,2119,2278,1876,1266,946,851,801,471,0,0
2025,2025-05-23,Northbound,Light Vehicles,178,93,88,65,153,590,1343,1430,1594,1457,1212,1421,1652,1863,2296,2256,2593,2721,2078,1458,1172,1069,975,676,0,0
2025,2025-05-23,Southbound,All Vehicles,5,67,51,2,2,45,1563,2496,2430,2310,1997,1877,1843,1767,1922,2302,2357,2464,1998,1349,1002,898,845,499,0,0
2025,2025-05-23,Northbound,All Vehicles,198,115,107,102,197,696,1564,1654,1816,1748,1467,1686,1942,2137,2557,2499,2824,2904,2224,1550,1240,1127,1012,716,0,0
2025,2025-05-24,Northbound,Light Vehicles,406,214,123,86,125,380,1075,1049,1178,1552,1806,1929,2061,2154,2143,2320,2239,2278,1831,1250,1115,1120,889,671,0,0
2025,2025-05-24,Southbound,Light Vehicles,296,171,129,114,190,433,808,1191,1585,2055,2168,2413,2546,2442,2391,2338,2223,2131,1689,1146,852,857,696,512,0,0
2025,2025-05-24,Southbound,Heavy Vehicles,22,30,17,20,26,49,153,121,136,155,151,158,172,170,153,163,157,131,100,47,38,38,35,26,0,0
2025,2025-05-24,Northbound,Heavy Vehicles,16,19,18,15,28,55,167,205,161,150,125,151,156,141,134,141,115,104,79,68,48,43,34,28,0,0
2025,2025-05-24,Northbound,All Vehicles,422,233,141,101,153,435,1242,1254,1339,1702,1931,2080,2217,2295,2277,2461,2354,2382,1910,1318,1163,1163,923,699,0,0
2025,2025-05-24,Southbound,All Vehicles,318,201,146,134,216,482,961,1312,1721,2210,2319,2571,2718,2612,2544,2501,2380,2262,1789,1193,890,895,731,538,0,0
2025,2025-05-25,Northbound,Light Vehicles,415,255,149,97,82,180,380,493,798,1215,1488,1809,1940,2059,2134,2049,2048,2016,1522,1157,1004,918,915,424,0,0
2025,2025-05-25,Northbound,Heavy Vehicles,19,9,12,11,9,17,34,57,72,60,79,90,94,95,103,107,91,89,70,53,50,34,28,23,0,0
2025,2025-05-25,Southbound,Light Vehicles,293,222,141,117,114,286,478,911,1298,1700,2096,2134,2089,2163,2043,2074,1977,1780,1420,955,806,736,513,260,0,0
2025,2025-05-25,Southbound,Heavy Vehicles,15,16,9,10,16,20,28,58,64,95,102,106,116,94,84,109,85,89,76,50,49,47,32,26,0,0
2025,2025-05-25,Northbound,All Vehicles,434,264,161,108,91,197,414,550,870,1275,1567,1899,2034,2154,2237,2156,2139,2105,1592,1210,1054,952,943,447,0,0
2025,2025-05-25,Southbound,All Vehicles,308,238,150,127,130,306,506,969,1362,1795,2198,2240,2205,2257,2127,2183,2062,1869,1496,1005,855,783,545,286,0,0
2025,2025-05-26,Northbound,Light Vehicles,193,108,65,55,172,751,1823,1772,1914,1408,1214,1293,1484,1644,2047,2239,2647,2933,2158,1206,1057,784,599,321,0,0
2025,2025-05-26,Southbound,Heavy Vehicles,30,30,21,29,61,163,344,296,231,267,288,290,304,292,292,289,282,247,134,84,59,48,30,26,0,0
2025,2025-05-26,Southbound,Light Vehicles,175,91,73,87,289,900,1903,2532,2358,1975,1576,1412,1354,1342,1540,2134,2306,2287,1778,976,735,581,408,188,0,0
2025,2025-05-26,Northbound,Heavy Vehicles,28,17,23,24,53,146,364,368,325,350,310,292,279,289,271,286,263,215,167,87,73,40,35,29,0,0
2025,2025-05-26,Northbound,All Vehicles,221,125,88,79,225,897,2187,2140,2239,1758,1524,1585,1763,1933,2318,2525,2910,3148,2325,1293,1130,824,634,350,0,0
2025,2025-05-26,Southbound,All Vehicles,205,121,94,116,350,1063,2247,2828,2589,2242,1864,1702,1658,1634,1832,2423,2588,2534,1912,1060,794,629,438,214,0,0
2025,2025-05-27,Northbound,Light Vehicles,165,92,58,55,163,679,1846,1888,2010,1595,1335,1311,1459,1734,2030,2212,2766,2962,2287,1405,1085,902,724,364,0,0
2025,2025-05-27,Southbound,Light Vehicles,127,79,65,103,268,904,2040,2563,2440,2204,1614,1408,1346,1371,1571,2130,2341,2549,1902,1101,891,662,469,237,0,0
2025,2025-05-27,Southbound,Heavy Vehicles,19,21,20,29,61,166,362,316,251,296,308,328,323,284,302,301,271,247,170,96,59,52,53,30,0,0
2025,2025-05-27,Northbound,Heavy Vehicles,23,28,20,44,63,130,352,368,306,344,310,312,290,290,280,269,247,221,159,102,68,59,44,29,0,0
2025,2025-05-27,Northbound,All Vehicles,188,120,78,99,226,809,2198,2256,2316,1939,1645,1623,1749,2024,2310,2481,3013,3183,2446,1507,1153,961,768,393,0,0
2025,2025-05-27,Southbound,All Vehicles,146,100,85,132,329,1070,2402,2879,2691,2500,1922,1736,1669,1655,1873,2431,2612,2796,2072,1197,950,714,522,267,0,0
2025,2025-05-28,Southbound,Heavy Vehicles,24,24,29,46,57,193,403,327,288,344,321,322,306,299,308,319,,231,173,75,70,,46,46,0,0
2025,2025-05-28,Southbound,Light Vehicles,135,96,84,102,270,929,1986,2675,2276,2378,1711,1480,1413,1489,1682,2193,,2542,1967,1164,827,,583,271,0,0
2025,2025-05-28,Northbound,Heavy Vehicles,34,16,32,50,66,148,366,432,363,402,335,319,292,276,272,309,276,234,186,104,56,39,54,31,0,0
2025,2025-05-28,Northbound,Light Vehicles,168,83,55,60,194,749,1964,1941,2104,1592,1329,1289,1553,1723,2075,2358,2750,2920,2347,1384,1021,846,943,442,0,0
2025,2025-05-28,Southbound,All Vehicles,159,120,113,148,327,1122,2389,3002,2564,2722,2032,1802,1719,1788,1990,2512,,2773,2140,1239,897,,629,317,0,0
2025,2025-05-28,Northbound,All Vehicles,202,99,87,110,260,897,2330,2373,2467,1994,1664,1608,1845,1999,2347,2667,3026,3154,2533,1488,1077,885,997,473,0,0
2025,2025-05-29,Northbound,Heavy Vehicles,16,21,28,41,79,142,382,369,325,361,341,322,297,298,298,314,256,204,153,101,85,47,43,28,0,0
2025,2025-05-29,Southbound,Light Vehicles,158,107,78,128,274,930,2055,2686,2391,2203,1651,1445,1469,,1664,2199,2382,2460,1975,1178,940,734,509,272,0,0
2025,2025-05-29,Northbound,Light Vehicles,181,90,67,70,171,698,1976,1812,1881,1547,1325,1329,1495,1766,2176,2445,2743,2981,2059,1362,1216,942,789,481,0,0
2025,2025-05-29,Southbound,Heavy Vehicles,21,28,25,37,59,184,373,348,259,332,340,304,330,,277,322,290,266,138,102,86,51,49,39,0,0
2025,2025-05-29,Northbound,All Vehicles,197,111,95,111,250,840,2358,2181,2206,1908,1666,1651,1792,2064,2474,2759,2999,3185,2212,1463,1301,989,832,509,0,0
2025,2025-05-29,Southbound,All Vehicles,179,135,103,165,333,1114,2428,3034,2650,2535,1991,1749,1799,,1941,2521,2672,2726,2113,1280,1026,785,558,311,0,0
2025,2025-05-30,Southbound,Heavy Vehicles,30,33,32,41,70,189,357,340,259,327,320,283,358,291,323,296,315,266,180,100,63,44,33,32,0,0
2025,2025-05-30,Northbound,Light Vehicles,167,115,67,74,183,706,1826,1705,1761,1336,1295,1480,1687,1880,2385,2551,2634,2763,2295,1424,1136,1156,982,620,0,0
2025,2025-05-30,Southbound,Light Vehicles,175,115,87,119,276,881,1820,2471,2423,2098,1769,1611,1639,1666,1662,2160,2494,2465,2264,1311,996,898,689,414,0,0
2025,2025-05-30,Northbound,Heavy Vehicles,34,28,34,40,77,141,357,402,381,311,300,331,314,290,333,266,233,197,168,118,65,68,47,32,0,0
2025,2025-05-30,Southbound,All Vehicles,205,148,119,160,346,1070,2177,2811,2682,2425,2089,1894,1997,1957,1985,2456,2809,2731,2444,1411,1059,942,722,446,0,0
2025,2025-05-30,Northbound,All Vehicles,201,143,101,114,260,847,2183,2107,2142,1647,1595,1811,2001,2170,2718,2817,2867,2960,2463,1542,1201,1224,1029,652,0,0
2025,2025-05-31,Northbound,Light Vehicles,329,202,110,75,107,381,1004,1013,1277,1647,1737,1944,2015,2398,2716,2485,2655,2345,1856,1618,1218,1304,940,674,0,0
2025,2025-05-31,Northbound,Heavy Vehicles,18,15,11,21,32,50,175,180,176,162,158,140,161,147,180,150,120,117,87,74,58,35,35,33,0,0
2025,2025-05-31,Northbound,All Vehicles,347,217,121,96,139,431,1179,1193,1453,1809,1895,2084,2176,2545,2896,2635,2775,2462,1943,1692,1276,1339,975,707,0,0
2025,2025-06-01,Northbound,Heavy Vehicles,14,10,10,10,14,19,34,55,68,86,78,79,96,111,124,97,114,106,75,70,44,26,32,17,0,0
2025,2025-06-01,Northbound,Light Vehicles,410,222,144,95,100,161,367,570,771,1295,1583,1794,2179,2141,2438,2207,2458,2371,1534,1087,998,862,577,336,0,0
2025,2025-06-01,Southbound,Light Vehicles,148,185,101,101,125,224,518,738,1327,1949,2418,2349,2419,2118,1994,1942,1863,1642,1369,981,881,651,424,252,0,0
2025,2025-06-01,Southbound,Heavy Vehicles,7,7,9,5,20,13,40,47,65,75,88,117,121,101,90,100,95,87,79,50,42,34,38,24,0,0
2025,2025-06-01,Northbound,All Vehicles,424,232,154,105,114,180,401,625,839,1381,1661,1873,2275,2252,2562,2304,2572,2477,1609,1157,1042,888,609,353,0,0
2025,2025-06-01,Southbound,All Vehicles,155,192,110,106,145,237,558,785,1392,2024,2506,2466,2540,2219,2084,2042,1958,1729,1448,1031,923,685,462,276,0,0
2025,2025-06-02,Northbound,Heavy Vehicles,25,21,26,34,57,133,341,393,345,359,346,286,286,329,288,274,208,250,168,87,70,41,38,26,0,0
2025,2025-06-02,Northbound,Light Vehicles,196,118,67,64,190,712,1935,1784,1904,1382,1218,1297,1498,1653,2095,1952,2259,2926,2369,1256,1060,850,642,346,0,0
2025,2025-06-02,Southbound,Heavy Vehicles,30,19,27,27,55,167,366,318,264,319,278,325,324,271,292,278,246,228,140,70,59,50,33,27,0,0
2025,2025-06-02,Southbound,Light Vehicles,151,85,76,95,278,906,1935,2578,2293,2049,1498,1365,1360,1372,1537,1979,2198,2310,1678,1098,741,650,409,231,0,0
2025,2025-06-02,Northbound,All Vehicles,221,139,93,98,247,845,2276,2177,2249,1741,1564,1583,1784,1982,2383,2226,2467,3176,2537,1343,1130,891,680,372,0,0
2025,2025-06-02,Southbound,All Vehicles,181,104,103,122,333,1073,2301,2896,2557,2368,1776,1690,1684,1643,1829,2257,2444,2538,1818,1168,800,700,442,258,0,0
2025,2025-06-03,Northbound,Heavy Vehicles,24,26,21,43,65,155,338,365,350,367,322,310,295,305,307,243,244,200,199,101,90,53,44,27,0,0
2025,2025-06-03,Southbound,Heavy Vehicles,26,23,29,28,52,169,384,334,240,292,315,341,278,309,313,285,288,225,176,115,62,54,48,38,0,0
2025,2025-06-03,Southbound,Light Vehicles,115,80,76,110,286,917,2097,2623,2366,2127,1684,1394,1379,1527,1707,2052,2468,2580,1909,1204,894,651,498,211,0,0
2025,2025-06-03,Northbound,Light Vehicles,153,78,69,52,162,723,1908,1916,2015,1550,1294,1379,1482,1765,2051,2374,2799,2980,2553,1482,1081,914,763,373,0,0
2025,2025-06-03,Northbound,All Vehicles,177,104,90,95,227,878,2246,2281,2365,1917,1616,1689,1777,2070,2358,2617,3043,3180,2752,1583,1171,967,807,400,0,0
2025,2025-06-03,Southbound,All Vehicles,141,103,105,138,338,1086,2481,2957,2606,2419,1999,1735,1657,1836,2020,2337,2756,2805,2085,1319,956,705,546,249,0,0
2025,2025-06-04,Southbound,Light Vehicles,128,119,77,123,283,942,1984,2463,1983,2186,1803,1546,1407,1423,1580,2123,2366,2500,2155,1247,890,754,515,299,0,0
2025,2025-06-04,Southbound,Heavy Vehicles,30,25,28,47,66,186,369,297,244,350,343,321,309,292,290,292,276,221,133,84,69,38,42,35,0,0
2025,2025-06-04,Northbound,Light Vehicles,173,97,72,58,179,745,1885,1913,1898,1627,1340,1335,1387,1722,2171,2289,2801,2880,2244,1377,1118,907,766,983,0,0
2025,2025-06-04,Northbound,Heavy Vehicles,37,20,23,44,65,143,358,390,286,348,339,334,290,270,283,307,235,229,145,118,79,50,38,50,0,0
2025,2025-06-04,Southbound,All Vehicles,158,144,105,170,349,1128,2353,2760,2227,2536,2146,1867,1716,1715,1870,2415,2642,2721,2288,1331,959,792,557,334,0,0
2025,2025-06-04,Northbound,All Vehicles,210,117,95,102,244,888,2243,2303,2184,1975,1679,1669,1677,1992,2454,2596,3036,3109,2389,1495,1197,957,804,1033,0,0
2025,2025-06-05,Southbound,Light Vehicles,138,95,71,117,310,897,2018,2610,2403,2214,1702,1564,1522,1669,1715,2067,2448,2538,2239,1190,874,783,518,303,0,0
2025,2025-06-05,Northbound,Light Vehicles,183,88,81,77,175,742,1987,1901,2046,1758,1301,1407,1533,1796,2129,2385,2729,2933,2462,1529,1287,980,816,467,0,0
2025,2025-06-05,Southbound,Heavy Vehicles,15,30,22,35,61,147,404,345,263,344,315,325,326,319,313,312,324,243,204,99,77,62,43,34,0,0
2025,2025-06-05,Northbound,Heavy Vehicles,22,22,21,44,78,143,378,366,350,421,317,306,323,309,305,266,248,242,161,134,90,55,55,34,0,0
2025,2025-06-05,Southbound,All Vehicles,153,125,93,152,371,1044,2422,2955,2666,2558,2017,1889,1848,1988,2028,2379,2772,2781,2443,1289,951,845,561,337,0,0
2025,2025-06-05,Northbound,All Vehicles,205,110,102,121,253,885,2365,2267,2396,2179,1618,1713,1856,2105,2434,2651,2977,3175,2623,1663,1377,1035,871,501,0,0
2025,2025-06-06,Southbound,Light Vehicles,153,93,86,124,263,846,1817,2419,2142,2025,1815,1697,1600,1588,1895,2079,2328,2360,1884,1317,930,868,590,439,0,0
2025,2025-06-06,Southbound,Heavy Vehicles,31,26,32,37,53,148,326,320,243,301,295,260,308,305,290,266,271,224,136,91,73,67,30,32,0,0
2025,2025-06-06,Northbound,Light Vehicles,182,124,65,73,165,689,1764,1680,1706,1474,1382,1511,1786,1946,2382,2599,2775,2907,2206,1338,1178,1104,915,634,0,0
2025,2025-06-06,Northbound,Heavy Vehicles,22,19,28,32,60,150,372,344,346,301,347,282,326,297,302,294,250,201,144,93,59,67,39,21,0,0
2025,2025-06-06,Southbound,All Vehicles,184,119,118,161,316,994,2143,2739,2385,2326,2110,1957,1908,1893,2185,2345,2599,2584,2020,1408,1003,935,620,471,0,0
2025,2025-06-06,Northbound,All Vehicles,204,143,93,105,225,839,2136,2024,2052,1775,1729,1793,2112,2243,2684,2893,3025,3108,2350,1431,1237,1171,954,655,0,0
2025,2025-06-07,Northbound,Light Vehicles,353,216,119,98,117,332,891,919,1158,1583,1784,2005,2088,2183,2162,2156,2113,2165,1802,1195,1089,1215,1280,745,0,0
2025,2025-06-07,Southbound,Light Vehicles,237,151,103,133,191,428,831,1081,1502,2186,2200,2323,2345,2366,1950,2199,2278,2388,2032,1115,870,803,688,441,0,0
2025,2025-06-07,Northbound,Heavy Vehicles,21,17,19,12,31,52,148,162,140,160,144,154,138,148,141,131,97,110,88,52,47,56,38,26,0,0
2025,2025-06-07,Southbound,Heavy Vehicles,27,20,16,30,21,52,129,124,157,132,161,161,152,148,138,124,141,148,108,62,31,39,29,27,0,0
2025,2025-06-07,Northbound,All Vehicles,374,233,138,110,148,384,1039,1081,1298,1743,1928,2159,2226,2331,2303,2287,2210,2275,1890,1247,1136,1271,1318,771,0,0
2025,2025-06-07,Southbound,All Vehicles,264,171,119,163,212,480,960,1205,1659,2318,2361,2484,2497,2514,2088,2323,2419,2536,2140,1177,901,842,717,468,0,0
2025,2025-06-08,Northbound,Heavy Vehicles,17,15,10,11,12,19,30,50,69,77,72,88,98,82,90,93,85,98,61,44,32,38,26,15,0,0
2025,2025-06-08,Southbound,Light Vehicles,348,183,115,100,115,217,502,734,1076,1633,2020,2042,2008,1990,1962,2015,1920,1774,1445,962,861,695,561,363,0,0
2025,2025-06-08,Southbound,Heavy Vehicles,17,8,11,9,17,16,48,52,69,86,115,107,96,93,93,84,95,95,86,59,45,35,43,16,0,0
2025,2025-06-08,Northbound,Light Vehicles,542,268,140,100,87,178,395,515,751,1211,1533,1763,1829,1954,1892,2019,1984,2092,1448,1025,991,815,653,475,0,0
2025,2025-06-08,Northbound,All Vehicles,559,283,150,111,99,197,425,565,820,1288,1605,1851,1927,2036,1982,2112,2069,2190,1509,1069,1023,853,679,490,0,0
2025,2025-06-08,Southbound,All Vehicles,365,191,126,109,132,233,550,786,1145,1719,2135,2149,2104,2083,2055,2099,2015,1869,1531,1021,906,730,604,379,0,0
2025,2025-06-09,Southbound,Light Vehicles,167,107,82,67,81,166,310,349,436,755,1003,1117,1144,1212,1106,735,1008,1020,948,747,570,442,362,208,0,0
2025,2025-06-09,Southbound,Heavy Vehicles,18,11,8,8,16,25,38,43,49,60,66,68,71,72,71,49,62,53,50,49,36,33,25,21,0,0
2025,2025-06-09,Southbound,All Vehicles,185,118,90,75,97,191,348,392,485,815,1069,1185,1215,1284,1177,784,1070,1073,998,796,606,475,387,229,0,0
2025,2025-06-10,Northbound,Light Vehicles,174,66,63,54,149,674,1709,1838,1975,1672,1334,1435,1572,1753,2155,2395,2749,2903,2347,1343,1026,893,737,1019,0,0
2025,2025-06-10,Northbound,Heavy Vehicles,11,14,20,25,56,133,374,354,339,371,328,318,290,314,297,258,255,204,185,110,68,52,44,47,0,0
2025,2025-06-10,Southbound,Light Vehicles,119,86,62,88,268,894,2032,2575,2272,2155,1710,1538,1454,1554,1672,2151,2459,2331,2000,1249,,687,,,0,0
2025,2025-06-10,Southbound,Heavy Vehicles,21,29,19,34,54,162,368,330,262,320,298,318,327,304,310,286,293,260,179,99,,54,,,0,0
2025,2025-06-10,Northbound,All Vehicles,185,80,83,79,205,807,2083,2192,2314,2043,1662,1753,1862,2067,2452,2653,3004,3107,2532,1453,1094,945,781,1066,0,0
2025,2025-06-10,Southbound,All Vehicles,140,115,81,122,322,1056,2400,2905,2534,2475,2008,1856,1781,1858,1982,2437,2752,2591,2179,1348,,741,,,0,0
2025,2025-06-11,Southbound,Heavy Vehicles,23,22,29,38,52,191,358,352,286,316,375,314,,286,329,314,313,277,170,95,61,49,39,38,0,0
2025,2025-06-11,Northbound,Light Vehicles,191,93,70,78,181,740,1967,1880,2033,1587,1276,1376,1490,1766,2171,2303,2635,2810,2468,1485,1058,883,710,374,0,0
2025,2025-06-11,Northbound,Heavy Vehicles,25,15,25,34,63,125,360,368,325,401,354,338,304,278,329,270,258,221,184,120,80,53,37,23,0,0
2025,2025-06-11,Southbound,Light Vehicles,121,93,71,94,275,934,2028,2548,2402,2182,1728,1500,,1495,1626,2087,2427,2549,1960,1129,829,694,477,242,0,0
2025,2025-06-11,Southbound,All Vehicles,144,115,100,132,327,1125,2386,2900,2688,2498,2103,1814,,1781,1955,2401,2740,2826,2130,1224,890,743,516,280,0,0
2025,2025-06-11,Northbound,All Vehicles,216,108,95,112,244,865,2327,2248,2358,1988,1630,1714,1794,2044,2500,2573,2893,3031,2652,1605,1138,936,747,397,0,0
2025,2025-06-12,Northbound,Light Vehicles,151,73,73,69,186,738,1939,1842,1949,1541,1280,1412,1451,1792,2172,2298,2748,2899,2186,1346,1269,971,700,430,0,0
2025,2025-06-12,Southbound,Light Vehicles,157,93,84,118,273,905,1919,2589,2476,2195,1660,1561,1383,1505,1688,2191,2415,2575,,1241,856,722,510,248,0,0
2025,2025-06-12,Northbound,Heavy Vehicles,22,17,29,43,75,159,397,378,373,338,321,334,304,333,326,261,243,208,176,114,81,48,42,20,0,0
2025,2025-06-12,Southbound,Heavy Vehicles,22,24,29,42,45,188,378,350,275,317,330,318,331,329,311,325,310,242,,93,69,63,33,38,0,0
2025,2025-06-12,Northbound,All Vehicles,173,90,102,112,261,897,2336,2220,2322,1879,1601,1746,1755,2125,2498,2559,2991,3107,2362,1460,1350,1019,742,450,0,0
2025,2025-06-12,Southbound,All Vehicles,179,117,113,160,318,1093,2297,2939,2751,2512,1990,1879,1714,1834,1999,2516,2725,2817,,1334,925,785,543,286,0,0
2025,2025-06-13,Northbound,Light Vehicles,215,101,75,67,155,728,1957,1780,1732,1384,1348,1454,1691,1918,2303,2459,2726,2653,2270,1341,1134,1044,894,643,0,0
2025,2025-06-13,Southbound,Heavy Vehicles,31,23,38,29,57,168,377,355,282,341,341,326,331,279,330,330,316,236,180,85,73,46,30,21,0,0
2025,2025-06-13,Southbound,Light Vehicles,152,96,79,101,298,892,1822,2409,2414,2035,1837,1726,1690,1594,1713,2242,2461,2487,2066,1269,925,793,626,411,0,0
2025,2025-06-13,Northbound,Heavy Vehicles,16,15,20,36,65,132,365,406,353,337,320,342,310,323,294,309,241,215,186,102,57,58,31,33,0,0
2025,2025-06-13,Northbound,All Vehicles,231,116,95,103,220,860,2322,2186,2085,1721,1668,1796,2001,2241,2597,2768,2967,2868,2456,1443,1191,1102,925,676,0,0
2025,2025-06-13,Southbound,All Vehicles,183,119,117,130,355,1060,2199,2764,2696,2376,2178,2052,2021,1873,2043,2572,2777,2723,2246,1354,998,839,656,432,0,0
2025,2025-06-14,Northbound,Heavy Vehicles,23,16,14,21,27,57,167,182,174,146,166,161,166,153,132,169,142,125,78,56,67,52,29,34,0,0
2025,2025-06-14,Southbound,Heavy Vehicles,22,19,11,23,22,71,137,131,203,188,213,187,193,189,156,160,159,130,104,72,41,42,27,28,0,0
2025,2025-06-14,Southbound,Light Vehicles,227,159,123,102,156,453,830,1197,1579,2278,2335,2483,2514,2575,2458,2424,2222,2222,1802,1184,804,826,707,460,0,0
2025,2025-06-14,Northbound,Light Vehicles,324,190,121,91,101,413,1075,1025,1241,1556,1842,2008,2139,2153,2412,2312,2288,2245,1772,1218,1040,1064,953,1008,0,0
2025,2025-06-14,Northbound,All Vehicles,347,206,135,112,128,470,1242,1207,1415,1702,2008,2169,2305,2306,2544,2481,2430,2370,1850,1274,1107,1116,982,1042,0,0
2025,2025-06-14,Southbound,All Vehicles,249,178,134,125,178,524,967,1328,1782,2466,2548,2670,2707,2764,2614,2584,2381,2352,1906,1256,845,868,734,488,0,0
2025,2025-06-15,Northbound,Heavy Vehicles,20,14,16,10,17,14,38,62,77,76,84,108,114,120,87,96,100,108,95,87,48,41,26,15,0,0
2025,2025-06-15,Northbound,Light Vehicles,412,205,147,94,86,162,405,591,771,1208,1561,1847,1880,2119,2126,2094,2163,2262,1859,1350,1006,826,547,305,0,0
2025,2025-06-15,Southbound,Light Vehicles,269,169,107,86,123,245,533,726,1253,1922,2224,2194,2240,2400,2318,2156,1794,1657,1209,959,746,651,435,209,0,0
2025,2025-06-15,Southbound,Heavy Vehicles,18,11,9,12,14,27,51,59,95,103,139,131,122,121,117,103,104,89,73,64,38,41,32,21,0,0
2025,2025-06-15,Northbound,All Vehicles,432,219,163,104,103,176,443,653,848,1284,1645,1955,1994,2239,2213,2190,2263,2370,1954,1437,1054,867,573,320,0,0
2025,2025-06-15,Southbound,All Vehicles,287,180,116,98,137,272,584,785,1348,2025,2363,2325,2362,2521,2435,2259,1898,1746,1282,1023,784,692,467,230,0,0
2025,2025-06-16,Northbound,Heavy Vehicles,20,19,19,39,55,141,361,408,334,371,328,320,284,309,289,310,253,213,191,111,76,48,33,20,0,0
2025,2025-06-16,Southbound,Heavy Vehicles,26,19,22,33,60,178,341,280,241,298,316,309,314,267,315,277,274,278,144,84,66,40,41,26,0,0
2025,2025-06-16,Southbound,Light Vehicles,152,89,76,92,273,882,1966,1776,2132,2119,1598,1429,1406,1431,1559,2000,2256,2405,1702,1012,747,618,394,206,0,0
2025,2025-06-16,Northbound,Light Vehicles,142,89,53,68,167,732,1853,1806,1983,1521,1233,1362,1468,1690,2104,2289,2725,2894,2328,1264,1014,853,581,344,0,0
2025,2025-06-16,Northbound,All Vehicles,162,108,72,107,222,873,2214,2214,2317,1892,1561,1682,1752,1999,2393,2599,2978,3107,2519,1375,1090,901,614,364,0,0
2025,2025-06-16,Southbound,All Vehicles,178,108,98,125,333,1060,2307,2056,2373,2417,1914,1738,1720,1698,1874,2277,2530,2683,1846,1096,813,658,435,232,0,0
2025,2025-06-17,Southbound,Light Vehicles,116,79,78,83,273,925,1991,2553,2122,2291,1684,1518,1419,1438,1638,2151,2414,2576,1881,1137,837,658,446,212,0,0
2025,2025-06-17,Northbound,Heavy Vehicles,22,21,23,31,64,127,345,411,339,365,341,318,303,310,306,272,269,224,195,114,82,54,35,26,0,0
2025,2025-06-17,Southbound,Heavy Vehicles,28,20,19,40,51,174,371,315,248,362,323,311,351,320,303,311,345,232,189,103,71,57,48,40,0,0
2025,2025-06-17,Northbound,Light Vehicles,147,76,51,58,162,734,1867,1863,2039,1497,1285,1334,1514,1638,2114,2424,2791,2813,2359,1330,1033,873,676,340,0,0
2025,2025-06-17,Southbound,All Vehicles,144,99,97,123,324,1099,2362,2868,2370,2653,2007,1829,1770,1758,1941,2462,2759,2808,2070,1240,908,715,494,252,0,0
2025,2025-06-17,Northbound,All Vehicles,169,97,74,89,226,861,2212,2274,2378,1862,1626,1652,1817,1948,2420,2696,3060,3037,2554,1444,1115,927,711,366,0,0
2025,2025-06-18,Northbound,Light Vehicles,147,81,67,62,170,742,2007,1911,1901,1631,1269,1303,1536,1790,2102,2366,2585,2714,2443,1469,1021,884,875,417,0,0
2025,2025-06-18,Northbound,Heavy Vehicles,23,25,23,37,77,132,383,387,369,353,335,347,328,314,320,298,249,211,200,98,71,46,49,31,0,0
2025,2025-06-18,Southbound,Heavy Vehicles,22,28,30,43,53,168,381,353,288,352,339,371,314,338,351,326,339,251,187,98,72,49,49,47,0,0
2025,2025-06-18,Southbound,Light Vehicles,120,95,76,92,295,949,2074,2628,2365,2286,1679,1604,1439,1468,1673,2100,2457,2491,1998,1222,807,659,630,280,0,0
2025,2025-06-18,Northbound,All Vehicles,170,106,90,99,247,874,2390,2298,2270,1984,1604,1650,1864,2104,2422,2664,2834,2925,2643,1567,1092,930,924,448,0,0
2025,2025-06-18,Southbound,All Vehicles,142,123,106,135,348,1117,2455,2981,2653,2638,2018,1975,1753,1806,2024,2426,2796,2742,2185,1320,879,708,679,327,0,0
2025,2025-06-19,Southbound,Heavy Vehicles,36,23,31,34,51,169,376,334,300,332,323,324,334,298,343,341,331,291,183,105,69,58,58,40,0,0
2025,2025-06-19,Northbound,Heavy Vehicles,25,23,24,35,74,160,362,404,328,347,328,299,317,331,312,284,238,212,181,127,71,59,37,31,0,0
2025,2025-06-19,Northbound,Light Vehicles,169,87,68,73,156,750,1967,1742,1924,1521,1281,1344,1525,1691,2113,2389,2724,2792,2461,1439,1197,1041,769,451,0,0
2025,2025-06-19,Southbound,Light Vehicles,160,87,92,108,264,889,2000,2622,2344,2215,1723,1600,1449,1427,1646,2211,2458,2455,2145,1253,847,781,531,246,0,0
2025,2025-06-19,Southbound,All Vehicles,196,110,123,142,315,1058,2376,2956,2644,2547,2046,1924,1783,1725,1989,2552,2789,2746,2328,1358,916,839,589,286,0,0
2025,2025-06-19,Northbound,All Vehicles,194,110,92,108,230,910,2329,2146,2252,1868,1609,1643,1842,2022,2425,2673,2962,3004,2642,1566,1268,1100,806,482,0,0
2025,2025-06-20,Northbound,Light Vehicles,163,82,76,79,155,689,1909,1708,1770,1433,1312,1449,1742,1910,2273,2462,2584,2699,2376,1453,1256,1101,924,609,0,0
2025,2025-06-20,Northbound,Heavy Vehicles,33,29,30,35,58,134,353,398,346,334,330,356,290,303,302,265,228,243,186,100,88,51,42,30,0,0
2025,2025-06-20,Southbound,Heavy Vehicles,40,29,28,57,53,174,362,360,290,328,367,325,314,288,318,293,326,256,195,119,70,41,41,31,0,0
2025,2025-06-20,Southbound,Light Vehicles,180,112,83,112,265,841,1854,2486,2368,2153,1815,1690,1609,1704,1742,2195,2434,2380,2157,1501,917,860,685,387,0,0
2025,2025-06-20,Northbound,All Vehicles,196,111,106,114,213,823,2262,2106,2116,1767,1642,1805,2032,2213,2575,2727,2812,2942,2562,1553,1344,1152,966,639,0,0
2025,2025-06-20,Southbound,All Vehicles,220,141,111,169,318,1015,2216,2846,2658,2481,2182,2015,1923,1992,2060,2488,2760,2636,2352,1620,987,901,726,418,0,0
2025,2025-06-21,Southbound,Heavy Vehicles,29,14,21,23,25,73,124,123,174,173,166,137,168,175,174,168,164,163,128,50,40,35,37,28,0,0
2025,2025-06-21,Northbound,Heavy Vehicles,24,25,11,23,32,52,154,187,164,155,161,170,164,125,143,122,131,129,108,64,53,45,52,24,0,0
2025,2025-06-21,Northbound,Light Vehicles,376,193,126,95,130,404,1096,1084,1238,1681,1922,1985,2121,2057,2323,2356,2391,2396,2145,1377,1103,1316,1424,711,0,0
2025,2025-06-21,Southbound,Light Vehicles,253,145,112,128,171,457,859,1226,1659,2309,2278,722,784,1645,2529,2378,2399,2396,2172,1167,888,935,679,440,0,0
2025,2025-06-21,Southbound,All Vehicles,282,159,133,151,196,530,983,1349,1833,2482,2444,859,952,1820,2703,2546,2563,2559,2300,1217,928,970,716,468,0,0
2025,2025-06-21,Northbound,All Vehicles,400,218,137,118,162,456,1250,1271,1402,1836,2083,2155,2285,2182,2466,2478,2522,2525,2253,1441,1156,1361,1476,735,0,0
2025,2025-06-22,Southbound,Light Vehicles,270,138,124,122,120,234,551,774,1303,2097,2629,2207,1491,1838,2000,2115,1827,1620,1302,928,875,740,498,254,0,0
2025,2025-06-22,Northbound,Heavy Vehicles,15,11,17,17,10,16,36,65,67,81,72,82,74,87,129,98,110,100,99,63,50,43,39,23,0,0
2025,2025-06-22,Southbound,Heavy Vehicles,17,11,15,8,11,24,51,48,79,103,107,119,110,113,76,99,75,89,76,58,38,43,37,25,0,0
2025,2025-06-22,Northbound,Light Vehicles,391,209,142,91,68,170,384,540,854,1253,1722,1851,1991,2152,2455,2268,2772,2791,1891,1198,1112,969,597,348,0,0
2025,2025-06-22,Southbound,All Vehicles,287,149,139,130,131,258,602,822,1382,2200,2736,2326,1601,1951,2076,2214,1902,1709,1378,986,913,783,535,279,0,0
2025,2025-06-22,Northbound,All Vehicles,406,220,159,108,78,186,420,605,921,1334,1794,1933,2065,2239,2584,2366,2882,2891,1990,1261,1162,1012,636,371,0,0
2025,2025-06-23,Northbound,Heavy Vehicles,16,16,21,31,63,130,351,384,327,341,363,325,310,297,303,262,262,244,156,100,76,53,36,26,0,0
2025,2025-06-23,Southbound,Light Vehicles,154,97,76,100,265,898,1941,2518,2283,2084,1687,1570,1449,1478,1504,2133,2277,2362,1741,1125,790,603,444,194,0,0
2025,2025-06-23,Southbound,Heavy Vehicles,37,19,26,44,55,161,373,338,279,346,351,365,305,317,340,325,296,247,132,80,64,49,28,30,0,0
2025,2025-06-23,Northbound,Light Vehicles,184,90,61,68,170,736,1959,1721,1944,1486,1213,1327,1534,1785,2033,2269,2669,2997,2188,1216,1085,874,628,349,0,0
2025,2025-06-23,Northbound,All Vehicles,200,106,82,99,233,866,2310,2105,2271,1827,1576,1652,1844,2082,2336,2531,2931,3241,2344,1316,1161,927,664,375,0,0
2025,2025-06-23,Southbound,All Vehicles,191,116,102,144,320,1059,2314,2856,2562,2430,2038,1935,1754,1795,1844,2458,2573,2609,1873,1205,854,652,472,224,0,0
2025,2025-06-24,Northbound,Light Vehicles,141,86,70,67,157,727,1994,1807,2014,1512,1350,1378,1443,1691,2046,2303,2776,3011,2270,1357,1105,852,720,342,0,0
2025,2025-06-24,Southbound,Heavy Vehicles,24,18,19,31,54,181,396,336,303,336,319,331,311,303,302,304,283,239,135,103,67,43,35,41,0,0
2025,2025-06-24,Southbound,Light Vehicles,112,92,69,119,272,932,2116,2570,2179,2244,1712,1433,1392,1477,1565,2149,2211,2475,1795,1086,824,664,442,243,0,0
2025,2025-06-24,Northbound,Heavy Vehicles,16,12,29,28,73,134,383,358,334,372,297,313,294,287,337,248,259,231,182,116,67,56,36,30,0,0
2025,2025-06-24,Northbound,All Vehicles,157,98,99,95,230,861,2377,2165,2348,1884,1647,1691,1737,1978,2383,2551,3035,3242,2452,1473,1172,908,756,372,0,0
2025,2025-06-24,Southbound,All Vehicles,136,110,88,150,326,1113,2512,2906,2482,2580,2031,1764,1703,1780,1867,2453,2494,2714,1930,1189,891,707,477,284,0,0
2025,2025-06-25,Southbound,Heavy Vehicles,18,25,26,48,64,172,371,339,296,305,313,324,312,303,286,279,272,237,174,107,65,47,44,33,0,0
2025,2025-06-25,Northbound,Light Vehicles,156,73,77,69,174,751,2027,1842,1881,1570,1355,1423,1568,1681,2166,2334,2728,2902,2257,1474,1119,916,819,876,0,0
2025,2025-06-25,Southbound,Light Vehicles,131,102,93,97,276,908,1882,2575,2330,2218,1691,1539,1420,1512,1719,1999,2264,2423,2358,1517,849,772,605,372,0,0
2025,2025-06-25,Northbound,Heavy Vehicles,18,26,29,36,66,120,412,401,357,366,334,308,299,300,325,309,267,196,169,117,81,50,46,44,0,0
2025,2025-06-25,Southbound,All Vehicles,149,127,119,145,340,1080,2253,2914,2626,2523,2004,1863,1732,1815,2005,2278,2536,2660,2532,1624,914,819,649,405,0,0
2025,2025-06-25,Northbound,All Vehicles,174,99,106,105,240,871,2439,2243,2238,1936,1689,1731,1867,1981,2491,2643,2995,3098,2426,1591,1200,966,865,920,0,0
2025,2025-06-26,Northbound,Light Vehicles,206,103,75,69,171,737,1921,1798,1845,1456,1240,1270,1546,1697,2199,2441,2694,2791,2186,1483,1252,990,753,414,0,0
2025,2025-06-26,Southbound,Heavy Vehicles,32,31,8,43,61,177,356,285,270,327,301,308,310,291,257,288,250,219,165,112,56,67,38,42,0,0
2025,2025-06-26,Southbound,Light Vehicles,139,126,80,108,284,893,1889,2495,2343,2133,1700,1533,1377,1420,1553,1880,2202,2265,1916,1179,888,788,722,325,0,0
2025,2025-06-26,Northbound,Heavy Vehicles,31,11,23,33,81,134,370,381,328,335,297,311,304,345,295,267,247,226,186,109,82,68,43,24,0,0
2025,2025-06-26,Northbound,All Vehicles,237,114,98,102,252,871,2291,2179,2173,1791,1537,1581,1850,2042,2494,2708,2941,3017,2372,1592,1334,1058,796,438,0,0
2025,2025-06-26,Southbound,All Vehicles,171,157,88,151,345,1070,2245,2780,2613,2460,2001,1841,1687,1711,1810,2168,2452,2484,2081,1291,944,855,760,367,0,0
2025,2025-06-27,Northbound,Heavy Vehicles,25,24,23,26,64,127,353,351,346,326,322,328,323,341,282,290,235,199,154,106,87,60,44,27,0,0
2025,2025-06-27,Southbound,Heavy Vehicles,31,27,28,44,54,159,342,304,286,294,301,324,335,340,280,279,273,250,153,90,61,43,34,21,0,0
2025,2025-06-27,Southbound,Light Vehicles,195,115,68,103,299,852,1808,2276,2292,2119,1869,1698,1533,1627,1668,1988,2214,2367,1990,1353,924,831,682,393,0,0
2025,2025-06-27,Northbound,Light Vehicles,198,103,71,66,164,684,1892,1670,1696,1375,1336,1516,1723,1953,2292,2464,2685,2631,2075,1448,1161,1050,977,641,0,0
2025,2025-06-27,Northbound,All Vehicles,223,127,94,92,228,811,2245,2021,2042,1701,1658,1844,2046,2294,2574,2754,2920,2830,2229,1554,1248,1110,1021,668,0,0
2025,2025-06-27,Southbound,All Vehicles,226,142,96,147,353,1011,2150,2580,2578,2413,2170,2022,1868,1967,1948,2267,2487,2617,2143,1443,985,874,716,414,0,0
2025,2025-06-28,Southbound,Light Vehicles,290,168,118,131,191,444,818,1138,1562,2054,2291,2425,2435,2494,2249,2214,2193,2030,1683,1001,852,824,723,444,0,0
2025,2025-06-28,Northbound,Heavy Vehicles,14,12,13,20,20,55,170,205,154,164,163,146,144,125,125,141,101,113,104,65,54,42,36,25,0,0
2025,2025-06-28,Southbound,Heavy Vehicles,28,19,16,27,24,62,152,111,153,167,175,164,174,154,140,194,161,151,100,69,48,33,34,27,0,0
2025,2025-06-28,Northbound,Light Vehicles,369,193,118,83,97,404,1002,1049,1248,1594,1805,1913,2129,2301,2292,2385,2307,2416,1905,1190,1115,987,894,654,0,0
2025,2025-06-28,Southbound,All Vehicles,318,187,134,158,215,506,970,1249,1715,2221,2466,2589,2609,2648,2389,2408,2354,2181,1783,1070,900,857,757,471,0,0
2025,2025-06-28,Northbound,All Vehicles,383,205,131,103,117,459,1172,1254,1402,1758,1968,2059,2273,2426,2417,2526,2408,2529,2009,1255,1169,1029,930,679,0,0
2025,2025-06-29,Southbound,Heavy Vehicles,15,9,10,8,19,22,38,54,86,101,112,113,125,111,109,111,77,100,80,66,52,46,27,22,0,0
2025,2025-06-29,Southbound,Light Vehicles,304,164,115,105,125,252,497,823,1268,1780,2163,2144,2175,2186,2064,2035,1783,1667,1328,924,756,682,463,253,0,0
2025,2025-06-29,Northbound,Light Vehicles,390,219,117,96,97,188,393,660,757,1216,1544,1763,1973,1994,2222,2224,2234,2240,1629,1082,1038,978,625,354,0,0
2025,2025-06-29,Northbound,Heavy Vehicles,14,14,13,14,11,15,33,62,78,70,82,99,85,103,82,109,107,118,93,69,44,49,36,24,0,0
2025,2025-06-29,Southbound,All Vehicles,319,173,125,113,144,274,535,877,1354,1881,2275,2257,2300,2297,2173,2146,1860,1767,1408,990,808,728,490,275,0,0
2025,2025-06-29,Northbound,All Vehicles,404,233,130,110,108,203,426,722,835,1286,1626,1862,2058,2097,2304,2333,2341,2358,1722,1151,1082,1027,661,378,0,0
2025,2025-06-30,Northbound,Heavy Vehicles,22,10,24,19,57,133,375,394,315,368,309,317,273,300,307,268,256,224,154,101,80,69,29,28,0,0
2025,2025-06-30,Southbound,Light Vehicles,138,93,84,97,283,844,1893,2603,2468,2007,1699,1582,1416,1560,1621,2046,2113,2280,1700,1088,746,662,396,192,0,0
2025,2025-06-30,Southbound,Heavy Vehicles,24,29,19,37,57,163,369,326,296,310,316,290,284,310,279,267,255,213,130,68,74,48,35,26,0,0
2025,2025-06-30,Northbound,Light Vehicles,160,100,67,69,169,666,1841,1709,1899,1372,1268,1371,1444,1765,2122,2410,2762,2828,2203,1321,1080,857,681,326,0,0
2025,2025-06-30,Northbound,All Vehicles,182,110,91,88,226,799,2216,2103,2214,1740,1577,1688,1717,2065,2429,2678,3018,3052,2357,1422,1160,926,710,354,0,0
2025,2025-06-30,Southbound,All Vehicles,162,122,103,134,340,1007,2262,2929,2764,2317,2015,1872,1700,1870,1900,2313,2368,2493,1830,1156,820,710,431,218,0,0
2025,2025-07-01,Northbound,Heavy Vehicles,23,29,21,31,48,101,254,275,254,312,266,241,258,224,210,238,212,175,117,57,54,33,29,13,0,0
2025,2025-07-01,Northbound,Light Vehicles,180,81,61,71,172,659,1630,1582,1669,1345,1183,1303,1383,1468,1882,2139,2405,2570,1755,1022,816,708,569,262,0,0
2025,2025-07-01,Northbound,All Vehicles,203,110,82,102,220,760,1884,1857,1923,1657,1449,1544,1641,1692,2092,2377,2617,2745,1872,1079,870,741,598,275,0,0
2025,2025-07-03,Northbound,Light Vehicles,167,96,72,53,167,676,1869,1688,1788,1515,1336,1381,1619,1764,2170,2293,2720,2815,2372,1494,1284,958,1180,495,0,0
2025,2025-07-03,Northbound,Heavy Vehicles,16,13,28,31,62,130,326,333,328,378,308,318,290,293,287,278,260,216,158,110,82,59,45,34,0,0
2025,2025-07-03,Southbound,Light Vehicles,135,98,76,113,271,860,1786,2631,2578,2190,1818,1584,1536,1576,1631,2106,2413,2517,2018,1232,815,788,587,292,0,0
2025,2025-07-03,Southbound,Heavy Vehicles,18,17,18,31,54,167,341,321,297,325,325,316,305,335,281,259,281,213,151,70,68,62,45,28,0,0
2025,2025-07-03,Northbound,All Vehicles,183,109,100,84,229,806,2195,2021,2116,1893,1644,1699,1909,2057,2457,2571,2980,3031,2530,1604,1366,1017,1225,529,0,0
2025,2025-07-03,Southbound,All Vehicles,153,115,94,144,325,1027,2127,2952,2875,2515,2143,1900,1841,1911,1912,2365,2694,2730,2169,1302,883,850,632,320,0,0
2025,2025-07-04,Northbound,Light Vehicles,180,102,87,61,183,668,1885,1616,1705,1382,1350,1537,1797,1898,2281,2379,2594,2683,2207,1549,1273,1117,1562,729,0,0
2025,2025-07-04,Southbound,Heavy Vehicles,30,32,40,45,54,153,347,348,273,305,340,317,312,278,329,267,298,253,183,97,80,57,34,27,0,0
2025,2025-07-04,Northbound,Heavy Vehicles,23,19,37,29,61,135,357,380,378,322,305,295,316,281,271,276,240,222,153,116,84,63,78,30,0,0
2025,2025-07-04,Southbound,Light Vehicles,183,120,105,121,271,847,1788,2374,2320,2186,2190,1739,1689,1716,1832,2219,2415,2390,2152,1428,904,837,711,417,0,0
2025,2025-07-04,Northbound,All Vehicles,203,121,124,90,244,803,2242,1996,2083,1704,1655,1832,2113,2179,2552,2655,2834,2905,2360,1665,1357,1180,1640,759,0,0
2025,2025-07-04,Southbound,All Vehicles,213,152,145,166,325,1000,2135,2722,2593,2491,2530,2056,2001,1994,2161,2486,2713,2643,2335,1525,984,894,745,444,0,0
2025,2025-07-05,Northbound,Heavy Vehicles,26,17,16,20,28,55,167,187,177,151,157,144,161,144,124,132,126,131,77,63,62,56,34,30,0,0
2025,2025-07-05,Southbound,Heavy Vehicles,24,17,21,18,28,47,124,123,146,175,189,187,173,151,140,144,123,137,110,66,54,45,35,20,0,0
2025,2025-07-05,Northbound,Light Vehicles,347,187,141,86,117,394,1073,1022,1164,1467,1764,1938,1986,2148,2167,2143,2320,2392,1860,1556,1120,1203,901,644,0,0
2025,2025-07-05,Southbound,Light Vehicles,267,146,112,113,181,423,788,1060,1460,1976,2372,2507,2362,2379,2397,2483,2392,2107,1562,1079,805,877,690,420,0,0
2025,2025-07-05,Northbound,All Vehicles,373,204,157,106,145,449,1240,1209,1341,1618,1921,2082,2147,2292,2291,2275,2446,2523,1937,1619,1182,1259,935,674,0,0
2025,2025-07-05,Southbound,All Vehicles,291,163,133,131,209,470,912,1183,1606,2151,2561,2694,2535,2530,2537,2627,2515,2244,1672,1145,859,922,725,440,0,0
2025,2025-07-06,Northbound,Heavy Vehicles,15,15,13,15,14,17,29,56,68,68,94,88,102,102,112,88,90,100,79,59,50,36,27,18,0,0
2025,2025-07-06,Southbound,Light Vehicles,272,181,111,118,118,237,547,828,1239,1718,2253,2159,2179,2141,2013,2013,1916,1714,1384,851,731,633,402,240,0,0
2025,2025-07-06,Northbound,Light Vehicles,401,219,122,106,95,193,414,523,871,1268,1610,1814,1951,1971,2139,2084,2099,1974,1477,1051,1020,890,646,307,0,0
2025,2025-07-06,Southbound,Heavy Vehicles,20,9,10,10,11,17,51,53,77,96,109,102,111,126,121,107,79,98,56,63,46,36,34,26,0,0
2025,2025-07-06,Northbound,All Vehicles,416,234,135,121,109,210,443,579,939,1336,1704,1902,2053,2073,2251,2172,2189,2074,1556,1110,1070,926,673,325,0,0
2025,2025-07-06,Southbound,All Vehicles,292,190,121,128,129,254,598,881,1316,1814,2362,2261,2290,2267,2134,2120,1995,1812,1440,914,777,669,436,266,0,0
2025,2025-07-07,Northbound,Light Vehicles,180,99,75,58,160,705,1805,1594,1673,1422,1326,1343,1499,1727,1968,2269,2710,2864,1992,1209,1101,873,611,329,0,0
2025,2025-07-07,Southbound,Light Vehicles,168,93,73,85,261,893,1836,2425,2465,1988,1744,1604,1571,1677,1587,2019,2194,2281,1608,1014,702,602,445,201,0,0
2025,2025-07-07,Southbound,Heavy Vehicles,25,27,25,26,58,175,319,345,277,314,312,342,323,330,287,284,271,204,122,77,67,53,38,26,0,0
2025,2025-07-07,Northbound,Heavy Vehicles,19,20,22,25,54,141,361,403,344,377,310,271,333,297,299,284,258,198,159,102,81,36,39,30,0,0
2025,2025-07-07,Northbound,All Vehicles,199,119,97,83,214,846,2166,1997,2017,1799,1636,1614,1832,2024,2267,2553,2968,3062,2151,1311,1182,909,650,359,0,0
2025,2025-07-07,Southbound,All Vehicles,193,120,98,111,319,1068,2155,2770,2742,2302,2056,1946,1894,2007,1874,2303,2465,2485,1730,1091,769,655,483,227,0,0
2025,2025-07-08,Southbound,Light Vehicles,133,90,61,102,267,895,1954,2532,2524,2050,1756,1568,1445,1576,1642,2076,2299,2384,1879,1120,804,659,481,255,0,0
2025,2025-07-08,Southbound,Heavy Vehicles,24,19,25,31,58,162,374,334,280,301,321,344,294,288,286,305,276,229,157,89,64,63,36,32,0,0
2025,2025-07-08,Northbound,Heavy Vehicles,25,16,22,38,60,141,370,397,333,317,329,310,317,264,276,286,250,223,171,95,81,52,39,32,0,0
2025,2025-07-08,Northbound,Light Vehicles,165,82,72,69,150,722,1799,1611,1736,1511,1290,1373,1565,1685,1967,2337,2710,2925,2342,1241,1050,942,767,399,0,0
2025,2025-07-08,Southbound,All Vehicles,157,109,86,133,325,1057,2328,2866,2804,2351,2077,1912,1739,1864,1928,2381,2575,2613,2036,1209,868,722,517,287,0,0
2025,2025-07-08,Northbound,All Vehicles,190,98,94,107,210,863,2169,2008,2069,1828,1619,1683,1882,1949,2243,2623,2960,3148,2513,1336,1131,994,806,431,0,0
2025,2025-07-09,Northbound,Light Vehicles,187,84,76,63,143,710,1778,1741,1765,1548,1375,1494,1571,1755,1985,2391,2802,2784,2321,1580,999,1036,1940,1094,0,0
2025,2025-07-09,Southbound,Heavy Vehicles,19,20,24,44,47,99,211,207,190,196,217,210,166,193,183,195,129,81,77,81,47,40,41,33,0,0
2025,2025-07-09,Southbound,Light Vehicles,94,94,48,74,190,515,993,1203,1141,1127,1057,986,969,994,1096,1188,1103,800,600,545,518,528,524,340,0,0
2025,2025-07-09,Northbound,Heavy Vehicles,25,28,26,36,72,136,347,423,380,341,305,308,276,290,260,287,238,220,159,126,73,57,185,82,0,0
2025,2025-07-09,Northbound,All Vehicles,212,112,102,99,215,846,2125,2164,2145,1889,1680,1802,1847,2045,2245,2678,3040,3004,2480,1706,1072,1093,2125,1176,0,0
2025,2025-07-09,Southbound,All Vehicles,113,114,72,118,237,614,1204,1410,1331,1323,1274,1196,1135,1187,1279,1383,1232,881,677,626,565,568,565,373,0,0
2025,2025-07-10,Northbound,Light Vehicles,288,147,82,63,159,678,1932,1572,1701,1521,1386,1407,1678,1911,2056,2312,2703,2878,2417,1389,1203,1028,803,416,0,0
2025,2025-07-10,Northbound,Heavy Vehicles,40,27,19,35,65,146,351,389,340,345,291,305,300,307,284,299,262,224,171,110,90,50,41,26,0,0
2025,2025-07-10,Southbound,Heavy Vehicles,25,25,21,27,49,151,342,358,292,300,314,315,274,295,296,344,288,212,144,86,82,61,50,34,0,0
2025,2025-07-10,Southbound,Light Vehicles,187,128,97,111,271,866,1749,2370,2486,2067,1916,1699,1576,1693,1915,2197,2135,2293,1923,1156,858,700,461,282,0,0
2025,2025-07-10,Northbound,All Vehicles,328,174,101,98,224,824,2283,1961,2041,1866,1677,1712,1978,2218,2340,2611,2965,3102,2588,1499,1293,1078,844,442,0,0
2025,2025-07-10,Southbound,All Vehicles,212,153,118,138,320,1017,2091,2728,2778,2367,2230,2014,1850,1988,2211,2541,2423,2505,2067,1242,940,761,511,316,0,0
2025,2025-07-11,Southbound,Heavy Vehicles,32,27,30,36,57,170,309,318,311,296,377,320,322,303,303,284,293,229,151,84,63,67,34,31,0,0
2025,2025-07-11,Southbound,Light Vehicles,175,110,81,107,251,819,1628,2091,2239,2200,2071,1724,1747,1770,2026,2082,2370,2416,2063,1157,932,804,632,402,0,0
2025,2025-07-11,Northbound,Heavy Vehicles,27,21,28,31,68,119,356,382,371,350,313,336,310,276,314,280,205,183,181,122,74,56,35,22,0,0
2025,2025-07-11,Northbound,Light Vehicles,186,91,84,83,162,665,1804,1501,1519,1348,1361,1521,1736,2068,2399,2433,2618,2784,2104,1458,1145,1248,889,597,0,0
2025,2025-07-11,Southbound,All Vehicles,207,137,111,143,308,989,1937,2409,2550,2496,2448,2044,2069,2073,2329,2366,2663,2645,2214,1241,995,871,666,433,0,0
2025,2025-07-11,Northbound,All Vehicles,213,112,112,114,230,784,2160,1883,1890,1698,1674,1857,2046,2344,2713,2713,2823,2967,2285,1580,1219,1304,924,619,0,0
2025,2025-07-12,Southbound,Light Vehicles,225,167,118,112,166,428,799,1068,1511,2171,2294,2353,2489,2409,2320,2479,2197,2177,1831,1238,855,845,677,437,0,0
2025,2025-07-12,Northbound,Light Vehicles,355,168,118,77,121,379,1131,972,1139,1357,1790,1890,2107,2169,2337,2212,2362,2129,1848,1781,1486,1118,899,837,0,0
2025,2025-07-12,Northbound,Heavy Vehicles,19,13,15,22,35,51,172,213,176,152,136,146,144,141,132,110,114,111,92,78,64,40,32,19,0,0
2025,2025-07-12,Southbound,Heavy Vehicles,20,16,9,19,23,53,110,151,145,167,177,185,160,194,163,146,129,116,90,63,48,42,29,35,0,0
2025,2025-07-12,Southbound,All Vehicles,245,183,127,131,189,481,909,1219,1656,2338,2471,2538,2649,2603,2483,2625,2326,2293,1921,1301,903,887,706,472,0,0
2025,2025-07-12,Northbound,All Vehicles,374,181,133,99,156,430,1303,1185,1315,1509,1926,2036,2251,2310,2469,2322,2476,2240,1940,1859,1550,1158,931,856,0,0
2025,2025-07-13,Northbound,Heavy Vehicles,14,16,13,14,9,23,42,66,61,61,88,94,86,85,110,96,101,88,79,67,57,45,24,20,0,0
2025,2025-07-13,Southbound,Light Vehicles,305,169,131,100,112,249,516,710,1140,1844,2091,2024,2064,2101,1884,2071,1915,1788,1386,970,815,699,438,240,0,0
2025,2025-07-13,Southbound,Heavy Vehicles,15,13,9,12,13,26,41,48,75,95,101,105,99,111,92,94,90,86,88,77,51,43,34,20,0,0
2025,2025-07-13,Northbound,Light Vehicles,394,216,143,104,89,174,417,492,714,1180,1526,1693,1986,1914,2022,2051,2279,2009,1371,1042,1214,871,545,373,0,0
2025,2025-07-13,Northbound,All Vehicles,408,232,156,118,98,197,459,558,775,1241,1614,1787,2072,1999,2132,2147,2380,2097,1450,1109,1271,916,569,393,0,0
2025,2025-07-13,Southbound,All Vehicles,320,182,140,112,125,275,557,758,1215,1939,2192,2129,2163,2212,1976,2165,2005,1874,1474,1047,866,742,472,260,0,0
2025,2025-07-14,Southbound,Heavy Vehicles,33,24,29,28,54,140,330,350,290,275,329,290,267,273,296,317,284,217,152,85,60,41,45,19,0,0
2025,2025-07-14,Northbound,Heavy Vehicles,18,16,23,18,63,129,340,416,310,327,317,318,298,296,287,281,247,209,177,94,87,55,30,31,0,0
2025,2025-07-14,Southbound,Light Vehicles,149,102,74,75,245,855,1739,2461,2475,1907,1762,1635,1465,1510,1692,2027,2118,2401,1791,1042,728,608,422,206,0,0
2025,2025-07-14,Northbound,Light Vehicles,178,93,54,63,186,690,1774,1597,1655,1462,1347,1383,1564,1717,1841,2296,2753,2838,2193,1240,993,874,659,361,0,0
2025,2025-07-14,Southbound,All Vehicles,182,126,103,103,299,995,2069,2811,2765,2182,2091,1925,1732,1783,1988,2344,2402,2618,1943,1127,788,649,467,225,0,0
2025,2025-07-14,Northbound,All Vehicles,196,109,77,81,249,819,2114,2013,1965,1789,1664,1701,1862,2013,2128,2577,3000,3047,2370,1334,1080,929,689,392,0,0
2025,2025-07-15,Southbound,Light Vehicles,116,100,82,96,245,888,1860,2544,2508,1974,1726,1633,1495,1493,1681,2133,2283,2523,1819,1087,813,625,461,258,0,0
2025,2025-07-15,Southbound,Heavy Vehicles,23,28,19,33,45,165,368,342,269,298,314,300,285,288,312,364,284,219,133,81,62,50,32,37,0,0
2025,2025-07-15,Northbound,Light Vehicles,148,92,63,57,176,721,1744,1605,1784,1458,1342,1345,1587,1717,2001,2227,2726,2857,2209,1241,1023,949,772,376,0,0
2025,2025-07-15,Northbound,Heavy Vehicles,22,14,17,26,60,124,339,375,379,304,304,299,291,309,284,286,260,211,167,118,73,43,30,22,0,0
2025,2025-07-15,Southbound,All Vehicles,139,128,101,129,290,1053,2228,2886,2777,2272,2040,1933,1780,1781,1993,2497,2567,2742,1952,1168,875,675,493,295,0,0
2025,2025-07-15,Northbound,All Vehicles,170,106,80,83,236,845,2083,1980,2163,1762,1646,1644,1878,2026,2285,2513,2986,3068,2376,1359,1096,992,802,398,0,0
2025,2025-07-16,Northbound,Light Vehicles,175,89,84,83,163,685,1868,1631,1852,1531,1321,1426,1589,1724,2006,2413,2659,2653,2348,1375,1127,961,854,660,0,0
2025,2025-07-16,Southbound,Light Vehicles,25,21,18,18,69,353,852,1228,1417,976,795,661,683,665,754,1000,1132,1263,985,442,339,238,141,77,0,0
2025,2025-07-16,Northbound,Heavy Vehicles,24,22,29,25,77,148,390,404,362,390,322,288,307,270,307,298,243,223,180,108,70,43,49,40,0,0
2025,2025-07-16,Southbound,Heavy Vehicles,4,5,3,5,17,53,159,153,114,123,117,131,108,124,139,143,146,130,82,22,28,11,11,6,0,0
2025,2025-07-16,Northbound,All Vehicles,199,111,113,108,240,833,2258,2035,2214,1921,1643,1714,1896,1994,2313,2711,2902,2876,2528,1483,1197,1004,903,700,0,0
2025,2025-07-16,Southbound,All Vehicles,29,26,21,23,86,406,1011,1381,1531,1099,912,792,791,789,893,1143,1278,1393,1067,464,367,249,152,83,0,0
2025,2025-07-17,Southbound,Heavy Vehicles,25,18,14,28,69,141,337,359,295,326,329,333,315,336,301,311,319,228,164,85,81,65,33,38,0,0
2025,2025-07-17,Northbound,Heavy Vehicles,27,23,23,40,74,143,371,389,356,363,292,295,304,310,311,286,268,168,200,108,92,47,36,30,0,0
2025,2025-07-17,Southbound,Light Vehicles,148,97,89,99,261,846,1742,2433,2549,2044,1768,1702,1479,1594,1783,2074,2449,2493,1981,1183,869,743,487,247,0,0
2025,2025-07-17,Northbound,Light Vehicles,212,102,75,58,152,673,1815,1581,1682,1401,1337,1400,1535,1760,2080,2461,2662,2768,2089,1391,1194,1044,814,496,0,0
2025,2025-07-17,Southbound,All Vehicles,173,115,103,127,330,987,2079,2792,2844,2370,2097,2035,1794,1930,2084,2385,2768,2721,2145,1268,950,808,520,285,0,0
2025,2025-07-17,Northbound,All Vehicles,239,125,98,98,226,816,2186,1970,2038,1764,1629,1695,1839,2070,2391,2747,2930,2936,2289,1499,1286,1091,850,526,0,0
2025,2025-07-18,Southbound,Light Vehicles,185,98,87,115,238,815,1594,2137,2252,2057,1904,1803,1807,1744,1805,2104,2227,2387,1925,1260,893,796,741,431,0,0
2025,2025-07-18,Southbound,Heavy Vehicles,27,29,28,32,54,147,308,346,321,288,324,331,303,294,312,297,260,223,134,82,65,54,45,21,0,0
2025,2025-07-18,Northbound,Light Vehicles,175,108,80,74,151,643,1757,1461,1505,1414,1465,1529,1705,1758,2009,2368,2701,2736,2019,1398,1169,1049,1000,656,0,0
2025,2025-07-18,Northbound,Heavy Vehicles,18,18,32,28,60,151,335,379,366,330,317,288,298,292,236,268,238,193,146,92,60,42,42,28,0,0
2025,2025-07-18,Southbound,All Vehicles,212,127,115,147,292,962,1902,2483,2573,2345,2228,2134,2110,2038,2117,2401,2487,2610,2059,1342,958,850,786,452,0,0
2025,2025-07-18,Northbound,All Vehicles,193,126,112,102,211,794,2092,1840,1871,1744,1782,1817,2003,2050,2245,2636,2939,2929,2165,1490,1229,1091,1042,684,0,0
2025,2025-07-19,Northbound,Heavy Vehicles,19,15,20,21,23,51,147,176,173,136,164,141,142,143,127,107,143,119,92,78,70,46,42,22,0,0
2025,2025-07-19,Southbound,Light Vehicles,216,138,129,127,163,420,796,1018,1287,2082,2427,2565,2347,2462,2327,2387,2566,2254,1633,1198,892,811,703,472,0,0
2025,2025-07-19,Northbound,Light Vehicles,324,179,116,88,120,374,1031,987,1127,1458,1722,1950,2052,2085,2120,2136,2072,2366,1876,1343,1494,1089,905,673,0,0
2025,2025-07-19,Southbound,Heavy Vehicles,28,12,16,24,22,51,119,113,143,168,152,192,147,156,167,173,147,154,98,62,48,26,32,28,0,0
2025,2025-07-19,Northbound,All Vehicles,343,194,136,109,143,425,1178,1163,1300,1594,1886,2091,2194,2228,2247,2243,2215,2485,1968,1421,1564,1135,947,695,0,0
2025,2025-07-19,Southbound,All Vehicles,244,150,145,151,185,471,915,1131,1430,2250,2579,2757,2494,2618,2494,2560,2713,2408,1731,1260,940,837,735,500,0,0
2025,2025-07-20,Northbound,Heavy Vehicles,17,14,13,12,9,21,41,68,68,67,80,90,106,90,90,91,101,97,97,69,51,39,25,21,0,0
2025,2025-07-20,Southbound,Light Vehicles,386,198,133,102,114,254,499,752,1109,1771,2076,2058,2177,2021,2043,1976,1830,1746,1199,924,815,733,427,231,0,0
2025,2025-07-20,Northbound,Light Vehicles,574,238,142,99,98,172,407,516,807,1249,1479,1810,1940,1989,2087,1945,2156,2008,1451,1109,1005,889,598,343,0,0
2025,2025-07-20,Southbound,Heavy Vehicles,20,11,8,5,9,18,31,51,62,98,101,106,105,86,88,111,74,91,70,58,42,44,30,30,0,0
2025,2025-07-20,Northbound,All Vehicles,591,252,155,111,107,193,448,584,875,1316,1559,1900,2046,2079,2177,2036,2257,2105,1548,1178,1056,928,623,364,0,0
2025,2025-07-20,Southbound,All Vehicles,406,209,141,107,123,272,530,803,1171,1869,2177,2164,2282,2107,2131,2087,1904,1837,1269,982,857,777,457,261,0,0
2025,2025-07-21,Northbound,Heavy Vehicles,17,14,20,28,46,139,352,405,359,367,345,282,292,258,299,257,241,213,140,102,77,47,30,35,0,0
2025,2025-07-21,Southbound,Light Vehicles,151,94,60,92,250,883,1838,2517,2495,1850,1617,1507,1462,1532,1583,2014,2240,2364,1663,1095,831,654,404,217,0,0
2025,2025-07-21,Southbound,Heavy Vehicles,22,21,22,32,50,138,348,349,273,275,323,289,305,308,288,272,237,233,115,83,64,45,39,34,0,0
2025,2025-07-21,Northbound,Light Vehicles,170,87,58,71,177,681,1840,1723,1792,1335,1213,1290,1543,1637,1904,2309,2805,2755,1992,1226,1170,884,624,324,0,0
2025,2025-07-21,Northbound,All Vehicles,187,101,78,99,223,820,2192,2128,2151,1702,1558,1572,1835,1895,2203,2566,3046,2968,2132,1328,1247,931,654,359,0,0
2025,2025-07-21,Southbound,All Vehicles,173,115,82,124,300,1021,2186,2866,2768,2125,1940,1796,1767,1840,1871,2286,2477,2597,1778,1178,895,699,443,251,0,0
2025,2025-07-22,Northbound,Heavy Vehicles,21,22,23,38,60,131,370,400,357,340,326,273,313,293,295,291,262,220,167,76,73,53,40,26,0,0
2025,2025-07-22,Southbound,Light Vehicles,130,92,80,103,255,891,1891,2565,2300,2347,1679,1392,1364,1422,1614,2154,2480,2377,1797,1129,817,656,460,228,0,0
2025,2025-07-22,Southbound,Heavy Vehicles,21,22,21,25,48,175,333,293,239,330,340,311,293,290,301,320,278,205,129,88,56,59,39,32,0,0
2025,2025-07-22,Northbound,Light Vehicles,116,88,65,66,151,682,1876,1842,1946,1462,1306,1300,1497,1672,2002,2263,2849,2935,2230,1316,1076,853,676,356,0,0
2025,2025-07-22,Northbound,All Vehicles,137,110,88,104,211,813,2246,2242,2303,1802,1632,1573,1810,1965,2297,2554,3111,3155,2397,1392,1149,906,716,382,0,0
2025,2025-07-22,Southbound,All Vehicles,151,114,101,128,303,1066,2224,2858,2539,2677,2019,1703,1657,1712,1915,2474,2758,2582,1926,1217,873,715,499,260,0,0
2025,2025-07-23,Northbound,Light Vehicles,144,74,61,72,161,694,1889,1849,1888,1532,1234,1326,1576,1841,2132,2313,2713,2838,2263,1329,1159,879,829,417,0,0
2025,2025-07-23,Southbound,Light Vehicles,130,86,81,96,269,899,1929,2640,2180,2235,1414,1703,1469,1510,1621,2134,2469,2167,1794,1157,869,751,463,291,0,0
2025,2025-07-23,Southbound,Heavy Vehicles,31,26,27,38,56,204,367,362,260,328,319,352,331,299,290,300,317,191,152,84,63,46,39,21,0,0
2025,2025-07-23,Northbound,Heavy Vehicles,20,27,26,28,67,126,328,386,320,330,291,327,305,305,274,246,263,197,183,92,73,45,40,20,0,0
2025,2025-07-23,Northbound,All Vehicles,164,101,87,100,228,820,2217,2235,2208,1862,1525,1653,1881,2146,2406,2559,2976,3035,2446,1421,1232,924,869,437,0,0
2025,2025-07-23,Southbound,All Vehicles,161,112,108,134,325,1103,2296,3002,2440,2563,1733,2055,1800,1809,1911,2434,2786,2358,1946,1241,932,797,502,312,0,0
2025,2025-07-24,Southbound,Heavy Vehicles,18,30,17,35,48,181,356,318,257,310,322,292,304,301,326,293,312,240,170,84,70,55,35,30,0,0
2025,2025-07-24,Northbound,Heavy Vehicles,19,21,21,39,77,158,353,411,370,331,327,295,306,289,270,253,263,223,192,98,96,59,35,22,0,0
2025,2025-07-24,Northbound,Light Vehicles,185,91,60,77,158,681,1925,1760,1912,1578,1267,1340,1552,1799,2153,2315,2734,2794,2334,1433,1224,1028,884,445,0,0
2025,2025-07-24,Southbound,Light Vehicles,138,102,79,117,267,859,1893,2549,2191,2246,1714,1555,1482,1544,1606,2205,2483,2451,2048,1286,888,751,478,286,0,0
2025,2025-07-24,Southbound,All Vehicles,156,132,96,152,315,1040,2249,2867,2448,2556,2036,1847,1786,1845,1932,2498,2795,2691,2218,1370,958,806,513,316,0,0
2025,2025-07-24,Northbound,All Vehicles,204,112,81,116,235,839,2278,2171,2282,1909,1594,1635,1858,2088,2423,2568,2997,3017,2526,1531,1320,1087,919,467,0,0
2025,2025-07-25,Northbound,Light Vehicles,193,97,73,57,171,662,1928,1722,1770,1392,1299,1460,1664,1859,2308,2352,2618,2848,2006,1428,1215,1067,1217,1138,0,0
2025,2025-07-25,Southbound,Heavy Vehicles,27,30,37,43,61,160,333,350,293,306,340,312,299,310,283,296,295,229,152,100,53,47,51,35,0,0
2025,2025-07-25,Northbound,Heavy Vehicles,13,23,26,36,59,120,394,348,367,345,329,321,326,275,295,246,243,188,137,100,74,51,44,45,0,0
2025,2025-07-25,Southbound,Light Vehicles,186,106,92,122,244,853,1725,2368,2351,2161,1864,1715,1692,1599,1732,2177,2413,2406,1513,1077,932,802,690,406,0,0
2025,2025-07-25,Northbound,All Vehicles,206,120,99,93,230,782,2322,2070,2137,1737,1628,1781,1990,2134,2603,2598,2861,3036,2143,1528,1289,1118,1261,1183,0,0
2025,2025-07-25,Southbound,All Vehicles,213,136,129,165,305,1013,2058,2718,2644,2467,2204,2027,1991,1909,2015,2473,2708,2635,1665,1177,985,849,741,441,0,0
2025,2025-07-26,Southbound,Heavy Vehicles,28,15,19,24,31,52,110,108,146,178,191,158,177,172,138,168,151,145,103,81,52,44,39,21,0,0
2025,2025-07-26,Northbound,Light Vehicles,366,193,123,90,121,364,945,889,1146,1478,1799,1882,2036,2069,2151,2092,2179,2258,1804,1174,1113,1049,903,679,0,0
2025,2025-07-26,Southbound,Light Vehicles,225,153,124,100,177,404,785,1008,1520,1933,2239,2406,2330,2343,2203,2282,1980,2102,1636,1062,915,866,670,471,0,0
2025,2025-07-26,Northbound,Heavy Vehicles,22,14,11,23,22,32,128,191,157,143,152,131,139,119,145,115,110,126,100,68,52,40,34,29,0,0
2025,2025-07-26,Southbound,All Vehicles,253,168,143,124,208,456,895,1116,1666,2111,2430,2564,2507,2515,2341,2450,2131,2247,1739,1143,967,910,709,492,0,0
2025,2025-07-26,Northbound,All Vehicles,388,207,134,113,143,396,1073,1080,1303,1621,1951,2013,2175,2188,2296,2207,2289,2384,1904,1242,1165,1089,937,708,0,0
2025,2025-07-27,Southbound,Light Vehicles,335,165,138,96,105,244,514,816,1385,1840,2299,2201,2348,2252,2043,1945,1792,1620,1317,928,761,607,428,252,0,0
2025,2025-07-27,Southbound,Heavy Vehicles,14,16,9,8,10,24,44,74,100,88,106,130,114,103,118,102,94,87,73,66,61,44,36,29,0,0
2025,2025-07-27,Northbound,Heavy Vehicles,13,17,9,11,17,22,45,64,66,73,85,101,104,107,115,88,104,98,70,66,42,42,34,15,0,0
2025,2025-07-27,Northbound,Light Vehicles,386,207,141,88,94,176,398,519,747,1216,1627,1915,2079,2073,2084,2077,2347,1823,1501,1135,1024,842,562,351,0,0
2025,2025-07-27,Southbound,All Vehicles,349,181,147,104,115,268,558,890,1485,1928,2405,2331,2462,2355,2161,2047,1886,1707,1390,994,822,651,464,281,0,0
2025,2025-07-27,Northbound,All Vehicles,399,224,150,99,111,198,443,583,813,1289,1712,2016,2183,2180,2199,2165,2451,1921,1571,1201,1066,884,596,366,0,0
2025,2025-07-28,Southbound,Heavy Vehicles,29,21,24,39,56,150,361,327,249,340,351,321,311,302,310,291,275,251,141,77,64,38,36,31,0,0
2025,2025-07-28,Northbound,Heavy Vehicles,19,20,19,31,47,146,378,373,366,348,338,296,330,258,290,314,271,203,175,102,70,53,37,24,0,0
2025,2025-07-28,Southbound,Light Vehicles,155,82,83,82,261,828,1909,2574,2404,2175,1651,1516,1486,1400,1570,2028,2077,2369,1586,1167,755,588,386,216,0,0
2025,2025-07-28,Northbound,Light Vehicles,156,100,60,69,145,659,1846,1748,1971,1432,1227,1327,1506,1660,2039,2306,2760,2846,2072,1294,1086,884,623,347,0,0
2025,2025-07-28,Southbound,All Vehicles,184,103,107,121,317,978,2270,2901,2653,2515,2002,1837,1797,1702,1880,2319,2352,2620,1727,1244,819,626,422,247,0,0
2025,2025-07-28,Northbound,All Vehicles,175,120,79,100,192,805,2224,2121,2337,1780,1565,1623,1836,1918,2329,2620,3031,3049,2247,1396,1156,937,660,371,0,0
2025,2025-07-29,Northbound,Light Vehicles,144,69,58,67,182,746,1994,1859,2044,1522,1330,1431,1626,1718,2178,2368,2671,2885,2184,1445,1057,865,712,339,0,0
2025,2025-07-29,Northbound,Heavy Vehicles,21,14,17,35,62,148,401,400,364,340,325,315,294,316,282,275,268,214,173,113,69,33,39,21,0,0
2025,2025-07-29,Southbound,Light Vehicles,105,78,80,99,253,939,1943,2648,2163,2243,1663,1472,1432,1471,1574,2061,2447,2450,1941,1104,890,681,444,259,0,0
2025,2025-07-29,Southbound,Heavy Vehicles,22,27,18,37,50,170,341,325,243,321,311,335,317,309,318,308,294,240,196,91,69,50,38,39,0,0
2025,2025-07-29,Northbound,All Vehicles,165,83,75,102,244,894,2395,2259,2408,1862,1655,1746,1920,2034,2460,2643,2939,3099,2357,1558,1126,898,751,360,0,0
2025,2025-07-29,Southbound,All Vehicles,127,105,98,136,303,1109,2284,2973,2406,2564,1974,1807,1749,1780,1892,2369,2741,2690,2137,1195,959,731,482,298,0,0
2025,2025-07-30,Northbound,Light Vehicles,164,118,60,65,152,727,1757,1783,1953,1540,1290,1355,1493,1718,2119,2129,1944,2660,2268,1325,1004,925,664,370,0,0
2025,2025-07-30,Northbound,Heavy Vehicles,20,22,33,37,63,148,339,358,332,300,309,268,296,278,250,245,158,208,149,93,61,36,42,18,0,0
2025,2025-07-30,Southbound,Heavy Vehicles,20,28,28,44,64,160,323,298,209,256,245,266,252,220,217,227,170,166,119,67,54,51,40,23,0,0
2025,2025-07-30,Southbound,Light Vehicles,137,91,63,109,270,893,1885,2464,2039,2262,1806,1608,1364,1490,1650,2151,1594,2420,1708,1037,838,659,528,240,0,0
2025,2025-07-30,Northbound,All Vehicles,184,140,93,102,215,875,2096,2141,2285,1840,1599,1623,1789,1996,2369,2374,2102,2868,2417,1418,1065,961,706,388,0,0
2025,2025-07-30,Southbound,All Vehicles,157,119,91,153,334,1053,2208,2762,2248,2518,2051,1874,1616,1710,1867,2378,1764,2586,1827,1104,892,710,568,263,0,0
2025,2025-07-31,Southbound,Heavy Vehicles,20,21,17,30,57,173,334,282,248,293,306,300,277,269,292,270,265,233,159,76,61,51,60,29,0,0
2025,2025-07-31,Northbound,Light Vehicles,167,79,79,77,125,716,1746,1604,1799,1588,1274,1334,1586,1724,2098,2255,2683,2809,2178,1381,1112,951,724,423,0,0
2025,2025-07-31,Northbound,Heavy Vehicles,20,9,16,42,73,132,349,345,301,341,313,277,272,264,273,260,235,207,158,111,77,56,33,24,0,0
2025,2025-07-31,Southbound,Light Vehicles,131,95,85,112,252,833,1806,2390,2041,2249,1759,1552,1400,1417,1569,2045,2292,2438,1763,1128,871,768,567,313,0,0
2025,2025-07-31,Southbound,All Vehicles,151,116,102,142,309,1006,2140,2672,2289,2542,2065,1852,1677,1686,1861,2315,2557,2671,1922,1204,932,819,627,342,0,0
2025,2025-07-31,Northbound,All Vehicles,187,88,95,119,198,848,2095,1949,2100,1929,1587,1611,1858,1988,2371,2515,2918,3016,2336,1492,1189,1007,757,447,0,0
2025,2025-08-01,Northbound,Heavy Vehicles,24,14,24,29,60,124,306,369,319,310,282,278,274,267,285,268,220,233,162,98,75,48,38,33,0,0
2025,2025-08-01,Southbound,Light Vehicles,186,98,68,112,249,817,1647,2325,2350,2156,1751,1702,1558,1574,1670,1958,2306,2307,1793,1196,882,753,679,360,0,0
2025,2025-08-01,Southbound,Heavy Vehicles,29,31,31,31,50,161,302,328,279,329,290,283,264,262,281,241,248,203,124,95,48,47,50,24,0,0
2025,2025-08-01,Northbound,Light Vehicles,180,91,69,68,161,672,1673,1587,1724,1401,1323,1450,1650,1898,2323,2332,2708,2704,2013,1395,1096,1016,901,586,0,0
2025,2025-08-01,Northbound,All Vehicles,204,105,93,97,221,796,1979,1956,2043,1711,1605,1728,1924,2165,2608,2600,2928,2937,2175,1493,1171,1064,939,619,0,0
2025,2025-08-01,Southbound,All Vehicles,215,129,99,143,299,978,1949,2653,2629,2485,2041,1985,1822,1836,1951,2199,2554,2510,1917,1291,930,800,729,384,0,0
2025,2025-08-02,Northbound,Light Vehicles,356,171,118,79,111,316,799,828,1068,1476,1592,1738,2014,2049,2018,1954,2048,2097,1713,1358,933,987,976,1308,0,0
2025,2025-08-02,Southbound,Heavy Vehicles,19,14,8,12,24,50,79,100,123,154,137,149,169,145,146,137,150,154,133,100,48,42,28,25,0,0
2025,2025-08-02,Northbound,Heavy Vehicles,18,15,22,16,16,36,91,128,112,113,110,115,133,118,113,118,123,145,88,67,44,24,44,101,0,0
2025,2025-08-02,Southbound,Light Vehicles,233,148,116,119,160,416,689,977,1396,2141,2070,2348,2261,2245,2124,2274,2057,2139,1908,1046,829,914,742,597,0,0
2025,2025-08-02,Northbound,All Vehicles,374,186,140,95,127,352,890,956,1180,1589,1702,1853,2147,2167,2131,2072,2171,2242,1801,1425,977,1011,1020,1409,0,0
2025,2025-08-02,Southbound,All Vehicles,252,162,124,131,184,466,768,1077,1519,2295,2207,2497,2430,2390,2270,2411,2207,2293,2041,1146,877,956,770,622,0,0
2025,2025-08-03,Southbound,Light Vehicles,361,207,145,120,122,216,430,645,1138,1731,1984,2145,2080,2384,1839,1927,1972,1523,1166,901,690,655,448,238,0,0
2025,2025-08-03,Northbound,Light Vehicles,542,241,160,84,90,182,367,503,709,1108,1379,1653,1911,1992,2088,1930,2013,1813,1398,1098,956,926,580,308,0,0
2025,2025-08-03,Southbound,Heavy Vehicles,17,16,14,3,14,21,37,57,65,96,117,96,108,115,66,76,91,81,63,57,55,42,38,29,0,0
2025,2025-08-03,Northbound,Heavy Vehicles,34,17,20,7,7,19,28,55,62,48,97,95,80,89,94,81,76,96,72,68,57,45,33,20,0,0
2025,2025-08-03,Southbound,All Vehicles,378,223,159,123,136,237,467,702,1203,1827,2101,2241,2188,2499,1905,2003,2063,1604,1229,958,745,697,486,267,0,0
2025,2025-08-03,Northbound,All Vehicles,576,258,180,91,97,201,395,558,771,1156,1476,1748,1991,2081,2182,2011,2089,1909,1470,1166,1013,971,613,328,0,0
2025,2025-08-04,Southbound,Light Vehicles,158,94,81,93,277,886,1853,2538,2306,2123,1661,1608,1517,1430,1563,2071,2086,2274,1597,1062,757,573,423,203,0,0
2025,2025-08-04,Southbound,Heavy Vehicles,17,12,24,27,52,147,340,311,240,309,310,306,311,271,282,238,252,233,147,93,55,43,29,34,0,0
2025,2025-08-04,Northbound,Heavy Vehicles,18,16,18,31,48,121,323,371,349,342,318,291,284,269,264,280,273,217,187,106,73,37,30,22,0,0
2025,2025-08-04,Northbound,Light Vehicles,154,83,79,67,149,703,1773,1716,1924,1472,1223,1373,1684,1726,2120,2383,2875,2706,2179,1297,1016,889,582,332,0,0
2025,2025-08-04,Southbound,All Vehicles,175,106,105,120,329,1033,2193,2849,2546,2432,1971,1914,1828,1701,1845,2309,2338,2507,1744,1155,812,616,452,237,0,0
2025,2025-08-04,Northbound,All Vehicles,172,99,97,98,197,824,2096,2087,2273,1814,1541,1664,1968,1995,2384,2663,3148,2923,2366,1403,1089,926,612,354,0,0
2025,2025-08-05,Northbound,Light Vehicles,157,76,71,63,139,715,1853,1819,2016,1566,1415,1354,1496,1609,1722,2410,2703,2834,2376,1416,1179,917,747,386,0,0
2025,2025-08-05,Southbound,Heavy Vehicles,22,22,22,26,51,164,392,319,231,352,307,320,292,283,273,295,300,227,174,89,63,54,37,33,0,0
2025,2025-08-05,Southbound,Light Vehicles,117,84,74,105,250,879,1960,2531,2275,2169,1654,1443,1345,1374,1561,2072,2382,2501,1909,1174,855,718,481,251,0,0
2025,2025-08-05,Northbound,Heavy Vehicles,25,14,19,28,61,124,375,376,341,378,318,279,259,269,251,267,233,226,199,118,66,53,43,26,0,0
2025,2025-08-05,Northbound,All Vehicles,182,90,90,91,200,839,2228,2195,2357,1944,1733,1633,1755,1878,1973,2677,2936,3060,2575,1534,1245,970,790,412,0,0
2025,2025-08-05,Southbound,All Vehicles,139,106,96,131,301,1043,2352,2850,2506,2521,1961,1763,1637,1657,1834,2367,2682,2728,2083,1263,918,772,518,284,0,0
2025,2025-08-06,Southbound,Heavy Vehicles,22,28,30,40,55,179,390,358,269,358,315,289,302,300,265,299,288,203,169,110,69,60,42,21,0,0
2025,2025-08-06,Northbound,Light Vehicles,151,91,75,64,167,706,1941,1912,2092,1607,1336,1376,1516,1734,2265,2318,2605,2854,2450,1406,1168,968,706,393,0,0
2025,2025-08-06,Southbound,Light Vehicles,133,74,76,90,279,894,1951,2650,2258,2281,1713,1508,1431,1496,1568,2154,2466,2278,1949,1240,882,731,511,272,0,0
2025,2025-08-06,Northbound,Heavy Vehicles,25,23,29,23,67,146,398,427,374,394,304,338,286,267,288,256,240,227,217,117,84,45,28,27,0,0
2025,2025-08-06,Southbound,All Vehicles,155,102,106,130,334,1073,2341,3008,2527,2639,2028,1797,1733,1796,1833,2453,2754,2481,2118,1350,951,791,553,293,0,0
2025,2025-08-06,Northbound,All Vehicles,176,114,104,87,234,852,2339,2339,2466,2001,1640,1714,1802,2001,2553,2574,2845,3081,2667,1523,1252,1013,734,420,0,0
2025,2025-08-07,Northbound,Heavy Vehicles,26,14,16,37,85,168,374,409,360,372,356,321,301,283,329,280,260,234,165,108,69,53,56,28,0,0
2025,2025-08-07,Southbound,Heavy Vehicles,33,16,19,33,56,150,371,355,271,266,41,337,318,306,308,320,304,246,166,92,72,46,47,47,0,0
2025,2025-08-07,Northbound,Light Vehicles,172,80,74,58,178,750,1912,1885,1986,1539,1400,1429,1581,1739,2162,2408,2780,2879,2176,1414,1256,926,730,399,0,0
2025,2025-08-07,Southbound,Light Vehicles,149,98,81,113,259,892,1899,2508,2053,1709,199,1515,1478,1514,1622,2069,2428,2510,1891,1215,939,747,516,249,0,0
2025,2025-08-07,Northbound,All Vehicles,198,94,90,95,263,918,2286,2294,2346,1911,1756,1750,1882,2022,2491,2688,3040,3113,2341,1522,1325,979,786,427,0,0
2025,2025-08-07,Southbound,All Vehicles,182,114,100,146,315,1042,2270,2863,2324,1975,240,1852,1796,1820,1930,2389,2732,2756,2057,1307,1011,793,563,296,0,0
2025,2025-08-08,Southbound,Light Vehicles,172,102,75,109,277,857,1809,2439,2496,2195,1860,1738,1671,1537,1708,2137,2389,2496,2051,1322,962,,654,388,0,0
2025,2025-08-08,Southbound,Heavy Vehicles,39,34,25,35,62,161,357,356,300,337,363,360,296,317,298,325,295,224,151,105,81,,27,26,0,0
2025,2025-08-08,Northbound,Heavy Vehicles,21,24,27,39,62,124,375,423,353,359,344,355,290,299,317,267,246,245,154,89,64,36,32,31,0,0
2025,2025-08-08,Northbound,Light Vehicles,189,86,91,67,144,694,1845,1621,1816,1403,1339,1633,1753,1963,2306,2423,2753,2701,2059,1364,1242,1093,932,625,0,0
2025,2025-08-08,Southbound,All Vehicles,211,136,100,144,339,1018,2166,2795,2796,2532,2223,2098,1967,1854,2006,2462,2684,2720,2202,1427,1043,,681,414,0,0
2025,2025-08-08,Northbound,All Vehicles,210,110,118,106,206,818,2220,2044,2169,1762,1683,1988,2043,2262,2623,2690,2999,2946,2213,1453,1306,1129,964,656,0,0
2025,2025-08-09,Southbound,Heavy Vehicles,23,14,13,22,23,46,119,93,123,141,155,168,178,141,139,157,121,140,103,73,38,40,41,20,0,0
2025,2025-08-09,Northbound,Heavy Vehicles,14,20,15,13,28,50,138,89,128,115,129,140,145,108,136,124,130,137,87,65,31,51,48,19,0,0
2025,2025-08-09,Northbound,Light Vehicles,320,187,105,95,100,359,925,884,1145,1528,1782,1901,2026,2138,2296,2320,2163,2200,1684,1244,999,1156,1162,731,0,0
2025,2025-08-09,Southbound,Light Vehicles,232,170,115,124,174,408,769,936,1438,2090,2276,2346,2432,2332,2227,2224,2064,2214,1867,1054,818,880,671,498,0,0
2025,2025-08-09,Southbound,All Vehicles,255,184,128,146,197,454,888,1029,1561,2231,2431,2514,2610,2473,2366,2381,2185,2354,1970,1127,856,920,712,518,0,0
2025,2025-08-09,Northbound,All Vehicles,334,207,120,108,128,409,1063,973,1273,1643,1911,2041,2171,2246,2432,2444,2293,2337,1771,1309,1030,1207,1210,750,0,0
2025,2025-08-10,Northbound,Heavy Vehicles,14,9,17,15,7,21,19,57,77,55,94,75,75,76,83,91,92,78,87,55,50,44,18,19,0,0
2025,2025-08-10,Northbound,Light Vehicles,382,189,138,92,83,175,345,393,684,1111,1458,1593,1874,1998,1926,2037,1846,1837,1462,1082,939,890,569,331,0,0
2025,2025-08-10,Southbound,Heavy Vehicles,15,9,9,8,15,23,26,59,69,89,96,65,97,101,105,97,95,84,61,56,48,49,31,30,0,0
2025,2025-08-10,Southbound,Light Vehicles,272,164,119,120,105,209,471,665,1149,1645,1958,1910,1892,2059,1952,1901,1699,1552,1241,998,823,671,426,220,0,0
2025,2025-08-10,Northbound,All Vehicles,396,198,155,107,90,196,364,450,761,1166,1552,1668,1949,2074,2009,2128,1938,1915,1549,1137,989,934,587,350,0,0
2025,2025-08-10,Southbound,All Vehicles,287,173,128,128,120,232,497,724,1218,1734,2054,1975,1989,2160,2057,1998,1794,1636,1302,1054,871,720,457,250,0,0
2025,2025-08-11,Northbound,Light Vehicles,161,85,64,70,184,691,1854,1708,1939,1373,1192,1370,1568,1674,2149,2317,2790,2922,2027,1245,1059,836,598,313,0,0
2025,2025-08-11,Southbound,Heavy Vehicles,26,22,18,32,66,157,325,329,274,294,274,305,298,250,299,266,262,203,156,74,56,41,35,34,0,0
2025,2025-08-11,Northbound,Heavy Vehicles,17,11,15,20,59,118,321,355,331,346,312,274,279,283,253,257,253,227,150,100,90,43,36,23,0,0
2025,2025-08-11,Southbound,Light Vehicles,143,63,77,95,270,894,1891,2543,2324,2194,1549,1420,1447,1361,1614,2026,2047,2263,1651,1079,729,599,375,198,0,0
2025,2025-08-11,Northbound,All Vehicles,178,96,79,90,243,809,2175,2063,2270,1719,1504,1644,1847,1957,2402,2574,3043,3149,2177,1345,1149,879,634,336,0,0
2025,2025-08-11,Southbound,All Vehicles,169,85,95,127,336,1051,2216,2872,2598,2488,1823,1725,1745,1611,1913,2292,2309,2466,1807,1153,785,640,410,232,0,0
2025,2025-08-12,Southbound,Light Vehicles,132,84,86,113,260,918,1975,2537,2099,2140,1663,1469,1413,1425,1579,2104,2340,2456,,1148,886,672,465,235,0,0
2025,2025-08-12,Northbound,Light Vehicles,152,92,77,52,147,701,1949,1908,1959,1550,1320,1306,1567,1691,2091,2446,2717,2826,2437,1327,1152,992,707,399,0,0
2025,2025-08-12,Southbound,Heavy Vehicles,21,25,16,39,72,159,372,356,234,316,325,370,302,260,283,298,286,245,,93,64,37,39,24,0,0
2025,2025-08-12,Northbound,Heavy Vehicles,19,29,21,27,62,126,366,389,363,334,346,315,288,286,293,288,260,219,182,117,80,53,32,23,0,0
2025,2025-08-12,Southbound,All Vehicles,153,109,102,152,332,1077,2347,2893,2333,2456,1988,1839,1715,1685,1862,2402,2626,2701,,1241,950,709,504,259,0,0
2025,2025-08-12,Northbound,All Vehicles,171,121,98,79,209,827,2315,2297,2322,1884,1666,1621,1855,1977,2384,2734,2977,3045,2619,1444,1232,1045,739,422,0,0
2025,2025-08-13,Southbound,Light Vehicles,135,91,80,112,276,969,1977,2529,2178,1521,1594,1494,1479,1514,1626,2123,2407,2513,1962,1197,860,738,522,266,0,0
2025,2025-08-13,Northbound,Heavy Vehicles,20,17,30,39,68,132,370,378,343,331,317,255,289,283,291,285,267,218,181,101,69,59,45,38,0,0
2025,2025-08-13,Northbound,Light Vehicles,153,106,65,75,154,709,1937,1817,1983,1543,1296,1339,1460,1720,2149,2357,2829,2934,2363,1328,1155,999,774,406,0,0
2025,2025-08-13,Southbound,Heavy Vehicles,29,21,24,42,72,161,364,327,234,244,279,310,311,292,299,298,309,252,170,97,73,54,45,28,0,0
2025,2025-08-13,Southbound,All Vehicles,164,112,104,154,348,1130,2341,2856,2412,1765,1873,1804,1790,1806,1925,2421,2716,2765,2132,1294,933,792,567,294,0,0
2025,2025-08-13,Northbound,All Vehicles,173,123,95,114,222,841,2307,2195,2326,1874,1613,1594,1749,2003,2440,2642,3096,3152,2544,1429,1224,1058,819,444,0,0
2025,2025-08-14,Southbound,Heavy Vehicles,12,20,24,30,69,151,383,317,286,327,338,308,325,262,275,302,280,228,,92,71,58,47,34,0,0
2025,2025-08-14,Northbound,Heavy Vehicles,25,17,18,38,64,143,364,353,341,383,343,290,306,276,270,297,243,234,183,108,80,48,30,28,0,0
2025,2025-08-14,Northbound,Light Vehicles,151,95,72,86,145,716,1881,1764,1861,1457,1274,1409,1552,1884,2109,2415,2801,2799,2267,1428,1188,935,774,404,0,0
2025,2025-08-14,Southbound,Light Vehicles,133,101,80,104,265,867,1965,2720,2508,2306,1786,1661,1540,1515,1596,2001,2244,2337,,1176,855,743,633,303,0,0
2025,2025-08-14,Southbound,All Vehicles,145,121,104,134,334,1018,2348,3037,2794,2633,2124,1969,1865,1777,1871,2303,2524,2565,,1268,926,801,680,337,0,0
2025,2025-08-14,Northbound,All Vehicles,176,112,90,124,209,859,2245,2117,2202,1840,1617,1699,1858,2160,2379,2712,3044,3033,2450,1536,1268,983,804,432,0,0
2025,2025-08-15,Northbound,Light Vehicles,206,102,92,62,161,648,1814,1641,1750,1443,1349,1493,1812,2025,2325,2555,2751,2825,2376,1464,1294,1148,967,657,0,0
2025,2025-08-15,Southbound,Light Vehicles,185,110,89,106,249,845,1863,2356,2520,2247,1903,1724,1531,1678,1675,2053,2356,2537,2129,1401,985,862,689,465,0,0
2025,2025-08-15,Northbound,Heavy Vehicles,21,26,28,27,73,131,397,381,339,305,317,329,312,313,298,315,227,222,160,96,84,50,46,38,0,0
2025,2025-08-15,Southbound,Heavy Vehicles,34,25,31,38,59,178,351,328,280,300,300,332,323,315,283,285,320,250,156,101,68,41,60,40,0,0
2025,2025-08-15,Northbound,All Vehicles,227,128,120,89,234,779,2211,2022,2089,1748,1666,1822,2124,2338,2623,2870,2978,3047,2536,1560,1378,1198,1013,695,0,0
2025,2025-08-15,Southbound,All Vehicles,219,135,120,144,308,1023,2214,2684,2800,2547,2203,2056,1854,1993,1958,2338,2676,2787,2285,1502,1053,903,749,505,0,0
2025,2025-08-16,Northbound,Light Vehicles,374,201,103,101,121,356,1053,1073,1336,1598,1988,2009,2182,2158,2514,2217,2320,2307,2009,1394,1317,1109,957,739,0,0
2025,2025-08-16,Northbound,Heavy Vehicles,25,24,15,20,28,59,177,207,169,138,155,127,161,150,163,140,114,117,114,62,79,46,37,35,0,0
2025,2025-08-16,Southbound,Heavy Vehicles,26,20,16,26,32,65,134,153,167,196,211,165,203,170,155,144,166,142,92,60,58,44,43,28,0,0
2025,2025-08-16,Southbound,Light Vehicles,255,159,132,125,167,477,841,1222,1672,2365,2491,2591,2574,2672,2394,2216,2273,2269,1695,1142,918,939,733,459,0,0
2025,2025-08-16,Northbound,All Vehicles,399,225,118,121,149,415,1230,1280,1505,1736,2143,2136,2343,2308,2677,2357,2434,2424,2123,1456,1396,1155,994,774,0,0
2025,2025-08-16,Southbound,All Vehicles,281,179,148,151,199,542,975,1375,1839,2561,2702,2756,2777,2842,2549,2360,2439,2411,1787,1202,976,983,776,487,0,0
2025,2025-08-17,Southbound,Light Vehicles,256,159,103,142,98,231,516,834,1316,2068,2584,2262,2345,2281,2030,1914,1827,1622,1368,990,837,690,454,242,0,0
2025,2025-08-17,Northbound,Light Vehicles,385,213,135,114,98,174,382,576,803,1275,1504,1904,2005,2209,2479,2177,2270,2200,1676,1260,1095,883,633,348,0,0
2025,2025-08-17,Northbound,Heavy Vehicles,16,15,16,12,9,14,35,68,70,78,76,101,112,102,126,101,104,110,110,88,70,34,32,12,0,0
2025,2025-08-17,Southbound,Heavy Vehicles,19,7,7,3,5,29,35,51,82,105,125,125,115,108,95,83,81,84,85,77,68,37,34,32,0,0
2025,2025-08-17,Southbound,All Vehicles,275,166,110,145,103,260,551,885,1398,2173,2709,2387,2460,2389,2125,1997,1908,1706,1453,1067,905,727,488,274,0,0
2025,2025-08-17,Northbound,All Vehicles,401,228,151,126,107,188,417,644,873,1353,1580,2005,2117,2311,2605,2278,2374,2310,1786,1348,1165,917,665,360,0,0
2025,2025-08-18,Southbound,Light Vehicles,163,90,68,97,244,898,1940,2505,2252,1426,1689,1471,1456,1528,1638,2001,2045,2112,1572,1003,755,577,365,208,0,0
2025,2025-08-18,Northbound,Heavy Vehicles,30,19,22,21,65,137,354,394,360,363,288,348,285,264,312,278,281,243,135,99,63,38,42,34,0,0
2025,2025-08-18,Southbound,Heavy Vehicles,20,23,16,35,58,158,370,317,259,199,306,299,312,281,284,245,225,177,109,58,52,38,39,27,0,0
2025,2025-08-18,Northbound,Light Vehicles,190,98,64,66,138,707,1769,1825,2041,1403,1243,1407,1597,1656,2121,2359,2730,2773,2209,1176,1016,862,577,353,0,0
2025,2025-08-18,Southbound,All Vehicles,183,113,84,132,302,1056,2310,2822,2511,1625,1995,1770,1768,1809,1922,2246,2270,2289,1681,1061,807,615,404,235,0,0
2025,2025-08-18,Northbound,All Vehicles,220,117,86,87,203,844,2123,2219,2401,1766,1531,1755,1882,1920,2433,2637,3011,3016,2344,1275,1079,900,619,387,0,0
2025,2025-08-19,Northbound,Heavy Vehicles,24,17,16,35,58,124,337,326,321,308,297,259,274,279,287,254,263,214,175,83,79,42,40,29,0,0
2025,2025-08-19,Southbound,Light Vehicles,101,86,72,104,257,869,1962,2600,2157,2104,1643,1447,1431,1345,1626,2018,2148,2307,1853,1020,838,673,426,245,0,0
2025,2025-08-19,Southbound,Heavy Vehicles,18,19,17,23,43,138,295,264,202,254,266,298,269,286,252,273,265,227,150,66,63,41,36,27,0,0
2025,2025-08-19,Northbound,Light Vehicles,141,82,74,58,155,666,1738,1728,1937,1477,1261,1260,1508,1740,2091,2363,2820,2744,2199,1285,1127,881,716,377,0,0
2025,2025-08-19,Northbound,All Vehicles,165,99,90,93,213,790,2075,2054,2258,1785,1558,1519,1782,2019,2378,2617,3083,2958,2374,1368,1206,923,756,406,0,0
2025,2025-08-19,Southbound,All Vehicles,119,105,89,127,300,1007,2257,2864,2359,2358,1909,1745,1700,1631,1878,2291,2413,2534,2003,1086,901,714,462,272,0,0
2025,2025-08-20,Southbound,Heavy Vehicles,32,25,21,45,53,146,332,308,224,273,235,271,306,270,267,226,232,212,121,64,,50,36,28,0,0
2025,2025-08-20,Northbound,Heavy Vehicles,21,22,25,25,59,129,302,338,287,356,251,289,248,241,237,266,233,180,147,99,71,30,45,19,0,0
2025,2025-08-20,Northbound,Light Vehicles,183,90,52,54,145,652,1683,1781,1942,1618,1288,1261,1496,1568,2037,2219,2655,2824,2076,1209,1046,876,708,349,0,0
2025,2025-08-20,Southbound,Light Vehicles,127,106,79,83,260,868,1894,2502,2090,2093,1674,1435,1385,1385,1607,1928,2123,2201,1642,1017,,672,502,225,0,0
2025,2025-08-20,Southbound,All Vehicles,159,131,100,128,313,1014,2226,2810,2314,2366,1909,1706,1691,1655,1874,2154,2355,2413,1763,1081,,722,538,253,0,0
2025,2025-08-20,Northbound,All Vehicles,204,112,77,79,204,781,1985,2119,2229,1974,1539,1550,1744,1809,2274,2485,2888,3004,2223,1308,1117,906,753,368,0,0
2025,2025-08-21,Southbound,Heavy Vehicles,14,20,16,31,65,147,293,291,200,263,250,249,240,245,232,167,260,182,127,82,62,68,42,40,0,0
2025,2025-08-21,Southbound,Light Vehicles,135,99,87,100,252,815,1885,2357,2060,2165,1496,1488,1366,1436,1462,1803,2140,2153,1673,1137,879,769,494,276,0,0
2025,2025-08-21,Northbound,Heavy Vehicles,16,17,18,27,72,126,258,277,252,270,284,236,229,259,203,187,247,196,150,106,77,40,44,34,0,0
2025,2025-08-21,Northbound,Light Vehicles,178,107,65,66,151,690,1586,1620,1708,1419,1235,1316,1489,1661,1944,2059,2618,2859,2043,1292,1163,995,931,427,0,0
2025,2025-08-21,Southbound,All Vehicles,149,119,103,131,317,962,2178,2648,2260,2428,1746,1737,1606,1681,1694,1970,2400,2335,1800,1219,941,837,536,316,0,0
2025,2025-08-21,Northbound,All Vehicles,194,124,83,93,223,816,1844,1897,1960,1689,1519,1552,1718,1920,2147,2246,2865,3055,2193,1398,1240,1035,975,461,0,0
2025,2025-08-22,Southbound,Heavy Vehicles,29,32,18,37,50,158,305,297,231,295,291,296,306,283,270,256,243,213,153,85,68,57,37,39,0,0
2025,2025-08-22,Southbound,Light Vehicles,156,102,73,103,262,851,1713,2414,2250,2150,1834,1686,1654,1605,1705,2002,2257,2270,2061,1459,910,797,671,442,0,0
2025,2025-08-22,Northbound,Light Vehicles,182,97,74,86,161,621,1622,1612,1721,1374,1309,1473,1634,1834,2292,2479,2526,2709,2315,1464,1160,1129,1042,1133,0,0
2025,2025-08-22,Northbound,Heavy Vehicles,17,21,28,37,68,116,326,324,307,308,267,288,276,252,291,268,227,202,166,94,70,56,43,55,0,0
2025,2025-08-22,Southbound,All Vehicles,185,134,91,140,312,1009,2018,2711,2481,2445,2125,1982,1960,1888,1975,2258,2500,2483,2214,1544,978,854,708,481,0,0
2025,2025-08-22,Northbound,All Vehicles,199,118,102,123,229,737,1948,1936,2028,1682,1576,1761,1910,2086,2583,2747,2753,2911,2481,1558,1230,1185,1085,1188,0,0
2025,2025-08-23,Northbound,Light Vehicles,365,206,120,92,136,368,989,967,1183,1594,1889,2014,2213,2314,2464,2380,2542,2481,2017,1301,1110,1059,946,1229,0,0
2025,2025-08-23,Southbound,Light Vehicles,248,143,115,111,168,403,806,1207,1649,2333,2442,2617,2548,2507,2356,2330,2166,2318,1938,1189,883,941,944,586,0,0
2025,2025-08-23,Southbound,Heavy Vehicles,29,20,23,20,31,53,114,139,163,175,166,157,158,156,139,171,125,136,109,79,59,42,51,33,0,0
2025,2025-08-23,Northbound,Heavy Vehicles,20,26,27,24,31,46,147,174,140,135,138,147,157,129,163,120,141,117,96,69,45,48,30,45,0,0
2025,2025-08-23,Northbound,All Vehicles,385,232,147,116,167,414,1136,1141,1323,1729,2027,2161,2370,2443,2627,2500,2683,2598,2113,1370,1155,1107,976,1274,0,0
2025,2025-08-23,Southbound,All Vehicles,277,163,138,131,199,456,920,1346,1812,2508,2608,2774,2706,2663,2495,2501,2291,2454,2047,1268,942,983,995,619,0,0
2025,2025-08-24,Southbound,Heavy Vehicles,21,7,10,7,14,23,34,80,76,113,106,113,115,125,88,111,102,97,93,63,74,62,36,21,0,0
2025,2025-08-24,Southbound,Light Vehicles,310,179,146,114,127,233,509,872,1385,2017,2476,2679,2292,2207,2142,1957,1724,1622,1358,983,875,670,468,251,0,0
2025,2025-08-24,Northbound,Light Vehicles,494,233,141,101,85,183,380,510,810,1305,1621,1829,1994,2089,2265,2480,2327,2068,1502,1152,1046,939,560,354,0,0
2025,2025-08-24,Northbound,Heavy Vehicles,22,11,17,10,20,15,49,52,65,67,83,114,102,89,98,128,113,92,87,94,44,40,30,15,0,0
2025,2025-08-24,Southbound,All Vehicles,331,186,156,121,141,256,543,952,1461,2130,2582,2792,2407,2332,2230,2068,1826,1719,1451,1046,949,732,504,272,0,0
2025,2025-08-24,Northbound,All Vehicles,516,244,158,111,105,198,429,562,875,1372,1704,1943,2096,2178,2363,2608,2440,2160,1589,1246,1090,979,590,369,0,0
2025,2025-08-25,Southbound,Light Vehicles,155,82,92,99,263,895,1973,2609,2130,2079,1640,1450,1349,1447,1591,2010,2133,2240,1622,1084,786,637,406,208,0,0
2025,2025-08-25,Southbound,Heavy Vehicles,25,25,19,38,50,170,348,331,256,297,302,313,281,315,300,274,241,192,164,82,69,54,37,22,0,0
2025,2025-08-25,Northbound,Heavy Vehicles,21,16,23,32,63,122,394,394,368,373,303,265,253,301,318,267,252,208,180,113,73,46,42,43,0,0
2025,2025-08-25,Northbound,Light Vehicles,171,91,65,81,166,698,1848,1853,1956,1585,1302,1325,1492,1716,2103,2277,2798,2823,2047,1277,1040,871,679,381,0,0
2025,2025-08-25,Southbound,All Vehicles,180,107,111,137,313,1065,2321,2940,2386,2376,1942,1763,1630,1762,1891,2284,2374,2432,1786,1166,855,691,443,230,0,0
2025,2025-08-25,Northbound,All Vehicles,192,107,88,113,229,820,2242,2247,2324,1958,1605,1590,1745,2017,2421,2544,3050,3031,2227,1390,1113,917,721,424,0,0
2025,2025-08-26,Southbound,Heavy Vehicles,31,22,20,32,57,173,378,341,247,279,313,325,337,290,303,298,307,205,210,98,80,49,31,37,0,0
2025,2025-08-26,Northbound,Light Vehicles,155,89,60,64,159,661,1842,1850,1987,1567,1326,1344,1485,1795,2217,2424,2739,2867,2448,1585,1176,912,759,1052,0,0
2025,2025-08-26,Southbound,Light Vehicles,122,78,84,96,252,929,2035,2499,1984,2162,1702,1487,1402,1407,1694,2287,2508,2353,2339,1314,886,744,615,345,0,0
2025,2025-08-26,Northbound,Heavy Vehicles,21,21,28,32,64,144,367,412,329,331,337,335,315,325,314,290,260,204,212,119,80,46,39,47,0,0
2025,2025-08-26,Southbound,All Vehicles,153,100,104,128,309,1102,2413,2840,2231,2441,2015,1812,1739,1697,1997,2585,2815,2558,2549,1412,966,793,646,382,0,0
2025,2025-08-26,Northbound,All Vehicles,176,110,88,96,223,805,2209,2262,2316,1898,1663,1679,1800,2120,2531,2714,2999,3071,2660,1704,1256,958,798,1099,0,0
2025,2025-08-27,Northbound,Heavy Vehicles,23,27,22,29,77,145,404,404,333,388,371,320,325,309,302,274,261,225,177,126,63,44,46,55,0,0
2025,2025-08-27,Northbound,Light Vehicles,238,95,78,56,165,712,1967,2000,1872,1529,1389,1422,1657,1794,2118,2339,2726,2748,2414,1507,1161,1017,806,1052,0,0
2025,2025-08-27,Southbound,Heavy Vehicles,27,39,21,49,57,178,376,369,229,311,314,358,296,316,323,288,315,224,183,109,87,52,59,32,0,0
2025,2025-08-27,Southbound,Light Vehicles,146,110,79,108,293,888,2007,2511,2167,2078,1680,1590,1513,1510,1663,2141,2354,2463,2206,1415,969,818,622,360,0,0
2025,2025-08-27,Northbound,All Vehicles,261,122,100,85,242,857,2371,2404,2205,1917,1760,1742,1982,2103,2420,2613,2987,2973,2591,1633,1224,1061,852,1107,0,0
2025,2025-08-27,Southbound,All Vehicles,173,149,100,157,350,1066,2383,2880,2396,2389,1994,1948,1809,1826,1986,2429,2669,2687,2389,1524,1056,870,681,392,0,0
2025,2025-08-28,Southbound,Heavy Vehicles,23,24,18,31,70,171,391,312,239,335,327,331,302,308,306,323,303,202,153,103,77,65,63,49,0,0
2025,2025-08-28,Northbound,Light Vehicles,250,100,77,72,158,710,1964,1784,1814,1494,1319,1381,1524,1702,2134,2409,2716,2826,2343,1516,1496,1148,1347,1104,0,0
2025,2025-08-28,Southbound,Light Vehicles,173,112,92,101,273,870,1996,2547,2106,2229,1698,1515,1480,1446,1718,2177,2441,2201,1514,1293,940,828,748,426,0,0
2025,2025-08-28,Northbound,Heavy Vehicles,19,18,23,42,81,152,378,384,304,326,351,316,285,305,286,294,250,213,169,119,106,71,80,57,0,0
2025,2025-08-28,Southbound,All Vehicles,196,136,110,132,343,1041,2387,2859,2345,2564,2025,1846,1782,1754,2024,2500,2744,2403,1667,1396,1017,893,811,475,0,0
2025,2025-08-28,Northbound,All Vehicles,269,118,100,114,239,862,2342,2168,2118,1820,1670,1697,1809,2007,2420,2703,2966,3039,2512,1635,1602,1219,1427,1161,0,0
2025,2025-08-29,Northbound,Light Vehicles,282,118,80,82,154,665,1859,1735,1780,1526,1383,1527,1683,1971,2292,2470,2647,2636,2132,1454,1277,1092,951,666,0,0
2025,2025-08-29,Southbound,Heavy Vehicles,34,26,28,45,60,164,355,337,292,320,348,335,335,308,295,307,337,238,181,82,73,51,39,29,0,0
2025,2025-08-29,Northbound,Heavy Vehicles,29,29,26,34,72,155,389,402,344,337,346,323,297,292,297,305,269,212,168,103,77,44,36,33,0,0
2025,2025-08-29,Southbound,Light Vehicles,184,104,82,138,272,905,1877,2498,2318,2296,1863,1732,1531,1569,1705,2196,2286,2466,1991,1360,1010,819,711,385,0,0
2025,2025-08-29,Northbound,All Vehicles,311,147,106,116,226,820,2248,2137,2124,1863,1729,1850,1980,2263,2589,2775,2916,2848,2300,1557,1354,1136,987,699,0,0
2025,2025-08-29,Southbound,All Vehicles,218,130,110,183,332,1069,2232,2835,2610,2616,2211,2067,1866,1877,2000,2503,2623,2704,2172,1442,1083,870,750,414,0,0
2025,2025-08-30,Northbound,Heavy Vehicles,22,13,22,23,23,48,157,205,162,142,160,142,147,118,140,129,121,125,104,72,56,40,37,43,0,0
2025,2025-08-30,Southbound,Light Vehicles,274,164,122,144,165,469,856,1158,1566,2270,2389,2524,2411,2558,2211,2262,2350,2308,1984,1202,880,979,737,566,0,0
2025,2025-08-30,Northbound,Light Vehicles,325,187,115,85,116,390,1138,1038,1175,1567,1922,2008,2169,2107,2254,2258,2180,2203,1956,1350,1173,1091,1008,1213,0,0
2025,2025-08-30,Southbound,Heavy Vehicles,27,15,16,21,29,52,143,150,162,159,168,193,168,160,168,139,162,141,98,77,34,52,42,37,0,0
2025,2025-08-30,Northbound,All Vehicles,347,200,137,108,139,438,1295,1243,1337,1709,2082,2150,2316,2225,2394,2387,2301,2328,2060,1422,1229,1131,1045,1256,0,0
2025,2025-08-30,Southbound,All Vehicles,301,179,138,165,194,521,999,1308,1728,2429,2557,2717,2579,2718,2379,2401,2512,2449,2082,1279,914,1031,779,603,0,0
2025,2025-08-31,Southbound,Light Vehicles,391,179,157,110,113,265,596,824,1353,1968,2225,2211,2221,2188,1878,2001,1835,1684,1402,1046,856,730,466,222,0,0
2025,2025-08-31,Northbound,Light Vehicles,510,240,151,99,95,195,414,572,868,1249,1626,2000,2083,2106,2022,2113,2069,2029,1623,1121,1080,919,558,301,0,0
2025,2025-08-31,Southbound,Heavy Vehicles,20,12,6,14,14,29,48,48,81,116,118,127,134,90,109,91,81,95,78,63,49,52,41,24,0,0
2025,2025-08-31,Northbound,Heavy Vehicles,12,15,15,13,8,26,45,69,79,68,83,107,89,97,104,94,80,108,90,59,48,46,32,18,0,0
2025,2025-08-31,Southbound,All Vehicles,411,191,163,124,127,294,644,872,1434,2084,2343,2338,2355,2278,1987,2092,1916,1779,1480,1109,905,782,507,246,0,0
2025,2025-08-31,Northbound,All Vehicles,522,255,166,112,103,221,459,641,947,1317,1709,2107,2172,2203,2126,2207,2149,2137,1713,1180,1128,965,590,319,0,0
2025,2025-09-01,Northbound,Heavy Vehicles,17,15,27,35,63,133,381,413,335,335,315,320,288,267,309,303,260,194,170,96,63,40,29,25,0,0
2025,2025-09-01,Southbound,Light Vehicles,155,86,72,105,266,881,1970,2596,2163,2062,1584,1387,1443,1353,1492,2001,2235,2171,1616,1128,739,646,422,205,0,0
2025,2025-09-01,Southbound,Heavy Vehicles,25,20,21,42,65,163,350,318,230,284,285,310,270,282,298,269,304,198,141,88,58,40,39,35,0,0
2025,2025-09-01,Northbound,Light Vehicles,181,86,72,67,174,743,1891,1863,1908,1420,1254,1350,1507,1622,2051,2376,2646,2883,2084,1313,1085,848,603,332,0,0
2025,2025-09-01,Northbound,All Vehicles,198,101,99,102,237,876,2272,2276,2243,1755,1569,1670,1795,1889,2360,2679,2906,3077,2254,1409,1148,888,632,357,0,0
2025,2025-09-01,Southbound,All Vehicles,180,106,93,147,331,1044,2320,2914,2393,2346,1869,1697,1713,1635,1790,2270,2539,2369,1757,1216,797,686,461,240,0,0
2025,2025-09-02,Northbound,Heavy Vehicles,18,14,24,40,61,138,373,395,325,348,309,277,301,303,298,278,250,215,176,94,73,53,29,27,0,0
2025,2025-09-02,Southbound,Light Vehicles,117,83,80,104,264,896,2033,2466,2123,2042,1600,1467,1418,1471,1593,2149,2381,2475,1858,1091,839,,480,248,0,0
2025,2025-09-02,Southbound,Heavy Vehicles,22,27,17,35,50,159,373,317,215,305,339,318,293,316,305,285,284,255,150,93,59,,38,29,0,0
2025,2025-09-02,Northbound,Light Vehicles,138,81,66,60,156,702,1917,1918,1920,1515,1304,1352,1520,1709,2218,2296,2740,2935,2314,1413,1140,927,691,362,0,0
2025,2025-09-02,Northbound,All Vehicles,156,95,90,100,217,840,2290,2313,2245,1863,1613,1629,1821,2012,2516,2574,2990,3150,2490,1507,1213,980,720,389,0,0
2025,2025-09-02,Southbound,All Vehicles,139,110,97,139,314,1055,2406,2783,2338,2347,1939,1785,1711,1787,1898,2434,2665,2730,2008,1184,898,,518,277,0,0
2025,2025-09-03,Southbound,Heavy Vehicles,26,25,26,41,65,174,386,303,212,275,316,308,287,297,298,307,297,227,151,86,61,60,33,26,0,0
2025,2025-09-03,Northbound,Light Vehicles,174,102,64,72,160,738,1885,1922,1877,1480,1398,1391,1535,1587,2250,2447,2722,2881,2285,1443,1228,921,760,428,0,0
2025,2025-09-03,Southbound,Light Vehicles,134,107,95,97,297,953,2082,2329,2151,2174,1730,1538,1428,1424,1599,2078,2391,2404,1898,1192,899,792,500,293,0,0
2025,2025-09-03,Northbound,Heavy Vehicles,21,18,26,44,62,143,371,414,304,353,314,308,289,285,295,297,257,192,183,108,62,57,31,23,0,0
2025,2025-09-03,Southbound,All Vehicles,160,132,121,138,362,1127,2468,2632,2363,2449,2046,1846,1715,1721,1897,2385,2688,2631,2049,1278,960,852,533,319,0,0
2025,2025-09-03,Northbound,All Vehicles,195,120,90,116,222,881,2256,2336,2181,1833,1712,1699,1824,1872,2545,2744,2979,3073,2468,1551,1290,978,791,451,0,0
2025,2025-09-04,Southbound,Heavy Vehicles,24,23,18,32,61,160,327,273,251,285,342,266,305,281,311,293,310,239,169,105,82,59,50,39,0,0
2025,2025-09-04,Northbound,Heavy Vehicles,19,21,18,37,68,154,357,429,304,358,315,322,315,304,301,292,227,207,190,116,77,47,51,19,0,0
2025,2025-09-04,Southbound,Light Vehicles,121,94,79,110,276,940,1995,2396,2098,2255,1693,1349,1320,1507,1630,2143,2455,2555,2018,1231,904,817,487,263,0,0
2025,2025-09-04,Northbound,Light Vehicles,188,72,66,66,169,743,1955,1914,1843,1545,1369,1395,1615,1783,2191,2494,2704,2714,2333,1456,1231,1027,1006,482,0,0
2025,2025-09-04,Southbound,All Vehicles,145,117,97,142,337,1100,2322,2669,2349,2540,2035,1615,1625,1788,1941,2436,2765,2794,2187,1336,986,876,537,302,0,0
2025,2025-09-04,Northbound,All Vehicles,207,93,84,103,237,897,2312,2343,2147,1903,1684,1717,1930,2087,2492,2786,2931,2921,2523,1572,1308,1074,1057,501,0,0
2025,2025-09-05,Northbound,Heavy Vehicles,25,19,29,35,68,148,352,378,370,346,344,328,322,315,287,250,230,214,163,114,69,50,49,33,0,0
2025,2025-09-05,Southbound,Heavy Vehicles,37,24,27,49,58,148,357,332,259,289,338,340,346,278,323,,304,223,150,97,65,57,38,34,0,0
2025,2025-09-05,Southbound,Light Vehicles,178,95,85,116,292,848,1903,2487,2343,2168,1966,1754,1608,1594,1689,,2415,2464,2004,1333,922,862,664,416,0,0
2025,2025-09-05,Northbound,Light Vehicles,212,101,83,91,155,702,1878,1752,1754,1480,1384,1628,1782,1982,2371,2330,2679,2747,2180,1473,1257,1158,1141,601,0,0
2025,2025-09-05,Northbound,All Vehicles,237,120,112,126,223,850,2230,2130,2124,1826,1728,1956,2104,2297,2658,2580,2909,2961,2343,1587,1326,1208,1190,634,0,0
2025,2025-09-05,Southbound,All Vehicles,215,119,112,165,350,996,2260,2819,2602,2457,2304,2094,1954,1872,2012,,2719,2687,2154,1430,987,919,702,450,0,0
2025,2025-09-06,Southbound,Heavy Vehicles,21,15,12,18,27,60,149,149,150,179,191,156,177,163,135,140,151,155,117,62,61,42,31,29,0,0
2025,2025-09-06,Southbound,Light Vehicles,261,141,123,130,196,458,961,1199,1585,2270,2313,2415,2469,2579,1917,2246,2175,2327,2060,1080,925,1045,695,545,0,0
2025,2025-09-06,Northbound,Light Vehicles,374,194,111,98,130,377,1148,1075,1288,1666,1887,2057,2227,2224,2178,2361,2438,2337,2279,2132,1227,1402,1609,814,0,0
2025,2025-09-06,Northbound,Heavy Vehicles,17,14,19,21,32,51,186,197,190,134,153,137,158,114,137,143,126,133,96,109,56,55,60,33,0,0
2025,2025-09-06,Southbound,All Vehicles,282,156,135,148,223,518,1110,1348,1735,2449,2504,2571,2646,2742,2052,2386,2326,2482,2177,1142,986,1087,726,574,0,0
2025,2025-09-06,Northbound,All Vehicles,391,208,130,119,162,428,1334,1272,1478,1800,2040,2194,2385,2338,2315,2504,2564,2470,2375,2241,1283,1457,1669,847,0,0
2025,2025-09-07,Southbound,Light Vehicles,297,163,117,116,134,249,567,722,1234,1897,2221,2367,2203,2115,2033,1934,1894,1637,,1156,964,799,481,231,0,0
2025,2025-09-07,Northbound,Heavy Vehicles,22,14,13,15,11,20,41,58,53,72,81,100,110,89,97,75,104,79,88,60,56,43,28,17,0,0
2025,2025-09-07,Northbound,Light Vehicles,413,214,143,84,113,183,450,571,796,1356,1644,1970,2062,1894,2312,2222,2069,1975,1823,1276,1097,1029,583,334,0,0
2025,2025-09-07,Southbound,Heavy Vehicles,17,12,14,4,16,23,32,53,53,105,99,109,115,100,97,102,79,81,,80,71,51,44,22,0,0
2025,2025-09-07,Southbound,All Vehicles,314,175,131,120,150,272,599,775,1287,2002,2320,2476,2318,2215,2130,2036,1973,1718,,1236,1035,850,525,253,0,0
2025,2025-09-07,Northbound,All Vehicles,435,228,156,99,124,203,491,629,849,1428,1725,2070,2172,1983,2409,2297,2173,2054,1911,1336,1153,1072,611,351,0,0
2025,2025-09-08,Northbound,Light Vehicles,170,74,66,69,172,719,1884,1911,2000,1416,1271,1367,1487,1671,2121,2256,2752,2762,2028,1296,1089,906,589,338,0,0
2025,2025-09-08,Southbound,Light Vehicles,152,89,71,97,268,880,1973,2483,2107,2099,1609,1415,1372,1405,1566,1935,2164,2100,1592,1124,774,638,427,212,0,0
2025,2025-09-08,Southbound,Heavy Vehicles,18,24,26,36,64,156,367,339,214,312,350,321,301,278,324,284,270,201,140,84,60,36,29,32,0,0
2025,2025-09-08,Northbound,Heavy Vehicles,21,19,29,33,67,132,382,408,357,358,322,332,281,287,286,290,234,226,149,98,72,56,37,17,0,0
2025,2025-09-08,Northbound,All Vehicles,191,93,95,102,239,851,2266,2319,2357,1774,1593,1699,1768,1958,2407,2546,2986,2988,2177,1394,1161,962,626,355,0,0
2025,2025-09-08,Southbound,All Vehicles,170,113,97,133,332,1036,2340,2822,2321,2411,1959,1736,1673,1683,1890,2219,2434,2301,1732,1208,834,674,456,244,0,0
2025,2025-09-09,Northbound,Light Vehicles,156,87,61,55,151,708,1966,1824,1940,1550,1260,1316,1499,1719,2006,2377,2866,2870,2127,1347,1105,924,625,343,0,0
2025,2025-09-09,Northbound,Heavy Vehicles,20,16,18,30,63,120,409,431,345,334,308,289,303,297,294,284,250,211,164,117,75,40,39,18,0,0
2025,2025-09-09,Southbound,Heavy Vehicles,24,20,23,25,58,174,352,311,266,306,294,336,294,301,298,290,300,242,,92,65,49,46,25,0,0
2025,2025-09-09,Southbound,Light Vehicles,122,76,96,93,263,946,2096,2525,2052,2146,1584,1445,1305,1362,1609,2089,2214,2350,,1131,813,687,511,230,0,0
2025,2025-09-09,Northbound,All Vehicles,176,103,79,85,214,828,2375,2255,2285,1884,1568,1605,1802,2016,2300,2661,3116,3081,2291,1464,1180,964,664,361,0,0
2025,2025-09-09,Southbound,All Vehicles,146,96,119,118,321,1120,2448,2836,2318,2452,1878,1781,1599,1663,1907,2379,2514,2592,,1223,878,736,557,255,0,0
2025,2025-09-10,Northbound,Light Vehicles,165,94,65,68,146,649,1794,1667,1824,1543,1263,1364,1516,1654,2149,2254,2522,2857,2215,1227,1011,946,638,364,0,0
2025,2025-09-10,Northbound,Heavy Vehicles,25,23,32,34,66,121,324,334,295,343,305,344,255,303,271,223,210,210,177,82,63,49,29,19,0,0
2025,2025-09-10,Southbound,Heavy Vehicles,29,25,23,40,60,134,347,279,224,293,302,299,293,275,270,223,233,197,135,54,29,54,50,33,0,0
2025,2025-09-10,Southbound,Light Vehicles,131,104,91,97,271,953,1968,2307,2057,2166,1725,1493,1436,1394,1562,1882,2013,2174,1632,1050,757,699,469,245,0,0
2025,2025-09-10,Northbound,All Vehicles,190,117,97,102,212,770,2118,2001,2119,1886,1568,1708,1771,1957,2420,2477,2732,3067,2392,1309,1074,995,667,383,0,0
2025,2025-09-10,Southbound,All Vehicles,160,129,114,137,331,1087,2315,2586,2281,2459,2027,1792,1729,1669,1832,2105,2246,2371,1767,1104,786,753,519,278,0,0
2025,2025-09-11,Southbound,Heavy Vehicles,23,20,26,37,46,157,330,258,220,266,324,279,308,273,285,255,242,214,144,86,58,60,,,0,0
2025,2025-09-11,Northbound,Light Vehicles,156,98,73,70,147,684,1662,1587,1720,1515,1276,1307,1417,1707,2144,2246,2640,2829,2109,1431,1206,1055,887,429,0,0
2025,2025-09-11,Northbound,Heavy Vehicles,22,19,13,37,53,130,323,259,257,286,340,284,296,288,259,254,237,226,151,110,68,58,41,21,0,0
2025,2025-09-11,Southbound,Light Vehicles,136,94,86,95,265,890,1942,2321,1984,2107,1646,1443,1395,1428,1550,1932,2139,2223,1718,1288,899,761,,,0,0
2025,2025-09-11,Southbound,All Vehicles,159,114,112,132,311,1047,2272,2579,2204,2373,1970,1722,1703,1701,1835,2187,2381,2437,1862,1374,957,821,,,0,0
2025,2025-09-11,Northbound,All Vehicles,178,117,86,107,200,814,1985,1846,1977,1801,1616,1591,1713,1995,2403,2500,2877,3055,2260,1541,1274,1113,928,450,0,0
2025,2025-09-12,Northbound,Light Vehicles,214,96,82,73,156,711,1828,1714,1711,1296,1426,1480,1718,1956,2353,2364,2668,2736,2356,1566,1170,1213,1232,678,0,0
2025,2025-09-12,Southbound,Heavy Vehicles,44,25,23,28,64,166,357,326,321,314,309,306,293,267,314,300,291,244,167,89,54,49,42,27,0,0
2025,2025-09-12,Northbound,Heavy Vehicles,25,23,24,33,66,127,406,405,316,331,302,317,292,293,318,280,230,211,171,98,63,52,39,36,0,0
2025,2025-09-12,Southbound,Light Vehicles,196,100,86,101,273,866,1879,2502,2357,2307,1942,1689,1606,1593,1818,2248,2338,2441,2369,1350,999,814,717,465,0,0
2025,2025-09-12,Northbound,All Vehicles,239,119,106,106,222,838,2234,2119,2027,1627,1728,1797,2010,2249,2671,2644,2898,2947,2527,1664,1233,1265,1271,714,0,0
2025,2025-09-12,Southbound,All Vehicles,240,125,109,129,337,1032,2236,2828,2678,2621,2251,1995,1899,1860,2132,2548,2629,2685,2536,1439,1053,863,759,492,0,0
2025,2025-09-13,Southbound,Light Vehicles,222,157,121,126,193,428,918,1202,1649,2292,2500,1298,2368,2462,2383,2283,2016,2062,1709,1229,857,899,742,444,0,0
2025,2025-09-13,Southbound,Heavy Vehicles,22,11,10,17,24,58,133,148,152,154,186,130,171,174,168,161,133,145,120,64,42,40,33,30,0,0
2025,2025-09-13,Northbound,Light Vehicles,368,203,129,91,121,422,1057,1085,1247,1621,1874,1836,2070,2298,2177,2236,2298,2198,2142,1429,1093,1073,1202,714,0,0
2025,2025-09-13,Northbound,Heavy Vehicles,20,23,19,17,32,55,166,212,156,145,136,142,139,135,119,143,123,120,93,71,36,53,45,26,0,0
2025,2025-09-13,Southbound,All Vehicles,244,168,131,143,217,486,1051,1350,1801,2446,2686,1428,2539,2636,2551,2444,2149,2207,1829,1293,899,939,775,474,0,0
2025,2025-09-13,Northbound,All Vehicles,388,226,148,108,153,477,1223,1297,1403,1766,2010,1978,2209,2433,2296,2379,2421,2318,2235,1500,1129,1126,1247,740,0,0
2025,2025-09-14,Southbound,Heavy Vehicles,30,10,10,9,13,23,46,67,84,94,113,107,120,126,106,92,103,97,98,71,57,45,36,25,0,0
2025,2025-09-14,Northbound,Heavy Vehicles,12,11,12,16,10,20,44,58,67,72,87,109,107,109,114,89,92,85,96,74,65,48,40,28,0,0
2025,2025-09-14,Southbound,Light Vehicles,279,189,126,101,138,316,649,885,1295,1992,2303,2391,2235,2170,1970,2004,1725,1638,1310,936,861,739,441,249,0,0
2025,2025-09-14,Northbound,Light Vehicles,419,224,131,82,112,201,466,669,862,1332,1597,1784,1986,2117,2081,2142,2097,1977,1910,1252,1174,1034,620,336,0,0
2025,2025-09-14,Southbound,All Vehicles,309,199,136,110,151,339,695,952,1379,2086,2416,2498,2355,2296,2076,2096,1828,1735,1408,1007,918,784,477,274,0,0
2025,2025-09-14,Northbound,All Vehicles,431,235,143,98,122,221,510,727,929,1404,1684,1893,2093,2226,2195,2231,2189,2062,2006,1326,1239,1082,660,364,0,0
2025,2025-09-15,Southbound,Light Vehicles,142,76,71,105,270,907,1995,2557,2099,2146,1583,1437,1385,1471,1485,2028,2133,2140,1640,1121,756,,441,220,0,0
2025,2025-09-15,Northbound,Heavy Vehicles,21,11,19,30,68,131,392,439,316,370,360,327,315,316,280,308,243,216,175,116,64,40,29,24,0,0
2025,2025-09-15,Southbound,Heavy Vehicles,26,16,23,25,64,172,377,343,242,325,327,327,316,318,308,294,272,221,157,88,57,,32,37,0,0
2025,2025-09-15,Northbound,Light Vehicles,167,87,70,67,177,774,1933,1840,1822,1477,1222,1377,1552,1662,2079,2407,2793,2844,2171,1284,1097,828,650,347,0,0
2025,2025-09-15,Southbound,All Vehicles,168,92,94,130,334,1079,2372,2900,2341,2471,1910,1764,1701,1789,1793,2322,2405,2361,1797,1209,813,,473,257,0,0
2025,2025-09-15,Northbound,All Vehicles,188,98,89,97,245,905,2325,2279,2138,1847,1582,1704,1867,1978,2359,2715,3036,3060,2346,1400,1161,868,679,371,0,0
2025,2025-09-16,Northbound,Heavy Vehicles,12,19,19,28,65,143,422,426,335,350,328,328,300,327,330,296,239,226,169,105,65,62,37,23,0,0
2025,2025-09-16,Southbound,Light Vehicles,128,79,72,91,266,946,2089,2315,2049,2093,1646,1465,1365,1432,1603,2162,2212,2498,1686,1150,828,707,487,,0,0
2025,2025-09-16,Northbound,Light Vehicles,190,87,56,56,165,817,2022,1942,1870,1497,1320,1411,1515,1727,2078,2517,2730,2783,2329,1401,1108,906,683,337,0,0
2025,2025-09-16,Southbound,Heavy Vehicles,17,21,15,32,63,184,398,300,238,329,329,362,326,306,336,308,247,259,148,79,69,47,39,,0,0
2025,2025-09-16,Northbound,All Vehicles,202,106,75,84,230,960,2444,2368,2205,1847,1648,1739,1815,2054,2408,2813,2969,3009,2498,1506,1173,968,720,360,0,0
2025,2025-09-16,Southbound,All Vehicles,145,100,87,123,329,1130,2487,2615,2287,2422,1975,1827,1691,1738,1939,2470,2459,2757,1834,1229,897,754,526,,0,0
2025,2025-09-17,Southbound,Heavy Vehicles,26,26,32,44,63,177,434,334,245,307,326,328,323,292,298,348,294,250,149,96,67,58,56,33,0,0
2025,2025-09-17,Northbound,Light Vehicles,173,101,68,66,150,741,2019,1815,1952,1567,1348,1348,1531,1799,2161,2341,2712,2801,2222,1463,1247,929,699,371,0,0
2025,2025-09-17,Northbound,Heavy Vehicles,20,21,26,38,71,150,404,428,331,381,357,290,321,325,278,271,284,223,198,99,71,49,40,27,0,0
2025,2025-09-17,Southbound,Light Vehicles,138,93,78,95,277,943,2125,2480,2125,2155,1711,1536,1426,1344,1571,2046,2265,2404,1930,1312,830,732,483,262,0,0
2025,2025-09-17,Southbound,All Vehicles,164,119,110,139,340,1120,2559,2814,2370,2462,2037,1864,1749,1636,1869,2394,2559,2654,2079,1408,897,790,539,295,0,0
2025,2025-09-17,Northbound,All Vehicles,193,122,94,104,221,891,2423,2243,2283,1948,1705,1638,1852,2124,2439,2612,2996,3024,2420,1562,1318,978,739,398,0,0
2025,2025-09-18,Northbound,Light Vehicles,184,91,54,65,146,777,2087,1786,1910,1538,1420,1398,1576,1713,2182,2402,2740,2888,2242,1488,1295,971,780,439,0,0
2025,2025-09-18,Southbound,Heavy Vehicles,17,26,26,35,53,183,411,343,264,293,309,326,337,329,331,315,329,250,167,99,78,47,50,29,0,0
2025,2025-09-18,Southbound,Light Vehicles,136,102,84,103,283,973,2013,2592,2179,2083,1664,1539,1410,1489,1649,2106,2413,2534,1935,1197,904,825,525,292,0,0
2025,2025-09-18,Northbound,Heavy Vehicles,21,16,35,37,84,142,415,415,355,340,332,342,335,305,326,269,213,230,174,103,92,49,47,29,0,0
2025,2025-09-18,Northbound,All Vehicles,205,107,89,102,230,919,2502,2201,2265,1878,1752,1740,1911,2018,2508,2671,2953,3118,2416,1591,1387,1020,827,468,0,0
2025,2025-09-18,Southbound,All Vehicles,153,128,110,138,336,1156,2424,2935,2443,2376,1973,1865,1747,1818,1980,2421,2742,2784,2102,1296,982,872,575,321,0,0
2025,2025-09-19,Southbound,Light Vehicles,159,116,92,102,297,878,1959,2535,2317,2166,1869,1751,1605,1517,1679,2140,2417,2392,,1250,,847,698,422,0,0
2025,2025-09-19,Northbound,Heavy Vehicles,24,13,33,37,65,142,381,390,331,369,347,325,320,347,292,293,248,229,183,105,75,48,44,31,0,0
2025,2025-09-19,Southbound,Heavy Vehicles,30,31,24,45,60,182,366,326,285,325,354,344,336,314,318,326,325,234,,98,,55,47,36,0,0
2025,2025-09-19,Northbound,Light Vehicles,191,97,60,83,148,740,1922,1749,1747,1394,1392,1503,1712,1932,2237,2403,2689,2768,2096,1439,1206,1088,925,663,0,0
2025,2025-09-19,Southbound,All Vehicles,189,147,116,147,357,1060,2325,2861,2602,2491,2223,2095,1941,1831,1997,2466,2742,2626,,1348,,902,745,458,0,0
2025,2025-09-19,Northbound,All Vehicles,215,110,93,120,213,882,2303,2139,2078,1763,1739,1828,2032,2279,2529,2696,2937,2997,2279,1544,1281,1136,969,694,0,0
2025,2025-09-20,Southbound,Light Vehicles,253,156,118,127,206,479,924,1367,1865,2320,2488,2311,2405,2390,2188,2238,2104,2143,1612,1075,940,953,732,443,0,0
2025,2025-09-20,Northbound,Heavy Vehicles,25,19,11,28,28,56,209,193,193,163,156,160,164,130,162,147,101,104,93,72,48,42,42,21,0,0
2025,2025-09-20,Southbound,Heavy Vehicles,22,21,18,21,30,67,152,159,165,183,184,175,178,183,162,156,155,132,100,58,50,60,36,31,0,0
2025,2025-09-20,Northbound,Light Vehicles,380,178,121,95,136,415,1225,1108,1303,1650,1955,2138,2140,2161,2340,2249,2251,2062,1913,1275,1122,1052,1023,708,0,0
2025,2025-09-20,Southbound,All Vehicles,275,177,136,148,236,546,1076,1526,2030,2503,2672,2486,2583,2573,2350,2394,2259,2275,1712,1133,990,1013,768,474,0,0
2025,2025-09-20,Northbound,All Vehicles,405,197,132,123,164,471,1434,1301,1496,1813,2111,2298,2304,2291,2502,2396,2352,2166,2006,1347,1170,1094,1065,729,0,0
2025,2025-09-21,Northbound,Heavy Vehicles,10,17,7,18,3,10,54,56,73,53,103,109,80,110,102,95,101,104,141,126,80,43,34,27,0,0
2025,2025-09-21,Northbound,Light Vehicles,364,200,131,85,102,156,431,606,925,1291,1584,1911,1973,2008,2031,2039,2125,1935,2088,1764,1242,1071,672,386,0,0
2025,2025-09-21,Southbound,Heavy Vehicles,12,10,13,7,16,27,51,60,94,114,121,133,133,122,139,127,105,94,82,60,81,50,30,29,0,0
2025,2025-09-21,Southbound,Light Vehicles,267,151,135,126,132,248,527,757,1312,2045,2197,2130,2098,2346,1971,1760,1902,1700,1432,985,872,853,504,222,0,0
2025,2025-09-21,Northbound,All Vehicles,374,217,138,103,105,166,485,662,998,1344,1687,2020,2053,2118,2133,2134,2226,2039,2229,1890,1322,1114,706,413,0,0
2025,2025-09-21,Southbound,All Vehicles,279,161,148,133,148,275,578,817,1406,2159,2318,2263,2231,2468,2110,1887,2007,1794,1514,1045,953,903,534,251,0,0
2025,2025-09-22,Northbound,Light Vehicles,203,91,68,63,159,804,1844,1802,1846,1511,1399,1366,1641,1780,2143,2297,2714,2648,2223,1224,1001,900,619,339,0,0
2025,2025-09-22,Southbound,Light Vehicles,182,98,65,96,276,938,2078,2460,2061,2132,1685,1484,1437,1433,1580,2021,2119,2104,1738,1008,738,,383,181,0,0
2025,2025-09-22,Northbound,Heavy Vehicles,15,28,30,32,70,156,379,377,339,385,350,317,300,302,297,261,221,200,189,99,64,58,40,23,0,0
2025,2025-09-22,Southbound,Heavy Vehicles,28,24,26,39,60,167,383,296,230,297,313,341,297,344,298,261,262,195,164,95,64,,31,21,0,0
2025,2025-09-22,Northbound,All Vehicles,218,119,98,95,229,960,2223,2179,2185,1896,1749,1683,1941,2082,2440,2558,2935,2848,2412,1323,1065,958,659,362,0,0
2025,2025-09-22,Southbound,All Vehicles,210,122,91,135,336,1105,2461,2756,2291,2429,1998,1825,1734,1777,1878,2282,2381,2299,1902,1103,802,,414,202,0,0
2025,2025-09-23,Northbound,Light Vehicles,145,98,47,70,156,790,2030,1827,1985,1577,1298,1348,1575,1741,2122,2420,2843,2913,2416,1382,1170,931,658,385,0,0
2025,2025-09-23,Northbound,Heavy Vehicles,21,20,28,33,67,153,380,384,357,349,326,308,310,303,292,288,273,223,188,111,72,54,34,23,0,0
2025,2025-09-23,Southbound,Light Vehicles,104,89,80,103,271,943,2113,2473,2036,2105,1715,1444,1421,1410,1656,2069,2320,2374,1801,1194,886,690,472,263,0,0
2025,2025-09-23,Southbound,Heavy Vehicles,25,24,20,39,53,184,386,312,266,310,321,338,309,287,306,325,273,243,184,91,68,57,35,45,0,0
2025,2025-09-23,Northbound,All Vehicles,166,118,75,103,223,943,2410,2211,2342,1926,1624,1656,1885,2044,2414,2708,3116,3136,2604,1493,1242,985,692,408,0,0
2025,2025-09-23,Southbound,All Vehicles,129,113,100,142,324,1127,2499,2785,2302,2415,2036,1782,1730,1697,1962,2394,2593,2617,1985,1285,954,747,507,308,0,0
2025,2025-09-24,Southbound,Light Vehicles,109,92,87,105,288,995,2085,2463,2151,2282,1721,1573,1456,1442,1638,2142,2478,2403,1929,1194,947,,565,279,0,0
2025,2025-09-24,Southbound,Heavy Vehicles,19,24,30,39,77,187,392,356,243,329,316,299,315,333,312,320,281,210,186,94,63,,37,28,0,0
2025,2025-09-24,Northbound,Heavy Vehicles,20,33,39,41,61,168,381,404,355,332,322,347,295,295,292,279,234,216,164,112,60,63,38,27,0,0
2025,2025-09-24,Northbound,Light Vehicles,152,92,65,59,173,763,2052,1835,1986,1543,1401,1411,1572,1740,2301,2364,2639,2814,2300,1420,1146,1161,793,427,0,0
2025,2025-09-24,Southbound,All Vehicles,128,116,117,144,365,1182,2477,2819,2394,2611,2037,1872,1771,1775,1950,2462,2759,2613,2115,1288,1010,,602,307,0,0
2025,2025-09-24,Northbound,All Vehicles,172,125,104,100,234,931,2433,2239,2341,1875,1723,1758,1867,2035,2593,2643,2873,3030,2464,1532,1206,1224,831,454,0,0
2025,2025-09-25,Northbound,Light Vehicles,165,91,70,65,172,812,1955,1870,1833,1483,1360,1410,1604,1872,2333,2441,2723,2735,2127,1474,1237,1052,778,450,0,0
2025,2025-09-25,Southbound,Light Vehicles,144,116,75,114,298,921,2095,2560,2186,2173,1728,1414,1476,1530,1629,2132,2393,2645,2037,1242,948,826,508,284,0,0
2025,2025-09-25,Northbound,Heavy Vehicles,24,19,30,49,77,141,407,391,341,340,317,348,286,305,316,286,248,196,156,110,77,56,44,27,0,0
2025,2025-09-25,Southbound,Heavy Vehicles,23,31,21,39,83,186,392,290,283,338,311,296,315,310,332,261,294,251,195,108,64,59,47,40,0,0
2025,2025-09-25,Northbound,All Vehicles,189,110,100,114,249,953,2362,2261,2174,1823,1677,1758,1890,2177,2649,2727,2971,2931,2283,1584,1314,1108,822,477,0,0
2025,2025-09-25,Southbound,All Vehicles,167,147,96,153,381,1107,2487,2850,2469,2511,2039,1710,1791,1840,1961,2393,2687,2896,2232,1350,1012,885,555,324,0,0
2025,2025-09-26,Southbound,Light Vehicles,177,117,85,121,288,932,1912,2494,2248,2100,,1733,1723,1588,1773,2197,2381,2514,2136,1617,914,867,783,486,0,0
2025,2025-09-26,Northbound,Heavy Vehicles,26,34,32,30,73,149,401,360,354,330,343,307,328,284,297,225,230,206,162,128,65,45,52,46,0,0
2025,2025-09-26,Northbound,Light Vehicles,219,114,69,82,186,784,1930,1642,1745,1406,1431,1583,1662,1964,2375,2323,2628,2565,2135,1563,1253,1081,1135,1120,0,0
2025,2025-09-26,Southbound,Heavy Vehicles,33,32,42,36,62,198,376,378,289,326,,385,306,327,314,322,308,249,168,97,75,57,39,31,0,0
2025,2025-09-26,Southbound,All Vehicles,210,149,127,157,350,1130,2288,2872,2537,2426,,2118,2029,1915,2087,2519,2689,2763,2304,1714,989,924,822,517,0,0
2025,2025-09-26,Northbound,All Vehicles,245,148,101,112,259,933,2331,2002,2099,1736,1774,1890,1990,2248,2672,2548,2858,2771,2297,1691,1318,1126,1187,1166,0,0
2025,2025-09-27,Southbound,Heavy Vehicles,25,12,26,22,27,68,152,142,149,213,178,,176,172,,153,138,131,117,66,47,58,34,21,0,0
2025,2025-09-27,Southbound,Light Vehicles,252,132,112,121,180,504,892,1150,1577,2166,2264,,2343,2311,,2030,1973,1904,1644,1184,901,873,728,485,0,0
2025,2025-09-27,Northbound,Heavy Vehicles,23,26,21,24,31,64,214,211,183,146,150,168,153,130,125,149,102,108,104,68,59,52,38,30,0,0
2025,2025-09-27,Northbound,Light Vehicles,400,205,122,75,140,449,1209,1072,1326,1660,1835,2098,1961,2061,2190,2059,1970,2036,1892,1252,1132,1051,872,606,0,0
2025,2025-09-27,Southbound,All Vehicles,277,144,138,143,207,572,1044,1292,1726,2379,2442,,2519,2483,,2183,2111,2035,1761,1250,948,931,762,506,0,0
2025,2025-09-27,Northbound,All Vehicles,423,231,143,99,171,513,1423,1283,1509,1806,1985,2266,2114,2191,2315,2208,2072,2144,1996,1320,1191,1103,910,636,0,0
2025,2025-09-28,Northbound,Heavy Vehicles,18,14,6,17,13,15,54,65,79,81,95,82,61,89,90,109,103,94,78,61,48,35,36,9,0,0
2025,2025-09-28,Southbound,Heavy Vehicles,18,13,12,10,11,30,50,65,74,97,120,97,112,115,110,108,,68,82,60,59,38,36,26,0,0
2025,2025-09-28,Northbound,Light Vehicles,393,237,156,94,108,221,571,565,885,1316,1579,1776,1885,1960,2053,1880,1992,1853,1519,1133,1057,942,617,379,0,0
2025,2025-09-28,Southbound,Light Vehicles,298,181,153,129,174,263,574,856,1229,1828,2157,2035,2039,2093,1805,1862,,1547,1294,997,836,707,516,286,0,0
2025,2025-09-28,Northbound,All Vehicles,411,251,162,111,121,236,625,630,964,1397,1674,1858,1946,2049,2143,1989,2095,1947,1597,1194,1105,977,653,388,0,0
2025,2025-09-28,Southbound,All Vehicles,316,194,165,139,185,293,624,921,1303,1925,2277,2132,2151,2208,1915,1970,,1615,1376,1057,895,745,552,312,0,0
2025,2025-09-29,Southbound,Heavy Vehicles,25,22,18,29,59,173,390,364,316,279,,301,315,321,295,310,258,218,160,98,71,54,26,26,0,0
2025,2025-09-29,Northbound,Light Vehicles,154,99,61,62,200,811,1948,1612,1666,1406,1511,1578,1769,1849,2160,2351,2735,2824,2171,1355,1100,911,686,380,0,0
2025,2025-09-29,Southbound,Light Vehicles,181,86,78,104,304,921,2007,2523,2294,1910,,1595,1515,1581,1661,2051,2026,2192,1641,1069,809,680,428,250,0,0
2025,2025-09-29,Northbound,Heavy Vehicles,20,12,18,34,61,141,405,357,356,371,318,373,348,346,323,324,288,261,187,134,68,56,28,41,0,0
2025,2025-09-29,Southbound,All Vehicles,206,108,96,133,363,1094,2397,2887,2610,2189,,1896,1830,1902,1956,2361,2284,2410,1801,1167,880,734,454,276,0,0
2025,2025-09-29,Northbound,All Vehicles,174,111,79,96,261,952,2353,1969,2022,1777,1829,1951,2117,2195,2483,2675,3023,3085,2358,1489,1168,967,714,421,0,0
2025,2025-09-30,Northbound,Heavy Vehicles,19,19,22,33,76,152,408,399,349,312,344,293,314,302,281,269,247,225,199,112,54,51,42,33,0,0
2025,2025-09-30,Northbound,Light Vehicles,163,102,65,46,168,774,2198,1821,1804,1551,1390,1445,1592,1794,1986,2310,2678,2899,2333,1373,1076,923,751,460,0,0
2025,2025-09-30,Southbound,Light Vehicles,150,89,89,105,264,927,1984,2504,2199,2016,1690,1551,1455,1489,1635,2050,2283,2346,1744,1172,908,710,493,268,0,0
2025,2025-09-30,Southbound,Heavy Vehicles,27,23,22,30,72,198,367,343,257,323,324,334,295,293,303,309,256,234,182,94,77,55,34,35,0,0
2025,2025-09-30,Northbound,All Vehicles,182,121,87,79,244,926,2606,2220,2153,1863,1734,1738,1906,2096,2267,2579,2925,3124,2532,1485,1130,974,793,493,0,0
2025,2025-09-30,Southbound,All Vehicles,177,112,111,135,336,1125,2351,2847,2456,2339,2014,1885,1750,1782,1938,2359,2539,2580,1926,1266,985,765,527,303,0,0
2025,2025-10-01,Southbound,Heavy Vehicles,34,39,43,45,74,215,427,369,,317,266,289,318,317,363,332,306,225,169,97,90,53,45,27,0,0
2025,2025-10-01,Northbound,Light Vehicles,234,113,79,73,155,809,1962,1746,1768,1558,1385,1534,1587,1723,2032,2389,2682,2762,2412,1355,1106,977,768,430,0,0
2025,2025-10-01,Northbound,Heavy Vehicles,37,31,34,27,71,174,384,381,379,345,360,368,283,317,292,290,276,214,197,126,79,55,37,27,0,0
2025,2025-10-01,Southbound,Light Vehicles,167,110,89,116,292,963,1951,2506,,1940,1570,1583,1552,1595,1675,2185,2327,2529,1912,1180,871,770,472,295,0,0
2025,2025-10-01,Southbound,All Vehicles,201,149,132,161,366,1178,2378,2875,,2257,1836,1872,1870,1912,2038,2517,2633,2754,2081,1277,961,823,517,322,0,0
2025,2025-10-01,Northbound,All Vehicles,271,144,113,100,226,983,2346,2127,2147,1903,1745,1902,1870,2040,2324,2679,2958,2976,2609,1481,1185,1032,805,457,0,0
2025,2025-10-02,Northbound,Heavy Vehicles,27,19,35,40,90,156,410,390,360,377,347,356,284,328,319,282,254,227,177,108,79,59,37,27,0,0
2025,2025-10-02,Southbound,Light Vehicles,150,119,94,119,277,918,1991,2487,2376,2015,1674,1608,1382,1571,1715,2329,2284,2487,1829,1148,907,771,549,279,0,0
2025,2025-10-02,Southbound,Heavy Vehicles,18,28,30,30,82,202,422,349,285,289,330,341,293,322,352,360,319,251,145,84,74,41,47,35,0,0
2025,2025-10-02,Northbound,Light Vehicles,199,102,73,74,176,811,2012,1556,1654,1534,1423,1510,1658,1725,2119,2296,2732,2807,2124,1434,1205,1015,793,486,0,0
2025,2025-10-02,Northbound,All Vehicles,226,121,108,114,266,967,2422,1946,2014,1911,1770,1866,1942,2053,2438,2578,2986,3034,2301,1542,1284,1074,830,513,0,0
2025,2025-10-02,Southbound,All Vehicles,168,147,124,149,359,1120,2413,2836,2661,2304,2004,1949,1675,1893,2067,2689,2603,2738,1974,1232,981,812,596,314,0,0
2025,2025-10-03,Southbound,Heavy Vehicles,37,24,38,47,62,192,358,328,298,288,297,326,291,299,343,307,282,202,154,112,72,42,44,32,0,0
2025,2025-10-03,Northbound,Light Vehicles,251,116,86,91,168,792,1931,1431,1584,1418,1445,1619,1798,1960,2248,2388,2611,2603,2105,1593,1202,1021,849,703,0,0
2025,2025-10-03,Northbound,Heavy Vehicles,23,19,38,32,70,153,384,340,356,354,334,311,309,318,302,270,225,201,169,120,78,46,46,25,0,0
2025,2025-10-03,Southbound,Light Vehicles,190,118,91,124,282,909,1799,2174,2200,1975,1889,1768,1774,1748,1844,2094,2313,2138,1837,1321,983,796,646,433,0,0
2025,2025-10-03,Southbound,All Vehicles,227,142,129,171,344,1101,2157,2502,2498,2263,2186,2094,2065,2047,2187,2401,2595,2340,1991,1433,1055,838,690,465,0,0
2025,2025-10-03,Northbound,All Vehicles,274,135,124,123,238,945,2315,1771,1940,1772,1779,1930,2107,2278,2550,2658,2836,2804,2274,1713,1280,1067,895,728,0,0
2025,2025-10-04,Northbound,Heavy Vehicles,25,18,17,22,31,59,170,163,152,139,166,141,163,131,142,128,118,124,85,82,57,38,35,32,0,0
2025,2025-10-04,Southbound,Heavy Vehicles,19,16,25,13,23,37,74,79,88,107,91,99,96,,76,78,51,,57,,35,37,30,21,0,0
2025,2025-10-04,Northbound,Light Vehicles,388,186,127,104,146,366,1079,1010,1201,1503,1705,1933,1908,2034,2131,2359,2237,2159,1738,1533,1150,1066,904,1064,0,0
2025,2025-10-04,Southbound,Light Vehicles,190,109,100,92,142,348,543,668,769,1112,1306,1309,1286,,1382,1351,1142,,923,,603,542,599,577,0,0
2025,2025-10-04,Northbound,All Vehicles,413,204,144,126,177,425,1249,1173,1353,1642,1871,2074,2071,2165,2273,2487,2355,2283,1823,1615,1207,1104,939,1096,0,0
2025,2025-10-04,Southbound,All Vehicles,209,125,125,105,165,385,617,747,857,1219,1397,1408,1382,,1458,1429,1193,,980,,638,579,629,598,0,0
2025,2025-10-05,Southbound,Light Vehicles,608,247,,146,180,246,478,632,995,1574,1907,1928,1987,1936,1812,1864,1770,1633,1386,1054,948,979,854,592,0,0
2025,2025-10-05,Southbound,Heavy Vehicles,15,11,,8,17,26,52,49,64,101,107,95,115,118,115,143,126,137,112,59,46,52,48,31,0,0
2025,2025-10-05,Northbound,Heavy Vehicles,30,20,,9,21,27,44,58,69,73,81,104,85,91,105,117,112,96,85,69,43,54,126,53,0,0
2025,2025-10-05,Northbound,Light Vehicles,850,290,,185,142,212,422,487,721,1144,1455,1701,1595,1772,1726,1759,1717,1711,1552,1222,1023,1123,1798,859,0,0
2025,2025-10-05,Southbound,All Vehicles,623,258,,154,197,272,530,681,1059,1675,2014,2023,2102,2054,1927,2007,1896,1770,1498,1113,994,1031,902,623,0,0
2025,2025-10-05,Northbound,All Vehicles,880,310,,194,163,239,466,545,790,1217,1536,1805,1680,1863,1831,1876,1829,1807,1637,1291,1066,1177,1924,912,0,0
2025,2025-10-06,Southbound,Heavy Vehicles,16,12,5,15,13,15,29,49,49,61,76,74,66,82,64,58,67,59,62,42,45,38,33,28,0,0
2025,2025-10-06,Southbound,Light Vehicles,226,142,119,86,101,189,318,338,497,738,939,1042,1014,952,964,979,902,920,722,684,668,541,378,204,0,0
2025,2025-10-06,Southbound,All Vehicles,242,154,124,101,114,204,347,387,546,799,1015,1116,1080,1034,1028,1037,969,979,784,726,713,579,411,232,0,0
2025,2025-10-07,Northbound,Heavy Vehicles,20,19,13,28,57,123,361,348,355,357,311,289,280,263,273,267,263,233,166,109,76,61,46,25,0,0
2025,2025-10-07,Southbound,Heavy Vehicles,29,26,22,31,56,155,330,336,278,280,277,296,264,301,294,282,288,241,143,90,66,62,33,32,0,0
2025,2025-10-07,Northbound,Light Vehicles,158,93,75,53,144,633,1673,1609,1819,1501,1323,1421,1549,1664,1984,2286,2745,2857,2118,1248,1085,927,766,405,0,0
2025,2025-10-07,Southbound,Light Vehicles,157,78,85,109,253,869,1844,2440,2499,1908,1565,1566,1478,1438,1663,1976,2135,2291,1555,1090,838,750,514,245,0,0
2025,2025-10-07,Northbound,All Vehicles,178,112,88,81,201,756,2034,1957,2174,1858,1634,1710,1829,1927,2257,2553,3008,3090,2284,1357,1161,988,812,430,0,0
2025,2025-10-07,Southbound,All Vehicles,186,104,107,140,309,1024,2174,2776,2777,2188,1842,1862,1742,1739,1957,2258,2423,2532,1698,1180,904,812,547,277,0,0
2025,2025-10-08,Northbound,Heavy Vehicles,21,21,33,25,71,150,402,391,351,390,340,282,286,303,350,273,238,223,181,118,69,68,52,31,0,0
2025,2025-10-08,Southbound,Light Vehicles,147,94,91,109,279,859,1847,2535,2478,2005,1746,1561,1535,1647,1714,2190,2504,2400,2064,1195,934,780,511,296,0,0
2025,2025-10-08,Southbound,Heavy Vehicles,26,19,28,35,74,158,376,388,283,311,325,321,325,313,295,366,314,251,202,102,78,46,43,40,0,0
2025,2025-10-08,Northbound,Light Vehicles,180,88,77,70,156,758,1865,1585,1809,1521,1385,1367,1552,1696,2046,2372,2681,2897,2261,1413,1153,1264,983,446,0,0
2025,2025-10-08,Northbound,All Vehicles,201,109,110,95,227,908,2267,1976,2160,1911,1725,1649,1838,1999,2396,2645,2919,3120,2442,1531,1222,1332,1035,477,0,0
2025,2025-10-08,Southbound,All Vehicles,173,113,119,144,353,1017,2223,2923,2761,2316,2071,1882,1860,1960,2009,2556,2818,2651,2266,1297,1012,826,554,336,0,0
2025,2025-10-09,Northbound,Heavy Vehicles,17,17,26,37,73,145,375,428,360,320,345,326,265,313,277,264,320,225,178,111,94,62,39,34,0,0
2025,2025-10-09,Northbound,Light Vehicles,197,108,60,76,173,720,1927,1631,1827,1449,1430,1428,1575,1689,2128,2250,2713,2747,2241,1361,1279,1107,860,449,0,0
2025,2025-10-09,Southbound,Heavy Vehicles,23,26,23,37,73,164,377,389,296,286,327,318,303,302,336,336,293,245,197,100,88,52,41,37,0,0
2025,2025-10-09,Southbound,Light Vehicles,176,114,85,103,254,844,1836,2438,2372,1995,1719,1621,1536,1563,1733,2213,2398,2493,1885,1195,969,820,554,312,0,0
2025,2025-10-09,Northbound,All Vehicles,214,125,86,113,246,865,2302,2059,2187,1769,1775,1754,1840,2002,2405,2514,3033,2972,2419,1472,1373,1169,899,483,0,0
2025,2025-10-09,Southbound,All Vehicles,199,140,108,140,327,1008,2213,2827,2668,2281,2046,1939,1839,1865,2069,2549,2691,2738,2082,1295,1057,872,595,349,0,0
2025,2025-10-10,Southbound,Heavy Vehicles,33,28,40,45,71,184,347,430,297,348,320,389,352,322,356,317,317,234,173,122,82,57,39,43,0,0
2025,2025-10-10,Southbound,Light Vehicles,201,101,95,106,250,825,1790,2290,2334,2160,1868,1763,1695,1676,1859,2199,2345,2483,1866,1417,996,946,759,465,0,0
2025,2025-10-10,Northbound,Heavy Vehicles,29,18,34,42,67,142,392,410,340,354,359,357,329,309,302,327,236,224,205,117,54,61,41,35,0,0
2025,2025-10-10,Northbound,Light Vehicles,199,111,91,81,146,697,1856,1668,1666,1437,1442,1623,1737,1892,2127,2388,2663,2726,2163,1476,1210,1116,1035,740,0,0
2025,2025-10-10,Southbound,All Vehicles,234,129,135,151,321,1009,2137,2720,2631,2508,2188,2152,2047,1998,2215,2516,2662,2717,2039,1539,1078,1003,798,508,0,0
2025,2025-10-10,Northbound,All Vehicles,228,129,125,123,213,839,2248,2078,2006,1791,1801,1980,2066,2201,2429,2715,2899,2950,2368,1593,1264,1177,1076,775,0,0
2025,2025-10-11,Southbound,Light Vehicles,261,159,120,119,155,473,864,1212,1532,2045,2159,2378,2382,2431,2174,2297,2438,2032,1649,1264,1022,879,797,488,0,0
2025,2025-10-11,Northbound,Light Vehicles,371,200,136,97,115,416,1129,1012,1180,1502,1760,1862,1915,2235,2113,1981,2069,2115,1900,1416,1609,2082,1054,728,0,0
2025,2025-10-11,Southbound,Heavy Vehicles,30,22,25,18,31,48,154,161,139,180,170,200,186,160,142,171,168,148,125,88,74,49,44,40,0,0
2025,2025-10-11,Northbound,Heavy Vehicles,25,16,21,25,18,59,188,186,187,157,137,166,150,160,134,125,129,111,91,80,103,94,37,44,0,0
2025,2025-10-11,Southbound,All Vehicles,291,181,145,137,186,521,1018,1373,1671,2225,2329,2578,2568,2591,2316,2468,2606,2180,1774,1352,1096,928,841,528,0,0
2025,2025-10-11,Northbound,All Vehicles,396,216,157,122,133,475,1317,1198,1367,1659,1897,2028,2065,2395,2247,2106,2198,2226,1991,1496,1712,2176,1091,772,0,0
2025,2025-10-12,Southbound,Heavy Vehicles,20,9,10,5,9,21,42,60,80,108,104,115,110,107,118,105,98,93,99,76,,,49,13,0,0
2025,2025-10-12,Northbound,Light Vehicles,400,215,130,124,107,204,435,584,815,1220,1513,1681,1716,1881,2009,2029,1864,1867,1378,1067,1047,879,695,653,0,0
2025,2025-10-12,Northbound,Heavy Vehicles,15,16,14,10,11,33,59,70,83,78,84,93,82,96,117,109,91,74,75,66,50,56,41,27,0,0
2025,2025-10-12,Southbound,Light Vehicles,311,188,135,121,132,256,528,778,1191,1707,2012,1992,1883,1936,1896,1693,1782,1599,1317,981,,,570,329,0,0
2025,2025-10-12,Southbound,All Vehicles,331,197,145,126,141,277,570,838,1271,1815,2116,2107,1993,2043,2014,1798,1880,1692,1416,1057,,,619,342,0,0
2025,2025-10-12,Northbound,All Vehicles,415,231,144,134,118,237,494,654,898,1298,1597,1774,1798,1977,2126,2138,1955,1941,1453,1133,1097,935,736,680,0,0
2025,2025-10-13,Northbound,Light Vehicles,205,84,93,78,147,756,1975,1673,1843,1457,1301,1378,1472,1706,1899,2337,2773,2929,2241,1413,1204,952,684,323,0,0
2025,2025-10-13,Northbound,Heavy Vehicles,22,15,19,38,62,135,333,379,384,350,310,292,320,321,279,274,262,233,188,108,73,42,45,15,0,0
2025,2025-10-13,Southbound,Light Vehicles,181,89,80,99,244,890,1929,2543,2179,,1666,,1386,1372,1548,2149,,2337,1787,1177,866,695,466,238,0,0
2025,2025-10-13,Southbound,Heavy Vehicles,25,17,29,41,59,159,347,317,288,,303,,321,300,338,309,,224,153,101,67,51,40,37,0,0
2025,2025-10-13,Northbound,All Vehicles,227,99,112,116,209,891,2308,2052,2227,1807,1611,1670,1792,2027,2178,2611,3035,3162,2429,1521,1277,994,729,338,0,0
2025,2025-10-13,Southbound,All Vehicles,206,106,109,140,303,1049,2276,2860,2467,,1969,,1707,1672,1886,2458,,2561,1940,1278,933,746,506,275,0,0
2025,2025-10-14,Northbound,Light Vehicles,146,87,76,64,163,775,1950,1850,2019,1652,1487,1411,1517,1858,2197,2309,2718,2819,2239,1551,1179,1012,927,1031,0,0
2025,2025-10-14,Southbound,Heavy Vehicles,33,18,25,36,56,176,362,326,236,296,298,288,315,300,330,328,300,214,191,107,88,59,44,47,0,0
2025,2025-10-14,Northbound,Heavy Vehicles,19,21,25,34,57,133,371,393,353,337,345,296,309,327,327,281,268,225,185,131,74,59,48,54,0,0
2025,2025-10-14,Southbound,Light Vehicles,123,86,97,111,277,870,2024,2487,2061,2133,1652,1394,1347,1465,1655,2312,2477,2570,2143,1411,965,778,583,339,0,0
2025,2025-10-14,Northbound,All Vehicles,165,108,101,98,220,908,2321,2243,2372,1989,1832,1707,1826,2185,2524,2590,2986,3044,2424,1682,1253,1071,975,1085,0,0
2025,2025-10-14,Southbound,All Vehicles,156,104,122,147,333,1046,2386,2813,2297,2429,1950,1682,1662,1765,1985,2640,2777,2784,2334,1518,1053,837,627,386,0,0
2025,2025-10-15,Southbound,Heavy Vehicles,33,24,32,51,66,188,371,338,260,340,303,335,319,338,297,324,315,254,,113,81,62,41,44,0,0
2025,2025-10-15,Northbound,Light Vehicles,234,102,68,70,161,807,1977,1874,2006,1594,1424,1357,1560,1712,2159,2304,2576,2785,2207,1507,1327,1002,876,1025,0,0
2025,2025-10-15,Northbound,Heavy Vehicles,28,20,28,38,75,142,373,401,346,364,379,347,298,282,347,245,250,228,184,127,84,49,47,64,0,0
2025,2025-10-15,Southbound,Light Vehicles,159,95,75,110,256,899,1997,2434,2148,2222,1594,1490,1367,1469,1684,2090,2436,2565,,1534,969,844,563,355,0,0
2025,2025-10-15,Southbound,All Vehicles,192,119,107,161,322,1087,2368,2772,2408,2562,1897,1825,1686,1807,1981,2414,2751,2819,,1647,1050,906,604,399,0,0
2025,2025-10-15,Northbound,All Vehicles,262,122,96,108,236,949,2350,2275,2352,1958,1803,1704,1858,1994,2506,2549,2826,3013,2391,1634,1411,1051,923,1089,0,0
2025,2025-10-16,Southbound,Light Vehicles,170,107,81,106,246,862,1958,2528,2111,2245,1606,1546,1374,1471,1655,2175,2391,2564,2157,,1009,902,667,417,0,0
2025,2025-10-16,Northbound,Heavy Vehicles,28,28,23,50,84,146,407,423,353,339,403,328,333,324,315,323,239,216,197,129,84,66,45,50,0,0
2025,2025-10-16,Southbound,Heavy Vehicles,27,25,25,42,72,163,362,335,262,349,311,341,329,294,330,354,321,248,183,,78,55,73,41,0,0
2025,2025-10-16,Northbound,Light Vehicles,262,91,73,65,162,834,2034,1844,1885,1666,1433,1454,1526,1674,2050,2421,2681,2620,2158,1405,1320,1155,989,1103,0,0
2025,2025-10-16,Southbound,All Vehicles,197,132,106,148,318,1025,2320,2863,2373,2594,1917,1887,1703,1765,1985,2529,2712,2812,2340,,1087,957,740,458,0,0
2025,2025-10-16,Northbound,All Vehicles,290,119,96,115,246,980,2441,2267,2238,2005,1836,1782,1859,1998,2365,2744,2920,2836,2355,1534,1404,1221,1034,1153,0,0
2025,2025-10-17,Southbound,Light Vehicles,183,118,98,129,275,883,1925,2456,2402,2178,1814,1624,1629,1556,1677,2175,2318,2340,1920,1341,967,827,,423,0,0
2025,2025-10-17,Northbound,Light Vehicles,225,129,99,79,146,767,1962,1793,1851,1562,1427,1600,1733,2036,2433,2353,2615,2789,2020,1430,1247,1112,973,684,0,0
2025,2025-10-17,Southbound,Heavy Vehicles,42,31,28,50,67,171,361,343,287,310,320,365,318,285,316,336,320,217,150,98,85,56,,25,0,0
2025,2025-10-17,Northbound,Heavy Vehicles,27,32,27,36,69,148,357,380,341,366,340,361,370,355,318,309,222,192,174,98,70,48,44,33,0,0
2025,2025-10-17,Southbound,All Vehicles,225,149,126,179,342,1054,2286,2799,2689,2488,2134,1989,1947,1841,1993,2511,2638,2557,2070,1439,1052,883,,448,0,0
2025,2025-10-17,Northbound,All Vehicles,252,161,126,115,215,915,2319,2173,2192,1928,1767,1961,2103,2391,2751,2662,2837,2981,2194,1528,1317,1160,1017,717,0,0
2025,2025-10-18,Southbound,Heavy Vehicles,35,21,25,21,39,66,151,147,137,181,180,168,218,169,174,185,123,143,102,84,73,59,79,32,0,0
2025,2025-10-18,Northbound,Heavy Vehicles,21,21,23,26,31,45,221,183,173,170,164,141,163,151,144,118,130,136,106,90,62,49,65,54,0,0
2025,2025-10-18,Southbound,Light Vehicles,261,149,128,114,175,455,922,1281,1633,2216,2302,2425,2498,2485,2382,2296,1970,1702,1659,1476,1152,991,1068,756,0,0
2025,2025-10-18,Northbound,Light Vehicles,358,172,119,87,128,463,1135,1149,1303,1654,1904,1980,2090,2228,2279,2224,2235,2358,2070,1508,1201,1138,1320,1635,0,0
2025,2025-10-18,Southbound,All Vehicles,296,170,153,135,214,521,1073,1428,1770,2397,2482,2593,2716,2654,2556,2481,2093,1845,1761,1560,1225,1050,1147,788,0,0
2025,2025-10-18,Northbound,All Vehicles,379,193,142,113,159,508,1356,1332,1476,1824,2068,2121,2253,2379,2423,2342,2365,2494,2176,1598,1263,1187,1385,1689,0,0
2025,2025-10-19,Northbound,Heavy Vehicles,31,17,18,12,10,25,57,76,85,87,97,108,104,87,111,92,94,88,100,86,53,56,35,18,0,0
2025,2025-10-19,Southbound,Heavy Vehicles,21,12,8,11,15,26,57,86,66,113,112,111,130,104,105,105,119,105,108,75,75,60,49,19,0,0
2025,2025-10-19,Northbound,Light Vehicles,856,291,163,126,91,202,482,576,884,1369,1601,1769,1916,1910,1902,1938,1909,1788,1786,1312,1140,1039,688,361,0,0
2025,2025-10-19,Southbound,Light Vehicles,453,246,141,141,118,271,527,818,1196,1784,2147,1948,2056,2004,1977,1954,1803,1597,1339,1086,1043,772,555,310,0,0
2025,2025-10-19,Northbound,All Vehicles,887,308,181,138,101,227,539,652,969,1456,1698,1877,2020,1997,2013,2030,2003,1876,1886,1398,1193,1095,723,379,0,0
2025,2025-10-19,Southbound,All Vehicles,474,258,149,152,133,297,584,904,1262,1897,2259,2059,2186,2108,2082,2059,1922,1702,1447,1161,1118,832,604,329,0,0
2025,2025-10-20,Southbound,Light Vehicles,178,93,77,106,276,915,1994,2545,2085,2039,1613,1410,1413,1382,1536,2044,2110,2300,1633,1165,908,683,454,231,0,0
2025,2025-10-20,Northbound,Heavy Vehicles,18,16,20,32,65,129,370,403,349,341,311,334,295,275,322,292,286,234,159,102,86,56,37,22,0,0
2025,2025-10-20,Southbound,Heavy Vehicles,25,23,26,33,61,191,353,323,243,323,326,284,314,301,322,312,289,205,152,101,66,64,35,31,0,0
2025,2025-10-20,Northbound,Light Vehicles,199,119,78,66,177,748,1981,1701,1932,1432,1279,1373,1561,1606,2097,2177,2713,2858,1974,1287,1142,964,708,342,0,0
2025,2025-10-20,Southbound,All Vehicles,203,116,103,139,337,1106,2347,2868,2328,2362,1939,1694,1727,1683,1858,2356,2399,2505,1785,1266,974,747,489,262,0,0
2025,2025-10-20,Northbound,All Vehicles,217,135,98,98,242,877,2351,2104,2281,1773,1590,1707,1856,1881,2419,2469,2999,3092,2133,1389,1228,1020,745,364,0,0
2025,2025-10-21,Northbound,Heavy Vehicles,16,21,22,32,70,158,406,428,358,335,363,346,302,333,302,264,280,199,191,110,71,40,44,38,0,0
2025,2025-10-21,Northbound,Light Vehicles,205,106,78,59,158,754,1990,1977,1947,1598,1371,1361,1568,1643,2054,2336,2773,2832,2249,1384,1234,986,766,403,0,0
2025,2025-10-21,Southbound,Light Vehicles,134,94,93,100,247,923,2057,2395,2018,2140,1574,1479,1394,1468,,2116,2374,2411,1784,1218,,725,511,292,0,0
2025,2025-10-21,Southbound,Heavy Vehicles,24,15,23,23,65,168,416,312,249,310,353,335,317,302,,335,304,261,182,87,,59,49,41,0,0
2025,2025-10-21,Northbound,All Vehicles,221,127,100,91,228,912,2396,2405,2305,1933,1734,1707,1870,1976,2356,2600,3053,3031,2440,1494,1305,1026,810,441,0,0
2025,2025-10-21,Southbound,All Vehicles,158,109,116,123,312,1091,2473,2707,2267,2450,1927,1814,1711,1770,,2451,2678,2672,1966,1305,,784,560,333,0,0
2025,2025-10-22,Southbound,Light Vehicles,153,100,70,117,274,940,2077,2416,2072,2200,1724,1468,1455,1567,1601,2322,2241,2498,2071,1233,961,812,,273,0,0
2025,2025-10-22,Northbound,Light Vehicles,158,95,55,79,180,762,1938,1862,1947,1485,1270,1420,1546,1754,2223,2303,2709,2888,2170,1358,1193,1615,813,404,0,0
2025,2025-10-22,Southbound,Heavy Vehicles,32,24,37,46,71,199,384,322,245,295,312,321,301,315,330,316,295,224,145,111,72,50,,39,0,0
2025,2025-10-22,Northbound,Heavy Vehicles,16,23,27,42,73,151,333,419,336,340,320,320,288,291,341,277,248,238,138,107,87,59,44,29,0,0
2025,2025-10-22,Southbound,All Vehicles,185,124,107,163,345,1139,2461,2738,2317,2495,2036,1789,1756,1882,1931,2638,2536,2722,2216,1344,1033,862,,312,0,0
2025,2025-10-22,Northbound,All Vehicles,174,118,82,121,253,913,2271,2281,2283,1825,1590,1740,1834,2045,2564,2580,2957,3126,2308,1465,1280,1674,857,433,0,0
2025,2025-10-23,Southbound,Light Vehicles,170,118,101,112,251,896,2104,2469,2013,2180,1734,1520,1466,1524,1697,2197,2368,2568,1898,1368,1007,826,600,311,0,0
2025,2025-10-23,Southbound,Heavy Vehicles,26,23,24,31,77,188,420,321,214,289,317,347,314,331,315,333,319,243,187,101,86,73,50,42,0,0
2025,2025-10-23,Northbound,Heavy Vehicles,17,22,27,37,78,171,393,458,325,320,347,329,314,284,280,300,267,251,201,115,91,61,42,23,0,0
2025,2025-10-23,Northbound,Light Vehicles,192,104,82,81,171,759,1942,1939,1909,1518,1341,1553,1635,1763,2253,2443,2680,2821,2223,1502,1327,1057,890,537,0,0
2025,2025-10-23,Southbound,All Vehicles,196,141,125,143,328,1084,2524,2790,2227,2469,2051,1867,1780,1855,2012,2530,2687,2811,2085,1469,1093,899,650,353,0,0
2025,2025-10-23,Northbound,All Vehicles,209,126,109,118,249,930,2335,2397,2234,1838,1688,1882,1949,2047,2533,2743,2947,3072,2424,1617,1418,1118,932,560,0,0
2025,2025-10-24,Northbound,Heavy Vehicles,30,20,34,32,85,152,389,363,363,367,349,356,306,316,308,255,254,212,158,127,86,64,39,38,0,0
2025,2025-10-24,Southbound,Heavy Vehicles,32,39,34,53,50,191,353,314,307,315,352,341,331,340,308,331,292,259,175,118,80,64,38,31,0,0
2025,2025-10-24,Northbound,Light Vehicles,216,93,87,82,164,778,1945,1766,1775,1511,1320,1542,1733,1788,2198,2373,2616,2796,2201,1573,1255,1274,973,752,0,0
2025,2025-10-24,Southbound,Light Vehicles,194,118,93,121,266,853,2030,2554,2348,2186,1829,1654,1615,1570,1734,2136,2331,2492,1988,1398,1052,853,683,452,0,0
2025,2025-10-24,Northbound,All Vehicles,246,113,121,114,249,930,2334,2129,2138,1878,1669,1898,2039,2104,2506,2628,2870,3008,2359,1700,1341,1338,1012,790,0,0
2025,2025-10-24,Southbound,All Vehicles,226,157,127,174,316,1044,2383,2868,2655,2501,2181,1995,1946,1910,2042,2467,2623,2751,2163,1516,1132,917,721,483,0,0
2025,2025-10-25,Southbound,Heavy Vehicles,22,22,16,29,38,62,145,148,180,198,176,181,188,204,171,188,140,161,138,88,65,40,43,38,0,0
2025,2025-10-25,Southbound,Light Vehicles,269,162,133,128,165,478,957,1324,1610,2243,2416,2580,2596,2547,2311,2377,2221,2385,1939,1295,1028,991,1012,699,0,0
2025,2025-10-25,Northbound,Light Vehicles,374,205,135,92,140,431,1126,1138,1322,1650,1937,2065,2133,2339,2210,2176,2156,2079,1832,1379,1252,1209,1550,1020,0,0
2025,2025-10-25,Northbound,Heavy Vehicles,12,14,30,24,33,57,177,194,169,155,191,156,138,165,124,113,137,137,99,76,55,57,50,55,0,0
2025,2025-10-25,Southbound,All Vehicles,291,184,149,157,203,540,1102,1472,1790,2441,2592,2761,2784,2751,2482,2565,2361,2546,2077,1383,1093,1031,1055,737,0,0
2025,2025-10-25,Northbound,All Vehicles,386,219,165,116,173,488,1303,1332,1491,1805,2128,2221,2271,2504,2334,2289,2293,2216,1931,1455,1307,1266,1600,1075,0,0
2025,2025-10-26,Northbound,Heavy Vehicles,21,12,15,22,19,24,48,71,85,68,86,97,89,100,85,99,96,83,89,74,54,45,39,25,0,0
2025,2025-10-26,Southbound,Heavy Vehicles,33,19,14,10,17,22,56,68,76,107,116,114,116,131,107,100,94,93,93,65,72,47,45,36,0,0
2025,2025-10-26,Northbound,Light Vehicles,490,222,159,104,93,198,457,578,818,1382,1615,1870,1880,2059,1954,1960,1955,1902,1622,1432,1122,968,737,407,0,0
2025,2025-10-26,Southbound,Light Vehicles,393,208,140,136,132,313,576,828,1269,1848,2184,2066,2127,2097,2062,2308,1812,1569,1381,1084,928,774,609,416,0,0
2025,2025-10-26,Northbound,All Vehicles,511,234,174,126,112,222,505,649,903,1450,1701,1967,1969,2159,2039,2059,2051,1985,1711,1506,1176,1013,776,432,0,0
2025,2025-10-26,Southbound,All Vehicles,426,227,154,146,149,335,632,896,1345,1955,2300,2180,2243,2228,2169,2408,1906,1662,1474,1149,1000,821,654,452,0,0
2025,2025-10-27,Northbound,Heavy Vehicles,22,21,22,31,63,141,380,411,375,396,330,327,319,315,319,267,278,239,189,102,86,56,34,18,0,0
2025,2025-10-27,Southbound,Heavy Vehicles,32,31,17,40,71,197,391,330,266,316,331,326,311,307,323,285,294,250,149,123,,45,32,25,0,0
2025,2025-10-27,Southbound,Light Vehicles,204,113,91,104,276,917,2077,2464,2023,1985,1640,1410,1415,1445,1581,1964,2290,2379,1680,1145,,629,440,213,0,0
2025,2025-10-27,Northbound,Light Vehicles,166,91,83,68,177,751,1999,1640,1887,1422,1265,1342,1514,1632,2126,2265,2727,2859,2150,1352,1178,894,621,350,0,0
2025,2025-10-27,Northbound,All Vehicles,188,112,105,99,240,892,2379,2051,2262,1818,1595,1669,1833,1947,2445,2532,3005,3098,2339,1454,1264,950,655,368,0,0
2025,2025-10-27,Southbound,All Vehicles,236,144,108,144,347,1114,2468,2794,2289,2301,1971,1736,1726,1752,1904,2249,2584,2629,1829,1268,,674,472,238,0,0
2025,2025-10-28,Northbound,Light Vehicles,159,94,59,67,157,747,1919,1876,1949,1528,1254,1332,1445,1696,2138,2366,2787,2887,2224,1360,1151,964,683,363,0,0
2025,2025-10-28,Northbound,Heavy Vehicles,14,25,25,32,65,146,383,415,319,362,304,291,263,326,289,293,251,223,185,83,65,54,51,34,0,0
2025,2025-10-28,Northbound,All Vehicles,173,119,84,99,222,893,2302,2291,2268,1890,1558,1623,1708,2022,2427,2659,3038,3110,2409,1443,1216,1018,734,397,0,0
2025,2025-10-29,Southbound,Light Vehicles,,,,116,290,894,1960,2399,2011,2115,1723,1524,1425,1410,1620,1938,2304,2328,1714,1113,878,701,516,253,0,0
2025,2025-10-29,Northbound,Heavy Vehicles,25,19,24,35,63,142,350,365,306,312,320,330,303,252,309,264,234,232,163,107,74,64,51,18,0,0
2025,2025-10-29,Northbound,Light Vehicles,171,115,65,70,156,735,1891,1846,1878,1595,1428,1429,1443,1646,2198,2373,2592,2793,2199,1316,1244,954,744,331,0,0
2025,2025-10-29,Southbound,Heavy Vehicles,,,,44,54,183,390,314,250,270,321,296,309,287,330,278,268,207,136,96,73,56,41,21,0,0
2025,2025-10-29,Southbound,All Vehicles,,,,160,344,1077,2350,2713,2261,2385,2044,1820,1734,1697,1950,2216,2572,2535,1850,1209,951,757,557,274,0,0
2025,2025-10-29,Northbound,All Vehicles,196,134,89,105,219,877,2241,2211,2184,1907,1748,1759,1746,1898,2507,2637,2826,3025,2362,1423,1318,1018,795,349,0,0
2025,2025-10-30,Southbound,Heavy Vehicles,35,24,29,25,58,180,381,334,238,302,313,309,324,313,303,325,274,241,164,105,92,60,45,46,0,0
2025,2025-10-30,Southbound,Light Vehicles,181,112,83,124,273,889,2009,2415,2145,2174,1615,1480,1470,1413,1585,2076,2517,2506,2044,1311,1012,841,589,291,0,0
2025,2025-10-30,Northbound,Heavy Vehicles,22,12,17,37,83,126,350,346,313,332,328,310,298,296,278,283,253,232,183,132,90,55,39,27,0,0
2025,2025-10-30,Northbound,Light Vehicles,184,87,68,55,150,726,1880,1681,1823,1352,1294,1456,1587,1789,2073,2328,2650,2883,2295,1491,1356,1080,943,439,0,0
2025,2025-10-30,Southbound,All Vehicles,216,136,112,149,331,1069,2390,2749,2383,2476,1928,1789,1794,1726,1888,2401,2791,2747,2208,1416,1104,901,634,337,0,0
2025,2025-10-30,Northbound,All Vehicles,206,99,85,92,233,852,2230,2027,2136,1684,1622,1766,1885,2085,2351,2611,2903,3115,2478,1623,1446,1135,982,466,0,0
2025,2025-10-31,Northbound,Heavy Vehicles,21,26,26,25,61,136,380,392,358,393,321,315,298,301,289,308,245,202,157,85,79,46,36,33,0,0
2025,2025-10-31,Southbound,Heavy Vehicles,36,27,31,34,49,177,358,324,312,317,321,332,299,303,309,305,302,237,160,87,79,50,44,33,0,0
2025,2025-10-31,Northbound,Light Vehicles,204,107,89,84,145,726,1940,1719,1762,1424,1329,1509,1708,1855,2220,2590,2672,2757,2190,1397,1189,1084,1013,713,0,0
2025,2025-10-31,Southbound,Light Vehicles,175,117,114,115,261,854,1948,2491,2377,2018,1816,1601,1556,1590,1762,2192,2523,2554,2042,1302,941,891,701,447,0,0
2025,2025-10-31,Northbound,All Vehicles,225,133,115,109,206,862,2320,2111,2120,1817,1650,1824,2006,2156,2509,2898,2917,2959,2347,1482,1268,1130,1049,746,0,0
2025,2025-10-31,Southbound,All Vehicles,211,144,145,149,310,1031,2306,2815,2689,2335,2137,1933,1855,1893,2071,2497,2825,2791,2202,1389,1020,941,745,480,0,0
2025,2025-11-01,Southbound,Light Vehicles,321,163,136,143,201,438,930,1324,1662,2187,2380,2199,2503,2326,2311,2260,2096,2192,1861,1252,1038,976,927,533,0,0
2025,2025-11-01,Northbound,Heavy Vehicles,19,25,15,17,24,46,148,222,156,170,178,160,139,139,144,140,113,137,97,72,73,39,31,37,0,0
2025,2025-11-01,Northbound,Light Vehicles,392,238,171,85,135,408,1082,1016,1128,1581,1878,1966,2206,2147,2383,2117,2199,2044,1882,1416,1147,1212,1426,851,0,0
2025,2025-11-01,Southbound,Heavy Vehicles,38,13,20,20,24,71,164,155,159,161,183,167,170,169,188,127,144,126,95,71,47,50,35,34,0,0
2025,2025-11-01,Southbound,All Vehicles,359,176,156,163,225,509,1094,1479,1821,2348,2563,2366,2673,2495,2499,2387,2240,2318,1956,1323,1085,1026,962,567,0,0
2025,2025-11-01,Northbound,All Vehicles,411,263,186,102,159,454,1230,1238,1284,1751,2056,2126,2345,2286,2527,2257,2312,2181,1979,1488,1220,1251,1457,888,0,0
2025,2025-11-02,Northbound,Heavy Vehicles,18,13,15,14,14,28,38,47,67,84,78,96,83,101,106,116,100,85,82,80,61,51,48,22,0,0
2025,2025-11-02,Southbound,Heavy Vehicles,14,13,10,19,24,26,46,70,75,102,115,105,118,126,122,104,93,91,76,76,,55,41,25,0,0
2025,2025-11-02,Southbound,Light Vehicles,350,224,157,129,141,266,530,815,1330,1732,2060,2052,2138,2147,1912,1993,1934,1747,1574,1164,,882,645,312,0,0
2025,2025-11-02,Northbound,Light Vehicles,471,283,163,100,108,195,442,525,781,1206,1497,1753,1929,1943,2039,2053,2037,1944,1620,1292,1135,1030,1110,460,0,0
2025,2025-11-02,Northbound,All Vehicles,489,296,178,114,122,223,480,572,848,1290,1575,1849,2012,2044,2145,2169,2137,2029,1702,1372,1196,1081,1158,482,0,0
2025,2025-11-02,Southbound,All Vehicles,364,237,167,148,165,292,576,885,1405,1834,2175,2157,2256,2273,2034,2097,2027,1838,1650,1240,,937,686,337,0,0
2025,2025-11-03,Northbound,Light Vehicles,187,100,85,83,169,705,1908,1725,2126,1481,1205,1380,1473,1620,2093,2406,2832,2783,2066,1334,1088,953,680,338,0,0
2025,2025-11-03,Northbound,Heavy Vehicles,21,21,25,31,59,155,367,366,397,363,307,336,316,289,316,280,290,219,156,115,64,63,34,38,0,0
2025,2025-11-03,Southbound,Light Vehicles,171,105,80,113,246,894,2052,2475,2234,2137,,1533,1388,1436,1573,2043,2163,2244,1603,1168,841,621,433,265,0,0
2025,2025-11-03,Southbound,Heavy Vehicles,32,24,20,32,64,167,377,297,242,315,,281,312,314,311,301,267,237,138,118,71,55,35,33,0,0
2025,2025-11-03,Northbound,All Vehicles,208,121,110,114,228,860,2275,2091,2523,1844,1512,1716,1789,1909,2409,2686,3122,3002,2222,1449,1152,1016,714,376,0,0
2025,2025-11-03,Southbound,All Vehicles,203,129,100,145,310,1061,2429,2772,2476,2452,,1814,1700,1750,1884,2344,2430,2481,1741,1286,912,676,468,298,0,0
2025,2025-11-04,Southbound,Heavy Vehicles,22,22,13,32,56,182,386,313,255,303,334,318,379,302,305,299,304,228,177,101,78,62,40,29,0,0
2025,2025-11-04,Northbound,Light Vehicles,170,118,55,66,170,753,1823,1773,1972,1529,1273,1303,1560,1568,1951,2310,2657,2849,2228,1475,1225,995,1004,869,0,0
2025,2025-11-04,Northbound,Heavy Vehicles,16,24,18,41,73,143,335,374,364,329,333,336,327,300,293,247,252,217,185,119,80,57,61,51,0,0
2025,2025-11-04,Southbound,Light Vehicles,131,82,71,102,249,886,2148,2500,2178,2080,1661,1540,1401,1419,1681,2127,2378,2382,2052,1203,900,808,614,340,0,0
2025,2025-11-04,Southbound,All Vehicles,153,104,84,134,305,1068,2534,2813,2433,2383,1995,1858,1780,1721,1986,2426,2682,2610,2229,1304,978,870,654,369,0,0
2025,2025-11-04,Northbound,All Vehicles,186,142,73,107,243,896,2158,2147,2336,1858,1606,1639,1887,1868,2244,2557,2909,3066,2413,1594,1305,1052,1065,920,0,0
2025,2025-11-05,Northbound,Heavy Vehicles,26,21,29,31,64,143,400,407,366,345,308,326,330,322,309,313,222,203,198,112,78,68,39,22,0,0
2025,2025-11-05,Southbound,Light Vehicles,27,20,18,29,97,438,1020,1415,1329,1102,768,635,585,608,660,940,1088,1143,844,522,366,306,173,78,0,0
2025,2025-11-05,Southbound,Heavy Vehicles,7,3,4,4,9,79,183,165,107,126,135,111,128,128,151,138,142,111,71,39,31,13,15,8,0,0
2025,2025-11-05,Northbound,Light Vehicles,227,113,78,76,165,772,1995,1899,2023,1562,1277,1393,1485,1704,2132,2368,2673,2763,2292,1479,1260,1087,793,439,0,0
2025,2025-11-05,Northbound,All Vehicles,253,134,107,107,229,915,2395,2306,2389,1907,1585,1719,1815,2026,2441,2681,2895,2966,2490,1591,1338,1155,832,461,0,0
2025,2025-11-05,Southbound,All Vehicles,34,23,22,33,106,517,1203,1580,1436,1228,903,746,713,736,811,1078,1230,1254,915,561,397,319,188,86,0,0
2025,2025-11-06,Southbound,Heavy Vehicles,5,3,4,6,9,82,178,150,122,146,135,138,142,121,126,149,147,116,76,48,28,16,12,9,0,0
2025,2025-11-06,Northbound,Heavy Vehicles,18,15,29,38,81,168,405,425,356,359,350,364,302,337,319,306,244,209,178,140,75,73,56,20,0,0
2025,2025-11-06,Northbound,Light Vehicles,178,114,66,76,174,760,1901,1866,1834,1433,1227,1379,1455,1760,2127,2287,2662,2854,2154,1533,1330,1142,847,406,0,0
2025,2025-11-06,Southbound,Light Vehicles,39,22,15,28,78,370,1028,1383,1285,1109,714,603,584,596,685,951,1263,1191,835,497,410,302,185,88,0,0
2025,2025-11-06,Southbound,All Vehicles,44,25,19,34,87,452,1206,1533,1407,1255,849,741,726,717,811,1100,1410,1307,911,545,438,318,197,97,0,0
2025,2025-11-06,Northbound,All Vehicles,196,129,95,114,255,928,2306,2291,2190,1792,1577,1743,1757,2097,2446,2593,2906,3063,2332,1673,1405,1215,903,426,0,0
2025,2025-11-07,Southbound,Heavy Vehicles,29,25,36,42,76,196,394,360,315,287,304,345,300,320,328,310,309,223,190,165,80,75,74,32,0,0
2025,2025-11-07,Southbound,Light Vehicles,209,121,91,119,265,863,1955,2481,2301,2067,1814,1747,1666,1587,1732,2294,2339,2033,1789,1809,1155,920,877,632,0,0
2025,2025-11-07,Northbound,Heavy Vehicles,28,13,30,41,79,143,400,373,377,350,332,324,305,320,299,259,248,219,176,146,102,80,45,135,0,0
2025,2025-11-07,Northbound,Light Vehicles,196,102,72,80,146,732,1934,1662,1704,1524,1407,1519,1738,1824,2220,2564,2746,2667,2113,1574,1556,1249,966,1711,0,0
2025,2025-11-07,Southbound,All Vehicles,238,146,127,161,341,1059,2349,2841,2616,2354,2118,2092,1966,1907,2060,2604,2648,2256,1979,1974,1235,995,951,664,0,0
2025,2025-11-07,Northbound,All Vehicles,224,115,102,121,225,875,2334,2035,2081,1874,1739,1843,2043,2144,2519,2823,2994,2886,2289,1720,1658,1329,1011,1846,0,0
2025,2025-11-08,Southbound,Light Vehicles,370,203,140,149,191,488,920,1312,1682,2301,2493,2573,2579,2529,2287,2253,2245,,1997,,1023,996,915,,0,0
2025,2025-11-08,Northbound,Light Vehicles,863,255,134,97,126,384,1130,1129,1234,1705,1911,2068,2234,2312,2234,2125,2252,2093,1862,1396,1289,1112,1034,1658,0,0
2025,2025-11-08,Northbound,Heavy Vehicles,52,26,17,22,26,55,178,228,165,178,182,150,135,171,141,126,121,145,99,86,61,50,47,114,0,0
2025,2025-11-08,Southbound,Heavy Vehicles,32,22,18,29,32,72,138,183,176,168,200,211,199,190,156,154,140,,166,,70,57,63,,0,0
2025,2025-11-08,Southbound,All Vehicles,402,225,158,178,223,560,1058,1495,1858,2469,2693,2784,2778,2719,2443,2407,2385,,2163,,1093,1053,978,,0,0
2025,2025-11-08,Northbound,All Vehicles,915,281,151,119,152,439,1308,1357,1399,1883,2093,2218,2369,2483,2375,2251,2373,2238,1961,1482,1350,1162,1081,1772,0,0
2025,2025-11-09,Northbound,Light Vehicles,1009,266,181,94,97,187,428,569,847,1283,1642,1841,1901,2147,2038,1998,2125,1955,1816,1340,1200,1013,798,397,0,0
2025,2025-11-09,Northbound,Heavy Vehicles,57,25,13,10,18,23,53,77,95,83,102,94,91,105,114,90,117,76,99,83,62,56,46,26,0,0
2025,2025-11-09,Southbound,Light Vehicles,451,231,171,155,129,280,634,851,1308,1878,2286,2235,2051,2235,2188,2189,1874,1681,1478,1192,1052,816,562,312,0,0
2025,2025-11-09,Southbound,Heavy Vehicles,20,15,10,6,19,20,56,84,74,102,127,111,109,109,112,94,99,121,95,72,74,55,41,36,0,0
2025,2025-11-09,Northbound,All Vehicles,1066,291,194,104,115,210,481,646,942,1366,1744,1935,1992,2252,2152,2088,2242,2031,1915,1423,1262,1069,844,423,0,0
2025,2025-11-09,Southbound,All Vehicles,471,246,181,161,148,300,690,935,1382,1980,2413,2346,2160,2344,2300,2283,1973,1802,1573,1264,1126,871,603,348,0,0
2025,2025-11-10,Northbound,Light Vehicles,195,97,74,73,190,766,2030,1718,1847,1436,1300,1361,1423,1683,1953,2289,2689,2824,2184,1459,1215,1078,1194,422,0,0
2025,2025-11-10,Southbound,Heavy Vehicles,23,32,26,37,64,183,382,350,257,283,323,299,323,342,321,328,258,223,159,121,95,47,40,38,0,0
2025,2025-11-10,Southbound,Light Vehicles,182,99,83,106,274,964,2053,2592,2067,2069,1663,1517,1386,1431,1475,2151,2295,2391,2025,1315,937,720,548,275,0,0
2025,2025-11-10,Northbound,Heavy Vehicles,26,25,19,30,46,153,397,374,352,338,352,358,287,316,327,320,253,217,192,128,76,69,57,31,0,0
2025,2025-11-10,Northbound,All Vehicles,221,122,93,103,236,919,2427,2092,2199,1774,1652,1719,1710,1999,2280,2609,2942,3041,2376,1587,1291,1147,1251,453,0,0
2025,2025-11-10,Southbound,All Vehicles,205,131,109,143,338,1147,2435,2942,2324,2352,1986,1816,1709,1773,1796,2479,2553,2614,2184,1436,1032,767,588,313,0,0
2025,2025-11-11,Southbound,Heavy Vehicles,29,27,17,31,67,202,384,341,258,298,325,317,347,317,321,291,309,238,163,120,68,62,53,,0,0
2025,2025-11-11,Northbound,Light Vehicles,177,94,77,82,164,784,1949,1911,2015,1498,1203,1403,1502,1662,2023,2294,2742,2912,2386,1356,1257,955,846,461,0,0
2025,2025-11-11,Southbound,Light Vehicles,126,87,85,108,289,1004,2024,2477,2132,2067,1670,1474,1465,1358,1498,1963,2501,2439,1966,1236,899,786,523,,0,0
2025,2025-11-11,Northbound,Heavy Vehicles,18,18,31,34,77,145,377,397,360,315,317,317,348,334,297,288,250,212,198,129,69,71,44,34,0,0
2025,2025-11-11,Southbound,All Vehicles,155,114,102,139,356,1206,2408,2818,2390,2365,1995,1791,1812,1675,1819,2254,2810,2677,2129,1356,967,848,576,,0,0
2025,2025-11-11,Northbound,All Vehicles,195,112,108,116,241,929,2326,2308,2375,1813,1520,1720,1850,1996,2320,2582,2992,3124,2584,1485,1326,1026,890,495,0,0
2025,2025-11-12,Northbound,Light Vehicles,200,111,70,63,156,786,1950,1963,1886,1556,1268,1414,1478,1764,2156,2369,2675,2759,2488,1499,1301,1075,806,479,0,0
2025,2025-11-12,Northbound,Heavy Vehicles,21,22,26,26,65,152,389,437,331,351,342,359,348,314,327,296,244,228,206,155,93,62,38,30,0,0
2025,2025-11-12,Northbound,All Vehicles,221,133,96,89,221,938,2339,2400,2217,1907,1610,1773,1826,2078,2483,2665,2919,2987,2694,1654,1394,1137,844,509,0,0
2025,2025-11-13,Northbound,Light Vehicles,225,121,63,86,168,767,1948,1846,1967,1533,1360,1441,1524,1913,2373,2470,2765,2867,2429,1533,1384,1147,1096,514,0,0
2025,2025-11-13,Northbound,Heavy Vehicles,20,19,30,45,85,167,373,400,370,306,344,354,299,375,425,346,309,209,203,126,102,70,64,30,0,0
2025,2025-11-13,Northbound,All Vehicles,245,140,93,131,253,934,2321,2246,2337,1839,1704,1795,1823,2288,2798,2816,3074,3076,2632,1659,1486,1217,1160,544,0,0
2025,2025-11-14,Northbound,Heavy Vehicles,27,16,34,37,79,171,403,416,384,324,372,357,330,345,245,273,256,193,190,128,99,58,56,41,0,0
2025,2025-11-14,Northbound,Light Vehicles,245,129,75,82,167,757,1910,1657,1762,1411,1378,1577,1710,1963,1861,2532,2639,2838,2252,1515,1402,1266,1110,801,0,0
2025,2025-11-14,Northbound,All Vehicles,272,145,109,119,246,928,2313,2073,2146,1735,1750,1934,2040,2308,2106,2805,2895,3031,2442,1643,1501,1324,1166,842,0,0
2025,2025-11-15,Northbound,Light Vehicles,396,209,108,93,124,394,1150,1111,1228,1635,1845,2090,2215,2158,2129,2120,2193,2164,1913,1335,1263,1170,1185,2195,0,0
2025,2025-11-15,Southbound,Light Vehicles,270,157,126,137,194,515,929,1274,1568,2274,2367,2445,2490,2542,2073,1775,1782,1511,1931,1369,,1001,1083,721,0,0
2025,2025-11-15,Northbound,Heavy Vehicles,27,18,25,17,26,60,174,204,175,173,150,180,159,139,133,125,102,120,127,90,56,63,58,175,0,0
2025,2025-11-15,Southbound,Heavy Vehicles,29,23,17,20,29,81,145,167,151,207,218,181,229,181,156,170,166,160,164,141,,70,51,34,0,0
2025,2025-11-15,Northbound,All Vehicles,423,227,133,110,150,454,1324,1315,1403,1808,1995,2270,2374,2297,2262,2245,2295,2284,2040,1425,1319,1233,1243,2370,0,0
2025,2025-11-15,Southbound,All Vehicles,299,180,143,157,223,596,1074,1441,1719,2481,2585,2626,2719,2723,2229,1945,1948,1671,2095,1510,,1071,1134,755,0,0
2025,2025-11-16,Southbound,Light Vehicles,415,198,172,137,148,278,487,815,1209,1899,2235,2090,2160,2101,1942,,1646,,1327,1161,982,837,535,316,0,0
2025,2025-11-16,Northbound,Light Vehicles,1482,307,164,107,116,213,526,660,884,1332,1695,2011,1955,1957,1893,1907,2011,1837,1588,1267,1167,1043,723,410,0,0
2025,2025-11-16,Northbound,Heavy Vehicles,102,24,17,15,15,28,60,73,81,104,100,105,81,105,112,95,91,92,81,73,79,40,45,23,0,0
2025,2025-11-16,Southbound,Heavy Vehicles,23,19,13,16,24,25,57,75,84,116,121,142,119,127,109,,92,,95,82,62,60,44,27,0,0
2025,2025-11-16,Southbound,All Vehicles,438,217,185,153,172,303,544,890,1293,2015,2356,2232,2279,2228,2051,,1738,,1422,1243,1044,897,579,343,0,0
2025,2025-11-16,Northbound,All Vehicles,1584,331,181,122,131,241,586,733,965,1436,1795,2116,2036,2062,2005,2002,2102,1929,1669,1340,1246,1083,768,433,0,0
2025,2025-11-17,Southbound,Light Vehicles,178,100,95,114,293,992,2117,2520,2105,2058,1618,1486,1355,1302,1575,2018,2075,2289,1766,1186,886,739,470,253,0,0
2025,2025-11-17,Northbound,Heavy Vehicles,23,32,26,35,69,166,363,353,314,355,322,337,360,324,300,296,279,216,182,127,76,51,42,29,0,0
2025,2025-11-17,Southbound,Heavy Vehicles,28,31,28,36,46,187,435,316,256,317,311,338,334,279,296,279,242,233,159,90,68,63,36,31,0,0
2025,2025-11-17,Northbound,Light Vehicles,176,108,67,72,188,770,1979,1745,1766,1438,1215,1438,1489,1694,2071,2277,2697,2906,2150,1377,1269,998,751,340,0,0
2025,2025-11-17,Southbound,All Vehicles,206,131,123,150,339,1179,2552,2836,2361,2375,1929,1824,1689,1581,1871,2297,2317,2522,1925,1276,954,802,506,284,0,0
2025,2025-11-17,Northbound,All Vehicles,199,140,93,107,257,936,2342,2098,2080,1793,1537,1775,1849,2018,2371,2573,2976,3122,2332,1504,1345,1049,793,369,0,0
2025,2025-11-18,Northbound,Heavy Vehicles,20,16,23,39,82,148,372,411,345,347,342,330,307,290,319,311,274,219,219,141,83,63,39,42,0,0
2025,2025-11-18,Southbound,Heavy Vehicles,35,21,23,36,66,198,384,306,285,327,330,369,326,346,326,322,325,237,189,123,78,84,53,45,0,0
2025,2025-11-18,Northbound,Light Vehicles,175,123,61,78,176,780,1910,1870,1874,1445,1242,1330,1479,1665,2067,2279,2703,2824,2470,1512,1284,1123,860,669,0,0
2025,2025-11-18,Southbound,Light Vehicles,158,86,89,104,268,986,2164,2435,2030,2045,1605,1445,1332,1403,1643,2008,2276,2385,2058,1366,1011,780,590,335,0,0
2025,2025-11-18,Northbound,All Vehicles,195,139,84,117,258,928,2282,2281,2219,1792,1584,1660,1786,1955,2386,2590,2977,3043,2689,1653,1367,1186,899,711,0,0
2025,2025-11-18,Southbound,All Vehicles,193,107,112,140,334,1184,2548,2741,2315,2372,1935,1814,1658,1749,1969,2330,2601,2622,2247,1489,1089,864,643,380,0,0
2025,2025-11-19,Southbound,Light Vehicles,149,101,79,115,279,1012,2112,2579,,2112,1718,1566,1473,1423,1629,2060,2291,2372,1838,,,810,544,,0,0
2025,2025-11-19,Southbound,Heavy Vehicles,37,32,35,39,72,205,383,362,,323,349,321,359,308,306,306,326,249,184,,,53,42,,0,0
2025,2025-11-19,Northbound,Light Vehicles,216,110,69,68,163,760,1946,1913,1915,1485,1296,1390,1555,1758,2302,2410,2656,2836,2257,1527,1308,1103,847,495,0,0
2025,2025-11-19,Northbound,Heavy Vehicles,34,36,24,31,76,160,386,408,369,379,343,353,332,314,364,303,247,224,211,132,92,52,39,39,0,0
2025,2025-11-19,Southbound,All Vehicles,186,133,114,154,351,1217,2495,2941,,2435,2067,1887,1832,1731,1935,2366,2617,2621,2022,,,863,586,,0,0
2025,2025-11-19,Northbound,All Vehicles,250,146,93,99,239,920,2332,2321,2284,1864,1639,1743,1887,2072,2666,2713,2903,3060,2468,1659,1400,1155,886,534,0,0
2025,2025-11-20,Northbound,Heavy Vehicles,22,22,27,34,69,159,441,445,375,343,342,341,314,319,343,309,251,219,205,130,97,63,61,52,0,0
2025,2025-11-20,Northbound,Light Vehicles,201,123,70,85,163,763,2134,1926,1977,1564,1229,1379,1554,1739,2095,2402,2695,2858,2337,1582,1393,1179,940,921,0,0
2025,2025-11-20,Southbound,Heavy Vehicles,21,23,35,33,61,220,356,308,266,327,379,318,341,356,331,350,319,221,186,137,88,88,,43,0,0
2025,2025-11-20,Southbound,Light Vehicles,167,114,90,137,270,958,2045,2453,2068,2127,1659,1462,1519,1526,1655,2172,2461,2278,2184,1517,1018,833,,436,0,0
2025,2025-11-20,Northbound,All Vehicles,223,145,97,119,232,922,2575,2371,2352,1907,1571,1720,1868,2058,2438,2711,2946,3077,2542,1712,1490,1242,1001,973,0,0
2025,2025-11-20,Southbound,All Vehicles,188,137,125,170,331,1178,2401,2761,2334,2454,2038,1780,1860,1882,1986,2522,2780,2499,2370,1654,1106,921,,479,0,0
2025,2025-11-21,Northbound,Heavy Vehicles,22,20,34,31,64,164,364,376,347,317,348,344,313,315,315,275,295,217,137,148,95,72,52,212,0,0
2025,2025-11-21,Northbound,Light Vehicles,248,124,88,85,169,720,1940,1677,1787,1472,1400,1561,1793,1974,2278,2511,2672,2649,1949,1513,1304,1221,1229,2100,0,0
2025,2025-11-21,Southbound,Heavy Vehicles,34,36,37,43,61,189,343,310,271,307,303,300,323,319,323,264,240,223,162,168,88,,71,46,0,0
2025,2025-11-21,Southbound,Light Vehicles,228,108,104,136,284,917,1939,2368,2230,2154,1961,1873,1749,1726,1897,2143,1988,1771,1474,1300,988,,931,632,0,0
2025,2025-11-21,Northbound,All Vehicles,270,144,122,116,233,884,2304,2053,2134,1789,1748,1905,2106,2289,2593,2786,2967,2866,2086,1661,1399,1293,1281,2312,0,0
2025,2025-11-21,Southbound,All Vehicles,262,144,141,179,345,1106,2282,2678,2501,2461,2264,2173,2072,2045,2220,2407,2228,1994,1636,1468,1076,,1002,678,0,0
2025,2025-11-22,Northbound,Light Vehicles,1243,256,150,93,120,421,1045,1099,1296,1567,1947,2078,2201,2313,2428,2352,2354,2359,2158,1447,1292,1065,1116,1137,0,0
2025,2025-11-22,Southbound,Heavy Vehicles,25,18,13,26,35,53,108,119,155,152,151,132,189,193,133,113,122,109,74,,26,13,53,33,0,0
2025,2025-11-22,Southbound,Light Vehicles,386,210,149,137,187,463,794,1100,1618,1989,1968,1934,2478,2486,2095,1773,1634,1735,1443,,554,347,929,663,0,0
2025,2025-11-22,Northbound,Heavy Vehicles,98,17,20,19,30,66,189,210,183,145,139,148,151,172,156,168,132,128,114,79,66,36,41,51,0,0
2025,2025-11-22,Northbound,All Vehicles,1341,273,170,112,150,487,1234,1309,1479,1712,2086,2226,2352,2485,2584,2520,2486,2487,2272,1526,1358,1101,1157,1188,0,0
2025,2025-11-22,Southbound,All Vehicles,411,228,162,163,222,516,902,1219,1773,2141,2119,2066,2667,2679,2228,1886,1756,1844,1517,,580,360,982,696,0,0
2025,2025-11-23,Northbound,Heavy Vehicles,29,20,12,13,19,21,31,64,63,93,82,97,131,126,100,100,97,97,83,76,72,55,47,27,0,0
2025,2025-11-23,Northbound,Light Vehicles,529,266,146,114,107,179,410,474,776,1180,1571,1764,2042,2114,2067,2171,1970,2012,1547,1310,1181,1023,758,397,0,0
2025,2025-11-23,Southbound,Light Vehicles,379,191,125,97,52,123,331,703,1121,1854,2224,1306,2380,2164,2099,1919,1708,1692,1347,1114,941,953,546,360,0,0
2025,2025-11-23,Southbound,Heavy Vehicles,11,13,8,7,3,13,18,60,68,90,122,119,137,139,111,99,103,91,94,78,72,61,50,24,0,0
2025,2025-11-23,Northbound,All Vehicles,558,286,158,127,126,200,441,538,839,1273,1653,1861,2173,2240,2167,2271,2067,2109,1630,1386,1253,1078,805,424,0,0
2025,2025-11-23,Southbound,All Vehicles,390,204,133,104,55,136,349,763,1189,1944,2346,1425,2517,2303,2210,2018,1811,1783,1441,1192,1013,1014,596,384,0,0
2025,2025-11-24,Southbound,Light Vehicles,180,91,81,99,260,964,2150,2518,2060,2079,1637,1442,1321,1288,1174,1409,1515,1590,1286,1092,874,731,458,258,0,0
2025,2025-11-24,Northbound,Heavy Vehicles,28,19,20,31,62,141,397,402,338,378,354,325,306,315,336,287,261,254,193,108,76,59,46,18,0,0
2025,2025-11-24,Southbound,Heavy Vehicles,31,24,31,29,61,197,444,331,284,338,327,314,281,280,229,198,174,125,107,103,55,56,39,32,0,0
2025,2025-11-24,Northbound,Light Vehicles,209,125,76,80,210,798,1946,1768,1700,1432,1359,1357,1490,1619,2019,2306,2759,2895,2166,1431,1188,1022,713,376,0,0
2025,2025-11-24,Southbound,All Vehicles,211,115,112,128,321,1161,2594,2849,2344,2417,1964,1756,1602,1568,1403,1607,1689,1715,1393,1195,929,787,497,290,0,0
2025,2025-11-24,Northbound,All Vehicles,237,144,96,111,272,939,2343,2170,2038,1810,1713,1682,1796,1934,2355,2593,3020,3149,2359,1539,1264,1081,759,394,0,0
2025,2025-11-25,Southbound,Light Vehicles,119,92,69,114,282,990,2220,2515,2074,2119,1697,1517,1453,1551,1724,1626,1873,1654,1633,1525,958,813,707,370,0,0
2025,2025-11-25,Southbound,Heavy Vehicles,24,27,24,38,71,204,408,323,267,362,330,356,285,353,338,243,245,190,189,147,65,67,61,37,0,0
2025,2025-11-25,Northbound,Heavy Vehicles,23,20,21,37,72,157,387,476,399,342,353,371,325,332,322,302,267,233,174,149,86,71,71,182,0,0
2025,2025-11-25,Northbound,Light Vehicles,182,99,65,86,164,793,2014,2099,2038,1463,1253,1439,1514,1662,2156,2294,2779,2738,2069,1431,1227,1039,1072,1859,0,0
2025,2025-11-25,Southbound,All Vehicles,143,119,93,152,353,1194,2628,2838,2341,2481,2027,1873,1738,1904,2062,1869,2118,1844,1822,1672,1023,880,768,407,0,0
2025,2025-11-25,Northbound,All Vehicles,205,119,86,123,236,950,2401,2575,2437,1805,1606,1810,1839,1994,2478,2596,3046,2971,2243,1580,1313,1110,1143,2041,0,0
2025,2025-11-26,Southbound,Light Vehicles,198,114,93,126,299,1004,2242,2215,1510,1623,1655,1550,1509,1629,1819,2157,2435,2442,2011,1327,1037,820,,346,0,0
2025,2025-11-26,Northbound,Light Vehicles,431,124,104,68,171,806,1992,1842,1906,1483,1403,1491,1613,1785,2134,2356,2756,2881,2561,1551,1324,1132,869,475,0,0
2025,2025-11-26,Southbound,Heavy Vehicles,23,38,22,42,58,169,352,289,197,237,297,361,343,278,324,300,311,221,177,122,97,70,,36,0,0
2025,2025-11-26,Northbound,Heavy Vehicles,51,25,26,35,58,162,414,428,385,364,384,376,330,312,284,285,257,239,196,127,115,68,41,46,0,0
2025,2025-11-26,Southbound,All Vehicles,221,152,115,168,357,1173,2594,2504,1707,1860,1952,1911,1852,1907,2143,2457,2746,2663,2188,1449,1134,890,,382,0,0
2025,2025-11-26,Northbound,All Vehicles,482,149,130,103,229,968,2406,2270,2291,1847,1787,1867,1943,2097,2418,2641,3013,3120,2757,1678,1439,1200,910,521,0,0
2025,2025-11-27,Northbound,Light Vehicles,231,108,82,94,183,772,2050,1771,1758,1505,1317,1414,1622,1694,2092,2402,2631,2734,2517,1632,1473,1233,908,478,0,0
2025,2025-11-27,Southbound,Light Vehicles,42,30,67,99,213,550,1100,1088,790,944,1025,904,874,915,878,1145,1330,1171,1152,766,604,535,,256,0,0
2025,2025-11-27,Northbound,Heavy Vehicles,22,28,28,38,83,176,384,419,370,337,335,375,335,336,359,297,266,246,210,130,119,65,57,37,0,0
2025,2025-11-27,Southbound,Heavy Vehicles,13,2,29,37,48,119,206,171,144,212,219,259,209,230,228,214,169,119,110,68,69,57,,42,0,0
2025,2025-11-27,Northbound,All Vehicles,253,136,110,132,266,948,2434,2190,2128,1842,1652,1789,1957,2030,2451,2699,2897,2980,2727,1762,1592,1298,965,515,0,0
2025,2025-11-27,Southbound,All Vehicles,55,32,96,136,261,669,1306,1259,934,1156,1244,1163,1083,1145,1106,1359,1499,1290,1262,834,673,592,,298,0,0
2025,2025-11-28,Northbound,Light Vehicles,234,151,80,90,164,759,1954,1665,1735,1436,1408,1498,1755,2080,2377,2444,2638,2717,2282,1595,1441,1393,1705,796,0,0
2025,2025-11-28,Northbound,Heavy Vehicles,31,28,31,40,54,166,385,364,385,385,364,338,305,361,327,264,269,206,184,151,89,84,74,33,0,0
2025,2025-11-28,Northbound,All Vehicles,265,179,111,130,218,925,2339,2029,2120,1821,1772,1836,2060,2441,2704,2708,2907,2923,2466,1746,1530,1477,1779,829,0,0
2025,2025-11-29,Southbound,Light Vehicles,313,197,150,143,221,514,938,1273,1779,2372,2695,2301,2241,2394,2249,,1932,2236,,1287,1037,1074,1132,717,0,0
2025,2025-11-29,Southbound,Heavy Vehicles,30,22,23,30,39,91,158,147,170,185,192,152,167,171,188,,127,179,,90,68,58,61,35,0,0
2025,2025-11-29,Northbound,Heavy Vehicles,24,16,15,31,29,68,179,222,186,170,154,163,179,140,161,136,145,118,118,85,52,51,62,40,0,0
2025,2025-11-29,Northbound,Light Vehicles,411,212,131,107,122,411,1105,1097,1275,1602,1968,2194,2424,2161,2308,2319,2417,2224,2181,1449,1217,1181,1624,1117,0,0
2025,2025-11-29,Southbound,All Vehicles,343,219,173,173,260,605,1096,1420,1949,2557,2887,2453,2408,2565,2437,,2059,2415,,1377,1105,1132,1193,752,0,0
2025,2025-11-29,Northbound,All Vehicles,435,228,146,138,151,479,1284,1319,1461,1772,2122,2357,2603,2301,2469,2455,2562,2342,2299,1534,1269,1232,1686,1157,0,0
2025,2025-11-30,Southbound,Light Vehicles,397,220,162,158,154,277,555,872,1407,1951,2192,2177,2205,2191,2080,1904,1829,1755,1406,1143,952,859,610,321,0,0
2025,2025-11-30,Northbound,Light Vehicles,590,252,177,104,100,188,488,659,862,1247,1627,1953,2047,2018,2079,2006,2109,1908,1614,1311,1071,1090,708,421,0,0
2025,2025-11-30,Southbound,Heavy Vehicles,23,18,17,9,15,36,59,68,109,123,114,113,119,116,107,118,124,91,92,69,65,61,55,33,0,0
2025,2025-11-30,Northbound,Heavy Vehicles,23,8,17,19,13,27,48,79,65,84,92,99,84,110,120,110,75,107,85,70,72,59,31,25,0,0
2025,2025-11-30,Southbound,All Vehicles,420,238,179,167,169,313,614,940,1516,2074,2306,2290,2324,2307,2187,2022,1953,1846,1498,1212,1017,920,665,354,0,0
2025,2025-11-30,Northbound,All Vehicles,613,260,194,123,113,215,536,738,927,1331,1719,2052,2131,2128,2199,2116,2184,2015,1699,1381,1143,1149,739,446,0,0
2025,2025-12-01,Southbound,Light Vehicles,140,80,81,75,210,570,1173,1068,827,904,1023,968,917,935,1010,1196,1191,1197,1104,875,551,448,382,,0,0
2025,2025-12-01,Northbound,Light Vehicles,236,129,86,87,176,709,1856,1698,1802,1541,1350,1486,1486,1660,2117,2235,2746,2809,2126,1473,1199,1018,778,859,0,0
2025,2025-12-01,Northbound,Heavy Vehicles,27,19,31,32,63,150,373,410,392,356,326,348,288,310,329,297,247,233,167,97,91,49,43,30,0,0
2025,2025-12-01,Southbound,Heavy Vehicles,17,18,28,34,45,128,220,174,137,182,238,219,227,206,203,207,170,128,79,59,55,44,37,,0,0
2025,2025-12-01,Southbound,All Vehicles,157,98,109,109,255,698,1393,1242,964,1086,1261,1187,1144,1141,1213,1403,1361,1325,1183,934,606,492,419,,0,0
2025,2025-12-01,Northbound,All Vehicles,263,148,117,119,239,859,2229,2108,2194,1897,1676,1834,1774,1970,2446,2532,2993,3042,2293,1570,1290,1067,821,889,0,0
2025,2025-12-02,Southbound,Light Vehicles,145,107,93,93,281,943,2145,2488,2019,,1618,1544,1450,1487,1532,1886,2100,2379,1989,1377,1002,742,637,354,0,0
2025,2025-12-02,Northbound,Heavy Vehicles,15,14,23,33,64,138,364,398,361,379,341,363,296,304,331,275,244,209,182,125,82,56,59,32,0,0
2025,2025-12-02,Northbound,Light Vehicles,198,89,56,68,174,730,1849,1741,1910,1500,1335,1381,1551,1737,2119,2064,2629,2908,2256,1482,1249,1045,841,816,0,0
2025,2025-12-02,Southbound,Heavy Vehicles,30,24,21,31,78,192,412,328,275,,345,336,348,298,302,257,245,243,190,111,74,63,57,49,0,0
2025,2025-12-02,Southbound,All Vehicles,175,131,114,124,359,1135,2557,2816,2294,,1963,1880,1798,1785,1834,2143,2345,2622,2179,1488,1076,805,694,403,0,0
2025,2025-12-02,Northbound,All Vehicles,213,103,79,101,238,868,2213,2139,2271,1879,1676,1744,1847,2041,2450,2339,2873,3117,2438,1607,1331,1101,900,848,0,0
2025,2025-12-03,Southbound,Light Vehicles,125,92,70,95,202,542,1086,1089,800,1094,925,849,792,865,991,1100,1301,1347,1132,847,596,532,422,276,0,0
2025,2025-12-03,Northbound,Light Vehicles,191,106,73,60,172,781,2008,1767,1962,1508,1379,1413,1530,1714,2115,2364,2692,2846,2248,1450,1271,1134,810,597,0,0
2025,2025-12-03,Northbound,Heavy Vehicles,20,32,35,39,63,166,398,418,395,402,363,350,322,310,356,295,271,222,195,130,81,84,43,37,0,0
2025,2025-12-03,Southbound,Heavy Vehicles,30,26,24,36,55,129,248,191,158,207,213,230,202,215,196,174,201,135,109,80,57,42,46,30,0,0
2025,2025-12-03,Southbound,All Vehicles,155,118,94,131,257,671,1334,1280,958,1301,1138,1079,994,1080,1187,1274,1502,1482,1241,927,653,574,468,306,0,0
2025,2025-12-03,Northbound,All Vehicles,211,138,108,99,235,947,2406,2185,2357,1910,1742,1763,1852,2024,2471,2659,2963,3068,2443,1580,1352,1218,853,634,0,0
2025,2025-12-04,Southbound,Heavy Vehicles,26,36,28,34,76,198,402,342,266,306,331,353,350,321,297,365,316,,218,109,,72,65,57,0,0
2025,2025-12-04,Southbound,Light Vehicles,195,121,89,111,275,993,2227,2586,1993,1866,1630,1599,1504,1543,1704,2211,2446,,2069,1349,,966,592,378,0,0
2025,2025-12-04,Northbound,Light Vehicles,219,125,82,91,157,758,1895,1607,1590,1377,1344,1401,1498,1621,2112,2276,2621,2717,1884,1564,1293,1151,857,545,0,0
2025,2025-12-04,Northbound,Heavy Vehicles,23,22,26,37,87,148,351,378,324,305,344,304,301,295,302,288,251,210,174,131,111,81,49,44,0,0
2025,2025-12-04,Southbound,All Vehicles,221,157,117,145,351,1191,2629,2928,2259,2172,1961,1952,1854,1864,2001,2576,2762,,2287,1458,,1038,657,435,0,0
2025,2025-12-04,Northbound,All Vehicles,242,147,108,128,244,906,2246,1985,1914,1682,1688,1705,1799,1916,2414,2564,2872,2927,2058,1695,1404,1232,906,589,0,0
2025,2025-12-05,Southbound,Light Vehicles,218,120,109,122,278,932,1972,2357,2260,2044,1846,1694,1646,1567,1728,1988,2249,2173,1785,1452,1085,908,833,526,0,0
2025,2025-12-05,Northbound,Light Vehicles,254,115,93,90,164,793,1908,1594,1681,1387,1441,1634,1777,1893,2216,2484,2692,2574,2212,1609,1328,1255,1139,728,0,0
2025,2025-12-05,Southbound,Heavy Vehicles,36,36,29,42,62,200,404,364,309,315,332,318,357,328,326,259,306,217,154,115,92,78,46,41,0,0
2025,2025-12-05,Northbound,Heavy Vehicles,30,32,26,29,65,162,431,377,320,340,324,352,315,311,306,267,250,202,184,145,100,84,67,49,0,0
2025,2025-12-05,Southbound,All Vehicles,254,156,138,164,340,1132,2376,2721,2569,2359,2178,2012,2003,1895,2054,2247,2555,2390,1939,1567,1177,986,879,567,0,0
2025,2025-12-05,Northbound,All Vehicles,284,147,119,119,229,955,2339,1971,2001,1727,1765,1986,2092,2204,2522,2751,2942,2776,2396,1754,1428,1339,1206,777,0,0
2025,2025-12-06,Southbound,Light Vehicles,296,210,170,164,261,566,918,1185,1561,2213,2240,2365,2328,2228,2051,1980,2015,2143,1734,,1013,1031,1038,628,0,0
2025,2025-12-06,Northbound,Heavy Vehicles,29,20,19,28,37,77,203,209,171,158,146,134,136,152,152,114,99,108,104,71,71,53,106,46,0,0
2025,2025-12-06,Southbound,Heavy Vehicles,24,16,25,24,51,100,183,160,150,163,193,148,181,145,154,170,136,150,103,,68,66,49,30,0,0
2025,2025-12-06,Northbound,Light Vehicles,479,230,162,113,129,440,1123,1053,1201,1476,1890,1961,2070,2044,2071,1944,1882,1841,1749,1222,1232,1271,1870,1237,0,0
2025,2025-12-06,Southbound,All Vehicles,320,226,195,188,312,666,1101,1345,1711,2376,2433,2513,2509,2373,2205,2150,2151,2293,1837,,1081,1097,1087,658,0,0
2025,2025-12-06,Northbound,All Vehicles,508,250,181,141,166,517,1326,1262,1372,1634,2036,2095,2206,2196,2223,2058,1981,1949,1853,1293,1303,1324,1976,1283,0,0
2025,2025-12-07,Northbound,Light Vehicles,496,210,154,109,90,212,470,586,831,1270,1640,1873,1964,1908,2012,1966,2012,1951,1702,1269,1137,1104,1302,580,0,0
2025,2025-12-07,Northbound,Heavy Vehicles,29,18,17,18,17,19,55,86,78,78,97,86,108,107,91,104,106,103,106,72,49,54,59,33,0,0
2025,2025-12-07,Southbound,Light Vehicles,375,234,156,120,133,290,597,786,1214,1871,2182,2198,2203,2134,2004,1922,2003,1928,1604,1229,951,859,654,334,0,0
2025,2025-12-07,Southbound,Heavy Vehicles,20,24,16,7,14,41,69,83,78,114,120,127,128,116,120,119,117,127,113,85,61,56,48,25,0,0
2025,2025-12-07,Northbound,All Vehicles,525,228,171,127,107,231,525,672,909,1348,1737,1959,2072,2015,2103,2070,2118,2054,1808,1341,1186,1158,1361,613,0,0
2025,2025-12-07,Southbound,All Vehicles,395,258,172,127,147,331,666,869,1292,1985,2302,2325,2331,2250,2124,2041,2120,2055,1717,1314,1012,915,702,359,0,0
2025,2025-12-08,Southbound,Light Vehicles,195,90,101,106,260,987,2125,2473,2117,1974,1618,,1473,1506,1614,1971,2209,2275,1646,1160,917,,,267,0,0
2025,2025-12-08,Northbound,Heavy Vehicles,14,26,16,35,64,147,394,407,340,396,354,315,322,357,298,297,315,245,196,137,80,66,35,47,0,0
2025,2025-12-08,Northbound,Light Vehicles,194,118,73,80,180,745,1958,1810,1753,1425,1300,1371,1486,1721,2101,2405,2810,2957,2054,1365,1206,1100,718,368,0,0
2025,2025-12-08,Southbound,Heavy Vehicles,24,26,25,35,73,169,427,375,280,318,339,,315,336,321,317,302,236,149,97,87,,,40,0,0
2025,2025-12-08,Southbound,All Vehicles,219,116,126,141,333,1156,2552,2848,2397,2292,1957,,1788,1842,1935,2288,2511,2511,1795,1257,1004,,,307,0,0
2025,2025-12-08,Northbound,All Vehicles,208,144,89,115,244,892,2352,2217,2093,1821,1654,1686,1808,2078,2399,2702,3125,3202,2250,1502,1286,1166,753,415,0,0
2025,2025-12-09,Southbound,Heavy Vehicles,38,24,23,37,81,206,435,337,243,323,344,354,354,328,313,341,306,230,163,127,93,63,59,41,0,0
2025,2025-12-09,Southbound,Light Vehicles,143,97,94,106,306,997,2171,2382,2087,2109,1632,1468,1419,1493,1664,2143,2433,2306,1781,1409,975,815,688,300,0,0
2025,2025-12-09,Northbound,Light Vehicles,202,98,69,85,170,740,2000,1781,1810,1467,1326,1435,1469,1681,2085,2357,2682,2845,2220,1555,1307,1092,1412,500,0,0
2025,2025-12-09,Northbound,Heavy Vehicles,22,16,33,42,62,159,386,400,339,329,338,343,321,306,335,314,278,241,177,124,92,68,59,43,0,0
2025,2025-12-09,Southbound,All Vehicles,181,121,117,143,387,1203,2606,2719,2330,2432,1976,1822,1773,1821,1977,2484,2739,2536,1944,1536,1068,878,747,341,0,0
2025,2025-12-09,Northbound,All Vehicles,224,114,102,127,232,899,2386,2181,2149,1796,1664,1778,1790,1987,2420,2671,2960,3086,2397,1679,1399,1160,1471,543,0,0
2025,2025-12-10,Northbound,Light Vehicles,196,115,70,73,163,761,2047,1681,1854,1567,1365,1443,1534,1715,2173,2401,2813,2825,2354,1392,1314,1042,776,433,0,0
2025,2025-12-10,Southbound,Heavy Vehicles,30,30,39,39,76,202,449,344,268,,373,319,340,328,340,338,321,284,,,77,47,52,28,0,0
2025,2025-12-10,Northbound,Heavy Vehicles,25,31,46,36,60,155,394,421,353,359,342,338,342,350,311,317,278,243,204,126,87,73,36,39,0,0
2025,2025-12-10,Southbound,Light Vehicles,189,108,98,116,290,976,2185,2453,2069,,1800,1631,1518,1438,1733,2059,2386,2482,,,941,765,620,326,0,0
2025,2025-12-10,Northbound,All Vehicles,221,146,116,109,223,916,2441,2102,2207,1926,1707,1781,1876,2065,2484,2718,3091,3068,2558,1518,1401,1115,812,472,0,0
2025,2025-12-10,Southbound,All Vehicles,219,138,137,155,366,1178,2634,2797,2337,,2173,1950,1858,1766,2073,2397,2707,2766,,,1018,812,672,354,0,0
2025,2025-12-11,Southbound,Heavy Vehicles,27,27,23,42,65,189,430,368,277,349,330,365,336,,336,329,336,261,200,108,85,62,53,37,0,0
2025,2025-12-11,Northbound,Light Vehicles,244,120,90,92,152,742,1869,1657,1830,1390,1350,1566,1494,1714,2181,2462,2729,2872,2159,1367,1274,1076,794,503,0,0
2025,2025-12-11,Northbound,Heavy Vehicles,24,21,28,40,86,144,349,368,350,345,349,324,319,334,322,323,255,263,161,114,94,47,55,27,0,0
2025,2025-12-11,Southbound,Light Vehicles,184,134,88,121,269,931,2141,2395,2069,2102,1693,1526,1582,,1578,2107,2317,2394,1953,1289,976,888,580,306,0,0
2025,2025-12-11,Southbound,All Vehicles,211,161,111,163,334,1120,2571,2763,2346,2451,2023,1891,1918,,1914,2436,2653,2655,2153,1397,1061,950,633,343,0,0
2025,2025-12-11,Northbound,All Vehicles,268,141,118,132,238,886,2218,2025,2180,1735,1699,1890,1813,2048,2503,2785,2984,3135,2320,1481,1368,1123,849,530,0,0
2025,2025-12-12,Northbound,Heavy Vehicles,23,21,28,35,57,140,333,371,312,333,316,331,325,296,292,287,247,222,172,104,101,75,54,104,0,0
2025,2025-12-12,Southbound,Light Vehicles,226,136,110,146,301,907,1892,2269,2245,2167,,1795,1740,1650,1797,2286,2337,1847,1526,1399,962,945,935,599,0,0
2025,2025-12-12,Northbound,Light Vehicles,258,149,85,93,177,673,1827,1478,1581,1415,1360,1569,1687,1951,2340,2451,2525,2490,1820,1649,1299,1248,1178,2008,0,0
2025,2025-12-12,Southbound,Heavy Vehicles,23,32,32,42,61,167,367,340,268,273,,344,329,301,300,268,276,190,150,154,75,82,59,46,0,0
2025,2025-12-12,Northbound,All Vehicles,281,170,113,128,234,813,2160,1849,1893,1748,1676,1900,2012,2247,2632,2738,2772,2712,1992,1753,1400,1323,1232,2112,0,0
2025,2025-12-12,Southbound,All Vehicles,249,168,142,188,362,1074,2259,2609,2513,2440,,2139,2069,1951,2097,2554,2613,2037,1676,1553,1037,1027,994,645,0,0
2025,2025-12-13,Northbound,Heavy Vehicles,60,17,25,25,23,56,195,192,155,155,146,166,147,142,128,130,140,134,135,95,53,58,57,102,0,0
2025,2025-12-13,Southbound,Light Vehicles,374,200,194,153,221,515,956,1268,1713,2340,,2316,2273,2205,2271,2341,1549,1812,1684,1396,975,1008,972,,0,0
2025,2025-12-13,Southbound,Heavy Vehicles,29,23,21,27,43,74,184,137,168,203,,204,167,173,141,153,160,149,141,104,51,62,52,,0,0
2025,2025-12-13,Northbound,Light Vehicles,1163,300,163,101,117,424,1245,1133,1139,1560,1811,2057,2363,2253,2228,2140,2194,2220,2037,1680,1181,1239,1217,1669,0,0
2025,2025-12-13,Northbound,All Vehicles,1223,317,188,126,140,480,1440,1325,1294,1715,1957,2223,2510,2395,2356,2270,2334,2354,2172,1775,1234,1297,1274,1771,0,0
2025,2025-12-13,Southbound,All Vehicles,403,223,215,180,264,589,1140,1405,1881,2543,,2520,2440,2378,2412,2494,1709,1961,1825,1500,1026,1070,1024,,0,0
2025,2025-12-14,Northbound,Light Vehicles,1474,404,193,114,110,218,456,603,775,1264,1614,1913,1961,1930,1994,1983,2008,1927,1579,1229,1186,1097,811,427,0,0
2025,2025-12-14,Southbound,Light Vehicles,510,258,149,144,142,251,556,839,1218,1906,2153,2092,1934,1852,1822,1826,1759,1713,1457,1131,998,982,621,327,0,0
2025,2025-12-14,Northbound,Heavy Vehicles,61,24,21,14,14,26,57,65,98,92,96,102,111,88,110,111,102,85,96,75,67,40,43,19,0,0
2025,2025-12-14,Southbound,Heavy Vehicles,23,14,7,7,17,33,52,88,91,109,127,109,109,106,96,96,81,120,104,76,65,50,37,31,0,0
2025,2025-12-14,Northbound,All Vehicles,1535,428,214,128,124,244,513,668,873,1356,1710,2015,2072,2018,2104,2094,2110,2012,1675,1304,1253,1137,854,446,0,0
2025,2025-12-14,Southbound,All Vehicles,533,272,156,151,159,284,608,927,1309,2015,2280,2201,2043,1958,1918,1922,1840,1833,1561,1207,1063,1032,658,358,0,0
2025,2025-12-15,Southbound,Light Vehicles,211,105,87,119,270,912,2092,2619,2356,2054,1618,,1478,1541,1527,1979,2182,2221,1742,1147,814,672,,244,0,0
2025,2025-12-15,Northbound,Heavy Vehicles,26,17,33,30,50,146,395,418,342,370,380,337,319,335,313,319,309,227,179,121,73,59,33,40,0,0
2025,2025-12-15,Northbound,Light Vehicles,208,108,84,74,168,773,1918,1630,1714,1482,1275,1487,1542,1745,2135,2373,2742,2936,2055,1269,1173,954,754,397,0,0
2025,2025-12-15,Southbound,Heavy Vehicles,30,30,23,40,69,173,409,336,296,334,327,,333,321,344,312,318,239,149,119,71,74,,29,0,0
2025,2025-12-15,Southbound,All Vehicles,241,135,110,159,339,1085,2501,2955,2652,2388,1945,,1811,1862,1871,2291,2500,2460,1891,1266,885,746,,273,0,0
2025,2025-12-15,Northbound,All Vehicles,234,125,117,104,218,919,2313,2048,2056,1852,1655,1824,1861,2080,2448,2692,3051,3163,2234,1390,1246,1013,787,437,0,0
2025,2025-12-16,Southbound,Heavy Vehicles,21,25,24,35,74,185,388,393,,328,322,364,339,342,328,311,360,260,179,112,93,65,63,41,0,0
2025,2025-12-16,Southbound,Light Vehicles,150,99,102,118,272,977,2063,2449,,2158,1695,1573,1487,1404,1591,2155,2363,2341,1954,1201,873,772,643,358,0,0
2025,2025-12-16,Northbound,Light Vehicles,173,101,75,72,170,705,1992,1693,1706,1496,1416,1429,1573,1745,2099,2424,2785,2853,2204,1383,1204,1022,818,416,0,0
2025,2025-12-16,Northbound,Heavy Vehicles,29,15,35,37,61,162,398,365,358,381,316,347,306,337,313,283,303,246,202,130,80,56,53,29,0,0
2025,2025-12-16,Southbound,All Vehicles,171,124,126,153,346,1162,2451,2842,,2486,2017,1937,1826,1746,1919,2466,2723,2601,2133,1313,966,837,706,399,0,0
2025,2025-12-16,Northbound,All Vehicles,202,116,110,109,231,867,2390,2058,2064,1877,1732,1776,1879,2082,2412,2707,3088,3099,2406,1513,1284,1078,871,445,0,0
2025,2025-12-17,Southbound,Heavy Vehicles,31,26,37,42,70,185,434,401,321,330,,332,329,349,327,320,,252,188,120,76,65,51,33,0,0
2025,2025-12-17,Southbound,Light Vehicles,188,119,103,125,265,984,2053,2552,2364,2128,,1670,1550,1527,1631,2032,,2215,1865,1260,1012,904,600,406,0,0
2025,2025-12-17,Northbound,Light Vehicles,195,112,83,74,176,730,1935,1633,1774,1426,1451,1619,1608,1730,2233,2325,2681,2728,2333,1453,1233,1061,964,535,0,0
2025,2025-12-17,Northbound,Heavy Vehicles,24,19,34,44,66,144,389,388,367,365,342,360,362,337,325,305,258,224,190,133,91,70,47,31,0,0
2025,2025-12-17,Southbound,All Vehicles,219,145,140,167,335,1169,2487,2953,2685,2458,,2002,1879,1876,1958,2352,,2467,2053,1380,1088,969,651,439,0,0
2025,2025-12-17,Northbound,All Vehicles,219,131,117,118,242,874,2324,2021,2141,1791,1793,1979,1970,2067,2558,2630,2939,2952,2523,1586,1324,1131,1011,566,0,0
2025,2025-12-18,Southbound,Light Vehicles,174,112,82,105,209,550,1077,1147,1014,1070,990,964,914,938,921,1135,1204,1274,1080,761,627,561,463,248,0,0
2025,2025-12-18,Southbound,Heavy Vehicles,21,28,18,28,57,109,225,234,176,212,230,225,216,184,197,173,160,135,106,75,73,58,52,37,0,0
2025,2025-12-18,Northbound,Light Vehicles,225,115,77,80,157,731,1862,1644,1722,1456,1406,1574,1738,1819,2333,2345,2568,2651,2022,1408,1337,1133,1017,565,0,0
2025,2025-12-18,Northbound,Heavy Vehicles,36,23,31,46,79,167,368,397,357,356,346,361,333,326,323,277,285,239,174,140,88,53,57,49,0,0
2025,2025-12-18,Southbound,All Vehicles,195,140,100,133,266,659,1302,1381,1190,1282,1220,1189,1130,1122,1118,1308,1364,1409,1186,836,700,619,515,285,0,0
2025,2025-12-18,Northbound,All Vehicles,261,138,108,126,236,898,2230,2041,2079,1812,1752,1935,2071,2145,2656,2622,2853,2890,2196,1548,1425,1186,1074,614,0,0
2025,2025-12-19,Southbound,Heavy Vehicles,38,36,41,43,61,191,381,330,314,333,331,323,343,290,281,320,305,235,140,100,76,63,57,39,0,0
2025,2025-12-19,Southbound,Light Vehicles,246,147,121,132,290,926,1870,2247,2316,2090,1930,1794,1657,1659,1737,2200,2234,2245,1748,1289,981,892,794,433,0,0
2025,2025-12-19,Northbound,Light Vehicles,245,148,105,85,154,680,1788,1424,1621,1484,1495,1727,1885,2088,2294,2388,2260,2275,1946,1393,1188,1145,1079,650,0,0
2025,2025-12-19,Northbound,Heavy Vehicles,21,28,36,35,52,135,386,341,354,380,354,332,290,315,292,246,230,186,148,117,73,55,56,27,0,0
2025,2025-12-19,Southbound,All Vehicles,284,183,162,175,351,1117,2251,2577,2630,2423,2261,2117,2000,1949,2018,2520,2539,2480,1888,1389,1057,955,851,472,0,0
2025,2025-12-19,Northbound,All Vehicles,266,176,141,120,206,815,2174,1765,1975,1864,1849,2059,2175,2403,2586,2634,2490,2461,2094,1510,1261,1200,1135,677,0,0
2025,2025-12-20,Southbound,Light Vehicles,280,186,133,164,234,505,837,1118,1493,2015,2101,2119,2272,2048,1992,1944,1957,2233,1989,1156,1041,936,868,579,0,0
2025,2025-12-20,Northbound,Light Vehicles,384,202,152,100,149,402,1106,1020,1165,1454,1736,2213,2201,2000,2062,2009,1920,1925,1719,1248,1129,1142,1430,1291,0,0
2025,2025-12-20,Northbound,Heavy Vehicles,23,17,16,21,31,71,171,199,154,141,143,198,163,138,140,136,119,101,100,73,53,54,50,51,0,0
2025,2025-12-20,Southbound,Heavy Vehicles,33,20,30,27,36,79,150,126,148,175,162,164,174,158,142,156,155,144,100,69,74,53,49,45,0,0
2025,2025-12-20,Southbound,All Vehicles,313,206,163,191,270,584,987,1244,1641,2190,2263,2283,2446,2206,2134,2100,2112,2377,2089,1225,1115,989,917,624,0,0
2025,2025-12-20,Northbound,All Vehicles,407,219,168,121,180,473,1277,1219,1319,1595,1879,2411,2364,2138,2202,2145,2039,2026,1819,1321,1182,1196,1480,1342,0,0
2025,2025-12-21,Southbound,Light Vehicles,325,215,170,152,174,275,549,799,1175,1830,1920,1858,1755,1714,1709,1755,1621,1494,1266,1020,963,900,662,350,0,0
2025,2025-12-21,Northbound,Light Vehicles,481,276,171,101,115,255,471,617,915,1293,1592,1718,1792,1719,1643,1609,1617,1621,1684,1137,1116,988,720,495,0,0
2025,2025-12-21,Southbound,Heavy Vehicles,23,19,22,16,19,31,54,63,81,99,125,126,122,88,95,111,101,92,82,78,54,54,51,30,0,0
2025,2025-12-21,Northbound,Heavy Vehicles,26,19,20,16,17,24,58,93,74,97,86,91,97,93,89,88,91,89,77,68,57,46,41,24,0,0
2025,2025-12-21,Southbound,All Vehicles,348,234,192,168,193,306,603,862,1256,1929,2045,1984,1877,1802,1804,1866,1722,1586,1348,1098,1017,954,713,380,0,0
2025,2025-12-21,Northbound,All Vehicles,507,295,191,117,132,279,529,710,989,1390,1678,1809,1889,1812,1732,1697,1708,1710,1761,1205,1173,1034,761,519,0,0
2025,2025-12-22,Northbound,Heavy Vehicles,24,23,28,22,50,110,264,293,310,302,273,289,272,260,225,260,224,181,149,104,76,43,44,24,0,0
2025,2025-12-22,Northbound,Light Vehicles,220,129,81,73,147,553,1410,1196,1337,1334,1477,1632,1666,1848,1974,2205,2328,2318,1927,1350,1137,1056,754,447,0,0
2025,2025-12-22,Southbound,Light Vehicles,234,131,114,134,253,713,1371,1775,1941,1954,1940,2164,1644,1577,1709,1736,1846,1949,1576,1210,837,824,570,327,0,0
2025,2025-12-22,Southbound,Heavy Vehicles,30,21,26,39,62,138,288,275,276,283,265,329,233,252,273,232,261,197,143,88,75,59,51,31,0,0
2025,2025-12-22,Northbound,All Vehicles,244,152,109,95,197,663,1674,1489,1647,1636,1750,1921,1938,2108,2199,2465,2552,2499,2076,1454,1213,1099,798,471,0,0
2025,2025-12-22,Southbound,All Vehicles,264,152,140,173,315,851,1659,2050,2217,2237,2205,2493,1877,1829,1982,1968,2107,2146,1719,1298,912,883,621,358,0,0
2025,2025-12-23,Northbound,Light Vehicles,226,133,91,86,159,514,1335,1133,1290,1333,1528,1595,1733,1804,1936,2215,2191,2229,1761,1326,1161,1073,803,541,0,0
2025,2025-12-23,Southbound,Heavy Vehicles,32,26,20,39,49,152,280,304,268,255,234,274,274,254,260,224,214,174,145,117,70,,49,46,0,0
2025,2025-12-23,Southbound,Light Vehicles,196,139,100,114,269,692,1390,1624,1874,1953,1834,1745,1743,1670,1759,1828,1839,1883,1550,1191,924,,668,457,0,0
2025,2025-12-23,Northbound,Heavy Vehicles,23,25,21,28,51,106,284,300,302,282,264,299,235,237,257,214,170,170,150,107,69,49,59,33,0,0
2025,2025-12-23,Northbound,All Vehicles,249,158,112,114,210,620,1619,1433,1592,1615,1792,1894,1968,2041,2193,2429,2361,2399,1911,1433,1230,1122,862,574,0,0
2025,2025-12-23,Southbound,All Vehicles,228,165,120,153,318,844,1670,1928,2142,2208,2068,2019,2017,1924,2019,2052,2053,2057,1695,1308,994,,717,503,0,0
2025,2025-12-24,Southbound,Heavy Vehicles,28,27,27,34,50,108,190,201,177,205,215,220,200,184,189,197,,126,98,88,59,56,46,22,0,0
2025,2025-12-24,Southbound,Light Vehicles,261,148,105,154,234,551,1000,1327,1677,1746,1714,1692,1663,1602,1596,1627,,1526,1269,1053,864,930,836,549,0,0
2025,2025-12-24,Northbound,Heavy Vehicles,22,24,24,37,42,106,203,203,195,217,196,219,193,178,167,170,132,115,102,75,55,51,39,28,0,0
2025,2025-12-24,Northbound,Light Vehicles,283,155,92,98,140,374,985,946,1180,1276,1518,1746,1934,1865,1984,1859,1858,1689,1406,1064,916,1022,926,605,0,0
2025,2025-12-24,Southbound,All Vehicles,289,175,132,188,284,659,1190,1528,1854,1951,1929,1912,1863,1786,1785,1824,,1652,1367,1141,923,986,882,571,0,0
2025,2025-12-24,Northbound,All Vehicles,305,179,116,135,182,480,1188,1149,1375,1493,1714,1965,2127,2043,2151,2029,1990,1804,1508,1139,971,1073,965,633,0,0
2025,2025-12-27,Northbound,Heavy Vehicles,10,14,5,14,12,29,39,49,39,49,51,45,35,26,40,26,34,31,30,25,27,12,9,7,0,0
2025,2025-12-27,Southbound,Heavy Vehicles,18,13,10,16,32,45,54,64,59,75,64,62,80,59,62,66,59,55,49,44,41,24,22,17,0,0
2025,2025-12-27,Northbound,Light Vehicles,98,83,41,43,83,145,278,274,374,422,561,583,586,613,596,648,586,568,519,403,400,357,272,213,0,0
2025,2025-12-27,Southbound,Light Vehicles,185,112,92,112,121,250,404,507,598,926,1092,1143,1166,1005,990,994,939,922,793,676,597,582,459,307,0,0
2025,2025-12-27,Northbound,All Vehicles,108,97,46,57,95,174,317,323,413,471,612,628,621,639,636,674,620,599,549,428,427,369,281,220,0,0
2025,2025-12-27,Southbound,All Vehicles,203,125,102,128,153,295,458,571,657,1001,1156,1205,1246,1064,1052,1060,998,977,842,720,638,606,481,324,0,0
2025,2025-12-28,Northbound,Light Vehicles,370,174,101,93,102,222,451,544,694,1127,1377,1751,1544,1630,1776,1673,1636,1620,1304,1057,985,904,685,444,0,0
2025,2025-12-28,Northbound,Heavy Vehicles,14,14,13,15,17,19,45,65,69,74,78,90,86,86,79,82,73,82,63,63,46,41,33,22,0,0
2025,2025-12-28,Southbound,Light Vehicles,280,169,119,120,130,251,447,657,958,1405,1790,1763,1792,1681,1714,1585,1487,1393,1115,,890,801,617,362,0,0
2025,2025-12-28,Southbound,Heavy Vehicles,15,13,9,9,16,23,42,61,63,88,85,87,95,91,87,81,77,85,73,,38,56,55,18,0,0
2025,2025-12-28,Northbound,All Vehicles,384,188,114,108,119,241,496,609,763,1201,1455,1841,1630,1716,1855,1755,1709,1702,1367,1120,1031,945,718,466,0,0
2025,2025-12-28,Southbound,All Vehicles,295,182,128,129,146,274,489,718,1021,1493,1875,1850,1887,1772,1801,1666,1564,1478,1188,,928,857,672,380,0,0
2025,2025-12-29,Southbound,Light Vehicles,169,107,89,75,155,336,558,659,787,884,1015,,1029,948,,1028,971,912,855,643,588,528,399,253,0,0
2025,2025-12-29,Northbound,Heavy Vehicles,10,6,16,12,20,39,72,79,86,75,65,64,57,60,49,52,57,45,34,23,24,15,14,17,0,0
2025,2025-12-29,Southbound,Heavy Vehicles,17,14,19,23,33,67,112,97,98,117,117,,115,104,,105,80,77,60,56,46,27,36,31,0,0
2025,2025-12-29,Northbound,Light Vehicles,100,65,45,27,62,136,364,301,365,404,466,526,533,554,618,659,691,676,546,418,385,350,285,172,0,0
2025,2025-12-29,Southbound,All Vehicles,186,121,108,98,188,403,670,756,885,1001,1132,,1144,1052,,1133,1051,989,915,699,634,555,435,284,0,0
2025,2025-12-29,Northbound,All Vehicles,110,71,61,39,82,175,436,380,451,479,531,590,590,614,667,711,748,721,580,441,409,365,299,189,0,0
2025,2025-12-30,Northbound,Light Vehicles,194,126,52,55,97,257,698,588,702,875,965,1137,1243,1191,1307,1345,1459,1398,1148,914,883,1015,1012,569,0,0
2025,2025-12-30,Northbound,Heavy Vehicles,15,18,19,28,31,50,125,145,152,109,127,105,122,104,107,110,116,111,83,51,45,57,46,39,0,0
2025,2025-12-30,Southbound,Light Vehicles,186,116,87,83,146,343,563,651,722,946,,1072,1006,948,1056,1059,1116,1218,1197,688,583,526,448,241,0,0
2025,2025-12-30,Southbound,Heavy Vehicles,25,27,16,29,38,58,128,93,79,116,,94,129,119,102,105,98,83,79,54,37,34,45,33,0,0
2025,2025-12-30,Northbound,All Vehicles,209,144,71,83,128,307,823,733,854,984,1092,1242,1365,1295,1414,1455,1575,1509,1231,965,928,1072,1058,608,0,0
2025,2025-12-30,Southbound,All Vehicles,211,143,103,112,184,401,691,744,801,1062,,1166,1135,1067,1158,1164,1214,1301,1276,742,620,560,493,274,0,0
2025,2025-12-31,Southbound,Heavy Vehicles,24,27,22,39,38,48,99,90,108,95,119,109,93,110,88,81,78,54,,34,30,30,21,14,0,0
2025,2025-12-31,Southbound,Light Vehicles,174,148,88,90,154,304,498,548,702,871,955,997,921,920,894,931,910,911,,596,491,631,489,286,0,0
2025,2025-12-31,Southbound,All Vehicles,198,175,110,129,192,352,597,638,810,966,1074,1106,1014,1030,982,1012,988,965,,630,521,661,510,300,0,0
