year,date,cardinal_direction_seq,classification_seq,hour_00,hour_01,hour_02,hour_03,hour_04,hour_05,hour_06,hour_07,hour_08,hour_09,hour_10,hour_11,hour_12,hour_13,hour_14,hour_15,hour_16,hour_17,hour_18,hour_19,hour_20,hour_21,hour_22,hour_23,public_holiday,school_holiday
2024,2024-01-01,Southbound,Light Vehicles,50,47,35,64,78,63,62,76,117,175,326,433,572,642,683,640,618,581,452,380,270,215,143,99,0,0
2024,2024-01-01,Southbound,Heavy Vehicles,6,7,7,8,4,6,15,17,17,22,33,34,54,50,40,50,36,29,29,17,19,12,12,4,0,0
2024,2024-01-01,Southbound,All Vehicles,56,54,42,72,82,69,77,93,134,197,359,467,626,692,723,690,654,610,481,397,289,227,155,103,0,0
2024,2024-01-04,Southbound,Heavy Vehicles,18,15,23,23,28,30,63,86,92,80,96,102,98,63,85,56,47,52,44,36,37,13,21,21,0,0
2024,2024-01-04,Southbound,Light Vehicles,51,30,14,16,16,53,124,209,319,426,535,533,488,548,519,522,455,386,302,229,179,140,77,59,0,0
2024,2024-01-04,Southbound,All Vehicles,69,45,37,39,44,83,187,295,411,506,631,635,586,611,604,578,502,438,346,265,216,153,98,80,0,0
2024,2024-01-05,Southbound,Light Vehicles,34,20,12,9,17,51,114,294,454,483,497,520,524,583,572,561,523,434,374,306,203,155,93,62,0,0
2024,2024-01-05,Southbound,Heavy Vehicles,18,17,26,19,27,33,71,107,126,128,92,103,78,80,72,76,47,59,44,33,39,19,16,15,0,0
2024,2024-01-05,Southbound,All Vehicles,52,37,38,28,44,84,185,401,580,611,589,623,602,663,644,637,570,493,418,339,242,174,109,77,0,0
2024,2024-01-06,Southbound,Heavy Vehicles,12,16,14,13,13,18,39,96,85,73,65,50,55,57,41,38,31,31,30,21,22,17,11,6,0,0
2024,2024-01-06,Southbound,Light Vehicles,61,18,18,10,16,40,134,428,535,545,533,516,564,486,514,506,480,465,344,314,207,161,140,81,0,0
2024,2024-01-06,Southbound,All Vehicles,73,34,32,23,29,58,173,524,620,618,598,566,619,543,555,544,511,496,374,335,229,178,151,87,0,0
2024,2024-01-07,Southbound,Light Vehicles,46,32,21,12,18,23,41,124,276,377,502,617,723,830,860,888,832,732,544,389,315,195,135,66,0,0
2024,2024-01-07,Southbound,Heavy Vehicles,9,13,3,8,9,12,9,16,34,40,45,43,61,54,49,65,51,38,52,35,28,14,15,11,0,0
2024,2024-01-07,Southbound,All Vehicles,55,45,24,20,27,35,50,140,310,417,547,660,784,884,909,953,883,770,596,424,343,209,150,77,0,0
2024,2024-01-08,Southbound,Heavy Vehicles,8,19,16,11,27,50,103,110,120,93,93,70,82,82,82,62,72,52,48,39,30,20,17,17,0,0
2024,2024-01-08,Southbound,Light Vehicles,58,19,11,11,27,114,220,341,336,310,378,439,523,526,501,513,434,345,264,184,130,114,48,44,0,0
2024,2024-01-08,Southbound,All Vehicles,66,38,27,22,54,164,323,451,456,403,471,509,605,608,583,575,506,397,312,223,160,134,65,61,0,0
2024,2024-01-09,Southbound,Heavy Vehicles,23,17,24,21,34,63,106,103,107,86,100,78,78,77,88,93,62,46,37,39,26,22,24,13,0,0
2024,2024-01-09,Southbound,Light Vehicles,26,12,6,10,23,111,189,300,286,339,358,428,430,396,400,455,387,339,232,181,135,82,70,46,0,0
2024,2024-01-09,Southbound,All Vehicles,49,29,30,31,57,174,295,403,393,425,458,506,508,473,488,548,449,385,269,220,161,104,94,59,0,0
2024,2024-01-10,Southbound,Light Vehicles,31,12,8,9,27,108,218,301,319,317,328,363,413,452,449,460,373,343,264,184,145,108,80,40,0,0
2024,2024-01-10,Southbound,Heavy Vehicles,19,24,23,20,33,78,146,126,124,109,85,76,88,83,73,84,71,65,41,37,34,20,15,20,0,0
2024,2024-01-10,Southbound,All Vehicles,50,36,31,29,60,186,364,427,443,426,413,439,501,535,522,544,444,408,305,221,179,128,95,60,0,0
2024,2024-01-11,Southbound,Heavy Vehicles,19,23,21,33,26,86,109,111,109,87,76,75,69,84,69,57,45,42,51,29,30,27,13,22,0,0
2024,2024-01-11,Southbound,Light Vehicles,37,24,14,9,23,75,169,201,266,261,324,325,378,371,363,387,323,308,205,190,124,91,53,42,0,0
2024,2024-01-11,Southbound,All Vehicles,56,47,35,42,49,161,278,312,375,348,400,400,447,455,432,444,368,350,256,219,154,118,66,64,0,0
2024,2024-01-12,Southbound,Heavy Vehicles,23,23,28,35,26,63,113,121,103,98,76,87,98,72,79,55,50,60,39,36,32,19,17,19,0,0
2024,2024-01-12,Southbound,Light Vehicles,34,25,7,11,22,76,140,187,240,283,315,361,383,437,447,475,441,452,337,281,236,168,80,45,0,0
2024,2024-01-12,Southbound,All Vehicles,57,48,35,46,48,139,253,308,343,381,391,448,481,509,526,530,491,512,376,317,268,187,97,64,0,0
2024,2024-01-13,Southbound,Heavy Vehicles,11,19,18,17,19,20,27,46,48,45,66,49,69,60,51,54,43,42,35,18,24,21,11,10,0,0
2024,2024-01-13,Southbound,Light Vehicles,48,34,14,4,13,25,66,155,264,444,536,604,612,641,598,601,571,522,352,289,241,175,112,82,0,0
2024,2024-01-13,Southbound,All Vehicles,59,53,32,21,32,45,93,201,312,489,602,653,681,701,649,655,614,564,387,307,265,196,123,92,0,0
2024,2024-01-14,Southbound,Light Vehicles,57,41,15,10,11,25,32,72,165,325,440,586,744,860,919,979,901,775,599,409,299,209,125,85,0,0
2024,2024-01-14,Southbound,Heavy Vehicles,7,10,8,7,7,8,8,14,21,36,48,47,62,66,84,54,60,59,53,37,34,23,22,10,0,0
2024,2024-01-14,Southbound,All Vehicles,64,51,23,17,18,33,40,86,186,361,488,633,806,926,1003,1033,961,834,652,446,333,232,147,95,0,0
2024,2024-01-15,Southbound,Light Vehicles,48,25,11,11,33,162,273,371,360,340,375,421,426,474,413,409,412,355,254,182,144,100,54,34,0,0
2024,2024-01-15,Southbound,Heavy Vehicles,11,16,16,24,29,51,130,121,130,133,88,107,98,76,82,70,85,65,36,29,38,27,25,24,0,0
2024,2024-01-15,Southbound,All Vehicles,59,41,27,35,62,213,403,492,490,473,463,528,524,550,495,479,497,420,290,211,182,127,79,58,0,0
2024,2024-01-16,Southbound,Light Vehicles,30,20,16,3,18,89,183,253,278,263,300,287,299,322,315,336,306,236,206,142,116,95,49,36,0,0
2024,2024-01-16,Southbound,Heavy Vehicles,16,19,26,31,37,77,130,129,110,116,100,79,83,86,70,76,64,53,41,37,21,27,11,18,0,0
2024,2024-01-16,Southbound,All Vehicles,46,39,42,34,55,166,313,382,388,379,400,366,382,408,385,412,370,289,247,179,137,122,60,54,0,0
2024,2024-01-17,Southbound,Heavy Vehicles,22,15,25,29,32,82,119,141,133,141,95,99,90,84,63,67,55,47,41,36,35,25,21,22,0,0
2024,2024-01-17,Southbound,Light Vehicles,31,24,11,7,21,99,230,347,322,338,327,354,402,363,354,395,359,281,233,196,142,102,57,38,0,0
2024,2024-01-17,Southbound,All Vehicles,53,39,36,36,53,181,349,488,455,479,422,453,492,447,417,462,414,328,274,232,177,127,78,60,0,0
2024,2024-01-18,Southbound,Light Vehicles,22,23,12,8,25,91,161,228,267,293,278,348,336,341,337,361,351,338,228,217,151,102,62,45,0,0
2024,2024-01-18,Southbound,Heavy Vehicles,14,27,11,34,28,60,129,135,113,113,96,75,79,69,66,65,66,57,52,39,34,30,16,17,0,0
2024,2024-01-18,Southbound,All Vehicles,36,50,23,42,53,151,290,363,380,406,374,423,415,410,403,426,417,395,280,256,185,132,78,62,0,0
2024,2024-01-19,Southbound,Light Vehicles,35,32,15,11,31,116,198,252,295,355,392,504,502,580,579,629,587,509,403,365,286,162,94,66,0,0
2024,2024-01-19,Southbound,Heavy Vehicles,21,25,23,26,39,83,135,133,122,111,103,100,104,90,106,99,49,62,64,47,37,26,22,20,0,0
2024,2024-01-19,Southbound,All Vehicles,56,57,38,37,70,199,333,385,417,466,495,604,606,670,685,728,636,571,467,412,323,188,116,86,0,0
2024,2024-01-20,Southbound,Light Vehicles,44,34,16,8,15,41,77,135,274,457,608,628,609,645,658,635,611,478,389,315,246,196,123,78,0,0
2024,2024-01-20,Southbound,Heavy Vehicles,9,20,16,10,21,28,38,43,42,51,64,49,51,69,62,54,53,41,26,20,28,18,14,17,0,0
2024,2024-01-20,Southbound,All Vehicles,53,54,32,18,36,69,115,178,316,508,672,677,660,714,720,689,664,519,415,335,274,214,137,95,0,0
2024,2024-01-21,Southbound,Light Vehicles,51,35,19,8,19,18,42,83,172,329,462,556,661,725,930,821,868,760,592,530,375,254,169,110,0,0
2024,2024-01-21,Southbound,Heavy Vehicles,5,9,13,10,2,8,13,21,32,40,43,57,62,68,55,64,69,50,47,34,32,25,14,19,0,0
2024,2024-01-21,Southbound,All Vehicles,56,44,32,18,21,26,55,104,204,369,505,613,723,793,985,885,937,810,639,564,407,279,183,129,0,0
2024,2024-01-22,Southbound,Heavy Vehicles,10,13,20,22,30,86,140,159,135,141,103,83,97,79,87,72,74,71,58,40,24,30,17,24,0,0
2024,2024-01-22,Southbound,Light Vehicles,59,38,6,10,45,169,289,444,429,364,355,420,456,422,505,429,414,331,274,182,162,114,66,49,0,0
2024,2024-01-22,Southbound,All Vehicles,69,51,26,32,75,255,429,603,564,505,458,503,553,501,592,501,488,402,332,222,186,144,83,73,0,0
2024,2024-01-23,Southbound,Light Vehicles,41,13,21,10,28,132,234,348,390,379,354,334,383,399,404,395,375,337,229,179,139,100,76,67,0,0
2024,2024-01-23,Southbound,Heavy Vehicles,22,25,27,33,44,92,125,157,137,128,120,86,84,93,90,81,66,73,43,49,27,27,30,27,0,0
2024,2024-01-23,Southbound,All Vehicles,63,38,48,43,72,224,359,505,527,507,474,420,467,492,494,476,441,410,272,228,166,127,106,94,0,0
2024,2024-01-24,Southbound,Heavy Vehicles,25,23,20,25,43,90,175,171,157,117,99,92,82,70,88,105,65,58,48,49,31,24,29,22,0,0
2024,2024-01-24,Southbound,Light Vehicles,31,33,14,15,32,111,246,377,359,326,368,345,356,389,431,388,362,364,252,231,172,112,96,36,0,0
2024,2024-01-24,Southbound,All Vehicles,56,56,34,40,75,201,421,548,516,443,467,437,438,459,519,493,427,422,300,280,203,136,125,58,0,0
2024,2024-01-25,Southbound,Heavy Vehicles,16,34,27,31,46,82,124,119,109,128,97,96,83,84,87,66,59,58,59,46,42,39,25,19,0,0
2024,2024-01-25,Southbound,Light Vehicles,25,36,18,10,29,85,166,227,280,302,334,382,423,437,470,489,481,430,409,420,331,254,140,98,0,0
2024,2024-01-25,Southbound,All Vehicles,41,70,45,41,75,167,290,346,389,430,431,478,506,521,557,555,540,488,468,466,373,293,165,117,0,0
2024,2024-01-26,Southbound,Light Vehicles,55,30,14,20,17,32,105,231,356,531,710,854,904,912,855,645,529,459,383,298,192,123,106,73,0,0
2024,2024-01-26,Southbound,Heavy Vehicles,18,22,11,13,10,22,28,42,52,55,63,58,54,67,54,58,47,36,24,19,22,16,11,6,0,0
2024,2024-01-26,Southbound,All Vehicles,73,52,25,33,27,54,133,273,408,586,773,912,958,979,909,703,576,495,407,317,214,139,117,79,0,0
2024,2024-01-27,Southbound,Light Vehicles,49,35,15,11,12,31,67,154,294,438,613,594,621,604,634,561,640,552,451,314,267,201,156,90,0,0
2024,2024-01-27,Southbound,Heavy Vehicles,6,10,15,5,10,25,22,26,41,49,48,55,48,59,38,52,54,46,33,33,28,19,8,6,0,0
2024,2024-01-27,Southbound,All Vehicles,55,45,30,16,22,56,89,180,335,487,661,649,669,663,672,613,694,598,484,347,295,220,164,96,0,0
2024,2024-01-28,Southbound,Heavy Vehicles,6,15,9,11,5,12,14,13,17,35,35,32,34,60,62,50,56,53,40,37,34,33,15,15,0,0
2024,2024-01-28,Southbound,Light Vehicles,69,39,22,18,14,12,46,79,169,241,369,488,607,688,762,791,740,725,626,510,357,267,186,113,0,0
2024,2024-01-28,Southbound,All Vehicles,75,54,31,29,19,24,60,92,186,276,404,520,641,748,824,841,796,778,666,547,391,300,201,128,0,0
2024,2024-01-29,Southbound,Light Vehicles,63,41,16,10,31,176,268,456,411,345,363,376,439,417,463,449,437,355,288,222,163,117,91,50,0,0
2024,2024-01-29,Southbound,Heavy Vehicles,10,23,13,23,28,92,158,162,129,144,104,100,88,90,61,78,66,66,54,37,26,24,21,21,0,0
2024,2024-01-29,Southbound,All Vehicles,73,64,29,33,59,268,426,618,540,489,467,476,527,507,524,527,503,421,342,259,189,141,112,71,0,0
2024,2024-01-30,Southbound,Light Vehicles,40,25,8,12,24,110,188,280,305,256,239,247,242,258,272,293,307,249,182,154,120,80,39,41,0,0
2024,2024-01-30,Southbound,Heavy Vehicles,16,22,26,26,36,89,119,136,133,120,91,84,70,76,69,79,43,55,40,42,25,28,27,16,0,0
2024,2024-01-30,Southbound,All Vehicles,56,47,34,38,60,199,307,416,438,376,330,331,312,334,341,372,350,304,222,196,145,108,66,57,0,0
2024,2024-01-31,Southbound,Light Vehicles,41,26,4,9,26,101,187,282,271,244,221,228,256,263,259,269,279,244,160,137,124,71,49,27,0,0
2024,2024-01-31,Southbound,Heavy Vehicles,21,21,24,20,34,78,137,137,138,109,88,79,73,67,75,62,66,50,41,29,22,23,15,17,0,0
2024,2024-01-31,Southbound,All Vehicles,62,47,28,29,60,179,324,419,409,353,309,307,329,330,334,331,345,294,201,166,146,94,64,44,0,0
2024,2024-02-01,Southbound,Light Vehicles,32,21,14,10,35,106,222,330,283,292,303,284,335,324,353,326,334,286,245,194,139,83,65,51,0,1
2024,2024-02-01,Southbound,Heavy Vehicles,19,21,27,29,51,96,137,150,153,136,105,99,84,79,78,74,62,60,45,46,33,16,18,19,0,1
2024,2024-02-01,Southbound,All Vehicles,51,42,41,39,86,202,359,480,436,428,408,383,419,403,431,400,396,346,290,240,172,99,83,70,0,1
2024,2024-02-02,Southbound,Heavy Vehicles,14,32,21,34,41,81,130,144,132,113,128,85,87,95,87,98,84,79,48,52,42,26,25,17,0,1
2024,2024-02-02,Southbound,Light Vehicles,33,25,6,10,25,120,207,277,260,268,303,363,407,425,423,520,510,479,422,413,313,187,96,59,0,1
2024,2024-02-02,Southbound,All Vehicles,47,57,27,44,66,201,337,421,392,381,431,448,494,520,510,618,594,558,470,465,355,213,121,76,0,1
2024,2024-02-03,Southbound,Heavy Vehicles,18,24,11,19,19,31,50,44,45,59,80,56,62,54,68,56,57,51,37,28,32,20,7,5,0,1
2024,2024-02-03,Southbound,Light Vehicles,48,39,22,14,17,56,74,152,297,429,605,690,712,670,599,528,519,463,388,283,243,179,108,84,0,1
2024,2024-02-03,Southbound,All Vehicles,66,63,33,33,36,87,124,196,342,488,685,746,774,724,667,584,576,514,425,311,275,199,115,89,0,1
2024,2024-02-04,Southbound,Light Vehicles,61,45,18,8,12,12,59,85,170,280,372,434,517,547,587,579,610,545,499,382,292,207,142,89,0,1
2024,2024-02-04,Southbound,Heavy Vehicles,7,12,13,7,4,13,16,20,27,33,48,38,39,53,56,41,47,45,32,33,16,27,17,9,0,1
2024,2024-02-04,Southbound,All Vehicles,68,57,31,15,16,25,75,105,197,313,420,472,556,600,643,620,657,590,531,415,308,234,159,98,0,1
2024,2024-02-05,Southbound,Heavy Vehicles,10,21,21,15,36,84,121,162,151,132,100,110,96,88,88,82,71,56,43,41,40,26,16,13,0,1
2024,2024-02-05,Southbound,Light Vehicles,69,29,20,21,34,161,315,429,421,337,353,378,420,484,467,450,428,338,231,205,147,92,67,40,0,1
2024,2024-02-05,Southbound,All Vehicles,79,50,41,36,70,245,436,591,572,469,453,488,516,572,555,532,499,394,274,246,187,118,83,53,0,1
2024,2024-02-06,Southbound,Heavy Vehicles,14,13,28,26,33,79,129,156,129,135,99,105,81,84,97,85,67,55,45,31,25,25,20,22,0,0
2024,2024-02-06,Southbound,Light Vehicles,35,25,12,5,27,111,257,431,393,386,316,318,376,294,321,346,338,276,209,129,111,72,60,47,0,0
2024,2024-02-06,Southbound,All Vehicles,49,38,40,31,60,190,386,587,522,521,415,423,457,378,418,431,405,331,254,160,136,97,80,69,0,0
2024,2024-02-07,Southbound,Light Vehicles,22,20,11,9,32,124,237,409,377,311,296,324,309,321,295,326,377,263,201,160,138,86,60,35,0,0
2024,2024-02-07,Southbound,Heavy Vehicles,24,27,31,31,33,82,173,167,148,124,75,82,102,79,74,70,71,62,42,43,30,27,22,12,0,0
2024,2024-02-07,Southbound,All Vehicles,46,47,42,40,65,206,410,576,525,435,371,406,411,400,369,396,448,325,243,203,168,113,82,47,0,0
2024,2024-02-08,Southbound,Heavy Vehicles,15,25,26,28,52,83,135,149,127,125,106,92,91,86,95,79,57,58,50,36,44,30,29,21,0,0
2024,2024-02-08,Southbound,Light Vehicles,26,17,17,10,27,110,274,367,353,344,303,312,308,304,315,382,380,305,266,204,150,93,53,49,0,0
2024,2024-02-08,Southbound,All Vehicles,41,42,43,38,79,193,409,516,480,469,409,404,399,390,410,461,437,363,316,240,194,123,82,70,0,0
2024,2024-02-09,Southbound,Light Vehicles,29,26,12,15,31,117,194,310,313,304,303,382,456,462,521,577,531,509,427,389,319,196,99,42,0,0
2024,2024-02-09,Southbound,Heavy Vehicles,24,27,34,29,47,83,127,112,149,119,117,108,119,84,106,86,74,83,71,51,35,31,20,13,0,0
2024,2024-02-09,Southbound,All Vehicles,53,53,46,44,78,200,321,422,462,423,420,490,575,546,627,663,605,592,498,440,354,227,119,55,0,0
2024,2024-02-10,Southbound,Light Vehicles,60,59,47,17,11,48,82,161,276,462,586,684,733,723,678,603,547,477,383,304,217,143,124,72,0,0
2024,2024-02-10,Southbound,Heavy Vehicles,22,24,19,16,18,24,41,62,43,62,65,61,64,73,60,49,45,38,41,28,25,12,16,5,0,0
2024,2024-02-10,Southbound,All Vehicles,82,83,66,33,29,72,123,223,319,524,651,745,797,796,738,652,592,515,424,332,242,155,140,77,0,0
2024,2024-02-11,Southbound,Light Vehicles,73,58,60,17,8,26,47,79,213,333,460,667,908,1027,1047,1129,1049,900,804,622,341,303,227,98,0,0
2024,2024-02-11,Southbound,Heavy Vehicles,7,4,18,6,6,9,9,20,31,37,49,52,62,62,82,86,77,63,46,45,32,33,24,13,0,0
2024,2024-02-11,Southbound,All Vehicles,80,62,78,23,14,35,56,99,244,370,509,719,970,1089,1129,1215,1126,963,850,667,373,336,251,111,0,0
2024,2024-02-12,Southbound,Heavy Vehicles,15,15,23,21,32,75,181,164,151,152,113,113,108,92,83,86,70,57,50,45,25,20,19,16,0,0
2024,2024-02-12,Southbound,Light Vehicles,60,28,14,15,38,177,309,525,448,390,360,433,416,396,374,381,352,323,252,168,122,114,90,52,0,0
2024,2024-02-12,Southbound,All Vehicles,75,43,37,36,70,252,490,689,599,542,473,546,524,488,457,467,422,380,302,213,147,134,109,68,0,0
2024,2024-02-13,Southbound,Light Vehicles,39,21,9,10,34,113,276,425,391,357,260,288,350,342,329,347,374,306,193,201,125,103,86,61,0,0
2024,2024-02-13,Southbound,Heavy Vehicles,26,26,27,30,41,92,141,167,128,130,91,110,84,90,86,79,56,50,44,44,32,29,13,26,0,0
2024,2024-02-13,Southbound,All Vehicles,65,47,36,40,75,205,417,592,519,487,351,398,434,432,415,426,430,356,237,245,157,132,99,87,0,0
2024,2024-02-14,Southbound,Heavy Vehicles,21,25,28,25,38,88,155,154,141,116,109,103,77,70,91,84,48,54,39,32,41,22,28,15,0,0
2024,2024-02-14,Southbound,Light Vehicles,37,24,8,15,28,125,246,387,397,329,259,306,330,286,361,369,352,321,233,174,142,87,63,42,0,0
2024,2024-02-14,Southbound,All Vehicles,58,49,36,40,66,213,401,541,538,445,368,409,407,356,452,453,400,375,272,206,183,109,91,57,0,0
2024,2024-02-15,Southbound,Light Vehicles,27,19,10,15,24,127,243,382,366,336,314,335,320,348,350,396,373,315,233,234,174,113,65,35,0,0
2024,2024-02-15,Southbound,Heavy Vehicles,11,24,28,23,40,105,141,154,130,112,110,92,93,91,80,88,61,63,59,46,38,35,23,23,0,0
2024,2024-02-15,Southbound,All Vehicles,38,43,38,38,64,232,384,536,496,448,424,427,413,439,430,484,434,378,292,280,212,148,88,58,0,0
2024,2024-02-16,Southbound,Heavy Vehicles,22,21,31,23,39,94,132,126,120,115,106,101,102,101,102,89,86,88,73,48,35,27,23,13,0,0
2024,2024-02-16,Southbound,Light Vehicles,31,14,7,15,29,111,214,295,329,277,303,378,453,526,581,641,614,599,550,416,354,217,133,56,0,0
2024,2024-02-16,Southbound,All Vehicles,53,35,38,38,68,205,346,421,449,392,409,479,555,627,683,730,700,687,623,464,389,244,156,69,0,0
2024,2024-02-17,Southbound,Heavy Vehicles,13,24,20,16,22,29,36,40,49,48,64,60,55,63,50,42,37,39,36,29,23,18,9,10,0,0
2024,2024-02-17,Southbound,Light Vehicles,43,47,15,4,15,56,77,190,295,446,630,731,717,637,562,515,485,426,401,274,227,158,151,86,0,0
2024,2024-02-17,Southbound,All Vehicles,56,71,35,20,37,85,113,230,344,494,694,791,772,700,612,557,522,465,437,303,250,176,160,96,0,0
2024,2024-02-18,Southbound,Light Vehicles,72,75,22,8,17,20,52,108,194,344,476,598,742,885,781,963,908,846,694,548,388,260,154,92,0,0
2024,2024-02-18,Southbound,Heavy Vehicles,5,15,10,9,10,8,11,16,24,38,66,53,62,71,62,73,58,62,47,40,42,32,16,14,0,0
2024,2024-02-18,Southbound,All Vehicles,77,90,32,17,27,28,63,124,218,382,542,651,804,956,843,1036,966,908,741,588,430,292,170,106,0,0
2024,2024-02-19,Southbound,Light Vehicles,73,20,14,9,41,183,314,470,442,329,367,409,426,393,387,379,402,333,243,229,159,96,85,51,0,0
2024,2024-02-19,Southbound,Heavy Vehicles,11,15,30,17,40,93,159,153,135,128,108,139,96,90,85,102,56,69,45,36,30,22,25,17,0,0
2024,2024-02-19,Southbound,All Vehicles,84,35,44,26,81,276,473,623,577,457,475,548,522,483,472,481,458,402,288,265,189,118,110,68,0,0
2024,2024-02-20,Southbound,Light Vehicles,30,23,11,9,30,132,284,403,345,325,286,297,307,301,290,309,358,341,233,172,135,91,51,40,0,0
2024,2024-02-20,Southbound,Heavy Vehicles,20,22,26,31,31,82,153,163,137,143,118,114,78,83,93,72,69,72,41,40,45,24,19,29,0,0
2024,2024-02-20,Southbound,All Vehicles,50,45,37,40,61,214,437,566,482,468,404,411,385,384,383,381,427,413,274,212,180,115,70,69,0,0
2024,2024-02-21,Southbound,Light Vehicles,31,29,5,8,22,118,261,427,420,364,299,284,311,332,338,388,370,323,212,154,125,78,59,44,0,0
2024,2024-02-21,Southbound,Heavy Vehicles,14,20,23,32,42,90,165,139,159,175,136,103,85,90,98,92,88,68,60,37,34,30,19,19,0,0
2024,2024-02-21,Southbound,All Vehicles,45,49,28,40,64,208,426,566,579,539,435,387,396,422,436,480,458,391,272,191,159,108,78,63,0,0
2024,2024-02-22,Southbound,Heavy Vehicles,15,17,28,24,40,89,142,149,140,129,,,95,82,87,88,65,60,60,37,35,31,20,27,0,0
2024,2024-02-22,Southbound,Light Vehicles,22,25,17,13,36,118,260,403,354,312,,,326,400,348,384,386,313,212,214,201,126,100,43,0,0
2024,2024-02-22,Southbound,All Vehicles,37,42,45,37,76,207,402,552,494,441,,,421,482,435,472,451,373,272,251,236,157,120,70,0,0
2024,2024-02-23,Southbound,Light Vehicles,51,24,22,9,38,124,231,325,315,341,346,486,531,538,691,643,680,556,523,445,264,183,99,62,0,0
2024,2024-02-23,Southbound,Heavy Vehicles,20,18,36,44,35,86,151,154,133,146,114,113,111,108,131,107,76,69,77,61,34,34,26,18,0,0
2024,2024-02-23,Southbound,All Vehicles,71,42,58,53,73,210,382,479,448,487,460,599,642,646,822,750,756,625,600,506,298,217,125,80,0,0
2024,2024-02-24,Southbound,Light Vehicles,51,65,46,39,19,41,96,229,340,489,597,665,721,741,687,633,608,479,353,290,223,147,124,72,0,0
2024,2024-02-24,Southbound,Heavy Vehicles,16,11,15,19,17,29,36,53,52,50,72,52,70,70,64,52,52,47,33,30,24,17,18,5,0,0
2024,2024-02-24,Southbound,All Vehicles,67,76,61,58,36,70,132,282,392,539,669,717,791,811,751,685,660,526,386,320,247,164,142,77,0,0
2024,2024-02-25,Southbound,Heavy Vehicles,5,13,17,14,7,18,16,25,26,39,59,45,69,53,70,71,74,76,72,46,32,21,23,17,0,0
2024,2024-02-25,Southbound,Light Vehicles,68,101,83,21,12,39,79,121,233,345,466,644,808,958,1060,1115,1166,1141,812,591,425,315,144,98,0,0
2024,2024-02-25,Southbound,All Vehicles,73,114,100,35,19,57,95,146,259,384,525,689,877,1011,1130,1186,1240,1217,884,637,457,336,167,115,0,0
2024,2024-02-26,Southbound,Heavy Vehicles,12,21,19,15,37,78,130,125,119,131,111,97,83,66,80,58,59,57,46,35,32,27,17,20,0,0
2024,2024-02-26,Southbound,Light Vehicles,83,77,86,22,36,150,228,371,351,302,304,411,461,515,475,423,372,310,248,172,166,110,75,49,0,0
2024,2024-02-26,Southbound,All Vehicles,95,98,105,37,73,228,358,496,470,433,415,508,544,581,555,481,431,367,294,207,198,137,92,69,0,0
2024,2024-02-27,Southbound,Heavy Vehicles,24,21,29,21,38,90,121,165,119,125,99,83,72,81,61,88,65,60,38,39,30,30,15,18,0,0
2024,2024-02-27,Southbound,Light Vehicles,34,64,59,17,33,115,216,316,324,288,252,285,384,381,382,360,331,250,202,178,125,94,48,37,0,0
2024,2024-02-27,Southbound,All Vehicles,58,85,88,38,71,205,337,481,443,413,351,368,456,462,443,448,396,310,240,217,155,124,63,55,0,0
2024,2024-02-28,Southbound,Light Vehicles,27,26,9,14,25,120,254,444,377,332,277,298,337,315,324,332,364,289,218,133,137,104,55,31,0,0
2024,2024-02-28,Southbound,Heavy Vehicles,18,19,27,26,37,99,142,176,137,131,111,97,87,82,88,108,75,65,42,35,29,35,22,11,0,0
2024,2024-02-28,Southbound,All Vehicles,45,45,36,40,62,219,396,620,514,463,388,395,424,397,412,440,439,354,260,168,166,139,77,42,0,0
2024,2024-02-29,Southbound,Heavy Vehicles,34,27,24,23,42,91,141,158,144,130,110,93,82,85,79,89,72,66,51,33,32,32,28,19,0,0
2024,2024-02-29,Southbound,Light Vehicles,40,28,7,9,26,130,252,387,364,324,305,305,321,345,358,368,352,324,256,183,155,123,51,36,0,0
2024,2024-02-29,Southbound,All Vehicles,74,55,31,32,68,221,393,545,508,454,415,398,403,430,437,457,424,390,307,216,187,155,79,55,0,0
2024,2024-03-01,Southbound,Light Vehicles,23,29,16,3,24,97,162,209,266,247,258,322,416,407,442,464,429,423,376,324,284,181,87,57,0,0
2024,2024-03-01,Southbound,Heavy Vehicles,16,23,24,30,34,86,113,103,113,108,95,96,79,74,90,80,67,70,60,53,47,29,15,22,0,0
2024,2024-03-01,Southbound,All Vehicles,39,52,40,33,58,183,275,312,379,355,353,418,495,481,532,544,496,493,436,377,331,210,102,79,0,0
2024,2024-03-02,Southbound,Light Vehicles,40,37,26,8,13,54,87,158,293,440,591,607,657,693,621,589,574,473,406,293,176,157,97,99,0,0
2024,2024-03-02,Southbound,Heavy Vehicles,17,18,21,13,20,30,44,50,38,60,61,69,67,67,73,52,46,54,32,29,26,22,7,11,0,0
2024,2024-03-02,Southbound,All Vehicles,57,55,47,21,33,84,131,208,331,500,652,676,724,760,694,641,620,527,438,322,202,179,104,110,0,0
2024,2024-03-03,Southbound,Light Vehicles,62,59,62,20,14,27,82,130,194,336,430,574,750,894,935,948,1019,1029,764,619,428,306,154,94,0,0
2024,2024-03-03,Southbound,Heavy Vehicles,12,13,9,5,10,13,14,19,36,38,56,61,71,71,65,65,85,79,58,49,44,39,20,13,0,0
2024,2024-03-03,Southbound,All Vehicles,74,72,71,25,24,40,96,149,230,374,486,635,821,965,1000,1013,1104,1108,822,668,472,345,174,107,0,0
2024,2024-03-04,Southbound,Light Vehicles,43,32,15,11,38,138,247,358,343,279,321,295,321,299,319,335,326,266,221,171,113,84,51,39,0,0
2024,2024-03-04,Southbound,Heavy Vehicles,10,19,20,14,30,79,124,142,124,125,83,126,85,80,73,81,58,69,37,39,30,27,16,18,0,0
2024,2024-03-04,Southbound,All Vehicles,53,51,35,25,68,217,371,500,467,404,404,421,406,379,392,416,384,335,258,210,143,111,67,57,0,0
2024,2024-03-05,Southbound,Heavy Vehicles,23,21,27,25,42,74,136,170,158,121,102,98,76,89,87,84,68,53,47,49,23,18,14,20,0,0
2024,2024-03-05,Southbound,Light Vehicles,26,18,10,6,37,121,274,454,386,326,305,294,316,312,290,339,360,316,217,179,131,85,58,35,0,0
2024,2024-03-05,Southbound,All Vehicles,49,39,37,31,79,195,410,624,544,447,407,392,392,401,377,423,428,369,264,228,154,103,72,55,0,0
2024,2024-03-06,Southbound,Heavy Vehicles,18,22,31,20,45,82,158,148,159,128,119,104,86,78,83,81,60,60,51,54,33,27,19,19,0,0
2024,2024-03-06,Southbound,Light Vehicles,27,28,8,12,27,110,241,395,366,333,280,292,331,323,319,368,329,252,209,155,107,86,46,39,0,0
2024,2024-03-06,Southbound,All Vehicles,45,50,39,32,72,192,399,543,525,461,399,396,417,401,402,449,389,312,260,209,140,113,65,58,0,0
2024,2024-03-07,Southbound,Light Vehicles,44,9,9,13,31,110,190,277,298,317,218,281,298,282,318,328,307,274,194,187,140,98,53,44,0,0
2024,2024-03-07,Southbound,Heavy Vehicles,21,25,25,26,34,75,125,126,131,118,87,89,89,73,73,84,64,54,45,45,39,23,17,26,0,0
2024,2024-03-07,Southbound,All Vehicles,65,34,34,39,65,185,315,403,429,435,305,370,387,355,391,412,371,328,239,232,179,121,70,70,0,0
2024,2024-03-08,Southbound,Light Vehicles,34,37,20,11,26,104,200,289,279,288,377,447,551,564,652,683,652,638,553,488,384,300,132,73,0,0
2024,2024-03-08,Southbound,Heavy Vehicles,21,26,26,35,37,99,131,139,117,121,117,96,96,106,111,117,93,70,69,58,36,43,27,23,0,0
2024,2024-03-08,Southbound,All Vehicles,55,63,46,46,63,203,331,428,396,409,494,543,647,670,763,800,745,708,622,546,420,343,159,96,0,0
2024,2024-03-09,Southbound,Light Vehicles,42,41,17,13,24,73,127,180,339,530,663,772,740,631,587,530,467,432,315,273,201,164,127,84,0,0
2024,2024-03-09,Southbound,Heavy Vehicles,21,23,20,13,16,34,38,51,54,63,94,86,80,62,47,45,48,44,40,19,22,6,8,9,0,0
2024,2024-03-09,Southbound,All Vehicles,63,64,37,26,40,107,165,231,393,593,757,858,820,693,634,575,515,476,355,292,223,170,135,93,0,0
2024,2024-03-10,Southbound,Heavy Vehicles,6,13,9,5,4,11,20,19,16,33,46,44,65,60,41,56,43,54,43,37,28,23,15,11,0,0
2024,2024-03-10,Southbound,Light Vehicles,102,83,31,19,34,34,39,97,152,282,391,407,515,557,570,595,623,581,480,364,271,199,174,113,0,0
2024,2024-03-10,Southbound,All Vehicles,108,96,40,24,38,45,59,116,168,315,437,451,580,617,611,651,666,635,523,401,299,222,189,124,0,0
2024,2024-03-12,Southbound,Light Vehicles,52,23,18,7,24,117,296,537,464,352,311,335,362,383,377,389,391,362,251,190,126,103,79,54,0,0
2024,2024-03-12,Southbound,Heavy Vehicles,21,22,30,20,46,81,149,159,151,140,109,92,62,100,70,87,72,61,69,42,33,28,15,20,0,0
2024,2024-03-12,Southbound,All Vehicles,73,45,48,27,70,198,445,696,615,492,420,427,424,483,447,476,463,423,320,232,159,131,94,74,0,0
2024,2024-03-13,Southbound,Light Vehicles,23,3,12,7,56,141,274,341,341,300,283,279,263,324,415,434,404,279,224,179,134,101,56,31,0,0
2024,2024-03-13,Southbound,Heavy Vehicles,13,1,4,6,81,117,139,111,104,101,104,103,100,92,107,107,91,61,36,45,29,29,14,21,0,0
2024,2024-03-13,Southbound,All Vehicles,36,4,16,13,137,258,413,452,445,401,387,382,363,416,522,541,495,340,260,224,163,130,70,52,0,0
2024,2024-03-14,Southbound,Light Vehicles,37,40,8,15,24,117,238,396,359,346,319,379,402,364,407,435,397,328,286,248,164,112,72,40,0,0
2024,2024-03-14,Southbound,Heavy Vehicles,21,24,24,31,35,94,139,156,160,113,113,91,95,89,86,85,67,69,47,51,25,29,19,14,0,0
2024,2024-03-14,Southbound,All Vehicles,58,64,32,46,59,211,377,552,519,459,432,470,497,453,493,520,464,397,333,299,189,141,91,54,0,0
2024,2024-03-15,Southbound,Heavy Vehicles,22,23,32,28,36,67,147,125,142,100,112,124,114,120,97,87,95,91,72,59,31,28,24,22,0,0
2024,2024-03-15,Southbound,Light Vehicles,34,34,6,14,26,113,207,316,338,321,333,424,491,639,624,625,628,680,558,484,351,215,105,51,0,0
2024,2024-03-15,Southbound,All Vehicles,56,57,38,42,62,180,354,441,480,421,445,548,605,759,721,712,723,771,630,543,382,243,129,73,0,0
2024,2024-03-16,Southbound,Light Vehicles,39,34,10,13,39,83,95,170,419,587,763,928,748,713,632,604,519,511,323,263,160,138,105,75,0,0
2024,2024-03-16,Southbound,Heavy Vehicles,16,17,16,24,21,39,45,49,66,77,71,78,93,68,40,57,50,45,33,20,23,13,10,5,0,0
2024,2024-03-16,Southbound,All Vehicles,55,51,26,37,60,122,140,219,485,664,834,1006,841,781,672,661,569,556,356,283,183,151,115,80,0,0
2024,2024-03-17,Southbound,Light Vehicles,52,80,69,20,24,25,50,115,196,319,499,614,804,815,821,875,871,933,894,748,323,207,147,98,0,0
2024,2024-03-17,Southbound,Heavy Vehicles,9,12,12,10,8,3,10,22,20,45,38,62,84,63,74,75,77,55,62,69,35,26,14,10,0,0
2024,2024-03-17,Southbound,All Vehicles,61,92,81,30,32,28,60,137,216,364,537,676,888,878,895,950,948,988,956,817,358,233,161,108,0,0
2024,2024-03-18,Southbound,Heavy Vehicles,9,16,17,18,25,77,136,134,140,107,120,89,77,53,63,66,69,60,45,61,30,26,18,26,0,0
2024,2024-03-18,Southbound,Light Vehicles,58,51,22,10,47,138,213,340,327,313,292,334,336,293,299,320,294,300,233,259,157,89,62,48,0,0
2024,2024-03-18,Southbound,All Vehicles,67,67,39,28,72,215,349,474,467,420,412,423,413,346,362,386,363,360,278,320,187,115,80,74,0,0
2024,2024-03-19,Southbound,Heavy Vehicles,25,14,29,32,44,84,136,174,148,140,105,84,82,98,97,88,57,46,39,49,37,23,19,23,0,0
2024,2024-03-19,Southbound,Light Vehicles,24,14,18,3,26,132,260,470,447,339,302,306,312,308,311,373,349,304,165,213,127,102,70,40,0,0
2024,2024-03-19,Southbound,All Vehicles,49,28,47,35,70,216,396,644,595,479,407,390,394,406,408,461,406,350,204,262,164,125,89,63,0,0
2024,2024-03-20,Southbound,Heavy Vehicles,20,23,28,21,34,83,120,131,136,123,101,111,96,94,90,81,70,55,54,39,24,37,16,20,0,0
2024,2024-03-20,Southbound,Light Vehicles,23,21,4,9,36,116,212,408,388,356,291,363,402,350,353,421,337,306,225,149,105,93,53,39,0,0
2024,2024-03-20,Southbound,All Vehicles,43,44,32,30,70,199,332,539,524,479,392,474,498,444,443,502,407,361,279,188,129,130,69,59,0,0
2024,2024-03-21,Southbound,Heavy Vehicles,18,28,26,31,45,77,138,144,133,138,121,113,121,84,64,88,53,53,58,51,35,29,23,19,0,0
2024,2024-03-21,Southbound,Light Vehicles,25,13,10,8,28,126,266,376,388,374,294,357,352,358,334,408,392,312,250,213,173,111,60,33,0,0
2024,2024-03-21,Southbound,All Vehicles,43,41,36,39,73,203,404,520,521,512,415,470,473,442,398,496,445,365,308,264,208,140,83,52,0,0
2024,2024-03-22,Southbound,Light Vehicles,30,31,19,18,23,113,195,345,356,346,402,477,537,613,592,683,635,604,505,410,246,222,190,66,0,0
2024,2024-03-22,Southbound,Heavy Vehicles,19,27,27,26,30,85,140,145,124,111,99,104,108,103,122,88,87,71,68,47,24,33,32,18,0,0
2024,2024-03-22,Southbound,All Vehicles,49,58,46,44,53,198,335,490,480,457,501,581,645,716,714,771,722,675,573,457,270,255,222,84,0,0
2024,2024-03-23,Southbound,Heavy Vehicles,18,18,21,13,21,31,36,36,55,75,58,62,63,60,76,55,57,46,34,29,21,22,16,12,0,0
2024,2024-03-23,Southbound,Light Vehicles,53,47,25,14,16,40,78,143,270,455,575,611,664,686,689,554,519,478,340,256,202,163,186,121,0,0
2024,2024-03-23,Southbound,All Vehicles,71,65,46,27,37,71,114,179,325,530,633,673,727,746,765,609,576,524,374,285,223,185,202,133,0,0
2024,2024-03-24,Southbound,Heavy Vehicles,13,15,8,11,5,11,9,15,23,43,37,66,74,70,73,82,76,57,54,53,38,28,16,14,0,0
2024,2024-03-24,Southbound,Light Vehicles,85,75,39,15,12,12,46,77,174,285,387,595,778,838,998,1045,1002,918,746,512,395,248,163,98,0,0
2024,2024-03-24,Southbound,All Vehicles,98,90,47,26,17,23,55,92,197,328,424,661,852,908,1071,1127,1078,975,800,565,433,276,179,112,0,0
2024,2024-03-25,Southbound,Light Vehicles,71,44,13,18,38,136,225,372,342,295,299,311,316,335,336,344,293,293,225,149,117,81,52,45,0,0
2024,2024-03-25,Southbound,Heavy Vehicles,20,16,21,22,36,68,129,134,108,132,121,90,82,82,72,54,52,56,41,37,25,36,15,18,0,0
2024,2024-03-25,Southbound,All Vehicles,91,60,34,40,74,204,354,506,450,427,420,401,398,417,408,398,345,349,266,186,142,117,67,63,0,0
2024,2024-03-26,Southbound,Light Vehicles,23,16,14,11,29,136,271,429,409,329,283,336,291,319,347,213,356,515,239,147,155,75,55,33,0,0
2024,2024-03-26,Southbound,Heavy Vehicles,22,21,29,28,44,90,130,159,125,116,126,87,69,88,84,51,63,98,54,52,41,32,15,19,0,0
2024,2024-03-26,Southbound,All Vehicles,45,37,43,39,73,226,401,588,534,445,409,423,360,407,431,264,419,613,293,199,196,107,70,52,0,0
2024,2024-03-27,Southbound,Heavy Vehicles,24,17,28,26,47,90,167,155,139,117,126,98,91,89,84,90,80,60,48,50,52,35,24,22,0,0
2024,2024-03-27,Southbound,Light Vehicles,25,16,10,11,33,127,232,451,389,338,283,301,363,377,414,406,411,364,225,217,190,148,76,41,0,0
2024,2024-03-27,Southbound,All Vehicles,49,33,38,37,80,217,399,606,528,455,409,399,454,466,498,496,491,424,273,267,242,183,100,63,0,0
2024,2024-03-29,Southbound,Heavy Vehicles,14,13,14,13,19,22,38,44,48,49,55,36,58,48,50,46,45,29,17,17,12,11,8,6,0,0
2024,2024-03-29,Southbound,Light Vehicles,64,39,15,16,24,57,136,279,397,559,659,541,655,820,828,826,650,460,339,233,180,129,105,78,0,0
2024,2024-03-29,Southbound,All Vehicles,78,52,29,29,43,79,174,323,445,608,714,577,713,868,878,872,695,489,356,250,192,140,113,84,0,0
2024,2024-03-30,Southbound,Heavy Vehicles,2,10,9,6,13,9,20,33,34,38,53,60,55,47,37,52,35,48,42,23,22,14,5,4,0,0
2024,2024-03-30,Southbound,Light Vehicles,60,36,21,17,15,18,64,118,215,458,609,743,627,639,622,603,575,564,444,326,268,217,150,98,0,0
2024,2024-03-30,Southbound,All Vehicles,62,46,30,23,28,27,84,151,249,496,662,803,682,686,659,655,610,612,486,349,290,231,155,102,0,0
2024,2024-03-31,Southbound,Heavy Vehicles,14,10,2,9,10,4,9,6,9,21,27,38,28,38,36,27,30,25,33,22,14,18,12,12,0,0
2024,2024-03-31,Southbound,Light Vehicles,66,66,39,24,15,18,29,54,140,244,394,452,505,540,559,553,585,597,490,352,329,220,168,135,0,0
2024,2024-03-31,Southbound,All Vehicles,80,76,41,33,25,22,38,60,149,265,421,490,533,578,595,580,615,622,523,374,343,238,180,147,0,0
2024,2024-04-02,Southbound,Light Vehicles,68,33,24,13,35,126,310,497,420,380,325,389,393,468,440,431,445,388,283,212,153,104,90,53,0,0
2024,2024-04-02,Southbound,Heavy Vehicles,18,23,23,20,29,71,138,118,135,114,102,85,89,91,90,82,76,73,44,48,27,27,22,26,0,0
2024,2024-04-02,Southbound,All Vehicles,86,56,47,33,64,197,448,615,555,494,427,474,482,559,530,513,521,461,327,260,180,131,112,79,0,0
2024,2024-04-03,Southbound,Light Vehicles,39,25,8,7,30,119,201,297,299,259,235,249,271,314,298,290,319,258,211,145,133,90,58,38,0,0
2024,2024-04-03,Southbound,Heavy Vehicles,18,22,30,27,53,74,133,127,121,111,110,97,71,78,66,67,57,66,37,32,27,17,20,19,0,0
2024,2024-04-03,Southbound,All Vehicles,57,47,38,34,83,193,334,424,420,370,345,346,342,392,364,357,376,324,248,177,160,107,78,57,0,0
2024,2024-04-04,Southbound,Heavy Vehicles,24,22,30,32,47,85,140,149,142,127,102,95,85,94,72,89,57,55,53,36,45,18,21,22,0,0
2024,2024-04-04,Southbound,Light Vehicles,24,26,8,12,34,138,229,359,365,402,303,288,391,413,382,405,353,281,232,201,169,113,48,45,0,0
2024,2024-04-04,Southbound,All Vehicles,48,48,38,44,81,223,369,508,507,529,405,383,476,507,454,494,410,336,285,237,214,131,69,67,0,0
2024,2024-04-05,Southbound,Heavy Vehicles,14,26,26,30,39,75,138,123,104,123,112,102,96,98,99,91,61,79,71,50,37,18,14,21,0,0
2024,2024-04-05,Southbound,Light Vehicles,35,22,7,7,29,95,184,248,280,342,313,373,558,564,542,536,458,528,405,337,204,146,65,49,0,0
2024,2024-04-05,Southbound,All Vehicles,49,48,33,37,68,170,322,371,384,465,425,475,654,662,641,627,519,607,476,387,241,164,79,70,0,0
2024,2024-04-06,Southbound,Light Vehicles,12,29,22,3,13,27,52,95,159,356,525,701,807,789,797,684,632,426,292,228,172,126,125,68,0,0
2024,2024-04-06,Southbound,Heavy Vehicles,13,21,16,15,10,20,18,37,64,48,77,75,66,71,53,53,37,37,35,19,21,17,13,13,0,0
2024,2024-04-06,Southbound,All Vehicles,25,50,38,18,23,47,70,132,223,404,602,776,873,860,850,737,669,463,327,247,193,143,138,81,0,0
2024,2024-04-08,Southbound,Heavy Vehicles,20,12,20,22,36,69,131,128,141,127,112,112,75,75,73,78,55,45,44,44,25,22,18,20,0,0
2024,2024-04-08,Southbound,Light Vehicles,43,23,18,13,41,137,247,389,324,317,278,262,322,319,318,330,333,261,186,140,126,82,59,25,0,0
2024,2024-04-08,Southbound,All Vehicles,63,35,38,35,77,206,378,517,465,444,390,374,397,394,391,408,388,306,230,184,151,104,77,45,0,0
2024,2024-04-09,Southbound,Light Vehicles,26,14,9,5,26,103,220,335,311,262,232,243,249,257,280,248,293,221,158,128,118,95,49,53,0,0
2024,2024-04-09,Southbound,Heavy Vehicles,21,18,30,29,32,95,123,135,115,104,119,88,76,81,76,70,56,53,33,34,25,33,17,17,0,0
2024,2024-04-09,Southbound,All Vehicles,47,32,39,34,58,198,343,470,426,366,351,331,325,338,356,318,349,274,191,162,143,128,66,70,0,0
2024,2024-04-10,Southbound,Light Vehicles,31,22,5,11,30,124,235,450,382,339,283,335,360,368,353,355,355,293,206,148,134,112,58,41,0,0
2024,2024-04-10,Southbound,Heavy Vehicles,19,15,29,28,33,83,157,143,137,115,97,87,96,97,82,80,77,53,52,38,26,25,14,16,0,0
2024,2024-04-10,Southbound,All Vehicles,50,37,34,39,63,207,392,593,519,454,380,422,456,465,435,435,432,346,258,186,160,137,72,57,0,0
2024,2024-04-11,Southbound,Heavy Vehicles,15,18,27,30,44,81,115,126,112,103,102,92,72,75,67,66,58,54,50,40,33,30,23,22,0,0
2024,2024-04-11,Southbound,Light Vehicles,26,11,15,7,30,110,203,305,307,274,246,248,340,289,309,307,372,282,215,145,172,119,66,40,0,0
2024,2024-04-11,Southbound,All Vehicles,41,29,42,37,74,191,318,431,419,377,348,340,412,364,376,373,430,336,265,185,205,149,89,62,0,0
2024,2024-04-12,Southbound,Heavy Vehicles,21,23,25,32,37,79,138,109,118,138,143,108,91,93,103,87,87,77,57,59,30,28,31,22,0,0
2024,2024-04-12,Southbound,Light Vehicles,31,24,10,9,23,113,208,280,273,344,395,445,485,518,600,650,641,513,459,416,293,213,101,69,0,0
2024,2024-04-12,Southbound,All Vehicles,52,47,35,41,60,192,346,389,391,482,538,553,576,611,703,737,728,590,516,475,323,241,132,91,0,0
2024,2024-04-13,Southbound,Light Vehicles,30,48,12,7,17,42,79,197,304,512,731,829,731,673,686,560,614,520,359,245,206,125,118,99,0,0
2024,2024-04-13,Southbound,Heavy Vehicles,15,24,10,19,25,33,49,46,45,67,74,64,59,53,60,67,56,54,24,21,23,16,9,10,0,0
2024,2024-04-13,Southbound,All Vehicles,45,72,22,26,42,75,128,243,349,579,805,893,790,726,746,627,670,574,383,266,229,141,127,109,0,0
2024,2024-04-14,Southbound,Heavy Vehicles,6,13,10,11,3,6,15,18,27,36,40,59,59,76,74,84,76,59,53,50,39,20,22,14,0,0
2024,2024-04-14,Southbound,Light Vehicles,56,42,12,5,16,21,53,114,185,355,524,608,783,834,988,1055,988,883,634,504,315,235,204,96,0,0
2024,2024-04-14,Southbound,All Vehicles,62,55,22,16,19,27,68,132,212,391,564,667,842,910,1062,1139,1064,942,687,554,354,255,226,110,0,0
2024,2024-04-15,Southbound,Heavy Vehicles,12,18,23,19,26,98,151,142,144,119,104,103,95,85,101,76,75,60,48,34,39,28,15,17,0,0
2024,2024-04-15,Southbound,Light Vehicles,43,40,23,18,38,172,301,509,445,463,462,569,553,524,557,507,492,360,253,186,185,102,58,39,0,0
2024,2024-04-15,Southbound,All Vehicles,55,58,46,37,64,270,452,651,589,582,566,672,648,609,658,583,567,420,301,220,224,130,73,56,0,0
2024,2024-04-16,Southbound,Heavy Vehicles,25,25,27,26,42,82,140,147,134,125,109,81,79,81,84,68,65,49,54,44,30,19,16,14,0,0
2024,2024-04-16,Southbound,Light Vehicles,23,17,8,14,27,128,247,369,430,377,383,307,368,363,410,434,394,315,229,172,126,86,52,26,0,0
2024,2024-04-16,Southbound,All Vehicles,48,42,35,40,69,210,387,516,564,502,492,388,447,444,494,502,459,364,283,216,156,105,68,40,0,0
2024,2024-04-17,Southbound,Light Vehicles,28,12,14,9,19,132,227,377,382,409,398,411,445,358,384,451,405,380,215,173,145,87,60,36,0,0
2024,2024-04-17,Southbound,Heavy Vehicles,18,22,27,17,42,83,147,147,149,136,105,96,72,88,71,75,63,57,48,46,36,30,20,17,0,0
2024,2024-04-17,Southbound,All Vehicles,46,34,41,26,61,215,374,524,531,545,503,507,517,446,455,526,468,437,263,219,181,117,80,53,0,0
2024,2024-04-18,Southbound,Light Vehicles,25,12,9,8,27,118,229,335,356,391,359,377,387,458,415,514,466,336,238,205,189,120,65,36,0,0
2024,2024-04-18,Southbound,Heavy Vehicles,18,29,19,30,33,87,129,133,130,117,89,95,100,86,64,102,52,87,52,36,34,26,21,20,0,0
2024,2024-04-18,Southbound,All Vehicles,43,41,28,38,60,205,358,468,486,508,448,472,487,544,479,616,518,423,290,241,223,146,86,56,0,0
2024,2024-04-19,Southbound,Heavy Vehicles,18,14,36,31,34,73,141,115,113,138,123,106,105,97,113,73,93,70,65,40,48,30,25,15,0,0
2024,2024-04-19,Southbound,Light Vehicles,22,16,18,10,23,126,196,282,321,363,427,500,564,629,637,688,724,539,440,346,334,188,91,51,0,0
2024,2024-04-19,Southbound,All Vehicles,40,30,54,41,57,199,337,397,434,501,550,606,669,726,750,761,817,609,505,386,382,218,116,66,0,0
2024,2024-04-20,Southbound,Heavy Vehicles,15,20,12,19,21,27,35,40,55,57,92,54,55,74,72,62,54,32,27,24,11,13,5,8,0,0
2024,2024-04-20,Southbound,Light Vehicles,25,17,9,7,9,49,76,150,306,498,666,745,572,830,733,690,637,490,342,252,148,142,94,80,0,0
2024,2024-04-20,Southbound,All Vehicles,40,37,21,26,30,76,111,190,361,555,758,799,627,904,805,752,691,522,369,276,159,155,99,88,0,0
2024,2024-04-21,Southbound,Heavy Vehicles,12,10,10,8,6,7,14,23,27,38,47,66,56,60,70,72,80,72,71,56,24,25,17,11,0,0
2024,2024-04-21,Southbound,Light Vehicles,45,34,21,10,13,17,43,105,248,358,554,622,816,811,1024,1078,1053,926,676,534,349,222,152,66,0,0
2024,2024-04-21,Southbound,All Vehicles,57,44,31,18,19,24,57,128,275,396,601,688,872,871,1094,1150,1133,998,747,590,373,247,169,77,0,0
2024,2024-04-22,Southbound,Heavy Vehicles,19,14,14,22,30,91,149,148,137,128,125,114,90,97,87,87,69,54,56,35,37,26,20,18,0,0
2024,2024-04-22,Southbound,Light Vehicles,34,17,20,15,42,166,300,481,470,430,421,498,512,471,498,486,430,369,252,191,160,101,59,42,0,0
2024,2024-04-22,Southbound,All Vehicles,53,31,34,37,72,257,449,629,607,558,546,612,602,568,585,573,499,423,308,226,197,127,79,60,0,0
2024,2024-04-23,Southbound,Light Vehicles,19,11,8,7,33,130,237,378,391,368,320,377,368,399,366,470,448,350,226,184,176,82,57,36,0,0
2024,2024-04-23,Southbound,Heavy Vehicles,22,20,22,30,42,82,141,150,127,123,129,100,84,81,88,96,73,66,49,35,34,28,17,13,0,0
2024,2024-04-23,Southbound,All Vehicles,41,31,30,37,75,212,378,528,518,491,449,477,452,480,454,566,521,416,275,219,210,110,74,49,0,0
2024,2024-04-25,Southbound,Heavy Vehicles,12,15,13,12,14,19,29,29,46,51,47,38,41,45,67,45,32,36,25,23,16,13,8,15,0,0
2024,2024-04-25,Southbound,Light Vehicles,31,19,16,20,25,35,71,146,233,355,532,624,605,677,710,565,456,359,262,189,150,118,79,52,0,0
2024,2024-04-25,Southbound,All Vehicles,43,34,29,32,39,54,100,175,279,406,579,662,646,722,777,610,488,395,287,212,166,131,87,67,0,0
2024,2024-04-26,Southbound,Heavy Vehicles,18,13,16,22,29,47,91,100,87,115,82,76,88,87,101,84,72,61,52,43,27,31,22,16,0,0
2024,2024-04-26,Southbound,Light Vehicles,34,20,7,5,18,64,131,259,301,381,452,496,607,613,623,641,584,545,425,299,229,139,102,70,0,0
2024,2024-04-26,Southbound,All Vehicles,52,33,23,27,47,111,222,359,388,496,534,572,695,700,724,725,656,606,477,342,256,170,124,86,0,0
2024,2024-04-27,Southbound,Heavy Vehicles,9,21,8,21,17,19,24,34,54,68,59,64,52,66,66,58,59,43,40,21,23,12,16,9,0,0
2024,2024-04-27,Southbound,Light Vehicles,36,38,19,7,9,24,55,124,271,470,616,692,781,750,726,784,731,651,426,332,276,189,115,88,0,0
2024,2024-04-27,Southbound,All Vehicles,45,59,27,28,26,43,79,158,325,538,675,756,833,816,792,842,790,694,466,353,299,201,131,97,0,0
2024,2024-04-28,Southbound,Light Vehicles,42,41,19,5,15,17,35,87,175,330,452,527,640,699,792,799,799,659,517,404,356,327,140,70,0,0
2024,2024-04-28,Southbound,Heavy Vehicles,10,10,6,6,9,4,5,21,16,37,39,51,52,58,75,59,44,48,45,50,29,27,14,17,0,0
2024,2024-04-28,Southbound,All Vehicles,52,51,25,11,24,21,40,108,191,367,491,578,692,757,867,858,843,707,562,454,385,354,154,87,0,0
2024,2024-04-29,Southbound,Heavy Vehicles,12,13,15,19,38,80,153,169,133,137,92,107,96,83,97,76,75,60,66,35,21,30,18,20,0,0
2024,2024-04-29,Southbound,Light Vehicles,45,21,16,11,43,168,297,532,446,398,384,389,398,396,409,458,465,314,229,180,111,91,48,44,0,0
2024,2024-04-29,Southbound,All Vehicles,57,34,31,30,81,248,450,701,579,535,476,496,494,479,506,534,540,374,295,215,132,121,66,64,0,0
2024,2024-04-30,Southbound,Heavy Vehicles,17,24,21,29,34,78,125,148,131,122,101,96,92,74,78,72,80,66,41,39,33,19,20,15,0,0
2024,2024-04-30,Southbound,Light Vehicles,26,23,2,13,18,131,253,405,387,302,260,288,275,274,292,295,356,260,168,164,108,80,52,27,0,0
2024,2024-04-30,Southbound,All Vehicles,43,47,23,42,52,209,378,553,518,424,361,384,367,348,370,367,436,326,209,203,141,99,72,42,0,0
2024,2024-05-01,Southbound,Light Vehicles,13,21,2,7,27,117,245,429,349,334,290,296,300,355,331,363,325,256,201,134,123,80,48,34,0,0
2024,2024-05-01,Southbound,Heavy Vehicles,22,17,21,28,29,82,144,147,140,120,124,103,84,67,83,71,50,74,46,34,29,29,23,10,0,0
2024,2024-05-01,Southbound,All Vehicles,35,38,23,35,56,199,389,576,489,454,414,399,384,422,414,434,375,330,247,168,152,109,71,44,0,0
2024,2024-05-02,Southbound,Heavy Vehicles,19,25,33,30,38,80,141,150,131,125,96,95,95,76,75,77,64,60,43,38,30,36,22,19,0,0
2024,2024-05-02,Southbound,Light Vehicles,35,20,9,13,22,120,229,370,358,315,297,332,344,352,354,351,357,294,217,156,130,102,58,40,0,0
2024,2024-05-02,Southbound,All Vehicles,54,45,42,43,60,200,370,520,489,440,393,427,439,428,429,428,421,354,260,194,160,138,80,59,0,0
2024,2024-05-03,Southbound,Heavy Vehicles,18,19,25,29,44,75,153,133,124,113,95,104,73,95,89,81,93,80,54,36,38,28,18,28,0,0
2024,2024-05-03,Southbound,Light Vehicles,27,19,11,12,28,100,187,303,302,302,398,402,428,502,503,551,605,511,443,343,250,152,94,51,0,0
2024,2024-05-03,Southbound,All Vehicles,45,38,36,41,72,175,340,436,426,415,493,506,501,597,592,632,698,591,497,379,288,180,112,79,0,0
2024,2024-05-04,Southbound,Light Vehicles,20,23,14,7,12,39,66,158,307,407,552,628,601,526,558,510,488,424,282,217,156,119,73,63,0,0
2024,2024-05-04,Southbound,Heavy Vehicles,14,19,15,14,17,26,38,37,57,60,49,61,66,63,46,53,47,40,32,26,23,12,7,7,0,0
2024,2024-05-04,Southbound,All Vehicles,34,42,29,21,29,65,104,195,364,467,601,689,667,589,604,563,535,464,314,243,179,131,80,70,0,0
2024,2024-05-05,Southbound,Light Vehicles,47,22,16,7,13,17,34,112,151,311,460,574,664,757,765,785,811,688,539,387,303,181,103,71,0,0
2024,2024-05-05,Southbound,Heavy Vehicles,12,12,7,8,2,5,18,18,29,25,50,50,70,67,64,78,68,56,64,39,40,29,18,7,0,0
2024,2024-05-05,Southbound,All Vehicles,59,34,23,15,15,22,52,130,180,336,510,624,734,824,829,863,879,744,603,426,343,210,121,78,0,0
2024,2024-05-06,Southbound,Heavy Vehicles,20,11,20,22,37,86,141,183,158,147,111,109,89,103,93,88,86,73,43,30,23,25,20,10,0,0
2024,2024-05-06,Southbound,Light Vehicles,26,18,16,14,34,161,297,479,478,348,321,369,354,400,456,426,374,317,187,154,114,92,54,38,0,0
2024,2024-05-06,Southbound,All Vehicles,46,29,36,36,71,247,438,662,636,495,432,478,443,503,549,514,460,390,230,184,137,117,74,48,0,0
2024,2024-05-07,Southbound,Heavy Vehicles,20,20,25,32,39,84,144,157,124,122,106,96,80,96,62,78,69,56,47,38,38,36,20,19,0,0
2024,2024-05-07,Southbound,Light Vehicles,24,15,9,7,26,130,257,424,376,322,253,296,289,308,301,394,306,301,201,139,105,73,45,31,0,0
2024,2024-05-07,Southbound,All Vehicles,44,35,34,39,65,214,401,581,500,444,359,392,369,404,363,472,375,357,248,177,143,109,65,50,0,0
2024,2024-05-08,Southbound,Heavy Vehicles,19,11,26,18,38,84,143,153,136,130,115,84,60,85,92,68,68,54,50,21,35,19,16,20,0,0
2024,2024-05-08,Southbound,Light Vehicles,28,16,12,12,28,117,234,403,366,291,312,298,298,282,307,322,324,273,191,145,100,71,45,30,0,0
2024,2024-05-08,Southbound,All Vehicles,47,27,38,30,66,201,377,556,502,421,427,382,358,367,399,390,392,327,241,166,135,90,61,50,0,0
2024,2024-05-09,Southbound,Light Vehicles,19,12,13,11,35,125,243,368,328,320,313,341,308,328,337,380,400,321,203,171,132,108,73,47,0,0
2024,2024-05-09,Southbound,Heavy Vehicles,15,25,20,28,46,84,151,130,137,125,102,99,96,83,71,78,69,68,30,42,30,34,22,24,0,0
2024,2024-05-09,Southbound,All Vehicles,34,37,33,39,81,209,394,498,465,445,415,440,404,411,408,458,469,389,233,213,162,142,95,71,0,0
2024,2024-05-10,Southbound,Light Vehicles,32,12,10,11,28,115,189,310,298,296,312,384,422,481,499,598,553,532,449,302,272,148,85,55,0,0
2024,2024-05-10,Southbound,Heavy Vehicles,23,18,31,27,53,71,140,138,134,121,97,98,88,92,88,102,76,78,49,49,32,33,14,23,0,0
2024,2024-05-10,Southbound,All Vehicles,55,30,41,38,81,186,329,448,432,417,409,482,510,573,587,700,629,610,498,351,304,181,99,78,0,0
2024,2024-05-11,Southbound,Heavy Vehicles,13,22,11,16,19,16,38,35,36,68,61,50,59,64,60,49,42,37,35,17,22,18,11,2,0,0
2024,2024-05-11,Southbound,Light Vehicles,45,12,7,8,19,28,60,159,249,447,552,653,669,554,535,514,520,423,254,173,145,108,78,58,0,0
2024,2024-05-11,Southbound,All Vehicles,58,34,18,24,38,44,98,194,285,515,613,703,728,618,595,563,562,460,289,190,167,126,89,60,0,0
2024,2024-05-12,Southbound,Heavy Vehicles,12,12,7,8,4,8,11,21,26,38,50,55,51,42,49,67,46,58,51,38,38,29,16,13,0,0
2024,2024-05-12,Southbound,Light Vehicles,56,57,29,16,14,20,44,125,232,324,479,525,588,474,577,890,987,924,736,491,413,225,147,88,0,0
2024,2024-05-12,Southbound,All Vehicles,68,69,36,24,18,28,55,146,258,362,529,580,639,516,626,957,1033,982,787,529,451,254,163,101,0,0
2024,2024-05-14,Southbound,Heavy Vehicles,12,,,6,9,79,147,159,110,116,108,85,89,79,76,91,71,54,49,33,18,31,18,22,0,0
2024,2024-05-14,Southbound,Light Vehicles,13,,,,13,133,249,384,341,333,269,298,304,337,334,334,361,296,204,143,142,59,51,35,0,0
2024,2024-05-14,Southbound,All Vehicles,25,,,6,22,212,396,543,451,449,377,383,393,416,410,425,432,350,253,176,160,90,69,57,0,0
2024,2024-05-15,Southbound,Light Vehicles,22,17,4,11,31,113,267,387,368,323,296,289,283,306,308,354,354,270,200,162,116,66,46,41,0,0
2024,2024-05-15,Southbound,Heavy Vehicles,20,16,22,23,36,91,144,138,139,129,121,89,85,76,77,88,64,55,36,32,38,23,17,21,0,0
2024,2024-05-15,Southbound,All Vehicles,42,33,26,34,67,204,411,525,507,452,417,378,368,382,385,442,418,325,236,194,154,89,63,62,0,0
2024,2024-05-16,Southbound,Light Vehicles,24,11,7,11,31,116,230,367,348,310,279,308,287,353,372,366,366,276,184,162,158,88,64,44,0,0
2024,2024-05-16,Southbound,Heavy Vehicles,18,24,18,34,33,95,128,162,130,125,103,72,72,69,83,74,71,55,35,38,32,17,20,21,0,0
2024,2024-05-16,Southbound,All Vehicles,42,35,25,45,64,211,358,529,478,435,382,380,359,422,455,440,437,331,219,200,190,105,84,65,0,0
2024,2024-05-17,Southbound,Heavy Vehicles,17,21,28,26,47,77,151,124,149,145,85,104,95,98,92,79,71,66,61,48,46,37,11,21,0,0
2024,2024-05-17,Southbound,Light Vehicles,31,13,8,9,26,107,190,307,318,322,356,407,452,536,540,593,578,497,459,362,347,182,102,65,0,0
2024,2024-05-17,Southbound,All Vehicles,48,34,36,35,73,184,341,431,467,467,441,511,547,634,632,672,649,563,520,410,393,219,113,86,0,0
2024,2024-05-18,Southbound,Heavy Vehicles,10,20,17,20,19,34,43,48,50,64,59,58,68,48,54,48,36,32,25,29,27,17,6,10,0,0
2024,2024-05-18,Southbound,Light Vehicles,45,28,12,7,9,49,71,203,353,528,651,640,657,585,535,539,525,455,324,240,221,134,91,73,0,0
2024,2024-05-18,Southbound,All Vehicles,55,48,29,27,28,83,114,251,403,592,710,698,725,633,589,587,561,487,349,269,248,151,97,83,0,0
2024,2024-05-19,Southbound,Heavy Vehicles,5,12,6,12,5,11,19,17,24,40,46,56,52,51,62,68,71,88,52,41,34,19,18,15,0,0
2024,2024-05-19,Southbound,Light Vehicles,44,24,14,12,8,16,61,85,208,312,414,580,686,767,859,941,976,795,579,439,326,209,138,77,0,0
2024,2024-05-19,Southbound,All Vehicles,49,36,20,24,13,27,80,102,232,352,460,636,738,818,921,1009,1047,883,631,480,360,228,156,92,0,0
2024,2024-05-20,Southbound,Light Vehicles,36,15,13,8,32,131,230,350,332,299,275,237,199,231,283,263,305,262,179,142,119,88,49,38,0,0
2024,2024-05-20,Southbound,Heavy Vehicles,12,14,17,24,29,71,126,130,147,121,112,77,62,59,42,45,47,42,43,36,28,16,13,17,0,0
2024,2024-05-20,Southbound,All Vehicles,48,29,30,32,61,202,356,480,479,420,387,314,261,290,325,308,352,304,222,178,147,104,62,55,0,0
2024,2024-05-21,Southbound,Light Vehicles,18,11,9,10,26,128,244,438,380,311,271,288,273,307,306,289,346,265,184,146,115,71,51,38,0,0
2024,2024-05-21,Southbound,Heavy Vehicles,21,23,25,31,42,74,124,148,117,105,94,96,84,87,80,83,74,59,43,34,29,32,23,14,0,0
2024,2024-05-21,Southbound,All Vehicles,39,34,34,41,68,202,368,586,497,416,365,384,357,394,386,372,420,324,227,180,144,103,74,52,0,0
2024,2024-05-22,Southbound,Heavy Vehicles,20,23,20,27,30,82,141,144,138,132,99,101,80,74,68,78,60,51,51,36,28,26,17,22,0,0
2024,2024-05-22,Southbound,Light Vehicles,20,12,11,7,23,114,246,394,365,356,286,290,296,277,326,323,344,244,190,146,103,81,53,34,0,0
2024,2024-05-22,Southbound,All Vehicles,40,35,31,34,53,196,387,538,503,488,385,391,376,351,394,401,404,295,241,182,131,107,70,56,0,0
2024,2024-05-23,Southbound,Light Vehicles,21,13,5,9,29,126,221,359,343,311,283,329,337,327,364,364,374,319,205,182,154,111,66,37,0,0
2024,2024-05-23,Southbound,Heavy Vehicles,19,23,23,31,44,83,129,143,151,115,115,98,91,99,69,73,77,65,50,32,27,29,23,17,0,0
2024,2024-05-23,Southbound,All Vehicles,40,36,28,40,73,209,350,502,494,426,398,427,428,426,433,437,451,384,255,214,181,140,89,54,0,0
2024,2024-05-24,Southbound,Light Vehicles,20,18,14,9,23,111,164,292,339,351,341,405,429,508,505,609,560,537,425,328,263,140,80,37,0,0
2024,2024-05-24,Southbound,Heavy Vehicles,20,28,25,21,44,84,145,119,127,132,86,80,94,100,97,98,69,80,51,58,39,28,29,16,0,0
2024,2024-05-24,Southbound,All Vehicles,40,46,39,30,67,195,309,411,466,483,427,485,523,608,602,707,629,617,476,386,302,168,109,53,0,0
2024,2024-05-25,Southbound,Light Vehicles,44,24,10,8,10,35,83,163,301,501,571,659,685,692,471,486,516,454,309,201,168,121,96,73,0,0
2024,2024-05-25,Southbound,Heavy Vehicles,15,20,11,11,20,29,29,52,54,54,74,70,74,56,51,40,43,49,26,21,20,13,14,6,0,0
2024,2024-05-25,Southbound,All Vehicles,59,44,21,19,30,64,112,215,355,555,645,729,759,748,522,526,559,503,335,222,188,134,110,79,0,0
2024,2024-05-26,Southbound,Heavy Vehicles,11,15,10,6,5,10,13,15,26,32,43,37,63,50,65,55,68,73,59,41,25,22,16,6,0,0
2024,2024-05-26,Southbound,Light Vehicles,51,29,20,4,10,14,43,139,209,303,415,468,562,643,726,775,877,683,544,414,270,200,105,85,0,0
2024,2024-05-26,Southbound,All Vehicles,62,44,30,10,15,24,56,154,235,335,458,505,625,693,791,830,945,756,603,455,295,222,121,91,0,0
2024,2024-05-28,Southbound,Light Vehicles,45,34,8,10,45,160,300,486,424,385,324,325,322,346,323,351,373,265,198,136,123,88,57,38,0,0
2024,2024-05-28,Southbound,Heavy Vehicles,30,28,19,28,44,95,148,166,154,156,102,88,79,61,75,80,67,60,64,29,39,20,15,18,0,0
2024,2024-05-28,Southbound,All Vehicles,75,62,27,38,89,255,448,652,578,541,426,413,401,407,398,431,440,325,262,165,162,108,72,56,0,0
2024,2024-05-29,Southbound,Light Vehicles,25,22,9,5,26,126,257,401,351,288,334,289,275,309,317,312,384,255,162,148,89,74,58,42,0,0
2024,2024-05-29,Southbound,Heavy Vehicles,19,14,28,29,34,82,144,159,140,125,103,102,92,86,84,73,68,60,54,49,19,25,21,19,0,0
2024,2024-05-29,Southbound,All Vehicles,44,36,37,34,60,208,401,560,491,413,437,391,367,395,401,385,452,315,216,197,108,99,79,61,0,0
2024,2024-05-30,Southbound,Heavy Vehicles,15,26,24,37,39,75,138,166,144,140,90,82,92,81,77,78,73,73,44,37,30,27,25,15,0,0
2024,2024-05-30,Southbound,Light Vehicles,14,20,14,13,31,118,240,343,373,336,284,297,306,339,368,362,384,269,202,166,122,83,53,40,0,0
2024,2024-05-30,Southbound,All Vehicles,29,46,38,50,70,193,378,509,517,476,374,379,398,420,445,440,457,342,246,203,152,110,78,55,0,0
2024,2024-05-31,Southbound,Light Vehicles,23,17,6,8,31,112,192,289,332,333,304,352,446,461,474,519,492,432,338,291,242,146,83,48,0,0
2024,2024-05-31,Southbound,Heavy Vehicles,17,15,27,29,37,79,142,121,117,86,93,93,103,111,83,93,77,57,55,55,36,30,23,15,0,0
2024,2024-05-31,Southbound,All Vehicles,40,32,33,37,68,191,334,410,449,419,397,445,549,572,557,612,569,489,393,346,278,176,106,63,0,0
2024,2024-06-01,Southbound,Light Vehicles,28,26,10,7,14,30,62,136,252,359,404,489,476,392,394,399,407,303,235,157,92,83,71,51,0,0
2024,2024-06-01,Southbound,Heavy Vehicles,12,19,12,15,16,27,29,50,52,59,72,58,52,48,41,49,32,34,28,16,12,14,11,6,0,0
2024,2024-06-01,Southbound,All Vehicles,40,45,22,22,30,57,91,186,304,418,476,547,528,440,435,448,439,337,263,173,104,97,82,57,0,0
2024,2024-06-02,Southbound,Heavy Vehicles,5,14,3,12,2,8,8,22,20,28,34,38,42,46,56,47,43,49,34,23,22,24,18,15,0,0
2024,2024-06-02,Southbound,Light Vehicles,28,18,16,8,8,14,28,72,137,235,337,362,466,538,586,603,593,489,365,275,195,146,92,49,0,0
2024,2024-06-02,Southbound,All Vehicles,33,32,19,20,10,22,36,94,157,263,371,400,508,584,642,650,636,538,399,298,217,170,110,64,0,0
2024,2024-06-03,Southbound,Heavy Vehicles,17,14,19,23,32,68,116,127,108,127,113,79,96,72,73,74,63,61,40,25,30,26,27,25,0,0
2024,2024-06-03,Southbound,Light Vehicles,41,28,12,18,38,149,238,351,317,264,219,267,273,279,301,313,286,253,179,133,98,76,48,48,0,0
2024,2024-06-03,Southbound,All Vehicles,58,42,31,41,70,217,354,478,425,391,332,346,369,351,374,387,349,314,219,158,128,102,75,73,0,0
2024,2024-06-04,Southbound,Heavy Vehicles,20,26,27,35,39,91,130,140,137,138,99,86,87,92,86,73,62,54,43,37,28,19,21,20,0,0
2024,2024-06-04,Southbound,Light Vehicles,83,40,11,6,23,127,248,384,355,347,296,296,328,359,361,339,349,262,176,120,95,58,53,30,0,0
2024,2024-06-04,Southbound,All Vehicles,103,66,38,41,62,218,378,524,492,485,395,382,415,451,447,412,411,316,219,157,123,77,74,50,0,0
2024,2024-06-05,Southbound,Light Vehicles,21,16,9,6,30,128,226,362,388,367,269,308,278,318,275,327,278,226,179,145,104,60,39,32,0,0
2024,2024-06-05,Southbound,Heavy Vehicles,10,29,25,30,36,74,141,128,131,146,116,97,81,56,69,87,66,42,38,31,35,18,13,14,0,0
2024,2024-06-05,Southbound,All Vehicles,31,45,34,36,66,202,367,490,519,513,385,405,359,374,344,414,344,268,217,176,139,78,52,46,0,0
2024,2024-06-06,Southbound,Light Vehicles,46,45,7,7,29,112,185,351,289,245,256,317,336,368,492,558,361,280,244,204,178,128,61,46,0,0
2024,2024-06-06,Southbound,Heavy Vehicles,19,31,11,23,30,77,110,115,118,98,87,94,89,99,137,133,55,58,49,41,43,23,20,16,0,0
2024,2024-06-06,Southbound,All Vehicles,65,76,18,30,59,189,295,466,407,343,343,411,425,467,629,691,416,338,293,245,221,151,81,62,0,0
2024,2024-06-07,Southbound,Light Vehicles,23,14,6,11,21,86,156,215,267,276,349,413,461,463,532,578,491,393,453,382,436,287,127,47,0,0
2024,2024-06-07,Southbound,Heavy Vehicles,19,16,28,26,31,74,107,121,101,110,96,86,96,100,92,93,71,59,54,60,54,45,19,20,0,0
2024,2024-06-07,Southbound,All Vehicles,42,30,34,37,52,160,263,336,368,386,445,499,557,563,624,671,562,452,507,442,490,332,146,67,0,0
2024,2024-06-09,Southbound,Heavy Vehicles,10,11,6,17,6,5,15,27,26,33,31,34,36,31,41,31,30,40,27,28,23,19,11,8,0,0
2024,2024-06-09,Southbound,Light Vehicles,47,45,25,22,16,19,63,113,194,330,461,516,469,500,522,527,516,490,382,268,227,193,122,90,0,0
2024,2024-06-09,Southbound,All Vehicles,57,56,31,39,22,24,78,140,220,363,492,550,505,531,563,558,546,530,409,296,250,212,133,98,0,0
2024,2024-06-11,Southbound,Light Vehicles,52,21,10,10,27,105,227,365,309,276,261,294,317,351,350,341,308,285,179,187,148,93,76,42,0,0
2024,2024-06-11,Southbound,Heavy Vehicles,15,19,11,20,32,83,101,126,115,143,89,94,75,77,92,73,53,43,48,34,28,22,24,12,0,0
2024,2024-06-11,Southbound,All Vehicles,67,40,21,30,59,188,328,491,424,419,350,388,392,428,442,414,361,328,227,221,176,115,100,54,0,0
2024,2024-06-12,Southbound,Light Vehicles,14,17,7,8,31,126,252,406,374,322,301,302,293,316,320,335,329,288,194,161,180,71,64,41,0,0
2024,2024-06-12,Southbound,Heavy Vehicles,14,23,20,32,41,91,121,169,143,152,107,90,79,68,75,66,61,69,35,38,36,20,17,25,0,0
2024,2024-06-12,Southbound,All Vehicles,28,40,27,40,72,217,373,575,517,474,408,392,372,384,395,401,390,357,229,199,216,91,81,66,0,0
2024,2024-06-13,Southbound,Heavy Vehicles,27,20,24,31,48,81,122,131,133,136,85,102,101,83,66,85,78,52,56,41,35,19,19,22,0,0
2024,2024-06-13,Southbound,Light Vehicles,20,21,12,8,22,108,244,385,347,325,298,321,306,288,315,417,382,319,222,203,157,95,67,42,0,0
2024,2024-06-13,Southbound,All Vehicles,47,41,36,39,70,189,366,516,480,461,383,423,407,371,381,502,460,371,278,244,192,114,86,64,0,0
2024,2024-06-14,Southbound,Heavy Vehicles,20,26,32,27,47,90,118,127,111,115,74,72,99,82,83,86,73,60,39,31,24,39,33,11,0,0
2024,2024-06-14,Southbound,Light Vehicles,27,13,10,13,32,94,163,253,249,247,276,337,366,381,423,445,463,359,297,187,164,244,96,46,0,0
2024,2024-06-14,Southbound,All Vehicles,47,39,42,40,79,184,281,380,360,362,350,409,465,463,506,531,536,419,336,218,188,283,129,57,0,0
2024,2024-06-15,Southbound,Light Vehicles,36,33,16,8,23,40,81,149,249,331,409,455,465,427,438,412,409,328,233,197,143,104,71,62,0,0
2024,2024-06-15,Southbound,Heavy Vehicles,8,17,24,15,16,28,40,45,42,47,60,69,58,60,44,40,41,32,31,33,11,11,8,5,0,0
2024,2024-06-15,Southbound,All Vehicles,44,50,40,23,39,68,121,194,291,378,469,524,523,487,482,452,450,360,264,230,154,115,79,67,0,0
2024,2024-06-16,Southbound,Light Vehicles,50,39,14,11,16,21,41,103,213,337,466,540,643,691,738,891,980,790,562,422,318,260,144,80,0,0
2024,2024-06-16,Southbound,Heavy Vehicles,6,10,13,12,8,5,13,24,26,45,45,48,58,40,54,76,67,62,46,39,39,24,18,16,0,0
2024,2024-06-16,Southbound,All Vehicles,56,49,27,23,24,26,54,127,239,382,511,588,701,731,792,967,1047,852,608,461,357,284,162,96,0,0
2024,2024-06-17,Southbound,Light Vehicles,54,18,11,15,37,168,308,514,434,370,353,409,430,474,444,481,419,297,210,150,147,71,44,36,0,0
2024,2024-06-17,Southbound,Heavy Vehicles,11,14,17,19,31,96,141,151,163,109,121,99,93,74,85,76,64,58,49,39,33,18,23,18,0,0
2024,2024-06-17,Southbound,All Vehicles,65,32,28,34,68,264,449,665,597,479,474,508,523,548,529,557,483,355,259,189,180,89,67,54,0,0
2024,2024-06-18,Southbound,Light Vehicles,23,13,7,12,27,130,244,402,359,311,280,304,335,340,319,324,343,293,188,153,123,100,57,46,0,0
2024,2024-06-18,Southbound,Heavy Vehicles,20,21,23,24,40,102,111,150,127,150,97,96,93,77,85,96,67,58,47,36,34,19,28,18,0,0
2024,2024-06-18,Southbound,All Vehicles,43,34,30,36,67,232,355,552,486,461,377,400,428,417,404,420,410,351,235,189,157,119,85,64,0,0
2024,2024-06-19,Southbound,Heavy Vehicles,19,16,23,29,31,85,146,151,137,143,93,94,100,89,73,93,60,50,56,30,31,22,22,13,0,0
2024,2024-06-19,Southbound,Light Vehicles,15,19,9,15,22,123,241,385,371,326,287,319,305,326,308,334,315,278,178,145,109,111,55,42,0,0
2024,2024-06-19,Southbound,All Vehicles,34,35,32,44,53,208,387,536,508,469,380,413,405,415,381,427,375,328,234,175,140,133,77,55,0,0
2024,2024-06-20,Southbound,Heavy Vehicles,32,20,23,29,43,95,131,151,127,122,119,102,82,78,80,83,76,71,58,39,36,25,22,25,0,0
2024,2024-06-20,Southbound,Light Vehicles,15,9,8,14,30,113,230,388,395,327,313,315,308,357,375,387,347,315,228,205,139,127,59,44,0,0
2024,2024-06-20,Southbound,All Vehicles,47,29,31,43,73,208,361,539,522,449,432,417,390,435,455,470,423,386,286,244,175,152,81,69,0,0
2024,2024-06-21,Southbound,Light Vehicles,25,20,16,16,32,109,212,278,255,295,375,509,539,536,572,675,642,499,475,412,332,252,93,45,0,0
2024,2024-06-21,Southbound,Heavy Vehicles,14,21,15,33,39,87,136,116,97,89,119,108,112,93,100,108,84,87,67,54,51,35,23,11,0,0
2024,2024-06-21,Southbound,All Vehicles,39,41,31,49,71,196,348,394,352,384,494,617,651,629,672,783,726,586,542,466,383,287,116,56,0,0
2024,2024-06-22,Southbound,Light Vehicles,47,21,21,20,41,78,93,188,314,420,625,641,676,572,621,602,559,445,323,224,186,133,121,71,0,0
2024,2024-06-22,Southbound,Heavy Vehicles,11,19,32,13,24,22,35,44,63,57,71,63,77,56,56,56,52,40,34,18,22,15,10,10,0,0
2024,2024-06-22,Southbound,All Vehicles,58,40,53,33,65,100,128,232,377,477,696,704,753,628,677,658,611,485,357,242,208,148,131,81,0,0
2024,2024-06-23,Southbound,Light Vehicles,51,20,15,16,15,38,38,100,194,277,427,501,559,617,673,712,691,552,471,324,317,155,110,75,0,0
2024,2024-06-23,Southbound,Heavy Vehicles,7,14,9,11,7,10,13,19,24,41,68,49,41,57,62,62,40,35,30,31,29,21,21,19,0,0
2024,2024-06-23,Southbound,All Vehicles,58,34,24,27,22,48,51,119,218,318,495,550,600,674,735,774,731,587,501,355,346,176,131,94,0,0
2024,2024-06-24,Southbound,Light Vehicles,36,7,11,10,46,129,220,366,352,296,307,342,361,338,356,350,335,278,176,171,119,82,43,34,0,0
2024,2024-06-24,Southbound,Heavy Vehicles,9,15,21,28,28,74,142,128,118,119,89,96,84,81,87,61,64,61,41,35,33,30,26,16,0,0
2024,2024-06-24,Southbound,All Vehicles,45,22,32,38,74,203,362,494,470,415,396,438,445,419,443,411,399,339,217,206,152,112,69,50,0,0
2024,2024-06-25,Southbound,Heavy Vehicles,28,22,27,27,37,85,138,148,142,122,90,74,104,92,94,84,75,68,42,44,35,33,21,15,0,0
2024,2024-06-25,Southbound,Light Vehicles,21,18,5,10,28,121,235,424,388,324,280,331,341,319,352,384,354,310,174,140,104,82,56,35,0,0
2024,2024-06-25,Southbound,All Vehicles,49,40,32,37,65,206,373,572,530,446,370,405,445,411,446,468,429,378,216,184,139,115,77,50,0,0
2024,2024-06-26,Southbound,Light Vehicles,18,20,13,14,29,113,233,395,380,314,352,352,317,323,373,371,330,275,190,180,118,81,68,36,0,0
2024,2024-06-26,Southbound,Heavy Vehicles,28,17,25,26,50,78,154,156,133,133,105,86,93,76,81,85,63,61,44,42,28,23,32,14,0,0
2024,2024-06-26,Southbound,All Vehicles,46,37,38,40,79,191,387,551,513,447,457,438,410,399,454,456,393,336,234,222,146,104,100,50,0,0
2024,2024-06-27,Southbound,Light Vehicles,17,14,7,12,31,125,236,350,381,351,314,335,365,409,378,436,384,316,252,210,216,110,58,55,0,0
2024,2024-06-27,Southbound,Heavy Vehicles,22,19,19,37,38,79,145,133,136,129,123,99,89,88,82,83,82,68,57,46,44,30,17,18,0,0
2024,2024-06-27,Southbound,All Vehicles,39,33,26,49,69,204,381,483,517,480,437,434,454,497,460,519,466,384,309,256,260,140,75,73,0,0
2024,2024-06-28,Southbound,Heavy Vehicles,18,22,26,35,45,106,138,133,126,144,108,116,98,103,111,94,89,95,84,73,56,33,23,18,0,0
2024,2024-06-28,Southbound,Light Vehicles,27,15,8,25,45,131,219,347,351,383,415,493,509,594,660,669,658,605,496,456,431,246,102,52,0,0
2024,2024-06-28,Southbound,All Vehicles,45,37,34,60,90,237,357,480,477,527,523,609,607,697,771,763,747,700,580,529,487,279,125,70,0,0
2024,2024-06-29,Southbound,Light Vehicles,39,29,20,30,54,66,107,198,332,525,679,751,663,679,641,639,594,488,312,272,200,105,84,73,0,0
2024,2024-06-29,Southbound,Heavy Vehicles,13,20,23,21,16,26,47,62,51,69,76,76,79,76,57,60,68,55,38,32,19,14,11,9,0,0
2024,2024-06-29,Southbound,All Vehicles,52,49,43,51,70,92,154,260,383,594,755,827,742,755,698,699,662,543,350,304,219,119,95,82,0,0
2024,2024-06-30,Southbound,Light Vehicles,38,37,12,16,23,26,69,149,192,332,464,490,576,622,632,666,644,573,476,351,259,160,124,71,0,0
2024,2024-06-30,Southbound,Heavy Vehicles,7,11,12,14,8,15,17,27,18,38,40,56,43,46,52,47,58,51,40,34,33,22,23,12,0,0
2024,2024-06-30,Southbound,All Vehicles,45,48,24,30,31,41,86,176,210,370,504,546,619,668,684,713,702,624,516,385,292,182,147,83,0,0
2024,2024-07-01,Southbound,Light Vehicles,37,21,10,23,61,150,314,483,377,396,382,459,497,502,453,447,448,332,234,148,119,85,52,36,0,0
2024,2024-07-01,Southbound,Heavy Vehicles,18,13,16,18,38,81,146,125,139,163,130,119,94,71,96,70,67,53,46,35,31,27,17,15,0,0
2024,2024-07-01,Southbound,All Vehicles,55,34,26,41,99,231,460,608,516,559,512,578,591,573,549,517,515,385,280,183,150,112,69,51,0,0
2024,2024-07-02,Southbound,Light Vehicles,28,15,7,15,37,134,256,387,370,351,302,332,372,357,363,363,366,309,202,192,94,57,54,40,0,0
2024,2024-07-02,Southbound,Heavy Vehicles,28,19,24,33,34,84,115,146,127,126,118,95,97,93,85,71,69,53,52,39,23,16,18,19,0,0
2024,2024-07-02,Southbound,All Vehicles,56,34,31,48,71,218,371,533,497,477,420,427,469,450,448,434,435,362,254,231,117,73,72,59,0,0
2024,2024-07-03,Southbound,Light Vehicles,23,15,11,10,39,132,242,382,387,360,335,381,397,365,384,389,346,311,232,182,112,71,43,34,0,0
2024,2024-07-03,Southbound,Heavy Vehicles,22,24,28,26,42,89,127,134,129,143,110,114,91,91,80,102,57,46,52,42,34,29,21,10,0,0
2024,2024-07-03,Southbound,All Vehicles,45,39,39,36,81,221,369,516,516,503,445,495,488,456,464,491,403,357,284,224,146,100,64,44,0,0
2024,2024-07-04,Southbound,Heavy Vehicles,28,23,22,28,45,96,154,127,138,154,99,92,105,81,104,81,86,79,55,31,53,35,21,16,0,0
2024,2024-07-04,Southbound,Light Vehicles,25,10,13,11,34,133,236,366,383,339,319,413,448,428,439,441,417,304,230,208,164,118,63,55,0,0
2024,2024-07-04,Southbound,All Vehicles,53,33,35,39,79,229,390,493,521,493,418,505,553,509,543,522,503,383,285,239,217,153,84,71,0,0
2024,2024-07-05,Southbound,Light Vehicles,20,17,16,22,51,112,214,318,329,397,437,617,553,602,738,725,778,646,563,572,432,235,122,59,0,0
2024,2024-07-05,Southbound,Heavy Vehicles,15,21,34,31,45,83,130,140,131,106,119,127,105,104,102,101,96,80,90,69,55,38,23,12,0,0
2024,2024-07-05,Southbound,All Vehicles,35,38,50,53,96,195,344,458,460,503,556,744,658,706,840,826,874,726,653,641,487,273,145,71,0,0
2024,2024-07-06,Southbound,Light Vehicles,27,29,28,41,66,92,119,229,357,545,746,875,953,784,749,736,664,506,342,263,204,151,102,59,0,0
2024,2024-07-06,Southbound,Heavy Vehicles,14,21,24,24,26,33,43,45,42,82,82,80,86,74,79,60,72,41,39,21,23,19,11,10,0,0
2024,2024-07-06,Southbound,All Vehicles,41,50,52,65,92,125,162,274,399,627,828,955,1039,858,828,796,736,547,381,284,227,170,113,69,0,0
2024,2024-07-07,Southbound,Light Vehicles,99,56,15,30,39,52,55,173,257,518,840,1052,1241,1319,1308,1334,1163,909,656,515,332,183,105,84,0,0
2024,2024-07-07,Southbound,Heavy Vehicles,10,19,10,11,15,13,12,24,36,65,72,81,77,88,92,89,73,56,57,42,34,27,22,16,0,0
2024,2024-07-07,Southbound,All Vehicles,109,75,25,41,54,65,67,197,293,583,912,1133,1318,1407,1400,1423,1236,965,713,557,366,210,127,100,0,0
2024,2024-07-08,Southbound,Heavy Vehicles,16,12,26,22,44,75,138,131,141,136,109,96,98,92,90,91,63,52,40,41,32,28,20,8,0,0
2024,2024-07-08,Southbound,Light Vehicles,52,24,19,14,60,158,319,468,469,470,436,593,656,665,561,542,499,395,248,172,153,98,51,43,0,0
2024,2024-07-08,Southbound,All Vehicles,68,36,45,36,104,233,457,599,610,606,545,689,754,757,651,633,562,447,288,213,185,126,71,51,0,0
2024,2024-07-09,Southbound,Heavy Vehicles,26,23,19,31,32,85,121,143,111,141,111,80,86,91,85,94,62,52,52,42,24,21,19,21,0,0
2024,2024-07-09,Southbound,Light Vehicles,20,23,18,10,43,120,235,396,387,430,395,423,455,483,472,435,433,322,242,150,136,91,45,48,0,0
2024,2024-07-09,Southbound,All Vehicles,46,46,37,41,75,205,356,539,498,571,506,503,541,574,557,529,495,374,294,192,160,112,64,69,0,0
2024,2024-07-10,Southbound,Heavy Vehicles,19,16,26,27,42,84,116,143,134,139,117,114,102,83,88,84,64,66,48,45,26,23,20,17,0,0
2024,2024-07-10,Southbound,Light Vehicles,29,17,12,16,44,118,219,389,459,433,451,489,508,514,523,493,380,333,267,186,154,111,73,35,0,0
2024,2024-07-10,Southbound,All Vehicles,48,33,38,43,86,202,335,532,593,572,568,603,610,597,611,577,444,399,315,231,180,134,93,52,0,0
2024,2024-07-11,Southbound,Light Vehicles,26,20,15,7,34,126,227,356,425,423,489,522,528,583,552,553,533,407,338,254,239,137,73,49,0,0
2024,2024-07-11,Southbound,Heavy Vehicles,28,21,23,35,38,95,145,138,147,130,111,105,101,105,88,88,72,63,60,47,39,22,20,18,0,0
2024,2024-07-11,Southbound,All Vehicles,54,41,38,42,72,221,372,494,572,553,600,627,629,688,640,641,605,470,398,301,278,159,93,67,0,0
2024,2024-07-12,Southbound,Heavy Vehicles,22,23,29,24,38,93,127,129,140,139,118,110,130,119,107,104,100,97,73,70,57,40,23,15,0,0
2024,2024-07-12,Southbound,Light Vehicles,30,22,15,14,42,144,224,368,430,575,673,839,861,976,906,892,763,716,624,509,548,324,137,71,0,0
2024,2024-07-12,Southbound,All Vehicles,52,45,44,38,80,237,351,497,570,714,791,949,991,1095,1013,996,863,813,697,579,605,364,160,86,0,0
2024,2024-07-13,Southbound,Heavy Vehicles,19,27,28,20,23,31,47,56,55,61,97,96,64,74,55,57,46,45,47,31,23,14,10,8,0,0
2024,2024-07-13,Southbound,Light Vehicles,58,39,38,27,78,118,192,267,393,651,892,1034,948,856,789,746,685,584,398,334,226,156,98,66,0,0
2024,2024-07-13,Southbound,All Vehicles,77,66,66,47,101,149,239,323,448,712,989,1130,1012,930,844,803,731,629,445,365,249,170,108,74,0,0
2024,2024-07-14,Southbound,Heavy Vehicles,14,12,13,12,10,15,19,31,37,43,54,82,90,77,92,65,72,64,60,40,25,23,22,14,0,0
2024,2024-07-14,Southbound,Light Vehicles,56,44,27,29,45,66,99,177,298,475,738,903,1105,1207,1156,1154,1099,1001,672,484,389,264,157,89,0,0
2024,2024-07-14,Southbound,All Vehicles,70,56,40,41,55,81,118,208,335,518,792,985,1195,1284,1248,1219,1171,1065,732,524,414,287,179,103,0,0
2024,2024-07-15,Southbound,Heavy Vehicles,10,23,24,18,33,67,120,131,126,110,100,99,83,93,77,58,63,74,47,42,33,18,16,19,0,0
2024,2024-07-15,Southbound,Light Vehicles,38,53,27,23,52,140,240,342,359,374,396,496,514,547,489,468,410,306,229,218,144,104,74,35,0,0
2024,2024-07-15,Southbound,All Vehicles,48,76,51,41,85,207,360,473,485,484,496,595,597,640,566,526,473,380,276,260,177,122,90,54,0,0
2024,2024-07-16,Southbound,Light Vehicles,23,19,16,26,34,145,248,390,372,374,398,462,458,526,544,476,447,359,244,170,132,80,57,36,0,0
2024,2024-07-16,Southbound,Heavy Vehicles,24,27,16,29,43,85,139,140,119,127,110,84,90,85,89,94,70,66,45,37,25,18,18,20,0,0
2024,2024-07-16,Southbound,All Vehicles,47,46,32,55,77,230,387,530,491,501,508,546,548,611,633,570,517,425,289,207,157,98,75,56,0,0
2024,2024-07-17,Southbound,Heavy Vehicles,20,19,25,27,42,76,121,125,98,128,114,89,85,70,86,75,58,55,54,42,35,22,20,17,0,0
2024,2024-07-17,Southbound,Light Vehicles,31,20,13,12,42,104,197,297,334,355,404,432,422,420,388,428,397,287,217,185,151,87,66,30,0,0
2024,2024-07-17,Southbound,All Vehicles,51,39,38,39,84,180,318,422,432,483,518,521,507,490,474,503,455,342,271,227,186,109,86,47,0,0
2024,2024-07-18,Southbound,Heavy Vehicles,26,22,18,30,48,81,118,138,135,114,123,120,113,119,78,96,79,72,57,51,40,38,29,24,0,0
2024,2024-07-18,Southbound,Light Vehicles,28,18,17,12,48,132,256,360,430,460,448,511,616,585,602,619,560,398,311,320,292,185,88,62,0,0
2024,2024-07-18,Southbound,All Vehicles,54,40,35,42,96,213,374,498,565,574,571,631,729,704,680,715,639,470,368,371,332,223,117,86,0,0
2024,2024-07-19,Southbound,Heavy Vehicles,23,25,26,26,33,78,147,137,149,125,120,120,100,84,120,128,103,85,68,67,66,41,31,18,0,0
2024,2024-07-19,Southbound,Light Vehicles,46,14,13,27,73,155,251,342,391,459,586,724,803,620,966,1073,885,743,628,576,537,320,140,80,0,0
2024,2024-07-19,Southbound,All Vehicles,69,39,39,53,106,233,398,479,540,584,706,844,903,704,1086,1201,988,828,696,643,603,361,171,98,0,0
2024,2024-07-20,Southbound,Heavy Vehicles,16,21,28,23,13,42,44,50,58,60,74,69,79,85,65,80,66,56,30,27,27,20,16,9,0,0
2024,2024-07-20,Southbound,Light Vehicles,53,38,44,53,89,119,203,262,415,573,738,790,842,730,736,740,710,566,384,294,202,182,100,73,0,0
2024,2024-07-20,Southbound,All Vehicles,69,59,72,76,102,161,247,312,473,633,812,859,921,815,801,820,776,622,414,321,229,202,116,82,0,0
2024,2024-07-21,Southbound,Light Vehicles,49,35,29,27,36,57,100,177,273,452,683,829,855,980,1065,1166,1128,969,719,538,385,228,156,84,0,0
2024,2024-07-21,Southbound,Heavy Vehicles,8,17,21,12,15,11,16,25,49,53,74,89,70,81,79,89,81,70,44,49,45,18,23,18,0,0
2024,2024-07-21,Southbound,All Vehicles,57,52,50,39,51,68,116,202,322,505,757,918,925,1061,1144,1255,1209,1039,763,587,430,246,179,102,0,0
2024,2024-07-22,Southbound,Heavy Vehicles,15,21,16,23,35,70,153,129,148,147,91,109,82,92,91,103,82,71,50,37,36,28,19,23,0,0
2024,2024-07-22,Southbound,Light Vehicles,44,32,30,25,61,181,318,507,447,378,393,481,510,527,506,551,476,344,250,191,157,107,59,53,0,0
2024,2024-07-22,Southbound,All Vehicles,59,53,46,48,96,251,471,636,595,525,484,590,592,619,597,654,558,415,300,228,193,135,78,76,0,0
2024,2024-07-23,Southbound,Light Vehicles,30,14,11,16,44,131,266,432,400,340,330,309,381,374,364,387,358,294,228,145,127,99,61,34,0,0
2024,2024-07-23,Southbound,Heavy Vehicles,21,27,24,21,34,76,116,152,128,134,121,106,97,77,90,76,68,51,51,36,30,28,23,17,0,0
2024,2024-07-23,Southbound,All Vehicles,51,41,35,37,78,207,382,584,528,474,451,415,478,451,454,463,426,345,279,181,157,127,84,51,0,0
2024,2024-07-24,Southbound,Light Vehicles,26,24,7,20,36,130,233,414,403,374,364,369,332,366,353,374,403,291,199,186,169,108,75,33,0,0
2024,2024-07-24,Southbound,Heavy Vehicles,25,21,27,28,46,83,150,139,153,138,131,86,91,69,88,92,64,60,54,40,41,24,19,18,0,0
2024,2024-07-24,Southbound,All Vehicles,51,45,34,48,82,213,383,553,556,512,495,455,423,435,441,466,467,351,253,226,210,132,94,51,0,0
2024,2024-07-25,Southbound,Light Vehicles,16,11,11,17,53,126,256,405,364,342,352,390,409,421,432,462,494,331,283,264,250,177,92,59,0,0
2024,2024-07-25,Southbound,Heavy Vehicles,28,21,19,32,48,71,138,147,154,106,96,95,112,98,72,86,80,69,50,43,45,38,19,21,0,0
2024,2024-07-25,Southbound,All Vehicles,44,32,30,49,101,197,394,552,518,448,448,485,521,519,504,548,574,400,333,307,295,215,111,80,0,0
2024,2024-07-26,Southbound,Light Vehicles,32,33,15,41,71,163,273,351,418,437,481,545,585,594,719,723,667,686,618,534,477,315,143,85,0,0
2024,2024-07-26,Southbound,Heavy Vehicles,22,27,30,31,36,95,142,124,150,126,108,98,106,113,106,132,99,91,83,99,68,41,26,29,0,0
2024,2024-07-26,Southbound,All Vehicles,54,60,45,72,107,258,415,475,568,563,589,643,691,707,825,855,766,777,701,633,545,356,169,114,0,0
2024,2024-07-27,Southbound,Light Vehicles,37,34,32,71,55,111,173,241,376,548,680,738,703,732,632,636,563,509,323,236,177,141,105,96,0,0
2024,2024-07-27,Southbound,Heavy Vehicles,15,26,23,33,28,35,40,46,59,53,81,66,73,71,58,60,61,53,42,22,21,20,10,11,0,0
2024,2024-07-27,Southbound,All Vehicles,52,60,55,104,83,146,213,287,435,601,761,804,776,803,690,696,624,562,365,258,198,161,115,107,0,0
2024,2024-07-28,Southbound,Heavy Vehicles,9,14,11,7,16,12,21,30,29,44,51,53,66,81,58,54,60,52,38,38,35,28,22,8,0,0
2024,2024-07-28,Southbound,Light Vehicles,51,29,18,25,37,56,98,178,257,380,477,597,633,628,709,710,691,583,480,379,262,199,104,94,0,0
2024,2024-07-28,Southbound,All Vehicles,60,43,29,32,53,68,119,208,286,424,528,650,699,709,767,764,751,635,518,417,297,227,126,102,0,0
2024,2024-07-29,Southbound,Light Vehicles,61,33,23,35,52,166,297,502,409,380,354,456,498,469,415,418,376,305,210,178,116,109,56,28,0,0
2024,2024-07-29,Southbound,Heavy Vehicles,20,17,17,31,30,75,152,127,147,127,121,139,101,95,84,83,93,67,42,42,31,30,23,12,0,0
2024,2024-07-29,Southbound,All Vehicles,81,50,40,66,82,241,449,629,556,507,475,595,599,564,499,501,469,372,252,220,147,139,79,40,0,0
2024,2024-07-30,Southbound,Heavy Vehicles,24,27,23,33,36,86,151,150,121,119,107,102,80,81,76,76,58,61,39,35,29,18,13,19,0,0
2024,2024-07-30,Southbound,Light Vehicles,14,15,9,17,31,115,267,397,350,322,285,306,314,349,331,351,361,284,223,173,121,82,56,28,0,0
2024,2024-07-30,Southbound,All Vehicles,38,42,32,50,67,201,418,547,471,441,392,408,394,430,407,427,419,345,262,208,150,100,69,47,0,0
2024,2024-07-31,Southbound,Light Vehicles,26,15,11,13,41,133,266,419,362,358,307,345,365,351,378,401,366,313,225,161,150,98,60,38,0,0
2024,2024-07-31,Southbound,Heavy Vehicles,22,25,22,30,40,86,138,126,139,114,96,113,88,84,91,64,74,71,60,42,26,26,18,22,0,0
2024,2024-07-31,Southbound,All Vehicles,48,40,33,43,81,219,404,545,501,472,403,458,453,435,469,465,440,384,285,203,176,124,78,60,0,0
2024,2024-08-01,Southbound,Heavy Vehicles,20,26,19,24,45,99,132,132,125,130,109,78,107,79,97,81,74,72,52,48,51,37,20,24,0,0
2024,2024-08-01,Southbound,Light Vehicles,22,11,16,18,38,121,278,430,367,345,342,365,406,410,414,432,451,355,309,309,245,164,87,48,0,0
2024,2024-08-01,Southbound,All Vehicles,42,37,35,42,83,220,410,562,492,475,451,443,513,489,511,513,525,427,361,357,296,201,107,72,0,0
2024,2024-08-02,Southbound,Heavy Vehicles,23,24,32,37,40,96,141,149,149,123,116,108,98,126,123,122,104,97,73,88,61,41,18,14,0,0
2024,2024-08-02,Southbound,Light Vehicles,44,19,17,22,57,154,249,357,369,413,409,526,626,651,730,791,756,684,586,705,502,320,143,62,0,0
2024,2024-08-02,Southbound,All Vehicles,67,43,49,59,97,250,390,506,518,536,525,634,724,777,853,913,860,781,659,793,563,361,161,76,0,0
2024,2024-08-03,Southbound,Light Vehicles,45,25,52,52,64,119,156,228,371,503,685,799,836,755,677,624,683,533,378,243,197,159,90,88,0,0
2024,2024-08-03,Southbound,Heavy Vehicles,18,28,17,20,25,33,35,48,59,66,83,76,70,55,63,52,35,50,32,27,16,20,10,9,0,0
2024,2024-08-03,Southbound,All Vehicles,63,53,69,72,89,152,191,276,430,569,768,875,906,810,740,676,718,583,410,270,213,179,100,97,0,0
2024,2024-08-04,Southbound,Heavy Vehicles,13,7,11,15,12,18,12,25,30,56,69,95,80,93,68,65,66,74,42,50,38,37,10,16,0,0
2024,2024-08-04,Southbound,Light Vehicles,56,44,31,31,33,65,70,148,274,470,742,755,832,891,931,971,956,840,625,509,337,242,121,58,0,0
2024,2024-08-04,Southbound,All Vehicles,69,51,42,46,45,83,82,173,304,526,811,850,912,984,999,1036,1022,914,667,559,375,279,131,74,0,0
2024,2024-08-05,Southbound,Heavy Vehicles,18,18,16,26,51,84,167,121,147,118,113,113,74,90,91,71,70,49,45,44,31,28,21,19,0,0
2024,2024-08-05,Southbound,Light Vehicles,28,12,14,19,51,188,305,462,409,367,399,425,465,433,442,431,409,330,215,173,121,92,50,40,0,0
2024,2024-08-05,Southbound,All Vehicles,46,30,30,45,102,272,472,583,556,485,512,538,539,523,533,502,479,379,260,217,152,120,71,59,0,0
2024,2024-08-06,Southbound,Heavy Vehicles,17,27,25,24,38,70,140,166,143,118,91,88,99,77,86,107,79,64,41,40,31,24,18,17,0,0
2024,2024-08-06,Southbound,Light Vehicles,28,25,7,18,37,128,242,429,392,307,300,312,352,331,356,360,365,275,210,168,134,83,51,31,0,0
2024,2024-08-06,Southbound,All Vehicles,45,52,32,42,75,198,382,595,535,425,391,400,451,408,442,467,444,339,251,208,165,107,69,48,0,0
2024,2024-08-07,Southbound,Heavy Vehicles,21,27,31,23,44,78,161,141,141,137,109,99,78,84,82,70,62,65,56,28,39,28,17,20,0,0
2024,2024-08-07,Southbound,Light Vehicles,24,12,10,15,41,116,235,452,341,349,291,350,309,353,365,380,363,302,227,189,162,91,58,42,0,0
2024,2024-08-07,Southbound,All Vehicles,45,39,41,38,85,194,396,593,482,486,400,449,387,437,447,450,425,367,283,217,201,119,75,62,0,0
2024,2024-08-08,Southbound,Heavy Vehicles,20,33,16,34,31,91,140,148,156,142,99,113,84,85,99,89,103,68,58,41,47,34,24,18,0,0
2024,2024-08-08,Southbound,Light Vehicles,19,15,13,10,33,115,230,408,387,378,334,401,387,397,430,444,439,405,298,258,226,162,78,37,0,0
2024,2024-08-08,Southbound,All Vehicles,39,48,29,44,64,206,370,556,543,520,433,514,471,482,529,533,542,473,356,299,273,196,102,55,0,0
2024,2024-08-09,Southbound,Heavy Vehicles,22,25,30,23,56,81,135,134,126,112,105,110,95,115,106,114,107,87,83,82,71,37,18,23,0,0
2024,2024-08-09,Southbound,Light Vehicles,29,21,17,30,79,164,249,374,382,406,436,576,636,704,663,721,724,686,534,577,548,288,118,84,0,0
2024,2024-08-09,Southbound,All Vehicles,51,46,47,53,135,245,384,508,508,518,541,686,731,819,769,835,831,773,617,659,619,325,136,107,0,0
2024,2024-08-10,Southbound,Light Vehicles,52,48,40,27,60,98,134,230,361,565,771,827,877,749,697,683,591,510,346,251,213,135,141,69,0,0
2024,2024-08-10,Southbound,Heavy Vehicles,24,29,23,25,25,34,46,50,57,60,93,82,79,80,79,58,44,45,32,39,21,17,12,10,0,0
2024,2024-08-10,Southbound,All Vehicles,76,77,63,52,85,132,180,280,418,625,864,909,956,829,776,741,635,555,378,290,234,152,153,79,0,0
2024,2024-08-11,Southbound,Heavy Vehicles,10,14,10,10,11,17,16,23,28,46,66,92,82,71,89,90,76,80,65,37,35,38,16,23,0,0
2024,2024-08-11,Southbound,Light Vehicles,43,46,26,24,33,42,81,178,283,454,640,770,901,964,1043,1114,1177,1043,780,534,397,201,135,78,0,0
2024,2024-08-11,Southbound,All Vehicles,53,60,36,34,44,59,97,201,311,500,706,862,983,1035,1132,1204,1253,1123,845,571,432,239,151,101,0,0
2024,2024-08-12,Southbound,Light Vehicles,41,19,16,24,57,156,300,536,460,403,393,401,630,567,520,481,452,339,240,182,125,100,63,36,0,0
2024,2024-08-12,Southbound,Heavy Vehicles,14,19,14,27,32,74,136,135,156,130,115,94,124,98,87,80,88,49,45,49,28,24,21,15,0,0
2024,2024-08-12,Southbound,All Vehicles,55,38,30,51,89,230,436,671,616,533,508,495,754,665,607,561,540,388,285,231,153,124,84,51,0,0
2024,2024-08-13,Southbound,Heavy Vehicles,17,13,20,25,27,80,133,152,134,115,122,95,94,105,99,72,78,62,51,39,23,24,21,18,0,0
2024,2024-08-13,Southbound,Light Vehicles,25,5,11,13,33,146,252,436,379,369,312,323,328,377,362,384,392,304,201,160,114,80,44,40,0,0
2024,2024-08-13,Southbound,All Vehicles,42,18,31,38,60,226,385,588,513,484,434,418,422,482,461,456,470,366,252,199,137,104,65,58,0,0
2024,2024-08-14,Southbound,Light Vehicles,18,15,14,16,40,111,236,427,343,370,327,349,347,344,382,331,355,336,218,176,160,102,48,29,0,0
2024,2024-08-14,Southbound,Heavy Vehicles,22,23,27,22,31,75,130,134,148,140,104,108,83,72,87,77,83,48,46,46,22,22,21,17,0,0
2024,2024-08-14,Southbound,All Vehicles,40,38,41,38,71,186,366,561,491,510,431,457,430,416,469,408,438,384,264,222,182,124,69,46,0,0
2024,2024-08-15,Southbound,Light Vehicles,23,13,17,21,37,123,243,423,373,356,342,381,403,396,459,467,454,376,288,295,246,139,81,53,0,0
2024,2024-08-15,Southbound,Heavy Vehicles,26,26,22,26,35,74,133,147,137,137,92,116,97,109,110,79,81,78,58,50,42,32,32,22,0,0
2024,2024-08-15,Southbound,All Vehicles,49,39,39,47,72,197,376,570,510,493,434,497,500,505,569,546,535,454,346,345,288,171,113,75,0,0
2024,2024-08-16,Southbound,Light Vehicles,38,21,13,32,63,167,244,352,397,415,430,502,609,699,731,765,791,728,655,605,548,293,130,78,0,0
2024,2024-08-16,Southbound,Heavy Vehicles,25,22,28,24,48,77,145,128,135,133,101,103,95,98,124,116,120,71,72,87,82,50,20,17,0,0
2024,2024-08-16,Southbound,All Vehicles,63,43,41,56,111,244,389,480,532,548,531,605,704,797,855,881,911,799,727,692,630,343,150,95,0,0
2024,2024-08-17,Southbound,Heavy Vehicles,15,21,30,24,28,30,42,42,71,67,66,91,50,59,52,61,46,44,34,31,25,12,13,7,0,0
2024,2024-08-17,Southbound,Light Vehicles,37,22,25,33,63,90,143,261,541,624,690,774,699,642,634,649,613,483,313,272,216,155,100,84,0,0
2024,2024-08-17,Southbound,All Vehicles,52,43,55,57,91,120,185,303,612,691,756,865,749,701,686,710,659,527,347,303,241,167,113,91,0,0
2024,2024-08-18,Southbound,Heavy Vehicles,9,15,9,14,10,14,24,20,36,66,92,62,77,62,72,81,69,76,58,44,28,27,16,17,0,0
2024,2024-08-18,Southbound,Light Vehicles,39,32,18,20,33,47,88,149,241,418,709,638,955,963,959,1018,1006,882,670,455,335,228,119,89,0,0
2024,2024-08-18,Southbound,All Vehicles,48,47,27,34,43,61,112,169,277,484,801,700,1032,1025,1031,1099,1075,958,728,499,363,255,135,106,0,0
2024,2024-08-19,Southbound,Heavy Vehicles,16,18,16,25,37,73,160,147,122,134,121,114,93,92,90,83,65,61,40,31,36,30,22,19,0,0
2024,2024-08-19,Southbound,Light Vehicles,44,17,17,17,37,165,321,474,481,415,384,442,469,468,426,413,435,317,257,194,146,105,64,45,0,0
2024,2024-08-19,Southbound,All Vehicles,60,35,33,42,74,238,481,621,603,549,505,556,562,560,516,496,500,378,297,225,182,135,86,64,0,0
2024,2024-08-20,Southbound,Heavy Vehicles,21,24,22,25,37,84,136,154,135,112,96,83,84,76,89,76,72,71,38,34,38,21,25,20,0,0
2024,2024-08-20,Southbound,Light Vehicles,19,14,5,11,44,141,270,430,411,357,330,317,327,338,355,367,363,281,179,158,112,82,62,33,0,0
2024,2024-08-20,Southbound,All Vehicles,40,38,27,36,81,225,406,584,546,469,426,400,411,414,444,443,435,352,217,192,150,103,87,53,0,0
2024,2024-08-21,Southbound,Light Vehicles,22,12,7,13,38,132,266,398,387,373,345,358,343,358,345,389,358,302,211,215,141,98,66,41,0,0
2024,2024-08-21,Southbound,Heavy Vehicles,21,19,25,32,36,84,132,138,140,119,113,93,71,78,76,82,65,63,45,41,37,28,25,16,0,0
2024,2024-08-21,Southbound,All Vehicles,43,31,32,45,74,216,398,536,527,492,458,451,414,436,421,471,423,365,256,256,178,126,91,57,0,0
2024,2024-08-22,Southbound,Heavy Vehicles,23,18,20,34,41,80,129,144,145,132,109,92,100,88,96,71,84,67,50,56,35,31,30,24,0,0
2024,2024-08-22,Southbound,Light Vehicles,21,11,13,12,44,123,258,389,419,360,338,334,377,371,417,452,396,368,292,283,267,155,74,41,0,0
2024,2024-08-22,Southbound,All Vehicles,44,29,33,46,85,203,387,533,564,492,447,426,477,459,513,523,480,435,342,339,302,186,104,65,0,0
2024,2024-08-23,Southbound,Light Vehicles,27,14,15,23,66,170,250,368,373,410,430,564,615,589,697,734,675,642,638,562,475,248,131,70,0,0
2024,2024-08-23,Southbound,Heavy Vehicles,21,28,25,24,50,89,133,133,142,130,131,132,106,104,104,110,97,89,76,85,59,35,27,21,0,0
2024,2024-08-23,Southbound,All Vehicles,48,42,40,47,116,259,383,501,515,540,561,696,721,693,801,844,772,731,714,647,534,283,158,91,0,0
2024,2024-08-24,Southbound,Heavy Vehicles,22,22,17,16,21,28,44,42,70,77,91,79,78,66,52,47,44,36,30,29,21,13,11,10,0,0
2024,2024-08-24,Southbound,Light Vehicles,40,31,36,28,40,77,126,214,434,579,729,790,759,654,606,543,542,465,330,266,205,149,97,63,0,0
2024,2024-08-24,Southbound,All Vehicles,62,53,53,44,61,105,170,256,504,656,820,869,837,720,658,590,586,501,360,295,226,162,108,73,0,0
2024,2024-08-25,Southbound,Heavy Vehicles,13,12,11,15,8,13,18,26,37,61,57,64,61,65,73,62,57,69,51,38,41,23,17,16,0,0
2024,2024-08-25,Southbound,Light Vehicles,45,42,25,17,13,39,57,157,287,417,547,701,780,822,942,997,1022,913,626,471,363,202,135,84,0,0
2024,2024-08-25,Southbound,All Vehicles,58,54,36,32,21,52,75,183,324,478,604,765,841,887,1015,1059,1079,982,677,509,404,225,152,100,0,0
2024,2024-08-26,Southbound,Light Vehicles,35,20,12,14,48,163,297,516,438,360,370,411,449,437,421,395,398,330,240,171,130,107,66,36,0,0
2024,2024-08-26,Southbound,Heavy Vehicles,14,20,11,26,34,74,147,153,146,131,141,105,78,72,82,80,68,53,49,32,32,25,15,24,0,0
2024,2024-08-26,Southbound,All Vehicles,49,40,23,40,82,237,444,669,584,491,511,516,527,509,503,475,466,383,289,203,162,132,81,60,0,0
2024,2024-08-27,Southbound,Heavy Vehicles,25,20,23,26,38,81,157,142,141,122,92,85,95,70,91,64,60,51,37,41,29,26,25,19,0,0
2024,2024-08-27,Southbound,Light Vehicles,17,14,5,6,26,118,258,461,390,333,292,292,314,323,321,376,298,296,206,152,110,89,65,40,0,0
2024,2024-08-27,Southbound,All Vehicles,42,34,28,32,64,199,415,603,531,455,384,377,409,393,412,440,358,347,243,193,139,115,90,59,0,0
2024,2024-08-28,Southbound,Light Vehicles,28,16,10,14,34,132,238,422,375,324,302,311,320,342,320,369,340,302,192,168,131,87,62,34,0,0
2024,2024-08-28,Southbound,Heavy Vehicles,31,19,23,30,41,86,154,162,134,149,123,87,82,90,87,73,65,66,44,37,28,25,20,20,0,0
2024,2024-08-28,Southbound,All Vehicles,59,35,33,44,75,218,392,584,509,473,425,398,402,432,407,442,405,368,236,205,159,112,82,54,0,0
2024,2024-08-29,Southbound,Heavy Vehicles,23,22,17,30,46,84,125,125,145,132,99,89,88,93,86,80,63,68,49,44,40,26,26,22,0,0
2024,2024-08-29,Southbound,Light Vehicles,25,13,8,12,44,126,217,377,341,339,307,340,407,348,424,405,411,342,250,236,246,130,66,36,0,0
2024,2024-08-29,Southbound,All Vehicles,48,35,25,42,90,210,342,502,486,471,406,429,495,441,510,485,474,410,299,280,286,156,92,58,0,0
2024,2024-08-30,Southbound,Light Vehicles,21,22,8,19,43,105,159,274,265,289,328,375,426,449,427,504,488,422,385,375,325,190,99,52,0,0
2024,2024-08-30,Southbound,Heavy Vehicles,30,30,19,29,50,75,132,98,119,103,76,82,100,79,104,90,59,68,47,59,46,30,23,23,0,0
2024,2024-08-30,Southbound,All Vehicles,51,52,27,48,93,180,291,372,384,392,404,457,526,528,531,594,547,490,432,434,371,220,122,75,0,0
2024,2024-08-31,Southbound,Light Vehicles,50,28,30,13,35,53,89,195,335,497,581,709,667,610,600,668,579,506,342,262,243,174,109,82,0,0
2024,2024-08-31,Southbound,Heavy Vehicles,11,24,14,16,23,25,43,50,63,49,65,65,71,41,51,49,40,31,28,33,22,23,9,5,0,0
2024,2024-08-31,Southbound,All Vehicles,61,52,44,29,58,78,132,245,398,546,646,774,738,651,651,717,619,537,370,295,265,197,118,87,0,0
2024,2024-09-01,Southbound,Heavy Vehicles,7,13,10,8,5,9,16,18,28,42,59,48,62,64,65,73,59,69,54,53,33,27,15,14,0,0
2024,2024-09-01,Southbound,Light Vehicles,58,37,19,13,10,20,55,112,229,400,594,637,720,840,909,1028,1026,997,690,484,387,284,158,75,0,0
2024,2024-09-01,Southbound,All Vehicles,65,50,29,21,15,29,71,130,257,442,653,685,782,904,974,1101,1085,1066,744,537,420,311,173,89,0,0
2024,2024-09-02,Southbound,Heavy Vehicles,16,20,12,19,34,75,149,152,132,134,86,104,86,100,62,75,63,62,43,29,36,30,19,15,0,0
2024,2024-09-02,Southbound,Light Vehicles,37,19,15,15,43,158,276,484,445,401,374,376,479,444,443,450,423,316,225,191,163,103,55,35,0,0
2024,2024-09-02,Southbound,All Vehicles,53,39,27,34,77,233,425,636,577,535,460,480,565,544,505,525,486,378,268,220,199,133,74,50,0,0
2024,2024-09-03,Southbound,Light Vehicles,15,20,12,9,34,129,274,416,360,348,306,294,334,366,347,320,345,303,233,155,167,74,47,37,0,0
2024,2024-09-03,Southbound,Heavy Vehicles,23,18,27,29,32,84,145,127,128,121,105,114,99,92,84,67,54,60,50,46,30,18,17,22,0,0
2024,2024-09-03,Southbound,All Vehicles,38,38,39,38,66,213,419,543,488,469,411,408,433,458,431,387,399,363,283,201,197,92,64,59,0,0
2024,2024-09-04,Southbound,Heavy Vehicles,24,19,17,29,40,79,147,153,150,134,98,87,84,77,86,87,78,51,53,42,36,30,22,20,0,0
2024,2024-09-04,Southbound,Light Vehicles,17,20,8,10,25,120,255,420,401,307,279,325,304,327,354,358,374,268,207,139,140,75,67,32,0,0
2024,2024-09-04,Southbound,All Vehicles,41,39,25,39,65,199,402,573,551,441,377,412,388,404,440,445,452,319,260,181,176,105,89,52,0,0
2024,2024-09-05,Southbound,Light Vehicles,29,8,6,13,28,115,229,368,383,348,268,346,357,459,401,451,431,381,306,244,212,128,75,39,0,0
2024,2024-09-05,Southbound,Heavy Vehicles,23,24,17,31,39,93,153,129,128,129,93,88,97,94,83,82,72,59,66,41,37,31,31,18,0,0
2024,2024-09-05,Southbound,All Vehicles,52,32,23,44,67,208,382,497,511,477,361,434,454,553,484,533,503,440,372,285,249,159,106,57,0,0
2024,2024-09-06,Southbound,Light Vehicles,26,14,6,8,28,124,260,426,365,383,333,388,586,549,548,646,557,527,437,390,439,236,113,61,0,0
2024,2024-09-06,Southbound,Heavy Vehicles,23,21,25,34,47,81,165,134,111,128,108,105,114,97,90,105,101,81,53,54,60,30,23,15,0,0
2024,2024-09-06,Southbound,All Vehicles,49,35,31,42,75,205,425,560,476,511,441,493,700,646,638,751,658,608,490,444,499,266,136,76,0,0
2024,2024-09-07,Southbound,Light Vehicles,35,39,20,10,36,64,116,163,284,428,514,538,486,463,473,453,438,389,280,228,226,221,161,86,0,0
2024,2024-09-07,Southbound,Heavy Vehicles,13,20,17,17,21,24,38,36,44,53,53,52,43,50,59,40,32,33,27,25,23,14,13,7,0,0
2024,2024-09-07,Southbound,All Vehicles,48,59,37,27,57,88,154,199,328,481,567,590,529,513,532,493,470,422,307,253,249,235,174,93,0,0
2024,2024-09-08,Southbound,Heavy Vehicles,5,19,7,12,5,10,20,29,46,51,34,59,78,43,57,97,86,71,55,39,34,30,22,17,0,0
2024,2024-09-08,Southbound,Light Vehicles,44,27,14,13,16,25,53,137,260,449,542,663,820,964,1044,1315,1230,1001,750,529,373,258,144,69,0,0
2024,2024-09-08,Southbound,All Vehicles,49,46,21,25,21,35,73,166,306,500,576,722,898,1007,1101,1412,1316,1072,805,568,407,288,166,86,0,0
2024,2024-09-09,Southbound,Light Vehicles,55,21,13,10,43,160,296,494,443,377,313,391,422,424,430,443,374,337,221,193,151,99,58,35,0,0
2024,2024-09-09,Southbound,Heavy Vehicles,11,14,19,20,29,83,123,128,158,150,97,117,88,73,84,96,71,53,55,28,34,28,19,18,0,0
2024,2024-09-09,Southbound,All Vehicles,66,35,32,30,72,243,419,622,601,527,410,508,510,497,514,539,445,390,276,221,185,127,77,53,0,0
2024,2024-09-10,Southbound,Heavy Vehicles,27,22,17,34,35,81,164,141,119,124,89,77,82,87,73,89,61,64,34,39,19,27,15,25,0,0
2024,2024-09-10,Southbound,Light Vehicles,30,17,7,8,26,109,285,443,388,360,292,315,332,362,334,343,360,267,184,167,116,103,58,32,0,0
2024,2024-09-10,Southbound,All Vehicles,57,39,24,42,61,190,449,584,507,484,381,392,414,449,407,432,421,331,218,206,135,130,73,57,0,0
2024,2024-09-11,Southbound,Light Vehicles,22,11,6,8,28,114,279,419,448,381,331,292,296,326,314,334,364,287,208,173,108,83,43,27,0,0
2024,2024-09-11,Southbound,Heavy Vehicles,27,18,16,32,40,87,145,144,148,117,128,110,89,78,81,73,74,51,44,30,24,17,29,17,0,0
2024,2024-09-11,Southbound,All Vehicles,49,29,22,40,68,201,424,563,596,498,459,402,385,404,395,407,438,338,252,203,132,100,72,44,0,0
2024,2024-09-12,Southbound,Heavy Vehicles,21,27,14,32,45,90,144,151,140,132,102,101,79,84,81,69,60,65,51,37,22,28,15,25,0,0
2024,2024-09-12,Southbound,Light Vehicles,25,8,7,12,25,120,233,368,398,351,306,311,377,375,391,423,428,284,266,203,155,91,61,33,0,0
2024,2024-09-12,Southbound,All Vehicles,46,35,21,44,70,210,377,519,538,483,408,412,456,459,472,492,488,349,317,240,177,119,76,58,0,0
2024,2024-09-13,Southbound,Light Vehicles,35,53,15,11,27,114,194,296,351,352,416,531,544,613,643,706,679,583,512,436,319,202,88,56,0,0
2024,2024-09-13,Southbound,Heavy Vehicles,20,32,22,27,50,80,135,129,138,97,106,100,115,116,117,103,81,87,65,42,48,29,22,14,0,0
2024,2024-09-13,Southbound,All Vehicles,55,85,37,38,77,194,329,425,489,449,522,631,659,729,760,809,760,670,577,478,367,231,110,70,0,0
2024,2024-09-14,Southbound,Light Vehicles,28,38,24,15,19,38,99,214,418,593,747,713,869,753,711,629,533,486,341,238,212,150,100,75,0,0
2024,2024-09-14,Southbound,Heavy Vehicles,16,18,14,17,19,22,38,55,62,68,78,41,82,73,52,58,52,44,35,32,19,21,16,11,0,0
2024,2024-09-14,Southbound,All Vehicles,44,56,38,32,38,60,137,269,480,661,825,754,951,826,763,687,585,530,376,270,231,171,116,86,0,0
2024,2024-09-15,Southbound,Light Vehicles,62,95,26,10,11,33,77,135,305,489,704,718,801,667,1134,1056,1023,893,708,494,323,281,127,79,0,0
2024,2024-09-15,Southbound,Heavy Vehicles,7,18,9,9,11,8,25,34,37,44,48,56,60,58,97,67,61,68,49,29,37,43,20,13,0,0
2024,2024-09-15,Southbound,All Vehicles,69,113,35,19,22,41,102,169,342,533,752,774,861,725,1231,1123,1084,961,757,523,360,324,147,92,0,0
2024,2024-09-16,Southbound,Light Vehicles,32,28,6,13,40,152,293,490,491,426,389,455,511,507,455,430,403,295,240,172,141,97,79,45,0,0
2024,2024-09-16,Southbound,Heavy Vehicles,12,22,15,26,37,85,137,151,140,141,102,107,108,76,87,87,84,50,41,39,35,19,15,16,0,0
2024,2024-09-16,Southbound,All Vehicles,44,50,21,39,77,237,430,641,631,567,491,562,619,583,542,517,487,345,281,211,176,116,94,61,0,0
2024,2024-09-17,Southbound,Light Vehicles,23,12,7,15,33,126,252,418,394,348,322,335,303,349,349,359,329,250,187,127,113,70,55,29,0,0
2024,2024-09-17,Southbound,Heavy Vehicles,23,24,21,28,34,93,151,155,134,127,84,73,89,74,91,88,65,44,49,31,27,29,11,20,0,0
2024,2024-09-17,Southbound,All Vehicles,46,36,28,43,67,219,403,573,528,475,406,408,392,423,440,447,394,294,236,158,140,99,66,49,0,0
2024,2024-09-18,Southbound,Light Vehicles,19,13,6,7,33,107,235,395,392,339,328,321,327,330,390,388,333,291,206,151,122,85,57,33,0,0
2024,2024-09-18,Southbound,Heavy Vehicles,19,23,19,27,42,92,151,136,135,119,123,86,97,74,93,78,70,53,49,36,28,23,19,21,0,0
2024,2024-09-18,Southbound,All Vehicles,38,36,25,34,75,199,386,531,527,458,451,407,424,404,483,466,403,344,255,187,150,108,76,54,0,0
2024,2024-09-19,Southbound,Heavy Vehicles,30,23,17,34,30,77,137,148,128,100,91,97,72,96,81,87,63,56,48,35,18,28,23,22,0,0
2024,2024-09-19,Southbound,Light Vehicles,16,7,9,8,29,114,241,400,390,375,313,336,362,374,371,404,367,310,205,195,143,99,67,40,0,0
2024,2024-09-19,Southbound,All Vehicles,46,30,26,42,59,191,378,548,518,475,404,433,434,470,452,491,430,366,253,230,161,127,90,62,0,0
2024,2024-09-20,Southbound,Heavy Vehicles,26,30,20,34,39,105,131,133,115,109,102,109,85,110,101,100,96,74,56,64,35,24,22,13,0,0
2024,2024-09-20,Southbound,Light Vehicles,23,14,6,14,25,112,195,308,338,333,433,548,644,650,679,679,633,535,507,416,337,187,105,56,0,0
2024,2024-09-20,Southbound,All Vehicles,49,44,26,48,64,217,326,441,453,442,535,657,729,760,780,779,729,609,563,480,372,211,127,69,0,0
2024,2024-09-21,Southbound,Light Vehicles,65,60,17,8,18,60,96,261,517,838,969,750,831,832,722,541,538,462,368,241,222,204,120,90,0,0
2024,2024-09-21,Southbound,Heavy Vehicles,15,23,17,19,21,21,51,46,58,87,87,60,45,64,57,43,51,48,38,30,24,23,14,8,0,0
2024,2024-09-21,Southbound,All Vehicles,80,83,34,27,39,81,147,307,575,925,1056,810,876,896,779,584,589,510,406,271,246,227,134,98,0,0
2024,2024-09-22,Southbound,Heavy Vehicles,10,11,10,5,15,13,17,26,33,38,61,56,66,90,79,74,56,95,62,40,46,21,19,20,0,0
2024,2024-09-22,Southbound,Light Vehicles,61,63,44,15,15,21,48,138,305,534,684,809,874,937,859,740,875,1073,729,517,460,267,114,88,0,0
2024,2024-09-22,Southbound,All Vehicles,71,74,54,20,30,34,65,164,338,572,745,865,940,1027,938,814,931,1168,791,557,506,288,133,108,0,0
2024,2024-09-23,Southbound,Light Vehicles,39,30,18,11,39,163,318,488,426,417,420,443,438,456,464,478,385,337,264,182,134,108,51,40,0,0
2024,2024-09-23,Southbound,Heavy Vehicles,15,18,9,31,32,76,148,160,166,141,135,107,82,89,67,76,74,67,41,35,28,27,20,21,0,0
2024,2024-09-23,Southbound,All Vehicles,54,48,27,42,71,239,466,648,592,558,555,550,520,545,531,554,459,404,305,217,162,135,71,61,0,0
2024,2024-09-24,Southbound,Light Vehicles,17,17,11,9,35,127,260,444,434,349,362,398,350,372,364,386,321,298,187,149,95,79,49,27,0,0
2024,2024-09-24,Southbound,Heavy Vehicles,28,20,28,33,36,88,140,169,125,146,106,90,84,94,85,66,67,68,37,33,28,29,23,20,0,0
2024,2024-09-24,Southbound,All Vehicles,45,37,39,42,71,215,400,613,559,495,468,488,434,466,449,452,388,366,224,182,123,108,72,47,0,0
2024,2024-09-25,Southbound,Light Vehicles,17,16,10,13,29,116,240,362,301,379,358,384,407,392,395,422,365,307,216,224,142,112,53,35,0,0
2024,2024-09-25,Southbound,Heavy Vehicles,18,17,20,29,34,83,135,140,117,127,112,150,89,85,80,73,57,46,40,41,31,24,14,18,0,0
2024,2024-09-25,Southbound,All Vehicles,35,33,30,42,63,199,375,502,418,506,470,534,496,477,475,495,422,353,256,265,173,136,67,53,0,0
2024,2024-09-26,Southbound,Light Vehicles,28,22,8,8,25,98,235,372,351,361,371,382,406,377,415,469,386,309,253,211,154,113,68,38,0,0
2024,2024-09-26,Southbound,Heavy Vehicles,27,19,18,20,34,69,135,130,121,113,110,87,91,80,95,69,66,54,56,51,31,32,25,20,0,0
2024,2024-09-26,Southbound,All Vehicles,55,41,26,28,59,167,370,502,472,474,481,469,497,457,510,538,452,363,309,262,185,145,93,58,0,0
2024,2024-09-27,Southbound,Light Vehicles,23,11,11,10,35,89,188,293,363,397,495,564,586,638,672,634,638,570,513,390,284,167,70,64,0,0
2024,2024-09-27,Southbound,Heavy Vehicles,20,26,21,25,37,66,133,143,118,120,105,111,86,102,103,102,79,74,56,42,33,22,18,9,0,0
2024,2024-09-27,Southbound,All Vehicles,43,37,32,35,72,155,321,436,481,517,600,675,672,740,775,736,717,644,569,432,317,189,88,73,0,0
2024,2024-09-28,Southbound,Heavy Vehicles,15,20,13,19,16,21,32,45,60,74,73,67,59,67,65,45,56,38,32,18,16,18,10,9,0,0
2024,2024-09-28,Southbound,Light Vehicles,29,17,9,13,21,38,84,187,432,747,943,957,751,779,708,616,565,455,342,224,203,152,90,66,0,0
2024,2024-09-28,Southbound,All Vehicles,44,37,22,32,37,59,116,232,492,821,1016,1024,810,846,773,661,621,493,374,242,219,170,100,75,0,0
2024,2024-09-29,Southbound,Heavy Vehicles,4,17,7,9,6,11,13,16,28,48,65,60,58,83,86,54,80,81,41,47,38,25,18,12,0,0
2024,2024-09-29,Southbound,Light Vehicles,61,24,13,16,18,19,49,114,263,470,696,790,834,1001,954,980,970,849,613,493,328,206,146,76,0,0
2024,2024-09-29,Southbound,All Vehicles,65,41,20,25,24,30,62,130,291,518,761,850,892,1084,1040,1034,1050,930,654,540,366,231,164,88,0,0
2024,2024-09-30,Southbound,Light Vehicles,38,24,14,15,29,144,294,468,442,430,501,564,589,622,516,503,479,355,238,206,176,99,65,47,0,0
2024,2024-09-30,Southbound,Heavy Vehicles,23,11,13,24,42,90,146,155,145,138,117,85,92,77,94,76,62,55,41,39,34,25,17,25,0,0
2024,2024-09-30,Southbound,All Vehicles,61,35,27,39,71,234,440,623,587,568,618,649,681,699,610,579,541,410,279,245,210,124,82,72,0,0
2024,2024-10-01,Southbound,Heavy Vehicles,25,17,19,24,32,82,140,139,123,124,92,93,90,67,87,83,83,64,43,34,24,33,20,24,0,0
2024,2024-10-01,Southbound,Light Vehicles,22,14,7,6,26,105,241,405,392,449,429,445,459,457,477,433,405,332,229,180,126,95,49,35,0,0
2024,2024-10-01,Southbound,All Vehicles,47,31,26,30,58,187,381,544,515,573,521,538,549,524,564,516,488,396,272,214,150,128,69,59,0,0
2024,2024-10-02,Southbound,Light Vehicles,18,18,13,8,26,117,217,400,410,441,441,492,470,467,421,384,391,365,230,171,137,90,52,43,0,0
2024,2024-10-02,Southbound,Heavy Vehicles,21,19,22,27,36,104,121,142,143,136,110,88,94,82,90,72,47,77,49,35,27,28,12,14,0,0
2024,2024-10-02,Southbound,All Vehicles,39,37,35,35,62,221,338,542,553,577,551,580,564,549,511,456,438,442,279,206,164,118,64,57,0,0
2024,2024-10-06,Southbound,Light Vehicles,65,33,,20,12,26,47,109,341,683,1031,1092,998,973,1014,890,821,704,569,413,288,203,155,125,0,0
2024,2024-10-06,Southbound,Heavy Vehicles,11,9,,12,5,9,10,18,24,30,61,47,40,49,54,54,40,42,43,26,25,13,13,17,0,0
2024,2024-10-06,Southbound,All Vehicles,76,42,,32,17,35,57,127,365,713,1092,1139,1038,1022,1068,944,861,746,612,439,313,216,168,142,0,0
2024,2024-10-08,Southbound,Light Vehicles,,,,,27,101,206,368,361,370,364,371,419,431,447,436,391,346,254,221,144,108,83,48,0,0
2024,2024-10-08,Southbound,Heavy Vehicles,,,,,19,78,110,106,123,117,131,85,77,79,81,79,82,73,52,44,39,25,21,19,0,0
2024,2024-10-08,Southbound,All Vehicles,,,,,46,179,316,474,484,487,495,456,496,510,528,515,473,419,306,265,183,133,104,67,0,0
2024,2024-10-09,Southbound,Light Vehicles,31,17,14,9,22,102,196,271,324,343,333,357,333,367,346,331,323,295,214,192,126,80,80,39,0,0
2024,2024-10-09,Southbound,Heavy Vehicles,24,21,24,34,35,81,128,125,142,118,105,76,76,76,69,62,62,61,50,32,26,28,16,13,0,0
2024,2024-10-09,Southbound,All Vehicles,55,38,38,43,57,183,324,396,466,461,438,433,409,443,415,393,385,356,264,224,152,108,96,52,0,0
2024,2024-10-10,Southbound,Heavy Vehicles,30,24,22,37,48,83,125,106,134,107,111,82,74,70,83,48,57,57,45,31,35,31,18,15,0,0
2024,2024-10-10,Southbound,Light Vehicles,35,18,7,8,30,81,165,262,267,332,311,347,372,366,380,381,348,314,257,190,179,102,83,49,0,0
2024,2024-10-10,Southbound,All Vehicles,65,42,29,45,78,164,290,368,401,439,422,429,446,436,463,429,405,371,302,221,214,133,101,64,0,0
2024,2024-10-11,Southbound,Light Vehicles,45,33,8,15,24,85,174,258,329,403,467,521,543,616,609,655,622,558,532,374,309,187,112,55,0,0
2024,2024-10-11,Southbound,Heavy Vehicles,24,30,20,30,33,81,129,118,132,111,118,103,89,91,88,89,78,63,60,60,39,29,14,10,0,0
2024,2024-10-11,Southbound,All Vehicles,69,63,28,45,57,166,303,376,461,514,585,624,632,707,697,744,700,621,592,434,348,216,126,65,0,0
2024,2024-10-12,Southbound,Heavy Vehicles,18,22,16,15,18,26,38,40,48,60,69,61,67,67,55,38,56,37,29,30,22,16,13,15,0,0
2024,2024-10-12,Southbound,Light Vehicles,36,20,10,8,11,46,81,176,320,563,698,776,764,756,677,628,598,498,340,320,229,181,133,115,0,0
2024,2024-10-12,Southbound,All Vehicles,54,42,26,23,29,72,119,216,368,623,767,837,831,823,732,666,654,535,369,350,251,197,146,130,0,0
2024,2024-10-13,Southbound,Light Vehicles,78,38,30,14,11,22,48,89,205,345,549,654,856,954,972,1002,932,881,631,539,394,229,199,114,0,0
2024,2024-10-13,Southbound,Heavy Vehicles,11,12,16,4,8,5,13,24,24,31,53,68,69,72,59,68,59,69,57,40,34,25,18,12,0,0
2024,2024-10-13,Southbound,All Vehicles,89,50,46,18,19,27,61,113,229,376,602,722,925,1026,1031,1070,991,950,688,579,428,254,217,126,0,0
2024,2024-10-15,Southbound,Heavy Vehicles,26,27,26,29,40,89,135,141,128,130,96,93,80,67,105,91,89,58,51,34,41,31,9,19,0,0
2024,2024-10-15,Southbound,Light Vehicles,30,17,16,10,31,125,259,402,393,327,291,276,301,318,341,351,334,286,224,177,124,60,43,46,0,0
2024,2024-10-15,Southbound,All Vehicles,56,44,42,39,71,214,394,543,521,457,387,369,381,385,446,442,423,344,275,211,165,91,52,65,0,0
2024,2024-10-17,Southbound,Heavy Vehicles,29,20,30,26,44,95,139,151,117,130,118,109,93,93,78,79,77,55,45,42,40,24,20,16,0,0
2024,2024-10-17,Southbound,Light Vehicles,32,21,8,8,36,116,225,381,367,313,298,325,329,331,383,416,396,263,246,184,183,118,67,51,0,0
2024,2024-10-17,Southbound,All Vehicles,61,41,38,34,80,211,364,532,484,443,416,434,422,424,461,495,473,318,291,226,223,142,87,67,0,0
2024,2024-10-18,Southbound,Light Vehicles,32,48,39,16,26,101,172,288,278,314,346,490,530,541,559,588,523,466,424,328,237,163,82,56,0,0
2024,2024-10-18,Southbound,Heavy Vehicles,21,28,25,28,31,93,112,121,103,127,107,91,118,81,93,83,91,66,62,44,35,33,11,16,0,0
2024,2024-10-18,Southbound,All Vehicles,53,76,64,44,57,194,284,409,381,441,453,581,648,622,652,671,614,532,486,372,272,196,93,72,0,0
2024,2024-10-20,Southbound,Heavy Vehicles,,,,,,,,,,,,61,59,83,69,73,63,66,61,52,35,23,20,10,0,0
2024,2024-10-20,Southbound,Light Vehicles,,,,,,,,,,,,540,724,802,926,939,983,814,681,545,367,253,152,105,0,0
2024,2024-10-20,Southbound,All Vehicles,,,,,,,,,,,,601,783,885,995,1012,1046,880,742,597,402,276,172,115,0,0
2024,2024-10-22,Southbound,Light Vehicles,,,,,34,117,251,429,386,315,289,304,337,371,324,325,332,272,208,171,126,80,51,46,0,0
2024,2024-10-22,Southbound,Heavy Vehicles,,,,,37,87,147,146,137,136,103,97,78,78,92,71,64,64,42,36,33,18,14,17,0,0
2024,2024-10-22,Southbound,All Vehicles,,,,,71,204,398,575,523,451,392,401,415,449,416,396,396,336,250,207,159,98,65,63,0,0
2024,2024-10-23,Southbound,Light Vehicles,34,68,52,24,32,104,257,420,407,323,293,339,407,383,395,430,397,298,251,177,125,83,56,25,0,0
2024,2024-10-23,Southbound,Heavy Vehicles,21,20,26,31,30,101,143,170,154,133,111,91,93,81,89,72,73,59,53,35,26,26,25,17,0,0
2024,2024-10-23,Southbound,All Vehicles,55,88,78,55,62,205,400,590,561,456,404,430,500,464,484,502,470,357,304,212,151,109,81,42,0,0
2024,2024-10-26,Southbound,Heavy Vehicles,16,20,12,26,24,24,30,62,62,65,69,44,57,56,56,51,45,44,37,18,17,18,17,11,0,0
2024,2024-10-26,Southbound,Light Vehicles,50,40,36,21,22,34,96,195,358,540,631,641,632,565,536,505,511,515,336,265,218,175,104,98,0,0
2024,2024-10-26,Southbound,All Vehicles,66,60,48,47,46,58,126,257,420,605,700,685,689,621,592,556,556,559,373,283,235,193,121,109,0,0
2024,2024-10-27,Southbound,Heavy Vehicles,13,10,14,11,7,10,17,25,34,54,49,56,46,57,53,59,58,61,62,48,41,28,21,22,0,0
2024,2024-10-27,Southbound,Light Vehicles,72,54,29,8,14,18,44,83,230,336,421,562,645,691,1043,966,952,882,693,512,370,277,137,117,0,0
2024,2024-10-27,Southbound,All Vehicles,85,64,43,19,21,28,61,108,264,390,470,618,691,748,1096,1025,1010,943,755,560,411,305,158,139,0,0
2024,2024-10-28,Southbound,Heavy Vehicles,11,16,21,23,,,,,,,129,106,101,102,93,83,59,52,47,50,36,32,20,19,0,0
2024,2024-10-28,Southbound,Light Vehicles,46,32,8,11,,,,,,,331,359,412,458,380,430,363,306,226,195,159,116,60,44,0,0
2024,2024-10-28,Southbound,All Vehicles,57,48,29,34,,,,,,,460,465,513,560,473,513,422,358,273,245,195,148,80,63,0,0
2024,2024-10-29,Southbound,Heavy Vehicles,21,23,27,28,35,87,137,171,142,135,101,89,80,96,78,69,72,60,46,47,30,28,24,11,0,0
2024,2024-10-29,Southbound,Light Vehicles,26,25,9,15,37,126,243,401,424,319,289,279,312,280,315,375,349,279,207,187,128,77,50,45,0,0
2024,2024-10-29,Southbound,All Vehicles,47,48,36,43,72,213,380,572,566,454,390,368,392,376,393,444,421,339,253,234,158,105,74,56,0,0
2024,2024-10-30,Southbound,Light Vehicles,32,22,8,10,29,110,210,427,366,324,273,299,291,336,351,342,312,292,207,172,117,118,67,36,0,0
2024,2024-10-30,Southbound,Heavy Vehicles,26,20,25,36,36,96,148,153,125,129,94,97,81,69,85,83,80,53,62,30,32,26,21,17,0,0
2024,2024-10-30,Southbound,All Vehicles,58,42,33,46,65,206,358,580,491,453,367,396,372,405,436,425,392,345,269,202,149,144,88,53,0,0
2024,2024-11-03,Southbound,Light Vehicles,,,,,16,15,49,114,235,353,483,616,694,764,831,985,948,825,721,563,419,298,177,97,0,0
2024,2024-11-03,Southbound,Heavy Vehicles,,,,,6,11,13,16,30,53,49,53,75,67,59,49,56,56,41,48,32,30,28,11,0,0
2024,2024-11-03,Southbound,All Vehicles,,,,,22,26,62,130,265,406,532,669,769,831,890,1034,1004,881,762,611,451,328,205,108,0,0
2024,2024-11-04,Southbound,Light Vehicles,59,32,12,12,44,144,314,530,435,348,368,382,437,478,442,434,399,354,236,209,169,83,68,38,0,0
2024,2024-11-04,Southbound,Heavy Vehicles,23,17,18,20,36,89,150,149,170,134,124,118,82,105,79,63,71,51,45,48,22,28,24,15,0,0
2024,2024-11-04,Southbound,All Vehicles,82,49,30,32,80,233,464,679,605,482,492,500,519,583,521,497,470,405,281,257,191,111,92,53,0,0
2024,2024-11-05,Southbound,Light Vehicles,19,12,15,8,34,121,248,433,344,315,285,303,307,282,282,297,355,282,195,153,104,78,52,28,0,0
2024,2024-11-05,Southbound,Heavy Vehicles,21,24,23,30,40,93,141,144,119,125,105,90,81,77,68,100,77,65,49,40,28,22,28,15,0,0
2024,2024-11-05,Southbound,All Vehicles,40,36,38,38,74,214,389,577,463,440,390,393,388,359,350,397,432,347,244,193,132,100,80,43,0,0
2024,2024-11-06,Southbound,Light Vehicles,27,23,10,8,30,120,234,412,363,323,281,345,320,312,347,371,327,274,197,146,135,77,48,27,0,0
2024,2024-11-06,Southbound,Heavy Vehicles,17,26,31,26,43,93,156,142,123,126,110,100,92,75,78,72,84,64,49,26,44,26,13,31,0,0
2024,2024-11-06,Southbound,All Vehicles,44,49,41,34,73,213,390,554,486,449,391,445,412,387,425,443,411,338,246,172,179,103,61,58,0,0
2024,2024-11-07,Southbound,Heavy Vehicles,15,28,31,23,44,96,149,150,154,127,108,107,97,75,92,82,71,53,40,43,41,23,21,24,0,0
2024,2024-11-07,Southbound,Light Vehicles,31,62,48,11,32,95,245,403,417,378,340,353,426,449,416,461,363,333,210,204,174,111,68,49,0,0
2024,2024-11-07,Southbound,All Vehicles,46,90,79,34,76,191,394,553,571,505,448,460,523,524,508,543,434,386,250,247,215,134,89,73,0,0
2024,2024-11-08,Southbound,Light Vehicles,38,60,47,18,40,90,194,348,337,379,417,473,551,606,646,610,639,562,523,422,314,203,108,65,0,0
2024,2024-11-08,Southbound,Heavy Vehicles,23,28,31,28,42,86,131,139,136,131,94,99,94,88,120,82,84,65,59,53,26,38,19,12,0,0
2024,2024-11-08,Southbound,All Vehicles,61,88,78,46,82,176,325,487,473,510,511,572,645,694,766,692,723,627,582,475,340,241,127,77,0,0
2024,2024-11-09,Southbound,Light Vehicles,9,3,,1,,2,6,24,56,77,128,119,130,114,112,95,86,73,47,34,24,7,10,3,0,0
2024,2024-11-09,Southbound,Heavy Vehicles,3,,1,,,,1,3,7,11,11,6,7,10,13,10,6,7,5,3,2,1,,,0,0
2024,2024-11-09,Southbound,All Vehicles,12,3,1,1,,2,7,27,63,88,139,125,137,124,125,105,92,80,52,37,26,8,10,3,0,0
2024,2024-11-10,Southbound,Heavy Vehicles,17,16,8,15,,,,,,,,41,72,71,72,74,71,70,46,40,35,39,21,14,0,0
2024,2024-11-10,Southbound,Light Vehicles,80,85,59,26,,,,,,,,686,823,921,929,1011,976,927,756,505,388,289,165,105,0,0
2024,2024-11-10,Southbound,All Vehicles,97,101,67,41,,,,,,,,727,895,992,1001,1085,1047,997,802,545,423,328,186,119,0,0
2024,2024-11-11,Southbound,Light Vehicles,79,110,72,26,45,148,325,528,491,414,426,503,601,617,560,536,429,451,276,217,151,133,69,48,0,0
2024,2024-11-11,Southbound,Heavy Vehicles,16,20,19,24,31,67,174,156,166,152,116,113,111,106,85,69,79,66,52,35,20,32,19,20,0,0
2024,2024-11-11,Southbound,All Vehicles,95,130,91,50,76,215,499,684,657,566,542,616,712,723,645,605,508,517,328,252,171,165,88,68,0,0
2024,2024-11-12,Southbound,Heavy Vehicles,22,27,23,36,43,93,143,159,129,158,100,69,90,91,83,71,71,65,50,43,34,31,19,17,0,0
2024,2024-11-12,Southbound,Light Vehicles,38,22,10,11,43,133,260,448,366,363,345,327,330,361,357,344,333,288,218,167,119,89,72,34,0,0
2024,2024-11-12,Southbound,All Vehicles,60,49,33,47,86,226,403,607,495,521,445,396,420,452,440,415,404,353,268,210,153,120,91,51,0,0
2024,2024-11-13,Southbound,Light Vehicles,35,31,5,7,36,106,267,377,364,325,292,340,347,337,344,469,337,292,199,164,114,97,67,31,0,0
2024,2024-11-13,Southbound,Heavy Vehicles,21,22,20,29,39,94,141,157,143,138,103,88,75,83,108,87,77,51,53,40,36,24,16,13,0,0
2024,2024-11-13,Southbound,All Vehicles,56,53,25,36,75,200,408,534,507,463,395,428,422,420,452,556,414,343,252,204,150,121,83,44,0,0
2024,2024-11-14,Southbound,Light Vehicles,21,16,19,10,39,99,238,376,382,340,321,385,375,375,393,387,375,341,266,225,179,108,72,38,0,0
2024,2024-11-14,Southbound,Heavy Vehicles,13,24,32,32,40,98,137,151,147,126,121,102,107,95,67,81,73,67,62,37,31,22,22,23,0,0
2024,2024-11-14,Southbound,All Vehicles,34,40,51,42,79,197,375,527,529,466,442,487,482,470,460,468,448,408,328,262,210,130,94,61,0,0
2024,2024-11-15,Southbound,Heavy Vehicles,24,22,29,26,45,74,148,157,150,132,112,101,73,139,95,102,88,78,54,52,37,24,16,18,0,0
2024,2024-11-15,Southbound,Light Vehicles,30,18,14,12,26,105,211,325,317,363,390,388,382,776,633,691,667,560,495,400,313,183,111,69,0,0
2024,2024-11-15,Southbound,All Vehicles,54,40,43,38,71,179,359,482,467,495,502,489,455,915,728,793,755,638,549,452,350,207,127,87,0,0
2024,2024-11-18,Southbound,Light Vehicles,,,,,48,178,281,552,465,398,415,417,395,444,426,508,394,357,244,199,144,102,74,48,0,0
2024,2024-11-18,Southbound,Heavy Vehicles,,,,,40,78,168,174,150,132,120,87,83,92,80,73,71,49,56,45,34,40,21,17,0,0
2024,2024-11-18,Southbound,All Vehicles,,,,,88,256,449,726,615,530,535,504,478,536,506,581,465,406,300,244,178,142,95,65,0,0
2024,2024-11-19,Southbound,Heavy Vehicles,27,21,22,28,40,96,145,167,136,142,100,89,89,76,74,85,84,76,56,42,36,22,16,21,0,0
2024,2024-11-19,Southbound,Light Vehicles,32,12,11,7,27,134,272,454,401,370,295,318,314,344,320,366,333,303,191,147,126,79,59,48,0,0
2024,2024-11-19,Southbound,All Vehicles,59,33,33,35,67,230,417,621,537,512,395,407,403,420,394,451,417,379,247,189,162,101,75,69,0,0
2024,2024-11-20,Southbound,Heavy Vehicles,17,36,22,36,45,98,137,147,125,132,115,85,99,72,95,85,71,62,52,36,35,30,24,27,0,0
2024,2024-11-20,Southbound,Light Vehicles,39,39,12,10,30,125,269,439,389,338,322,337,361,366,356,401,349,294,206,152,132,95,57,49,0,0
2024,2024-11-20,Southbound,All Vehicles,56,75,34,46,75,223,406,586,514,470,437,422,460,438,451,486,420,356,258,188,167,125,81,76,0,0
2024,2024-11-22,Southbound,Light Vehicles,38,58,35,16,37,113,236,332,345,358,406,523,574,669,659,687,654,543,515,482,404,298,146,61,0,0
2024,2024-11-22,Southbound,Heavy Vehicles,19,27,28,31,39,85,152,145,126,110,131,109,108,95,108,119,94,71,60,59,46,35,16,24,0,0
2024,2024-11-22,Southbound,All Vehicles,57,85,63,47,76,198,388,477,471,468,537,632,682,764,767,806,748,614,575,541,450,333,162,85,0,0
2024,2024-11-23,Southbound,Light Vehicles,49,40,16,13,,,,,,,,638,654,572,579,619,553,439,359,293,232,188,125,77,0,0
2024,2024-11-23,Southbound,Heavy Vehicles,15,23,21,18,,,,,,,,75,57,50,58,64,41,34,30,22,25,23,15,14,0,0
2024,2024-11-23,Southbound,All Vehicles,64,63,37,31,,,,,,,,713,711,622,637,683,594,473,389,315,257,211,140,91,0,0
2024,2024-11-25,Southbound,Heavy Vehicles,11,16,20,29,39,106,183,175,170,139,129,114,82,96,79,73,71,76,56,40,33,28,19,20,0,0
2024,2024-11-25,Southbound,Light Vehicles,58,50,31,17,49,169,311,495,462,427,361,430,493,488,499,465,390,347,265,183,183,100,64,51,0,0
2024,2024-11-25,Southbound,All Vehicles,69,66,51,46,88,275,494,670,632,566,490,544,575,584,578,538,461,423,321,223,216,128,83,71,0,0
2024,2024-11-26,Southbound,Light Vehicles,36,22,8,13,35,144,259,443,355,351,335,352,336,365,387,397,368,,,,,,,,0,0
2024,2024-11-26,Southbound,Heavy Vehicles,20,17,36,22,42,106,171,145,156,147,133,93,71,108,99,81,82,,,,,,,,0,0
2024,2024-11-26,Southbound,All Vehicles,56,39,44,35,77,250,430,588,511,498,468,445,407,473,486,478,450,,,,,,,,0,0
2024,2024-11-27,Southbound,Heavy Vehicles,,,,,52,90,119,133,134,111,125,100,94,87,93,89,75,57,44,48,26,27,24,22,0,0
2024,2024-11-27,Southbound,Light Vehicles,,,,,26,99,206,306,318,347,316,333,380,383,364,360,339,273,197,184,126,90,69,45,0,0
2024,2024-11-27,Southbound,All Vehicles,,,,,78,189,325,439,452,458,441,433,474,470,457,449,414,330,241,232,152,117,93,67,0,0
2024,2024-11-28,Southbound,Heavy Vehicles,25,24,29,40,41,85,138,155,131,122,117,95,88,87,96,81,72,69,49,29,33,30,16,25,0,0
2024,2024-11-28,Southbound,Light Vehicles,44,16,11,13,28,99,195,277,297,311,303,371,358,337,385,362,350,269,214,195,163,98,62,50,0,0
2024,2024-11-28,Southbound,All Vehicles,69,40,40,53,69,184,333,432,428,433,420,466,446,424,481,443,422,338,263,224,196,128,78,75,0,0
2024,2024-11-29,Southbound,Heavy Vehicles,20,16,34,29,40,93,160,119,128,127,123,115,96,98,114,91,73,69,70,43,44,28,21,10,0,0
2024,2024-11-29,Southbound,Light Vehicles,25,25,13,13,30,106,180,341,349,370,408,439,523,535,550,590,577,548,428,442,300,179,111,47,0,0
2024,2024-11-29,Southbound,All Vehicles,45,41,47,42,70,199,340,460,477,497,531,554,619,633,664,681,650,617,498,485,344,207,132,57,0,0
2024,2024-12-02,Southbound,Light Vehicles,54,35,13,10,47,183,313,470,497,403,379,397,413,443,430,439,418,,,,,,,,0,0
2024,2024-12-02,Southbound,Heavy Vehicles,19,17,13,29,38,90,164,187,155,161,130,96,104,96,79,63,64,,,,,,,,0,0
2024,2024-12-02,Southbound,All Vehicles,73,52,26,39,85,273,477,657,652,564,509,493,517,539,509,502,482,,,,,,,,0,0
2024,2024-12-06,Southbound,Heavy Vehicles,24,24,29,27,45,100,152,139,130,130,120,106,124,105,98,83,70,77,54,59,31,21,24,17,0,0
2024,2024-12-06,Southbound,Light Vehicles,29,30,9,10,33,113,200,324,356,345,380,478,496,436,566,528,461,466,390,309,178,66,71,47,0,0
2024,2024-12-06,Southbound,All Vehicles,53,54,38,37,78,213,352,463,486,475,500,584,620,541,664,611,531,543,444,368,209,87,95,64,0,0
2024,2024-12-09,Southbound,Heavy Vehicles,,,,2,3,11,17,23,14,22,12,12,12,9,13,12,8,7,4,2,3,,2,,0,0
2024,2024-12-09,Southbound,Light Vehicles,6,2,,,5,30,65,125,103,100,75,99,89,99,77,92,81,41,38,34,22,6,5,3,0,0
2024,2024-12-09,Southbound,All Vehicles,6,2,,2,8,41,82,148,117,122,87,111,101,108,90,104,89,48,42,36,25,6,7,3,0,0
2024,2024-12-20,Southbound,Heavy Vehicles,,,,,25,72,110,88,112,96,120,97,88,89,88,88,73,54,59,51,26,28,25,16,0,0
2024,2024-12-20,Southbound,Light Vehicles,,,,,9,74,147,253,344,336,366,496,484,488,543,552,468,441,433,326,218,138,101,74,0,0
2024,2024-12-20,Southbound,All Vehicles,,,,,34,146,257,341,456,432,486,593,572,577,631,640,541,495,492,377,244,166,126,90,0,0
2024,2024-12-23,Southbound,Light Vehicles,41,22,9,7,18,47,120,202,273,349,435,535,561,543,589,573,502,,,,,,,,0,0
2024,2024-12-23,Southbound,Heavy Vehicles,15,21,19,20,17,27,81,72,86,82,83,66,75,71,73,57,47,,,,,,,,0,0
2024,2024-12-23,Southbound,All Vehicles,56,43,28,27,35,74,201,274,359,431,518,601,636,614,662,630,549,,,,,,,,0,0
2024,2024-12-29,Southbound,Light Vehicles,65,38,18,23,11,19,37,88,192,425,524,675,756,865,915,802,709,,,,,,,,0,0
2024,2024-12-29,Southbound,Heavy Vehicles,10,10,6,10,7,4,9,17,27,32,58,54,69,54,57,49,33,,,,,,,,0,0
2024,2024-12-29,Southbound,All Vehicles,75,48,24,33,18,23,46,105,219,457,582,729,825,919,972,851,742,,,,,,,,0,0
2025,2025-01-03,Southbound,Heavy Vehicles,23,18,24,22,,,,,,,,94,93,94,94,64,86,66,50,33,29,24,17,21,0,0
2025,2025-01-03,Southbound,Light Vehicles,58,39,25,17,,,,,,,,714,817,786,733,655,712,568,513,336,287,206,129,83,0,0
2025,2025-01-03,Southbound,All Vehicles,81,57,49,39,,,,,,,,808,910,880,827,719,798,634,563,369,316,230,146,104,0,0
2025,2025-01-04,Southbound,Heavy Vehicles,,,,,,,,,,,,9,10,17,7,18,7,,,,,,,,0,0
2025,2025-01-04,Southbound,Light Vehicles,2,1,,,,,,,,,,181,156,172,147,172,141,,,,,,,,0,0
2025,2025-01-04,Southbound,All Vehicles,2,1,,,,,,,,,,190,166,189,154,190,148,,,,,,,,0,0
2025,2025-01-07,Southbound,Heavy Vehicles,,,,,,,,,,,,10,3,1,12,16,22,3,9,2,2,3,,,0,0
2025,2025-01-07,Southbound,Light Vehicles,,,,,,,,,,,,95,46,16,64,161,210,78,33,13,11,5,4,3,0,0
2025,2025-01-07,Southbound,All Vehicles,,,,,,,,,,,,105,49,17,76,177,232,81,42,15,13,8,4,3,0,0
2025,2025-01-09,Southbound,Light Vehicles,22,21,9,14,21,82,177,262,309,344,354,391,458,448,491,448,433,348,231,243,168,127,59,43,0,0
2025,2025-01-09,Southbound,Heavy Vehicles,22,20,24,30,34,56,97,127,113,126,95,99,88,79,73,74,49,63,43,28,25,20,23,14,0,0
2025,2025-01-09,Southbound,All Vehicles,44,41,33,44,55,138,274,389,422,470,449,490,546,527,564,522,482,411,274,271,193,147,82,57,0,0
2025,2025-01-10,Southbound,Heavy Vehicles,19,23,29,24,,,,,,,,84,96,98,94,107,71,69,50,27,25,27,10,19,0,0
2025,2025-01-10,Southbound,Light Vehicles,42,31,9,12,,,,,,,,459,526,634,655,600,582,508,404,273,194,141,93,66,0,0
2025,2025-01-10,Southbound,All Vehicles,61,54,38,36,,,,,,,,543,622,732,749,707,653,577,454,300,219,168,103,85,0,0
2025,2025-01-11,Southbound,Heavy Vehicles,12,18,17,17,,,,,,,,77,63,55,63,52,52,46,36,24,20,20,9,7,0,0
2025,2025-01-11,Southbound,Light Vehicles,28,27,11,13,,,,,,,,689,678,589,604,607,574,508,346,275,225,137,109,69,0,0
2025,2025-01-11,Southbound,All Vehicles,40,45,28,30,,,,,,,,766,741,644,667,659,626,554,382,299,245,157,118,76,0,0
2025,2025-01-13,Southbound,Light Vehicles,,,,,,,,,,,,436,504,475,439,457,379,357,245,191,170,118,68,47,0,0
2025,2025-01-13,Southbound,Heavy Vehicles,,,,,,,,,,,,101,80,74,74,79,74,52,48,25,32,25,25,20,0,0
2025,2025-01-13,Southbound,All Vehicles,,,,,,,,,,,,537,584,549,513,536,453,409,293,216,202,143,93,67,0,0
2025,2025-01-14,Southbound,Light Vehicles,31,30,10,7,31,115,200,329,312,342,342,340,372,390,364,373,370,307,242,205,135,84,76,55,0,0
2025,2025-01-14,Southbound,Heavy Vehicles,20,21,20,39,31,84,140,138,117,137,115,85,79,77,71,78,73,51,39,33,32,24,20,27,0,0
2025,2025-01-14,Southbound,All Vehicles,51,51,30,46,62,199,340,467,429,479,457,425,451,467,435,451,443,358,281,238,167,108,96,82,0,0
2025,2025-01-16,Southbound,Light Vehicles,,,,,41,88,187,292,348,354,324,379,459,440,459,441,438,304,284,185,181,100,74,52,0,0
2025,2025-01-16,Southbound,Heavy Vehicles,,,,,38,71,133,130,130,116,104,108,88,94,83,89,63,58,67,33,37,27,20,26,0,0
2025,2025-01-16,Southbound,All Vehicles,,,,,79,159,320,422,478,470,428,487,547,534,542,530,501,362,351,218,218,127,94,78,0,0
2025,2025-01-17,Southbound,Heavy Vehicles,23,20,29,25,,,,,,,,94,101,94,106,97,81,69,61,37,33,28,24,16,0,0
2025,2025-01-17,Southbound,Light Vehicles,48,16,12,12,,,,,,,,510,569,587,606,592,580,493,385,340,231,143,115,49,0,0
2025,2025-01-17,Southbound,All Vehicles,71,36,41,37,,,,,,,,604,670,681,712,689,661,562,446,377,264,171,139,65,0,0
2025,2025-01-20,Southbound,Heavy Vehicles,11,15,17,19,35,92,142,135,150,132,128,,,,,,,56,51,29,31,31,18,22,0,0
2025,2025-01-20,Southbound,Light Vehicles,52,31,13,9,45,145,256,450,392,386,357,,,,,,,330,247,223,170,112,74,48,0,0
2025,2025-01-20,Southbound,All Vehicles,63,46,30,28,80,237,398,585,542,518,485,,,,,,,386,298,252,201,143,92,70,0,0
2025,2025-01-21,Southbound,Heavy Vehicles,26,27,24,36,23,87,130,154,117,117,121,98,85,91,83,66,62,,,,,,,,0,0
2025,2025-01-21,Southbound,Light Vehicles,23,22,19,9,26,121,207,327,367,300,340,331,380,384,367,349,383,,,,,,,,0,0
2025,2025-01-21,Southbound,All Vehicles,49,49,43,45,49,208,337,481,484,417,461,429,465,475,450,415,445,,,,,,,,0,0
2025,2025-01-26,Southbound,Heavy Vehicles,8,7,9,11,2,5,13,18,15,29,45,40,41,40,41,42,43,,,,,,,,0,0
2025,2025-01-26,Southbound,Light Vehicles,72,54,26,12,7,17,51,104,194,293,375,468,511,516,506,518,537,,,,,,,,0,0
2025,2025-01-26,Southbound,All Vehicles,80,61,35,23,9,22,64,122,209,322,420,508,552,556,547,560,580,,,,,,,,0,0
2025,2025-01-27,Southbound,Heavy Vehicles,,,,,,,,,,,,,,,,,,19,8,6,7,2,3,2,0,0
2025,2025-01-27,Southbound,Light Vehicles,,,,,,,,,,,,,,,,,,211,162,119,80,50,24,7,0,0
2025,2025-01-27,Southbound,All Vehicles,,,,,,,,,,,,,,,,,,230,170,125,87,52,27,9,0,0
2025,2025-01-29,Southbound,Light Vehicles,58,51,26,13,28,114,169,278,309,253,277,,,,,,,300,216,182,146,87,70,48,0,0
2025,2025-01-29,Southbound,Heavy Vehicles,25,23,29,29,30,79,130,145,128,111,103,,,,,,,65,44,32,39,26,28,25,0,0
2025,2025-01-29,Southbound,All Vehicles,83,74,55,42,58,193,299,423,437,364,380,,,,,,,365,260,214,185,113,98,73,0,0
2025,2025-01-30,Southbound,Heavy Vehicles,22,26,29,29,52,93,117,140,143,118,115,101,85,94,80,70,58,68,74,37,35,28,24,26,0,0
2025,2025-01-30,Southbound,Light Vehicles,38,15,13,6,28,92,221,321,388,322,331,376,360,361,389,437,406,301,261,187,149,92,68,39,0,0
2025,2025-01-30,Southbound,All Vehicles,60,41,42,35,80,185,338,461,531,440,446,477,445,455,469,507,464,369,335,224,184,120,92,65,0,0
2025,2025-01-31,Southbound,Heavy Vehicles,18,35,33,26,,,,,,,,95,80,81,106,80,60,53,53,46,36,17,16,16,0,0
2025,2025-01-31,Southbound,Light Vehicles,26,18,13,7,,,,,,,,297,341,386,409,469,450,403,343,309,242,163,110,71,0,0
2025,2025-01-31,Southbound,All Vehicles,44,53,46,33,,,,,,,,392,421,467,515,549,510,456,396,355,278,180,126,87,0,0
2025,2025-02-01,Southbound,Heavy Vehicles,15,26,30,15,16,27,33,37,45,48,79,65,73,72,53,53,38,53,35,44,22,14,19,17,0,0
2025,2025-02-01,Southbound,Light Vehicles,65,70,46,13,16,44,59,146,259,365,428,509,572,561,534,514,490,437,378,317,202,159,135,81,0,0
2025,2025-02-01,Southbound,All Vehicles,80,96,76,28,32,71,92,183,304,413,507,574,645,633,587,567,528,490,413,361,224,173,154,98,0,0
2025,2025-02-03,Southbound,Heavy Vehicles,18,18,21,31,39,90,140,157,145,134,108,104,95,77,78,77,67,52,44,40,27,25,30,15,0,0
2025,2025-02-03,Southbound,Light Vehicles,62,19,17,17,45,159,334,491,428,341,343,357,413,406,402,385,413,319,238,212,166,105,70,48,0,0
2025,2025-02-03,Southbound,All Vehicles,80,37,38,48,84,249,474,648,573,475,451,461,508,483,480,462,480,371,282,252,193,130,100,63,0,0
2025,2025-02-04,Southbound,Light Vehicles,36,15,11,11,32,123,241,412,410,323,303,321,307,296,333,336,349,300,214,146,127,91,62,51,0,0
2025,2025-02-04,Southbound,Heavy Vehicles,26,28,20,31,40,87,150,133,148,128,81,104,76,84,85,86,61,47,42,38,34,24,18,29,0,0
2025,2025-02-04,Southbound,All Vehicles,62,43,31,42,72,210,391,545,558,451,384,425,383,380,418,422,410,347,256,184,161,115,80,80,0,0
2025,2025-02-05,Southbound,Light Vehicles,26,19,16,8,25,124,249,401,363,385,314,324,341,314,342,354,257,240,204,179,154,72,50,38,0,0
2025,2025-02-05,Southbound,Heavy Vehicles,24,20,24,31,33,88,137,157,129,129,100,83,74,85,76,82,71,56,46,48,32,25,18,18,0,0
2025,2025-02-05,Southbound,All Vehicles,50,39,40,39,58,212,386,558,492,514,414,407,415,399,418,436,328,296,250,227,186,97,68,56,0,0
2025,2025-02-06,Southbound,Heavy Vehicles,23,21,22,26,39,79,137,123,113,89,103,94,84,87,64,72,70,37,45,39,30,26,24,19,0,0
2025,2025-02-06,Southbound,Light Vehicles,27,15,9,9,22,96,189,275,292,284,267,268,261,285,289,317,333,277,218,212,142,112,70,48,0,0
2025,2025-02-06,Southbound,All Vehicles,50,36,31,35,61,175,326,398,405,373,370,362,345,372,353,389,403,314,263,251,172,138,94,67,0,0
2025,2025-02-07,Southbound,Heavy Vehicles,,,2,2,1,5,14,23,20,17,11,15,11,7,9,21,19,11,8,4,5,2,1,1,0,0
2025,2025-02-07,Southbound,Light Vehicles,1,,1,1,1,19,50,66,62,73,88,99,97,107,117,96,98,94,83,60,45,15,5,8,0,0
2025,2025-02-07,Southbound,All Vehicles,1,,3,3,2,24,64,89,82,90,99,114,108,114,126,117,117,105,91,64,50,17,6,9,0,0
2025,2025-02-08,Southbound,Light Vehicles,33,21,11,4,13,30,61,140,283,466,573,658,644,552,558,548,447,377,340,282,202,149,111,56,0,0
2025,2025-02-08,Southbound,Heavy Vehicles,20,17,14,14,13,26,39,40,54,51,81,71,52,62,60,53,51,44,36,18,22,16,10,13,0,0
2025,2025-02-08,Southbound,All Vehicles,53,38,25,18,26,56,100,180,337,517,654,729,696,614,618,601,498,421,376,300,224,165,121,69,0,0
2025,2025-02-10,Southbound,Heavy Vehicles,28,12,20,25,40,86,148,149,136,132,118,96,88,108,70,91,84,,,,,,,,0,0
2025,2025-02-10,Southbound,Light Vehicles,64,45,26,17,48,156,318,495,464,414,363,390,476,476,519,457,470,,,,,,,,0,0
2025,2025-02-10,Southbound,All Vehicles,92,57,46,42,88,242,466,644,600,546,481,486,564,584,589,548,554,,,,,,,,0,0
2025,2025-02-12,Southbound,Light Vehicles,42,27,16,11,31,106,276,425,393,314,296,255,270,294,378,431,372,315,206,161,134,91,60,37,0,0
2025,2025-02-12,Southbound,Heavy Vehicles,26,15,27,27,36,105,156,134,133,149,112,100,71,69,108,83,82,58,42,27,29,27,18,23,0,0
2025,2025-02-12,Southbound,All Vehicles,68,42,43,38,67,211,432,559,526,463,408,355,341,363,486,514,454,373,248,188,163,118,78,60,0,0
2025,2025-02-14,Southbound,Heavy Vehicles,25,19,29,36,,,,,,,,102,86,104,101,95,88,53,60,37,42,22,22,18,0,0
2025,2025-02-14,Southbound,Light Vehicles,37,32,15,11,,,,,,,,388,461,458,539,540,516,484,389,378,311,199,108,68,0,0
2025,2025-02-14,Southbound,All Vehicles,62,51,44,47,,,,,,,,490,547,562,640,635,604,537,449,415,353,221,130,86,0,0
2025,2025-02-15,Southbound,Light Vehicles,42,32,22,10,12,34,64,146,302,475,614,661,603,629,566,577,548,423,356,284,229,155,114,72,0,0
2025,2025-02-15,Southbound,Heavy Vehicles,17,13,18,16,20,29,31,46,59,80,63,68,78,74,63,60,50,49,26,35,17,16,13,9,0,0
2025,2025-02-15,Southbound,All Vehicles,59,45,40,26,32,63,95,192,361,555,677,729,681,703,629,637,598,472,382,319,246,171,127,81,0,0
2025,2025-02-16,Southbound,Light Vehicles,72,63,29,11,13,15,43,90,198,293,420,,,,,,,668,543,444,310,237,127,75,0,0
2025,2025-02-16,Southbound,Heavy Vehicles,11,10,9,13,6,17,15,17,20,29,33,,,,,,,58,38,31,28,23,20,11,0,0
2025,2025-02-16,Southbound,All Vehicles,83,73,38,24,19,32,58,107,218,322,453,,,,,,,726,581,475,338,260,147,86,0,0
2025,2025-02-17,Southbound,Heavy Vehicles,19,18,16,19,29,103,153,154,157,134,124,103,106,89,93,98,75,57,39,40,29,28,28,22,0,0
2025,2025-02-17,Southbound,Light Vehicles,68,56,35,16,52,162,307,525,430,407,346,382,419,444,448,411,396,344,269,196,141,117,71,60,0,0
2025,2025-02-17,Southbound,All Vehicles,87,74,51,35,81,265,460,679,587,541,470,485,525,533,541,509,471,401,308,236,170,145,99,82,0,0
2025,2025-02-18,Southbound,Heavy Vehicles,26,21,27,28,38,97,143,157,126,142,101,74,82,92,97,75,74,52,54,37,32,23,26,20,0,0
2025,2025-02-18,Southbound,Light Vehicles,28,25,27,10,35,135,261,452,362,335,296,324,366,320,349,347,356,285,215,182,126,96,87,50,0,0
2025,2025-02-18,Southbound,All Vehicles,54,46,54,38,73,232,404,609,488,477,397,398,448,412,446,422,430,337,269,219,158,119,113,70,0,0
2025,2025-02-19,Southbound,Light Vehicles,28,19,10,7,31,111,245,418,357,319,335,289,273,298,351,349,333,290,203,154,133,77,77,48,0,0
2025,2025-02-19,Southbound,Heavy Vehicles,27,18,26,19,31,98,136,142,146,146,101,104,79,90,97,76,75,68,52,35,33,23,21,24,0,0
2025,2025-02-19,Southbound,All Vehicles,55,37,36,26,62,209,381,560,503,465,436,393,352,388,448,425,408,358,255,189,166,100,98,72,0,0
2025,2025-02-20,Southbound,Heavy Vehicles,20,24,19,29,40,81,118,144,125,125,108,99,75,104,72,68,69,55,60,37,34,28,31,26,0,0
2025,2025-02-20,Southbound,Light Vehicles,28,26,20,11,32,103,185,276,295,242,246,278,313,318,341,351,309,260,266,204,146,105,74,46,0,0
2025,2025-02-20,Southbound,All Vehicles,48,50,39,40,72,184,303,420,420,367,354,377,388,422,413,419,378,315,326,241,180,133,105,72,0,0
2025,2025-02-21,Southbound,Light Vehicles,32,45,27,17,34,123,206,338,342,376,362,414,575,607,614,600,640,,,,,,,,0,0
2025,2025-02-21,Southbound,Heavy Vehicles,28,25,23,28,46,88,140,159,139,129,118,120,108,109,107,90,87,,,,,,,,0,0
2025,2025-02-21,Southbound,All Vehicles,60,70,50,45,80,211,346,497,481,505,480,534,683,716,721,690,727,,,,,,,,0,0
2025,2025-02-22,Southbound,Light Vehicles,,,,,,,,,,,,161,157,133,151,119,111,91,49,48,22,13,14,6,0,0
2025,2025-02-22,Southbound,Heavy Vehicles,,,,,,,,,,,,9,12,5,14,4,14,8,7,2,2,4,,,0,0
2025,2025-02-22,Southbound,All Vehicles,,,,,,,,,,,,170,169,138,165,123,125,99,56,50,24,17,14,6,0,0
2025,2025-02-23,Southbound,Heavy Vehicles,7,9,8,8,8,9,27,27,27,31,48,,,,,,,60,35,39,24,22,28,12,0,0
2025,2025-02-23,Southbound,Light Vehicles,66,62,28,12,9,32,64,94,203,299,378,,,,,,,627,556,488,369,275,163,94,0,0
2025,2025-02-23,Southbound,All Vehicles,73,71,36,20,17,41,91,121,230,330,426,,,,,,,687,591,527,393,297,191,106,0,0
2025,2025-02-24,Southbound,Light Vehicles,59,39,11,10,50,117,240,367,327,315,261,,,,,319,324,301,207,171,137,84,51,30,0,0
2025,2025-02-24,Southbound,Heavy Vehicles,13,18,22,19,41,75,125,143,141,124,126,,,,,59,72,51,53,34,21,22,27,20,0,0
2025,2025-02-24,Southbound,All Vehicles,72,57,33,29,91,192,365,510,468,439,387,,,,,378,396,352,260,205,158,106,78,50,0,0
2025,2025-02-25,Southbound,Light Vehicles,50,37,6,14,30,115,275,446,368,337,300,301,317,367,341,349,346,295,205,178,138,100,67,46,0,0
2025,2025-02-25,Southbound,Heavy Vehicles,24,17,28,28,45,90,145,145,120,143,92,98,72,96,78,101,83,46,54,32,37,22,14,23,0,0
2025,2025-02-25,Southbound,All Vehicles,74,54,34,42,75,205,420,591,488,480,392,399,389,463,419,450,429,341,259,210,175,122,81,69,0,0
2025,2025-02-27,Southbound,Heavy Vehicles,20,18,17,36,32,71,133,115,118,107,101,81,90,84,81,66,70,51,52,52,38,29,24,17,0,0
2025,2025-02-27,Southbound,Light Vehicles,23,17,8,11,24,85,170,278,281,283,258,255,286,300,301,345,306,271,212,172,135,83,93,47,0,0
2025,2025-02-27,Southbound,All Vehicles,43,35,25,47,56,156,303,393,399,390,359,336,376,384,382,411,376,322,264,224,173,112,117,64,0,0
2025,2025-02-28,Southbound,Heavy Vehicles,19,21,28,27,45,92,123,147,133,116,110,108,116,117,98,116,88,,,,,,,,0,0
2025,2025-02-28,Southbound,Light Vehicles,34,32,15,16,36,111,207,294,315,337,372,407,534,603,605,683,636,,,,,,,,0,0
2025,2025-02-28,Southbound,All Vehicles,53,53,43,43,81,203,330,441,448,453,482,515,650,720,703,799,724,,,,,,,,0,0
2025,2025-03-01,Southbound,Heavy Vehicles,,,,,18,30,43,64,54,65,93,79,64,59,60,43,58,44,35,32,23,25,11,17,0,0
2025,2025-03-01,Southbound,Light Vehicles,,,,,24,45,99,224,324,487,647,726,693,696,658,598,606,509,423,302,261,156,118,68,0,0
2025,2025-03-01,Southbound,All Vehicles,,,,,42,75,142,288,378,552,740,805,757,755,718,641,664,553,458,334,284,181,129,85,0,0
2025,2025-03-02,Southbound,Light Vehicles,72,45,21,12,,,,,,,,532,813,809,915,932,909,872,667,443,312,213,132,83,0,0
2025,2025-03-02,Southbound,Heavy Vehicles,7,11,8,8,,,,,,,,67,67,71,60,75,85,76,57,33,35,30,22,8,0,0
2025,2025-03-02,Southbound,All Vehicles,79,56,29,20,,,,,,,,599,880,880,975,1007,994,948,724,476,347,243,154,91,0,0
2025,2025-03-03,Southbound,Light Vehicles,75,43,15,20,,,,,,,,417,497,509,474,460,419,340,276,169,119,96,55,45,0,0
2025,2025-03-03,Southbound,Heavy Vehicles,11,21,15,26,,,,,,,,107,118,103,86,85,83,66,48,38,29,26,23,26,0,0
2025,2025-03-03,Southbound,All Vehicles,86,64,30,46,,,,,,,,524,615,612,560,545,502,406,324,207,148,122,78,71,0,0
2025,2025-03-04,Southbound,Light Vehicles,40,76,66,12,31,104,281,457,438,373,343,374,494,399,358,348,343,289,197,193,121,84,69,45,0,0
2025,2025-03-04,Southbound,Heavy Vehicles,26,20,28,29,43,93,161,136,145,129,111,107,99,104,97,100,72,73,35,38,32,29,17,22,0,0
2025,2025-03-04,Southbound,All Vehicles,66,96,94,41,74,197,442,593,583,502,454,481,593,503,455,448,415,362,232,231,153,113,86,67,0,0
2025,2025-03-05,Southbound,Heavy Vehicles,25,19,31,21,36,104,143,144,129,134,95,108,84,99,98,72,71,64,50,49,35,37,25,25,0,0
2025,2025-03-05,Southbound,Light Vehicles,38,43,20,11,31,96,214,406,372,378,312,311,368,405,380,380,337,307,199,159,123,91,61,42,0,0
2025,2025-03-05,Southbound,All Vehicles,63,62,51,32,67,200,357,550,501,512,407,419,452,504,478,452,408,371,249,208,158,128,86,67,0,0
2025,2025-03-06,Southbound,Light Vehicles,29,43,13,11,36,90,244,417,358,366,310,,,,,,,,,,,,,,0,0
2025,2025-03-06,Southbound,Heavy Vehicles,23,28,23,27,41,92,165,160,150,110,108,,,,,,,,,,,,,,0,0
2025,2025-03-06,Southbound,All Vehicles,52,71,36,38,77,182,409,577,508,476,418,,,,,,,,,,,,,,0,0
