year,date,cardinal_direction_seq,classification_seq,hour_00,hour_01,hour_02,hour_03,hour_04,hour_05,hour_06,hour_07,hour_08,hour_09,hour_10,hour_11,hour_12,hour_13,hour_14,hour_15,hour_16,hour_17,hour_18,hour_19,hour_20,hour_21,hour_22,hour_23,public_holiday,school_holiday
2024,2024-01-04,Southbound,Light Vehicles,43,31,20,50,62,86,214,334,533,659,834,898,917,833,864,825,717,357,165,299,230,174,134,49,0,0
2024,2024-01-04,Southbound,Heavy Vehicles,72,78,67,56,57,66,81,96,112,125,137,138,150,124,120,137,111,86,39,86,86,105,83,58,0,0
2024,2024-01-04,Southbound,All Vehicles,115,109,87,106,119,152,295,430,645,784,971,1036,1067,957,984,962,828,443,204,385,316,279,217,107,0,0
2024,2024-01-07,Southbound,Heavy Vehicles,21,20,18,14,13,20,34,62,109,137,164,134,161,148,140,153,142,148,58,3,30,56,50,34,0,0
2024,2024-01-07,Southbound,Light Vehicles,55,27,29,32,48,97,194,379,632,1000,1309,1404,1456,1338,1353,1178,1022,782,200,5,87,110,120,54,0,0
2024,2024-01-07,Southbound,All Vehicles,76,47,47,46,61,117,228,441,741,1137,1473,1538,1617,1486,1493,1331,1164,930,258,8,117,166,170,88,0,0
2024,2024-01-09,Southbound,Heavy Vehicles,66,83,90,82,88,80,111,130,154,197,185,213,199,188,171,163,136,150,129,123,124,103,65,53,0,0
2024,2024-01-09,Southbound,Light Vehicles,25,25,23,23,46,117,208,340,506,706,968,1021,975,891,852,789,712,579,336,209,145,122,56,48,0,0
2024,2024-01-09,Southbound,All Vehicles,91,108,113,105,134,197,319,470,660,903,1153,1234,1174,1079,1023,952,848,729,465,332,269,225,121,101,0,0
2024,2024-01-10,Southbound,Light Vehicles,34,19,19,20,62,103,194,316,520,764,1057,954,935,902,885,834,705,573,354,47,145,144,82,49,0,0
2024,2024-01-10,Southbound,Heavy Vehicles,60,87,79,94,79,81,111,127,141,195,222,199,188,183,164,170,133,133,149,16,114,112,89,53,0,0
2024,2024-01-10,Southbound,All Vehicles,94,106,98,114,141,184,305,443,661,959,1279,1153,1123,1085,1049,1004,838,706,503,63,259,256,171,102,0,0
2024,2024-01-11,Southbound,Heavy Vehicles,70,73,88,83,95,96,125,146,174,191,172,217,201,180,173,159,155,147,111,38,4,2,8,26,0,0
2024,2024-01-11,Southbound,Light Vehicles,33,20,25,24,62,112,231,339,547,721,897,979,933,919,861,836,703,610,380,93,5,6,8,21,0,0
2024,2024-01-11,Southbound,All Vehicles,103,93,113,107,157,208,356,485,721,912,1069,1196,1134,1099,1034,995,858,757,491,131,9,8,16,47,0,0
2024,2024-01-12,Southbound,Heavy Vehicles,57,69,52,84,90,92,110,118,168,182,208,207,234,209,162,183,123,130,84,74,13,,2,29,0,0
2024,2024-01-12,Southbound,Light Vehicles,33,25,27,37,70,131,238,387,646,927,1124,1263,1165,1100,1066,1011,819,770,478,287,21,,6,37,0,0
2024,2024-01-12,Southbound,All Vehicles,90,94,79,121,160,223,348,505,814,1109,1332,1470,1399,1309,1228,1194,942,900,562,361,34,,8,66,0,0
2024,2024-01-13,Southbound,Heavy Vehicles,30,51,50,49,55,54,47,79,105,149,191,187,145,140,119,111,104,78,60,,1,,1,4,0,0
2024,2024-01-13,Southbound,Light Vehicles,32,25,24,37,49,102,188,414,719,1007,1364,1421,1269,1113,1032,910,724,510,248,2,,,1,2,0,0
2024,2024-01-13,Southbound,All Vehicles,62,76,74,86,104,156,235,493,824,1156,1555,1608,1414,1253,1151,1021,828,588,308,2,1,,2,6,0,0
2024,2024-01-14,Southbound,Light Vehicles,11,15,24,26,36,68,142,296,483,805,1152,1277,1244,1186,1166,1172,813,620,349,26,1,1,4,6,0,0
2024,2024-01-14,Southbound,Heavy Vehicles,4,12,15,7,19,22,48,49,81,114,146,135,154,161,118,151,108,134,88,6,1,1,,3,0,0
2024,2024-01-14,Southbound,All Vehicles,15,27,39,33,55,90,190,345,564,919,1298,1412,1398,1347,1284,1323,921,754,437,32,2,2,4,9,0,0
2024,2024-01-15,Southbound,Light Vehicles,16,14,28,31,88,168,217,284,465,750,900,905,877,791,752,727,638,397,259,152,127,99,61,43,0,0
2024,2024-01-15,Southbound,Heavy Vehicles,16,27,42,21,51,69,85,105,114,161,173,183,213,171,156,178,156,124,125,89,130,128,77,53,0,0
2024,2024-01-15,Southbound,All Vehicles,32,41,70,52,139,237,302,389,579,911,1073,1088,1090,962,908,905,794,521,384,241,257,227,138,96,0,0
2024,2024-01-16,Southbound,Light Vehicles,17,11,20,16,36,90,154,221,351,518,558,588,565,508,465,478,479,368,201,142,101,75,44,33,0,0
2024,2024-01-16,Southbound,Heavy Vehicles,53,82,98,80,81,87,99,105,129,133,157,153,149,149,123,131,113,115,97,90,94,81,68,40,0,0
2024,2024-01-16,Southbound,All Vehicles,70,93,118,96,117,177,253,326,480,651,715,741,714,657,588,609,592,483,298,232,195,156,112,73,0,0
2024,2024-01-17,Southbound,Heavy Vehicles,59,81,96,80,96,96,120,152,133,143,156,155,151,134,128,112,116,22,9,8,14,,1,18,0,0
2024,2024-01-17,Southbound,Light Vehicles,22,18,24,23,40,96,175,241,378,482,562,578,518,554,516,477,377,85,16,8,13,,17,17,0,0
2024,2024-01-17,Southbound,All Vehicles,81,99,120,103,136,192,295,393,511,625,718,733,669,688,644,589,493,107,25,16,27,,18,35,0,0
2024,2024-01-18,Southbound,Light Vehicles,16,18,14,29,41,112,184,266,410,522,591,590,598,559,579,532,495,439,258,199,84,2,1,6,0,0
2024,2024-01-18,Southbound,Heavy Vehicles,42,63,57,85,81,76,108,110,144,148,164,158,160,142,154,133,110,112,111,111,52,4,1,3,0,0
2024,2024-01-18,Southbound,All Vehicles,58,81,71,114,122,188,292,376,554,670,755,748,758,701,733,665,605,551,369,310,136,6,2,9,0,0
2024,2024-01-19,Southbound,Light Vehicles,4,8,8,18,24,65,144,108,107,579,976,1025,984,980,882,875,824,657,426,265,147,25,3,,0,0
2024,2024-01-19,Southbound,Heavy Vehicles,8,21,16,53,32,50,66,38,42,156,208,217,205,166,137,171,122,101,91,69,54,8,1,,0,0
2024,2024-01-19,Southbound,All Vehicles,12,29,24,71,56,115,210,146,149,735,1184,1242,1189,1146,1019,1046,946,758,517,334,201,33,4,,0,0
2024,2024-01-22,Southbound,Heavy Vehicles,,,,,,1,2,6,13,34,38,38,39,34,24,32,21,6,1,,,,,,0,0
2024,2024-01-22,Southbound,Light Vehicles,,,,,,1,12,24,64,147,212,212,218,175,159,154,86,22,4,2,,2,1,,0,0
2024,2024-01-22,Southbound,All Vehicles,,,,,,2,14,30,77,181,250,250,257,209,183,186,107,28,5,2,,2,1,,0,0
2024,2024-01-25,Northbound,Heavy Vehicles,71,74,55,34,46,64,132,154,154,149,191,195,205,217,231,203,168,188,182,188,119,118,120,103,0,0
2024,2024-01-25,Southbound,Light Vehicles,21,28,21,23,44,130,215,346,458,650,840,912,862,819,743,790,726,648,451,325,197,174,90,57,0,0
2024,2024-01-25,Southbound,Heavy Vehicles,54,84,85,90,106,95,131,162,160,176,206,210,224,169,164,143,125,113,102,71,64,70,66,34,0,0
2024,2024-01-25,Northbound,Light Vehicles,37,39,19,20,36,118,257,458,673,736,831,892,940,948,1024,930,843,826,963,728,549,451,294,149,0,0
2024,2024-01-25,Northbound,All Vehicles,108,113,74,54,82,182,389,612,827,885,1022,1087,1145,1165,1255,1133,1011,1014,1145,916,668,569,414,252,0,0
2024,2024-01-25,Southbound,All Vehicles,75,112,106,113,150,225,346,508,618,826,1046,1122,1086,988,907,933,851,761,553,396,261,244,156,91,0,0
2024,2024-01-26,Northbound,Heavy Vehicles,46,55,41,19,28,33,40,82,121,125,113,114,103,156,80,87,94,72,57,30,35,35,18,19,0,0
2024,2024-01-26,Northbound,Light Vehicles,98,51,38,53,66,104,224,401,671,945,1008,1035,904,850,698,579,517,357,264,201,137,106,56,41,0,0
2024,2024-01-26,Northbound,All Vehicles,144,106,79,72,94,137,264,483,792,1070,1121,1149,1007,1006,778,666,611,429,321,231,172,141,74,60,0,0
2024,2024-01-27,Southbound,Light Vehicles,23,23,20,21,39,73,166,301,583,955,1160,1200,1048,954,923,788,753,511,371,294,202,128,92,47,0,0
2024,2024-01-27,Northbound,Light Vehicles,27,23,21,22,22,53,104,187,345,589,764,788,773,658,613,558,420,364,281,193,139,89,78,50,0,0
2024,2024-01-27,Southbound,Heavy Vehicles,13,14,15,21,20,20,32,52,68,127,151,139,121,127,124,98,112,56,73,59,42,44,23,19,0,0
2024,2024-01-27,Northbound,Heavy Vehicles,17,21,14,6,17,19,31,43,56,70,103,95,82,85,88,86,91,71,56,39,24,27,15,16,0,0
2024,2024-01-27,Southbound,All Vehicles,36,37,35,42,59,93,198,353,651,1082,1311,1339,1169,1081,1047,886,865,567,444,353,244,172,115,66,0,0
2024,2024-01-27,Northbound,All Vehicles,44,44,35,28,39,72,135,230,401,659,867,883,855,743,701,644,511,435,337,232,163,116,93,66,0,0
2024,2024-01-28,Northbound,Light Vehicles,46,17,20,21,34,54,107,196,276,460,602,714,745,768,747,668,567,527,320,233,159,102,69,41,0,0
2024,2024-01-28,Northbound,Heavy Vehicles,16,9,9,12,9,8,19,27,59,66,80,113,135,134,121,123,94,88,85,48,56,37,36,39,0,0
2024,2024-01-28,Northbound,All Vehicles,62,26,29,33,43,62,126,223,335,526,682,827,880,902,868,791,661,615,405,281,215,139,105,80,0,0
2024,2024-01-29,Southbound,Heavy Vehicles,,,2,1,2,9,6,14,27,25,38,44,41,37,34,36,41,31,16,10,13,5,3,3,0,0
2024,2024-01-29,Northbound,Heavy Vehicles,28,26,21,20,19,42,96,122,116,145,147,180,149,156,169,148,154,118,103,77,68,83,80,77,0,0
2024,2024-01-29,Southbound,Light Vehicles,6,7,,3,7,16,36,46,85,173,268,226,239,229,163,158,134,103,58,29,31,14,7,3,0,0
2024,2024-01-29,Northbound,Light Vehicles,37,29,13,30,23,99,244,384,458,499,552,588,620,565,502,469,391,328,243,153,126,72,50,37,0,0
2024,2024-01-29,Southbound,All Vehicles,6,7,2,4,9,25,42,60,112,198,306,270,280,266,197,194,175,134,74,39,44,19,10,6,0,0
2024,2024-01-29,Northbound,All Vehicles,65,55,34,50,42,141,340,506,574,644,699,768,769,721,671,617,545,446,346,230,194,155,130,114,0,0
2024,2024-01-30,Northbound,Heavy Vehicles,76,56,54,29,35,59,108,120,129,123,154,137,158,159,174,183,158,121,123,90,70,88,99,87,0,0
2024,2024-01-30,Southbound,Light Vehicles,29,16,18,20,45,101,195,262,323,417,493,467,489,427,427,488,436,362,226,154,95,58,50,26,0,0
2024,2024-01-30,Southbound,Heavy Vehicles,80,72,50,101,112,94,117,133,134,140,137,144,146,142,118,133,118,126,100,96,108,98,60,52,0,0
2024,2024-01-30,Northbound,Light Vehicles,23,19,22,11,29,89,186,328,393,414,407,457,442,406,429,420,347,290,215,134,93,75,45,36,0,0
2024,2024-01-30,Northbound,All Vehicles,99,75,76,40,64,148,294,448,522,537,561,594,600,565,603,603,505,411,338,224,163,163,144,123,0,0
2024,2024-01-30,Southbound,All Vehicles,109,88,68,121,157,195,312,395,457,557,630,611,635,569,545,621,554,488,326,250,203,156,110,78,0,0
2024,2024-01-31,Southbound,Light Vehicles,17,13,13,18,48,119,184,239,308,410,427,431,457,432,410,432,424,364,216,136,88,73,32,30,0,0
2024,2024-01-31,Southbound,Heavy Vehicles,59,90,83,77,92,93,120,129,142,144,140,153,152,129,124,122,113,104,92,123,109,84,52,50,0,0
2024,2024-01-31,Southbound,All Vehicles,76,103,96,95,140,212,304,368,450,554,567,584,609,561,534,554,537,468,308,259,197,157,84,80,0,0
2024,2024-02-01,Southbound,Heavy Vehicles,66,96,91,79,93,96,144,147,157,151,168,171,177,140,150,158,128,138,121,112,129,91,59,44,0,1
2024,2024-02-01,Northbound,Heavy Vehicles,82,53,44,30,45,63,128,152,171,189,151,175,202,205,218,209,170,148,151,106,82,114,101,97,0,1
2024,2024-02-01,Northbound,Light Vehicles,31,22,11,21,33,101,202,384,526,578,540,591,574,609,612,541,512,453,308,221,157,130,97,41,0,1
2024,2024-02-01,Southbound,Light Vehicles,13,13,10,22,48,120,210,287,426,469,575,555,589,501,549,574,529,459,299,166,125,93,53,44,0,1
2024,2024-02-01,Southbound,All Vehicles,79,109,101,101,141,216,354,434,583,620,743,726,766,641,699,732,657,597,420,278,254,184,112,88,0,1
2024,2024-02-01,Northbound,All Vehicles,113,75,55,51,78,164,330,536,697,767,691,766,776,814,830,750,682,601,459,327,239,244,198,138,0,1
2024,2024-02-02,Northbound,Heavy Vehicles,86,75,65,29,41,54,118,147,162,156,181,157,186,165,176,174,196,156,116,106,89,79,89,89,0,1
2024,2024-02-02,Southbound,Heavy Vehicles,60,84,96,86,97,84,100,147,155,190,181,180,201,157,151,152,137,134,82,75,81,59,40,37,0,1
2024,2024-02-02,Southbound,Light Vehicles,25,28,13,21,48,133,227,313,423,630,781,760,693,706,637,677,762,586,389,223,175,126,78,49,0,1
2024,2024-02-02,Northbound,Light Vehicles,35,23,30,26,30,100,226,394,519,589,645,703,744,792,742,763,673,646,496,365,288,191,132,74,0,1
2024,2024-02-02,Northbound,All Vehicles,121,98,95,55,71,154,344,541,681,745,826,860,930,957,918,937,869,802,612,471,377,270,221,163,0,1
2024,2024-02-02,Southbound,All Vehicles,85,112,109,107,145,217,327,460,578,820,962,940,894,863,788,829,899,720,471,298,256,185,118,86,0,1
2024,2024-02-03,Southbound,Heavy Vehicles,47,50,67,55,35,47,45,66,77,110,102,118,113,108,87,94,62,70,53,51,49,40,30,27,0,1
2024,2024-02-03,Northbound,Heavy Vehicles,54,49,34,25,25,24,28,79,87,103,114,113,77,111,93,85,84,87,65,46,5,48,25,21,0,1
2024,2024-02-03,Southbound,Light Vehicles,28,29,19,19,48,92,195,375,477,695,747,769,654,635,608,512,414,365,233,160,130,96,67,34,0,1
2024,2024-02-03,Northbound,Light Vehicles,44,14,27,16,40,65,124,280,419,564,732,704,678,636,598,573,480,421,283,201,49,146,99,63,0,1
2024,2024-02-03,Southbound,All Vehicles,75,79,86,74,83,139,240,441,554,805,849,887,767,743,695,606,476,435,286,211,179,136,97,61,0,1
2024,2024-02-03,Northbound,All Vehicles,98,63,61,41,65,89,152,359,506,667,846,817,755,747,691,658,564,508,348,247,54,194,124,84,0,1
2024,2024-02-04,Northbound,Light Vehicles,38,27,18,23,19,54,97,167,316,510,602,701,822,769,767,729,595,495,369,230,170,118,57,46,0,1
2024,2024-02-04,Southbound,Heavy Vehicles,16,17,19,16,16,23,29,36,60,81,80,104,94,98,92,81,103,82,114,98,73,68,34,41,0,1
2024,2024-02-04,Northbound,Heavy Vehicles,17,14,8,5,11,13,32,44,47,104,101,88,133,141,143,162,115,105,84,69,52,55,28,34,0,1
2024,2024-02-04,Southbound,Light Vehicles,25,18,12,21,27,51,103,221,367,522,639,689,706,665,602,562,484,371,259,178,135,82,42,36,0,1
2024,2024-02-04,Northbound,All Vehicles,55,41,26,28,30,67,129,211,363,614,703,789,955,910,910,891,710,600,453,299,222,173,85,80,0,1
2024,2024-02-04,Southbound,All Vehicles,41,35,31,37,43,74,132,257,427,603,719,793,800,763,694,643,587,453,373,276,208,150,76,77,0,1
2024,2024-02-05,Southbound,Heavy Vehicles,40,39,39,41,71,79,112,129,142,156,180,181,147,132,131,125,125,125,142,168,144,98,83,59,0,1
2024,2024-02-05,Northbound,Light Vehicles,23,20,17,30,31,118,251,477,545,562,612,602,639,596,633,563,451,346,209,159,108,73,70,33,0,1
2024,2024-02-05,Northbound,Heavy Vehicles,22,23,31,21,30,62,130,134,166,172,177,170,188,171,191,208,177,129,105,87,91,94,85,89,0,1
2024,2024-02-05,Southbound,Light Vehicles,23,15,22,33,91,128,250,286,428,566,637,596,563,565,529,494,594,383,250,174,103,63,43,34,0,1
2024,2024-02-05,Southbound,All Vehicles,63,54,61,74,162,207,362,415,570,722,817,777,710,697,660,619,719,508,392,342,247,161,126,93,0,1
2024,2024-02-05,Northbound,All Vehicles,45,43,48,51,61,180,381,611,711,734,789,772,827,767,824,771,628,475,314,246,199,167,155,122,0,1
2024,2024-02-06,Northbound,Light Vehicles,24,16,16,12,23,91,202,357,431,458,467,488,500,536,507,513,428,322,227,155,117,67,72,22,0,0
2024,2024-02-06,Southbound,Light Vehicles,14,13,17,16,44,116,213,255,381,414,463,525,423,456,533,502,468,374,200,122,103,72,32,29,0,0
2024,2024-02-06,Southbound,Heavy Vehicles,70,97,99,96,94,80,122,144,132,192,167,148,153,173,146,170,149,133,110,128,80,68,75,46,0,0
2024,2024-02-06,Northbound,Heavy Vehicles,74,59,62,37,28,58,126,159,139,141,166,155,166,157,182,220,172,131,125,108,93,133,99,94,0,0
2024,2024-02-06,Northbound,All Vehicles,98,75,78,49,51,149,328,516,570,599,633,643,666,693,689,733,600,453,352,263,210,200,171,116,0,0
2024,2024-02-06,Southbound,All Vehicles,84,110,116,112,138,196,335,399,513,606,630,673,576,629,679,672,617,507,310,250,183,140,107,75,0,0
2024,2024-02-07,Southbound,Heavy Vehicles,59,88,96,91,83,77,106,150,153,173,139,172,138,193,154,127,141,140,128,132,118,94,73,59,0,0
2024,2024-02-07,Southbound,Light Vehicles,24,17,17,28,52,118,224,279,387,471,492,553,540,516,532,509,500,439,206,142,105,72,40,19,0,0
2024,2024-02-07,Northbound,Light Vehicles,21,17,22,23,33,84,197,374,509,499,600,489,495,521,563,498,447,347,223,166,124,90,44,29,0,0
2024,2024-02-07,Northbound,Heavy Vehicles,74,73,52,34,44,56,114,134,145,158,148,153,157,185,197,194,193,156,108,95,98,105,121,80,0,0
2024,2024-02-07,Southbound,All Vehicles,83,105,113,119,135,195,330,429,540,644,631,725,678,709,686,636,641,579,334,274,223,166,113,78,0,0
2024,2024-02-07,Northbound,All Vehicles,95,90,74,57,77,140,311,508,654,657,748,642,652,706,760,692,640,503,331,261,222,195,165,109,0,0
2024,2024-02-08,Northbound,Heavy Vehicles,93,63,56,37,30,59,134,148,159,163,152,164,200,194,201,198,199,159,126,115,81,128,121,92,0,0
2024,2024-02-08,Northbound,Light Vehicles,17,21,24,14,41,111,217,341,498,492,521,575,611,615,633,589,463,384,329,211,145,135,78,37,0,0
2024,2024-02-08,Southbound,Heavy Vehicles,61,98,91,84,78,94,145,130,155,165,198,169,175,199,149,158,164,121,127,118,103,95,55,45,0,0
2024,2024-02-08,Southbound,Light Vehicles,17,18,16,22,46,109,223,291,409,531,608,644,658,635,559,577,526,472,270,195,133,91,48,39,0,0
2024,2024-02-08,Northbound,All Vehicles,110,84,80,51,71,170,351,489,657,655,673,739,811,809,834,787,662,543,455,326,226,263,199,129,0,0
2024,2024-02-08,Southbound,All Vehicles,78,116,107,106,124,203,368,421,564,696,806,813,833,834,708,735,690,593,397,313,236,186,103,84,0,0
2024,2024-02-09,Northbound,Light Vehicles,30,32,16,22,22,104,218,369,544,620,663,702,742,802,846,801,730,634,562,440,314,172,121,53,0,0
2024,2024-02-09,Southbound,Heavy Vehicles,65,94,97,87,73,101,110,146,140,175,207,211,174,155,153,145,128,120,91,99,74,49,30,54,0,0
2024,2024-02-09,Northbound,Heavy Vehicles,74,74,64,40,39,63,112,133,158,158,183,170,179,190,198,198,178,138,126,106,87,88,92,72,0,0
2024,2024-02-09,Southbound,Light Vehicles,16,21,17,38,43,116,219,372,547,698,848,870,829,760,704,762,737,580,339,212,155,121,65,51,0,0
2024,2024-02-09,Northbound,All Vehicles,104,106,80,62,61,167,330,502,702,778,846,872,921,992,1044,999,908,772,688,546,401,260,213,125,0,0
2024,2024-02-09,Southbound,All Vehicles,81,115,114,125,116,217,329,518,687,873,1055,1081,1003,915,857,907,865,700,430,311,229,170,95,105,0,0
2024,2024-02-10,Northbound,Heavy Vehicles,53,40,24,26,20,20,39,53,65,104,99,108,84,91,97,87,65,82,56,41,33,33,22,12,0,0
2024,2024-02-10,Southbound,Light Vehicles,36,22,16,15,38,88,157,327,524,624,751,707,640,537,552,505,419,286,230,157,110,87,57,30,0,0
2024,2024-02-10,Southbound,Heavy Vehicles,31,59,60,50,46,47,72,66,77,119,96,112,106,99,89,88,60,60,52,51,40,41,30,26,0,0
2024,2024-02-10,Northbound,Light Vehicles,48,29,27,27,34,70,115,275,413,536,683,776,688,657,654,579,453,420,277,173,122,77,69,41,0,0
2024,2024-02-10,Northbound,All Vehicles,101,69,51,53,54,90,154,328,478,640,782,884,772,748,751,666,518,502,333,214,155,110,91,53,0,0
2024,2024-02-10,Southbound,All Vehicles,67,81,76,65,84,135,229,393,601,743,847,819,746,636,641,593,479,346,282,208,150,128,87,56,0,0
2024,2024-02-11,Southbound,Heavy Vehicles,19,9,10,14,19,20,24,50,59,116,150,184,135,122,124,107,110,116,103,106,81,52,44,39,0,0
2024,2024-02-11,Southbound,Light Vehicles,24,11,15,13,33,45,92,224,383,660,895,1054,1005,920,828,727,622,407,311,162,144,95,51,30,0,0
2024,2024-02-11,Northbound,Light Vehicles,29,36,22,16,28,49,88,135,268,451,601,783,833,800,781,782,663,536,363,273,194,131,62,43,0,0
2024,2024-02-11,Northbound,Heavy Vehicles,17,15,14,11,7,17,24,34,47,67,109,127,117,135,142,134,122,106,94,82,61,46,27,29,0,0
2024,2024-02-11,Southbound,All Vehicles,43,20,25,27,52,65,116,274,442,776,1045,1238,1140,1042,952,834,732,523,414,268,225,147,95,69,0,0
2024,2024-02-11,Northbound,All Vehicles,46,51,36,27,35,66,112,169,315,518,710,910,950,935,923,916,785,642,457,355,255,177,89,72,0,0
2024,2024-02-12,Southbound,Light Vehicles,12,22,21,32,92,154,215,312,445,538,644,676,556,553,528,515,559,411,275,165,119,71,47,33,0,0
2024,2024-02-12,Northbound,Heavy Vehicles,21,24,25,26,33,42,109,133,139,161,184,147,180,179,176,193,159,125,81,105,86,105,93,92,0,0
2024,2024-02-12,Southbound,Heavy Vehicles,32,33,47,42,55,71,104,111,112,148,150,191,156,166,127,157,153,150,133,149,142,110,66,62,0,0
2024,2024-02-12,Northbound,Light Vehicles,30,21,24,21,33,117,254,456,542,547,574,646,575,680,604,571,465,344,275,176,122,92,60,40,0,0
2024,2024-02-12,Southbound,All Vehicles,44,55,68,74,147,225,319,423,557,686,794,867,712,719,655,672,712,561,408,314,261,181,113,95,0,0
2024,2024-02-12,Northbound,All Vehicles,51,45,49,47,66,159,363,589,681,708,758,793,755,859,780,764,624,469,356,281,208,197,153,132,0,0
2024,2024-02-13,Southbound,Heavy Vehicles,65,80,89,87,93,100,120,131,142,168,189,178,165,174,147,162,155,126,117,116,124,90,80,45,0,0
2024,2024-02-13,Northbound,Light Vehicles,21,19,19,16,26,88,179,349,452,393,487,467,477,506,510,494,437,309,236,182,122,78,57,32,0,0
2024,2024-02-13,Southbound,Light Vehicles,9,15,20,16,43,124,218,279,409,494,564,639,629,567,565,563,547,399,250,136,113,72,35,22,0,0
2024,2024-02-13,Northbound,Heavy Vehicles,75,61,52,33,47,61,117,150,152,154,153,149,141,193,189,187,167,134,107,133,105,101,111,88,0,0
2024,2024-02-13,Southbound,All Vehicles,74,95,109,103,136,224,338,410,551,662,753,817,794,741,712,725,702,525,367,252,237,162,115,67,0,0
2024,2024-02-13,Northbound,All Vehicles,96,80,71,49,73,149,296,499,604,547,640,616,618,699,699,681,604,443,343,315,227,179,168,120,0,0
2024,2024-02-14,Southbound,Light Vehicles,18,10,19,15,49,140,233,281,408,491,524,556,562,505,517,496,484,424,210,130,64,62,45,100,0,0
2024,2024-02-14,Northbound,Heavy Vehicles,70,84,76,38,39,52,137,138,166,157,155,182,180,204,211,173,191,157,117,93,89,99,126,87,0,0
2024,2024-02-14,Southbound,Heavy Vehicles,57,81,80,90,96,105,116,136,147,169,170,180,168,167,143,179,159,154,142,67,11,27,12,250,0,0
2024,2024-02-14,Northbound,Light Vehicles,37,121,87,18,28,98,211,411,490,513,596,657,654,689,617,592,493,334,243,154,130,80,51,41,0,0
2024,2024-02-14,Southbound,All Vehicles,75,91,99,105,145,245,349,417,555,660,694,736,730,672,660,675,643,578,352,197,75,89,57,350,0,0
2024,2024-02-14,Northbound,All Vehicles,107,205,163,56,67,150,348,549,656,670,751,839,834,893,828,765,684,491,360,247,219,179,177,128,0,0
2024,2024-02-15,Northbound,Light Vehicles,16,23,17,19,28,106,221,370,495,578,526,601,629,660,761,606,600,440,326,256,201,158,75,50,0,0
2024,2024-02-15,Southbound,Light Vehicles,19,20,15,26,52,121,237,296,457,601,633,683,646,616,553,594,570,448,280,221,152,100,51,28,0,0
2024,2024-02-15,Southbound,Heavy Vehicles,68,94,94,111,91,106,119,168,138,170,186,161,175,171,168,159,155,128,135,104,111,89,55,49,0,0
2024,2024-02-15,Northbound,Heavy Vehicles,71,76,53,37,44,65,125,120,167,160,154,173,186,179,240,170,190,178,144,117,105,129,104,89,0,0
2024,2024-02-15,Northbound,All Vehicles,87,99,70,56,72,171,346,490,662,738,680,774,815,839,1001,776,790,618,470,373,306,287,179,139,0,0
2024,2024-02-15,Southbound,All Vehicles,87,114,109,137,143,227,356,464,595,771,819,844,821,787,721,753,725,576,415,325,263,189,106,77,0,0
2024,2024-02-16,Northbound,Light Vehicles,24,26,20,22,26,129,216,375,536,645,705,723,781,757,982,862,787,685,590,350,332,259,152,78,0,0
2024,2024-02-16,Southbound,Light Vehicles,26,26,24,33,63,98,208,344,516,693,836,843,782,777,689,752,704,566,378,228,158,108,62,36,0,0
2024,2024-02-16,Northbound,Heavy Vehicles,74,74,63,34,38,47,114,141,130,152,194,196,197,181,252,177,156,167,114,105,101,102,95,75,0,0
2024,2024-02-16,Southbound,Heavy Vehicles,56,87,98,96,81,87,120,143,175,180,183,186,190,171,151,151,133,101,75,84,74,57,51,34,0,0
2024,2024-02-16,Northbound,All Vehicles,98,100,83,56,64,176,330,516,666,797,899,919,978,938,1234,1039,943,852,704,455,433,361,247,153,0,0
2024,2024-02-16,Southbound,All Vehicles,82,113,122,129,144,185,328,487,691,873,1019,1029,972,948,840,903,837,667,453,312,232,165,113,70,0,0
2024,2024-02-17,Northbound,Light Vehicles,40,25,27,28,31,78,128,238,431,547,699,731,646,636,547,501,430,370,287,165,132,122,78,54,0,0
2024,2024-02-17,Northbound,Heavy Vehicles,55,49,33,17,16,22,36,52,78,99,110,95,98,84,92,101,80,64,50,38,35,27,24,30,0,0
2024,2024-02-17,Southbound,Heavy Vehicles,50,63,59,51,45,45,62,69,75,125,128,112,101,96,90,83,64,59,55,62,49,48,30,22,0,0
2024,2024-02-17,Southbound,Light Vehicles,37,27,23,22,34,100,159,330,505,689,766,685,641,643,611,549,456,332,246,161,149,118,62,46,0,0
2024,2024-02-17,Northbound,All Vehicles,95,74,60,45,47,100,164,290,509,646,809,826,744,720,639,602,510,434,337,203,167,149,102,84,0,0
2024,2024-02-17,Southbound,All Vehicles,87,90,82,73,79,145,221,399,580,814,894,797,742,739,701,632,520,391,301,223,198,166,92,68,0,0
2024,2024-02-18,Northbound,Light Vehicles,39,20,15,15,27,36,84,163,251,465,621,672,711,687,736,698,602,495,391,257,163,114,68,46,0,0
2024,2024-02-18,Southbound,Heavy Vehicles,18,15,8,12,15,25,28,41,61,106,145,138,160,160,123,123,138,101,113,104,103,67,42,40,0,0
2024,2024-02-18,Southbound,Light Vehicles,32,19,13,14,29,58,118,231,443,652,944,1114,966,948,943,892,667,524,332,253,167,89,51,29,0,0
2024,2024-02-18,Northbound,Heavy Vehicles,18,17,13,7,9,9,19,20,50,83,91,110,124,105,118,103,111,112,86,52,56,39,20,25,0,0
2024,2024-02-18,Northbound,All Vehicles,57,37,28,22,36,45,103,183,301,548,712,782,835,792,854,801,713,607,477,309,219,153,88,71,0,0
2024,2024-02-18,Southbound,All Vehicles,50,34,21,26,44,83,146,272,504,758,1089,1252,1126,1108,1066,1015,805,625,445,357,270,156,93,69,0,0
2024,2024-02-19,Northbound,Light Vehicles,29,35,12,21,42,102,193,384,453,486,514,568,601,553,478,510,422,331,213,145,85,68,44,47,0,0
2024,2024-02-19,Southbound,Light Vehicles,23,15,12,49,82,149,227,307,472,607,713,718,711,544,425,555,521,373,208,163,103,83,37,23,0,0
2024,2024-02-19,Northbound,Heavy Vehicles,21,21,27,23,24,47,118,122,142,103,133,126,135,159,139,157,133,121,101,89,75,83,78,80,0,0
2024,2024-02-19,Southbound,Heavy Vehicles,37,29,40,41,53,76,87,111,126,153,152,173,140,157,130,126,147,144,114,127,141,105,64,68,0,0
2024,2024-02-19,Northbound,All Vehicles,50,56,39,44,66,149,311,506,595,589,647,694,736,712,617,667,555,452,314,234,160,151,122,127,0,0
2024,2024-02-19,Southbound,All Vehicles,60,44,52,90,135,225,314,418,598,760,865,891,851,701,555,681,668,517,322,290,244,188,101,91,0,0
2024,2024-02-20,Northbound,Light Vehicles,28,17,14,11,27,90,174,369,452,489,461,467,417,427,448,557,411,318,187,148,107,72,52,41,0,0
2024,2024-02-20,Northbound,Heavy Vehicles,67,60,41,21,24,47,104,105,144,146,148,147,153,156,165,183,174,123,112,83,84,105,106,73,0,0
2024,2024-02-20,Southbound,Light Vehicles,19,12,20,17,47,121,212,254,409,517,612,521,559,527,518,565,470,423,258,145,117,63,33,27,0,0
2024,2024-02-20,Southbound,Heavy Vehicles,61,77,106,87,78,93,126,161,162,157,151,183,151,161,158,140,126,130,116,113,93,90,41,60,0,0
2024,2024-02-20,Northbound,All Vehicles,95,77,55,32,51,137,278,474,596,635,609,614,570,583,613,740,585,441,299,231,191,177,158,114,0,0
2024,2024-02-20,Southbound,All Vehicles,80,89,126,104,125,214,338,415,571,674,763,704,710,688,676,705,596,553,374,258,210,153,74,87,0,0
2024,2024-02-21,Southbound,Light Vehicles,15,22,18,24,59,129,218,272,404,491,545,592,570,521,546,607,522,424,293,170,143,78,41,41,0,0
2024,2024-02-21,Northbound,Light Vehicles,20,16,12,11,29,87,186,342,449,460,434,461,470,542,517,464,394,347,245,145,118,81,50,40,0,0
2024,2024-02-21,Southbound,Heavy Vehicles,53,81,112,88,93,102,137,162,181,197,186,172,200,169,149,154,120,127,130,118,125,89,67,44,0,0
2024,2024-02-21,Northbound,Heavy Vehicles,67,53,42,29,27,47,101,133,147,133,181,140,154,192,174,190,167,130,137,97,89,98,93,98,0,0
2024,2024-02-21,Southbound,All Vehicles,68,103,130,112,152,231,355,434,585,688,731,764,770,690,695,761,642,551,423,288,268,167,108,85,0,0
2024,2024-02-21,Northbound,All Vehicles,87,69,54,40,56,134,287,475,596,593,615,601,624,734,691,654,561,477,382,242,207,179,143,138,0,0
2024,2024-02-22,Northbound,Heavy Vehicles,70,57,43,28,25,51,78,103,143,150,164,154,171,165,164,183,155,145,150,94,66,94,124,73,0,0
2024,2024-02-22,Southbound,Heavy Vehicles,49,82,98,78,86,88,115,106,136,153,147,171,149,148,146,133,106,96,105,112,107,99,63,50,0,0
2024,2024-02-22,Southbound,Light Vehicles,18,11,20,25,55,101,199,316,386,474,544,569,592,569,565,580,548,431,289,200,158,110,62,43,0,0
2024,2024-02-22,Northbound,Light Vehicles,17,22,19,24,16,77,192,274,470,531,584,611,606,596,626,576,462,444,345,245,160,143,94,38,0,0
2024,2024-02-22,Northbound,All Vehicles,87,79,62,52,41,128,270,377,613,681,748,765,777,761,790,759,617,589,495,339,226,237,218,111,0,0
2024,2024-02-22,Southbound,All Vehicles,67,93,118,103,141,189,314,422,522,627,691,740,741,717,711,713,654,527,394,312,265,209,125,93,0,0
2024,2024-02-23,Southbound,Heavy Vehicles,54,91,100,88,81,78,144,125,178,176,211,200,212,165,169,122,128,96,86,81,78,58,47,34,0,0
2024,2024-02-23,Southbound,Light Vehicles,31,33,33,47,45,140,266,391,645,882,1000,955,958,827,871,841,783,643,431,335,243,127,84,77,0,0
2024,2024-02-23,Northbound,Heavy Vehicles,78,70,58,31,40,49,112,109,136,141,159,171,170,163,184,180,161,164,119,99,67,80,86,74,0,0
2024,2024-02-23,Northbound,Light Vehicles,35,16,25,28,33,98,245,372,517,631,740,745,700,758,784,716,693,680,525,373,242,178,105,61,0,0
2024,2024-02-23,Southbound,All Vehicles,85,124,133,135,126,218,410,516,823,1058,1211,1155,1170,992,1040,963,911,739,517,416,321,185,131,111,0,0
2024,2024-02-23,Northbound,All Vehicles,113,86,83,59,73,147,357,481,653,772,899,916,870,921,968,896,854,844,644,472,309,258,191,135,0,0
2024,2024-02-24,Northbound,Light Vehicles,53,26,22,29,29,65,114,241,391,627,814,867,724,709,650,555,438,385,262,143,126,95,56,46,0,0
2024,2024-02-24,Southbound,Heavy Vehicles,42,48,63,67,36,32,57,72,84,93,101,85,92,85,72,73,65,42,59,48,34,38,33,26,0,0
2024,2024-02-24,Southbound,Light Vehicles,45,57,31,44,70,114,226,347,556,696,759,686,587,561,533,500,390,329,239,160,103,94,81,63,0,0
2024,2024-02-24,Northbound,Heavy Vehicles,38,36,25,13,22,22,37,46,68,102,103,111,109,89,85,81,78,66,55,42,23,30,20,14,0,0
2024,2024-02-24,Northbound,All Vehicles,91,62,47,42,51,87,151,287,459,729,917,978,833,798,735,636,516,451,317,185,149,125,76,60,0,0
2024,2024-02-24,Southbound,All Vehicles,87,105,94,111,106,146,283,419,640,789,860,771,679,646,605,573,455,371,298,208,137,132,114,89,0,0
2024,2024-02-25,Southbound,Heavy Vehicles,31,10,13,16,12,20,28,41,62,92,125,137,126,143,122,107,113,109,106,99,68,62,46,36,0,0
2024,2024-02-25,Southbound,Light Vehicles,38,21,20,27,27,61,123,267,397,645,860,955,935,955,842,712,587,433,331,202,133,97,56,34,0,0
2024,2024-02-25,Northbound,Light Vehicles,32,32,30,28,34,50,77,171,311,493,690,835,957,952,906,724,639,520,389,256,178,108,85,47,0,0
2024,2024-02-25,Northbound,Heavy Vehicles,18,15,11,15,12,18,14,32,42,63,100,104,103,119,131,109,126,103,92,55,37,54,35,25,0,0
2024,2024-02-25,Southbound,All Vehicles,69,31,33,43,39,81,151,308,459,737,985,1092,1061,1098,964,819,700,542,437,301,201,159,102,70,0,0
2024,2024-02-25,Northbound,All Vehicles,50,47,41,43,46,68,91,203,353,556,790,939,1060,1071,1037,833,765,623,481,311,215,162,120,72,0,0
2024,2024-02-26,Northbound,Light Vehicles,22,19,37,29,44,112,245,445,549,590,733,659,723,759,736,578,506,369,241,154,125,83,52,33,0,0
2024,2024-02-26,Northbound,Heavy Vehicles,24,25,24,20,32,49,130,122,153,132,161,156,177,185,207,186,149,125,104,91,75,81,88,82,0,0
2024,2024-02-26,Southbound,Heavy Vehicles,32,37,35,43,39,77,97,121,116,124,144,147,186,116,116,132,123,126,132,136,96,117,70,60,0,0
2024,2024-02-26,Southbound,Light Vehicles,24,24,22,29,88,157,224,260,370,561,629,662,606,534,515,492,466,377,239,164,100,76,34,22,0,0
2024,2024-02-26,Northbound,All Vehicles,46,44,61,49,76,161,375,567,702,722,894,815,900,944,943,764,655,494,345,245,200,164,140,115,0,0
2024,2024-02-26,Southbound,All Vehicles,56,61,57,72,127,234,321,381,486,685,773,809,792,650,631,624,589,503,371,300,196,193,104,82,0,0
2024,2024-02-27,Southbound,Light Vehicles,27,12,15,27,49,116,248,287,399,478,541,537,572,513,504,524,485,391,210,122,96,70,26,30,0,0
2024,2024-02-27,Northbound,Light Vehicles,18,23,16,24,26,89,140,304,355,384,448,409,487,548,447,410,416,284,211,129,95,68,40,32,0,0
2024,2024-02-27,Southbound,Heavy Vehicles,70,90,91,90,91,93,125,130,145,193,179,158,146,169,151,158,156,141,115,119,92,89,61,41,0,0
2024,2024-02-27,Northbound,Heavy Vehicles,47,54,32,24,44,47,98,102,99,122,150,153,133,155,201,149,154,133,104,100,94,98,97,84,0,0
2024,2024-02-27,Southbound,All Vehicles,97,102,106,117,140,209,373,417,544,671,720,695,718,682,655,682,641,532,325,241,188,159,87,71,0,0
2024,2024-02-27,Northbound,All Vehicles,65,77,48,48,70,136,238,406,454,506,598,562,620,703,648,559,570,417,315,229,189,166,137,116,0,0
2024,2024-02-28,Southbound,Light Vehicles,18,15,23,20,52,120,226,299,404,513,543,551,553,518,532,583,544,398,259,158,105,75,30,37,0,0
2024,2024-02-28,Southbound,Heavy Vehicles,68,100,96,87,90,95,114,156,154,189,159,163,190,164,144,156,150,149,122,131,114,96,56,56,0,0
2024,2024-02-28,Northbound,Light Vehicles,16,20,7,22,36,89,192,413,546,494,473,490,534,604,552,551,448,309,269,191,111,102,71,38,0,0
2024,2024-02-28,Northbound,Heavy Vehicles,94,70,60,33,33,60,136,148,151,158,165,152,186,179,212,216,183,142,131,105,93,109,115,86,0,0
2024,2024-02-28,Southbound,All Vehicles,86,115,119,107,142,215,340,455,558,702,702,714,743,682,676,739,694,547,381,289,219,171,86,93,0,0
2024,2024-02-28,Northbound,All Vehicles,110,90,67,55,69,149,328,561,697,652,638,642,720,783,764,767,631,451,400,296,204,211,186,124,0,0
2024,2024-02-29,Northbound,Light Vehicles,21,26,19,22,35,86,213,396,492,581,614,596,610,616,629,543,516,432,324,239,201,134,81,49,0,0
2024,2024-02-29,Southbound,Light Vehicles,14,13,14,25,46,119,216,325,456,564,576,602,590,574,549,552,545,473,305,182,150,91,50,38,0,0
2024,2024-02-29,Northbound,Heavy Vehicles,81,67,55,33,50,75,123,143,159,148,163,181,180,183,200,198,193,165,139,115,98,105,115,79,0,0
2024,2024-02-29,Southbound,Heavy Vehicles,54,85,112,77,88,104,133,147,153,195,170,195,190,161,169,167,136,127,117,131,134,85,46,47,0,0
2024,2024-02-29,Northbound,All Vehicles,102,93,74,55,85,161,336,539,651,729,777,777,790,799,829,741,709,597,463,354,299,239,196,128,0,0
2024,2024-02-29,Southbound,All Vehicles,68,98,126,102,134,223,349,472,609,759,746,797,780,735,718,719,681,600,422,313,284,176,96,85,0,0
2024,2024-03-01,Northbound,Heavy Vehicles,88,75,53,38,42,55,107,124,133,147,144,176,186,168,168,208,174,129,135,120,89,88,91,82,0,0
2024,2024-03-01,Northbound,Light Vehicles,43,35,22,27,36,111,258,411,587,706,764,847,916,877,969,952,844,797,723,473,309,228,136,83,0,0
2024,2024-03-01,Southbound,Light Vehicles,38,26,29,36,57,128,260,333,518,738,863,876,844,784,730,762,722,532,368,240,173,116,75,47,0,0
2024,2024-03-01,Southbound,Heavy Vehicles,56,102,99,89,89,87,112,146,153,209,208,174,179,170,169,141,139,107,91,83,62,58,51,36,0,0
2024,2024-03-01,Northbound,All Vehicles,131,110,75,65,78,166,365,535,720,853,908,1023,1102,1045,1137,1160,1018,926,858,593,398,316,227,165,0,0
2024,2024-03-01,Southbound,All Vehicles,94,128,128,125,146,215,372,479,671,947,1071,1050,1023,954,899,903,861,639,459,323,235,174,126,83,0,0
2024,2024-03-02,Northbound,Heavy Vehicles,64,39,28,34,22,20,53,78,107,104,126,110,132,84,102,62,80,79,57,45,31,29,27,24,0,0
2024,2024-03-02,Southbound,Heavy Vehicles,39,58,60,71,37,42,69,77,105,125,106,123,107,102,104,89,80,57,53,63,56,42,40,21,0,0
2024,2024-03-02,Northbound,Light Vehicles,47,19,32,19,43,62,128,306,447,573,768,784,718,682,566,449,450,324,274,184,140,124,71,57,0,0
2024,2024-03-02,Southbound,Light Vehicles,33,32,27,25,46,97,166,329,511,627,721,709,691,630,594,456,370,288,190,166,117,92,46,28,0,0
2024,2024-03-02,Northbound,All Vehicles,111,58,60,53,65,82,181,384,554,677,894,894,850,766,668,511,530,403,331,229,171,153,98,81,0,0
2024,2024-03-02,Southbound,All Vehicles,72,90,87,96,83,139,235,406,616,752,827,832,798,732,698,545,450,345,243,229,173,134,86,49,0,0
2024,2024-03-03,Northbound,Heavy Vehicles,21,20,15,12,16,15,29,36,59,80,119,121,132,133,118,122,133,108,104,84,52,42,43,35,0,0
2024,2024-03-03,Southbound,Heavy Vehicles,23,14,17,14,19,17,32,45,81,138,149,138,154,145,135,112,137,116,105,95,103,55,51,43,0,0
2024,2024-03-03,Northbound,Light Vehicles,22,33,13,20,22,63,96,183,308,523,646,724,798,773,798,722,625,570,372,279,169,121,80,43,0,0
2024,2024-03-03,Southbound,Light Vehicles,29,27,15,10,35,54,141,242,453,777,965,1053,1028,1035,966,869,677,460,309,231,169,86,54,26,0,0
2024,2024-03-03,Northbound,All Vehicles,43,53,28,32,38,78,125,219,367,603,765,845,930,906,916,844,758,678,476,363,221,163,123,78,0,0
2024,2024-03-03,Southbound,All Vehicles,52,41,32,24,54,71,173,287,534,915,1114,1191,1182,1180,1101,981,814,576,414,326,272,141,105,69,0,0
2024,2024-03-04,Southbound,Light Vehicles,21,18,17,42,93,145,232,318,486,630,770,756,697,611,512,592,574,394,231,138,98,68,33,25,0,0
2024,2024-03-04,Northbound,Light Vehicles,22,27,15,22,36,112,248,443,513,570,678,646,706,682,632,576,468,381,205,158,97,66,65,27,0,0
2024,2024-03-04,Southbound,Heavy Vehicles,46,31,39,23,57,73,108,116,138,174,163,193,186,165,133,136,132,153,137,147,114,87,64,65,0,0
2024,2024-03-04,Northbound,Heavy Vehicles,16,17,32,22,34,59,126,147,162,154,186,178,195,183,210,200,164,142,128,80,89,87,98,84,0,0
2024,2024-03-04,Southbound,All Vehicles,67,49,56,65,150,218,340,434,624,804,933,949,883,776,645,728,706,547,368,285,212,155,97,90,0,0
2024,2024-03-04,Northbound,All Vehicles,38,44,47,44,70,171,374,590,675,724,864,824,901,865,842,776,632,523,333,238,186,153,163,111,0,0
2024,2024-03-05,Southbound,Light Vehicles,17,13,12,17,48,105,221,280,399,435,502,516,534,499,458,476,503,393,207,139,103,78,32,23,0,0
2024,2024-03-05,Southbound,Heavy Vehicles,55,109,99,74,99,84,119,148,158,168,162,168,159,168,154,167,127,133,123,126,98,98,65,47,0,0
2024,2024-03-05,Northbound,Light Vehicles,16,26,20,19,29,94,193,380,432,447,490,515,471,549,525,431,447,322,254,139,134,81,61,33,0,0
2024,2024-03-05,Northbound,Heavy Vehicles,67,68,60,32,33,53,134,130,153,142,158,155,161,199,185,193,166,133,129,107,99,122,120,99,0,0
2024,2024-03-05,Southbound,All Vehicles,72,122,111,91,147,189,340,428,557,603,664,684,693,667,612,643,630,526,330,265,201,176,97,70,0,0
2024,2024-03-05,Northbound,All Vehicles,83,94,80,51,62,147,327,510,585,589,648,670,632,748,710,624,613,455,383,246,233,203,181,132,0,0
2024,2024-03-06,Northbound,Light Vehicles,27,11,18,14,33,96,211,407,470,478,559,526,468,598,550,538,464,447,273,177,121,86,70,33,0,0
2024,2024-03-06,Southbound,Light Vehicles,16,15,21,27,53,136,244,300,385,487,531,588,557,521,507,512,509,413,230,154,108,80,36,15,0,0
2024,2024-03-06,Northbound,Heavy Vehicles,80,53,57,41,31,61,140,153,136,131,171,155,195,212,202,207,196,166,122,102,96,94,125,101,0,0
2024,2024-03-06,Southbound,Heavy Vehicles,58,94,85,85,95,86,142,159,149,171,170,210,200,161,163,150,141,144,121,112,119,99,82,52,0,0
2024,2024-03-06,Northbound,All Vehicles,107,64,75,55,64,157,351,560,606,609,730,681,663,810,752,745,660,613,395,279,217,180,195,134,0,0
2024,2024-03-06,Southbound,All Vehicles,74,109,106,112,148,222,386,459,534,658,701,798,757,682,670,662,650,557,351,266,227,179,118,67,0,0
2024,2024-03-07,Northbound,Heavy Vehicles,74,61,48,35,41,59,123,126,130,126,141,122,157,158,177,162,172,138,111,103,88,116,102,83,0,0
2024,2024-03-07,Northbound,Light Vehicles,27,23,13,16,24,100,197,283,377,426,444,434,428,522,481,473,406,371,309,214,187,102,86,47,0,0
2024,2024-03-07,Southbound,Light Vehicles,19,23,15,27,48,107,255,274,420,538,602,670,617,516,560,627,598,480,288,193,144,67,48,32,0,0
2024,2024-03-07,Southbound,Heavy Vehicles,70,88,98,95,83,104,108,149,161,169,186,174,182,190,141,196,174,152,120,106,101,78,67,48,0,0
2024,2024-03-07,Northbound,All Vehicles,101,84,61,51,65,159,320,409,507,552,585,556,585,680,658,635,578,509,420,317,275,218,188,130,0,0
2024,2024-03-07,Southbound,All Vehicles,89,111,113,122,131,211,363,423,581,707,788,844,799,706,701,823,772,632,408,299,245,145,115,80,0,0
2024,2024-03-08,Northbound,Heavy Vehicles,91,81,51,49,48,61,131,143,147,157,179,193,194,190,202,175,174,167,189,140,97,98,90,65,0,0
2024,2024-03-08,Northbound,Light Vehicles,57,31,25,29,38,130,226,453,544,589,760,761,731,766,869,745,735,676,714,521,337,205,148,86,0,0
2024,2024-03-08,Southbound,Light Vehicles,24,19,21,34,67,129,229,305,489,703,791,812,720,622,580,1035,767,598,383,244,145,108,52,51,0,0
2024,2024-03-08,Southbound,Heavy Vehicles,60,87,86,93,92,91,124,129,133,191,198,205,164,118,129,225,147,132,73,85,63,53,44,39,0,0
2024,2024-03-08,Northbound,All Vehicles,148,112,76,78,86,191,357,596,691,746,939,954,925,956,1071,920,909,843,903,661,434,303,238,151,0,0
2024,2024-03-08,Southbound,All Vehicles,84,106,107,127,159,220,353,434,622,894,989,1017,884,740,709,1260,914,730,456,329,208,161,96,90,0,0
2024,2024-03-09,Southbound,Light Vehicles,40,19,19,22,48,103,195,444,601,794,932,843,650,617,591,565,482,422,226,158,121,110,62,47,0,0
2024,2024-03-09,Northbound,Heavy Vehicles,69,53,27,24,18,33,38,62,94,128,112,114,111,86,93,98,96,75,57,45,40,41,36,18,0,0
2024,2024-03-09,Northbound,Light Vehicles,48,41,26,20,30,67,154,316,454,577,730,811,738,713,645,591,492,403,312,285,172,235,131,85,0,0
2024,2024-03-09,Southbound,Heavy Vehicles,31,50,63,69,34,53,72,75,92,115,134,113,120,89,83,89,77,68,37,31,39,41,29,24,0,0
2024,2024-03-09,Southbound,All Vehicles,71,69,82,91,82,156,267,519,693,909,1066,956,770,706,674,654,559,490,263,189,160,151,91,71,0,0
2024,2024-03-09,Northbound,All Vehicles,117,94,53,44,48,100,192,378,548,705,842,925,849,799,738,689,588,478,369,330,212,276,167,103,0,0
2024,2024-03-10,Northbound,Heavy Vehicles,22,15,12,12,12,15,19,43,53,77,110,134,141,128,143,147,146,137,84,77,62,50,39,39,0,0
2024,2024-03-10,Northbound,Light Vehicles,42,21,20,13,23,50,109,207,312,509,692,827,797,833,822,761,739,548,381,287,200,111,88,52,0,0
2024,2024-03-10,Southbound,Heavy Vehicles,21,12,14,18,15,24,28,45,60,84,137,160,160,125,137,143,130,119,118,98,98,73,44,43,0,0
2024,2024-03-10,Southbound,Light Vehicles,30,14,13,22,30,53,109,205,380,740,1005,1123,1017,1022,978,953,695,573,353,215,154,107,35,36,0,0
2024,2024-03-10,Northbound,All Vehicles,64,36,32,25,35,65,128,250,365,586,802,961,938,961,965,908,885,685,465,364,262,161,127,91,0,0
2024,2024-03-10,Southbound,All Vehicles,51,26,27,40,45,77,137,250,440,824,1142,1283,1177,1147,1115,1096,825,692,471,313,252,180,79,79,0,0
2024,2024-03-11,Northbound,Heavy Vehicles,24,29,28,25,28,56,120,129,155,134,173,197,191,,112,206,177,141,121,83,83,106,104,79,0,0
2024,2024-03-11,Southbound,Light Vehicles,24,19,19,42,79,161,283,360,405,660,740,751,707,587,571,523,532,420,249,170,96,69,41,21,0,0
2024,2024-03-11,Northbound,Light Vehicles,33,24,16,24,35,120,259,470,566,606,605,661,672,,346,608,510,429,256,166,108,67,39,29,0,0
2024,2024-03-11,Southbound,Heavy Vehicles,47,35,42,19,66,90,99,136,146,164,185,190,180,164,124,138,133,169,136,132,121,130,67,56,0,0
2024,2024-03-11,Northbound,All Vehicles,57,53,44,49,63,176,379,599,721,740,778,858,863,,458,814,687,570,377,249,191,173,143,108,0,0
2024,2024-03-11,Southbound,All Vehicles,71,54,61,61,145,251,382,496,551,824,925,941,887,751,695,661,665,589,385,302,217,199,108,77,0,0
2024,2024-03-12,Southbound,Light Vehicles,13,16,14,19,44,125,259,303,413,488,541,546,545,465,529,474,476,428,224,137,79,61,38,18,0,0
2024,2024-03-12,Northbound,Light Vehicles,23,27,20,13,29,100,194,384,439,410,529,502,,569,572,554,422,364,227,180,93,92,66,42,0,0
2024,2024-03-12,Southbound,Heavy Vehicles,70,86,93,100,88,115,105,144,164,165,176,176,174,173,143,156,149,149,116,122,102,74,77,51,0,0
2024,2024-03-12,Northbound,Heavy Vehicles,62,71,53,46,42,54,125,155,156,110,170,167,,182,195,206,153,123,114,101,78,88,94,75,0,0
2024,2024-03-12,Southbound,All Vehicles,83,102,107,119,132,240,364,447,577,653,717,722,719,638,672,630,625,577,340,259,181,135,115,69,0,0
2024,2024-03-12,Northbound,All Vehicles,85,98,73,59,71,154,319,539,595,520,699,669,,751,767,760,575,487,341,281,171,180,160,117,0,0
2024,2024-03-13,Northbound,Light Vehicles,21,28,20,22,37,96,202,409,486,486,576,491,547,584,580,545,458,363,274,185,128,100,80,52,0,0
2024,2024-03-13,Southbound,Heavy Vehicles,51,106,92,86,104,89,124,167,151,170,180,189,163,167,163,173,143,123,108,123,98,83,73,46,0,0
2024,2024-03-13,Northbound,Heavy Vehicles,82,59,43,40,40,54,143,154,176,130,202,182,177,214,228,196,187,163,137,117,114,123,112,115,0,0
2024,2024-03-13,Southbound,Light Vehicles,18,13,15,17,36,137,230,294,389,467,518,548,491,517,561,493,465,391,249,164,105,77,26,31,0,0
2024,2024-03-13,Northbound,All Vehicles,103,87,63,62,77,150,345,563,662,616,778,673,724,798,808,741,645,526,411,302,242,223,192,167,0,0
2024,2024-03-13,Southbound,All Vehicles,69,119,107,103,140,226,354,461,540,637,698,737,654,684,724,666,608,514,357,287,203,160,99,77,0,0
2024,2024-03-14,Northbound,Heavy Vehicles,69,57,56,35,46,61,126,111,152,133,137,133,144,181,156,186,153,115,114,103,100,117,91,105,0,0
2024,2024-03-14,Southbound,Heavy Vehicles,57,81,109,77,98,83,110,149,147,167,211,192,202,175,157,166,150,137,110,111,115,84,69,44,0,0
2024,2024-03-14,Southbound,Light Vehicles,9,14,16,20,33,123,229,294,427,548,614,662,614,592,583,544,593,496,289,180,126,89,49,22,0,0
2024,2024-03-14,Northbound,Light Vehicles,17,16,14,18,29,88,193,307,386,443,434,470,426,476,446,424,414,332,249,202,133,92,70,39,0,0
2024,2024-03-14,Northbound,All Vehicles,86,73,70,53,75,149,319,418,538,576,571,603,570,657,602,610,567,447,363,305,233,209,161,144,0,0
2024,2024-03-14,Southbound,All Vehicles,66,95,125,97,131,206,339,443,574,715,825,854,816,767,740,710,743,633,399,291,241,173,118,66,0,0
2024,2024-03-15,Northbound,Heavy Vehicles,73,62,59,40,29,59,125,107,141,123,146,139,130,148,149,139,146,123,103,88,74,77,88,90,0,0
2024,2024-03-15,Northbound,Light Vehicles,17,27,13,33,42,90,181,333,396,470,496,543,554,543,582,576,508,522,413,289,236,152,87,71,0,0
2024,2024-03-15,Southbound,Light Vehicles,24,30,17,36,51,123,220,354,547,716,983,911,840,757,767,824,727,574,397,238,152,102,60,28,0,0
2024,2024-03-15,Southbound,Heavy Vehicles,42,86,92,74,101,86,100,145,163,187,238,217,199,206,163,178,132,91,85,74,63,60,48,34,0,0
2024,2024-03-15,Northbound,All Vehicles,90,89,72,73,71,149,306,440,537,593,642,682,684,691,731,715,654,645,516,377,310,229,175,161,0,0
2024,2024-03-15,Southbound,All Vehicles,66,116,109,110,152,209,320,499,710,903,1221,1128,1039,963,930,1002,859,665,482,312,215,162,108,62,0,0
2024,2024-03-16,Southbound,Light Vehicles,25,28,16,23,41,85,180,340,533,696,801,799,672,572,563,496,402,275,221,150,103,82,57,30,0,0
2024,2024-03-16,Northbound,Light Vehicles,41,22,26,15,30,67,123,260,457,575,689,720,700,663,580,527,422,384,296,198,135,79,66,49,0,0
2024,2024-03-16,Southbound,Heavy Vehicles,32,64,71,53,48,38,64,66,73,102,116,104,121,90,106,75,83,64,67,52,46,38,38,25,0,0
2024,2024-03-16,Northbound,Heavy Vehicles,55,48,32,30,19,15,28,67,87,118,96,108,98,97,84,77,87,56,57,40,42,28,28,25,0,0
2024,2024-03-16,Southbound,All Vehicles,57,92,87,76,89,123,244,406,606,798,917,903,793,662,669,571,485,339,288,202,149,120,95,55,0,0
2024,2024-03-16,Northbound,All Vehicles,96,70,58,45,49,82,151,327,544,693,785,828,798,760,664,604,509,440,353,238,177,107,94,74,0,0
2024,2024-03-17,Northbound,Heavy Vehicles,21,21,13,12,16,12,36,41,39,74,100,135,124,145,143,159,141,112,96,65,57,52,50,30,0,0
2024,2024-03-17,Northbound,Light Vehicles,30,19,17,18,21,63,86,162,283,442,546,706,882,977,959,879,730,615,382,267,187,102,69,38,0,0
2024,2024-03-17,Southbound,Light Vehicles,21,16,13,14,40,64,106,215,407,740,1023,1077,967,940,846,721,625,447,302,181,153,80,47,29,0,0
2024,2024-03-17,Southbound,Heavy Vehicles,22,23,14,12,24,17,31,45,69,94,157,191,154,140,120,119,129,129,109,87,82,64,50,26,0,0
2024,2024-03-17,Northbound,All Vehicles,51,40,30,30,37,75,122,203,322,516,646,841,1006,1122,1102,1038,871,727,478,332,244,154,119,68,0,0
2024,2024-03-17,Southbound,All Vehicles,43,39,27,26,64,81,137,260,476,834,1180,1268,1121,1080,966,840,754,576,411,268,235,144,97,55,0,0
2024,2024-03-18,Northbound,Light Vehicles,32,15,16,19,47,119,213,458,504,511,643,715,683,747,684,616,493,353,251,150,112,64,37,41,0,0
2024,2024-03-18,Northbound,Heavy Vehicles,26,19,32,20,48,48,114,170,137,141,175,192,199,176,202,172,168,125,97,65,84,104,103,81,0,0
2024,2024-03-18,Southbound,Light Vehicles,14,27,19,45,79,157,239,302,451,616,786,769,696,673,666,561,614,435,284,163,117,79,37,22,0,0
2024,2024-03-18,Southbound,Heavy Vehicles,42,28,40,41,49,71,98,110,116,155,193,175,179,155,156,183,145,155,137,142,141,136,75,69,0,0
2024,2024-03-18,Northbound,All Vehicles,58,34,48,39,95,167,327,628,641,652,818,907,882,923,886,788,661,478,348,215,196,168,140,122,0,0
2024,2024-03-18,Southbound,All Vehicles,56,55,59,86,128,228,337,412,567,771,979,944,875,828,822,744,759,590,421,305,258,215,112,91,0,0
2024,2024-03-19,Southbound,Light Vehicles,31,15,16,22,53,119,228,286,441,473,527,548,558,485,516,,,384,234,149,98,79,43,23,0,0
2024,2024-03-19,Southbound,Heavy Vehicles,71,100,92,95,91,91,123,155,147,155,178,173,177,139,163,,,117,123,124,109,88,57,48,0,0
2024,2024-03-19,Northbound,Light Vehicles,20,17,11,12,26,106,215,372,411,470,513,490,487,523,557,480,435,390,228,145,106,87,57,28,0,0
2024,2024-03-19,Northbound,Heavy Vehicles,73,52,54,39,31,69,131,118,152,152,150,148,150,197,206,187,169,136,124,114,104,106,116,91,0,0
2024,2024-03-19,Southbound,All Vehicles,102,115,108,117,144,210,351,441,588,628,705,721,735,624,679,,,501,357,273,207,167,100,71,0,0
2024,2024-03-19,Northbound,All Vehicles,93,69,65,51,57,175,346,490,563,622,663,638,637,720,763,667,604,526,352,259,210,193,173,119,0,0
2024,2024-03-20,Northbound,Heavy Vehicles,70,64,55,31,37,69,135,126,170,160,160,159,157,214,185,180,165,144,114,111,87,114,106,97,0,0
2024,2024-03-20,Northbound,Light Vehicles,12,18,14,13,22,99,187,404,439,513,544,514,511,517,568,543,457,366,231,179,120,87,56,32,0,0
2024,2024-03-20,Southbound,Heavy Vehicles,60,86,96,89,81,87,122,155,152,177,149,171,175,169,176,129,145,141,111,109,123,81,89,56,0,0
2024,2024-03-20,Southbound,Light Vehicles,17,17,11,27,44,126,223,296,426,492,554,573,530,497,559,529,514,429,236,144,97,68,29,17,0,0
2024,2024-03-20,Northbound,All Vehicles,82,82,69,44,59,168,322,530,609,673,704,673,668,731,753,723,622,510,345,290,207,201,162,129,0,0
2024,2024-03-20,Southbound,All Vehicles,77,103,107,116,125,213,345,451,578,669,703,744,705,666,735,658,659,570,347,253,220,149,118,73,0,0
2024,2024-03-21,Southbound,Light Vehicles,15,19,16,23,40,113,209,317,462,583,632,627,649,664,594,608,579,466,271,201,144,94,45,33,0,0
2024,2024-03-21,Northbound,Heavy Vehicles,86,64,45,38,42,46,101,111,142,134,157,132,150,164,166,162,134,120,116,124,96,112,103,88,0,0
2024,2024-03-21,Southbound,Heavy Vehicles,65,98,98,87,96,116,92,137,123,166,197,179,204,184,165,170,151,140,127,120,100,94,60,36,0,0
2024,2024-03-21,Northbound,Light Vehicles,23,15,8,18,33,89,190,344,421,437,485,496,489,526,489,485,414,366,314,264,149,106,58,46,0,0
2024,2024-03-21,Southbound,All Vehicles,80,117,114,110,136,229,301,454,585,749,829,806,853,848,759,778,730,606,398,321,244,188,105,69,0,0
2024,2024-03-21,Northbound,All Vehicles,109,79,53,56,75,135,291,455,563,571,642,628,639,690,655,647,548,486,430,388,245,218,161,134,0,0
2024,2024-03-22,Northbound,Heavy Vehicles,87,71,57,38,36,49,98,151,131,124,130,126,139,131,156,142,128,130,97,71,91,81,84,65,0,0
2024,2024-03-22,Southbound,Heavy Vehicles,64,93,82,88,84,97,113,136,154,160,189,203,195,194,132,181,129,123,92,79,71,56,32,43,0,0
2024,2024-03-22,Southbound,Light Vehicles,16,18,18,31,55,118,255,310,541,735,843,869,801,803,798,800,764,643,375,264,143,100,61,56,0,0
2024,2024-03-22,Northbound,Light Vehicles,29,18,15,24,45,107,192,325,400,470,471,537,569,582,547,561,514,479,404,308,216,157,106,61,0,0
2024,2024-03-22,Northbound,All Vehicles,116,89,72,62,81,156,290,476,531,594,601,663,708,713,703,703,642,609,501,379,307,238,190,126,0,0
2024,2024-03-22,Southbound,All Vehicles,80,111,100,119,139,215,368,446,695,895,1032,1072,996,997,930,981,893,766,467,343,214,156,93,99,0,0
2024,2024-03-23,Northbound,Light Vehicles,66,26,19,24,23,82,130,239,417,571,699,724,683,717,682,579,498,383,304,192,149,84,86,46,0,0
2024,2024-03-23,Southbound,Light Vehicles,39,32,20,27,45,89,212,324,555,726,831,801,671,602,527,477,406,311,175,158,132,88,56,33,0,0
2024,2024-03-23,Southbound,Heavy Vehicles,44,63,61,55,51,44,51,60,107,118,125,131,125,89,110,92,66,53,55,54,47,48,41,27,0,0
2024,2024-03-23,Northbound,Heavy Vehicles,46,47,30,25,22,28,47,54,80,107,119,116,112,115,103,90,89,79,61,58,41,28,44,24,0,0
2024,2024-03-23,Northbound,All Vehicles,112,73,49,49,45,110,177,293,497,678,818,840,795,832,785,669,587,462,365,250,190,112,130,70,0,0
2024,2024-03-23,Southbound,All Vehicles,83,95,81,82,96,133,263,384,662,844,956,932,796,691,637,569,472,364,230,212,179,136,97,60,0,0
2024,2024-03-24,Southbound,Light Vehicles,27,17,19,19,37,65,127,223,406,639,953,1088,1070,957,958,879,672,526,366,237,127,77,50,22,0,0
2024,2024-03-24,Northbound,Light Vehicles,44,30,20,30,26,44,110,182,288,487,608,736,823,876,931,829,726,584,440,311,187,128,123,47,0,0
2024,2024-03-24,Northbound,Heavy Vehicles,22,13,15,19,12,21,32,25,61,87,98,134,125,133,165,140,121,119,89,84,66,59,43,40,0,0
2024,2024-03-24,Southbound,Heavy Vehicles,17,11,15,14,14,15,25,40,67,101,128,175,164,172,155,137,111,129,107,100,93,73,43,34,0,0
2024,2024-03-24,Southbound,All Vehicles,44,28,34,33,51,80,152,263,473,740,1081,1263,1234,1129,1113,1016,783,655,473,337,220,150,93,56,0,0
2024,2024-03-24,Northbound,All Vehicles,66,43,35,49,38,65,142,207,349,574,706,870,948,1009,1096,969,847,703,529,395,253,187,166,87,0,0
2024,2024-03-25,Northbound,Light Vehicles,29,22,21,23,35,120,271,469,511,593,570,630,684,662,693,637,500,399,259,178,93,83,66,28,0,0
2024,2024-03-25,Northbound,Heavy Vehicles,23,18,28,32,38,60,126,124,176,150,172,174,201,205,228,171,185,136,121,91,86,98,99,76,0,0
2024,2024-03-25,Southbound,Heavy Vehicles,40,38,37,37,60,85,87,123,131,165,181,195,218,178,149,141,161,134,126,134,109,104,75,64,0,0
2024,2024-03-25,Southbound,Light Vehicles,22,18,17,32,82,160,261,319,420,592,708,820,775,722,589,574,569,436,258,159,118,83,47,24,0,0
2024,2024-03-25,Northbound,All Vehicles,52,40,49,55,73,180,397,593,687,743,742,804,885,867,921,808,685,535,380,269,179,181,165,104,0,0
2024,2024-03-25,Southbound,All Vehicles,62,56,54,69,142,245,348,442,551,757,889,1015,993,900,738,715,730,570,384,293,227,187,122,88,0,0
2024,2024-03-26,Northbound,Heavy Vehicles,79,58,60,29,40,72,139,146,185,178,183,148,177,213,197,202,207,144,128,106,100,117,104,103,0,0
2024,2024-03-26,Southbound,Light Vehicles,15,13,17,29,51,132,248,287,425,491,518,605,570,577,538,528,529,450,274,179,112,70,46,19,0,0
2024,2024-03-26,Northbound,Light Vehicles,20,16,11,10,37,79,233,398,478,486,537,547,577,570,609,589,478,388,340,200,141,98,68,46,0,0
2024,2024-03-26,Southbound,Heavy Vehicles,78,109,100,87,106,91,116,114,137,211,136,191,196,180,151,147,155,123,137,107,137,99,64,62,0,0
2024,2024-03-26,Northbound,All Vehicles,99,74,71,39,77,151,372,544,663,664,720,695,754,783,806,791,685,532,468,306,241,215,172,149,0,0
2024,2024-03-26,Southbound,All Vehicles,93,122,117,116,157,223,364,401,562,702,654,796,766,757,689,675,684,573,411,286,249,169,110,81,0,0
2024,2024-03-27,Southbound,Light Vehicles,12,22,18,28,55,137,235,357,432,581,606,666,688,629,604,620,585,496,343,190,125,95,42,42,0,0
2024,2024-03-27,Northbound,Heavy Vehicles,78,62,56,34,40,63,120,148,147,129,147,141,129,155,180,194,182,145,142,112,94,101,107,120,0,0
2024,2024-03-27,Northbound,Light Vehicles,18,25,22,18,48,102,207,345,438,438,551,529,516,503,550,518,480,412,345,292,219,190,127,83,0,0
2024,2024-03-27,Southbound,Heavy Vehicles,50,99,85,83,117,91,132,165,176,167,195,236,196,209,174,170,150,144,137,131,87,73,57,51,0,0
2024,2024-03-27,Southbound,All Vehicles,62,121,103,111,172,228,367,522,608,748,801,902,884,838,778,790,735,640,480,321,212,168,99,93,0,0
2024,2024-03-27,Northbound,All Vehicles,96,87,78,52,88,165,327,493,585,567,698,670,645,658,730,712,662,557,487,404,313,291,234,203,0,0
2024,2024-03-28,Southbound,Light Vehicles,24,23,29,48,58,115,217,315,410,526,595,636,614,624,600,615,641,596,439,308,231,149,127,84,0,0
2024,2024-03-28,Southbound,Heavy Vehicles,58,95,104,101,102,85,132,121,165,151,180,189,154,164,118,128,120,80,93,57,64,45,32,43,0,0
2024,2024-03-28,Southbound,All Vehicles,82,118,133,149,160,200,349,436,575,677,775,825,768,788,718,743,761,676,532,365,295,194,159,127,0,0
2024,2024-03-29,Southbound,Light Vehicles,87,75,82,86,105,137,227,354,528,737,924,992,913,755,676,573,395,328,204,181,143,100,65,42,0,0
2024,2024-03-29,Southbound,Heavy Vehicles,44,55,69,64,46,40,46,55,88,104,148,108,127,106,93,79,62,57,42,43,51,30,18,13,0,0
2024,2024-03-29,Southbound,All Vehicles,131,130,151,150,151,177,273,409,616,841,1072,1100,1040,861,769,652,457,385,246,224,194,130,83,55,0,0
2024,2024-03-30,Southbound,Light Vehicles,31,22,24,14,39,67,150,272,537,739,792,670,635,579,613,544,530,359,251,210,152,99,55,41,0,0
2024,2024-03-30,Northbound,Light Vehicles,36,26,19,24,29,67,116,245,407,649,904,975,843,635,615,605,502,395,297,239,149,110,92,42,0,0
2024,2024-03-30,Northbound,Heavy Vehicles,15,11,17,13,15,16,24,42,53,80,100,105,93,69,50,81,78,57,43,38,27,26,17,16,0,0
2024,2024-03-30,Southbound,Heavy Vehicles,16,18,9,10,19,22,26,39,57,78,80,86,82,80,70,87,66,52,39,40,30,18,29,7,0,0
2024,2024-03-30,Southbound,All Vehicles,47,40,33,24,58,89,176,311,594,817,872,756,717,659,683,631,596,411,290,250,182,117,84,48,0,0
2024,2024-03-30,Northbound,All Vehicles,51,37,36,37,44,83,140,287,460,729,1004,1080,936,704,665,686,580,452,340,277,176,136,109,58,0,0
2024,2024-03-31,Southbound,Heavy Vehicles,6,6,8,8,9,8,19,33,56,68,76,87,116,113,126,119,104,84,58,70,68,40,32,18,0,0
2024,2024-03-31,Northbound,Light Vehicles,32,20,24,20,21,40,71,138,217,332,465,498,516,490,480,469,425,366,257,173,149,100,71,48,0,0
2024,2024-03-31,Northbound,Heavy Vehicles,13,10,15,4,8,8,17,20,37,46,70,62,64,57,53,61,56,45,39,32,18,22,14,24,0,0
2024,2024-03-31,Southbound,Light Vehicles,27,19,17,18,23,58,93,182,346,571,932,1071,1059,985,986,1071,884,675,488,383,307,190,144,70,0,0
2024,2024-03-31,Southbound,All Vehicles,33,25,25,26,32,66,112,215,402,639,1008,1158,1175,1098,1112,1190,988,759,546,453,375,230,176,88,0,0
2024,2024-03-31,Northbound,All Vehicles,45,30,39,24,29,48,88,158,254,378,535,560,580,547,533,530,481,411,296,205,167,122,85,72,0,0
2024,2024-04-01,Northbound,Light Vehicles,41,35,25,27,48,92,170,269,385,555,713,912,866,881,875,816,690,475,356,221,174,136,92,66,0,0
2024,2024-04-01,Northbound,Heavy Vehicles,15,9,16,7,13,20,32,41,64,90,102,118,134,138,126,104,109,89,79,53,49,49,47,33,0,0
2024,2024-04-01,Northbound,All Vehicles,56,44,41,34,61,112,202,310,449,645,815,1030,1000,1019,1001,920,799,564,435,274,223,185,139,99,0,0
2024,2024-04-02,Northbound,Heavy Vehicles,23,24,29,27,33,58,115,122,152,155,186,169,181,188,207,166,160,138,95,90,77,98,104,94,0,0
2024,2024-04-02,Northbound,Light Vehicles,39,22,16,29,44,138,275,465,612,601,682,752,773,707,718,599,496,364,237,170,114,98,55,33,0,0
2024,2024-04-02,Northbound,All Vehicles,62,46,45,56,77,196,390,587,764,756,868,921,954,895,925,765,656,502,332,260,191,196,159,127,0,0
2024,2024-04-03,Northbound,Heavy Vehicles,75,76,52,48,42,61,128,164,159,167,185,161,179,235,194,201,183,151,131,101,85,109,121,109,0,0
2024,2024-04-03,Northbound,Light Vehicles,29,39,14,24,53,113,241,437,492,560,598,611,615,616,599,581,534,381,245,190,110,97,52,37,0,0
2024,2024-04-03,Southbound,Light Vehicles,23,22,28,19,70,144,269,279,447,540,667,691,688,640,628,644,571,492,286,183,126,82,34,27,0,0
2024,2024-04-03,Southbound,Heavy Vehicles,85,98,102,95,99,104,140,154,162,166,223,183,191,175,206,172,160,132,107,116,128,82,66,39,0,0
2024,2024-04-03,Northbound,All Vehicles,104,115,66,72,95,174,369,601,651,727,783,772,794,851,793,782,717,532,376,291,195,206,173,146,0,0
2024,2024-04-03,Southbound,All Vehicles,108,120,130,114,169,248,409,433,609,706,890,874,879,815,834,816,731,624,393,299,254,164,100,66,0,0
2024,2024-04-04,Southbound,Light Vehicles,27,25,14,19,59,127,235,306,446,581,637,777,704,642,664,618,560,416,265,174,127,84,43,43,0,0
2024,2024-04-04,Southbound,Heavy Vehicles,65,95,95,92,99,120,119,150,146,182,170,195,206,165,180,150,136,116,89,116,88,77,80,51,0,0
2024,2024-04-04,Northbound,Light Vehicles,35,26,21,23,32,98,205,342,412,433,420,632,903,703,613,586,474,376,296,220,135,110,70,54,0,0
2024,2024-04-04,Northbound,Heavy Vehicles,89,77,56,43,39,62,111,117,105,109,140,188,294,198,198,186,177,144,102,117,105,107,115,113,0,0
2024,2024-04-04,Southbound,All Vehicles,92,120,109,111,158,247,354,456,592,763,807,972,910,807,844,768,696,532,354,290,215,161,123,94,0,0
2024,2024-04-04,Northbound,All Vehicles,124,103,77,66,71,160,316,459,517,542,560,820,1197,901,811,772,651,520,398,337,240,217,185,167,0,0
2024,2024-04-05,Southbound,Light Vehicles,16,17,19,18,40,78,177,217,330,444,561,521,443,426,534,505,380,330,194,110,90,65,52,34,0,0
2024,2024-04-05,Southbound,Heavy Vehicles,54,102,91,104,89,74,77,113,129,117,133,128,108,106,105,92,103,85,47,45,54,42,44,39,0,0
2024,2024-04-05,Northbound,Heavy Vehicles,83,37,79,31,33,46,107,98,119,109,116,116,123,130,102,120,119,106,86,71,64,66,70,79,0,0
2024,2024-04-05,Northbound,Light Vehicles,28,18,8,18,28,74,152,281,357,409,437,469,457,452,445,420,410,369,263,192,124,92,56,48,0,0
2024,2024-04-05,Southbound,All Vehicles,70,119,110,122,129,152,254,330,459,561,694,649,551,532,639,597,483,415,241,155,144,107,96,73,0,0
2024,2024-04-05,Northbound,All Vehicles,111,55,87,49,61,120,259,379,476,518,553,585,580,582,547,540,529,475,349,263,188,158,126,127,0,0
2024,2024-04-06,Northbound,Heavy Vehicles,57,50,38,15,18,23,34,40,71,95,76,87,77,84,82,88,78,66,56,52,36,34,33,23,0,0
2024,2024-04-06,Southbound,Light Vehicles,30,22,12,22,28,73,120,213,341,469,547,585,526,456,421,402,329,271,183,125,111,80,47,41,0,0
2024,2024-04-06,Northbound,Light Vehicles,55,23,24,9,17,39,96,182,276,384,509,564,554,493,482,416,359,262,206,155,117,89,56,47,0,0
2024,2024-04-06,Southbound,Heavy Vehicles,54,56,63,58,49,34,52,43,71,72,83,94,99,74,73,73,58,60,60,48,48,42,35,35,0,0
2024,2024-04-06,Northbound,All Vehicles,112,73,62,24,35,62,130,222,347,479,585,651,631,577,564,504,437,328,262,207,153,123,89,70,0,0
2024,2024-04-06,Southbound,All Vehicles,84,78,75,80,77,107,172,256,412,541,630,679,625,530,494,475,387,331,243,173,159,122,82,76,0,0
2024,2024-04-07,Northbound,Light Vehicles,43,26,20,21,20,58,111,200,330,452,495,528,553,530,521,484,465,341,264,169,116,82,45,24,0,0
2024,2024-04-07,Southbound,Light Vehicles,28,22,21,16,33,61,106,239,370,539,630,707,649,605,550,510,410,287,178,128,87,52,35,26,0,0
2024,2024-04-07,Northbound,Heavy Vehicles,22,14,18,8,10,13,21,51,61,61,98,88,108,88,119,118,89,82,88,60,67,43,45,28,0,0
2024,2024-04-07,Southbound,Heavy Vehicles,27,23,28,14,13,16,22,35,70,74,97,93,88,91,84,96,90,103,91,96,85,50,36,38,0,0
2024,2024-04-07,Northbound,All Vehicles,65,40,38,29,30,71,132,251,391,513,593,616,661,618,640,602,554,423,352,229,183,125,90,52,0,0
2024,2024-04-07,Southbound,All Vehicles,55,45,49,30,46,77,128,274,440,613,727,800,737,696,634,606,500,390,269,224,172,102,71,64,0,0
2024,2024-04-08,Southbound,Light Vehicles,16,14,15,29,69,148,182,299,430,555,669,636,492,444,405,408,415,314,180,89,84,53,30,13,0,0
2024,2024-04-08,Southbound,Heavy Vehicles,30,32,36,26,61,65,83,88,176,130,168,159,138,134,131,133,143,137,115,135,122,86,65,56,0,0
2024,2024-04-08,Northbound,Heavy Vehicles,25,25,23,28,35,63,132,168,172,162,184,182,191,206,177,194,178,146,108,77,60,107,94,77,0,0
2024,2024-04-08,Northbound,Light Vehicles,17,20,12,19,39,112,259,476,594,632,674,638,663,668,653,578,502,393,206,147,82,62,62,30,0,0
2024,2024-04-08,Southbound,All Vehicles,46,46,51,55,130,213,265,387,606,685,837,795,630,578,536,541,558,451,295,224,206,139,95,69,0,0
2024,2024-04-08,Northbound,All Vehicles,42,45,35,47,74,175,391,644,766,794,858,820,854,874,830,772,680,539,314,224,142,169,156,107,0,0
2024,2024-04-09,Northbound,Light Vehicles,18,19,13,12,33,105,235,407,498,477,518,491,502,538,565,535,476,335,188,146,123,87,54,27,0,0
2024,2024-04-09,Southbound,Heavy Vehicles,93,79,85,94,69,87,118,128,145,162,139,181,155,139,125,161,134,106,92,100,102,77,43,48,0,0
2024,2024-04-09,Southbound,Light Vehicles,10,7,12,19,46,111,220,260,335,422,444,434,428,394,398,435,395,331,189,113,86,59,28,31,0,0
2024,2024-04-09,Northbound,Heavy Vehicles,77,50,53,36,37,76,145,158,166,170,188,168,167,201,223,220,156,161,93,115,76,118,90,94,0,0
2024,2024-04-09,Northbound,All Vehicles,95,69,66,48,70,181,380,565,664,647,706,659,669,739,788,755,632,496,281,261,199,205,144,121,0,0
2024,2024-04-09,Southbound,All Vehicles,103,86,97,113,115,198,338,388,480,584,583,615,583,533,523,596,529,437,281,213,188,136,71,79,0,0
2024,2024-04-10,Northbound,Light Vehicles,28,23,12,20,22,80,191,342,377,388,430,407,443,441,410,435,374,307,197,140,99,77,46,26,0,0
2024,2024-04-10,Northbound,Heavy Vehicles,72,50,57,34,31,55,117,141,144,138,148,155,131,143,166,173,164,128,103,99,89,117,90,97,0,0
2024,2024-04-10,Southbound,Light Vehicles,13,17,17,24,47,116,251,301,446,522,567,560,597,551,498,554,472,388,231,97,111,50,29,28,0,0
2024,2024-04-10,Southbound,Heavy Vehicles,84,88,84,90,63,84,112,148,161,191,199,197,181,167,158,149,156,128,133,146,83,79,47,45,0,0
2024,2024-04-10,Northbound,All Vehicles,100,73,69,54,53,135,308,483,521,526,578,562,574,584,576,608,538,435,300,239,188,194,136,123,0,0
2024,2024-04-10,Southbound,All Vehicles,97,105,101,114,110,200,363,449,607,713,766,757,778,718,656,703,628,516,364,243,194,129,76,73,0,0
2024,2024-04-11,Northbound,Light Vehicles,28,20,25,18,41,111,248,462,580,605,650,617,555,644,659,675,561,449,296,271,170,128,84,52,0,0
2024,2024-04-11,Southbound,Light Vehicles,19,16,16,18,41,127,246,345,489,539,611,659,655,643,588,599,594,449,278,156,114,83,41,40,0,0
2024,2024-04-11,Northbound,Heavy Vehicles,89,66,36,28,42,66,140,156,183,154,172,163,180,206,208,194,209,156,108,121,92,125,109,108,0,0
2024,2024-04-11,Southbound,Heavy Vehicles,85,106,98,84,81,86,129,142,170,174,188,174,187,182,173,180,155,148,98,118,91,53,42,56,0,0
2024,2024-04-11,Northbound,All Vehicles,117,86,61,46,83,177,388,618,763,759,822,780,735,850,867,869,770,605,404,392,262,253,193,160,0,0
2024,2024-04-11,Southbound,All Vehicles,104,122,114,102,122,213,375,487,659,713,799,833,842,825,761,779,749,597,376,274,205,136,83,96,0,0
2024,2024-04-12,Northbound,Light Vehicles,60,41,39,34,39,129,263,486,628,687,766,797,786,828,908,846,769,747,611,403,282,213,145,82,0,0
2024,2024-04-12,Southbound,Heavy Vehicles,80,98,90,88,65,75,127,146,155,209,201,219,209,185,154,152,117,100,89,60,64,41,40,42,0,0
2024,2024-04-12,Southbound,Light Vehicles,25,22,15,27,56,133,266,373,509,738,843,811,782,726,697,723,687,579,334,217,162,97,52,51,0,0
2024,2024-04-12,Northbound,Heavy Vehicles,76,61,48,38,45,55,118,149,166,168,163,193,173,175,223,190,184,159,134,88,85,85,71,73,0,0
2024,2024-04-12,Northbound,All Vehicles,136,102,87,72,84,184,381,635,794,855,929,990,959,1003,1131,1036,953,906,745,491,367,298,216,155,0,0
2024,2024-04-12,Southbound,All Vehicles,105,120,105,115,121,208,393,519,664,947,1044,1030,991,911,851,875,804,679,423,277,226,138,92,93,0,0
2024,2024-04-13,Southbound,Light Vehicles,22,25,12,18,43,97,180,327,500,592,571,626,560,524,478,477,322,243,166,131,84,72,39,47,0,0
2024,2024-04-13,Northbound,Heavy Vehicles,64,43,28,22,29,30,51,56,79,73,90,71,82,74,81,63,65,61,66,40,31,28,30,20,0,0
2024,2024-04-13,Northbound,Light Vehicles,41,34,26,27,39,111,219,352,547,669,776,715,684,665,675,645,499,406,305,194,129,119,78,61,0,0
2024,2024-04-13,Southbound,Heavy Vehicles,53,64,55,41,42,37,57,72,93,94,89,88,84,72,76,61,73,53,39,48,46,41,22,20,0,0
2024,2024-04-13,Southbound,All Vehicles,75,89,67,59,85,134,237,399,593,686,660,714,644,596,554,538,395,296,205,179,130,113,61,67,0,0
2024,2024-04-13,Northbound,All Vehicles,105,77,54,49,68,141,270,408,626,742,866,786,766,739,756,708,564,467,371,234,160,147,108,81,0,0
2024,2024-04-14,Northbound,Light Vehicles,35,21,32,28,42,73,173,328,492,748,912,972,961,967,1062,944,782,567,377,305,178,129,98,56,0,0
2024,2024-04-14,Southbound,Heavy Vehicles,24,17,10,10,7,15,30,42,61,76,90,98,93,97,95,116,91,88,106,91,65,51,25,43,0,0
2024,2024-04-14,Northbound,Heavy Vehicles,26,11,7,10,8,15,32,41,67,102,90,131,124,145,124,141,133,90,77,56,67,62,47,36,0,0
2024,2024-04-14,Southbound,Light Vehicles,18,19,12,18,33,50,107,230,371,560,644,680,666,630,632,578,486,381,256,164,126,68,26,19,0,0
2024,2024-04-14,Northbound,All Vehicles,61,32,39,38,50,88,205,369,559,850,1002,1103,1085,1112,1186,1085,915,657,454,361,245,191,145,92,0,0
2024,2024-04-14,Southbound,All Vehicles,42,36,22,28,40,65,137,272,432,636,734,778,759,727,727,694,577,469,362,255,191,119,51,62,0,0
2024,2024-04-15,Northbound,Light Vehicles,29,20,27,23,44,125,237,386,464,496,565,559,531,542,557,626,582,384,235,130,107,81,54,23,0,0
2024,2024-04-15,Northbound,Heavy Vehicles,29,22,25,22,39,45,120,106,128,131,125,124,101,97,159,168,153,184,95,78,86,89,87,86,0,0
2024,2024-04-15,Southbound,Heavy Vehicles,39,37,34,24,55,70,97,119,114,134,139,144,133,125,133,134,148,114,115,114,87,76,53,54,0,0
2024,2024-04-15,Southbound,Light Vehicles,20,23,14,38,73,146,228,275,360,476,513,534,512,504,453,536,424,333,191,122,80,46,28,23,0,0
2024,2024-04-15,Northbound,All Vehicles,58,42,52,45,83,170,357,492,592,627,690,683,632,639,716,794,735,568,330,208,193,170,141,109,0,0
2024,2024-04-15,Southbound,All Vehicles,59,60,48,62,128,216,325,394,474,610,652,678,645,629,586,670,572,447,306,236,167,122,81,77,0,0
2024,2024-04-16,Southbound,Light Vehicles,19,13,15,19,59,149,229,302,391,541,614,620,596,526,502,567,548,407,224,149,93,45,28,24,0,0
2024,2024-04-16,Southbound,Heavy Vehicles,88,101,88,93,60,82,124,147,214,167,175,191,184,178,147,191,153,124,111,115,121,65,45,66,0,0
2024,2024-04-16,Northbound,Light Vehicles,21,20,12,17,32,113,257,421,515,609,663,636,591,639,666,531,545,368,219,173,131,96,62,38,0,0
2024,2024-04-16,Northbound,Heavy Vehicles,70,61,47,36,35,62,154,136,177,153,186,171,172,217,191,199,152,150,112,122,110,104,94,86,0,0
2024,2024-04-16,Southbound,All Vehicles,107,114,103,112,119,231,353,449,605,708,789,811,780,704,649,758,701,531,335,264,214,110,73,90,0,0
2024,2024-04-16,Northbound,All Vehicles,91,81,59,53,67,175,411,557,692,762,849,807,763,856,857,730,697,518,331,295,241,200,156,124,0,0
2024,2024-04-17,Southbound,Heavy Vehicles,86,98,91,71,97,83,115,135,179,169,184,173,185,163,142,182,156,150,124,119,90,77,49,53,0,0
2024,2024-04-17,Northbound,Heavy Vehicles,67,80,52,30,37,57,124,165,154,150,171,190,196,219,203,176,169,152,121,115,91,120,99,90,0,0
2024,2024-04-17,Southbound,Light Vehicles,15,13,17,21,57,133,219,312,461,580,620,674,608,645,625,606,526,418,238,133,98,59,29,17,0,0
2024,2024-04-17,Northbound,Light Vehicles,23,21,30,28,41,108,237,451,522,616,620,685,630,720,654,640,501,406,296,184,142,116,68,35,0,0
2024,2024-04-17,Southbound,All Vehicles,101,111,108,92,154,216,334,447,640,749,804,847,793,808,767,788,682,568,362,252,188,136,78,70,0,0
2024,2024-04-17,Northbound,All Vehicles,90,101,82,58,78,165,361,616,676,766,791,875,826,939,857,816,670,558,417,299,233,236,167,125,0,0
2024,2024-04-18,Southbound,Light Vehicles,26,20,10,27,41,121,226,332,468,637,706,745,734,689,715,622,593,468,249,179,101,75,46,36,0,0
2024,2024-04-18,Northbound,Light Vehicles,19,22,16,18,44,118,245,421,571,608,699,733,731,790,796,656,468,494,402,257,165,144,97,56,0,0
2024,2024-04-18,Southbound,Heavy Vehicles,91,108,102,84,77,93,131,128,164,185,204,173,185,183,149,192,190,139,121,102,97,80,54,43,0,0
2024,2024-04-18,Northbound,Heavy Vehicles,70,70,51,38,44,65,130,145,181,152,158,209,160,177,224,205,152,170,157,109,109,109,115,91,0,0
2024,2024-04-18,Southbound,All Vehicles,117,128,112,111,118,214,357,460,632,822,910,918,919,872,864,814,783,607,370,281,198,155,100,79,0,0
2024,2024-04-18,Northbound,All Vehicles,89,92,67,56,88,183,375,566,752,760,857,942,891,967,1020,861,620,664,559,366,274,253,212,147,0,0
2024,2024-04-19,Southbound,Heavy Vehicles,83,122,89,81,77,87,107,161,175,195,175,218,190,192,159,154,142,114,81,68,60,48,42,51,0,0
2024,2024-04-19,Northbound,Light Vehicles,34,30,26,26,41,106,234,342,459,531,590,683,571,605,647,632,568,489,368,320,206,165,94,64,0,0
2024,2024-04-19,Northbound,Heavy Vehicles,78,73,48,33,36,50,113,126,127,146,127,120,149,140,146,146,124,141,98,75,84,79,86,54,0,0
2024,2024-04-19,Southbound,Light Vehicles,19,23,25,31,56,113,223,351,514,778,942,974,903,962,871,817,852,648,368,220,163,96,60,42,0,0
2024,2024-04-19,Southbound,All Vehicles,102,145,114,112,133,200,330,512,689,973,1117,1192,1093,1154,1030,971,994,762,449,288,223,144,102,93,0,0
2024,2024-04-19,Northbound,All Vehicles,112,103,74,59,77,156,347,468,586,677,717,803,720,745,793,778,692,630,466,395,290,244,180,118,0,0
2024,2024-04-20,Southbound,Light Vehicles,28,19,19,26,42,94,203,356,599,833,1061,1077,1007,793,731,654,493,385,264,155,126,83,59,38,0,0
2024,2024-04-20,Northbound,Light Vehicles,34,24,17,22,27,71,178,346,515,770,862,983,910,854,870,784,592,439,297,166,144,75,69,51,0,0
2024,2024-04-20,Southbound,Heavy Vehicles,54,74,51,50,36,38,62,84,87,118,165,136,130,109,88,100,78,55,55,75,52,42,33,28,0,0
2024,2024-04-20,Northbound,Heavy Vehicles,53,53,23,16,26,27,44,73,111,115,101,143,152,120,129,106,92,80,50,48,37,32,23,20,0,0
2024,2024-04-20,Southbound,All Vehicles,82,93,70,76,78,132,265,440,686,951,1226,1213,1137,902,819,754,571,440,319,230,178,125,92,66,0,0
2024,2024-04-20,Northbound,All Vehicles,87,77,40,38,53,98,222,419,626,885,963,1126,1062,974,999,890,684,519,347,214,181,107,92,71,0,0
2024,2024-04-21,Southbound,Heavy Vehicles,21,18,10,10,13,11,25,50,79,93,124,158,151,147,159,159,110,128,119,94,100,50,64,41,0,0
2024,2024-04-21,Southbound,Light Vehicles,16,20,21,9,30,60,139,235,557,846,1133,1184,1175,1149,989,850,684,471,320,202,139,83,40,33,0,0
2024,2024-04-21,Northbound,Heavy Vehicles,17,18,11,10,10,16,26,39,70,94,119,142,161,147,155,148,130,98,75,67,55,38,33,40,0,0
2024,2024-04-21,Northbound,Light Vehicles,22,20,7,15,25,51,130,198,389,576,704,977,979,967,953,903,747,555,366,265,191,126,95,57,0,0
2024,2024-04-21,Southbound,All Vehicles,37,38,31,19,43,71,164,285,636,939,1257,1342,1326,1296,1148,1009,794,599,439,296,239,133,104,74,0,0
2024,2024-04-21,Northbound,All Vehicles,39,38,18,25,35,67,156,237,459,670,823,1119,1140,1114,1108,1051,877,653,441,332,246,164,128,97,0,0
2024,2024-04-22,Northbound,Light Vehicles,33,14,13,21,34,123,277,471,531,674,746,743,764,832,850,666,606,430,278,184,105,60,64,34,0,0
2024,2024-04-22,Southbound,Light Vehicles,19,11,19,46,79,130,238,284,397,490,595,594,602,553,529,542,482,389,216,123,80,69,40,32,0,0
2024,2024-04-22,Southbound,Heavy Vehicles,37,34,29,33,56,64,92,103,112,135,143,172,134,118,124,133,132,126,126,138,120,80,48,57,0,0
2024,2024-04-22,Northbound,Heavy Vehicles,23,16,23,25,30,48,126,150,153,150,191,218,188,198,199,174,162,147,111,94,101,101,98,84,0,0
2024,2024-04-22,Northbound,All Vehicles,56,30,36,46,64,171,403,621,684,824,937,961,952,1030,1049,840,768,577,389,278,206,161,162,118,0,0
2024,2024-04-22,Southbound,All Vehicles,56,45,48,79,135,194,330,387,509,625,738,766,736,671,653,675,614,515,342,261,200,149,88,89,0,0
2024,2024-04-23,Northbound,Heavy Vehicles,67,59,46,29,33,65,113,170,170,178,198,170,202,243,208,211,172,157,127,95,112,104,118,93,0,0
2024,2024-04-23,Northbound,Light Vehicles,19,19,18,19,41,93,224,386,483,515,589,608,645,641,602,591,544,378,306,195,163,129,84,37,0,0
2024,2024-04-23,Southbound,Heavy Vehicles,99,101,93,79,83,92,134,139,146,164,193,170,182,177,185,172,,157,144,111,99,66,53,61,0,0
2024,2024-04-23,Southbound,Light Vehicles,24,10,20,21,51,128,236,305,486,595,728,742,693,669,641,653,,434,250,160,101,72,37,34,0,0
2024,2024-04-23,Northbound,All Vehicles,86,78,64,48,74,158,337,556,653,693,787,778,847,884,810,802,716,535,433,290,275,233,202,130,0,0
2024,2024-04-23,Southbound,All Vehicles,123,111,113,100,134,220,370,444,632,759,921,912,875,846,826,825,,591,394,271,200,138,90,95,0,0
2024,2024-04-24,Southbound,Heavy Vehicles,83,93,85,75,77,101,131,135,171,158,156,149,144,132,120,154,137,120,90,85,75,47,46,38,0,0
2024,2024-04-24,Northbound,Light Vehicles,37,23,18,23,43,96,191,332,439,479,495,516,529,585,543,593,504,479,437,368,299,243,176,95,0,0
2024,2024-04-24,Southbound,Light Vehicles,12,14,15,28,55,108,210,267,419,502,540,638,634,591,576,545,544,492,303,192,135,88,47,42,0,0
2024,2024-04-24,Northbound,Heavy Vehicles,76,75,52,27,34,65,132,144,130,124,145,143,166,148,169,136,147,143,122,110,89,101,101,74,0,0
2024,2024-04-24,Southbound,All Vehicles,95,107,100,103,132,209,341,402,590,660,696,787,778,723,696,699,681,612,393,277,210,135,93,80,0,0
2024,2024-04-24,Northbound,All Vehicles,113,98,70,50,77,161,323,476,569,603,640,659,695,733,712,729,651,622,559,478,388,344,277,169,0,0
2024,2024-04-25,Southbound,Light Vehicles,29,28,34,22,50,109,172,320,507,717,899,903,821,807,667,551,420,301,183,140,115,72,42,30,0,0
2024,2024-04-25,Southbound,Heavy Vehicles,63,75,61,43,47,45,39,75,105,115,131,126,116,103,86,97,77,87,97,78,76,46,41,35,0,0
2024,2024-04-25,Northbound,Heavy Vehicles,52,51,28,19,27,37,51,81,128,142,152,172,153,158,122,100,152,109,90,65,74,59,53,31,0,0
2024,2024-04-25,Northbound,Light Vehicles,73,40,39,32,62,137,238,383,586,848,950,1065,1056,999,850,686,648,420,243,187,118,79,56,32,0,0
2024,2024-04-25,Southbound,All Vehicles,92,103,95,65,97,154,211,395,612,832,1030,1029,937,910,753,648,497,388,280,218,191,118,83,65,0,0
2024,2024-04-25,Northbound,All Vehicles,125,91,67,51,89,174,289,464,714,990,1102,1237,1209,1157,972,786,800,529,333,252,192,138,109,63,0,0
2024,2024-04-26,Northbound,Heavy Vehicles,36,30,26,18,41,38,79,91,123,124,127,147,152,168,185,145,167,110,98,80,71,76,71,66,0,0
2024,2024-04-26,Southbound,Light Vehicles,19,18,20,26,40,96,188,331,591,775,981,981,983,1013,908,868,704,607,349,252,145,87,77,48,0,0
2024,2024-04-26,Northbound,Light Vehicles,28,28,18,19,33,80,214,333,480,560,694,783,793,813,806,777,634,531,362,268,212,149,111,50,0,0
2024,2024-04-26,Southbound,Heavy Vehicles,42,48,45,38,44,43,62,98,102,146,168,174,138,158,140,143,116,92,89,91,54,66,52,45,0,0
2024,2024-04-26,Northbound,All Vehicles,64,58,44,37,74,118,293,424,603,684,821,930,945,981,991,922,801,641,460,348,283,225,182,116,0,0
2024,2024-04-26,Southbound,All Vehicles,61,66,65,64,84,139,250,429,693,921,1149,1155,1121,1171,1048,1011,820,699,438,343,199,153,129,93,0,0
2024,2024-04-27,Northbound,Light Vehicles,34,27,18,15,21,59,128,267,499,698,854,881,865,746,693,598,501,374,271,160,125,114,96,53,0,0
2024,2024-04-27,Northbound,Heavy Vehicles,50,36,25,17,17,31,42,66,82,93,105,124,126,89,88,105,95,59,64,48,33,26,25,23,0,0
2024,2024-04-27,Northbound,All Vehicles,84,63,43,32,38,90,170,333,581,791,959,1005,991,835,781,703,596,433,335,208,158,140,121,76,0,0
2024,2024-04-28,Northbound,Heavy Vehicles,12,22,14,8,7,8,33,38,79,95,112,128,144,149,145,112,125,102,91,57,58,39,40,29,0,0
2024,2024-04-28,Northbound,Light Vehicles,37,20,16,16,36,60,127,214,407,608,759,825,846,870,846,759,650,540,362,246,188,116,82,48,0,0
2024,2024-04-28,Northbound,All Vehicles,49,42,30,24,43,68,160,252,486,703,871,953,990,1019,991,871,775,642,453,303,246,155,122,77,0,0
2024,2024-04-29,Southbound,Light Vehicles,19,29,27,52,92,126,234,295,434,494,578,558,556,518,520,472,464,323,206,136,85,78,33,22,0,0
2024,2024-04-29,Southbound,Heavy Vehicles,42,38,36,34,55,89,100,113,132,133,149,148,162,115,121,157,149,135,114,101,98,77,57,70,0,0
2024,2024-04-29,Northbound,Light Vehicles,23,16,16,31,36,111,267,440,550,592,651,617,664,689,579,589,493,365,224,125,93,63,56,23,0,0
2024,2024-04-29,Northbound,Heavy Vehicles,27,23,20,21,37,67,131,146,188,176,161,184,194,186,211,175,158,135,112,78,82,114,79,84,0,0
2024,2024-04-29,Southbound,All Vehicles,61,67,63,86,147,215,334,408,566,627,727,706,718,633,641,629,613,458,320,237,183,155,90,92,0,0
2024,2024-04-29,Northbound,All Vehicles,50,39,36,52,73,178,398,586,738,768,812,801,858,875,790,764,651,500,336,203,175,177,135,107,0,0
2024,2024-04-30,Northbound,Heavy Vehicles,76,56,43,29,37,62,143,158,170,173,193,159,163,185,189,177,185,141,107,93,84,103,107,72,0,0
2024,2024-04-30,Southbound,Light Vehicles,10,12,10,22,54,101,189,280,336,393,425,439,445,424,397,442,408,303,162,102,69,51,22,22,0,0
2024,2024-04-30,Northbound,Light Vehicles,27,14,16,14,35,97,222,398,489,481,531,501,499,492,513,477,433,306,195,131,98,67,54,19,0,0
2024,2024-04-30,Southbound,Heavy Vehicles,85,90,84,93,67,83,111,141,134,147,115,136,165,149,127,141,137,122,104,100,82,68,47,44,0,0
2024,2024-04-30,Northbound,All Vehicles,103,70,59,43,72,159,365,556,659,654,724,660,662,677,702,654,618,447,302,224,182,170,161,91,0,0
2024,2024-04-30,Southbound,All Vehicles,95,102,94,115,121,184,300,421,470,540,540,575,610,573,524,583,545,425,266,202,151,119,69,66,0,0
2024,2024-05-01,Southbound,Heavy Vehicles,85,98,92,82,84,77,147,150,147,160,169,162,185,150,121,150,167,142,122,111,96,78,50,51,0,0
2024,2024-05-01,Northbound,Heavy Vehicles,64,79,45,33,37,46,97,158,152,128,207,178,184,188,198,190,165,137,121,87,91,94,114,90,0,0
2024,2024-05-01,Northbound,Light Vehicles,22,13,12,25,27,100,207,389,455,462,540,511,478,503,533,528,462,294,228,118,90,78,44,41,0,0
2024,2024-05-01,Southbound,Light Vehicles,21,15,15,18,52,107,222,313,408,424,504,544,502,494,494,518,427,363,199,118,80,64,28,14,0,0
2024,2024-05-01,Southbound,All Vehicles,106,113,107,100,136,184,369,463,555,584,673,706,687,644,615,668,594,505,321,229,176,142,78,65,0,0
2024,2024-05-01,Northbound,All Vehicles,86,92,57,58,64,146,304,547,607,590,747,689,662,691,731,718,627,431,349,205,181,172,158,131,0,0
2024,2024-05-02,Southbound,Heavy Vehicles,87,100,100,65,76,78,115,140,146,181,169,181,177,160,134,177,131,124,107,109,90,77,43,62,0,0
2024,2024-05-02,Northbound,Light Vehicles,27,16,18,18,33,102,212,402,476,482,568,562,547,709,645,587,531,390,292,206,143,114,71,45,0,0
2024,2024-05-02,Northbound,Heavy Vehicles,90,52,60,27,32,66,126,138,174,122,188,188,175,178,218,201,202,143,127,90,89,129,107,95,0,0
2024,2024-05-02,Southbound,Light Vehicles,20,14,20,28,55,112,207,314,375,516,573,582,591,512,506,472,457,396,240,153,106,72,49,28,0,0
2024,2024-05-02,Southbound,All Vehicles,107,114,120,93,131,190,322,454,521,697,742,763,768,672,640,649,588,520,347,262,196,149,92,90,0,0
2024,2024-05-02,Northbound,All Vehicles,117,68,78,45,65,168,338,540,650,604,756,750,722,887,863,788,733,533,419,296,232,243,178,140,0,0
2024,2024-05-03,Southbound,Heavy Vehicles,93,81,92,70,96,76,117,128,127,179,174,187,143,131,143,146,111,88,81,84,64,41,37,33,0,0
2024,2024-05-03,Northbound,Heavy Vehicles,64,80,46,29,36,59,112,146,142,161,162,167,144,182,223,191,181,129,121,87,82,94,88,69,0,0
2024,2024-05-03,Southbound,Light Vehicles,22,17,24,32,57,120,244,335,534,671,720,755,725,651,710,731,680,525,331,179,122,85,57,48,0,0
2024,2024-05-03,Northbound,Light Vehicles,32,22,19,24,41,109,237,417,546,674,708,683,736,871,920,859,689,612,493,373,219,179,118,60,0,0
2024,2024-05-03,Southbound,All Vehicles,115,98,116,102,153,196,361,463,661,850,894,942,868,782,853,877,791,613,412,263,186,126,94,81,0,0
2024,2024-05-03,Northbound,All Vehicles,96,102,65,53,77,168,349,563,688,835,870,850,880,1053,1143,1050,870,741,614,460,301,273,206,129,0,0
2024,2024-05-04,Northbound,Light Vehicles,44,22,14,14,19,53,116,239,434,535,727,735,720,651,618,548,445,338,255,156,111,62,57,38,0,0
2024,2024-05-04,Northbound,Heavy Vehicles,62,43,21,28,17,28,34,60,71,87,95,89,108,125,85,81,68,68,63,40,34,21,26,11,0,0
2024,2024-05-04,Southbound,Heavy Vehicles,50,75,67,37,35,38,55,70,76,101,128,97,97,97,71,76,70,63,50,47,43,45,34,25,0,0
2024,2024-05-04,Southbound,Light Vehicles,30,19,26,17,46,71,170,306,494,600,680,694,632,556,550,467,337,263,146,114,99,73,46,40,0,0
2024,2024-05-04,Northbound,All Vehicles,106,65,35,42,36,81,150,299,505,622,822,824,828,776,703,629,513,406,318,196,145,83,83,49,0,0
2024,2024-05-04,Southbound,All Vehicles,80,94,93,54,81,109,225,376,570,701,808,791,729,653,621,543,407,326,196,161,142,118,80,65,0,0
2024,2024-05-05,Southbound,Heavy Vehicles,17,19,10,17,17,20,25,48,71,85,106,126,112,98,134,134,98,139,135,76,92,49,45,39,0,0
2024,2024-05-05,Northbound,Heavy Vehicles,13,7,11,6,8,13,26,37,49,73,90,94,91,125,102,96,81,68,76,44,36,31,34,15,0,0
2024,2024-05-05,Northbound,Light Vehicles,31,16,10,12,27,40,125,147,258,421,562,729,716,802,765,715,618,528,361,263,151,96,54,47,0,0
2024,2024-05-05,Southbound,Light Vehicles,18,17,11,10,22,51,102,205,378,604,804,846,754,663,705,699,580,430,296,181,120,92,41,23,0,0
2024,2024-05-05,Southbound,All Vehicles,35,36,21,27,39,71,127,253,449,689,910,972,866,761,839,833,678,569,431,257,212,141,86,62,0,0
2024,2024-05-05,Northbound,All Vehicles,44,23,21,18,35,53,151,184,307,494,652,823,807,927,867,811,699,596,437,307,187,127,88,62,0,0
2024,2024-05-06,Southbound,Light Vehicles,16,18,19,31,82,140,264,350,395,604,780,866,815,634,567,550,486,362,209,122,98,67,28,19,0,0
2024,2024-05-06,Northbound,Heavy Vehicles,17,21,15,19,26,47,97,115,132,137,169,168,174,177,208,168,150,144,103,79,74,99,100,90,0,0
2024,2024-05-06,Southbound,Heavy Vehicles,37,35,33,33,61,66,101,124,120,166,173,182,165,144,122,154,118,89,98,75,63,47,30,47,0,0
2024,2024-05-06,Northbound,Light Vehicles,21,16,16,25,33,100,239,433,436,511,721,653,719,632,704,628,485,328,214,133,92,71,54,33,0,0
2024,2024-05-06,Southbound,All Vehicles,53,53,52,64,143,206,365,474,515,770,953,1048,980,778,689,704,604,451,307,197,161,114,58,66,0,0
2024,2024-05-06,Northbound,All Vehicles,38,37,31,44,59,147,336,548,568,648,890,821,893,809,912,796,635,472,317,212,166,170,154,123,0,0
2024,2024-05-07,Southbound,Heavy Vehicles,53,57,49,48,47,71,88,116,124,151,153,178,166,142,155,161,159,131,139,128,145,83,74,60,0,0
2024,2024-05-07,Northbound,Heavy Vehicles,61,59,51,32,38,59,116,135,163,151,171,144,168,182,212,193,187,127,105,84,92,105,82,89,0,0
2024,2024-05-07,Northbound,Light Vehicles,19,12,17,16,23,99,230,418,454,486,498,513,469,517,508,502,437,301,191,129,84,67,48,21,0,0
2024,2024-05-07,Southbound,Light Vehicles,14,13,15,17,41,127,207,310,418,486,551,583,502,510,487,516,466,365,185,115,88,70,26,23,0,0
2024,2024-05-07,Southbound,All Vehicles,67,70,64,65,88,198,295,426,542,637,704,761,668,652,642,677,625,496,324,243,233,153,100,83,0,0
2024,2024-05-07,Northbound,All Vehicles,80,71,68,48,61,158,346,553,617,637,669,657,637,699,720,695,624,428,296,213,176,172,130,110,0,0
2024,2024-05-08,Southbound,Heavy Vehicles,115,100,103,72,92,98,126,174,175,176,168,178,175,159,150,163,152,133,124,110,114,76,58,66,0,0
2024,2024-05-08,Southbound,Light Vehicles,13,17,14,18,54,119,232,304,365,471,492,506,484,470,517,502,501,351,186,105,77,63,20,13,0,0
2024,2024-05-08,Northbound,Light Vehicles,15,22,17,21,24,81,213,382,471,448,477,489,421,492,600,581,497,312,209,144,102,82,60,37,0,0
2024,2024-05-08,Northbound,Heavy Vehicles,60,63,52,29,40,50,91,150,162,135,159,163,172,179,197,196,202,148,93,93,121,118,124,93,0,0
2024,2024-05-08,Southbound,All Vehicles,128,117,117,90,146,217,358,478,540,647,660,684,659,629,667,665,653,484,310,215,191,139,78,79,0,0
2024,2024-05-08,Northbound,All Vehicles,75,85,69,50,64,131,304,532,633,583,636,652,593,671,797,777,699,460,302,237,223,200,184,130,0,0
2024,2024-05-09,Southbound,Light Vehicles,15,13,23,22,58,116,236,295,411,591,588,601,544,529,594,591,575,498,296,153,103,68,34,22,0,0
2024,2024-05-09,Northbound,Light Vehicles,23,17,16,23,29,98,203,381,516,474,566,561,583,586,622,643,510,421,308,247,181,124,88,34,0,0
2024,2024-05-09,Southbound,Heavy Vehicles,111,98,99,77,76,103,135,150,155,170,165,180,166,173,145,175,144,131,134,113,84,69,52,51,0,0
2024,2024-05-09,Northbound,Heavy Vehicles,74,67,51,29,39,58,123,135,166,119,164,156,165,178,236,207,168,145,130,113,88,113,93,101,0,0
2024,2024-05-09,Southbound,All Vehicles,126,111,122,99,134,219,371,445,566,761,753,781,710,702,739,766,719,629,430,266,187,137,86,73,0,0
2024,2024-05-09,Northbound,All Vehicles,97,84,67,52,68,156,326,516,682,593,730,717,748,764,858,850,678,566,438,360,269,237,181,135,0,0
2024,2024-05-10,Southbound,Heavy Vehicles,91,112,108,65,79,63,106,111,166,199,192,183,194,146,146,139,137,113,88,54,56,35,30,41,0,0
2024,2024-05-10,Northbound,Heavy Vehicles,78,65,52,38,35,57,109,123,154,128,135,170,166,171,205,207,157,135,114,97,87,80,82,77,0,0
2024,2024-05-10,Northbound,Light Vehicles,26,21,15,19,24,99,207,375,513,571,648,649,659,787,721,758,712,579,432,316,226,154,112,52,0,0
2024,2024-05-10,Southbound,Light Vehicles,19,16,14,29,47,98,260,316,528,720,814,813,785,735,696,692,622,536,296,201,124,78,68,39,0,0
2024,2024-05-10,Southbound,All Vehicles,110,128,122,94,126,161,366,427,694,919,1006,996,979,881,842,831,759,649,384,255,180,113,98,80,0,0
2024,2024-05-10,Northbound,All Vehicles,104,86,67,57,59,156,316,498,667,699,783,819,825,958,926,965,869,714,546,413,313,234,194,129,0,0
2024,2024-05-11,Southbound,Light Vehicles,25,19,19,20,31,79,148,285,510,585,648,688,631,549,501,468,393,239,167,109,84,67,51,20,0,0
2024,2024-05-11,Northbound,Heavy Vehicles,56,41,23,15,21,20,33,59,86,101,112,103,94,97,87,83,81,71,64,47,43,27,18,21,0,0
2024,2024-05-11,Northbound,Light Vehicles,25,23,19,21,17,50,94,177,324,492,649,727,619,589,563,506,428,384,222,150,133,82,53,38,0,0
2024,2024-05-11,Southbound,Heavy Vehicles,62,67,77,42,30,47,58,49,81,82,85,106,111,79,74,84,72,60,51,47,40,35,25,18,0,0
2024,2024-05-11,Southbound,All Vehicles,87,86,96,62,61,126,206,334,591,667,733,794,742,628,575,552,465,299,218,156,124,102,76,38,0,0
2024,2024-05-11,Northbound,All Vehicles,81,64,42,36,38,70,127,236,410,593,761,830,713,686,650,589,509,455,286,197,176,109,71,59,0,0
2024,2024-05-12,Southbound,Light Vehicles,18,9,13,8,26,53,93,198,435,620,790,920,875,826,876,889,658,409,252,176,128,70,37,25,0,0
2024,2024-05-12,Northbound,Light Vehicles,35,22,20,14,27,31,82,132,278,457,579,672,646,716,743,719,668,522,352,285,182,105,51,50,0,0
2024,2024-05-12,Southbound,Heavy Vehicles,19,12,16,8,16,16,17,35,54,83,96,124,122,112,117,140,114,107,119,98,91,53,40,37,0,0
2024,2024-05-12,Northbound,Heavy Vehicles,22,8,10,10,17,11,20,25,41,70,119,108,106,107,127,132,117,77,62,56,54,42,47,18,0,0
2024,2024-05-12,Southbound,All Vehicles,37,21,29,16,42,69,110,233,489,703,886,1044,997,938,993,1029,772,516,371,274,219,123,77,62,0,0
2024,2024-05-12,Northbound,All Vehicles,57,30,30,24,44,42,102,157,319,527,698,780,752,823,870,851,785,599,414,341,236,147,98,68,0,0
2024,2024-05-13,Southbound,Light Vehicles,10,23,24,34,76,139,225,278,329,463,,,442,464,425,456,395,301,166,122,75,53,39,26,0,0
2024,2024-05-13,Northbound,Heavy Vehicles,24,30,19,23,35,56,119,156,164,185,191,196,186,196,225,188,187,121,83,88,65,90,106,81,0,0
2024,2024-05-13,Southbound,Heavy Vehicles,40,22,39,33,57,66,80,92,97,123,,,129,123,126,146,154,123,108,121,104,86,52,64,0,0
2024,2024-05-13,Northbound,Light Vehicles,24,22,9,20,40,113,263,499,495,638,556,703,688,715,715,602,466,367,214,141,84,69,47,31,0,0
2024,2024-05-13,Southbound,All Vehicles,50,45,63,67,133,205,305,370,426,586,,,571,587,551,602,549,424,274,243,179,139,91,90,0,0
2024,2024-05-13,Northbound,All Vehicles,48,52,28,43,75,169,382,655,659,823,747,899,874,911,940,790,653,488,297,229,149,159,153,112,0,0
2024,2024-05-14,Northbound,Light Vehicles,14,13,18,14,25,95,217,410,463,474,501,511,487,567,544,491,472,314,213,132,93,82,53,22,0,0
2024,2024-05-14,Northbound,Heavy Vehicles,61,65,47,36,39,62,135,157,190,147,177,170,173,188,216,205,189,142,110,106,96,97,99,103,0,0
2024,2024-05-14,Southbound,Heavy Vehicles,96,88,91,95,72,77,121,133,142,160,162,172,164,157,140,172,156,123,113,128,110,65,49,52,0,0
2024,2024-05-14,Southbound,Light Vehicles,11,17,13,24,44,124,235,273,382,457,459,508,507,441,469,504,491,353,201,103,75,74,24,23,0,0
2024,2024-05-14,Northbound,All Vehicles,75,78,65,50,64,157,352,567,653,621,678,681,660,755,760,696,661,456,323,238,189,179,152,125,0,0
2024,2024-05-14,Southbound,All Vehicles,107,105,104,119,116,201,356,406,524,617,621,680,671,598,609,676,647,476,314,231,185,139,73,75,0,0
2024,2024-05-15,Northbound,Heavy Vehicles,69,64,48,33,44,57,142,150,158,144,182,160,141,205,177,206,190,153,142,100,83,116,123,74,0,0
2024,2024-05-15,Southbound,Light Vehicles,14,12,13,25,55,132,223,320,357,494,464,569,489,509,511,513,521,357,223,131,87,49,30,24,0,0
2024,2024-05-15,Southbound,Heavy Vehicles,95,80,88,68,64,109,120,150,152,162,146,182,157,141,149,158,147,154,146,110,91,94,55,56,0,0
2024,2024-05-15,Northbound,Light Vehicles,27,29,15,22,31,86,238,415,526,514,527,479,525,560,590,624,475,367,213,133,102,89,66,38,0,0
2024,2024-05-15,Northbound,All Vehicles,96,93,63,55,75,143,380,565,684,658,709,639,666,765,767,830,665,520,355,233,185,205,189,112,0,0
2024,2024-05-15,Southbound,All Vehicles,109,92,101,93,119,241,343,470,509,656,610,751,646,650,660,671,668,511,369,241,178,143,85,80,0,0
2024,2024-05-16,Northbound,Light Vehicles,19,13,23,30,42,114,244,484,516,556,525,602,609,629,622,537,539,463,320,204,157,136,81,37,0,0
2024,2024-05-16,Southbound,Heavy Vehicles,93,103,88,79,66,86,123,150,164,158,196,200,191,178,170,168,157,136,115,101,102,61,62,58,0,0
2024,2024-05-16,Northbound,Heavy Vehicles,67,70,43,37,46,79,134,153,167,160,160,173,207,159,197,164,204,190,130,99,80,136,118,93,0,0
2024,2024-05-16,Southbound,Light Vehicles,17,18,10,26,54,118,241,303,453,529,643,604,555,488,531,619,566,478,245,161,109,67,48,24,0,0
2024,2024-05-16,Northbound,All Vehicles,86,83,66,67,88,193,378,637,683,716,685,775,816,788,819,701,743,653,450,303,237,272,199,130,0,0
2024,2024-05-16,Southbound,All Vehicles,110,121,98,105,120,204,364,453,617,687,839,804,746,666,701,787,723,614,360,262,211,128,110,82,0,0
2024,2024-05-17,Northbound,Light Vehicles,33,30,31,28,42,113,265,497,566,574,602,667,732,777,853,805,744,553,469,328,269,184,129,52,0,0
2024,2024-05-17,Southbound,Light Vehicles,25,18,16,32,52,127,240,343,518,682,750,786,755,729,663,670,669,536,319,183,148,79,62,40,0,0
2024,2024-05-17,Southbound,Heavy Vehicles,89,101,77,75,82,94,124,129,152,168,193,167,180,166,145,146,108,91,76,81,73,37,36,54,0,0
2024,2024-05-17,Northbound,Heavy Vehicles,79,67,50,27,43,50,128,123,157,141,157,163,152,165,186,191,158,143,115,90,66,103,85,78,0,0
2024,2024-05-17,Northbound,All Vehicles,112,97,81,55,85,163,393,620,723,715,759,830,884,942,1039,996,902,696,584,418,335,287,214,130,0,0
2024,2024-05-17,Southbound,All Vehicles,114,119,93,107,134,221,364,472,670,850,943,953,935,895,808,816,777,627,395,264,221,116,98,94,0,0
2024,2024-05-18,Southbound,Light Vehicles,32,23,20,17,44,87,161,298,440,627,689,666,629,577,474,453,380,281,182,113,85,80,65,34,0,0
2024,2024-05-18,Southbound,Heavy Vehicles,63,65,63,44,32,55,59,70,81,74,92,116,104,90,81,58,68,48,64,59,38,33,28,28,0,0
2024,2024-05-18,Northbound,Heavy Vehicles,51,36,30,18,20,25,33,67,78,85,111,106,103,90,93,106,94,60,58,46,38,27,23,15,0,0
2024,2024-05-18,Northbound,Light Vehicles,29,31,26,16,34,63,125,232,457,530,681,705,630,649,579,517,486,354,224,142,115,94,46,33,0,0
2024,2024-05-18,Southbound,All Vehicles,95,88,83,61,76,142,220,368,521,701,781,782,733,667,555,511,448,329,246,172,123,113,93,62,0,0
2024,2024-05-18,Northbound,All Vehicles,80,67,56,34,54,88,158,299,535,615,792,811,733,739,672,623,580,414,282,188,153,121,69,48,0,0
2024,2024-05-19,Northbound,Light Vehicles,25,24,20,10,23,35,97,161,266,457,607,695,768,731,766,692,677,607,406,241,183,106,67,33,0,0
2024,2024-05-19,Southbound,Light Vehicles,21,16,13,21,27,47,147,229,389,656,823,943,893,815,837,755,637,390,265,150,95,64,37,27,0,0
2024,2024-05-19,Southbound,Heavy Vehicles,19,14,10,7,19,21,29,51,61,88,116,126,119,107,130,129,115,114,103,102,77,59,43,45,0,0
2024,2024-05-19,Northbound,Heavy Vehicles,21,8,10,7,10,9,25,19,55,81,88,122,108,136,122,142,112,125,74,72,57,46,37,33,0,0
2024,2024-05-19,Northbound,All Vehicles,46,32,30,17,33,44,122,180,321,538,695,817,876,867,888,834,789,732,480,313,240,152,104,66,0,0
2024,2024-05-19,Southbound,All Vehicles,40,30,23,28,46,68,176,280,450,744,939,1069,1012,922,967,884,752,504,368,252,172,123,80,72,0,0
2024,2024-05-20,Southbound,Light Vehicles,21,13,23,46,79,161,249,278,420,556,662,644,761,623,619,635,571,487,260,144,90,60,23,25,0,0
2024,2024-05-20,Northbound,Heavy Vehicles,30,14,23,24,27,60,112,133,149,172,185,174,183,212,173,170,181,124,89,99,89,101,87,97,0,0
2024,2024-05-20,Southbound,Heavy Vehicles,35,35,35,34,40,82,82,91,112,134,158,165,197,186,130,161,169,155,137,149,113,84,65,68,0,0
2024,2024-05-20,Northbound,Light Vehicles,27,26,14,21,39,114,255,383,478,587,599,576,679,669,674,580,468,345,204,114,114,90,49,20,0,0
2024,2024-05-20,Southbound,All Vehicles,56,48,58,80,119,243,331,369,532,690,820,809,958,809,749,796,740,642,397,293,203,144,88,93,0,0
2024,2024-05-20,Northbound,All Vehicles,57,40,37,45,66,174,367,516,627,759,784,750,862,881,847,750,649,469,293,213,203,191,136,117,0,0
2024,2024-05-21,Southbound,Heavy Vehicles,109,82,97,78,61,93,127,142,131,158,165,176,178,144,155,156,132,140,131,133,109,78,49,59,0,0
2024,2024-05-21,Northbound,Light Vehicles,18,17,9,15,23,87,218,370,454,487,486,525,458,501,503,474,446,303,172,109,77,64,53,26,0,0
2024,2024-05-21,Northbound,Heavy Vehicles,64,59,39,36,31,68,133,151,171,175,152,159,171,163,193,180,181,132,112,108,107,115,112,75,0,0
2024,2024-05-21,Southbound,Light Vehicles,13,14,9,23,49,112,236,281,388,460,513,474,535,493,517,521,463,360,169,120,90,58,25,22,0,0
2024,2024-05-21,Southbound,All Vehicles,122,96,106,101,110,205,363,423,519,618,678,650,713,637,672,677,595,500,300,253,199,136,74,81,0,0
2024,2024-05-21,Northbound,All Vehicles,82,76,48,51,54,155,351,521,625,662,638,684,629,664,696,654,627,435,284,217,184,179,165,101,0,0
2024,2024-05-22,Southbound,Light Vehicles,20,19,11,19,41,118,227,265,390,502,498,513,554,483,487,506,515,366,212,132,94,54,35,18,0,0
2024,2024-05-22,Northbound,Heavy Vehicles,73,61,46,37,41,62,120,168,145,148,180,170,190,182,191,176,183,154,107,113,86,117,121,93,0,0
2024,2024-05-22,Northbound,Light Vehicles,23,18,11,14,24,87,234,378,467,461,491,451,456,532,537,524,466,315,226,141,114,82,69,21,0,0
2024,2024-05-22,Southbound,Heavy Vehicles,78,95,86,66,85,85,122,137,133,169,176,168,161,164,177,181,153,144,129,115,88,86,68,75,0,0
2024,2024-05-22,Southbound,All Vehicles,98,114,97,85,126,203,349,402,523,671,674,681,715,647,664,687,668,510,341,247,182,140,103,93,0,0
2024,2024-05-22,Northbound,All Vehicles,96,79,57,51,65,149,354,546,612,609,671,621,646,714,728,700,649,469,333,254,200,199,190,114,0,0
2024,2024-05-23,Southbound,Light Vehicles,16,11,14,23,48,116,238,310,451,491,607,610,564,550,537,610,573,463,253,144,109,69,43,26,0,0
2024,2024-05-23,Southbound,Heavy Vehicles,98,71,105,85,86,80,127,148,141,165,195,175,188,142,162,154,157,120,131,121,101,61,47,55,0,0
2024,2024-05-23,Northbound,Light Vehicles,29,19,17,13,40,100,229,387,541,477,530,557,478,579,606,604,517,411,254,227,173,108,76,35,0,0
2024,2024-05-23,Northbound,Heavy Vehicles,67,70,46,34,48,55,137,138,157,164,152,175,187,167,186,189,192,147,110,115,87,115,127,87,0,0
2024,2024-05-23,Southbound,All Vehicles,114,82,119,108,134,196,365,458,592,656,802,785,752,692,699,764,730,583,384,265,210,130,90,81,0,0
2024,2024-05-23,Northbound,All Vehicles,96,89,63,47,88,155,366,525,698,641,682,732,665,746,792,793,709,558,364,342,260,223,203,122,0,0
2024,2024-05-24,Southbound,Light Vehicles,17,19,29,37,48,120,249,351,511,636,761,780,803,693,718,720,694,527,280,204,123,75,70,46,0,0
2024,2024-05-24,Northbound,Light Vehicles,32,20,18,16,39,108,234,388,492,595,623,677,698,752,838,830,736,680,557,330,246,169,89,69,0,0
2024,2024-05-24,Northbound,Heavy Vehicles,84,60,49,30,30,69,100,138,146,141,157,164,153,185,187,171,187,145,110,92,80,77,96,83,0,0
2024,2024-05-24,Southbound,Heavy Vehicles,87,103,100,87,77,80,114,159,167,174,206,190,137,172,145,148,117,98,90,68,58,52,51,47,0,0
2024,2024-05-24,Southbound,All Vehicles,104,122,129,124,125,200,363,510,678,810,967,970,940,865,863,868,811,625,370,272,181,127,121,93,0,0
2024,2024-05-24,Northbound,All Vehicles,116,80,67,46,69,177,334,526,638,736,780,841,851,937,1025,1001,923,825,667,422,326,246,185,152,0,0
2024,2024-05-25,Southbound,Light Vehicles,22,23,11,19,34,118,194,405,640,768,772,690,671,609,530,482,360,274,167,130,103,72,40,36,0,0
2024,2024-05-25,Southbound,Heavy Vehicles,51,56,60,45,45,40,66,88,107,97,80,98,88,96,88,68,63,54,58,47,56,34,28,28,0,0
2024,2024-05-25,Northbound,Light Vehicles,28,35,10,17,30,63,138,243,410,586,755,762,719,630,570,507,499,398,288,171,113,92,54,34,0,0
2024,2024-05-25,Northbound,Heavy Vehicles,48,57,28,21,21,31,36,69,88,104,104,104,88,95,90,103,66,68,59,43,37,33,21,22,0,0
2024,2024-05-25,Southbound,All Vehicles,73,79,71,64,79,158,260,493,747,865,852,788,759,705,618,550,423,328,225,177,159,106,68,64,0,0
2024,2024-05-25,Northbound,All Vehicles,76,92,38,38,51,94,174,312,498,690,859,866,807,725,660,610,565,466,347,214,150,125,75,56,0,0
2024,2024-05-26,Southbound,Heavy Vehicles,17,9,16,12,7,13,30,38,55,93,119,139,129,144,129,118,122,129,110,92,79,43,38,36,0,0
2024,2024-05-26,Northbound,Light Vehicles,28,23,24,13,19,49,79,225,312,467,609,737,760,787,777,744,664,555,289,260,149,111,68,54,0,0
2024,2024-05-26,Southbound,Light Vehicles,18,18,15,17,31,42,125,227,397,639,880,961,863,817,829,761,679,426,265,162,121,75,41,29,0,0
2024,2024-05-26,Northbound,Heavy Vehicles,17,13,7,4,12,14,19,46,57,67,105,116,117,131,125,138,129,106,78,72,70,55,38,33,0,0
2024,2024-05-26,Southbound,All Vehicles,35,27,31,29,38,55,155,265,452,732,999,1100,992,961,958,879,801,555,375,254,200,118,79,65,0,0
2024,2024-05-26,Northbound,All Vehicles,45,36,31,17,31,63,98,271,369,534,714,853,877,918,902,882,793,661,367,332,219,166,106,87,0,0
2024,2024-05-27,Northbound,Light Vehicles,28,14,6,16,38,105,252,440,545,578,608,586,602,627,557,599,503,340,212,130,92,65,57,30,0,0
2024,2024-05-27,Southbound,Heavy Vehicles,44,32,31,33,54,66,91,107,127,146,177,160,151,129,148,151,169,139,132,107,131,73,67,53,0,0
2024,2024-05-27,Southbound,Light Vehicles,15,15,15,37,101,150,257,283,421,510,697,639,585,623,564,621,480,394,193,139,89,65,25,24,0,0
2024,2024-05-27,Northbound,Heavy Vehicles,22,22,20,16,32,60,116,118,155,177,173,160,186,194,187,164,144,127,101,69,87,94,97,84,0,0
2024,2024-05-27,Northbound,All Vehicles,50,36,26,32,70,165,368,558,700,755,781,746,788,821,744,763,647,467,313,199,179,159,154,114,0,0
2024,2024-05-27,Southbound,All Vehicles,59,47,46,70,155,216,348,390,548,656,874,799,736,752,712,772,649,533,325,246,220,138,92,77,0,0
2024,2024-05-28,Southbound,Heavy Vehicles,89,93,92,90,79,85,104,144,152,163,169,162,179,150,160,176,172,137,142,114,101,62,59,48,0,0
2024,2024-05-28,Northbound,Light Vehicles,21,16,9,12,20,89,195,365,439,488,453,494,502,537,502,503,461,279,210,114,107,69,54,20,0,0
2024,2024-05-28,Northbound,Heavy Vehicles,76,55,41,35,48,57,121,125,179,156,148,166,164,208,195,186,197,157,139,94,95,128,119,84,0,0
2024,2024-05-28,Southbound,Light Vehicles,14,13,19,22,44,117,187,313,378,445,485,507,517,503,493,504,443,395,191,110,70,59,23,19,0,0
2024,2024-05-28,Southbound,All Vehicles,103,106,111,112,123,202,291,457,530,608,654,669,696,653,653,680,615,532,333,224,171,121,82,67,0,0
2024,2024-05-28,Northbound,All Vehicles,97,71,50,47,68,146,316,490,618,644,601,660,666,745,697,689,658,436,349,208,202,197,173,104,0,0
2024,2024-05-29,Northbound,Light Vehicles,13,15,18,17,32,90,211,379,436,462,445,486,498,537,531,490,496,349,215,144,111,72,48,24,0,0
2024,2024-05-29,Northbound,Heavy Vehicles,76,65,49,24,39,67,126,146,158,143,149,169,201,201,211,168,207,161,131,110,111,117,104,94,0,0
2024,2024-05-29,Southbound,Heavy Vehicles,85,88,91,68,87,84,128,148,150,156,178,138,165,161,133,161,152,141,122,127,86,93,50,73,0,0
2024,2024-05-29,Southbound,Light Vehicles,17,14,13,20,42,117,228,305,365,463,497,524,462,468,493,529,470,372,204,103,88,59,30,20,0,0
2024,2024-05-29,Northbound,All Vehicles,89,80,67,41,71,157,337,525,594,605,594,655,699,738,742,658,703,510,346,254,222,189,152,118,0,0
2024,2024-05-29,Southbound,All Vehicles,102,102,104,88,129,201,356,453,515,619,675,662,627,629,626,690,622,513,326,230,174,152,80,93,0,0
2024,2024-05-30,Northbound,Light Vehicles,11,16,13,14,33,97,220,392,475,505,456,530,538,515,505,571,544,476,322,196,151,83,67,30,0,0
2024,2024-05-30,Southbound,Light Vehicles,16,8,16,18,44,109,256,306,434,501,579,584,549,497,503,581,543,434,239,151,98,70,48,18,0,0
2024,2024-05-30,Southbound,Heavy Vehicles,83,107,106,82,70,95,147,149,143,145,182,174,161,163,167,156,149,156,133,125,89,75,46,66,0,0
2024,2024-05-30,Northbound,Heavy Vehicles,65,73,48,30,37,65,125,149,184,151,151,196,164,188,166,160,182,188,169,101,107,113,107,92,0,0
2024,2024-05-30,Northbound,All Vehicles,76,89,61,44,70,162,345,541,659,656,607,726,702,703,671,731,726,664,491,297,258,196,174,122,0,0
2024,2024-05-30,Southbound,All Vehicles,99,115,122,100,114,204,403,455,577,646,761,758,710,660,670,737,692,590,372,276,187,145,94,84,0,0
2024,2024-05-31,Southbound,Light Vehicles,19,10,20,32,55,107,229,344,474,639,754,773,785,734,690,747,596,536,288,164,122,99,59,40,0,0
2024,2024-05-31,Northbound,Heavy Vehicles,75,63,47,34,37,60,131,119,141,153,138,157,155,186,186,172,161,139,117,85,78,94,81,65,0,0
2024,2024-05-31,Southbound,Heavy Vehicles,84,102,92,85,74,72,102,166,167,197,179,186,181,168,142,166,133,97,101,55,56,51,52,51,0,0
2024,2024-05-31,Northbound,Light Vehicles,24,27,21,14,28,103,194,418,482,523,640,645,650,796,835,730,698,584,448,311,207,141,101,77,0,0
2024,2024-05-31,Southbound,All Vehicles,103,112,112,117,129,179,331,510,641,836,933,959,966,902,832,913,729,633,389,219,178,150,111,91,0,0
2024,2024-05-31,Northbound,All Vehicles,99,90,68,48,65,163,325,537,623,676,778,802,805,982,1021,902,859,723,565,396,285,235,182,142,0,0
2024,2024-06-01,Northbound,Heavy Vehicles,52,50,28,16,18,17,31,48,67,75,66,72,94,61,75,65,71,56,39,40,23,31,23,15,0,0
2024,2024-06-01,Southbound,Light Vehicles,39,25,21,32,28,68,149,231,374,534,587,602,571,491,442,384,300,205,146,81,65,60,39,25,0,0
2024,2024-06-01,Southbound,Heavy Vehicles,46,67,59,48,43,24,38,55,64,63,95,110,81,82,65,74,41,58,56,35,44,27,22,17,0,0
2024,2024-06-01,Northbound,Light Vehicles,66,15,19,16,40,53,83,195,279,404,415,481,433,420,408,372,287,247,184,107,81,58,36,29,0,0
2024,2024-06-01,Northbound,All Vehicles,118,65,47,32,58,70,114,243,346,479,481,553,527,481,483,437,358,303,223,147,104,89,59,44,0,0
2024,2024-06-01,Southbound,All Vehicles,85,92,80,80,71,92,187,286,438,597,682,712,652,573,507,458,341,263,202,116,109,87,61,42,0,0
2024,2024-06-02,Southbound,Light Vehicles,19,17,7,10,26,51,70,196,335,550,738,722,776,735,742,655,635,322,245,141,146,71,34,26,0,0
2024,2024-06-02,Northbound,Heavy Vehicles,15,12,8,8,12,14,22,37,67,69,102,111,115,127,155,107,124,90,95,63,48,48,43,31,0,0
2024,2024-06-02,Southbound,Heavy Vehicles,27,11,7,23,7,18,23,34,45,93,107,116,117,88,122,119,114,112,99,99,70,51,32,37,0,0
2024,2024-06-02,Northbound,Light Vehicles,34,18,15,14,14,40,98,172,241,416,548,689,704,726,746,667,553,442,271,189,139,84,66,31,0,0
2024,2024-06-02,Southbound,All Vehicles,46,28,14,33,33,69,93,230,380,643,845,838,893,823,864,774,749,434,344,240,216,122,66,63,0,0
2024,2024-06-02,Northbound,All Vehicles,49,30,23,22,26,54,120,209,308,485,650,800,819,853,901,774,677,532,366,252,187,132,109,62,0,0
2024,2024-06-03,Southbound,Heavy Vehicles,40,28,33,23,57,68,82,95,100,116,134,137,141,111,107,136,124,115,143,113,122,79,63,53,0,0
2024,2024-06-03,Southbound,Light Vehicles,16,14,13,34,82,139,191,241,352,425,484,483,468,431,429,392,408,312,164,89,86,50,20,17,0,0
2024,2024-06-03,Northbound,Light Vehicles,21,10,10,18,39,110,257,449,516,531,560,578,594,610,592,570,430,323,196,105,73,68,49,32,0,0
2024,2024-06-03,Northbound,Heavy Vehicles,25,29,19,21,33,60,117,163,167,176,158,179,182,181,205,183,160,139,99,71,75,97,94,80,0,0
2024,2024-06-03,Southbound,All Vehicles,56,42,46,57,139,207,273,336,452,541,618,620,609,542,536,528,532,427,307,202,208,129,83,70,0,0
2024,2024-06-03,Northbound,All Vehicles,46,39,29,39,72,170,374,612,683,707,718,757,776,791,797,753,590,462,295,176,148,165,143,112,0,0
2024,2024-06-04,Southbound,Heavy Vehicles,86,79,81,110,68,86,109,157,178,142,150,165,159,179,149,165,138,126,127,109,106,68,53,53,0,0
2024,2024-06-04,Northbound,Heavy Vehicles,68,64,53,25,34,53,121,149,154,176,168,143,185,199,211,227,184,144,114,110,98,130,107,96,0,0
2024,2024-06-04,Northbound,Light Vehicles,27,24,20,9,23,82,218,407,469,467,488,493,521,567,556,497,412,326,199,138,89,46,50,32,0,0
2024,2024-06-04,Southbound,Light Vehicles,13,17,11,15,40,118,179,278,388,423,493,474,485,470,442,488,462,355,179,111,105,58,19,27,0,0
2024,2024-06-04,Southbound,All Vehicles,99,96,92,125,108,204,288,435,566,565,643,639,644,649,591,653,600,481,306,220,211,126,72,80,0,0
2024,2024-06-04,Northbound,All Vehicles,95,88,73,34,57,135,339,556,623,643,656,636,706,766,767,724,596,470,313,248,187,176,157,128,0,0
2024,2024-06-05,Southbound,Light Vehicles,17,13,19,26,46,99,199,303,414,462,578,522,528,510,495,495,510,347,212,91,65,43,34,24,0,0
2024,2024-06-05,Southbound,Heavy Vehicles,86,96,86,72,78,86,125,146,139,183,191,180,196,151,140,162,140,123,137,119,98,60,54,65,0,0
2024,2024-06-05,Northbound,Heavy Vehicles,73,57,57,35,36,63,114,151,184,161,169,172,181,204,215,208,167,145,135,95,97,112,117,95,0,0
2024,2024-06-05,Northbound,Light Vehicles,19,20,19,21,35,103,225,399,518,496,504,517,511,520,528,556,478,325,211,135,100,54,51,47,0,0
2024,2024-06-05,Southbound,All Vehicles,103,109,105,98,124,185,324,449,553,645,769,702,724,661,635,657,650,470,349,210,163,103,88,89,0,0
2024,2024-06-05,Northbound,All Vehicles,92,77,76,56,71,166,339,550,702,657,673,689,692,724,743,764,645,470,346,230,197,166,168,142,0,0
2024,2024-06-06,Northbound,Heavy Vehicles,80,63,42,37,40,63,134,131,136,147,168,180,166,185,158,179,145,141,123,90,116,130,115,95,0,0
2024,2024-06-06,Southbound,Light Vehicles,16,19,16,21,45,109,223,302,413,490,597,587,586,548,579,592,540,438,242,163,111,31,21,74,0,0
2024,2024-06-06,Northbound,Light Vehicles,22,17,20,14,30,87,208,320,424,448,439,462,457,549,516,465,440,354,298,222,203,169,98,109,0,0
2024,2024-06-06,Southbound,Heavy Vehicles,96,98,105,92,71,81,124,139,142,172,170,185,183,191,163,185,152,136,109,115,85,9,7,122,0,0
2024,2024-06-06,Northbound,All Vehicles,102,80,62,51,70,150,342,451,560,595,607,642,623,734,674,644,585,495,421,312,319,299,213,204,0,0
2024,2024-06-06,Southbound,All Vehicles,112,117,121,113,116,190,347,441,555,662,767,772,769,739,742,777,692,574,351,278,196,40,28,196,0,0
2024,2024-06-07,Southbound,Light Vehicles,42,16,18,24,41,124,234,345,450,684,747,761,758,729,705,791,665,612,378,212,148,85,57,45,0,0
2024,2024-06-07,Southbound,Heavy Vehicles,129,103,93,82,81,88,125,145,147,165,166,191,189,153,149,156,111,91,84,80,53,51,40,32,0,0
2024,2024-06-07,Southbound,All Vehicles,171,119,111,106,122,212,359,490,597,849,913,952,947,882,854,947,776,703,462,292,201,136,97,77,0,0
2024,2024-06-08,Northbound,Heavy Vehicles,73,41,34,19,25,22,38,68,93,92,88,106,85,86,85,77,83,59,50,49,32,16,28,15,0,0
2024,2024-06-08,Northbound,Light Vehicles,66,38,47,30,35,81,180,300,471,573,623,668,638,584,596,503,395,322,225,147,120,74,52,36,0,0
2024,2024-06-08,Southbound,Heavy Vehicles,50,88,63,55,41,31,50,63,65,92,97,98,75,91,84,52,56,45,34,47,44,28,28,25,0,0
2024,2024-06-08,Southbound,Light Vehicles,26,36,26,19,37,80,169,353,482,620,680,666,595,516,556,452,389,265,183,137,90,63,48,24,0,0
2024,2024-06-08,Northbound,All Vehicles,139,79,81,49,60,103,218,368,564,665,711,774,723,670,681,580,478,381,275,196,152,90,80,51,0,0
2024,2024-06-08,Southbound,All Vehicles,76,124,89,74,78,111,219,416,547,712,777,764,670,607,640,504,445,310,217,184,134,91,76,49,0,0
2024,2024-06-09,Southbound,Light Vehicles,8,18,12,16,26,44,111,203,362,515,698,759,772,669,733,681,581,441,308,188,130,85,58,38,0,0
2024,2024-06-09,Southbound,Heavy Vehicles,19,8,11,24,8,14,20,39,57,85,99,86,94,96,92,97,102,78,73,67,54,31,27,23,0,0
2024,2024-06-09,Northbound,Light Vehicles,27,21,15,15,15,49,106,155,264,418,492,492,482,482,485,420,376,328,230,118,133,71,53,44,0,0
2024,2024-06-09,Northbound,Heavy Vehicles,14,17,6,5,13,20,26,30,42,63,78,97,102,80,76,109,84,79,61,48,43,40,26,19,0,0
2024,2024-06-09,Southbound,All Vehicles,27,26,23,40,34,58,131,242,419,600,797,845,866,765,825,778,683,519,381,255,184,116,85,61,0,0
2024,2024-06-09,Northbound,All Vehicles,41,38,21,20,28,69,132,185,306,481,570,589,584,562,561,529,460,407,291,166,176,111,79,63,0,0
2024,2024-06-10,Northbound,Heavy Vehicles,25,14,13,7,16,20,35,37,54,72,90,123,112,121,130,131,112,85,76,56,47,36,42,22,0,0
2024,2024-06-10,Northbound,Light Vehicles,38,13,11,20,32,44,104,158,245,410,534,703,720,819,772,719,647,511,363,242,131,115,67,42,0,0
2024,2024-06-10,Northbound,All Vehicles,63,27,24,27,48,64,139,195,299,482,624,826,832,940,902,850,759,596,439,298,178,151,109,64,0,0
2024,2024-06-11,Southbound,Heavy Vehicles,96,85,76,64,89,96,119,115,152,155,158,160,146,147,129,165,122,120,115,115,82,73,53,56,0,0
2024,2024-06-11,Southbound,Light Vehicles,18,18,25,34,92,143,224,307,436,504,582,613,501,572,473,522,445,343,200,114,80,71,23,22,0,0
2024,2024-06-11,Northbound,Heavy Vehicles,27,25,21,21,33,67,131,145,179,150,190,166,193,185,222,184,193,136,109,93,96,102,100,76,0,0
2024,2024-06-11,Northbound,Light Vehicles,35,18,16,17,27,96,251,431,522,518,549,550,542,596,591,530,448,357,203,136,109,58,59,25,0,0
2024,2024-06-11,Southbound,All Vehicles,114,103,101,98,181,239,343,422,588,659,740,773,647,719,602,687,567,463,315,229,162,144,76,78,0,0
2024,2024-06-11,Northbound,All Vehicles,62,43,37,38,60,163,382,576,701,668,739,716,735,781,813,714,641,493,312,229,205,160,159,101,0,0
2024,2024-06-12,Northbound,Light Vehicles,14,13,23,17,22,98,211,401,511,519,477,484,465,508,529,537,430,327,216,135,100,84,42,32,0,0
2024,2024-06-12,Southbound,Light Vehicles,20,14,13,15,47,133,218,300,378,443,493,512,554,509,540,585,499,365,219,140,93,51,27,29,0,0
2024,2024-06-12,Northbound,Heavy Vehicles,78,73,49,25,29,80,121,163,154,162,179,162,179,238,219,226,190,150,134,90,102,97,111,91,0,0
2024,2024-06-12,Southbound,Heavy Vehicles,69,82,93,63,76,93,107,129,145,152,150,181,199,168,144,180,149,145,141,117,98,71,51,63,0,0
2024,2024-06-12,Northbound,All Vehicles,92,86,72,42,51,178,332,564,665,681,656,646,644,746,748,763,620,477,350,225,202,181,153,123,0,0
2024,2024-06-12,Southbound,All Vehicles,89,96,106,78,123,226,325,429,523,595,643,693,753,677,684,765,648,510,360,257,191,122,78,92,0,0
2024,2024-06-13,Northbound,Heavy Vehicles,74,66,51,30,44,71,142,153,187,151,178,186,176,195,204,220,187,157,126,102,110,109,112,92,0,0
2024,2024-06-13,Northbound,Light Vehicles,21,15,14,14,29,106,233,381,471,551,516,499,550,568,551,599,490,402,245,164,130,101,53,40,0,0
2024,2024-06-13,Southbound,Heavy Vehicles,80,94,83,75,74,73,115,134,149,162,173,169,175,193,137,149,129,139,140,110,87,72,60,52,0,0
2024,2024-06-13,Southbound,Light Vehicles,17,20,14,18,39,113,229,294,412,495,565,590,589,536,535,564,504,452,240,161,104,62,33,23,0,0
2024,2024-06-13,Northbound,All Vehicles,95,81,65,44,73,177,375,534,658,702,694,685,726,763,755,819,677,559,371,266,240,210,165,132,0,0
2024,2024-06-13,Southbound,All Vehicles,97,114,97,93,113,186,344,428,561,657,738,759,764,729,672,713,633,591,380,271,191,134,93,75,0,0
2024,2024-06-14,Northbound,Heavy Vehicles,82,62,48,36,39,57,130,143,145,170,151,174,193,196,207,193,191,164,109,93,79,78,94,68,0,0
2024,2024-06-14,Southbound,Light Vehicles,16,18,19,28,50,100,233,332,486,643,736,700,654,739,673,705,639,541,321,189,125,106,60,36,0,0
2024,2024-06-14,Northbound,Light Vehicles,25,23,17,30,37,83,215,380,488,543,555,573,679,706,714,701,582,551,396,294,203,152,104,60,0,0
2024,2024-06-14,Southbound,Heavy Vehicles,81,99,96,73,66,98,127,145,159,176,197,193,178,167,136,166,130,85,86,81,65,45,49,46,0,0
2024,2024-06-14,Northbound,All Vehicles,107,85,65,66,76,140,345,523,633,713,706,747,872,902,921,894,773,715,505,387,282,230,198,128,0,0
2024,2024-06-14,Southbound,All Vehicles,97,117,115,101,116,198,360,477,645,819,933,893,832,906,809,871,769,626,407,270,190,151,109,82,0,0
2024,2024-06-15,Southbound,Heavy Vehicles,52,73,51,45,45,47,46,74,78,92,106,98,122,78,87,66,53,62,47,44,52,37,36,18,0,0
2024,2024-06-15,Northbound,Heavy Vehicles,47,45,25,25,19,21,46,51,72,77,79,82,91,81,83,79,74,53,43,47,32,27,16,19,0,0
2024,2024-06-15,Southbound,Light Vehicles,29,24,26,25,50,88,146,282,466,638,749,705,643,539,520,401,315,268,158,114,85,73,33,30,0,0
2024,2024-06-15,Northbound,Light Vehicles,40,18,13,25,23,42,81,168,276,367,424,454,445,444,454,387,298,240,165,121,91,53,38,43,0,0
2024,2024-06-15,Southbound,All Vehicles,81,97,77,70,95,135,192,356,544,730,855,803,765,617,607,467,368,330,205,158,137,110,69,48,0,0
2024,2024-06-15,Northbound,All Vehicles,87,63,38,50,42,63,127,219,348,444,503,536,536,525,537,466,372,293,208,168,123,80,54,62,0,0
2024,2024-06-16,Southbound,Heavy Vehicles,24,13,12,10,10,17,23,37,58,80,92,127,109,123,118,102,107,128,113,109,76,50,44,43,0,0
2024,2024-06-16,Southbound,Light Vehicles,25,13,16,20,24,45,104,199,348,550,798,844,931,795,716,655,521,414,232,161,110,80,29,28,0,0
2024,2024-06-16,Northbound,Heavy Vehicles,11,15,11,10,12,8,21,45,52,82,100,103,118,119,136,129,103,95,55,66,65,47,39,26,0,0
2024,2024-06-16,Northbound,Light Vehicles,31,22,10,13,16,39,89,162,270,423,530,648,691,786,785,708,556,454,331,280,291,136,71,36,0,0
2024,2024-06-16,Southbound,All Vehicles,49,26,28,30,34,62,127,236,406,630,890,971,1040,918,834,757,628,542,345,270,186,130,73,71,0,0
2024,2024-06-16,Northbound,All Vehicles,42,37,21,23,28,47,110,207,322,505,630,751,809,905,921,837,659,549,386,346,356,183,110,62,0,0
2024,2024-06-17,Southbound,Light Vehicles,19,11,17,33,76,143,209,275,329,426,454,474,438,416,441,448,401,326,170,89,71,54,23,15,0,0
2024,2024-06-17,Northbound,Light Vehicles,22,24,8,21,34,107,241,467,500,538,635,616,618,711,614,611,508,320,194,135,71,69,47,20,0,0
2024,2024-06-17,Northbound,Heavy Vehicles,18,28,28,16,42,73,123,161,159,166,186,176,185,184,215,206,193,145,100,78,77,93,96,74,0,0
2024,2024-06-17,Southbound,Heavy Vehicles,40,28,33,33,53,70,101,97,113,128,127,147,113,161,103,134,151,128,106,120,104,66,58,59,0,0
2024,2024-06-17,Southbound,All Vehicles,59,39,50,66,129,213,310,372,442,554,581,621,551,577,544,582,552,454,276,209,175,120,81,74,0,0
2024,2024-06-17,Northbound,All Vehicles,40,52,36,37,76,180,364,628,659,704,821,792,803,895,829,817,701,465,294,213,148,162,143,94,0,0
2024,2024-06-18,Southbound,Light Vehicles,10,14,24,19,43,108,222,273,334,400,511,487,535,512,472,509,466,366,198,110,67,62,37,19,0,0
2024,2024-06-18,Northbound,Heavy Vehicles,74,65,36,34,36,70,127,156,184,156,152,157,171,206,190,223,176,155,106,102,95,94,108,76,0,0
2024,2024-06-18,Southbound,Heavy Vehicles,82,88,104,77,87,84,116,140,143,166,164,179,157,155,115,179,143,143,127,132,101,74,52,62,0,0
2024,2024-06-18,Northbound,Light Vehicles,23,23,11,15,24,88,204,379,444,433,465,436,443,529,491,504,425,316,221,135,88,64,43,37,0,0
2024,2024-06-18,Southbound,All Vehicles,92,102,128,96,130,192,338,413,477,566,675,666,692,667,587,688,609,509,325,242,168,136,89,81,0,0
2024,2024-06-18,Northbound,All Vehicles,97,88,47,49,60,158,331,535,628,589,617,593,614,735,681,727,601,471,327,237,183,158,151,113,0,0
2024,2024-06-19,Southbound,Light Vehicles,9,4,6,22,32,103,216,311,407,451,509,524,500,476,530,486,508,374,225,140,67,64,38,20,0,0
2024,2024-06-19,Southbound,Heavy Vehicles,77,89,85,77,69,96,124,144,136,130,178,183,167,172,147,142,167,137,140,115,89,81,53,61,0,0
2024,2024-06-19,Northbound,Light Vehicles,22,16,19,19,33,66,244,351,439,479,469,407,512,500,525,572,448,341,210,155,100,74,49,36,0,0
2024,2024-06-19,Northbound,Heavy Vehicles,72,63,54,26,40,72,101,121,158,148,147,139,164,184,226,212,194,166,105,98,90,128,131,74,0,0
2024,2024-06-19,Southbound,All Vehicles,86,93,91,99,101,199,340,455,543,581,687,707,667,648,677,628,675,511,365,255,156,145,91,81,0,0
2024,2024-06-19,Northbound,All Vehicles,94,79,73,45,73,138,345,472,597,627,616,546,676,684,751,784,642,507,315,253,190,202,180,110,0,0
2024,2024-06-20,Northbound,Heavy Vehicles,79,73,42,24,44,76,135,137,172,172,149,189,177,204,223,230,199,146,123,109,101,118,112,88,0,0
2024,2024-06-20,Southbound,Light Vehicles,13,15,14,32,58,106,216,289,430,517,596,623,583,520,536,597,548,430,250,158,79,54,30,34,0,0
2024,2024-06-20,Northbound,Light Vehicles,21,16,21,16,31,70,227,361,474,493,536,535,575,612,625,625,533,401,309,188,153,126,70,36,0,0
2024,2024-06-20,Southbound,Heavy Vehicles,85,105,93,62,88,100,112,144,135,166,203,158,192,159,171,174,143,111,121,123,92,85,41,52,0,0
2024,2024-06-20,Northbound,All Vehicles,100,89,63,40,75,146,362,498,646,665,685,724,752,816,848,855,732,547,432,297,254,244,182,124,0,0
2024,2024-06-20,Southbound,All Vehicles,98,120,107,94,146,206,328,433,565,683,799,781,775,679,707,771,691,541,371,281,171,139,71,86,0,0
2024,2024-06-21,Southbound,Heavy Vehicles,90,87,91,87,62,86,107,143,145,161,193,210,185,192,169,164,104,108,89,82,72,54,52,54,0,0
2024,2024-06-21,Northbound,Heavy Vehicles,74,61,56,36,34,55,107,112,136,126,116,150,136,143,136,141,119,111,79,72,81,81,91,69,0,0
2024,2024-06-21,Southbound,Light Vehicles,25,28,26,34,44,123,207,341,466,646,774,758,812,792,757,743,645,527,316,176,114,94,74,53,0,0
2024,2024-06-21,Northbound,Light Vehicles,18,24,18,23,36,84,198,298,373,398,462,468,479,531,535,485,494,367,346,260,162,111,83,40,0,0
2024,2024-06-21,Southbound,All Vehicles,115,115,117,121,106,209,314,484,611,807,967,968,997,984,926,907,749,635,405,258,186,148,126,107,0,0
2024,2024-06-21,Northbound,All Vehicles,92,85,74,59,70,139,305,410,509,524,578,618,615,674,671,626,613,478,425,332,243,192,174,109,0,0
2024,2024-06-22,Southbound,Heavy Vehicles,50,50,68,38,37,44,54,76,78,85,91,123,127,119,96,81,57,52,43,42,56,45,32,23,0,0
2024,2024-06-22,Southbound,Light Vehicles,36,38,24,24,37,101,163,288,482,700,738,774,774,652,626,573,385,265,153,133,97,78,56,26,0,0
2024,2024-06-22,Northbound,Heavy Vehicles,51,39,27,19,24,20,46,57,86,92,95,98,85,81,92,105,85,76,53,36,24,33,18,22,0,0
2024,2024-06-22,Northbound,Light Vehicles,38,28,21,14,27,45,126,241,427,558,631,669,626,571,459,547,472,369,221,131,126,90,73,58,0,0
2024,2024-06-22,Southbound,All Vehicles,86,88,92,62,74,145,217,364,560,785,829,897,901,771,722,654,442,317,196,175,153,123,88,49,0,0
2024,2024-06-22,Northbound,All Vehicles,89,67,48,33,51,65,172,298,513,650,726,767,711,652,551,652,557,445,274,167,150,123,91,80,0,0
2024,2024-06-23,Southbound,Light Vehicles,26,14,14,11,22,61,90,207,364,566,820,918,900,947,841,673,584,375,294,169,100,72,34,17,0,0
2024,2024-06-23,Northbound,Heavy Vehicles,22,9,10,7,8,12,22,39,58,91,96,109,108,154,145,101,124,88,54,64,51,47,28,29,0,0
2024,2024-06-23,Southbound,Heavy Vehicles,25,9,13,9,9,13,26,35,64,84,119,115,117,139,127,115,108,106,100,99,84,48,38,46,0,0
2024,2024-06-23,Northbound,Light Vehicles,32,18,12,14,15,25,66,146,298,453,557,705,744,799,819,772,577,428,310,230,170,92,68,41,0,0
2024,2024-06-23,Southbound,All Vehicles,51,23,27,20,31,74,116,242,428,650,939,1033,1017,1086,968,788,692,481,394,268,184,120,72,63,0,0
2024,2024-06-23,Northbound,All Vehicles,54,27,22,21,23,37,88,185,356,544,653,814,852,953,964,873,701,516,364,294,221,139,96,70,0,0
2024,2024-06-24,Southbound,Light Vehicles,13,21,24,33,76,112,210,255,350,450,487,514,520,463,435,458,396,302,193,121,59,63,28,16,0,0
2024,2024-06-24,Northbound,Heavy Vehicles,15,20,30,19,31,54,120,152,157,145,153,160,176,162,210,189,177,135,103,77,76,102,98,90,0,0
2024,2024-06-24,Southbound,Heavy Vehicles,40,34,33,28,40,74,88,102,100,127,140,122,129,125,118,127,156,115,111,129,91,57,81,65,0,0
2024,2024-06-24,Northbound,Light Vehicles,19,19,17,20,27,123,267,440,537,541,648,629,662,679,604,619,493,349,189,124,75,65,38,25,0,0
2024,2024-06-24,Southbound,All Vehicles,53,55,57,61,116,186,298,357,450,577,627,636,649,588,553,585,552,417,304,250,150,120,109,81,0,0
2024,2024-06-24,Northbound,All Vehicles,34,39,47,39,58,177,387,592,694,686,801,789,838,841,814,808,670,484,292,201,151,167,136,115,0,0
2024,2024-06-25,Southbound,Light Vehicles,11,13,22,21,52,133,238,276,381,457,511,552,488,460,506,543,483,388,222,123,75,64,36,29,0,0
2024,2024-06-25,Northbound,Heavy Vehicles,65,64,34,30,44,63,130,167,156,151,144,167,154,186,182,225,188,143,129,101,94,142,99,93,0,0
2024,2024-06-25,Southbound,Heavy Vehicles,79,86,84,81,70,90,111,143,158,156,162,166,185,146,130,178,154,135,109,112,92,83,63,55,0,0
2024,2024-06-25,Northbound,Light Vehicles,15,17,11,22,34,84,203,404,426,468,481,512,527,508,506,481,476,314,193,134,83,66,64,29,0,0
2024,2024-06-25,Southbound,All Vehicles,90,99,106,102,122,223,349,419,539,613,673,718,673,606,636,721,637,523,331,235,167,147,99,84,0,0
2024,2024-06-25,Northbound,All Vehicles,80,81,45,52,78,147,333,571,582,619,625,679,681,694,688,706,664,457,322,235,177,208,163,122,0,0
2024,2024-06-26,Southbound,Heavy Vehicles,76,78,89,83,78,91,128,144,147,150,162,178,164,151,153,151,139,120,115,122,118,58,62,63,0,0
2024,2024-06-26,Northbound,Heavy Vehicles,72,61,47,34,36,62,150,140,154,161,164,143,172,204,190,236,200,143,111,104,93,107,89,110,0,0
2024,2024-06-26,Northbound,Light Vehicles,20,16,15,17,20,88,233,384,434,482,514,525,480,532,532,545,446,355,229,135,101,77,67,30,0,0
2024,2024-06-26,Southbound,Light Vehicles,10,14,18,25,48,120,226,299,389,466,529,559,524,512,536,533,482,384,205,123,70,47,25,26,0,0
2024,2024-06-26,Southbound,All Vehicles,86,92,107,108,126,211,354,443,536,616,691,737,688,663,689,684,621,504,320,245,188,105,87,89,0,0
2024,2024-06-26,Northbound,All Vehicles,92,77,62,51,56,150,383,524,588,643,678,668,652,736,722,781,646,498,340,239,194,184,156,140,0,0
2024,2024-06-27,Northbound,Light Vehicles,16,17,19,24,33,95,216,385,475,530,568,606,618,627,637,636,538,427,303,212,148,127,69,35,0,0
2024,2024-06-27,Northbound,Heavy Vehicles,71,66,50,33,43,69,134,149,179,151,183,182,199,204,246,219,189,145,133,102,105,112,109,95,0,0
2024,2024-06-27,Southbound,Heavy Vehicles,93,106,78,75,83,92,137,148,148,170,182,189,178,207,151,171,147,119,113,114,96,72,59,59,0,0
2024,2024-06-27,Southbound,Light Vehicles,25,17,13,32,45,104,245,329,425,523,609,584,629,550,599,564,496,412,250,160,125,67,47,21,0,0
2024,2024-06-27,Northbound,All Vehicles,87,83,69,57,76,164,350,534,654,681,751,788,817,831,883,855,727,572,436,314,253,239,178,130,0,0
2024,2024-06-27,Southbound,All Vehicles,118,123,91,107,128,196,382,477,573,693,791,773,807,757,750,735,643,531,363,274,221,139,106,80,0,0
2024,2024-06-28,Southbound,Heavy Vehicles,72,104,90,86,60,67,121,140,147,182,202,186,187,146,151,124,165,91,83,68,60,47,42,51,0,0
2024,2024-06-28,Northbound,Heavy Vehicles,85,64,43,27,41,61,140,139,156,174,187,178,193,178,210,178,161,180,101,77,71,75,85,88,0,0
2024,2024-06-28,Northbound,Light Vehicles,27,21,17,18,33,115,240,422,493,580,654,692,735,790,802,806,745,697,448,320,223,189,112,78,0,0
2024,2024-06-28,Southbound,Light Vehicles,17,24,19,28,51,113,208,328,471,676,778,761,730,705,727,771,668,554,315,199,159,109,55,51,0,0
2024,2024-06-28,Southbound,All Vehicles,89,128,109,114,111,180,329,468,618,858,980,947,917,851,878,895,833,645,398,267,219,156,97,102,0,0
2024,2024-06-28,Northbound,All Vehicles,112,85,60,45,74,176,380,561,649,754,841,870,928,968,1012,984,906,877,549,397,294,264,197,166,0,0
2024,2024-06-29,Northbound,Light Vehicles,29,20,16,22,33,62,134,228,376,516,622,687,669,571,542,464,417,351,211,178,138,134,128,45,0,0
2024,2024-06-29,Southbound,Heavy Vehicles,62,68,67,42,51,27,66,71,73,89,97,79,90,78,76,74,51,35,53,45,35,33,31,21,0,0
2024,2024-06-29,Northbound,Heavy Vehicles,54,45,33,21,29,28,49,46,74,73,85,99,92,79,82,83,83,69,40,34,20,34,21,22,0,0
2024,2024-06-29,Southbound,Light Vehicles,42,24,22,19,49,79,180,309,573,717,706,675,615,529,498,400,311,259,151,108,80,71,47,34,0,0
2024,2024-06-29,Northbound,All Vehicles,83,65,49,43,62,90,183,274,450,589,707,786,761,650,624,547,500,420,251,212,158,168,149,67,0,0
2024,2024-06-29,Southbound,All Vehicles,104,92,89,61,100,106,246,380,646,806,803,754,705,607,574,474,362,294,204,153,115,104,78,55,0,0
2024,2024-06-30,Northbound,Heavy Vehicles,18,11,7,6,17,10,30,43,60,88,90,109,89,146,114,133,99,82,58,57,40,40,45,24,0,0
2024,2024-06-30,Northbound,Light Vehicles,36,21,6,18,25,43,105,196,289,433,542,586,596,611,587,538,462,373,274,188,136,62,69,33,0,0
2024,2024-06-30,Southbound,Light Vehicles,17,16,12,22,30,57,112,212,416,633,802,926,849,829,728,627,524,314,231,153,100,60,45,40,0,0
2024,2024-06-30,Southbound,Heavy Vehicles,27,13,18,19,15,21,20,41,70,89,121,124,133,117,93,117,82,106,92,98,70,52,45,45,0,0
2024,2024-06-30,Northbound,All Vehicles,54,32,13,24,42,53,135,239,349,521,632,695,685,757,701,671,561,455,332,245,176,102,114,57,0,0
2024,2024-06-30,Southbound,All Vehicles,44,29,30,41,45,78,132,253,486,722,923,1050,982,946,821,744,606,420,323,251,170,112,90,85,0,0
2024,2024-07-01,Northbound,Light Vehicles,25,18,20,19,45,121,262,472,555,628,591,697,804,797,694,591,509,354,218,136,83,77,34,32,0,0
2024,2024-07-01,Northbound,Heavy Vehicles,19,24,21,20,31,74,120,131,145,147,132,180,200,175,188,189,183,123,90,84,89,93,104,69,0,0
2024,2024-07-01,Southbound,Light Vehicles,13,16,21,26,75,127,197,249,343,451,512,548,493,492,444,411,394,336,164,102,81,61,31,22,0,0
2024,2024-07-01,Southbound,Heavy Vehicles,37,25,29,31,45,73,95,127,128,139,141,142,138,106,119,118,94,100,111,121,136,91,67,57,0,0
2024,2024-07-01,Northbound,All Vehicles,44,42,41,39,76,195,382,603,700,775,723,877,1004,972,882,780,692,477,308,220,172,170,138,101,0,0
2024,2024-07-01,Southbound,All Vehicles,50,41,50,57,120,200,292,376,471,590,653,690,631,598,563,529,488,436,275,223,217,152,98,79,0,0
2024,2024-07-02,Southbound,Heavy Vehicles,62,99,85,75,73,87,100,117,150,146,156,154,158,153,132,171,141,125,131,99,103,90,71,51,0,0
2024,2024-07-02,Northbound,Light Vehicles,18,15,8,14,22,86,197,372,414,532,572,543,539,557,541,469,498,339,189,125,104,84,46,38,0,0
2024,2024-07-02,Northbound,Heavy Vehicles,79,59,46,25,44,49,117,124,173,143,197,157,206,174,179,174,161,143,119,109,89,100,100,84,0,0
2024,2024-07-02,Southbound,Light Vehicles,11,19,18,32,50,110,189,271,406,443,507,559,496,503,447,462,449,327,196,117,81,59,31,22,0,0
2024,2024-07-02,Southbound,All Vehicles,73,118,103,107,123,197,289,388,556,589,663,713,654,656,579,633,590,452,327,216,184,149,102,73,0,0
2024,2024-07-02,Northbound,All Vehicles,97,74,54,39,66,135,314,496,587,675,769,700,745,731,720,643,659,482,308,234,193,184,146,122,0,0
2024,2024-07-03,Southbound,Heavy Vehicles,67,91,91,75,81,71,134,112,118,154,178,168,158,157,133,182,162,116,112,116,107,77,58,56,0,0
2024,2024-07-03,Northbound,Light Vehicles,23,23,18,10,36,95,204,362,440,535,591,509,587,650,576,561,493,381,235,119,120,91,66,38,0,0
2024,2024-07-03,Northbound,Heavy Vehicles,64,67,40,28,33,46,94,148,153,148,163,150,159,187,192,191,190,167,122,123,81,102,105,91,0,0
2024,2024-07-03,Southbound,Light Vehicles,18,13,21,22,40,95,193,295,366,455,546,551,543,536,471,467,455,326,209,124,90,61,36,18,0,0
2024,2024-07-03,Southbound,All Vehicles,85,104,112,97,121,166,327,407,484,609,724,719,701,693,604,649,617,442,321,240,197,138,94,74,0,0
2024,2024-07-03,Northbound,All Vehicles,87,90,58,38,69,141,298,510,593,683,754,659,746,837,768,752,683,548,357,242,201,193,171,129,0,0
2024,2024-07-04,Southbound,Light Vehicles,11,16,17,29,41,98,217,295,392,471,598,625,607,563,580,601,538,415,247,143,100,81,46,34,0,0
2024,2024-07-04,Northbound,Light Vehicles,22,32,20,17,30,78,230,399,516,593,662,657,675,721,703,688,626,481,326,242,174,148,88,43,0,0
2024,2024-07-04,Southbound,Heavy Vehicles,92,109,84,77,63,83,116,145,126,184,161,177,171,176,163,159,130,118,103,95,96,78,63,42,0,0
2024,2024-07-04,Northbound,Heavy Vehicles,78,62,48,38,46,70,124,136,154,174,178,173,199,184,208,224,207,176,137,115,88,130,108,86,0,0
2024,2024-07-04,Southbound,All Vehicles,103,125,101,106,104,181,333,440,518,655,759,802,778,739,743,760,668,533,350,238,196,159,109,76,0,0
2024,2024-07-04,Northbound,All Vehicles,100,94,68,55,76,148,354,535,670,767,840,830,874,905,911,912,833,657,463,357,262,278,196,129,0,0
2024,2024-07-05,Southbound,Light Vehicles,27,21,21,19,49,110,213,330,502,715,895,924,842,776,759,730,711,571,324,222,139,114,58,41,0,0
2024,2024-07-05,Southbound,Heavy Vehicles,73,103,84,85,68,72,90,161,131,162,211,201,158,151,135,152,105,83,99,69,52,47,46,42,0,0
2024,2024-07-05,Northbound,Light Vehicles,38,39,27,27,41,115,256,477,636,698,846,868,782,847,1059,882,783,721,519,371,298,207,121,68,0,0
2024,2024-07-05,Northbound,Heavy Vehicles,79,58,52,35,24,66,115,125,162,170,148,173,162,186,232,177,194,136,124,113,76,80,86,72,0,0
2024,2024-07-05,Southbound,All Vehicles,100,124,105,104,117,182,303,491,633,877,1106,1125,1000,927,894,882,816,654,423,291,191,161,104,83,0,0
2024,2024-07-05,Northbound,All Vehicles,117,97,79,62,65,181,371,602,798,868,994,1041,944,1033,1291,1059,977,857,643,484,374,287,207,140,0,0
2024,2024-07-06,Northbound,Light Vehicles,49,34,28,21,34,95,183,366,543,729,870,913,870,855,836,772,657,476,343,199,128,98,94,51,0,0
2024,2024-07-06,Northbound,Heavy Vehicles,46,54,29,16,27,24,49,61,89,94,125,121,114,98,133,109,81,70,60,52,36,32,29,20,0,0
2024,2024-07-06,Southbound,Heavy Vehicles,58,81,50,50,39,38,55,62,68,83,115,110,91,96,99,82,69,65,46,50,62,44,27,29,0,0
2024,2024-07-06,Southbound,Light Vehicles,53,32,14,25,31,91,165,308,535,756,832,809,711,684,640,525,401,322,199,109,110,79,35,33,0,0
2024,2024-07-06,Northbound,All Vehicles,95,88,57,37,61,119,232,427,632,823,995,1034,984,953,969,881,738,546,403,251,164,130,123,71,0,0
2024,2024-07-06,Southbound,All Vehicles,111,113,64,75,70,129,220,370,603,839,947,919,802,780,739,607,470,387,245,159,172,123,62,62,0,0
2024,2024-07-07,Southbound,Light Vehicles,17,17,13,19,30,61,117,213,403,707,884,986,957,868,875,739,587,430,259,190,111,78,37,28,0,0
2024,2024-07-07,Northbound,Light Vehicles,23,19,22,21,19,72,121,248,418,606,786,956,968,1077,934,826,755,533,388,275,177,123,87,44,0,0
2024,2024-07-07,Southbound,Heavy Vehicles,23,12,15,13,13,17,19,43,59,95,99,131,94,144,125,108,95,109,76,97,74,60,39,37,0,0
2024,2024-07-07,Northbound,Heavy Vehicles,20,12,6,4,9,17,21,33,65,88,114,133,142,143,157,153,135,79,96,62,67,54,33,24,0,0
2024,2024-07-07,Southbound,All Vehicles,40,29,28,32,43,78,136,256,462,802,983,1117,1051,1012,1000,847,682,539,335,287,185,138,76,65,0,0
2024,2024-07-07,Northbound,All Vehicles,43,31,28,25,28,89,142,281,483,694,900,1089,1110,1220,1091,979,890,612,484,337,244,177,120,68,0,0
2024,2024-07-08,Northbound,Heavy Vehicles,26,22,19,21,19,46,115,102,181,143,158,196,181,188,192,189,154,147,114,98,88,86,92,72,0,0
2024,2024-07-08,Northbound,Light Vehicles,30,26,14,22,35,121,268,451,568,678,824,804,834,829,778,700,589,429,311,203,110,78,56,25,0,0
2024,2024-07-08,Southbound,Light Vehicles,32,23,19,38,81,129,243,281,436,594,769,694,721,660,659,656,593,421,205,146,93,75,35,21,0,0
2024,2024-07-08,Southbound,Heavy Vehicles,40,24,30,35,56,48,96,116,121,142,179,178,164,164,144,171,167,125,123,154,102,98,59,68,0,0
2024,2024-07-08,Northbound,All Vehicles,56,48,33,43,54,167,383,553,749,821,982,1000,1015,1017,970,889,743,576,425,301,198,164,148,97,0,0
2024,2024-07-08,Southbound,All Vehicles,72,47,49,73,137,177,339,397,557,736,948,872,885,824,803,827,760,546,328,300,195,173,94,89,0,0
2024,2024-07-09,Southbound,Light Vehicles,8,19,16,24,37,120,208,262,391,501,630,696,565,555,579,569,493,382,177,113,87,78,36,20,0,0
2024,2024-07-09,Northbound,Heavy Vehicles,71,60,48,29,49,44,99,118,143,174,178,127,164,151,194,186,175,156,117,103,83,118,100,73,0,0
2024,2024-07-09,Northbound,Light Vehicles,26,21,11,19,28,85,226,371,458,544,591,611,637,597,633,556,525,370,247,164,108,80,58,29,0,0
2024,2024-07-09,Southbound,Heavy Vehicles,65,93,86,78,68,79,103,112,138,131,158,141,163,174,141,152,162,125,125,128,105,78,66,56,0,0
2024,2024-07-09,Southbound,All Vehicles,73,112,102,102,105,199,311,374,529,632,788,837,728,729,720,721,655,507,302,241,192,156,102,76,0,0
2024,2024-07-09,Northbound,All Vehicles,97,81,59,48,77,129,325,489,601,718,769,738,801,748,827,742,700,526,364,267,191,198,158,102,0,0
2024,2024-07-10,Northbound,Heavy Vehicles,74,59,44,28,38,50,131,138,161,165,192,169,201,225,198,238,182,166,113,113,105,102,100,90,0,0
2024,2024-07-10,Northbound,Light Vehicles,19,23,11,22,29,88,234,383,474,548,704,693,671,690,689,610,538,414,269,175,169,90,71,46,0,0
2024,2024-07-10,Southbound,Heavy Vehicles,81,93,84,75,75,82,114,136,150,160,156,180,169,156,168,163,170,122,133,120,111,76,52,59,0,0
2024,2024-07-10,Southbound,Light Vehicles,18,17,11,16,47,120,230,262,410,543,670,649,635,572,626,574,557,396,263,139,105,61,34,34,0,0
2024,2024-07-10,Northbound,All Vehicles,93,82,55,50,67,138,365,521,635,713,896,862,872,915,887,848,720,580,382,288,274,192,171,136,0,0
2024,2024-07-10,Southbound,All Vehicles,99,110,95,91,122,202,344,398,560,703,826,829,804,728,794,737,727,518,396,259,216,137,86,93,0,0
2024,2024-07-11,Southbound,Light Vehicles,19,17,17,26,64,116,220,334,472,626,717,793,693,676,706,750,625,454,295,175,102,89,64,20,0,0
2024,2024-07-11,Southbound,Heavy Vehicles,94,124,76,80,74,76,140,128,175,173,220,194,178,176,167,183,156,115,130,111,96,92,46,53,0,0
2024,2024-07-11,Northbound,Light Vehicles,34,23,20,19,32,116,235,412,540,629,745,729,663,761,788,688,611,476,366,242,173,154,79,57,0,0
2024,2024-07-11,Northbound,Heavy Vehicles,67,73,37,29,42,65,127,139,167,181,171,203,205,223,218,228,196,164,129,92,98,121,100,85,0,0
2024,2024-07-11,Southbound,All Vehicles,113,141,93,106,138,192,360,462,647,799,937,987,871,852,873,933,781,569,425,286,198,181,110,73,0,0
2024,2024-07-11,Northbound,All Vehicles,101,96,57,48,74,181,362,551,707,810,916,932,868,984,1006,916,807,640,495,334,271,275,179,142,0,0
2024,2024-07-12,Southbound,Light Vehicles,25,22,28,33,55,113,235,363,559,794,959,1035,1012,886,905,871,734,658,380,236,140,87,46,31,0,0
2024,2024-07-12,Northbound,Light Vehicles,36,26,18,24,42,119,243,378,559,659,807,850,822,898,1010,973,858,693,510,470,271,196,128,59,0,0
2024,2024-07-12,Northbound,Heavy Vehicles,74,67,47,20,39,61,112,142,130,140,156,162,174,162,214,180,186,154,101,99,70,100,81,84,0,0
2024,2024-07-12,Southbound,Heavy Vehicles,85,112,78,73,59,75,103,122,126,184,207,164,151,176,150,176,128,103,89,81,61,39,45,34,0,0
2024,2024-07-12,Southbound,All Vehicles,110,134,106,106,114,188,338,485,685,978,1166,1199,1163,1062,1055,1047,862,761,469,317,201,126,91,65,0,0
2024,2024-07-12,Northbound,All Vehicles,110,93,65,44,81,180,355,520,689,799,963,1012,996,1060,1224,1153,1044,847,611,569,341,296,209,143,0,0
2024,2024-07-13,Southbound,Heavy Vehicles,63,70,64,46,31,44,52,64,89,106,116,120,124,102,99,88,86,63,62,62,52,38,31,18,0,0
2024,2024-07-13,Northbound,Heavy Vehicles,64,38,24,13,34,21,40,44,68,101,110,109,107,105,95,86,94,73,52,32,37,33,21,8,0,0
2024,2024-07-13,Southbound,Light Vehicles,24,17,19,21,37,97,207,376,622,815,1019,1002,860,820,781,671,494,353,262,158,113,82,59,33,0,0
2024,2024-07-13,Northbound,Light Vehicles,37,24,31,19,35,86,126,293,491,690,879,884,871,830,811,764,686,512,356,218,141,126,68,32,0,0
2024,2024-07-13,Southbound,All Vehicles,87,87,83,67,68,141,259,440,711,921,1135,1122,984,922,880,759,580,416,324,220,165,120,90,51,0,0
2024,2024-07-13,Northbound,All Vehicles,101,62,55,32,69,107,166,337,559,791,989,993,978,935,906,850,780,585,408,250,178,159,89,40,0,0
2024,2024-07-14,Northbound,Heavy Vehicles,19,14,12,7,13,15,29,34,58,91,122,122,139,154,158,145,113,101,57,59,73,51,39,27,0,0
2024,2024-07-14,Southbound,Light Vehicles,26,20,18,11,23,59,143,271,451,745,1025,1147,1158,1126,1107,934,735,501,353,221,140,67,46,29,0,0
2024,2024-07-14,Northbound,Light Vehicles,22,25,16,24,33,47,110,223,365,529,750,934,893,987,1014,922,758,558,332,245,245,144,76,50,0,0
2024,2024-07-14,Southbound,Heavy Vehicles,21,13,10,11,15,17,29,40,70,90,127,131,140,153,131,131,126,104,111,107,90,61,37,46,0,0
2024,2024-07-14,Northbound,All Vehicles,41,39,28,31,46,62,139,257,423,620,872,1056,1032,1141,1172,1067,871,659,389,304,318,195,115,77,0,0
2024,2024-07-14,Southbound,All Vehicles,47,33,28,22,38,76,172,311,521,835,1152,1278,1298,1279,1238,1065,861,605,464,328,230,128,83,75,0,0
2024,2024-07-15,Northbound,Heavy Vehicles,22,25,22,16,38,54,122,122,138,175,163,178,180,205,187,222,197,142,110,96,77,88,92,97,0,0
2024,2024-07-15,Northbound,Light Vehicles,29,19,12,16,47,107,275,435,540,598,726,793,812,795,670,912,634,422,258,163,135,86,59,29,0,0
2024,2024-07-15,Southbound,Light Vehicles,21,16,17,33,86,127,221,274,388,520,606,655,622,557,582,531,302,390,215,145,99,52,24,14,0,0
2024,2024-07-15,Southbound,Heavy Vehicles,39,28,32,24,48,66,88,96,118,132,152,144,141,125,118,136,119,107,115,126,110,93,62,64,0,0
2024,2024-07-15,Northbound,All Vehicles,51,44,34,32,85,161,397,557,678,773,889,971,992,1000,857,1134,831,564,368,259,212,174,151,126,0,0
2024,2024-07-15,Southbound,All Vehicles,60,44,49,57,134,193,309,370,506,652,758,799,763,682,700,667,421,497,330,271,209,145,86,78,0,0
2024,2024-07-16,Northbound,Light Vehicles,19,23,23,12,25,85,236,353,460,498,631,691,691,630,667,583,525,362,270,177,99,110,81,37,0,0
2024,2024-07-16,Northbound,Heavy Vehicles,74,56,42,25,43,60,132,132,181,144,170,182,175,205,207,209,197,138,133,110,51,94,132,87,0,0
2024,2024-07-16,Southbound,Heavy Vehicles,80,87,75,82,63,93,103,133,152,148,133,122,144,128,132,141,121,125,96,114,81,65,49,69,0,0
2024,2024-07-16,Southbound,Light Vehicles,23,14,12,16,42,108,182,287,365,456,428,459,542,550,552,484,420,370,212,108,86,58,32,30,0,0
2024,2024-07-16,Northbound,All Vehicles,93,79,65,37,68,145,368,485,641,642,801,873,866,835,874,792,722,500,403,287,150,204,213,124,0,0
2024,2024-07-16,Southbound,All Vehicles,103,101,87,98,105,201,285,420,517,604,561,581,686,678,684,625,541,495,308,222,167,123,81,99,0,0
2024,2024-07-17,Northbound,Light Vehicles,23,26,9,15,30,94,229,381,482,553,610,665,607,688,675,665,574,399,234,142,124,105,61,45,0,0
2024,2024-07-17,Southbound,Heavy Vehicles,71,98,101,58,65,71,121,139,150,132,145,150,118,127,134,157,131,127,106,116,97,68,70,60,0,0
2024,2024-07-17,Northbound,Heavy Vehicles,80,58,49,31,40,54,140,142,165,143,166,176,165,178,215,196,205,161,107,72,93,115,113,93,0,0
2024,2024-07-17,Southbound,Light Vehicles,13,12,14,18,48,90,196,286,404,484,581,554,565,538,551,518,446,360,187,102,80,54,27,30,0,0
2024,2024-07-17,Northbound,All Vehicles,103,84,58,46,70,148,369,523,647,696,776,841,772,866,890,861,779,560,341,214,217,220,174,138,0,0
2024,2024-07-17,Southbound,All Vehicles,84,110,115,76,113,161,317,425,554,616,726,704,683,665,685,675,577,487,293,218,177,122,97,90,0,0
2024,2024-07-18,Southbound,Light Vehicles,22,19,9,16,49,105,223,341,469,665,759,872,755,764,695,731,615,469,283,184,128,73,53,41,0,0
2024,2024-07-18,Northbound,Light Vehicles,20,19,14,15,14,85,203,362,490,532,613,630,643,697,765,673,571,479,317,238,178,121,85,47,0,0
2024,2024-07-18,Southbound,Heavy Vehicles,83,93,95,82,65,91,121,143,147,180,203,187,201,170,168,189,165,125,110,113,93,61,54,48,0,0
2024,2024-07-18,Northbound,Heavy Vehicles,81,57,50,29,41,61,133,153,177,134,181,176,180,204,225,194,184,184,130,118,107,84,104,90,0,0
2024,2024-07-18,Southbound,All Vehicles,105,112,104,98,114,196,344,484,616,845,962,1059,956,934,863,920,780,594,393,297,221,134,107,89,0,0
2024,2024-07-18,Northbound,All Vehicles,101,76,64,44,55,146,336,515,667,666,794,806,823,901,990,867,755,663,447,356,285,205,189,137,0,0
2024,2024-07-19,Southbound,Heavy Vehicles,69,128,89,80,66,83,119,141,150,187,216,230,179,195,186,,135,124,83,73,88,43,49,39,0,0
2024,2024-07-19,Northbound,Light Vehicles,30,24,27,14,33,90,236,389,459,590,698,764,808,821,878,842,741,614,525,320,237,186,140,77,0,0
2024,2024-07-19,Southbound,Light Vehicles,15,24,24,39,69,115,251,363,553,846,986,1031,981,1003,1006,,847,646,359,222,168,110,65,50,0,0
2024,2024-07-19,Northbound,Heavy Vehicles,73,69,43,23,35,66,113,130,144,147,178,166,154,203,177,188,176,123,121,92,72,95,75,84,0,0
2024,2024-07-19,Southbound,All Vehicles,84,152,113,119,135,198,370,504,703,1033,1202,1261,1160,1198,1192,,982,770,442,295,256,153,114,89,0,0
2024,2024-07-19,Northbound,All Vehicles,103,93,70,37,68,156,349,519,603,737,876,930,962,1024,1055,1030,917,737,646,412,309,281,215,161,0,0
2024,2024-07-20,Southbound,Light Vehicles,31,28,34,24,56,83,160,332,488,679,728,796,747,641,631,539,424,315,212,150,125,,29,34,0,0
2024,2024-07-20,Northbound,Heavy Vehicles,51,50,24,21,29,28,37,65,76,92,99,118,110,113,99,88,92,82,60,43,27,36,22,21,0,0
2024,2024-07-20,Southbound,Heavy Vehicles,48,67,52,51,38,30,39,76,71,75,96,102,92,95,68,77,61,47,50,49,41,,33,20,0,0
2024,2024-07-20,Northbound,Light Vehicles,50,22,29,34,34,55,128,231,469,525,704,819,778,681,725,628,568,430,245,171,148,150,100,42,0,0
2024,2024-07-20,Southbound,All Vehicles,79,95,86,75,94,113,199,408,559,754,824,898,839,736,699,616,485,362,262,199,166,,62,54,0,0
2024,2024-07-20,Northbound,All Vehicles,101,72,53,55,63,83,165,296,545,617,803,937,888,794,824,716,660,512,305,214,175,186,122,63,0,0
2024,2024-07-21,Southbound,Heavy Vehicles,16,14,15,14,18,15,28,47,62,104,129,143,128,132,109,121,106,138,148,103,83,55,37,38,0,0
2024,2024-07-21,Northbound,Light Vehicles,21,12,13,14,16,41,92,174,312,497,659,820,874,896,893,772,669,534,373,239,181,128,66,43,0,0
2024,2024-07-21,Southbound,Light Vehicles,18,16,13,18,40,62,123,264,474,725,1026,1057,1007,1004,899,824,661,468,338,217,171,118,54,32,0,0
2024,2024-07-21,Northbound,Heavy Vehicles,16,15,7,6,12,14,19,33,56,84,105,121,133,131,153,114,135,84,78,63,60,55,37,30,0,0
2024,2024-07-21,Southbound,All Vehicles,34,30,28,32,58,77,151,311,536,829,1155,1200,1135,1136,1008,945,767,606,486,320,254,173,91,70,0,0
2024,2024-07-21,Northbound,All Vehicles,37,27,20,20,28,55,111,207,368,581,764,941,1007,1027,1046,886,804,618,451,302,241,183,103,73,0,0
2024,2024-07-22,Northbound,Heavy Vehicles,15,21,17,22,36,48,111,144,147,164,194,196,171,198,202,181,182,129,98,84,86,99,85,90,0,0
2024,2024-07-22,Southbound,Heavy Vehicles,46,30,35,31,64,64,105,122,136,164,184,165,158,151,158,160,207,135,134,121,117,66,79,74,0,0
2024,2024-07-22,Northbound,Light Vehicles,24,21,24,19,38,102,264,405,487,576,686,630,655,718,678,653,532,340,273,134,94,77,55,23,0,0
2024,2024-07-22,Southbound,Light Vehicles,23,25,18,37,104,151,241,329,439,602,714,731,716,675,661,626,601,417,221,154,96,69,34,12,0,0
2024,2024-07-22,Northbound,All Vehicles,39,42,41,41,74,150,375,549,634,740,880,826,826,916,880,834,714,469,371,218,180,176,140,113,0,0
2024,2024-07-22,Southbound,All Vehicles,69,55,53,68,168,215,346,451,575,766,898,896,874,826,819,786,808,552,355,275,213,135,113,86,0,0
2024,2024-07-23,Northbound,Light Vehicles,25,14,14,12,35,94,194,364,423,478,513,542,520,338,592,516,457,325,210,134,107,61,57,29,0,0
2024,2024-07-23,Northbound,Heavy Vehicles,65,61,45,33,35,52,143,160,161,137,137,163,190,128,226,211,163,150,103,86,93,119,112,88,0,0
2024,2024-07-23,Southbound,Light Vehicles,18,14,25,25,62,127,220,310,403,462,488,574,538,543,484,492,459,397,208,105,93,56,36,23,0,0
2024,2024-07-23,Southbound,Heavy Vehicles,67,105,88,80,67,82,113,111,155,166,163,183,175,157,161,170,148,162,131,112,119,65,71,58,0,0
2024,2024-07-23,Northbound,All Vehicles,90,75,59,45,70,146,337,524,584,615,650,705,710,466,818,727,620,475,313,220,200,180,169,117,0,0
2024,2024-07-23,Southbound,All Vehicles,85,119,113,105,129,209,333,421,558,628,651,757,713,700,645,662,607,559,339,217,212,121,107,81,0,0
2024,2024-07-24,Northbound,Light Vehicles,12,16,18,16,25,78,227,367,466,475,506,480,496,555,530,595,502,337,235,149,106,95,60,34,0,0
2024,2024-07-24,Southbound,Heavy Vehicles,86,89,85,70,78,72,120,145,143,161,167,183,178,160,151,194,155,153,130,138,85,75,68,49,0,0
2024,2024-07-24,Southbound,Light Vehicles,7,15,21,18,46,110,234,274,403,477,524,556,542,493,508,505,514,384,212,134,93,55,32,30,0,0
2024,2024-07-24,Northbound,Heavy Vehicles,68,63,33,35,39,61,144,149,167,127,170,180,156,182,207,219,196,160,118,121,86,125,98,95,0,0
2024,2024-07-24,Northbound,All Vehicles,80,79,51,51,64,139,371,516,633,602,676,660,652,737,737,814,698,497,353,270,192,220,158,129,0,0
2024,2024-07-24,Southbound,All Vehicles,93,104,106,88,124,182,354,419,546,638,691,739,720,653,659,699,669,537,342,272,178,130,100,79,0,0
2024,2024-07-25,Southbound,Light Vehicles,12,18,17,23,46,98,205,306,452,507,606,601,598,560,581,574,538,,269,176,121,75,39,26,0,0
2024,2024-07-25,Northbound,Light Vehicles,25,18,10,26,21,106,232,363,481,431,546,581,598,646,624,617,484,415,245,213,164,92,65,84,0,0
2024,2024-07-25,Northbound,Heavy Vehicles,83,64,41,31,37,66,138,139,164,124,155,170,213,213,229,229,213,147,134,100,69,48,45,58,0,0
2024,2024-07-25,Southbound,Heavy Vehicles,74,98,102,91,60,79,129,142,142,162,181,179,154,166,176,181,159,,137,122,82,97,59,60,0,0
2024,2024-07-25,Southbound,All Vehicles,86,116,119,114,106,177,334,448,594,669,787,780,752,726,757,755,697,,406,298,203,172,98,86,0,0
2024,2024-07-25,Northbound,All Vehicles,108,82,51,57,58,172,370,502,645,555,701,751,811,859,853,846,697,562,379,313,233,140,110,142,0,0
2024,2024-07-26,Southbound,Light Vehicles,26,22,16,24,44,109,241,336,452,698,800,836,777,703,716,710,666,565,347,239,147,65,51,54,0,0
2024,2024-07-26,Northbound,Heavy Vehicles,109,68,68,39,114,77,111,129,170,163,185,171,194,179,197,167,175,161,112,98,83,93,85,64,0,0
2024,2024-07-26,Northbound,Light Vehicles,53,39,25,24,27,113,201,422,499,648,740,724,748,781,823,822,729,618,438,338,239,159,126,62,0,0
2024,2024-07-26,Southbound,Heavy Vehicles,53,84,81,84,67,81,106,168,148,163,207,196,186,156,160,139,133,100,71,68,82,51,32,50,0,0
2024,2024-07-26,Southbound,All Vehicles,79,106,97,108,111,190,347,504,600,861,1007,1032,963,859,876,849,799,665,418,307,229,116,83,104,0,0
2024,2024-07-26,Northbound,All Vehicles,162,107,93,63,141,190,312,551,669,811,925,895,942,960,1020,989,904,779,550,436,322,252,211,126,0,0
2024,2024-07-27,Northbound,Heavy Vehicles,62,34,26,24,26,36,28,62,86,87,125,111,111,93,87,83,87,75,64,32,32,31,25,16,0,0
2024,2024-07-27,Southbound,Light Vehicles,19,24,17,16,35,78,221,367,560,732,799,774,751,608,555,427,318,251,163,131,117,72,46,40,0,0
2024,2024-07-27,Southbound,Heavy Vehicles,40,56,64,52,44,39,50,71,100,131,114,129,127,92,80,89,65,57,46,45,52,35,38,33,0,0
2024,2024-07-27,Northbound,Light Vehicles,34,18,15,26,36,60,123,257,441,563,691,681,698,690,554,502,444,364,237,159,103,90,62,44,0,0
2024,2024-07-27,Northbound,All Vehicles,96,52,41,50,62,96,151,319,527,650,816,792,809,783,641,585,531,439,301,191,135,121,87,60,0,0
2024,2024-07-27,Southbound,All Vehicles,59,80,81,68,79,117,271,438,660,863,913,903,878,700,635,516,383,308,209,176,169,107,84,73,0,0
2024,2024-07-28,Northbound,Heavy Vehicles,12,14,5,8,16,16,29,58,71,85,109,113,117,118,148,140,116,117,72,63,67,55,33,27,0,0
2024,2024-07-28,Southbound,Light Vehicles,21,14,17,22,25,75,168,313,456,710,856,1015,905,874,858,744,557,396,278,183,124,53,43,25,0,0
2024,2024-07-28,Southbound,Heavy Vehicles,20,14,9,19,14,25,37,65,68,93,120,127,124,122,119,104,86,102,109,102,83,59,41,41,0,0
2024,2024-07-28,Northbound,Light Vehicles,25,18,15,14,25,38,90,209,298,480,632,730,795,757,794,749,650,467,317,209,162,110,69,39,0,0
2024,2024-07-28,Northbound,All Vehicles,37,32,20,22,41,54,119,267,369,565,741,843,912,875,942,889,766,584,389,272,229,165,102,66,0,0
2024,2024-07-28,Southbound,All Vehicles,41,28,26,41,39,100,205,378,524,803,976,1142,1029,996,977,848,643,498,387,285,207,112,84,66,0,0
2024,2024-07-29,Southbound,Light Vehicles,20,23,18,30,90,135,247,294,402,594,664,765,682,504,541,530,503,367,213,121,86,51,37,25,0,0
2024,2024-07-29,Southbound,Heavy Vehicles,39,25,28,34,66,69,121,113,114,141,170,169,163,144,143,142,147,123,136,142,98,88,50,56,0,0
2024,2024-07-29,Northbound,Heavy Vehicles,23,21,20,17,29,66,101,139,171,144,138,178,174,183,190,193,163,135,116,80,90,105,88,85,0,0
2024,2024-07-29,Northbound,Light Vehicles,19,22,20,19,45,108,227,436,554,524,623,586,593,604,633,647,476,307,196,122,104,101,55,26,0,0
2024,2024-07-29,Southbound,All Vehicles,59,48,46,64,156,204,368,407,516,735,834,934,845,648,684,672,650,490,349,263,184,139,87,81,0,0
2024,2024-07-29,Northbound,All Vehicles,42,43,40,36,74,174,328,575,725,668,761,764,767,787,823,840,639,442,312,202,194,206,143,111,0,0
2024,2024-07-30,Southbound,Light Vehicles,13,15,11,21,57,115,194,292,391,473,503,533,534,430,463,449,447,367,229,113,92,46,29,27,0,0
2024,2024-07-30,Northbound,Light Vehicles,18,15,11,17,23,69,193,370,413,452,480,452,493,491,499,469,416,280,186,138,87,79,48,26,0,0
2024,2024-07-30,Southbound,Heavy Vehicles,96,92,94,79,74,75,151,130,147,182,197,184,166,144,156,161,147,132,112,117,121,81,43,72,0,0
2024,2024-07-30,Northbound,Heavy Vehicles,76,56,35,24,39,64,115,169,149,144,173,183,204,213,163,206,186,134,111,109,93,112,106,82,0,0
2024,2024-07-30,Southbound,All Vehicles,109,107,105,100,131,190,345,422,538,655,700,717,700,574,619,610,594,499,341,230,213,127,72,99,0,0
2024,2024-07-30,Northbound,All Vehicles,94,71,46,41,62,133,308,539,562,596,653,635,697,704,662,675,602,414,297,247,180,191,154,108,0,0
2024,2024-07-31,Northbound,Light Vehicles,21,22,10,20,21,82,232,351,461,538,545,555,558,585,559,534,443,346,234,154,123,104,55,40,0,0
2024,2024-07-31,Southbound,Light Vehicles,11,11,19,16,40,116,241,310,399,484,518,589,532,505,512,518,514,363,214,114,75,49,24,16,0,0
2024,2024-07-31,Northbound,Heavy Vehicles,67,73,45,45,33,61,132,167,207,145,169,165,165,173,245,235,184,146,128,108,85,109,121,102,0,0
2024,2024-07-31,Southbound,Heavy Vehicles,75,97,93,66,96,86,140,153,150,164,196,176,150,162,130,178,146,139,133,109,103,73,64,63,0,0
2024,2024-07-31,Northbound,All Vehicles,88,95,55,65,54,143,364,518,668,683,714,720,723,758,804,769,627,492,362,262,208,213,176,142,0,0
2024,2024-07-31,Southbound,All Vehicles,86,108,112,82,136,202,381,463,549,648,714,765,682,667,642,696,660,502,347,223,178,122,88,79,0,0
2024,2024-08-01,Southbound,Heavy Vehicles,85,95,99,88,74,73,144,132,170,173,178,184,194,165,141,168,167,140,108,96,113,73,52,57,0,0
2024,2024-08-01,Northbound,Heavy Vehicles,75,61,45,38,42,78,108,161,196,198,190,181,169,207,217,241,192,162,135,107,98,126,96,94,0,0
2024,2024-08-01,Northbound,Light Vehicles,26,27,12,14,41,90,217,448,571,606,702,691,695,640,686,675,530,422,296,224,177,132,81,46,0,0
2024,2024-08-01,Southbound,Light Vehicles,17,24,22,26,44,106,237,328,419,531,604,585,571,541,561,588,474,456,240,139,109,77,35,22,0,0
2024,2024-08-01,Southbound,All Vehicles,102,119,121,114,118,179,381,460,589,704,782,769,765,706,702,756,641,596,348,235,222,150,87,79,0,0
2024,2024-08-01,Northbound,All Vehicles,101,88,57,52,83,168,325,609,767,804,892,872,864,847,903,916,722,584,431,331,275,258,177,140,0,0
2024,2024-08-02,Northbound,Light Vehicles,33,30,21,19,34,110,223,415,588,628,629,733,741,785,833,774,724,585,471,330,240,160,114,72,0,0
2024,2024-08-02,Southbound,Light Vehicles,12,23,17,20,48,94,240,333,535,622,728,834,703,710,738,708,667,508,316,190,148,94,47,39,0,0
2024,2024-08-02,Northbound,Heavy Vehicles,83,66,44,43,37,62,119,163,132,159,155,175,195,174,197,218,188,148,118,83,66,97,79,72,0,0
2024,2024-08-02,Southbound,Heavy Vehicles,95,83,95,83,77,66,113,137,176,151,163,186,184,177,131,150,107,82,88,74,71,54,56,31,0,0
2024,2024-08-02,Northbound,All Vehicles,116,96,65,62,71,172,342,578,720,787,784,908,936,959,1030,992,912,733,589,413,306,257,193,144,0,0
2024,2024-08-02,Southbound,All Vehicles,107,106,112,103,125,160,353,470,711,773,891,1020,887,887,869,858,774,590,404,264,219,148,103,70,0,0
2024,2024-08-03,Northbound,Light Vehicles,36,25,16,20,37,58,128,250,457,563,648,664,640,650,723,592,593,448,263,177,115,97,55,39,0,0
2024,2024-08-03,Southbound,Light Vehicles,24,21,18,24,34,79,147,301,513,663,788,768,686,643,550,518,447,328,205,138,114,76,50,31,0,0
2024,2024-08-03,Southbound,Heavy Vehicles,61,60,59,51,34,36,56,61,91,100,127,120,88,93,91,77,62,52,46,48,55,46,39,21,0,0
2024,2024-08-03,Northbound,Heavy Vehicles,67,43,28,17,20,30,38,57,81,85,103,98,86,105,92,110,108,83,60,38,29,26,26,13,0,0
2024,2024-08-03,Northbound,All Vehicles,103,68,44,37,57,88,166,307,538,648,751,762,726,755,815,702,701,531,323,215,144,123,81,52,0,0
2024,2024-08-03,Southbound,All Vehicles,85,81,77,75,68,115,203,362,604,763,915,888,774,736,641,595,509,380,251,186,169,122,89,52,0,0
2024,2024-08-04,Northbound,Heavy Vehicles,17,11,10,6,10,15,17,55,59,63,104,105,104,136,134,140,150,102,93,79,72,61,45,27,0,0
2024,2024-08-04,Southbound,Heavy Vehicles,18,16,14,14,12,22,20,50,77,100,133,142,154,157,125,149,,156,137,131,86,54,33,34,0,0
2024,2024-08-04,Southbound,Light Vehicles,16,19,17,21,29,61,117,238,421,653,787,896,970,910,955,1040,,533,378,194,126,72,48,29,0,0
2024,2024-08-04,Northbound,Light Vehicles,26,17,17,12,17,37,107,237,330,499,561,699,676,690,741,672,700,498,359,251,184,117,62,34,0,0
2024,2024-08-04,Northbound,All Vehicles,43,28,27,18,27,52,124,292,389,562,665,804,780,826,875,812,850,600,452,330,256,178,107,61,0,0
2024,2024-08-04,Southbound,All Vehicles,34,35,31,35,41,83,137,288,498,753,920,1038,1124,1067,1080,1189,,689,515,325,212,126,81,63,0,0
2024,2024-08-05,Southbound,Light Vehicles,22,15,26,39,101,140,261,310,476,653,770,864,738,669,648,578,486,400,206,116,73,54,37,23,0,0
2024,2024-08-05,Northbound,Heavy Vehicles,21,14,22,17,40,64,113,112,137,125,145,163,180,185,164,199,171,116,91,103,155,104,108,79,0,0
2024,2024-08-05,Southbound,Heavy Vehicles,46,32,22,39,47,69,102,129,105,188,179,194,195,176,136,176,154,160,110,130,122,96,77,64,0,0
2024,2024-08-05,Northbound,Light Vehicles,18,21,20,20,38,99,225,360,461,422,498,532,561,633,594,583,518,361,232,181,175,75,50,35,0,0
2024,2024-08-05,Southbound,All Vehicles,68,47,48,78,148,209,363,439,581,841,949,1058,933,845,784,754,640,560,316,246,195,150,114,87,0,0
2024,2024-08-05,Northbound,All Vehicles,39,35,42,37,78,163,338,472,598,547,643,695,741,818,758,782,689,477,323,284,330,179,158,114,0,0
2024,2024-08-06,Southbound,Light Vehicles,17,11,12,19,49,117,207,296,403,470,520,497,538,469,455,503,,326,,119,75,57,36,21,0,0
2024,2024-08-06,Northbound,Heavy Vehicles,63,59,48,38,42,50,138,155,183,144,174,132,142,191,192,188,172,147,115,82,110,118,109,76,0,0
2024,2024-08-06,Southbound,Heavy Vehicles,101,81,95,73,60,91,127,133,178,162,177,161,151,161,143,149,,122,,106,108,87,51,70,0,0
2024,2024-08-06,Northbound,Light Vehicles,28,18,9,13,30,83,204,417,438,477,480,477,443,529,505,554,416,315,197,133,87,65,55,41,0,0
2024,2024-08-06,Southbound,All Vehicles,118,92,107,92,109,208,334,429,581,632,697,658,689,630,598,652,,448,,225,183,144,87,91,0,0
2024,2024-08-06,Northbound,All Vehicles,91,77,57,51,72,133,342,572,621,621,654,609,585,720,697,742,588,462,312,215,197,183,164,117,0,0
2024,2024-08-07,Northbound,Heavy Vehicles,76,69,52,32,28,65,135,166,165,148,162,143,171,221,202,209,198,154,113,83,100,112,103,94,0,0
2024,2024-08-07,Southbound,Heavy Vehicles,93,93,90,76,72,96,129,144,158,163,175,172,171,179,130,160,155,152,137,126,99,78,72,54,0,0
2024,2024-08-07,Southbound,Light Vehicles,15,14,14,21,55,106,218,298,376,474,519,571,512,485,518,480,461,379,195,122,82,73,39,14,0,0
2024,2024-08-07,Northbound,Light Vehicles,17,16,9,11,28,90,206,387,477,479,498,472,472,501,549,543,494,345,220,144,111,78,59,42,0,0
2024,2024-08-07,Northbound,All Vehicles,93,85,61,43,56,155,341,553,642,627,660,615,643,722,751,752,692,499,333,227,211,190,162,136,0,0
2024,2024-08-07,Southbound,All Vehicles,108,107,104,97,127,202,347,442,534,637,694,743,683,664,648,640,616,531,332,248,181,151,111,68,0,0
2024,2024-08-08,Southbound,Heavy Vehicles,86,109,88,73,67,84,136,146,160,176,194,189,174,188,152,169,163,125,106,119,84,90,47,50,0,0
2024,2024-08-08,Southbound,Light Vehicles,18,15,11,22,46,115,209,323,457,524,610,607,566,567,611,603,560,441,264,139,110,74,30,28,0,0
2024,2024-08-08,Northbound,Heavy Vehicles,53,51,60,63,41,71,131,144,158,199,175,176,187,194,207,235,196,160,109,105,95,111,76,106,0,0
2024,2024-08-08,Northbound,Light Vehicles,16,18,12,19,30,87,200,334,466,504,545,545,557,680,598,605,549,391,314,172,163,105,70,53,0,0
2024,2024-08-08,Southbound,All Vehicles,104,124,99,95,113,199,345,469,617,700,804,796,740,755,763,772,723,566,370,258,194,164,77,78,0,0
2024,2024-08-08,Northbound,All Vehicles,69,69,72,82,71,158,331,478,624,703,720,721,744,874,805,840,745,551,423,277,258,216,146,159,0,0
2024,2024-08-09,Northbound,Light Vehicles,30,26,12,28,41,103,222,393,519,524,667,620,695,736,784,754,641,630,429,362,209,187,100,70,0,0
2024,2024-08-09,Northbound,Heavy Vehicles,70,69,53,34,34,61,112,145,141,142,160,173,179,172,210,195,154,164,111,85,82,74,85,72,0,0
2024,2024-08-09,Southbound,Heavy Vehicles,86,91,85,85,71,88,108,124,162,186,210,188,176,155,158,159,117,105,91,78,64,53,37,46,0,0
2024,2024-08-09,Southbound,Light Vehicles,20,15,23,30,67,110,224,362,533,638,791,827,778,686,695,770,721,572,315,203,160,89,58,36,0,0
2024,2024-08-09,Northbound,All Vehicles,100,95,65,62,75,164,334,538,660,666,827,793,874,908,994,949,795,794,540,447,291,261,185,142,0,0
2024,2024-08-09,Southbound,All Vehicles,106,106,108,115,138,198,332,486,695,824,1001,1015,954,841,853,929,838,677,406,281,224,142,95,82,0,0
2024,2024-08-10,Southbound,Heavy Vehicles,45,72,58,38,42,43,61,65,87,122,116,119,94,83,88,78,71,64,46,51,41,41,31,18,0,0
2024,2024-08-10,Southbound,Light Vehicles,32,22,25,34,39,74,164,364,548,697,781,707,670,609,569,565,399,289,192,130,89,91,59,40,0,0
2024,2024-08-10,Northbound,Light Vehicles,43,30,25,20,25,72,105,241,453,552,654,712,629,604,563,532,476,330,248,174,99,89,49,40,0,0
2024,2024-08-10,Northbound,Heavy Vehicles,58,36,30,19,27,20,31,69,88,102,95,102,102,107,94,89,89,67,59,49,27,32,24,16,0,0
2024,2024-08-10,Southbound,All Vehicles,77,94,83,72,81,117,225,429,635,819,897,826,764,692,657,643,470,353,238,181,130,132,90,58,0,0
2024,2024-08-10,Northbound,All Vehicles,101,66,55,39,52,92,136,310,541,654,749,814,731,711,657,621,565,397,307,223,126,121,73,56,0,0
2024,2024-08-11,Southbound,Light Vehicles,21,14,10,22,30,41,124,224,403,624,842,950,891,900,752,792,598,359,229,199,111,64,39,32,0,0
2024,2024-08-11,Southbound,Heavy Vehicles,16,16,10,19,9,18,35,48,70,97,126,147,141,135,141,121,130,119,91,109,96,62,31,38,0,0
2024,2024-08-11,Northbound,Heavy Vehicles,13,8,10,15,5,11,35,44,48,94,97,99,112,110,135,124,114,74,86,69,47,50,36,28,0,0
2024,2024-08-11,Northbound,Light Vehicles,32,19,17,12,25,46,121,172,274,471,578,645,722,731,755,731,617,441,395,248,211,108,78,31,0,0
2024,2024-08-11,Southbound,All Vehicles,37,30,20,41,39,59,159,272,473,721,968,1097,1032,1035,893,913,728,478,320,308,207,126,70,70,0,0
2024,2024-08-11,Northbound,All Vehicles,45,27,27,27,30,57,156,216,322,565,675,744,834,841,890,855,731,515,481,317,258,158,114,59,0,0
2024,2024-08-12,Southbound,Heavy Vehicles,44,19,22,32,60,61,99,128,139,180,180,202,181,175,152,152,126,148,109,118,116,79,60,59,0,0
2024,2024-08-12,Northbound,Light Vehicles,27,21,20,15,30,106,257,471,507,511,577,584,667,682,641,646,467,331,208,136,97,67,49,32,0,0
2024,2024-08-12,Southbound,Light Vehicles,14,27,18,42,105,156,263,327,461,549,657,681,600,641,546,553,470,407,213,112,88,67,35,17,0,0
2024,2024-08-12,Northbound,Heavy Vehicles,23,23,23,15,31,60,116,164,150,143,167,159,200,194,214,187,173,129,97,111,66,108,103,92,0,0
2024,2024-08-12,Southbound,All Vehicles,58,46,40,74,165,217,362,455,600,729,837,883,781,816,698,705,596,555,322,230,204,146,95,76,0,0
2024,2024-08-12,Northbound,All Vehicles,50,44,43,30,61,166,373,635,657,654,744,743,867,876,855,833,640,460,305,247,163,175,152,124,0,0
2024,2024-08-13,Southbound,Light Vehicles,7,13,12,15,43,122,225,312,406,529,564,580,520,447,494,496,447,370,185,113,72,55,25,31,0,0
2024,2024-08-13,Northbound,Heavy Vehicles,65,59,41,31,40,57,115,164,148,147,173,159,144,149,174,169,182,144,106,84,97,95,102,75,0,0
2024,2024-08-13,Northbound,Light Vehicles,18,21,9,13,23,87,197,361,436,435,495,483,477,535,509,544,426,317,210,143,97,58,51,48,0,0
2024,2024-08-13,Southbound,Heavy Vehicles,66,97,67,87,66,95,118,150,143,160,177,170,156,135,123,164,139,136,124,106,119,79,58,71,0,0
2024,2024-08-13,Southbound,All Vehicles,73,110,79,102,109,217,343,462,549,689,741,750,676,582,617,660,586,506,309,219,191,134,83,102,0,0
2024,2024-08-13,Northbound,All Vehicles,83,80,50,44,63,144,312,525,584,582,668,642,621,684,683,713,608,461,316,227,194,153,153,123,0,0
2024,2024-08-14,Northbound,Heavy Vehicles,55,69,44,39,29,54,109,132,159,134,134,157,193,214,210,170,183,138,138,90,90,112,111,84,0,0
2024,2024-08-14,Northbound,Light Vehicles,19,14,18,13,19,95,209,381,463,479,459,454,482,558,540,479,449,317,209,127,93,78,60,26,0,0
2024,2024-08-14,Southbound,Light Vehicles,18,13,30,17,45,97,206,294,374,443,574,567,561,503,,479,447,347,203,112,82,56,27,24,0,0
2024,2024-08-14,Southbound,Heavy Vehicles,96,83,82,79,62,82,100,139,164,161,178,170,160,149,,157,121,115,105,101,86,72,55,51,0,0
2024,2024-08-14,Northbound,All Vehicles,74,83,62,52,48,149,318,513,622,613,593,611,675,772,750,649,632,455,347,217,183,190,171,110,0,0
2024,2024-08-14,Southbound,All Vehicles,114,96,112,96,107,179,306,433,538,604,752,737,721,652,,636,568,462,308,213,168,128,82,75,0,0
2024,2024-08-15,Northbound,Light Vehicles,26,16,14,22,43,101,215,388,510,517,530,550,579,599,619,607,545,413,285,178,157,108,59,42,0,0
2024,2024-08-15,Southbound,Light Vehicles,20,22,15,23,32,125,237,329,462,549,651,586,567,549,553,529,540,471,241,153,105,63,33,29,0,0
2024,2024-08-15,Northbound,Heavy Vehicles,78,68,44,36,43,63,127,123,172,161,159,147,179,187,209,201,165,160,106,104,92,116,97,88,0,0
2024,2024-08-15,Southbound,Heavy Vehicles,82,85,78,65,41,65,127,131,137,173,162,174,157,144,150,145,130,130,119,114,107,79,67,60,0,0
2024,2024-08-15,Northbound,All Vehicles,104,84,58,58,86,164,342,511,682,678,689,697,758,786,828,808,710,573,391,282,249,224,156,130,0,0
2024,2024-08-15,Southbound,All Vehicles,102,107,93,88,73,190,364,460,599,722,813,760,724,693,703,674,670,601,360,267,212,142,100,89,0,0
2024,2024-08-16,Northbound,Light Vehicles,29,30,18,21,35,117,226,401,522,634,557,755,754,802,859,810,693,614,490,364,236,182,101,74,0,0
2024,2024-08-16,Southbound,Light Vehicles,16,15,16,21,51,90,239,369,563,684,750,807,768,680,669,692,684,502,317,,118,82,68,44,0,0
2024,2024-08-16,Southbound,Heavy Vehicles,88,98,89,80,65,70,123,108,121,179,183,206,175,153,156,138,154,92,85,,54,63,45,40,0,0
2024,2024-08-16,Northbound,Heavy Vehicles,76,65,53,37,32,44,104,142,139,158,134,209,185,178,225,194,164,155,125,103,98,97,81,78,0,0
2024,2024-08-16,Northbound,All Vehicles,105,95,71,58,67,161,330,543,661,792,691,964,939,980,1084,1004,857,769,615,467,334,279,182,152,0,0
2024,2024-08-16,Southbound,All Vehicles,104,113,105,101,116,160,362,477,684,863,933,1013,943,833,825,830,838,594,402,,172,145,113,84,0,0
2024,2024-08-17,Northbound,Heavy Vehicles,71,39,27,23,25,28,40,60,81,95,112,104,104,82,88,101,88,77,55,39,33,23,26,14,0,0
2024,2024-08-17,Southbound,Light Vehicles,31,24,18,22,32,76,187,279,494,589,669,684,622,656,584,498,388,272,215,138,123,79,36,25,0,0
2024,2024-08-17,Northbound,Light Vehicles,42,31,15,26,35,65,129,232,405,581,673,776,689,621,602,593,576,465,260,167,124,93,53,45,0,0
2024,2024-08-17,Southbound,Heavy Vehicles,54,63,58,45,33,37,59,44,83,100,117,99,101,106,85,60,59,45,45,55,66,45,30,24,0,0
2024,2024-08-17,Northbound,All Vehicles,113,70,42,49,60,93,169,292,486,676,785,880,793,703,690,694,664,542,315,206,157,116,79,59,0,0
2024,2024-08-17,Southbound,All Vehicles,85,87,76,67,65,113,246,323,577,689,786,783,723,762,669,558,447,317,260,193,189,124,66,49,0,0
2024,2024-08-18,Southbound,Heavy Vehicles,29,24,10,18,13,16,21,37,63,79,101,133,139,150,138,115,117,116,,111,86,45,29,42,0,0
2024,2024-08-18,Northbound,Light Vehicles,25,17,15,15,20,55,105,202,298,519,599,691,743,747,784,704,610,469,295,236,160,107,69,35,0,0
2024,2024-08-18,Southbound,Light Vehicles,18,18,18,13,23,66,110,226,403,677,832,920,921,868,797,705,621,427,,186,130,86,28,31,0,0
2024,2024-08-18,Northbound,Heavy Vehicles,20,17,10,9,9,15,35,39,53,82,98,120,125,127,114,119,130,93,72,70,60,46,36,25,0,0
2024,2024-08-18,Southbound,All Vehicles,47,42,28,31,36,82,131,263,466,756,933,1053,1060,1018,935,820,738,543,,297,216,131,57,73,0,0
2024,2024-08-18,Northbound,All Vehicles,45,34,25,24,29,70,140,241,351,601,697,811,868,874,898,823,740,562,367,306,220,153,105,60,0,0
2024,2024-08-19,Southbound,Heavy Vehicles,32,36,28,38,64,77,103,128,116,161,163,173,185,166,146,145,144,156,131,135,109,83,55,55,0,0
2024,2024-08-19,Northbound,Light Vehicles,15,15,21,18,29,95,247,449,506,539,590,563,627,647,556,554,403,334,205,129,88,85,56,35,0,0
2024,2024-08-19,Southbound,Light Vehicles,30,20,27,24,85,148,243,316,481,597,668,668,668,587,572,580,485,366,226,162,89,58,35,16,0,0
2024,2024-08-19,Northbound,Heavy Vehicles,17,23,16,18,43,56,124,136,168,126,164,166,167,193,204,170,153,154,88,101,65,100,95,82,0,0
2024,2024-08-19,Southbound,All Vehicles,62,56,55,62,149,225,346,444,597,758,831,841,853,753,718,725,629,522,357,297,198,141,90,71,0,0
2024,2024-08-19,Northbound,All Vehicles,32,38,37,36,72,151,371,585,674,665,754,729,794,840,760,724,556,488,293,230,153,185,151,117,0,0
2024,2024-08-20,Northbound,Light Vehicles,23,20,10,18,25,92,209,372,452,452,448,441,447,500,497,450,414,333,206,110,87,90,50,28,0,0
2024,2024-08-20,Southbound,Light Vehicles,9,16,23,28,50,129,224,291,438,491,519,567,556,519,465,552,450,365,192,103,85,65,31,21,0,0
2024,2024-08-20,Northbound,Heavy Vehicles,76,66,37,33,42,67,134,149,168,147,143,144,174,188,182,228,167,165,113,113,94,93,111,93,0,0
2024,2024-08-20,Southbound,Heavy Vehicles,82,105,91,85,78,105,119,163,166,133,173,181,178,164,162,181,141,124,127,117,78,75,59,45,0,0
2024,2024-08-20,Northbound,All Vehicles,99,86,47,51,67,159,343,521,620,599,591,585,621,688,679,678,581,498,319,223,181,183,161,121,0,0
2024,2024-08-20,Southbound,All Vehicles,91,121,114,113,128,234,343,454,604,624,692,748,734,683,627,733,591,489,319,220,163,140,90,66,0,0
2024,2024-08-21,Southbound,Heavy Vehicles,97,100,82,94,89,81,131,168,145,173,187,198,181,175,152,176,158,130,146,115,104,89,57,71,0,0
2024,2024-08-21,Southbound,Light Vehicles,9,18,9,25,63,143,253,303,341,507,527,550,494,507,510,513,465,396,212,122,75,55,41,25,0,0
2024,2024-08-21,Northbound,Light Vehicles,17,13,15,14,23,78,217,403,449,489,484,440,529,499,503,495,424,353,211,155,117,73,37,29,0,0
2024,2024-08-21,Northbound,Heavy Vehicles,77,67,52,38,44,78,116,162,192,132,166,158,175,194,207,199,189,155,118,103,110,123,113,107,0,0
2024,2024-08-21,Southbound,All Vehicles,106,118,91,119,152,224,384,471,486,680,714,748,675,682,662,689,623,526,358,237,179,144,98,96,0,0
2024,2024-08-21,Northbound,All Vehicles,94,80,67,52,67,156,333,565,641,621,650,598,704,693,710,694,613,508,329,258,227,196,150,136,0,0
2024,2024-08-22,Northbound,Heavy Vehicles,85,73,48,30,41,79,125,146,194,150,153,161,170,226,247,196,191,153,140,103,91,111,122,100,0,0
2024,2024-08-22,Southbound,Light Vehicles,20,17,21,28,59,103,220,325,443,540,624,646,595,595,597,563,512,419,255,155,110,74,37,29,0,0
2024,2024-08-22,Northbound,Light Vehicles,22,23,11,23,37,92,219,407,505,508,551,517,557,642,585,612,543,414,298,215,149,124,73,41,0,0
2024,2024-08-22,Southbound,Heavy Vehicles,79,95,102,76,88,99,124,148,138,177,190,182,178,171,151,149,150,133,118,126,100,76,64,61,0,0
2024,2024-08-22,Northbound,All Vehicles,107,96,59,53,78,171,344,553,699,658,704,678,727,868,832,808,734,567,438,318,240,235,195,141,0,0
2024,2024-08-22,Southbound,All Vehicles,99,112,123,104,147,202,344,473,581,717,814,828,773,766,748,712,662,552,373,281,210,150,101,90,0,0
2024,2024-08-23,Southbound,Light Vehicles,19,15,21,26,58,125,234,374,563,678,778,870,755,726,738,728,633,566,276,185,123,105,64,50,0,0
2024,2024-08-23,Southbound,Heavy Vehicles,75,106,84,69,90,67,108,155,135,186,191,221,172,160,156,137,129,109,68,53,32,46,71,63,0,0
2024,2024-08-23,Northbound,Light Vehicles,30,34,15,18,36,92,217,436,553,590,643,745,736,750,803,825,733,605,479,316,229,209,120,61,0,0
2024,2024-08-23,Northbound,Heavy Vehicles,79,71,46,42,32,71,108,150,155,151,156,160,182,160,199,198,158,188,104,98,87,86,86,62,0,0
2024,2024-08-23,Southbound,All Vehicles,94,121,105,95,148,192,342,529,698,864,969,1091,927,886,894,865,762,675,344,238,155,151,135,113,0,0
2024,2024-08-23,Northbound,All Vehicles,109,105,61,60,68,163,325,586,708,741,799,905,918,910,1002,1023,891,793,583,414,316,295,206,123,0,0
2024,2024-08-24,Northbound,Light Vehicles,43,26,20,18,29,75,137,256,452,577,647,718,643,611,598,498,477,358,277,174,118,112,66,49,0,0
2024,2024-08-24,Southbound,Light Vehicles,43,17,16,29,44,93,200,367,561,706,815,748,674,614,561,481,387,277,175,129,95,89,60,30,0,0
2024,2024-08-24,Southbound,Heavy Vehicles,67,70,62,48,41,39,64,75,102,104,124,127,102,81,80,79,82,62,48,49,51,55,35,21,0,0
2024,2024-08-24,Northbound,Heavy Vehicles,60,48,28,20,24,25,43,62,81,89,106,126,87,121,110,75,86,85,40,45,29,36,24,16,0,0
2024,2024-08-24,Northbound,All Vehicles,103,74,48,38,53,100,180,318,533,666,753,844,730,732,708,573,563,443,317,219,147,148,90,65,0,0
2024,2024-08-24,Southbound,All Vehicles,110,87,78,77,85,132,264,442,663,810,939,875,776,695,641,560,469,339,223,178,146,144,95,51,0,0
2024,2024-08-25,Southbound,Heavy Vehicles,29,10,10,9,10,20,23,43,70,114,130,134,121,110,128,107,101,92,104,96,114,67,38,35,0,0
2024,2024-08-25,Northbound,Heavy Vehicles,14,9,12,10,8,17,25,44,50,84,105,104,119,142,136,137,115,89,91,50,51,45,36,35,0,0
2024,2024-08-25,Northbound,Light Vehicles,75,18,16,12,15,51,109,173,299,422,586,706,798,785,773,733,615,544,326,221,164,112,67,50,0,0
2024,2024-08-25,Southbound,Light Vehicles,17,14,17,19,28,54,133,240,407,680,856,956,894,913,901,706,546,352,249,172,115,74,43,32,0,0
2024,2024-08-25,Southbound,All Vehicles,46,24,27,28,38,74,156,283,477,794,986,1090,1015,1023,1029,813,647,444,353,268,229,141,81,67,0,0
2024,2024-08-25,Northbound,All Vehicles,89,27,28,22,23,68,134,217,349,506,691,810,917,927,909,870,730,633,417,271,215,157,103,85,0,0
2024,2024-08-26,Southbound,Light Vehicles,27,16,20,36,84,157,267,314,465,603,692,679,670,591,591,576,533,423,238,155,94,55,35,27,0,0
2024,2024-08-26,Northbound,Light Vehicles,30,24,19,22,31,125,257,466,526,535,558,588,645,666,624,509,472,367,207,140,74,72,62,31,0,0
2024,2024-08-26,Southbound,Heavy Vehicles,47,27,26,32,67,65,104,138,130,162,154,170,178,131,145,169,161,151,153,116,119,94,81,71,0,0
2024,2024-08-26,Northbound,Heavy Vehicles,18,20,26,12,25,68,107,143,165,169,146,156,191,181,201,185,166,145,116,94,79,103,96,79,0,0
2024,2024-08-26,Southbound,All Vehicles,74,43,46,68,151,222,371,452,595,765,846,849,848,722,736,745,694,574,391,271,213,149,116,98,0,0
2024,2024-08-26,Northbound,All Vehicles,48,44,45,34,56,193,364,609,691,704,704,744,836,847,825,694,638,512,323,234,153,175,158,110,0,0
2024,2024-08-27,Northbound,Light Vehicles,27,24,14,11,28,87,233,409,443,460,497,458,473,510,490,506,446,313,213,136,100,74,58,27,0,0
2024,2024-08-27,Southbound,Heavy Vehicles,80,97,97,74,73,81,134,154,146,181,180,195,179,152,141,177,179,154,113,111,110,72,50,60,0,0
2024,2024-08-27,Southbound,Light Vehicles,10,8,22,22,55,117,233,343,443,496,592,573,515,524,469,526,494,395,202,111,92,68,23,27,0,0
2024,2024-08-27,Northbound,Heavy Vehicles,62,60,43,31,49,67,136,169,146,156,169,149,166,194,191,226,180,152,122,102,91,117,108,82,0,0
2024,2024-08-27,Northbound,All Vehicles,89,84,57,42,77,154,369,578,589,616,666,607,639,704,681,732,626,465,335,238,191,191,166,109,0,0
2024,2024-08-27,Southbound,All Vehicles,90,105,119,96,128,198,367,497,589,677,772,768,694,676,610,703,673,549,315,222,202,140,73,87,0,0
2024,2024-08-28,Northbound,Heavy Vehicles,81,61,53,25,38,78,129,159,133,153,139,214,157,209,211,202,205,161,115,86,104,128,109,95,0,0
2024,2024-08-28,Northbound,Light Vehicles,23,18,14,11,20,92,251,420,444,433,479,525,516,506,509,531,426,324,221,158,103,66,67,27,0,0
2024,2024-08-28,Southbound,Light Vehicles,22,19,12,14,46,113,226,320,463,530,589,625,541,500,550,554,491,409,237,128,90,66,,33,0,0
2024,2024-08-28,Southbound,Heavy Vehicles,81,98,86,72,89,76,125,154,164,187,179,205,188,194,142,163,163,156,144,111,107,74,,60,0,0
2024,2024-08-28,Northbound,All Vehicles,104,79,67,36,58,170,380,579,577,586,618,739,673,715,720,733,631,485,336,244,207,194,176,122,0,0
2024,2024-08-28,Southbound,All Vehicles,103,117,98,86,135,189,351,474,627,717,768,830,729,694,692,717,654,565,381,239,197,140,,93,0,0
2024,2024-08-29,Southbound,Light Vehicles,15,14,20,29,53,107,223,348,477,618,661,695,596,605,624,582,522,432,274,155,131,94,60,32,0,0
2024,2024-08-29,Northbound,Light Vehicles,16,23,17,15,27,97,228,414,535,494,513,536,534,637,550,591,561,407,332,237,148,120,86,38,0,0
2024,2024-08-29,Northbound,Heavy Vehicles,76,75,44,45,37,86,129,143,167,152,175,163,167,225,219,184,219,150,132,111,111,129,99,92,0,0
2024,2024-08-29,Southbound,Heavy Vehicles,76,84,104,76,73,89,117,149,164,196,190,210,160,158,138,168,127,129,127,103,98,73,65,63,0,0
2024,2024-08-29,Southbound,All Vehicles,91,98,124,105,126,196,340,497,641,814,851,905,756,763,762,750,649,561,401,258,229,167,125,95,0,0
2024,2024-08-29,Northbound,All Vehicles,92,98,61,60,64,183,357,557,702,646,688,699,701,862,769,775,780,557,464,348,259,249,185,130,0,0
2024,2024-08-30,Northbound,Heavy Vehicles,79,69,38,39,43,65,118,155,145,182,178,155,176,196,211,178,177,162,105,106,80,91,76,60,0,0
2024,2024-08-30,Southbound,Heavy Vehicles,97,92,92,60,81,80,120,150,,172,200,239,208,194,168,141,128,86,100,78,59,59,58,35,0,0
2024,2024-08-30,Northbound,Light Vehicles,30,17,20,23,41,102,215,403,512,609,737,658,690,778,782,797,693,709,509,357,262,176,150,69,0,0
2024,2024-08-30,Southbound,Light Vehicles,24,26,20,28,55,131,262,386,,714,731,907,753,768,733,758,692,607,361,248,144,86,78,48,0,0
2024,2024-08-30,Northbound,All Vehicles,109,86,58,62,84,167,333,558,657,791,915,813,866,974,993,975,870,871,614,463,342,267,226,129,0,0
2024,2024-08-30,Southbound,All Vehicles,121,118,112,88,136,211,382,536,,886,931,1146,961,962,901,899,820,693,461,326,203,145,136,83,0,0
2024,2024-08-31,Northbound,Light Vehicles,57,34,25,19,31,94,128,323,528,757,876,841,760,704,624,564,501,430,295,199,152,98,62,39,0,0
2024,2024-08-31,Southbound,Light Vehicles,25,25,29,25,48,124,228,441,796,879,872,833,670,655,606,508,395,323,243,161,98,106,56,33,0,0
2024,2024-08-31,Southbound,Heavy Vehicles,43,67,58,44,43,48,62,82,102,117,125,133,123,103,77,75,64,57,52,69,56,50,33,22,0,0
2024,2024-08-31,Northbound,Heavy Vehicles,65,43,22,25,23,27,37,62,78,120,122,97,108,101,74,77,79,66,56,33,26,35,22,18,0,0
2024,2024-08-31,Northbound,All Vehicles,122,77,47,44,54,121,165,385,606,877,998,938,868,805,698,641,580,496,351,232,178,133,84,57,0,0
2024,2024-08-31,Southbound,All Vehicles,68,92,87,69,91,172,290,523,898,996,997,966,793,758,683,583,459,380,295,230,154,156,89,55,0,0
2024,2024-09-01,Southbound,Light Vehicles,15,19,18,18,27,53,130,293,542,763,976,972,,905,916,793,664,456,278,188,154,82,43,30,0,0
2024,2024-09-01,Southbound,Heavy Vehicles,17,12,16,9,13,18,30,66,65,100,150,125,,103,106,113,124,97,96,94,90,62,37,39,0,0
2024,2024-09-01,Northbound,Heavy Vehicles,15,15,19,10,11,12,34,42,68,80,106,130,111,129,115,122,111,104,81,71,72,52,36,23,0,0
2024,2024-09-01,Northbound,Light Vehicles,37,27,20,21,26,48,132,241,343,589,727,776,797,776,718,737,695,568,442,279,163,115,79,38,0,0
2024,2024-09-01,Southbound,All Vehicles,32,31,34,27,40,71,160,359,607,863,1126,1097,,1008,1022,906,788,553,374,282,244,144,80,69,0,0
2024,2024-09-01,Northbound,All Vehicles,52,42,39,31,37,60,166,283,411,669,833,906,908,905,833,859,806,672,523,350,235,167,115,61,0,0
2024,2024-09-02,Southbound,Heavy Vehicles,39,31,21,31,60,84,120,132,140,174,206,166,181,169,145,155,149,152,132,124,126,99,53,60,0,0
2024,2024-09-02,Southbound,Light Vehicles,21,13,19,45,96,165,261,307,481,617,679,733,670,601,544,582,478,428,230,137,95,72,33,16,0,0
2024,2024-09-02,Northbound,Light Vehicles,33,28,7,17,37,118,289,468,610,608,660,636,661,667,603,547,464,345,222,118,91,60,52,32,0,0
2024,2024-09-02,Northbound,Heavy Vehicles,31,25,22,25,32,74,130,152,164,137,201,179,187,206,203,170,161,138,111,79,72,97,88,93,0,0
2024,2024-09-02,Southbound,All Vehicles,60,44,40,76,156,249,381,439,621,791,885,899,851,770,689,737,627,580,362,261,221,171,86,76,0,0
2024,2024-09-02,Northbound,All Vehicles,64,53,29,42,69,192,419,620,774,745,861,815,848,873,806,717,625,483,333,197,163,157,140,125,0,0
2024,2024-09-03,Northbound,Heavy Vehicles,66,67,43,33,46,67,133,162,157,176,182,167,172,192,207,209,160,199,116,99,100,107,110,79,0,0
2024,2024-09-03,Southbound,Heavy Vehicles,74,92,74,90,71,85,141,145,171,181,169,196,189,156,153,169,164,152,113,124,100,79,62,54,0,0
2024,2024-09-03,Northbound,Light Vehicles,13,15,16,11,31,96,225,397,431,449,510,496,495,548,563,505,394,363,222,138,99,82,56,26,0,0
2024,2024-09-03,Southbound,Light Vehicles,16,12,16,28,54,134,225,305,472,496,555,527,506,462,507,500,457,381,184,110,72,54,28,24,0,0
2024,2024-09-03,Northbound,All Vehicles,79,82,59,44,77,163,358,559,588,625,692,663,667,740,770,714,554,562,338,237,199,189,166,105,0,0
2024,2024-09-03,Southbound,All Vehicles,90,104,90,118,125,219,366,450,643,677,724,723,695,618,660,669,621,533,297,234,172,133,90,78,0,0
2024,2024-09-04,Southbound,Light Vehicles,14,16,15,23,50,113,242,309,428,517,521,532,549,486,467,501,523,396,185,134,90,60,31,23,0,0
2024,2024-09-04,Northbound,Light Vehicles,19,12,16,7,25,84,220,406,485,498,483,531,500,511,508,540,434,342,236,134,100,87,47,37,0,0
2024,2024-09-04,Northbound,Heavy Vehicles,80,67,46,43,31,78,124,185,172,173,147,168,173,195,235,210,175,141,137,99,100,114,119,76,0,0
2024,2024-09-04,Southbound,Heavy Vehicles,83,79,92,87,82,89,115,163,161,167,181,201,175,160,158,178,137,141,153,119,110,76,52,68,0,0
2024,2024-09-04,Southbound,All Vehicles,97,95,107,110,132,202,357,472,589,684,702,733,724,646,625,679,660,537,338,253,200,136,83,91,0,0
2024,2024-09-04,Northbound,All Vehicles,99,79,62,50,56,162,344,591,657,671,630,699,673,706,743,750,609,483,373,233,200,201,166,113,0,0
2024,2024-09-05,Northbound,Heavy Vehicles,83,74,42,37,39,71,148,143,193,170,178,179,203,188,207,233,206,162,129,102,95,127,109,86,0,0
2024,2024-09-05,Southbound,Heavy Vehicles,85,97,94,76,78,102,133,156,167,208,176,198,198,198,163,188,152,131,146,95,90,60,9,107,0,0
2024,2024-09-05,Northbound,Light Vehicles,28,20,12,22,33,96,266,421,528,535,515,515,514,562,602,557,535,419,291,218,152,122,62,46,0,0
2024,2024-09-05,Southbound,Light Vehicles,16,11,14,18,48,105,225,355,460,566,607,610,590,616,618,588,526,426,276,148,105,74,18,47,0,0
2024,2024-09-05,Northbound,All Vehicles,111,94,54,59,72,167,414,564,721,705,693,694,717,750,809,790,741,581,420,320,247,249,171,132,0,0
2024,2024-09-05,Southbound,All Vehicles,101,108,108,94,126,207,358,511,627,774,783,808,788,814,781,776,678,557,422,243,195,134,27,154,0,0
2024,2024-09-06,Northbound,Heavy Vehicles,91,65,43,47,28,64,130,136,173,167,172,143,174,189,187,241,176,156,122,100,93,80,83,82,0,0
2024,2024-09-06,Northbound,Light Vehicles,17,24,18,12,33,111,221,440,568,605,749,698,742,801,804,788,722,669,543,363,240,156,123,67,0,0
2024,2024-09-06,Southbound,Heavy Vehicles,87,98,102,87,55,76,125,139,158,188,197,215,190,175,150,150,118,103,90,75,69,62,40,39,0,0
2024,2024-09-06,Southbound,Light Vehicles,19,16,19,26,56,142,260,402,591,739,731,903,835,692,723,668,652,518,347,199,168,83,42,43,0,0
2024,2024-09-06,Northbound,All Vehicles,108,89,61,59,61,175,351,576,741,772,921,841,916,990,991,1029,898,825,665,463,333,236,206,149,0,0
2024,2024-09-06,Southbound,All Vehicles,106,114,121,113,111,218,385,541,749,927,928,1118,1025,867,873,818,770,621,437,274,237,145,82,82,0,0
2024,2024-09-07,Northbound,Light Vehicles,41,29,20,15,29,56,144,235,395,485,544,514,530,526,426,399,337,269,200,134,105,68,70,49,0,0
2024,2024-09-07,Southbound,Heavy Vehicles,50,55,70,40,49,46,63,67,93,90,109,110,102,81,85,70,47,47,67,56,50,39,27,25,0,0
2024,2024-09-07,Southbound,Light Vehicles,33,29,16,19,54,90,195,362,560,767,768,696,696,593,501,449,388,302,178,109,93,70,46,31,0,0
2024,2024-09-07,Northbound,Heavy Vehicles,58,38,31,15,22,26,43,58,78,89,82,81,76,70,60,66,75,69,48,36,37,28,20,13,0,0
2024,2024-09-07,Northbound,All Vehicles,99,67,51,30,51,82,187,293,473,574,626,595,606,596,486,465,412,338,248,170,142,96,90,62,0,0
2024,2024-09-07,Southbound,All Vehicles,83,84,86,59,103,136,258,429,653,857,877,806,798,674,586,519,435,349,245,165,143,109,73,56,0,0
2024,2024-09-08,Southbound,Light Vehicles,14,11,15,14,27,75,119,259,493,686,969,1002,1059,920,925,789,651,440,272,208,109,63,29,21,0,0
2024,2024-09-08,Northbound,Light Vehicles,35,20,13,14,23,41,98,173,336,532,575,767,713,768,795,754,625,462,313,262,246,150,72,44,0,0
2024,2024-09-08,Southbound,Heavy Vehicles,18,19,18,11,9,12,34,57,83,129,145,138,120,153,121,117,100,100,89,88,93,65,42,40,0,0
2024,2024-09-08,Northbound,Heavy Vehicles,14,12,13,7,9,16,32,49,62,76,97,110,93,116,117,138,107,119,78,74,58,51,47,39,0,0
2024,2024-09-08,Southbound,All Vehicles,32,30,33,25,36,87,153,316,576,815,1114,1140,1179,1073,1046,906,751,540,361,296,202,128,71,61,0,0
2024,2024-09-08,Northbound,All Vehicles,49,32,26,21,32,57,130,222,398,608,672,877,806,884,912,892,732,581,391,336,304,201,119,83,0,0
2024,2024-09-09,Southbound,Light Vehicles,16,10,21,36,92,161,287,335,462,628,722,685,665,662,529,558,533,413,210,113,91,65,40,22,0,0
2024,2024-09-09,Northbound,Light Vehicles,28,19,11,20,34,133,277,476,523,566,592,603,614,677,594,519,429,352,220,132,91,70,52,27,0,0
2024,2024-09-09,Southbound,Heavy Vehicles,34,29,32,39,59,70,94,112,148,192,170,149,174,185,166,169,161,127,132,140,124,102,56,53,0,0
2024,2024-09-09,Northbound,Heavy Vehicles,24,23,26,17,33,65,133,179,156,155,189,185,206,194,189,196,181,157,97,89,73,100,94,82,0,0
2024,2024-09-09,Southbound,All Vehicles,50,39,53,75,151,231,381,447,610,820,892,834,839,847,695,727,694,540,342,253,215,167,96,75,0,0
2024,2024-09-09,Northbound,All Vehicles,52,42,37,37,67,198,410,655,679,721,781,788,820,871,783,715,610,509,317,221,164,170,146,109,0,0
2024,2024-09-10,Northbound,Heavy Vehicles,69,60,43,34,40,55,130,160,174,164,174,162,192,217,195,182,201,157,110,118,104,116,108,84,0,0
2024,2024-09-10,Southbound,Light Vehicles,17,13,25,31,42,156,241,304,417,512,579,632,507,482,476,535,489,397,212,124,86,59,31,32,0,0
2024,2024-09-10,Southbound,Heavy Vehicles,64,95,90,96,65,102,138,154,161,155,184,190,166,175,155,165,151,136,134,99,118,82,50,74,0,0
2024,2024-09-10,Northbound,Light Vehicles,17,13,15,14,21,95,221,427,403,453,471,486,476,493,503,473,403,305,218,138,103,80,49,22,0,0
2024,2024-09-10,Northbound,All Vehicles,86,73,58,48,61,150,351,587,577,617,645,648,668,710,698,655,604,462,328,256,207,196,157,106,0,0
2024,2024-09-10,Southbound,All Vehicles,81,108,115,127,107,258,379,458,578,667,763,822,673,657,631,700,640,533,346,223,204,141,81,106,0,0
2024,2024-09-11,Southbound,Heavy Vehicles,95,101,85,76,78,76,131,157,143,162,177,208,170,173,158,175,166,119,140,125,107,73,64,66,0,0
2024,2024-09-11,Southbound,Light Vehicles,12,17,9,19,37,102,211,352,448,525,584,564,576,548,524,544,494,416,215,134,92,67,32,17,0,0
2024,2024-09-11,Northbound,Light Vehicles,25,23,10,28,28,88,201,351,526,546,512,465,485,527,524,500,470,354,204,137,117,90,60,30,0,0
2024,2024-09-11,Northbound,Heavy Vehicles,92,69,47,27,39,65,118,150,181,171,185,149,193,221,225,206,188,140,133,78,115,120,100,84,0,0
2024,2024-09-11,Southbound,All Vehicles,107,118,94,95,115,178,342,509,591,687,761,772,746,721,682,719,660,535,355,259,199,140,96,83,0,0
2024,2024-09-11,Northbound,All Vehicles,117,92,57,55,67,153,319,501,707,717,697,614,678,748,749,706,658,494,337,215,232,210,160,114,0,0
2024,2024-09-12,Southbound,Heavy Vehicles,95,88,90,89,92,83,125,158,164,194,155,228,198,178,165,169,165,122,111,161,84,76,62,50,0,0
2024,2024-09-12,Northbound,Light Vehicles,27,26,22,15,31,92,211,393,487,565,569,498,604,635,590,596,528,440,318,210,131,134,102,31,0,0
2024,2024-09-12,Northbound,Heavy Vehicles,68,52,46,35,42,53,127,173,195,175,187,159,199,185,222,217,208,169,132,112,108,105,109,88,0,0
2024,2024-09-12,Southbound,Light Vehicles,26,17,28,29,49,111,253,345,455,581,699,714,607,582,580,572,553,398,298,165,118,83,43,35,0,0
2024,2024-09-12,Southbound,All Vehicles,121,105,118,118,141,194,378,503,619,775,854,942,805,760,745,741,718,520,409,326,202,159,105,85,0,0
2024,2024-09-12,Northbound,All Vehicles,95,78,68,50,73,145,338,566,682,740,756,657,803,820,812,813,736,609,450,322,239,239,211,119,0,0
2024,2024-09-13,Southbound,Light Vehicles,21,21,16,32,49,139,256,424,568,755,875,866,796,832,776,767,705,540,323,191,125,109,59,52,0,0
2024,2024-09-13,Northbound,Light Vehicles,22,27,15,24,41,98,227,310,501,555,734,808,781,823,717,730,748,760,565,339,283,213,118,60,0,0
2024,2024-09-13,Southbound,Heavy Vehicles,87,103,91,68,86,73,105,140,181,206,222,192,181,174,163,174,124,96,103,61,60,53,47,57,0,0
2024,2024-09-13,Northbound,Heavy Vehicles,80,73,58,36,42,49,129,125,159,184,174,183,206,202,165,164,163,185,142,109,78,84,80,68,0,0
2024,2024-09-13,Southbound,All Vehicles,108,124,107,100,135,212,361,564,749,961,1097,1058,977,1006,939,941,829,636,426,252,185,162,106,109,0,0
2024,2024-09-13,Northbound,All Vehicles,102,100,73,60,83,147,356,435,660,739,908,991,987,1025,882,894,911,945,707,448,361,297,198,128,0,0
2024,2024-09-14,Northbound,Heavy Vehicles,72,32,28,29,18,21,39,54,68,80,82,82,78,70,88,60,72,74,41,45,28,23,17,22,0,0
2024,2024-09-14,Northbound,Light Vehicles,33,35,21,15,27,56,134,227,366,470,556,545,536,473,440,392,379,268,231,143,130,88,64,46,0,0
2024,2024-09-14,Southbound,Light Vehicles,42,34,23,35,43,87,209,391,618,773,898,848,753,665,589,494,373,349,229,125,103,86,56,27,0,0
2024,2024-09-14,Southbound,Heavy Vehicles,49,58,67,47,33,49,57,70,113,123,130,132,136,98,103,89,60,50,47,51,46,65,35,23,0,0
2024,2024-09-14,Northbound,All Vehicles,105,67,49,44,45,77,173,281,434,550,638,627,614,543,528,452,451,342,272,188,158,111,81,68,0,0
2024,2024-09-14,Southbound,All Vehicles,91,92,90,82,76,136,266,461,731,896,1028,980,889,763,692,583,433,399,276,176,149,151,91,50,0,0
2024,2024-09-15,Southbound,Light Vehicles,17,20,14,27,42,66,153,300,514,815,1101,1119,1042,1003,863,761,583,347,242,181,136,58,40,24,0,0
2024,2024-09-15,Northbound,Heavy Vehicles,16,15,9,13,12,12,22,36,48,57,77,98,78,96,104,110,84,62,29,25,11,19,9,8,0,0
2024,2024-09-15,Northbound,Light Vehicles,38,20,17,16,17,33,93,154,276,414,466,525,546,571,562,531,395,361,166,113,12,27,26,22,0,0
2024,2024-09-15,Southbound,Heavy Vehicles,22,19,9,13,10,20,31,58,102,121,159,149,142,122,148,148,94,115,102,87,87,69,41,40,0,0
2024,2024-09-15,Southbound,All Vehicles,39,39,23,40,52,86,184,358,616,936,1260,1268,1184,1125,1011,909,677,462,344,268,223,127,81,64,0,0
2024,2024-09-15,Northbound,All Vehicles,54,35,26,29,29,45,115,190,324,471,543,623,624,667,666,641,479,423,195,138,23,46,35,30,0,0
2024,2024-09-16,Southbound,Light Vehicles,19,13,25,33,94,190,259,349,517,692,826,761,738,596,568,610,482,410,221,143,99,50,41,24,0,0
2024,2024-09-16,Southbound,Heavy Vehicles,34,33,20,38,55,79,103,133,132,180,184,191,160,148,159,155,165,130,141,127,128,85,83,66,0,0
2024,2024-09-16,Northbound,Heavy Vehicles,24,13,15,22,24,56,131,163,131,160,250,187,193,199,215,204,172,149,114,81,103,96,89,84,0,0
2024,2024-09-16,Northbound,Light Vehicles,30,31,18,18,33,109,266,473,516,534,712,675,646,727,636,570,490,351,222,142,91,70,53,32,0,0
2024,2024-09-16,Southbound,All Vehicles,53,46,45,71,149,269,362,482,649,872,1010,952,898,744,727,765,647,540,362,270,227,135,124,90,0,0
2024,2024-09-16,Northbound,All Vehicles,54,44,33,40,57,165,397,636,647,694,962,862,839,926,851,774,662,500,336,223,194,166,142,116,0,0
2024,2024-09-17,Southbound,Heavy Vehicles,83,90,87,76,81,88,111,147,142,177,187,182,157,156,147,163,166,116,114,,101,79,68,76,0,0
2024,2024-09-17,Northbound,Heavy Vehicles,66,66,47,31,35,72,132,147,171,159,151,149,193,181,207,197,160,154,118,94,103,115,114,96,0,0
2024,2024-09-17,Northbound,Light Vehicles,19,11,10,11,24,97,210,403,520,516,478,479,479,503,501,506,422,331,194,153,71,72,64,27,0,0
2024,2024-09-17,Southbound,Light Vehicles,16,11,16,24,60,128,240,333,445,490,595,646,518,494,497,515,455,360,211,,86,65,32,30,0,0
2024,2024-09-17,Southbound,All Vehicles,99,101,103,100,141,216,351,480,587,667,782,828,675,650,644,678,621,476,325,,187,144,100,106,0,0
2024,2024-09-17,Northbound,All Vehicles,85,77,57,42,59,169,342,550,691,675,629,628,672,684,708,703,582,485,312,247,174,187,178,123,0,0
2024,2024-09-18,Northbound,Heavy Vehicles,82,60,56,47,32,82,138,167,178,150,156,154,184,174,227,188,196,157,110,100,96,114,110,89,0,0
2024,2024-09-18,Northbound,Light Vehicles,35,16,8,19,30,104,228,423,496,522,543,572,560,565,505,569,524,409,230,149,120,70,70,29,0,0
2024,2024-09-18,Southbound,Light Vehicles,9,17,10,31,56,116,233,390,450,553,595,602,648,520,493,567,468,361,223,150,95,66,26,33,0,0
2024,2024-09-18,Southbound,Heavy Vehicles,81,86,101,75,82,93,119,153,158,196,158,197,183,196,149,168,170,155,132,114,118,75,77,59,0,0
2024,2024-09-18,Northbound,All Vehicles,117,76,64,66,62,186,366,590,674,672,699,726,744,739,732,757,720,566,340,249,216,184,180,118,0,0
2024,2024-09-18,Southbound,All Vehicles,90,103,111,106,138,209,352,543,608,749,753,799,831,716,642,735,638,516,355,264,213,141,103,92,0,0
2024,2024-09-19,Southbound,Light Vehicles,23,20,17,35,39,129,277,307,496,592,694,725,655,611,682,627,508,419,286,204,110,91,41,33,0,0
2024,2024-09-19,Northbound,Heavy Vehicles,84,70,47,30,44,69,143,153,176,190,162,162,209,182,246,199,194,155,145,94,135,117,109,85,0,0
2024,2024-09-19,Northbound,Light Vehicles,40,18,15,19,33,93,263,438,573,602,601,661,597,671,655,660,561,424,334,230,171,105,71,41,0,0
2024,2024-09-19,Southbound,Heavy Vehicles,79,111,97,70,87,98,135,140,177,185,219,205,175,185,138,183,167,132,122,127,122,82,65,53,0,0
2024,2024-09-19,Southbound,All Vehicles,102,131,114,105,126,227,412,447,673,777,913,930,830,796,820,810,675,551,408,331,232,173,106,86,0,0
2024,2024-09-19,Northbound,All Vehicles,124,88,62,49,77,162,406,591,749,792,763,823,806,853,901,859,755,579,479,324,306,222,180,126,0,0
2024,2024-09-20,Southbound,Light Vehicles,20,16,17,34,49,143,250,429,606,844,959,901,842,763,783,698,711,521,347,219,157,89,78,56,0,0
2024,2024-09-20,Southbound,Heavy Vehicles,106,85,115,95,62,65,134,140,172,183,192,205,166,170,157,145,147,83,81,78,52,57,62,48,0,0
2024,2024-09-20,Northbound,Light Vehicles,29,31,22,25,46,132,241,453,633,719,830,851,826,801,841,943,819,813,573,356,293,225,110,67,0,0
2024,2024-09-20,Northbound,Heavy Vehicles,93,75,51,36,38,59,113,150,159,164,196,168,185,199,201,201,189,170,125,92,92,109,80,84,0,0
2024,2024-09-20,Southbound,All Vehicles,126,101,132,129,111,208,384,569,778,1027,1151,1106,1008,933,940,843,858,604,428,297,209,146,140,104,0,0
2024,2024-09-20,Northbound,All Vehicles,122,106,73,61,84,191,354,603,792,883,1026,1019,1011,1000,1042,1144,1008,983,698,448,385,334,190,151,0,0
2024,2024-09-21,Southbound,Light Vehicles,29,25,31,31,48,114,208,350,556,760,786,787,684,633,581,478,381,301,173,138,118,80,63,29,0,0
2024,2024-09-21,Northbound,Heavy Vehicles,60,51,39,26,32,31,49,74,89,100,121,114,91,99,102,96,90,77,67,38,25,40,22,21,0,0
2024,2024-09-21,Northbound,Light Vehicles,53,35,26,25,31,78,156,305,472,656,803,823,776,771,628,591,484,411,311,209,136,93,83,44,0,0
2024,2024-09-21,Southbound,Heavy Vehicles,46,59,73,77,52,28,80,69,109,113,126,100,136,84,100,85,71,51,46,41,67,56,37,18,0,0
2024,2024-09-21,Southbound,All Vehicles,75,84,104,108,100,142,288,419,665,873,912,887,820,717,681,563,452,352,219,179,185,136,100,47,0,0
2024,2024-09-21,Northbound,All Vehicles,113,86,65,51,63,109,205,379,561,756,924,937,867,870,730,687,574,488,378,247,161,133,105,65,0,0
2024,2024-09-22,Southbound,Heavy Vehicles,18,16,17,9,12,10,36,38,64,109,147,157,131,143,141,136,114,120,128,107,90,76,42,46,0,0
2024,2024-09-22,Southbound,Light Vehicles,22,24,18,23,25,67,145,259,483,686,957,982,997,996,935,848,726,524,386,234,151,90,55,32,0,0
2024,2024-09-22,Northbound,Heavy Vehicles,25,14,10,11,10,19,30,69,76,101,110,128,133,147,152,155,123,107,83,70,64,63,43,41,0,0
2024,2024-09-22,Northbound,Light Vehicles,25,14,25,28,22,47,120,227,384,612,777,839,906,855,800,832,683,540,383,257,190,135,70,48,0,0
2024,2024-09-22,Southbound,All Vehicles,40,40,35,32,37,77,181,297,547,795,1104,1139,1128,1139,1076,984,840,644,514,341,241,166,97,78,0,0
2024,2024-09-22,Northbound,All Vehicles,50,28,35,39,32,66,150,296,460,713,887,967,1039,1002,952,987,806,647,466,327,254,198,113,89,0,0
2024,2024-09-23,Southbound,Light Vehicles,25,29,21,40,88,192,281,359,517,701,738,796,834,613,626,562,537,419,239,145,86,64,38,37,0,0
2024,2024-09-23,Northbound,Heavy Vehicles,27,23,24,23,23,57,126,173,171,166,159,197,193,195,195,224,163,135,108,86,81,80,88,72,0,0
2024,2024-09-23,Southbound,Heavy Vehicles,32,29,30,29,52,72,106,129,162,180,172,192,214,154,149,163,132,138,145,150,121,82,90,78,0,0
2024,2024-09-23,Northbound,Light Vehicles,25,24,12,18,41,114,293,503,628,686,692,734,764,745,702,705,539,388,224,151,105,77,52,36,0,0
2024,2024-09-23,Southbound,All Vehicles,57,58,51,69,140,264,387,488,679,881,910,988,1048,767,775,725,669,557,384,295,207,146,128,115,0,0
2024,2024-09-23,Northbound,All Vehicles,52,47,36,41,64,171,419,676,799,852,851,931,957,940,897,929,702,523,332,237,186,157,140,108,0,0
2024,2024-09-24,Northbound,Heavy Vehicles,89,65,46,28,46,68,145,147,189,159,165,175,192,196,224,218,170,191,122,118,92,116,100,83,0,0
2024,2024-09-24,Southbound,Light Vehicles,15,22,14,20,58,139,234,332,451,509,669,593,546,535,577,541,,417,226,126,89,59,34,20,0,0
2024,2024-09-24,Northbound,Light Vehicles,19,19,15,14,24,86,241,437,552,542,594,631,626,657,526,573,444,336,238,164,102,86,66,30,0,0
2024,2024-09-24,Southbound,Heavy Vehicles,71,106,71,82,73,123,141,153,141,175,154,170,153,159,129,143,,128,103,105,116,93,45,63,0,0
2024,2024-09-24,Northbound,All Vehicles,108,84,61,42,70,154,386,584,741,701,759,806,818,853,750,791,614,527,360,282,194,202,166,113,0,0
2024,2024-09-24,Southbound,All Vehicles,86,128,85,102,131,262,375,485,592,684,823,763,699,694,706,684,,545,329,231,205,152,79,83,0,0
2024,2024-09-25,Southbound,Heavy Vehicles,86,98,88,69,83,99,140,153,159,165,145,180,167,166,149,136,150,110,105,106,115,108,72,63,0,0
2024,2024-09-25,Southbound,Light Vehicles,25,20,17,30,42,119,261,360,460,617,682,616,630,589,537,588,535,399,234,152,108,75,53,34,0,0
2024,2024-09-25,Northbound,Light Vehicles,28,21,12,17,26,113,260,444,576,577,580,596,572,674,691,636,539,377,297,190,115,85,57,40,0,0
2024,2024-09-25,Northbound,Heavy Vehicles,86,63,49,30,35,65,148,149,175,131,169,167,198,232,213,202,178,151,141,100,99,121,104,88,0,0
2024,2024-09-25,Southbound,All Vehicles,111,118,105,99,125,218,401,513,619,782,827,796,797,755,686,724,685,509,339,258,223,183,125,97,0,0
2024,2024-09-25,Northbound,All Vehicles,114,84,61,47,61,178,408,593,751,708,749,763,770,906,904,838,717,528,438,290,214,206,161,128,0,0
2024,2024-09-26,Northbound,Heavy Vehicles,82,80,48,36,49,70,140,152,179,179,206,180,194,221,227,236,201,151,134,113,126,124,108,88,0,0
2024,2024-09-26,Southbound,Light Vehicles,21,21,16,28,37,103,246,339,508,643,700,778,750,660,615,574,568,430,239,172,138,88,42,35,0,0
2024,2024-09-26,Northbound,Light Vehicles,42,34,15,24,47,125,293,516,625,633,684,649,689,747,746,712,571,440,349,235,197,139,109,70,0,0
2024,2024-09-26,Southbound,Heavy Vehicles,85,84,106,82,70,98,130,159,146,176,171,158,180,185,145,156,160,122,101,111,99,84,55,50,0,0
2024,2024-09-26,Northbound,All Vehicles,124,114,63,60,96,195,433,668,804,812,890,829,883,968,973,948,772,591,483,348,323,263,217,158,0,0
2024,2024-09-26,Southbound,All Vehicles,106,105,122,110,107,201,376,498,654,819,871,936,930,845,760,730,728,552,340,283,237,172,97,85,0,0
2024,2024-09-27,Southbound,Light Vehicles,34,30,32,39,64,134,247,386,600,780,905,902,803,747,774,739,648,481,302,211,135,99,46,39,0,0
2024,2024-09-27,Southbound,Heavy Vehicles,89,110,68,86,65,67,104,120,155,182,202,213,192,156,132,163,126,99,80,82,66,66,58,33,0,0
2024,2024-09-27,Northbound,Heavy Vehicles,82,85,43,42,31,63,111,156,177,144,176,181,185,189,210,215,185,168,135,86,84,77,73,96,0,0
2024,2024-09-27,Northbound,Light Vehicles,50,28,34,32,39,131,274,483,698,760,900,857,916,962,1116,1087,951,822,637,452,317,215,134,79,0,0
2024,2024-09-27,Southbound,All Vehicles,123,140,100,125,129,201,351,506,755,962,1107,1115,995,903,906,902,774,580,382,293,201,165,104,72,0,0
2024,2024-09-27,Northbound,All Vehicles,132,113,77,74,70,194,385,639,875,904,1076,1038,1101,1151,1326,1302,1136,990,772,538,401,292,207,175,0,0
2024,2024-09-28,Southbound,Heavy Vehicles,46,54,60,51,40,49,71,78,116,142,109,132,112,88,72,88,63,45,76,44,44,26,35,25,0,0
2024,2024-09-28,Southbound,Light Vehicles,31,24,20,19,44,99,223,425,707,918,898,928,716,653,569,493,407,289,173,106,100,74,44,41,0,0
2024,2024-09-28,Southbound,All Vehicles,77,78,80,70,84,148,294,503,823,1060,1007,1060,828,741,641,581,470,334,249,150,144,100,79,66,0,0
2024,2024-09-29,Northbound,Light Vehicles,40,27,19,27,27,51,152,270,408,550,653,702,697,691,727,634,557,429,280,225,167,117,77,41,0,0
2024,2024-09-29,Southbound,Heavy Vehicles,10,22,18,7,13,20,24,47,57,91,118,120,118,113,107,109,108,116,108,93,99,48,33,38,0,0
2024,2024-09-29,Northbound,Heavy Vehicles,16,16,14,5,10,18,22,47,58,69,94,92,108,113,101,93,96,75,74,63,46,43,31,30,0,0
2024,2024-09-29,Southbound,Light Vehicles,26,16,12,17,37,55,126,263,464,666,884,923,943,875,763,693,560,434,305,193,119,87,58,23,0,0
2024,2024-09-29,Northbound,All Vehicles,56,43,33,32,37,69,174,317,466,619,747,794,805,804,828,727,653,504,354,288,213,160,108,71,0,0
2024,2024-09-29,Southbound,All Vehicles,36,38,30,24,50,75,150,310,521,757,1002,1043,1061,988,870,802,668,550,413,286,218,135,91,61,0,0
2024,2024-09-30,Northbound,Light Vehicles,38,34,20,23,53,126,258,382,485,573,618,649,638,626,615,534,432,333,206,134,100,73,61,27,0,0
2024,2024-09-30,Northbound,Heavy Vehicles,28,23,24,15,28,56,95,101,110,120,127,164,125,133,132,146,137,128,94,59,79,83,88,66,0,0
2024,2024-09-30,Southbound,Light Vehicles,19,21,31,41,95,164,278,307,479,663,804,876,813,759,713,805,602,472,268,168,132,65,40,28,0,0
2024,2024-09-30,Southbound,Heavy Vehicles,35,30,23,34,49,68,114,140,120,134,171,165,172,164,140,182,154,165,150,131,126,63,57,62,0,0
2024,2024-09-30,Northbound,All Vehicles,66,57,44,38,81,182,353,483,595,693,745,813,763,759,747,680,569,461,300,193,179,156,149,93,0,0
2024,2024-09-30,Southbound,All Vehicles,54,51,54,75,144,232,392,447,599,797,975,1041,985,923,853,987,756,637,418,299,258,128,97,90,0,0
2024,2024-10-01,Northbound,Heavy Vehicles,74,61,45,29,48,52,137,141,152,137,135,136,151,137,169,149,153,140,125,80,117,97,119,92,0,0
2024,2024-10-01,Northbound,Light Vehicles,24,17,17,18,32,90,230,319,404,441,506,506,497,523,472,466,361,308,179,135,104,81,63,32,0,0
2024,2024-10-01,Northbound,All Vehicles,98,78,62,47,80,142,367,460,556,578,641,642,648,660,641,615,514,448,304,215,221,178,182,124,0,0
2024,2024-10-02,Southbound,Heavy Vehicles,73,94,83,96,61,77,111,103,137,127,136,135,161,139,136,143,131,111,111,109,105,73,63,63,0,0
2024,2024-10-02,Northbound,Heavy Vehicles,81,57,45,29,39,62,132,133,131,157,140,132,113,138,177,185,160,153,104,110,96,117,103,78,0,0
2024,2024-10-02,Southbound,Light Vehicles,14,17,25,23,55,132,211,286,390,506,527,534,529,533,497,537,461,375,206,138,106,77,32,28,0,0
2024,2024-10-02,Northbound,Light Vehicles,20,21,10,11,29,100,222,336,449,426,460,403,380,454,531,453,411,334,219,166,133,92,84,31,0,0
2024,2024-10-02,Southbound,All Vehicles,87,111,108,119,116,209,322,389,527,633,663,669,690,672,633,680,592,486,317,247,211,150,95,91,0,0
2024,2024-10-02,Northbound,All Vehicles,101,78,55,40,68,162,354,469,580,583,600,535,493,592,708,638,571,487,323,276,229,209,187,109,0,0
2024,2024-10-03,Southbound,Light Vehicles,32,18,23,36,38,98,230,358,498,604,683,676,635,603,609,614,515,456,257,200,115,84,44,41,0,0
2024,2024-10-03,Southbound,Heavy Vehicles,75,83,93,90,87,110,128,148,150,134,158,161,122,124,116,117,109,93,112,101,96,64,72,62,0,0
2024,2024-10-03,Southbound,All Vehicles,107,101,116,126,125,208,358,506,648,738,841,837,757,727,725,731,624,549,369,301,211,148,116,103,0,0
2024,2024-10-05,Southbound,Heavy Vehicles,54,73,72,45,36,59,57,94,108,132,156,143,133,130,110,104,87,,,,,,,,0,0
2024,2024-10-05,Southbound,Light Vehicles,49,47,43,52,50,104,249,373,677,951,1128,1062,1042,893,854,721,625,,,,,,,,0,0
2024,2024-10-05,Southbound,All Vehicles,103,120,115,97,86,163,306,467,785,1083,1284,1205,1175,1023,964,825,712,,,,,,,,0,0
2024,2024-10-06,Southbound,Light Vehicles,,,,26,39,53,132,264,501,753,976,1008,1078,1077,993,983,773,552,386,259,218,127,103,56,0,0
2024,2024-10-06,Southbound,Heavy Vehicles,,,,11,14,24,23,52,64,80,136,134,148,133,123,115,103,74,77,60,63,54,50,11,0,0
2024,2024-10-06,Southbound,All Vehicles,,,,37,53,77,155,316,565,833,1112,1142,1226,1210,1116,1098,876,626,463,319,281,181,153,67,0,0
2024,2024-10-07,Northbound,Light Vehicles,,,,,48,81,174,277,443,697,1022,1044,1103,1056,1023,915,691,559,379,259,191,120,106,65,0,0
2024,2024-10-07,Northbound,Heavy Vehicles,,,,,15,20,34,58,84,113,162,172,139,165,172,153,120,108,102,69,57,50,45,43,0,0
2024,2024-10-07,Northbound,All Vehicles,,,,,63,101,208,335,527,810,1184,1216,1242,1221,1195,1068,811,667,481,328,248,170,151,108,0,0
2024,2024-10-08,Southbound,Light Vehicles,43,32,39,50,,,,,,,,851,797,775,698,632,574,421,305,171,136,88,51,32,0,0
2024,2024-10-08,Southbound,Heavy Vehicles,52,36,34,49,,,,,,,,141,124,137,141,111,97,113,123,132,125,90,92,49,0,0
2024,2024-10-08,Southbound,All Vehicles,95,68,73,99,,,,,,,,992,921,912,839,743,671,534,428,303,261,178,143,81,0,0
2024,2024-10-09,Northbound,Heavy Vehicles,1,3,,2,,,,,,,,37,35,56,45,33,23,16,19,6,8,6,9,8,0,0
2024,2024-10-09,Northbound,Light Vehicles,7,4,2,1,,,,,,,,175,171,206,208,179,142,104,54,35,24,20,12,8,0,0
2024,2024-10-09,Northbound,All Vehicles,8,7,2,3,,,,,,,,212,206,262,253,212,165,120,73,41,32,26,21,16,0,0
2024,2024-10-10,Northbound,Light Vehicles,26,18,14,10,,,,,,,,532,502,506,497,482,419,382,259,205,154,118,76,58,0,0
2024,2024-10-10,Northbound,Heavy Vehicles,67,73,43,37,,,,,,,,127,161,153,171,176,154,143,118,113,94,105,134,78,0,0
2024,2024-10-10,Southbound,Heavy Vehicles,68,104,93,86,107,93,147,163,138,183,232,216,176,179,202,186,155,132,113,111,119,85,62,69,0,0
2024,2024-10-10,Southbound,Light Vehicles,14,25,18,26,51,131,224,341,562,684,798,837,855,770,717,828,737,601,363,247,148,73,62,29,0,0
2024,2024-10-10,Northbound,All Vehicles,93,91,57,47,,,,,,,,659,663,659,668,658,573,525,377,318,248,223,210,136,0,0
2024,2024-10-10,Southbound,All Vehicles,82,129,111,112,158,224,371,504,700,867,1030,1053,1031,949,919,1014,892,733,476,358,267,158,124,98,0,0
2024,2024-10-11,Southbound,Heavy Vehicles,83,90,105,77,81,101,119,165,152,213,224,225,222,201,179,163,,,,,,,,,0,0
2024,2024-10-11,Northbound,Light Vehicles,27,21,14,27,37,86,178,333,427,538,553,593,572,566,552,513,501,126,63,70,214,340,147,65,0,0
2024,2024-10-11,Southbound,Light Vehicles,39,11,21,33,51,124,244,351,625,861,1100,1144,1079,1002,1038,974,,,,,,,,,0,0
2024,2024-10-11,Northbound,Heavy Vehicles,86,81,59,39,36,63,97,147,145,144,145,115,124,166,159,143,158,22,14,10,74,146,136,88,0,0
2024,2024-10-11,Southbound,All Vehicles,122,101,126,110,132,225,363,516,777,1074,1324,1369,1301,1203,1217,1137,,,,,,,,,0,0
2024,2024-10-11,Northbound,All Vehicles,113,102,73,66,73,149,275,480,572,682,698,708,696,732,711,656,659,148,77,80,288,486,283,153,0,0
2024,2024-10-12,Southbound,Light Vehicles,,,,,45,94,172,309,504,683,800,819,684,638,674,607,482,361,239,186,138,105,60,48,0,0
2024,2024-10-12,Northbound,Light Vehicles,47,37,20,18,28,69,150,314,461,599,688,676,705,691,661,720,499,368,248,202,148,103,61,61,0,0
2024,2024-10-12,Northbound,Heavy Vehicles,98,47,32,22,31,30,35,49,81,92,107,103,93,115,129,98,77,74,67,53,41,25,25,26,0,0
2024,2024-10-12,Southbound,Heavy Vehicles,,,,,57,41,40,71,91,106,138,97,104,103,106,80,71,49,43,37,51,47,40,27,0,0
2024,2024-10-12,Southbound,All Vehicles,,,,,102,135,212,380,595,789,938,916,788,741,780,687,553,410,282,223,189,152,100,75,0,0
2024,2024-10-12,Northbound,All Vehicles,145,84,52,40,59,99,185,363,542,691,795,779,798,806,790,818,576,442,315,255,189,128,86,87,0,0
2024,2024-10-13,Southbound,Heavy Vehicles,28,14,9,12,20,18,25,47,68,97,135,156,150,120,137,124,140,,,,,,,,0,0
2024,2024-10-13,Northbound,Light Vehicles,51,22,18,14,,,,,,,,757,807,789,896,754,644,516,318,267,191,111,70,41,0,0
2024,2024-10-13,Southbound,Light Vehicles,34,14,22,23,28,69,153,288,520,721,1059,1164,1260,1143,995,868,705,,,,,,,,0,0
2024,2024-10-13,Northbound,Heavy Vehicles,22,14,12,10,,,,,,,,134,115,129,140,119,120,99,93,76,68,51,39,40,0,0
2024,2024-10-13,Southbound,All Vehicles,62,28,31,35,48,87,178,335,588,818,1194,1320,1410,1263,1132,992,845,,,,,,,,0,0
2024,2024-10-13,Northbound,All Vehicles,73,36,30,24,,,,,,,,891,922,918,1036,873,764,615,411,343,259,162,109,81,0,0
2024,2024-10-14,Northbound,Light Vehicles,41,32,17,13,42,133,276,472,308,392,714,695,779,989,751,608,564,536,398,273,94,92,70,20,0,0
2024,2024-10-14,Northbound,Heavy Vehicles,29,37,25,23,36,57,115,143,58,86,208,131,234,229,203,181,151,195,163,157,97,90,108,101,0,0
2024,2024-10-14,Northbound,All Vehicles,70,69,42,36,78,190,391,615,366,478,922,826,1013,1218,954,789,715,731,561,430,191,182,178,121,0,0
2024,2024-10-15,Southbound,Heavy Vehicles,4,2,2,1,,5,7,26,31,20,18,32,38,32,28,23,18,16,12,13,10,2,5,2,0,0
2024,2024-10-15,Southbound,Light Vehicles,4,2,3,3,3,13,28,45,77,109,111,139,144,112,82,83,81,57,31,22,11,9,2,2,0,0
2024,2024-10-15,Southbound,All Vehicles,8,4,5,4,3,18,35,71,108,129,129,171,182,144,110,106,99,73,43,35,21,11,7,4,0,0
2024,2024-10-16,Northbound,Light Vehicles,16,13,18,21,30,96,200,407,454,468,527,514,552,617,571,551,515,357,279,179,140,99,64,41,0,0
2024,2024-10-16,Northbound,Heavy Vehicles,84,72,54,36,39,55,150,165,163,151,166,164,185,233,218,181,180,172,124,112,95,107,105,107,0,0
2024,2024-10-16,Southbound,Light Vehicles,16,15,15,25,40,112,242,313,397,482,566,600,526,546,501,542,489,386,225,135,98,92,33,41,0,0
2024,2024-10-16,Southbound,Heavy Vehicles,66,94,86,96,85,104,122,138,149,174,220,187,210,191,178,151,169,120,116,136,137,92,61,49,0,0
2024,2024-10-16,Northbound,All Vehicles,100,85,72,57,69,151,350,572,617,619,693,678,737,850,789,732,695,529,403,291,235,206,169,148,0,0
2024,2024-10-16,Southbound,All Vehicles,82,109,101,121,125,216,364,451,546,656,786,787,736,737,679,693,658,506,341,271,235,184,94,90,0,0
2024,2024-10-17,Southbound,Heavy Vehicles,66,96,98,104,97,86,145,148,159,174,209,203,191,174,142,158,144,138,115,119,113,110,70,38,0,0
2024,2024-10-17,Southbound,Light Vehicles,27,20,17,20,36,121,232,324,490,581,658,668,704,621,556,604,540,424,286,191,145,108,45,30,0,0
2024,2024-10-17,Southbound,All Vehicles,93,116,115,124,133,207,377,472,649,755,867,871,895,795,698,762,684,562,401,310,258,218,115,68,0,0
2024,2024-10-18,Southbound,Light Vehicles,22,17,23,27,39,101,195,295,434,554,656,671,667,582,588,537,,,,,,,,,0,0
2024,2024-10-18,Southbound,Heavy Vehicles,58,91,87,88,94,71,103,129,137,161,161,142,179,154,136,130,,,,,,,,,0,0
2024,2024-10-18,Northbound,Light Vehicles,23,33,27,18,44,129,235,434,573,615,747,867,833,919,932,862,723,736,566,322,254,183,133,83,0,0
2024,2024-10-18,Northbound,Heavy Vehicles,89,72,54,39,32,63,110,151,165,159,202,178,219,215,197,193,185,163,120,96,91,73,96,80,0,0
2024,2024-10-18,Southbound,All Vehicles,80,108,110,115,133,172,298,424,571,715,817,813,846,736,724,667,,,,,,,,,0,0
2024,2024-10-18,Northbound,All Vehicles,112,105,81,57,76,192,345,585,738,774,949,1045,1052,1134,1129,1055,908,899,686,418,345,256,229,163,0,0
2024,2024-10-19,Northbound,Heavy Vehicles,55,39,33,20,21,32,34,58,83,82,89,71,71,97,64,78,69,61,50,32,31,27,25,22,0,0
2024,2024-10-19,Northbound,Light Vehicles,35,28,25,15,35,71,152,230,393,502,536,579,552,530,474,433,380,302,239,163,130,99,67,41,0,0
2024,2024-10-19,Southbound,Heavy Vehicles,,,,,47,40,44,60,89,87,105,105,97,91,70,75,61,47,46,48,50,40,52,20,0,0
2024,2024-10-19,Southbound,Light Vehicles,,,,,41,76,154,297,492,593,617,620,519,537,452,430,355,277,192,130,127,98,64,43,0,0
2024,2024-10-19,Northbound,All Vehicles,90,67,58,35,56,103,186,288,476,584,625,650,623,627,538,511,449,363,289,195,161,126,92,63,0,0
2024,2024-10-19,Southbound,All Vehicles,,,,,88,116,198,357,581,680,722,725,616,628,522,505,416,324,238,178,177,138,116,63,0,0
2024,2024-10-20,Southbound,Light Vehicles,32,19,9,21,22,67,135,230,473,804,1055,1130,1149,1098,1043,1030,833,598,432,247,164,100,51,33,0,0
2024,2024-10-20,Southbound,Heavy Vehicles,17,18,20,12,11,30,40,47,94,96,160,127,164,145,159,164,140,127,137,133,99,66,36,45,0,0
2024,2024-10-20,Southbound,All Vehicles,49,37,29,33,33,97,175,277,567,900,1215,1257,1313,1243,1202,1194,973,725,569,380,263,166,87,78,0,0
2024,2024-10-21,Northbound,Heavy Vehicles,31,23,24,23,38,66,131,183,168,168,191,186,215,207,194,216,161,147,106,109,90,95,106,91,0,0
2024,2024-10-21,Southbound,Light Vehicles,19,24,19,46,,,,,,,671,692,603,495,,512,395,369,229,117,108,61,,30,0,0
2024,2024-10-21,Southbound,Heavy Vehicles,29,38,33,29,,,,,,,155,162,159,154,,124,130,124,113,121,113,101,,67,0,0
2024,2024-10-21,Northbound,Light Vehicles,31,21,20,23,27,109,284,468,583,594,695,726,673,736,659,621,488,373,212,136,103,78,50,33,0,0
2024,2024-10-21,Northbound,All Vehicles,62,44,44,46,65,175,415,651,751,762,886,912,888,943,853,837,649,520,318,245,193,173,156,124,0,0
2024,2024-10-21,Southbound,All Vehicles,48,62,52,75,,,,,,,826,854,762,649,,636,525,493,342,238,221,162,,97,0,0
2024,2024-10-22,Northbound,Light Vehicles,25,22,15,14,37,101,223,398,520,474,501,505,573,629,576,545,461,,,,,,,,0,0
2024,2024-10-22,Northbound,Heavy Vehicles,78,63,64,40,41,62,129,151,158,143,173,167,189,199,225,194,188,,,,,,,,0,0
2024,2024-10-22,Southbound,Heavy Vehicles,64,80,101,75,96,89,122,128,132,153,143,,,,,,130,110,109,114,102,92,72,42,0,0
2024,2024-10-22,Southbound,Light Vehicles,14,15,14,24,39,111,217,275,403,436,520,,,,,,405,325,208,113,89,81,27,19,0,0
2024,2024-10-22,Northbound,All Vehicles,103,85,79,54,78,163,352,549,678,617,674,672,762,828,801,739,649,,,,,,,,0,0
2024,2024-10-22,Southbound,All Vehicles,78,95,115,99,135,200,339,403,535,589,663,,,,,,535,435,317,227,191,173,99,61,0,0
2024,2024-10-23,Northbound,Light Vehicles,,,,,30,103,220,390,522,556,544,570,576,638,655,578,557,,,,,,,,0,0
2024,2024-10-23,Northbound,Heavy Vehicles,,,,,46,67,123,157,173,152,161,153,193,239,207,218,212,,,,,,,,0,0
2024,2024-10-23,Northbound,All Vehicles,,,,,76,170,343,547,695,708,705,723,769,877,862,796,769,,,,,,,,0,0
2024,2024-10-24,Southbound,Heavy Vehicles,58,82,110,97,107,108,144,150,177,191,219,199,197,181,166,167,177,120,120,102,121,96,66,60,0,0
2024,2024-10-24,Southbound,Light Vehicles,21,20,17,29,42,113,247,353,516,619,686,704,698,607,635,590,577,416,265,190,129,78,45,29,0,0
2024,2024-10-24,Southbound,All Vehicles,79,102,127,126,149,221,391,503,693,810,905,903,895,788,801,757,754,536,385,292,250,174,111,89,0,0
2024,2024-10-25,Southbound,Heavy Vehicles,64,86,91,83,81,94,130,140,157,216,205,223,185,176,159,132,,,,,,,,,0,0
2024,2024-10-25,Southbound,Light Vehicles,26,24,15,32,66,116,277,398,590,794,886,913,866,870,750,797,,,,,,,,,0,0
2024,2024-10-25,Southbound,All Vehicles,90,110,106,115,147,210,407,538,747,1010,1091,1136,1051,1046,909,929,,,,,,,,,0,0
2024,2024-10-26,Southbound,Light Vehicles,,,,,28,104,230,327,573,685,697,605,552,477,471,409,336,,,,,,,,0,0
2024,2024-10-26,Southbound,Heavy Vehicles,,,,,53,39,63,81,96,81,104,96,77,82,99,77,64,,,,,,,,0,0
2024,2024-10-26,Southbound,All Vehicles,,,,,81,143,293,408,669,766,801,701,629,559,570,486,400,,,,,,,,0,0
2024,2024-10-27,Southbound,Light Vehicles,,,,,22,66,121,244,475,769,1009,1106,1031,981,930,833,648,,,,,,,,0,0
2024,2024-10-27,Southbound,Heavy Vehicles,,,,,7,19,34,42,74,111,169,157,156,133,160,139,126,,,,,,,,0,0
2024,2024-10-27,Southbound,All Vehicles,,,,,29,85,155,286,549,880,1178,1263,1187,1114,1090,972,774,,,,,,,,0,0
2024,2024-10-28,Northbound,Light Vehicles,25,26,26,21,45,125,289,464,583,652,672,666,721,685,664,647,489,372,238,140,89,77,68,49,0,0
2024,2024-10-28,Northbound,Heavy Vehicles,30,25,25,17,33,61,114,161,179,181,166,172,198,171,178,189,171,153,100,80,76,83,89,82,0,0
2024,2024-10-28,Northbound,All Vehicles,55,51,51,38,78,186,403,625,762,833,838,838,919,856,842,836,660,525,338,220,165,160,157,131,0,0
2024,2024-10-29,Northbound,Heavy Vehicles,75,65,51,34,59,66,144,156,170,163,158,171,201,206,199,201,200,158,118,121,112,121,110,92,0,0
2024,2024-10-29,Northbound,Light Vehicles,35,14,18,10,29,97,218,394,490,478,454,503,517,540,524,462,478,340,215,167,84,82,70,28,0,0
2024,2024-10-29,Northbound,All Vehicles,110,79,69,44,88,163,362,550,660,641,612,674,718,746,723,663,678,498,333,288,196,203,180,120,0,0
2024,2024-10-30,Northbound,Heavy Vehicles,82,75,56,42,48,74,130,163,158,145,173,177,206,207,226,190,192,173,105,78,81,93,117,101,0,0
2024,2024-10-30,Northbound,Light Vehicles,21,16,17,17,46,103,245,419,567,559,591,525,573,543,586,576,460,399,214,201,124,102,76,53,0,0
2024,2024-10-30,Northbound,All Vehicles,103,91,73,59,94,177,375,582,725,704,764,702,779,750,812,766,652,572,319,279,205,195,193,154,0,0
2024,2024-10-31,Southbound,Heavy Vehicles,,,,,99,123,145,177,176,186,192,209,198,155,162,145,148,138,129,100,128,82,60,54,0,0
2024,2024-10-31,Southbound,Light Vehicles,,,,,39,106,244,359,468,554,638,645,630,568,587,660,590,396,271,196,148,74,48,29,0,0
2024,2024-10-31,Southbound,All Vehicles,,,,,138,229,389,536,644,740,830,854,828,723,749,805,738,534,400,296,276,156,108,83,0,0
2024,2024-11-01,Southbound,Light Vehicles,21,17,22,21,48,94,216,390,549,793,869,623,953,807,737,730,682,618,361,227,134,101,71,43,0,0
2024,2024-11-01,Southbound,Heavy Vehicles,59,100,95,106,77,90,129,154,166,202,198,153,224,169,161,158,132,98,85,65,77,68,39,45,0,0
2024,2024-11-01,Southbound,All Vehicles,80,117,117,127,125,184,345,544,715,995,1067,776,1177,976,898,888,814,716,446,292,211,169,110,88,0,0
2024,2024-11-02,Northbound,Heavy Vehicles,63,44,31,26,,,,,,,,117,116,92,100,87,88,74,62,38,39,23,26,22,0,0
2024,2024-11-02,Southbound,Heavy Vehicles,43,50,69,48,52,40,57,73,77,96,101,103,89,71,77,68,57,44,54,48,47,28,43,24,0,0
2024,2024-11-02,Northbound,Light Vehicles,42,42,25,26,,,,,,,,827,739,679,652,583,468,364,313,208,132,104,59,57,0,0
2024,2024-11-02,Southbound,Light Vehicles,34,25,22,17,33,86,173,317,455,535,573,594,515,497,475,406,354,270,198,136,93,93,50,29,0,0
2024,2024-11-02,Northbound,All Vehicles,105,86,56,52,,,,,,,,944,855,771,752,670,556,438,375,246,171,127,85,79,0,0
2024,2024-11-02,Southbound,All Vehicles,77,75,91,65,85,126,230,390,532,631,674,697,604,568,552,474,411,314,252,184,140,121,93,53,0,0
2024,2024-11-03,Southbound,Light Vehicles,20,17,20,18,31,68,136,281,476,786,1014,1157,1080,1079,1065,915,726,503,338,224,153,105,56,25,0,0
2024,2024-11-03,Northbound,Heavy Vehicles,12,15,16,8,10,19,24,40,86,90,119,136,136,149,136,122,137,,,,,,,,0,0
2024,2024-11-03,Southbound,Heavy Vehicles,16,11,16,18,16,31,36,46,84,128,129,170,163,163,143,149,138,108,115,99,96,67,40,41,0,0
2024,2024-11-03,Northbound,Light Vehicles,26,19,21,23,25,53,101,207,368,552,607,823,760,803,836,752,630,,,,,,,,0,0
2024,2024-11-03,Southbound,All Vehicles,36,28,36,36,47,99,172,327,560,914,1143,1327,1243,1242,1208,1064,864,611,453,323,249,172,96,66,0,0
2024,2024-11-03,Northbound,All Vehicles,38,34,37,31,35,72,125,247,454,642,726,959,896,952,972,874,767,,,,,,,,0,0
2024,2024-11-04,Northbound,Light Vehicles,,,,,25,128,268,448,563,600,656,634,704,743,680,560,481,,,,,,,,0,0
2024,2024-11-04,Northbound,Heavy Vehicles,,,,,39,47,129,175,161,154,190,178,186,214,203,200,167,,,,,,,,0,0
2024,2024-11-04,Northbound,All Vehicles,,,,,64,175,397,623,724,754,846,812,890,957,883,760,648,,,,,,,,0,0
2024,2024-11-05,Northbound,Light Vehicles,,,,,32,103,223,405,468,448,492,525,488,505,481,484,414,329,201,163,104,94,46,25,0,0
2024,2024-11-05,Northbound,Heavy Vehicles,,,,,47,67,131,148,164,178,152,169,170,201,180,219,163,141,119,96,115,99,115,92,0,0
2024,2024-11-05,Southbound,Heavy Vehicles,2,,3,1,1,6,8,18,22,35,42,24,28,20,32,15,,,,,,,,,0,0
2024,2024-11-05,Southbound,Light Vehicles,,2,1,4,6,20,22,44,79,105,118,123,129,103,84,87,,,,,,,,,0,0
2024,2024-11-05,Northbound,All Vehicles,,,,,79,170,354,553,632,626,644,694,658,706,661,703,577,470,320,259,219,193,161,117,0,0
2024,2024-11-05,Southbound,All Vehicles,2,2,4,5,7,26,30,62,101,140,160,147,157,123,116,102,,,,,,,,,0,0
2024,2024-11-06,Southbound,Heavy Vehicles,,,,,6,6,13,27,31,39,32,43,108,39,30,25,,,,,,,,,0,0
2024,2024-11-06,Northbound,Light Vehicles,20,25,14,20,,,,,,,,519,594,579,565,570,485,394,281,156,111,97,49,41,0,0
2024,2024-11-06,Northbound,Heavy Vehicles,84,60,65,32,,,,,,,,176,176,187,208,180,168,150,117,92,89,93,106,67,0,0
2024,2024-11-06,Southbound,Light Vehicles,,,,,4,16,26,54,92,137,165,158,389,162,108,105,,,,,,,,,0,0
2024,2024-11-06,Southbound,All Vehicles,,,,,10,22,39,81,123,176,197,201,497,201,138,130,,,,,,,,,0,0
2024,2024-11-06,Northbound,All Vehicles,104,85,79,52,,,,,,,,695,770,766,773,750,653,544,398,248,200,190,155,108,0,0
2024,2024-11-07,Southbound,Light Vehicles,,,,,64,131,258,369,552,680,758,721,762,603,616,607,545,,264,168,128,79,42,36,0,0
2024,2024-11-07,Southbound,Heavy Vehicles,,,,,114,104,150,144,144,189,206,197,201,181,154,171,179,,111,120,91,78,61,36,0,0
2024,2024-11-07,Southbound,All Vehicles,,,,,178,235,408,513,696,869,964,918,963,784,770,778,724,,375,288,219,157,103,72,0,0
2024,2024-11-08,Southbound,Light Vehicles,26,17,20,28,57,132,256,387,607,817,877,917,933,785,785,792,754,609,390,276,153,108,72,53,0,0
2024,2024-11-08,Southbound,Heavy Vehicles,61,98,77,86,83,81,129,155,162,223,225,204,197,169,142,149,135,97,86,74,84,65,56,27,0,0
2024,2024-11-08,Southbound,All Vehicles,87,115,97,114,140,213,385,542,769,1040,1102,1121,1130,954,927,941,889,706,476,350,237,173,128,80,0,0
2024,2024-11-09,Southbound,Heavy Vehicles,48,55,66,62,44,49,53,74,87,119,99,95,51,36,18,4,2,10,55,36,46,37,34,18,0,0
2024,2024-11-09,Northbound,Heavy Vehicles,32,3,11,11,,,,,,,,106,90,73,83,84,91,80,54,49,44,23,30,14,0,0
2024,2024-11-09,Northbound,Light Vehicles,11,3,7,5,,,,,,,,805,691,706,715,546,522,393,281,233,185,96,63,57,0,0
2024,2024-11-09,Southbound,Light Vehicles,35,25,24,32,41,93,194,351,497,586,677,623,410,261,155,7,,22,199,161,126,110,45,59,0,0
2024,2024-11-09,Southbound,All Vehicles,83,80,90,94,85,142,247,425,584,705,776,718,461,297,173,11,2,32,254,197,172,147,79,77,0,0
2024,2024-11-09,Northbound,All Vehicles,43,6,18,16,,,,,,,,911,781,779,798,630,613,473,335,282,229,119,93,71,0,0
2024,2024-11-10,Southbound,Light Vehicles,37,20,19,17,25,68,148,287,521,854,1199,1210,1052,1089,1035,831,694,457,302,218,161,102,69,39,0,0
2024,2024-11-10,Southbound,Heavy Vehicles,35,15,21,12,7,11,27,54,84,118,168,158,160,153,149,132,128,113,100,96,94,76,47,46,0,0
2024,2024-11-10,Southbound,All Vehicles,72,35,40,29,32,79,175,341,605,972,1367,1368,1212,1242,1184,963,822,570,402,314,255,178,116,85,0,0
2024,2024-11-11,Northbound,Heavy Vehicles,32,23,25,23,34,61,125,151,175,151,189,191,193,211,201,198,173,166,111,86,88,114,100,100,0,0
2024,2024-11-11,Northbound,Light Vehicles,38,27,31,30,47,119,284,500,529,591,741,715,798,815,787,689,599,389,276,176,102,81,62,42,0,0
2024,2024-11-11,Northbound,All Vehicles,70,50,56,53,81,180,409,651,704,742,930,906,991,1026,988,887,772,555,387,262,190,195,162,142,0,0
2024,2024-11-12,Southbound,Heavy Vehicles,68,57,71,147,100,103,122,123,170,,177,165,140,157,141,152,136,153,100,112,112,92,77,46,0,0
2024,2024-11-12,Southbound,Light Vehicles,11,7,14,39,48,104,250,321,440,,645,614,579,552,528,568,511,382,241,158,100,82,36,26,0,0
2024,2024-11-12,Northbound,Heavy Vehicles,61,62,61,31,42,62,122,157,184,153,143,165,168,188,211,198,185,,,,,,,,0,0
2024,2024-11-12,Northbound,Light Vehicles,29,27,15,15,24,114,195,470,512,490,524,561,580,577,586,522,497,,,,,,,,0,0
2024,2024-11-12,Southbound,All Vehicles,79,64,85,186,148,207,372,444,610,,822,779,719,709,669,720,647,535,341,270,212,174,113,72,0,0
2024,2024-11-12,Northbound,All Vehicles,90,89,76,46,66,176,317,627,696,643,667,726,748,765,797,720,682,,,,,,,,0,0
2024,2024-11-13,Southbound,Heavy Vehicles,62,88,97,80,106,86,120,146,143,172,199,194,158,165,147,153,173,154,119,128,120,101,73,51,0,0
2024,2024-11-13,Southbound,Light Vehicles,20,22,10,20,58,107,258,331,431,496,569,630,606,564,557,580,500,441,237,154,112,79,55,24,0,0
2024,2024-11-13,Southbound,All Vehicles,82,110,107,100,164,193,378,477,574,668,768,824,764,729,704,733,673,595,356,282,232,180,128,75,0,0
2024,2024-11-14,Southbound,Light Vehicles,24,19,18,23,49,109,274,350,490,627,668,701,669,603,626,569,584,455,318,211,174,91,66,30,0,0
2024,2024-11-14,Southbound,Heavy Vehicles,41,64,115,127,93,95,119,141,177,185,227,196,183,227,149,142,176,133,136,121,112,91,48,54,0,0
2024,2024-11-14,Southbound,All Vehicles,65,83,133,150,142,204,393,491,667,812,895,897,852,830,775,711,760,588,454,332,286,182,114,84,0,0
2024,2024-11-15,Northbound,Light Vehicles,32,30,16,25,,,,,,,,831,860,866,1008,786,626,654,570,449,290,314,288,97,0,0
2024,2024-11-15,Northbound,Heavy Vehicles,73,87,61,34,,,,,,,,172,205,205,190,157,132,131,121,95,91,100,187,105,0,0
2024,2024-11-15,Southbound,Heavy Vehicles,66,84,113,107,79,101,135,129,159,191,201,219,177,175,136,170,,,,,,,,,0,0
2024,2024-11-15,Southbound,Light Vehicles,18,25,21,36,62,119,262,415,613,813,963,989,921,897,820,755,,,,,,,,,0,0
2024,2024-11-15,Northbound,All Vehicles,105,117,77,59,,,,,,,,1003,1065,1071,1198,943,758,785,691,544,381,414,475,202,0,0
2024,2024-11-15,Southbound,All Vehicles,84,109,134,143,141,220,397,544,772,1004,1164,1208,1098,1072,956,925,,,,,,,,,0,0
2024,2024-11-16,Southbound,Light Vehicles,,,,,63,87,223,456,608,780,849,802,711,602,540,491,395,316,226,145,129,89,75,41,0,0
2024,2024-11-16,Southbound,Heavy Vehicles,,,,,55,45,60,91,101,118,130,97,117,99,79,84,64,55,53,43,57,49,26,31,0,0
2024,2024-11-16,Southbound,All Vehicles,,,,,118,132,283,547,709,898,979,899,828,701,619,575,459,371,279,188,186,138,101,72,0,0
2024,2024-11-17,Southbound,Light Vehicles,37,18,18,15,27,70,179,276,527,774,1053,1140,1061,1071,964,873,689,475,329,233,169,91,53,37,0,0
2024,2024-11-17,Southbound,Heavy Vehicles,21,21,20,15,13,23,23,42,73,104,145,162,141,157,165,143,141,114,106,112,95,66,49,50,0,0
2024,2024-11-17,Southbound,All Vehicles,58,39,38,30,40,93,202,318,600,878,1198,1302,1202,1228,1129,1016,830,589,435,345,264,157,102,87,0,0
2024,2024-11-18,Northbound,Heavy Vehicles,27,22,27,15,42,45,136,163,154,183,190,187,199,192,240,183,176,,,,,,,,0,0
2024,2024-11-18,Northbound,Light Vehicles,32,21,19,14,37,115,284,470,555,602,668,713,786,768,724,592,521,,,,,,,,0,0
2024,2024-11-18,Northbound,All Vehicles,59,43,46,29,79,160,420,633,709,785,858,900,985,960,964,775,697,,,,,,,,0,0
2024,2024-11-19,Southbound,Light Vehicles,22,10,16,29,47,131,236,322,429,559,598,604,580,603,514,538,508,432,229,152,122,70,26,27,0,0
2024,2024-11-19,Southbound,Heavy Vehicles,60,85,76,103,87,100,128,170,168,192,187,171,149,170,175,158,163,132,126,123,116,81,60,47,0,0
2024,2024-11-19,Northbound,Light Vehicles,,,,,22,85,207,429,485,501,475,485,498,581,534,542,474,355,224,151,99,89,49,29,0,0
2024,2024-11-19,Northbound,Heavy Vehicles,,,,,49,71,125,188,166,178,192,170,210,203,202,234,191,157,112,101,107,124,101,98,0,0
2024,2024-11-19,Southbound,All Vehicles,82,95,92,132,134,231,364,492,597,751,785,775,729,773,689,696,671,564,355,275,238,151,86,74,0,0
2024,2024-11-19,Northbound,All Vehicles,,,,,71,156,332,617,651,679,667,655,708,784,736,776,665,512,336,252,206,213,150,127,0,0
2024,2024-11-20,Southbound,Heavy Vehicles,70,89,95,87,104,117,138,159,144,193,192,181,188,161,156,175,163,139,146,140,117,104,59,72,0,0
2024,2024-11-20,Northbound,Heavy Vehicles,87,71,59,40,52,65,118,132,143,124,138,163,198,154,155,164,150,,,,,,,,0,0
2024,2024-11-20,Northbound,Light Vehicles,35,15,18,14,33,90,194,316,415,393,420,397,376,454,408,411,342,,,,,,,,0,0
2024,2024-11-20,Southbound,Light Vehicles,22,12,14,33,52,129,251,343,468,528,612,623,622,600,540,578,540,399,258,161,114,79,46,45,0,0
2024,2024-11-20,Southbound,All Vehicles,92,101,109,120,156,246,389,502,612,721,804,804,810,761,696,753,703,538,404,301,231,183,105,117,0,0
2024,2024-11-20,Northbound,All Vehicles,122,86,77,54,85,155,312,448,558,517,558,560,574,608,563,575,492,,,,,,,,0,0
2024,2024-11-21,Southbound,Light Vehicles,17,14,18,26,48,124,248,404,567,679,793,710,658,611,643,625,,,,,,,,,0,0
2024,2024-11-21,Southbound,Heavy Vehicles,79,87,100,113,93,115,161,179,169,175,216,202,206,191,150,188,,,,,,,,,0,0
2024,2024-11-21,Southbound,All Vehicles,96,101,118,139,141,239,409,583,736,854,1009,912,864,802,793,813,,,,,,,,,0,0
2024,2024-11-22,Southbound,Heavy Vehicles,,,,,98,100,110,169,181,174,244,197,181,160,138,163,128,109,96,72,66,54,51,44,0,0
2024,2024-11-22,Southbound,Light Vehicles,,,,,47,121,253,420,627,805,874,890,851,805,784,817,717,593,398,249,158,118,71,52,0,0
2024,2024-11-22,Southbound,All Vehicles,,,,,145,221,363,589,808,979,1118,1087,1032,965,922,980,845,702,494,321,224,172,122,96,0,0
2024,2024-11-23,Northbound,Light Vehicles,48,24,19,16,22,44,129,254,406,485,579,551,516,480,473,442,374,324,64,12,3,,,1,0,0
2024,2024-11-23,Northbound,Heavy Vehicles,71,50,32,21,24,30,43,61,77,92,98,86,82,89,84,73,93,63,12,2,,,,,0,0
2024,2024-11-23,Northbound,All Vehicles,119,74,51,37,46,74,172,315,483,577,677,637,598,569,557,515,467,387,76,14,3,,,1,0,0
2024,2024-11-24,Southbound,Light Vehicles,34,12,13,19,30,53,152,292,510,780,1010,1157,1021,973,956,797,677,539,354,234,156,88,53,42,0,0
2024,2024-11-24,Southbound,Heavy Vehicles,26,22,15,12,19,26,29,46,86,112,144,160,141,112,136,136,124,115,114,106,80,80,45,43,0,0
2024,2024-11-24,Southbound,All Vehicles,60,34,28,31,49,79,181,338,596,892,1154,1317,1162,1085,1092,933,801,654,468,340,236,168,98,85,0,0
2024,2024-11-25,Northbound,Heavy Vehicles,,,2,1,11,41,137,145,198,166,151,183,176,211,216,212,170,144,77,5,,3,20,10,0,0
2024,2024-11-25,Northbound,Light Vehicles,,,1,1,14,69,230,473,640,629,676,711,735,745,710,637,535,394,113,10,1,5,16,12,0,0
2024,2024-11-25,Northbound,All Vehicles,,,3,2,25,110,367,618,838,795,827,894,911,956,926,849,705,538,190,15,1,8,36,22,0,0
2024,2024-11-26,Northbound,Light Vehicles,,1,7,16,22,99,237,427,507,521,507,507,543,598,515,503,484,335,164,,,,,,0,0
2024,2024-11-26,Southbound,Light Vehicles,17,20,13,22,61,118,262,347,475,540,562,606,559,523,496,531,494,415,241,170,121,79,32,22,0,0
2024,2024-11-26,Northbound,Heavy Vehicles,,3,20,32,58,63,141,183,179,186,167,167,211,179,225,223,176,138,92,,,,,,0,0
2024,2024-11-26,Southbound,Heavy Vehicles,65,91,95,100,96,103,164,154,172,196,174,204,181,180,149,166,157,147,137,127,128,112,72,62,0,0
2024,2024-11-26,Northbound,All Vehicles,,4,27,48,80,162,378,610,686,707,674,674,754,777,740,726,660,473,256,,,,,,0,0
2024,2024-11-26,Southbound,All Vehicles,82,111,108,122,157,221,426,501,647,736,736,810,740,703,645,697,651,562,378,297,249,191,104,84,0,0
2024,2024-11-27,Southbound,Light Vehicles,24,21,21,19,68,128,237,347,452,568,551,580,587,523,537,564,526,416,273,178,128,77,50,27,0,0
2024,2024-11-27,Northbound,Light Vehicles,,,,,7,94,200,444,503,614,523,529,517,560,513,553,430,,,,,,,,0,0
2024,2024-11-27,Southbound,Heavy Vehicles,57,87,102,104,104,118,154,159,179,176,222,182,161,172,174,153,159,137,143,117,121,112,71,59,0,0
2024,2024-11-27,Northbound,Heavy Vehicles,,,,1,20,65,128,177,198,179,162,171,188,190,210,192,183,,,,,,,,0,0
2024,2024-11-27,Southbound,All Vehicles,81,108,123,123,172,246,391,506,631,744,773,762,748,695,711,717,685,553,416,295,249,189,121,86,0,0
2024,2024-11-27,Northbound,All Vehicles,,,,1,27,159,328,621,701,793,685,700,705,750,723,745,613,,,,,,,,0,0
2024,2024-11-28,Southbound,Light Vehicles,17,15,24,27,41,131,264,377,558,691,692,684,720,624,619,614,600,479,350,218,164,101,55,46,0,0
2024,2024-11-28,Southbound,Heavy Vehicles,68,89,88,106,108,121,149,153,185,172,198,212,225,197,173,167,164,158,127,124,129,92,69,39,0,0
2024,2024-11-28,Southbound,All Vehicles,85,104,112,133,149,252,413,530,743,863,890,896,945,821,792,781,764,637,477,342,293,193,124,85,0,0
2024,2024-11-29,Northbound,Heavy Vehicles,107,77,45,40,49,70,139,160,171,161,174,195,179,185,233,186,183,,,,,,,,0,0
2024,2024-11-29,Southbound,Light Vehicles,21,29,32,30,53,149,318,443,608,825,931,903,892,829,782,799,702,638,394,225,158,121,66,45,0,0
2024,2024-11-29,Southbound,Heavy Vehicles,62,95,107,104,85,101,140,149,169,217,202,215,235,208,173,181,154,118,93,75,64,58,47,49,0,0
2024,2024-11-29,Northbound,Light Vehicles,38,33,28,28,36,113,209,456,562,628,694,792,814,880,882,894,723,,,,,,,,0,0
2024,2024-11-29,Northbound,All Vehicles,145,110,73,68,85,183,348,616,733,789,868,987,993,1065,1115,1080,906,,,,,,,,0,0
2024,2024-11-29,Southbound,All Vehicles,83,124,139,134,138,250,458,592,777,1042,1133,1118,1127,1037,955,980,856,756,487,300,222,179,113,94,0,0
2024,2024-11-30,Southbound,Light Vehicles,2,1,6,3,5,9,18,58,157,223,229,192,140,140,94,74,63,58,28,16,9,8,9,4,0,0
2024,2024-11-30,Southbound,Heavy Vehicles,1,2,1,3,1,4,6,15,20,29,37,25,20,16,16,11,10,9,3,6,9,7,,1,0,0
2024,2024-11-30,Southbound,All Vehicles,3,3,7,6,6,13,24,73,177,252,266,217,160,156,110,85,73,67,31,22,18,15,9,5,0,0
2024,2024-12-01,Northbound,Light Vehicles,47,21,11,14,21,42,90,175,316,448,525,612,606,653,432,552,500,443,312,239,182,101,79,63,0,0
2024,2024-12-01,Northbound,Heavy Vehicles,21,15,14,11,13,13,16,45,65,68,94,102,105,108,96,112,117,104,71,62,58,64,55,21,0,0
2024,2024-12-01,Northbound,All Vehicles,68,36,25,25,34,55,106,220,381,516,619,714,711,761,528,664,617,547,383,301,240,165,134,84,0,0
2024,2024-12-03,Southbound,Heavy Vehicles,72,78,97,85,105,97,142,162,126,154,155,155,153,137,128,131,146,131,104,135,118,83,85,48,0,0
2024,2024-12-03,Southbound,Light Vehicles,22,13,8,23,52,107,204,274,367,440,476,465,457,444,419,429,381,348,219,120,96,87,36,32,0,0
2024,2024-12-03,Northbound,Light Vehicles,29,22,13,13,28,91,213,423,522,494,467,535,548,556,534,521,445,319,270,164,104,83,50,41,0,0
2024,2024-12-03,Northbound,Heavy Vehicles,87,69,63,38,53,67,136,163,186,141,170,190,208,209,232,221,159,146,158,126,109,116,117,91,0,0
2024,2024-12-03,Southbound,All Vehicles,94,91,105,108,157,204,346,436,493,594,631,620,610,581,547,560,527,479,323,255,214,170,121,80,0,0
2024,2024-12-03,Northbound,All Vehicles,116,91,76,51,81,158,349,586,708,635,637,725,756,765,766,742,604,465,428,290,213,199,167,132,0,0
2024,2024-12-04,Northbound,Light Vehicles,4,3,1,3,3,14,58,125,138,142,121,144,144,169,144,163,144,99,61,31,21,21,13,10,0,0
2024,2024-12-04,Northbound,Heavy Vehicles,9,6,5,3,1,3,22,26,26,34,23,30,52,56,36,46,27,23,17,7,7,12,7,9,0,0
2024,2024-12-04,Northbound,All Vehicles,13,9,6,6,4,17,80,151,164,176,144,174,196,225,180,209,171,122,78,38,28,33,20,19,0,0
2024,2024-12-05,Northbound,Light Vehicles,30,29,33,31,40,136,293,497,610,600,645,659,626,809,830,739,729,631,543,387,281,194,135,73,0,0
2024,2024-12-05,Southbound,Light Vehicles,,,,,58,119,267,373,521,559,749,671,666,615,609,581,561,440,298,235,166,99,54,32,0,0
2024,2024-12-05,Northbound,Heavy Vehicles,87,68,69,54,58,81,130,167,226,170,170,176,185,211,226,206,201,190,180,131,121,148,130,102,0,0
2024,2024-12-05,Southbound,Heavy Vehicles,,,,,99,107,133,188,173,172,200,184,202,193,179,164,176,140,143,132,100,90,65,58,0,0
2024,2024-12-05,Northbound,All Vehicles,117,97,102,85,98,217,423,664,836,770,815,835,811,1020,1056,945,930,821,723,518,402,342,265,175,0,0
2024,2024-12-05,Southbound,All Vehicles,,,,,157,226,400,561,694,731,949,855,868,808,788,745,737,580,441,367,266,189,119,90,0,0
2024,2024-12-06,Northbound,Light Vehicles,30,24,20,28,33,115,210,351,466,446,559,540,498,538,539,523,519,497,399,307,231,133,81,60,0,0
2024,2024-12-06,Northbound,Heavy Vehicles,95,75,63,45,47,66,107,130,132,122,138,130,123,156,144,153,115,114,87,86,90,82,70,52,0,0
2024,2024-12-06,Northbound,All Vehicles,125,99,83,73,80,181,317,481,598,568,697,670,621,694,683,676,634,611,486,393,321,215,151,112,0,0
2024,2024-12-07,Southbound,Heavy Vehicles,36,77,66,67,58,60,85,77,112,117,121,114,108,106,92,86,76,70,48,47,64,51,41,28,0,0
2024,2024-12-07,Southbound,Light Vehicles,38,31,23,37,33,103,231,401,627,811,782,786,645,659,572,525,419,341,241,162,139,106,50,35,0,0
2024,2024-12-07,Southbound,All Vehicles,74,108,89,104,91,163,316,478,739,928,903,900,753,765,664,611,495,411,289,209,203,157,91,63,0,0
2024,2024-12-08,Southbound,Light Vehicles,26,28,27,19,22,58,163,278,531,726,981,1053,991,997,928,883,780,529,363,249,151,116,54,33,0,0
2024,2024-12-08,Southbound,Heavy Vehicles,28,18,15,19,15,15,32,63,68,115,145,141,134,149,124,134,128,128,122,113,99,64,59,41,0,0
2024,2024-12-08,Southbound,All Vehicles,54,46,42,38,37,73,195,341,599,841,1126,1194,1125,1146,1052,1017,908,657,485,362,250,180,113,74,0,0
2024,2024-12-09,Northbound,Light Vehicles,,,,,,,,,,,,704,733,756,790,642,489,389,267,220,126,85,59,44,0,0
2024,2024-12-09,Southbound,Light Vehicles,21,32,26,47,80,179,290,357,515,666,840,920,787,681,623,652,633,532,286,190,136,84,49,21,0,0
2024,2024-12-09,Southbound,Heavy Vehicles,42,33,38,45,62,76,109,118,139,169,203,203,183,176,157,159,148,152,150,139,142,99,82,65,0,0
2024,2024-12-09,Northbound,Heavy Vehicles,,,,,,,,,,,,160,188,201,212,203,185,160,110,110,94,95,96,86,0,0
2024,2024-12-09,Northbound,All Vehicles,,,,,,,,,,,,864,921,957,1002,845,674,549,377,330,220,180,155,130,0,0
2024,2024-12-09,Southbound,All Vehicles,63,65,64,92,142,255,399,475,654,835,1043,1123,970,857,780,811,781,684,436,329,278,183,131,86,0,0
2024,2024-12-10,Southbound,Heavy Vehicles,87,88,90,94,103,106,150,137,190,198,193,185,204,177,162,164,156,118,127,112,88,80,77,86,0,0
2024,2024-12-10,Southbound,Light Vehicles,27,26,26,33,60,116,233,336,456,577,604,589,583,556,550,579,529,447,308,175,133,107,49,42,0,0
2024,2024-12-10,Northbound,Light Vehicles,29,16,13,21,26,82,192,301,377,406,390,430,373,416,428,423,378,,,,,,,,0,0
2024,2024-12-10,Northbound,Heavy Vehicles,86,62,58,35,52,72,143,144,142,142,137,141,135,150,153,174,136,,,,,,,,0,0
2024,2024-12-10,Southbound,All Vehicles,114,114,116,127,163,222,383,473,646,775,797,774,787,733,712,743,685,565,435,287,221,187,126,128,0,0
2024,2024-12-10,Northbound,All Vehicles,115,78,71,56,78,154,335,445,519,548,527,571,508,566,581,597,514,,,,,,,,0,0
2024,2024-12-11,Northbound,Light Vehicles,,,,,25,105,241,434,497,553,575,531,553,570,591,571,530,391,280,37,5,1,5,1,0,0
2024,2024-12-11,Northbound,Heavy Vehicles,,,,,46,85,120,161,225,192,152,171,190,194,227,219,195,164,119,22,4,,4,7,0,0
2024,2024-12-11,Northbound,All Vehicles,,,,,71,190,361,595,722,745,727,702,743,764,818,790,725,555,399,59,9,1,9,8,0,0
2024,2024-12-12,Southbound,Light Vehicles,24,19,26,28,59,131,287,384,556,622,678,671,671,585,586,610,628,533,309,204,170,131,62,42,0,0
2024,2024-12-12,Southbound,Heavy Vehicles,57,113,113,113,118,106,144,170,174,172,218,192,217,174,165,186,176,141,112,115,121,92,82,61,0,0
2024,2024-12-12,Southbound,All Vehicles,81,132,139,141,177,237,431,554,730,794,896,863,888,759,751,796,804,674,421,319,291,223,144,103,0,0
2024,2024-12-14,Southbound,Heavy Vehicles,,,,,,,,,,,107,98,106,91,87,69,75,60,44,33,45,41,43,36,0,0
2024,2024-12-14,Southbound,Light Vehicles,,,,,,,,,,,613,638,587,551,518,477,396,325,223,143,142,101,75,42,0,0
2024,2024-12-14,Southbound,All Vehicles,,,,,,,,,,,720,736,693,642,605,546,471,385,267,176,187,142,118,78,0,0
2024,2024-12-17,Southbound,Light Vehicles,27,17,28,30,54,135,239,356,469,555,595,655,648,579,586,624,553,448,260,198,150,102,41,28,0,0
2024,2024-12-17,Southbound,Heavy Vehicles,87,88,102,96,87,130,146,157,176,196,196,193,203,174,159,191,155,154,100,115,136,109,71,57,0,0
2024,2024-12-17,Northbound,Light Vehicles,,,,,,,1,106,139,137,161,153,130,193,166,163,123,,,,,,,,0,0
2024,2024-12-17,Northbound,Heavy Vehicles,,,,,,,,19,28,26,27,30,39,35,35,36,27,,,,,,,,0,0
2024,2024-12-17,Southbound,All Vehicles,114,105,130,126,141,265,385,513,645,751,791,848,851,753,745,815,708,602,360,313,286,211,112,85,0,0
2024,2024-12-17,Northbound,All Vehicles,,,,,,,1,125,167,163,188,183,169,228,201,199,150,,,,,,,,0,0
2024,2024-12-19,Northbound,Light Vehicles,38,49,27,35,41,141,303,513,680,764,796,814,802,858,875,790,660,572,425,163,1,,,,0,0
2024,2024-12-19,Northbound,Heavy Vehicles,98,90,62,39,44,80,149,184,199,203,182,209,205,212,234,220,188,164,168,71,1,,,,0,0
2024,2024-12-19,Northbound,All Vehicles,136,139,89,74,85,221,452,697,879,967,978,1023,1007,1070,1109,1010,848,736,593,234,2,,,,0,0
2024,2024-12-20,Southbound,Heavy Vehicles,74,98,95,88,97,103,124,157,206,173,209,224,201,200,192,160,,,,,,,,,0,0
2024,2024-12-20,Southbound,Light Vehicles,38,44,24,49,80,141,295,459,657,853,1030,1109,1101,1050,935,983,,,,,,,,,0,0
2024,2024-12-20,Southbound,All Vehicles,112,142,119,137,177,244,419,616,863,1026,1239,1333,1302,1250,1127,1143,,,,,,,,,0,0
2024,2024-12-21,Northbound,Light Vehicles,2,,,,,70,267,780,1239,1510,1614,1612,1491,1406,1298,1253,1182,728,5,2,,,,,0,0
2024,2024-12-21,Northbound,Heavy Vehicles,1,,,,,16,39,131,158,191,187,161,163,149,149,136,151,111,,,,,,,0,0
2024,2024-12-21,Northbound,All Vehicles,3,,,,,86,306,911,1397,1701,1801,1773,1654,1555,1447,1389,1333,839,5,2,,,,,0,0
2024,2024-12-22,Northbound,Heavy Vehicles,,1,,1,,19,49,61,101,122,84,99,104,91,105,119,90,,,,,,,,0,0
2024,2024-12-22,Northbound,Light Vehicles,,,,2,9,102,285,534,732,873,964,933,969,955,903,856,667,,,,,,,,0,0
2024,2024-12-22,Northbound,All Vehicles,,1,,3,9,121,334,595,833,995,1048,1032,1073,1046,1008,975,757,,,,,,,,0,0
2024,2024-12-24,Southbound,Light Vehicles,43,38,34,37,59,118,203,348,453,704,749,761,758,657,652,570,542,439,309,207,179,140,89,68,0,0
2024,2024-12-24,Northbound,Light Vehicles,,,15,1,3,13,15,414,575,631,725,698,683,672,673,676,572,252,1,,,,,,0,0
2024,2024-12-24,Southbound,Heavy Vehicles,50,78,68,74,61,57,70,85,113,111,141,137,98,105,81,78,78,57,47,50,33,35,32,21,0,0
2024,2024-12-24,Northbound,Heavy Vehicles,,,17,3,,5,7,93,102,99,92,92,90,105,105,86,75,30,,,,,,,0,0
2024,2024-12-24,Southbound,All Vehicles,93,116,102,111,120,175,273,433,566,815,890,898,856,762,733,648,620,496,356,257,212,175,121,89,0,0
2024,2024-12-24,Northbound,All Vehicles,,,32,4,3,18,22,507,677,730,817,790,773,777,778,762,647,282,1,,,,,,0,0
2024,2024-12-25,Northbound,Heavy Vehicles,,,,,,,6,25,36,43,73,73,75,63,70,63,92,96,30,1,,,,,0,0
2024,2024-12-25,Northbound,Light Vehicles,,,,,11,1,65,282,478,733,943,880,874,651,650,713,891,715,191,9,1,5,5,,0,0
2024,2024-12-25,Southbound,Heavy Vehicles,23,32,25,18,20,15,26,32,33,34,53,46,35,37,28,34,46,26,22,28,22,22,16,15,0,0
2024,2024-12-25,Southbound,Light Vehicles,53,34,30,38,50,87,155,250,406,481,489,446,381,382,454,450,414,372,278,241,173,110,68,53,0,0
2024,2024-12-25,Northbound,All Vehicles,,,,,11,1,71,307,514,776,1016,953,949,714,720,776,983,811,221,10,1,5,5,,0,0
2024,2024-12-25,Southbound,All Vehicles,76,66,55,56,70,102,181,282,439,515,542,492,416,419,482,484,460,398,300,269,195,132,84,68,0,0
2024,2024-12-30,Northbound,Light Vehicles,1,,,25,59,138,339,635,916,1272,1425,,,,,,,540,144,5,,,,,0,0
2024,2024-12-30,Northbound,Heavy Vehicles,,,,8,29,44,94,125,194,190,187,,,,,,,114,38,1,,,,,0,0
2024,2024-12-30,Northbound,All Vehicles,1,,,33,88,182,433,760,1110,1462,1612,,,,,,,654,182,6,,,,,0,0
2024,2024-12-31,Northbound,Light Vehicles,1,13,29,39,49,102,211,387,574,742,872,998,890,799,780,590,543,449,307,238,159,87,74,49,0,0
2024,2024-12-31,Northbound,Heavy Vehicles,,20,29,25,26,34,67,111,140,119,147,111,133,128,125,100,103,89,73,48,45,45,35,31,0,0
2024,2024-12-31,Southbound,Light Vehicles,67,33,32,56,59,118,200,313,553,815,1065,1057,1005,910,851,715,,,,,,,,,0,0
2024,2024-12-31,Southbound,Heavy Vehicles,46,65,59,57,45,47,67,93,115,147,169,159,160,131,127,77,,,,,,,,,0,0
2024,2024-12-31,Northbound,All Vehicles,1,33,58,64,75,136,278,498,714,861,1019,1109,1023,927,905,690,646,538,380,286,204,132,109,80,0,0
2024,2024-12-31,Southbound,All Vehicles,113,98,91,113,104,165,267,406,668,962,1234,1216,1165,1041,978,792,,,,,,,,,0,0
2025,2025-01-01,Southbound,Light Vehicles,,,,,6,2,7,15,39,133,213,261,292,,275,243,,,,,,,,,0,0
2025,2025-01-01,Southbound,Heavy Vehicles,,,,,2,1,2,7,5,19,22,44,46,,42,38,,,,,,,,,0,0
2025,2025-01-01,Southbound,All Vehicles,,,,,8,3,9,22,44,152,235,305,338,,317,281,,,,,,,,,0,0
2025,2025-01-03,Southbound,Light Vehicles,63,46,47,44,81,130,251,477,746,1252,,,,,,,1408,903,671,410,314,260,141,108,0,0
2025,2025-01-03,Southbound,Heavy Vehicles,50,65,59,71,63,55,90,100,123,163,,,,,,,201,130,90,91,69,65,42,31,0,0
2025,2025-01-03,Southbound,All Vehicles,113,111,106,115,144,185,341,577,869,1415,,,,,,,1609,1033,761,501,383,325,183,139,0,0
2025,2025-01-06,Northbound,Light Vehicles,3,1,1,22,,,,,,,,684,710,699,649,549,481,357,239,177,125,91,58,53,0,0
2025,2025-01-06,Northbound,Heavy Vehicles,5,4,4,11,,,,,,,,135,119,111,127,156,120,88,87,79,70,77,97,68,0,0
2025,2025-01-06,Southbound,Light Vehicles,33,39,41,43,75,150,290,376,620,916,1052,1196,1124,1086,1084,951,805,623,397,277,189,114,80,64,0,0
2025,2025-01-06,Southbound,Heavy Vehicles,31,32,26,32,52,67,94,100,125,170,180,184,174,161,190,165,136,143,115,140,125,92,74,70,0,0
2025,2025-01-06,Northbound,All Vehicles,8,5,5,33,,,,,,,,819,829,810,776,705,601,445,326,256,195,168,155,121,0,0
2025,2025-01-06,Southbound,All Vehicles,64,71,67,75,127,217,384,476,745,1086,1232,1380,1298,1247,1274,1116,941,766,512,417,314,206,154,134,0,0
2025,2025-01-09,Northbound,Heavy Vehicles,79,66,47,29,,,,,,,,193,158,198,227,199,189,154,120,118,105,121,116,76,0,0
2025,2025-01-09,Southbound,Heavy Vehicles,62,90,101,90,79,80,86,130,124,184,204,211,196,186,163,183,156,146,139,136,102,89,58,64,0,0
2025,2025-01-09,Southbound,Light Vehicles,30,20,25,21,48,108,215,357,522,844,1055,1107,1107,971,929,887,781,656,435,292,207,140,52,59,0,0
2025,2025-01-09,Northbound,Light Vehicles,36,25,23,24,,,,,,,,900,931,921,870,758,659,453,356,243,151,109,61,41,0,0
2025,2025-01-09,Northbound,All Vehicles,115,91,70,53,,,,,,,,1093,1089,1119,1097,957,848,607,476,361,256,230,177,117,0,0
2025,2025-01-09,Southbound,All Vehicles,92,110,126,111,127,188,301,487,646,1028,1259,1318,1303,1157,1092,1070,937,802,574,428,309,229,110,123,0,0
2025,2025-01-10,Northbound,Heavy Vehicles,1,4,3,,3,6,6,21,21,45,48,59,70,50,64,54,42,27,17,10,12,5,10,5,0,0
2025,2025-01-10,Northbound,Light Vehicles,6,7,5,2,7,12,43,86,148,222,245,329,340,317,334,266,207,185,128,57,41,25,16,12,0,0
2025,2025-01-10,Northbound,All Vehicles,7,11,8,2,10,18,49,107,169,267,293,388,410,367,398,320,249,212,145,67,53,30,26,17,0,0
2025,2025-01-11,Southbound,Light Vehicles,48,38,22,32,42,113,237,381,658,990,1448,1440,1354,1124,1091,941,712,540,375,246,182,138,91,54,0,0
2025,2025-01-11,Southbound,Heavy Vehicles,42,58,57,64,51,35,63,75,120,130,163,172,151,150,147,129,112,84,93,58,62,48,47,45,0,0
2025,2025-01-11,Southbound,All Vehicles,90,96,79,96,93,148,300,456,778,1120,1611,1612,1505,1274,1238,1070,824,624,468,304,244,186,138,99,0,0
2025,2025-01-12,Northbound,Light Vehicles,,,,,,,,,,,,952,1002,985,802,839,655,540,374,274,175,117,75,44,0,0
2025,2025-01-12,Southbound,Light Vehicles,36,24,23,27,29,78,114,259,465,587,818,847,840,805,773,759,668,469,341,247,187,117,72,27,0,0
2025,2025-01-12,Northbound,Heavy Vehicles,,,,,,,,,,,,124,126,141,107,173,124,111,85,65,55,48,41,28,0,0
2025,2025-01-12,Southbound,Heavy Vehicles,25,21,20,15,19,24,27,45,56,110,84,114,97,135,97,119,103,92,87,84,83,66,47,41,0,0
2025,2025-01-12,Northbound,All Vehicles,,,,,,,,,,,,1076,1128,1126,909,1012,779,651,459,339,230,165,116,72,0,0
2025,2025-01-12,Southbound,All Vehicles,61,45,43,42,48,102,141,304,521,697,902,961,937,940,870,878,771,561,428,331,270,183,119,68,0,0
2025,2025-01-13,Northbound,Heavy Vehicles,28,19,26,25,32,41,99,127,127,133,143,,,,,,,117,92,57,86,95,85,80,0,0
2025,2025-01-13,Northbound,Light Vehicles,24,27,27,35,39,125,239,376,554,551,608,,,,,,,311,210,129,122,69,55,35,0,0
2025,2025-01-13,Northbound,All Vehicles,52,46,53,60,71,166,338,503,681,684,751,,,,,,,428,302,186,208,164,140,115,0,0
2025,2025-01-14,Northbound,Light Vehicles,,2,3,,2,8,38,80,118,134,173,192,191,134,220,165,123,100,43,22,6,,1,,0,0
2025,2025-01-14,Southbound,Heavy Vehicles,,,,,,,,,,,197,192,175,174,142,179,141,131,126,114,103,76,60,66,0,0
2025,2025-01-14,Northbound,Heavy Vehicles,5,5,2,1,2,3,17,20,30,36,27,41,35,28,39,39,38,22,18,8,2,,,1,0,0
2025,2025-01-14,Southbound,Light Vehicles,,,,,,,,,,,677,820,727,706,640,710,609,469,291,222,133,113,51,32,0,0
2025,2025-01-14,Northbound,All Vehicles,5,7,5,1,4,11,55,100,148,170,200,233,226,162,259,204,161,122,61,30,8,,1,1,0,0
2025,2025-01-14,Southbound,All Vehicles,,,,,,,,,,,874,1012,902,880,782,889,750,600,417,336,236,189,111,98,0,0
2025,2025-01-15,Southbound,Heavy Vehicles,,5,8,4,3,5,5,18,11,33,33,38,33,31,42,30,39,21,15,15,12,5,6,4,0,0
2025,2025-01-15,Southbound,Light Vehicles,1,3,3,,2,20,29,51,80,126,182,213,201,161,160,171,126,112,49,30,20,14,4,4,0,0
2025,2025-01-15,Southbound,All Vehicles,1,8,11,4,5,25,34,69,91,159,215,251,234,192,202,201,165,133,64,45,32,19,10,8,0,0
2025,2025-01-16,Southbound,Heavy Vehicles,62,79,92,107,90,83,102,153,177,204,215,244,250,236,180,172,136,109,125,128,115,92,64,59,0,0
2025,2025-01-16,Southbound,Light Vehicles,30,17,26,25,50,98,247,332,532,770,912,945,866,836,820,742,670,506,321,198,109,117,70,46,0,0
2025,2025-01-16,Southbound,All Vehicles,92,96,118,132,140,181,349,485,709,974,1127,1189,1116,1072,1000,914,806,615,446,326,224,209,134,105,0,0
2025,2025-01-17,Northbound,Light Vehicles,32,32,25,28,38,103,210,364,505,467,941,796,904,861,872,817,677,470,383,463,250,155,94,51,0,0
2025,2025-01-17,Northbound,Heavy Vehicles,73,69,58,28,44,57,105,130,158,108,200,155,176,182,162,189,169,97,101,139,77,80,75,58,0,0
2025,2025-01-17,Northbound,All Vehicles,105,101,83,56,82,160,315,494,663,575,1141,951,1080,1043,1034,1006,846,567,484,602,327,235,169,109,0,0
2025,2025-01-18,Southbound,Light Vehicles,31,30,20,23,35,70,138,302,374,558,644,722,685,665,584,525,467,311,259,186,115,76,54,43,0,0
2025,2025-01-18,Southbound,Heavy Vehicles,42,78,53,59,40,47,60,63,86,111,106,133,82,103,87,90,81,50,50,60,51,36,44,29,0,0
2025,2025-01-18,Northbound,Heavy Vehicles,28,25,32,22,19,24,30,48,63,68,91,72,79,72,67,85,81,52,45,44,33,26,18,18,0,0
2025,2025-01-18,Northbound,Light Vehicles,18,29,32,23,21,51,110,230,327,431,516,518,603,570,536,493,457,301,210,160,124,68,53,37,0,0
2025,2025-01-18,Southbound,All Vehicles,73,108,73,82,75,117,198,365,460,669,750,855,767,768,671,615,548,361,309,246,166,112,98,72,0,0
2025,2025-01-18,Northbound,All Vehicles,46,54,64,45,40,75,140,278,390,499,607,590,682,642,603,578,538,353,255,204,157,94,71,55,0,0
2025,2025-01-20,Northbound,Heavy Vehicles,3,15,28,24,21,49,107,146,143,177,174,171,167,146,218,209,21,2,,,,,,,0,0
2025,2025-01-20,Northbound,Light Vehicles,,27,18,36,34,116,296,538,573,689,751,809,814,708,888,731,83,14,,,,,,,0,0
2025,2025-01-20,Southbound,Light Vehicles,,,,,67,124,236,266,359,479,623,618,621,592,587,543,500,416,,,,,,,0,0
2025,2025-01-20,Southbound,Heavy Vehicles,,,,,65,58,84,144,113,130,125,139,142,104,131,130,134,132,,,,,,,0,0
2025,2025-01-20,Northbound,All Vehicles,3,42,46,60,55,165,403,684,716,866,925,980,981,854,1106,940,104,16,,,,,,,0,0
2025,2025-01-20,Southbound,All Vehicles,,,,,132,182,320,410,472,609,748,757,763,696,718,673,634,548,,,,,,,0,0
2025,2025-01-22,Northbound,Light Vehicles,,,,,,,,,,220,582,651,636,672,598,619,524,460,281,49,,,,,0,0
2025,2025-01-22,Northbound,Heavy Vehicles,,,,,,,,,,68,177,145,194,174,211,189,166,182,132,22,,,,,0,0
2025,2025-01-22,Northbound,All Vehicles,,,,,,,,,,288,759,796,830,846,809,808,690,642,413,71,,,,,0,0
2025,2025-01-23,Northbound,Heavy Vehicles,,,,,,,,,73,162,201,179,208,198,230,216,202,176,180,144,116,121,150,88,0,0
2025,2025-01-23,Southbound,Heavy Vehicles,72,94,90,120,89,81,120,137,144,148,175,159,136,142,140,143,120,97,118,110,105,83,57,44,0,0
2025,2025-01-23,Northbound,Light Vehicles,,,,,,,,,280,579,671,789,778,801,831,774,682,560,532,380,286,228,157,78,0,0
2025,2025-01-23,Southbound,Light Vehicles,17,18,13,20,42,97,216,312,419,520,584,663,595,580,529,526,547,455,293,232,155,106,52,36,0,0
2025,2025-01-23,Northbound,All Vehicles,,,,,,,,,353,741,872,968,986,999,1061,990,884,736,712,524,402,349,307,166,0,0
2025,2025-01-23,Southbound,All Vehicles,89,112,103,140,131,178,336,449,563,668,759,822,731,722,669,669,667,552,411,342,260,189,109,80,0,0
2025,2025-01-25,Northbound,Heavy Vehicles,,2,,2,,,,,,,,142,137,131,113,105,101,95,64,50,21,1,,,0,0
2025,2025-01-25,Southbound,Light Vehicles,57,29,34,26,35,88,176,341,566,807,822,808,715,642,612,514,458,354,249,197,161,135,84,35,0,0
2025,2025-01-25,Southbound,Heavy Vehicles,39,71,61,59,65,30,55,66,75,91,102,110,118,99,90,69,70,54,48,33,52,43,42,21,0,0
2025,2025-01-25,Northbound,Light Vehicles,1,1,,1,,,,,,,,1297,1233,996,830,755,730,566,382,217,67,1,,,0,0
2025,2025-01-25,Northbound,All Vehicles,1,3,,3,,,,,,,,1439,1370,1127,943,860,831,661,446,267,88,2,,,0,0
2025,2025-01-25,Southbound,All Vehicles,96,100,95,85,100,118,231,407,641,898,924,918,833,741,702,583,528,408,297,230,213,178,126,56,0,0
2025,2025-01-26,Northbound,Light Vehicles,,,,,,,,3,200,443,510,557,533,508,497,406,399,324,130,1,1,,1,,0,0
2025,2025-01-26,Northbound,Heavy Vehicles,,,,,,,,1,35,63,68,65,53,79,61,65,59,62,20,,,,,,0,0
2025,2025-01-26,Northbound,All Vehicles,,,,,,,,4,235,506,578,622,586,587,558,471,458,386,150,1,1,,1,,0,0
2025,2025-01-27,Northbound,Heavy Vehicles,1,,,1,4,5,8,34,65,90,105,118,152,139,124,120,115,,,,,,,,0,0
2025,2025-01-27,Northbound,Light Vehicles,,1,,,4,9,11,153,364,548,668,857,827,774,752,720,539,,,,,,,,0,0
2025,2025-01-27,Northbound,All Vehicles,1,1,,1,8,14,19,187,429,638,773,975,979,913,876,840,654,,,,,,,,0,0
2025,2025-01-29,Southbound,Light Vehicles,29,30,27,28,65,111,227,328,475,557,711,708,685,711,622,650,560,470,309,167,125,82,40,32,0,0
2025,2025-01-29,Northbound,Heavy Vehicles,,,,,,,,,30,141,152,152,175,181,211,193,186,168,131,117,70,72,119,104,0,0
2025,2025-01-29,Northbound,Light Vehicles,,,,,,,,,100,487,522,572,560,577,563,547,466,421,238,169,108,65,78,65,0,0
2025,2025-01-29,Southbound,Heavy Vehicles,75,95,112,84,94,78,139,159,174,175,209,187,198,187,179,165,175,129,140,119,121,78,59,53,0,0
2025,2025-01-29,Southbound,All Vehicles,104,125,139,112,159,189,366,487,649,732,920,895,883,898,801,815,735,599,449,286,246,160,99,85,0,0
2025,2025-01-29,Northbound,All Vehicles,,,,,,,,,130,628,674,724,735,758,774,740,652,589,369,286,178,137,197,169,0,0
2025,2025-01-30,Northbound,Light Vehicles,26,18,14,14,25,70,175,261,374,365,405,424,477,462,442,434,406,344,246,181,132,89,68,29,0,0
2025,2025-01-30,Northbound,Heavy Vehicles,66,67,47,31,48,45,105,111,152,124,141,139,133,152,171,187,121,131,126,121,89,105,108,92,0,0
2025,2025-01-30,Northbound,All Vehicles,92,85,61,45,73,115,280,372,526,489,546,563,610,614,613,621,527,475,372,302,221,194,176,121,0,0
2025,2025-01-31,Northbound,Heavy Vehicles,96,60,57,29,38,72,123,137,140,145,174,157,181,173,184,170,188,131,123,95,88,89,90,65,0,0
2025,2025-01-31,Northbound,Light Vehicles,29,23,24,27,37,90,207,368,462,548,652,681,773,771,761,732,612,590,459,310,250,164,99,69,0,0
2025,2025-01-31,Northbound,All Vehicles,125,83,81,56,75,162,330,505,602,693,826,838,954,944,945,902,800,721,582,405,338,253,189,134,0,0
2025,2025-02-02,Northbound,Heavy Vehicles,8,17,16,11,11,13,23,28,67,73,97,109,135,141,166,164,124,110,23,,,7,,11,0,0
2025,2025-02-02,Northbound,Light Vehicles,11,27,10,19,23,41,103,202,349,566,627,841,924,959,1039,902,779,606,146,2,,10,5,23,0,0
2025,2025-02-02,Northbound,All Vehicles,19,44,26,30,34,54,126,230,416,639,724,950,1059,1100,1205,1066,903,716,169,2,,17,5,34,0,0
2025,2025-02-05,Southbound,Heavy Vehicles,,,,,101,94,132,144,137,148,215,181,160,147,156,147,157,136,115,124,127,71,66,62,0,0
2025,2025-02-05,Southbound,Light Vehicles,,,,,38,120,217,314,383,457,490,554,574,525,540,577,483,435,248,140,110,75,35,24,0,0
2025,2025-02-05,Southbound,All Vehicles,,,,,139,214,349,458,520,605,705,735,734,672,696,724,640,571,363,264,237,146,101,86,0,0
2025,2025-02-06,Northbound,Light Vehicles,5,,,1,3,16,33,184,441,448,574,425,413,438,471,443,341,308,199,10,4,2,,,0,0
2025,2025-02-06,Northbound,Heavy Vehicles,4,5,,3,2,18,16,75,157,132,148,144,145,191,160,141,161,119,97,4,5,,,,0,0
2025,2025-02-06,Northbound,All Vehicles,9,5,,4,5,34,49,259,598,580,722,569,558,629,631,584,502,427,296,14,9,2,,,0,0
2025,2025-02-07,Southbound,Light Vehicles,,,,,45,92,207,336,579,675,715,755,747,694,697,689,698,568,397,248,171,112,71,43,0,0
2025,2025-02-07,Southbound,Heavy Vehicles,,,,,91,76,116,144,141,200,175,189,171,172,156,152,140,124,94,94,71,57,53,31,0,0
2025,2025-02-07,Northbound,Light Vehicles,24,15,17,10,,,,,,,,769,803,626,623,565,500,465,26,18,196,164,100,59,0,0
2025,2025-02-07,Northbound,Heavy Vehicles,64,80,43,30,,,,,,,,166,176,152,148,159,122,98,2,3,58,73,77,67,0,0
2025,2025-02-07,Southbound,All Vehicles,,,,,136,168,323,480,720,875,890,944,918,866,853,841,838,692,491,342,242,169,124,74,0,0
2025,2025-02-07,Northbound,All Vehicles,88,95,60,40,,,,,,,,935,979,778,771,724,622,563,28,21,254,237,177,126,0,0
2025,2025-02-08,Northbound,Heavy Vehicles,74,35,26,25,22,24,31,66,65,71,92,112,103,83,85,95,85,56,59,45,19,6,8,,0,0
2025,2025-02-08,Northbound,Light Vehicles,43,34,18,30,34,80,109,243,400,605,723,825,707,677,605,573,453,321,197,190,98,33,18,,0,0
2025,2025-02-08,Northbound,All Vehicles,117,69,44,55,56,104,140,309,465,676,815,937,810,760,690,668,538,377,256,235,117,39,26,,0,0
2025,2025-02-09,Southbound,Heavy Vehicles,24,16,11,18,15,21,28,40,63,114,149,125,144,158,139,153,103,100,107,72,93,54,42,40,0,0
2025,2025-02-09,Southbound,Light Vehicles,27,15,20,29,27,72,129,229,415,638,879,931,987,896,894,792,651,494,321,236,159,92,58,41,0,0
2025,2025-02-09,Southbound,All Vehicles,51,31,31,47,42,93,157,269,478,752,1028,1056,1131,1054,1033,945,754,594,428,308,252,146,100,81,0,0
2025,2025-02-10,Northbound,Heavy Vehicles,,,,,,3,11,9,27,99,129,137,162,137,138,99,,72,46,6,65,94,93,85,0,0
2025,2025-02-10,Northbound,Light Vehicles,,,,1,,4,8,27,95,435,415,474,480,464,449,282,,178,105,4,75,52,39,26,0,0
2025,2025-02-10,Southbound,Heavy Vehicles,48,29,33,46,58,80,90,117,,174,195,179,168,154,152,176,144,143,117,144,120,82,69,54,0,0
2025,2025-02-10,Southbound,Light Vehicles,11,9,26,41,89,134,260,312,,590,698,697,624,647,658,449,278,465,228,147,85,71,46,19,0,0
2025,2025-02-10,Northbound,All Vehicles,,,,1,,7,19,36,122,534,544,611,642,601,587,381,,250,151,10,140,146,132,111,0,0
2025,2025-02-10,Southbound,All Vehicles,59,38,59,87,147,214,350,429,,764,893,876,792,801,810,625,422,608,345,291,205,153,115,73,0,0
2025,2025-02-11,Northbound,Light Vehicles,2,3,2,5,1,4,31,70,84,89,122,110,104,135,90,66,95,68,36,26,22,12,10,5,0,0
2025,2025-02-11,Northbound,Heavy Vehicles,2,2,2,3,1,3,17,17,23,20,31,23,31,33,16,9,25,32,13,7,5,12,8,2,0,0
2025,2025-02-11,Northbound,All Vehicles,4,5,4,8,2,7,48,87,107,109,153,133,135,168,106,75,120,100,49,33,27,24,18,7,0,0
2025,2025-02-12,Southbound,Light Vehicles,19,14,23,21,40,121,202,318,453,495,530,559,510,553,537,511,469,400,244,162,106,85,30,18,0,0
2025,2025-02-12,Southbound,Heavy Vehicles,73,94,96,81,89,103,124,167,153,193,163,179,169,162,185,172,158,132,129,118,124,89,65,54,0,0
2025,2025-02-12,Southbound,All Vehicles,92,108,119,102,129,224,326,485,606,688,693,738,679,715,722,683,627,532,373,280,230,174,95,72,0,0
2025,2025-02-13,Northbound,Heavy Vehicles,,,,,41,65,117,163,188,179,177,166,188,213,227,234,180,156,123,110,86,118,112,97,0,0
2025,2025-02-13,Southbound,Heavy Vehicles,65,83,94,99,99,93,123,132,161,185,180,194,175,180,158,145,135,103,124,129,112,79,46,44,0,0
2025,2025-02-13,Northbound,Light Vehicles,,,,,34,98,237,379,502,615,632,665,651,715,714,660,568,470,382,277,195,157,101,67,0,0
2025,2025-02-13,Southbound,Light Vehicles,20,13,15,32,38,100,196,349,465,558,603,660,619,601,569,605,555,381,320,210,171,108,49,28,0,0
2025,2025-02-13,Northbound,All Vehicles,,,,,75,163,354,542,690,794,809,831,839,928,941,894,748,626,505,387,281,275,213,164,0,0
2025,2025-02-13,Southbound,All Vehicles,85,96,109,131,137,193,319,481,626,743,783,854,794,781,727,750,690,484,444,339,283,187,95,72,0,0
2025,2025-02-14,Southbound,Light Vehicles,19,23,14,22,31,101,188,268,427,494,666,592,622,576,564,581,538,472,292,210,149,105,64,40,0,0
2025,2025-02-14,Southbound,Heavy Vehicles,57,87,93,87,86,79,91,111,135,121,170,146,156,138,143,117,105,87,76,51,76,59,45,24,0,0
2025,2025-02-14,Southbound,All Vehicles,76,110,107,109,117,180,279,379,562,615,836,738,778,714,707,698,643,559,368,261,225,164,109,64,0,0
2025,2025-02-15,Southbound,Heavy Vehicles,35,72,69,57,49,39,54,,93,121,149,140,106,85,114,98,76,61,45,50,58,47,33,28,0,0
2025,2025-02-15,Southbound,Light Vehicles,39,25,23,20,31,92,159,,539,758,849,745,676,600,569,520,395,304,202,158,144,96,63,35,0,0
2025,2025-02-15,Northbound,Heavy Vehicles,48,51,37,24,23,28,34,57,83,115,98,120,116,115,85,86,94,78,52,46,36,21,37,15,0,0
2025,2025-02-15,Northbound,Light Vehicles,30,21,27,25,31,73,114,264,396,575,687,711,677,680,645,513,460,399,264,215,137,120,68,58,0,0
2025,2025-02-15,Southbound,All Vehicles,74,97,92,77,80,131,213,,632,879,998,885,782,685,683,618,471,365,247,208,202,143,96,63,0,0
2025,2025-02-15,Northbound,All Vehicles,78,72,64,49,54,101,148,321,479,690,785,831,793,795,730,599,554,477,316,261,173,141,105,73,0,0
2025,2025-02-16,Northbound,Light Vehicles,39,31,17,16,25,53,102,176,327,508,661,804,847,900,801,685,664,524,360,191,22,52,73,52,0,0
2025,2025-02-16,Southbound,Heavy Vehicles,23,13,13,15,17,20,26,49,64,93,151,159,175,120,183,149,127,108,128,106,90,67,45,43,0,0
2025,2025-02-16,Northbound,Heavy Vehicles,16,15,10,11,12,8,17,41,74,104,111,129,139,124,114,130,111,118,101,43,13,35,35,31,0,0
2025,2025-02-16,Southbound,Light Vehicles,25,10,20,13,28,47,116,252,430,679,1013,1045,1002,994,994,918,730,512,377,238,139,94,44,33,0,0
2025,2025-02-16,Northbound,All Vehicles,55,46,27,27,37,61,119,217,401,612,772,933,986,1024,915,815,775,642,461,234,35,87,108,83,0,0
2025,2025-02-16,Southbound,All Vehicles,48,23,33,28,45,67,142,301,494,772,1164,1204,1177,1114,1177,1067,857,620,505,344,229,161,89,76,0,0
2025,2025-02-17,Northbound,Heavy Vehicles,23,13,2,,,,6,53,135,123,175,172,179,185,204,178,178,139,87,16,62,28,6,1,0,0
2025,2025-02-17,Southbound,Heavy Vehicles,43,34,40,37,66,90,102,115,155,165,,,181,142,136,160,131,128,145,128,158,115,65,61,0,0
2025,2025-02-17,Northbound,Light Vehicles,24,10,3,,,,17,240,571,523,604,609,696,730,690,600,501,384,188,36,73,24,5,4,0,0
2025,2025-02-17,Southbound,Light Vehicles,27,20,18,34,94,139,250,305,458,639,,,745,599,595,566,512,376,267,177,104,74,29,21,0,0
2025,2025-02-17,Northbound,All Vehicles,47,23,5,,,,23,293,706,646,779,781,875,915,894,778,679,523,275,52,135,52,11,5,0,0
2025,2025-02-17,Southbound,All Vehicles,70,54,58,71,160,229,352,420,613,804,,,926,741,731,726,643,504,412,305,262,189,94,82,0,0
2025,2025-02-19,Northbound,Heavy Vehicles,73,67,62,22,30,74,122,143,142,98,135,,,,,,,141,107,95,88,95,108,98,0,0
2025,2025-02-19,Southbound,Light Vehicles,16,21,16,25,45,119,225,317,392,506,623,601,581,569,541,534,506,439,241,167,99,75,36,30,0,0
2025,2025-02-19,Northbound,Light Vehicles,26,11,18,17,30,78,181,359,381,394,432,,,,,,,287,228,147,105,89,64,29,0,0
2025,2025-02-19,Southbound,Heavy Vehicles,65,86,96,90,91,96,106,151,157,167,186,187,183,147,162,172,149,160,111,98,134,101,74,62,0,0
2025,2025-02-19,Northbound,All Vehicles,99,78,80,39,60,152,303,502,523,492,567,,,,,,,428,335,242,193,184,172,127,0,0
2025,2025-02-19,Southbound,All Vehicles,81,107,112,115,136,215,331,468,549,673,809,788,764,716,703,706,655,599,352,265,233,176,110,92,0,0
2025,2025-02-20,Northbound,Light Vehicles,28,18,13,25,35,122,198,364,482,513,614,584,574,637,637,561,458,,,,,,,,0,0
2025,2025-02-20,Northbound,Heavy Vehicles,73,53,70,21,40,70,111,124,146,167,160,158,164,175,196,182,169,,,,,,,,0,0
2025,2025-02-20,Southbound,Heavy Vehicles,56,92,79,107,91,93,134,131,143,196,190,220,191,170,171,158,141,130,117,105,113,97,71,47,0,0
2025,2025-02-20,Southbound,Light Vehicles,14,18,17,27,48,85,212,314,522,636,665,687,633,654,634,581,564,409,306,200,135,71,49,25,0,0
2025,2025-02-20,Northbound,All Vehicles,101,71,83,46,75,192,309,488,628,680,774,742,738,812,833,743,627,,,,,,,,0,0
2025,2025-02-20,Southbound,All Vehicles,70,110,96,134,139,178,346,445,665,832,855,907,824,824,805,739,705,539,423,305,248,168,120,72,0,0
2025,2025-02-22,Northbound,Light Vehicles,39,17,22,28,23,70,130,248,329,543,599,678,578,555,501,427,413,,,,,,,,0,0
2025,2025-02-22,Northbound,Heavy Vehicles,55,42,31,17,17,19,34,47,67,90,65,73,94,74,84,79,58,,,,,,,,0,0
2025,2025-02-22,Northbound,All Vehicles,94,59,53,45,40,89,164,295,396,633,664,751,672,629,585,506,471,,,,,,,,0,0
2025,2025-02-23,Southbound,Heavy Vehicles,21,11,3,9,17,25,21,32,62,50,76,116,116,112,128,117,105,108,90,89,83,75,51,46,0,0
2025,2025-02-23,Northbound,Light Vehicles,,,,,24,55,99,187,396,545,713,803,812,821,838,858,706,552,409,272,203,145,82,61,0,0
2025,2025-02-23,Northbound,Heavy Vehicles,,,,,8,14,27,41,76,83,93,102,118,141,155,158,135,130,103,87,72,74,43,27,0,0
2025,2025-02-23,Southbound,Light Vehicles,28,12,7,6,21,56,106,238,426,402,471,888,954,907,859,811,662,497,294,220,128,90,60,31,0,0
2025,2025-02-23,Southbound,All Vehicles,49,23,10,15,38,81,127,270,488,452,547,1004,1070,1019,987,928,767,605,384,309,211,165,111,77,0,0
2025,2025-02-23,Northbound,All Vehicles,,,,,32,69,126,228,472,628,806,905,930,962,993,1016,841,682,512,359,275,219,125,88,0,0
2025,2025-02-24,Northbound,Heavy Vehicles,27,29,32,21,36,60,131,159,177,152,188,184,201,187,212,,,,,,,,,,0,0
2025,2025-02-24,Northbound,Light Vehicles,58,34,20,16,32,95,263,436,595,590,686,681,719,778,654,,,,,,,,,,0,0
2025,2025-02-24,Northbound,All Vehicles,85,63,52,37,68,155,394,595,772,742,874,865,920,965,866,,,,,,,,,,0,0
2025,2025-02-25,Southbound,Heavy Vehicles,64,77,82,97,98,82,144,111,117,134,145,138,152,134,141,128,,,,,,,,,0,0
2025,2025-02-25,Southbound,Light Vehicles,13,11,24,21,53,110,170,268,348,421,461,468,420,426,412,415,,,,,,,,,0,0
2025,2025-02-25,Southbound,All Vehicles,77,88,106,118,151,192,314,379,465,555,606,606,572,560,553,543,,,,,,,,,0,0
2025,2025-02-26,Northbound,Heavy Vehicles,71,58,43,30,37,61,125,131,131,129,118,119,144,150,160,151,152,,,,,,,,0,0
2025,2025-02-26,Southbound,Heavy Vehicles,,,,,103,112,114,142,118,180,195,183,193,170,152,158,152,146,109,118,141,88,68,56,0,0
2025,2025-02-26,Northbound,Light Vehicles,14,26,18,15,25,88,177,283,384,358,375,360,363,433,408,388,362,,,,,,,,0,0
2025,2025-02-26,Southbound,Light Vehicles,,,,,52,107,227,318,418,518,552,548,554,484,483,515,467,416,255,156,126,69,44,28,0,0
2025,2025-02-26,Northbound,All Vehicles,85,84,61,45,62,149,302,414,515,487,493,479,507,583,568,539,514,,,,,,,,0,0
2025,2025-02-26,Southbound,All Vehicles,,,,,155,219,341,460,536,698,747,731,747,654,635,673,619,562,364,274,267,157,112,84,0,0
2025,2025-02-27,Southbound,Light Vehicles,28,16,19,30,54,98,241,259,467,563,700,607,586,602,551,653,591,476,302,213,156,71,64,35,0,0
2025,2025-02-27,Southbound,Heavy Vehicles,58,76,81,105,107,92,121,95,147,161,203,175,183,167,192,171,156,151,119,112,106,73,44,49,0,0
2025,2025-02-27,Southbound,All Vehicles,86,92,100,135,161,190,362,354,614,724,903,782,769,769,743,824,747,627,421,325,262,144,108,84,0,0
2025,2025-02-28,Southbound,Light Vehicles,17,26,19,20,43,105,200,301,446,547,642,681,627,579,593,561,545,510,359,219,126,70,41,21,0,0
2025,2025-02-28,Southbound,Heavy Vehicles,43,84,98,81,74,86,100,122,132,170,155,155,163,148,118,119,116,122,78,59,73,37,29,17,0,0
2025,2025-02-28,Southbound,All Vehicles,60,110,117,101,117,191,300,423,578,717,797,836,790,727,711,680,661,632,437,278,199,107,70,38,0,0
2025,2025-03-01,Southbound,Heavy Vehicles,31,47,51,27,18,32,40,43,52,85,113,85,107,78,67,82,53,71,64,40,52,41,13,12,0,0
2025,2025-03-01,Southbound,Light Vehicles,21,19,18,12,22,60,103,243,427,563,618,599,534,473,511,423,363,275,228,131,94,84,26,14,0,0
2025,2025-03-01,Southbound,All Vehicles,52,66,69,39,40,92,143,286,479,648,731,684,641,551,578,505,416,346,292,171,146,125,39,26,0,0
2025,2025-03-02,Northbound,Heavy Vehicles,,,,,19,18,17,46,79,116,104,119,115,151,128,140,129,129,90,76,64,57,62,34,0,0
2025,2025-03-02,Northbound,Light Vehicles,,,,,21,45,115,201,338,500,632,728,778,867,835,708,627,578,382,298,204,126,86,56,0,0
2025,2025-03-02,Northbound,All Vehicles,,,,,40,63,132,247,417,616,736,847,893,1018,963,848,756,707,472,374,268,183,148,90,0,0
2025,2025-03-03,Northbound,Light Vehicles,30,27,19,16,37,124,255,453,564,508,610,634,666,675,648,590,499,364,213,160,106,76,43,29,0,0
2025,2025-03-03,Northbound,Heavy Vehicles,24,31,19,28,35,54,114,144,167,136,206,172,174,192,210,197,195,148,123,110,83,96,100,80,0,0
2025,2025-03-03,Northbound,All Vehicles,54,58,38,44,72,178,369,597,731,644,816,806,840,867,858,787,694,512,336,270,189,172,143,109,0,0
2025,2025-03-04,Northbound,Light Vehicles,27,33,26,23,25,96,225,375,476,458,483,493,512,567,557,507,424,323,245,165,113,96,57,36,0,0
2025,2025-03-04,Northbound,Heavy Vehicles,106,69,46,35,42,63,144,165,135,134,156,156,153,190,193,207,163,129,150,82,84,110,153,131,0,0
2025,2025-03-04,Southbound,Light Vehicles,13,17,21,37,,,,,,,626,642,599,518,554,618,530,429,249,204,134,107,48,43,0,0
2025,2025-03-04,Southbound,Heavy Vehicles,82,84,97,84,,,,,,,191,174,167,183,195,172,130,142,125,115,121,87,63,41,0,0
2025,2025-03-04,Northbound,All Vehicles,133,102,72,58,67,159,369,540,611,592,639,649,665,757,750,714,587,452,395,247,197,206,210,167,0,0
2025,2025-03-04,Southbound,All Vehicles,95,101,118,121,,,,,,,817,816,766,701,749,790,660,571,374,319,255,194,111,84,0,0
2025,2025-03-05,Southbound,Heavy Vehicles,53,72,82,88,94,73,92,114,152,160,116,119,140,181,151,139,131,127,107,118,92,103,81,76,0,0
2025,2025-03-05,Southbound,Light Vehicles,30,33,37,33,61,94,199,284,365,481,411,477,680,549,619,551,499,469,346,218,217,157,135,100,0,0
2025,2025-03-05,Southbound,All Vehicles,83,105,119,121,155,167,291,398,517,641,527,596,820,730,770,690,630,596,453,336,309,260,216,176,0,0
2025,2025-03-08,Northbound,Heavy Vehicles,13,13,5,9,10,11,11,29,32,37,43,56,45,63,51,46,43,39,29,28,35,15,18,11,0,0
2025,2025-03-08,Northbound,Light Vehicles,26,16,9,5,10,20,50,89,150,240,304,330,407,395,360,319,303,210,185,163,164,82,84,34,0,0
2025,2025-03-08,Northbound,All Vehicles,39,29,14,14,20,31,61,118,182,277,347,386,452,458,411,365,346,249,214,191,199,97,102,45,0,0
2025,2025-03-09,Southbound,Light Vehicles,12,11,15,8,19,31,64,130,260,419,476,513,470,405,386,348,302,222,158,100,77,59,35,14,0,0
2025,2025-03-09,Southbound,Heavy Vehicles,4,4,6,8,10,6,16,19,38,51,75,71,49,73,62,58,43,66,54,49,39,36,30,36,0,0
2025,2025-03-09,Southbound,All Vehicles,16,15,21,16,29,37,80,149,298,470,551,584,519,478,448,406,345,288,212,149,116,95,65,50,0,0
2025,2025-03-10,Northbound,Light Vehicles,22,30,7,10,29,74,209,373,391,471,540,607,596,654,695,554,436,331,208,137,80,80,49,33,0,0
2025,2025-03-10,Northbound,Heavy Vehicles,19,31,19,24,28,45,99,107,120,118,158,145,145,153,151,174,151,103,102,92,76,93,102,83,0,0
2025,2025-03-10,Northbound,All Vehicles,41,61,26,34,57,119,308,480,511,589,698,752,741,807,846,728,587,434,310,229,156,173,151,116,0,0
2025,2025-03-11,Northbound,Heavy Vehicles,66,67,52,31,30,57,130,131,174,134,156,161,146,166,170,186,174,150,106,100,68,100,117,88,0,0
2025,2025-03-11,Southbound,Heavy Vehicles,,,,84,85,91,119,128,137,140,181,174,169,155,155,153,154,142,75,,,17,89,69,0,0
2025,2025-03-11,Northbound,Light Vehicles,32,16,15,20,35,79,192,338,408,450,532,538,477,580,528,510,468,334,219,153,84,80,52,28,0,0
2025,2025-03-11,Southbound,Light Vehicles,,,,24,47,95,231,253,372,413,465,470,484,431,443,461,420,328,124,,,15,24,22,0,0
2025,2025-03-11,Northbound,All Vehicles,98,83,67,51,65,136,322,469,582,584,688,699,623,746,698,696,642,484,325,253,152,180,169,116,0,0
2025,2025-03-11,Southbound,All Vehicles,,,,108,132,186,350,381,509,553,646,644,653,586,598,614,574,470,199,,,32,113,91,0,0
2025,2025-03-12,Southbound,Heavy Vehicles,72,71,86,101,96,91,114,125,98,145,129,144,142,132,138,123,132,105,129,108,111,29,19,68,0,0
2025,2025-03-12,Southbound,Light Vehicles,8,12,15,19,47,97,185,245,324,359,406,415,380,368,397,369,365,280,199,138,76,26,7,26,0,0
2025,2025-03-12,Southbound,All Vehicles,80,83,101,120,143,188,299,370,422,504,535,559,522,500,535,492,497,385,328,246,187,55,26,94,0,0
2025,2025-03-13,Northbound,Light Vehicles,17,29,14,12,26,105,218,398,503,478,572,573,615,715,627,580,577,451,330,249,173,118,98,55,0,0
2025,2025-03-13,Northbound,Heavy Vehicles,83,92,56,31,42,83,137,159,167,164,188,164,212,198,234,226,185,185,144,110,108,117,133,97,0,0
2025,2025-03-13,Northbound,All Vehicles,100,121,70,43,68,188,355,557,670,642,760,737,827,913,861,806,762,636,474,359,281,235,231,152,0,0
2025,2025-03-14,Southbound,Light Vehicles,13,28,14,23,60,122,204,346,387,693,786,747,697,681,667,752,674,601,344,246,157,95,71,45,0,0
2025,2025-03-14,Southbound,Heavy Vehicles,37,117,105,92,94,92,101,150,121,175,199,175,187,156,170,167,146,137,109,100,63,71,37,59,0,0
2025,2025-03-14,Northbound,Light Vehicles,47,28,25,33,35,96,206,388,550,611,655,759,803,850,882,878,795,771,620,434,346,205,145,90,0,0
2025,2025-03-14,Northbound,Heavy Vehicles,93,88,65,36,36,74,118,142,165,172,173,179,194,208,220,209,172,193,158,94,105,92,105,86,0,0
2025,2025-03-14,Southbound,All Vehicles,50,145,119,115,154,214,305,496,508,868,985,922,884,837,837,919,820,738,453,346,220,166,108,104,0,0
2025,2025-03-14,Northbound,All Vehicles,140,116,90,69,71,170,324,530,715,783,828,938,997,1058,1102,1087,967,964,778,528,451,297,250,176,0,0
2025,2025-03-15,Southbound,Light Vehicles,29,22,21,23,36,98,172,348,470,673,706,671,668,609,517,429,360,335,196,150,148,110,91,38,0,0
2025,2025-03-15,Southbound,Heavy Vehicles,49,65,72,62,46,51,55,79,71,104,94,116,90,103,97,86,73,68,47,47,66,78,53,22,0,0
2025,2025-03-15,Southbound,All Vehicles,78,87,93,85,82,149,227,427,541,777,800,787,758,712,614,515,433,403,243,197,214,188,144,60,0,0
2025,2025-03-16,Southbound,Heavy Vehicles,22,15,14,16,22,17,18,37,57,126,3,33,152,160,164,163,,,,,,,,,0,0
2025,2025-03-16,Southbound,Light Vehicles,23,26,13,20,22,30,77,209,445,664,26,159,1025,1001,937,838,,,,,,,,,0,0
2025,2025-03-16,Southbound,All Vehicles,45,41,27,36,44,47,95,246,502,790,29,192,1177,1161,1101,1001,,,,,,,,,0,0
2025,2025-03-17,Southbound,Heavy Vehicles,,,,,56,100,116,124,109,182,176,173,167,136,150,150,,177,137,142,143,97,96,53,0,0
2025,2025-03-17,Northbound,Light Vehicles,29,47,18,33,29,108,242,441,508,568,601,644,742,730,670,604,497,370,258,169,102,81,58,32,0,0
2025,2025-03-17,Southbound,Light Vehicles,,,,,95,151,247,303,436,580,719,690,664,580,572,576,,426,247,137,93,49,23,11,0,0
2025,2025-03-17,Northbound,Heavy Vehicles,29,24,35,24,37,61,136,155,173,167,152,215,212,200,214,190,183,139,137,102,80,89,110,87,0,0
2025,2025-03-17,Southbound,All Vehicles,,,,,151,251,363,427,545,762,895,863,831,716,722,726,,603,384,279,236,146,119,64,0,0
2025,2025-03-17,Northbound,All Vehicles,58,71,53,57,66,169,378,596,681,735,753,859,954,930,884,794,680,509,395,271,182,170,168,119,0,0
2025,2025-03-18,Northbound,Heavy Vehicles,84,53,64,43,44,59,80,166,136,116,132,148,151,158,192,185,174,132,140,114,92,106,110,40,0,0
2025,2025-03-18,Southbound,Light Vehicles,15,13,19,28,65,106,214,310,378,509,561,524,507,480,507,503,454,373,219,154,102,71,33,17,0,0
2025,2025-03-18,Northbound,Light Vehicles,42,23,20,18,19,74,170,316,371,387,429,432,438,431,408,396,354,314,193,126,91,82,52,25,0,0
2025,2025-03-18,Southbound,Heavy Vehicles,65,105,107,90,87,98,116,151,145,166,174,189,183,152,165,150,180,142,124,132,113,95,64,60,0,0
2025,2025-03-18,Northbound,All Vehicles,126,76,84,61,63,133,250,482,507,503,561,580,589,589,600,581,528,446,333,240,183,188,162,65,0,0
2025,2025-03-18,Southbound,All Vehicles,80,118,126,118,152,204,330,461,523,675,735,713,690,632,672,653,634,515,343,286,215,166,97,77,0,0
2025,2025-03-19,Southbound,Light Vehicles,16,17,21,26,41,99,204,296,403,462,544,545,554,553,489,494,503,396,241,184,105,65,45,45,0,0
2025,2025-03-19,Southbound,Heavy Vehicles,72,81,91,93,95,102,152,133,161,176,172,190,181,160,167,164,167,131,122,127,127,122,82,65,0,0
2025,2025-03-19,Southbound,All Vehicles,88,98,112,119,136,201,356,429,564,638,716,735,735,713,656,658,670,527,363,311,232,187,127,110,0,0
2025,2025-03-20,Northbound,Heavy Vehicles,90,66,50,44,46,50,108,136,130,141,142,156,162,164,176,189,161,156,142,107,102,108,115,96,0,0
2025,2025-03-20,Northbound,Light Vehicles,29,23,16,17,33,89,221,347,425,418,501,491,517,573,545,562,417,392,311,232,185,134,79,34,0,0
2025,2025-03-20,Northbound,All Vehicles,119,89,66,61,79,139,329,483,555,559,643,647,679,737,721,751,578,548,453,339,287,242,194,130,0,0
2025,2025-03-21,Southbound,Heavy Vehicles,69,98,88,91,97,100,121,158,151,192,202,202,196,174,174,162,112,106,77,90,83,50,41,38,0,0
2025,2025-03-21,Northbound,Heavy Vehicles,99,67,56,50,42,66,97,102,116,131,146,136,150,140,148,161,121,136,126,76,94,88,63,76,0,0
2025,2025-03-21,Northbound,Light Vehicles,32,27,22,31,44,73,198,363,453,445,514,533,528,558,589,531,493,512,423,289,214,144,80,57,0,0
2025,2025-03-21,Southbound,Light Vehicles,32,20,25,28,49,99,215,363,509,690,769,844,708,720,720,750,714,569,328,209,160,81,65,26,0,0
2025,2025-03-21,Southbound,All Vehicles,101,118,113,119,146,199,336,521,660,882,971,1046,904,894,894,912,826,675,405,299,243,131,106,64,0,0
2025,2025-03-21,Northbound,All Vehicles,131,94,78,81,86,139,295,465,569,576,660,669,678,698,737,692,614,648,549,365,308,232,143,133,0,0
2025,2025-03-22,Southbound,Heavy Vehicles,43,68,77,60,,,,,,,121,103,96,109,93,86,64,63,55,59,26,39,35,29,0,0
2025,2025-03-22,Southbound,Light Vehicles,29,21,14,17,,,,,,,810,719,670,639,559,497,416,312,195,160,125,91,52,41,0,0
2025,2025-03-22,Southbound,All Vehicles,72,89,91,77,,,,,,,931,822,766,748,652,583,480,375,250,219,151,130,87,70,0,0
2025,2025-03-23,Northbound,Light Vehicles,41,31,15,19,19,40,90,211,272,462,618,743,758,816,822,794,659,478,362,251,170,131,66,44,0,0
2025,2025-03-23,Northbound,Heavy Vehicles,20,16,13,5,12,11,29,34,49,85,116,119,124,145,152,132,142,113,121,86,69,54,57,38,0,0
2025,2025-03-23,Northbound,All Vehicles,61,47,28,24,31,51,119,245,321,547,734,862,882,961,974,926,801,591,483,337,239,185,123,82,0,0
2025,2025-03-24,Northbound,Light Vehicles,37,20,16,28,40,97,230,383,501,561,678,678,633,748,687,605,508,360,240,150,110,81,52,28,0,0
2025,2025-03-24,Northbound,Heavy Vehicles,24,23,18,30,27,68,113,152,149,166,166,181,175,194,199,185,169,145,150,86,82,109,117,65,0,0
2025,2025-03-24,Northbound,All Vehicles,61,43,34,58,67,165,343,535,650,727,844,859,808,942,886,790,677,505,390,236,192,190,169,93,0,0
2025,2025-03-25,Southbound,Light Vehicles,21,21,15,25,56,116,208,276,436,544,576,622,586,566,534,520,514,355,250,152,115,67,38,28,0,0
2025,2025-03-25,Southbound,Heavy Vehicles,73,100,86,99,87,97,128,145,138,172,182,184,156,167,159,145,160,149,133,138,121,73,73,48,0,0
2025,2025-03-25,Southbound,All Vehicles,94,121,101,124,143,213,336,421,574,716,758,806,742,733,693,665,674,504,383,290,236,140,111,76,0,0
2025,2025-03-26,Southbound,Light Vehicles,20,14,16,28,38,116,223,343,431,525,557,572,600,548,545,561,505,419,241,137,106,65,42,24,0,0
2025,2025-03-26,Southbound,Heavy Vehicles,64,88,101,77,95,93,121,149,153,169,198,211,179,185,146,168,155,153,144,139,119,97,68,67,0,0
2025,2025-03-26,Southbound,All Vehicles,84,102,117,105,133,209,344,492,584,694,755,783,779,733,691,729,660,572,385,276,225,162,110,91,0,0
2025,2025-03-27,Northbound,Light Vehicles,,,,,27,97,234,411,525,477,598,598,596,653,626,635,530,448,389,247,157,138,106,65,0,0
2025,2025-03-27,Northbound,Heavy Vehicles,,,,,34,79,121,157,193,165,183,184,205,217,225,234,186,150,136,151,95,94,165,103,0,0
2025,2025-03-27,Northbound,All Vehicles,,,,,61,176,355,568,718,642,781,782,801,870,851,869,716,598,525,398,252,232,271,168,0,0
2025,2025-03-28,Northbound,Heavy Vehicles,82,86,53,31,33,74,109,143,136,158,155,165,159,189,197,184,150,158,125,94,102,79,87,100,0,0
2025,2025-03-28,Southbound,Light Vehicles,20,22,23,31,47,99,191,224,406,538,623,556,515,570,640,556,535,469,318,165,143,103,61,44,0,0
2025,2025-03-28,Southbound,Heavy Vehicles,54,88,108,92,80,71,109,108,133,137,150,139,127,156,155,129,111,92,83,65,73,45,44,37,0,0
2025,2025-03-28,Northbound,Light Vehicles,52,38,20,25,36,91,232,404,501,593,615,761,753,833,881,852,776,639,508,360,215,186,113,64,0,0
2025,2025-03-28,Northbound,All Vehicles,134,124,73,56,69,165,341,547,637,751,770,926,912,1022,1078,1036,926,797,633,454,317,265,200,164,0,0
2025,2025-03-28,Southbound,All Vehicles,74,110,131,123,127,170,300,332,539,675,773,695,642,726,795,685,646,561,401,230,216,148,105,81,0,0
2025,2025-03-29,Southbound,Light Vehicles,36,27,23,31,36,82,144,285,488,578,641,593,590,545,453,387,296,262,170,117,101,81,48,41,0,0
2025,2025-03-29,Northbound,Light Vehicles,43,45,12,20,23,40,106,193,340,493,603,637,521,560,640,461,402,335,248,143,129,81,73,52,0,0
2025,2025-03-29,Southbound,Heavy Vehicles,54,61,82,49,51,32,38,69,80,94,101,107,115,88,96,68,49,66,61,68,37,31,29,30,0,0
2025,2025-03-29,Northbound,Heavy Vehicles,51,42,33,20,23,19,29,48,88,67,91,102,94,103,114,97,71,84,60,46,45,38,16,20,0,0
2025,2025-03-29,Southbound,All Vehicles,90,88,105,80,87,114,182,354,568,672,742,700,705,633,549,455,345,328,231,185,138,112,77,71,0,0
2025,2025-03-29,Northbound,All Vehicles,94,87,45,40,46,59,135,241,428,560,694,739,615,663,754,558,473,419,308,189,174,119,89,72,0,0
2025,2025-03-30,Northbound,Heavy Vehicles,13,11,9,11,,,,,,,,112,110,123,174,131,136,118,86,80,63,48,55,30,0,0
2025,2025-03-30,Northbound,Light Vehicles,32,29,24,19,,,,,,,,719,799,846,834,750,661,496,374,242,160,109,67,42,0,0
2025,2025-03-30,Northbound,All Vehicles,45,40,33,30,,,,,,,,831,909,969,1008,881,797,614,460,322,223,157,122,72,0,0
2025,2025-03-31,Southbound,Light Vehicles,21,15,20,43,91,146,237,297,412,565,653,626,638,601,534,526,528,433,212,143,113,57,46,19,0,0
2025,2025-03-31,Northbound,Heavy Vehicles,14,23,27,22,30,72,128,174,145,160,189,164,185,166,191,194,156,,,,,,,,0,0
2025,2025-03-31,Southbound,Heavy Vehicles,41,30,35,31,56,68,87,112,132,155,159,166,178,153,139,167,157,146,124,132,129,111,81,50,0,0
2025,2025-03-31,Northbound,Light Vehicles,32,19,26,20,40,97,216,456,514,552,590,615,668,688,584,571,496,,,,,,,,0,0
2025,2025-03-31,Southbound,All Vehicles,62,45,55,74,147,214,324,409,544,720,812,792,816,754,673,693,685,579,336,275,242,168,127,69,0,0
2025,2025-03-31,Northbound,All Vehicles,46,42,53,42,70,169,344,630,659,712,779,779,853,854,775,765,652,,,,,,,,0,0
2025,2025-04-01,Southbound,Heavy Vehicles,68,80,92,88,94,78,119,121,147,135,136,141,151,138,139,132,144,112,128,128,115,78,71,46,0,0
2025,2025-04-01,Southbound,Light Vehicles,15,12,16,23,41,108,192,227,322,383,460,397,425,401,435,393,369,318,169,126,94,70,28,26,0,0
2025,2025-04-01,Southbound,All Vehicles,83,92,108,111,135,186,311,348,469,518,596,538,576,539,574,525,513,430,297,254,209,148,99,72,0,0
2025,2025-04-02,Northbound,Light Vehicles,20,16,15,12,26,84,184,278,317,,364,366,364,399,385,398,322,255,195,148,82,89,47,35,0,0
2025,2025-04-02,Northbound,Heavy Vehicles,78,66,47,36,39,44,117,119,121,,151,162,136,154,166,160,167,144,111,113,106,111,118,82,0,0
2025,2025-04-02,Northbound,All Vehicles,98,82,62,48,65,128,301,397,438,,515,528,500,553,551,558,489,399,306,261,188,200,165,117,0,0
2025,2025-04-04,Northbound,Light Vehicles,29,24,22,21,38,93,189,320,391,440,507,515,550,618,580,541,555,512,427,357,215,147,116,63,0,0
2025,2025-04-04,Northbound,Heavy Vehicles,105,72,54,36,44,51,98,114,143,102,116,138,128,174,151,149,139,111,97,114,102,73,85,68,0,0
2025,2025-04-04,Northbound,All Vehicles,134,96,76,57,82,144,287,434,534,542,623,653,678,792,731,690,694,623,524,471,317,220,201,131,0,0
2025,2025-04-05,Southbound,Heavy Vehicles,43,66,57,69,54,46,47,68,69,92,81,112,88,102,89,85,59,60,56,44,41,45,33,38,0,0
2025,2025-04-05,Southbound,Light Vehicles,27,16,28,26,42,78,150,270,418,520,621,580,561,517,487,435,362,285,234,174,134,133,56,51,0,0
2025,2025-04-05,Southbound,All Vehicles,70,82,85,95,96,124,197,338,487,612,702,692,649,619,576,520,421,345,290,218,175,178,89,89,0,0
2025,2025-04-06,Northbound,Light Vehicles,,,,20,34,53,124,246,423,582,653,740,801,764,726,726,668,530,362,242,144,108,81,40,0,0
2025,2025-04-06,Northbound,Heavy Vehicles,,,,8,11,21,23,53,74,109,100,135,125,140,141,158,145,132,84,74,66,56,46,23,0,0
2025,2025-04-06,Southbound,Light Vehicles,39,20,25,17,38,115,177,362,593,825,1057,1135,1115,984,915,860,607,413,224,177,108,42,39,24,0,0
2025,2025-04-06,Southbound,Heavy Vehicles,29,23,29,12,16,30,26,77,90,122,169,163,144,166,154,135,112,112,110,116,83,62,37,42,0,0
2025,2025-04-06,Northbound,All Vehicles,,,,28,45,74,147,299,497,691,753,875,926,904,867,884,813,662,446,316,210,164,127,63,0,0
2025,2025-04-06,Southbound,All Vehicles,68,43,54,29,54,145,203,439,683,947,1226,1298,1259,1150,1069,995,719,525,334,293,191,104,76,66,0,0
2025,2025-04-07,Northbound,Light Vehicles,14,19,18,12,28,106,217,353,426,414,486,476,461,470,476,433,366,260,171,127,87,52,39,129,0,0
2025,2025-04-07,Southbound,Light Vehicles,10,18,21,34,85,153,277,336,445,483,549,592,548,483,528,513,461,351,202,129,89,68,31,17,0,0
2025,2025-04-07,Northbound,Heavy Vehicles,22,15,23,32,39,66,124,115,139,115,166,159,145,161,163,167,158,152,74,92,101,78,106,82,0,0
2025,2025-04-07,Southbound,Heavy Vehicles,33,36,23,22,60,66,97,140,112,162,140,159,144,129,123,146,146,134,114,114,138,87,73,59,0,0
2025,2025-04-07,Northbound,All Vehicles,36,34,41,44,67,172,341,468,565,529,652,635,606,631,639,600,524,412,245,219,188,130,145,211,0,0
2025,2025-04-07,Southbound,All Vehicles,43,54,44,56,145,219,374,476,557,645,689,751,692,612,651,659,607,485,316,243,227,155,104,76,0,0
2025,2025-04-08,Northbound,Heavy Vehicles,77,66,46,31,50,77,137,177,179,174,182,164,204,202,209,191,184,169,138,110,107,109,128,80,0,0
2025,2025-04-08,Southbound,Light Vehicles,13,14,15,26,55,112,205,278,393,405,440,476,457,426,456,445,424,323,205,122,79,54,27,15,0,0
2025,2025-04-08,Northbound,Light Vehicles,66,45,14,13,34,99,236,398,504,568,639,586,577,617,588,569,510,325,227,152,100,81,55,28,0,0
2025,2025-04-08,Southbound,Heavy Vehicles,79,82,99,76,66,79,132,143,130,160,156,148,155,145,168,145,136,112,110,113,94,70,56,55,0,0
2025,2025-04-08,Northbound,All Vehicles,143,111,60,44,84,176,373,575,683,742,821,750,781,819,797,760,694,494,365,262,207,190,183,108,0,0
2025,2025-04-08,Southbound,All Vehicles,92,96,114,102,121,191,337,421,523,565,596,624,612,571,624,590,560,435,315,235,173,124,83,70,0,0
2025,2025-04-09,Southbound,Light Vehicles,16,16,19,29,48,116,240,349,444,510,584,553,594,598,576,611,479,416,240,146,99,68,31,24,0,0
2025,2025-04-09,Northbound,Light Vehicles,14,21,19,17,24,102,210,394,546,513,570,536,567,579,614,540,492,344,249,184,162,66,79,37,0,0
2025,2025-04-09,Southbound,Heavy Vehicles,84,110,82,77,83,98,140,192,154,193,177,201,179,177,163,178,178,139,127,116,113,73,68,71,0,0
2025,2025-04-09,Northbound,Heavy Vehicles,78,63,60,37,52,58,121,164,187,165,193,163,192,218,205,229,199,173,95,92,164,124,113,80,0,0
2025,2025-04-09,Southbound,All Vehicles,100,126,101,106,131,214,380,541,598,703,761,754,773,775,739,789,657,555,367,262,212,141,99,95,0,0
2025,2025-04-09,Northbound,All Vehicles,92,84,79,54,76,160,331,558,733,678,763,699,759,797,819,769,691,517,344,276,326,190,192,117,0,0
2025,2025-04-10,Southbound,Heavy Vehicles,81,101,90,83,74,86,129,138,157,148,157,162,140,159,130,161,123,112,112,110,99,62,62,47,0,0
2025,2025-04-10,Northbound,Light Vehicles,26,22,14,24,30,83,236,340,418,415,501,481,485,504,472,451,420,320,215,158,141,122,77,48,0,0
2025,2025-04-10,Southbound,Light Vehicles,14,12,14,19,46,106,188,307,392,486,528,540,561,491,460,479,458,403,258,155,96,85,38,28,0,0
2025,2025-04-10,Northbound,Heavy Vehicles,76,74,38,44,47,63,115,127,126,135,132,142,155,192,174,184,170,132,117,84,94,110,111,121,0,0
2025,2025-04-10,Southbound,All Vehicles,95,113,104,102,120,192,317,445,549,634,685,702,701,650,590,640,581,515,370,265,195,147,100,75,0,0
2025,2025-04-10,Northbound,All Vehicles,102,96,52,68,77,146,351,467,544,550,633,623,640,696,646,635,590,452,332,242,235,232,188,169,0,0
2025,2025-04-11,Southbound,Light Vehicles,14,21,22,22,52,117,237,350,460,647,674,653,593,599,593,584,534,441,309,190,137,119,58,36,0,0
2025,2025-04-11,Northbound,Heavy Vehicles,87,72,55,33,38,73,104,104,133,127,138,130,146,136,161,145,143,113,88,82,85,87,83,66,0,0
2025,2025-04-11,Southbound,Heavy Vehicles,87,96,93,105,90,87,138,121,146,146,178,154,153,140,127,122,131,96,85,67,39,70,46,52,0,0
2025,2025-04-11,Northbound,Light Vehicles,32,22,19,21,40,102,224,378,476,556,555,567,535,577,567,578,552,492,383,296,212,199,98,70,0,0
2025,2025-04-11,Southbound,All Vehicles,101,117,115,127,142,204,375,471,606,793,852,807,746,739,720,706,665,537,394,257,176,189,104,88,0,0
2025,2025-04-11,Northbound,All Vehicles,119,94,74,54,78,175,328,482,609,683,693,697,681,713,728,723,695,605,471,378,297,286,181,136,0,0
2025,2025-04-12,Southbound,Light Vehicles,37,21,18,32,49,103,192,370,482,668,666,648,580,571,488,451,344,291,183,122,104,79,69,33,0,0
2025,2025-04-12,Southbound,Heavy Vehicles,57,63,64,49,46,42,60,83,93,99,107,120,114,103,89,75,65,67,52,48,40,48,39,29,0,0
2025,2025-04-12,Southbound,All Vehicles,94,84,82,81,95,145,252,453,575,767,773,768,694,674,577,526,409,358,235,170,144,127,108,62,0,0
2025,2025-04-13,Southbound,Light Vehicles,21,20,17,18,35,74,150,268,410,596,702,730,660,657,598,562,451,322,228,140,110,72,36,16,0,0
2025,2025-04-13,Southbound,Heavy Vehicles,13,19,13,12,11,29,25,65,82,84,99,118,115,88,94,91,98,86,86,84,67,50,46,26,0,0
2025,2025-04-13,Northbound,Light Vehicles,44,20,21,25,36,60,141,277,411,540,580,671,660,673,659,596,560,417,303,254,255,143,95,49,0,0
2025,2025-04-13,Northbound,Heavy Vehicles,9,11,8,11,12,21,44,46,83,89,97,100,118,118,120,125,110,90,82,76,68,65,51,28,0,0
2025,2025-04-13,Southbound,All Vehicles,34,39,30,30,46,103,175,333,492,680,801,848,775,745,692,653,549,408,314,224,177,122,82,42,0,0
2025,2025-04-13,Northbound,All Vehicles,53,31,29,36,48,81,185,323,494,629,677,771,778,791,779,721,670,507,385,330,323,208,146,77,0,0
2025,2025-04-14,Southbound,Light Vehicles,18,25,29,52,88,131,230,265,396,491,587,564,538,497,495,505,437,342,203,141,81,48,32,21,0,0
2025,2025-04-14,Northbound,Heavy Vehicles,22,25,20,28,41,70,134,183,163,220,192,205,210,221,250,201,171,170,108,110,94,96,100,86,0,0
2025,2025-04-14,Southbound,Heavy Vehicles,31,35,36,40,54,73,102,97,119,136,135,164,132,134,136,152,149,128,138,135,121,80,68,69,0,0
2025,2025-04-14,Northbound,Light Vehicles,40,31,24,39,47,117,312,507,702,786,827,922,938,922,883,824,622,451,320,219,131,125,74,30,0,0
2025,2025-04-14,Southbound,All Vehicles,49,60,65,92,142,204,332,362,515,627,722,728,670,631,631,657,586,470,341,276,202,128,100,90,0,0
2025,2025-04-14,Northbound,All Vehicles,62,56,44,67,88,187,446,690,865,1006,1019,1127,1148,1143,1133,1025,793,621,428,329,225,221,174,116,0,0
2025,2025-04-15,Southbound,Light Vehicles,13,19,24,19,68,127,261,330,458,586,651,709,687,566,631,616,564,423,242,131,95,63,35,34,0,0
2025,2025-04-15,Southbound,Heavy Vehicles,86,107,100,89,68,101,129,166,171,181,185,175,202,197,157,192,173,132,131,122,94,68,48,60,0,0
2025,2025-04-15,Southbound,All Vehicles,99,126,124,108,136,228,390,496,629,767,836,884,889,763,788,808,737,555,373,253,189,131,83,94,0,0
2025,2025-04-16,Southbound,Heavy Vehicles,87,91,107,94,74,114,140,158,170,203,205,223,247,171,199,165,159,135,141,118,123,95,55,50,0,0
2025,2025-04-16,Southbound,Light Vehicles,24,21,21,31,43,133,251,354,543,664,714,790,816,699,748,745,574,497,274,215,152,98,58,49,0,0
2025,2025-04-16,Southbound,All Vehicles,111,112,128,125,117,247,391,512,713,867,919,1013,1063,870,947,910,733,632,415,333,275,193,113,99,0,0
2025,2025-04-17,Southbound,Heavy Vehicles,5,6,5,3,5,4,13,19,29,55,66,67,71,55,47,35,41,23,10,7,8,3,5,2,0,0
2025,2025-04-17,Southbound,Light Vehicles,6,7,6,5,12,15,48,87,149,219,302,363,318,248,253,202,196,157,100,44,38,29,16,15,0,0
2025,2025-04-17,Southbound,All Vehicles,11,13,11,8,17,19,61,106,178,274,368,430,389,303,300,237,237,180,110,51,46,32,21,17,0,0
2025,2025-04-18,Southbound,Light Vehicles,77,78,65,90,125,189,270,379,604,777,896,875,773,714,577,540,478,328,209,182,129,73,52,38,0,0
2025,2025-04-18,Southbound,Heavy Vehicles,59,77,65,54,49,52,50,90,78,99,102,93,112,73,78,56,61,58,47,40,42,29,24,19,0,0
2025,2025-04-18,Southbound,All Vehicles,136,155,130,144,174,241,320,469,682,876,998,968,885,787,655,596,539,386,256,222,171,102,76,57,0,0
2025,2025-04-19,Southbound,Heavy Vehicles,23,13,13,13,13,15,31,45,67,72,84,87,86,69,70,60,59,38,44,34,38,19,22,13,0,0
2025,2025-04-19,Southbound,Light Vehicles,33,19,18,25,47,87,140,321,403,618,694,741,674,607,593,559,474,339,220,161,136,98,55,36,0,0
2025,2025-04-19,Southbound,All Vehicles,56,32,31,38,60,102,171,366,470,690,778,828,760,676,663,619,533,377,264,195,174,117,77,49,0,0
2025,2025-04-20,Northbound,Light Vehicles,47,30,22,24,27,70,174,256,439,666,886,965,954,865,910,824,686,595,375,256,286,167,146,95,0,0
2025,2025-04-20,Southbound,Light Vehicles,26,34,16,20,27,53,101,237,484,744,965,1042,1060,1082,1024,923,826,606,445,379,259,165,101,53,0,0
2025,2025-04-20,Northbound,Heavy Vehicles,8,11,8,7,10,13,32,55,57,72,95,109,89,93,104,105,102,80,41,42,39,32,27,22,0,0
2025,2025-04-20,Southbound,Heavy Vehicles,17,11,10,8,8,15,18,36,57,84,122,94,115,125,131,111,96,80,67,60,50,38,19,16,0,0
2025,2025-04-20,Northbound,All Vehicles,55,41,30,31,37,83,206,311,496,738,981,1074,1043,958,1014,929,788,675,416,298,325,199,173,117,0,0
2025,2025-04-20,Southbound,All Vehicles,43,45,26,28,35,68,119,273,541,828,1087,1136,1175,1207,1155,1034,922,686,512,439,309,203,120,69,0,0
2025,2025-04-21,Northbound,Heavy Vehicles,19,14,9,12,16,27,38,73,76,80,118,116,108,110,100,120,106,80,76,73,48,51,35,37,0,0
2025,2025-04-21,Northbound,Light Vehicles,45,48,38,44,71,133,294,464,564,711,812,814,826,837,749,624,555,399,267,198,156,126,84,50,0,0
2025,2025-04-21,Northbound,All Vehicles,64,62,47,56,87,160,332,537,640,791,930,930,934,947,849,744,661,479,343,271,204,177,119,87,0,0
2025,2025-04-23,Southbound,Heavy Vehicles,72,125,106,83,72,77,104,124,137,140,167,151,169,151,133,129,,104,97,110,88,62,56,53,0,0
2025,2025-04-23,Northbound,Heavy Vehicles,81,50,44,39,35,59,118,157,153,184,189,189,183,216,229,207,187,138,150,108,105,135,125,110,0,0
2025,2025-04-23,Southbound,Light Vehicles,34,14,29,20,57,92,199,311,501,611,796,772,721,671,682,598,,411,272,162,99,99,45,26,0,0
2025,2025-04-23,Northbound,Light Vehicles,42,19,17,22,35,90,210,376,505,676,717,833,771,772,723,714,637,442,304,210,137,99,86,41,0,0
2025,2025-04-23,Southbound,All Vehicles,106,139,135,103,129,169,303,435,638,751,963,923,890,822,815,727,,515,369,272,187,161,101,79,0,0
2025,2025-04-23,Northbound,All Vehicles,123,69,61,61,70,149,328,533,658,860,906,1022,954,988,952,921,824,580,454,318,242,234,211,151,0,0
2025,2025-04-24,Northbound,Heavy Vehicles,67,64,47,43,41,63,108,150,152,182,192,190,154,185,188,162,171,142,128,113,83,93,85,82,0,0
2025,2025-04-24,Southbound,Heavy Vehicles,6,4,4,4,1,9,9,22,32,52,78,67,65,62,43,52,38,25,14,8,4,2,3,5,0,0
2025,2025-04-24,Northbound,Light Vehicles,40,23,19,26,23,98,235,413,541,676,751,889,871,912,923,836,775,601,511,351,304,248,161,93,0,0
2025,2025-04-24,Southbound,Light Vehicles,5,5,3,3,1,8,30,82,139,260,378,441,379,369,236,290,198,158,112,58,24,14,5,9,0,0
2025,2025-04-24,Northbound,All Vehicles,107,87,66,69,64,161,343,563,693,858,943,1079,1025,1097,1111,998,946,743,639,464,387,341,246,175,0,0
2025,2025-04-24,Southbound,All Vehicles,11,9,7,7,2,17,39,104,171,312,456,508,444,431,279,342,236,183,126,66,28,16,8,14,0,0
2025,2025-04-25,Southbound,Light Vehicles,54,42,30,42,64,149,209,442,666,1044,1260,1330,1273,1202,1111,1006,777,571,360,268,172,127,62,45,0,0
2025,2025-04-25,Southbound,Heavy Vehicles,53,59,60,49,40,48,66,76,134,161,163,178,165,166,125,138,82,90,75,51,53,31,24,23,0,0
2025,2025-04-25,Southbound,All Vehicles,107,101,90,91,104,197,275,518,800,1205,1423,1508,1438,1368,1236,1144,859,661,435,319,225,158,86,68,0,0
2025,2025-04-26,Northbound,Heavy Vehicles,17,20,10,10,10,26,32,62,68,93,111,109,110,112,128,109,88,62,66,30,20,27,19,15,0,0
2025,2025-04-26,Northbound,Light Vehicles,31,13,18,13,29,68,127,250,500,703,869,800,820,753,673,568,500,421,277,205,160,125,76,45,0,0
2025,2025-04-26,Northbound,All Vehicles,48,33,28,23,39,94,159,312,568,796,980,909,930,865,801,677,588,483,343,235,180,152,95,60,0,0
2025,2025-04-27,Southbound,Light Vehicles,37,24,25,38,39,90,205,324,493,757,945,984,983,873,876,727,628,453,330,219,151,96,53,35,0,0
2025,2025-04-27,Southbound,Heavy Vehicles,15,13,14,10,10,16,29,44,74,89,112,112,111,121,98,104,92,84,86,91,77,47,30,29,0,0
2025,2025-04-27,Northbound,Light Vehicles,41,21,17,25,34,54,101,207,352,543,682,765,987,847,779,730,612,478,306,212,151,105,78,52,0,0
2025,2025-04-27,Northbound,Heavy Vehicles,12,9,9,9,6,19,18,35,47,83,107,116,149,131,141,135,107,113,78,72,61,54,34,24,0,0
2025,2025-04-27,Southbound,All Vehicles,52,37,39,48,49,106,234,368,567,846,1057,1096,1094,994,974,831,720,537,416,310,228,143,83,64,0,0
2025,2025-04-27,Northbound,All Vehicles,53,30,26,34,40,73,119,242,399,626,789,881,1136,978,920,865,719,591,384,284,212,159,112,76,0,0
2025,2025-04-28,Southbound,Light Vehicles,21,13,29,50,73,129,221,317,403,522,596,626,472,612,560,488,469,361,194,137,78,68,47,,0,0
2025,2025-04-28,Southbound,Heavy Vehicles,31,34,31,22,44,64,76,127,129,140,155,140,99,145,118,143,150,129,124,121,117,76,45,,0,0
2025,2025-04-28,Northbound,Heavy Vehicles,20,5,26,20,28,34,93,116,127,111,130,156,120,137,168,152,133,114,86,68,71,104,85,84,0,0
2025,2025-04-28,Northbound,Light Vehicles,28,3,13,25,36,91,206,352,414,397,482,459,534,511,480,452,339,264,182,128,92,77,45,25,0,0
2025,2025-04-28,Southbound,All Vehicles,52,47,60,72,117,193,297,444,532,662,751,766,571,757,678,631,619,490,318,258,195,144,92,,0,0
2025,2025-04-28,Northbound,All Vehicles,48,8,39,45,64,125,299,468,541,508,612,615,654,648,648,604,472,378,268,196,163,181,130,109,0,0
2025,2025-04-29,Northbound,Light Vehicles,30,14,11,20,26,98,220,391,431,488,527,491,492,531,507,471,451,312,192,137,87,101,60,35,0,0
2025,2025-04-29,Northbound,Heavy Vehicles,77,67,34,34,38,71,130,147,165,152,166,167,180,201,195,200,166,146,98,103,110,134,114,89,0,0
2025,2025-04-29,Southbound,Light Vehicles,11,16,15,24,45,105,179,285,368,417,481,478,495,435,418,440,394,322,185,127,76,57,18,30,0,0
2025,2025-04-29,Southbound,Heavy Vehicles,76,97,81,64,76,74,117,113,119,128,130,158,127,110,116,134,147,118,107,106,75,55,57,53,0,0
2025,2025-04-29,Northbound,All Vehicles,107,81,45,54,64,169,350,538,596,640,693,658,672,732,702,671,617,458,290,240,197,235,174,124,0,0
2025,2025-04-29,Southbound,All Vehicles,87,113,96,88,121,179,296,398,487,545,611,636,622,545,534,574,541,440,292,233,151,112,75,83,0,0
2025,2025-04-30,Northbound,Light Vehicles,15,15,12,13,26,89,167,325,400,377,379,384,400,396,431,388,337,272,161,126,96,71,54,32,0,0
2025,2025-04-30,Southbound,Heavy Vehicles,74,100,80,71,78,78,93,138,135,145,136,150,141,142,102,129,129,99,121,117,89,75,66,,0,0
2025,2025-04-30,Northbound,Heavy Vehicles,83,50,55,39,42,63,117,111,138,118,140,133,123,163,173,165,150,124,104,90,104,106,106,85,0,0
2025,2025-04-30,Southbound,Light Vehicles,15,7,20,21,48,103,177,281,341,417,417,464,440,435,439,408,390,314,185,127,70,58,24,,0,0
2025,2025-04-30,Northbound,All Vehicles,98,65,67,52,68,152,284,436,538,495,519,517,523,559,604,553,487,396,265,216,200,177,160,117,0,0
2025,2025-04-30,Southbound,All Vehicles,89,107,100,92,126,181,270,419,476,562,553,614,581,577,541,537,519,413,306,244,159,133,90,,0,0
2025,2025-05-01,Southbound,Heavy Vehicles,84,105,98,82,80,84,130,139,156,137,170,196,186,156,152,138,154,117,125,106,75,81,37,59,0,0
2025,2025-05-01,Southbound,Light Vehicles,21,19,21,17,35,103,237,343,467,538,613,636,620,568,543,521,484,428,248,163,98,59,35,23,0,0
2025,2025-05-01,Southbound,All Vehicles,105,124,119,99,115,187,367,482,623,675,783,832,806,724,695,659,638,545,373,269,173,140,72,82,0,0
2025,2025-05-03,Southbound,Light Vehicles,39,29,24,23,43,69,181,297,437,563,574,603,543,476,468,434,314,238,182,101,94,68,49,17,0,0
2025,2025-05-03,Northbound,Heavy Vehicles,52,46,35,20,23,31,39,52,70,106,114,113,104,94,102,79,87,84,63,54,39,30,24,25,0,0
2025,2025-05-03,Northbound,Light Vehicles,51,36,15,18,29,64,145,222,393,513,742,755,688,660,637,571,486,419,272,165,130,103,80,69,0,0
2025,2025-05-03,Southbound,Heavy Vehicles,43,73,60,46,43,49,52,57,79,90,85,93,71,62,74,76,51,47,46,51,32,42,32,21,0,0
2025,2025-05-03,Southbound,All Vehicles,82,102,84,69,86,118,233,354,516,653,659,696,614,538,542,510,365,285,228,152,126,110,81,38,0,0
2025,2025-05-03,Northbound,All Vehicles,103,82,50,38,52,95,184,274,463,619,856,868,792,754,739,650,573,503,335,219,169,133,104,94,0,0
2025,2025-05-04,Southbound,Light Vehicles,23,19,12,20,23,66,131,237,409,567,710,794,793,767,745,763,667,443,297,199,117,77,68,47,0,0
2025,2025-05-04,Southbound,Heavy Vehicles,13,26,14,12,13,20,36,47,82,85,105,107,112,105,107,128,121,114,117,90,90,51,33,45,0,0
2025,2025-05-04,Northbound,Light Vehicles,42,18,21,7,23,42,103,176,286,352,437,568,613,649,641,578,504,406,268,220,161,126,62,52,0,0
2025,2025-05-04,Northbound,Heavy Vehicles,8,14,8,12,7,14,21,35,59,66,71,83,81,86,81,87,90,85,51,57,51,38,28,25,0,0
2025,2025-05-04,Southbound,All Vehicles,36,45,26,32,36,86,167,284,491,652,815,901,905,872,852,891,788,557,414,289,207,128,101,92,0,0
2025,2025-05-04,Northbound,All Vehicles,50,32,29,19,30,56,124,211,345,418,508,651,694,735,722,665,594,491,319,277,212,164,90,77,0,0
2025,2025-05-05,Southbound,Heavy Vehicles,42,31,37,29,64,69,95,118,114,152,144,136,149,129,119,129,99,77,81,61,55,51,37,46,0,0
2025,2025-05-05,Southbound,Light Vehicles,29,15,28,42,71,151,257,339,423,505,620,689,598,557,565,565,472,389,209,130,80,67,33,22,0,0
2025,2025-05-05,Northbound,Light Vehicles,26,27,12,16,35,122,256,481,585,593,675,654,725,682,708,644,519,361,199,137,112,66,61,32,0,0
2025,2025-05-05,Northbound,Heavy Vehicles,23,22,25,15,39,62,129,136,185,176,185,219,213,203,216,216,179,155,84,156,106,102,102,91,0,0
2025,2025-05-05,Southbound,All Vehicles,71,46,65,71,135,220,352,457,537,657,764,825,747,686,684,694,571,466,290,191,135,118,70,68,0,0
2025,2025-05-05,Northbound,All Vehicles,49,49,37,31,74,184,385,617,770,769,860,873,938,885,924,860,698,516,283,293,218,168,163,123,0,0
2025,2025-05-06,Southbound,Heavy Vehicles,44,48,58,41,43,67,109,86,122,125,128,149,134,132,136,142,133,136,150,139,116,83,56,54,0,0
2025,2025-05-06,Northbound,Heavy Vehicles,74,54,50,44,33,69,114,135,118,122,133,138,139,154,179,166,134,120,99,96,80,96,106,68,0,0
2025,2025-05-06,Northbound,Light Vehicles,14,11,13,13,17,89,195,342,355,353,398,346,356,398,394,411,347,258,161,126,94,69,40,35,0,0
2025,2025-05-06,Southbound,Light Vehicles,14,11,14,24,47,109,189,283,386,462,441,476,435,446,407,418,356,319,167,105,94,44,29,31,0,0
2025,2025-05-06,Southbound,All Vehicles,58,59,72,65,90,176,298,369,508,587,569,625,569,578,543,560,489,455,317,244,210,127,85,85,0,0
2025,2025-05-06,Northbound,All Vehicles,88,65,63,57,50,158,309,477,473,475,531,484,495,552,573,577,481,378,260,222,174,165,146,103,0,0
2025,2025-05-08,Northbound,Heavy Vehicles,89,53,52,41,39,64,131,111,60,97,121,127,133,176,158,159,131,116,122,129,75,116,117,83,0,0
2025,2025-05-08,Northbound,Light Vehicles,22,17,10,12,33,88,192,291,234,318,425,443,433,484,454,411,390,310,206,144,105,73,61,34,0,0
2025,2025-05-08,Northbound,All Vehicles,111,70,62,53,72,152,323,402,294,415,546,570,566,660,612,570,521,426,328,273,180,189,178,117,0,0
2025,2025-05-09,Northbound,Light Vehicles,25,25,13,18,32,88,162,293,402,437,442,476,464,452,612,548,481,417,335,289,178,179,111,49,0,0
2025,2025-05-09,Northbound,Heavy Vehicles,69,68,52,32,37,62,96,117,102,109,145,115,147,113,194,168,143,124,90,89,65,80,72,66,0,0
2025,2025-05-09,Northbound,All Vehicles,94,93,65,50,69,150,258,410,504,546,587,591,611,565,806,716,624,541,425,378,243,259,183,115,0,0
2025,2025-05-10,Southbound,Light Vehicles,27,15,12,22,43,76,163,280,441,568,589,566,566,516,488,421,342,270,139,132,98,80,55,53,0,0
2025,2025-05-10,Northbound,Heavy Vehicles,42,38,29,23,21,27,41,58,69,86,101,76,67,101,78,76,64,51,48,41,25,31,16,16,0,0
2025,2025-05-10,Southbound,Heavy Vehicles,47,61,54,61,43,40,41,65,81,93,80,100,76,66,75,78,62,50,51,43,51,29,16,17,0,0
2025,2025-05-10,Northbound,Light Vehicles,41,24,16,19,14,62,116,214,343,485,537,534,510,499,455,440,389,343,230,161,98,80,57,34,0,0
2025,2025-05-10,Southbound,All Vehicles,74,76,66,83,86,116,204,345,522,661,669,666,642,582,563,499,404,320,190,175,149,109,71,70,0,0
2025,2025-05-10,Northbound,All Vehicles,83,62,45,42,35,89,157,272,412,571,638,610,577,600,533,516,453,394,278,202,123,111,73,50,0,0
2025,2025-05-11,Southbound,Light Vehicles,18,15,18,15,21,56,86,225,378,577,657,653,595,632,598,609,466,349,203,141,96,76,22,23,0,0
2025,2025-05-11,Northbound,Heavy Vehicles,13,12,11,7,13,11,24,32,68,85,92,125,135,117,127,138,127,107,88,68,59,59,38,21,0,0
2025,2025-05-11,Southbound,Heavy Vehicles,23,12,12,16,7,23,33,33,68,80,110,96,137,95,81,97,73,74,77,78,69,45,43,38,0,0
2025,2025-05-11,Northbound,Light Vehicles,42,16,12,17,22,39,75,158,268,447,621,781,696,701,717,701,662,554,368,263,172,130,70,49,0,0
2025,2025-05-11,Southbound,All Vehicles,41,27,30,31,28,79,119,258,446,657,767,749,732,727,679,706,539,423,280,219,165,121,65,61,0,0
2025,2025-05-11,Northbound,All Vehicles,55,28,23,24,35,50,99,190,336,532,713,906,831,818,844,839,789,661,456,331,231,189,108,70,0,0
2025,2025-05-12,Southbound,Light Vehicles,15,16,29,34,81,128,247,310,413,550,635,665,654,527,545,511,501,377,224,97,93,46,46,16,0,0
2025,2025-05-12,Southbound,Heavy Vehicles,38,35,25,34,56,59,107,120,109,146,164,188,163,107,133,145,159,145,135,130,107,103,69,64,0,0
2025,2025-05-12,Northbound,Heavy Vehicles,22,26,28,24,27,63,119,147,182,186,172,179,193,201,203,183,191,126,108,100,75,82,115,59,0,0
2025,2025-05-12,Northbound,Light Vehicles,26,21,21,24,30,106,275,441,535,577,716,665,727,737,730,652,497,355,207,142,93,93,45,31,0,0
2025,2025-05-12,Southbound,All Vehicles,53,51,54,68,137,187,354,430,522,696,799,853,817,634,678,656,660,522,359,227,200,149,115,80,0,0
2025,2025-05-12,Northbound,All Vehicles,48,47,49,48,57,169,394,588,717,763,888,844,920,938,933,835,688,481,315,242,168,175,160,90,0,0
2025,2025-05-13,Northbound,Heavy Vehicles,70,51,46,33,41,67,108,133,134,107,171,152,148,158,139,155,167,117,113,103,100,108,106,79,0,0
2025,2025-05-13,Southbound,Light Vehicles,9,11,9,29,50,107,228,286,397,460,466,547,486,452,517,502,426,363,182,108,,56,30,22,0,0
2025,2025-05-13,Northbound,Light Vehicles,17,11,6,21,19,78,163,310,342,396,399,408,406,432,380,392,342,259,183,115,95,69,35,24,0,0
2025,2025-05-13,Southbound,Heavy Vehicles,73,89,83,82,67,97,118,149,162,122,149,182,166,128,132,179,142,140,133,111,,76,51,66,0,0
2025,2025-05-13,Northbound,All Vehicles,87,62,52,54,60,145,271,443,476,503,570,560,554,590,519,547,509,376,296,218,195,177,141,103,0,0
2025,2025-05-13,Southbound,All Vehicles,82,100,92,111,117,204,346,435,559,582,615,729,652,580,649,681,568,503,315,219,,132,81,88,0,0
2025,2025-05-15,Southbound,Heavy Vehicles,86,76,96,75,65,82,106,133,148,168,151,167,172,136,121,118,111,93,106,104,103,53,41,67,0,0
2025,2025-05-15,Southbound,Light Vehicles,11,12,11,18,39,105,185,310,360,455,494,508,513,454,440,447,408,348,192,143,97,51,24,17,0,0
2025,2025-05-15,Northbound,Light Vehicles,15,20,16,29,24,101,228,395,462,512,604,621,578,591,608,590,490,428,270,194,153,97,68,46,0,0
2025,2025-05-15,Northbound,Heavy Vehicles,78,55,57,26,36,68,121,132,157,168,199,153,177,182,227,216,153,152,130,100,97,130,125,101,0,0
2025,2025-05-15,Southbound,All Vehicles,97,88,107,93,104,187,291,443,508,623,645,675,685,590,561,565,519,441,298,247,200,104,65,84,0,0
2025,2025-05-15,Northbound,All Vehicles,93,75,73,55,60,169,349,527,619,680,803,774,755,773,835,806,643,580,400,294,250,227,193,147,0,0
2025,2025-05-16,Northbound,Light Vehicles,28,21,19,25,23,89,205,310,416,443,494,503,563,534,570,536,498,424,317,247,169,155,110,60,0,0
2025,2025-05-16,Southbound,Light Vehicles,20,19,20,27,43,119,223,302,582,665,780,,788,731,720,733,663,505,285,187,130,90,47,39,0,0
2025,2025-05-16,Southbound,Heavy Vehicles,88,97,85,70,66,70,113,145,167,191,183,,174,183,152,176,135,103,67,68,65,50,45,39,0,0
2025,2025-05-16,Northbound,Heavy Vehicles,74,59,47,33,26,61,86,129,129,119,127,137,128,147,152,140,139,110,79,64,87,84,90,67,0,0
2025,2025-05-16,Northbound,All Vehicles,102,80,66,58,49,150,291,439,545,562,621,640,691,681,722,676,637,534,396,311,256,239,200,127,0,0
2025,2025-05-16,Southbound,All Vehicles,108,116,105,97,109,189,336,447,749,856,963,,962,914,872,909,798,608,352,255,195,140,92,78,0,0
2025,2025-05-17,Southbound,Light Vehicles,21,26,17,32,37,75,171,261,478,607,680,708,607,548,531,488,381,299,204,120,98,66,42,33,0,0
2025,2025-05-17,Northbound,Light Vehicles,48,45,20,24,18,71,131,248,408,600,627,677,617,599,599,522,467,378,255,185,112,119,75,43,0,0
2025,2025-05-17,Northbound,Heavy Vehicles,57,38,31,21,22,23,33,68,83,101,113,85,88,95,87,76,88,76,69,48,42,24,37,20,0,0
2025,2025-05-17,Southbound,Heavy Vehicles,53,71,60,47,37,45,42,62,87,101,120,97,118,86,95,85,77,47,65,51,54,41,25,29,0,0
2025,2025-05-17,Southbound,All Vehicles,74,97,77,79,74,120,213,323,565,708,800,805,725,634,626,573,458,346,269,171,152,107,67,62,0,0
2025,2025-05-17,Northbound,All Vehicles,105,83,51,45,40,94,164,316,491,701,740,762,705,694,686,598,555,454,324,233,154,143,112,63,0,0
2025,2025-05-18,Southbound,Light Vehicles,21,16,17,14,24,54,94,188,358,589,712,700,669,612,660,560,423,307,205,155,95,,32,18,0,0
2025,2025-05-18,Northbound,Heavy Vehicles,9,10,7,9,9,14,17,51,60,100,103,120,116,128,143,132,109,111,82,80,63,46,43,32,0,0
2025,2025-05-18,Northbound,Light Vehicles,37,26,9,11,14,33,86,164,304,469,580,745,802,774,793,694,615,497,306,233,160,121,56,32,0,0
2025,2025-05-18,Southbound,Heavy Vehicles,18,15,18,11,14,21,24,35,60,82,95,89,109,112,117,118,89,79,82,90,74,,51,39,0,0
2025,2025-05-18,Southbound,All Vehicles,39,31,35,25,38,75,118,223,418,671,807,789,778,724,777,678,512,386,287,245,169,,83,57,0,0
2025,2025-05-18,Northbound,All Vehicles,46,36,16,20,23,47,103,215,364,569,683,865,918,902,936,826,724,608,388,313,223,167,99,64,0,0
2025,2025-05-19,Southbound,Heavy Vehicles,41,33,30,34,51,57,105,110,129,166,147,228,144,137,139,140,157,134,120,106,88,90,57,55,0,0
2025,2025-05-19,Southbound,Light Vehicles,19,14,26,41,70,150,243,303,440,480,571,482,598,541,501,456,397,278,169,86,66,41,24,14,0,0
2025,2025-05-19,Northbound,Light Vehicles,28,10,10,26,26,89,202,378,457,450,546,214,585,602,484,591,390,252,159,63,73,75,16,23,0,0
2025,2025-05-19,Northbound,Heavy Vehicles,18,18,18,34,25,53,107,108,147,158,134,65,181,181,140,180,143,110,89,57,83,80,18,74,0,0
2025,2025-05-19,Southbound,All Vehicles,60,47,56,75,121,207,348,413,569,646,718,710,742,678,640,596,554,412,289,192,154,131,81,69,0,0
2025,2025-05-19,Northbound,All Vehicles,46,28,28,60,51,142,309,486,604,608,680,279,766,783,624,771,533,362,248,120,156,155,34,97,0,0
2025,2025-05-26,Southbound,Light Vehicles,14,16,24,20,59,102,161,237,296,368,382,396,400,382,391,369,328,318,163,95,61,44,17,22,0,0
2025,2025-05-26,Northbound,Light Vehicles,20,8,14,14,20,81,213,352,429,467,549,519,516,491,476,465,397,248,172,108,89,75,33,28,0,0
2025,2025-05-26,Southbound,Heavy Vehicles,31,24,30,31,38,48,72,107,95,109,102,118,106,112,140,151,134,111,133,100,100,63,73,63,0,0
2025,2025-05-26,Northbound,Heavy Vehicles,27,22,23,18,29,57,107,121,127,134,160,141,174,173,177,178,155,156,101,98,111,111,86,92,0,0
2025,2025-05-26,Southbound,All Vehicles,45,40,54,51,97,150,233,344,391,477,484,514,506,494,531,520,462,429,296,195,161,107,90,85,0,0
2025,2025-05-26,Northbound,All Vehicles,47,30,37,32,49,138,320,473,556,601,709,660,690,664,653,643,552,404,273,206,200,186,119,120,0,0
2025,2025-05-27,Northbound,Heavy Vehicles,80,62,43,37,42,69,153,149,135,166,199,163,198,189,174,202,175,133,113,111,114,117,122,84,0,0
2025,2025-05-27,Northbound,Light Vehicles,22,21,8,16,22,75,224,383,424,428,492,418,452,469,425,412,363,260,172,104,91,60,46,16,0,0
2025,2025-05-27,Southbound,Light Vehicles,8,17,16,22,43,85,182,282,320,387,467,483,463,441,440,462,419,361,186,126,63,56,23,18,0,0
2025,2025-05-27,Southbound,Heavy Vehicles,81,79,90,84,72,74,111,133,134,171,164,153,181,157,131,181,164,150,144,133,110,66,61,53,0,0
2025,2025-05-27,Northbound,All Vehicles,102,83,51,53,64,144,377,532,559,594,691,581,650,658,599,614,538,393,285,215,205,177,168,100,0,0
2025,2025-05-27,Southbound,All Vehicles,89,96,106,106,115,159,293,415,454,558,631,636,644,598,571,643,583,511,330,259,173,122,84,71,0,0
2025,2025-05-28,Southbound,Heavy Vehicles,87,88,85,78,72,105,101,119,120,131,163,161,143,123,130,145,166,161,116,112,,65,60,60,0,0
2025,2025-05-28,Southbound,Light Vehicles,11,9,10,22,48,89,178,249,315,356,394,394,384,408,346,378,356,326,156,82,,46,31,22,0,0
2025,2025-05-28,Southbound,All Vehicles,98,97,95,100,120,194,279,368,435,487,557,555,527,531,476,523,522,487,272,194,,111,91,82,0,0
2025,2025-05-29,Northbound,Heavy Vehicles,3,3,1,,1,1,13,20,37,35,26,37,43,34,43,37,38,21,14,8,13,8,8,6,0,0
2025,2025-05-29,Northbound,Light Vehicles,3,3,5,2,2,11,36,91,99,138,128,130,152,188,195,140,154,128,69,35,34,21,11,20,0,0
2025,2025-05-29,Northbound,All Vehicles,6,6,6,2,3,12,49,111,136,173,154,167,195,222,238,177,192,149,83,43,47,29,19,26,0,0
2025,2025-05-30,Southbound,Light Vehicles,11,23,15,31,50,125,231,296,486,608,654,743,662,659,695,684,683,560,330,183,118,95,55,38,0,0
2025,2025-05-30,Northbound,Heavy Vehicles,87,67,47,34,34,72,126,155,157,172,174,168,189,179,194,173,178,166,90,75,98,90,90,69,0,0
2025,2025-05-30,Northbound,Light Vehicles,74,22,14,22,36,105,230,385,528,548,556,570,650,724,718,695,609,500,459,307,217,159,94,49,0,0
2025,2025-05-30,Southbound,Heavy Vehicles,78,105,84,90,74,92,109,159,160,204,188,215,201,179,180,170,170,134,93,83,48,48,36,44,0,0
2025,2025-05-30,Southbound,All Vehicles,89,128,99,121,124,217,340,455,646,812,842,958,863,838,875,854,853,694,423,266,166,143,91,82,0,0
2025,2025-05-30,Northbound,All Vehicles,161,89,61,56,70,177,356,540,685,720,730,738,839,903,912,868,787,666,549,382,315,249,184,118,0,0
2025,2025-05-31,Southbound,Heavy Vehicles,32,70,74,66,39,43,65,88,105,117,129,100,97,118,88,,102,74,72,39,47,52,28,25,0,0
2025,2025-05-31,Northbound,Light Vehicles,38,22,22,16,27,63,139,225,413,610,680,725,704,607,598,476,488,382,266,172,132,82,61,30,0,0
2025,2025-05-31,Northbound,Heavy Vehicles,47,34,32,17,31,29,57,65,91,111,138,122,128,105,115,89,102,79,56,47,46,18,21,26,0,0
2025,2025-05-31,Southbound,Light Vehicles,31,20,19,26,34,105,214,400,585,753,711,695,593,583,516,,377,310,180,131,91,71,46,26,0,0
2025,2025-05-31,Southbound,All Vehicles,63,90,93,92,73,148,279,488,690,870,840,795,690,701,604,,479,384,252,170,138,123,74,51,0,0
2025,2025-05-31,Northbound,All Vehicles,85,56,54,33,58,92,196,290,504,721,818,847,832,712,713,565,590,461,322,219,178,100,82,56,0,0
2025,2025-06-01,Northbound,Heavy Vehicles,19,15,5,10,15,15,34,60,53,82,106,138,146,134,152,144,100,106,88,68,83,65,42,29,0,0
2025,2025-06-01,Southbound,Light Vehicles,15,20,15,19,24,61,118,199,376,582,766,795,865,787,738,713,637,425,271,187,112,96,43,35,0,0
2025,2025-06-01,Northbound,Light Vehicles,35,19,17,25,23,38,77,181,295,431,579,683,761,766,773,751,643,534,407,244,167,116,61,45,0,0
2025,2025-06-01,Southbound,Heavy Vehicles,27,17,13,22,13,21,41,59,77,93,113,117,127,127,146,134,117,112,97,92,74,51,41,36,0,0
2025,2025-06-01,Northbound,All Vehicles,54,34,22,35,38,53,111,241,348,513,685,821,907,900,925,895,743,640,495,312,250,181,103,74,0,0
2025,2025-06-01,Southbound,All Vehicles,42,37,28,41,37,82,159,258,453,675,879,912,992,914,884,847,754,537,368,279,186,147,84,71,0,0
2025,2025-06-02,Southbound,Heavy Vehicles,34,43,40,29,58,61,93,124,127,142,146,145,144,132,150,143,150,127,117,106,100,88,59,67,0,0
2025,2025-06-02,Southbound,Light Vehicles,13,18,20,41,72,130,204,269,308,429,440,487,484,431,437,436,361,315,179,100,59,44,26,22,0,0
2025,2025-06-02,Northbound,Heavy Vehicles,31,24,20,21,36,69,158,168,203,163,203,183,184,233,204,184,144,109,116,126,117,107,104,86,0,0
2025,2025-06-02,Northbound,Light Vehicles,32,21,17,24,26,107,270,460,561,536,611,630,625,656,594,532,424,302,243,182,127,64,36,40,0,0
2025,2025-06-02,Southbound,All Vehicles,47,61,60,70,130,191,297,393,435,571,586,632,628,563,587,579,511,442,296,206,159,132,85,89,0,0
2025,2025-06-02,Northbound,All Vehicles,63,45,37,45,62,176,428,628,764,699,814,813,809,889,798,716,568,411,359,308,244,171,140,126,0,0
2025,2025-06-03,Southbound,Heavy Vehicles,74,104,93,68,75,92,129,131,149,178,185,170,168,172,154,172,182,136,136,102,99,86,68,55,0,0
2025,2025-06-03,Southbound,Light Vehicles,11,11,15,19,44,109,192,283,367,445,492,530,466,493,495,470,472,358,220,132,84,81,32,22,0,0
2025,2025-06-03,Northbound,Light Vehicles,11,12,9,26,20,73,236,410,445,526,513,495,477,497,506,510,423,284,235,154,79,73,45,27,0,0
2025,2025-06-03,Northbound,Heavy Vehicles,56,60,46,33,34,76,158,161,193,193,180,175,198,188,228,221,167,141,113,141,73,127,118,94,0,0
2025,2025-06-03,Southbound,All Vehicles,85,115,108,87,119,201,321,414,516,623,677,700,634,665,649,642,654,494,356,234,183,167,100,77,0,0
2025,2025-06-03,Northbound,All Vehicles,67,72,55,59,54,149,394,571,638,719,693,670,675,685,734,731,590,425,348,295,152,200,163,121,0,0
2025,2025-06-04,Southbound,Heavy Vehicles,85,106,84,80,88,91,138,127,173,180,168,178,186,181,153,206,176,145,123,102,102,89,50,48,0,0
2025,2025-06-04,Southbound,Light Vehicles,10,14,15,14,40,113,194,291,404,431,491,593,500,506,478,557,467,362,203,119,81,66,24,18,0,0
2025,2025-06-04,Northbound,Light Vehicles,20,18,16,16,27,103,271,422,543,510,543,549,506,573,590,513,404,354,236,185,98,79,77,33,0,0
2025,2025-06-04,Northbound,Heavy Vehicles,69,61,60,24,50,65,133,173,205,167,182,184,180,203,225,203,163,147,135,130,95,134,113,101,0,0
2025,2025-06-04,Southbound,All Vehicles,95,120,99,94,128,204,332,418,577,611,659,771,686,687,631,763,643,507,326,221,183,155,74,66,0,0
2025,2025-06-04,Northbound,All Vehicles,89,79,76,40,77,168,404,595,748,677,725,733,686,776,815,716,567,501,371,315,193,213,190,134,0,0
2025,2025-06-05,Northbound,Heavy Vehicles,88,59,48,41,45,69,141,167,165,180,196,170,191,223,220,219,214,158,115,195,110,123,122,99,0,0
2025,2025-06-05,Northbound,Light Vehicles,18,25,13,20,28,109,274,452,547,630,651,616,650,696,686,628,564,449,333,359,291,196,137,76,0,0
2025,2025-06-05,Southbound,Heavy Vehicles,81,100,100,92,72,80,115,148,174,179,187,188,210,175,169,199,186,136,125,123,99,86,64,64,0,0
2025,2025-06-05,Southbound,Light Vehicles,14,21,20,30,43,97,196,339,467,507,595,565,654,644,563,581,589,513,263,182,110,68,38,34,0,0
2025,2025-06-05,Northbound,All Vehicles,106,84,61,61,73,178,415,619,712,810,847,786,841,919,906,847,778,607,448,554,401,319,259,175,0,0
2025,2025-06-05,Southbound,All Vehicles,95,121,120,122,115,177,311,487,641,686,782,753,864,819,732,780,775,649,388,305,209,154,102,98,0,0
2025,2025-06-06,Southbound,Heavy Vehicles,76,114,76,95,68,83,125,156,163,187,216,198,194,185,163,165,144,116,105,80,64,47,41,40,0,0
2025,2025-06-06,Southbound,Light Vehicles,16,21,25,29,50,130,228,327,475,683,824,792,758,709,798,757,763,597,390,249,137,88,53,36,0,0
2025,2025-06-06,Southbound,All Vehicles,92,135,101,124,118,213,353,483,638,870,1040,990,952,894,961,922,907,713,495,329,201,135,94,76,0,0
2025,2025-06-07,Southbound,Light Vehicles,39,18,23,30,48,102,213,365,515,648,718,695,605,557,509,477,401,286,177,113,116,76,,23,0,0
2025,2025-06-07,Northbound,Light Vehicles,64,49,35,25,42,84,147,280,461,537,670,674,622,592,567,506,472,346,250,159,121,88,42,32,0,0
2025,2025-06-07,Northbound,Heavy Vehicles,54,44,25,23,24,28,60,74,84,88,102,88,99,87,74,82,78,58,50,41,25,28,28,13,0,0
2025,2025-06-07,Southbound,Heavy Vehicles,58,64,52,54,50,50,72,77,89,107,119,97,85,90,90,58,79,63,55,41,36,40,,22,0,0
2025,2025-06-07,Southbound,All Vehicles,97,82,75,84,98,152,285,442,604,755,837,792,690,647,599,535,480,349,232,154,152,116,,45,0,0
2025,2025-06-07,Northbound,All Vehicles,118,93,60,48,66,112,207,354,545,625,772,762,721,679,641,588,550,404,300,200,146,116,70,45,0,0
2025,2025-06-08,Southbound,Light Vehicles,16,20,12,18,20,64,109,223,371,508,690,764,772,675,711,687,529,377,265,185,136,110,59,32,0,0
2025,2025-06-08,Northbound,Light Vehicles,43,22,20,14,24,55,105,181,337,577,579,672,697,632,609,607,480,458,276,167,135,87,68,49,0,0
2025,2025-06-08,Northbound,Heavy Vehicles,8,14,11,7,6,10,30,37,71,86,113,124,95,107,115,110,121,100,80,55,43,55,37,22,0,0
2025,2025-06-08,Southbound,Heavy Vehicles,12,17,7,17,10,11,22,42,49,75,83,85,116,96,90,98,93,82,84,70,65,38,28,26,0,0
2025,2025-06-08,Southbound,All Vehicles,28,37,19,35,30,75,131,265,420,583,773,849,888,771,801,785,622,459,349,255,201,148,87,58,0,0
2025,2025-06-08,Northbound,All Vehicles,51,36,31,21,30,65,135,218,408,663,692,796,792,739,724,717,601,558,356,222,178,142,105,71,0,0
2025,2025-06-09,Northbound,Light Vehicles,18,20,18,17,18,44,90,172,274,413,609,712,811,838,839,758,659,483,402,238,147,102,73,50,0,0
2025,2025-06-09,Northbound,Heavy Vehicles,15,13,10,16,14,22,28,50,72,84,106,107,136,108,143,137,98,100,81,69,59,66,41,31,0,0
2025,2025-06-09,Northbound,All Vehicles,33,33,28,33,32,66,118,222,346,497,715,819,947,946,982,895,757,583,483,307,206,168,114,81,0,0
2025,2025-06-10,Southbound,Light Vehicles,29,15,32,40,80,127,233,289,400,512,571,568,541,518,485,505,439,358,218,140,87,51,19,28,0,0
2025,2025-06-10,Northbound,Light Vehicles,24,20,17,17,27,101,262,433,504,502,572,569,599,657,630,590,467,373,190,134,105,89,48,38,0,0
2025,2025-06-10,Northbound,Heavy Vehicles,21,25,26,30,33,63,143,186,157,177,190,186,181,180,228,237,180,154,104,101,92,123,110,87,0,0
2025,2025-06-10,Southbound,Heavy Vehicles,78,79,59,85,86,90,119,135,135,140,158,162,147,127,119,127,128,137,113,125,96,62,39,42,0,0
2025,2025-06-10,Southbound,All Vehicles,107,94,91,125,166,217,352,424,535,652,729,730,688,645,604,632,567,495,331,265,183,113,58,70,0,0
2025,2025-06-10,Northbound,All Vehicles,45,45,43,47,60,164,405,619,661,679,762,755,780,837,858,827,647,527,294,235,197,212,158,125,0,0
2025,2025-06-11,Northbound,Heavy Vehicles,74,73,44,34,49,79,138,172,204,166,163,181,190,211,255,177,207,109,206,121,112,120,103,103,0,0
2025,2025-06-11,Southbound,Light Vehicles,16,19,13,26,69,99,226,315,384,461,539,551,580,504,532,547,474,408,201,137,103,60,28,16,0,0
2025,2025-06-11,Southbound,Heavy Vehicles,61,88,87,77,68,86,130,152,171,159,183,185,166,181,171,195,185,129,109,138,110,71,57,63,0,0
2025,2025-06-11,Northbound,Light Vehicles,29,19,10,17,29,100,224,383,492,465,457,460,487,539,685,484,562,330,262,136,107,82,59,39,0,0
2025,2025-06-11,Northbound,All Vehicles,103,92,54,51,78,179,362,555,696,631,620,641,677,750,940,661,769,439,468,257,219,202,162,142,0,0
2025,2025-06-11,Southbound,All Vehicles,77,107,100,103,137,185,356,467,555,620,722,736,746,685,703,742,659,537,310,275,213,131,85,79,0,0
2025,2025-06-12,Southbound,Light Vehicles,25,19,10,23,45,112,205,330,430,484,555,625,601,585,579,543,521,437,237,165,104,64,32,37,0,0
2025,2025-06-12,Southbound,Heavy Vehicles,81,95,85,85,70,86,131,132,176,141,186,203,164,199,178,201,192,151,122,114,105,71,44,48,0,0
2025,2025-06-12,Northbound,Heavy Vehicles,76,53,66,40,43,84,127,173,202,175,179,191,198,215,224,199,202,154,142,108,110,137,92,103,0,0
2025,2025-06-12,Northbound,Light Vehicles,19,15,15,19,19,100,240,370,500,508,548,520,540,620,609,523,532,424,298,212,166,89,69,50,0,0
2025,2025-06-12,Southbound,All Vehicles,106,114,95,108,115,198,336,462,606,625,741,828,765,784,757,744,713,588,359,279,209,135,76,85,0,0
2025,2025-06-12,Northbound,All Vehicles,95,68,81,59,62,184,367,543,702,683,727,711,738,835,833,722,734,578,440,320,276,226,161,153,0,0
2025,2025-06-13,Southbound,Heavy Vehicles,77,100,79,77,65,80,114,153,163,198,218,191,185,195,183,159,182,123,104,72,69,42,30,42,0,0
2025,2025-06-13,Northbound,Light Vehicles,33,20,21,26,29,72,228,405,512,579,546,627,653,756,736,670,594,524,377,264,205,128,80,60,0,0
2025,2025-06-13,Southbound,Light Vehicles,23,11,19,30,53,102,199,316,449,583,728,736,701,737,738,686,692,526,350,177,119,100,52,35,0,0
2025,2025-06-13,Northbound,Heavy Vehicles,65,67,52,42,43,71,110,150,147,160,145,179,182,191,223,184,166,138,126,77,84,82,76,71,0,0
2025,2025-06-13,Southbound,All Vehicles,100,111,98,107,118,182,313,469,612,781,946,927,886,932,921,845,874,649,454,249,188,142,82,77,0,0
2025,2025-06-13,Northbound,All Vehicles,98,87,73,68,72,143,338,555,659,739,691,806,835,947,959,854,760,662,503,341,289,210,156,131,0,0
2025,2025-06-14,Northbound,Light Vehicles,40,17,12,9,21,48,120,246,450,547,648,642,592,611,574,544,480,322,238,175,120,163,104,43,0,0
2025,2025-06-14,Southbound,Heavy Vehicles,49,59,67,44,65,38,71,69,116,132,126,112,112,122,106,103,74,65,52,51,48,45,34,21,0,0
2025,2025-06-14,Southbound,Light Vehicles,26,24,25,22,48,78,204,319,483,677,663,721,654,673,589,469,386,275,187,108,82,69,36,28,0,0
2025,2025-06-14,Northbound,Heavy Vehicles,53,35,26,22,16,24,51,73,99,131,121,120,116,105,98,87,77,71,56,46,42,39,32,24,0,0
2025,2025-06-14,Northbound,All Vehicles,93,52,38,31,37,72,171,319,549,678,769,762,708,716,672,631,557,393,294,221,162,202,136,67,0,0
2025,2025-06-14,Southbound,All Vehicles,75,83,92,66,113,116,275,388,599,809,789,833,766,795,695,572,460,340,239,159,130,114,70,49,0,0
2025,2025-06-15,Southbound,Heavy Vehicles,23,15,13,16,10,15,28,47,56,98,110,125,121,136,119,124,111,109,102,82,82,52,52,37,0,0
2025,2025-06-15,Northbound,Light Vehicles,27,22,13,19,18,34,93,154,278,423,582,657,778,728,780,732,666,522,342,209,181,126,59,40,0,0
2025,2025-06-15,Southbound,Light Vehicles,15,11,12,18,24,64,108,226,374,545,751,751,845,769,691,667,545,365,225,169,100,54,31,27,0,0
2025,2025-06-15,Northbound,Heavy Vehicles,15,15,12,6,12,17,26,52,75,109,89,121,135,124,161,167,150,117,103,60,71,55,43,30,0,0
2025,2025-06-15,Southbound,All Vehicles,38,26,25,34,34,79,136,273,430,643,861,876,966,905,810,791,656,474,327,251,182,106,83,64,0,0
2025,2025-06-15,Northbound,All Vehicles,42,37,25,25,30,51,119,206,353,532,671,778,913,852,941,899,816,639,445,269,252,181,102,70,0,0
2025,2025-06-16,Southbound,Light Vehicles,16,17,25,33,80,127,180,261,334,428,481,483,432,410,481,429,372,329,175,92,75,58,30,16,0,0
2025,2025-06-16,Northbound,Heavy Vehicles,28,26,28,23,36,73,134,164,190,178,201,194,193,216,199,208,178,171,108,86,86,96,122,86,0,0
2025,2025-06-16,Northbound,Light Vehicles,27,25,23,21,35,109,287,423,511,532,601,592,654,611,629,566,464,343,200,116,96,69,49,32,0,0
2025,2025-06-16,Southbound,Heavy Vehicles,39,33,26,25,56,70,90,121,128,142,143,144,153,132,128,151,154,114,131,100,101,79,79,52,0,0
2025,2025-06-16,Southbound,All Vehicles,55,50,51,58,136,197,270,382,462,570,624,627,585,542,609,580,526,443,306,192,176,137,109,68,0,0
2025,2025-06-16,Northbound,All Vehicles,55,51,51,44,71,182,421,587,701,710,802,786,847,827,828,774,642,514,308,202,182,165,171,118,0,0
2025,2025-06-17,Northbound,Light Vehicles,29,19,15,16,20,85,201,371,494,429,487,473,503,511,555,486,410,338,211,139,88,64,49,39,0,0
2025,2025-06-17,Southbound,Light Vehicles,13,9,12,21,48,107,224,257,390,434,483,502,503,511,483,456,461,352,221,139,96,44,37,29,0,0
2025,2025-06-17,Northbound,Heavy Vehicles,59,65,52,31,33,75,144,168,193,144,201,177,194,218,243,231,173,114,138,135,110,120,121,100,0,0
2025,2025-06-17,Southbound,Heavy Vehicles,68,90,94,86,63,101,134,138,164,176,175,194,195,149,183,189,171,140,118,104,103,78,42,57,0,0
2025,2025-06-17,Northbound,All Vehicles,88,84,67,47,53,160,345,539,687,573,688,650,697,729,798,717,583,452,349,274,198,184,170,139,0,0
2025,2025-06-17,Southbound,All Vehicles,81,99,106,107,111,208,358,395,554,610,658,696,698,660,666,645,632,492,339,243,199,122,79,86,0,0
2025,2025-06-18,Southbound,Light Vehicles,16,20,22,11,40,98,208,299,409,461,490,565,495,493,527,499,499,367,187,133,80,61,34,26,0,0
2025,2025-06-18,Southbound,Heavy Vehicles,80,92,92,71,89,90,122,166,136,192,180,201,191,182,149,177,178,137,143,121,94,88,65,62,0,0
2025,2025-06-18,Northbound,Heavy Vehicles,74,66,65,28,57,71,159,145,175,159,197,151,202,236,234,216,204,173,119,102,85,111,124,81,0,0
2025,2025-06-18,Northbound,Light Vehicles,23,15,11,16,32,79,228,352,483,431,557,491,501,542,547,555,491,332,215,145,86,76,49,35,0,0
2025,2025-06-18,Southbound,All Vehicles,96,112,114,82,129,188,330,465,545,653,670,766,686,675,676,676,677,504,330,254,174,149,99,88,0,0
2025,2025-06-18,Northbound,All Vehicles,97,81,76,44,89,150,387,497,658,590,754,642,703,778,781,771,695,505,334,247,171,187,173,116,0,0
2025,2025-06-19,Northbound,Heavy Vehicles,68,72,52,24,44,78,130,175,194,174,203,180,198,202,222,231,197,158,137,114,86,126,118,110,0,0
2025,2025-06-19,Northbound,Light Vehicles,19,14,12,23,28,89,203,366,478,485,546,572,599,616,657,607,499,425,297,213,153,101,73,50,0,0
2025,2025-06-19,Southbound,Heavy Vehicles,93,103,95,88,74,83,128,158,149,220,216,212,218,198,184,172,189,152,149,99,95,66,58,46,0,0
2025,2025-06-19,Southbound,Light Vehicles,16,21,6,21,45,86,200,323,424,494,607,625,635,566,557,580,563,416,258,155,116,69,50,23,0,0
2025,2025-06-19,Northbound,All Vehicles,87,86,64,47,72,167,333,541,672,659,749,752,797,818,879,838,696,583,434,327,239,227,191,160,0,0
2025,2025-06-19,Southbound,All Vehicles,109,124,101,109,119,169,328,481,573,714,823,837,853,764,741,752,752,568,407,254,211,135,108,69,0,0
2025,2025-06-20,Northbound,Heavy Vehicles,69,68,65,31,39,72,117,145,150,143,175,174,204,178,197,225,169,166,115,90,24,97,136,65,0,0
2025,2025-06-20,Northbound,Light Vehicles,21,22,16,23,26,90,220,360,513,590,591,624,685,695,774,694,668,606,429,278,104,215,195,68,0,0
2025,2025-06-20,Southbound,Light Vehicles,25,21,24,32,46,109,212,296,475,688,730,854,742,747,721,727,657,589,343,219,129,96,60,35,0,0
2025,2025-06-20,Southbound,Heavy Vehicles,76,118,87,91,55,81,104,157,173,192,200,192,184,184,181,180,145,129,92,81,67,50,52,38,0,0
2025,2025-06-20,Northbound,All Vehicles,90,90,81,54,65,162,337,505,663,733,766,798,889,873,971,919,837,772,544,368,128,312,331,133,0,0
2025,2025-06-20,Southbound,All Vehicles,101,139,111,123,101,190,316,453,648,880,930,1046,926,931,902,907,802,718,435,300,196,146,112,73,0,0
2025,2025-06-21,Southbound,Light Vehicles,26,17,24,26,40,90,197,314,541,639,704,709,667,671,565,477,414,258,194,135,100,80,44,30,0,0
2025,2025-06-21,Northbound,Light Vehicles,40,35,21,15,25,72,115,266,396,559,566,699,608,606,593,561,546,393,266,179,138,91,66,42,0,0
2025,2025-06-21,Southbound,Heavy Vehicles,57,62,70,44,46,37,56,87,95,113,108,95,135,107,93,76,59,41,55,61,58,39,27,32,0,0
2025,2025-06-21,Northbound,Heavy Vehicles,45,50,31,19,21,27,48,63,101,94,104,114,110,87,80,99,92,79,63,47,37,37,22,13,0,0
2025,2025-06-21,Southbound,All Vehicles,83,79,94,70,86,127,253,401,636,752,812,804,802,778,658,553,473,299,249,196,158,119,71,62,0,0
2025,2025-06-21,Northbound,All Vehicles,85,85,52,34,46,99,163,329,497,653,670,813,718,693,673,660,638,472,329,226,175,128,88,55,0,0
2025,2025-06-22,Northbound,Light Vehicles,23,18,17,13,17,46,92,183,307,412,546,662,750,767,779,763,667,491,351,250,177,125,84,43,0,0
2025,2025-06-22,Northbound,Heavy Vehicles,9,11,17,10,8,10,24,51,66,71,115,109,130,138,144,137,120,93,70,69,63,51,32,40,0,0
2025,2025-06-22,Southbound,Light Vehicles,15,13,13,19,25,58,120,254,414,633,769,905,884,834,756,708,573,400,254,153,117,65,37,22,0,0
2025,2025-06-22,Southbound,Heavy Vehicles,25,12,19,12,14,25,19,51,76,93,140,142,142,135,127,130,109,121,107,83,101,40,49,37,0,0
2025,2025-06-22,Northbound,All Vehicles,32,29,34,23,25,56,116,234,373,483,661,771,880,905,923,900,787,584,421,319,240,176,116,83,0,0
2025,2025-06-22,Southbound,All Vehicles,40,25,32,31,39,83,139,305,490,726,909,1047,1026,969,883,838,682,521,361,236,218,105,86,59,0,0
2025,2025-06-23,Southbound,Light Vehicles,23,21,27,39,86,122,198,263,349,431,464,449,519,470,457,441,415,304,182,106,73,45,23,16,0,0
2025,2025-06-23,Northbound,Light Vehicles,20,19,15,23,31,110,267,442,523,557,637,653,632,716,640,618,485,365,196,127,70,66,52,31,0,0
2025,2025-06-23,Southbound,Heavy Vehicles,47,38,39,34,42,73,113,113,129,128,139,138,132,144,127,144,147,132,129,126,101,79,59,69,0,0
2025,2025-06-23,Northbound,Heavy Vehicles,22,29,22,22,46,72,135,168,186,163,168,207,193,179,230,191,161,155,96,105,88,134,93,67,0,0
2025,2025-06-23,Southbound,All Vehicles,70,59,66,73,128,195,311,376,478,559,603,587,651,614,584,585,562,436,311,232,174,124,82,85,0,0
2025,2025-06-23,Northbound,All Vehicles,42,48,37,45,77,182,402,610,709,720,805,860,825,895,870,809,646,520,292,232,158,200,145,98,0,0
2025,2025-06-24,Northbound,Light Vehicles,20,19,10,21,24,99,226,406,496,471,492,474,512,562,521,546,441,307,202,125,95,68,48,40,0,0
2025,2025-06-24,Southbound,Light Vehicles,18,11,10,23,47,118,210,293,434,458,518,530,543,502,535,541,469,365,221,120,89,65,32,25,0,0
2025,2025-06-24,Southbound,Heavy Vehicles,80,85,109,74,78,84,135,132,156,155,172,181,190,146,152,194,161,138,126,110,98,75,73,61,0,0
2025,2025-06-24,Northbound,Heavy Vehicles,63,56,52,42,35,77,135,155,189,163,188,189,174,224,224,225,179,133,129,100,91,95,115,86,0,0
2025,2025-06-24,Northbound,All Vehicles,83,75,62,63,59,176,361,561,685,634,680,663,686,786,745,771,620,440,331,225,186,163,163,126,0,0
2025,2025-06-24,Southbound,All Vehicles,98,96,119,97,125,202,345,425,590,613,690,711,733,648,687,735,630,503,347,230,187,140,105,86,0,0
2025,2025-06-25,Northbound,Heavy Vehicles,90,63,64,32,47,80,151,176,155,160,165,158,164,230,210,190,192,158,135,102,98,100,120,94,0,0
2025,2025-06-25,Southbound,Light Vehicles,14,19,19,19,58,123,205,299,404,481,549,550,541,581,495,521,499,381,210,129,92,65,46,22,0,0
2025,2025-06-25,Northbound,Light Vehicles,23,18,15,24,31,93,225,379,489,482,490,531,501,552,552,555,472,379,203,122,115,106,54,37,0,0
2025,2025-06-25,Southbound,Heavy Vehicles,73,106,80,86,79,90,145,151,179,173,190,206,165,163,142,169,149,150,133,139,95,104,64,56,0,0
2025,2025-06-25,Northbound,All Vehicles,113,81,79,56,78,173,376,555,644,642,655,689,665,782,762,745,664,537,338,224,213,206,174,131,0,0
2025,2025-06-25,Southbound,All Vehicles,87,125,99,105,137,213,350,450,583,654,739,756,706,744,637,690,648,531,343,268,187,169,110,78,0,0
2025,2025-06-26,Southbound,Heavy Vehicles,86,104,100,72,81,92,117,137,156,180,226,191,168,200,160,202,152,141,115,122,108,69,47,49,0,0
2025,2025-06-26,Southbound,Light Vehicles,19,20,9,26,45,127,224,312,409,531,633,611,600,562,539,625,565,427,239,153,113,59,41,27,0,0
2025,2025-06-26,Northbound,Light Vehicles,21,16,23,24,29,112,232,392,512,530,541,543,586,588,618,587,510,393,327,209,162,114,81,41,0,0
2025,2025-06-26,Northbound,Heavy Vehicles,84,62,55,29,42,66,141,157,192,156,171,197,190,223,220,204,169,135,180,120,103,112,118,103,0,0
2025,2025-06-26,Southbound,All Vehicles,105,124,109,98,126,219,341,449,565,711,859,802,768,762,699,827,717,568,354,275,221,128,88,76,0,0
2025,2025-06-26,Northbound,All Vehicles,105,78,78,53,71,178,373,549,704,686,712,740,776,811,838,791,679,528,507,329,265,226,199,144,0,0
2025,2025-06-27,Southbound,Light Vehicles,22,28,18,44,50,130,219,359,503,707,672,689,840,906,764,726,690,571,335,207,139,93,73,51,0,0
2025,2025-06-27,Southbound,Heavy Vehicles,87,112,87,97,74,73,143,143,144,183,227,175,212,207,170,198,157,120,88,75,66,48,45,49,0,0
2025,2025-06-27,Northbound,Light Vehicles,28,26,22,16,33,87,224,398,514,596,676,643,704,692,759,728,648,612,471,307,214,156,99,82,0,0
2025,2025-06-27,Northbound,Heavy Vehicles,78,62,59,37,38,60,134,153,144,169,150,151,174,183,207,199,166,152,106,86,86,89,84,76,0,0
2025,2025-06-27,Southbound,All Vehicles,109,140,105,141,124,203,362,502,647,890,899,864,1052,1113,934,924,847,691,423,282,205,141,118,100,0,0
2025,2025-06-27,Northbound,All Vehicles,106,88,81,53,71,147,358,551,658,765,826,794,878,875,966,927,814,764,577,393,300,245,183,158,0,0
2025,2025-06-28,Southbound,Heavy Vehicles,48,69,60,59,35,47,56,83,91,114,135,120,117,102,107,98,80,59,43,48,61,48,30,28,0,0
2025,2025-06-28,Northbound,Heavy Vehicles,59,42,32,16,18,31,53,53,99,125,105,117,119,106,107,105,85,75,62,41,37,31,29,19,0,0
2025,2025-06-28,Southbound,Light Vehicles,30,34,25,30,34,83,226,349,678,833,851,813,701,661,608,508,396,302,184,142,126,62,48,30,0,0
2025,2025-06-28,Northbound,Light Vehicles,64,15,18,18,19,75,129,257,472,685,798,828,818,659,649,546,509,389,315,170,124,96,57,38,0,0
2025,2025-06-28,Southbound,All Vehicles,78,103,85,89,69,130,282,432,769,947,986,933,818,763,715,606,476,361,227,190,187,110,78,58,0,0
2025,2025-06-28,Northbound,All Vehicles,123,57,50,34,37,106,182,310,571,810,903,945,937,765,756,651,594,464,377,211,161,127,86,57,0,0
2025,2025-06-29,Northbound,Heavy Vehicles,12,11,10,8,10,17,23,50,62,89,88,145,122,143,151,116,117,125,89,85,60,47,44,28,0,0
2025,2025-06-29,Southbound,Heavy Vehicles,22,17,14,14,19,17,16,54,68,87,125,138,127,108,131,113,103,121,110,101,85,55,41,42,0,0
2025,2025-06-29,Northbound,Light Vehicles,22,16,21,17,22,39,95,176,325,476,640,719,778,825,797,706,633,464,354,238,179,105,72,38,0,0
2025,2025-06-29,Southbound,Light Vehicles,20,16,20,19,26,60,123,178,383,607,842,933,951,778,862,688,569,370,251,205,107,74,51,44,0,0
2025,2025-06-29,Northbound,All Vehicles,34,27,31,25,32,56,118,226,387,565,728,864,900,968,948,822,750,589,443,323,239,152,116,66,0,0
2025,2025-06-29,Southbound,All Vehicles,42,33,34,33,45,77,139,232,451,694,967,1071,1078,886,993,801,672,491,361,306,192,129,92,86,0,0
2025,2025-06-30,Southbound,Light Vehicles,22,19,25,30,94,141,226,355,483,630,706,723,641,578,566,559,439,385,231,108,73,58,35,35,0,0
2025,2025-06-30,Northbound,Light Vehicles,18,20,20,20,32,94,269,474,531,544,596,610,648,638,635,632,490,343,222,135,91,99,68,42,0,0
2025,2025-06-30,Southbound,Heavy Vehicles,31,28,47,29,53,71,108,142,147,189,198,204,183,197,167,135,155,146,109,145,101,87,76,52,0,0
2025,2025-06-30,Northbound,Heavy Vehicles,27,19,21,26,35,73,120,154,171,166,166,190,217,189,217,223,164,144,105,75,80,109,105,73,0,0
2025,2025-06-30,Southbound,All Vehicles,53,47,72,59,147,212,334,497,630,819,904,927,824,775,733,694,594,531,340,253,174,145,111,87,0,0
2025,2025-06-30,Northbound,All Vehicles,45,39,41,46,67,167,389,628,702,710,762,800,865,827,852,855,654,487,327,210,171,208,173,115,0,0
2025,2025-07-01,Northbound,Heavy Vehicles,51,57,40,28,40,66,112,131,141,133,161,132,143,179,145,156,138,106,100,90,88,103,114,85,0,0
2025,2025-07-01,Southbound,Light Vehicles,14,18,14,18,46,93,133,199,305,351,356,401,360,341,330,337,342,248,147,103,54,51,27,21,0,0
2025,2025-07-01,Northbound,Light Vehicles,28,20,15,22,21,74,129,273,308,352,342,355,365,374,346,336,290,208,139,97,61,53,28,40,0,0
2025,2025-07-01,Southbound,Heavy Vehicles,73,90,85,78,53,83,94,129,133,145,139,139,150,120,120,122,106,103,114,112,83,86,47,51,0,0
2025,2025-07-01,Northbound,All Vehicles,79,77,55,50,61,140,241,404,449,485,503,487,508,553,491,492,428,314,239,187,149,156,142,125,0,0
2025,2025-07-01,Southbound,All Vehicles,87,108,99,96,99,176,227,328,438,496,495,540,510,461,450,459,448,351,261,215,137,137,74,72,0,0
2025,2025-07-03,Northbound,Heavy Vehicles,84,69,35,41,51,83,114,157,201,172,167,179,168,188,230,225,213,165,137,109,107,129,107,80,0,0
2025,2025-07-03,Northbound,Light Vehicles,28,20,12,13,37,95,257,414,483,558,651,654,612,697,690,700,562,410,294,208,154,125,89,60,0,0
2025,2025-07-03,Southbound,Light Vehicles,17,15,14,25,42,127,202,303,442,499,623,722,622,612,598,649,523,438,266,148,105,71,32,25,0,0
2025,2025-07-03,Southbound,Heavy Vehicles,86,105,109,89,83,77,97,163,133,179,189,181,170,166,172,179,161,119,118,120,86,85,46,56,0,0
2025,2025-07-03,Northbound,All Vehicles,112,89,47,54,88,178,371,571,684,730,818,833,780,885,920,925,775,575,431,317,261,254,196,140,0,0
2025,2025-07-03,Southbound,All Vehicles,103,120,123,114,125,204,299,466,575,678,812,903,792,778,770,828,684,557,384,268,191,156,78,81,0,0
2025,2025-07-04,Northbound,Light Vehicles,36,25,15,23,34,118,247,443,597,706,771,774,833,810,886,856,823,692,480,386,259,213,140,80,0,0
2025,2025-07-04,Southbound,Heavy Vehicles,76,79,98,82,88,102,112,157,172,203,201,224,224,179,199,160,144,112,70,60,63,46,48,39,0,0
2025,2025-07-04,Southbound,Light Vehicles,21,16,30,30,44,127,219,381,586,723,917,1010,910,802,774,742,717,527,332,217,141,109,76,42,0,0
2025,2025-07-04,Northbound,Heavy Vehicles,98,72,47,29,40,70,140,154,169,169,179,168,179,214,218,187,168,153,129,90,71,88,87,67,0,0
2025,2025-07-04,Northbound,All Vehicles,134,97,62,52,74,188,387,597,766,875,950,942,1012,1024,1104,1043,991,845,609,476,330,301,227,147,0,0
2025,2025-07-04,Southbound,All Vehicles,97,95,128,112,132,229,331,538,758,926,1118,1234,1134,981,973,902,861,639,402,277,204,155,124,81,0,0
2025,2025-07-05,Northbound,Heavy Vehicles,59,42,37,24,22,36,50,66,101,104,124,114,125,119,138,109,121,78,76,51,36,30,20,17,0,0
2025,2025-07-05,Southbound,Heavy Vehicles,53,76,77,45,34,48,71,68,101,104,139,119,125,97,121,84,68,72,43,57,47,51,30,32,0,0
2025,2025-07-05,Northbound,Light Vehicles,59,28,32,27,44,102,177,381,549,691,907,902,878,888,844,792,677,496,344,241,142,136,82,55,0,0
2025,2025-07-05,Southbound,Light Vehicles,38,32,25,31,47,94,184,408,534,721,897,871,775,729,662,550,407,305,217,133,113,81,58,33,0,0
2025,2025-07-05,Northbound,All Vehicles,118,70,69,51,66,138,227,447,650,795,1031,1016,1003,1007,982,901,798,574,420,292,178,166,102,72,0,0
2025,2025-07-05,Southbound,All Vehicles,91,108,102,76,81,142,255,476,635,825,1036,990,900,826,783,634,475,377,260,190,160,132,88,65,0,0
2025,2025-07-06,Southbound,Heavy Vehicles,20,11,20,18,11,21,33,50,68,103,126,141,115,129,133,135,104,104,91,99,81,58,47,36,0,0
2025,2025-07-06,Northbound,Light Vehicles,36,22,17,7,18,45,140,194,361,476,605,654,652,708,598,634,664,515,388,266,176,124,90,53,0,0
2025,2025-07-06,Southbound,Light Vehicles,26,23,18,21,27,56,146,299,477,698,932,981,883,855,858,760,575,404,264,204,137,83,47,30,0,0
2025,2025-07-06,Northbound,Heavy Vehicles,17,8,12,7,9,15,23,42,52,97,93,94,115,104,85,91,117,103,92,72,68,47,44,37,0,0
2025,2025-07-06,Southbound,All Vehicles,46,34,38,39,38,77,179,349,545,801,1058,1122,998,984,991,895,679,508,355,303,218,141,94,66,0,0
2025,2025-07-06,Northbound,All Vehicles,53,30,29,14,27,60,163,236,413,573,698,748,767,812,683,725,781,618,480,338,244,171,134,90,0,0
2025,2025-07-07,Northbound,Heavy Vehicles,24,19,30,21,31,61,109,130,138,154,169,160,154,153,159,170,137,103,111,94,71,87,84,87,0,0
2025,2025-07-07,Southbound,Light Vehicles,19,18,22,38,94,139,235,300,430,534,731,779,756,678,733,673,613,427,237,124,101,74,34,32,0,0
2025,2025-07-07,Northbound,Light Vehicles,31,17,21,24,40,125,259,356,471,566,634,659,668,646,623,533,435,366,264,176,108,74,48,32,0,0
2025,2025-07-07,Southbound,Heavy Vehicles,43,31,40,28,56,81,103,117,128,130,190,161,198,130,170,160,164,160,140,145,122,80,52,66,0,0
2025,2025-07-07,Northbound,All Vehicles,55,36,51,45,71,186,368,486,609,720,803,819,822,799,782,703,572,469,375,270,179,161,132,119,0,0
2025,2025-07-07,Southbound,All Vehicles,62,49,62,66,150,220,338,417,558,664,921,940,954,808,903,833,777,587,377,269,223,154,86,98,0,0
2025,2025-07-08,Southbound,Heavy Vehicles,87,93,85,82,66,104,120,136,146,171,186,178,181,140,166,183,192,144,126,124,98,77,56,60,0,0
2025,2025-07-08,Southbound,Light Vehicles,18,16,25,19,54,116,208,282,420,534,596,605,612,650,626,623,575,413,232,156,95,64,40,23,0,0
2025,2025-07-08,Northbound,Light Vehicles,29,21,17,23,37,102,202,331,356,448,479,531,502,525,535,434,385,331,212,127,101,76,48,35,0,0
2025,2025-07-08,Northbound,Heavy Vehicles,52,62,54,31,37,67,122,146,147,156,141,149,137,162,189,179,145,113,131,105,83,103,110,90,0,0
2025,2025-07-08,Southbound,All Vehicles,105,109,110,101,120,220,328,418,566,705,782,783,793,790,792,806,767,557,358,280,193,141,96,83,0,0
2025,2025-07-08,Northbound,All Vehicles,81,83,71,54,74,169,324,477,503,604,620,680,639,687,724,613,530,444,343,232,184,179,158,125,0,0
2025,2025-07-09,Northbound,Light Vehicles,17,23,17,23,26,84,199,277,341,385,424,578,496,564,510,464,415,325,247,151,96,74,48,28,0,0
2025,2025-07-09,Southbound,Light Vehicles,14,16,13,27,42,95,175,286,361,477,532,540,509,452,549,479,435,311,192,120,67,54,50,34,0,0
2025,2025-07-09,Southbound,Heavy Vehicles,81,116,86,87,68,86,103,136,142,145,154,140,169,135,139,168,132,114,135,89,81,76,63,66,0,0
2025,2025-07-09,Northbound,Heavy Vehicles,76,53,61,25,40,73,134,132,147,116,164,174,161,161,188,182,161,109,115,83,90,112,99,81,0,0
2025,2025-07-09,Northbound,All Vehicles,93,76,78,48,66,157,333,409,488,501,588,752,657,725,698,646,576,434,362,234,186,186,147,109,0,0
2025,2025-07-09,Southbound,All Vehicles,95,132,99,114,110,181,278,422,503,622,686,680,678,587,688,647,567,425,327,209,148,130,113,100,0,0
2025,2025-07-10,Northbound,Light Vehicles,33,20,30,23,27,100,201,340,430,475,554,585,606,577,583,573,496,356,287,208,169,139,67,48,0,0
2025,2025-07-10,Southbound,Heavy Vehicles,83,108,94,73,60,101,125,136,179,180,192,204,195,184,179,169,153,172,108,123,116,91,72,59,0,0
2025,2025-07-10,Southbound,Light Vehicles,15,23,23,26,33,134,208,316,494,618,731,694,806,793,787,657,657,536,278,193,135,74,63,39,0,0
2025,2025-07-10,Northbound,Heavy Vehicles,82,57,40,41,36,88,130,153,159,140,155,158,150,140,195,204,150,136,115,115,89,107,113,81,0,0
2025,2025-07-10,Northbound,All Vehicles,115,77,70,64,63,188,331,493,589,615,709,743,756,717,778,777,646,492,402,323,258,246,180,129,0,0
2025,2025-07-10,Southbound,All Vehicles,98,131,117,99,93,235,333,452,673,798,923,898,1001,977,966,826,810,708,386,316,251,165,135,98,0,0
2025,2025-07-11,Southbound,Light Vehicles,31,29,23,37,53,139,233,385,526,858,943,1016,987,910,918,870,745,566,401,209,152,100,69,54,0,0
2025,2025-07-11,Northbound,Light Vehicles,31,27,24,28,35,97,210,334,434,574,620,656,635,655,729,681,595,486,385,302,197,145,101,65,0,0
2025,2025-07-11,Southbound,Heavy Vehicles,78,118,96,83,67,79,110,131,166,182,200,185,207,212,171,183,113,112,86,84,63,51,54,52,0,0
2025,2025-07-11,Northbound,Heavy Vehicles,84,74,53,28,38,92,117,113,135,153,118,115,151,139,152,157,137,113,85,87,78,86,71,67,0,0
2025,2025-07-11,Southbound,All Vehicles,109,147,119,120,120,218,343,516,692,1040,1143,1201,1194,1122,1089,1053,858,678,487,293,215,151,123,106,0,0
2025,2025-07-11,Northbound,All Vehicles,115,101,77,56,73,189,327,447,569,727,738,771,786,794,881,838,732,599,470,389,275,231,172,132,0,0
2025,2025-07-12,Northbound,Light Vehicles,56,31,36,26,41,90,175,344,511,701,877,980,894,831,839,747,677,512,379,243,153,121,96,58,0,0
2025,2025-07-12,Southbound,Heavy Vehicles,41,77,69,60,49,39,70,78,106,127,151,124,132,110,99,107,85,76,51,47,44,43,43,33,0,0
2025,2025-07-12,Northbound,Heavy Vehicles,51,39,32,22,24,20,60,84,106,113,138,125,94,127,120,95,107,80,71,51,32,38,26,19,0,0
2025,2025-07-12,Southbound,Light Vehicles,39,32,38,18,38,101,232,364,597,837,971,1005,848,764,677,617,532,332,206,178,119,87,58,45,0,0
2025,2025-07-12,Northbound,All Vehicles,107,70,68,48,65,110,235,428,617,814,1015,1105,988,958,959,842,784,592,450,294,185,159,122,77,0,0
2025,2025-07-12,Southbound,All Vehicles,80,109,107,78,87,140,302,442,703,964,1122,1129,980,874,776,724,617,408,257,225,163,130,101,78,0,0
2025,2025-07-13,Southbound,Heavy Vehicles,16,17,15,7,10,21,22,58,72,100,121,149,144,132,138,146,118,96,124,96,84,66,54,43,0,0
2025,2025-07-13,Northbound,Light Vehicles,49,21,27,20,31,66,151,234,388,555,769,924,987,982,1002,841,870,586,388,278,210,130,101,65,0,0
2025,2025-07-13,Southbound,Light Vehicles,34,9,14,20,31,75,118,249,478,711,1038,1126,1109,1015,1001,905,656,464,321,202,144,105,51,39,0,0
2025,2025-07-13,Northbound,Heavy Vehicles,13,17,15,13,9,16,31,44,69,116,112,125,144,163,145,154,155,104,83,68,53,57,43,38,0,0
2025,2025-07-13,Southbound,All Vehicles,50,26,29,27,41,96,140,307,550,811,1159,1275,1253,1147,1139,1051,774,560,445,298,228,171,105,82,0,0
2025,2025-07-13,Northbound,All Vehicles,62,38,42,33,40,82,182,278,457,671,881,1049,1131,1145,1147,995,1025,690,471,346,263,187,144,103,0,0
2025,2025-07-14,Northbound,Light Vehicles,23,26,26,21,39,139,278,493,566,672,785,786,824,893,824,731,600,384,266,168,110,94,48,38,0,0
2025,2025-07-14,Southbound,Light Vehicles,26,21,16,44,91,139,204,280,411,526,613,668,638,670,629,614,521,390,223,119,82,59,28,23,0,0
2025,2025-07-14,Southbound,Heavy Vehicles,40,22,27,42,57,71,88,106,117,140,143,138,136,127,134,155,162,129,130,111,102,70,63,58,0,0
2025,2025-07-14,Northbound,Heavy Vehicles,22,18,22,18,30,69,144,141,182,160,196,184,176,198,201,206,175,134,121,85,93,115,81,80,0,0
2025,2025-07-14,Northbound,All Vehicles,45,44,48,39,69,208,422,634,748,832,981,970,1000,1091,1025,937,775,518,387,253,203,209,129,118,0,0
2025,2025-07-14,Southbound,All Vehicles,66,43,43,86,148,210,292,386,528,666,756,806,774,797,763,769,683,519,353,230,184,129,91,81,0,0
2025,2025-07-15,Southbound,Light Vehicles,23,11,11,28,42,112,184,248,361,465,560,610,533,535,489,515,450,374,212,139,96,50,34,20,0,0
2025,2025-07-15,Northbound,Heavy Vehicles,85,69,52,35,46,77,135,164,186,152,178,199,189,201,219,211,182,168,116,111,94,123,102,85,0,0
2025,2025-07-15,Northbound,Light Vehicles,22,22,17,14,33,77,229,376,482,541,593,620,614,674,614,618,500,362,274,154,113,76,61,46,0,0
2025,2025-07-15,Southbound,Heavy Vehicles,73,98,92,83,74,83,120,148,130,149,147,144,174,119,126,148,154,122,106,129,99,66,54,52,0,0
2025,2025-07-15,Southbound,All Vehicles,96,109,103,111,116,195,304,396,491,614,707,754,707,654,615,663,604,496,318,268,195,116,88,72,0,0
2025,2025-07-15,Northbound,All Vehicles,107,91,69,49,79,154,364,540,668,693,771,819,803,875,833,829,682,530,390,265,207,199,163,131,0,0
2025,2025-07-16,Southbound,Heavy Vehicles,81,93,77,77,76,92,116,124,160,142,174,176,144,148,133,155,124,131,126,121,99,74,71,56,0,0
2025,2025-07-16,Southbound,Light Vehicles,21,19,17,19,44,105,179,283,374,522,561,593,535,506,542,519,482,380,213,120,104,55,34,22,0,0
2025,2025-07-16,Northbound,Light Vehicles,25,30,23,23,29,100,230,334,533,588,563,661,647,704,651,617,562,407,310,185,122,119,58,41,0,0
2025,2025-07-16,Northbound,Heavy Vehicles,88,63,45,40,47,76,139,154,155,154,182,210,188,191,210,208,207,150,154,117,106,117,112,90,0,0
2025,2025-07-16,Southbound,All Vehicles,102,112,94,96,120,197,295,407,534,664,735,769,679,654,675,674,606,511,339,241,203,129,105,78,0,0
2025,2025-07-16,Northbound,All Vehicles,113,93,68,63,76,176,369,488,688,742,745,871,835,895,861,825,769,557,464,302,228,236,170,131,0,0
2025,2025-07-17,Northbound,Light Vehicles,26,22,12,32,36,106,206,338,483,561,585,646,682,662,764,718,568,450,333,256,190,142,81,58,0,0
2025,2025-07-17,Northbound,Heavy Vehicles,75,72,58,28,37,78,119,147,169,172,171,204,178,187,229,224,198,194,150,138,119,100,112,79,0,0
2025,2025-07-17,Southbound,Heavy Vehicles,74,123,86,83,65,97,143,134,182,182,179,217,197,195,172,193,167,176,114,117,121,58,72,60,0,0
2025,2025-07-17,Southbound,Light Vehicles,21,18,22,21,45,112,228,333,486,614,829,764,853,794,726,687,633,483,338,171,145,84,54,26,0,0
2025,2025-07-17,Northbound,All Vehicles,101,94,70,60,73,184,325,485,652,733,756,850,860,849,993,942,766,644,483,394,309,242,193,137,0,0
2025,2025-07-17,Southbound,All Vehicles,95,141,108,104,110,209,371,467,668,796,1008,981,1050,989,898,880,800,659,452,288,266,142,126,86,0,0
2025,2025-07-18,Northbound,Heavy Vehicles,98,70,47,39,37,71,132,134,169,161,174,183,188,175,162,185,205,159,131,90,64,91,71,72,0,0
2025,2025-07-18,Northbound,Light Vehicles,38,19,26,21,37,111,217,369,478,589,704,771,794,788,831,868,818,658,479,335,223,174,151,47,0,0
2025,2025-07-18,Southbound,Heavy Vehicles,79,114,81,67,70,85,76,121,117,191,205,189,153,132,133,147,112,108,70,72,56,48,39,36,0,0
2025,2025-07-18,Southbound,Light Vehicles,25,18,25,23,60,113,162,268,434,565,687,803,735,731,711,663,564,478,326,208,122,90,54,49,0,0
2025,2025-07-18,Northbound,All Vehicles,136,89,73,60,74,182,349,503,647,750,878,954,982,963,993,1053,1023,817,610,425,287,265,222,119,0,0
2025,2025-07-18,Southbound,All Vehicles,104,132,106,90,130,198,238,389,551,756,892,992,888,863,844,810,676,586,396,280,178,138,93,85,0,0
2025,2025-07-19,Northbound,Light Vehicles,50,21,28,22,25,71,127,228,415,612,748,702,692,703,728,613,526,389,315,180,140,108,76,50,0,0
2025,2025-07-19,Southbound,Heavy Vehicles,55,58,67,46,46,44,72,66,108,124,149,151,115,119,127,90,83,64,67,54,47,57,34,19,0,0
2025,2025-07-19,Southbound,Light Vehicles,43,31,24,32,42,103,216,346,563,803,944,913,919,832,703,631,515,380,226,177,150,99,51,40,0,0
2025,2025-07-19,Northbound,Heavy Vehicles,62,34,33,24,19,27,41,72,82,114,136,100,108,129,107,103,103,84,58,39,33,27,41,17,0,0
2025,2025-07-19,Northbound,All Vehicles,112,55,61,46,44,98,168,300,497,726,884,802,800,832,835,716,629,473,373,219,173,135,117,67,0,0
2025,2025-07-19,Southbound,All Vehicles,98,89,91,78,88,147,288,412,671,927,1093,1064,1034,951,830,721,598,444,293,231,197,156,85,59,0,0
2025,2025-07-20,Southbound,Heavy Vehicles,18,12,13,18,14,15,30,48,83,130,136,139,167,142,140,158,110,100,138,108,100,82,48,37,0,0
2025,2025-07-20,Southbound,Light Vehicles,24,16,20,24,23,82,139,271,504,734,942,1120,1156,1045,911,823,687,471,297,188,155,102,56,34,0,0
2025,2025-07-20,Northbound,Light Vehicles,30,23,28,21,25,50,87,167,279,524,650,739,749,834,858,799,689,539,328,277,191,129,69,52,0,0
2025,2025-07-20,Northbound,Heavy Vehicles,11,16,12,11,13,16,24,39,52,97,107,122,129,154,140,161,120,118,79,61,64,51,45,32,0,0
2025,2025-07-20,Southbound,All Vehicles,42,28,33,42,37,97,169,319,587,864,1078,1259,1323,1187,1051,981,797,571,435,296,255,184,104,71,0,0
2025,2025-07-20,Northbound,All Vehicles,41,39,40,32,38,66,111,206,331,621,757,861,878,988,998,960,809,657,407,338,255,180,114,84,0,0
2025,2025-07-21,Northbound,Heavy Vehicles,21,13,19,26,21,66,127,157,188,180,165,137,155,194,179,344,179,144,129,84,101,88,75,92,0,0
2025,2025-07-21,Southbound,Heavy Vehicles,37,37,28,31,55,85,115,128,153,146,179,161,195,178,160,166,158,143,123,149,136,86,66,60,0,0
2025,2025-07-21,Northbound,Light Vehicles,33,20,19,22,36,114,245,430,518,543,567,497,635,650,654,945,522,359,215,133,100,69,46,43,0,0
2025,2025-07-21,Southbound,Light Vehicles,28,29,21,36,81,139,266,349,453,581,770,847,730,647,610,626,567,411,217,141,95,50,30,28,0,0
2025,2025-07-21,Northbound,All Vehicles,54,33,38,48,57,180,372,587,706,723,732,634,790,844,833,1289,701,503,344,217,201,157,121,135,0,0
2025,2025-07-21,Southbound,All Vehicles,65,66,49,67,136,224,381,477,606,727,949,1008,925,825,770,792,725,554,340,290,231,136,96,88,0,0
2025,2025-07-22,Southbound,Light Vehicles,18,15,16,29,53,112,213,267,426,469,533,635,543,535,552,525,476,399,191,106,87,75,39,27,0,0
2025,2025-07-22,Northbound,Heavy Vehicles,69,73,44,26,40,69,125,165,178,164,181,181,206,191,197,223,170,131,78,159,147,111,117,91,0,0
2025,2025-07-22,Northbound,Light Vehicles,20,19,9,13,24,88,188,393,457,524,518,495,577,558,554,521,445,317,211,179,106,82,55,34,0,0
2025,2025-07-22,Southbound,Heavy Vehicles,76,106,94,80,70,87,154,124,158,185,169,179,177,151,167,166,182,146,148,143,104,77,70,53,0,0
2025,2025-07-22,Southbound,All Vehicles,94,121,110,109,123,199,367,391,584,654,702,814,720,686,719,691,658,545,339,249,191,152,109,80,0,0
2025,2025-07-22,Northbound,All Vehicles,89,92,53,39,64,157,313,558,635,688,699,676,783,749,751,744,615,448,289,338,253,193,172,125,0,0
2025,2025-07-23,Southbound,Heavy Vehicles,87,102,85,79,84,98,116,154,145,180,185,182,202,171,149,155,171,139,126,96,108,97,54,63,0,0
2025,2025-07-23,Southbound,Light Vehicles,10,13,12,21,42,110,224,288,424,507,518,578,544,502,526,519,505,354,203,129,80,82,35,28,0,0
2025,2025-07-23,Northbound,Heavy Vehicles,68,62,56,33,42,80,120,164,166,150,169,152,163,216,232,212,186,158,136,129,107,115,129,87,0,0
2025,2025-07-23,Northbound,Light Vehicles,16,16,11,19,20,93,209,406,447,483,496,503,522,576,555,568,432,340,248,156,92,77,67,37,0,0
2025,2025-07-23,Southbound,All Vehicles,97,115,97,100,126,208,340,442,569,687,703,760,746,673,675,674,676,493,329,225,188,179,89,91,0,0
2025,2025-07-23,Northbound,All Vehicles,84,78,67,52,62,173,329,570,613,633,665,655,685,792,787,780,618,498,384,285,199,192,196,124,0,0
2025,2025-07-24,Northbound,Heavy Vehicles,71,57,56,30,35,71,125,179,182,156,175,182,170,236,230,218,152,171,155,120,108,125,129,88,0,0
2025,2025-07-24,Northbound,Light Vehicles,28,21,14,10,28,109,215,386,510,544,550,547,601,679,600,607,491,389,303,202,168,116,60,44,0,0
2025,2025-07-24,Southbound,Heavy Vehicles,85,121,88,82,72,100,134,152,126,174,171,202,171,177,170,192,165,168,145,108,106,91,65,55,0,0
2025,2025-07-24,Southbound,Light Vehicles,22,17,21,24,45,125,229,365,438,537,676,649,682,569,626,653,587,458,258,172,100,60,33,35,0,0
2025,2025-07-24,Northbound,All Vehicles,99,78,70,40,63,180,340,565,692,700,725,729,771,915,830,825,643,560,458,322,276,241,189,132,0,0
2025,2025-07-24,Southbound,All Vehicles,107,138,109,106,117,225,363,517,564,711,847,851,853,746,796,845,752,626,403,280,206,151,98,90,0,0
2025,2025-07-25,Northbound,Heavy Vehicles,84,70,38,33,45,65,118,142,181,155,144,198,184,220,204,189,206,148,125,100,90,85,82,71,0,0
2025,2025-07-25,Northbound,Light Vehicles,31,28,20,30,35,97,214,401,523,567,683,729,759,795,812,791,689,652,472,355,208,162,108,55,0,0
2025,2025-07-25,Southbound,Heavy Vehicles,85,111,70,71,68,73,114,129,116,151,175,176,148,142,135,145,139,82,67,71,58,45,50,34,0,0
2025,2025-07-25,Southbound,Light Vehicles,18,13,20,21,44,113,187,305,416,542,616,607,608,583,541,517,553,444,276,160,111,88,57,35,0,0
2025,2025-07-25,Northbound,All Vehicles,115,98,58,63,80,162,332,543,704,722,827,927,943,1015,1016,980,895,800,597,455,298,247,190,126,0,0
2025,2025-07-25,Southbound,All Vehicles,103,124,90,92,112,186,301,434,532,693,791,783,756,725,676,662,692,526,343,231,169,133,107,69,0,0
2025,2025-07-26,Southbound,Light Vehicles,38,21,26,26,48,95,198,329,527,666,804,818,674,658,575,494,361,271,199,143,86,103,61,41,0,0
2025,2025-07-26,Northbound,Light Vehicles,26,26,23,21,17,69,117,226,410,556,718,740,670,640,654,516,475,384,261,142,119,73,66,37,0,0
2025,2025-07-26,Southbound,Heavy Vehicles,49,98,61,44,38,40,44,82,98,113,113,132,133,116,92,87,81,67,54,37,39,43,27,35,0,0
2025,2025-07-26,Northbound,Heavy Vehicles,52,42,32,13,15,32,44,59,97,122,120,114,122,117,104,93,74,69,56,41,33,33,26,13,0,0
2025,2025-07-26,Southbound,All Vehicles,87,119,87,70,86,135,242,411,625,779,917,950,807,774,667,581,442,338,253,180,125,146,88,76,0,0
2025,2025-07-26,Northbound,All Vehicles,78,68,55,34,32,101,161,285,507,678,838,854,792,757,758,609,549,453,317,183,152,106,92,50,0,0
2025,2025-07-27,Southbound,Light Vehicles,20,8,25,18,25,55,116,256,387,611,810,901,880,865,807,714,582,354,263,164,100,58,43,26,0,0
2025,2025-07-27,Northbound,Heavy Vehicles,11,12,10,7,15,10,25,44,69,78,119,163,127,141,152,115,168,101,90,78,59,56,39,25,0,0
2025,2025-07-27,Northbound,Light Vehicles,34,13,14,15,19,40,92,159,298,434,637,768,702,793,747,628,685,547,422,249,186,117,69,33,0,0
2025,2025-07-27,Southbound,Heavy Vehicles,15,12,15,14,11,15,28,47,62,100,117,143,118,123,149,134,116,114,103,101,95,50,44,38,0,0
2025,2025-07-27,Southbound,All Vehicles,35,20,40,32,36,70,144,303,449,711,927,1044,998,988,956,848,698,468,366,265,195,108,87,64,0,0
2025,2025-07-27,Northbound,All Vehicles,45,25,24,22,34,50,117,203,367,512,756,931,829,934,899,743,853,648,512,327,245,173,108,58,0,0
2025,2025-07-28,Southbound,Light Vehicles,24,24,22,44,83,169,217,315,438,548,687,613,632,590,576,554,440,406,204,139,66,64,40,18,0,0
2025,2025-07-28,Northbound,Heavy Vehicles,22,13,23,23,32,67,123,166,185,163,165,178,167,220,230,229,165,152,106,94,91,92,91,78,0,0
2025,2025-07-28,Southbound,Heavy Vehicles,42,35,28,34,59,73,108,124,151,172,182,197,190,152,156,150,168,160,126,131,106,90,52,62,0,0
2025,2025-07-28,Northbound,Light Vehicles,30,12,13,21,33,105,289,481,553,561,609,605,658,714,630,579,443,355,233,129,110,60,64,38,0,0
2025,2025-07-28,Southbound,All Vehicles,66,59,50,78,142,242,325,439,589,720,869,810,822,742,732,704,608,566,330,270,172,154,92,80,0,0
2025,2025-07-28,Northbound,All Vehicles,52,25,36,44,65,172,412,647,738,724,774,783,825,934,860,808,608,507,339,223,201,152,155,116,0,0
2025,2025-07-29,Northbound,Heavy Vehicles,80,64,53,28,44,67,129,164,194,150,170,168,163,219,218,216,188,172,124,112,119,108,108,78,0,0
2025,2025-07-29,Southbound,Heavy Vehicles,80,103,80,79,80,92,110,147,154,179,183,191,153,176,157,203,174,160,106,115,100,82,52,71,0,0
2025,2025-07-29,Northbound,Light Vehicles,21,25,13,11,27,90,207,373,465,450,507,458,517,538,480,511,419,309,193,132,93,76,44,34,0,0
2025,2025-07-29,Southbound,Light Vehicles,21,18,13,22,50,111,191,271,414,506,518,527,528,500,470,497,503,372,197,127,95,61,46,32,0,0
2025,2025-07-29,Northbound,All Vehicles,101,89,66,39,71,157,336,537,659,600,677,626,680,757,698,727,607,481,317,244,212,184,152,112,0,0
2025,2025-07-29,Southbound,All Vehicles,101,121,93,101,130,203,301,418,568,685,701,718,681,676,627,700,677,532,303,242,195,143,98,103,0,0
2025,2025-07-30,Southbound,Heavy Vehicles,68,75,93,87,85,113,116,151,168,175,207,187,201,177,173,161,173,163,129,133,102,93,65,63,0,0
2025,2025-07-30,Northbound,Light Vehicles,29,21,17,18,34,84,211,373,454,429,534,512,498,554,537,574,501,335,229,148,97,80,49,35,0,0
2025,2025-07-30,Southbound,Light Vehicles,14,19,20,16,38,123,212,298,406,518,570,544,558,524,504,554,483,394,207,109,83,61,42,27,0,0
2025,2025-07-30,Northbound,Heavy Vehicles,81,61,53,29,53,67,129,155,159,165,187,176,177,220,246,189,197,155,153,122,96,127,113,85,0,0
2025,2025-07-30,Southbound,All Vehicles,82,94,113,103,123,236,328,449,574,693,777,731,759,701,677,715,656,557,336,242,185,154,107,90,0,0
2025,2025-07-30,Northbound,All Vehicles,110,82,70,47,87,151,340,528,613,594,721,688,675,774,783,763,698,490,382,270,193,207,162,120,0,0
2025,2025-07-31,Northbound,Heavy Vehicles,82,69,40,36,49,72,127,169,174,169,179,189,181,231,231,220,186,164,159,113,96,120,112,85,0,0
2025,2025-07-31,Southbound,Light Vehicles,18,15,13,25,35,101,190,328,437,533,634,656,579,516,585,551,501,354,259,159,114,87,39,25,0,0
2025,2025-07-31,Southbound,Heavy Vehicles,74,94,91,78,63,90,119,126,175,190,226,196,228,172,161,169,141,152,118,102,95,83,60,67,0,0
2025,2025-07-31,Northbound,Light Vehicles,25,18,18,18,23,98,221,385,431,452,500,497,557,605,573,592,493,390,291,207,161,119,76,44,0,0
2025,2025-07-31,Northbound,All Vehicles,107,87,58,54,72,170,348,554,605,621,679,686,738,836,804,812,679,554,450,320,257,239,188,129,0,0
2025,2025-07-31,Southbound,All Vehicles,92,109,104,103,98,191,309,454,612,723,860,852,807,688,746,720,642,506,377,261,209,170,99,92,0,0
2025,2025-08-01,Northbound,Heavy Vehicles,91,81,44,28,36,55,105,136,155,142,155,168,181,182,190,174,181,160,96,102,62,85,68,69,0,0
2025,2025-08-01,Southbound,Light Vehicles,18,22,27,30,51,105,196,323,473,690,761,766,765,742,707,710,643,532,330,172,135,91,76,55,0,0
2025,2025-08-01,Northbound,Light Vehicles,31,28,13,31,37,117,224,415,546,632,665,646,708,823,699,724,649,578,405,278,228,145,99,60,0,0
2025,2025-08-01,Southbound,Heavy Vehicles,73,96,75,92,69,97,102,117,160,203,188,206,192,176,178,156,148,111,90,74,61,44,51,46,0,0
2025,2025-08-01,Northbound,All Vehicles,122,109,57,59,73,172,329,551,701,774,820,814,889,1005,889,898,830,738,501,380,290,230,167,129,0,0
2025,2025-08-01,Southbound,All Vehicles,91,118,102,122,120,202,298,440,633,893,949,972,957,918,885,866,791,643,420,246,196,135,127,101,0,0
2025,2025-08-02,Southbound,Light Vehicles,29,24,15,22,40,78,140,258,368,558,660,651,591,493,457,352,272,213,148,109,85,55,44,28,0,0
2025,2025-08-02,Northbound,Light Vehicles,25,31,17,19,22,53,115,172,247,348,411,440,399,395,372,310,284,244,134,108,75,65,59,18,0,0
2025,2025-08-02,Southbound,Heavy Vehicles,42,72,61,34,41,32,49,52,90,97,109,112,97,101,90,66,61,49,50,34,42,40,30,36,0,0
2025,2025-08-02,Northbound,Heavy Vehicles,47,37,35,15,14,17,33,62,58,63,76,63,57,64,52,67,65,41,32,37,30,23,18,18,0,0
2025,2025-08-02,Southbound,All Vehicles,71,96,76,56,81,110,189,310,458,655,769,763,688,594,547,418,333,262,198,143,127,95,74,64,0,0
2025,2025-08-02,Northbound,All Vehicles,72,68,52,34,36,70,148,234,305,411,487,503,456,459,424,377,349,285,166,145,105,88,77,36,0,0
2025,2025-08-03,Southbound,Heavy Vehicles,23,16,13,22,10,12,22,43,80,98,142,138,136,122,136,131,122,109,113,92,79,75,52,42,0,0
2025,2025-08-03,Northbound,Light Vehicles,33,21,14,13,16,35,80,113,223,343,456,596,682,671,693,593,542,416,292,187,158,95,63,41,0,0
2025,2025-08-03,Southbound,Light Vehicles,22,23,11,14,24,35,102,169,354,535,817,831,761,737,709,578,449,317,202,148,94,63,32,32,0,0
2025,2025-08-03,Northbound,Heavy Vehicles,11,12,7,4,15,10,22,39,45,61,119,119,114,121,131,128,99,114,90,72,60,64,43,29,0,0
2025,2025-08-03,Southbound,All Vehicles,45,39,24,36,34,47,124,212,434,633,959,969,897,859,845,709,571,426,315,240,173,138,84,74,0,0
2025,2025-08-03,Northbound,All Vehicles,44,33,21,17,31,45,102,152,268,404,575,715,796,792,824,721,641,530,382,259,218,159,106,70,0,0
2025,2025-08-04,Northbound,Light Vehicles,24,22,15,28,21,102,245,429,488,535,609,638,669,712,639,569,448,341,214,120,92,62,48,34,0,0
2025,2025-08-04,Southbound,Heavy Vehicles,31,34,34,31,42,53,121,109,146,172,192,191,158,157,158,156,167,156,122,121,116,91,71,72,0,0
2025,2025-08-04,Northbound,Heavy Vehicles,28,21,30,19,27,68,122,156,181,145,183,176,165,206,220,192,168,145,124,88,79,101,85,81,0,0
2025,2025-08-04,Southbound,Light Vehicles,22,15,22,37,78,122,215,317,411,557,657,688,654,633,528,541,520,378,220,138,83,55,33,11,0,0
2025,2025-08-04,Northbound,All Vehicles,52,43,45,47,48,170,367,585,669,680,792,814,834,918,859,761,616,486,338,208,171,163,133,115,0,0
2025,2025-08-04,Southbound,All Vehicles,53,49,56,68,120,175,336,426,557,729,849,879,812,790,686,697,687,534,342,259,199,146,104,83,0,0
2025,2025-08-05,Southbound,Light Vehicles,13,13,18,17,43,119,193,270,376,443,530,551,526,477,476,535,450,397,172,135,95,67,32,33,0,0
2025,2025-08-05,Southbound,Heavy Vehicles,74,80,89,82,74,83,119,162,130,175,152,189,208,186,141,188,159,154,134,140,102,61,56,57,0,0
2025,2025-08-05,Northbound,Light Vehicles,33,20,19,17,23,87,245,374,468,470,497,460,473,532,568,511,414,331,230,129,91,66,68,30,0,0
2025,2025-08-05,Northbound,Heavy Vehicles,71,67,54,26,48,65,118,167,156,153,172,182,196,219,219,220,170,148,146,112,98,110,120,90,0,0
2025,2025-08-05,Southbound,All Vehicles,87,93,107,99,117,202,312,432,506,618,682,740,734,663,617,723,609,551,306,275,197,128,88,90,0,0
2025,2025-08-05,Northbound,All Vehicles,104,87,73,43,71,152,363,541,624,623,669,642,669,751,787,731,584,479,376,241,189,176,188,120,0,0
2025,2025-08-06,Northbound,Light Vehicles,14,15,8,14,19,90,172,310,378,397,410,425,423,411,384,441,347,258,217,127,95,69,50,28,0,0
2025,2025-08-06,Northbound,Heavy Vehicles,74,72,36,37,35,58,117,156,147,138,157,130,155,148,197,184,172,141,113,111,93,108,109,85,0,0
2025,2025-08-06,Southbound,Light Vehicles,26,17,20,21,48,112,188,333,388,466,492,552,527,530,594,526,509,397,215,129,65,84,42,28,0,0
2025,2025-08-06,Southbound,Heavy Vehicles,72,88,88,88,79,106,135,161,154,172,185,188,196,191,174,172,147,127,123,143,109,97,84,65,0,0
2025,2025-08-06,Northbound,All Vehicles,88,87,44,51,54,148,289,466,525,535,567,555,578,559,581,625,519,399,330,238,188,177,159,113,0,0
2025,2025-08-06,Southbound,All Vehicles,98,105,108,109,127,218,323,494,542,638,677,740,723,721,768,698,656,524,338,272,174,181,126,93,0,0
2025,2025-08-07,Northbound,Heavy Vehicles,80,65,48,39,45,69,128,187,191,177,177,174,180,186,219,188,165,177,145,104,96,116,104,89,0,0
2025,2025-08-07,Southbound,Light Vehicles,19,22,18,22,32,137,185,311,456,544,649,688,648,586,573,574,520,397,220,165,126,64,41,30,0,0
2025,2025-08-07,Northbound,Light Vehicles,32,23,18,20,30,100,271,437,533,551,718,659,654,684,663,604,496,366,335,194,158,145,79,39,0,0
2025,2025-08-07,Southbound,Heavy Vehicles,91,93,91,85,84,97,126,146,161,183,202,188,173,186,171,169,152,144,107,118,105,63,55,65,0,0
2025,2025-08-07,Northbound,All Vehicles,112,88,66,59,75,169,399,624,724,728,895,833,834,870,882,792,661,543,480,298,254,261,183,128,0,0
2025,2025-08-07,Southbound,All Vehicles,110,115,109,107,116,234,311,457,617,727,851,876,821,772,744,743,672,541,327,283,231,127,96,95,0,0
2025,2025-08-08,Southbound,Heavy Vehicles,90,104,83,79,64,78,101,120,131,171,187,209,200,170,164,144,131,119,85,62,70,63,52,45,0,0
2025,2025-08-08,Northbound,Heavy Vehicles,73,76,55,33,38,59,97,162,187,146,140,169,147,150,197,165,170,130,91,80,84,84,27,,0,0
2025,2025-08-08,Northbound,Light Vehicles,36,26,18,36,39,92,194,410,555,562,631,638,649,705,781,698,607,570,425,268,190,177,57,8,0,0
2025,2025-08-08,Southbound,Light Vehicles,20,18,18,30,59,131,220,347,520,682,792,900,828,709,791,773,658,531,342,202,120,85,65,32,0,0
2025,2025-08-08,Southbound,All Vehicles,110,122,101,109,123,209,321,467,651,853,979,1109,1028,879,955,917,789,650,427,264,190,148,117,77,0,0
2025,2025-08-08,Northbound,All Vehicles,109,102,73,69,77,151,291,572,742,708,771,807,796,855,978,863,777,700,516,348,274,261,84,8,0,0
2025,2025-08-09,Southbound,Heavy Vehicles,52,53,51,36,40,61,69,85,100,102,129,139,103,98,98,72,60,54,60,46,41,41,29,22,0,0
2025,2025-08-09,Northbound,Heavy Vehicles,2,18,202,24,6,35,36,58,85,125,114,118,113,105,81,79,93,63,53,54,43,28,18,18,0,0
2025,2025-08-09,Northbound,Light Vehicles,17,67,129,25,25,58,108,231,367,546,674,676,685,622,570,528,447,364,279,164,111,83,74,32,0,0
2025,2025-08-09,Southbound,Light Vehicles,30,25,34,30,35,91,160,338,504,634,705,735,670,580,531,425,367,277,196,143,90,62,60,35,0,0
2025,2025-08-09,Southbound,All Vehicles,82,78,85,66,75,152,229,423,604,736,834,874,773,678,629,497,427,331,256,189,131,103,89,57,0,0
2025,2025-08-09,Northbound,All Vehicles,19,85,331,49,31,93,144,289,452,671,788,794,798,727,651,607,540,427,332,218,154,111,92,50,0,0
2025,2025-08-10,Southbound,Heavy Vehicles,22,14,12,21,15,15,25,50,67,81,115,130,150,136,151,136,111,109,101,81,75,57,45,47,0,0
2025,2025-08-10,Southbound,Light Vehicles,19,20,19,15,26,43,104,213,362,587,848,897,886,861,844,807,667,462,284,177,105,74,46,41,0,0
2025,2025-08-10,Northbound,Light Vehicles,38,28,19,11,18,41,97,210,259,433,625,731,791,750,752,673,589,503,335,210,159,112,80,40,0,0
2025,2025-08-10,Northbound,Heavy Vehicles,16,8,9,8,9,11,22,35,65,84,102,110,103,125,139,146,117,101,97,63,53,50,32,22,0,0
2025,2025-08-10,Southbound,All Vehicles,41,34,31,36,41,58,129,263,429,668,963,1027,1036,997,995,943,778,571,385,258,180,131,91,88,0,0
2025,2025-08-10,Northbound,All Vehicles,54,36,28,19,27,52,119,245,324,517,727,841,894,875,891,819,706,604,432,273,212,162,112,62,0,0
2025,2025-08-11,Southbound,Light Vehicles,21,24,22,33,76,171,235,325,447,565,663,760,719,650,618,541,503,358,222,126,94,66,56,23,0,0
2025,2025-08-11,Northbound,Light Vehicles,26,26,18,16,41,101,257,478,542,562,594,587,569,597,647,571,470,373,227,129,87,74,59,36,0,0
2025,2025-08-11,Southbound,Heavy Vehicles,34,30,26,33,51,69,114,133,130,166,188,208,203,182,162,119,129,97,105,113,135,115,81,65,0,0
2025,2025-08-11,Northbound,Heavy Vehicles,12,27,27,19,31,53,129,160,156,168,152,180,193,204,185,204,175,143,126,91,98,98,96,74,0,0
2025,2025-08-11,Southbound,All Vehicles,55,54,48,66,127,240,349,458,577,731,851,968,922,832,780,660,632,455,327,239,229,181,137,88,0,0
2025,2025-08-11,Northbound,All Vehicles,38,53,45,35,72,154,386,638,698,730,746,767,762,801,832,775,645,516,353,220,185,172,155,110,0,0
2025,2025-08-12,Southbound,Light Vehicles,12,13,15,27,44,109,212,297,393,483,518,506,524,503,516,530,474,366,221,135,78,60,44,28,0,0
2025,2025-08-12,Northbound,Heavy Vehicles,75,63,47,32,46,58,135,161,150,138,168,139,156,200,196,200,169,139,124,88,103,85,97,91,0,0
2025,2025-08-12,Northbound,Light Vehicles,20,23,16,20,21,96,220,370,448,436,498,475,479,536,488,490,463,310,237,138,114,62,61,28,0,0
2025,2025-08-12,Southbound,Heavy Vehicles,80,87,79,92,70,106,119,141,140,166,152,176,166,137,137,168,174,148,122,133,108,87,56,66,0,0
2025,2025-08-12,Southbound,All Vehicles,92,100,94,119,114,215,331,438,533,649,670,682,690,640,653,698,648,514,343,268,186,147,100,94,0,0
2025,2025-08-12,Northbound,All Vehicles,95,86,63,52,67,154,355,531,598,574,666,614,635,736,684,690,632,449,361,226,217,147,158,119,0,0
2025,2025-08-13,Southbound,Light Vehicles,20,12,17,21,34,108,218,315,448,528,604,612,587,553,608,548,570,418,256,112,86,,29,29,0,0
2025,2025-08-13,Southbound,Heavy Vehicles,82,96,94,78,81,94,134,144,183,168,225,173,175,183,157,185,152,134,113,115,100,,60,63,0,0
2025,2025-08-13,Southbound,All Vehicles,102,108,111,99,115,202,352,459,631,696,829,785,762,736,765,733,722,552,369,227,186,,89,92,0,0
2025,2025-08-14,Southbound,Heavy Vehicles,89,93,69,71,58,79,124,160,180,182,197,180,191,168,169,167,161,136,118,129,99,69,54,69,0,0
2025,2025-08-14,Northbound,Heavy Vehicles,86,67,57,49,50,81,127,158,160,174,168,168,156,192,184,201,183,153,152,92,105,115,114,84,0,0
2025,2025-08-14,Northbound,Light Vehicles,37,42,12,22,27,88,220,382,483,511,568,580,613,635,663,592,554,402,291,176,141,130,87,57,0,0
2025,2025-08-14,Southbound,Light Vehicles,14,13,20,26,42,133,215,338,463,506,607,610,653,625,565,530,517,398,234,147,89,58,35,27,0,0
2025,2025-08-14,Southbound,All Vehicles,103,106,89,97,100,212,339,498,643,688,804,790,844,793,734,697,678,534,352,276,188,127,89,96,0,0
2025,2025-08-14,Northbound,All Vehicles,123,109,69,71,77,169,347,540,643,685,736,748,769,827,847,793,737,555,443,268,246,245,201,141,0,0
2025,2025-08-15,Southbound,Light Vehicles,13,20,17,27,49,130,255,342,520,719,851,771,807,772,747,697,744,583,310,208,119,93,51,45,0,0
2025,2025-08-15,Northbound,Light Vehicles,32,20,19,18,35,92,190,426,512,570,733,745,698,773,815,781,685,639,484,330,267,182,121,87,0,0
2025,2025-08-15,Southbound,Heavy Vehicles,99,109,72,101,68,92,123,167,173,214,236,202,189,191,152,170,162,116,91,80,60,65,57,60,0,0
2025,2025-08-15,Northbound,Heavy Vehicles,69,64,44,34,41,74,127,138,164,177,184,176,166,185,208,186,172,161,136,87,94,90,72,64,0,0
2025,2025-08-15,Southbound,All Vehicles,112,129,89,128,117,222,378,509,693,933,1087,973,996,963,899,867,906,699,401,288,179,158,108,105,0,0
2025,2025-08-15,Northbound,All Vehicles,101,84,63,52,76,166,317,564,676,747,917,921,864,958,1023,967,857,800,620,417,361,272,193,151,0,0
2025,2025-08-16,Southbound,Light Vehicles,24,22,22,26,43,84,182,360,519,659,730,771,700,660,605,470,348,305,244,141,,69,66,35,0,0
2025,2025-08-16,Northbound,Light Vehicles,38,28,23,19,24,61,121,228,437,570,731,739,686,655,642,540,518,475,267,202,133,101,75,38,0,0
2025,2025-08-16,Southbound,Heavy Vehicles,60,68,60,54,53,40,52,89,80,124,110,125,107,95,87,89,69,58,48,42,,41,30,26,0,0
2025,2025-08-16,Northbound,Heavy Vehicles,64,43,30,19,31,33,40,71,99,107,119,138,101,122,111,88,105,93,56,31,34,25,22,20,0,0
2025,2025-08-16,Southbound,All Vehicles,84,90,82,80,96,124,234,449,599,783,840,896,807,755,692,559,417,363,292,183,,110,96,61,0,0
2025,2025-08-16,Northbound,All Vehicles,102,71,53,38,55,94,161,299,536,677,850,877,787,777,753,628,623,568,323,233,167,126,97,58,0,0
2025,2025-08-17,Northbound,Light Vehicles,30,20,15,9,26,49,103,191,308,512,644,750,727,788,784,731,670,497,347,249,195,106,91,39,0,0
2025,2025-08-17,Northbound,Heavy Vehicles,16,8,8,7,8,12,21,41,71,98,117,116,140,140,146,127,133,125,93,63,79,51,41,21,0,0
2025,2025-08-17,Southbound,Heavy Vehicles,21,14,12,17,9,21,25,58,84,102,120,137,134,138,131,114,119,107,111,,81,55,54,42,0,0
2025,2025-08-17,Southbound,Light Vehicles,13,13,18,21,16,68,105,257,427,673,815,1052,958,888,828,733,593,379,289,,113,66,47,31,0,0
2025,2025-08-17,Northbound,All Vehicles,46,28,23,16,34,61,124,232,379,610,761,866,867,928,930,858,803,622,440,312,274,157,132,60,0,0
2025,2025-08-17,Southbound,All Vehicles,34,27,30,38,25,89,130,315,511,775,935,1189,1092,1026,959,847,712,486,400,,194,121,101,73,0,0
2025,2025-08-18,Northbound,Light Vehicles,21,19,21,20,36,101,268,462,545,564,567,642,654,665,635,513,511,362,250,120,86,72,37,28,0,0
2025,2025-08-18,Southbound,Light Vehicles,17,26,16,43,71,135,241,320,470,570,715,736,720,570,667,598,524,373,216,114,83,60,38,27,0,0
2025,2025-08-18,Southbound,Heavy Vehicles,49,26,25,35,55,69,115,129,139,171,177,176,202,163,164,182,157,140,125,143,114,86,68,74,0,0
2025,2025-08-18,Northbound,Heavy Vehicles,22,27,17,21,33,62,135,153,178,166,166,185,194,208,194,171,163,151,130,81,93,86,89,72,0,0
2025,2025-08-18,Northbound,All Vehicles,43,46,38,41,69,163,403,615,723,730,733,827,848,873,829,684,674,513,380,201,179,158,126,100,0,0
2025,2025-08-18,Southbound,All Vehicles,66,52,41,78,126,204,356,449,609,741,892,912,922,733,831,780,681,513,341,257,197,146,106,101,0,0
2025,2025-08-19,Southbound,Light Vehicles,14,16,19,18,56,119,204,284,438,519,566,625,612,496,529,541,461,328,210,109,84,61,31,22,0,0
2025,2025-08-19,Northbound,Heavy Vehicles,77,62,39,37,47,74,122,151,145,140,189,153,152,195,212,184,177,152,124,118,93,109,98,99,0,0
2025,2025-08-19,Southbound,Heavy Vehicles,69,88,96,77,68,99,130,161,151,181,195,217,179,173,149,170,145,146,128,122,97,75,61,59,0,0
2025,2025-08-19,Northbound,Light Vehicles,32,24,6,9,16,85,206,390,404,518,473,466,480,483,476,439,402,325,198,116,86,71,46,39,0,0
2025,2025-08-19,Southbound,All Vehicles,83,104,115,95,124,218,334,445,589,700,761,842,791,669,678,711,606,474,338,231,181,136,92,81,0,0
2025,2025-08-19,Northbound,All Vehicles,109,86,45,46,63,159,328,541,549,658,662,619,632,678,688,623,579,477,322,234,179,180,144,138,0,0
2025,2025-08-20,Southbound,Light Vehicles,28,12,22,27,44,100,201,322,433,504,590,565,531,517,489,509,447,343,216,134,73,60,42,25,0,0
2025,2025-08-20,Northbound,Heavy Vehicles,74,63,44,33,36,55,112,134,146,113,137,142,126,186,175,164,150,127,102,83,74,82,103,87,0,0
2025,2025-08-20,Southbound,Heavy Vehicles,69,89,80,88,72,99,118,152,146,173,188,191,173,147,144,168,168,143,154,107,89,76,54,68,0,0
2025,2025-08-20,Northbound,Light Vehicles,20,11,12,15,12,84,152,303,332,352,359,339,378,321,353,335,335,239,182,90,77,66,58,37,0,0
2025,2025-08-20,Southbound,All Vehicles,97,101,102,115,116,199,319,474,579,677,778,756,704,664,633,677,615,486,370,241,162,136,96,93,0,0
2025,2025-08-20,Northbound,All Vehicles,94,74,56,48,48,139,264,437,478,465,496,481,504,507,528,499,485,366,284,173,151,148,161,124,0,0
2025,2025-08-21,Northbound,Heavy Vehicles,73,57,49,37,42,72,112,128,174,143,163,153,153,172,177,206,152,166,125,112,109,107,89,90,0,0
2025,2025-08-21,Southbound,Light Vehicles,23,11,18,30,41,99,187,317,433,507,613,591,566,565,464,481,438,352,197,115,77,53,39,27,0,0
2025,2025-08-21,Northbound,Light Vehicles,18,26,18,25,31,86,178,366,456,451,430,473,472,486,529,512,419,305,258,165,127,87,70,31,0,0
2025,2025-08-21,Southbound,Heavy Vehicles,102,88,75,92,77,71,102,132,153,174,183,177,178,147,123,143,149,122,113,110,91,69,64,48,0,0
2025,2025-08-21,Northbound,All Vehicles,91,83,67,62,73,158,290,494,630,594,593,626,625,658,706,718,571,471,383,277,236,194,159,121,0,0
2025,2025-08-21,Southbound,All Vehicles,125,99,93,122,118,170,289,449,586,681,796,768,744,712,587,624,587,474,310,225,168,122,103,75,0,0
2025,2025-08-22,Southbound,Light Vehicles,26,22,19,28,41,131,206,329,470,635,788,752,739,656,715,640,620,475,291,173,117,72,45,26,0,0
2025,2025-08-22,Northbound,Light Vehicles,23,16,25,28,34,79,187,344,468,535,557,652,635,715,773,688,676,472,356,276,226,168,97,52,0,0
2025,2025-08-22,Southbound,Heavy Vehicles,77,98,86,85,62,57,94,111,124,155,186,189,169,148,124,142,134,89,67,73,66,46,36,34,0,0
2025,2025-08-22,Northbound,Heavy Vehicles,64,73,46,28,39,57,107,143,149,130,151,140,159,165,162,189,142,123,103,92,80,86,52,93,0,0
2025,2025-08-22,Southbound,All Vehicles,103,120,105,113,103,188,300,440,594,790,974,941,908,804,839,782,754,564,358,246,183,118,81,60,0,0
2025,2025-08-22,Northbound,All Vehicles,87,89,71,56,73,136,294,487,617,665,708,792,794,880,935,877,818,595,459,368,306,254,149,145,0,0
2025,2025-08-23,Southbound,Heavy Vehicles,56,56,49,55,50,50,56,83,90,92,103,100,118,86,93,92,64,,38,65,37,39,34,30,0,0
2025,2025-08-23,Northbound,Light Vehicles,33,25,17,19,28,44,114,234,349,543,658,652,647,655,598,550,480,408,250,168,135,101,76,51,0,0
2025,2025-08-23,Southbound,Light Vehicles,25,21,10,28,35,82,155,315,505,694,747,747,626,591,530,456,366,,157,114,102,78,62,38,0,0
2025,2025-08-23,Northbound,Heavy Vehicles,42,50,31,22,24,28,43,65,83,106,103,90,126,85,93,107,96,87,49,54,25,26,21,15,0,0
2025,2025-08-23,Southbound,All Vehicles,81,77,59,83,85,132,211,398,595,786,850,847,744,677,623,548,430,,195,179,139,117,96,68,0,0
2025,2025-08-23,Northbound,All Vehicles,75,75,48,41,52,72,157,299,432,649,761,742,773,740,691,657,576,495,299,222,160,127,97,66,0,0
2025,2025-08-24,Southbound,Heavy Vehicles,23,15,16,17,18,22,34,42,70,94,128,145,131,113,138,109,94,97,106,89,81,54,43,31,0,0
2025,2025-08-24,Northbound,Heavy Vehicles,16,7,11,4,11,11,17,47,55,79,117,121,130,115,127,138,118,123,63,28,14,6,6,,0,0
2025,2025-08-24,Northbound,Light Vehicles,36,24,19,17,19,42,82,146,270,476,530,700,756,794,780,699,677,488,308,82,36,19,10,,0,0
2025,2025-08-24,Southbound,Light Vehicles,24,12,16,11,29,58,113,215,398,678,818,892,856,800,753,655,517,348,274,155,106,78,44,22,0,0
2025,2025-08-24,Southbound,All Vehicles,47,27,32,28,47,80,147,257,468,772,946,1037,987,913,891,764,611,445,380,244,187,132,87,53,0,0
2025,2025-08-24,Northbound,All Vehicles,52,31,30,21,30,53,99,193,325,555,647,821,886,909,907,837,795,611,371,110,50,25,16,,0,0
2025,2025-08-25,Northbound,Heavy Vehicles,2,,,3,1,1,66,77,124,164,179,159,138,121,148,203,257,163,129,95,80,91,102,34,0,0
2025,2025-08-25,Northbound,Light Vehicles,1,,,2,2,,149,181,484,604,616,647,530,529,660,681,546,373,298,131,77,78,54,27,0,0
2025,2025-08-25,Southbound,Heavy Vehicles,40,26,27,41,48,84,115,107,136,164,203,179,171,163,153,162,147,150,139,145,110,85,62,66,0,0
2025,2025-08-25,Southbound,Light Vehicles,24,20,17,42,82,166,291,280,427,572,648,669,622,627,545,591,517,384,217,133,82,53,27,22,0,0
2025,2025-08-25,Northbound,All Vehicles,3,,,5,3,1,215,258,608,768,795,806,668,650,808,884,803,536,427,226,157,169,156,61,0,0
2025,2025-08-25,Southbound,All Vehicles,64,46,44,83,130,250,406,387,563,736,851,848,793,790,698,753,664,534,356,278,192,138,89,88,0,0
2025,2025-08-26,Northbound,Heavy Vehicles,108,58,38,31,39,71,123,182,161,140,168,156,162,207,214,226,181,154,159,105,100,97,116,84,0,0
2025,2025-08-26,Southbound,Heavy Vehicles,75,81,92,80,70,101,145,163,152,188,177,183,170,193,155,153,186,161,138,111,102,73,49,55,0,0
2025,2025-08-26,Southbound,Light Vehicles,16,9,17,24,53,123,230,307,424,513,603,637,543,524,550,528,477,376,191,118,92,63,27,16,0,0
2025,2025-08-26,Northbound,Light Vehicles,30,21,13,19,29,79,226,423,482,460,463,517,477,527,483,512,429,337,219,136,90,61,57,45,0,0
2025,2025-08-26,Northbound,All Vehicles,138,79,51,50,68,150,349,605,643,600,631,673,639,734,697,738,610,491,378,241,190,158,173,129,0,0
2025,2025-08-26,Southbound,All Vehicles,91,90,109,104,123,224,375,470,576,701,780,820,713,717,705,681,663,537,329,229,194,136,76,71,0,0
2025,2025-08-27,Southbound,Light Vehicles,18,11,30,25,44,130,248,316,491,531,584,582,619,591,611,557,505,378,221,136,72,69,28,25,0,0
2025,2025-08-27,Northbound,Heavy Vehicles,92,65,42,37,46,76,140,158,172,155,192,191,192,211,220,226,183,172,133,119,88,96,111,91,0,0
2025,2025-08-27,Southbound,Heavy Vehicles,71,96,93,97,85,111,108,182,169,172,205,176,194,185,163,171,167,172,136,125,108,77,59,45,0,0
2025,2025-08-27,Northbound,Light Vehicles,26,21,16,20,30,109,231,412,529,536,552,501,520,581,565,548,417,331,253,145,121,85,48,37,0,0
2025,2025-08-27,Southbound,All Vehicles,89,107,123,122,129,241,356,498,660,703,789,758,813,776,774,728,672,550,357,261,180,146,87,70,0,0
2025,2025-08-27,Northbound,All Vehicles,118,86,58,57,76,185,371,570,701,691,744,692,712,792,785,774,600,503,386,264,209,181,159,128,0,0
2025,2025-08-28,Northbound,Light Vehicles,27,26,12,21,41,110,240,394,527,489,609,542,587,637,653,561,513,417,375,201,156,95,73,64,0,0
2025,2025-08-28,Southbound,Light Vehicles,17,14,21,31,58,130,247,361,509,557,695,721,653,618,591,591,549,412,266,191,134,84,47,26,0,0
2025,2025-08-28,Northbound,Heavy Vehicles,87,69,48,37,55,85,159,159,190,179,170,198,177,227,254,232,187,131,168,116,100,63,91,132,0,0
2025,2025-08-28,Southbound,Heavy Vehicles,76,104,97,99,75,93,136,178,191,229,221,201,210,210,174,155,182,160,131,111,90,82,56,57,0,0
2025,2025-08-28,Northbound,All Vehicles,114,95,60,58,96,195,399,553,717,668,779,740,764,864,907,793,700,548,543,317,256,158,164,196,0,0
2025,2025-08-28,Southbound,All Vehicles,93,118,118,130,133,223,383,539,700,786,916,922,863,828,765,746,731,572,397,302,224,166,103,83,0,0
2025,2025-08-29,Northbound,Heavy Vehicles,114,75,52,43,49,70,101,152,165,148,184,175,172,181,237,212,169,118,107,76,93,87,86,68,0,0
2025,2025-08-29,Southbound,Heavy Vehicles,90,91,88,72,64,83,122,166,178,206,237,212,189,179,166,171,131,93,96,91,77,62,51,52,0,0
2025,2025-08-29,Northbound,Light Vehicles,46,35,23,27,38,103,246,419,578,622,628,701,739,751,832,828,694,495,450,278,256,210,105,73,0,0
2025,2025-08-29,Southbound,Light Vehicles,27,28,21,36,51,144,231,356,571,781,905,871,838,850,726,704,663,561,316,226,161,113,58,40,0,0
2025,2025-08-29,Northbound,All Vehicles,160,110,75,70,87,173,347,571,743,770,812,876,911,932,1069,1040,863,613,557,354,349,297,191,141,0,0
2025,2025-08-29,Southbound,All Vehicles,117,119,109,108,115,227,353,522,749,987,1142,1083,1027,1029,892,875,794,654,412,317,238,175,109,92,0,0
2025,2025-08-30,Northbound,Heavy Vehicles,54,41,28,23,20,31,39,63,115,105,118,114,122,93,116,100,88,98,59,39,33,26,19,18,0,0
2025,2025-08-30,Northbound,Light Vehicles,37,23,19,19,24,71,112,273,515,629,771,807,668,609,652,556,493,418,293,181,137,110,58,54,0,0
2025,2025-08-30,Southbound,Light Vehicles,19,19,26,25,49,117,199,346,595,690,640,601,573,516,435,391,312,252,164,143,94,59,63,26,0,0
2025,2025-08-30,Southbound,Heavy Vehicles,49,70,71,45,39,43,60,92,109,96,130,80,107,83,90,86,65,52,59,55,63,31,27,21,0,0
2025,2025-08-30,Northbound,All Vehicles,91,64,47,42,44,102,151,336,630,734,889,921,790,702,768,656,581,516,352,220,170,136,77,72,0,0
2025,2025-08-30,Southbound,All Vehicles,68,89,97,70,88,160,259,438,704,786,770,681,680,599,525,477,377,304,223,198,157,90,90,47,0,0
2025,2025-08-31,Southbound,Heavy Vehicles,24,16,21,14,9,18,36,57,94,124,149,163,133,147,130,107,119,119,,96,66,49,43,26,0,0
2025,2025-08-31,Southbound,Light Vehicles,24,18,15,19,25,67,150,241,441,730,867,925,981,940,811,775,616,415,,189,135,86,26,21,0,0
2025,2025-08-31,Northbound,Light Vehicles,28,28,20,16,32,45,115,195,329,493,634,731,721,753,818,792,653,561,390,226,158,107,71,5,0,0
2025,2025-08-31,Northbound,Heavy Vehicles,20,11,12,6,9,7,26,40,61,105,114,139,127,133,131,162,137,108,102,83,65,61,46,,0,0
2025,2025-08-31,Southbound,All Vehicles,48,34,36,33,34,85,186,298,535,854,1016,1088,1114,1087,941,882,735,534,,285,201,135,69,47,0,0
2025,2025-08-31,Northbound,All Vehicles,48,39,32,22,41,52,141,235,390,598,748,870,848,886,949,954,790,669,492,309,223,168,117,5,0,0
2025,2025-09-01,Northbound,Heavy Vehicles,3,2,4,5,22,49,127,157,182,171,217,207,194,185,203,225,166,151,125,69,90,103,83,83,0,0
2025,2025-09-01,Northbound,Light Vehicles,3,1,3,6,23,75,254,474,500,546,618,638,667,674,682,573,464,393,219,141,84,72,48,27,0,0
2025,2025-09-01,Southbound,Light Vehicles,24,22,24,35,95,173,246,343,453,580,670,715,625,619,642,593,521,396,230,153,109,58,46,14,0,0
2025,2025-09-01,Southbound,Heavy Vehicles,30,33,26,35,52,100,116,130,142,169,208,172,175,166,156,182,168,181,133,123,126,85,72,53,0,0
2025,2025-09-01,Northbound,All Vehicles,6,3,7,11,45,124,381,631,682,717,835,845,861,859,885,798,630,544,344,210,174,175,131,110,0,0
2025,2025-09-01,Southbound,All Vehicles,54,55,50,70,147,273,362,473,595,749,878,887,800,785,798,775,689,577,363,276,235,143,118,67,0,0
2025,2025-09-02,Southbound,Light Vehicles,17,11,20,20,46,118,211,324,383,484,571,562,586,537,518,508,451,347,207,107,89,60,28,20,0,0
2025,2025-09-02,Northbound,Light Vehicles,21,18,17,16,21,83,206,377,448,465,469,489,486,525,464,481,435,368,190,128,89,90,53,40,0,0
2025,2025-09-02,Northbound,Heavy Vehicles,72,72,47,27,52,82,142,166,178,120,155,165,171,213,196,220,177,163,109,101,93,109,108,87,0,0
2025,2025-09-02,Southbound,Heavy Vehicles,63,96,82,88,72,80,116,180,178,196,215,207,201,170,166,195,196,151,136,121,103,75,67,42,0,0
2025,2025-09-02,Southbound,All Vehicles,80,107,102,108,118,198,327,504,561,680,786,769,787,707,684,703,647,498,343,228,192,135,95,62,0,0
2025,2025-09-02,Northbound,All Vehicles,93,90,64,43,73,165,348,543,626,585,624,654,657,738,660,701,612,531,299,229,182,199,161,127,0,0
2025,2025-09-03,Northbound,Heavy Vehicles,89,66,49,27,46,81,136,177,169,144,204,193,169,205,232,214,191,137,137,119,106,107,117,81,0,0
2025,2025-09-03,Southbound,Light Vehicles,5,14,23,13,38,144,216,320,416,487,564,599,594,502,487,499,508,383,222,142,83,73,33,30,0,0
2025,2025-09-03,Southbound,Heavy Vehicles,79,98,80,92,85,107,134,166,152,188,195,186,203,206,171,179,184,164,125,143,105,67,65,58,0,0
2025,2025-09-03,Northbound,Light Vehicles,26,14,22,17,37,97,212,417,457,463,534,522,509,527,520,542,454,354,237,164,120,91,72,31,0,0
2025,2025-09-03,Northbound,All Vehicles,115,80,71,44,83,178,348,594,626,607,738,715,678,732,752,756,645,491,374,283,226,198,189,112,0,0
2025,2025-09-03,Southbound,All Vehicles,84,112,103,105,123,251,350,486,568,675,759,785,797,708,658,678,692,547,347,285,188,140,98,88,0,0
2025,2025-09-04,Southbound,Heavy Vehicles,71,94,85,84,86,95,110,141,176,193,203,188,206,199,190,169,189,176,118,,97,91,74,59,0,0
2025,2025-09-04,Northbound,Light Vehicles,19,29,19,8,23,112,219,429,484,512,535,523,509,637,635,579,500,431,312,225,161,112,84,50,0,0
2025,2025-09-04,Northbound,Heavy Vehicles,68,68,64,37,54,61,129,149,189,170,175,198,151,255,220,192,166,162,149,116,103,115,107,93,0,0
2025,2025-09-04,Southbound,Light Vehicles,29,27,23,28,44,141,228,339,497,562,605,668,618,586,592,578,570,459,243,,128,73,52,44,0,0
2025,2025-09-04,Southbound,All Vehicles,100,121,108,112,130,236,338,480,673,755,808,856,824,785,782,747,759,635,361,,225,164,126,103,0,0
2025,2025-09-04,Northbound,All Vehicles,87,97,83,45,77,173,348,578,673,682,710,721,660,892,855,771,666,593,461,341,264,227,191,143,0,0
2025,2025-09-05,Northbound,Heavy Vehicles,77,75,57,43,52,81,130,160,161,146,148,176,167,182,181,184,156,149,130,95,83,75,65,66,0,0
2025,2025-09-05,Northbound,Light Vehicles,27,28,16,25,37,106,228,416,534,591,686,734,736,808,830,799,704,615,534,368,240,177,126,93,0,0
2025,2025-09-05,Southbound,Light Vehicles,31,18,28,23,48,145,244,390,567,742,782,881,824,758,747,737,684,548,341,198,,,47,41,0,0
2025,2025-09-05,Southbound,Heavy Vehicles,73,91,66,67,44,69,82,185,225,199,209,240,218,196,173,187,158,121,84,84,,,43,39,0,0
2025,2025-09-05,Northbound,All Vehicles,104,103,73,68,89,187,358,576,695,737,834,910,903,990,1011,983,860,764,664,463,323,252,191,159,0,0
2025,2025-09-05,Southbound,All Vehicles,104,109,94,90,92,214,326,575,792,941,991,1121,1042,954,920,924,842,669,425,282,,,90,80,0,0
2025,2025-09-06,Northbound,Heavy Vehicles,51,44,28,15,22,26,49,79,83,117,124,103,96,97,104,87,102,92,47,42,32,20,27,9,0,0
2025,2025-09-06,Northbound,Light Vehicles,52,26,25,19,40,69,165,285,448,599,729,798,637,636,655,629,540,473,287,199,133,117,74,45,0,0
2025,2025-09-06,Southbound,Light Vehicles,29,25,18,38,30,97,175,351,593,788,742,763,717,659,637,507,384,310,193,135,116,73,53,43,0,0
2025,2025-09-06,Southbound,Heavy Vehicles,50,56,60,53,46,47,59,79,86,119,103,113,127,120,91,106,73,56,48,47,50,44,25,32,0,0
2025,2025-09-06,Northbound,All Vehicles,103,70,53,34,62,95,214,364,531,716,853,901,733,733,759,716,642,565,334,241,165,137,101,54,0,0
2025,2025-09-06,Southbound,All Vehicles,79,81,78,91,76,144,234,430,679,907,845,876,844,779,728,613,457,366,241,182,166,117,78,75,0,0
2025,2025-09-07,Northbound,Light Vehicles,29,28,19,21,32,41,111,178,323,522,726,753,754,709,784,723,708,546,375,290,186,103,78,46,0,0
2025,2025-09-07,Southbound,Heavy Vehicles,19,14,13,15,11,12,36,50,73,87,136,130,133,126,135,115,119,120,108,112,80,46,42,36,0,0
2025,2025-09-07,Northbound,Heavy Vehicles,11,15,9,7,7,16,29,39,66,93,112,113,97,99,123,152,125,126,94,89,67,45,35,31,0,0
2025,2025-09-07,Southbound,Light Vehicles,21,16,18,13,30,37,130,262,466,638,888,960,873,827,873,839,645,451,308,226,132,70,42,29,0,0
2025,2025-09-07,Northbound,All Vehicles,40,43,28,28,39,57,140,217,389,615,838,866,851,808,907,875,833,672,469,379,253,148,113,77,0,0
2025,2025-09-07,Southbound,All Vehicles,40,30,31,28,41,49,166,312,539,725,1024,1090,1006,953,1008,954,764,571,416,338,212,116,84,65,0,0
2025,2025-09-08,Northbound,Heavy Vehicles,17,25,23,18,27,74,134,151,191,176,187,168,211,181,232,200,183,124,118,99,82,86,101,58,0,0
2025,2025-09-08,Southbound,Heavy Vehicles,31,29,36,34,46,83,96,138,136,178,194,180,199,208,177,180,173,158,112,123,108,77,80,68,0,0
2025,2025-09-08,Southbound,Light Vehicles,18,19,28,29,86,176,256,349,493,599,676,676,658,630,601,545,490,415,201,129,88,66,21,25,0,0
2025,2025-09-08,Northbound,Light Vehicles,31,19,16,16,35,125,294,502,591,582,631,664,718,749,646,618,494,362,201,144,120,61,45,25,0,0
2025,2025-09-08,Northbound,All Vehicles,48,44,39,34,62,199,428,653,782,758,818,832,929,930,878,818,677,486,319,243,202,147,146,83,0,0
2025,2025-09-08,Southbound,All Vehicles,49,48,64,63,132,259,352,487,629,777,870,856,857,838,778,725,663,573,313,252,196,143,101,93,0,0
2025,2025-09-09,Northbound,Heavy Vehicles,96,78,49,31,52,76,147,179,158,127,183,153,200,197,227,200,175,174,101,71,108,110,137,94,0,0
2025,2025-09-09,Northbound,Light Vehicles,25,11,16,17,14,95,214,440,473,440,478,485,545,499,515,475,435,344,176,108,119,78,65,35,0,0
2025,2025-09-09,Southbound,Heavy Vehicles,70,88,81,86,66,100,136,136,170,171,203,199,183,146,140,178,187,158,130,116,115,71,61,55,0,0
2025,2025-09-09,Southbound,Light Vehicles,18,10,18,22,46,126,219,311,451,504,568,579,514,507,535,550,457,353,212,117,84,58,33,22,0,0
2025,2025-09-09,Northbound,All Vehicles,121,89,65,48,66,171,361,619,631,567,661,638,745,696,742,675,610,518,277,179,227,188,202,129,0,0
2025,2025-09-09,Southbound,All Vehicles,88,98,99,108,112,226,355,447,621,675,771,778,697,653,675,728,644,511,342,233,199,129,94,77,0,0
2025,2025-09-10,Northbound,Heavy Vehicles,79,85,45,35,45,70,147,167,230,145,206,198,184,228,232,216,164,151,115,99,101,99,98,108,0,0
2025,2025-09-10,Southbound,Light Vehicles,16,18,18,27,48,118,236,322,407,495,562,601,508,555,287,693,477,382,214,118,109,77,,32,0,0
2025,2025-09-10,Northbound,Light Vehicles,34,20,16,19,21,100,249,422,488,469,526,527,531,588,492,518,449,350,204,150,117,81,52,46,0,0
2025,2025-09-10,Southbound,Heavy Vehicles,78,96,78,68,91,97,137,162,182,200,215,192,211,178,94,251,202,139,130,101,109,82,,66,0,0
2025,2025-09-10,Northbound,All Vehicles,113,105,61,54,66,170,396,589,718,614,732,725,715,816,724,734,613,501,319,249,218,180,150,154,0,0
2025,2025-09-10,Southbound,All Vehicles,94,114,96,95,139,215,373,484,589,695,777,793,719,733,381,944,679,521,344,219,218,159,,98,0,0
2025,2025-09-11,Northbound,Heavy Vehicles,83,72,52,27,43,80,154,177,192,193,168,202,188,194,216,211,190,167,150,127,103,94,115,89,0,0
2025,2025-09-11,Southbound,Heavy Vehicles,79,102,102,90,65,93,110,152,175,206,199,225,199,166,183,181,149,149,120,118,91,70,67,57,0,0
2025,2025-09-11,Northbound,Light Vehicles,27,18,13,19,21,99,235,433,507,467,553,568,633,661,673,620,541,453,340,181,165,121,73,31,0,0
2025,2025-09-11,Southbound,Light Vehicles,22,11,18,36,47,117,209,343,465,575,638,665,604,584,573,549,498,430,252,156,133,82,38,15,0,0
2025,2025-09-11,Northbound,All Vehicles,110,90,65,46,64,179,389,610,699,660,721,770,821,855,889,831,731,620,490,308,268,215,188,120,0,0
2025,2025-09-11,Southbound,All Vehicles,101,113,120,126,112,210,319,495,640,781,837,890,803,750,756,730,647,579,372,274,224,152,105,72,0,0
2025,2025-09-12,Northbound,Heavy Vehicles,89,70,48,47,45,84,146,185,171,165,181,191,194,176,212,192,172,182,141,105,87,72,74,68,0,0
2025,2025-09-12,Southbound,Light Vehicles,13,20,21,10,47,131,256,364,544,670,713,753,760,783,813,776,683,567,340,218,118,85,53,34,0,0
2025,2025-09-12,Northbound,Light Vehicles,37,26,15,16,42,116,217,430,568,700,739,791,824,844,854,814,721,647,531,378,251,180,102,68,0,0
2025,2025-09-12,Southbound,Heavy Vehicles,87,90,79,23,27,52,84,141,264,176,205,205,197,194,181,202,141,122,82,66,96,65,55,46,0,0
2025,2025-09-12,Northbound,All Vehicles,126,96,63,63,87,200,363,615,739,865,920,982,1018,1020,1066,1006,893,829,672,483,338,252,176,136,0,0
2025,2025-09-12,Southbound,All Vehicles,100,110,100,33,74,183,340,505,808,846,918,958,957,977,994,978,824,689,422,284,214,150,108,80,0,0
2025,2025-09-13,Southbound,Heavy Vehicles,58,59,66,48,44,52,55,88,97,116,133,135,105,113,84,103,77,73,38,47,69,35,40,28,0,0
2025,2025-09-13,Southbound,Light Vehicles,22,18,20,30,52,99,215,362,580,781,783,717,685,599,577,501,376,285,174,133,98,76,44,31,0,0
2025,2025-09-13,Northbound,Heavy Vehicles,59,37,34,15,27,36,35,67,80,89,86,73,73,78,74,82,84,56,56,45,30,23,28,15,0,0
2025,2025-09-13,Northbound,Light Vehicles,33,20,24,10,33,63,126,225,335,444,559,520,474,481,438,388,398,304,222,160,117,76,72,46,0,0
2025,2025-09-13,Southbound,All Vehicles,80,77,86,78,96,151,270,450,677,897,916,852,790,712,661,604,453,358,212,180,167,111,84,59,0,0
2025,2025-09-13,Northbound,All Vehicles,92,57,58,25,60,99,161,292,415,533,645,593,547,559,512,470,482,360,278,205,147,99,100,61,0,0
2025,2025-09-14,Northbound,Heavy Vehicles,8,9,11,7,10,16,23,40,78,78,124,116,114,128,150,144,137,92,93,74,64,54,41,32,0,0
2025,2025-09-14,Southbound,Heavy Vehicles,20,18,16,12,16,13,33,54,82,117,160,177,155,135,138,116,101,111,97,119,102,63,53,36,0,0
2025,2025-09-14,Northbound,Light Vehicles,14,25,17,20,19,45,111,189,346,475,626,705,806,810,781,743,634,523,353,255,169,123,71,39,0,0
2025,2025-09-14,Southbound,Light Vehicles,21,13,25,23,28,66,140,285,482,743,932,958,945,894,892,783,575,390,289,220,134,75,37,24,0,0
2025,2025-09-14,Northbound,All Vehicles,22,34,28,27,29,61,134,229,424,553,750,821,920,938,931,887,771,615,446,329,233,177,112,71,0,0
2025,2025-09-14,Southbound,All Vehicles,41,31,41,35,44,79,173,339,564,860,1092,1135,1100,1029,1030,899,676,501,386,339,236,138,90,60,0,0
2025,2025-09-15,Southbound,Light Vehicles,28,23,21,36,88,176,239,354,498,646,757,748,689,630,656,555,535,396,230,119,99,67,30,22,0,0
2025,2025-09-15,Northbound,Heavy Vehicles,27,21,25,29,36,66,157,176,208,151,175,213,190,204,215,209,183,141,119,71,82,94,99,95,0,0
2025,2025-09-15,Southbound,Heavy Vehicles,38,29,26,34,55,80,116,148,155,171,178,226,199,168,175,165,154,155,142,120,123,95,68,58,0,0
2025,2025-09-15,Northbound,Light Vehicles,17,23,15,27,25,133,309,504,568,628,648,631,670,735,621,581,504,338,252,138,83,75,52,36,0,0
2025,2025-09-15,Southbound,All Vehicles,66,52,47,70,143,256,355,502,653,817,935,974,888,798,831,720,689,551,372,239,222,162,98,80,0,0
2025,2025-09-15,Northbound,All Vehicles,44,44,40,56,61,199,466,680,776,779,823,844,860,939,836,790,687,479,371,209,165,169,151,131,0,0
2025,2025-09-16,Southbound,Heavy Vehicles,85,84,92,83,79,91,125,162,183,188,172,222,181,159,142,190,149,126,146,142,107,73,61,55,0,0
2025,2025-09-16,Northbound,Heavy Vehicles,64,75,45,30,52,63,137,173,174,131,175,175,180,213,184,193,182,142,125,104,87,117,112,89,0,0
2025,2025-09-16,Northbound,Light Vehicles,21,20,12,23,26,103,228,418,503,477,502,474,474,509,543,560,433,387,199,109,90,68,49,41,0,0
2025,2025-09-16,Southbound,Light Vehicles,8,18,15,24,55,132,231,329,454,542,582,567,497,515,481,577,509,329,231,121,75,64,35,23,0,0
2025,2025-09-16,Southbound,All Vehicles,93,102,107,107,134,223,356,491,637,730,754,789,678,674,623,767,658,455,377,263,182,137,96,78,0,0
2025,2025-09-16,Northbound,All Vehicles,85,95,57,53,78,166,365,591,677,608,677,649,654,722,727,753,615,529,324,213,177,185,161,130,0,0
2025,2025-09-17,Southbound,Light Vehicles,10,12,18,33,43,139,236,352,477,558,624,598,575,540,511,548,507,415,216,128,85,72,31,28,0,0
2025,2025-09-17,Northbound,Light Vehicles,26,17,9,20,23,108,223,429,494,527,514,525,556,573,563,577,460,374,228,153,91,88,64,41,0,0
2025,2025-09-17,Southbound,Heavy Vehicles,87,86,79,92,73,104,136,135,189,199,190,194,199,190,197,193,149,151,143,120,95,89,64,58,0,0
2025,2025-09-17,Northbound,Heavy Vehicles,77,64,39,52,39,73,133,172,176,150,168,179,204,179,209,218,185,159,130,113,103,115,102,99,0,0
2025,2025-09-17,Southbound,All Vehicles,97,98,97,125,116,243,372,487,666,757,814,792,774,730,708,741,656,566,359,248,180,161,95,86,0,0
2025,2025-09-17,Northbound,All Vehicles,103,81,48,72,62,181,356,601,670,677,682,704,760,752,772,795,645,533,358,266,194,203,166,140,0,0
2025,2025-09-18,Southbound,Light Vehicles,16,12,20,30,43,146,238,365,482,593,677,726,670,678,611,582,558,475,291,157,124,81,33,26,0,0
2025,2025-09-18,Northbound,Heavy Vehicles,69,66,49,35,53,97,143,166,199,160,188,176,227,204,225,219,212,174,157,123,82,126,108,91,0,0
2025,2025-09-18,Northbound,Light Vehicles,24,21,12,13,25,97,254,457,580,538,623,622,635,671,660,617,550,408,370,237,172,138,81,40,0,0
2025,2025-09-18,Southbound,Heavy Vehicles,82,100,99,83,93,92,125,140,173,211,207,207,191,189,183,193,153,134,108,130,87,88,66,50,0,0
2025,2025-09-18,Southbound,All Vehicles,98,112,119,113,136,238,363,505,655,804,884,933,861,867,794,775,711,609,399,287,211,169,99,76,0,0
2025,2025-09-18,Northbound,All Vehicles,93,87,61,48,78,194,397,623,779,698,811,798,862,875,885,836,762,582,527,360,254,264,189,131,0,0
2025,2025-09-19,Southbound,Heavy Vehicles,92,103,113,65,85,90,117,193,185,218,213,197,,173,156,175,161,115,88,79,55,,51,45,0,0
2025,2025-09-19,Northbound,Light Vehicles,31,26,18,19,38,113,283,411,618,691,778,646,747,927,929,760,710,636,561,396,266,168,119,64,0,0
2025,2025-09-19,Northbound,Heavy Vehicles,75,60,55,42,51,77,133,152,163,169,171,170,199,193,214,172,191,139,141,98,87,83,74,79,0,0
2025,2025-09-19,Southbound,Light Vehicles,23,18,21,27,49,163,256,417,655,806,946,882,,807,721,754,655,532,303,199,132,,80,48,0,0
2025,2025-09-19,Southbound,All Vehicles,115,121,134,92,134,253,373,610,840,1024,1159,1079,,980,877,929,816,647,391,278,187,,131,93,0,0
2025,2025-09-19,Northbound,All Vehicles,106,86,73,61,89,190,416,563,781,860,949,816,946,1120,1143,932,901,775,702,494,353,251,193,143,0,0
2025,2025-09-20,Southbound,Light Vehicles,32,30,22,33,33,95,203,366,599,791,820,819,771,686,618,498,373,291,202,165,121,91,74,44,0,0
2025,2025-09-20,Northbound,Heavy Vehicles,47,48,25,33,16,31,50,63,71,119,113,88,111,91,111,83,92,82,50,37,44,18,27,21,0,0
2025,2025-09-20,Southbound,Heavy Vehicles,63,59,77,47,40,57,66,90,104,133,148,123,131,110,121,87,72,47,53,67,56,56,41,25,0,0
2025,2025-09-20,Northbound,Light Vehicles,42,31,22,17,23,63,150,289,475,658,698,752,663,640,647,553,474,392,330,193,132,110,68,44,0,0
2025,2025-09-20,Southbound,All Vehicles,95,89,99,80,73,152,269,456,703,924,968,942,902,796,739,585,445,338,255,232,177,147,115,69,0,0
2025,2025-09-20,Northbound,All Vehicles,89,79,47,50,39,94,200,352,546,777,811,840,774,731,758,636,566,474,380,230,176,128,95,65,0,0
2025,2025-09-21,Northbound,Heavy Vehicles,11,9,7,8,12,17,34,47,57,103,124,124,116,152,128,139,120,109,82,66,82,61,40,24,0,0
2025,2025-09-21,Southbound,Heavy Vehicles,13,22,17,9,13,25,44,79,101,114,179,179,156,144,143,121,126,91,117,101,92,64,38,29,0,0
2025,2025-09-21,Northbound,Light Vehicles,34,22,20,12,27,58,110,235,362,568,617,803,763,796,810,757,620,525,318,261,196,120,82,50,0,0
2025,2025-09-21,Southbound,Light Vehicles,29,32,12,18,19,58,156,303,588,832,1133,1084,1061,952,903,799,617,379,250,176,133,101,47,33,0,0
2025,2025-09-21,Northbound,All Vehicles,45,31,27,20,39,75,144,282,419,671,741,927,879,948,938,896,740,634,400,327,278,181,122,74,0,0
2025,2025-09-21,Southbound,All Vehicles,42,54,29,27,32,83,200,382,689,946,1312,1263,1217,1096,1046,920,743,470,367,277,225,165,85,62,0,0
2025,2025-09-22,Southbound,Light Vehicles,22,23,21,40,95,188,279,367,521,645,801,847,732,628,634,615,559,415,253,140,102,56,32,21,0,0
2025,2025-09-22,Northbound,Light Vehicles,30,18,11,24,36,143,284,525,580,589,677,691,700,725,679,637,512,371,247,136,109,76,71,37,0,0
2025,2025-09-22,Northbound,Heavy Vehicles,22,30,25,29,30,67,137,160,178,166,168,176,185,208,207,192,170,164,115,67,70,87,100,97,0,0
2025,2025-09-22,Southbound,Heavy Vehicles,41,37,29,36,41,99,120,140,156,171,192,187,181,177,169,176,153,158,128,133,127,87,63,69,0,0
2025,2025-09-22,Southbound,All Vehicles,63,60,50,76,136,287,399,507,677,816,993,1034,913,805,803,791,712,573,381,273,229,143,95,90,0,0
2025,2025-09-22,Northbound,All Vehicles,52,48,36,53,66,210,421,685,758,755,845,867,885,933,886,829,682,535,362,203,179,163,171,134,0,0
2025,2025-09-23,Southbound,Light Vehicles,26,19,18,20,50,136,237,368,426,562,607,650,577,519,512,594,473,420,277,165,121,70,37,38,0,0
2025,2025-09-23,Southbound,Heavy Vehicles,79,105,89,88,78,107,135,158,191,207,192,185,195,168,151,198,161,156,123,108,100,84,46,67,0,0
2025,2025-09-23,Northbound,Light Vehicles,16,19,22,18,27,98,269,436,486,520,500,580,538,569,576,530,486,385,232,146,116,94,59,25,0,0
2025,2025-09-23,Northbound,Heavy Vehicles,74,72,46,30,45,92,151,155,164,148,151,193,150,212,221,194,177,143,128,106,86,128,116,90,0,0
2025,2025-09-23,Southbound,All Vehicles,105,124,107,108,128,243,372,526,617,769,799,835,772,687,663,792,634,576,400,273,221,154,83,105,0,0
2025,2025-09-23,Northbound,All Vehicles,90,91,68,48,72,190,420,591,650,668,651,773,688,781,797,724,663,528,360,252,202,222,175,115,0,0
2025,2025-09-24,Southbound,Heavy Vehicles,91,103,83,85,87,102,139,183,168,178,235,202,191,177,156,181,161,125,118,131,107,90,80,63,0,0
2025,2025-09-24,Southbound,Light Vehicles,12,18,18,18,37,152,260,394,504,532,678,627,566,578,597,611,538,423,238,165,106,82,44,33,0,0
2025,2025-09-24,Northbound,Light Vehicles,21,17,24,16,32,115,267,452,523,579,563,578,553,617,622,574,534,385,286,170,124,107,77,40,0,0
2025,2025-09-24,Northbound,Heavy Vehicles,88,64,61,23,62,98,151,179,184,170,144,171,201,208,210,226,181,140,145,104,110,118,115,81,0,0
2025,2025-09-24,Southbound,All Vehicles,103,121,101,103,124,254,399,577,672,710,913,829,757,755,753,792,699,548,356,296,213,172,124,96,0,0
2025,2025-09-24,Northbound,All Vehicles,109,81,85,39,94,213,418,631,707,749,707,749,754,825,832,800,715,525,431,274,234,225,192,121,0,0
2025,2025-09-25,Southbound,Light Vehicles,23,23,25,31,42,154,218,416,552,653,745,708,713,702,674,627,608,435,284,195,123,89,44,36,0,0
2025,2025-09-25,Northbound,Light Vehicles,27,28,24,20,48,125,262,501,606,624,722,633,666,732,729,693,566,464,389,247,171,144,100,59,0,0
2025,2025-09-25,Southbound,Heavy Vehicles,88,118,85,90,74,91,149,172,202,189,216,221,201,206,194,179,150,122,107,115,115,98,63,59,0,0
2025,2025-09-25,Northbound,Heavy Vehicles,73,70,54,39,52,97,156,190,188,193,191,214,201,204,220,211,190,175,192,129,107,125,125,109,0,0
2025,2025-09-25,Southbound,All Vehicles,111,141,110,121,116,245,367,588,754,842,961,929,914,908,868,806,758,557,391,310,238,187,107,95,0,0
2025,2025-09-25,Northbound,All Vehicles,100,98,78,59,100,222,418,691,794,817,913,847,867,936,949,904,756,639,581,376,278,269,225,168,0,0
2025,2025-09-26,Northbound,Heavy Vehicles,81,77,53,29,47,83,141,142,144,151,144,178,142,169,141,171,144,141,93,86,69,51,97,77,0,0
2025,2025-09-26,Northbound,Light Vehicles,26,24,33,22,46,123,247,427,509,599,614,637,634,602,687,654,577,521,413,316,227,178,136,67,0,0
2025,2025-09-26,Southbound,Light Vehicles,19,27,31,27,47,151,279,477,692,833,949,995,881,824,798,718,707,577,347,218,162,113,74,49,0,0
2025,2025-09-26,Southbound,Heavy Vehicles,84,108,97,88,69,89,133,166,175,237,220,235,185,212,169,177,138,120,78,89,78,63,71,38,0,0
2025,2025-09-26,Northbound,All Vehicles,107,101,86,51,93,206,388,569,653,750,758,815,776,771,828,825,721,662,506,402,296,229,233,144,0,0
2025,2025-09-26,Southbound,All Vehicles,103,135,128,115,116,240,412,643,867,1070,1169,1230,1066,1036,967,895,845,697,425,307,240,176,145,87,0,0
2025,2025-09-27,Southbound,Light Vehicles,40,21,28,33,41,128,281,450,787,930,940,802,737,662,615,495,419,276,202,151,110,75,49,40,0,0
2025,2025-09-27,Southbound,Heavy Vehicles,54,81,66,44,62,55,79,98,143,142,148,104,135,121,103,97,67,64,55,54,52,60,34,32,0,0
2025,2025-09-27,Southbound,All Vehicles,94,102,94,77,103,183,360,548,930,1072,1088,906,872,783,718,592,486,340,257,205,162,135,83,72,0,0
2025,2025-09-28,Southbound,Light Vehicles,22,18,17,19,34,80,164,333,535,687,1015,1064,987,977,850,688,549,420,327,228,125,90,38,31,0,0
2025,2025-09-28,Southbound,Heavy Vehicles,19,17,13,12,13,25,34,78,96,120,159,139,146,125,147,141,106,97,109,109,74,62,51,48,0,0
2025,2025-09-28,Northbound,Heavy Vehicles,20,16,7,9,13,16,41,62,79,118,107,122,77,131,114,106,78,82,82,53,64,59,51,22,0,0
2025,2025-09-28,Northbound,Light Vehicles,44,22,23,17,47,90,168,346,513,636,663,722,729,674,704,626,539,456,317,231,169,125,79,37,0,0
2025,2025-09-28,Southbound,All Vehicles,41,35,30,31,47,105,198,411,631,807,1174,1203,1133,1102,997,829,655,517,436,337,199,152,89,79,0,0
2025,2025-09-28,Northbound,All Vehicles,64,38,30,26,60,106,209,408,592,754,770,844,806,805,818,732,617,538,399,284,233,184,130,59,0,0
2025,2025-09-29,Southbound,Heavy Vehicles,36,28,30,39,64,96,135,129,158,162,217,193,202,167,150,171,172,166,120,108,110,79,72,65,0,0
2025,2025-09-29,Southbound,Light Vehicles,24,22,27,57,97,206,308,421,539,728,863,828,799,627,679,657,582,452,272,141,116,71,41,28,0,0
2025,2025-09-29,Northbound,Light Vehicles,31,16,18,28,37,135,281,404,518,577,626,624,609,666,608,546,479,367,261,137,108,81,58,36,0,0
2025,2025-09-29,Northbound,Heavy Vehicles,21,20,16,28,36,73,130,147,150,145,143,158,170,121,151,185,152,148,113,92,62,98,83,73,0,0
2025,2025-09-29,Southbound,All Vehicles,60,50,57,96,161,302,443,550,697,890,1080,1021,1001,794,829,828,754,618,392,249,226,150,113,93,0,0
2025,2025-09-29,Northbound,All Vehicles,52,36,34,56,73,208,411,551,668,722,769,782,779,787,759,731,631,515,374,229,170,179,141,109,0,0
2025,2025-09-30,Northbound,Light Vehicles,29,22,16,22,33,104,243,115,450,468,564,568,549,587,503,452,417,340,229,163,113,83,49,42,0,0
2025,2025-09-30,Southbound,Heavy Vehicles,82,96,79,90,72,113,127,173,182,174,209,172,169,213,172,199,149,147,128,119,109,74,69,50,0,0
2025,2025-09-30,Southbound,Light Vehicles,18,18,21,35,48,137,265,371,481,622,706,715,651,675,597,662,553,415,261,189,92,73,40,22,0,0
2025,2025-09-30,Northbound,Heavy Vehicles,75,55,50,36,42,60,123,40,151,159,143,171,150,147,155,204,162,136,133,103,99,100,111,98,0,0
2025,2025-09-30,Northbound,All Vehicles,104,77,66,58,75,164,366,155,601,627,707,739,699,734,658,656,579,476,362,266,212,183,160,140,0,0
2025,2025-09-30,Southbound,All Vehicles,100,114,100,125,120,250,392,544,663,796,915,887,820,888,769,861,702,562,389,308,201,147,109,72,0,0
2025,2025-10-01,Southbound,Light Vehicles,15,24,25,27,65,128,244,392,531,622,730,762,748,715,657,654,561,479,294,183,116,78,39,42,0,0
2025,2025-10-01,Northbound,Heavy Vehicles,77,57,50,36,41,60,138,152,149,150,150,149,136,164,177,176,176,134,135,109,103,111,105,97,0,0
2025,2025-10-01,Southbound,Heavy Vehicles,66,96,88,84,97,122,132,167,170,198,207,194,207,199,178,152,170,165,142,117,128,100,61,55,0,0
2025,2025-10-01,Northbound,Light Vehicles,30,29,18,21,42,129,242,385,484,539,530,574,529,567,551,497,462,399,265,212,146,108,80,51,0,0
2025,2025-10-01,Southbound,All Vehicles,81,120,113,111,162,250,376,559,701,820,937,956,955,914,835,806,731,644,436,300,244,178,100,97,0,0
2025,2025-10-01,Northbound,All Vehicles,107,86,68,57,83,189,380,537,633,689,680,723,665,731,728,673,638,533,400,321,249,219,185,148,0,0
2025,2025-10-02,Southbound,Light Vehicles,15,21,17,20,35,137,227,336,439,531,633,548,530,624,646,512,317,359,256,158,133,97,71,58,0,0
2025,2025-10-02,Northbound,Light Vehicles,36,31,26,22,48,114,271,431,495,546,651,673,586,619,597,556,406,372,331,342,306,267,142,69,0,0
2025,2025-10-02,Southbound,Heavy Vehicles,106,94,105,81,81,97,146,146,133,172,162,178,131,189,147,120,87,99,82,90,91,63,79,69,0,0
2025,2025-10-02,Northbound,Heavy Vehicles,84,65,54,41,43,77,147,142,179,169,143,168,158,161,183,155,108,106,112,153,157,162,124,110,0,0
2025,2025-10-02,Southbound,All Vehicles,121,115,122,101,116,234,373,482,572,703,795,726,661,813,793,632,404,458,338,248,224,160,150,127,0,0
2025,2025-10-02,Northbound,All Vehicles,120,96,80,63,91,191,418,573,674,715,794,841,744,780,780,711,514,478,443,495,463,429,266,179,0,0
2025,2025-10-03,Southbound,Light Vehicles,33,32,29,46,66,149,258,374,565,699,821,869,767,785,749,683,649,530,377,288,189,155,118,76,0,0
2025,2025-10-03,Southbound,Heavy Vehicles,72,118,116,73,76,91,125,139,164,179,173,158,180,140,143,122,122,97,86,72,59,51,53,61,0,0
2025,2025-10-03,Southbound,All Vehicles,105,150,145,119,142,240,383,513,729,878,994,1027,947,925,892,805,771,627,463,360,248,206,171,137,0,0
2025,2025-10-04,Southbound,Light Vehicles,70,50,56,33,46,138,228,392,547,780,863,914,850,825,680,534,562,390,278,228,177,149,78,54,0,0
2025,2025-10-04,Southbound,Heavy Vehicles,59,67,65,56,66,57,66,89,80,99,129,119,118,100,103,69,97,54,56,59,59,44,46,19,0,0
2025,2025-10-04,Southbound,All Vehicles,129,117,121,89,112,195,294,481,627,879,992,1033,968,925,783,603,659,444,334,287,236,193,124,73,0,0
2025,2025-10-05,Southbound,Heavy Vehicles,29,17,,10,19,18,34,41,74,109,150,154,160,140,116,141,140,101,74,68,58,43,42,26,0,0
2025,2025-10-05,Southbound,Light Vehicles,45,31,,36,51,92,159,316,492,776,1025,1117,1089,1079,997,926,808,585,382,267,221,129,116,74,0,0
2025,2025-10-05,Northbound,Heavy Vehicles,14,15,,9,9,22,27,59,73,89,119,114,109,124,80,97,117,79,54,40,39,23,30,18,0,0
2025,2025-10-05,Northbound,Light Vehicles,40,28,,24,40,89,144,280,455,714,916,923,994,868,782,683,701,470,362,260,171,153,111,63,0,0
2025,2025-10-05,Southbound,All Vehicles,74,48,,46,70,110,193,357,566,885,1175,1271,1249,1219,1113,1067,948,686,456,335,279,172,158,100,0,0
2025,2025-10-05,Northbound,All Vehicles,54,43,,33,49,111,171,339,528,803,1035,1037,1103,992,862,780,818,549,416,300,210,176,141,81,0,0
2025,2025-10-06,Northbound,Heavy Vehicles,13,14,16,11,19,25,38,50,65,95,121,109,135,136,129,111,132,86,78,79,69,49,42,40,0,0
2025,2025-10-06,Northbound,Light Vehicles,48,65,93,47,43,70,165,321,493,675,823,895,852,831,765,684,614,436,270,220,165,106,91,51,0,0
2025,2025-10-06,Northbound,All Vehicles,61,79,109,58,62,95,203,371,558,770,944,1004,987,967,894,795,746,522,348,299,234,155,133,91,0,0
2025,2025-10-07,Northbound,Heavy Vehicles,34,31,21,26,37,70,114,172,162,156,173,186,190,172,177,149,161,166,84,169,89,86,110,92,0,0
2025,2025-10-07,Northbound,Light Vehicles,31,24,21,19,41,111,227,391,447,509,590,549,561,556,573,463,407,324,241,182,118,76,50,32,0,0
2025,2025-10-07,Northbound,All Vehicles,65,55,42,45,78,181,341,563,609,665,763,735,751,728,750,612,568,490,325,351,207,162,160,124,0,0
2025,2025-10-08,Southbound,Light Vehicles,19,20,26,35,56,140,204,283,411,492,616,641,596,584,587,545,494,455,257,145,129,75,40,35,0,0
2025,2025-10-08,Southbound,Heavy Vehicles,55,94,92,85,101,97,130,156,181,149,184,169,186,167,153,138,149,121,135,138,122,88,63,66,0,0
2025,2025-10-08,Northbound,Heavy Vehicles,89,77,54,45,57,68,137,155,149,154,174,199,181,201,222,217,210,163,121,102,99,105,116,90,0,0
2025,2025-10-08,Northbound,Light Vehicles,38,18,18,25,28,117,250,417,507,598,665,632,647,679,725,667,509,412,267,177,128,101,74,50,0,0
2025,2025-10-08,Southbound,All Vehicles,74,114,118,120,157,237,334,439,592,641,800,810,782,751,740,683,643,576,392,283,251,163,103,101,0,0
2025,2025-10-08,Northbound,All Vehicles,127,95,72,70,85,185,387,572,656,752,839,831,828,880,947,884,719,575,388,279,227,206,190,140,0,0
2025,2025-10-09,Southbound,Light Vehicles,25,20,26,33,44,122,187,309,411,494,637,670,658,630,613,589,556,442,345,202,123,84,41,26,0,0
2025,2025-10-09,Southbound,Heavy Vehicles,69,103,92,87,102,97,116,159,156,178,174,160,153,146,139,118,125,144,115,117,107,83,69,50,0,0
2025,2025-10-09,Northbound,Light Vehicles,38,19,18,24,24,116,214,381,490,603,687,737,780,818,794,664,596,469,380,270,164,128,76,59,0,0
2025,2025-10-09,Northbound,Heavy Vehicles,94,79,71,36,46,74,150,150,176,162,180,202,201,208,237,205,205,158,145,135,121,132,119,113,0,0
2025,2025-10-09,Southbound,All Vehicles,94,123,118,120,146,219,303,468,567,672,811,830,811,776,752,707,681,586,460,319,230,167,110,76,0,0
2025,2025-10-09,Northbound,All Vehicles,132,98,89,60,70,190,364,531,666,765,867,939,981,1026,1031,869,801,627,525,405,285,260,195,172,0,0
2025,2025-10-10,Northbound,Heavy Vehicles,82,77,56,34,48,80,119,125,146,131,131,140,147,125,124,123,147,115,114,90,74,69,80,61,0,0
2025,2025-10-10,Southbound,Light Vehicles,27,26,26,42,69,152,239,405,655,890,1170,1149,1126,1038,1015,899,844,710,429,310,210,143,77,56,0,0
2025,2025-10-10,Northbound,Light Vehicles,33,15,18,19,41,109,205,345,397,503,545,600,567,576,592,563,499,418,381,282,193,145,86,67,0,0
2025,2025-10-10,Southbound,Heavy Vehicles,77,91,95,97,98,107,140,175,172,221,234,234,205,224,185,187,190,124,101,66,68,77,69,44,0,0
2025,2025-10-10,Northbound,All Vehicles,115,92,74,53,89,189,324,470,543,634,676,740,714,701,716,686,646,533,495,372,267,214,166,128,0,0
2025,2025-10-10,Southbound,All Vehicles,104,117,121,139,167,259,379,580,827,1111,1404,1383,1331,1262,1200,1086,1034,834,530,376,278,220,146,100,0,0
2025,2025-10-11,Northbound,Light Vehicles,39,26,19,22,40,69,141,208,365,513,586,570,551,532,464,443,384,310,244,171,143,106,59,54,0,0
2025,2025-10-11,Southbound,Light Vehicles,31,23,23,28,41,97,170,348,534,682,786,831,828,693,678,623,503,418,303,198,165,119,71,62,0,0
2025,2025-10-11,Northbound,Heavy Vehicles,79,46,30,27,30,21,53,74,76,97,109,92,91,71,90,93,65,59,52,48,35,31,27,29,0,0
2025,2025-10-11,Southbound,Heavy Vehicles,54,64,81,55,58,64,67,75,105,116,130,118,114,96,106,102,75,63,77,50,54,59,39,29,0,0
2025,2025-10-11,Northbound,All Vehicles,118,72,49,49,70,90,194,282,441,610,695,662,642,603,554,536,449,369,296,219,178,137,86,83,0,0
2025,2025-10-11,Southbound,All Vehicles,85,87,104,83,99,161,237,423,639,798,916,949,942,789,784,725,578,481,380,248,219,178,110,91,0,0
2025,2025-10-12,Northbound,Light Vehicles,53,37,19,13,37,74,161,228,387,587,722,841,916,834,813,689,578,509,358,264,182,126,70,55,0,0
2025,2025-10-12,Northbound,Heavy Vehicles,23,14,11,7,12,14,35,35,55,96,104,142,155,131,139,151,134,136,102,63,71,60,41,36,0,0
2025,2025-10-12,Southbound,Light Vehicles,46,32,22,25,32,83,187,339,605,890,1236,1238,1069,1066,978,848,770,610,355,259,191,125,61,34,0,0
2025,2025-10-12,Southbound,Heavy Vehicles,27,21,14,19,22,19,40,78,89,135,173,160,178,182,142,122,128,116,95,139,97,72,50,55,0,0
2025,2025-10-12,Northbound,All Vehicles,76,51,30,20,49,88,196,263,442,683,826,983,1071,965,952,840,712,645,460,327,253,186,111,91,0,0
2025,2025-10-12,Southbound,All Vehicles,73,53,36,44,54,102,227,417,694,1025,1409,1398,1247,1248,1120,970,898,726,450,398,288,197,111,89,0,0
2025,2025-10-13,Northbound,Heavy Vehicles,31,39,29,31,41,66,151,145,172,167,194,206,244,202,226,232,190,177,139,91,95,87,114,91,0,0
2025,2025-10-13,Southbound,Light Vehicles,30,18,24,47,91,145,215,318,399,497,586,594,652,572,491,549,454,382,230,147,99,74,37,21,0,0
2025,2025-10-13,Northbound,Light Vehicles,38,24,20,27,37,123,291,536,585,679,734,754,728,798,718,619,575,395,250,145,135,88,69,46,0,0
2025,2025-10-13,Southbound,Heavy Vehicles,44,38,29,36,56,79,88,112,125,150,156,154,154,158,148,141,151,118,131,120,145,98,77,60,0,0
2025,2025-10-13,Northbound,All Vehicles,69,63,49,58,78,189,442,681,757,846,928,960,972,1000,944,851,765,572,389,236,230,175,183,137,0,0
2025,2025-10-13,Southbound,All Vehicles,74,56,53,83,147,224,303,430,524,647,742,748,806,730,639,690,605,500,361,267,244,172,114,81,0,0
2025,2025-10-14,Northbound,Light Vehicles,25,24,18,16,24,86,263,432,515,519,529,502,562,645,548,468,459,372,223,127,125,67,47,33,0,0
2025,2025-10-14,Southbound,Heavy Vehicles,70,85,84,82,94,108,116,137,150,176,145,161,136,164,139,147,134,135,117,84,79,109,63,51,0,0
2025,2025-10-14,Southbound,Light Vehicles,12,16,17,16,55,118,196,263,357,464,507,516,485,427,429,463,385,358,213,155,85,72,34,15,0,0
2025,2025-10-14,Northbound,Heavy Vehicles,73,66,58,37,41,84,130,172,148,186,175,174,181,238,239,215,185,178,112,115,83,106,119,95,0,0
2025,2025-10-14,Northbound,All Vehicles,98,90,76,53,65,170,393,604,663,705,704,676,743,883,787,683,644,550,335,242,208,173,166,128,0,0
2025,2025-10-14,Southbound,All Vehicles,82,101,101,98,149,226,312,400,507,640,652,677,621,591,568,610,519,493,330,239,164,181,97,66,0,0
2025,2025-10-15,Northbound,Light Vehicles,27,22,17,19,25,102,254,424,505,524,547,531,576,569,656,561,505,401,270,198,131,88,53,43,0,0
2025,2025-10-15,Southbound,Light Vehicles,23,25,16,19,57,129,219,360,441,588,585,647,631,592,544,539,566,425,238,138,109,71,48,28,0,0
2025,2025-10-15,Southbound,Heavy Vehicles,55,89,89,72,102,126,152,165,166,201,184,163,206,177,185,176,148,146,156,120,116,93,79,68,0,0
2025,2025-10-15,Northbound,Heavy Vehicles,95,75,66,44,39,83,146,176,181,187,182,161,194,192,283,219,187,157,142,104,90,101,116,105,0,0
2025,2025-10-15,Northbound,All Vehicles,122,97,83,63,64,185,400,600,686,711,729,692,770,761,939,780,692,558,412,302,221,189,169,148,0,0
2025,2025-10-15,Southbound,All Vehicles,78,114,105,91,159,255,371,525,607,789,769,810,837,769,729,715,714,571,394,258,225,164,127,96,0,0
2025,2025-10-16,Northbound,Light Vehicles,25,25,20,22,48,122,244,473,581,762,915,881,883,881,845,670,580,539,356,301,169,176,89,57,0,0
2025,2025-10-16,Northbound,Heavy Vehicles,100,75,63,45,40,59,144,158,175,181,238,203,215,212,247,243,213,197,164,128,108,120,110,92,0,0
2025,2025-10-16,Southbound,Heavy Vehicles,88,88,84,106,106,114,137,147,199,174,187,182,217,185,177,169,148,173,124,123,111,81,68,52,0,0
2025,2025-10-16,Southbound,Light Vehicles,14,18,12,24,40,125,236,379,519,613,711,701,676,607,655,627,526,479,285,218,117,87,39,30,0,0
2025,2025-10-16,Northbound,All Vehicles,125,100,83,67,88,181,388,631,756,943,1153,1084,1098,1093,1092,913,793,736,520,429,277,296,199,149,0,0
2025,2025-10-16,Southbound,All Vehicles,102,106,96,130,146,239,373,526,718,787,898,883,893,792,832,796,674,652,409,341,228,168,107,82,0,0
2025,2025-10-17,Southbound,Heavy Vehicles,65,86,77,97,107,100,93,128,148,153,165,157,153,170,104,71,57,131,119,82,56,62,50,44,0,0
2025,2025-10-17,Southbound,Light Vehicles,12,16,22,24,39,107,238,350,450,603,659,632,597,549,340,361,358,518,438,196,109,78,60,28,0,0
2025,2025-10-17,Northbound,Heavy Vehicles,88,70,66,54,56,86,118,133,149,131,153,159,153,120,126,134,137,112,94,78,53,69,68,56,0,0
2025,2025-10-17,Northbound,Light Vehicles,40,27,21,30,35,97,211,383,455,491,540,549,561,523,497,556,486,452,344,278,170,135,80,62,0,0
2025,2025-10-17,Southbound,All Vehicles,77,102,99,121,146,207,331,478,598,756,824,789,750,719,444,432,415,649,557,278,165,140,110,72,0,0
2025,2025-10-17,Northbound,All Vehicles,128,97,87,84,91,183,329,516,604,622,693,708,714,643,623,690,623,564,438,356,223,204,148,118,0,0
2025,2025-10-18,Southbound,Light Vehicles,34,27,10,29,45,94,179,316,508,617,573,571,523,506,501,394,347,258,173,135,120,91,61,32,0,0
2025,2025-10-18,Northbound,Light Vehicles,35,18,20,15,24,70,132,251,371,477,570,596,499,499,467,427,367,304,233,157,133,105,61,41,0,0
2025,2025-10-18,Southbound,Heavy Vehicles,32,58,73,75,42,59,51,92,85,101,117,123,96,88,89,68,66,48,46,37,57,54,45,29,0,0
2025,2025-10-18,Northbound,Heavy Vehicles,54,47,41,21,15,33,50,68,80,88,98,78,74,83,86,64,79,54,51,53,29,19,30,14,0,0
2025,2025-10-18,Southbound,All Vehicles,66,85,83,104,87,153,230,408,593,718,690,694,619,594,590,462,413,306,219,172,177,145,106,61,0,0
2025,2025-10-18,Northbound,All Vehicles,89,65,61,36,39,103,182,319,451,565,668,674,573,582,553,491,446,358,284,210,162,124,91,55,0,0
2025,2025-10-19,Southbound,Light Vehicles,29,17,16,15,31,69,147,292,513,763,942,1067,1147,1126,1065,910,735,566,388,261,166,106,56,41,0,0
2025,2025-10-19,Southbound,Heavy Vehicles,23,23,11,21,7,27,25,82,98,103,154,177,173,178,160,157,150,152,113,113,94,75,50,36,0,0
2025,2025-10-19,Northbound,Heavy Vehicles,23,15,16,14,15,18,23,57,88,84,100,124,124,136,161,137,117,114,125,76,65,60,51,48,0,0
2025,2025-10-19,Northbound,Light Vehicles,31,29,19,13,23,47,110,162,358,610,698,835,913,817,941,738,663,560,390,266,199,120,71,51,0,0
2025,2025-10-19,Southbound,All Vehicles,52,40,27,36,38,96,172,374,611,866,1096,1244,1320,1304,1225,1067,885,718,501,374,260,181,106,77,0,0
2025,2025-10-19,Northbound,All Vehicles,54,44,35,27,38,65,133,219,446,694,798,959,1037,953,1102,875,780,674,515,342,264,180,122,99,0,0
2025,2025-10-20,Northbound,Light Vehicles,31,15,13,23,31,122,301,543,606,719,757,723,747,753,682,628,533,377,284,147,114,81,71,42,0,0
2025,2025-10-20,Southbound,Heavy Vehicles,44,40,31,29,45,80,83,126,128,154,152,162,200,142,112,132,134,129,114,137,111,95,81,70,0,0
2025,2025-10-20,Southbound,Light Vehicles,26,20,18,39,73,146,277,289,415,570,616,603,603,514,533,499,457,365,210,154,97,62,30,30,0,0
2025,2025-10-20,Northbound,Heavy Vehicles,20,19,29,18,31,65,116,150,161,170,174,180,180,204,208,184,167,155,97,106,86,100,88,83,0,0
2025,2025-10-20,Northbound,All Vehicles,51,34,42,41,62,187,417,693,767,889,931,903,927,957,890,812,700,532,381,253,200,181,159,125,0,0
2025,2025-10-20,Southbound,All Vehicles,70,60,49,68,118,226,360,415,543,724,768,765,803,656,645,631,591,494,324,291,208,157,111,100,0,0
2025,2025-10-21,Northbound,Light Vehicles,26,22,18,11,30,94,257,399,520,541,514,500,563,589,544,508,462,354,224,148,116,89,64,34,0,0
2025,2025-10-21,Northbound,Heavy Vehicles,75,70,51,49,40,67,138,170,181,147,165,160,194,193,180,215,172,135,132,120,109,120,132,104,0,0
2025,2025-10-21,Southbound,Heavy Vehicles,64,82,81,80,88,97,108,123,157,144,145,149,161,142,136,136,141,141,103,91,105,90,79,52,0,0
2025,2025-10-21,Southbound,Light Vehicles,14,8,18,16,54,116,192,293,386,456,487,497,465,475,395,423,430,342,215,144,102,61,40,23,0,0
2025,2025-10-21,Northbound,All Vehicles,101,92,69,60,70,161,395,569,701,688,679,660,757,782,724,723,634,489,356,268,225,209,196,138,0,0
2025,2025-10-21,Southbound,All Vehicles,78,90,99,96,142,213,300,416,543,600,632,646,626,617,531,559,571,483,318,235,207,151,119,75,0,0
2025,2025-10-22,Southbound,Heavy Vehicles,62,95,88,85,109,108,156,151,195,164,201,201,189,202,143,145,147,126,95,124,161,118,76,61,0,0
2025,2025-10-22,Northbound,Light Vehicles,19,18,11,16,29,93,267,434,533,536,559,555,562,608,353,533,708,366,250,169,117,83,75,43,0,0
2025,2025-10-22,Northbound,Heavy Vehicles,86,81,65,43,50,89,167,153,180,155,174,162,189,193,120,170,277,174,121,134,92,116,107,98,0,0
2025,2025-10-22,Southbound,Light Vehicles,26,19,18,31,55,131,226,379,445,573,632,590,584,544,543,548,494,429,270,149,123,60,47,38,0,0
2025,2025-10-22,Southbound,All Vehicles,88,114,106,116,164,239,382,530,640,737,833,791,773,746,686,693,641,555,365,273,284,178,123,99,0,0
2025,2025-10-22,Northbound,All Vehicles,105,99,76,59,79,182,434,587,713,691,733,717,751,801,473,703,985,540,371,303,209,199,182,141,0,0
2025,2025-10-23,Northbound,Heavy Vehicles,85,88,49,40,45,89,138,168,172,180,178,167,199,228,233,207,190,201,155,127,117,104,126,95,0,0
2025,2025-10-23,Northbound,Light Vehicles,30,31,28,30,39,92,238,476,555,620,665,611,648,715,662,658,544,485,344,238,156,152,92,61,0,0
2025,2025-10-23,Southbound,Heavy Vehicles,62,86,94,90,110,112,157,161,163,206,216,210,213,197,171,186,155,151,156,103,117,95,72,59,0,0
2025,2025-10-23,Southbound,Light Vehicles,13,25,19,27,53,128,230,353,520,620,715,673,698,648,615,591,562,435,307,180,148,95,60,30,0,0
2025,2025-10-23,Northbound,All Vehicles,115,119,77,70,84,181,376,644,727,800,843,778,847,943,895,865,734,686,499,365,273,256,218,156,0,0
2025,2025-10-23,Southbound,All Vehicles,75,111,113,117,163,240,387,514,683,826,931,883,911,845,786,777,717,586,463,283,265,190,132,89,0,0
2025,2025-10-24,Northbound,Light Vehicles,40,32,23,39,41,125,254,486,590,773,798,908,929,950,940,893,761,649,624,412,281,214,150,105,0,0
2025,2025-10-24,Southbound,Heavy Vehicles,63,98,88,79,106,103,134,173,186,207,254,217,200,194,142,154,131,105,96,79,83,57,46,45,0,0
2025,2025-10-24,Southbound,Light Vehicles,21,23,18,31,65,142,265,425,655,804,980,934,918,880,799,772,730,639,373,240,152,108,65,41,0,0
2025,2025-10-24,Northbound,Heavy Vehicles,87,91,65,38,46,80,124,122,157,160,155,180,193,173,195,163,186,146,141,111,81,77,70,75,0,0
2025,2025-10-24,Northbound,All Vehicles,127,123,88,77,87,205,378,608,747,933,953,1088,1122,1123,1135,1056,947,795,765,523,362,291,220,180,0,0
2025,2025-10-24,Southbound,All Vehicles,84,121,106,110,171,245,399,598,841,1011,1234,1151,1118,1074,941,926,861,744,469,319,235,165,111,86,0,0
2025,2025-10-25,Southbound,Light Vehicles,26,19,14,26,56,104,218,380,622,684,682,578,537,506,,388,336,258,185,135,126,86,64,41,0,0
2025,2025-10-25,Southbound,Heavy Vehicles,35,55,68,60,48,53,75,89,116,120,100,114,80,86,,86,74,52,41,45,59,45,33,19,0,0
2025,2025-10-25,Northbound,Heavy Vehicles,54,37,35,26,29,30,58,59,74,91,79,99,87,77,79,70,72,67,63,49,38,34,25,21,0,0
2025,2025-10-25,Northbound,Light Vehicles,51,21,28,22,31,80,134,269,405,539,631,614,580,506,454,422,350,308,246,165,117,103,71,45,0,0
2025,2025-10-25,Southbound,All Vehicles,61,74,82,86,104,157,293,469,738,804,782,692,617,592,,474,410,310,226,180,185,131,97,60,0,0
2025,2025-10-25,Northbound,All Vehicles,105,58,63,48,60,110,192,328,479,630,710,713,667,583,533,492,422,375,309,214,155,137,96,66,0,0
2025,2025-10-26,Northbound,Heavy Vehicles,14,20,19,8,10,16,31,50,65,89,125,132,127,151,137,140,122,119,93,83,61,73,56,25,0,0
2025,2025-10-26,Southbound,Light Vehicles,34,9,14,16,32,75,158,281,501,718,1011,1054,931,990,918,833,645,468,300,226,136,89,57,34,0,0
2025,2025-10-26,Southbound,Heavy Vehicles,20,18,24,17,22,15,28,56,87,123,157,167,149,144,151,167,131,131,103,115,95,76,54,45,0,0
2025,2025-10-26,Northbound,Light Vehicles,37,34,32,22,27,50,112,223,351,591,655,906,886,926,904,830,716,593,343,231,175,125,58,46,0,0
2025,2025-10-26,Northbound,All Vehicles,51,54,51,30,37,66,143,273,416,680,780,1038,1013,1077,1041,970,838,712,436,314,236,198,114,71,0,0
2025,2025-10-26,Southbound,All Vehicles,54,27,38,33,54,90,186,337,588,841,1168,1221,1080,1134,1069,1000,776,599,403,341,231,165,111,79,0,0
2025,2025-10-27,Northbound,Light Vehicles,29,21,25,20,42,114,258,526,590,626,689,742,757,751,674,629,435,354,256,155,96,95,49,39,0,0
2025,2025-10-27,Southbound,Heavy Vehicles,42,29,40,45,53,81,95,111,126,128,158,166,161,168,148,122,136,122,127,116,119,93,92,63,0,0
2025,2025-10-27,Northbound,Heavy Vehicles,31,26,22,31,32,84,152,181,179,195,188,228,220,198,230,178,178,146,107,99,79,100,101,75,0,0
2025,2025-10-27,Southbound,Light Vehicles,28,21,31,38,77,157,230,282,417,517,600,580,547,535,507,507,461,401,262,180,94,69,31,24,0,0
2025,2025-10-27,Northbound,All Vehicles,60,47,47,51,74,198,410,707,769,821,877,970,977,949,904,807,613,500,363,254,175,195,150,114,0,0
2025,2025-10-27,Southbound,All Vehicles,70,50,71,83,130,238,325,393,543,645,758,746,708,703,655,629,597,523,389,296,213,162,123,87,0,0
2025,2025-10-28,Southbound,Heavy Vehicles,56,96,74,95,98,111,128,160,186,206,232,214,216,169,141,173,147,148,107,135,109,99,85,46,0,0
2025,2025-10-28,Northbound,Light Vehicles,23,28,16,25,27,98,217,406,453,491,506,500,544,534,578,505,484,339,227,136,77,78,59,24,0,0
2025,2025-10-28,Southbound,Light Vehicles,20,15,13,28,43,142,233,327,479,547,656,645,597,509,491,552,514,377,241,133,82,75,38,28,0,0
2025,2025-10-28,Northbound,Heavy Vehicles,81,70,47,43,43,79,120,164,188,154,165,189,182,197,218,232,179,141,132,73,46,66,118,91,0,0
2025,2025-10-28,Southbound,All Vehicles,76,111,87,123,141,253,361,487,665,753,888,859,813,678,632,725,661,525,348,268,191,174,123,74,0,0
2025,2025-10-28,Northbound,All Vehicles,104,98,63,68,70,177,337,570,641,645,671,689,726,731,796,737,663,480,359,209,123,144,177,115,0,0
2025,2025-10-29,Northbound,Light Vehicles,24,30,16,20,26,106,201,442,491,561,519,571,527,589,595,554,491,376,260,170,124,85,57,31,0,0
2025,2025-10-29,Southbound,Light Vehicles,15,17,18,20,47,115,210,329,446,515,601,614,620,585,556,524,513,400,225,162,112,69,41,28,0,0
2025,2025-10-29,Northbound,Heavy Vehicles,87,80,67,54,32,79,123,148,168,148,185,176,197,184,233,197,201,172,145,89,107,119,116,91,0,0
2025,2025-10-29,Southbound,Heavy Vehicles,60,101,80,78,94,110,118,165,162,187,196,193,190,201,166,144,161,160,149,130,142,91,88,46,0,0
2025,2025-10-29,Northbound,All Vehicles,111,110,83,74,58,185,324,590,659,709,704,747,724,773,828,751,692,548,405,259,231,204,173,122,0,0
2025,2025-10-29,Southbound,All Vehicles,75,118,98,98,141,225,328,494,608,702,797,807,810,786,722,668,674,560,374,292,254,160,129,74,0,0
2025,2025-10-30,Southbound,Heavy Vehicles,61,98,74,97,127,109,151,156,203,219,204,203,187,174,179,148,160,144,129,122,105,86,66,60,0,0
2025,2025-10-30,Southbound,Light Vehicles,13,22,21,23,36,128,207,373,465,537,623,668,675,643,636,602,548,443,305,187,140,90,46,36,0,0
2025,2025-10-30,Northbound,Light Vehicles,16,22,11,17,30,93,181,359,428,432,472,470,450,490,490,442,430,329,284,178,136,77,73,36,0,0
2025,2025-10-30,Northbound,Heavy Vehicles,90,68,56,45,41,76,136,148,153,145,147,134,181,160,197,163,157,140,121,112,105,93,115,87,0,0
2025,2025-10-30,Southbound,All Vehicles,74,120,95,120,163,237,358,529,668,756,827,871,862,817,815,750,708,587,434,309,245,176,112,96,0,0
2025,2025-10-30,Northbound,All Vehicles,106,90,67,62,71,169,317,507,581,577,619,604,631,650,687,605,587,469,405,290,241,170,188,123,0,0
2025,2025-10-31,Northbound,Heavy Vehicles,103,79,74,32,49,86,119,157,170,198,169,187,185,195,226,202,178,173,136,110,93,84,91,68,0,0
2025,2025-10-31,Southbound,Light Vehicles,19,26,19,26,50,127,241,359,586,793,886,861,750,861,828,791,690,584,364,262,169,113,70,43,0,0
2025,2025-10-31,Northbound,Light Vehicles,47,36,11,29,40,107,249,417,532,688,811,823,831,855,907,855,781,680,528,391,283,164,123,76,0,0
2025,2025-10-31,Southbound,Heavy Vehicles,66,75,104,97,104,104,119,153,169,171,232,198,194,217,169,178,146,126,89,79,94,61,55,47,0,0
2025,2025-10-31,Northbound,All Vehicles,150,115,85,61,89,193,368,574,702,886,980,1010,1016,1050,1133,1057,959,853,664,501,376,248,214,144,0,0
2025,2025-10-31,Southbound,All Vehicles,85,101,123,123,154,231,360,512,755,964,1118,1059,944,1078,997,969,836,710,453,341,263,174,125,90,0,0
2025,2025-11-01,Southbound,Heavy Vehicles,54,49,66,68,57,62,77,79,108,130,150,130,122,131,103,92,86,62,58,51,48,52,31,30,0,0
2025,2025-11-01,Northbound,Heavy Vehicles,65,40,42,22,18,31,44,69,110,107,113,120,122,91,116,112,84,89,65,42,46,33,41,21,0,0
2025,2025-11-01,Northbound,Light Vehicles,51,30,23,22,31,67,157,320,473,658,741,820,754,678,683,567,475,399,292,190,145,145,86,49,0,0
2025,2025-11-01,Southbound,Light Vehicles,48,26,32,27,47,108,197,388,611,743,814,774,741,656,597,547,390,282,216,153,113,84,62,49,0,0
2025,2025-11-01,Southbound,All Vehicles,102,75,98,95,104,170,274,467,719,873,964,904,863,787,700,639,476,344,274,204,161,136,93,79,0,0
2025,2025-11-01,Northbound,All Vehicles,116,70,65,44,49,98,201,389,583,765,854,940,876,769,799,679,559,488,357,232,191,178,127,70,0,0
2025,2025-11-02,Northbound,Light Vehicles,49,61,37,21,34,50,112,232,369,549,738,904,952,888,789,803,671,541,360,243,184,105,94,51,0,0
2025,2025-11-02,Southbound,Light Vehicles,26,27,16,22,29,73,162,277,469,712,984,990,1057,1070,1016,769,588,457,325,229,154,96,47,30,0,0
2025,2025-11-02,Northbound,Heavy Vehicles,18,16,14,13,8,15,28,50,64,110,120,147,150,144,155,135,148,128,103,67,74,58,51,28,0,0
2025,2025-11-02,Southbound,Heavy Vehicles,17,26,14,13,17,25,39,75,93,124,142,178,147,175,158,139,132,120,106,98,93,57,54,43,0,0
2025,2025-11-02,Northbound,All Vehicles,67,77,51,34,42,65,140,282,433,659,858,1051,1102,1032,944,938,819,669,463,310,258,163,145,79,0,0
2025,2025-11-02,Southbound,All Vehicles,43,53,30,35,46,98,201,352,562,836,1126,1168,1204,1245,1174,908,720,577,431,327,247,153,101,73,0,0
2025,2025-11-03,Northbound,Heavy Vehicles,33,23,34,26,33,69,145,193,214,179,185,196,174,200,201,200,191,164,104,123,79,112,94,91,0,0
2025,2025-11-03,Southbound,Light Vehicles,26,16,20,40,86,176,246,357,488,687,715,712,641,632,637,621,517,469,260,171,122,94,46,29,0,0
2025,2025-11-03,Northbound,Light Vehicles,36,13,21,18,44,111,267,498,579,611,713,695,707,753,685,677,462,380,252,154,107,83,46,33,0,0
2025,2025-11-03,Southbound,Heavy Vehicles,40,31,25,33,75,78,108,129,177,188,188,214,190,175,165,160,168,152,156,128,125,103,96,66,0,0
2025,2025-11-03,Northbound,All Vehicles,69,36,55,44,77,180,412,691,793,790,898,891,881,953,886,877,653,544,356,277,186,195,140,124,0,0
2025,2025-11-03,Southbound,All Vehicles,66,47,45,73,161,254,354,486,665,875,903,926,831,807,802,781,685,621,416,299,247,197,142,95,0,0
2025,2025-11-04,Southbound,Heavy Vehicles,65,90,98,95,98,99,143,170,186,196,180,187,195,179,138,157,156,141,140,135,111,103,81,65,0,0
2025,2025-11-04,Northbound,Light Vehicles,24,33,16,25,35,90,221,402,486,446,501,536,529,516,469,491,434,336,213,148,119,77,53,42,0,0
2025,2025-11-04,Northbound,Heavy Vehicles,64,83,69,34,45,71,149,140,178,147,172,159,176,192,228,190,168,170,138,113,74,113,107,98,0,0
2025,2025-11-04,Southbound,Light Vehicles,18,15,23,26,64,140,229,327,404,500,559,615,602,531,514,510,498,410,253,156,118,61,43,21,0,0
2025,2025-11-04,Southbound,All Vehicles,83,105,121,121,162,239,372,497,590,696,739,802,797,710,652,667,654,551,393,291,229,164,124,86,0,0
2025,2025-11-04,Northbound,All Vehicles,88,116,85,59,80,161,370,542,664,593,673,695,705,708,697,681,602,506,351,261,193,190,160,140,0,0
2025,2025-11-05,Northbound,Light Vehicles,22,21,18,30,29,100,255,441,483,551,546,579,573,663,598,630,505,390,258,206,110,111,62,45,0,0
2025,2025-11-05,Northbound,Heavy Vehicles,88,74,66,58,45,83,156,189,179,148,150,190,174,210,223,187,198,140,109,97,92,94,111,75,0,0
2025,2025-11-05,Southbound,Heavy Vehicles,64,77,85,91,95,122,137,176,165,197,180,199,190,181,180,167,156,138,141,137,107,102,86,46,0,0
2025,2025-11-05,Southbound,Light Vehicles,15,12,14,30,44,115,238,324,411,582,595,642,566,549,585,567,564,438,234,146,123,90,31,39,0,0
2025,2025-11-05,Northbound,All Vehicles,110,95,84,88,74,183,411,630,662,699,696,769,747,873,821,817,703,530,367,303,202,205,173,120,0,0
2025,2025-11-05,Southbound,All Vehicles,79,89,99,121,139,237,375,500,576,779,775,841,756,730,765,734,720,576,375,283,230,192,117,85,0,0
2025,2025-11-06,Northbound,Light Vehicles,36,26,12,25,34,116,248,474,601,593,686,682,724,780,787,700,598,537,381,286,203,175,114,72,0,0
2025,2025-11-06,Northbound,Heavy Vehicles,77,85,48,51,43,81,147,164,219,175,190,195,216,230,230,223,193,165,131,150,136,114,120,89,0,0
2025,2025-11-06,Southbound,Heavy Vehicles,74,82,96,102,111,107,149,154,205,176,201,193,203,178,181,163,170,138,109,115,96,107,77,33,0,0
2025,2025-11-06,Southbound,Light Vehicles,19,24,24,31,56,139,252,353,532,600,672,743,702,678,662,603,584,499,346,220,152,114,50,32,0,0
2025,2025-11-06,Northbound,All Vehicles,113,111,60,76,77,197,395,638,820,768,876,877,940,1010,1017,923,791,702,512,436,339,289,234,161,0,0
2025,2025-11-06,Southbound,All Vehicles,93,106,120,133,167,246,401,507,737,776,873,936,905,856,843,766,754,637,455,335,248,221,127,65,0,0
2025,2025-11-07,Northbound,Light Vehicles,35,27,26,33,35,106,257,467,624,728,764,833,870,871,890,808,802,714,622,397,284,188,127,75,0,0
2025,2025-11-07,Southbound,Light Vehicles,17,25,26,40,57,139,267,424,612,818,904,954,1023,867,843,769,713,575,426,238,185,118,79,37,0,0
2025,2025-11-07,Northbound,Heavy Vehicles,75,95,73,39,49,79,136,144,178,172,175,191,226,198,234,209,195,152,183,94,83,93,91,72,0,0
2025,2025-11-07,Southbound,Heavy Vehicles,46,78,96,99,109,124,144,142,184,221,220,206,248,190,181,146,152,113,110,81,77,68,56,54,0,0
2025,2025-11-07,Northbound,All Vehicles,110,122,99,72,84,185,393,611,802,900,939,1024,1096,1069,1124,1017,997,866,805,491,367,281,218,147,0,0
2025,2025-11-07,Southbound,All Vehicles,63,103,122,139,166,263,411,566,796,1039,1124,1160,1271,1057,1024,915,865,688,536,319,262,186,135,91,0,0
2025,2025-11-08,Northbound,Heavy Vehicles,64,33,29,29,22,32,55,72,80,103,110,105,106,99,111,97,92,74,58,51,44,33,24,22,0,0
2025,2025-11-08,Southbound,Heavy Vehicles,44,60,68,69,63,64,71,105,110,123,120,123,145,111,102,85,70,59,73,47,60,46,38,36,0,0
2025,2025-11-08,Southbound,Light Vehicles,41,35,30,29,47,100,222,426,609,798,920,845,708,722,624,516,349,321,225,163,153,125,81,57,0,0
2025,2025-11-08,Northbound,Light Vehicles,45,33,25,20,37,83,154,314,500,665,769,800,736,752,651,563,521,375,271,174,150,87,84,120,0,0
2025,2025-11-08,Northbound,All Vehicles,109,66,54,49,59,115,209,386,580,768,879,905,842,851,762,660,613,449,329,225,194,120,108,142,0,0
2025,2025-11-08,Southbound,All Vehicles,85,95,98,98,110,164,293,531,719,921,1040,968,853,833,726,601,419,380,298,210,213,171,119,93,0,0
2025,2025-11-09,Northbound,Heavy Vehicles,17,17,20,12,9,11,33,47,81,99,122,139,135,164,159,124,141,140,110,75,70,62,52,38,0,0
2025,2025-11-09,Southbound,Light Vehicles,28,19,15,21,31,90,133,316,507,814,1102,1209,1137,1035,1008,888,701,,387,245,154,115,67,29,0,0
2025,2025-11-09,Northbound,Light Vehicles,69,29,20,15,30,73,116,193,377,579,715,883,931,978,877,830,733,573,458,296,224,133,100,80,0,0
2025,2025-11-09,Southbound,Heavy Vehicles,27,22,17,20,16,23,25,71,85,153,181,163,183,172,144,135,132,,119,99,79,68,49,42,0,0
2025,2025-11-09,Northbound,All Vehicles,86,46,40,27,39,84,149,240,458,678,837,1022,1066,1142,1036,954,874,713,568,371,294,195,152,118,0,0
2025,2025-11-09,Southbound,All Vehicles,55,41,32,41,47,113,158,387,592,967,1283,1372,1320,1207,1152,1023,833,,506,344,233,183,116,71,0,0
2025,2025-11-10,Southbound,Heavy Vehicles,49,30,46,38,67,80,114,135,177,203,225,200,205,185,146,182,160,150,148,135,140,109,84,73,0,0
2025,2025-11-10,Southbound,Light Vehicles,20,14,28,56,72,178,285,383,548,712,826,848,764,666,621,601,545,464,251,167,116,61,46,17,0,0
2025,2025-11-10,Northbound,Light Vehicles,38,30,20,22,37,121,316,526,580,619,703,701,754,737,779,652,539,381,254,176,114,83,61,44,0,0
2025,2025-11-10,Northbound,Heavy Vehicles,31,21,24,25,31,78,135,171,184,183,175,212,201,213,223,186,221,138,108,101,107,87,114,68,0,0
2025,2025-11-10,Southbound,All Vehicles,69,44,74,94,139,258,399,518,725,915,1051,1048,969,851,767,783,705,614,399,302,256,170,130,90,0,0
2025,2025-11-10,Northbound,All Vehicles,69,51,44,47,68,199,451,697,764,802,878,913,955,950,1002,838,760,519,362,277,221,170,175,112,0,0
2025,2025-11-11,Southbound,Heavy Vehicles,65,97,88,94,97,136,155,158,181,201,191,180,167,163,151,149,174,144,126,124,118,81,81,59,0,0
2025,2025-11-11,Southbound,Light Vehicles,12,15,16,23,48,128,227,306,382,522,579,600,555,513,565,543,503,383,249,168,101,87,40,15,0,0
2025,2025-11-11,Northbound,Heavy Vehicles,80,70,65,38,55,91,146,185,150,150,170,156,165,214,202,227,211,154,140,119,95,105,148,84,0,0
2025,2025-11-11,Northbound,Light Vehicles,31,21,15,24,33,102,247,424,508,497,595,517,550,611,587,507,451,396,218,159,112,89,63,48,0,0
2025,2025-11-11,Southbound,All Vehicles,77,112,104,117,145,264,382,464,563,723,770,780,722,676,716,692,677,527,375,292,219,168,121,74,0,0
2025,2025-11-11,Northbound,All Vehicles,111,91,80,62,88,193,393,609,658,647,765,673,715,825,789,734,662,550,358,278,207,194,211,132,0,0
2025,2025-11-12,Southbound,Heavy Vehicles,69,94,82,80,106,115,139,183,,201,194,194,170,151,171,176,179,154,131,148,120,108,87,53,0,0
2025,2025-11-12,Southbound,Light Vehicles,21,29,12,15,57,140,244,368,,559,599,602,564,563,571,592,486,428,278,157,147,117,72,30,0,0
2025,2025-11-12,Northbound,Heavy Vehicles,100,73,61,31,50,68,167,163,191,167,173,174,180,214,205,214,198,177,120,100,101,134,122,95,0,0
2025,2025-11-12,Northbound,Light Vehicles,22,24,16,19,33,108,259,416,503,541,580,559,558,660,598,550,497,385,275,182,132,123,69,40,0,0
2025,2025-11-12,Southbound,All Vehicles,90,123,94,95,163,255,383,551,,760,793,796,734,714,742,768,665,582,409,305,267,225,159,83,0,0
2025,2025-11-12,Northbound,All Vehicles,122,97,77,50,83,176,426,579,694,708,753,733,738,874,803,764,695,562,395,282,233,257,191,135,0,0
2025,2025-11-13,Southbound,Heavy Vehicles,68,99,90,116,117,108,165,169,216,215,222,234,205,198,181,191,167,146,136,122,111,87,88,40,0,0
2025,2025-11-13,Northbound,Light Vehicles,29,26,23,29,21,124,255,447,597,601,674,675,683,704,658,605,547,466,376,238,176,140,111,58,0,0
2025,2025-11-13,Southbound,Light Vehicles,20,14,20,27,50,147,220,370,509,578,682,697,683,623,634,570,600,480,326,199,131,110,55,34,0,0
2025,2025-11-13,Northbound,Heavy Vehicles,94,84,56,43,52,77,138,170,151,176,186,179,186,214,223,211,204,172,142,111,123,112,126,99,0,0
2025,2025-11-13,Southbound,All Vehicles,88,113,110,143,167,255,385,539,725,793,904,931,888,821,815,761,767,626,462,321,242,197,143,74,0,0
2025,2025-11-13,Northbound,All Vehicles,123,110,79,72,73,201,393,617,748,777,860,854,869,918,881,816,751,638,518,349,299,252,237,157,0,0
2025,2025-11-14,Northbound,Light Vehicles,35,27,18,19,38,107,254,443,598,650,787,887,833,907,884,927,760,711,611,417,321,236,127,68,0,0
2025,2025-11-14,Southbound,Light Vehicles,32,23,26,24,51,129,271,413,602,762,930,980,913,866,851,750,805,671,415,245,147,129,68,54,0,0
2025,2025-11-14,Southbound,Heavy Vehicles,56,76,99,83,117,110,127,181,200,208,216,240,216,222,177,160,156,123,92,89,65,63,63,60,0,0
2025,2025-11-14,Northbound,Heavy Vehicles,113,95,59,47,44,63,130,174,166,164,187,183,179,197,211,208,191,170,148,104,84,107,93,62,0,0
2025,2025-11-14,Northbound,All Vehicles,148,122,77,66,82,170,384,617,764,814,974,1070,1012,1104,1095,1135,951,881,759,521,405,343,220,130,0,0
2025,2025-11-14,Southbound,All Vehicles,88,99,125,107,168,239,398,594,802,970,1146,1220,1129,1088,1028,910,961,794,507,334,212,192,131,114,0,0
2025,2025-11-15,Northbound,Heavy Vehicles,65,50,39,17,20,28,44,76,70,111,91,101,90,91,104,95,91,74,57,51,35,38,28,26,0,0
2025,2025-11-15,Southbound,Light Vehicles,35,36,25,31,50,106,255,458,697,825,841,865,722,633,597,531,401,326,241,126,109,77,57,40,0,0
2025,2025-11-15,Northbound,Light Vehicles,33,18,24,23,47,59,154,338,495,688,820,860,758,747,688,565,487,420,307,200,134,135,76,64,0,0
2025,2025-11-15,Southbound,Heavy Vehicles,45,64,59,74,54,52,64,89,114,137,142,122,119,93,119,92,80,68,71,42,48,50,34,32,0,0
2025,2025-11-15,Northbound,All Vehicles,98,68,63,40,67,87,198,414,565,799,911,961,848,838,792,660,578,494,364,251,169,173,104,90,0,0
2025,2025-11-15,Southbound,All Vehicles,80,100,84,105,104,158,319,547,811,962,983,987,841,726,716,623,481,394,312,168,157,127,91,72,0,0
2025,2025-11-16,Northbound,Light Vehicles,35,21,42,33,29,53,131,209,409,532,754,847,899,930,968,860,728,567,430,279,278,185,100,49,0,0
2025,2025-11-16,Southbound,Light Vehicles,24,26,18,18,31,56,141,285,448,787,1116,1200,1026,905,908,825,701,418,357,289,179,103,57,33,0,0
2025,2025-11-16,Northbound,Heavy Vehicles,14,16,12,16,8,16,39,39,60,99,119,137,180,158,161,140,139,124,103,88,78,62,54,43,0,0
2025,2025-11-16,Southbound,Heavy Vehicles,18,23,14,24,14,24,34,49,89,147,165,209,156,131,143,137,117,105,119,107,71,66,67,30,0,0
2025,2025-11-16,Northbound,All Vehicles,49,37,54,49,37,69,170,248,469,631,873,984,1079,1088,1129,1000,867,691,533,367,356,247,154,92,0,0
2025,2025-11-16,Southbound,All Vehicles,42,49,32,42,45,80,175,334,537,934,1281,1409,1182,1036,1051,962,818,523,476,396,250,169,124,63,0,0
2025,2025-11-17,Southbound,Heavy Vehicles,51,37,25,33,60,93,89,138,144,141,193,209,176,182,130,157,163,137,131,150,137,125,88,59,0,0
2025,2025-11-17,Northbound,Heavy Vehicles,34,28,18,22,36,71,153,160,180,167,186,183,212,215,198,183,185,153,146,112,101,91,111,64,0,0
2025,2025-11-17,Southbound,Light Vehicles,26,18,19,35,97,189,274,390,476,706,765,784,678,683,666,591,596,394,279,168,101,73,35,30,0,0
2025,2025-11-17,Northbound,Light Vehicles,23,27,19,22,24,123,309,553,550,651,715,766,803,744,733,629,512,388,237,182,110,67,52,33,0,0
2025,2025-11-17,Southbound,All Vehicles,77,55,44,68,157,282,363,528,620,847,958,993,854,865,796,748,759,531,410,318,238,198,123,89,0,0
2025,2025-11-17,Northbound,All Vehicles,57,55,37,44,60,194,462,713,730,818,901,949,1015,959,931,812,697,541,383,294,211,158,163,97,0,0
2025,2025-11-18,Northbound,Light Vehicles,24,21,19,21,25,121,257,422,507,528,551,503,521,550,573,550,477,339,276,173,113,72,62,34,0,0
2025,2025-11-18,Northbound,Heavy Vehicles,93,85,61,38,43,79,145,140,154,162,161,183,167,196,223,199,195,127,145,125,86,122,127,91,0,0
2025,2025-11-18,Southbound,Heavy Vehicles,69,76,97,89,97,129,119,154,141,199,199,179,207,170,166,161,147,129,125,122,117,84,73,52,0,0
2025,2025-11-18,Southbound,Light Vehicles,18,17,13,28,50,125,225,353,439,507,573,586,532,531,568,544,501,428,255,152,119,66,42,29,0,0
2025,2025-11-18,Northbound,All Vehicles,117,106,80,59,68,200,402,562,661,690,712,686,688,746,796,749,672,466,421,298,199,194,189,125,0,0
2025,2025-11-18,Southbound,All Vehicles,87,93,110,117,147,254,344,507,580,706,772,765,739,701,734,705,648,557,380,274,236,150,115,81,0,0
2025,2025-11-19,Southbound,Light Vehicles,22,14,22,18,50,126,208,356,481,520,629,668,611,594,560,617,562,430,291,173,115,80,63,31,0,0
2025,2025-11-19,Southbound,Heavy Vehicles,52,85,109,88,97,124,136,176,172,183,204,197,208,204,178,166,163,151,138,141,115,88,69,73,0,0
2025,2025-11-19,Northbound,Light Vehicles,39,26,15,20,20,99,253,435,512,526,554,514,538,618,551,535,509,345,273,189,134,96,73,57,0,0
2025,2025-11-19,Northbound,Heavy Vehicles,95,94,53,49,52,76,171,166,188,168,160,172,198,201,229,220,199,162,130,122,101,116,121,85,0,0
2025,2025-11-19,Southbound,All Vehicles,74,99,131,106,147,250,344,532,653,703,833,865,819,798,738,783,725,581,429,314,230,168,132,104,0,0
2025,2025-11-19,Northbound,All Vehicles,134,120,68,69,72,175,424,601,700,694,714,686,736,819,780,755,708,507,403,311,235,212,194,142,0,0
2025,2025-11-20,Southbound,Light Vehicles,23,24,22,32,49,135,251,399,525,677,788,729,707,640,616,628,616,467,307,226,151,94,56,35,0,0
2025,2025-11-20,Northbound,Light Vehicles,38,24,15,22,30,124,236,475,544,545,617,654,647,679,640,653,550,428,374,205,109,133,94,54,0,0
2025,2025-11-20,Northbound,Heavy Vehicles,109,84,69,45,51,85,149,149,203,189,189,195,196,214,219,204,205,153,179,98,47,122,136,87,0,0
2025,2025-11-20,Southbound,Heavy Vehicles,86,99,88,83,125,110,144,167,171,227,226,194,211,204,174,168,154,133,119,144,109,96,71,55,0,0
2025,2025-11-20,Southbound,All Vehicles,109,123,110,115,174,245,395,566,696,904,1014,923,918,844,790,796,770,600,426,370,260,190,127,90,0,0
2025,2025-11-20,Northbound,All Vehicles,147,108,84,67,81,209,385,624,747,734,806,849,843,893,859,857,755,581,553,303,156,255,230,141,0,0
2025,2025-11-21,Northbound,Light Vehicles,31,23,15,26,37,107,258,420,583,680,770,850,897,870,980,900,813,750,593,404,346,203,142,78,0,0
2025,2025-11-21,Northbound,Heavy Vehicles,96,80,57,37,54,73,126,147,196,167,170,192,178,183,214,217,209,195,161,108,101,79,92,80,0,0
2025,2025-11-21,Southbound,Light Vehicles,22,21,23,31,47,125,284,438,708,865,1041,935,953,847,736,712,747,595,381,238,150,107,80,47,0,0
2025,2025-11-21,Southbound,Heavy Vehicles,61,85,91,88,116,115,167,175,201,236,239,243,200,195,160,158,128,133,126,85,70,62,57,47,0,0
2025,2025-11-21,Northbound,All Vehicles,127,103,72,63,91,180,384,567,779,847,940,1042,1075,1053,1194,1117,1022,945,754,512,447,282,234,158,0,0
2025,2025-11-21,Southbound,All Vehicles,83,106,114,119,163,240,451,613,909,1101,1280,1178,1153,1042,896,870,875,728,507,323,220,169,137,94,0,0
2025,2025-11-22,Southbound,Light Vehicles,40,25,20,24,48,102,175,366,580,694,768,756,672,605,602,502,427,327,216,156,101,118,77,62,0,0
2025,2025-11-22,Northbound,Heavy Vehicles,63,49,35,30,21,34,56,83,105,114,129,122,121,99,102,70,106,90,100,72,38,27,25,16,0,0
2025,2025-11-22,Southbound,Heavy Vehicles,49,49,73,68,80,54,70,109,120,149,131,152,103,133,107,89,87,51,61,62,40,47,43,40,0,0
2025,2025-11-22,Northbound,Light Vehicles,61,30,36,31,45,74,161,300,510,666,739,800,776,684,650,512,566,528,336,222,152,112,104,57,0,0
2025,2025-11-22,Southbound,All Vehicles,89,74,93,92,128,156,245,475,700,843,899,908,775,738,709,591,514,378,277,218,141,165,120,102,0,0
2025,2025-11-22,Northbound,All Vehicles,124,79,71,61,66,108,217,383,615,780,868,922,897,783,752,582,672,618,436,294,190,139,129,73,0,0
2025,2025-11-23,Southbound,Light Vehicles,33,24,16,25,25,66,138,286,534,809,1053,1192,1030,1008,957,867,674,536,350,232,159,79,53,28,0,0
2025,2025-11-23,Southbound,Heavy Vehicles,25,22,23,17,19,23,30,56,76,134,185,159,174,177,157,139,133,128,107,106,99,87,45,49,0,0
2025,2025-11-23,Northbound,Heavy Vehicles,19,14,16,11,8,18,29,46,72,92,124,149,149,148,183,149,136,125,101,100,53,66,67,29,0,0
2025,2025-11-23,Northbound,Light Vehicles,39,24,15,20,22,61,107,195,366,514,731,865,801,920,863,830,678,555,405,253,206,136,68,46,0,0
2025,2025-11-23,Southbound,All Vehicles,58,46,39,42,44,89,168,342,610,943,1238,1351,1204,1185,1114,1006,807,664,457,338,258,166,98,77,0,0
2025,2025-11-23,Northbound,All Vehicles,58,38,31,31,30,79,136,241,438,606,855,1014,950,1068,1046,979,814,680,506,353,259,202,135,75,0,0
2025,2025-11-24,Northbound,Light Vehicles,40,24,21,28,46,95,326,522,576,632,690,679,745,754,685,637,499,401,233,144,135,75,50,36,0,0
2025,2025-11-24,Southbound,Light Vehicles,32,19,30,39,78,169,287,398,573,712,817,815,676,695,633,594,604,476,296,181,135,67,29,25,0,0
2025,2025-11-24,Northbound,Heavy Vehicles,26,34,30,31,29,77,153,149,186,182,169,178,188,221,233,200,220,143,105,102,91,107,101,89,0,0
2025,2025-11-24,Southbound,Heavy Vehicles,49,39,39,36,59,96,137,131,165,186,201,216,162,162,167,144,186,161,127,143,114,86,84,54,0,0
2025,2025-11-24,Northbound,All Vehicles,66,58,51,59,75,172,479,671,762,814,859,857,933,975,918,837,719,544,338,246,226,182,151,125,0,0
2025,2025-11-24,Southbound,All Vehicles,81,58,69,75,137,265,424,529,738,898,1018,1031,838,857,800,738,790,637,423,324,249,153,113,79,0,0
2025,2025-11-25,Southbound,Heavy Vehicles,69,79,89,91,93,107,144,163,180,208,220,210,179,179,152,155,187,159,123,141,101,90,67,61,0,0
2025,2025-11-25,Southbound,Light Vehicles,22,16,14,13,51,131,246,405,477,604,675,652,609,602,557,492,507,387,240,171,98,67,37,15,0,0
2025,2025-11-25,Northbound,Heavy Vehicles,70,80,59,39,43,80,167,184,176,163,177,155,189,171,206,199,193,148,142,119,105,109,109,95,0,0
2025,2025-11-25,Northbound,Light Vehicles,28,23,14,21,24,97,261,482,530,535,525,523,530,516,549,589,522,334,236,134,105,89,53,48,0,0
2025,2025-11-25,Southbound,All Vehicles,91,95,103,104,144,238,390,568,657,812,895,862,788,781,709,647,694,546,363,312,199,157,104,76,0,0
2025,2025-11-25,Northbound,All Vehicles,98,103,73,60,67,177,428,666,706,698,702,678,719,687,755,788,715,482,378,253,210,198,162,143,0,0
2025,2025-11-26,Northbound,Heavy Vehicles,100,83,54,47,45,83,147,166,173,148,170,183,198,191,224,216,36,168,164,101,126,130,122,78,0,0
2025,2025-11-26,Southbound,Heavy Vehicles,74,80,90,78,106,122,141,169,178,205,193,202,183,183,166,184,154,176,142,119,103,103,90,66,0,0
2025,2025-11-26,Northbound,Light Vehicles,17,18,25,32,34,101,261,484,538,570,577,586,619,703,647,620,87,382,290,185,129,94,60,53,0,0
2025,2025-11-26,Southbound,Light Vehicles,21,13,18,19,49,147,256,357,477,627,625,645,680,574,576,577,410,457,276,168,118,81,49,27,0,0
2025,2025-11-26,Northbound,All Vehicles,117,101,79,79,79,184,408,650,711,718,747,769,817,894,871,836,123,550,454,286,255,224,182,131,0,0
2025,2025-11-26,Southbound,All Vehicles,95,93,108,97,155,269,397,526,655,832,818,847,863,757,742,761,564,633,418,287,221,184,139,93,0,0
2025,2025-11-27,Southbound,Heavy Vehicles,71,81,108,102,128,124,162,178,191,185,239,216,220,196,153,152,168,135,111,112,132,93,62,61,0,0
2025,2025-11-27,Northbound,Heavy Vehicles,107,79,65,59,51,77,152,151,191,178,184,201,210,223,212,203,197,163,167,141,139,113,113,110,0,0
2025,2025-11-27,Southbound,Light Vehicles,29,24,16,27,58,163,262,386,542,590,687,690,696,633,607,618,502,435,346,226,174,109,74,42,0,0
2025,2025-11-27,Northbound,Light Vehicles,43,30,17,18,32,109,300,481,584,556,623,604,648,714,677,624,554,440,354,239,191,143,98,75,0,0
2025,2025-11-27,Southbound,All Vehicles,100,105,124,129,186,287,424,564,733,775,926,906,916,829,760,770,670,570,457,338,306,202,136,103,0,0
2025,2025-11-27,Northbound,All Vehicles,150,109,82,77,83,186,452,632,775,734,807,805,858,937,889,827,751,603,521,380,330,256,211,185,0,0
2025,2025-11-28,Southbound,Light Vehicles,23,24,30,38,67,164,288,453,596,783,903,886,805,810,765,747,766,568,372,241,164,130,76,45,0,0
2025,2025-11-28,Southbound,Heavy Vehicles,64,86,97,105,91,118,162,149,197,201,243,236,223,189,158,170,157,135,99,92,74,78,41,44,0,0
2025,2025-11-28,Northbound,Heavy Vehicles,93,88,78,44,62,81,122,174,157,166,152,197,173,218,239,212,183,174,183,126,103,96,106,89,0,0
2025,2025-11-28,Northbound,Light Vehicles,50,42,31,28,39,106,281,490,619,708,779,819,867,954,894,891,766,793,691,425,319,262,134,103,0,0
2025,2025-11-28,Southbound,All Vehicles,87,110,127,143,158,282,450,602,793,984,1146,1122,1028,999,923,917,923,703,471,333,238,208,117,89,0,0
2025,2025-11-28,Northbound,All Vehicles,143,130,109,72,101,187,403,664,776,874,931,1016,1040,1172,1133,1103,949,967,874,551,422,358,240,192,0,0
2025,2025-11-29,Northbound,Light Vehicles,64,32,29,26,31,79,166,336,491,763,862,971,812,715,684,638,504,411,326,217,151,120,83,65,0,0
2025,2025-11-29,Southbound,Heavy Vehicles,53,74,77,71,70,82,77,106,129,131,147,127,128,102,116,93,73,88,63,52,55,44,58,36,0,0
2025,2025-11-29,Southbound,Light Vehicles,30,25,33,31,54,117,254,485,780,919,904,865,737,616,577,535,408,333,195,164,148,109,74,43,0,0
2025,2025-11-29,Northbound,Heavy Vehicles,64,50,40,34,20,39,63,96,101,138,129,151,119,111,112,109,85,80,68,51,44,34,31,23,0,0
2025,2025-11-29,Northbound,All Vehicles,128,82,69,60,51,118,229,432,592,901,991,1122,931,826,796,747,589,491,394,268,195,154,114,88,0,0
2025,2025-11-29,Southbound,All Vehicles,83,99,110,102,124,199,331,591,909,1050,1051,992,865,718,693,628,481,421,258,216,203,153,132,79,0,0
2025,2025-11-30,Northbound,Heavy Vehicles,21,21,16,15,13,22,33,56,87,108,125,109,171,149,137,165,155,128,88,102,91,55,65,55,0,0
2025,2025-11-30,Southbound,Light Vehicles,23,13,22,21,29,82,156,326,531,797,966,1111,1083,1048,974,809,710,526,334,237,176,110,63,54,0,0
2025,2025-11-30,Southbound,Heavy Vehicles,22,16,17,23,16,30,50,55,83,129,175,193,171,178,182,180,140,156,129,111,95,86,63,55,0,0
2025,2025-11-30,Northbound,Light Vehicles,46,29,20,18,24,62,114,244,354,593,692,852,883,822,833,775,663,590,433,295,203,134,100,77,0,0
2025,2025-11-30,Northbound,All Vehicles,67,50,36,33,37,84,147,300,441,701,817,961,1054,971,970,940,818,718,521,397,294,189,165,132,0,0
2025,2025-11-30,Southbound,All Vehicles,45,29,39,44,45,112,206,381,614,926,1141,1304,1254,1226,1156,989,850,682,463,348,271,196,126,109,0,0
2025,2025-12-01,Southbound,Heavy Vehicles,43,45,36,49,69,81,101,130,126,150,143,147,171,143,163,118,144,139,139,134,130,108,78,78,0,0
2025,2025-12-01,Northbound,Light Vehicles,28,30,12,21,7,115,232,403,481,498,543,553,526,558,464,393,443,316,203,138,79,81,67,36,0,0
2025,2025-12-01,Northbound,Heavy Vehicles,36,31,31,33,14,69,111,127,131,124,116,149,144,149,140,138,242,145,104,91,117,86,99,102,0,0
2025,2025-12-01,Southbound,Light Vehicles,21,23,37,35,74,152,241,338,393,503,596,584,557,538,471,499,469,389,224,154,95,71,52,26,0,0
2025,2025-12-01,Southbound,All Vehicles,64,68,73,84,143,233,342,468,519,653,739,731,728,681,634,617,613,528,363,288,225,179,130,104,0,0
2025,2025-12-01,Northbound,All Vehicles,64,61,43,54,21,184,343,530,612,622,659,702,670,707,604,531,685,461,307,229,196,167,166,138,0,0
2025,2025-12-02,Northbound,Light Vehicles,18,20,16,22,25,84,215,336,371,407,392,382,425,407,405,370,385,293,186,139,88,72,42,41,0,0
2025,2025-12-02,Southbound,Light Vehicles,21,19,14,19,49,110,207,280,379,394,459,462,466,459,461,444,417,361,235,144,116,56,43,24,0,0
2025,2025-12-02,Southbound,Heavy Vehicles,73,90,89,101,86,121,141,172,159,146,165,156,156,133,122,140,148,117,129,129,98,77,77,52,0,0
2025,2025-12-02,Northbound,Heavy Vehicles,77,56,63,51,41,79,138,144,121,150,136,156,171,147,176,163,177,155,132,113,103,120,115,80,0,0
2025,2025-12-02,Northbound,All Vehicles,95,76,79,73,66,163,353,480,492,557,528,538,596,554,581,533,562,448,318,252,191,192,157,121,0,0
2025,2025-12-02,Southbound,All Vehicles,94,109,103,120,135,231,348,452,538,540,624,618,622,592,583,584,565,478,364,273,214,133,120,76,0,0
2025,2025-12-03,Southbound,Light Vehicles,27,18,23,30,65,145,250,371,476,546,599,596,579,541,544,569,521,432,251,155,110,78,70,42,0,0
2025,2025-12-03,Southbound,Heavy Vehicles,83,93,104,114,119,124,156,184,177,187,225,221,211,211,150,157,181,158,137,156,115,117,99,63,0,0
2025,2025-12-03,Northbound,Light Vehicles,26,27,16,19,39,72,212,321,390,413,413,360,392,446,462,400,380,287,224,130,107,105,65,39,0,0
2025,2025-12-03,Northbound,Heavy Vehicles,90,68,74,55,59,82,123,162,159,139,132,147,118,201,178,171,182,122,136,132,97,123,115,89,0,0
2025,2025-12-03,Southbound,All Vehicles,110,111,127,144,184,269,406,555,653,733,824,817,790,752,694,726,702,590,388,311,225,195,169,105,0,0
2025,2025-12-03,Northbound,All Vehicles,116,95,90,74,98,154,335,483,549,552,545,507,510,647,640,571,562,409,360,262,204,228,180,128,0,0
2025,2025-12-04,Southbound,Light Vehicles,23,22,22,27,48,136,252,403,521,644,642,684,674,657,588,599,520,444,286,208,164,122,61,48,0,0
2025,2025-12-04,Northbound,Heavy Vehicles,91,89,77,54,48,93,155,160,188,193,186,175,213,198,142,74,111,109,67,277,378,139,126,113,0,0
2025,2025-12-04,Southbound,Heavy Vehicles,78,97,108,128,88,130,145,175,180,212,208,209,240,177,153,187,161,121,103,114,135,92,93,54,0,0
2025,2025-12-04,Northbound,Light Vehicles,27,30,21,25,31,117,268,452,525,557,617,605,674,805,446,344,519,610,361,758,654,260,117,72,0,0
2025,2025-12-04,Southbound,All Vehicles,101,119,130,155,136,266,397,578,701,856,850,893,914,834,741,786,681,565,389,322,299,214,154,102,0,0
2025,2025-12-04,Northbound,All Vehicles,118,119,98,79,79,210,423,612,713,750,803,780,887,1003,588,418,630,719,428,1035,1032,399,243,185,0,0
2025,2025-12-05,Southbound,Heavy Vehicles,64,72,102,122,107,102,167,179,191,220,229,213,199,153,135,131,106,112,89,80,58,56,53,52,0,0
2025,2025-12-05,Northbound,Light Vehicles,41,32,19,26,56,98,220,359,452,498,546,262,275,347,444,447,462,582,544,303,195,142,123,75,0,0
2025,2025-12-05,Northbound,Heavy Vehicles,101,74,54,67,53,82,140,149,150,140,146,76,45,89,111,83,139,167,131,107,73,69,68,63,0,0
2025,2025-12-05,Southbound,Light Vehicles,19,29,30,36,60,151,284,416,582,760,843,858,792,718,666,597,599,506,355,234,187,149,78,61,0,0
2025,2025-12-05,Southbound,All Vehicles,83,101,132,158,167,253,451,595,773,980,1072,1071,991,871,801,728,705,618,444,314,245,205,131,113,0,0
2025,2025-12-05,Northbound,All Vehicles,142,106,73,93,109,180,360,508,602,638,692,338,320,436,555,530,601,749,675,410,268,211,191,138,0,0
2025,2025-12-06,Southbound,Light Vehicles,38,27,25,25,46,125,276,384,494,566,588,544,502,414,414,387,337,256,202,128,139,101,50,39,0,0
2025,2025-12-06,Southbound,Heavy Vehicles,49,51,79,54,61,77,88,101,107,93,102,98,117,90,82,83,57,79,54,52,40,56,45,26,0,0
2025,2025-12-06,Southbound,All Vehicles,87,78,104,79,107,202,364,485,601,659,690,642,619,504,496,470,394,335,256,180,179,157,95,65,0,0
2025,2025-12-07,Southbound,Heavy Vehicles,24,22,15,18,21,30,64,70,85,138,151,141,156,134,146,140,133,138,105,82,103,59,50,56,0,0
2025,2025-12-07,Southbound,Light Vehicles,27,27,14,20,45,65,189,286,460,710,924,1009,1019,901,866,794,670,461,283,192,158,105,51,42,0,0
2025,2025-12-07,Southbound,All Vehicles,51,49,29,38,66,95,253,356,545,848,1075,1150,1175,1035,1012,934,803,599,388,274,261,164,101,98,0,0
2025,2025-12-08,Northbound,Heavy Vehicles,32,31,40,33,33,74,137,123,164,141,149,143,151,158,197,169,105,149,122,108,131,105,86,87,0,0
2025,2025-12-08,Southbound,Light Vehicles,17,17,20,39,91,164,210,323,420,589,626,631,564,474,488,446,430,403,217,137,84,65,44,12,0,0
2025,2025-12-08,Southbound,Heavy Vehicles,52,37,34,41,56,75,107,128,134,135,157,156,145,146,116,125,142,122,155,133,129,108,78,69,0,0
2025,2025-12-08,Northbound,Light Vehicles,29,29,23,24,39,94,251,398,405,459,499,478,510,494,496,459,310,349,236,132,87,75,50,33,0,0
2025,2025-12-08,Northbound,All Vehicles,61,60,63,57,72,168,388,521,569,600,648,621,661,652,693,628,415,498,358,240,218,180,136,120,0,0
2025,2025-12-08,Southbound,All Vehicles,69,54,54,80,147,239,317,451,554,724,783,787,709,620,604,571,572,525,372,270,213,173,122,81,0,0
2025,2025-12-09,Northbound,Heavy Vehicles,81,24,115,57,59,86,120,152,165,147,143,149,127,143,163,137,139,168,155,122,96,102,110,86,0,0
2025,2025-12-09,Northbound,Light Vehicles,19,18,25,30,15,91,204,312,387,408,374,367,375,375,389,364,353,292,183,145,109,91,59,43,0,0
2025,2025-12-09,Southbound,Heavy Vehicles,71,83,85,92,116,120,120,163,166,166,144,154,162,174,120,140,126,115,120,114,116,109,88,50,0,0
2025,2025-12-09,Southbound,Light Vehicles,20,21,12,18,56,118,199,317,401,426,462,451,490,410,429,449,447,336,208,135,109,70,51,29,0,0
2025,2025-12-09,Northbound,All Vehicles,100,42,140,87,74,177,324,464,552,555,517,516,502,518,552,501,492,460,338,267,205,193,169,129,0,0
2025,2025-12-09,Southbound,All Vehicles,91,104,97,110,172,238,319,480,567,592,606,605,652,584,549,589,573,451,328,249,225,179,139,79,0,0
2025,2025-12-10,Southbound,Heavy Vehicles,70,106,96,102,110,146,164,200,189,188,214,218,168,195,157,180,168,147,147,141,113,132,97,65,0,0
2025,2025-12-10,Northbound,Light Vehicles,23,19,21,17,41,78,206,349,386,388,404,389,411,425,450,405,371,315,185,138,112,96,70,44,0,0
2025,2025-12-10,Northbound,Heavy Vehicles,77,82,68,57,60,86,134,143,146,128,130,140,158,177,184,186,160,144,134,117,121,105,108,87,0,0
2025,2025-12-10,Southbound,Light Vehicles,23,30,20,21,65,162,245,426,481,553,634,622,586,569,517,520,550,443,285,169,146,108,70,45,0,0
2025,2025-12-10,Southbound,All Vehicles,93,136,116,123,175,308,409,626,670,741,848,840,754,764,674,700,718,590,432,310,259,240,167,110,0,0
2025,2025-12-10,Northbound,All Vehicles,100,101,89,74,101,164,340,492,532,516,534,529,569,602,634,591,531,459,319,255,233,201,178,131,0,0
2025,2025-12-11,Northbound,Light Vehicles,31,33,19,22,25,115,258,458,528,582,572,632,580,636,678,632,581,412,370,238,156,159,85,49,0,0
2025,2025-12-11,Northbound,Heavy Vehicles,100,100,66,60,62,91,154,182,183,171,165,183,165,195,228,210,218,182,147,133,99,137,132,101,0,0
2025,2025-12-11,Southbound,Light Vehicles,23,27,26,28,55,136,277,366,503,635,690,750,647,625,619,649,570,487,334,167,153,120,53,42,0,0
2025,2025-12-11,Southbound,Heavy Vehicles,74,128,116,100,113,137,153,188,190,202,211,214,203,188,190,162,155,147,130,134,136,94,84,60,0,0
2025,2025-12-11,Northbound,All Vehicles,131,133,85,82,87,206,412,640,711,753,737,815,745,831,906,842,799,594,517,371,255,296,217,150,0,0
2025,2025-12-11,Southbound,All Vehicles,97,155,142,128,168,273,430,554,693,837,901,964,850,813,809,811,725,634,464,301,289,214,137,102,0,0
2025,2025-12-12,Southbound,Heavy Vehicles,57,99,96,97,107,127,144,152,178,219,237,227,218,188,177,167,135,116,112,84,85,77,63,49,0,0
2025,2025-12-12,Northbound,Heavy Vehicles,101,81,65,56,66,74,123,126,127,111,134,120,94,61,107,149,105,107,120,98,77,86,87,68,0,0
2025,2025-12-12,Northbound,Light Vehicles,30,22,23,16,33,105,235,371,455,501,508,482,380,268,480,557,348,402,422,331,192,140,117,67,0,0
2025,2025-12-12,Southbound,Light Vehicles,26,17,20,21,69,126,270,414,599,751,858,823,952,821,748,701,679,551,330,212,174,137,77,48,0,0
2025,2025-12-12,Southbound,All Vehicles,83,116,116,118,176,253,414,566,777,970,1095,1050,1170,1009,925,868,814,667,442,296,259,214,140,97,0,0
2025,2025-12-12,Northbound,All Vehicles,131,103,88,72,99,179,358,497,582,612,642,602,474,329,587,706,453,509,542,429,269,226,204,135,0,0
2025,2025-12-14,Southbound,Heavy Vehicles,31,19,19,17,21,20,39,53,95,89,120,106,101,118,110,98,103,99,99,91,82,83,67,40,0,0
2025,2025-12-14,Southbound,Light Vehicles,30,23,12,22,25,62,136,243,437,538,628,694,698,650,580,575,456,357,270,203,146,96,52,30,0,0
2025,2025-12-14,Northbound,Heavy Vehicles,21,11,14,11,15,17,39,43,75,113,91,123,100,126,118,126,122,115,96,75,62,53,55,41,0,0
2025,2025-12-14,Northbound,Light Vehicles,60,34,26,16,38,51,119,216,348,482,545,592,585,618,633,581,501,416,346,245,156,128,97,64,0,0
2025,2025-12-14,Southbound,All Vehicles,61,42,31,39,46,82,175,296,532,627,748,800,799,768,690,673,559,456,369,294,228,179,119,70,0,0
2025,2025-12-14,Northbound,All Vehicles,81,45,40,27,53,68,158,259,423,595,636,715,685,744,751,707,623,531,442,320,218,181,152,105,0,0
2025,2025-12-15,Southbound,Light Vehicles,24,14,20,31,68,156,263,313,420,486,592,550,528,546,520,514,462,402,270,168,136,76,42,21,0,0
2025,2025-12-15,Southbound,Heavy Vehicles,42,39,45,55,42,72,108,123,130,141,137,168,156,155,126,124,162,137,131,131,120,119,93,68,0,0
2025,2025-12-15,Northbound,Heavy Vehicles,30,24,31,29,38,82,118,131,149,141,155,154,149,154,172,175,144,119,147,94,88,82,106,78,0,0
2025,2025-12-15,Northbound,Light Vehicles,33,36,14,16,39,93,253,408,457,481,527,515,516,536,558,478,395,338,284,173,118,91,74,40,0,0
2025,2025-12-15,Southbound,All Vehicles,66,53,65,86,110,228,371,436,550,627,729,718,684,701,646,638,624,539,401,299,256,195,135,89,0,0
2025,2025-12-15,Northbound,All Vehicles,63,60,45,45,77,175,371,539,606,622,682,669,665,690,730,653,539,457,431,267,206,173,180,118,0,0
2025,2025-12-16,Southbound,Light Vehicles,16,16,14,15,46,134,217,285,389,459,491,503,499,475,502,437,457,379,266,159,107,79,52,34,0,0
2025,2025-12-16,Southbound,Heavy Vehicles,73,96,94,88,98,112,131,148,144,169,166,175,158,142,134,157,134,133,129,115,124,97,83,54,0,0
2025,2025-12-16,Northbound,Heavy Vehicles,92,76,63,62,49,80,133,157,132,111,167,147,163,167,158,153,163,156,152,128,104,135,116,93,0,0
2025,2025-12-16,Northbound,Light Vehicles,26,21,18,20,28,94,208,379,405,407,434,450,434,475,421,453,416,333,238,135,106,81,54,29,0,0
2025,2025-12-16,Southbound,All Vehicles,89,112,108,103,144,246,348,433,533,628,657,678,657,617,636,594,591,512,395,274,231,176,135,88,0,0
2025,2025-12-16,Northbound,All Vehicles,118,97,81,82,77,174,341,536,537,518,601,597,597,642,579,606,579,489,390,263,210,216,170,122,0,0
2025,2025-12-17,Northbound,Heavy Vehicles,106,94,69,48,73,95,146,178,183,161,151,223,184,242,237,208,220,155,168,131,102,116,113,84,0,0
2025,2025-12-17,Southbound,Light Vehicles,22,20,18,30,44,144,251,381,487,562,687,706,687,658,689,573,598,525,356,218,160,108,45,41,0,0
2025,2025-12-17,Northbound,Light Vehicles,35,30,15,25,30,102,266,487,536,623,608,691,656,705,656,695,520,458,330,204,167,140,93,61,0,0
2025,2025-12-17,Southbound,Heavy Vehicles,87,108,109,113,108,127,150,199,176,192,193,189,222,193,192,172,168,170,118,150,152,85,75,75,0,0
2025,2025-12-17,Northbound,All Vehicles,141,124,84,73,103,197,412,665,719,784,759,914,840,947,893,903,740,613,498,335,269,256,206,145,0,0
2025,2025-12-17,Southbound,All Vehicles,109,128,127,143,152,271,401,580,663,754,880,895,909,851,881,745,766,695,474,368,312,193,120,116,0,0
2025,2025-12-18,Northbound,Light Vehicles,50,29,32,32,41,129,279,506,523,681,789,741,732,835,727,741,641,479,396,282,205,190,134,71,0,0
2025,2025-12-18,Southbound,Heavy Vehicles,76,97,101,101,113,122,152,168,217,211,229,247,227,184,194,162,150,139,140,124,117,102,80,58,0,0
2025,2025-12-18,Southbound,Light Vehicles,29,33,21,39,70,140,293,434,582,678,769,763,752,731,691,668,633,492,350,238,167,138,89,48,0,0
2025,2025-12-18,Northbound,Heavy Vehicles,103,88,76,53,54,94,162,174,169,156,207,193,210,240,217,246,213,168,137,139,113,120,116,110,0,0
2025,2025-12-18,Northbound,All Vehicles,153,117,108,85,95,223,441,680,692,837,996,934,942,1075,944,987,854,647,533,421,318,310,250,181,0,0
2025,2025-12-18,Southbound,All Vehicles,105,130,122,140,183,262,445,602,799,889,998,1010,979,915,885,830,783,631,490,362,284,240,169,106,0,0
2025,2025-12-19,Northbound,Light Vehicles,56,30,33,35,57,112,327,560,724,883,926,966,955,918,1013,948,775,726,654,482,344,288,210,137,0,0
2025,2025-12-19,Southbound,Heavy Vehicles,75,96,116,97,88,101,141,149,219,212,232,226,219,158,136,173,157,113,106,102,71,81,63,52,0,0
2025,2025-12-19,Southbound,Light Vehicles,30,32,35,41,63,158,304,433,633,822,959,981,1007,919,839,852,803,650,477,334,241,171,116,81,0,0
2025,2025-12-19,Northbound,Heavy Vehicles,89,84,77,40,73,77,136,162,189,177,185,184,177,175,213,192,163,156,128,125,85,107,101,83,0,0
2025,2025-12-19,Northbound,All Vehicles,145,114,110,75,130,189,463,722,913,1060,1111,1150,1132,1093,1226,1140,938,882,782,607,429,395,311,220,0,0
2025,2025-12-19,Southbound,All Vehicles,105,128,151,138,151,259,445,582,852,1034,1191,1207,1226,1077,975,1025,960,763,583,436,312,252,179,133,0,0
2025,2025-12-20,Northbound,Heavy Vehicles,77,50,34,33,26,48,105,102,175,178,193,164,174,172,161,159,150,128,107,53,57,48,27,38,0,0
2025,2025-12-20,Southbound,Light Vehicles,63,34,53,62,84,190,285,522,722,1020,1183,1301,1196,1168,993,892,687,470,341,267,245,137,102,58,0,0
2025,2025-12-20,Southbound,Heavy Vehicles,60,52,72,76,55,53,95,110,138,159,181,189,183,161,159,135,107,85,79,69,75,58,45,39,0,0
2025,2025-12-20,Northbound,Light Vehicles,103,61,52,54,71,171,367,751,1051,1323,1362,1412,1356,1195,1238,1077,1039,788,480,316,242,196,127,106,0,0
2025,2025-12-20,Northbound,All Vehicles,180,111,86,87,97,219,472,853,1226,1501,1555,1576,1530,1367,1399,1236,1189,916,587,369,299,244,154,144,0,0
2025,2025-12-20,Southbound,All Vehicles,123,86,125,138,139,243,380,632,860,1179,1364,1490,1379,1329,1152,1027,794,555,420,336,320,195,147,97,0,0
2025,2025-12-21,Southbound,Heavy Vehicles,33,13,21,19,26,30,48,66,109,135,183,157,150,129,176,,124,109,106,92,72,74,53,55,0,0
2025,2025-12-21,Northbound,Light Vehicles,84,56,37,48,68,143,280,596,939,1115,1298,1487,1353,1290,1187,1086,1091,732,527,330,266,174,122,98,0,0
2025,2025-12-21,Southbound,Light Vehicles,52,24,44,31,61,120,247,414,663,896,1119,1151,1102,1131,1060,,713,526,385,283,210,140,86,45,0,0
2025,2025-12-21,Northbound,Heavy Vehicles,20,20,17,12,17,26,46,96,150,132,161,188,151,174,177,171,188,156,114,87,73,80,74,41,0,0
2025,2025-12-21,Southbound,All Vehicles,85,37,65,50,87,150,295,480,772,1031,1302,1308,1252,1260,1236,,837,635,491,375,282,214,139,100,0,0
2025,2025-12-21,Northbound,All Vehicles,104,76,54,60,85,169,326,692,1089,1247,1459,1675,1504,1464,1364,1257,1279,888,641,417,339,254,196,139,0,0
2025,2025-12-22,Northbound,Light Vehicles,46,53,41,43,66,134,346,491,690,798,832,827,824,879,704,698,643,407,192,159,290,304,251,86,0,0
2025,2025-12-22,Northbound,Heavy Vehicles,30,17,35,29,38,49,96,114,136,141,142,143,144,112,89,116,140,69,28,74,116,115,186,103,0,0
2025,2025-12-22,Southbound,Heavy Vehicles,42,39,34,34,61,60,87,101,129,132,141,139,131,162,141,124,113,120,108,82,89,89,93,69,0,0
2025,2025-12-22,Southbound,Light Vehicles,43,40,29,39,89,131,275,406,552,684,798,799,827,737,793,694,603,438,302,254,172,134,80,61,0,0
2025,2025-12-22,Northbound,All Vehicles,76,70,76,72,104,183,442,605,826,939,974,970,968,991,793,814,783,476,220,233,406,419,437,189,0,0
2025,2025-12-22,Southbound,All Vehicles,85,79,63,73,150,191,362,507,681,816,939,938,958,899,934,818,716,558,410,336,261,223,173,130,0,0
2025,2025-12-23,Southbound,Light Vehicles,39,29,36,56,66,144,255,405,540,701,860,,876,886,838,756,633,567,383,293,229,161,101,69,0,0
2025,2025-12-23,Southbound,Heavy Vehicles,73,76,87,78,82,81,92,115,134,167,165,,134,137,127,118,112,112,97,79,74,66,58,51,0,0
2025,2025-12-23,Southbound,All Vehicles,112,105,123,134,148,225,347,520,674,868,1025,,1010,1023,965,874,745,679,480,372,303,227,159,120,0,0
2025,2025-12-24,Southbound,Light Vehicles,56,38,35,48,65,119,212,394,527,694,843,823,804,741,658,618,512,440,369,252,203,144,95,71,0,0
2025,2025-12-24,Southbound,Heavy Vehicles,65,74,71,66,62,83,77,93,106,123,125,133,124,113,77,86,81,60,57,43,41,46,32,29,0,0
2025,2025-12-24,Southbound,All Vehicles,121,112,106,114,127,202,289,487,633,817,968,956,928,854,735,704,593,500,426,295,244,190,127,100,0,0
2025,2025-12-25,Northbound,Light Vehicles,74,68,68,49,50,92,173,337,522,693,962,1006,913,698,647,690,938,909,633,535,353,279,183,138,0,0
2025,2025-12-25,Northbound,Heavy Vehicles,22,20,9,13,18,11,17,35,43,69,72,74,72,58,57,75,112,102,72,73,51,34,34,19,0,0
2025,2025-12-25,Northbound,All Vehicles,96,88,77,62,68,103,190,372,565,762,1034,1080,985,756,704,765,1050,1011,705,608,404,313,217,157,0,0
2025,2025-12-26,Southbound,Light Vehicles,29,27,20,38,58,120,209,338,524,800,1018,1136,1122,1050,1074,973,790,594,439,317,229,166,99,74,0,0
2025,2025-12-26,Southbound,Heavy Vehicles,8,9,9,11,16,20,24,48,64,90,95,118,133,99,111,98,82,62,48,52,46,50,31,20,0,0
2025,2025-12-26,Southbound,All Vehicles,37,36,29,49,74,140,233,386,588,890,1113,1254,1255,1149,1185,1071,872,656,487,369,275,216,130,94,0,0
2025,2025-12-30,Northbound,Heavy Vehicles,44,55,31,42,25,51,79,99,114,98,125,116,112,103,120,118,135,129,92,80,74,82,90,59,0,0
2025,2025-12-30,Northbound,Light Vehicles,47,25,36,35,56,137,288,471,664,831,868,789,802,802,742,712,656,487,355,267,185,149,132,69,0,0
2025,2025-12-30,Northbound,All Vehicles,91,80,67,77,81,188,367,570,778,929,993,905,914,905,862,830,791,616,447,347,259,231,222,128,0,0
2025,2025-12-31,Northbound,Light Vehicles,58,37,46,35,62,116,252,435,611,801,969,1012,953,885,850,695,608,453,363,264,162,90,69,50,0,0
2025,2025-12-31,Northbound,Heavy Vehicles,68,48,32,30,33,44,66,93,114,138,145,144,134,148,126,138,95,103,79,63,57,45,41,25,0,0
2025,2025-12-31,Southbound,Light Vehicles,55,47,40,40,50,104,208,328,554,827,1023,1098,1010,987,864,724,574,379,253,182,114,222,180,66,0,0
2025,2025-12-31,Southbound,Heavy Vehicles,64,59,71,62,67,50,59,98,110,132,192,160,160,137,119,101,95,65,59,55,45,68,43,45,0,0
2025,2025-12-31,Northbound,All Vehicles,126,85,78,65,95,160,318,528,725,939,1114,1156,1087,1033,976,833,703,556,442,327,219,135,110,75,0,0
2025,2025-12-31,Southbound,All Vehicles,119,106,111,102,117,154,267,426,664,959,1215,1258,1170,1124,983,825,669,444,312,237,159,290,223,111,0,0
