year,date,cardinal_direction_seq,classification_seq,hour_00,hour_01,hour_02,hour_03,hour_04,hour_05,hour_06,hour_07,hour_08,hour_09,hour_10,hour_11,hour_12,hour_13,hour_14,hour_15,hour_16,hour_17,hour_18,hour_19,hour_20,hour_21,hour_22,hour_23,public_holiday,school_holiday
2024,2024-01-01,Northbound,Heavy Vehicles,13,14,19,6,6,8,14,15,25,45,47,77,54,64,67,83,84,86,92,103,98,75,55,45,0,0
2024,2024-01-01,Southbound,Light Vehicles,41,17,21,31,29,82,128,159,325,520,750,1007,970,1085,1063,959,711,564,387,266,178,99,79,57,0,0
2024,2024-01-01,Northbound,Light Vehicles,26,20,22,11,21,19,48,56,134,233,389,500,566,644,608,634,627,606,439,329,230,151,86,66,0,0
2024,2024-01-01,Southbound,Heavy Vehicles,6,7,11,12,5,6,21,22,39,56,63,79,105,105,108,115,90,84,55,46,44,39,38,24,0,0
2024,2024-01-01,Northbound,All Vehicles,39,34,41,17,27,27,62,71,159,278,436,577,620,708,675,717,711,692,531,432,328,226,141,111,0,0
2024,2024-01-01,Southbound,All Vehicles,47,24,32,43,34,88,149,181,364,576,813,1086,1075,1190,1171,1074,801,648,442,312,222,138,117,81,0,0
2024,2024-01-04,Southbound,Heavy Vehicles,54,49,50,38,35,43,71,98,121,155,136,177,184,174,207,202,180,168,131,125,120,115,127,101,0,0
2024,2024-01-04,Northbound,Heavy Vehicles,87,98,110,90,82,71,62,80,89,116,139,133,132,114,137,128,143,126,132,130,129,116,96,85,0,0
2024,2024-01-04,Southbound,Light Vehicles,27,32,22,22,40,67,158,314,486,675,887,931,907,818,758,622,543,416,264,166,123,89,53,38,0,0
2024,2024-01-04,Northbound,Light Vehicles,27,25,10,21,14,32,91,156,254,403,507,642,599,636,571,603,507,413,316,207,147,91,58,44,0,0
2024,2024-01-04,Southbound,All Vehicles,81,81,72,60,75,110,229,412,607,830,1023,1108,1091,992,965,824,723,584,395,291,243,204,180,139,0,0
2024,2024-01-04,Northbound,All Vehicles,114,123,120,111,96,103,153,236,343,519,646,775,731,750,708,731,650,539,448,337,276,207,154,129,0,0
2024,2024-01-05,Northbound,Heavy Vehicles,102,97,104,103,73,74,74,80,93,119,126,133,117,106,133,122,91,93,104,98,79,65,85,64,0,0
2024,2024-01-05,Northbound,Light Vehicles,20,24,18,14,30,43,96,169,307,383,509,568,615,643,634,617,579,522,380,270,212,124,89,48,0,0
2024,2024-01-05,Southbound,Light Vehicles,28,24,11,15,27,50,108,229,356,445,533,520,539,523,531,420,398,311,238,166,116,78,67,39,0,0
2024,2024-01-05,Southbound,Heavy Vehicles,51,53,47,28,31,56,61,72,91,106,124,140,136,146,131,133,130,132,107,106,106,92,93,88,0,0
2024,2024-01-05,Northbound,All Vehicles,122,121,122,117,103,117,170,249,400,502,635,701,732,749,767,739,670,615,484,368,291,189,174,112,0,0
2024,2024-01-05,Southbound,All Vehicles,79,77,58,43,58,106,169,301,447,551,657,660,675,669,662,553,528,443,345,272,222,170,160,127,0,0
2024,2024-01-07,Southbound,Light Vehicles,26,16,22,18,30,39,111,225,364,501,597,662,621,564,538,477,395,303,221,140,89,67,41,35,0,0
2024,2024-01-07,Southbound,Heavy Vehicles,11,14,10,8,13,18,22,46,79,98,121,113,110,124,111,105,124,86,65,60,40,49,28,26,0,0
2024,2024-01-07,Northbound,Heavy Vehicles,27,25,24,22,17,18,22,26,38,77,84,108,127,127,109,119,115,143,133,126,135,114,69,68,0,0
2024,2024-01-07,Northbound,Light Vehicles,31,26,26,16,30,36,62,116,215,445,523,838,892,976,1020,931,812,669,465,314,210,120,75,50,0,0
2024,2024-01-07,Southbound,All Vehicles,37,30,32,26,43,57,133,271,443,599,718,775,731,688,649,582,519,389,286,200,129,116,69,61,0,0
2024,2024-01-07,Northbound,All Vehicles,58,51,50,38,47,54,84,142,253,522,607,946,1019,1103,1129,1050,927,812,598,440,345,234,144,118,0,0
2024,2024-01-08,Southbound,Light Vehicles,33,19,25,20,43,86,174,313,479,628,708,780,689,639,628,484,378,307,230,132,95,56,40,35,0,0
2024,2024-01-08,Northbound,Light Vehicles,30,25,15,14,24,46,105,176,262,387,512,559,569,606,591,540,468,388,278,202,116,68,37,29,0,0
2024,2024-01-08,Northbound,Heavy Vehicles,71,56,47,36,28,34,47,49,83,90,89,140,131,136,127,146,132,123,139,159,142,145,103,98,0,0
2024,2024-01-08,Southbound,Heavy Vehicles,20,21,24,26,30,50,83,108,146,163,180,177,198,198,200,190,182,146,135,130,134,132,115,97,0,0
2024,2024-01-08,Southbound,All Vehicles,53,40,49,46,73,136,257,421,625,791,888,957,887,837,828,674,560,453,365,262,229,188,155,132,0,0
2024,2024-01-08,Northbound,All Vehicles,101,81,62,50,52,80,152,225,345,477,601,699,700,742,718,686,600,511,417,361,258,213,140,127,0,0
2024,2024-01-09,Southbound,Heavy Vehicles,78,43,48,39,40,70,90,109,137,155,134,166,213,189,223,200,172,189,146,154,128,148,126,128,0,0
2024,2024-01-09,Northbound,Light Vehicles,26,16,18,18,19,47,116,173,266,363,462,511,507,467,542,540,460,337,260,150,89,78,44,25,0,0
2024,2024-01-09,Northbound,Heavy Vehicles,102,112,136,94,101,88,78,90,101,127,125,145,165,153,150,170,172,162,158,159,160,157,117,115,0,0
2024,2024-01-09,Southbound,Light Vehicles,18,13,13,14,34,37,139,229,362,507,595,630,589,534,537,443,412,318,224,137,86,68,47,19,0,0
2024,2024-01-09,Southbound,All Vehicles,96,56,61,53,74,107,229,338,499,662,729,796,802,723,760,643,584,507,370,291,214,216,173,147,0,0
2024,2024-01-09,Northbound,All Vehicles,128,128,154,112,120,135,194,263,367,490,587,656,672,620,692,710,632,499,418,309,249,235,161,140,0,0
2024,2024-01-10,Northbound,Heavy Vehicles,107,138,132,122,95,93,93,99,111,122,169,181,153,132,133,163,178,157,163,151,160,145,142,111,0,0
2024,2024-01-10,Southbound,Heavy Vehicles,80,56,44,38,54,49,115,126,150,162,144,201,210,187,238,222,229,178,160,137,142,148,136,109,0,0
2024,2024-01-10,Northbound,Light Vehicles,22,22,16,16,23,45,105,163,258,331,401,479,482,480,480,527,454,367,249,162,108,68,61,27,0,0
2024,2024-01-10,Southbound,Light Vehicles,20,21,15,11,27,52,121,199,326,476,555,587,552,542,483,429,421,338,183,137,107,65,45,23,0,0
2024,2024-01-10,Northbound,All Vehicles,129,160,148,138,118,138,198,262,369,453,570,660,635,612,613,690,632,524,412,313,268,213,203,138,0,0
2024,2024-01-10,Southbound,All Vehicles,100,77,59,49,81,101,236,325,476,638,699,788,762,729,721,651,650,516,343,274,249,213,181,132,0,0
2024,2024-01-11,Southbound,Light Vehicles,18,13,16,15,26,51,131,225,359,483,554,584,612,534,525,472,395,336,245,153,101,75,51,42,0,0
2024,2024-01-11,Southbound,Heavy Vehicles,83,52,56,37,43,55,116,148,149,146,167,198,188,219,204,201,197,160,141,135,163,150,145,117,0,0
2024,2024-01-11,Northbound,Heavy Vehicles,110,126,123,104,75,91,96,105,102,132,127,140,135,127,122,145,137,137,148,140,143,119,113,104,0,0
2024,2024-01-11,Northbound,Light Vehicles,20,10,11,7,20,45,97,187,229,259,322,377,392,417,396,400,355,326,243,146,89,61,43,22,0,0
2024,2024-01-11,Southbound,All Vehicles,101,65,72,52,69,106,247,373,508,629,721,782,800,753,729,673,592,496,386,288,264,225,196,159,0,0
2024,2024-01-11,Northbound,All Vehicles,130,136,134,111,95,136,193,292,331,391,449,517,527,544,518,545,492,463,391,286,232,180,156,126,0,0
2024,2024-01-12,Northbound,Heavy Vehicles,111,111,126,141,91,105,92,100,123,132,161,176,152,127,150,161,146,145,112,99,104,54,84,77,0,0
2024,2024-01-12,Southbound,Light Vehicles,23,23,25,17,25,69,147,273,426,550,636,695,673,670,646,597,561,471,379,256,169,103,83,36,0,0
2024,2024-01-12,Southbound,Heavy Vehicles,104,59,51,52,62,60,101,140,151,141,151,151,177,171,193,184,160,153,139,109,113,129,100,103,0,0
2024,2024-01-12,Northbound,Light Vehicles,30,14,15,8,16,54,93,172,282,401,581,666,583,657,680,635,558,428,451,254,170,120,75,50,0,0
2024,2024-01-12,Northbound,All Vehicles,141,125,141,149,107,159,185,272,405,533,742,842,735,784,830,796,704,573,563,353,274,174,159,127,0,0
2024,2024-01-12,Southbound,All Vehicles,127,82,76,69,87,129,248,413,577,691,787,846,850,841,839,781,721,624,518,365,282,232,183,139,0,0
2024,2024-01-13,Northbound,Light Vehicles,29,37,19,16,29,48,74,151,318,495,565,626,601,579,583,548,522,412,272,164,120,93,73,32,0,0
2024,2024-01-13,Southbound,Light Vehicles,31,12,25,28,31,58,148,261,496,656,790,800,784,713,644,506,444,330,247,131,102,71,39,25,0,0
2024,2024-01-13,Southbound,Heavy Vehicles,65,47,51,43,29,27,64,63,79,79,96,104,117,104,102,107,96,76,58,49,42,23,29,21,0,0
2024,2024-01-13,Northbound,Heavy Vehicles,67,91,67,63,61,61,51,66,62,103,109,93,88,90,92,91,74,77,76,69,82,66,53,38,0,0
2024,2024-01-13,Northbound,All Vehicles,96,128,86,79,90,109,125,217,380,598,674,719,689,669,675,639,596,489,348,233,202,159,126,70,0,0
2024,2024-01-13,Southbound,All Vehicles,96,59,76,71,60,85,212,324,575,735,886,904,901,817,746,613,540,406,305,180,144,94,68,46,0,0
2024,2024-01-14,Northbound,Light Vehicles,27,8,13,6,15,35,53,83,186,349,502,657,730,732,833,788,712,520,367,268,189,96,53,39,0,0
2024,2024-01-14,Northbound,Heavy Vehicles,30,34,13,25,17,18,19,26,34,70,86,124,117,111,150,135,125,150,130,137,121,142,77,67,0,0
2024,2024-01-14,Southbound,Light Vehicles,25,16,17,13,29,52,104,201,376,561,670,788,776,768,759,666,545,345,298,160,144,72,47,100,0,0
2024,2024-01-14,Southbound,Heavy Vehicles,10,13,11,12,15,18,23,48,66,98,96,122,135,147,158,145,131,96,84,76,80,44,35,33,0,0
2024,2024-01-14,Northbound,All Vehicles,57,42,26,31,32,53,72,109,220,419,588,781,847,843,983,923,837,670,497,405,310,238,130,106,0,0
2024,2024-01-14,Southbound,All Vehicles,35,29,28,25,44,70,127,249,442,659,766,910,911,915,917,811,676,441,382,236,224,116,82,133,0,0
2024,2024-01-15,Northbound,Light Vehicles,35,17,10,13,28,66,120,201,290,338,459,485,519,478,485,485,395,363,248,176,107,65,41,30,0,0
2024,2024-01-15,Southbound,Heavy Vehicles,18,25,22,34,30,56,82,122,138,142,162,182,188,186,207,192,203,166,152,133,146,138,134,149,0,0
2024,2024-01-15,Northbound,Heavy Vehicles,77,60,61,43,24,44,56,62,107,102,125,133,148,143,150,129,156,142,151,160,158,134,132,97,0,0
2024,2024-01-15,Southbound,Light Vehicles,38,14,17,7,26,63,155,261,376,516,589,607,640,615,526,431,402,326,227,136,81,58,44,24,0,0
2024,2024-01-15,Northbound,All Vehicles,112,77,71,56,52,110,176,263,397,440,584,618,667,621,635,614,551,505,399,336,265,199,173,127,0,0
2024,2024-01-15,Southbound,All Vehicles,56,39,39,41,56,119,237,383,514,658,751,789,828,801,733,623,605,492,379,269,227,196,178,173,0,0
2024,2024-01-16,Northbound,Light Vehicles,12,10,7,11,20,48,95,153,225,256,302,273,310,315,306,314,307,252,197,115,79,61,35,16,0,0
2024,2024-01-16,Northbound,Heavy Vehicles,115,124,146,108,86,91,94,104,116,113,109,133,146,119,138,136,148,132,139,158,152,122,132,113,0,0
2024,2024-01-16,Southbound,Heavy Vehicles,66,55,50,47,40,55,105,97,100,117,118,164,136,156,163,186,177,140,140,128,139,136,140,126,0,0
2024,2024-01-16,Southbound,Light Vehicles,14,20,6,10,11,34,94,154,208,278,296,275,309,249,239,217,177,211,120,97,70,35,21,18,0,0
2024,2024-01-16,Northbound,All Vehicles,127,134,153,119,106,139,189,257,341,369,411,406,456,434,444,450,455,384,336,273,231,183,167,129,0,0
2024,2024-01-16,Southbound,All Vehicles,80,75,56,57,51,89,199,251,308,395,414,439,445,405,402,403,354,351,260,225,209,171,161,144,0,0
2024,2024-01-17,Northbound,Heavy Vehicles,92,119,133,111,87,87,103,97,116,131,144,122,128,118,104,126,133,153,166,124,145,150,127,103,0,0
2024,2024-01-17,Northbound,Light Vehicles,12,4,16,14,18,42,95,149,217,257,284,345,348,307,326,323,279,250,165,131,77,46,39,26,0,0
2024,2024-01-17,Southbound,Heavy Vehicles,89,68,65,45,52,55,128,112,128,130,156,174,190,223,185,197,176,186,132,142,161,162,124,142,0,0
2024,2024-01-17,Southbound,Light Vehicles,19,14,15,21,19,44,145,192,310,389,450,450,443,460,448,413,373,311,227,131,131,74,29,28,0,0
2024,2024-01-17,Northbound,All Vehicles,104,123,149,125,105,129,198,246,333,388,428,467,476,425,430,449,412,403,331,255,222,196,166,129,0,0
2024,2024-01-17,Southbound,All Vehicles,108,82,80,66,71,99,273,304,438,519,606,624,633,683,633,610,549,497,359,273,292,236,153,170,0,0
2024,2024-01-18,Northbound,Light Vehicles,18,15,17,7,16,43,100,158,203,273,318,342,363,407,371,345,328,316,245,158,88,80,47,24,0,0
2024,2024-01-18,Southbound,Light Vehicles,18,13,10,8,18,59,143,217,371,445,493,523,478,537,513,435,403,405,275,211,109,93,58,48,0,0
2024,2024-01-18,Northbound,Heavy Vehicles,104,132,106,124,90,97,100,120,105,119,130,129,130,146,133,129,142,156,157,170,145,146,116,99,0,0
2024,2024-01-18,Southbound,Heavy Vehicles,98,63,50,50,38,73,120,127,158,177,165,171,218,205,220,191,207,162,146,124,150,166,138,121,0,0
2024,2024-01-18,Northbound,All Vehicles,122,147,123,131,106,140,200,278,308,392,448,471,493,553,504,474,470,472,402,328,233,226,163,123,0,0
2024,2024-01-18,Southbound,All Vehicles,116,76,60,58,56,132,263,344,529,622,658,694,696,742,733,626,610,567,421,335,259,259,196,169,0,0
2024,2024-01-19,Northbound,Heavy Vehicles,102,130,122,126,102,76,112,129,123,147,169,175,170,155,139,157,135,151,143,89,97,85,79,73,0,0
2024,2024-01-19,Northbound,Light Vehicles,20,21,10,16,22,47,109,199,328,430,524,573,583,585,606,657,576,489,398,261,172,121,73,48,0,0
2024,2024-01-19,Southbound,Heavy Vehicles,77,65,64,40,50,64,103,135,131,116,143,164,165,195,175,182,171,145,129,135,108,117,124,104,0,0
2024,2024-01-19,Southbound,Light Vehicles,24,23,11,15,28,69,158,267,385,511,585,637,625,658,580,579,528,502,343,291,159,114,69,35,0,0
2024,2024-01-19,Northbound,All Vehicles,122,151,132,142,124,123,221,328,451,577,693,748,753,740,745,814,711,640,541,350,269,206,152,121,0,0
2024,2024-01-19,Southbound,All Vehicles,101,88,75,55,78,133,261,402,516,627,728,801,790,853,755,761,699,647,472,426,267,231,193,139,0,0
2024,2024-01-20,Southbound,Heavy Vehicles,56,59,47,41,37,34,50,63,100,98,91,95,114,122,87,92,92,63,70,58,52,32,25,23,0,0
2024,2024-01-20,Northbound,Light Vehicles,24,26,18,20,22,35,73,180,273,469,546,628,589,538,527,547,506,443,341,212,124,84,55,48,0,0
2024,2024-01-20,Northbound,Heavy Vehicles,60,88,89,59,69,53,46,58,84,86,89,95,102,105,88,94,83,77,75,77,54,48,49,38,0,0
2024,2024-01-20,Southbound,Light Vehicles,29,18,16,30,29,55,141,225,388,512,672,682,654,629,595,510,425,358,212,145,97,71,63,36,0,0
2024,2024-01-20,Southbound,All Vehicles,85,77,63,71,66,89,191,288,488,610,763,777,768,751,682,602,517,421,282,203,149,103,88,59,0,0
2024,2024-01-20,Northbound,All Vehicles,84,114,107,79,91,88,119,238,357,555,635,723,691,643,615,641,589,520,416,289,178,132,104,86,0,0
2024,2024-01-21,Southbound,Heavy Vehicles,9,13,8,17,11,16,29,46,65,88,94,107,150,150,157,136,103,117,94,73,69,47,45,34,0,0
2024,2024-01-21,Northbound,Heavy Vehicles,35,32,13,26,17,26,20,33,35,50,72,69,82,84,89,88,106,123,123,128,123,111,84,72,0,0
2024,2024-01-21,Southbound,Light Vehicles,23,18,16,13,19,39,95,196,327,451,598,710,745,721,630,588,528,386,282,197,116,81,56,36,0,0
2024,2024-01-21,Northbound,Light Vehicles,21,12,18,7,12,23,41,92,149,265,406,493,507,532,558,580,554,429,377,230,145,108,66,40,0,0
2024,2024-01-21,Southbound,All Vehicles,32,31,24,30,30,55,124,242,392,539,692,817,895,871,787,724,631,503,376,270,185,128,101,70,0,0
2024,2024-01-21,Northbound,All Vehicles,56,44,31,33,29,49,61,125,184,315,478,562,589,616,647,668,660,552,500,358,268,219,150,112,0,0
2024,2024-01-22,Southbound,Light Vehicles,31,14,17,17,29,61,182,257,348,518,534,506,496,573,503,498,386,358,206,146,92,50,43,34,0,0
2024,2024-01-22,Southbound,Heavy Vehicles,19,19,30,19,41,55,117,129,161,174,190,175,211,229,189,238,170,166,152,151,143,139,141,110,0,0
2024,2024-01-22,Northbound,Light Vehicles,25,31,14,17,19,54,120,218,288,346,398,468,481,490,527,473,411,409,283,190,145,74,39,37,0,0
2024,2024-01-22,Northbound,Heavy Vehicles,87,58,65,34,30,51,62,75,100,108,128,129,135,123,159,165,168,189,167,184,162,137,126,113,0,0
2024,2024-01-22,Southbound,All Vehicles,50,33,47,36,70,116,299,386,509,692,724,681,707,802,692,736,556,524,358,297,235,189,184,144,0,0
2024,2024-01-22,Northbound,All Vehicles,112,89,79,51,49,105,182,293,388,454,526,597,616,613,686,638,579,598,450,374,307,211,165,150,0,0
2024,2024-01-23,Northbound,Light Vehicles,14,11,8,20,16,46,105,151,236,251,263,303,300,296,301,299,284,275,185,106,92,39,31,21,0,0
2024,2024-01-23,Southbound,Heavy Vehicles,75,59,50,40,57,72,97,96,103,106,138,134,148,189,193,179,169,143,142,137,140,119,118,130,0,0
2024,2024-01-23,Southbound,Light Vehicles,14,11,9,17,17,32,87,145,221,236,258,259,263,242,225,252,215,196,145,105,63,46,18,14,0,0
2024,2024-01-23,Northbound,Heavy Vehicles,126,127,131,102,85,88,88,113,111,131,156,152,154,121,130,159,157,168,155,168,155,141,138,94,0,0
2024,2024-01-23,Northbound,All Vehicles,140,138,139,122,101,134,193,264,347,382,419,455,454,417,431,458,441,443,340,274,247,180,169,115,0,0
2024,2024-01-23,Southbound,All Vehicles,89,70,59,57,74,104,184,241,324,342,396,393,411,431,418,431,384,339,287,242,203,165,136,144,0,0
2024,2024-01-24,Northbound,Light Vehicles,20,12,16,12,16,51,126,189,283,386,405,422,393,455,441,460,397,344,247,155,101,85,40,31,0,0
2024,2024-01-24,Southbound,Light Vehicles,19,14,24,9,28,69,133,219,328,406,462,463,519,493,458,447,483,342,263,150,135,106,51,33,0,0
2024,2024-01-24,Southbound,Heavy Vehicles,87,65,57,55,51,70,125,153,147,143,167,182,229,225,196,230,217,202,155,162,164,149,133,173,0,0
2024,2024-01-24,Northbound,Heavy Vehicles,120,146,112,129,95,116,132,118,150,146,172,167,145,163,158,160,190,172,189,185,147,168,133,98,0,0
2024,2024-01-24,Northbound,All Vehicles,140,158,128,141,111,167,258,307,433,532,577,589,538,618,599,620,587,516,436,340,248,253,173,129,0,0
2024,2024-01-24,Southbound,All Vehicles,106,79,81,64,79,139,258,372,475,549,629,645,748,718,654,677,700,544,418,312,299,255,184,206,0,0
2024,2024-01-25,Southbound,Heavy Vehicles,79,68,66,51,58,71,108,152,145,143,185,207,181,198,201,206,178,173,144,143,140,170,123,110,0,0
2024,2024-01-25,Southbound,Light Vehicles,30,14,22,22,31,61,175,302,413,540,558,615,598,668,709,622,625,659,536,383,280,218,115,63,0,0
2024,2024-01-25,Northbound,Light Vehicles,25,18,15,15,22,54,119,208,306,381,464,570,581,551,595,607,632,620,473,366,226,153,97,95,0,0
2024,2024-01-25,Northbound,Heavy Vehicles,116,126,136,154,82,107,108,144,131,141,155,173,178,183,165,171,201,181,147,119,98,89,82,61,0,0
2024,2024-01-25,Southbound,All Vehicles,109,82,88,73,89,132,283,454,558,683,743,822,779,866,910,828,803,832,680,526,420,388,238,173,0,0
2024,2024-01-25,Northbound,All Vehicles,141,144,151,169,104,161,227,352,437,522,619,743,759,734,760,778,833,801,620,485,324,242,179,156,0,0
2024,2024-01-26,Southbound,Light Vehicles,38,43,35,29,57,86,215,350,564,732,872,948,742,611,516,482,332,222,185,131,94,60,57,38,0,0
2024,2024-01-26,Northbound,Light Vehicles,49,41,34,20,32,40,89,160,247,332,484,542,537,511,448,418,387,343,213,148,142,78,76,27,0,0
2024,2024-01-26,Northbound,Heavy Vehicles,78,81,99,71,54,63,56,63,72,108,83,110,92,75,85,68,78,60,73,63,45,63,49,35,0,0
2024,2024-01-26,Southbound,Heavy Vehicles,86,69,52,38,24,38,54,69,115,101,112,109,106,93,83,103,70,74,68,53,41,35,29,21,0,0
2024,2024-01-26,Southbound,All Vehicles,124,112,87,67,81,124,269,419,679,833,984,1057,848,704,599,585,402,296,253,184,135,95,86,59,0,0
2024,2024-01-26,Northbound,All Vehicles,127,122,133,91,86,103,145,223,319,440,567,652,629,586,533,486,465,403,286,211,187,141,125,62,0,0
2024,2024-01-27,Southbound,Heavy Vehicles,12,18,19,9,14,18,22,42,44,66,76,58,64,46,61,74,70,44,52,49,44,30,20,12,0,0
2024,2024-01-27,Northbound,Light Vehicles,19,20,23,16,11,24,63,125,206,321,362,384,387,359,375,478,382,355,256,169,133,78,56,44,0,0
2024,2024-01-27,Southbound,Light Vehicles,25,18,13,16,16,35,59,135,233,309,360,404,369,357,341,318,303,232,180,125,77,55,43,39,0,0
2024,2024-01-27,Northbound,Heavy Vehicles,25,27,18,22,19,19,24,32,60,38,54,77,61,61,74,65,59,59,48,67,63,56,52,41,0,0
2024,2024-01-27,Southbound,All Vehicles,37,36,32,25,30,53,81,177,277,375,436,462,433,403,402,392,373,276,232,174,121,85,63,51,0,0
2024,2024-01-27,Northbound,All Vehicles,44,47,41,38,30,43,87,157,266,359,416,461,448,420,449,543,441,414,304,236,196,134,108,85,0,0
2024,2024-01-28,Northbound,Light Vehicles,32,19,15,18,18,24,50,109,177,299,443,609,663,710,730,690,643,556,441,283,196,153,101,57,0,0
2024,2024-01-28,Southbound,Heavy Vehicles,12,10,10,11,14,15,31,53,66,85,87,147,161,166,138,132,117,103,95,61,69,48,49,31,0,0
2024,2024-01-28,Northbound,Heavy Vehicles,29,20,18,22,11,12,12,21,45,37,87,87,90,102,97,107,125,131,112,125,146,107,75,67,0,0
2024,2024-01-28,Southbound,Light Vehicles,25,24,11,14,26,39,73,178,288,514,675,814,893,941,881,787,656,520,365,230,164,116,59,36,0,0
2024,2024-01-28,Northbound,All Vehicles,61,39,33,40,29,36,62,130,222,336,530,696,753,812,827,797,768,687,553,408,342,260,176,124,0,0
2024,2024-01-28,Southbound,All Vehicles,37,34,21,25,40,54,104,231,354,599,762,961,1054,1107,1019,919,773,623,460,291,233,164,108,67,0,0
2024,2024-01-29,Northbound,Heavy Vehicles,66,70,57,36,36,50,81,84,91,108,107,124,135,136,146,153,155,185,173,166,173,129,134,112,0,0
2024,2024-01-29,Northbound,Light Vehicles,64,29,21,18,28,61,130,207,260,365,397,503,475,551,459,515,468,366,277,167,113,78,65,29,0,0
2024,2024-01-29,Southbound,Light Vehicles,22,24,27,17,24,55,182,235,364,436,536,545,509,502,501,408,345,337,213,118,120,78,34,28,0,0
2024,2024-01-29,Southbound,Heavy Vehicles,22,18,17,30,29,56,116,119,156,140,173,175,200,216,192,231,171,176,151,146,127,138,143,112,0,0
2024,2024-01-29,Northbound,All Vehicles,130,99,78,54,64,111,211,291,351,473,504,627,610,687,605,668,623,551,450,333,286,207,199,141,0,0
2024,2024-01-29,Southbound,All Vehicles,44,42,44,47,53,111,298,354,520,576,709,720,709,718,693,639,516,513,364,264,247,216,177,140,0,0
2024,2024-01-30,Northbound,Light Vehicles,14,16,11,11,17,44,87,163,218,183,212,256,280,242,245,266,230,226,149,104,54,39,29,16,0,0
2024,2024-01-30,Northbound,Heavy Vehicles,98,118,145,109,94,95,100,109,88,135,141,128,127,121,127,146,158,162,164,148,171,140,125,104,0,0
2024,2024-01-30,Southbound,Light Vehicles,17,10,7,11,12,37,76,114,153,201,210,216,224,207,188,193,188,171,131,74,65,34,23,22,0,0
2024,2024-01-30,Southbound,Heavy Vehicles,83,63,65,35,51,56,93,108,118,125,140,149,185,171,174,180,157,165,135,138,163,159,119,134,0,0
2024,2024-01-30,Northbound,All Vehicles,112,134,156,120,111,139,187,272,306,318,353,384,407,363,372,412,388,388,313,252,225,179,154,120,0,0
2024,2024-01-30,Southbound,All Vehicles,100,73,72,46,63,93,169,222,271,326,350,365,409,378,362,373,345,336,266,212,228,193,142,156,0,0
2024,2024-01-31,Southbound,Heavy Vehicles,74,68,55,44,48,56,102,133,119,88,126,138,196,159,170,174,192,159,125,133,151,131,116,140,0,0
2024,2024-01-31,Southbound,Light Vehicles,9,9,18,6,14,31,90,114,180,227,218,201,198,191,198,192,168,168,122,80,60,44,19,13,0,0
2024,2024-01-31,Northbound,Heavy Vehicles,126,143,120,113,94,98,92,114,123,125,138,151,134,121,122,150,158,177,177,162,168,142,123,128,0,0
2024,2024-01-31,Northbound,Light Vehicles,11,9,12,10,19,51,89,154,206,188,216,249,236,207,232,234,236,202,149,111,64,41,26,26,0,0
2024,2024-01-31,Southbound,All Vehicles,83,77,73,50,62,87,192,247,299,315,344,339,394,350,368,366,360,327,247,213,211,175,135,153,0,0
2024,2024-01-31,Northbound,All Vehicles,137,152,132,123,113,149,181,268,329,313,354,400,370,328,354,384,394,379,326,273,232,183,149,154,0,0
2024,2024-02-01,Northbound,Heavy Vehicles,130,123,165,124,110,112,102,151,130,150,163,181,132,145,153,172,154,182,182,177,170,136,132,112,0,1
2024,2024-02-01,Southbound,Light Vehicles,14,8,14,15,22,48,128,177,254,314,349,322,307,353,323,300,315,309,209,125,112,97,32,22,0,1
2024,2024-02-01,Southbound,Heavy Vehicles,92,65,60,59,61,70,117,120,148,151,163,171,209,178,218,191,206,191,183,137,130,146,120,147,0,1
2024,2024-02-01,Northbound,Light Vehicles,18,20,9,13,35,47,100,174,255,306,295,339,295,352,346,348,285,315,238,141,96,74,46,23,0,1
2024,2024-02-01,Northbound,All Vehicles,148,143,174,137,145,159,202,325,385,456,458,520,427,497,499,520,439,497,420,318,266,210,178,135,0,1
2024,2024-02-01,Southbound,All Vehicles,106,73,74,74,83,118,245,297,402,465,512,493,516,531,541,491,521,500,392,262,242,243,152,169,0,1
2024,2024-02-02,Southbound,Light Vehicles,19,10,17,10,26,53,139,187,300,381,380,416,448,515,458,493,495,513,337,237,171,114,63,45,0,1
2024,2024-02-02,Northbound,Heavy Vehicles,93,137,120,121,105,104,94,113,112,140,128,149,140,107,118,123,130,113,126,107,101,72,60,62,0,1
2024,2024-02-02,Northbound,Light Vehicles,21,11,10,14,14,42,89,151,249,238,337,328,358,345,363,366,358,355,274,205,130,88,54,40,0,1
2024,2024-02-02,Southbound,Heavy Vehicles,101,71,60,46,42,79,107,127,144,119,147,161,159,209,178,189,163,162,129,124,138,115,116,100,0,1
2024,2024-02-02,Southbound,All Vehicles,120,81,77,56,68,132,246,314,444,500,527,577,607,724,636,682,658,675,466,361,309,229,179,145,0,1
2024,2024-02-02,Northbound,All Vehicles,114,148,130,135,119,146,183,264,361,378,465,477,498,452,481,489,488,468,400,312,231,160,114,102,0,1
2024,2024-02-03,Northbound,Heavy Vehicles,67,103,73,71,65,71,43,62,80,90,97,95,102,82,88,97,83,65,69,62,79,61,66,46,0,1
2024,2024-02-03,Southbound,Heavy Vehicles,77,60,41,37,33,37,53,94,86,94,110,108,91,91,102,72,78,80,70,54,44,33,34,20,0,1
2024,2024-02-03,Southbound,Light Vehicles,26,16,18,9,25,64,108,201,291,378,442,519,431,447,408,361,307,250,173,128,100,79,59,26,0,1
2024,2024-02-03,Northbound,Light Vehicles,32,23,18,22,29,40,88,157,285,395,462,542,448,401,425,385,312,278,209,153,103,71,57,45,0,1
2024,2024-02-03,Northbound,All Vehicles,99,126,91,93,94,111,131,219,365,485,559,637,550,483,513,482,395,343,278,215,182,132,123,91,0,1
2024,2024-02-03,Southbound,All Vehicles,103,76,59,46,58,101,161,295,377,472,552,627,522,538,510,433,385,330,243,182,144,112,93,46,0,1
2024,2024-02-04,Northbound,Light Vehicles,22,13,13,10,8,28,56,85,139,297,364,448,444,478,465,460,418,372,292,147,134,59,46,29,0,1
2024,2024-02-04,Southbound,Light Vehicles,25,14,12,10,19,33,64,137,222,324,445,512,568,562,594,561,447,383,282,169,115,72,50,35,0,1
2024,2024-02-04,Southbound,Heavy Vehicles,18,9,11,16,15,14,25,38,49,73,94,115,114,127,155,134,118,112,95,67,67,57,47,32,0,1
2024,2024-02-04,Northbound,Heavy Vehicles,27,32,22,21,12,13,18,37,37,60,74,80,78,90,103,114,112,123,113,139,130,107,85,69,0,1
2024,2024-02-04,Northbound,All Vehicles,49,45,35,31,20,41,74,122,176,357,438,528,522,568,568,574,530,495,405,286,264,166,131,98,0,1
2024,2024-02-04,Southbound,All Vehicles,43,23,23,26,34,47,89,175,271,397,539,627,682,689,749,695,565,495,377,236,182,129,97,67,0,1
2024,2024-02-05,Northbound,Heavy Vehicles,85,47,67,30,42,58,58,78,104,107,113,127,120,112,120,142,146,144,160,165,141,113,97,102,0,1
2024,2024-02-05,Southbound,Heavy Vehicles,25,24,34,29,20,55,97,109,139,127,173,158,183,204,219,196,189,160,142,144,131,147,126,134,0,1
2024,2024-02-05,Southbound,Light Vehicles,22,16,11,20,19,60,147,235,296,330,363,424,419,420,429,343,330,303,172,104,85,53,29,20,0,1
2024,2024-02-05,Northbound,Light Vehicles,35,13,12,8,26,54,121,199,237,260,340,427,359,376,369,351,324,271,187,118,61,42,59,30,0,1
2024,2024-02-05,Northbound,All Vehicles,120,60,79,38,68,112,179,277,341,367,453,554,479,488,489,493,470,415,347,283,202,155,156,132,0,1
2024,2024-02-05,Southbound,All Vehicles,47,40,45,49,39,115,244,344,435,457,536,582,602,624,648,539,519,463,314,248,216,200,155,154,0,1
2024,2024-02-06,Southbound,Heavy Vehicles,79,69,54,40,50,80,104,146,136,130,140,160,198,200,207,215,205,187,152,154,176,162,128,128,0,0
2024,2024-02-06,Southbound,Light Vehicles,11,8,8,8,23,34,111,164,223,288,294,321,310,347,351,304,289,266,150,141,78,59,29,13,0,0
2024,2024-02-06,Northbound,Heavy Vehicles,94,144,109,105,92,98,86,125,120,133,150,147,140,148,144,165,181,144,188,162,172,145,131,127,0,0
2024,2024-02-06,Northbound,Light Vehicles,17,10,16,24,34,57,91,187,244,248,281,304,304,274,281,329,299,250,187,124,65,54,32,17,0,0
2024,2024-02-06,Southbound,All Vehicles,90,77,62,48,73,114,215,310,359,418,434,481,508,547,558,519,494,453,302,295,254,221,157,141,0,0
2024,2024-02-06,Northbound,All Vehicles,111,154,125,129,126,155,177,312,364,381,431,451,444,422,425,494,480,394,375,286,237,199,163,144,0,0
2024,2024-02-07,Southbound,Light Vehicles,13,10,11,6,15,47,110,186,273,325,338,331,341,358,297,337,331,294,198,123,101,69,32,29,0,0
2024,2024-02-07,Northbound,Heavy Vehicles,127,144,121,143,102,106,102,113,135,135,155,152,146,143,148,154,189,205,177,156,182,159,115,95,0,0
2024,2024-02-07,Southbound,Heavy Vehicles,89,82,46,57,36,79,114,163,184,159,165,171,211,210,181,238,204,164,161,132,151,175,152,141,0,0
2024,2024-02-07,Northbound,Light Vehicles,27,9,9,13,15,58,99,172,263,268,307,303,327,314,374,346,309,276,184,124,73,53,30,20,0,0
2024,2024-02-07,Southbound,All Vehicles,102,92,57,63,51,126,224,349,457,484,503,502,552,568,478,575,535,458,359,255,252,244,184,170,0,0
2024,2024-02-07,Northbound,All Vehicles,154,153,130,156,117,164,201,285,398,403,462,455,473,457,522,500,498,481,361,280,255,212,145,115,0,0
2024,2024-02-08,Northbound,Heavy Vehicles,116,141,155,147,96,117,95,120,125,131,155,160,165,161,152,172,184,181,192,171,180,145,136,99,0,0
2024,2024-02-08,Southbound,Light Vehicles,13,11,9,7,35,39,119,200,271,339,400,369,362,344,388,318,374,307,238,167,107,83,50,39,0,0
2024,2024-02-08,Southbound,Heavy Vehicles,86,60,52,39,60,66,114,148,171,167,165,164,202,215,214,233,223,176,149,151,147,179,135,144,0,0
2024,2024-02-08,Northbound,Light Vehicles,13,22,13,15,26,51,129,186,279,306,345,412,367,365,406,370,377,296,261,179,128,71,43,29,0,0
2024,2024-02-08,Northbound,All Vehicles,129,163,168,162,122,168,224,306,404,437,500,572,532,526,558,542,561,477,453,350,308,216,179,128,0,0
2024,2024-02-08,Southbound,All Vehicles,99,71,61,46,95,105,233,348,442,506,565,533,564,559,602,551,597,483,387,318,254,262,185,183,0,0
2024,2024-02-09,Northbound,Heavy Vehicles,115,138,140,153,83,110,94,119,144,150,169,156,167,149,138,148,149,139,111,118,86,90,70,71,0,0
2024,2024-02-09,Southbound,Heavy Vehicles,76,69,47,53,44,72,109,146,166,140,166,177,168,171,193,170,190,133,149,121,123,143,118,100,0,0
2024,2024-02-09,Southbound,Light Vehicles,13,24,14,11,25,53,136,210,351,417,442,506,473,477,470,536,564,531,405,249,165,122,67,35,0,0
2024,2024-02-09,Northbound,Light Vehicles,22,15,13,16,27,56,106,208,332,399,547,634,597,612,594,579,529,517,420,281,187,111,79,40,0,0
2024,2024-02-09,Northbound,All Vehicles,137,153,153,169,110,166,200,327,476,549,716,790,764,761,732,727,678,656,531,399,273,201,149,111,0,0
2024,2024-02-09,Southbound,All Vehicles,89,93,61,64,69,125,245,356,517,557,608,683,641,648,663,706,754,664,554,370,288,265,185,135,0,0
2024,2024-02-10,Northbound,Light Vehicles,24,29,15,16,34,36,80,178,283,454,475,474,445,416,419,353,341,254,236,148,104,71,57,29,0,0
2024,2024-02-10,Northbound,Heavy Vehicles,56,89,87,62,61,67,52,73,77,87,98,103,119,82,83,79,66,75,62,74,70,49,44,42,0,0
2024,2024-02-10,Southbound,Heavy Vehicles,71,71,48,37,30,31,45,72,75,96,91,84,100,90,96,99,87,79,54,47,40,32,17,15,0,0
2024,2024-02-10,Southbound,Light Vehicles,22,19,25,31,27,52,107,187,351,434,551,534,505,471,484,423,373,267,206,129,102,70,44,47,0,0
2024,2024-02-10,Northbound,All Vehicles,80,118,102,78,95,103,132,251,360,541,573,577,564,498,502,432,407,329,298,222,174,120,101,71,0,0
2024,2024-02-10,Southbound,All Vehicles,93,90,73,68,57,83,152,259,426,530,642,618,605,561,580,522,460,346,260,176,142,102,61,62,0,0
2024,2024-02-11,Northbound,Light Vehicles,13,14,21,4,20,28,45,82,171,311,387,513,603,629,666,642,626,519,368,237,153,104,55,39,0,0
2024,2024-02-11,Southbound,Light Vehicles,16,10,14,12,14,38,73,124,244,367,460,585,671,731,757,686,622,480,333,230,147,92,58,32,0,0
2024,2024-02-11,Northbound,Heavy Vehicles,30,23,21,21,16,20,12,34,36,47,99,97,105,104,114,116,150,154,132,132,159,108,91,90,0,0
2024,2024-02-11,Southbound,Heavy Vehicles,17,16,17,11,12,16,49,51,68,73,81,118,127,135,155,151,150,123,91,77,84,42,40,34,0,0
2024,2024-02-11,Northbound,All Vehicles,43,37,42,25,36,48,57,116,207,358,486,610,708,733,780,758,776,673,500,369,312,212,146,129,0,0
2024,2024-02-11,Southbound,All Vehicles,33,26,31,23,26,54,122,175,312,440,541,703,798,866,912,837,772,603,424,307,231,134,98,66,0,0
2024,2024-02-12,Southbound,Light Vehicles,15,11,16,13,24,46,148,237,312,390,446,441,399,428,440,355,340,318,189,131,101,58,34,15,0,0
2024,2024-02-12,Northbound,Light Vehicles,31,17,12,10,15,71,132,205,246,292,349,379,417,366,374,412,354,310,199,141,93,68,39,25,0,0
2024,2024-02-12,Northbound,Heavy Vehicles,77,75,54,40,43,59,59,95,101,132,121,133,153,151,135,163,178,167,203,163,153,149,114,130,0,0
2024,2024-02-12,Southbound,Heavy Vehicles,23,25,21,33,27,62,111,137,148,156,171,172,184,207,238,238,166,187,136,140,128,160,99,142,0,0
2024,2024-02-12,Southbound,All Vehicles,38,36,37,46,51,108,259,374,460,546,617,613,583,635,678,593,506,505,325,271,229,218,133,157,0,0
2024,2024-02-12,Northbound,All Vehicles,108,92,66,50,58,130,191,300,347,424,470,512,570,517,509,575,532,477,402,304,246,217,153,155,0,0
2024,2024-02-13,Southbound,Heavy Vehicles,91,64,58,41,52,72,119,144,139,165,156,171,178,207,185,235,217,201,148,145,159,178,150,117,0,0
2024,2024-02-13,Northbound,Light Vehicles,16,5,14,12,22,59,128,189,250,267,263,279,278,312,294,330,332,257,179,121,60,56,27,22,0,0
2024,2024-02-13,Northbound,Heavy Vehicles,122,138,140,154,90,94,107,103,129,135,141,153,151,102,152,148,185,186,196,176,136,141,127,120,0,0
2024,2024-02-13,Southbound,Light Vehicles,11,13,7,14,17,44,123,197,258,294,317,277,315,365,295,284,316,272,171,128,92,60,30,17,0,0
2024,2024-02-13,Southbound,All Vehicles,102,77,65,55,69,116,242,341,397,459,473,448,493,572,480,519,533,473,319,273,251,238,180,134,0,0
2024,2024-02-13,Northbound,All Vehicles,138,143,154,166,112,153,235,292,379,402,404,432,429,414,446,478,517,443,375,297,196,197,154,142,0,0
2024,2024-02-14,Northbound,Light Vehicles,21,22,12,16,21,53,113,175,254,269,282,287,330,324,349,350,335,251,216,116,109,53,38,36,0,0
2024,2024-02-14,Southbound,Heavy Vehicles,105,65,57,46,55,74,134,135,162,152,169,157,198,230,220,224,225,175,151,162,163,160,136,131,0,0
2024,2024-02-14,Northbound,Heavy Vehicles,103,86,142,115,101,96,123,114,134,145,147,179,148,135,155,171,196,176,185,146,148,134,134,106,0,0
2024,2024-02-14,Southbound,Light Vehicles,16,7,9,15,16,44,130,197,254,329,316,309,323,371,313,348,347,281,192,128,117,71,38,21,0,0
2024,2024-02-14,Northbound,All Vehicles,124,108,154,131,122,149,236,289,388,414,429,466,478,459,504,521,531,427,401,262,257,187,172,142,0,0
2024,2024-02-14,Southbound,All Vehicles,121,72,66,61,71,118,264,332,416,481,485,466,521,601,533,572,572,456,343,290,280,231,174,152,0,0
2024,2024-02-15,Southbound,Heavy Vehicles,101,51,57,37,46,54,95,131,132,134,144,145,151,188,162,188,179,183,145,141,124,171,146,116,0,0
2024,2024-02-15,Northbound,Heavy Vehicles,124,148,136,134,99,92,103,138,135,140,143,170,165,129,157,179,185,186,206,140,145,147,141,104,0,0
2024,2024-02-15,Northbound,Light Vehicles,17,8,14,13,24,60,105,193,262,292,334,343,344,374,376,393,384,340,239,152,107,76,51,33,0,0
2024,2024-02-15,Southbound,Light Vehicles,15,9,12,20,17,40,91,162,257,263,309,280,334,373,366,319,312,315,265,176,110,66,50,29,0,0
2024,2024-02-15,Southbound,All Vehicles,116,60,69,57,63,94,186,293,389,397,453,425,485,561,528,507,491,498,410,317,234,237,196,145,0,0
2024,2024-02-15,Northbound,All Vehicles,141,156,150,147,123,152,208,331,397,432,477,513,509,503,533,572,569,526,445,292,252,223,192,137,0,0
2024,2024-02-16,Southbound,Heavy Vehicles,95,83,53,37,50,81,119,138,159,142,148,151,191,176,201,190,178,153,148,159,127,120,143,126,0,0
2024,2024-02-16,Northbound,Light Vehicles,27,17,13,14,27,62,119,189,294,388,478,572,572,518,579,572,569,526,407,260,156,89,70,62,0,0
2024,2024-02-16,Southbound,Light Vehicles,25,22,28,20,31,104,202,296,483,588,602,593,530,553,603,533,651,560,421,308,225,164,138,41,0,0
2024,2024-02-16,Northbound,Heavy Vehicles,131,139,144,128,113,99,109,130,103,157,159,170,170,135,160,157,186,132,145,110,85,80,83,92,0,0
2024,2024-02-16,Southbound,All Vehicles,120,105,81,57,81,185,321,434,642,730,750,744,721,729,804,723,829,713,569,467,352,284,281,167,0,0
2024,2024-02-16,Northbound,All Vehicles,158,156,157,142,140,161,228,319,397,545,637,742,742,653,739,729,755,658,552,370,241,169,153,154,0,0
2024,2024-02-17,Southbound,Light Vehicles,31,33,25,18,37,88,181,315,403,582,543,545,476,516,475,411,336,264,222,129,98,71,54,31,0,0
2024,2024-02-17,Northbound,Heavy Vehicles,72,94,82,76,49,55,46,57,72,88,75,78,85,87,76,91,92,79,69,58,59,62,66,41,0,0
2024,2024-02-17,Southbound,Heavy Vehicles,73,51,46,33,35,34,49,89,88,102,98,106,103,112,71,82,83,78,63,40,32,38,28,26,0,0
2024,2024-02-17,Northbound,Light Vehicles,30,20,31,24,31,54,64,168,260,436,510,522,470,453,435,389,432,338,269,188,116,97,61,49,0,0
2024,2024-02-17,Southbound,All Vehicles,104,84,71,51,72,122,230,404,491,684,641,651,579,628,546,493,419,342,285,169,130,109,82,57,0,0
2024,2024-02-17,Northbound,All Vehicles,102,114,113,100,80,109,110,225,332,524,585,600,555,540,511,480,524,417,338,246,175,159,127,90,0,0
2024,2024-02-18,Northbound,Light Vehicles,24,21,9,12,23,23,64,97,170,283,378,582,612,647,681,687,657,570,381,241,175,114,71,30,0,0
2024,2024-02-18,Southbound,Light Vehicles,29,20,15,13,17,31,85,180,263,403,530,590,656,752,749,674,538,412,325,230,151,83,51,30,0,0
2024,2024-02-18,Northbound,Heavy Vehicles,28,31,29,20,19,22,19,32,30,59,97,114,102,99,101,108,121,142,141,146,125,102,95,73,0,0
2024,2024-02-18,Southbound,Heavy Vehicles,14,16,8,14,8,18,29,46,63,83,110,94,148,138,156,117,144,113,95,67,88,48,43,28,0,0
2024,2024-02-18,Northbound,All Vehicles,52,52,38,32,42,45,83,129,200,342,475,696,714,746,782,795,778,712,522,387,300,216,166,103,0,0
2024,2024-02-18,Southbound,All Vehicles,43,36,23,27,25,49,114,226,326,486,640,684,804,890,905,791,682,525,420,297,239,131,94,58,0,0
2024,2024-02-19,Southbound,Heavy Vehicles,28,25,22,25,39,61,98,142,163,165,158,183,193,236,203,237,192,140,157,139,157,169,146,112,0,0
2024,2024-02-19,Southbound,Light Vehicles,21,12,10,11,29,66,155,221,330,402,407,472,481,442,397,374,345,318,192,135,75,58,32,20,0,0
2024,2024-02-19,Northbound,Light Vehicles,28,16,19,14,19,66,111,183,233,253,319,358,344,348,375,377,398,330,232,152,101,61,29,30,0,0
2024,2024-02-19,Northbound,Heavy Vehicles,68,59,60,32,41,55,62,78,97,103,148,133,130,115,141,146,140,179,169,155,156,132,122,98,0,0
2024,2024-02-19,Southbound,All Vehicles,49,37,32,36,68,127,253,363,493,567,565,655,674,678,600,611,537,458,349,274,232,227,178,132,0,0
2024,2024-02-19,Northbound,All Vehicles,96,75,79,46,60,121,173,261,330,356,467,491,474,463,516,523,538,509,401,307,257,193,151,128,0,0
2024,2024-02-20,Northbound,Heavy Vehicles,105,139,140,129,101,107,94,124,141,150,145,157,150,155,146,181,182,182,186,184,168,142,142,109,0,0
2024,2024-02-20,Northbound,Light Vehicles,27,20,21,22,23,52,112,196,261,238,320,321,334,348,348,405,365,304,260,145,73,67,26,27,0,0
2024,2024-02-20,Southbound,Light Vehicles,12,17,13,13,32,51,103,199,260,322,330,344,317,339,320,289,303,268,176,122,97,71,49,30,0,0
2024,2024-02-20,Southbound,Heavy Vehicles,89,70,44,32,53,69,114,159,137,164,179,164,197,233,210,229,199,194,188,138,168,182,132,157,0,0
2024,2024-02-20,Northbound,All Vehicles,132,159,161,151,124,159,206,320,402,388,465,478,484,503,494,586,547,486,446,329,241,209,168,136,0,0
2024,2024-02-20,Southbound,All Vehicles,101,87,57,45,85,120,217,358,397,486,509,508,514,572,530,518,502,462,364,260,265,253,181,187,0,0
2024,2024-02-21,Northbound,Heavy Vehicles,126,150,141,134,93,104,116,131,160,138,167,191,168,156,182,170,187,171,192,158,185,141,133,105,0,0
2024,2024-02-21,Northbound,Light Vehicles,21,15,13,9,18,61,111,176,268,272,289,355,366,318,369,338,323,283,231,146,130,61,44,30,0,0
2024,2024-02-21,Southbound,Heavy Vehicles,92,64,56,51,50,80,106,138,161,141,153,209,189,226,259,227,242,187,171,148,167,195,147,123,0,0
2024,2024-02-21,Southbound,Light Vehicles,18,15,14,12,15,40,133,203,262,307,346,308,360,389,332,337,345,297,213,129,108,57,36,35,0,0
2024,2024-02-21,Northbound,All Vehicles,147,165,154,143,111,165,227,307,428,410,456,546,534,474,551,508,510,454,423,304,315,202,177,135,0,0
2024,2024-02-21,Southbound,All Vehicles,110,79,70,63,65,120,239,341,423,448,499,517,549,615,591,564,587,484,384,277,275,252,183,158,0,0
2024,2024-02-22,Northbound,Heavy Vehicles,116,143,153,132,106,112,107,113,142,149,153,172,161,155,175,185,180,167,178,153,171,140,135,112,0,0
2024,2024-02-22,Northbound,Light Vehicles,16,12,14,14,30,60,124,208,299,303,391,445,427,432,452,453,422,363,262,186,127,83,61,29,0,0
2024,2024-02-22,Southbound,Light Vehicles,21,13,12,9,22,70,145,192,297,330,414,382,396,426,398,406,361,336,247,167,144,85,61,34,0,0
2024,2024-02-22,Southbound,Heavy Vehicles,90,77,64,46,56,80,110,145,158,180,173,173,193,228,226,251,221,173,171,129,131,182,151,145,0,0
2024,2024-02-22,Northbound,All Vehicles,132,155,167,146,136,172,231,321,441,452,544,617,588,587,627,638,602,530,440,339,298,223,196,141,0,0
2024,2024-02-22,Southbound,All Vehicles,111,90,76,55,78,150,255,337,455,510,587,555,589,654,624,657,582,509,418,296,275,267,212,179,0,0
2024,2024-02-23,Northbound,Heavy Vehicles,113,130,110,118,92,91,108,115,144,141,150,52,133,143,142,135,145,116,128,116,104,86,72,67,0,0
2024,2024-02-23,Northbound,Light Vehicles,22,14,18,10,17,65,100,170,261,328,431,226,478,499,551,511,512,414,321,218,175,101,68,43,0,0
2024,2024-02-23,Southbound,Light Vehicles,28,17,16,24,20,64,140,267,22,459,512,574,554,555,535,547,524,491,365,283,191,103,72,52,0,0
2024,2024-02-23,Southbound,Heavy Vehicles,115,57,63,43,47,69,99,152,6,150,167,162,193,200,215,186,168,174,143,134,123,131,114,121,0,0
2024,2024-02-23,Northbound,All Vehicles,135,144,128,128,109,156,208,285,405,469,581,278,611,642,693,646,657,530,449,334,279,187,140,110,0,0
2024,2024-02-23,Southbound,All Vehicles,143,74,79,67,67,133,239,419,28,609,679,736,747,755,750,733,692,665,508,417,314,234,186,173,0,0
2024,2024-02-24,Southbound,Light Vehicles,65,17,27,23,30,50,141,229,352,462,572,582,584,569,483,428,402,377,225,154,102,82,49,35,0,0
2024,2024-02-24,Northbound,Heavy Vehicles,68,88,94,88,59,45,54,84,65,96,107,113,106,85,95,84,79,66,74,63,85,62,47,34,0,0
2024,2024-02-24,Northbound,Light Vehicles,50,36,22,29,38,60,91,192,321,462,569,643,592,475,462,441,381,299,221,148,107,87,49,26,0,0
2024,2024-02-24,Southbound,Heavy Vehicles,82,61,43,30,33,36,54,71,91,115,102,123,111,108,96,101,85,81,71,54,50,36,41,18,0,0
2024,2024-02-24,Southbound,All Vehicles,147,78,70,53,63,86,195,300,443,577,674,705,695,677,579,529,487,458,296,208,152,118,90,53,0,0
2024,2024-02-24,Northbound,All Vehicles,118,124,116,117,97,105,145,276,386,558,676,756,698,560,557,525,460,365,295,211,192,149,96,60,0,0
2024,2024-02-25,Northbound,Heavy Vehicles,27,42,31,20,12,24,20,30,49,80,103,98,129,121,110,135,135,145,131,166,157,120,99,78,0,0
2024,2024-02-25,Southbound,Heavy Vehicles,11,14,17,18,11,14,33,58,83,95,123,132,141,131,164,160,148,148,121,108,80,73,55,28,0,0
2024,2024-02-25,Northbound,Light Vehicles,23,11,10,12,18,29,64,112,238,392,481,632,714,661,709,691,685,545,388,308,219,98,70,49,0,0
2024,2024-02-25,Southbound,Light Vehicles,31,16,17,16,21,24,63,169,295,432,603,742,770,798,753,711,649,548,404,232,151,92,66,35,0,0
2024,2024-02-25,Northbound,All Vehicles,50,53,41,32,30,53,84,142,287,472,584,730,843,782,819,826,820,690,519,474,376,218,169,127,0,0
2024,2024-02-25,Southbound,All Vehicles,42,30,34,34,32,38,96,227,378,527,726,874,911,929,917,871,797,696,525,340,231,165,121,63,0,0
2024,2024-02-26,Southbound,Light Vehicles,21,14,19,20,27,50,133,264,330,479,504,517,563,570,484,397,365,300,219,128,78,57,32,30,0,0
2024,2024-02-26,Northbound,Heavy Vehicles,78,76,57,40,51,55,78,81,98,121,130,152,205,145,178,179,192,224,175,175,164,150,127,118,0,0
2024,2024-02-26,Northbound,Light Vehicles,29,15,18,19,23,72,121,211,290,318,390,465,458,447,429,401,403,338,227,137,102,51,37,29,0,0
2024,2024-02-26,Southbound,Heavy Vehicles,23,19,25,24,31,74,102,150,153,145,185,200,206,231,236,230,211,175,140,122,193,169,130,130,0,0
2024,2024-02-26,Southbound,All Vehicles,44,33,44,44,58,124,235,414,483,624,689,717,769,801,720,627,576,475,359,250,271,226,162,160,0,0
2024,2024-02-26,Northbound,All Vehicles,107,91,75,59,74,127,199,292,388,439,520,617,663,592,607,580,595,562,402,312,266,201,164,147,0,0
2024,2024-02-27,Northbound,Heavy Vehicles,123,127,143,121,91,92,105,108,142,129,161,152,158,144,146,159,200,196,167,167,167,169,138,119,0,0
2024,2024-02-27,Northbound,Light Vehicles,14,10,15,14,15,50,110,164,258,240,286,305,326,285,303,292,319,255,183,100,66,55,39,15,0,0
2024,2024-02-27,Southbound,Heavy Vehicles,94,58,49,43,45,70,127,147,171,156,161,173,204,210,211,228,218,198,143,157,196,166,141,148,0,0
2024,2024-02-27,Southbound,Light Vehicles,13,11,7,19,23,53,125,172,291,318,362,368,373,402,372,346,317,265,199,125,101,68,30,21,0,0
2024,2024-02-27,Northbound,All Vehicles,137,137,158,135,106,142,215,272,400,369,447,457,484,429,449,451,519,451,350,267,233,224,177,134,0,0
2024,2024-02-27,Southbound,All Vehicles,107,69,56,62,68,123,252,319,462,474,523,541,577,612,583,574,535,463,342,282,297,234,171,169,0,0
2024,2024-02-28,Northbound,Light Vehicles,18,15,13,13,28,59,116,190,258,274,304,293,286,319,296,333,283,260,207,103,77,57,27,24,0,0
2024,2024-02-28,Southbound,Light Vehicles,16,9,13,5,18,42,121,191,244,295,325,352,334,322,355,305,310,275,183,130,111,77,29,17,0,0
2024,2024-02-28,Northbound,Heavy Vehicles,131,145,144,131,82,100,111,145,137,145,175,149,157,135,163,166,204,191,178,183,161,146,138,138,0,0
2024,2024-02-28,Southbound,Heavy Vehicles,97,55,47,49,41,80,129,136,154,165,170,175,190,198,229,243,221,170,143,187,171,158,177,109,0,0
2024,2024-02-28,Northbound,All Vehicles,149,160,157,144,110,159,227,335,395,419,479,442,443,454,459,499,487,451,385,286,238,203,165,162,0,0
2024,2024-02-28,Southbound,All Vehicles,113,64,60,54,59,122,250,327,398,460,495,527,524,520,584,548,531,445,326,317,282,235,206,126,0,0
2024,2024-02-29,Northbound,Light Vehicles,26,14,11,16,22,53,126,189,268,265,344,349,382,360,418,449,402,302,262,181,114,75,54,20,0,0
2024,2024-02-29,Northbound,Heavy Vehicles,124,121,153,125,110,91,104,112,137,172,152,180,163,169,157,185,175,191,164,171,175,153,117,107,0,0
2024,2024-02-29,Southbound,Heavy Vehicles,101,78,57,44,49,72,117,145,139,183,177,171,216,215,203,217,214,186,148,144,168,167,143,132,0,0
2024,2024-02-29,Southbound,Light Vehicles,14,13,12,15,22,42,116,224,320,321,389,352,415,401,408,380,355,328,238,181,137,98,39,42,0,0
2024,2024-02-29,Northbound,All Vehicles,150,135,164,141,132,144,230,301,405,437,496,529,545,529,575,634,577,493,426,352,289,228,171,127,0,0
2024,2024-02-29,Southbound,All Vehicles,115,91,69,59,71,114,233,369,459,504,566,523,631,616,611,597,569,514,386,325,305,265,182,174,0,0
2024,2024-03-01,Southbound,Heavy Vehicles,92,73,50,54,47,74,97,81,116,115,119,146,156,161,145,155,135,122,126,122,91,115,113,112,0,0
2024,2024-03-01,Northbound,Light Vehicles,16,15,24,21,38,62,107,219,309,387,429,606,545,583,551,605,558,475,369,246,174,94,85,52,0,0
2024,2024-03-01,Southbound,Light Vehicles,16,17,15,16,15,38,94,152,247,279,276,336,334,299,282,310,294,273,218,149,128,89,52,34,0,0
2024,2024-03-01,Northbound,Heavy Vehicles,115,127,161,128,115,93,103,113,143,156,171,182,174,173,186,162,174,139,117,128,107,89,77,66,0,0
2024,2024-03-01,Southbound,All Vehicles,108,90,65,70,62,112,191,233,363,394,395,482,490,460,427,465,429,395,344,271,219,204,165,146,0,0
2024,2024-03-01,Northbound,All Vehicles,131,142,185,149,153,155,210,332,452,543,600,788,719,756,737,767,732,614,486,374,281,183,162,118,0,0
2024,2024-03-02,Southbound,Light Vehicles,34,26,16,23,29,54,114,207,320,427,582,531,471,444,451,395,293,260,167,126,75,71,43,36,0,0
2024,2024-03-02,Southbound,Heavy Vehicles,79,62,46,35,40,40,48,81,88,115,99,87,83,93,93,97,89,68,73,53,32,32,23,27,0,0
2024,2024-03-02,Northbound,Light Vehicles,38,26,21,21,30,50,96,159,284,471,507,501,472,412,411,404,400,297,214,152,99,97,49,18,0,0
2024,2024-03-02,Northbound,Heavy Vehicles,62,80,98,83,68,41,54,68,71,92,95,111,96,81,95,81,83,78,73,61,58,66,39,51,0,0
2024,2024-03-02,Southbound,All Vehicles,113,88,62,58,69,94,162,288,408,542,681,618,554,537,544,492,382,328,240,179,107,103,66,63,0,0
2024,2024-03-02,Northbound,All Vehicles,100,106,119,104,98,91,150,227,355,563,602,612,568,493,506,485,483,375,287,213,157,163,88,69,0,0
2024,2024-03-03,Northbound,Heavy Vehicles,31,33,15,23,13,22,18,39,35,58,77,90,111,111,94,120,141,151,141,124,173,108,121,83,0,0
2024,2024-03-03,Southbound,Heavy Vehicles,17,12,19,8,9,16,31,50,63,68,95,133,133,141,135,146,144,125,121,85,63,56,52,35,0,0
2024,2024-03-03,Northbound,Light Vehicles,15,14,18,12,19,24,63,100,177,318,453,558,630,702,728,667,643,508,395,269,167,94,73,38,0,0
2024,2024-03-03,Southbound,Light Vehicles,28,21,21,11,23,39,80,125,224,365,457,586,628,697,718,635,647,536,341,238,178,73,53,31,0,0
2024,2024-03-03,Northbound,All Vehicles,46,47,33,35,32,46,81,139,212,376,530,648,741,813,822,787,784,659,536,393,340,202,194,121,0,0
2024,2024-03-03,Southbound,All Vehicles,45,33,40,19,32,55,111,175,287,433,552,719,761,838,853,781,791,661,462,323,241,129,105,66,0,0
2024,2024-03-04,Northbound,Light Vehicles,26,7,16,11,21,54,103,162,224,219,289,289,323,298,311,313,293,242,178,112,69,42,20,20,0,0
2024,2024-03-04,Southbound,Heavy Vehicles,19,21,19,27,39,63,108,141,171,141,170,174,214,237,259,200,216,197,151,141,170,163,135,118,0,0
2024,2024-03-04,Southbound,Light Vehicles,19,16,14,18,13,68,148,239,382,409,459,443,477,435,390,369,371,283,188,121,72,55,41,19,0,0
2024,2024-03-04,Northbound,Heavy Vehicles,67,82,47,28,35,54,73,64,90,107,95,128,139,136,141,127,159,163,168,148,153,134,131,108,0,0
2024,2024-03-04,Northbound,All Vehicles,93,89,63,39,56,108,176,226,314,326,384,417,462,434,452,440,452,405,346,260,222,176,151,128,0,0
2024,2024-03-04,Southbound,All Vehicles,38,37,33,45,52,131,256,380,553,550,629,617,691,672,649,569,587,480,339,262,242,218,176,137,0,0
2024,2024-03-05,Northbound,Light Vehicles,17,12,7,11,17,58,109,187,268,255,277,284,316,301,298,302,315,252,174,103,75,49,30,22,0,0
2024,2024-03-05,Southbound,Heavy Vehicles,98,59,48,40,55,72,121,141,162,158,171,184,202,242,218,229,223,174,162,147,151,174,149,125,0,0
2024,2024-03-05,Southbound,Light Vehicles,16,12,9,9,12,47,129,178,248,310,297,335,307,351,368,336,314,257,170,116,80,54,35,23,0,0
2024,2024-03-05,Northbound,Heavy Vehicles,131,135,145,110,96,112,104,104,107,152,149,137,153,142,136,162,196,206,185,160,182,169,132,112,0,0
2024,2024-03-05,Northbound,All Vehicles,148,147,152,121,113,170,213,291,375,407,426,421,469,443,434,464,511,458,359,263,257,218,162,134,0,0
2024,2024-03-05,Southbound,All Vehicles,114,71,57,49,67,119,250,319,410,468,468,519,509,593,586,565,537,431,332,263,231,228,184,148,0,0
2024,2024-03-06,Southbound,Heavy Vehicles,91,62,43,54,61,81,142,162,173,164,155,181,190,248,242,229,240,197,169,162,143,190,149,143,0,0
2024,2024-03-06,Southbound,Light Vehicles,19,18,8,8,8,49,110,168,241,332,332,350,319,354,364,339,302,265,243,143,98,57,50,25,0,0
2024,2024-03-06,Northbound,Heavy Vehicles,131,137,143,106,110,100,106,126,144,168,182,158,158,160,184,196,181,174,203,175,176,146,130,82,0,0
2024,2024-03-06,Northbound,Light Vehicles,22,14,7,16,20,48,113,200,275,266,307,284,299,317,328,370,333,256,180,133,75,49,28,23,0,0
2024,2024-03-06,Southbound,All Vehicles,110,80,51,62,69,130,252,330,414,496,487,531,509,602,606,568,542,462,412,305,241,247,199,168,0,0
2024,2024-03-06,Northbound,All Vehicles,153,151,150,122,130,148,219,326,419,434,489,442,457,477,512,566,514,430,383,308,251,195,158,105,0,0
2024,2024-03-07,Northbound,Light Vehicles,25,17,9,15,17,46,129,191,281,334,336,436,411,385,379,407,422,355,234,160,111,73,48,33,0,0
2024,2024-03-07,Northbound,Heavy Vehicles,127,130,139,132,104,113,118,130,140,179,169,172,179,167,141,187,183,214,162,186,189,155,127,95,0,0
2024,2024-03-07,Southbound,Light Vehicles,16,7,8,13,16,51,98,151,198,295,295,287,266,285,231,247,225,209,156,115,94,54,49,30,0,0
2024,2024-03-07,Southbound,Heavy Vehicles,93,60,49,54,46,75,98,138,131,137,141,163,167,186,173,180,177,147,148,135,132,149,134,126,0,0
2024,2024-03-07,Northbound,All Vehicles,152,147,148,147,121,159,247,321,421,513,505,608,590,552,520,594,605,569,396,346,300,228,175,128,0,0
2024,2024-03-07,Southbound,All Vehicles,109,67,57,67,62,126,196,289,329,432,436,450,433,471,404,427,402,356,304,250,226,203,183,156,0,0
2024,2024-03-08,Northbound,Heavy Vehicles,129,137,164,137,103,114,97,122,142,157,171,174,178,174,191,182,168,150,153,140,99,100,87,76,0,0
2024,2024-03-08,Northbound,Light Vehicles,34,26,16,17,23,45,125,171,292,447,503,605,632,630,630,668,625,565,514,358,217,141,98,93,0,0
2024,2024-03-08,Southbound,Light Vehicles,36,21,24,19,33,77,161,258,433,593,637,673,696,646,613,586,649,673,469,321,214,136,81,47,0,0
2024,2024-03-08,Southbound,Heavy Vehicles,101,71,63,58,43,69,125,162,161,151,189,191,217,194,192,223,180,179,151,127,116,138,132,119,0,0
2024,2024-03-08,Northbound,All Vehicles,163,163,180,154,126,159,222,293,434,604,674,779,810,804,821,850,793,715,667,498,316,241,185,169,0,0
2024,2024-03-08,Southbound,All Vehicles,137,92,87,77,76,146,286,420,594,744,826,864,913,840,805,809,829,852,620,448,330,274,213,166,0,0
2024,2024-03-09,Northbound,Heavy Vehicles,61,109,97,86,75,66,54,73,82,120,113,122,140,100,91,113,84,54,69,64,90,56,57,54,0,0
2024,2024-03-09,Southbound,Heavy Vehicles,86,56,51,32,37,45,44,81,91,112,113,96,102,105,92,90,84,83,62,46,23,28,34,19,0,0
2024,2024-03-09,Northbound,Light Vehicles,71,47,29,30,44,47,108,184,321,498,602,660,631,579,538,495,395,321,224,196,92,85,56,35,0,0
2024,2024-03-09,Southbound,Light Vehicles,38,26,15,24,29,76,148,266,415,588,694,651,552,518,449,391,354,286,199,110,106,73,58,44,0,0
2024,2024-03-09,Northbound,All Vehicles,132,156,126,116,119,113,162,257,403,618,715,782,771,679,629,608,479,375,293,260,182,141,113,89,0,0
2024,2024-03-09,Southbound,All Vehicles,124,82,66,56,66,121,192,347,506,700,807,747,654,623,541,481,438,369,261,156,129,101,92,63,0,0
2024,2024-03-10,Southbound,Heavy Vehicles,16,15,12,17,17,16,38,48,70,61,83,131,126,125,135,133,124,119,78,49,55,57,40,18,0,0
2024,2024-03-10,Southbound,Light Vehicles,38,16,12,13,24,46,45,157,267,414,551,633,669,717,724,682,595,476,324,204,143,84,64,34,0,0
2024,2024-03-10,Northbound,Heavy Vehicles,34,28,30,28,19,18,13,31,41,59,92,104,124,106,124,127,132,141,157,166,159,149,91,92,0,0
2024,2024-03-10,Northbound,Light Vehicles,34,16,21,18,29,26,62,91,193,297,464,614,551,636,693,737,614,505,353,206,154,91,59,56,0,0
2024,2024-03-10,Southbound,All Vehicles,54,31,24,30,41,62,83,205,337,475,634,764,795,842,859,815,719,595,402,253,198,141,104,52,0,0
2024,2024-03-10,Northbound,All Vehicles,68,44,51,46,48,44,75,122,234,356,556,718,675,742,817,864,746,646,510,372,313,240,150,148,0,0
2024,2024-03-11,Southbound,Heavy Vehicles,20,19,20,21,29,54,89,107,132,158,167,168,188,189,193,196,179,163,148,126,138,128,117,107,0,0
2024,2024-03-11,Northbound,Heavy Vehicles,87,66,54,39,43,56,51,77,85,99,137,147,151,144,148,173,156,140,114,127,84,106,71,59,0,0
2024,2024-03-11,Southbound,Light Vehicles,21,21,12,17,25,54,139,195,282,384,394,379,380,366,342,254,215,188,130,83,67,41,25,23,0,0
2024,2024-03-11,Northbound,Light Vehicles,23,15,19,28,33,40,69,131,211,247,316,433,511,480,505,553,485,427,342,228,142,94,64,26,0,0
2024,2024-03-11,Southbound,All Vehicles,41,40,32,38,54,108,228,302,414,542,561,547,568,555,535,450,394,351,278,209,205,169,142,130,0,0
2024,2024-03-11,Northbound,All Vehicles,110,81,73,67,76,96,120,208,296,346,453,580,662,624,653,726,641,567,456,355,226,200,135,85,0,0
2024,2024-03-12,Northbound,Heavy Vehicles,77,74,62,52,37,56,85,89,141,121,125,149,161,142,190,163,189,193,139,183,168,182,173,109,0,0
2024,2024-03-12,Northbound,Light Vehicles,23,18,16,9,19,43,126,204,272,288,347,362,387,401,381,400,373,267,203,143,101,80,37,24,0,0
2024,2024-03-12,Southbound,Heavy Vehicles,97,57,55,50,53,72,138,143,145,171,196,166,185,221,221,215,181,151,145,131,150,157,135,131,0,0
2024,2024-03-12,Southbound,Light Vehicles,19,14,19,7,19,50,137,235,292,325,371,383,357,384,354,316,313,271,197,119,104,53,34,19,0,0
2024,2024-03-12,Northbound,All Vehicles,100,92,78,61,56,99,211,293,413,409,472,511,548,543,571,563,562,460,342,326,269,262,210,133,0,0
2024,2024-03-12,Southbound,All Vehicles,116,71,74,57,72,122,275,378,437,496,567,549,542,605,575,531,494,422,342,250,254,210,169,150,0,0
2024,2024-03-13,Northbound,Light Vehicles,26,11,8,11,24,65,106,181,238,302,301,317,299,283,388,382,345,274,175,143,73,62,37,27,0,0
2024,2024-03-13,Southbound,Light Vehicles,11,11,4,4,15,38,126,173,232,260,262,298,291,320,380,396,333,285,179,115,99,67,33,21,0,0
2024,2024-03-13,Northbound,Heavy Vehicles,120,153,124,150,118,112,111,124,132,171,160,171,157,124,183,175,217,208,192,195,176,144,140,108,0,0
2024,2024-03-13,Southbound,Heavy Vehicles,75,45,9,22,33,123,144,142,128,129,119,131,167,147,231,293,339,257,168,128,185,166,147,144,0,0
2024,2024-03-13,Northbound,All Vehicles,146,164,132,161,142,177,217,305,370,473,461,488,456,407,571,557,562,482,367,338,249,206,177,135,0,0
2024,2024-03-13,Southbound,All Vehicles,86,56,13,26,48,161,270,315,360,389,381,429,458,467,611,689,672,542,347,243,284,233,180,165,0,0
2024,2024-03-14,Southbound,Heavy Vehicles,88,53,51,45,45,61,122,130,125,144,117,158,175,186,160,183,157,140,114,129,137,149,138,125,0,0
2024,2024-03-14,Southbound,Light Vehicles,10,5,10,12,8,37,83,146,195,243,279,276,237,233,239,225,218,205,130,76,82,53,36,13,0,0
2024,2024-03-14,Northbound,Light Vehicles,21,14,15,12,18,61,103,176,256,320,363,388,402,352,373,478,451,368,246,163,138,78,36,40,0,0
2024,2024-03-14,Northbound,Heavy Vehicles,125,155,142,140,119,115,130,123,146,183,175,151,158,158,154,191,205,186,196,196,157,138,122,100,0,0
2024,2024-03-14,Southbound,All Vehicles,98,58,61,57,53,98,205,276,320,387,396,434,412,419,399,408,375,345,244,205,219,202,174,138,0,0
2024,2024-03-14,Northbound,All Vehicles,146,169,157,152,137,176,233,299,402,503,538,539,560,510,527,669,656,554,442,359,295,216,158,140,0,0
2024,2024-03-15,Northbound,Heavy Vehicles,132,149,149,147,115,104,113,130,176,155,190,230,191,164,177,174,164,156,145,134,108,82,81,60,0,0
2024,2024-03-15,Northbound,Light Vehicles,21,13,13,10,30,55,87,191,332,399,478,535,588,594,579,582,568,523,396,289,204,98,85,45,0,0
2024,2024-03-15,Southbound,Light Vehicles,16,20,11,19,16,73,150,225,357,518,532,573,531,591,550,543,572,478,366,232,188,170,83,41,0,0
2024,2024-03-15,Southbound,Heavy Vehicles,93,60,65,54,53,69,132,144,151,160,166,211,188,219,204,199,209,190,138,120,140,147,144,109,0,0
2024,2024-03-15,Northbound,All Vehicles,153,162,162,157,145,159,200,321,508,554,668,765,779,758,756,756,732,679,541,423,312,180,166,105,0,0
2024,2024-03-15,Southbound,All Vehicles,109,80,76,73,69,142,282,369,508,678,698,784,719,810,754,742,781,668,504,352,328,317,227,150,0,0
2024,2024-03-16,Southbound,Light Vehicles,22,19,11,18,19,45,114,233,369,522,563,515,470,469,438,435,400,319,292,160,78,64,70,50,0,0
2024,2024-03-16,Southbound,Heavy Vehicles,94,54,36,22,33,38,53,69,96,103,111,126,103,107,109,117,89,87,69,46,45,32,43,21,0,0
2024,2024-03-16,Northbound,Heavy Vehicles,65,101,80,92,54,65,58,79,89,97,118,109,104,90,98,96,64,76,69,77,60,69,51,48,0,0
2024,2024-03-16,Northbound,Light Vehicles,29,13,20,18,27,49,68,187,344,468,601,603,547,460,431,442,413,305,233,142,113,82,45,32,0,0
2024,2024-03-16,Southbound,All Vehicles,116,73,47,40,52,83,167,302,465,625,674,641,573,576,547,552,489,406,361,206,123,96,113,71,0,0
2024,2024-03-16,Northbound,All Vehicles,94,114,100,110,81,114,126,266,433,565,719,712,651,550,529,538,477,381,302,219,173,151,96,80,0,0
2024,2024-03-17,Southbound,Light Vehicles,20,13,12,11,14,29,79,125,175,319,386,473,452,456,464,407,339,273,213,169,119,54,52,35,0,0
2024,2024-03-17,Northbound,Light Vehicles,25,22,15,17,18,25,51,106,167,304,469,657,658,738,838,810,719,514,339,234,154,111,64,39,0,0
2024,2024-03-17,Northbound,Heavy Vehicles,36,36,18,20,15,13,26,34,34,70,80,105,107,124,146,193,175,129,115,169,149,107,110,66,0,0
2024,2024-03-17,Southbound,Heavy Vehicles,13,12,4,10,15,16,22,42,51,68,78,89,106,102,110,117,91,94,90,83,95,62,31,36,0,0
2024,2024-03-17,Southbound,All Vehicles,33,25,16,21,29,45,101,167,226,387,464,562,558,558,574,524,430,367,303,252,214,116,83,71,0,0
2024,2024-03-17,Northbound,All Vehicles,61,58,33,37,33,38,77,140,201,374,549,762,765,862,984,1003,894,643,454,403,303,218,174,105,0,0
2024,2024-03-18,Southbound,Heavy Vehicles,24,18,27,32,35,65,77,147,139,188,146,175,210,199,186,196,141,164,136,143,287,190,149,139,0,0
2024,2024-03-18,Southbound,Light Vehicles,14,19,16,12,18,73,153,243,322,412,460,500,461,409,361,382,299,250,209,144,122,64,27,28,0,0
2024,2024-03-18,Northbound,Light Vehicles,20,14,13,13,24,48,120,183,272,354,452,445,491,502,501,441,364,308,207,134,83,59,36,22,0,0
2024,2024-03-18,Northbound,Heavy Vehicles,100,58,67,40,46,49,74,92,128,154,139,146,160,145,174,196,189,197,159,179,158,138,139,106,0,0
2024,2024-03-18,Southbound,All Vehicles,38,37,43,44,53,138,230,390,461,600,606,675,671,608,547,578,440,414,345,287,409,254,176,167,0,0
2024,2024-03-18,Northbound,All Vehicles,120,72,80,53,70,97,194,275,400,508,591,591,651,647,675,637,553,505,366,313,241,197,175,128,0,0
2024,2024-03-19,Southbound,Light Vehicles,14,13,10,10,19,41,137,196,254,332,345,321,341,356,343,296,301,285,204,95,81,70,39,29,0,0
2024,2024-03-19,Southbound,Heavy Vehicles,79,74,53,45,47,79,135,144,170,173,174,180,217,211,242,233,211,183,179,132,159,200,167,152,0,0
2024,2024-03-19,Northbound,Heavy Vehicles,126,143,155,139,95,118,105,134,145,129,140,155,176,170,174,169,184,195,168,163,163,158,134,120,0,0
2024,2024-03-19,Northbound,Light Vehicles,14,16,14,9,17,60,98,166,243,273,309,349,313,292,357,299,357,259,181,119,77,60,24,24,0,0
2024,2024-03-19,Southbound,All Vehicles,93,87,63,55,66,120,272,340,424,505,519,501,558,567,585,529,512,468,383,227,240,270,206,181,0,0
2024,2024-03-19,Northbound,All Vehicles,140,159,169,148,112,178,203,300,388,402,449,504,489,462,531,468,541,454,349,282,240,218,158,144,0,0
2024,2024-03-20,Northbound,Light Vehicles,13,10,10,18,25,43,123,197,270,326,311,349,389,330,314,362,315,294,178,128,60,43,32,29,0,0
2024,2024-03-20,Southbound,Heavy Vehicles,89,74,58,42,52,66,134,136,170,158,166,179,214,239,245,223,209,180,178,169,162,149,151,134,0,0
2024,2024-03-20,Northbound,Heavy Vehicles,132,151,141,109,104,78,84,104,146,175,178,185,179,141,183,183,214,215,181,192,161,145,125,100,0,0
2024,2024-03-20,Southbound,Light Vehicles,28,14,14,16,17,53,156,258,370,444,480,456,465,390,367,364,329,292,221,174,135,79,62,33,0,0
2024,2024-03-20,Northbound,All Vehicles,145,161,151,127,129,121,207,301,416,501,489,534,568,471,497,545,529,509,359,320,221,188,157,129,0,0
2024,2024-03-20,Southbound,All Vehicles,117,88,72,58,69,119,290,394,540,602,646,635,679,629,612,587,538,472,399,343,297,228,213,167,0,0
2024,2024-03-21,Southbound,Light Vehicles,15,21,12,33,29,70,184,300,408,502,548,478,466,489,429,391,432,388,275,205,178,102,63,44,0,0
2024,2024-03-21,Northbound,Light Vehicles,13,20,13,12,18,57,104,178,271,335,358,419,435,393,422,416,419,350,271,156,125,68,50,38,0,0
2024,2024-03-21,Southbound,Heavy Vehicles,103,76,53,38,49,83,150,143,181,179,194,204,193,245,235,279,209,173,161,154,183,186,149,135,0,0
2024,2024-03-21,Northbound,Heavy Vehicles,135,156,138,138,110,120,100,157,155,163,155,165,196,185,172,177,187,185,181,167,160,132,113,120,0,0
2024,2024-03-21,Southbound,All Vehicles,118,97,65,71,78,153,334,443,589,681,742,682,659,734,664,670,641,561,436,359,361,288,212,179,0,0
2024,2024-03-21,Northbound,All Vehicles,148,176,151,150,128,177,204,335,426,498,513,584,631,578,594,593,606,535,452,323,285,200,163,158,0,0
2024,2024-03-22,Northbound,Light Vehicles,25,20,15,23,18,57,108,182,317,385,537,658,567,586,581,619,588,538,393,279,181,81,70,50,0,0
2024,2024-03-22,Northbound,Heavy Vehicles,116,140,169,120,109,118,120,120,142,164,197,179,179,157,162,196,162,155,129,117,115,76,70,59,0,0
2024,2024-03-22,Southbound,Light Vehicles,24,24,16,25,24,78,179,310,433,540,640,607,546,558,617,558,551,477,399,249,174,126,109,59,0,0
2024,2024-03-22,Southbound,Heavy Vehicles,98,73,47,67,49,73,116,141,143,149,198,205,197,195,188,198,185,163,166,111,105,110,118,146,0,0
2024,2024-03-22,Northbound,All Vehicles,141,160,184,143,127,175,228,302,459,549,734,837,746,743,743,815,750,693,522,396,296,157,140,109,0,0
2024,2024-03-22,Southbound,All Vehicles,122,97,63,92,73,151,295,451,576,689,838,812,743,753,805,756,736,640,565,360,279,236,227,205,0,0
2024,2024-03-23,Northbound,Light Vehicles,43,22,19,18,31,39,93,180,314,437,475,575,499,440,476,486,465,330,248,145,94,72,51,38,0,0
2024,2024-03-23,Northbound,Heavy Vehicles,67,86,99,96,65,48,38,80,105,112,121,127,98,94,105,100,98,95,78,81,65,65,47,49,0,0
2024,2024-03-23,Southbound,Light Vehicles,28,32,19,14,27,37,109,248,365,527,614,564,529,528,459,414,358,276,177,94,88,53,51,21,0,0
2024,2024-03-23,Southbound,Heavy Vehicles,100,56,59,34,36,44,52,85,95,118,128,115,124,109,129,90,99,72,68,61,59,40,28,25,0,0
2024,2024-03-23,Northbound,All Vehicles,110,108,118,114,96,87,131,260,419,549,596,702,597,534,581,586,563,425,326,226,159,137,98,87,0,0
2024,2024-03-23,Southbound,All Vehicles,128,88,78,48,63,81,161,333,460,645,742,679,653,637,588,504,457,348,245,155,147,93,79,46,0,0
2024,2024-03-24,Northbound,Heavy Vehicles,29,36,21,30,14,20,19,26,54,72,101,131,136,137,160,132,148,163,137,167,158,146,100,87,0,0
2024,2024-03-24,Southbound,Heavy Vehicles,24,2,1,,15,10,26,18,4,81,90,130,138,146,152,166,149,106,97,91,76,61,42,39,0,0
2024,2024-03-24,Northbound,Light Vehicles,23,11,15,8,17,19,62,107,188,284,519,658,705,694,768,735,590,529,370,220,164,111,77,84,0,0
2024,2024-03-24,Southbound,Light Vehicles,31,1,3,,14,33,62,45,6,338,492,636,698,714,720,685,564,378,305,205,132,79,43,30,0,0
2024,2024-03-24,Northbound,All Vehicles,52,47,36,38,31,39,81,133,242,356,620,789,841,831,928,867,738,692,507,387,322,257,177,171,0,0
2024,2024-03-24,Southbound,All Vehicles,55,3,4,,29,43,88,63,10,419,582,766,836,860,872,851,713,484,402,296,208,140,85,69,0,0
2024,2024-03-25,Southbound,Light Vehicles,19,12,14,12,25,67,143,258,314,411,443,459,466,441,441,358,313,280,191,111,74,56,33,31,0,0
2024,2024-03-25,Southbound,Heavy Vehicles,18,15,30,33,42,78,109,118,157,151,169,201,211,208,239,241,202,169,145,136,161,184,134,141,0,0
2024,2024-03-25,Northbound,Light Vehicles,66,30,28,15,27,52,146,168,243,257,327,411,494,432,452,589,573,396,244,126,99,48,34,21,0,0
2024,2024-03-25,Northbound,Heavy Vehicles,72,77,54,43,41,59,77,82,110,106,102,160,145,143,159,178,181,194,176,159,157,136,118,109,0,0
2024,2024-03-25,Southbound,All Vehicles,37,27,44,45,67,145,252,376,471,562,612,660,677,649,680,599,515,449,336,247,235,240,167,172,0,0
2024,2024-03-25,Northbound,All Vehicles,138,107,82,58,68,111,223,250,353,363,429,571,639,575,611,767,754,590,420,285,256,184,152,130,0,0
2024,2024-03-26,Southbound,Light Vehicles,18,9,13,16,36,49,117,169,255,271,353,305,351,351,384,336,266,272,235,124,94,65,45,36,0,0
2024,2024-03-26,Northbound,Heavy Vehicles,115,154,146,134,100,112,114,128,152,158,184,157,163,163,165,200,190,178,195,196,183,159,128,108,0,0
2024,2024-03-26,Southbound,Heavy Vehicles,107,85,52,40,65,72,124,134,152,159,151,198,216,206,241,251,99,179,277,168,185,197,136,145,0,0
2024,2024-03-26,Northbound,Light Vehicles,16,19,12,12,30,55,118,163,250,283,363,406,397,371,381,409,442,310,232,132,86,65,37,23,0,0
2024,2024-03-26,Southbound,All Vehicles,125,94,65,56,101,121,241,303,407,430,504,503,567,557,625,587,365,451,512,292,279,262,181,181,0,0
2024,2024-03-26,Northbound,All Vehicles,131,173,158,146,130,167,232,291,402,441,547,563,560,534,546,609,632,488,427,328,269,224,165,131,0,0
2024,2024-03-27,Southbound,Light Vehicles,19,14,9,11,22,65,147,267,320,456,438,443,455,480,425,395,409,395,285,225,188,146,84,47,0,0
2024,2024-03-27,Southbound,Heavy Vehicles,92,82,49,56,48,95,116,162,156,179,197,206,231,215,223,202,219,178,176,154,181,190,174,133,0,0
2024,2024-03-27,Northbound,Light Vehicles,11,6,14,17,17,53,91,171,230,262,277,337,325,336,338,330,317,273,228,156,104,56,54,35,0,0
2024,2024-03-27,Northbound,Heavy Vehicles,114,147,128,132,96,99,122,106,144,143,150,181,148,144,146,148,167,200,156,164,154,143,119,105,0,0
2024,2024-03-27,Southbound,All Vehicles,111,96,58,67,70,160,263,429,476,635,635,649,686,695,648,597,628,573,461,379,369,336,258,180,0,0
2024,2024-03-27,Northbound,All Vehicles,125,153,142,149,113,152,213,277,374,405,427,518,473,480,484,478,484,473,384,320,258,199,173,140,0,0
2024,2024-03-29,Northbound,Heavy Vehicles,65,97,79,66,56,38,37,59,82,83,115,99,109,88,84,79,72,63,54,64,44,47,30,29,0,0
2024,2024-03-29,Northbound,Light Vehicles,130,87,60,57,56,96,122,226,317,496,678,856,878,858,794,666,585,430,344,238,149,90,60,41,0,0
2024,2024-03-29,Northbound,All Vehicles,195,184,139,123,112,134,159,285,399,579,793,955,987,946,878,745,657,493,398,302,193,137,90,70,0,0
2024,2024-03-30,Northbound,Light Vehicles,29,28,14,20,20,34,84,123,235,428,462,516,533,455,518,504,446,398,258,168,124,86,61,40,0,0
2024,2024-03-30,Southbound,Light Vehicles,30,16,17,15,24,39,97,162,317,449,546,559,561,433,458,455,364,312,204,136,90,68,46,20,0,0
2024,2024-03-30,Southbound,Heavy Vehicles,12,16,12,9,16,12,28,47,51,60,82,72,87,68,77,67,75,50,40,41,29,22,28,11,0,0
2024,2024-03-30,Northbound,Heavy Vehicles,19,20,23,10,18,21,19,36,52,63,83,88,69,58,71,78,55,49,46,46,40,33,28,21,0,0
2024,2024-03-30,Northbound,All Vehicles,48,48,37,30,38,55,103,159,287,491,545,604,602,513,589,582,501,447,304,214,164,119,89,61,0,0
2024,2024-03-30,Southbound,All Vehicles,42,32,29,24,40,51,125,209,368,509,628,631,648,501,535,522,439,362,244,177,119,90,74,31,0,0
2024,2024-03-31,Southbound,Heavy Vehicles,7,9,11,7,3,8,16,22,22,44,43,56,65,61,59,53,57,49,29,33,29,25,17,14,0,0
2024,2024-03-31,Northbound,Light Vehicles,19,22,13,14,22,23,53,69,146,288,445,608,717,724,828,790,729,665,480,366,256,166,126,83,0,0
2024,2024-03-31,Southbound,Light Vehicles,21,22,15,10,13,23,45,89,153,278,320,355,402,349,380,368,335,242,203,125,113,70,59,43,0,0
2024,2024-03-31,Northbound,Heavy Vehicles,21,25,15,13,8,13,11,11,35,42,55,95,95,99,100,94,92,89,85,62,67,53,44,38,0,0
2024,2024-03-31,Southbound,All Vehicles,28,31,26,17,16,31,61,111,175,322,363,411,467,410,439,421,392,291,232,158,142,95,76,57,0,0
2024,2024-03-31,Northbound,All Vehicles,40,47,28,27,30,36,64,80,181,330,500,703,812,823,928,884,821,754,565,428,323,219,170,121,0,0
2024,2024-04-02,Southbound,Light Vehicles,31,19,14,16,33,46,115,185,286,395,421,391,378,346,312,246,209,191,128,85,68,49,29,27,0,0
2024,2024-04-02,Southbound,Heavy Vehicles,20,23,24,20,23,69,77,88,120,137,137,137,172,172,147,176,168,146,129,125,132,146,144,116,0,0
2024,2024-04-02,Northbound,Light Vehicles,50,26,18,23,25,60,120,181,275,319,398,503,520,468,525,521,402,346,241,132,94,74,50,30,0,0
2024,2024-04-02,Northbound,Heavy Vehicles,67,76,45,44,35,54,65,73,108,104,128,139,145,135,162,132,160,144,159,173,164,134,137,81,0,0
2024,2024-04-02,Southbound,All Vehicles,51,42,38,36,56,115,192,273,406,532,558,528,550,518,459,422,377,337,257,210,200,195,173,143,0,0
2024,2024-04-02,Northbound,All Vehicles,117,102,63,67,60,114,185,254,383,423,526,642,665,603,687,653,562,490,400,305,258,208,187,111,0,0
2024,2024-04-03,Northbound,Light Vehicles,22,18,17,24,22,59,135,193,257,301,369,421,445,465,455,411,391,339,250,134,103,56,41,28,0,0
2024,2024-04-03,Southbound,Heavy Vehicles,93,69,67,39,64,87,144,163,178,187,190,223,224,241,282,223,227,202,179,161,190,179,159,132,0,0
2024,2024-04-03,Southbound,Light Vehicles,15,11,15,10,21,59,122,210,319,450,413,485,446,433,462,390,356,293,230,100,93,65,33,28,0,0
2024,2024-04-03,Northbound,Heavy Vehicles,120,136,132,123,113,98,110,116,162,157,168,192,172,155,172,202,205,200,201,173,194,153,139,124,0,0
2024,2024-04-03,Northbound,All Vehicles,142,154,149,147,135,157,245,309,419,458,537,613,617,620,627,613,596,539,451,307,297,209,180,152,0,0
2024,2024-04-03,Southbound,All Vehicles,108,80,82,49,85,146,266,373,497,637,603,708,670,674,744,613,583,495,409,261,283,244,192,160,0,0
2024,2024-04-04,Northbound,Heavy Vehicles,135,157,136,137,103,100,121,132,168,157,161,194,154,166,175,193,182,160,181,202,166,150,129,121,0,0
2024,2024-04-04,Southbound,Light Vehicles,18,14,9,13,15,43,108,212,294,430,461,433,442,448,459,425,403,327,245,157,121,91,58,32,0,0
2024,2024-04-04,Northbound,Light Vehicles,18,15,12,15,20,44,118,189,261,301,402,432,428,467,431,487,403,373,273,165,110,72,49,30,0,0
2024,2024-04-04,Southbound,Heavy Vehicles,99,69,62,44,57,85,103,171,164,152,197,198,211,251,238,220,239,184,151,128,175,163,168,138,0,0
2024,2024-04-04,Northbound,All Vehicles,153,172,148,152,123,144,239,321,429,458,563,626,582,633,606,680,585,533,454,367,276,222,178,151,0,0
2024,2024-04-04,Southbound,All Vehicles,117,83,71,57,72,128,211,383,458,582,658,631,653,699,697,645,642,511,396,285,296,254,226,170,0,0
2024,2024-04-05,Southbound,Light Vehicles,18,24,17,20,33,43,120,216,374,492,629,624,668,677,608,624,524,520,325,214,139,96,58,32,0,0
2024,2024-04-05,Northbound,Light Vehicles,24,19,23,17,26,51,94,172,279,349,489,509,585,547,592,562,508,444,335,240,155,87,58,47,0,0
2024,2024-04-05,Northbound,Heavy Vehicles,120,136,130,126,106,105,94,114,163,173,142,153,161,183,172,160,125,135,112,126,93,85,84,74,0,0
2024,2024-04-05,Southbound,Heavy Vehicles,86,68,61,59,60,60,109,128,155,158,164,181,213,181,198,176,151,164,151,132,124,128,114,90,0,0
2024,2024-04-05,Southbound,All Vehicles,104,92,78,79,93,103,229,344,529,650,793,805,881,858,806,800,675,684,476,346,263,224,172,122,0,0
2024,2024-04-05,Northbound,All Vehicles,144,155,153,143,132,156,188,286,442,522,631,662,746,730,764,722,633,579,447,366,248,172,142,121,0,0
2024,2024-04-06,Southbound,Light Vehicles,23,23,15,8,15,43,102,194,316,462,596,576,555,530,439,421,355,267,193,117,87,62,82,39,0,0
2024,2024-04-06,Northbound,Light Vehicles,29,22,14,25,20,32,50,136,284,423,499,610,604,528,582,459,475,344,242,154,100,75,54,34,0,0
2024,2024-04-06,Northbound,Heavy Vehicles,85,87,90,51,42,31,28,61,72,87,114,113,112,106,115,79,100,79,83,85,80,65,63,52,0,0
2024,2024-04-06,Southbound,Heavy Vehicles,89,56,52,37,29,32,50,66,68,96,104,111,104,111,112,106,72,93,64,70,37,44,31,23,0,0
2024,2024-04-06,Southbound,All Vehicles,112,79,67,45,44,75,152,260,384,558,700,687,659,641,551,527,427,360,257,187,124,106,113,62,0,0
2024,2024-04-06,Northbound,All Vehicles,114,109,104,76,62,63,78,197,356,510,613,723,716,634,697,538,575,423,325,239,180,140,117,86,0,0
2024,2024-04-08,Southbound,Heavy Vehicles,20,18,24,30,41,74,135,150,151,158,176,183,250,239,228,229,220,159,162,165,147,158,134,124,0,0
2024,2024-04-08,Southbound,Light Vehicles,17,12,10,20,26,69,164,271,418,548,546,540,532,460,373,395,327,275,172,107,86,48,27,25,0,0
2024,2024-04-08,Southbound,All Vehicles,37,30,34,50,67,143,299,421,569,706,722,723,782,699,601,624,547,434,334,272,233,206,161,149,0,0
2024,2024-04-09,Southbound,Light Vehicles,8,5,11,10,15,45,123,216,282,400,370,412,407,369,325,338,280,251,142,102,65,55,41,26,0,0
2024,2024-04-09,Southbound,Heavy Vehicles,93,64,58,42,62,79,129,145,189,177,196,223,201,231,232,204,210,183,186,143,147,180,152,120,0,0
2024,2024-04-09,Northbound,Heavy Vehicles,121,159,148,148,88,89,127,126,127,166,148,153,184,152,161,196,157,169,186,177,176,147,153,102,0,0
2024,2024-04-09,Northbound,Light Vehicles,15,12,13,9,16,50,132,171,276,314,338,367,358,343,346,322,292,256,167,99,60,46,23,20,0,0
2024,2024-04-09,Southbound,All Vehicles,101,69,69,52,77,124,252,361,471,577,566,635,608,600,557,542,490,434,328,245,212,235,193,146,0,0
2024,2024-04-09,Northbound,All Vehicles,136,171,161,157,104,139,259,297,403,480,486,520,542,495,507,518,449,425,353,276,236,193,176,122,0,0
2024,2024-04-10,Southbound,Heavy Vehicles,93,72,47,49,56,79,136,150,172,170,207,211,205,240,240,260,252,191,155,163,181,161,131,134,0,0
2024,2024-04-10,Southbound,Light Vehicles,11,11,9,10,15,45,132,192,276,361,404,430,422,407,361,373,342,288,202,138,104,55,31,22,0,0
2024,2024-04-10,Northbound,Heavy Vehicles,131,158,145,131,88,111,133,135,161,188,163,172,156,170,180,214,206,190,180,199,179,150,117,109,0,0
2024,2024-04-10,Northbound,Light Vehicles,20,5,9,15,12,59,125,192,248,302,295,367,367,335,378,355,337,288,227,136,82,50,34,22,0,0
2024,2024-04-10,Southbound,All Vehicles,104,83,56,59,71,124,268,342,448,531,611,641,627,647,601,633,594,479,357,301,285,216,162,156,0,0
2024,2024-04-10,Northbound,All Vehicles,151,163,154,146,100,170,258,327,409,490,458,539,523,505,558,569,543,478,407,335,261,200,151,131,0,0
2024,2024-04-11,Northbound,Light Vehicles,16,7,10,11,26,49,132,191,295,309,352,412,424,389,452,427,422,333,239,137,93,66,45,34,0,0
2024,2024-04-11,Southbound,Heavy Vehicles,86,57,51,59,47,80,138,151,159,166,179,188,217,229,242,249,180,194,188,133,184,204,143,142,0,0
2024,2024-04-11,Northbound,Heavy Vehicles,123,151,147,128,110,105,118,132,153,163,151,202,162,176,179,184,174,177,174,200,154,120,124,113,0,0
2024,2024-04-11,Southbound,Light Vehicles,16,8,8,14,21,52,135,261,374,451,477,475,499,490,495,442,425,393,261,175,165,111,59,42,0,0
2024,2024-04-11,Northbound,All Vehicles,139,158,157,139,136,154,250,323,448,472,503,614,586,565,631,611,596,510,413,337,247,186,169,147,0,0
2024,2024-04-11,Southbound,All Vehicles,102,65,59,73,68,132,273,412,533,617,656,663,716,719,737,691,605,587,449,308,349,315,202,184,0,0
2024,2024-04-12,Northbound,Heavy Vehicles,120,139,151,120,122,106,101,110,143,162,156,179,166,148,172,165,174,136,143,103,107,91,74,63,0,0
2024,2024-04-12,Southbound,Light Vehicles,34,25,27,17,27,72,175,314,408,495,692,738,760,675,610,628,664,537,382,287,209,140,80,39,0,0
2024,2024-04-12,Southbound,Heavy Vehicles,94,58,62,44,48,64,134,140,164,130,184,228,205,208,206,209,213,165,160,108,153,140,130,109,0,0
2024,2024-04-12,Northbound,Light Vehicles,26,18,17,21,19,55,118,185,289,383,501,568,614,536,555,606,520,485,382,270,167,112,72,56,0,0
2024,2024-04-12,Northbound,All Vehicles,146,157,168,141,141,161,219,295,432,545,657,747,780,684,727,771,694,621,525,373,274,203,146,119,0,0
2024,2024-04-12,Southbound,All Vehicles,128,83,89,61,75,136,309,454,572,625,876,966,965,883,816,837,877,702,542,395,362,280,210,148,0,0
2024,2024-04-13,Southbound,Heavy Vehicles,63,53,40,33,18,50,48,70,88,90,77,91,87,97,77,64,70,65,60,46,36,23,24,21,0,0
2024,2024-04-13,Northbound,Light Vehicles,28,26,25,14,37,44,105,206,306,507,623,673,587,496,468,463,459,364,274,182,93,69,52,37,0,0
2024,2024-04-13,Northbound,Heavy Vehicles,68,95,80,67,68,49,67,62,98,100,112,110,101,89,100,99,100,88,85,104,62,62,56,31,0,0
2024,2024-04-13,Southbound,Light Vehicles,18,21,22,19,22,53,137,258,349,451,483,468,424,405,370,349,306,310,238,120,92,61,44,31,0,0
2024,2024-04-13,Southbound,All Vehicles,81,74,62,52,40,103,185,328,437,541,560,559,511,502,447,413,376,375,298,166,128,84,68,52,0,0
2024,2024-04-13,Northbound,All Vehicles,96,121,105,81,105,93,172,268,404,607,735,783,688,585,568,562,559,452,359,286,155,131,108,68,0,0
2024,2024-04-14,Northbound,Heavy Vehicles,32,22,30,18,15,26,23,27,42,77,95,108,117,116,178,150,174,173,183,138,133,124,92,88,0,0
2024,2024-04-14,Northbound,Light Vehicles,22,15,18,10,24,18,50,100,220,354,548,646,728,809,848,904,832,614,415,252,193,136,73,57,0,0
2024,2024-04-14,Southbound,Light Vehicles,29,16,16,16,22,50,91,234,402,564,750,780,730,780,734,643,527,420,295,180,126,112,54,36,0,0
2024,2024-04-14,Southbound,Heavy Vehicles,18,4,14,14,10,19,34,54,70,109,131,132,143,175,144,143,147,115,119,82,77,65,43,41,0,0
2024,2024-04-14,Northbound,All Vehicles,54,37,48,28,39,44,73,127,262,431,643,754,845,925,1026,1054,1006,787,598,390,326,260,165,145,0,0
2024,2024-04-14,Southbound,All Vehicles,47,20,30,30,32,69,125,288,472,673,881,912,873,955,878,786,674,535,414,262,203,177,97,77,0,0
2024,2024-04-15,Northbound,Light Vehicles,23,27,11,20,20,62,103,208,257,295,359,395,426,381,404,367,312,258,182,113,88,36,25,24,0,0
2024,2024-04-15,Southbound,Heavy Vehicles,24,33,26,29,40,67,106,152,165,184,173,189,185,237,235,218,204,182,150,132,162,168,138,137,0,0
2024,2024-04-15,Northbound,Heavy Vehicles,75,88,52,52,31,53,70,81,96,115,144,153,145,142,139,149,152,174,168,149,157,128,124,79,0,0
2024,2024-04-15,Southbound,Light Vehicles,18,24,10,19,35,66,149,283,421,549,571,567,545,643,551,442,368,284,239,100,85,46,29,19,0,0
2024,2024-04-15,Northbound,All Vehicles,98,115,63,72,51,115,173,289,353,410,503,548,571,523,543,516,464,432,350,262,245,164,149,103,0,0
2024,2024-04-15,Southbound,All Vehicles,42,57,36,48,75,133,255,435,586,733,744,756,730,880,786,660,572,466,389,232,247,214,167,156,0,0
2024,2024-04-16,Southbound,Heavy Vehicles,92,66,50,41,58,70,143,146,150,191,187,173,190,220,211,213,193,196,175,142,163,176,144,132,0,0
2024,2024-04-16,Southbound,Light Vehicles,11,12,15,16,24,44,128,218,271,358,417,444,376,430,361,367,358,283,176,118,93,59,40,20,0,0
2024,2024-04-16,Northbound,Light Vehicles,18,20,15,14,15,48,117,167,247,289,357,383,391,398,380,440,376,311,194,108,102,54,32,26,0,0
2024,2024-04-16,Northbound,Heavy Vehicles,101,175,156,116,113,109,99,125,149,137,161,171,169,174,150,164,187,172,169,165,162,119,151,99,0,0
2024,2024-04-16,Southbound,All Vehicles,103,78,65,57,82,114,271,364,421,549,604,617,566,650,572,580,551,479,351,260,256,235,184,152,0,0
2024,2024-04-16,Northbound,All Vehicles,119,195,171,130,128,157,216,292,396,426,518,554,560,572,530,604,563,483,363,273,264,173,183,125,0,0
2024,2024-04-17,Southbound,Light Vehicles,11,11,17,6,26,48,141,216,288,416,454,404,451,404,399,376,347,316,209,115,95,69,40,24,0,0
2024,2024-04-17,Northbound,Heavy Vehicles,128,156,161,135,97,106,113,141,158,161,177,182,194,167,148,173,172,183,174,165,163,161,126,109,0,0
2024,2024-04-17,Southbound,Heavy Vehicles,87,77,54,47,52,84,128,142,146,154,179,180,214,189,263,247,207,212,149,158,161,182,151,123,0,0
2024,2024-04-17,Northbound,Light Vehicles,21,22,9,10,21,59,118,157,312,333,345,406,400,412,430,434,363,277,197,123,85,57,37,22,0,0
2024,2024-04-17,Southbound,All Vehicles,98,88,71,53,78,132,269,358,434,570,633,584,665,593,662,623,554,528,358,273,256,251,191,147,0,0
2024,2024-04-17,Northbound,All Vehicles,149,178,170,145,118,165,231,298,470,494,522,588,594,579,578,607,535,460,371,288,248,218,163,131,0,0
2024,2024-04-18,Northbound,Light Vehicles,26,8,21,18,23,55,136,198,269,358,402,455,508,476,471,501,430,359,228,141,100,64,63,25,0,0
2024,2024-04-18,Southbound,Heavy Vehicles,78,73,47,45,58,63,130,142,160,156,167,188,185,216,251,231,229,206,158,153,169,177,139,141,0,0
2024,2024-04-18,Northbound,Heavy Vehicles,120,157,155,136,111,105,118,137,164,146,172,181,166,173,183,180,173,184,201,147,167,109,140,84,0,0
2024,2024-04-18,Southbound,Light Vehicles,12,7,14,14,15,48,153,218,345,437,516,536,516,523,428,465,369,342,230,155,127,77,50,27,0,0
2024,2024-04-18,Northbound,All Vehicles,146,165,176,154,134,160,254,335,433,504,574,636,674,649,654,681,603,543,429,288,267,173,203,109,0,0
2024,2024-04-18,Southbound,All Vehicles,90,80,61,59,73,111,283,360,505,593,683,724,701,739,679,696,598,548,388,308,296,254,189,168,0,0
2024,2024-04-19,Northbound,Heavy Vehicles,127,162,135,136,102,114,126,116,143,154,209,180,183,184,165,164,180,131,108,103,104,72,70,75,0,0
2024,2024-04-19,Southbound,Light Vehicles,23,23,18,24,24,72,143,282,440,566,676,701,659,709,712,663,664,479,358,256,184,117,79,47,0,0
2024,2024-04-19,Northbound,Light Vehicles,24,17,17,15,24,54,97,212,299,447,556,671,693,646,688,624,564,485,302,217,135,83,59,44,0,0
2024,2024-04-19,Southbound,Heavy Vehicles,74,63,63,52,61,58,117,140,175,162,151,199,202,203,195,223,198,186,139,147,140,142,107,109,0,0
2024,2024-04-19,Northbound,All Vehicles,151,179,152,151,126,168,223,328,442,601,765,851,876,830,853,788,744,616,410,320,239,155,129,119,0,0
2024,2024-04-19,Southbound,All Vehicles,97,86,81,76,85,130,260,422,615,728,827,900,861,912,907,886,862,665,497,403,324,259,186,156,0,0
2024,2024-04-20,Northbound,Heavy Vehicles,91,80,82,87,66,58,54,78,77,100,107,111,100,89,95,95,78,74,80,66,77,71,47,48,0,0
2024,2024-04-20,Southbound,Light Vehicles,24,12,27,16,38,61,162,255,484,603,720,669,680,568,542,460,374,309,179,123,78,52,39,19,0,0
2024,2024-04-20,Northbound,Light Vehicles,21,26,20,24,26,37,69,177,284,511,567,602,568,545,581,543,498,423,286,174,112,67,74,46,0,0
2024,2024-04-20,Southbound,Heavy Vehicles,80,53,40,30,23,38,59,77,95,110,107,113,127,112,115,89,90,80,59,46,44,42,22,24,0,0
2024,2024-04-20,Northbound,All Vehicles,112,106,102,111,92,95,123,255,361,611,674,713,668,634,676,638,576,497,366,240,189,138,121,94,0,0
2024,2024-04-20,Southbound,All Vehicles,104,65,67,46,61,99,221,332,579,713,827,782,807,680,657,549,464,389,238,169,122,94,61,43,0,0
2024,2024-04-21,Northbound,Light Vehicles,24,26,19,16,24,32,74,139,237,430,596,761,840,796,873,921,871,562,429,281,163,97,51,56,0,0
2024,2024-04-21,Southbound,Heavy Vehicles,12,23,12,17,12,22,30,49,79,123,112,144,137,182,160,166,157,104,76,94,87,57,43,36,0,0
2024,2024-04-21,Northbound,Heavy Vehicles,38,23,17,31,12,19,39,35,36,80,77,110,122,141,165,152,171,181,154,161,137,163,107,88,0,0
2024,2024-04-21,Southbound,Light Vehicles,19,10,12,15,18,50,93,170,299,461,650,752,768,797,704,649,585,442,265,198,111,79,47,27,0,0
2024,2024-04-21,Northbound,All Vehicles,62,49,36,47,36,51,113,174,273,510,673,871,962,937,1038,1073,1042,743,583,442,300,260,158,144,0,0
2024,2024-04-21,Southbound,All Vehicles,31,33,24,32,30,72,123,219,378,584,762,896,905,979,864,815,742,546,341,292,198,136,90,63,0,0
2024,2024-04-22,Northbound,Heavy Vehicles,68,66,70,44,49,56,66,76,111,124,132,156,143,124,132,153,161,179,147,155,161,119,125,95,0,0
2024,2024-04-22,Southbound,Light Vehicles,21,16,13,15,21,76,168,260,371,451,555,535,482,524,472,434,427,301,198,113,72,61,48,23,0,0
2024,2024-04-22,Northbound,Light Vehicles,26,22,14,26,23,52,108,191,220,296,347,443,410,433,387,388,363,272,183,108,73,54,25,25,0,0
2024,2024-04-22,Southbound,Heavy Vehicles,30,24,23,23,40,77,135,128,163,170,158,182,206,224,199,249,199,201,160,145,166,163,155,128,0,0
2024,2024-04-22,Northbound,All Vehicles,94,88,84,70,72,108,174,267,331,420,479,599,553,557,519,541,524,451,330,263,234,173,150,120,0,0
2024,2024-04-22,Southbound,All Vehicles,51,40,36,38,61,153,303,388,534,621,713,717,688,748,671,683,626,502,358,258,238,224,203,151,0,0
2024,2024-04-23,Southbound,Light Vehicles,18,12,8,17,21,43,126,208,292,385,458,415,418,421,417,357,386,290,199,135,93,80,27,25,0,0
2024,2024-04-23,Northbound,Light Vehicles,21,21,13,19,16,48,94,195,284,306,374,441,408,405,417,428,382,307,219,142,93,54,37,25,0,0
2024,2024-04-23,Northbound,Heavy Vehicles,144,166,151,135,96,99,128,113,144,163,167,173,160,175,160,171,198,176,178,198,183,156,118,95,0,0
2024,2024-04-23,Southbound,Heavy Vehicles,77,63,50,46,48,75,123,171,152,177,146,218,188,250,232,244,204,189,171,154,196,177,143,128,0,0
2024,2024-04-23,Southbound,All Vehicles,95,75,58,63,69,118,249,379,444,562,604,633,606,671,649,601,590,479,370,289,289,257,170,153,0,0
2024,2024-04-23,Northbound,All Vehicles,165,187,164,154,112,147,222,308,428,469,541,614,568,580,577,599,580,483,397,340,276,210,155,120,0,0
2024,2024-04-24,Northbound,Heavy Vehicles,104,140,122,133,108,91,113,123,156,157,157,182,184,149,164,163,186,174,135,124,136,99,75,57,0,0
2024,2024-04-24,Northbound,Light Vehicles,22,13,11,20,29,50,103,195,317,390,416,531,499,520,561,548,568,434,299,232,147,112,84,63,0,0
2024,2024-04-24,Southbound,Light Vehicles,13,8,12,25,24,45,96,151,250,301,330,331,303,307,304,313,333,295,243,188,147,96,82,55,0,0
2024,2024-04-24,Southbound,Heavy Vehicles,81,63,41,39,52,54,105,129,113,118,133,134,151,154,153,182,152,134,137,120,129,141,117,97,0,0
2024,2024-04-24,Northbound,All Vehicles,126,153,133,153,137,141,216,318,473,547,573,713,683,669,725,711,754,608,434,356,283,211,159,120,0,0
2024,2024-04-24,Southbound,All Vehicles,94,71,53,64,76,99,201,280,363,419,463,465,454,461,457,495,485,429,380,308,276,237,199,152,0,0
2024,2024-04-25,Northbound,Light Vehicles,54,40,28,25,38,52,67,123,245,368,569,694,747,747,749,649,560,390,252,147,87,76,36,24,0,0
2024,2024-04-25,Southbound,Light Vehicles,33,39,20,33,48,108,234,422,707,895,993,862,767,614,540,433,348,245,137,88,68,40,30,45,0,0
2024,2024-04-25,Northbound,Heavy Vehicles,77,102,116,86,49,56,71,69,91,108,126,143,117,130,108,117,124,143,135,116,129,90,87,70,0,0
2024,2024-04-25,Southbound,Heavy Vehicles,67,40,38,33,25,37,70,114,165,185,213,189,141,159,119,122,111,80,82,79,54,72,38,36,0,0
2024,2024-04-25,Northbound,All Vehicles,131,142,144,111,87,108,138,192,336,476,695,837,864,877,857,766,684,533,387,263,216,166,123,94,0,0
2024,2024-04-25,Southbound,All Vehicles,100,79,58,66,73,145,304,536,872,1080,1206,1051,908,773,659,555,459,325,219,167,122,112,68,81,0,0
2024,2024-04-26,Northbound,Light Vehicles,23,10,13,13,23,46,85,154,262,387,502,573,608,581,657,625,590,445,335,196,141,93,60,38,0,0
2024,2024-04-26,Southbound,Heavy Vehicles,25,25,20,25,35,52,75,101,106,136,159,163,190,191,185,168,163,147,123,119,113,96,101,86,0,0
2024,2024-04-26,Northbound,Heavy Vehicles,79,66,57,51,52,50,57,73,95,112,143,130,143,150,141,135,120,111,84,93,86,87,77,60,0,0
2024,2024-04-26,Southbound,Light Vehicles,22,14,19,21,22,56,139,213,358,481,573,586,575,566,585,569,505,403,284,197,128,93,65,39,0,0
2024,2024-04-26,Northbound,All Vehicles,102,76,70,64,75,96,142,227,357,499,645,703,751,731,798,760,710,556,419,289,227,180,137,98,0,0
2024,2024-04-26,Southbound,All Vehicles,47,39,39,46,57,108,214,314,464,617,732,749,765,757,770,737,668,550,407,316,241,189,166,125,0,0
2024,2024-04-27,Northbound,Heavy Vehicles,68,68,71,72,44,45,41,67,85,89,102,99,96,95,102,97,89,97,78,63,71,70,34,30,0,0
2024,2024-04-27,Northbound,Light Vehicles,17,21,13,22,16,31,68,160,270,434,570,615,685,604,661,691,589,459,376,200,134,96,61,41,0,0
2024,2024-04-27,Southbound,Light Vehicles,6,16,14,14,26,59,95,191,343,541,606,613,606,551,469,443,371,323,213,134,74,65,57,30,0,0
2024,2024-04-27,Southbound,Heavy Vehicles,72,43,44,28,21,33,47,68,86,102,95,104,101,86,100,79,80,75,57,58,27,33,26,23,0,0
2024,2024-04-27,Northbound,All Vehicles,85,89,84,94,60,76,109,227,355,523,672,714,781,699,763,788,678,556,454,263,205,166,95,71,0,0
2024,2024-04-27,Southbound,All Vehicles,78,59,58,42,47,92,142,259,429,643,701,717,707,637,569,522,451,398,270,192,101,98,83,53,0,0
2024,2024-04-28,Southbound,Heavy Vehicles,16,15,12,9,14,13,19,55,71,99,114,149,156,164,148,146,137,120,92,99,83,51,45,33,0,0
2024,2024-04-28,Southbound,Light Vehicles,13,15,19,11,17,34,70,206,328,522,751,786,823,815,818,715,556,444,310,310,159,93,62,36,0,0
2024,2024-04-28,Southbound,All Vehicles,29,30,31,20,31,47,89,261,399,621,865,935,979,979,966,861,693,564,402,409,242,144,107,69,0,0
2024,2024-04-29,Northbound,Heavy Vehicles,60,65,50,37,42,47,69,65,111,118,127,142,132,137,148,160,167,167,145,153,138,114,100,102,0,0
2024,2024-04-29,Southbound,Heavy Vehicles,28,22,18,21,44,69,113,117,162,183,177,171,187,240,221,216,220,165,164,141,166,183,128,118,0,0
2024,2024-04-29,Southbound,Light Vehicles,20,16,4,13,24,75,157,265,352,452,493,493,462,452,406,341,320,291,167,112,85,58,44,22,0,0
2024,2024-04-29,Northbound,Light Vehicles,27,17,18,25,23,51,115,181,251,254,315,372,375,366,362,373,321,267,167,117,58,42,32,21,0,0
2024,2024-04-29,Northbound,All Vehicles,87,82,68,62,65,98,184,246,362,372,442,514,507,503,510,533,488,434,312,270,196,156,132,123,0,0
2024,2024-04-29,Southbound,All Vehicles,48,38,22,34,68,144,270,382,514,635,670,664,649,692,627,557,540,456,331,253,251,241,172,140,0,0
2024,2024-04-30,Southbound,Light Vehicles,21,8,10,7,15,46,115,204,243,340,353,351,324,324,304,307,292,273,155,90,69,51,41,22,0,0
2024,2024-04-30,Northbound,Heavy Vehicles,111,132,129,120,110,89,97,107,129,111,144,152,135,154,130,133,176,182,172,168,173,136,137,94,0,0
2024,2024-04-30,Northbound,Light Vehicles,21,8,6,8,17,43,93,134,198,205,235,215,267,244,271,255,265,198,119,62,37,33,21,19,0,0
2024,2024-04-30,Southbound,Heavy Vehicles,89,55,39,35,53,70,121,155,151,163,187,193,204,225,194,216,211,211,146,137,171,189,162,126,0,0
2024,2024-04-30,Southbound,All Vehicles,110,63,49,42,68,116,236,359,394,503,540,544,528,549,498,523,503,484,301,227,240,240,203,148,0,0
2024,2024-04-30,Northbound,All Vehicles,132,140,135,128,127,132,190,241,327,316,379,367,402,398,401,388,441,380,291,230,210,169,158,113,0,0
2024,2024-05-01,Southbound,Light Vehicles,12,5,12,14,16,39,104,193,254,333,371,360,377,352,314,322,308,276,168,111,80,66,36,20,0,0
2024,2024-05-01,Northbound,Heavy Vehicles,147,143,137,137,93,104,100,127,158,165,139,174,150,168,147,187,197,176,195,146,152,130,107,110,0,0
2024,2024-05-01,Southbound,Heavy Vehicles,95,68,49,49,60,65,121,151,157,147,164,201,232,211,248,223,242,184,175,162,150,173,179,111,0,0
2024,2024-05-01,Northbound,Light Vehicles,18,9,9,11,21,47,108,189,244,266,281,344,312,329,310,360,337,265,188,112,65,44,42,20,0,0
2024,2024-05-01,Southbound,All Vehicles,107,73,61,63,76,104,225,344,411,480,535,561,609,563,562,545,550,460,343,273,230,239,215,131,0,0
2024,2024-05-01,Northbound,All Vehicles,165,152,146,148,114,151,208,316,402,431,420,518,462,497,457,547,534,441,383,258,217,174,149,130,0,0
2024,2024-05-02,Southbound,Heavy Vehicles,90,52,61,44,58,69,105,155,157,203,178,170,229,217,248,231,229,180,160,125,167,164,128,133,0,0
2024,2024-05-02,Northbound,Light Vehicles,19,14,13,15,15,67,118,172,259,291,317,376,369,354,392,387,350,284,223,109,108,54,31,23,0,0
2024,2024-05-02,Northbound,Heavy Vehicles,114,185,159,139,112,108,111,136,160,159,145,158,162,157,151,160,210,175,167,180,177,139,105,105,0,0
2024,2024-05-02,Southbound,Light Vehicles,15,6,9,12,9,37,116,216,324,434,397,376,417,386,438,400,356,353,242,138,114,81,44,26,0,0
2024,2024-05-02,Southbound,All Vehicles,105,58,70,56,67,106,221,371,481,637,575,546,646,603,686,631,585,533,402,263,281,245,172,159,0,0
2024,2024-05-02,Northbound,All Vehicles,133,199,172,154,127,175,229,308,419,450,462,534,531,511,543,547,560,459,390,289,285,193,136,128,0,0
2024,2024-05-03,Southbound,Light Vehicles,23,20,12,16,35,66,156,251,371,464,476,466,450,456,471,480,475,429,289,199,124,116,68,30,0,0
2024,2024-05-03,Northbound,Heavy Vehicles,123,135,133,126,92,103,106,127,150,156,169,186,160,166,160,170,155,150,128,138,111,84,72,55,0,0
2024,2024-05-03,Northbound,Light Vehicles,18,17,12,15,19,66,124,195,276,373,441,542,530,544,581,569,563,493,416,234,134,109,60,34,0,0
2024,2024-05-03,Southbound,Heavy Vehicles,91,59,52,49,53,83,117,144,138,150,150,166,199,182,183,202,180,155,114,123,129,129,128,99,0,0
2024,2024-05-03,Southbound,All Vehicles,114,79,64,65,88,149,273,395,509,614,626,632,649,638,654,682,655,584,403,322,253,245,196,129,0,0
2024,2024-05-03,Northbound,All Vehicles,141,152,145,141,111,169,230,322,426,529,610,728,690,710,741,739,718,643,544,372,245,193,132,89,0,0
2024,2024-05-04,Northbound,Heavy Vehicles,63,77,90,82,54,53,61,49,76,105,105,104,96,83,84,81,90,68,82,70,41,40,32,18,0,0
2024,2024-05-04,Southbound,Light Vehicles,22,10,12,9,39,50,112,202,322,460,509,472,412,402,366,358,317,236,195,103,79,63,55,32,0,0
2024,2024-05-04,Northbound,Light Vehicles,26,18,15,23,17,29,94,177,265,426,550,536,499,476,402,421,391,308,213,132,86,50,40,28,0,0
2024,2024-05-04,Southbound,Heavy Vehicles,70,48,38,23,31,38,65,70,77,104,92,109,106,97,112,88,71,67,62,42,37,24,37,17,0,0
2024,2024-05-04,Northbound,All Vehicles,89,95,105,105,71,82,155,226,341,531,655,640,595,559,486,502,481,376,295,202,127,90,72,46,0,0
2024,2024-05-04,Southbound,All Vehicles,92,58,50,32,70,88,177,272,399,564,601,581,518,499,478,446,388,303,257,145,116,87,92,49,0,0
2024,2024-05-05,Southbound,Heavy Vehicles,14,7,13,11,16,14,27,48,56,69,79,100,105,129,142,134,93,120,81,80,58,66,29,27,0,0
2024,2024-05-05,Northbound,Heavy Vehicles,24,16,11,14,14,17,10,36,42,56,78,74,108,115,133,129,130,147,145,142,137,119,99,77,0,0
2024,2024-05-05,Northbound,Light Vehicles,15,8,11,9,14,25,42,97,192,314,477,579,587,601,672,649,608,472,317,183,127,78,36,31,0,0
2024,2024-05-05,Southbound,Light Vehicles,14,11,11,9,10,34,60,143,226,365,491,555,611,659,671,665,532,450,265,153,111,56,34,21,0,0
2024,2024-05-05,Southbound,All Vehicles,28,18,24,20,26,48,87,191,282,434,570,655,716,788,813,799,625,570,346,233,169,122,63,48,0,0
2024,2024-05-05,Northbound,All Vehicles,39,24,22,23,28,42,52,133,234,370,555,653,695,716,805,778,738,619,462,325,264,197,135,108,0,0
2024,2024-05-06,Northbound,Light Vehicles,23,12,13,15,25,65,139,183,243,305,362,420,387,356,343,427,387,287,186,111,75,46,32,20,0,0
2024,2024-05-06,Southbound,Heavy Vehicles,17,20,24,25,44,64,109,126,175,133,164,168,218,215,219,225,184,180,146,135,149,140,151,113,0,0
2024,2024-05-06,Northbound,Heavy Vehicles,79,74,54,43,36,63,64,88,121,129,159,128,142,136,172,185,223,175,182,169,161,136,126,88,0,0
2024,2024-05-06,Southbound,Light Vehicles,17,15,13,7,27,66,153,227,319,406,428,436,426,374,367,403,341,293,160,71,66,56,40,20,0,0
2024,2024-05-06,Northbound,All Vehicles,102,86,67,58,61,128,203,271,364,434,521,548,529,492,515,612,610,462,368,280,236,182,158,108,0,0
2024,2024-05-06,Southbound,All Vehicles,34,35,37,32,71,130,262,353,494,539,592,604,644,589,586,628,525,473,306,206,215,196,191,133,0,0
2024,2024-05-07,Southbound,Heavy Vehicles,72,65,46,31,37,82,113,157,171,190,148,156,197,193,204,215,199,143,145,108,147,163,116,122,0,0
2024,2024-05-07,Southbound,Light Vehicles,7,14,7,11,10,37,122,176,244,296,320,294,314,319,338,337,277,230,154,115,83,54,27,24,0,0
2024,2024-05-07,Southbound,All Vehicles,79,79,53,42,47,119,235,333,415,486,468,450,511,512,542,552,476,373,299,223,230,217,143,146,0,0
2024,2024-05-08,Northbound,Heavy Vehicles,141,152,143,132,91,93,123,125,125,148,159,155,155,159,154,187,188,220,179,169,150,125,120,98,0,0
2024,2024-05-08,Northbound,Light Vehicles,15,9,7,10,18,49,110,160,260,277,294,297,297,315,307,365,286,269,156,90,64,44,31,21,0,0
2024,2024-05-08,Southbound,Heavy Vehicles,82,75,46,35,46,68,136,151,155,171,143,178,202,237,241,263,247,163,174,155,175,174,135,146,0,0
2024,2024-05-08,Southbound,Light Vehicles,11,9,6,12,20,41,109,182,253,283,327,296,320,299,275,345,300,272,170,103,86,54,30,22,0,0
2024,2024-05-08,Northbound,All Vehicles,156,161,150,142,109,142,233,285,385,425,453,452,452,474,461,552,474,489,335,259,214,169,151,119,0,0
2024,2024-05-08,Southbound,All Vehicles,93,84,52,47,66,109,245,333,408,454,470,474,522,536,516,608,547,435,344,258,261,228,165,168,0,0
2024,2024-05-09,Northbound,Light Vehicles,9,8,9,10,12,51,117,182,253,284,298,382,373,402,391,396,357,312,201,117,101,41,32,18,0,0
2024,2024-05-09,Southbound,Light Vehicles,13,8,7,9,14,41,129,165,272,297,377,345,323,347,367,360,365,299,211,162,97,80,38,21,0,0
2024,2024-05-09,Northbound,Heavy Vehicles,120,139,143,125,91,112,113,128,134,150,155,162,172,146,172,171,178,178,185,170,152,120,118,99,0,0
2024,2024-05-09,Southbound,Heavy Vehicles,78,64,60,40,51,66,135,150,171,174,178,194,192,217,250,232,209,183,164,158,160,179,134,126,0,0
2024,2024-05-09,Northbound,All Vehicles,129,147,152,135,103,163,230,310,387,434,453,544,545,548,563,567,535,490,386,287,253,161,150,117,0,0
2024,2024-05-09,Southbound,All Vehicles,91,72,67,49,65,107,264,315,443,471,555,539,515,564,617,592,574,482,375,320,257,259,172,147,0,0
2024,2024-05-10,Northbound,Heavy Vehicles,102,161,151,134,80,103,101,114,142,160,147,186,182,162,183,172,160,124,114,95,96,82,72,58,0,0
2024,2024-05-10,Southbound,Light Vehicles,10,10,11,8,20,45,150,253,334,384,455,454,490,421,523,518,502,469,356,216,153,110,69,35,0,0
2024,2024-05-10,Southbound,Heavy Vehicles,83,64,39,50,46,64,102,138,146,159,159,155,199,196,197,181,135,159,152,137,119,126,112,97,0,0
2024,2024-05-10,Northbound,Light Vehicles,20,11,7,13,12,54,118,189,288,372,431,481,488,537,571,537,531,431,346,175,136,80,48,36,0,0
2024,2024-05-10,Northbound,All Vehicles,122,172,158,147,92,157,219,303,430,532,578,667,670,699,754,709,691,555,460,270,232,162,120,94,0,0
2024,2024-05-10,Southbound,All Vehicles,93,74,50,58,66,109,252,391,480,543,614,609,689,617,720,699,637,628,508,353,272,236,181,132,0,0
2024,2024-05-11,Northbound,Heavy Vehicles,79,102,90,70,61,51,47,60,65,99,84,104,94,111,89,82,84,63,69,73,51,55,43,35,0,0
2024,2024-05-11,Southbound,Heavy Vehicles,73,40,38,35,35,42,53,80,87,90,91,106,75,85,78,94,81,69,65,36,30,38,21,10,0,0
2024,2024-05-11,Southbound,Light Vehicles,32,19,24,12,23,49,99,188,300,448,476,491,443,439,408,360,319,291,177,109,65,58,39,18,0,0
2024,2024-05-11,Northbound,Light Vehicles,30,21,24,16,29,40,81,159,232,363,463,494,462,437,490,395,345,265,217,108,81,67,31,38,0,0
2024,2024-05-11,Northbound,All Vehicles,109,123,114,86,90,91,128,219,297,462,547,598,556,548,579,477,429,328,286,181,132,122,74,73,0,0
2024,2024-05-11,Southbound,All Vehicles,105,59,62,47,58,91,152,268,387,538,567,597,518,524,486,454,400,360,242,145,95,96,60,28,0,0
2024,2024-05-12,Southbound,Light Vehicles,15,23,11,11,9,27,55,142,224,365,480,559,567,557,580,573,520,348,222,174,132,77,31,25,0,0
2024,2024-05-12,Northbound,Light Vehicles,22,12,20,10,13,15,42,88,183,312,393,529,570,600,715,749,720,523,355,213,138,79,49,32,0,0
2024,2024-05-12,Northbound,Heavy Vehicles,29,20,17,18,16,10,12,23,54,47,64,93,95,120,114,131,140,143,137,139,130,95,77,60,0,0
2024,2024-05-12,Southbound,Heavy Vehicles,11,12,13,10,15,20,19,37,52,84,79,92,118,112,127,121,108,84,74,88,69,47,42,32,0,0
2024,2024-05-12,Southbound,All Vehicles,26,35,24,21,24,47,74,179,276,449,559,651,685,669,707,694,628,432,296,262,201,124,73,57,0,0
2024,2024-05-12,Northbound,All Vehicles,51,32,37,28,29,25,54,111,237,359,457,622,665,720,829,880,860,666,492,352,268,174,126,92,0,0
2024,2024-05-13,Northbound,Light Vehicles,23,17,7,14,24,65,117,185,293,292,381,404,440,408,401,409,372,332,190,109,76,48,39,18,0,0
2024,2024-05-13,Northbound,Heavy Vehicles,72,73,55,30,40,62,74,74,82,122,122,131,124,111,139,139,178,189,180,172,158,131,120,95,0,0
2024,2024-05-13,Southbound,Light Vehicles,13,13,7,9,25,85,148,261,292,391,438,426,445,440,401,363,331,266,179,95,79,50,27,17,0,0
2024,2024-05-13,Southbound,Heavy Vehicles,26,16,24,19,34,67,123,139,156,154,152,152,173,205,212,184,213,167,145,137,147,144,138,111,0,0
2024,2024-05-13,Northbound,All Vehicles,95,90,62,44,64,127,191,259,375,414,503,535,564,519,540,548,550,521,370,281,234,179,159,113,0,0
2024,2024-05-13,Southbound,All Vehicles,39,29,31,28,59,152,271,400,448,545,590,578,618,645,613,547,544,433,324,232,226,194,165,128,0,0
2024,2024-05-14,Southbound,Light Vehicles,10,9,8,7,15,33,106,148,230,286,310,289,318,305,316,297,295,251,160,96,74,59,21,22,0,0
2024,2024-05-14,Southbound,Heavy Vehicles,80,74,49,33,40,84,112,146,144,158,174,168,211,215,201,242,201,194,133,125,151,172,150,129,0,0
2024,2024-05-14,Southbound,All Vehicles,90,83,57,40,55,117,218,294,374,444,484,457,529,520,517,539,496,445,293,221,225,231,171,151,0,0
2024,2024-05-15,Southbound,Heavy Vehicles,72,59,48,44,60,82,136,157,150,159,169,184,183,196,207,232,206,179,151,137,170,160,122,125,0,0
2024,2024-05-15,Northbound,Heavy Vehicles,119,147,139,133,103,113,104,139,150,140,150,165,142,150,173,167,189,181,174,179,171,126,125,87,0,0
2024,2024-05-15,Northbound,Light Vehicles,15,7,10,9,16,32,117,160,238,281,261,322,336,285,331,343,320,267,162,108,59,43,25,12,0,0
2024,2024-05-15,Southbound,Light Vehicles,15,11,9,10,12,45,97,177,280,254,330,292,314,296,291,302,284,269,175,109,82,55,29,20,0,0
2024,2024-05-15,Southbound,All Vehicles,87,70,57,54,72,127,233,334,430,413,499,476,497,492,498,534,490,448,326,246,252,215,151,145,0,0
2024,2024-05-15,Northbound,All Vehicles,134,154,149,142,119,145,221,299,388,421,411,487,478,435,504,510,509,448,336,287,230,169,150,99,0,0
2024,2024-05-16,Southbound,Light Vehicles,20,6,6,9,20,42,123,203,271,324,402,452,396,381,392,430,386,331,233,172,112,90,52,37,0,0
2024,2024-05-16,Northbound,Heavy Vehicles,113,179,131,113,99,95,107,110,147,135,156,190,158,166,156,169,177,191,185,153,157,132,110,91,0,0
2024,2024-05-16,Northbound,Light Vehicles,12,8,10,11,11,43,104,175,271,323,300,372,348,373,400,402,361,315,231,129,84,56,39,25,0,0
2024,2024-05-16,Southbound,Heavy Vehicles,91,60,56,37,59,73,115,157,153,173,177,206,181,217,236,219,225,176,140,129,167,177,153,105,0,0
2024,2024-05-16,Southbound,All Vehicles,111,66,62,46,79,115,238,360,424,497,579,658,577,598,628,649,611,507,373,301,279,267,205,142,0,0
2024,2024-05-16,Northbound,All Vehicles,125,187,141,124,110,138,211,285,418,458,456,562,506,539,556,571,538,506,416,282,241,188,149,116,0,0
2024,2024-05-17,Southbound,Light Vehicles,19,22,17,15,27,64,151,286,360,422,522,509,534,578,608,600,578,544,397,231,155,114,67,41,0,0
2024,2024-05-17,Southbound,Heavy Vehicles,70,65,43,47,48,63,113,131,131,160,159,158,189,197,194,214,184,189,143,125,137,122,124,94,0,0
2024,2024-05-17,Northbound,Light Vehicles,27,16,10,12,23,52,108,221,322,436,469,566,547,521,517,555,502,482,329,198,120,82,64,46,0,0
2024,2024-05-17,Northbound,Heavy Vehicles,116,161,114,119,108,105,98,124,133,141,171,150,179,162,172,164,157,151,125,113,81,78,74,73,0,0
2024,2024-05-17,Southbound,All Vehicles,89,87,60,62,75,127,264,417,491,582,681,667,723,775,802,814,762,733,540,356,292,236,191,135,0,0
2024,2024-05-17,Northbound,All Vehicles,143,177,124,131,131,157,206,345,455,577,640,716,726,683,689,719,659,633,454,311,201,160,138,119,0,0
2024,2024-05-18,Northbound,Light Vehicles,22,23,22,16,27,42,81,138,251,386,449,540,509,434,407,409,412,311,193,114,78,52,35,22,0,0
2024,2024-05-18,Northbound,Heavy Vehicles,75,80,74,75,75,50,53,73,89,84,87,121,94,108,94,93,96,87,65,72,60,55,45,37,0,0
2024,2024-05-18,Southbound,Light Vehicles,20,12,14,9,26,51,119,244,373,461,564,501,431,412,459,446,382,276,213,114,76,54,38,21,0,0
2024,2024-05-18,Southbound,Heavy Vehicles,82,45,54,28,23,33,70,79,96,111,95,92,98,81,111,81,74,81,63,49,33,21,20,23,0,0
2024,2024-05-18,Northbound,All Vehicles,97,103,96,91,102,92,134,211,340,470,536,661,603,542,501,502,508,398,258,186,138,107,80,59,0,0
2024,2024-05-18,Southbound,All Vehicles,102,57,68,37,49,84,189,323,469,572,659,593,529,493,570,527,456,357,276,163,109,75,58,44,0,0
2024,2024-05-19,Southbound,Light Vehicles,17,12,12,7,15,63,89,179,239,349,496,538,608,636,669,626,459,380,278,161,116,55,38,22,0,0
2024,2024-05-19,Southbound,Heavy Vehicles,12,9,11,8,9,21,37,50,61,77,97,94,124,142,163,160,154,131,101,86,57,54,50,25,0,0
2024,2024-05-19,Northbound,Light Vehicles,21,9,7,11,20,7,62,103,210,372,428,630,708,705,912,859,811,780,299,197,131,92,46,35,0,0
2024,2024-05-19,Northbound,Heavy Vehicles,23,21,11,21,11,18,21,33,33,69,80,101,122,147,162,141,139,184,122,141,153,114,92,70,0,0
2024,2024-05-19,Southbound,All Vehicles,29,21,23,15,24,84,126,229,300,426,593,632,732,778,832,786,613,511,379,247,173,109,88,47,0,0
2024,2024-05-19,Northbound,All Vehicles,44,30,18,32,31,25,83,136,243,441,508,731,830,852,1074,1000,950,964,421,338,284,206,138,105,0,0
2024,2024-05-20,Northbound,Heavy Vehicles,62,66,45,38,27,49,68,100,115,115,136,139,152,134,160,171,176,180,161,186,158,144,120,105,0,0
2024,2024-05-20,Northbound,Light Vehicles,22,11,12,17,22,52,136,192,264,272,355,416,469,394,392,435,339,288,161,93,66,58,29,24,0,0
2024,2024-05-20,Northbound,All Vehicles,84,77,57,55,49,101,204,292,379,387,491,555,621,528,552,606,515,468,322,279,224,202,149,129,0,0
2024,2024-05-21,Southbound,Heavy Vehicles,84,66,49,40,44,70,128,134,141,150,151,202,194,231,224,214,202,180,152,163,171,167,129,130,0,0
2024,2024-05-21,Southbound,Light Vehicles,14,13,16,7,18,41,125,156,254,311,297,315,333,332,335,325,293,208,161,114,74,45,39,19,0,0
2024,2024-05-21,Southbound,All Vehicles,98,79,65,47,62,111,253,290,395,461,448,517,527,563,559,539,495,388,313,277,245,212,168,149,0,0
2024,2024-05-22,Southbound,Light Vehicles,18,6,10,7,23,51,108,173,254,309,331,294,304,295,296,323,364,249,172,114,89,42,37,23,0,0
2024,2024-05-22,Southbound,Heavy Vehicles,62,69,40,41,59,66,111,135,131,141,155,176,180,197,249,225,194,190,154,145,186,175,133,130,0,0
2024,2024-05-22,Southbound,All Vehicles,80,75,50,48,82,117,219,308,385,450,486,470,484,492,545,548,558,439,326,259,275,217,170,153,0,0
