year,date,cardinal_direction_seq,classification_seq,hour_00,hour_01,hour_02,hour_03,hour_04,hour_05,hour_06,hour_07,hour_08,hour_09,hour_10,hour_11,hour_12,hour_13,hour_14,hour_15,hour_16,hour_17,hour_18,hour_19,hour_20,hour_21,hour_22,hour_23,public_holiday,school_holiday
2024,2024-01-01,Westbound,Heavy Vehicles,62,91,88,53,26,25,16,43,50,52,54,73,80,71,68,65,68,66,57,38,38,30,21,32,0,0
2024,2024-01-01,Westbound,Light Vehicles,1545,2318,1717,843,501,349,378,407,553,785,1180,1463,1661,1713,1673,1921,1855,1831,1501,1150,937,836,736,533,0,0
2024,2024-01-01,Westbound,All Vehicles,1607,2409,1805,896,527,374,394,450,603,837,1234,1536,1741,1784,1741,1986,1923,1897,1558,1188,975,866,757,565,0,0
2024,2024-01-02,Westbound,Light Vehicles,297,179,145,130,144,243,455,819,1135,1386,1593,1692,1751,1741,1873,1918,1988,1930,1637,1261,1060,845,609,380,0,0
2024,2024-01-02,Westbound,Heavy Vehicles,11,13,6,14,18,30,59,75,108,120,113,155,151,114,127,117,93,91,70,53,34,32,31,12,0,0
2024,2024-01-02,Westbound,All Vehicles,308,192,151,144,162,273,514,894,1243,1506,1706,1847,1902,1855,2000,2035,2081,2021,1707,1314,1094,877,640,392,0,0
2024,2024-01-03,Westbound,Light Vehicles,212,125,84,78,109,311,699,1122,1509,1868,1996,2001,2073,2124,2201,2476,2696,2329,2012,1328,1140,955,761,498,0,0
2024,2024-01-03,Westbound,Heavy Vehicles,16,12,8,11,14,35,82,121,135,173,179,157,162,136,176,188,123,107,77,47,43,48,25,14,0,0
2024,2024-01-03,Westbound,All Vehicles,228,137,92,89,123,346,781,1243,1644,2041,2175,2158,2235,2260,2377,2664,2819,2436,2089,1375,1183,1003,786,512,0,0
2024,2024-01-04,Westbound,Heavy Vehicles,15,13,13,10,15,31,83,102,115,129,158,144,147,152,160,167,117,75,50,41,40,33,30,20,0,0
2024,2024-01-04,Westbound,Light Vehicles,287,236,105,70,131,253,578,928,1310,1509,1713,1743,1762,1882,1899,2110,2027,1781,1462,1017,893,872,699,444,0,0
2024,2024-01-04,Westbound,All Vehicles,302,249,118,80,146,284,661,1030,1425,1638,1871,1887,1909,2034,2059,2277,2144,1856,1512,1058,933,905,729,464,0,0
2024,2024-01-05,Westbound,Heavy Vehicles,11,14,6,7,20,44,75,116,127,178,183,174,184,147,158,176,127,101,74,69,45,44,24,21,0,0
2024,2024-01-05,Westbound,Light Vehicles,254,165,126,92,132,348,629,1117,1503,1781,2007,2132,2092,2085,2088,2255,2190,2159,2030,1489,1342,1296,1040,721,0,0
2024,2024-01-05,Westbound,All Vehicles,265,179,132,99,152,392,704,1233,1630,1959,2190,2306,2276,2232,2246,2431,2317,2260,2104,1558,1387,1340,1064,742,0,0
2024,2024-01-06,Westbound,Light Vehicles,511,300,229,172,155,226,475,780,1158,1737,1996,2157,2241,2059,2112,2198,2208,2249,1980,1520,1460,1264,1215,992,0,0
2024,2024-01-06,Westbound,Heavy Vehicles,16,12,6,12,12,24,53,72,81,88,103,119,88,99,97,82,86,74,65,54,48,29,36,29,0,0
2024,2024-01-06,Westbound,All Vehicles,527,312,235,184,167,250,528,852,1239,1825,2099,2276,2329,2158,2209,2280,2294,2323,2045,1574,1508,1293,1251,1021,0,0
2024,2024-01-07,Westbound,Light Vehicles,700,482,334,290,182,177,374,556,896,1372,1737,2023,2205,2031,2081,2053,2158,2051,1718,1354,1312,1004,629,328,0,0
2024,2024-01-07,Westbound,Heavy Vehicles,16,25,11,15,7,17,28,37,44,72,74,83,82,57,84,67,59,65,58,42,48,50,18,18,0,0
2024,2024-01-07,Westbound,All Vehicles,716,507,345,305,189,194,402,593,940,1444,1811,2106,2287,2088,2165,2120,2217,2116,1776,1396,1360,1054,647,346,0,0
2024,2024-01-08,Westbound,Light Vehicles,230,120,70,77,138,445,1039,1778,2215,1842,1662,1836,1847,1726,1921,2139,1869,1788,1353,873,786,651,418,259,0,0
2024,2024-01-08,Westbound,Heavy Vehicles,6,12,9,14,24,50,136,156,203,218,228,235,237,189,223,232,144,105,67,44,40,28,20,18,0,0
2024,2024-01-08,Westbound,All Vehicles,236,132,79,91,162,495,1175,1934,2418,2060,1890,2071,2084,1915,2144,2371,2013,1893,1420,917,826,679,438,277,0,0
2024,2024-01-09,Westbound,Heavy Vehicles,8,4,9,6,22,58,133,181,223,227,250,242,243,241,264,333,206,110,71,52,41,33,31,21,0,0
2024,2024-01-09,Westbound,Light Vehicles,132,67,59,53,141,474,1052,1887,2352,2053,1821,1862,1755,1805,2086,2473,2084,2145,1600,1156,993,864,556,310,0,0
2024,2024-01-09,Westbound,All Vehicles,140,71,68,59,163,532,1185,2068,2575,2280,2071,2104,1998,2046,2350,2806,2290,2255,1671,1208,1034,897,587,331,0,0
2024,2024-01-10,Westbound,Light Vehicles,175,99,74,69,136,424,1142,1848,2371,2122,1943,2005,2018,1882,2165,2612,2399,2628,2017,1376,1196,1051,828,509,0,0
2024,2024-01-10,Westbound,Heavy Vehicles,11,8,7,11,18,50,143,210,199,242,260,274,230,271,253,298,177,151,66,42,38,54,28,24,0,0
2024,2024-01-10,Westbound,All Vehicles,186,107,81,80,154,474,1285,2058,2570,2364,2203,2279,2248,2153,2418,2910,2576,2779,2083,1418,1234,1105,856,533,0,0
2024,2024-01-11,Westbound,Heavy Vehicles,19,8,12,12,19,50,163,183,204,202,256,281,235,281,262,271,188,133,92,68,55,41,34,14,0,0
2024,2024-01-11,Westbound,Light Vehicles,282,295,118,91,149,435,1169,1836,2337,2099,1915,1913,2040,1929,2169,2549,2289,2436,1902,1434,1167,1035,816,511,0,0
2024,2024-01-11,Westbound,All Vehicles,301,303,130,103,168,485,1332,2019,2541,2301,2171,2194,2275,2210,2431,2820,2477,2569,1994,1502,1222,1076,850,525,0,0
2024,2024-01-12,Westbound,Heavy Vehicles,10,9,10,16,21,51,148,166,178,239,269,290,280,260,275,275,183,134,109,67,39,45,31,35,0,0
2024,2024-01-12,Westbound,Light Vehicles,290,142,141,85,142,472,1103,1655,1991,2098,2068,2182,2311,2141,2298,2601,2439,2544,2408,1803,1374,1344,1360,1125,0,0
2024,2024-01-12,Westbound,All Vehicles,300,151,151,101,163,523,1251,1821,2169,2337,2337,2472,2591,2401,2573,2876,2622,2678,2517,1870,1413,1389,1391,1160,0,0
2024,2024-01-13,Westbound,Light Vehicles,608,392,291,194,158,300,666,971,1396,2050,2327,2481,2569,2586,2478,2606,2663,2820,2593,2125,1757,1553,1379,1211,0,0
2024,2024-01-13,Westbound,Heavy Vehicles,26,15,10,9,10,28,55,103,114,111,129,126,139,133,96,110,110,97,76,44,58,52,42,35,0,0
2024,2024-01-13,Westbound,All Vehicles,634,407,301,203,168,328,721,1074,1510,2161,2456,2607,2708,2719,2574,2716,2773,2917,2669,2169,1815,1605,1421,1246,0,0
2024,2024-01-14,Westbound,Light Vehicles,793,559,409,297,238,229,387,551,944,1412,1760,2044,2209,1983,2000,1918,2141,1756,1593,1102,941,884,502,323,0,0
2024,2024-01-14,Westbound,Heavy Vehicles,29,14,15,9,7,14,27,44,62,59,79,84,88,70,58,67,94,71,72,53,28,29,19,14,0,0
2024,2024-01-14,Westbound,All Vehicles,822,573,424,306,245,243,414,595,1006,1471,1839,2128,2297,2053,2058,1985,2235,1827,1665,1155,969,913,521,337,0,0
2024,2024-01-15,Westbound,Light Vehicles,166,101,80,66,147,533,1113,1599,2596,1949,1685,1623,1706,1608,1789,2174,1936,1988,1474,1018,845,719,496,256,0,0
2024,2024-01-15,Westbound,Heavy Vehicles,5,10,8,11,16,58,127,166,205,188,232,267,215,227,239,299,160,104,73,57,41,35,20,16,0,0
2024,2024-01-15,Westbound,All Vehicles,171,111,88,77,163,591,1240,1765,2801,2137,1917,1890,1921,1835,2028,2473,2096,2092,1547,1075,886,754,516,272,0,0
2024,2024-01-16,Westbound,Heavy Vehicles,8,6,11,10,16,54,175,197,233,265,287,307,309,315,312,323,195,128,88,49,46,42,32,15,0,0
2024,2024-01-16,Westbound,Light Vehicles,155,87,59,47,137,532,1255,2236,2778,2285,2000,1907,1986,1899,1944,2489,2150,2295,1739,1128,981,916,599,298,0,0
2024,2024-01-16,Westbound,All Vehicles,163,93,70,57,153,586,1430,2433,3011,2550,2287,2214,2295,2214,2256,2812,2345,2423,1827,1177,1027,958,631,313,0,0
2024,2024-01-17,Westbound,Heavy Vehicles,12,8,11,14,19,65,153,213,209,247,281,313,295,290,290,345,212,111,61,56,47,34,31,15,0,0
2024,2024-01-17,Westbound,Light Vehicles,156,89,73,60,162,553,1343,2230,2792,2296,1982,2066,2107,1969,2198,2632,2395,2376,1814,1224,985,940,514,408,0,0
2024,2024-01-17,Westbound,All Vehicles,168,97,84,74,181,618,1496,2443,3001,2543,2263,2379,2402,2259,2488,2977,2607,2487,1875,1280,1032,974,545,423,0,0
2024,2024-01-18,Westbound,Heavy Vehicles,13,18,13,11,15,57,131,194,259,252,323,299,313,299,293,348,253,153,124,68,57,36,37,16,0,0
2024,2024-01-18,Westbound,Light Vehicles,237,233,88,76,136,539,1322,2222,2820,2363,2130,2031,2215,2128,2426,2790,2675,2726,2292,1571,1335,1297,876,592,0,0
2024,2024-01-18,Westbound,All Vehicles,250,251,101,87,151,596,1453,2416,3079,2615,2453,2330,2528,2427,2719,3138,2928,2879,2416,1639,1392,1333,913,608,0,0
2024,2024-01-19,Westbound,Light Vehicles,248,163,123,93,163,616,1297,1927,2461,2347,2156,2120,2341,2388,2435,2871,2791,2796,2339,1735,1462,1342,1301,1016,0,0
2024,2024-01-19,Westbound,Heavy Vehicles,15,11,5,10,20,52,145,224,247,290,277,285,314,297,326,326,243,138,101,52,70,45,36,23,0,0
2024,2024-01-19,Westbound,All Vehicles,263,174,128,103,183,668,1442,2151,2708,2637,2433,2405,2655,2685,2761,3197,3034,2934,2440,1787,1532,1387,1337,1039,0,0
2024,2024-01-20,Westbound,Light Vehicles,604,382,260,198,178,339,711,1029,1446,2120,2416,2471,2628,2623,2409,2372,2321,2400,2184,1689,1516,1454,1383,1205,0,0
2024,2024-01-20,Westbound,Heavy Vehicles,19,17,7,8,13,33,63,108,141,138,148,128,156,152,138,130,91,101,70,73,34,63,42,29,0,0
2024,2024-01-20,Westbound,All Vehicles,623,399,267,206,191,372,774,1137,1587,2258,2564,2599,2784,2775,2547,2502,2412,2501,2254,1762,1550,1517,1425,1234,0,0
2024,2024-01-21,Westbound,Light Vehicles,834,586,403,307,203,234,409,666,1095,1723,1923,2214,2427,2192,2098,2196,2205,2366,2185,1711,1550,1439,841,388,0,0
2024,2024-01-21,Westbound,Heavy Vehicles,23,19,14,13,11,16,23,46,69,77,100,104,91,81,81,93,87,75,80,67,63,45,43,21,0,0
2024,2024-01-21,Westbound,All Vehicles,857,605,417,320,214,250,432,712,1164,1800,2023,2318,2518,2273,2179,2289,2292,2441,2265,1778,1613,1484,884,409,0,0
2024,2024-01-22,Westbound,Light Vehicles,205,119,78,72,141,488,1093,1909,2154,1901,1644,1617,1722,1564,1710,2171,1813,2014,1501,966,809,707,389,247,0,0
2024,2024-01-22,Westbound,Heavy Vehicles,7,6,9,14,22,54,153,156,221,178,267,248,248,280,242,326,192,122,82,67,49,28,30,31,0,0
2024,2024-01-22,Westbound,All Vehicles,212,125,87,86,163,542,1246,2065,2375,2079,1911,1865,1970,1844,1952,2497,2005,2136,1583,1033,858,735,419,278,0,0
2024,2024-01-23,Westbound,Heavy Vehicles,24,10,8,18,22,57,189,229,256,246,319,340,320,317,353,365,230,162,100,73,55,46,39,33,0,0
2024,2024-01-23,Westbound,Light Vehicles,148,95,55,72,151,608,1410,2459,2919,2427,2013,1993,2049,1972,2228,2551,2441,2389,1869,1329,1173,1002,669,421,0,0
2024,2024-01-23,Westbound,All Vehicles,172,105,63,90,173,665,1599,2688,3175,2673,2332,2333,2369,2289,2581,2916,2671,2551,1969,1402,1228,1048,708,454,0,0
2024,2024-01-24,Westbound,Heavy Vehicles,24,18,15,17,22,64,166,218,260,245,333,365,338,310,334,378,271,188,107,76,54,51,52,57,0,0
2024,2024-01-24,Westbound,Light Vehicles,180,108,85,76,152,650,1422,2340,2763,2526,2087,2229,2217,2166,2438,2732,2840,2769,2243,1703,1249,1195,1095,784,0,0
2024,2024-01-24,Westbound,All Vehicles,204,126,100,93,174,714,1588,2558,3023,2771,2420,2594,2555,2476,2772,3110,3111,2957,2350,1779,1303,1246,1147,841,0,0
2024,2024-01-25,Westbound,Heavy Vehicles,29,17,12,15,22,72,158,221,245,331,301,317,338,320,343,339,212,197,131,75,53,57,44,38,0,0
2024,2024-01-25,Westbound,Light Vehicles,318,319,112,89,142,540,1286,2227,2850,2445,2353,2249,2430,2379,2543,2811,2693,2748,2575,1859,1405,1340,1159,824,0,0
2024,2024-01-25,Westbound,All Vehicles,347,336,124,104,164,612,1444,2448,3095,2776,2654,2566,2768,2699,2886,3150,2905,2945,2706,1934,1458,1397,1203,862,0,0
2024,2024-01-26,Westbound,Light Vehicles,550,350,264,244,185,286,551,883,1222,1866,2226,2317,2194,1991,1983,1930,1957,2045,1984,1558,1383,1297,1156,898,0,0
2024,2024-01-26,Westbound,Heavy Vehicles,35,14,11,11,9,26,45,75,88,102,80,96,94,79,90,89,69,77,59,57,46,27,32,33,0,0
2024,2024-01-26,Westbound,All Vehicles,585,364,275,255,194,312,596,958,1310,1968,2306,2413,2288,2070,2073,2019,2026,2122,2043,1615,1429,1324,1188,931,0,0
2024,2024-01-27,Westbound,Light Vehicles,604,432,296,213,177,270,472,771,1256,1825,2156,2286,2428,2288,2389,2185,2011,2161,1919,1445,1203,1300,1238,1021,0,0
2024,2024-01-27,Westbound,Heavy Vehicles,13,13,8,12,11,25,49,82,76,92,99,122,128,117,101,95,99,63,75,66,36,53,47,31,0,0
2024,2024-01-27,Westbound,All Vehicles,617,445,304,225,188,295,521,853,1332,1917,2255,2408,2556,2405,2490,2280,2110,2224,1994,1511,1239,1353,1285,1052,0,0
2024,2024-01-28,Westbound,Light Vehicles,731,501,445,252,191,241,397,564,986,1588,1874,2124,2293,2126,2167,2278,2080,2177,1832,1344,1261,961,668,409,0,0
2024,2024-01-28,Westbound,Heavy Vehicles,18,21,10,13,6,20,27,47,43,58,64,81,77,75,79,103,76,74,59,51,41,47,21,16,0,0
2024,2024-01-28,Westbound,All Vehicles,749,522,455,265,197,261,424,611,1029,1646,1938,2205,2370,2201,2246,2381,2156,2251,1891,1395,1302,1008,689,425,0,0
2024,2024-01-29,Westbound,Light Vehicles,204,92,69,64,120,358,899,1435,1715,1374,1229,1215,1243,1269,1328,1583,1538,1523,1238,898,792,617,390,230,0,0
2024,2024-01-29,Westbound,Heavy Vehicles,4,3,5,6,18,48,96,108,133,160,196,220,213,195,183,178,163,93,70,52,34,21,17,9,0,0
2024,2024-01-29,Westbound,All Vehicles,208,95,74,70,138,406,995,1543,1848,1534,1425,1435,1456,1464,1511,1761,1701,1616,1308,950,826,638,407,239,0,0
2024,2024-01-30,Westbound,Heavy Vehicles,11,7,11,15,22,68,183,196,166,258,315,350,288,315,322,325,268,154,115,68,49,39,30,19,0,0
2024,2024-01-30,Westbound,Light Vehicles,180,83,69,59,158,612,1528,2596,2905,2676,2146,2109,2064,1990,2134,2638,2668,2535,2025,1430,1149,992,735,378,0,0
2024,2024-01-30,Westbound,All Vehicles,191,90,80,74,180,680,1711,2792,3071,2934,2461,2459,2352,2305,2456,2963,2936,2689,2140,1498,1198,1031,765,397,0,0
2024,2024-01-31,Westbound,Light Vehicles,175,91,77,81,177,598,1567,2728,3063,2741,2109,2067,2245,2060,2190,2583,2717,2720,2195,1410,1193,1109,845,480,0,0
2024,2024-01-31,Westbound,Heavy Vehicles,11,10,15,12,22,65,188,200,213,289,343,334,337,332,338,333,284,168,114,59,47,47,30,17,0,0
2024,2024-01-31,Westbound,All Vehicles,186,101,92,93,199,663,1755,2928,3276,3030,2452,2401,2582,2392,2528,2916,3001,2888,2309,1469,1240,1156,875,497,0,0
2024,2024-02-01,Westbound,Light Vehicles,300,293,112,76,176,656,1431,2677,3040,2782,2117,2180,2305,2233,2470,2643,2790,2716,2370,1720,1604,1282,901,536,0,1
2024,2024-02-01,Westbound,Heavy Vehicles,14,10,7,13,12,76,166,221,238,275,278,322,317,311,331,369,250,165,110,76,57,61,35,34,0,1
2024,2024-02-01,Westbound,All Vehicles,314,303,119,89,188,732,1597,2898,3278,3057,2395,2502,2622,2544,2801,3012,3040,2881,2480,1796,1661,1343,936,570,0,1
2024,2024-02-02,Westbound,Heavy Vehicles,15,13,9,15,22,79,160,203,261,295,289,327,301,269,314,330,252,152,100,80,72,53,45,37,0,1
2024,2024-02-02,Westbound,Light Vehicles,299,192,131,111,217,587,1437,2419,2914,2600,2266,2471,2496,2370,2647,2840,2783,2692,2733,1980,1549,1385,1235,906,0,1
2024,2024-02-02,Westbound,All Vehicles,314,205,140,126,239,666,1597,2622,3175,2895,2555,2798,2797,2639,2961,3170,3035,2844,2833,2060,1621,1438,1280,943,0,1
2024,2024-02-03,Westbound,Light Vehicles,634,458,255,206,190,451,798,1283,1752,2361,2635,2840,2859,2827,2626,2565,2532,2723,2669,1928,1645,1567,1623,1198,0,1
2024,2024-02-03,Westbound,Heavy Vehicles,19,16,9,5,17,44,67,108,136,161,140,144,169,158,143,117,102,89,83,71,46,45,56,37,0,1
2024,2024-02-03,Westbound,All Vehicles,653,474,264,211,207,495,865,1391,1888,2522,2775,2984,3028,2985,2769,2682,2634,2812,2752,1999,1691,1612,1679,1235,0,1
2024,2024-02-04,Westbound,Heavy Vehicles,27,17,14,10,11,17,42,44,60,76,80,101,84,102,84,98,112,107,101,58,46,45,32,20,0,1
2024,2024-02-04,Westbound,Light Vehicles,907,630,488,331,195,240,580,845,1182,1850,2125,2397,2561,2468,2439,2509,2585,2787,2250,1530,1433,1094,689,368,0,1
2024,2024-02-04,Westbound,All Vehicles,934,647,502,341,206,257,622,889,1242,1926,2205,2498,2645,2570,2523,2607,2697,2894,2351,1588,1479,1139,721,388,0,1
2024,2024-02-05,Westbound,Light Vehicles,219,183,96,63,162,661,1524,2722,3058,2547,2046,1999,2001,2041,2281,2619,2482,2533,2050,1379,1024,849,550,284,0,1
2024,2024-02-05,Westbound,Heavy Vehicles,8,13,14,12,29,79,184,173,254,304,287,315,287,328,325,344,243,159,115,68,50,42,24,20,0,1
2024,2024-02-05,Westbound,All Vehicles,227,196,110,75,191,740,1708,2895,3312,2851,2333,2314,2288,2369,2606,2963,2725,2692,2165,1447,1074,891,574,304,0,1
2024,2024-02-06,Westbound,Heavy Vehicles,10,4,8,14,15,73,152,178,201,255,276,341,289,299,293,351,231,156,112,65,50,44,39,17,0,0
2024,2024-02-06,Westbound,Light Vehicles,172,76,59,49,170,633,1474,2837,3064,2859,2052,2068,2112,2040,2230,2553,2505,2524,2012,1278,1169,934,552,309,0,0
2024,2024-02-06,Westbound,All Vehicles,182,80,67,63,185,706,1626,3015,3265,3114,2328,2409,2401,2339,2523,2904,2736,2680,2124,1343,1219,978,591,326,0,0
2024,2024-02-07,Westbound,Light Vehicles,178,94,75,53,175,594,1634,2886,3121,2609,2217,2179,2155,2126,2294,2639,2747,2807,2236,1473,1321,1213,950,502,0,0
2024,2024-02-07,Westbound,Heavy Vehicles,10,9,8,13,16,72,168,204,240,306,284,352,325,309,333,354,274,197,108,60,65,42,40,23,0,0
2024,2024-02-07,Westbound,All Vehicles,188,103,83,66,191,666,1802,3090,3361,2915,2501,2531,2480,2435,2627,2993,3021,3004,2344,1533,1386,1255,990,525,0,0
2024,2024-02-08,Westbound,Light Vehicles,312,307,114,82,164,621,1561,2788,3074,2763,2276,2307,2256,2268,2470,2750,2654,2813,2444,1673,1451,1324,961,595,0,0
2024,2024-02-08,Westbound,Heavy Vehicles,13,9,17,13,22,72,187,216,225,267,307,316,329,333,345,338,248,174,133,75,61,49,33,21,0,0
2024,2024-02-08,Westbound,All Vehicles,325,316,131,95,186,693,1748,3004,3299,3030,2583,2623,2585,2601,2815,3088,2902,2987,2577,1748,1512,1373,994,616,0,0
2024,2024-02-09,Westbound,Light Vehicles,321,178,128,105,180,667,1495,2549,2927,2625,2291,2363,2555,2407,2602,2721,2834,2737,2746,1831,1444,1375,1356,1352,0,0
2024,2024-02-09,Westbound,Heavy Vehicles,9,13,12,23,29,72,170,239,262,299,317,300,292,271,330,304,219,169,117,75,72,49,45,62,0,0
2024,2024-02-09,Westbound,All Vehicles,330,191,140,128,209,739,1665,2788,3189,2924,2608,2663,2847,2678,2932,3025,3053,2906,2863,1906,1516,1424,1401,1414,0,0
2024,2024-02-10,Westbound,Light Vehicles,728,413,305,194,142,353,829,1408,2003,2477,2754,2791,2940,3012,2716,2555,2550,2902,2649,2128,1730,1499,1512,1820,0,0
2024,2024-02-10,Westbound,Heavy Vehicles,27,12,6,9,19,29,78,94,117,142,145,148,146,162,141,144,112,102,92,73,51,47,46,60,0,0
2024,2024-02-10,Westbound,All Vehicles,755,425,311,203,161,382,907,1502,2120,2619,2899,2939,3086,3174,2857,2699,2662,3004,2741,2201,1781,1546,1558,1880,0,0
2024,2024-02-11,Westbound,Light Vehicles,1154,667,479,329,220,244,421,812,1182,1821,2159,2394,2593,2415,2455,2470,2235,2242,1963,1330,1329,1072,676,352,0,0
2024,2024-02-11,Westbound,Heavy Vehicles,29,16,14,20,9,25,33,57,64,76,77,97,111,89,73,93,77,85,76,60,48,37,29,13,0,0
2024,2024-02-11,Westbound,All Vehicles,1183,683,493,349,229,269,454,869,1246,1897,2236,2491,2704,2504,2528,2563,2312,2327,2039,1390,1377,1109,705,365,0,0
2024,2024-02-12,Westbound,Light Vehicles,219,106,57,71,192,647,1518,2726,2908,2531,2065,1942,2023,1986,2111,2533,2677,2733,2109,1502,1177,921,539,305,0,0
2024,2024-02-12,Westbound,Heavy Vehicles,8,6,13,15,26,74,166,198,237,243,335,329,309,313,311,357,264,165,91,69,63,36,28,16,0,0
2024,2024-02-12,Westbound,All Vehicles,227,112,70,86,218,721,1684,2924,3145,2774,2400,2271,2332,2299,2422,2890,2941,2898,2200,1571,1240,957,567,321,0,0
2024,2024-02-13,Westbound,Light Vehicles,157,81,65,65,178,639,1550,2905,3073,2698,2098,2193,2232,2152,2380,2541,2823,2871,2174,1474,1308,,,,0,0
2024,2024-02-13,Westbound,Heavy Vehicles,25,13,13,13,20,74,202,178,244,301,303,332,342,312,349,397,267,187,125,78,53,,,,0,0
2024,2024-02-13,Westbound,All Vehicles,182,94,78,78,198,713,1752,3083,3317,2999,2401,2525,2574,2464,2729,2938,3090,3058,2299,1552,1361,,,,0,0
2024,2024-02-14,Westbound,Light Vehicles,,106,74,72,168,676,1594,2913,3125,,2328,2314,2235,2249,2396,2638,2695,2798,2512,1918,1519,1469,1134,650,0,0
2024,2024-02-14,Westbound,Heavy Vehicles,,10,8,14,19,61,160,201,211,,311,313,336,297,336,367,228,181,101,71,61,64,54,25,0,0
2024,2024-02-14,Westbound,All Vehicles,,116,82,86,187,737,1754,3114,3336,,2639,2627,2571,2546,2732,3005,2923,2979,2613,1989,1580,1533,1188,675,0,0
2024,2024-02-15,Westbound,Heavy Vehicles,14,8,20,19,26,75,180,200,260,270,279,350,360,334,340,371,273,170,109,62,63,44,39,29,0,0
2024,2024-02-15,Westbound,Light Vehicles,379,336,95,100,156,659,1592,2890,2992,2768,2251,2291,2369,2210,2454,2710,2731,2661,2484,1687,1457,1247,964,594,0,0
2024,2024-02-15,Westbound,All Vehicles,393,344,115,119,182,734,1772,3090,3252,3038,2530,2641,2729,2544,2794,3081,3004,2831,2593,1749,1520,1291,1003,623,0,0
2024,2024-02-16,Westbound,Light Vehicles,317,179,133,110,175,633,1429,2512,2762,2568,2327,2320,2544,2446,2580,2680,2772,2879,2585,1899,1411,1413,1360,919,0,0
2024,2024-02-16,Westbound,Heavy Vehicles,21,6,10,14,14,65,167,211,235,290,310,325,312,298,315,318,243,178,111,91,72,61,55,35,0,0
2024,2024-02-16,Westbound,All Vehicles,338,185,143,124,189,698,1596,2723,2997,2858,2637,2645,2856,2744,2895,2998,3015,3057,2696,1990,1483,1474,1415,954,0,0
2024,2024-02-17,Westbound,Light Vehicles,650,438,291,234,199,359,892,1391,1972,2710,2819,2840,2711,2761,2806,2810,2661,2922,2773,2097,1897,1591,1740,1346,0,0
2024,2024-02-17,Westbound,Heavy Vehicles,18,10,15,10,15,40,72,84,117,154,154,178,154,150,148,156,113,121,91,71,60,55,48,56,0,0
2024,2024-02-17,Westbound,All Vehicles,668,448,306,244,214,399,964,1475,2089,2864,2973,3018,2865,2911,2954,2966,2774,3043,2864,2168,1957,1646,1788,1402,0,0
2024,2024-02-18,Westbound,Light Vehicles,1074,697,534,360,257,268,428,772,1152,1839,2204,2438,2553,2449,2711,2678,2555,2708,2141,1373,1286,952,640,345,0,0
2024,2024-02-18,Westbound,Heavy Vehicles,32,14,13,21,15,20,32,55,60,84,92,109,101,108,86,81,103,83,83,48,47,39,26,22,0,0
2024,2024-02-18,Westbound,All Vehicles,1106,711,547,381,272,288,460,827,1212,1923,2296,2547,2654,2557,2797,2759,2658,2791,2224,1421,1333,991,666,367,0,0
2024,2024-02-19,Westbound,Light Vehicles,209,130,96,64,191,634,1507,2763,3004,2531,2038,2069,2106,2120,2132,2428,2395,2380,1824,1319,1045,778,540,304,0,0
2024,2024-02-19,Westbound,Heavy Vehicles,15,13,11,26,25,76,177,182,220,304,285,306,305,276,274,270,219,146,94,42,39,50,40,24,0,0
2024,2024-02-19,Westbound,All Vehicles,224,143,107,90,216,710,1684,2945,3224,2835,2323,2375,2411,2396,2406,2698,2614,2526,1918,1361,1084,828,580,328,0,0
2024,2024-02-20,Westbound,Heavy Vehicles,21,7,9,15,24,67,189,198,188,282,251,298,272,283,328,325,225,183,103,60,48,49,42,25,0,0
2024,2024-02-20,Westbound,Light Vehicles,206,90,65,72,171,643,1625,2895,2922,2723,2208,2067,2128,2155,2228,2460,2300,2554,2165,1438,1214,1069,745,396,0,0
2024,2024-02-20,Westbound,All Vehicles,227,97,74,87,195,710,1814,3093,3110,3005,2459,2365,2400,2438,2556,2785,2525,2737,2268,1498,1262,1118,787,421,0,0
2024,2024-02-21,Westbound,Heavy Vehicles,7,12,13,15,20,69,192,191,224,280,310,325,344,301,302,370,259,185,101,59,61,68,42,26,0,0
2024,2024-02-21,Westbound,Light Vehicles,208,119,66,77,152,664,1649,2973,3142,2730,2219,2295,2252,2100,2404,2739,2738,2736,2419,1652,1367,1269,913,517,0,0
2024,2024-02-21,Westbound,All Vehicles,215,131,79,92,172,733,1841,3164,3366,3010,2529,2620,2596,2401,2706,3109,2997,2921,2520,1711,1428,1337,955,543,0,0
2024,2024-02-22,Westbound,Heavy Vehicles,17,17,26,25,31,79,173,207,190,286,305,283,331,338,305,298,274,156,131,88,65,59,46,30,0,0
2024,2024-02-22,Westbound,Light Vehicles,307,262,113,99,155,636,1619,2821,3150,2657,2249,2258,2278,2323,2501,2510,2685,2787,2656,1993,1703,1424,990,539,0,0
2024,2024-02-22,Westbound,All Vehicles,324,279,139,124,186,715,1792,3028,3340,2943,2554,2541,2609,2661,2806,2808,2959,2943,2787,2081,1768,1483,1036,569,0,0
2024,2024-02-23,Westbound,Heavy Vehicles,18,27,26,41,30,81,189,198,255,300,352,343,311,301,318,284,256,213,128,71,72,50,47,36,0,0
2024,2024-02-23,Westbound,Light Vehicles,340,189,147,112,200,627,1492,2589,2884,2548,2445,2511,2391,2511,2716,2723,2945,2880,2733,1789,1386,1247,1272,1000,0,0
2024,2024-02-23,Westbound,All Vehicles,358,216,173,153,230,708,1681,2787,3139,2848,2797,2854,2702,2812,3034,3007,3201,3093,2861,1860,1458,1297,1319,1036,0,0
2024,2024-02-24,Westbound,Light Vehicles,759,534,292,205,163,317,806,1370,1930,2429,2753,2863,3038,2981,2826,2795,2737,2880,2519,1796,1607,1489,1600,1373,0,0
2024,2024-02-24,Westbound,Heavy Vehicles,39,24,13,10,16,38,66,106,129,137,159,168,167,145,145,121,102,129,81,72,50,46,40,55,0,0
2024,2024-02-24,Westbound,All Vehicles,798,558,305,215,179,355,872,1476,2059,2566,2912,3031,3205,3126,2971,2916,2839,3009,2600,1868,1657,1535,1640,1428,0,0
2024,2024-02-25,Westbound,Heavy Vehicles,59,22,18,17,11,18,30,65,68,88,95,83,97,99,96,100,112,106,90,79,56,36,37,30,0,0
2024,2024-02-25,Westbound,Light Vehicles,1048,728,507,349,232,311,482,743,1179,1831,2253,2584,2550,2523,2548,2664,2674,2821,2410,1687,1549,1115,777,459,0,0
2024,2024-02-25,Westbound,All Vehicles,1107,750,525,366,243,329,512,808,1247,1919,2348,2667,2647,2622,2644,2764,2786,2927,2500,1766,1605,1151,814,489,0,0
2024,2024-02-26,Westbound,Heavy Vehicles,23,10,10,15,29,77,165,191,208,273,350,331,334,298,289,332,256,184,110,61,48,36,21,23,0,0
2024,2024-02-26,Westbound,Light Vehicles,393,179,101,73,186,631,1539,2770,3012,2595,2095,2115,2150,2260,2303,2555,2663,2640,1953,1279,1068,829,600,439,0,0
2024,2024-02-26,Westbound,All Vehicles,416,189,111,88,215,708,1704,2961,3220,2868,2445,2446,2484,2558,2592,2887,2919,2824,2063,1340,1116,865,621,462,0,0
2024,2024-02-27,Westbound,Heavy Vehicles,25,7,9,14,25,72,167,207,246,323,329,349,370,280,353,364,229,186,89,62,53,55,44,46,0,0
2024,2024-02-27,Westbound,Light Vehicles,305,148,82,83,140,620,1604,2912,3023,2801,2230,2038,2216,2050,2324,2616,2630,2663,2209,1378,1194,1027,670,399,0,0
2024,2024-02-27,Westbound,All Vehicles,330,155,91,97,165,692,1771,3119,3269,3124,2559,2387,2586,2330,2677,2980,2859,2849,2298,1440,1247,1082,714,445,0,0
2024,2024-02-28,Westbound,Light Vehicles,243,117,71,64,168,632,1632,2818,2820,2760,2165,2250,2247,2151,2358,2732,2686,2830,2533,1644,1469,1273,951,546,0,0
2024,2024-02-28,Westbound,Heavy Vehicles,27,13,13,26,26,85,164,228,222,287,276,337,295,306,364,370,299,183,116,67,53,59,65,32,0,0
2024,2024-02-28,Westbound,All Vehicles,270,130,84,90,194,717,1796,3046,3042,3047,2441,2587,2542,2457,2722,3102,2985,3013,2649,1711,1522,1332,1016,578,0,0
2024,2024-02-29,Westbound,Light Vehicles,273,231,95,89,193,610,1557,2846,3145,2714,2257,2374,2401,2359,2419,2700,2946,2840,2733,2085,1828,1411,1106,597,0,0
2024,2024-02-29,Westbound,Heavy Vehicles,24,12,10,22,17,68,169,197,226,309,301,339,351,338,302,362,299,194,115,70,59,54,57,41,0,0
2024,2024-02-29,Westbound,All Vehicles,297,243,105,111,210,678,1726,3043,3371,3023,2558,2713,2752,2697,2721,3062,3245,3034,2848,2155,1887,1465,1163,638,0,0
2024,2024-03-01,Westbound,Heavy Vehicles,43,24,12,19,22,64,172,191,278,259,286,348,319,305,345,349,240,180,109,84,56,51,45,32,0,0
2024,2024-03-01,Westbound,Light Vehicles,389,193,123,109,194,642,1494,2518,3009,2561,2429,2396,2507,2485,2617,2781,2858,2930,2855,1973,1496,1406,1302,939,0,0
2024,2024-03-01,Westbound,All Vehicles,432,217,135,128,216,706,1666,2709,3287,2820,2715,2744,2826,2790,2962,3130,3098,3110,2964,2057,1552,1457,1347,971,0,0
2024,2024-03-02,Westbound,Light Vehicles,677,458,318,241,201,347,856,1341,1968,2580,2614,2895,2925,2860,2593,2417,2479,2705,2462,1839,1515,1489,1731,1615,0,0
2024,2024-03-02,Westbound,Heavy Vehicles,23,14,12,15,11,28,74,131,147,145,174,158,148,148,149,119,126,130,81,51,49,58,60,57,0,0
2024,2024-03-02,Westbound,All Vehicles,700,472,330,256,212,375,930,1472,2115,2725,2788,3053,3073,3008,2742,2536,2605,2835,2543,1890,1564,1547,1791,1672,0,0
2024,2024-03-03,Westbound,Heavy Vehicles,30,31,25,21,13,20,15,56,53,75,87,112,88,70,81,93,89,75,79,56,57,34,38,22,0,0
2024,2024-03-03,Westbound,Light Vehicles,1114,884,684,430,308,315,452,783,1173,1874,2073,2373,2590,2357,2308,2346,2536,2547,2143,1599,1524,1005,665,369,0,0
2024,2024-03-03,Westbound,All Vehicles,1144,915,709,451,321,335,467,839,1226,1949,2160,2485,2678,2427,2389,2439,2625,2622,2222,1655,1581,1039,703,391,0,0
2024,2024-03-04,Westbound,Light Vehicles,177,121,71,75,184,573,1485,2720,3027,2331,1959,1958,2007,1926,2200,2488,2361,2564,1844,1223,974,853,506,289,0,0
2024,2024-03-04,Westbound,Heavy Vehicles,13,5,9,17,29,86,164,197,234,255,289,272,327,307,325,365,224,169,96,54,36,38,27,14,0,0
2024,2024-03-04,Westbound,All Vehicles,190,126,80,92,213,659,1649,2917,3261,2586,2248,2230,2334,2233,2525,2853,2585,2733,1940,1277,1010,891,533,303,0,0
2024,2024-03-05,Westbound,Heavy Vehicles,10,10,12,12,26,67,160,214,215,305,285,339,303,303,290,347,249,191,104,79,52,51,40,27,0,0
2024,2024-03-05,Westbound,Light Vehicles,136,71,53,45,172,593,1595,2922,3194,2658,2158,2166,2080,2073,2278,2650,2714,2653,2228,1525,1239,1066,728,334,0,0
2024,2024-03-05,Westbound,All Vehicles,146,81,65,57,198,660,1755,3136,3409,2963,2443,2505,2383,2376,2568,2997,2963,2844,2332,1604,1291,1117,768,361,0,0
2024,2024-03-06,Westbound,Heavy Vehicles,14,12,6,19,25,66,170,202,224,264,315,348,341,333,348,370,247,183,129,64,56,42,30,15,0,0
2024,2024-03-06,Westbound,Light Vehicles,165,114,66,55,143,652,1608,2760,3083,2589,2271,2145,2178,2226,2408,2687,2787,2410,2064,1567,1309,1226,923,482,0,0
2024,2024-03-06,Westbound,All Vehicles,179,126,72,74,168,718,1778,2962,3307,2853,2586,2493,2519,2559,2756,3057,3034,2593,2193,1631,1365,1268,953,497,0,0
2024,2024-03-07,Westbound,Heavy Vehicles,10,6,16,14,21,72,145,204,230,264,309,322,349,327,336,300,285,182,120,76,65,53,47,33,0,0
2024,2024-03-07,Westbound,Light Vehicles,222,193,109,61,162,644,1568,2831,3089,2639,2215,2199,2269,2263,2427,2489,2679,2954,2636,1818,1437,1151,1142,644,0,0
2024,2024-03-07,Westbound,All Vehicles,232,199,125,75,183,716,1713,3035,3319,2903,2524,2521,2618,2590,2763,2789,2964,3136,2756,1894,1502,1204,1189,677,0,0
2024,2024-03-08,Westbound,Heavy Vehicles,22,15,11,23,27,71,191,218,211,286,282,346,288,312,349,309,248,197,104,61,64,51,43,43,0,0
2024,2024-03-08,Westbound,Light Vehicles,363,183,126,95,189,666,1483,2569,2806,2648,2379,2395,2537,2432,2631,2809,2739,2745,2721,2079,1447,1483,1319,943,0,0
2024,2024-03-08,Westbound,All Vehicles,385,198,137,118,216,737,1674,2787,3017,2934,2661,2741,2825,2744,2980,3118,2987,2942,2825,2140,1511,1534,1362,986,0,0
2024,2024-03-09,Westbound,Heavy Vehicles,27,20,16,9,13,33,86,105,131,134,150,145,170,153,112,137,122,121,89,70,52,57,56,55,0,0
2024,2024-03-09,Westbound,Light Vehicles,687,438,328,202,182,338,885,1313,1958,2478,2847,2749,2899,2784,2771,2793,2638,2860,2911,2302,1830,1544,1587,1297,0,0
2024,2024-03-09,Westbound,All Vehicles,714,458,344,211,195,371,971,1418,2089,2612,2997,2894,3069,2937,2883,2930,2760,2981,3000,2372,1882,1601,1643,1352,0,0
2024,2024-03-10,Westbound,Light Vehicles,956,646,460,342,198,242,434,822,1186,1866,2209,2430,2551,2296,2366,2627,2403,2563,2174,1802,1411,1011,646,322,0,0
2024,2024-03-10,Westbound,Heavy Vehicles,41,24,16,21,11,25,38,47,71,78,85,103,94,94,90,105,76,102,75,67,51,39,35,18,0,0
2024,2024-03-10,Westbound,All Vehicles,997,670,476,363,209,267,472,869,1257,1944,2294,2533,2645,2390,2456,2732,2479,2665,2249,1869,1462,1050,681,340,0,0
2024,2024-03-11,Westbound,Light Vehicles,196,98,89,59,158,606,1448,2607,3060,2444,2044,2027,1990,2016,2143,2525,2459,2471,1926,1254,1037,751,472,244,0,0
2024,2024-03-11,Westbound,Heavy Vehicles,11,6,9,19,21,68,142,188,213,260,285,301,290,285,304,349,249,166,97,61,45,34,27,15,0,0
2024,2024-03-11,Westbound,All Vehicles,207,104,98,78,179,674,1590,2795,3273,2704,2329,2328,2280,2301,2447,2874,2708,2637,2023,1315,1082,785,499,259,0,0
2024,2024-03-12,Westbound,Heavy Vehicles,12,7,6,14,20,86,181,198,218,282,303,334,305,307,324,347,274,163,114,90,52,32,34,16,0,0
2024,2024-03-12,Westbound,Light Vehicles,138,71,62,63,147,566,1525,2718,3099,2687,2150,2058,2233,2206,2335,2709,2666,2653,2376,1631,1268,948,652,429,0,0
2024,2024-03-12,Westbound,All Vehicles,150,78,68,77,167,652,1706,2916,3317,2969,2453,2392,2538,2513,2659,3056,2940,2816,2490,1721,1320,980,686,445,0,0
2024,2024-03-13,Westbound,Light Vehicles,267,129,79,72,148,612,1570,2905,3132,2655,2250,2180,2195,2110,2341,2609,2689,2704,2387,1638,1297,1114,825,519,0,0
2024,2024-03-13,Westbound,Heavy Vehicles,12,8,11,16,21,81,176,224,203,274,311,335,312,329,304,364,246,162,99,87,49,48,38,28,0,0
2024,2024-03-13,Westbound,All Vehicles,279,137,90,88,169,693,1746,3129,3335,2929,2561,2515,2507,2439,2645,2973,2935,2866,2486,1725,1346,1162,863,547,0,0
2024,2024-03-14,Westbound,Heavy Vehicles,14,11,9,16,22,69,171,217,214,279,282,343,315,302,347,349,274,184,92,82,54,61,35,30,0,0
2024,2024-03-14,Westbound,Light Vehicles,339,215,103,74,164,593,1524,2741,3138,2705,2168,2311,2373,2245,2541,2634,2823,2970,2492,1703,1381,1260,822,632,0,0
2024,2024-03-14,Westbound,All Vehicles,353,226,112,90,186,662,1695,2958,3352,2984,2450,2654,2688,2547,2888,2983,3097,3154,2584,1785,1435,1321,857,662,0,0
2024,2024-03-15,Westbound,Light Vehicles,393,169,110,107,171,568,1467,2495,2830,2568,2395,2468,2527,2359,2497,2785,2778,2813,2683,1866,1306,1320,1188,899,0,0
2024,2024-03-15,Westbound,Heavy Vehicles,24,7,5,13,23,61,155,217,256,275,312,365,343,322,297,291,236,154,145,68,49,48,38,32,0,0
2024,2024-03-15,Westbound,All Vehicles,417,176,115,120,194,629,1622,2712,3086,2843,2707,2833,2870,2681,2794,3076,3014,2967,2828,1934,1355,1368,1226,931,0,0
2024,2024-03-16,Westbound,Heavy Vehicles,18,4,7,8,20,22,74,131,129,145,106,157,148,159,124,131,126,120,90,86,43,51,45,43,0,0
2024,2024-03-16,Westbound,Light Vehicles,634,400,264,184,160,296,956,1340,1696,2387,2590,2656,2850,2773,2576,2675,2636,2878,2902,2118,1407,1385,1556,1463,0,0
2024,2024-03-16,Westbound,All Vehicles,652,404,271,192,180,318,1030,1471,1825,2532,2696,2813,2998,2932,2700,2806,2762,2998,2992,2204,1450,1436,1601,1506,0,0
2024,2024-03-17,Westbound,Heavy Vehicles,28,27,18,14,13,20,21,46,55,68,94,100,99,76,83,97,97,91,65,56,39,29,20,14,0,0
2024,2024-03-17,Westbound,Light Vehicles,1020,762,675,373,224,225,365,617,996,1585,1983,2169,2537,2309,2317,2392,2442,2154,1946,1428,1064,856,747,398,0,0
2024,2024-03-17,Westbound,All Vehicles,1048,789,693,387,237,245,386,663,1051,1653,2077,2269,2636,2385,2400,2489,2539,2245,2011,1484,1103,885,767,412,0,0
2024,2024-03-18,Westbound,Light Vehicles,180,135,107,78,175,538,1388,2703,3172,2454,2027,1934,1942,2037,2113,2542,2393,2381,1850,1159,913,811,461,273,0,0
2024,2024-03-18,Westbound,Heavy Vehicles,9,7,8,9,19,77,164,177,243,275,299,282,294,281,306,328,259,150,88,43,45,29,23,23,0,0
2024,2024-03-18,Westbound,All Vehicles,189,142,115,87,194,615,1552,2880,3415,2729,2326,2216,2236,2318,2419,2870,2652,2531,1938,1202,958,840,484,296,0,0
2024,2024-03-19,Westbound,Heavy Vehicles,18,9,6,15,28,73,157,209,234,296,311,360,325,317,327,355,263,166,94,76,57,48,29,25,0,0
2024,2024-03-19,Westbound,Light Vehicles,134,86,60,55,157,567,1488,2769,3184,2689,2009,2052,2110,1973,2325,2666,2587,2599,2167,1572,1220,1035,726,361,0,0
2024,2024-03-19,Westbound,All Vehicles,152,95,66,70,185,640,1645,2978,3418,2985,2320,2412,2435,2290,2652,3021,2850,2765,2261,1648,1277,1083,755,386,0,0
2024,2024-03-20,Westbound,Light Vehicles,189,106,76,74,166,575,1528,2854,3058,2605,2264,2156,2182,2060,2314,2664,2500,2649,2236,1544,1202,1127,793,443,0,0
2024,2024-03-20,Westbound,Heavy Vehicles,13,10,7,19,31,76,173,190,228,294,281,291,312,291,333,363,257,184,111,62,50,47,44,21,0,0
2024,2024-03-20,Westbound,All Vehicles,202,116,83,93,197,651,1701,3044,3286,2899,2545,2447,2494,2351,2647,3027,2757,2833,2347,1606,1252,1174,837,464,0,0
2024,2024-03-21,Westbound,Light Vehicles,254,188,93,101,152,620,1613,2786,3143,2693,2229,2276,2324,2230,2451,2691,2859,2783,2392,1602,1262,1148,876,518,0,0
2024,2024-03-21,Westbound,Heavy Vehicles,10,19,25,28,26,68,165,207,243,284,312,303,347,322,324,338,309,171,112,73,45,76,41,36,0,0
2024,2024-03-21,Westbound,All Vehicles,264,207,118,129,178,688,1778,2993,3386,2977,2541,2579,2671,2552,2775,3029,3168,2954,2504,1675,1307,1224,917,554,0,0
2024,2024-03-22,Westbound,Heavy Vehicles,20,24,18,31,18,68,181,187,247,285,284,319,328,285,336,350,300,176,101,70,61,57,65,43,0,0
2024,2024-03-22,Westbound,Light Vehicles,290,174,118,97,199,545,1458,2546,2885,2558,2338,2424,2481,2361,2588,2737,2719,2735,2611,1928,1375,1379,1674,1071,0,0
2024,2024-03-22,Westbound,All Vehicles,310,198,136,128,217,613,1639,2733,3132,2843,2622,2743,2809,2646,2924,3087,3019,2911,2712,1998,1436,1436,1739,1114,0,0
2024,2024-03-23,Westbound,Heavy Vehicles,17,21,15,12,11,26,75,84,146,133,164,151,148,133,142,146,123,87,77,84,44,53,65,41,0,0
2024,2024-03-23,Westbound,Light Vehicles,593,440,298,162,164,318,673,1196,1702,2348,2626,2611,2903,2843,2683,2523,2490,2759,2544,1891,1340,1367,1865,1728,0,0
2024,2024-03-23,Westbound,All Vehicles,610,461,313,174,175,344,748,1280,1848,2481,2790,2762,3051,2976,2825,2669,2613,2846,2621,1975,1384,1420,1930,1769,0,0
2024,2024-03-24,Westbound,Heavy Vehicles,23,16,12,15,13,16,23,47,72,68,80,77,110,91,83,100,95,80,80,49,48,32,29,19,0,0
2024,2024-03-24,Westbound,Light Vehicles,980,644,491,307,214,263,445,797,1234,1758,2084,2220,2538,2377,2339,2351,2287,2308,1862,1438,1147,862,567,362,0,0
2024,2024-03-24,Westbound,All Vehicles,1003,660,503,322,227,279,468,844,1306,1826,2164,2297,2648,2468,2422,2451,2382,2388,1942,1487,1195,894,596,381,0,0
2024,2024-03-25,Westbound,Heavy Vehicles,16,10,8,12,32,67,161,210,230,275,284,283,295,312,301,341,230,142,102,68,53,40,38,20,0,0
2024,2024-03-25,Westbound,Light Vehicles,196,110,80,72,166,586,1479,2771,3017,2389,1981,1951,2096,2021,2219,2603,2524,2535,2024,1304,1023,780,469,245,0,0
2024,2024-03-25,Westbound,All Vehicles,212,120,88,84,198,653,1640,2981,3247,2664,2265,2234,2391,2333,2520,2944,2754,2677,2126,1372,1076,820,507,265,0,0
2024,2024-03-26,Westbound,Light Vehicles,128,81,76,57,162,616,1516,2729,3087,2662,2141,2093,2102,2134,2385,2627,2631,2684,2249,1485,1205,950,713,409,0,0
2024,2024-03-26,Westbound,Heavy Vehicles,8,8,21,14,18,67,173,209,270,297,333,357,311,330,369,379,279,185,94,68,52,54,34,21,0,0
2024,2024-03-26,Westbound,All Vehicles,136,89,97,71,180,683,1689,2938,3357,2959,2474,2450,2413,2464,2754,3006,2910,2869,2343,1553,1257,1004,747,430,0,0
2024,2024-03-27,Westbound,Heavy Vehicles,12,13,13,18,26,57,169,195,230,258,307,277,338,319,327,274,291,229,121,81,56,44,30,29,0,0
2024,2024-03-27,Westbound,Light Vehicles,169,108,61,79,182,632,1463,2915,3115,2636,2251,2274,2191,2229,2358,2439,2526,2794,2402,1622,1143,1094,909,438,0,0
2024,2024-03-27,Westbound,All Vehicles,181,121,74,97,208,689,1632,3110,3345,2894,2558,2551,2529,2548,2685,2713,2817,3023,2523,1703,1199,1138,939,467,0,0
2024,2024-03-28,Westbound,Heavy Vehicles,16,13,14,18,26,62,169,179,251,265,319,322,327,312,338,351,245,170,124,68,49,49,41,35,0,0
2024,2024-03-28,Westbound,Light Vehicles,241,228,112,85,180,631,1536,2545,2996,2555,2346,2388,2474,2406,2662,2741,2813,2705,2432,1810,1365,1150,1298,758,0,0
2024,2024-03-28,Westbound,All Vehicles,257,241,126,103,206,693,1705,2724,3247,2820,2665,2710,2801,2718,3000,3092,3058,2875,2556,1878,1414,1199,1339,793,0,0
2024,2024-04-13,Westbound,Heavy Vehicles,16,12,11,15,23,41,80,108,128,137,168,140,149,158,130,127,103,116,91,64,44,46,50,36,0,0
2024,2024-04-13,Westbound,Light Vehicles,527,385,277,198,174,336,730,1170,1572,2210,2443,2687,2739,2812,2634,2593,2536,2834,2514,1855,1272,1339,1644,1247,0,0
2024,2024-04-13,Westbound,All Vehicles,543,397,288,213,197,377,810,1278,1700,2347,2611,2827,2888,2970,2764,2720,2639,2950,2605,1919,1316,1385,1694,1283,0,0
2024,2024-04-14,Westbound,Heavy Vehicles,27,15,13,11,10,21,34,61,71,72,95,95,80,71,90,87,69,71,68,41,36,35,22,18,0,0
2024,2024-04-14,Westbound,Light Vehicles,793,593,434,321,218,266,428,713,1084,1733,2175,2252,2369,2075,2068,2077,2121,2205,1775,1110,916,778,475,275,0,0
2024,2024-04-14,Westbound,All Vehicles,820,608,447,332,228,287,462,774,1155,1805,2270,2347,2449,2146,2158,2164,2190,2276,1843,1151,952,813,497,293,0,0
2024,2024-04-15,Westbound,Light Vehicles,156,90,85,64,169,574,1445,2453,2621,2238,2025,1916,1959,1877,2195,2573,2187,2216,1616,1070,813,684,458,210,0,0
2024,2024-04-15,Westbound,Heavy Vehicles,10,12,11,17,29,63,189,210,249,247,288,299,288,293,307,372,228,159,87,59,41,26,24,17,0,0
2024,2024-04-15,Westbound,All Vehicles,166,102,96,81,198,637,1634,2663,2870,2485,2313,2215,2247,2170,2502,2945,2415,2375,1703,1129,854,710,482,227,0,0
2024,2024-04-16,Westbound,Light Vehicles,114,67,63,55,150,592,1589,2583,2771,2503,2031,2002,2024,1959,2274,2627,2388,2423,1978,1169,1031,857,600,316,0,0
2024,2024-04-16,Westbound,Heavy Vehicles,11,5,18,13,17,58,218,230,244,256,285,349,309,316,302,391,254,168,73,59,43,33,24,25,0,0
2024,2024-04-16,Westbound,All Vehicles,125,72,81,68,167,650,1807,2813,3015,2759,2316,2351,2333,2275,2576,3018,2642,2591,2051,1228,1074,890,624,341,0,0
2024,2024-04-17,Westbound,Heavy Vehicles,11,6,10,16,30,59,196,245,243,281,276,349,309,305,331,395,237,156,83,60,37,35,31,12,0,0
2024,2024-04-17,Westbound,Light Vehicles,169,91,72,49,153,575,1594,2536,2748,2517,2088,2137,2222,1991,2181,2617,2368,2495,2155,1262,1022,1017,697,401,0,0
2024,2024-04-17,Westbound,All Vehicles,180,97,82,65,183,634,1790,2781,2991,2798,2364,2486,2531,2296,2512,3012,2605,2651,2238,1322,1059,1052,728,413,0,0
2024,2024-04-18,Westbound,Light Vehicles,247,174,84,69,152,621,1461,2465,2860,2490,2078,2148,2239,2056,2261,2807,2483,2584,2303,1517,1197,1067,972,569,0,0
2024,2024-04-18,Westbound,Heavy Vehicles,19,16,12,16,16,68,171,230,249,295,307,352,313,282,307,369,218,149,92,68,46,43,42,26,0,0
2024,2024-04-18,Westbound,All Vehicles,266,190,96,85,168,689,1632,2695,3109,2785,2385,2500,2552,2338,2568,3176,2701,2733,2395,1585,1243,1110,1014,595,0,0
2024,2024-04-19,Westbound,Light Vehicles,266,164,110,92,161,611,1421,2142,2537,2419,1961,2180,2543,2309,2484,2848,2616,2649,2362,1450,1127,1133,1034,771,0,0
2024,2024-04-19,Westbound,Heavy Vehicles,9,11,8,15,24,54,174,217,263,291,287,292,321,289,332,346,237,162,99,58,52,37,34,24,0,0
2024,2024-04-19,Westbound,All Vehicles,275,175,118,107,185,665,1595,2359,2800,2710,2248,2472,2864,2598,2816,3194,2853,2811,2461,1508,1179,1170,1068,795,0,0
2024,2024-04-20,Westbound,Heavy Vehicles,20,26,13,14,17,35,67,111,119,124,136,150,111,125,99,111,82,76,74,60,46,30,40,28,0,0
2024,2024-04-20,Westbound,Light Vehicles,479,325,255,171,165,323,616,1029,1397,2061,2252,2510,2571,2595,2279,2102,2003,2330,2314,1551,1184,1261,1292,992,0,0
2024,2024-04-20,Westbound,All Vehicles,499,351,268,185,182,358,683,1140,1516,2185,2388,2660,2682,2720,2378,2213,2085,2406,2388,1611,1230,1291,1332,1020,0,0
2024,2024-04-21,Westbound,Light Vehicles,662,563,382,299,165,233,420,680,1029,1575,1821,2122,2491,2139,1943,2075,2459,2116,1623,1128,863,711,520,280,0,0
2024,2024-04-21,Westbound,Heavy Vehicles,20,14,17,12,12,15,36,46,62,83,78,105,97,93,71,68,98,87,60,39,31,31,21,16,0,0
2024,2024-04-21,Westbound,All Vehicles,682,577,399,311,177,248,456,726,1091,1658,1899,2227,2588,2232,2014,2143,2557,2203,1683,1167,894,742,541,296,0,0
2024,2024-04-22,Westbound,Heavy Vehicles,5,9,10,12,19,60,179,215,229,274,320,303,311,321,351,397,280,131,93,48,30,37,29,13,0,0
2024,2024-04-22,Westbound,Light Vehicles,155,108,67,75,170,577,1391,2411,2792,2248,1953,1959,2005,1899,2162,2653,2280,2353,1794,1002,856,815,738,367,0,0
2024,2024-04-22,Westbound,All Vehicles,160,117,77,87,189,637,1570,2626,3021,2522,2273,2262,2316,2220,2513,3050,2560,2484,1887,1050,886,852,767,380,0,0
2024,2024-04-23,Westbound,Heavy Vehicles,10,2,5,16,20,59,188,196,250,266,312,354,328,328,344,421,273,176,110,56,48,49,30,22,0,0
2024,2024-04-23,Westbound,Light Vehicles,139,71,58,58,161,606,1600,2495,2888,2458,2138,1993,2106,2185,2422,2735,2615,2693,2020,1303,1051,913,725,369,0,0
2024,2024-04-23,Westbound,All Vehicles,149,73,63,74,181,665,1788,2691,3138,2724,2450,2347,2434,2513,2766,3156,2888,2869,2130,1359,1099,962,755,391,0,0
2024,2024-04-24,Westbound,Light Vehicles,171,106,67,48,157,608,1560,2443,2915,2631,2216,2261,2297,2117,2364,2806,2689,2761,2419,1673,1261,1191,1077,716,0,0
2024,2024-04-24,Westbound,Heavy Vehicles,16,11,18,18,31,66,178,214,277,265,295,345,360,338,352,366,248,181,110,59,48,48,35,37,0,0
2024,2024-04-24,Westbound,All Vehicles,187,117,85,66,188,674,1738,2657,3192,2896,2511,2606,2657,2455,2716,3172,2937,2942,2529,1732,1309,1239,1112,753,0,0
2024,2024-04-25,Westbound,Heavy Vehicles,18,13,6,11,15,20,36,66,76,84,95,98,84,85,95,80,62,84,63,48,32,27,20,14,0,0
2024,2024-04-25,Westbound,Light Vehicles,550,491,238,183,176,282,520,821,1128,1618,1962,2069,2249,2045,1946,2072,1949,2050,2145,1384,1043,947,820,535,0,0
2024,2024-04-25,Westbound,All Vehicles,568,504,244,194,191,302,556,887,1204,1702,2057,2167,2333,2130,2041,2152,2011,2134,2208,1432,1075,974,840,549,0,0
2024,2024-04-26,Westbound,Heavy Vehicles,16,11,6,16,14,36,125,191,203,233,268,285,240,251,260,277,199,162,86,42,49,47,35,20,0,0
2024,2024-04-26,Westbound,Light Vehicles,296,209,149,95,156,396,1009,1767,2135,2226,2252,2405,2381,2365,2372,2635,2458,2546,2039,1421,1035,1132,1071,726,0,0
2024,2024-04-26,Westbound,All Vehicles,312,220,155,111,170,432,1134,1958,2338,2459,2520,2690,2621,2616,2632,2912,2657,2708,2125,1463,1084,1179,1106,746,0,0
2024,2024-04-27,Westbound,Heavy Vehicles,26,10,14,10,11,24,62,83,112,114,132,122,137,139,81,86,99,97,91,57,42,40,44,31,0,0
2024,2024-04-27,Westbound,Light Vehicles,499,251,197,166,120,267,554,922,1394,2034,2368,2444,2518,2615,2376,2294,2261,2469,2271,1442,1194,1221,1219,1024,0,0
2024,2024-04-27,Westbound,All Vehicles,525,261,211,176,131,291,616,1005,1506,2148,2500,2566,2655,2754,2457,2380,2360,2566,2362,1499,1236,1261,1263,1055,0,0
2024,2024-04-28,Westbound,Heavy Vehicles,11,18,8,16,11,16,24,45,61,82,95,78,87,78,82,85,87,80,50,31,41,28,16,14,0,0
2024,2024-04-28,Westbound,Light Vehicles,684,528,397,279,198,198,413,685,1034,1728,2018,2291,2283,2106,2144,2313,2239,2337,1570,1003,864,737,429,252,0,0
2024,2024-04-28,Westbound,All Vehicles,695,546,405,295,209,214,437,730,1095,1810,2113,2369,2370,2184,2226,2398,2326,2417,1620,1034,905,765,445,266,0,0
2024,2024-04-29,Westbound,Light Vehicles,144,86,57,54,162,599,1435,2677,2842,2191,1951,1836,2046,1875,2282,2623,2522,2492,1810,1177,840,720,440,249,0,0
2024,2024-04-29,Westbound,Heavy Vehicles,8,14,13,17,19,62,160,219,251,244,342,316,318,296,293,384,233,173,98,54,46,37,27,16,0,0
2024,2024-04-29,Westbound,All Vehicles,152,100,70,71,181,661,1595,2896,3093,2435,2293,2152,2364,2171,2575,3007,2755,2665,1908,1231,886,757,467,265,0,0
2024,2024-04-30,Westbound,Heavy Vehicles,8,6,17,19,34,66,169,217,240,299,331,317,271,303,261,344,247,156,76,55,39,36,29,17,0,0
2024,2024-04-30,Westbound,Light Vehicles,111,69,70,56,170,614,1554,2849,2723,2615,2026,2156,1835,1807,2155,2455,2502,2533,1918,1331,964,894,609,293,0,0
2024,2024-04-30,Westbound,All Vehicles,119,75,87,75,204,680,1723,3066,2963,2914,2357,2473,2106,2110,2416,2799,2749,2689,1994,1386,1003,930,638,310,0,0
2024,2024-05-01,Westbound,Heavy Vehicles,9,9,12,21,24,58,147,207,249,285,317,320,320,279,323,354,239,167,89,63,47,32,30,20,0,0
2024,2024-05-01,Westbound,Light Vehicles,138,83,57,63,153,592,1485,2720,3057,2812,2201,2177,2063,2135,2224,2659,2627,2747,2250,1301,1101,1050,741,422,0,0
2024,2024-05-01,Westbound,All Vehicles,147,92,69,84,177,650,1632,2927,3306,3097,2518,2497,2383,2414,2547,3013,2866,2914,2339,1364,1148,1082,771,442,0,0
2024,2024-05-02,Westbound,Light Vehicles,240,145,80,69,136,560,1481,2790,3092,2804,2183,2196,2175,2053,2397,2766,2780,2795,2285,1532,1232,1174,851,536,0,0
2024,2024-05-02,Westbound,Heavy Vehicles,14,13,11,11,24,65,176,211,227,275,332,305,311,306,305,365,265,185,110,53,44,39,31,28,0,0
2024,2024-05-02,Westbound,All Vehicles,254,158,91,80,160,625,1657,3001,3319,3079,2515,2501,2486,2359,2702,3131,3045,2980,2395,1585,1276,1213,882,564,0,0
2024,2024-05-03,Westbound,Heavy Vehicles,15,8,8,14,29,52,162,206,241,240,336,341,288,260,300,275,211,123,99,67,40,43,37,28,0,0
2024,2024-05-03,Westbound,Light Vehicles,306,159,125,98,201,598,1380,2498,2856,2604,2325,2298,2446,2179,2354,2777,2699,2727,2400,1635,1201,1135,1218,823,0,0
2024,2024-05-03,Westbound,All Vehicles,321,167,133,112,230,650,1542,2704,3097,2844,2661,2639,2734,2439,2654,3052,2910,2850,2499,1702,1241,1178,1255,851,0,0
2024,2024-05-04,Westbound,Heavy Vehicles,14,9,6,15,19,20,73,92,125,142,135,140,134,143,129,118,106,95,90,63,46,36,39,40,0,0
2024,2024-05-04,Westbound,Light Vehicles,559,323,229,188,136,305,668,1197,1782,2318,2521,2615,2771,2611,2669,2417,2308,2842,2517,1522,1399,1239,1391,1108,0,0
2024,2024-05-04,Westbound,All Vehicles,573,332,235,203,155,325,741,1289,1907,2460,2656,2755,2905,2754,2798,2535,2414,2937,2607,1585,1445,1275,1430,1148,0,0
2024,2024-05-05,Westbound,Light Vehicles,754,610,438,305,210,243,570,637,997,1566,1971,2238,2585,2069,1996,2032,2067,1975,1497,1061,895,775,470,212,0,0
2024,2024-05-05,Westbound,Heavy Vehicles,21,15,21,15,13,20,24,44,66,73,70,81,92,87,77,71,75,51,46,40,39,27,24,15,0,0
2024,2024-05-05,Westbound,All Vehicles,775,625,459,320,223,263,594,681,1063,1639,2041,2319,2677,2156,2073,2103,2142,2026,1543,1101,934,802,494,227,0,0
2024,2024-05-06,Westbound,Heavy Vehicles,4,9,12,15,26,60,148,178,235,295,256,262,311,258,297,356,236,158,87,50,45,27,20,14,0,0
2024,2024-05-06,Westbound,Light Vehicles,168,101,72,70,173,582,1437,2700,3161,2344,1942,1822,1935,1853,2131,2474,2566,2566,1796,1133,901,745,390,220,0,0
2024,2024-05-06,Westbound,All Vehicles,172,110,84,85,199,642,1585,2878,3396,2639,2198,2084,2246,2111,2428,2830,2802,2724,1883,1183,946,772,410,234,0,0
2024,2024-05-07,Westbound,Heavy Vehicles,9,4,9,8,31,53,149,190,230,283,232,356,327,339,295,392,251,177,96,45,36,43,29,18,0,0
2024,2024-05-07,Westbound,Light Vehicles,121,76,51,51,147,590,1583,2849,3248,2652,1976,2141,2139,2034,2281,2611,2617,2715,1985,1368,1149,940,599,289,0,0
2024,2024-05-07,Westbound,All Vehicles,130,80,60,59,178,643,1732,3039,3478,2935,2208,2497,2466,2373,2576,3003,2868,2892,2081,1413,1185,983,628,307,0,0
2024,2024-05-08,Westbound,Light Vehicles,148,92,67,66,166,608,1616,2681,3079,2785,2244,2215,2087,2129,2300,2753,2740,2637,2158,1448,1100,1037,729,404,0,0
2024,2024-05-08,Westbound,Heavy Vehicles,10,6,12,28,25,61,153,231,214,293,325,302,286,278,330,366,247,170,100,71,36,53,29,27,0,0
2024,2024-05-08,Westbound,All Vehicles,158,98,79,94,191,669,1769,2912,3293,3078,2569,2517,2373,2407,2630,3119,2987,2807,2258,1519,1136,1090,758,431,0,0
2024,2024-05-09,Westbound,Heavy Vehicles,15,19,20,37,35,62,157,194,222,286,323,304,317,288,310,391,252,173,87,68,49,60,35,23,0,0
2024,2024-05-09,Westbound,Light Vehicles,234,157,97,95,152,603,1544,2820,3080,2801,2257,2301,2264,2153,2389,2735,2731,2669,2356,1485,1218,1153,858,455,0,0
2024,2024-05-09,Westbound,All Vehicles,249,176,117,132,187,665,1701,3014,3302,3087,2580,2605,2581,2441,2699,3126,2983,2842,2443,1553,1267,1213,893,478,0,0
2024,2024-05-10,Westbound,Light Vehicles,258,184,143,139,160,575,1436,2385,2893,2525,2300,2439,2557,2424,2553,2782,2845,2881,2550,1607,1306,1293,1225,863,0,0
2024,2024-05-10,Westbound,Heavy Vehicles,16,22,23,36,35,58,165,235,244,296,287,374,299,325,293,296,239,168,111,66,54,44,33,28,0,0
2024,2024-05-10,Westbound,All Vehicles,274,206,166,175,195,633,1601,2620,3137,2821,2587,2813,2856,2749,2846,3078,3084,3049,2661,1673,1360,1337,1258,891,0,0
2024,2024-05-11,Westbound,Heavy Vehicles,28,7,8,13,19,28,48,101,130,128,127,140,117,123,111,104,120,79,65,64,33,58,48,37,0,0
2024,2024-05-11,Westbound,Light Vehicles,530,362,271,232,162,281,659,1051,1589,2159,2513,2661,2813,2786,2488,2388,2452,2642,2352,1596,1241,1092,1252,1141,0,0
2024,2024-05-11,Westbound,All Vehicles,558,369,279,245,181,309,707,1152,1719,2287,2640,2801,2930,2909,2599,2492,2572,2721,2417,1660,1274,1150,1300,1178,0,0
2024,2024-05-12,Westbound,Light Vehicles,809,570,493,309,198,204,412,638,1050,1689,2209,2635,2761,2345,2145,2361,2371,2305,1592,1133,949,771,444,225,0,0
2024,2024-05-12,Westbound,Heavy Vehicles,16,20,20,12,18,13,25,41,52,58,75,91,94,75,78,97,82,84,56,49,40,29,17,13,0,0
2024,2024-05-12,Westbound,All Vehicles,825,590,513,321,216,217,437,679,1102,1747,2284,2726,2855,2420,2223,2458,2453,2389,1648,1182,989,800,461,238,0,0
2024,2024-05-13,Westbound,Heavy Vehicles,6,9,8,13,26,58,135,193,221,280,312,259,258,301,314,350,248,165,88,65,41,23,28,13,0,0
2024,2024-05-13,Westbound,Light Vehicles,127,87,46,67,173,597,1469,2679,3009,2484,1993,1946,1836,1926,2128,2656,2415,2499,1772,1057,966,686,410,254,0,0
2024,2024-05-13,Westbound,All Vehicles,133,96,54,80,199,655,1604,2872,3230,2764,2305,2205,2094,2227,2442,3006,2663,2664,1860,1122,1007,709,438,267,0,0
2024,2024-05-14,Westbound,Light Vehicles,114,62,50,46,160,607,1646,2819,3178,2487,2049,2107,2129,2047,2243,2747,2744,2793,2037,1380,1095,943,656,339,0,0
2024,2024-05-14,Westbound,Heavy Vehicles,7,7,10,12,23,67,160,199,241,303,293,332,289,304,322,393,290,210,104,53,46,38,25,15,0,0
2024,2024-05-14,Westbound,All Vehicles,121,69,60,58,183,674,1806,3018,3419,2790,2342,2439,2418,2351,2565,3140,3034,3003,2141,1433,1141,981,681,354,0,0
2024,2024-05-15,Westbound,Light Vehicles,164,104,66,77,159,597,1647,2823,3209,2624,2149,2181,2182,2158,2368,2715,2811,2962,2261,1488,1135,1149,773,393,0,0
2024,2024-05-15,Westbound,Heavy Vehicles,9,8,16,19,26,54,183,234,239,259,313,341,322,309,353,368,293,206,93,55,44,42,32,22,0,0
2024,2024-05-15,Westbound,All Vehicles,173,112,82,96,185,651,1830,3057,3448,2883,2462,2522,2504,2467,2721,3083,3104,3168,2354,1543,1179,1191,805,415,0,0
2024,2024-05-16,Westbound,Light Vehicles,214,170,84,62,175,626,1568,2767,3144,2577,2160,2236,2248,2187,2554,2718,2848,2912,2469,1729,1323,1223,943,535,0,0
2024,2024-05-16,Westbound,Heavy Vehicles,5,14,14,11,16,61,181,217,249,296,301,326,326,281,341,357,288,188,109,62,38,40,34,20,0,0
2024,2024-05-16,Westbound,All Vehicles,219,184,98,73,191,687,1749,2984,3393,2873,2461,2562,2574,2468,2895,3075,3136,3100,2578,1791,1361,1263,977,555,0,0
2024,2024-05-17,Westbound,Heavy Vehicles,19,10,12,17,25,64,177,199,257,259,318,311,316,305,295,325,260,211,106,72,62,43,52,40,0,0
2024,2024-05-17,Westbound,Light Vehicles,273,208,115,105,172,587,1419,2437,2857,2477,2305,2444,2460,2343,2613,2761,2876,2936,2716,1819,1139,1263,1212,1038,0,0
2024,2024-05-17,Westbound,All Vehicles,292,218,127,122,197,651,1596,2636,3114,2736,2623,2755,2776,2648,2908,3086,3136,3147,2822,1891,1201,1306,1264,1078,0,0
2024,2024-05-18,Westbound,Heavy Vehicles,27,14,15,13,23,33,75,106,120,139,136,126,137,146,132,107,113,89,73,63,49,34,37,29,0,0
2024,2024-05-18,Westbound,Light Vehicles,595,460,288,228,193,297,777,1463,1855,2475,2635,2854,2562,2767,2628,2327,2301,2522,2399,1645,1270,1301,1314,1176,0,0
2024,2024-05-18,Westbound,All Vehicles,622,474,303,241,216,330,852,1569,1975,2614,2771,2980,2699,2913,2760,2434,2414,2611,2472,1708,1319,1335,1351,1205,0,0
2024,2024-05-19,Westbound,Light Vehicles,780,539,446,309,192,252,461,706,1146,1800,2137,2317,2614,2515,2309,2333,2411,2293,1715,1035,921,707,431,241,0,0
2024,2024-05-19,Westbound,Heavy Vehicles,19,16,17,12,12,20,40,49,53,62,77,98,89,78,90,76,94,86,62,48,26,22,15,13,0,0
2024,2024-05-19,Westbound,All Vehicles,799,555,463,321,204,272,501,755,1199,1862,2214,2415,2703,2593,2399,2409,2505,2379,1777,1083,947,729,446,254,0,0
2024,2024-05-20,Westbound,Light Vehicles,158,93,65,80,168,575,1447,2716,3014,2224,1898,1914,2028,1900,2212,2530,2421,2460,1668,1104,836,722,452,255,0,0
2024,2024-05-20,Westbound,Heavy Vehicles,8,17,7,16,22,63,173,212,227,272,284,310,296,302,298,369,254,155,84,67,41,28,51,36,0,0
2024,2024-05-20,Westbound,All Vehicles,166,110,72,96,190,638,1620,2928,3241,2496,2182,2224,2324,2202,2510,2899,2675,2615,1752,1171,877,750,503,291,0,0
2024,2024-05-21,Westbound,Heavy Vehicles,22,12,15,16,21,61,167,203,221,283,278,359,278,299,330,357,292,191,84,66,46,42,49,29,0,0
2024,2024-05-21,Westbound,Light Vehicles,152,83,57,64,179,607,1606,2786,3134,2494,2123,2095,2007,1921,2126,2583,2652,2677,1922,1271,1020,954,587,346,0,0
2024,2024-05-21,Westbound,All Vehicles,174,95,72,80,200,668,1773,2989,3355,2777,2401,2454,2285,2220,2456,2940,2944,2868,2006,1337,1066,996,636,375,0,0
2024,2024-05-22,Westbound,Light Vehicles,164,89,71,78,165,642,1595,2691,3111,2431,2106,2051,2039,2071,2292,2659,2715,2748,2123,1349,1095,982,776,502,0,0
2024,2024-05-22,Westbound,Heavy Vehicles,25,7,13,18,26,70,168,204,230,242,290,311,305,279,323,410,294,183,103,56,35,48,57,35,0,0
2024,2024-05-22,Westbound,All Vehicles,189,96,84,96,191,712,1763,2895,3341,2673,2396,2362,2344,2350,2615,3069,3009,2931,2226,1405,1130,1030,833,537,0,0
2024,2024-05-23,Westbound,Heavy Vehicles,25,14,11,26,26,65,182,221,227,253,284,329,336,313,367,315,288,210,102,54,66,58,52,48,0,0
2024,2024-05-23,Westbound,Light Vehicles,256,180,97,82,158,610,1552,2706,3082,2547,2136,2159,2161,2178,2340,2605,2813,2853,2318,1654,1262,1147,845,533,0,0
2024,2024-05-23,Westbound,All Vehicles,281,194,108,108,184,675,1734,2927,3309,2800,2420,2488,2497,2491,2707,2920,3101,3063,2420,1708,1328,1205,897,581,0,0
2024,2024-05-24,Westbound,Light Vehicles,275,175,114,109,178,594,1338,2372,2610,2239,2303,2391,2402,2352,2559,2953,2918,2802,2306,1554,1241,1258,1172,909,0,0
2024,2024-05-24,Westbound,Heavy Vehicles,32,17,10,20,27,63,154,228,235,268,323,342,343,305,342,315,240,176,99,61,47,46,31,31,0,0
2024,2024-05-24,Westbound,All Vehicles,307,192,124,129,205,657,1492,2600,2845,2507,2626,2733,2745,2657,2901,3268,3158,2978,2405,1615,1288,1304,1203,940,0,0
2024,2024-05-25,Westbound,Heavy Vehicles,20,17,9,15,14,37,80,105,146,149,140,150,170,154,143,140,112,105,81,65,50,42,42,40,0,0
2024,2024-05-25,Westbound,Light Vehicles,602,375,228,210,162,309,747,1425,1981,2541,2730,2734,2871,2812,2641,2470,2515,2617,2362,1721,1359,1371,1363,1214,0,0
2024,2024-05-25,Westbound,All Vehicles,622,392,237,225,176,346,827,1530,2127,2690,2870,2884,3041,2966,2784,2610,2627,2722,2443,1786,1409,1413,1405,1254,0,0
2024,2024-05-26,Westbound,Light Vehicles,823,630,501,359,209,241,430,663,1126,1841,2110,2317,2476,2421,2300,2404,2553,2316,1632,1081,909,705,510,272,0,0
2024,2024-05-26,Westbound,Heavy Vehicles,24,25,17,16,5,14,22,42,59,66,92,84,71,97,85,93,98,80,64,37,37,35,23,15,0,0
2024,2024-05-26,Westbound,All Vehicles,847,655,518,375,214,255,452,705,1185,1907,2202,2401,2547,2518,2385,2497,2651,2396,1696,1118,946,740,533,287,0,0
2024,2024-05-27,Westbound,Heavy Vehicles,6,8,11,20,34,63,160,177,225,271,307,321,311,278,287,369,266,160,86,48,44,34,26,15,0,0
2024,2024-05-27,Westbound,Light Vehicles,145,94,72,72,179,581,1414,2581,3043,2331,2020,2005,1950,1859,2143,2649,2555,2468,1779,1144,879,727,414,217,0,0
2024,2024-05-27,Westbound,All Vehicles,151,102,83,92,213,644,1574,2758,3268,2602,2327,2326,2261,2137,2430,3018,2821,2628,1865,1192,923,761,440,232,0,0
2024,2024-05-28,Westbound,Light Vehicles,94,74,55,48,146,622,1525,2776,3052,2461,1963,2002,2150,2044,2231,2685,2673,2656,1991,1261,1068,934,587,301,0,0
2024,2024-05-28,Westbound,Heavy Vehicles,7,11,18,14,22,69,168,206,223,273,277,326,293,296,321,368,272,200,80,54,42,34,27,16,0,0
2024,2024-05-28,Westbound,All Vehicles,101,85,73,62,168,691,1693,2982,3275,2734,2240,2328,2443,2340,2552,3053,2945,2856,2071,1315,1110,968,614,317,0,0
2024,2024-05-29,Westbound,Light Vehicles,127,79,74,56,152,612,1502,2697,3016,2609,2005,2117,2060,2131,2342,2705,2797,2810,2201,1357,1056,1034,762,382,0,0
2024,2024-05-29,Westbound,Heavy Vehicles,9,9,12,13,29,56,163,207,251,274,332,330,319,367,319,374,265,218,103,58,46,42,28,21,0,0
2024,2024-05-29,Westbound,All Vehicles,136,88,86,69,181,668,1665,2904,3267,2883,2337,2447,2379,2498,2661,3079,3062,3028,2304,1415,1102,1076,790,403,0,0
2024,2024-05-30,Westbound,Heavy Vehicles,6,6,10,14,25,68,159,228,266,304,233,322,300,344,301,359,294,179,128,62,52,45,37,28,0,0
2024,2024-05-30,Westbound,Light Vehicles,221,134,66,79,172,601,1480,2683,3097,2451,1738,2212,1845,2158,2436,2808,2806,2808,2247,1463,1291,1122,866,523,0,0
2024,2024-05-30,Westbound,All Vehicles,227,140,76,93,197,669,1639,2911,3363,2755,1971,2534,2145,2502,2737,3167,3100,2987,2375,1525,1343,1167,903,551,0,0
2024,2024-05-31,Westbound,Heavy Vehicles,17,19,8,14,34,62,156,217,255,301,276,345,326,311,336,319,288,201,104,70,51,48,39,37,0,0
2024,2024-05-31,Westbound,Light Vehicles,278,159,103,97,188,563,1357,2357,2796,2506,2383,2359,2540,2247,2576,2822,2837,2822,2497,1640,1240,1347,1211,910,0,0
2024,2024-05-31,Westbound,All Vehicles,295,178,111,111,222,625,1513,2574,3051,2807,2659,2704,2866,2558,2912,3141,3125,3023,2601,1710,1291,1395,1250,947,0,0
2024,2024-06-01,Westbound,Light Vehicles,561,421,287,197,164,335,743,1389,1850,2381,2588,2708,2346,2165,1922,1503,2403,2616,2147,1512,1104,1153,1158,981,0,0
2024,2024-06-01,Westbound,Heavy Vehicles,18,12,10,8,18,30,60,113,119,142,147,136,158,169,145,107,99,105,69,52,41,46,35,43,0,0
2024,2024-06-01,Westbound,All Vehicles,579,433,297,205,182,365,803,1502,1969,2523,2735,2844,2504,2334,2067,1610,2502,2721,2216,1564,1145,1199,1193,1024,0,0
2024,2024-06-02,Westbound,Light Vehicles,704,495,428,253,197,209,360,575,856,1514,2003,2330,2474,2165,2072,2118,2066,1970,1545,1088,988,739,513,269,0,0
2024,2024-06-02,Westbound,Heavy Vehicles,12,19,14,11,10,13,18,29,53,76,76,92,95,74,69,88,85,68,58,38,30,32,26,13,0,0
2024,2024-06-02,Westbound,All Vehicles,716,514,442,264,207,222,378,604,909,1590,2079,2422,2569,2239,2141,2206,2151,2038,1603,1126,1018,771,539,282,0,0
2024,2024-06-03,Westbound,Heavy Vehicles,3,1,6,4,5,13,35,33,38,70,66,83,87,71,78,83,49,51,26,12,14,8,7,4,0,0
2024,2024-06-03,Westbound,Light Vehicles,61,35,34,19,75,228,397,633,748,594,528,512,555,520,576,623,634,616,506,350,304,249,191,114,0,0
2024,2024-06-03,Westbound,All Vehicles,64,36,40,23,80,241,432,666,786,664,594,595,642,591,654,706,683,667,532,362,318,257,198,118,0,0
2024,2024-06-05,Westbound,Heavy Vehicles,16,9,12,19,25,63,187,222,210,291,312,334,301,307,361,377,271,188,106,71,30,34,37,25,0,0
2024,2024-06-05,Westbound,Light Vehicles,125,84,63,71,153,586,1476,2712,3151,2625,2147,2131,2202,1989,2416,2768,2727,2681,2208,1380,1025,935,877,490,0,0
2024,2024-06-05,Westbound,All Vehicles,141,93,75,90,178,649,1663,2934,3361,2916,2459,2465,2503,2296,2777,3145,2998,2869,2314,1451,1055,969,914,515,0,0
2024,2024-06-06,Westbound,Heavy Vehicles,11,10,9,12,19,60,144,192,254,234,300,307,328,281,306,346,210,146,83,53,31,42,33,21,0,0
2024,2024-06-06,Westbound,Light Vehicles,281,167,102,88,155,572,1414,2742,3102,2614,2136,2259,2309,2238,2337,2542,2689,2589,2106,1550,1209,976,821,502,0,0
2024,2024-06-06,Westbound,All Vehicles,292,177,111,100,174,632,1558,2934,3356,2848,2436,2566,2637,2519,2643,2888,2899,2735,2189,1603,1240,1018,854,523,0,0
2024,2024-06-07,Westbound,Light Vehicles,254,160,113,96,186,533,1282,2259,2588,2520,2263,2399,2454,2417,2496,2679,2613,2572,2190,1535,1090,1191,1097,812,0,0
2024,2024-06-07,Westbound,Heavy Vehicles,10,12,11,11,33,51,138,203,200,244,317,327,292,296,307,308,217,181,96,55,56,41,31,23,0,0
2024,2024-06-07,Westbound,All Vehicles,264,172,124,107,219,584,1420,2462,2788,2764,2580,2726,2746,2713,2803,2987,2830,2753,2286,1590,1146,1232,1128,835,0,0
2024,2024-06-08,Westbound,Light Vehicles,549,411,246,198,170,252,545,923,1365,2010,2309,2462,2576,2341,2378,2329,2229,2561,2118,1459,1284,1230,1297,1070,0,0
2024,2024-06-08,Westbound,Heavy Vehicles,17,13,9,6,17,25,59,75,103,120,143,130,140,129,109,111,109,102,69,56,35,43,38,34,0,0
2024,2024-06-08,Westbound,All Vehicles,566,424,255,204,187,277,604,998,1468,2130,2452,2592,2716,2470,2487,2440,2338,2663,2187,1515,1319,1273,1335,1104,0,0
2024,2024-06-09,Westbound,Light Vehicles,843,560,436,364,215,233,385,552,973,1497,1876,2160,2305,2106,2307,2143,2188,2241,2021,1373,1105,1050,1027,664,0,0
2024,2024-06-09,Westbound,Heavy Vehicles,25,18,12,12,10,9,21,38,60,67,78,94,85,78,88,79,104,74,58,48,41,29,43,24,0,0
2024,2024-06-09,Westbound,All Vehicles,868,578,448,376,225,242,406,590,1033,1564,1954,2254,2390,2184,2395,2222,2292,2315,2079,1421,1146,1079,1070,688,0,0
2024,2024-06-10,Westbound,Light Vehicles,507,367,230,188,155,180,312,456,745,1194,1582,1801,1958,1769,1814,1801,1688,1727,1115,839,658,554,332,180,0,0
2024,2024-06-10,Westbound,Heavy Vehicles,19,14,7,8,16,11,15,40,43,64,75,74,69,81,58,59,70,75,42,39,37,30,17,11,0,0
2024,2024-06-10,Westbound,All Vehicles,526,381,237,196,171,191,327,496,788,1258,1657,1875,2027,1850,1872,1860,1758,1802,1157,878,695,584,349,191,0,0
2024,2024-06-12,Westbound,Light Vehicles,127,79,71,69,153,587,1505,2773,3043,2496,2088,2112,2069,2092,2338,2699,2482,2760,2008,1329,1111,984,718,348,0,0
2024,2024-06-12,Westbound,Heavy Vehicles,8,17,12,22,30,59,149,202,241,274,307,327,300,314,373,374,301,189,109,49,47,29,32,17,0,0
2024,2024-06-12,Westbound,All Vehicles,135,96,83,91,183,646,1654,2975,3284,2770,2395,2439,2369,2406,2711,3073,2783,2949,2117,1378,1158,1013,750,365,0,0
2024,2024-06-13,Westbound,Light Vehicles,209,134,91,75,152,586,1447,2792,2994,2577,2155,2171,2180,2166,2430,2778,2706,2839,2164,1567,1266,1193,915,510,0,0
2024,2024-06-13,Westbound,Heavy Vehicles,8,10,9,17,29,66,169,225,242,267,313,344,335,304,348,405,277,191,118,74,49,39,35,21,0,0
2024,2024-06-13,Westbound,All Vehicles,217,144,100,92,181,652,1616,3017,3236,2844,2468,2515,2515,2470,2778,3183,2983,3030,2282,1641,1315,1232,950,531,0,0
2024,2024-06-14,Westbound,Light Vehicles,271,136,102,89,159,566,1363,2483,2801,2494,2279,2426,2180,2245,2383,2423,2576,2519,2266,1589,1150,1183,1120,809,0,0
2024,2024-06-14,Westbound,Heavy Vehicles,15,10,12,18,24,49,172,219,266,317,330,337,274,286,271,256,216,148,99,54,39,37,38,27,0,0
2024,2024-06-14,Westbound,All Vehicles,286,146,114,107,183,615,1535,2702,3067,2811,2609,2763,2454,2531,2654,2679,2792,2667,2365,1643,1189,1220,1158,836,0,0
2024,2024-06-15,Westbound,Light Vehicles,499,368,241,168,149,280,645,1135,1596,2085,2438,2557,2869,2672,2491,2336,2210,2576,2444,1692,1209,1290,1382,1156,0,0
2024,2024-06-15,Westbound,Heavy Vehicles,13,10,10,10,12,27,62,96,100,134,149,134,130,125,133,106,87,85,76,46,52,44,36,33,0,0
2024,2024-06-15,Westbound,All Vehicles,512,378,251,178,161,307,707,1231,1696,2219,2587,2691,2999,2797,2624,2442,2297,2661,2520,1738,1261,1334,1418,1189,0,0
2024,2024-06-16,Westbound,Light Vehicles,795,618,455,318,234,231,375,680,995,1712,2193,2417,2617,2421,2345,2491,2603,2329,1720,1000,859,641,493,249,0,0
2024,2024-06-16,Westbound,Heavy Vehicles,18,19,10,8,12,14,29,51,58,81,109,90,83,84,103,90,77,78,64,56,30,27,31,12,0,0
2024,2024-06-16,Westbound,All Vehicles,813,637,465,326,246,245,404,731,1053,1793,2302,2507,2700,2505,2448,2581,2680,2407,1784,1056,889,668,524,261,0,0
2024,2024-06-18,Westbound,Light Vehicles,106,75,53,52,148,605,1497,2769,3208,2450,1981,1391,,,,,2279,2772,1944,1166,1024,883,562,260,0,0
2024,2024-06-18,Westbound,Heavy Vehicles,9,16,17,12,19,57,155,219,220,271,315,227,,,,,254,182,96,46,55,34,14,14,0,0
2024,2024-06-18,Westbound,All Vehicles,115,91,70,64,167,662,1652,2988,3428,2721,2296,1618,,,,,2533,2954,2040,1212,1079,917,576,274,0,0
2024,2024-06-19,Westbound,Heavy Vehicles,8,11,4,21,24,60,156,234,232,266,317,338,328,300,356,380,271,192,100,67,49,33,32,16,0,0
2024,2024-06-19,Westbound,Light Vehicles,131,101,55,62,137,595,1501,2616,3134,2530,2074,2151,2064,2107,2341,2739,2680,2816,2023,1324,1056,988,689,325,0,0
2024,2024-06-19,Westbound,All Vehicles,139,112,59,83,161,655,1657,2850,3366,2796,2391,2489,2392,2407,2697,3119,2951,3008,2123,1391,1105,1021,721,341,0,0
2024,2024-06-20,Westbound,Light Vehicles,169,168,81,72,158,577,1528,2651,3142,2600,2157,2199,2217,2084,2382,999,2807,2893,2202,1558,1230,1197,806,463,0,0
2024,2024-06-20,Westbound,Heavy Vehicles,5,13,13,15,21,68,152,206,232,292,313,341,338,342,350,127,286,201,111,68,58,36,34,29,0,0
2024,2024-06-20,Westbound,All Vehicles,174,181,94,87,179,645,1680,2857,3374,2892,2470,2540,2555,2426,2732,1126,3093,3094,2313,1626,1288,1233,840,492,0,0
2024,2024-06-22,Westbound,Heavy Vehicles,11,13,7,9,15,28,54,97,114,135,143,130,129,123,106,100,96,76,66,40,42,42,21,27,0,0
2024,2024-06-22,Westbound,Light Vehicles,544,379,270,197,178,271,648,1051,1489,1993,2196,2389,2585,2500,2242,2245,2024,2395,1959,1286,1223,1191,1186,983,0,0
2024,2024-06-22,Westbound,All Vehicles,555,392,277,206,193,299,702,1148,1603,2128,2339,2519,2714,2623,2348,2345,2120,2471,2025,1326,1265,1233,1207,1010,0,0
2024,2024-06-23,Westbound,Light Vehicles,728,592,442,271,211,205,320,561,884,1505,1988,2171,2481,1009,139,2127,2157,2070,1490,959,846,740,473,264,0,0
2024,2024-06-23,Westbound,Heavy Vehicles,24,6,13,9,10,14,19,34,46,79,89,105,86,45,9,73,86,74,57,29,38,29,20,18,0,0
2024,2024-06-23,Westbound,All Vehicles,752,598,455,280,221,219,339,595,930,1584,2077,2276,2567,1054,148,2200,2243,2144,1547,988,884,769,493,282,0,0
2024,2024-06-24,Westbound,Heavy Vehicles,4,6,8,7,17,36,97,130,159,191,194,211,212,212,211,237,176,137,57,32,26,23,13,9,0,0
2024,2024-06-24,Westbound,Light Vehicles,91,69,42,42,130,324,835,1535,1723,1412,1171,1185,1200,1208,1303,1558,1530,1545,1112,648,531,466,278,170,0,0
2024,2024-06-24,Westbound,All Vehicles,95,75,50,49,147,360,932,1665,1882,1603,1365,1396,1412,1420,1514,1795,1706,1682,1169,680,557,489,291,179,0,0
2024,2024-06-26,Westbound,Heavy Vehicles,,,,,,,,115,261,278,332,336,362,327,365,407,303,210,94,61,55,52,44,22,0,0
2024,2024-06-26,Westbound,Light Vehicles,,,,,,,,1414,2977,2557,2040,1983,2136,2075,2227,2696,2773,2672,2004,1334,1080,964,898,443,0,0
2024,2024-06-26,Westbound,All Vehicles,,,,,,,,1529,3238,2835,2372,2319,2498,2402,2592,3103,3076,2882,2098,1395,1135,1016,942,465,0,0
2024,2024-06-27,Westbound,Light Vehicles,225,182,107,97,158,554,1464,2525,3101,2570,2033,2151,2238,2127,2430,2685,2842,2595,2166,1504,1199,1197,840,476,0,0
2024,2024-06-27,Westbound,Heavy Vehicles,13,15,17,27,34,70,143,216,226,296,306,342,312,351,344,400,307,209,100,62,51,60,34,27,0,0
2024,2024-06-27,Westbound,All Vehicles,238,197,124,124,192,624,1607,2741,3327,2866,2339,2493,2550,2478,2774,3085,3149,2804,2266,1566,1250,1257,874,503,0,0
2024,2024-06-28,Westbound,Heavy Vehicles,16,14,12,26,29,57,160,225,245,260,338,344,320,338,317,361,299,185,103,71,42,35,35,18,0,0
2024,2024-06-28,Westbound,Light Vehicles,270,166,105,108,159,572,1320,2334,2588,2332,2120,2363,2406,2310,2515,2778,2747,2638,2291,1549,1164,1179,1078,827,0,0
2024,2024-06-28,Westbound,All Vehicles,286,180,117,134,188,629,1480,2559,2833,2592,2458,2707,2726,2648,2832,3139,3046,2823,2394,1620,1206,1214,1113,845,0,0
2024,2024-06-29,Westbound,Light Vehicles,589,388,285,209,172,315,624,1040,1485,2051,2331,2519,2628,2688,2612,2361,2458,2932,2352,1529,1217,1288,1261,1006,0,0
2024,2024-06-29,Westbound,Heavy Vehicles,20,18,11,13,14,29,68,98,133,131,177,163,152,164,156,143,119,106,91,52,43,32,33,26,0,0
2024,2024-06-29,Westbound,All Vehicles,609,406,296,222,186,344,692,1138,1618,2182,2508,2682,2780,2852,2768,2504,2577,3038,2443,1581,1260,1320,1294,1032,0,0
2024,2024-06-30,Westbound,Light Vehicles,686,519,427,314,220,233,288,565,976,1542,1953,2131,2344,2080,1914,1952,2103,1890,1334,898,882,736,429,242,0,0
2024,2024-06-30,Westbound,Heavy Vehicles,21,16,14,11,15,10,30,37,45,70,100,76,100,83,81,81,84,66,53,42,37,31,17,12,0,0
2024,2024-06-30,Westbound,All Vehicles,707,535,441,325,235,243,318,602,1021,1612,2053,2207,2444,2163,1995,2033,2187,1956,1387,940,919,767,446,254,0,0
2024,2024-07-01,Westbound,Heavy Vehicles,6,4,11,18,25,55,164,190,242,234,288,306,278,266,365,407,224,150,90,47,38,40,42,39,0,0
2024,2024-07-01,Westbound,Light Vehicles,137,77,70,69,162,534,1310,2290,2628,2221,1852,1916,1867,1851,2193,2664,2274,2162,1575,1063,787,637,364,233,0,0
2024,2024-07-01,Westbound,All Vehicles,143,81,81,87,187,589,1474,2480,2870,2455,2140,2222,2145,2117,2558,3071,2498,2312,1665,1110,825,677,406,272,0,0
2024,2024-07-03,Westbound,Heavy Vehicles,17,10,10,17,25,50,150,204,260,289,306,316,334,304,338,402,290,133,82,43,40,25,49,43,0,0
2024,2024-07-03,Westbound,Light Vehicles,163,92,53,62,161,525,1337,2319,2675,2453,1966,2048,2154,2109,2332,2718,2437,2476,1866,1223,996,968,717,360,0,0
2024,2024-07-03,Westbound,All Vehicles,180,102,63,79,186,575,1487,2523,2935,2742,2272,2364,2488,2413,2670,3120,2727,2609,1948,1266,1036,993,766,403,0,0
2024,2024-07-04,Westbound,Heavy Vehicles,36,15,15,14,22,45,143,233,258,307,304,337,346,324,375,403,279,184,90,55,49,44,47,37,0,0
2024,2024-07-04,Westbound,Light Vehicles,231,157,88,69,155,521,1337,2326,2823,2428,2070,2170,2231,2098,2369,2701,2541,2503,2024,1335,1133,982,802,443,0,0
2024,2024-07-04,Westbound,All Vehicles,267,172,103,83,177,566,1480,2559,3081,2735,2374,2507,2577,2422,2744,3104,2820,2687,2114,1390,1182,1026,849,480,0,0
2024,2024-07-05,Westbound,Heavy Vehicles,21,11,5,19,19,54,153,190,260,287,335,326,360,295,329,368,249,155,99,44,59,47,42,19,0,0
2024,2024-07-05,Westbound,Light Vehicles,236,155,126,100,185,509,1241,2009,2346,2355,2182,2364,2432,2281,2463,2699,2538,2421,2164,1499,1071,1158,1076,783,0,0
2024,2024-07-05,Westbound,All Vehicles,257,166,131,119,204,563,1394,2199,2606,2642,2517,2690,2792,2576,2792,3067,2787,2576,2263,1543,1130,1205,1118,802,0,0
2024,2024-07-06,Westbound,Light Vehicles,525,376,255,193,172,271,580,892,1353,1906,2303,2529,2639,2673,2419,2432,2399,2546,2186,1536,1124,1185,1533,1108,0,0
2024,2024-07-06,Westbound,Heavy Vehicles,19,13,16,5,10,20,55,105,107,129,141,154,140,158,148,111,117,99,71,54,39,41,51,34,0,0
2024,2024-07-06,Westbound,All Vehicles,544,389,271,198,182,291,635,997,1460,2035,2444,2683,2779,2831,2567,2543,2516,2645,2257,1590,1163,1226,1584,1142,0,0
2024,2024-07-07,Westbound,Heavy Vehicles,26,16,13,9,19,14,26,26,41,70,83,110,100,81,68,66,98,74,43,40,39,28,18,10,0,0
2024,2024-07-07,Westbound,Light Vehicles,772,568,467,270,229,249,394,560,896,1503,1908,2118,2393,2132,2108,2070,2384,2141,1423,901,788,729,479,230,0,0
2024,2024-07-07,Westbound,All Vehicles,798,584,480,279,248,263,420,586,937,1573,1991,2228,2493,2213,2176,2136,2482,2215,1466,941,827,757,497,240,0,0
2024,2024-07-08,Westbound,Heavy Vehicles,7,7,10,13,23,58,158,200,229,279,278,295,325,324,337,388,245,150,98,39,30,29,19,18,0,0
2024,2024-07-08,Westbound,Light Vehicles,121,79,68,72,150,513,1285,2082,2636,2249,1893,1825,1954,1830,2097,2503,2210,2137,1536,958,693,607,392,200,0,0
2024,2024-07-08,Westbound,All Vehicles,128,86,78,85,173,571,1443,2282,2865,2528,2171,2120,2279,2154,2434,2891,2455,2287,1634,997,723,636,411,218,0,0
2024,2024-07-09,Westbound,Light Vehicles,105,69,60,52,128,548,1330,2267,2817,2351,2001,1908,1956,1980,2074,2599,2354,2362,1674,1022,869,809,522,233,0,0
2024,2024-07-09,Westbound,Heavy Vehicles,10,6,10,13,15,71,153,207,237,278,329,301,305,299,308,386,263,174,78,61,47,29,23,12,0,0
2024,2024-07-09,Westbound,All Vehicles,115,75,70,65,143,619,1483,2474,3054,2629,2330,2209,2261,2279,2382,2985,2617,2536,1752,1083,916,838,545,245,0,0
2024,2024-07-10,Westbound,Heavy Vehicles,13,8,5,16,17,44,162,223,273,299,329,309,300,325,332,406,285,171,93,54,41,33,36,18,0,0
2024,2024-07-10,Westbound,Light Vehicles,112,68,72,64,130,513,1303,2222,2679,2439,2146,2150,2054,2011,2384,2772,2581,2525,1942,1194,999,924,705,305,0,0
2024,2024-07-10,Westbound,All Vehicles,125,76,77,80,147,557,1465,2445,2952,2738,2475,2459,2354,2336,2716,3178,2866,2696,2035,1248,1040,957,741,323,0,0
2024,2024-07-11,Westbound,Heavy Vehicles,12,5,14,13,31,54,156,236,266,262,321,313,332,305,336,384,285,212,104,63,53,46,25,20,0,0
2024,2024-07-11,Westbound,Light Vehicles,175,150,67,67,159,548,1271,2162,2747,2445,2067,2125,2196,2059,2420,2871,2479,2515,2062,1272,1153,1080,733,477,0,0
2024,2024-07-11,Westbound,All Vehicles,187,155,81,80,190,602,1427,2398,3013,2707,2388,2438,2528,2364,2756,3255,2764,2727,2166,1335,1206,1126,758,497,0,0
2024,2024-07-12,Westbound,Light Vehicles,238,120,116,95,166,532,1192,1896,2442,2339,2093,2238,2423,2293,2467,2811,2657,2680,2217,1536,1187,1105,1052,816,0,0
2024,2024-07-12,Westbound,Heavy Vehicles,7,10,4,17,18,53,162,222,258,298,316,325,310,337,330,382,263,148,82,56,50,37,47,33,0,0
2024,2024-07-12,Westbound,All Vehicles,245,130,120,112,184,585,1354,2118,2700,2637,2409,2563,2733,2630,2797,3193,2920,2828,2299,1592,1237,1142,1099,849,0,0
2024,2024-07-13,Westbound,Light Vehicles,496,337,242,181,140,278,605,961,1362,1894,2292,2381,2756,2676,2348,2210,2431,2947,2128,1573,1204,1144,1207,1011,0,0
2024,2024-07-13,Westbound,Heavy Vehicles,14,9,4,9,15,23,60,102,128,124,150,135,178,153,132,112,120,135,64,47,44,55,42,32,0,0
2024,2024-07-13,Westbound,All Vehicles,510,346,246,190,155,301,665,1063,1490,2018,2442,2516,2934,2829,2480,2322,2551,3082,2192,1620,1248,1199,1249,1043,0,0
2024,2024-07-14,Westbound,Heavy Vehicles,34,4,9,8,15,10,28,46,56,63,84,109,100,99,81,82,94,81,52,39,24,29,17,16,0,0
2024,2024-07-14,Westbound,Light Vehicles,731,509,385,274,202,192,383,610,979,1528,1993,2169,2341,2184,2212,2336,2203,2099,1547,988,884,691,407,258,0,0
2024,2024-07-14,Westbound,All Vehicles,765,513,394,282,217,202,411,656,1035,1591,2077,2278,2441,2283,2293,2418,2297,2180,1599,1027,908,720,424,274,0,0
2024,2024-07-15,Westbound,Light Vehicles,120,82,80,81,216,538,1116,2246,2575,2141,1884,1823,1907,1774,2054,2510,2157,2158,1483,965,776,648,378,199,0,0
2024,2024-07-15,Westbound,Heavy Vehicles,7,6,11,13,28,48,132,198,266,265,272,308,297,250,318,370,224,150,75,42,40,37,20,13,0,0
2024,2024-07-15,Westbound,All Vehicles,127,88,91,94,244,586,1248,2444,2841,2406,2156,2131,2204,2024,2372,2880,2381,2308,1558,1007,816,685,398,212,0,0
2024,2024-07-16,Westbound,Light Vehicles,91,62,57,42,139,540,1349,2260,2861,2418,2050,2025,1973,1905,2114,2579,2477,2514,1677,1145,895,803,504,296,0,0
2024,2024-07-16,Westbound,Heavy Vehicles,11,5,6,17,20,49,140,223,257,317,333,346,314,301,321,394,271,160,93,53,59,29,22,18,0,0
2024,2024-07-16,Westbound,All Vehicles,102,67,63,59,159,589,1489,2483,3118,2735,2383,2371,2287,2206,2435,2973,2748,2674,1770,1198,954,832,526,314,0,0
2024,2024-07-17,Westbound,Light Vehicles,134,82,70,67,126,537,1369,2223,2758,2518,2101,2018,2019,2040,2295,2727,2491,2433,1771,1250,876,813,865,454,0,0
2024,2024-07-17,Westbound,Heavy Vehicles,9,6,10,25,16,66,162,210,226,296,304,346,295,296,364,379,259,165,89,60,34,27,50,15,0,0
2024,2024-07-17,Westbound,All Vehicles,143,88,80,92,142,603,1531,2433,2984,2814,2405,2364,2314,2336,2659,3106,2750,2598,1860,1310,910,840,915,469,0,0
2024,2024-07-18,Westbound,Light Vehicles,240,170,97,56,144,532,1271,2182,2857,2551,2119,2074,2263,2040,2268,2796,2677,2680,2089,1383,1117,1118,785,447,0,0
2024,2024-07-18,Westbound,Heavy Vehicles,10,8,8,11,23,61,159,243,223,285,312,324,333,344,392,414,285,188,94,68,37,44,28,26,0,0
2024,2024-07-18,Westbound,All Vehicles,250,178,105,67,167,593,1430,2425,3080,2836,2431,2398,2596,2384,2660,3210,2962,2868,2183,1451,1154,1162,813,473,0,0
2024,2024-07-19,Westbound,Heavy Vehicles,13,15,9,19,25,46,149,217,264,303,298,334,324,334,356,391,297,156,84,63,54,44,38,25,0,0
2024,2024-07-19,Westbound,Light Vehicles,228,151,91,83,168,542,1219,1860,2488,2263,2182,2291,2380,2341,2544,2882,2669,2674,2207,1530,1175,1130,1094,757,0,0
2024,2024-07-19,Westbound,All Vehicles,241,166,100,102,193,588,1368,2077,2752,2566,2480,2625,2704,2675,2900,3273,2966,2830,2291,1593,1229,1174,1132,782,0,0
2024,2024-07-20,Westbound,Heavy Vehicles,18,19,5,19,11,23,61,101,138,149,141,170,164,153,132,132,116,84,79,65,42,36,41,34,0,0
2024,2024-07-20,Westbound,Light Vehicles,510,331,252,152,164,259,550,982,1428,2063,2336,2497,2660,2644,2467,2371,2358,2507,2380,1549,1173,1247,1261,991,0,0
2024,2024-07-20,Westbound,All Vehicles,528,350,257,171,175,282,611,1083,1566,2212,2477,2667,2824,2797,2599,2503,2474,2591,2459,1614,1215,1283,1302,1025,0,0
2024,2024-07-21,Westbound,Heavy Vehicles,20,13,14,10,13,16,24,36,62,82,87,120,98,81,70,87,79,76,51,52,34,36,20,16,0,0
2024,2024-07-21,Westbound,Light Vehicles,695,494,418,282,193,216,332,576,1028,1586,2012,2185,2411,2184,2197,2273,2373,2295,1549,1004,827,717,456,261,0,0
2024,2024-07-21,Westbound,All Vehicles,715,507,432,292,206,232,356,612,1090,1668,2099,2305,2509,2265,2267,2360,2452,2371,1600,1056,861,753,476,277,0,0
2024,2024-07-22,Westbound,Light Vehicles,135,83,67,74,161,530,1295,2387,2697,2167,1907,1833,1939,1802,2183,2617,2480,2437,1679,1138,814,643,396,234,0,0
2024,2024-07-22,Westbound,Heavy Vehicles,7,7,14,14,20,61,159,241,260,274,307,324,314,321,315,374,252,166,103,49,52,33,23,21,0,0
2024,2024-07-22,Westbound,All Vehicles,142,90,81,88,181,591,1454,2628,2957,2441,2214,2157,2253,2123,2498,2991,2732,2603,1782,1187,866,676,419,255,0,0
2024,2024-07-23,Westbound,Heavy Vehicles,12,10,17,15,16,63,148,273,252,331,327,379,345,362,352,364,287,215,89,65,44,43,26,21,0,0
2024,2024-07-23,Westbound,Light Vehicles,107,81,45,55,148,583,1459,2595,3149,2517,1907,2034,2035,2013,2236,2717,2696,2649,1917,1277,1118,856,558,275,0,0
2024,2024-07-23,Westbound,All Vehicles,119,91,62,70,164,646,1607,2868,3401,2848,2234,2413,2380,2375,2588,3081,2983,2864,2006,1342,1162,899,584,296,0,0
2024,2024-07-24,Westbound,Light Vehicles,159,79,67,71,163,576,1538,2677,3128,2379,2022,2017,2078,2077,2323,2759,2674,2748,2066,1338,1035,974,731,412,0,0
2024,2024-07-24,Westbound,Heavy Vehicles,11,8,8,19,22,50,158,255,251,319,318,368,359,345,359,391,332,209,94,52,39,48,30,32,0,0
2024,2024-07-24,Westbound,All Vehicles,170,87,75,90,185,626,1696,2932,3379,2698,2340,2385,2437,2422,2682,3150,3006,2957,2160,1390,1074,1022,761,444,0,0
2024,2024-07-25,Westbound,Heavy Vehicles,18,19,13,13,25,61,167,213,252,265,338,373,342,329,354,346,321,212,105,61,54,34,39,21,0,0
2024,2024-07-25,Westbound,Light Vehicles,219,149,71,68,168,568,1460,2610,3068,2583,2247,2058,2255,2119,2324,2756,2866,2705,2208,1528,1269,1134,840,503,0,0
2024,2024-07-25,Westbound,All Vehicles,237,168,84,81,193,629,1627,2823,3320,2848,2585,2431,2597,2448,2678,3102,3187,2917,2313,1589,1323,1168,879,524,0,0
2024,2024-07-26,Westbound,Heavy Vehicles,17,6,10,15,21,47,152,210,266,296,322,354,335,336,339,361,274,207,118,65,44,45,34,30,0,0
2024,2024-07-26,Westbound,Light Vehicles,259,139,123,99,178,541,1365,2309,2818,2435,2137,2252,2391,2292,2625,2820,2873,2977,2449,1573,1164,1142,1089,786,0,0
2024,2024-07-26,Westbound,All Vehicles,276,145,133,114,199,588,1517,2519,3084,2731,2459,2606,2726,2628,2964,3181,3147,3184,2567,1638,1208,1187,1123,816,0,0
2024,2024-07-27,Westbound,Heavy Vehicles,21,10,10,15,13,32,66,114,119,143,134,165,133,149,157,127,113,122,79,59,51,45,64,21,0,0
2024,2024-07-27,Westbound,Light Vehicles,529,338,255,166,151,297,754,1420,1923,2242,2493,2586,2833,2570,2626,2336,2272,2803,2362,1718,1255,1299,1610,1103,0,0
2024,2024-07-27,Westbound,All Vehicles,550,348,265,181,164,329,820,1534,2042,2385,2627,2751,2966,2719,2783,2463,2385,2925,2441,1777,1306,1344,1674,1124,0,0
2024,2024-07-28,Westbound,Light Vehicles,766,614,474,367,208,232,375,757,1143,1777,1989,2268,2460,2244,2180,2223,2229,2202,1892,1147,866,726,452,240,0,0
2024,2024-07-28,Westbound,Heavy Vehicles,28,23,13,15,19,21,23,50,62,79,89,110,104,78,77,104,90,74,63,43,30,25,23,14,0,0
2024,2024-07-28,Westbound,All Vehicles,794,637,487,382,227,253,398,807,1205,1856,2078,2378,2564,2322,2257,2327,2319,2276,1955,1190,896,751,475,254,0,0
2024,2024-07-29,Westbound,Light Vehicles,154,103,68,61,162,525,1293,2510,3024,2299,1847,1792,1917,1832,2130,2631,2439,2432,1704,1072,871,672,372,199,0,0
2024,2024-07-29,Westbound,Heavy Vehicles,7,6,13,8,25,57,123,206,240,286,319,283,306,310,365,391,272,165,82,46,38,28,18,17,0,0
2024,2024-07-29,Westbound,All Vehicles,161,109,81,69,187,582,1416,2716,3264,2585,2166,2075,2223,2142,2495,3022,2711,2597,1786,1118,909,700,390,216,0,0
2024,2024-07-30,Westbound,Heavy Vehicles,7,10,5,11,21,59,147,225,204,304,322,347,328,287,327,380,244,169,81,57,43,42,24,18,0,0
2024,2024-07-30,Westbound,Light Vehicles,112,69,42,47,155,573,1418,2457,2928,2746,2004,1883,2004,2018,2243,2618,2603,2617,1878,1278,1012,892,506,301,0,0
2024,2024-07-30,Westbound,All Vehicles,119,79,47,58,176,632,1565,2682,3132,3050,2326,2230,2332,2305,2570,2998,2847,2786,1959,1335,1055,934,530,319,0,0
2024,2024-07-31,Westbound,Light Vehicles,128,82,59,50,158,579,1410,2674,3040,2474,2077,2078,2085,2094,2284,2639,2742,2618,2142,1344,1061,978,743,331,0,0
2024,2024-07-31,Westbound,Heavy Vehicles,7,9,10,9,17,62,154,190,211,267,313,345,311,320,314,392,268,187,116,51,37,31,32,17,0,0
2024,2024-07-31,Westbound,All Vehicles,135,91,69,59,175,641,1564,2864,3251,2741,2390,2423,2396,2414,2598,3031,3010,2805,2258,1395,1098,1009,775,348,0,0
2024,2024-08-01,Westbound,Heavy Vehicles,12,11,11,16,32,46,169,178,245,301,316,328,342,304,327,376,302,154,105,59,46,37,39,21,0,0
2024,2024-08-01,Westbound,Light Vehicles,174,151,85,71,156,576,1348,2445,3050,2694,2120,2118,2204,2044,2247,2613,2852,2579,2200,1589,1105,1080,798,468,0,0
2024,2024-08-01,Westbound,All Vehicles,186,162,96,87,188,622,1517,2623,3295,2995,2436,2446,2546,2348,2574,2989,3154,2733,2305,1648,1151,1117,837,489,0,0
2024,2024-08-02,Westbound,Light Vehicles,260,150,114,89,181,546,1378,2295,2738,2421,2177,2464,2373,2292,2506,2875,2866,2767,2375,1607,1218,1158,1117,785,0,0
2024,2024-08-02,Westbound,Heavy Vehicles,17,19,15,18,22,51,145,200,239,283,321,365,312,307,316,313,253,196,107,66,50,39,27,20,0,0
2024,2024-08-02,Westbound,All Vehicles,277,169,129,107,203,597,1523,2495,2977,2704,2498,2829,2685,2599,2822,3188,3119,2963,2482,1673,1268,1197,1144,805,0,0
2024,2024-08-03,Westbound,Light Vehicles,503,306,243,174,157,292,739,1246,1786,2435,2632,2685,2770,2862,2675,2598,2667,2935,2411,1635,1289,1297,1291,1040,0,0
2024,2024-08-03,Westbound,Heavy Vehicles,16,12,6,12,14,24,66,100,124,148,163,168,170,152,127,126,129,124,59,47,44,29,37,29,0,0
2024,2024-08-03,Westbound,All Vehicles,519,318,249,186,171,316,805,1346,1910,2583,2795,2853,2940,3014,2802,2724,2796,3059,2470,1682,1333,1326,1328,1069,0,0
2024,2024-08-04,Westbound,Heavy Vehicles,13,13,11,7,7,16,23,40,60,61,85,97,113,83,67,69,95,74,58,40,28,24,26,18,0,0
2024,2024-08-04,Westbound,Light Vehicles,794,558,500,313,223,220,360,732,957,1606,2064,2232,2504,2176,2202,2128,2216,2011,1457,1025,863,668,436,263,0,0
2024,2024-08-04,Westbound,All Vehicles,807,571,511,320,230,236,383,772,1017,1667,2149,2329,2617,2259,2269,2197,2311,2085,1515,1065,891,692,462,281,0,0
2024,2024-08-05,Westbound,Light Vehicles,131,87,74,69,170,560,1308,2505,3001,2302,1994,1839,1998,1898,2228,2637,2458,2446,1651,1060,801,631,458,225,0,0
2024,2024-08-05,Westbound,Heavy Vehicles,11,11,23,24,28,51,157,189,233,285,288,312,324,270,291,377,227,173,93,39,39,38,34,44,0,0
2024,2024-08-05,Westbound,All Vehicles,142,98,97,93,198,611,1465,2694,3234,2587,2282,2151,2322,2168,2519,3014,2685,2619,1744,1099,840,669,492,269,0,0
2024,2024-08-06,Westbound,Heavy Vehicles,17,3,8,6,14,37,97,126,135,174,169,217,165,214,187,232,141,113,52,36,25,16,29,32,0,0
2024,2024-08-06,Westbound,Light Vehicles,64,37,35,35,98,394,1013,1796,2034,1740,1323,1250,1290,1316,1506,1774,1743,1704,1281,830,758,596,391,212,0,0
2024,2024-08-06,Westbound,All Vehicles,81,40,43,41,112,431,1110,1922,2169,1914,1492,1467,1455,1530,1693,2006,1884,1817,1333,866,783,612,420,244,0,0
2024,2024-08-07,Westbound,Heavy Vehicles,31,12,15,11,30,50,151,186,220,274,296,289,317,267,343,367,275,175,97,48,39,31,40,38,0,0
2024,2024-08-07,Westbound,Light Vehicles,146,108,54,62,144,554,1472,2728,3121,2571,2153,2124,2005,2004,2295,2661,2735,2797,2091,1335,1052,872,731,401,0,0
2024,2024-08-07,Westbound,All Vehicles,177,120,69,73,174,604,1623,2914,3341,2845,2449,2413,2322,2271,2638,3028,3010,2972,2188,1383,1091,903,771,439,0,0
2024,2024-08-08,Westbound,Light Vehicles,171,104,103,67,150,537,1434,2754,3140,2577,2100,2156,2234,2184,2378,2796,2799,2987,2309,1446,1150,1097,821,524,0,0
2024,2024-08-08,Westbound,Heavy Vehicles,28,12,28,22,28,51,140,208,234,291,303,355,339,303,322,391,297,195,104,65,53,58,43,43,0,0
2024,2024-08-08,Westbound,All Vehicles,199,116,131,89,178,588,1574,2962,3374,2868,2403,2511,2573,2487,2700,3187,3096,3182,2413,1511,1203,1155,864,567,0,0
2024,2024-08-09,Westbound,Heavy Vehicles,27,15,15,24,34,55,152,226,278,265,327,331,329,305,324,362,264,186,98,73,47,30,31,45,0,0
2024,2024-08-09,Westbound,Light Vehicles,255,159,116,99,163,550,1355,2427,2807,2508,2240,2357,2558,2303,2574,2779,2905,2859,2530,1736,1262,1275,1153,916,0,0
2024,2024-08-09,Westbound,All Vehicles,282,174,131,123,197,605,1507,2653,3085,2773,2567,2688,2887,2608,2898,3141,3169,3045,2628,1809,1309,1305,1184,961,0,0
2024,2024-08-10,Westbound,Light Vehicles,583,412,254,209,158,284,682,1350,1918,2473,2728,2862,2945,2701,2899,2802,2769,3012,2519,1714,1264,1256,1281,1085,0,0
2024,2024-08-10,Westbound,Heavy Vehicles,17,15,4,13,15,44,79,125,140,183,165,188,168,183,157,147,156,128,101,80,70,64,50,58,0,0
2024,2024-08-10,Westbound,All Vehicles,600,427,258,222,173,328,761,1475,2058,2656,2893,3050,3113,2884,3056,2949,2925,3140,2620,1794,1334,1320,1331,1143,0,0
2024,2024-08-11,Westbound,Light Vehicles,761,507,427,274,219,237,7,84,237,182,48,491,1943,2625,2447,2288,2085,2058,1631,1133,968,734,494,284,0,0
2024,2024-08-11,Westbound,Heavy Vehicles,30,35,12,7,13,22,6,78,247,168,5,31,81,105,114,104,79,83,60,48,43,31,26,13,0,0
2024,2024-08-11,Westbound,All Vehicles,791,542,439,281,232,259,13,162,484,350,53,522,2024,2730,2561,2392,2164,2141,1691,1181,1011,765,520,297,0,0
2024,2024-08-12,Westbound,Heavy Vehicles,10,4,10,11,20,54,133,169,224,297,277,312,281,296,331,356,272,176,91,53,38,35,18,16,0,0
2024,2024-08-12,Westbound,Light Vehicles,166,93,93,74,162,546,1329,2660,2980,2448,1997,1877,2023,1812,2136,2553,2311,2333,1751,1090,861,639,423,218,0,0
2024,2024-08-12,Westbound,All Vehicles,176,97,103,85,182,600,1462,2829,3204,2745,2274,2189,2304,2108,2467,2909,2583,2509,1842,1143,899,674,441,234,0,0
2024,2024-08-13,Westbound,Heavy Vehicles,10,7,11,21,14,53,140,179,212,262,300,330,314,327,319,354,255,147,96,54,49,38,27,16,0,0
2024,2024-08-13,Westbound,Light Vehicles,105,84,71,73,137,535,1380,2709,3114,2637,2091,2018,2039,2031,2180,2643,2462,2555,2060,1247,956,851,533,277,0,0
2024,2024-08-13,Westbound,All Vehicles,115,91,82,94,151,588,1520,2888,3326,2899,2391,2348,2353,2358,2499,2997,2717,2702,2156,1301,1005,889,560,293,0,0
2024,2024-08-14,Westbound,Light Vehicles,132,88,59,61,138,539,1464,2649,3207,2650,2072,2184,2182,2023,2196,2532,2584,2682,2171,1352,1066,1015,705,373,0,0
2024,2024-08-14,Westbound,Heavy Vehicles,9,9,8,10,15,50,159,230,222,255,288,327,319,306,273,315,224,141,78,70,39,31,43,23,0,0
2024,2024-08-14,Westbound,All Vehicles,141,97,67,71,153,589,1623,2879,3429,2905,2360,2511,2501,2329,2469,2847,2808,2823,2249,1422,1105,1046,748,396,0,0
2024,2024-08-15,Westbound,Heavy Vehicles,8,11,10,9,15,49,120,200,238,264,334,382,309,312,322,355,246,173,95,56,50,45,36,23,0,0
2024,2024-08-15,Westbound,Light Vehicles,204,154,75,69,157,552,1474,2710,3143,2640,2084,2133,2173,2145,2312,2820,2558,2599,2159,1582,1202,1117,822,542,0,0
2024,2024-08-15,Westbound,All Vehicles,212,165,85,78,172,601,1594,2910,3381,2904,2418,2515,2482,2457,2634,3175,2804,2772,2254,1638,1252,1162,858,565,0,0
2024,2024-08-16,Westbound,Heavy Vehicles,14,6,14,7,27,60,121,223,254,276,316,310,326,289,330,365,264,182,111,67,45,46,46,32,0,0
2024,2024-08-16,Westbound,Light Vehicles,277,166,120,99,154,547,1347,2443,2770,2481,2220,2308,2467,2413,2597,2690,2915,2786,2627,1583,1275,1213,1358,874,0,0
2024,2024-08-16,Westbound,All Vehicles,291,172,134,106,181,607,1468,2666,3024,2757,2536,2618,2793,2702,2927,3055,3179,2968,2738,1650,1320,1259,1404,906,0,0
2024,2024-08-17,Westbound,Heavy Vehicles,13,7,5,16,18,19,55,98,125,110,148,134,88,151,128,106,100,115,82,50,38,35,32,42,0,0
2024,2024-08-17,Westbound,Light Vehicles,562,375,257,186,141,292,595,1244,1750,2080,2406,2494,1742,2514,2515,2415,2473,2671,2508,1630,1394,1262,1379,1212,0,0
2024,2024-08-17,Westbound,All Vehicles,575,382,262,202,159,311,650,1342,1875,2190,2554,2628,1830,2665,2643,2521,2573,2786,2590,1680,1432,1297,1411,1254,0,0
2024,2024-08-18,Westbound,Heavy Vehicles,20,12,9,11,5,10,25,41,66,71,97,82,99,85,82,82,76,81,55,45,31,40,15,16,0,0
2024,2024-08-18,Westbound,Light Vehicles,851,648,574,373,296,222,397,721,1122,1773,2174,2145,2479,2312,2109,2108,2042,1950,1503,1022,897,789,451,235,0,0
2024,2024-08-18,Westbound,All Vehicles,871,660,583,384,301,232,422,762,1188,1844,2271,2227,2578,2397,2191,2190,2118,2031,1558,1067,928,829,466,251,0,0
2024,2024-08-19,Westbound,Heavy Vehicles,8,11,13,10,28,44,151,162,236,297,330,336,338,279,378,400,264,174,82,60,43,23,22,13,0,0
2024,2024-08-19,Westbound,Light Vehicles,154,102,88,65,172,503,1365,2244,3006,2396,1895,1868,2001,1825,2158,2544,2351,2331,1761,1126,830,654,392,212,0,0
2024,2024-08-19,Westbound,All Vehicles,162,113,101,75,200,547,1516,2406,3242,2693,2225,2204,2339,2104,2536,2944,2615,2505,1843,1186,873,677,414,225,0,0
2024,2024-08-22,Westbound,Heavy Vehicles,9,6,8,11,24,58,176,196,244,300,342,360,321,343,355,365,285,209,98,69,53,47,32,24,0,0
2024,2024-08-22,Westbound,Light Vehicles,211,148,98,74,154,570,1457,2684,3108,2655,2166,2135,2271,2140,2328,2830,2691,2556,2274,1606,1202,1094,745,492,0,0
2024,2024-08-22,Westbound,All Vehicles,220,154,106,85,178,628,1633,2880,3352,2955,2508,2495,2592,2483,2683,3195,2976,2765,2372,1675,1255,1141,777,516,0,0
2024,2024-08-23,Westbound,Light Vehicles,280,183,107,88,173,557,1436,2393,2827,2442,2277,2367,2453,2255,2617,2718,2759,2751,2429,1607,1237,1156,1085,852,0,0
2024,2024-08-23,Westbound,Heavy Vehicles,10,9,6,17,16,64,181,203,232,296,339,323,324,306,377,354,277,197,89,58,62,39,40,26,0,0
2024,2024-08-23,Westbound,All Vehicles,290,192,113,105,189,621,1617,2596,3059,2738,2616,2690,2777,2561,2994,3072,3036,2948,2518,1665,1299,1195,1125,878,0,0
2024,2024-08-24,Westbound,Light Vehicles,549,360,224,188,196,345,731,1265,1795,2243,2586,2663,2696,2735,2548,2652,2664,2897,2822,1972,1399,1353,1628,1377,0,0
2024,2024-08-24,Westbound,Heavy Vehicles,22,11,5,13,20,41,99,120,140,153,164,158,147,188,178,146,156,153,111,74,72,62,69,60,0,0
2024,2024-08-24,Westbound,All Vehicles,571,371,229,201,216,386,830,1385,1935,2396,2750,2821,2843,2923,2726,2798,2820,3050,2933,2046,1471,1415,1697,1437,0,0
2024,2024-08-25,Westbound,Light Vehicles,908,641,582,350,258,283,436,727,1157,1762,2156,2298,2498,2227,2147,2252,2110,1952,1618,970,906,777,506,248,0,0
2024,2024-08-25,Westbound,Heavy Vehicles,42,41,17,17,18,38,45,72,71,82,121,122,112,114,101,100,96,93,77,63,60,52,36,35,0,0
2024,2024-08-25,Westbound,All Vehicles,950,682,599,367,276,321,481,799,1228,1844,2277,2420,2610,2341,2248,2352,2206,2045,1695,1033,966,829,542,283,0,0
2024,2024-08-26,Westbound,Light Vehicles,130,79,56,65,149,543,1452,2651,3084,2309,1958,1942,1864,1982,2172,2676,2528,2348,1874,1134,885,685,417,205,0,0
2024,2024-08-26,Westbound,Heavy Vehicles,22,23,13,13,21,59,150,186,220,269,326,318,317,306,331,419,253,180,88,55,44,32,17,16,0,0
2024,2024-08-26,Westbound,All Vehicles,152,102,69,78,170,602,1602,2837,3304,2578,2284,2260,2181,2288,2503,3095,2781,2528,1962,1189,929,717,434,221,0,0
2024,2024-08-27,Westbound,Light Vehicles,43,23,23,19,42,158,483,962,1028,850,712,678,683,698,783,938,883,944,697,415,337,242,168,80,0,0
2024,2024-08-27,Westbound,Heavy Vehicles,2,3,2,3,8,24,67,60,90,127,125,135,126,134,157,157,118,65,44,20,14,12,8,4,0,0
2024,2024-08-27,Westbound,All Vehicles,45,26,25,22,50,182,550,1022,1118,977,837,813,809,832,940,1095,1001,1009,741,435,351,254,176,84,0,0
2024,2024-08-28,Westbound,Heavy Vehicles,7,9,6,15,18,57,170,194,242,291,336,366,334,327,370,349,255,178,108,65,50,37,29,20,0,0
2024,2024-08-28,Westbound,Light Vehicles,142,90,64,61,141,601,1512,2750,3081,2573,2039,2138,2251,2178,2365,2705,2737,2670,2157,1465,1102,1023,761,377,0,0
2024,2024-08-28,Westbound,All Vehicles,149,99,70,76,159,658,1682,2944,3323,2864,2375,2504,2585,2505,2735,3054,2992,2848,2265,1530,1152,1060,790,397,0,0
2024,2024-08-29,Westbound,Heavy Vehicles,28,9,10,12,24,67,159,213,246,276,281,311,348,359,362,387,279,203,107,78,60,44,33,21,0,0
2024,2024-08-29,Westbound,Light Vehicles,234,144,99,65,146,600,1445,2613,3115,2617,2189,2144,2209,2157,2459,2808,2711,2834,2377,1549,1325,1213,869,488,0,0
2024,2024-08-29,Westbound,All Vehicles,262,153,109,77,170,667,1604,2826,3361,2893,2470,2455,2557,2516,2821,3195,2990,3037,2484,1627,1385,1257,902,509,0,0
2024,2024-08-30,Westbound,Light Vehicles,288,160,135,107,178,541,1340,2296,2730,2583,2340,2375,2394,2453,2632,2611,2733,2846,2728,1720,1324,1221,1147,893,0,0
2024,2024-08-30,Westbound,Heavy Vehicles,7,7,7,10,20,64,163,211,272,303,303,341,334,340,324,302,274,188,135,72,54,45,37,27,0,0
2024,2024-08-30,Westbound,All Vehicles,295,167,142,117,198,605,1503,2507,3002,2886,2643,2716,2728,2793,2956,2913,3007,3034,2863,1792,1378,1266,1184,920,0,0
2024,2024-08-31,Westbound,Light Vehicles,566,370,256,213,184,366,740,1223,1851,2306,2616,2651,2752,2677,2630,2589,2578,2756,2701,1751,1350,1334,1366,1194,0,0
2024,2024-08-31,Westbound,Heavy Vehicles,15,12,7,8,16,25,67,98,121,143,156,158,177,159,147,142,119,125,109,66,50,48,50,46,0,0
2024,2024-08-31,Westbound,All Vehicles,581,382,263,221,200,391,807,1321,1972,2449,2772,2809,2929,2836,2777,2731,2697,2881,2810,1817,1400,1382,1416,1240,0,0
2024,2024-09-01,Westbound,Heavy Vehicles,27,11,12,10,10,20,24,41,52,86,106,103,99,96,95,96,102,110,86,58,50,40,17,15,0,0
2024,2024-09-01,Westbound,Light Vehicles,849,595,492,305,243,244,463,739,1200,1811,2171,2539,2497,2298,2423,2525,2547,2534,2193,1301,1078,831,479,255,0,0
2024,2024-09-01,Westbound,All Vehicles,876,606,504,315,253,264,487,780,1252,1897,2277,2642,2596,2394,2518,2621,2649,2644,2279,1359,1128,871,496,270,0,0
2024,2024-09-02,Westbound,Heavy Vehicles,16,7,5,12,17,59,162,196,243,284,315,320,323,267,329,380,257,168,97,49,45,27,20,15,0,0
2024,2024-09-02,Westbound,Light Vehicles,128,81,67,63,155,585,1400,2535,3055,2334,1914,1912,1911,1871,2129,2599,2400,2293,1758,1072,812,658,416,203,0,0
2024,2024-09-02,Westbound,All Vehicles,144,88,72,75,172,644,1562,2731,3298,2618,2229,2232,2234,2138,2458,2979,2657,2461,1855,1121,857,685,436,218,0,0
2024,2024-09-03,Westbound,Heavy Vehicles,9,7,7,7,19,54,181,220,228,292,,358,318,299,326,375,269,182,98,53,54,36,34,18,0,0
2024,2024-09-03,Westbound,Light Vehicles,92,76,53,59,141,574,1567,2802,3127,2618,,2016,2025,2074,2226,2725,2603,2628,1956,1299,1008,879,591,267,0,0
2024,2024-09-03,Westbound,All Vehicles,101,83,60,66,160,628,1748,3022,3355,2910,,2374,2343,2373,2552,3100,2872,2810,2054,1352,1062,915,625,285,0,0
2024,2024-09-04,Westbound,Heavy Vehicles,15,11,4,13,12,72,174,201,258,257,333,344,339,352,362,367,276,169,102,55,40,30,31,22,0,0
2024,2024-09-04,Westbound,Light Vehicles,131,92,65,62,153,605,1428,2723,3093,2412,2153,2206,2175,2142,2277,2712,2743,2713,2252,1418,1085,1010,696,367,0,0
2024,2024-09-04,Westbound,All Vehicles,146,103,69,75,165,677,1602,2924,3351,2669,2486,2550,2514,2494,2639,3079,3019,2882,2354,1473,1125,1040,727,389,0,0
2024,2024-09-05,Westbound,Heavy Vehicles,8,7,4,11,22,58,156,212,229,262,319,346,352,342,353,360,267,189,103,77,52,45,36,21,0,0
2024,2024-09-05,Westbound,Light Vehicles,207,126,91,60,150,612,1556,2742,3106,2569,2106,2197,2252,2195,2389,2780,2776,2844,2287,1495,1257,1148,843,449,0,0
2024,2024-09-05,Westbound,All Vehicles,215,133,95,71,172,670,1712,2954,3335,2831,2425,2543,2604,2537,2742,3140,3043,3033,2390,1572,1309,1193,879,470,0,0
2024,2024-09-06,Westbound,Light Vehicles,261,144,111,99,173,591,1439,2524,2784,2456,2280,2420,2495,2327,2547,2790,2536,2398,2724,1749,1292,1285,1187,972,0,0
2024,2024-09-06,Westbound,Heavy Vehicles,15,6,8,14,20,64,161,231,259,295,323,343,345,339,315,315,213,154,118,73,52,46,36,35,0,0
2024,2024-09-06,Westbound,All Vehicles,276,150,119,113,193,655,1600,2755,3043,2751,2603,2763,2840,2666,2862,3105,2749,2552,2842,1822,1344,1331,1223,1007,0,0
2024,2024-09-07,Westbound,Heavy Vehicles,12,15,6,16,12,32,84,112,128,140,149,148,156,151,143,138,105,93,76,62,68,48,40,33,0,0
2024,2024-09-07,Westbound,Light Vehicles,600,376,247,187,158,309,686,1250,1762,2342,2519,2666,2577,2557,2680,2911,2427,2423,2638,2040,1343,1210,1443,1046,0,0
2024,2024-09-07,Westbound,All Vehicles,612,391,253,203,170,341,770,1362,1890,2482,2668,2814,2733,2708,2823,3049,2532,2516,2714,2102,1411,1258,1483,1079,0,0
2024,2024-09-08,Westbound,Heavy Vehicles,19,18,11,8,10,11,30,44,57,62,74,88,89,80,90,99,72,73,80,39,39,28,22,14,0,0
2024,2024-09-08,Westbound,Light Vehicles,896,700,559,290,200,215,430,749,1114,1767,2126,2383,2531,2315,2414,2313,2337,2240,1959,1178,936,695,491,220,0,0
2024,2024-09-08,Westbound,All Vehicles,915,718,570,298,210,226,460,793,1171,1829,2200,2471,2620,2395,2504,2412,2409,2313,2039,1217,975,723,513,234,0,0
2024,2024-09-09,Westbound,Heavy Vehicles,8,5,11,11,26,75,155,213,259,257,323,320,323,292,324,375,266,155,94,51,41,42,38,29,0,0
2024,2024-09-09,Westbound,Light Vehicles,123,90,59,64,171,578,1465,2686,3033,2275,1994,1931,1932,1975,2256,2655,2496,2447,1855,1192,858,655,421,219,0,0
2024,2024-09-09,Westbound,All Vehicles,131,95,70,75,197,653,1620,2899,3292,2532,2317,2251,2255,2267,2580,3030,2762,2602,1949,1243,899,697,459,248,0,0
2024,2024-09-10,Westbound,Heavy Vehicles,18,6,13,8,21,65,176,220,253,327,319,327,364,340,362,357,271,180,75,50,51,33,40,31,0,0
2024,2024-09-10,Westbound,Light Vehicles,129,64,71,53,159,584,1490,2760,3160,2458,2142,2098,2021,1942,2322,2698,2635,2540,2053,1244,1025,820,567,280,0,0
2024,2024-09-10,Westbound,All Vehicles,147,70,84,61,180,649,1666,2980,3413,2785,2461,2425,2385,2282,2684,3055,2906,2720,2128,1294,1076,853,607,311,0,0
2024,2024-09-11,Westbound,Heavy Vehicles,19,4,8,20,15,66,169,207,243,307,313,345,309,314,357,376,282,169,107,69,46,54,32,16,0,0
2024,2024-09-11,Westbound,Light Vehicles,123,81,77,72,135,607,1554,2657,3061,2399,2140,2009,2029,2073,2458,2736,2783,2692,2169,1362,1095,981,711,363,0,0
2024,2024-09-11,Westbound,All Vehicles,142,85,85,92,150,673,1723,2864,3304,2706,2453,2354,2338,2387,2815,3112,3065,2861,2276,1431,1141,1035,743,379,0,0
2024,2024-09-12,Westbound,Light Vehicles,201,146,77,65,162,624,1483,2675,3120,2558,2159,2156,2214,2145,2456,2646,2729,2585,2351,1543,1204,1111,823,470,0,0
2024,2024-09-12,Westbound,Heavy Vehicles,8,8,8,10,19,66,169,210,233,272,321,348,352,332,372,341,292,171,95,65,56,45,38,30,0,0
2024,2024-09-12,Westbound,All Vehicles,209,154,85,75,181,690,1652,2885,3353,2830,2480,2504,2566,2477,2828,2987,3021,2756,2446,1608,1260,1156,861,500,0,0
2024,2024-09-13,Westbound,Light Vehicles,248,166,109,88,176,612,1350,2308,2807,2398,2305,2320,2391,2427,2591,2713,2643,2775,2506,1687,1206,1162,1149,847,0,0
2024,2024-09-13,Westbound,Heavy Vehicles,10,12,17,8,23,68,156,221,248,274,337,371,335,330,352,329,259,166,102,67,42,45,38,30,0,0
2024,2024-09-13,Westbound,All Vehicles,258,178,126,96,199,680,1506,2529,3055,2672,2642,2691,2726,2757,2943,3042,2902,2941,2608,1754,1248,1207,1187,877,0,0
2024,2024-09-14,Westbound,Heavy Vehicles,16,8,12,10,13,27,63,107,133,154,148,165,97,24,,60,120,95,95,52,51,37,39,37,0,0
2024,2024-09-14,Westbound,Light Vehicles,553,360,295,184,187,352,692,1195,1634,2157,2463,2610,1985,439,,1477,2752,2767,2631,1891,1350,1290,1318,1223,0,0
2024,2024-09-14,Westbound,All Vehicles,569,368,307,194,200,379,755,1302,1767,2311,2611,2775,2082,463,,1537,2872,2862,2726,1943,1401,1327,1357,1260,0,0
2024,2024-09-15,Westbound,Light Vehicles,852,603,468,336,303,594,834,1218,1663,2403,2814,2576,2684,2641,2240,2051,1986,1871,1538,1075,949,731,471,248,0,0
2024,2024-09-15,Westbound,Heavy Vehicles,25,19,16,13,16,34,52,91,101,127,130,99,101,101,95,88,85,61,60,33,41,28,14,19,0,0
2024,2024-09-15,Westbound,All Vehicles,877,622,484,349,319,628,886,1309,1764,2530,2944,2675,2785,2742,2335,2139,2071,1932,1598,1108,990,759,485,267,0,0
2024,2024-09-16,Westbound,Light Vehicles,153,78,67,75,175,587,1517,2597,2966,2313,1858,1891,1953,1944,2226,2675,2462,2470,1826,1155,856,664,401,215,0,0
2024,2024-09-16,Westbound,Heavy Vehicles,6,3,6,13,25,68,147,201,241,292,303,311,324,263,328,359,270,165,99,44,26,36,33,24,0,0
2024,2024-09-16,Westbound,All Vehicles,159,81,73,88,200,655,1664,2798,3207,2605,2161,2202,2277,2207,2554,3034,2732,2635,1925,1199,882,700,434,239,0,0
2024,2024-09-17,Westbound,Heavy Vehicles,8,14,10,17,32,65,183,210,239,280,304,313,317,336,343,358,264,171,107,59,44,42,31,23,0,0
2024,2024-09-17,Westbound,Light Vehicles,97,73,63,81,141,601,1555,2796,2993,2512,1889,1971,2060,2022,2404,2580,2673,2628,2149,1286,1004,824,616,309,0,0
2024,2024-09-17,Westbound,All Vehicles,105,87,73,98,173,666,1738,3006,3232,2792,2193,2284,2377,2358,2747,2938,2937,2799,2256,1345,1048,866,647,332,0,0
2024,2024-09-18,Westbound,Heavy Vehicles,13,5,12,17,37,76,190,219,249,293,66,239,,,122,392,273,175,126,74,56,44,36,23,0,0
2024,2024-09-18,Westbound,Light Vehicles,171,85,70,71,170,610,1499,2630,3071,2593,670,1582,,,997,2679,2691,2805,2395,1438,1212,1049,765,391,0,0
2024,2024-09-18,Westbound,All Vehicles,184,90,82,88,207,686,1689,2849,3320,2886,736,1821,,,1119,3071,2964,2980,2521,1512,1268,1093,801,414,0,0
2024,2024-09-19,Westbound,Heavy Vehicles,17,16,19,35,47,75,170,211,244,179,327,342,358,339,385,339,262,201,108,54,48,59,43,32,0,0
2024,2024-09-19,Westbound,Light Vehicles,238,157,100,105,195,609,1520,2586,3042,1620,2141,2209,2290,2162,2566,2734,2804,2683,2513,1519,1304,1300,956,566,0,0
2024,2024-09-19,Westbound,All Vehicles,255,173,119,140,242,684,1690,2797,3286,1799,2468,2551,2648,2501,2951,3073,3066,2884,2621,1573,1352,1359,999,598,0,0
2024,2024-09-20,Westbound,Light Vehicles,271,162,122,95,183,605,1424,2338,2729,2450,2228,2294,2569,2424,2657,2786,2906,2874,2680,2008,1301,1256,1485,1107,0,0
2024,2024-09-20,Westbound,Heavy Vehicles,14,6,7,19,25,65,182,200,232,296,313,325,322,303,347,352,250,170,117,71,63,54,44,37,0,0
2024,2024-09-20,Westbound,All Vehicles,285,168,129,114,208,670,1606,2538,2961,2746,2541,2619,2891,2727,3004,3138,3156,3044,2797,2079,1364,1310,1529,1144,0,0
2024,2024-09-21,Westbound,Heavy Vehicles,15,17,13,15,13,29,74,128,138,134,162,174,177,160,148,135,109,109,81,71,50,57,59,43,0,0
2024,2024-09-21,Westbound,Light Vehicles,654,478,316,211,181,346,701,1360,1831,2222,2481,2583,2753,2738,2921,2597,2528,2780,2669,2125,1506,1507,1913,1351,0,0
2024,2024-09-21,Westbound,All Vehicles,669,495,329,226,194,375,775,1488,1969,2356,2643,2757,2930,2898,3069,2732,2637,2889,2750,2196,1556,1564,1972,1394,0,0
2024,2024-09-22,Westbound,Heavy Vehicles,18,15,13,12,13,23,23,59,62,72,111,102,70,72,89,98,82,75,68,42,49,31,24,8,0,0
2024,2024-09-22,Westbound,Light Vehicles,1031,815,630,331,276,298,440,704,1170,1738,2072,2256,2398,2229,2294,2283,2290,2313,1891,1153,1035,757,531,272,0,0
2024,2024-09-22,Westbound,All Vehicles,1049,830,643,343,289,321,463,763,1232,1810,2183,2358,2468,2301,2383,2381,2372,2388,1959,1195,1084,788,555,280,0,0
2024,2024-09-23,Westbound,Light Vehicles,153,100,70,75,189,633,1525,2606,2972,2176,1868,1937,2053,1987,2340,2660,2564,2498,1974,1183,875,705,434,234,0,0
2024,2024-09-23,Westbound,Heavy Vehicles,9,1,14,15,23,79,177,209,247,285,287,339,328,287,333,425,279,159,104,65,44,34,26,11,0,0
2024,2024-09-23,Westbound,All Vehicles,162,101,84,90,212,712,1702,2815,3219,2461,2155,2276,2381,2274,2673,3085,2843,2657,2078,1248,919,739,460,245,0,0
2024,2024-09-24,Westbound,Light Vehicles,116,90,60,55,149,628,1658,2727,3126,2421,2085,2076,2144,2085,2316,2798,2525,2496,1995,1221,960,886,556,285,0,0
2024,2024-09-24,Westbound,Heavy Vehicles,13,5,10,11,25,71,194,231,269,291,315,299,335,336,386,396,278,170,84,54,64,38,34,22,0,0
2024,2024-09-24,Westbound,All Vehicles,129,95,70,66,174,699,1852,2958,3395,2712,2400,2375,2479,2421,2702,3194,2803,2666,2079,1275,1024,924,590,307,0,0
2024,2024-09-25,Westbound,Light Vehicles,154,78,70,67,186,594,1557,2770,3101,2425,2179,2236,2233,2101,2377,2856,2799,2516,2174,1424,1143,1041,694,413,0,0
2024,2024-09-25,Westbound,Heavy Vehicles,12,7,7,16,24,72,191,225,247,283,327,326,335,297,328,374,305,176,107,59,61,45,37,31,0,0
2024,2024-09-25,Westbound,All Vehicles,166,85,77,83,210,666,1748,2995,3348,2708,2506,2562,2568,2398,2705,3230,3104,2692,2281,1483,1204,1086,731,444,0,0
2024,2024-09-26,Westbound,Light Vehicles,200,156,74,83,139,570,1422,2664,2929,2639,2163,2140,2229,2158,2205,2557,2414,2541,2138,1442,1244,1125,764,454,0,0
2024,2024-09-26,Westbound,Heavy Vehicles,16,11,15,26,24,56,171,214,206,249,286,297,256,230,290,271,191,132,96,47,49,46,50,28,0,0
2024,2024-09-26,Westbound,All Vehicles,216,167,89,109,163,626,1593,2878,3135,2888,2449,2437,2485,2388,2495,2828,2605,2673,2234,1489,1293,1171,814,482,0,0
2024,2024-09-27,Westbound,Heavy Vehicles,22,12,13,22,26,61,170,197,231,279,322,312,295,317,291,346,232,148,96,68,46,24,46,29,0,0
2024,2024-09-27,Westbound,Light Vehicles,276,182,137,96,182,577,1400,2329,2610,2408,2235,2344,2399,2376,2623,2890,2681,2645,2326,1617,1171,1086,1114,832,0,0
2024,2024-09-27,Westbound,All Vehicles,298,194,150,118,208,638,1570,2526,2841,2687,2557,2656,2694,2693,2914,3236,2913,2793,2422,1685,1217,1110,1160,861,0,0
2024,2024-09-28,Westbound,Light Vehicles,546,346,285,203,179,332,682,998,1580,2103,2292,2513,2658,2677,2549,2250,2174,2400,2401,1694,1294,1297,1402,1196,0,0
2024,2024-09-28,Westbound,Heavy Vehicles,17,13,9,9,18,31,93,102,109,134,130,153,165,151,127,123,104,98,80,47,44,62,44,31,0,0
2024,2024-09-28,Westbound,All Vehicles,563,359,294,212,197,363,775,1100,1689,2237,2422,2666,2823,2828,2676,2373,2278,2498,2481,1741,1338,1359,1446,1227,0,0
2024,2024-09-29,Westbound,Light Vehicles,862,671,521,340,252,264,400,625,1067,1658,2096,2250,2283,2019,1904,2127,1975,1962,1432,1040,860,747,484,259,0,0
2024,2024-09-29,Westbound,Heavy Vehicles,31,16,10,11,15,18,27,46,47,89,65,109,92,69,69,90,76,62,46,46,57,30,16,23,0,0
2024,2024-09-29,Westbound,All Vehicles,893,687,531,351,267,282,427,671,1114,1747,2161,2359,2375,2088,1973,2217,2051,2024,1478,1086,917,777,500,282,0,0
2024,2024-09-30,Westbound,Light Vehicles,162,98,68,60,155,587,1407,2341,2730,2288,1987,1959,2057,1932,2070,2634,2198,2216,1713,1068,847,653,432,225,0,0
2024,2024-09-30,Westbound,Heavy Vehicles,2,3,5,15,24,57,183,196,242,266,291,297,300,272,286,387,264,152,96,63,35,36,27,15,0,0
2024,2024-09-30,Westbound,All Vehicles,164,101,73,75,179,644,1590,2537,2972,2554,2278,2256,2357,2204,2356,3021,2462,2368,1809,1131,882,689,459,240,0,0
2024,2024-10-01,Westbound,Heavy Vehicles,11,5,13,13,18,69,188,219,244,273,314,389,326,322,341,398,242,211,113,66,45,35,29,16,0,0
2024,2024-10-01,Westbound,Light Vehicles,119,66,49,55,160,570,1505,2450,2984,2495,2021,2085,2170,2068,2350,2773,2489,2457,1983,1267,969,852,544,305,0,0
2024,2024-10-01,Westbound,All Vehicles,130,71,62,68,178,639,1693,2669,3228,2768,2335,2474,2496,2390,2691,3171,2731,2668,2096,1333,1014,887,573,321,0,0
2024,2024-10-02,Westbound,Light Vehicles,135,100,70,66,167,625,1493,2413,2908,2388,2155,2028,2104,2073,2297,2764,2534,2416,2042,1293,1071,1230,923,411,0,0
2024,2024-10-02,Westbound,Heavy Vehicles,7,10,11,15,19,66,170,218,243,287,296,334,324,329,362,415,258,182,85,68,54,37,24,28,0,0
2024,2024-10-02,Westbound,All Vehicles,142,110,81,81,186,691,1663,2631,3151,2675,2451,2362,2428,2402,2659,3179,2792,2598,2127,1361,1125,1267,947,439,0,0
2024,2024-10-03,Westbound,Light Vehicles,193,150,69,79,149,588,1464,2171,2638,2379,2065,2066,2072,2141,2418,2781,2488,2587,2221,1521,1246,1216,847,463,0,0
2024,2024-10-03,Westbound,Heavy Vehicles,14,6,8,14,19,58,161,211,225,305,344,365,333,351,374,434,255,189,119,83,54,48,41,21,0,0
2024,2024-10-03,Westbound,All Vehicles,207,156,77,93,168,646,1625,2382,2863,2684,2409,2431,2405,2492,2792,3215,2743,2776,2340,1604,1300,1264,888,484,0,0
2024,2024-10-04,Westbound,Heavy Vehicles,12,9,11,22,22,58,175,227,268,290,312,350,281,328,352,350,224,164,93,56,53,33,43,30,0,0
2024,2024-10-04,Westbound,Light Vehicles,279,171,118,103,186,628,1337,2016,2377,2333,2371,2382,2486,2503,2642,2769,2492,2541,2277,1172,1165,1119,1115,753,0,0
2024,2024-10-04,Westbound,All Vehicles,291,180,129,125,208,686,1512,2243,2645,2623,2683,2732,2767,2831,2994,3119,2716,2705,2370,1228,1218,1152,1158,783,0,0
2024,2024-10-05,Westbound,Light Vehicles,541,374,248,217,182,323,622,1023,643,2008,2387,2338,2434,2417,2338,2366,2200,2293,2205,1572,1139,1296,1291,1039,0,0
2024,2024-10-05,Westbound,Heavy Vehicles,19,7,8,10,12,31,61,102,56,116,155,132,154,139,123,117,116,99,82,54,46,44,37,40,0,0
2024,2024-10-05,Westbound,All Vehicles,560,381,256,227,194,354,683,1125,699,2124,2542,2470,2588,2556,2461,2483,2316,2392,2287,1626,1185,1340,1328,1079,0,0
2024,2024-10-06,Westbound,Heavy Vehicles,32,17,,,,,,,,,,85,83,76,95,79,92,91,62,51,37,49,46,29,0,0
2024,2024-10-06,Westbound,Light Vehicles,739,639,,,,,,,,,,1991,2244,2089,2239,2346,2464,2452,2197,1715,1300,1346,1528,1032,0,0
2024,2024-10-06,Westbound,All Vehicles,771,656,,,,,,,,,,2076,2327,2165,2334,2425,2556,2543,2259,1766,1337,1395,1574,1061,0,0
2024,2024-10-07,Westbound,Light Vehicles,794,411,309,250,219,231,445,598,933,1330,1737,1950,2192,2186,2255,2344,2549,2428,2090,1570,1245,996,843,345,0,0
2024,2024-10-07,Westbound,Heavy Vehicles,24,12,13,12,17,31,46,81,90,100,124,129,122,101,116,98,126,112,107,70,63,60,45,30,0,0
2024,2024-10-07,Westbound,All Vehicles,818,423,322,262,236,262,491,679,1023,1430,1861,2079,2314,2287,2371,2442,2675,2540,2197,1640,1308,1056,888,375,0,0
2024,2024-10-08,Westbound,Light Vehicles,152,79,66,54,157,495,1286,2416,2898,2510,2010,1967,1955,1971,2055,2671,2250,2289,805,1180,882,793,562,287,0,0
2024,2024-10-08,Westbound,Heavy Vehicles,28,19,5,11,17,44,143,217,235,284,345,324,309,327,323,404,240,153,40,61,55,35,30,12,0,0
2024,2024-10-08,Westbound,All Vehicles,180,98,71,65,174,539,1429,2633,3133,2794,2355,2291,2264,2298,2378,3075,2490,2442,845,1241,937,828,592,299,0,0
2024,2024-10-09,Westbound,Light Vehicles,119,86,52,73,151,559,1374,2295,2932,2514,2098,2211,2142,2204,2155,2754,2503,2435,2025,1373,1098,1080,709,364,0,0
2024,2024-10-09,Westbound,Heavy Vehicles,14,4,10,21,18,65,167,215,229,284,321,338,329,331,323,427,285,163,106,62,58,43,37,23,0,0
2024,2024-10-09,Westbound,All Vehicles,133,90,62,94,169,624,1541,2510,3161,2798,2419,2549,2471,2535,2478,3181,2788,2598,2131,1435,1156,1123,746,387,0,0
2024,2024-10-15,Westbound,Heavy Vehicles,,,,,35,69,150,200,202,311,296,360,319,256,308,371,297,,,,,,,,0,0
2024,2024-10-15,Westbound,Light Vehicles,,,,,144,571,1471,2694,3004,2942,2072,2036,1964,2016,2166,2551,2674,,,,,,,,0,0
2024,2024-10-15,Westbound,All Vehicles,,,,,179,640,1621,2894,3206,3253,2368,2396,2283,2272,2474,2922,2971,,,,,,,,0,0
2024,2024-10-17,Westbound,Light Vehicles,188,126,86,67,105,359,866,1588,1845,1566,1336,1381,1459,1359,1678,1398,1109,1463,1466,1191,1033,876,624,783,0,0
2024,2024-10-17,Westbound,Heavy Vehicles,14,9,10,13,19,54,107,124,150,173,193,241,219,220,254,188,149,105,93,69,40,36,31,43,0,0
2024,2024-10-17,Westbound,All Vehicles,202,135,96,80,124,413,973,1712,1995,1739,1529,1622,1678,1579,1932,1586,1258,1568,1559,1260,1073,912,655,826,0,0
2024,2024-10-19,Westbound,Light Vehicles,971,451,273,215,159,366,843,1329,1955,2481,2759,2776,2894,3057,2668,2530,2437,2613,2486,1777,1710,1549,1574,1443,0,0
2024,2024-10-19,Westbound,Heavy Vehicles,41,6,9,11,9,32,79,129,126,163,154,171,177,164,131,134,96,89,71,49,52,40,52,53,0,0
2024,2024-10-19,Westbound,All Vehicles,1012,457,282,226,168,398,922,1458,2081,2644,2913,2947,3071,3221,2799,2664,2533,2702,2557,1826,1762,1589,1626,1496,0,0
2024,2024-10-20,Westbound,Light Vehicles,1127,817,591,413,254,261,438,712,1116,1714,2078,2357,2604,2406,2289,2494,2424,,,,,,,,0,0
2024,2024-10-20,Westbound,Heavy Vehicles,43,25,16,16,8,13,26,58,50,87,91,92,95,102,108,94,84,,,,,,,,0,0
2024,2024-10-20,Westbound,All Vehicles,1170,842,607,429,262,274,464,770,1166,1801,2169,2449,2699,2508,2397,2588,2508,,,,,,,,0,0
2024,2024-10-23,Westbound,Light Vehicles,258,121,79,64,172,624,1524,2725,3101,2692,2183,2236,2259,2257,2527,2889,2788,2794,2616,1641,1262,1239,958,503,0,0
2024,2024-10-23,Westbound,Heavy Vehicles,7,6,8,18,22,59,170,203,240,291,354,331,351,310,369,414,313,204,127,81,52,36,48,28,0,0
2024,2024-10-23,Westbound,All Vehicles,265,127,87,82,194,683,1694,2928,3341,2983,2537,2567,2610,2567,2896,3303,3101,2998,2743,1722,1314,1275,1006,531,0,0
2024,2024-10-24,Westbound,Heavy Vehicles,5,4,5,9,15,28,59,69,74,113,115,132,146,135,130,119,102,72,39,33,22,16,21,8,0,0
2024,2024-10-24,Westbound,Light Vehicles,81,82,41,43,87,301,665,1117,1247,1129,926,949,956,911,982,1080,1050,1015,882,672,565,639,491,323,0,0
2024,2024-10-24,Westbound,All Vehicles,86,86,46,52,102,329,724,1186,1321,1242,1041,1081,1102,1046,1112,1199,1152,1087,921,705,587,655,512,331,0,0
2024,2024-10-25,Westbound,Light Vehicles,303,182,114,83,193,613,1426,2409,2820,2520,2227,2470,2570,2554,2644,2839,2985,2919,2551,1823,1407,1286,1300,997,0,0
2024,2024-10-25,Westbound,Heavy Vehicles,7,6,12,19,21,58,168,221,258,286,312,379,360,342,348,369,327,197,100,66,74,46,46,43,0,0
2024,2024-10-25,Westbound,All Vehicles,310,188,126,102,214,671,1594,2630,3078,2806,2539,2849,2930,2896,2992,3208,3312,3116,2651,1889,1481,1332,1346,1040,0,0
2024,2024-10-26,Westbound,Heavy Vehicles,22,11,4,15,18,30,79,117,120,155,155,171,178,185,155,145,154,119,84,69,57,44,49,68,0,0
2024,2024-10-26,Westbound,Light Vehicles,553,383,274,207,205,401,831,1417,2127,2671,2782,2846,2843,2915,2994,2925,2832,2901,2753,2225,1588,1478,1639,1724,0,0
2024,2024-10-26,Westbound,All Vehicles,575,394,278,222,223,431,910,1534,2247,2826,2937,3017,3021,3100,3149,3070,2986,3020,2837,2294,1645,1522,1688,1792,0,0
2024,2024-10-27,Westbound,Heavy Vehicles,12,8,8,6,6,7,9,16,21,27,31,30,39,34,27,47,39,37,23,17,19,17,8,3,0,0
2024,2024-10-27,Westbound,Light Vehicles,364,234,182,120,102,89,146,229,370,556,769,829,957,873,867,844,853,864,704,532,439,311,203,111,0,0
2024,2024-10-27,Westbound,All Vehicles,376,242,190,126,108,96,155,245,391,583,800,859,996,907,894,891,892,901,727,549,458,328,211,114,0,0
2024,2024-10-29,Westbound,Light Vehicles,108,65,62,48,111,368,916,1711,1786,1607,1263,1270,1306,1253,1433,1621,1583,1572,1378,942,699,647,474,293,0,0
2024,2024-10-29,Westbound,Heavy Vehicles,14,3,11,10,18,40,101,145,144,174,196,254,254,213,250,242,197,110,83,47,29,33,20,14,0,0
2024,2024-10-29,Westbound,All Vehicles,122,68,73,58,129,408,1017,1856,1930,1781,1459,1524,1560,1466,1683,1863,1780,1682,1461,989,728,680,494,307,0,0
2024,2024-10-30,Westbound,Light Vehicles,156,89,63,69,176,604,1517,2896,3164,2637,2214,2170,2211,2148,2511,2794,2850,2939,2474,1619,1470,1264,944,505,0,0
2024,2024-10-30,Westbound,Heavy Vehicles,6,10,6,20,24,64,176,227,228,287,323,358,310,343,373,370,319,210,106,69,59,58,28,25,0,0
2024,2024-10-30,Westbound,All Vehicles,162,99,69,89,200,668,1693,3123,3392,2924,2537,2528,2521,2491,2884,3164,3169,3149,2580,1688,1529,1322,972,530,0,0
2024,2024-10-31,Westbound,Light Vehicles,184,134,74,62,124,498,1235,2009,2289,1998,1612,1672,1633,1659,1807,2022,1981,1969,1723,1294,1051,983,823,466,0,0
2024,2024-10-31,Westbound,Heavy Vehicles,9,12,9,12,21,54,134,168,169,253,271,278,297,270,312,304,224,151,76,61,38,34,22,18,0,0
2024,2024-10-31,Westbound,All Vehicles,193,146,83,74,145,552,1369,2177,2458,2251,1883,1950,1930,1929,2119,2326,2205,2120,1799,1355,1089,1017,845,484,0,0
2024,2024-11-01,Westbound,Light Vehicles,313,219,168,137,223,594,1382,2443,2810,2480,2191,2373,2515,2449,2556,2924,2922,2928,2658,1691,1432,1346,1211,969,0,0
2024,2024-11-01,Westbound,Heavy Vehicles,11,8,5,20,32,64,161,214,256,325,350,343,367,375,344,333,303,186,122,70,50,53,25,32,0,0
2024,2024-11-01,Westbound,All Vehicles,324,227,173,157,255,658,1543,2657,3066,2805,2541,2716,2882,2824,2900,3257,3225,3114,2780,1761,1482,1399,1236,1001,0,0
2024,2024-11-02,Westbound,Light Vehicles,636,465,295,198,202,346,829,1305,1902,2450,2790,2793,2869,2928,2731,2542,2570,2630,2391,1838,1387,1358,1486,1395,0,0
2024,2024-11-02,Westbound,Heavy Vehicles,15,10,9,11,16,33,75,124,143,164,171,158,189,164,133,124,131,115,84,43,58,43,57,43,0,0
2024,2024-11-02,Westbound,All Vehicles,651,475,304,209,218,379,904,1429,2045,2614,2961,2951,3058,3092,2864,2666,2701,2745,2475,1881,1445,1401,1543,1438,0,0
2024,2024-11-03,Westbound,Light Vehicles,991,741,520,348,214,280,456,729,1136,1815,2049,2339,2455,2421,2535,2723,2842,2666,2043,1437,1204,1005,631,360,0,0
2024,2024-11-03,Westbound,Heavy Vehicles,26,19,19,14,7,19,27,45,54,79,106,98,86,105,88,104,101,85,80,50,46,37,23,19,0,0
2024,2024-11-03,Westbound,All Vehicles,1017,760,539,362,221,299,483,774,1190,1894,2155,2437,2541,2526,2623,2827,2943,2751,2123,1487,1250,1042,654,379,0,0
2024,2024-11-04,Westbound,Heavy Vehicles,10,9,8,17,19,61,172,219,199,314,312,373,334,345,355,391,240,170,112,80,49,32,26,20,0,0
2024,2024-11-04,Westbound,Light Vehicles,176,89,87,84,158,556,1508,2560,2940,2358,2062,2087,2121,2117,2345,2750,2542,2487,1856,1311,1115,779,496,241,0,0
2024,2024-11-04,Westbound,All Vehicles,186,98,95,101,177,617,1680,2779,3139,2672,2374,2460,2455,2462,2700,3141,2782,2657,1968,1391,1164,811,522,261,0,0
2024,2024-11-05,Westbound,Light Vehicles,149,84,60,72,153,542,1494,2712,3058,2559,2186,,,,,,,2592,2245,1711,1415,1172,857,542,0,0
2024,2024-11-05,Westbound,Heavy Vehicles,14,11,11,17,26,73,177,212,255,306,361,,,,,,,160,108,75,41,35,44,33,0,0
2024,2024-11-05,Westbound,All Vehicles,163,95,71,89,179,615,1671,2924,3313,2865,2547,,,,,,,2752,2353,1786,1456,1207,901,575,0,0
2024,2024-11-06,Westbound,Light Vehicles,299,199,144,119,192,604,1535,2721,3078,2742,2200,2256,2207,2165,2405,2637,2786,2925,2575,1691,1301,1113,670,462,0,0
2024,2024-11-06,Westbound,Heavy Vehicles,15,10,9,18,35,66,167,229,239,318,320,351,348,319,340,370,268,192,124,96,61,58,41,37,0,0
2024,2024-11-06,Westbound,All Vehicles,314,209,153,137,227,670,1702,2950,3317,3060,2520,2607,2555,2484,2745,3007,3054,3117,2699,1787,1362,1171,711,499,0,0
2024,2024-11-07,Westbound,Light Vehicles,104,50,30,37,,,,,,,,744,740,762,859,962,1002,1014,893,604,412,439,183,133,0,0
2024,2024-11-07,Westbound,Heavy Vehicles,7,2,5,10,,,,,,,,142,135,135,153,154,118,81,71,35,20,22,17,12,0,0
2024,2024-11-07,Westbound,All Vehicles,111,52,35,47,,,,,,,,886,875,897,1012,1116,1120,1095,964,639,432,461,200,145,0,0
2024,2024-11-08,Westbound,Heavy Vehicles,37,27,16,27,36,67,140,219,282,321,328,335,354,328,328,305,257,178,137,90,65,46,60,41,0,0
2024,2024-11-08,Westbound,Light Vehicles,454,237,134,106,175,600,1322,2429,2798,2536,2306,2249,2511,2483,2387,2524,2588,2806,2969,2163,1741,1467,1561,1165,0,0
2024,2024-11-08,Westbound,All Vehicles,491,264,150,133,211,667,1462,2648,3080,2857,2634,2584,2865,2811,2715,2829,2845,2984,3106,2253,1806,1513,1621,1206,0,0
2024,2024-11-09,Westbound,Heavy Vehicles,20,12,14,13,19,27,75,102,148,153,155,174,172,161,152,140,121,113,105,70,59,46,47,56,0,0
2024,2024-11-09,Westbound,Light Vehicles,705,429,348,232,163,393,783,1300,1839,2496,2718,2800,2913,2922,2743,2563,2590,2873,2808,2016,1443,1302,1541,1377,0,0
2024,2024-11-09,Westbound,All Vehicles,725,441,362,245,182,420,858,1402,1987,2649,2873,2974,3085,3083,2895,2703,2711,2986,2913,2086,1502,1348,1588,1433,0,0
2024,2024-11-10,Westbound,Light Vehicles,1045,849,528,304,209,253,436,751,1189,1774,2150,2370,2542,2639,2627,2531,2558,2468,1970,1376,1178,952,615,413,0,0
2024,2024-11-10,Westbound,Heavy Vehicles,40,23,13,9,12,20,31,38,82,76,82,110,100,103,103,106,108,85,96,64,49,30,14,31,0,0
2024,2024-11-10,Westbound,All Vehicles,1085,872,541,313,221,273,467,789,1271,1850,2232,2480,2642,2742,2730,2637,2666,2553,2066,1440,1227,982,629,444,0,0
2024,2024-11-11,Westbound,Light Vehicles,314,134,83,75,179,579,1512,2579,2980,2503,2100,1998,2042,2066,2278,2675,2458,2431,1850,1204,1014,806,547,292,0,0
2024,2024-11-11,Westbound,Heavy Vehicles,16,9,5,18,19,59,166,211,230,262,328,319,330,347,342,392,252,169,91,65,38,34,30,26,0,0
2024,2024-11-11,Westbound,All Vehicles,330,143,88,93,198,638,1678,2790,3210,2765,2428,2317,2372,2413,2620,3067,2710,2600,1941,1269,1052,840,577,318,0,0
2024,2024-11-12,Westbound,Heavy Vehicles,10,9,17,12,,,,,,,,319,360,359,360,390,282,175,96,56,46,58,35,23,0,0
2024,2024-11-12,Westbound,Light Vehicles,139,73,61,71,,,,,,,,2126,2134,2006,2317,2728,2708,2749,2106,1478,1137,1027,744,384,0,0
2024,2024-11-12,Westbound,All Vehicles,149,82,78,83,,,,,,,,2445,2494,2365,2677,3118,2990,2924,2202,1534,1183,1085,779,407,0,0
2024,2024-11-13,Westbound,Heavy Vehicles,20,12,9,15,19,72,160,227,234,297,314,363,352,362,310,405,298,180,102,68,45,57,39,25,0,0
2024,2024-11-13,Westbound,Light Vehicles,192,111,80,71,194,632,1625,2673,3044,2680,2207,2319,2338,2202,2400,2676,2777,2973,2409,1517,1275,1213,959,527,0,0
2024,2024-11-13,Westbound,All Vehicles,212,123,89,86,213,704,1785,2900,3278,2977,2521,2682,2690,2564,2710,3081,3075,3153,2511,1585,1320,1270,998,552,0,0
2024,2024-11-14,Westbound,Light Vehicles,171,129,75,53,113,485,1033,1734,2031,1853,1468,1497,1606,1522,1661,1867,1843,1833,1626,1200,1148,931,767,526,0,0
2024,2024-11-14,Westbound,Heavy Vehicles,11,11,11,7,16,51,120,137,125,194,168,194,215,188,192,224,180,102,57,42,30,26,24,29,0,0
2024,2024-11-14,Westbound,All Vehicles,182,140,86,60,129,536,1153,1871,2156,2047,1636,1691,1821,1710,1853,2091,2023,1935,1683,1242,1178,957,791,555,0,0
2024,2024-11-16,Westbound,Heavy Vehicles,23,17,13,14,18,36,71,121,148,182,145,162,182,157,145,124,107,118,93,71,61,55,46,65,0,0
2024,2024-11-16,Westbound,Light Vehicles,723,463,322,187,193,387,843,1360,2002,2542,2759,2717,2905,2879,2637,2418,2502,2865,2701,2091,1591,1456,1704,1814,0,0
2024,2024-11-16,Westbound,All Vehicles,746,480,335,201,211,423,914,1481,2150,2724,2904,2879,3087,3036,2782,2542,2609,2983,2794,2162,1652,1511,1750,1879,0,0
2024,2024-11-17,Westbound,Light Vehicles,1049,738,548,361,,,,,,,,2086,2205,2017,2074,2231,2051,2067,1706,1132,986,834,553,216,0,0
2024,2024-11-17,Westbound,Heavy Vehicles,39,28,18,14,,,,,,,,83,81,79,69,85,90,78,61,52,34,41,28,17,0,0
2024,2024-11-17,Westbound,All Vehicles,1088,766,566,375,,,,,,,,2169,2286,2096,2143,2316,2141,2145,1767,1184,1020,875,581,233,0,0
2024,2024-11-18,Westbound,Heavy Vehicles,9,10,12,14,23,70,180,230,243,308,314,321,306,337,349,408,285,177,97,59,69,38,29,21,0,0
2024,2024-11-18,Westbound,Light Vehicles,184,106,83,66,179,611,1451,2760,2968,2398,1922,2029,2011,1997,2155,2641,2547,2636,2021,1428,1162,918,572,287,0,0
2024,2024-11-18,Westbound,All Vehicles,193,116,95,80,202,681,1631,2990,3211,2706,2236,2350,2317,2334,2504,3049,2832,2813,2118,1487,1231,956,601,308,0,0
2024,2024-11-19,Westbound,Light Vehicles,77,41,45,50,,,,,,,,888,900,835,963,1019,1006,1049,912,634,583,519,390,225,0,0
2024,2024-11-19,Westbound,Heavy Vehicles,5,3,3,3,,,,,,,,165,141,119,118,114,107,48,46,36,20,22,12,9,0,0
2024,2024-11-19,Westbound,All Vehicles,82,44,48,53,,,,,,,,1053,1041,954,1081,1133,1113,1097,958,670,603,541,402,234,0,0
2024,2024-11-21,Westbound,Light Vehicles,266,184,95,73,155,549,1319,2246,2509,2240,1858,2028,1919,2033,2097,2369,2445,2333,2265,1569,1282,1277,936,653,0,0
2024,2024-11-21,Westbound,Heavy Vehicles,21,15,11,12,31,74,147,191,209,241,293,313,310,309,311,325,246,156,112,58,50,53,31,23,0,0
2024,2024-11-21,Westbound,All Vehicles,287,199,106,85,186,623,1466,2437,2718,2481,2151,2341,2229,2342,2408,2694,2691,2489,2377,1627,1332,1330,967,676,0,0
2024,2024-11-22,Westbound,Light Vehicles,430,190,158,122,221,652,1537,2509,2815,2505,2454,2511,2667,2542,2571,2636,2684,,,,,,,,0,0
2024,2024-11-22,Westbound,Heavy Vehicles,31,10,14,16,23,67,161,235,297,298,386,382,331,354,339,304,281,,,,,,,,0,0
2024,2024-11-22,Westbound,All Vehicles,461,200,172,138,244,719,1698,2744,3112,2803,2840,2893,2998,2896,2910,2940,2965,,,,,,,,0,0
2024,2024-11-24,Westbound,Heavy Vehicles,,,,,12,21,39,41,62,83,93,101,94,101,91,114,93,105,96,65,52,50,38,21,0,0
2024,2024-11-24,Westbound,Light Vehicles,,,,,284,292,437,777,1221,1888,2180,2327,2623,2469,2669,2648,2815,2716,2361,1648,1396,1059,734,358,0,0
2024,2024-11-24,Westbound,All Vehicles,,,,,296,313,476,818,1283,1971,2273,2428,2717,2570,2760,2762,2908,2821,2457,1713,1448,1109,772,379,0,0
2024,2024-11-26,Westbound,Light Vehicles,,,,,,,,,,,,,,,,,,452,314,238,187,185,812,420,0,0
2024,2024-11-26,Westbound,Heavy Vehicles,,,,,,,,,,,,,,,,,,33,17,10,16,10,25,33,0,0
2024,2024-11-26,Westbound,All Vehicles,,,,,,,,,,,,,,,,,,485,331,248,203,195,837,453,0,0
2024,2024-11-27,Westbound,Light Vehicles,207,94,90,85,186,667,1613,2677,3011,31,,187,2383,2293,2619,2643,2803,2778,2643,1815,1621,1394,1071,592,0,0
2024,2024-11-27,Westbound,Heavy Vehicles,26,14,6,21,27,62,178,218,234,4,,14,365,389,311,380,309,201,147,104,79,63,46,28,0,0
2024,2024-11-27,Westbound,All Vehicles,233,108,96,106,213,729,1791,2895,3245,35,,201,2748,2682,2930,3023,3112,2979,2790,1919,1700,1457,1117,620,0,0
2024,2024-11-28,Westbound,Heavy Vehicles,12,12,7,19,,,,,,,,294,322,342,340,327,258,167,116,66,61,48,46,38,0,0
2024,2024-11-28,Westbound,Light Vehicles,253,176,97,63,,,,,,,,1977,2030,2054,2152,2399,2465,2260,2152,1514,1305,1265,1077,696,0,0
2024,2024-11-28,Westbound,All Vehicles,265,188,104,82,,,,,,,,2271,2352,2396,2492,2726,2723,2427,2268,1580,1366,1313,1123,734,0,0
2024,2024-11-29,Westbound,Light Vehicles,432,238,192,123,184,639,1404,2425,2784,2504,2455,2522,2420,2612,2556,2471,2721,2838,2592,1757,1635,1502,1496,1273,0,0
2024,2024-11-29,Westbound,Heavy Vehicles,17,16,16,18,26,74,165,213,274,344,324,369,307,337,316,250,260,180,114,91,58,46,49,45,0,0
2024,2024-11-29,Westbound,All Vehicles,449,254,208,141,210,713,1569,2638,3058,2848,2779,2891,2727,2949,2872,2721,2981,3018,2706,1848,1693,1548,1545,1318,0,0
2024,2024-11-30,Westbound,Light Vehicles,911,561,357,278,193,325,606,1040,1714,2178,2488,2647,2747,2781,2627,2435,2538,2756,2676,2136,1673,1533,1713,1388,0,0
2024,2024-11-30,Westbound,Heavy Vehicles,31,13,12,13,18,27,65,105,124,132,136,160,156,148,135,136,121,99,84,59,47,54,59,48,0,0
2024,2024-11-30,Westbound,All Vehicles,942,574,369,291,211,352,671,1145,1838,2310,2624,2807,2903,2929,2762,2571,2659,2855,2760,2195,1720,1587,1772,1436,0,0
2024,2024-12-05,Westbound,Light Vehicles,389,250,144,96,164,670,1529,2638,3019,2679,2406,2429,2528,2465,2573,2761,2829,2848,2792,2048,1613,1633,1432,864,0,0
2024,2024-12-05,Westbound,Heavy Vehicles,24,5,9,19,25,83,189,226,227,310,337,390,381,339,376,380,317,188,157,88,66,57,54,46,0,0
2024,2024-12-05,Westbound,All Vehicles,413,255,153,115,189,753,1718,2864,3246,2989,2743,2819,2909,2804,2949,3141,3146,3036,2949,2136,1679,1690,1486,910,0,0
2024,2024-12-07,Westbound,Heavy Vehicles,22,12,8,14,14,24,57,79,114,119,128,106,111,113,113,107,106,87,67,60,46,49,62,33,0,0
2024,2024-12-07,Westbound,Light Vehicles,787,455,335,210,187,299,542,846,1249,1652,1862,1919,2059,1972,1910,1975,1963,2134,2043,1521,1329,1513,1699,1345,0,0
2024,2024-12-07,Westbound,All Vehicles,809,467,343,224,201,323,599,925,1363,1771,1990,2025,2170,2085,2023,2082,2069,2221,2110,1581,1375,1562,1761,1378,0,0
2024,2024-12-08,Westbound,Light Vehicles,1215,919,642,433,252,302,465,732,1145,1861,2218,2549,2748,2434,2564,2524,2433,,,,,,,,0,0
2024,2024-12-08,Westbound,Heavy Vehicles,35,21,25,15,16,21,36,51,68,84,91,107,105,109,103,102,99,,,,,,,,0,0
2024,2024-12-08,Westbound,All Vehicles,1250,940,667,448,268,323,501,783,1213,1945,2309,2656,2853,2543,2667,2626,2532,,,,,,,,0,0
2024,2024-12-11,Westbound,Light Vehicles,250,131,83,80,194,649,1603,2590,2785,2630,2374,2424,2527,2311,2335,2667,2658,,,,,,,,0,0
2024,2024-12-11,Westbound,Heavy Vehicles,18,16,12,15,30,92,186,260,269,263,366,346,364,376,382,401,291,,,,,,,,0,0
2024,2024-12-11,Westbound,All Vehicles,268,147,95,95,224,741,1789,2850,3054,2893,2740,2770,2891,2687,2717,3068,2949,,,,,,,,0,0
2024,2024-12-12,Westbound,Light Vehicles,,,,,186,629,1492,2535,2890,2600,2359,2415,2362,2478,2637,2768,2610,2871,2760,1981,1772,1723,1278,988,0,0
2024,2024-12-12,Westbound,Heavy Vehicles,,,,,44,80,194,265,226,298,351,343,371,339,394,380,315,198,142,101,58,75,45,29,0,0
2024,2024-12-12,Westbound,All Vehicles,,,,,230,709,1686,2800,3116,2898,2710,2758,2733,2817,3031,3148,2925,3069,2902,2082,1830,1798,1323,1017,0,0
2024,2024-12-14,Westbound,Heavy Vehicles,,,,,,,,,,,,186,188,187,179,154,141,135,117,84,84,67,69,68,0,0
2024,2024-12-14,Westbound,Light Vehicles,,,,,,,,,,,,2720,2797,2729,2632,2606,2838,2981,2817,2371,1765,1744,1853,1639,0,0
2024,2024-12-14,Westbound,All Vehicles,,,,,,,,,,,,2906,2985,2916,2811,2760,2979,3116,2934,2455,1849,1811,1922,1707,0,0
2024,2024-12-15,Westbound,Light Vehicles,1104,777,618,375,223,316,464,753,1144,1980,2032,2411,2452,2432,2288,2504,2554,,,,,,,,0,0
2024,2024-12-15,Westbound,Heavy Vehicles,58,47,16,22,19,32,54,71,91,101,98,115,112,126,146,110,110,,,,,,,,0,0
2024,2024-12-15,Westbound,All Vehicles,1162,824,634,397,242,348,518,824,1235,2081,2130,2526,2564,2558,2434,2614,2664,,,,,,,,0,0
2024,2024-12-16,Westbound,Heavy Vehicles,,,,,,,,,,,,,,,,,,36,18,6,8,17,58,37,0,0
2024,2024-12-16,Westbound,Light Vehicles,,,,,,,,,,,,,,,,,,369,285,202,168,257,757,387,0,0
2024,2024-12-16,Westbound,All Vehicles,,,,,,,,,,,,,,,,,,405,303,208,176,274,815,424,0,0
2024,2024-12-18,Westbound,Heavy Vehicles,20,13,17,15,24,56,178,238,271,275,354,379,314,343,411,426,310,,,,,,,,0,0
2024,2024-12-18,Westbound,Light Vehicles,221,129,77,80,181,613,1352,2442,2816,2664,2337,2361,2508,2376,2420,2778,2589,,,,,,,,0,0
2024,2024-12-18,Westbound,All Vehicles,241,142,94,95,205,669,1530,2680,3087,2939,2691,2740,2822,2719,2831,3204,2899,,,,,,,,0,0
2024,2024-12-19,Westbound,Heavy Vehicles,,,,,20,66,181,227,288,294,327,385,369,354,367,347,304,238,143,98,67,61,55,40,0,0
2024,2024-12-19,Westbound,Light Vehicles,,,,,175,613,1416,2340,2779,2600,2437,2511,2550,2465,2584,2584,2519,2783,2609,1861,1560,1647,1363,859,0,0
2024,2024-12-19,Westbound,All Vehicles,,,,,195,679,1597,2567,3067,2894,2764,2896,2919,2819,2951,2931,2823,3021,2752,1959,1627,1708,1418,899,0,0
2024,2024-12-20,Westbound,Heavy Vehicles,31,14,9,18,27,66,159,197,243,298,333,,,,,,,198,137,81,74,52,56,46,0,0
2024,2024-12-20,Westbound,Light Vehicles,503,298,217,162,194,583,1149,1913,2451,2467,2494,,,,,,,2790,2719,1903,1633,1636,1613,1201,0,0
2024,2024-12-20,Westbound,All Vehicles,534,312,226,180,221,649,1308,2110,2694,2765,2827,,,,,,,2988,2856,1984,1707,1688,1669,1247,0,0
2024,2024-12-21,Westbound,Heavy Vehicles,18,15,9,11,19,26,70,105,121,133,150,176,151,163,143,124,133,107,95,80,42,64,50,50,0,0
2024,2024-12-21,Westbound,Light Vehicles,761,516,391,338,260,364,643,1011,1503,2011,2367,2608,2666,2579,2557,2537,2587,2733,2549,1958,1679,1592,1726,1406,0,0
2024,2024-12-21,Westbound,All Vehicles,779,531,400,349,279,390,713,1116,1624,2144,2517,2784,2817,2742,2700,2661,2720,2840,2644,2038,1721,1656,1776,1456,0,0
2024,2024-12-22,Westbound,Light Vehicles,218,161,101,67,30,46,78,135,237,336,456,570,529,515,537,521,521,561,489,363,259,224,164,101,0,0
2024,2024-12-22,Westbound,Heavy Vehicles,10,5,2,6,3,4,10,14,17,16,17,21,23,27,15,20,16,19,19,10,13,10,6,11,0,0
2024,2024-12-22,Westbound,All Vehicles,228,166,103,73,33,50,88,149,254,352,473,591,552,542,552,541,537,580,508,373,272,234,170,112,0,0
2024,2024-12-24,Westbound,Light Vehicles,294,168,88,94,168,352,709,1120,1618,1979,2206,2239,2473,2238,2157,2112,2185,2118,1697,1278,1231,1048,1012,581,0,0
2024,2024-12-24,Westbound,Heavy Vehicles,9,13,6,16,19,41,66,113,136,171,202,215,171,163,173,169,134,93,71,49,47,48,26,24,0,0
2024,2024-12-24,Westbound,All Vehicles,303,181,94,110,187,393,775,1233,1754,2150,2408,2454,2644,2401,2330,2281,2319,2211,1768,1327,1278,1096,1038,605,0,0
2024,2024-12-25,Westbound,Light Vehicles,295,166,127,91,72,113,220,297,498,406,1164,1614,1520,1056,817,932,1258,1368,1253,1124,1085,796,581,409,0,0
2024,2024-12-25,Westbound,Heavy Vehicles,15,3,4,4,6,5,11,12,13,14,43,36,42,44,40,37,34,44,35,41,29,23,24,12,0,0
2024,2024-12-25,Westbound,All Vehicles,310,169,131,95,78,118,231,309,511,420,1207,1650,1562,1100,857,969,1292,1412,1288,1165,1114,819,605,421,0,0
2024,2024-12-28,Westbound,Light Vehicles,,,,,102,156,301,416,630,1021,1192,1242,1340,1323,1231,1340,1392,1469,1345,1087,1032,875,913,710,0,0
2024,2024-12-28,Westbound,Heavy Vehicles,,,,,8,16,24,38,50,67,70,81,63,67,73,78,66,55,48,29,29,37,28,28,0,0
2024,2024-12-28,Westbound,All Vehicles,,,,,110,172,325,454,680,1088,1262,1323,1403,1390,1304,1418,1458,1524,1393,1116,1061,912,941,738,0,0
2024,2024-12-29,Westbound,Light Vehicles,436,278,224,154,133,128,240,390,655,1099,1253,1387,1489,1430,1462,1620,1716,1677,1492,1220,966,812,620,351,0,0
2024,2024-12-29,Westbound,Heavy Vehicles,11,14,13,9,11,11,22,38,37,41,68,66,73,88,57,62,79,59,67,54,44,30,30,20,0,0
2024,2024-12-29,Westbound,All Vehicles,447,292,237,163,144,139,262,428,692,1140,1321,1453,1562,1518,1519,1682,1795,1736,1559,1274,1010,842,650,371,0,0
2024,2024-12-31,Westbound,Light Vehicles,327,157,107,92,90,208,453,690,953,1294,1429,1653,1771,1604,1679,1701,1603,1635,1512,1370,1172,1341,1236,869,0,0
2024,2024-12-31,Westbound,Heavy Vehicles,19,11,9,10,11,28,46,70,81,96,126,127,128,129,100,103,99,63,46,54,34,51,45,30,0,0
2024,2024-12-31,Westbound,All Vehicles,346,168,116,102,101,236,499,760,1034,1390,1555,1780,1899,1733,1779,1804,1702,1698,1558,1424,1206,1392,1281,899,0,0
2025,2025-01-01,Westbound,Heavy Vehicles,78,117,86,47,12,13,28,47,40,55,61,62,80,71,70,71,84,76,69,55,49,49,42,16,0,0
2025,2025-01-01,Westbound,Light Vehicles,1667,2120,1814,952,560,389,523,524,584,923,1342,1618,1898,1934,1955,2072,2215,2266,1931,1695,1591,1320,855,610,0,0
2025,2025-01-01,Westbound,All Vehicles,1745,2237,1900,999,572,402,551,571,624,978,1403,1680,1978,2005,2025,2143,2299,2342,2000,1750,1640,1369,897,626,0,0
2025,2025-01-03,Westbound,Light Vehicles,,,,,133,268,555,983,1376,1761,2032,2187,2204,2101,2049,2198,2219,,,,,,,,0,0
2025,2025-01-03,Westbound,Heavy Vehicles,,,,,22,30,74,111,149,138,148,181,206,149,145,158,122,,,,,,,,0,0
2025,2025-01-03,Westbound,All Vehicles,,,,,155,298,629,1094,1525,1899,2180,2368,2410,2250,2194,2356,2341,,,,,,,,0,0
2025,2025-01-04,Westbound,Heavy Vehicles,,,,,15,23,50,64,89,100,108,113,115,99,101,95,85,114,107,71,47,39,41,34,0,0
2025,2025-01-04,Westbound,Light Vehicles,,,,,157,250,507,687,1103,1710,2036,2153,2258,2337,2287,2302,2464,2545,2670,2021,1542,1434,1337,1027,0,0
2025,2025-01-04,Westbound,All Vehicles,,,,,172,273,557,751,1192,1810,2144,2266,2373,2436,2388,2397,2549,2659,2777,2092,1589,1473,1378,1061,0,0
2025,2025-01-05,Westbound,Light Vehicles,666,469,398,219,,,,,,,,2138,2289,2035,2078,2588,2878,2512,1971,1559,1232,981,723,442,0,0
2025,2025-01-05,Westbound,Heavy Vehicles,22,17,12,10,,,,,,,,71,97,90,97,99,110,99,77,41,29,44,28,21,0,0
2025,2025-01-05,Westbound,All Vehicles,688,486,410,229,,,,,,,,2209,2386,2125,2175,2687,2988,2611,2048,1600,1261,1025,751,463,0,0
2025,2025-01-06,Westbound,Light Vehicles,238,155,101,83,163,446,998,1662,2037,1770,1806,1805,2042,1963,2088,2535,2347,2487,1699,1199,959,836,567,293,0,0
2025,2025-01-06,Westbound,Heavy Vehicles,15,9,12,15,27,51,117,138,194,205,212,231,246,210,241,272,164,144,93,48,36,30,36,9,0,0
2025,2025-01-06,Westbound,All Vehicles,253,164,113,98,190,497,1115,1800,2231,1975,2018,2036,2288,2173,2329,2807,2511,2631,1792,1247,995,866,603,302,0,0
2025,2025-01-07,Westbound,Heavy Vehicles,4,9,5,9,17,47,138,147,203,185,227,225,227,215,252,244,151,137,74,48,44,34,22,16,0,0
2025,2025-01-07,Westbound,Light Vehicles,131,99,68,64,134,444,943,1749,2184,1816,1849,1779,1829,1845,1825,2132,1936,1929,1515,1034,851,777,562,291,0,0
2025,2025-01-07,Westbound,All Vehicles,135,108,73,73,151,491,1081,1896,2387,2001,2076,2004,2056,2060,2077,2376,2087,2066,1589,1082,895,811,584,307,0,0
2025,2025-01-08,Westbound,Heavy Vehicles,9,8,5,12,15,39,141,181,214,189,232,227,283,213,192,233,142,119,57,54,39,35,37,21,0,0
2025,2025-01-08,Westbound,Light Vehicles,168,87,61,67,128,453,1013,1631,2137,1964,1846,1975,2077,1947,1988,2068,1956,1960,1621,1039,895,898,588,380,0,0
2025,2025-01-08,Westbound,All Vehicles,177,95,66,79,143,492,1154,1812,2351,2153,2078,2202,2360,2160,2180,2301,2098,2079,1678,1093,934,933,625,401,0,0
2025,2025-01-12,Westbound,Heavy Vehicles,,,5,10,12,17,25,49,49,67,77,75,101,105,78,92,86,70,62,48,45,32,19,14,0,0
2025,2025-01-12,Westbound,Light Vehicles,,,83,140,210,229,390,564,928,1515,1828,2132,2303,2030,2168,2256,2372,2218,1871,1318,1113,977,610,372,0,0
2025,2025-01-12,Westbound,All Vehicles,,,88,150,222,246,415,613,977,1582,1905,2207,2404,2135,2246,2348,2458,2288,1933,1366,1158,1009,629,386,0,0
2025,2025-01-13,Westbound,Light Vehicles,193,109,69,96,172,531,1221,2016,2498,2025,1827,1802,2000,1957,2121,2677,2424,2348,1767,1269,1039,837,524,317,0,0
2025,2025-01-13,Westbound,Heavy Vehicles,13,7,12,17,25,70,158,204,208,230,289,261,285,261,305,359,194,133,99,64,45,22,31,14,0,0
2025,2025-01-13,Westbound,All Vehicles,206,116,81,113,197,601,1379,2220,2706,2255,2116,2063,2285,2218,2426,3036,2618,2481,1866,1333,1084,859,555,331,0,0
2025,2025-01-14,Westbound,Light Vehicles,156,99,62,69,152,551,1247,2121,2706,2224,1926,1941,1960,2011,2248,2650,2341,2331,1818,1331,1148,993,606,355,0,0
2025,2025-01-14,Westbound,Heavy Vehicles,9,12,7,10,21,67,146,221,215,238,316,271,288,263,321,399,221,164,83,63,44,32,28,15,0,0
2025,2025-01-14,Westbound,All Vehicles,165,111,69,79,173,618,1393,2342,2921,2462,2242,2212,2248,2274,2569,3049,2562,2495,1901,1394,1192,1025,634,370,0,0
2025,2025-01-15,Westbound,Heavy Vehicles,8,12,9,13,22,74,165,191,233,254,302,285,291,277,319,381,242,158,101,54,42,44,40,23,0,0
2025,2025-01-15,Westbound,Light Vehicles,187,100,71,72,160,558,1342,2231,2757,2498,2037,2185,2287,2155,2405,2773,2896,2747,2294,1545,899,987,751,430,0,0
2025,2025-01-15,Westbound,All Vehicles,195,112,80,85,182,632,1507,2422,2990,2752,2339,2470,2578,2432,2724,3154,3138,2905,2395,1599,941,1031,791,453,0,0
2025,2025-01-16,Westbound,Heavy Vehicles,1,1,,1,2,9,18,25,28,35,35,28,37,22,28,40,10,14,13,5,8,6,6,2,0,0
2025,2025-01-16,Westbound,Light Vehicles,19,19,7,9,19,62,196,321,379,264,241,276,275,266,244,301,257,322,270,171,153,137,85,33,0,0
2025,2025-01-16,Westbound,All Vehicles,20,20,7,10,21,71,214,346,407,299,276,304,312,288,272,341,267,336,283,176,161,143,91,35,0,0
2025,2025-01-18,Westbound,Light Vehicles,548,336,228,165,156,270,591,761,1259,1867,2102,2470,2511,2396,2228,2229,2236,2293,2167,1653,1339,1386,1404,1086,0,0
2025,2025-01-18,Westbound,Heavy Vehicles,19,11,9,12,23,22,66,80,105,108,106,146,139,122,123,127,97,117,73,70,45,55,42,38,0,0
2025,2025-01-18,Westbound,All Vehicles,567,347,237,177,179,292,657,841,1364,1975,2208,2616,2650,2518,2351,2356,2333,2410,2240,1723,1384,1441,1446,1124,0,0
2025,2025-01-19,Westbound,Light Vehicles,621,405,303,230,149,170,230,397,593,1055,1348,1594,1690,1523,1644,1476,1523,,,,,,,,0,0
2025,2025-01-19,Westbound,Heavy Vehicles,19,8,11,10,12,12,27,33,35,49,82,70,78,72,56,47,69,,,,,,,,0,0
2025,2025-01-19,Westbound,All Vehicles,640,413,314,240,161,182,257,430,628,1104,1430,1664,1768,1595,1700,1523,1592,,,,,,,,0,0
2025,2025-01-20,Westbound,Light Vehicles,,,,,147,585,1312,2213,2779,2177,1972,1953,2005,1967,2239,2689,2585,2410,1871,1292,1076,831,588,390,0,0
2025,2025-01-20,Westbound,Heavy Vehicles,,,,,23,54,163,213,243,283,325,321,297,292,343,398,262,171,98,77,47,41,34,18,0,0
2025,2025-01-20,Westbound,All Vehicles,,,,,170,639,1475,2426,3022,2460,2297,2274,2302,2259,2582,3087,2847,2581,1969,1369,1123,872,622,408,0,0
2025,2025-01-21,Westbound,Light Vehicles,187,110,71,63,156,604,1399,2344,2893,2394,2040,2004,2063,2103,2338,2702,2557,2625,2149,1455,1188,1028,695,399,0,0
2025,2025-01-21,Westbound,Heavy Vehicles,11,8,9,7,23,55,176,205,243,250,326,332,291,303,336,422,259,165,102,78,55,36,28,21,0,0
2025,2025-01-21,Westbound,All Vehicles,198,118,80,70,179,659,1575,2549,3136,2644,2366,2336,2354,2406,2674,3124,2816,2790,2251,1533,1243,1064,723,420,0,0
2025,2025-01-22,Westbound,Heavy Vehicles,2,2,3,5,,,,,,,,128,81,105,114,152,119,71,31,26,14,14,12,9,0,0
2025,2025-01-22,Westbound,Light Vehicles,34,14,12,15,,,,,,,,876,839,891,989,1183,1178,1124,809,509,412,363,269,86,0,0
2025,2025-01-22,Westbound,All Vehicles,36,16,15,20,,,,,,,,1004,920,996,1103,1335,1297,1195,840,535,426,377,281,95,0,0
2025,2025-01-25,Westbound,Light Vehicles,653,418,283,207,193,313,608,1016,1457,2152,2371,2385,2659,2454,2478,2448,2379,2574,2436,1869,1656,1408,1355,1196,0,0
2025,2025-01-25,Westbound,Heavy Vehicles,22,11,16,17,15,23,65,96,111,128,133,164,171,172,158,129,107,105,100,50,53,42,44,34,0,0
2025,2025-01-25,Westbound,All Vehicles,675,429,299,224,208,336,673,1112,1568,2280,2504,2549,2830,2626,2636,2577,2486,2679,2536,1919,1709,1450,1399,1230,0,0
2025,2025-01-26,Westbound,Heavy Vehicles,15,16,7,11,12,13,23,33,36,62,65,58,68,67,60,54,59,54,50,40,38,24,26,30,0,0
2025,2025-01-26,Westbound,Light Vehicles,510,354,346,220,149,138,275,421,692,1143,1484,1471,1612,1329,1353,1458,1484,1475,1364,1139,950,826,704,596,0,0
2025,2025-01-26,Westbound,All Vehicles,525,370,353,231,161,151,298,454,728,1205,1549,1529,1680,1396,1413,1512,1543,1529,1414,1179,988,850,730,626,0,0
2025,2025-01-27,Westbound,Heavy Vehicles,15,14,10,15,16,20,27,55,57,60,61,92,87,95,87,85,81,118,76,68,44,26,17,15,0,0
2025,2025-01-27,Westbound,Light Vehicles,546,411,239,184,144,190,360,537,786,1238,1525,1777,1952,1932,1981,2072,2154,2195,1973,1285,900,721,454,251,0,0
2025,2025-01-27,Westbound,All Vehicles,561,425,249,199,160,210,387,592,843,1298,1586,1869,2039,2027,2068,2157,2235,2313,2049,1353,944,747,471,266,0,0
2025,2025-01-28,Westbound,Heavy Vehicles,6,9,9,11,27,60,164,213,233,285,324,323,298,328,337,360,189,,,,,,,,0,0
2025,2025-01-28,Westbound,Light Vehicles,134,86,67,59,168,528,1408,2441,3113,2529,2052,2205,2226,2181,2515,2475,2304,,,,,,,,0,0
2025,2025-01-28,Westbound,All Vehicles,140,95,76,70,195,588,1572,2654,3346,2814,2376,2528,2524,2509,2852,2835,2493,,,,,,,,0,0
2025,2025-01-29,Westbound,Heavy Vehicles,,,,,18,44,158,190,212,263,273,268,299,290,301,302,228,149,72,60,52,44,40,41,0,0
2025,2025-01-29,Westbound,Light Vehicles,,,,,148,549,1202,2131,2381,2066,1882,1856,1945,1802,2009,2326,2263,2162,1919,1331,1095,1024,737,376,0,0
2025,2025-01-29,Westbound,All Vehicles,,,,,166,593,1360,2321,2593,2329,2155,2124,2244,2092,2310,2628,2491,2311,1991,1391,1147,1068,777,417,0,0
2025,2025-02-02,Westbound,Heavy Vehicles,32,15,19,16,10,12,29,39,74,91,97,93,93,94,84,104,83,107,87,61,57,49,28,15,0,0
2025,2025-02-02,Westbound,Light Vehicles,971,675,511,316,198,252,521,749,1189,1899,2229,2393,2551,2397,2386,2380,2615,2689,2219,1674,1572,1223,769,452,0,0
2025,2025-02-02,Westbound,All Vehicles,1003,690,530,332,208,264,550,788,1263,1990,2326,2486,2644,2491,2470,2484,2698,2796,2306,1735,1629,1272,797,467,0,0
2025,2025-02-03,Westbound,Heavy Vehicles,15,7,10,20,26,69,184,209,226,284,322,345,279,305,303,368,276,160,81,71,50,31,24,15,0,0
2025,2025-02-03,Westbound,Light Vehicles,238,128,83,94,187,642,1446,2630,3020,2351,1983,1961,2019,1983,2304,2653,2589,2659,1946,1409,1233,922,603,297,0,0
2025,2025-02-03,Westbound,All Vehicles,253,135,93,114,213,711,1630,2839,3246,2635,2305,2306,2298,2288,2607,3021,2865,2819,2027,1480,1283,953,627,312,0,0
2025,2025-02-04,Westbound,Heavy Vehicles,9,7,4,13,23,78,179,207,205,306,322,363,331,345,320,374,265,175,126,62,55,45,29,19,0,0
2025,2025-02-04,Westbound,Light Vehicles,137,101,55,58,176,669,1643,2761,3012,2681,2172,2099,2162,2152,2344,2827,2833,2858,2131,1647,1344,1131,732,345,0,0
2025,2025-02-04,Westbound,All Vehicles,146,108,59,71,199,747,1822,2968,3217,2987,2494,2462,2493,2497,2664,3201,3098,3033,2257,1709,1399,1176,761,364,0,0
2025,2025-02-05,Westbound,Light Vehicles,34,11,10,8,,,,,,,,584,619,597,665,805,796,775,599,384,263,251,162,78,0,0
2025,2025-02-05,Westbound,Heavy Vehicles,2,4,2,3,,,,,,,,62,72,64,73,84,71,35,23,21,10,8,9,6,0,0
2025,2025-02-05,Westbound,All Vehicles,36,15,12,11,,,,,,,,646,691,661,738,889,867,810,622,405,273,259,171,84,0,0
2025,2025-02-07,Westbound,Light Vehicles,,,,,197,631,1484,2540,2836,2479,2365,2315,2475,2559,2674,2654,2585,2530,2626,2074,1712,1601,1396,1183,0,0
2025,2025-02-07,Westbound,Heavy Vehicles,,,,,26,79,156,246,245,325,341,392,322,328,362,329,236,185,123,100,75,63,58,40,0,0
2025,2025-02-07,Westbound,All Vehicles,,,,,223,710,1640,2786,3081,2804,2706,2707,2797,2887,3036,2983,2821,2715,2749,2174,1787,1664,1454,1223,0,0
2025,2025-02-08,Westbound,Light Vehicles,457,333,211,167,136,274,543,859,1139,1567,1616,1697,1754,1706,1723,1612,1785,1851,1726,1414,1024,1008,1173,962,0,0
2025,2025-02-08,Westbound,Heavy Vehicles,15,8,11,6,11,18,49,74,93,113,95,116,108,100,106,83,63,82,68,49,33,29,29,25,0,0
2025,2025-02-08,Westbound,All Vehicles,472,341,222,173,147,292,592,933,1232,1680,1711,1813,1862,1806,1829,1695,1848,1933,1794,1463,1057,1037,1202,987,0,0
2025,2025-02-09,Westbound,Light Vehicles,877,673,433,282,177,232,369,687,1075,1637,1894,2135,2315,2209,2200,2406,2267,2129,1846,1328,1176,1088,1095,550,0,0
2025,2025-02-09,Westbound,Heavy Vehicles,38,21,11,13,13,17,25,39,61,73,81,94,89,94,74,101,94,101,75,54,66,48,54,37,0,0
2025,2025-02-09,Westbound,All Vehicles,915,694,444,295,190,249,394,726,1136,1710,1975,2229,2404,2303,2274,2507,2361,2230,1921,1382,1242,1136,1149,587,0,0
2025,2025-02-10,Westbound,Light Vehicles,231,165,114,98,200,640,1449,2469,2759,2671,2088,2140,883,1947,2105,2512,2332,2457,1774,985,997,902,489,265,0,0
2025,2025-02-10,Westbound,Heavy Vehicles,19,16,21,41,29,64,169,212,216,313,327,343,192,295,291,335,228,151,88,50,47,28,45,27,0,0
2025,2025-02-10,Westbound,All Vehicles,250,181,135,139,229,704,1618,2681,2975,2984,2415,2483,1075,2242,2396,2847,2560,2608,1862,1035,1044,930,534,292,0,0
2025,2025-02-12,Westbound,Heavy Vehicles,11,10,7,13,15,55,119,127,129,207,217,224,243,210,253,221,163,109,69,52,52,38,29,8,0,0
2025,2025-02-12,Westbound,Light Vehicles,168,86,64,69,117,417,1039,1649,1773,1536,1290,1333,1355,1350,1452,1560,1553,1549,1412,1100,880,906,683,395,0,0
2025,2025-02-12,Westbound,All Vehicles,179,96,71,82,132,472,1158,1776,1902,1743,1507,1557,1598,1560,1705,1781,1716,1658,1481,1152,932,944,712,403,0,0
2025,2025-02-14,Westbound,Light Vehicles,284,167,141,105,194,670,1523,2457,2900,2609,2313,2517,2544,2553,2666,2511,2559,3196,2644,2098,1758,1809,1669,1229,0,0
2025,2025-02-14,Westbound,Heavy Vehicles,10,10,11,14,27,59,197,195,249,314,310,357,375,318,328,270,238,181,101,83,69,79,66,48,0,0
2025,2025-02-14,Westbound,All Vehicles,294,177,152,119,221,729,1720,2652,3149,2923,2623,2874,2919,2871,2994,2781,2797,3377,2745,2181,1827,1888,1735,1277,0,0
2025,2025-02-16,Westbound,Heavy Vehicles,22,20,16,14,16,15,33,55,58,96,103,101,98,92,92,109,86,98,74,59,64,33,33,19,0,0
2025,2025-02-16,Westbound,Light Vehicles,974,750,540,310,217,240,413,715,1232,1895,2194,2444,2695,2512,2391,2532,2449,2526,2160,1497,1452,1132,718,400,0,0
2025,2025-02-16,Westbound,All Vehicles,996,770,556,324,233,255,446,770,1290,1991,2297,2545,2793,2604,2483,2641,2535,2624,2234,1556,1516,1165,751,419,0,0
2025,2025-02-17,Westbound,Light Vehicles,272,137,104,79,193,616,1550,2829,3046,2362,2086,,,2096,2415,2700,2601,2636,2085,1451,1208,922,528,370,0,0
2025,2025-02-17,Westbound,Heavy Vehicles,11,9,18,14,23,66,218,208,235,295,276,,,323,325,434,258,182,103,79,65,43,27,17,0,0
2025,2025-02-17,Westbound,All Vehicles,283,146,122,93,216,682,1768,3037,3281,2657,2362,,,2419,2740,3134,2859,2818,2188,1530,1273,965,555,387,0,0
2025,2025-02-18,Westbound,Light Vehicles,184,99,58,52,173,700,1604,2918,3200,2663,2184,2182,2138,2160,2495,2778,2726,2760,2119,1548,1307,1091,682,385,0,0
2025,2025-02-18,Westbound,Heavy Vehicles,14,6,9,18,22,72,198,193,233,286,319,354,339,347,368,402,273,173,96,101,56,37,24,32,0,0
2025,2025-02-18,Westbound,All Vehicles,198,105,67,70,195,772,1802,3111,3433,2949,2503,2536,2477,2507,2863,3180,2999,2933,2215,1649,1363,1128,706,417,0,0
2025,2025-02-19,Westbound,Heavy Vehicles,5,3,2,6,6,29,77,79,87,111,98,109,99,103,54,159,85,61,32,17,28,12,7,10,0,0
2025,2025-02-19,Westbound,Light Vehicles,38,10,12,9,47,246,582,1190,1269,1039,852,832,918,875,574,1143,1166,1108,953,635,520,459,302,136,0,0
2025,2025-02-19,Westbound,All Vehicles,43,13,14,15,53,275,659,1269,1356,1150,950,941,1017,978,628,1302,1251,1169,985,652,548,471,309,146,0,0
2025,2025-02-22,Westbound,Heavy Vehicles,13,8,6,4,10,19,63,69,84,88,101,102,120,118,113,82,75,74,70,39,44,29,36,30,0,0
2025,2025-02-22,Westbound,Light Vehicles,387,241,166,122,124,259,557,860,1275,1707,1770,1819,1979,1804,1783,1718,1751,1862,1837,1413,1147,1083,1123,904,0,0
2025,2025-02-22,Westbound,All Vehicles,400,249,172,126,134,278,620,929,1359,1795,1871,1921,2099,1922,1896,1800,1826,1936,1907,1452,1191,1112,1159,934,0,0
2025,2025-02-25,Westbound,Light Vehicles,168,91,72,71,167,712,1605,2853,3247,2580,2103,2198,2051,2128,2308,2839,2671,2586,2209,1481,1175,969,802,409,0,0
2025,2025-02-25,Westbound,Heavy Vehicles,11,10,5,14,23,58,189,224,236,302,341,325,341,338,318,419,296,147,87,66,52,43,35,13,0,0
2025,2025-02-25,Westbound,All Vehicles,179,101,77,85,190,770,1794,3077,3483,2882,2444,2523,2392,2466,2626,3258,2967,2733,2296,1547,1227,1012,837,422,0,0
2025,2025-02-26,Westbound,Heavy Vehicles,13,6,11,14,,,,,,,,256,285,314,277,368,261,181,105,77,59,44,45,17,0,0
2025,2025-02-26,Westbound,Light Vehicles,186,92,82,73,,,,,,,,1956,2009,1868,2175,2457,2428,2459,2190,1509,1274,1130,815,477,0,0
2025,2025-02-26,Westbound,All Vehicles,199,98,93,87,,,,,,,,2212,2294,2182,2452,2825,2689,2640,2295,1586,1333,1174,860,494,0,0
2025,2025-02-27,Westbound,Light Vehicles,291,244,93,80,174,674,1529,2811,3170,2725,2295,,,,,,,2912,2707,1963,1761,1514,1078,640,0,0
2025,2025-02-27,Westbound,Heavy Vehicles,9,3,9,19,22,72,195,245,225,314,336,,,,,,,174,129,96,79,54,55,30,0,0
2025,2025-02-27,Westbound,All Vehicles,300,247,102,99,196,746,1724,3056,3395,3039,2631,,,,,,,3086,2836,2059,1840,1568,1133,670,0,0
2025,2025-02-28,Westbound,Heavy Vehicles,10,7,9,18,23,73,179,217,248,327,352,372,327,328,351,356,287,193,128,98,68,75,63,36,0,0
2025,2025-02-28,Westbound,Light Vehicles,363,187,164,113,207,676,1468,2552,2943,2504,2406,2412,2628,2623,2812,2950,2993,2938,2873,2405,1767,1675,1661,1024,0,0
2025,2025-02-28,Westbound,All Vehicles,373,194,173,131,230,749,1647,2769,3191,2831,2758,2784,2955,2951,3163,3306,3280,3131,3001,2503,1835,1750,1724,1060,0,0
2025,2025-03-01,Westbound,Heavy Vehicles,14,9,18,14,26,27,72,127,125,161,185,147,163,175,150,166,129,133,93,94,58,70,56,65,0,0
2025,2025-03-01,Westbound,Light Vehicles,732,451,354,242,198,384,863,1305,1967,2552,2743,2958,2762,2853,2869,2768,2678,2952,2832,2371,1857,1849,1847,1625,0,0
2025,2025-03-01,Westbound,All Vehicles,746,460,372,256,224,411,935,1432,2092,2713,2928,3105,2925,3028,3019,2934,2807,3085,2925,2465,1915,1919,1903,1690,0,0
2025,2025-03-02,Westbound,Heavy Vehicles,38,30,20,24,8,25,36,42,48,69,99,104,101,116,88,100,83,104,81,54,46,44,21,25,0,0
2025,2025-03-02,Westbound,Light Vehicles,1267,884,638,412,259,291,483,747,1247,1751,2229,2433,2605,2576,2356,2447,2414,2349,1965,1310,1146,917,595,419,0,0
2025,2025-03-02,Westbound,All Vehicles,1305,914,658,436,267,316,519,789,1295,1820,2328,2537,2706,2692,2444,2547,2497,2453,2046,1364,1192,961,616,444,0,0
2025,2025-03-04,Westbound,Heavy Vehicles,9,6,14,9,20,63,195,195,252,272,319,333,305,330,341,388,281,196,94,72,50,48,27,17,0,0
2025,2025-03-04,Westbound,Light Vehicles,197,109,73,68,146,666,1590,2916,3238,2691,2080,2172,2049,2123,2303,2641,2581,2657,2061,1438,1138,1028,633,377,0,0
2025,2025-03-04,Westbound,All Vehicles,206,115,87,77,166,729,1785,3111,3490,2963,2399,2505,2354,2453,2644,3029,2862,2853,2155,1510,1188,1076,660,394,0,0
2025,2025-03-05,Westbound,Heavy Vehicles,7,6,9,16,23,57,166,182,233,245,267,294,325,301,318,378,265,170,124,78,60,48,27,25,0,0
2025,2025-03-05,Westbound,Light Vehicles,182,96,72,57,157,562,1334,2393,2654,2154,1859,1945,2004,1797,2033,2407,2416,2353,2101,1449,1188,1034,743,458,0,0
2025,2025-03-05,Westbound,All Vehicles,189,102,81,73,180,619,1500,2575,2887,2399,2126,2239,2329,2098,2351,2785,2681,2523,2225,1527,1248,1082,770,483,0,0
2025,2025-03-07,Westbound,Heavy Vehicles,,,,,33,69,188,212,277,285,328,348,327,333,358,348,263,213,141,94,57,48,53,44,0,0
2025,2025-03-07,Westbound,Light Vehicles,,,,,180,618,1442,2555,2893,2617,2353,2427,2594,2417,2578,2919,2995,2879,2744,2028,1445,1366,1514,1249,0,0
2025,2025-03-07,Westbound,All Vehicles,,,,,213,687,1630,2767,3170,2902,2681,2775,2921,2750,2936,3267,3258,3092,2885,2122,1502,1414,1567,1293,0,0
2025,2025-03-08,Westbound,Heavy Vehicles,1,,,2,3,5,11,6,26,12,16,22,19,19,16,18,19,,,,,,,,0,0
2025,2025-03-08,Westbound,Light Vehicles,66,35,19,13,15,41,116,196,255,368,357,413,373,381,380,325,321,,,,,,,,0,0
2025,2025-03-08,Westbound,All Vehicles,67,35,19,15,18,46,127,202,281,380,373,435,392,400,396,343,340,,,,,,,,0,0
2025,2025-03-09,Westbound,Light Vehicles,,,,,234,229,420,715,1194,1836,2070,2338,2644,2422,2383,2378,2344,2459,1896,1341,1193,866,551,326,0,0
2025,2025-03-09,Westbound,Heavy Vehicles,,,,,12,22,23,44,51,77,102,101,113,89,82,97,89,85,65,62,52,39,20,14,0,0
2025,2025-03-09,Westbound,All Vehicles,,,,,246,251,443,759,1245,1913,2172,2439,2757,2511,2465,2475,2433,2544,1961,1403,1245,905,571,340,0,0
2025,2025-03-11,Westbound,Heavy Vehicles,6,7,11,16,22,63,161,199,214,320,335,318,329,319,338,338,225,151,95,70,55,46,30,19,0,0
2025,2025-03-11,Westbound,Light Vehicles,136,81,81,71,169,666,1582,2794,3230,2673,2121,2083,2040,2073,2245,2599,2644,2511,2118,1353,1164,940,644,344,0,0
2025,2025-03-11,Westbound,All Vehicles,142,88,92,87,191,729,1743,2993,3444,2993,2456,2401,2369,2392,2583,2937,2869,2662,2213,1423,1219,986,674,363,0,0
2025,2025-03-12,Westbound,Heavy Vehicles,3,2,1,3,,,,,,,,73,51,74,82,95,79,51,24,18,14,9,9,7,0,0
2025,2025-03-12,Westbound,Light Vehicles,19,18,6,9,,,,,,,,549,624,580,644,751,776,791,629,395,292,253,177,89,0,0
2025,2025-03-12,Westbound,All Vehicles,22,20,7,12,,,,,,,,622,675,654,726,846,855,842,653,413,306,262,186,96,0,0
2025,2025-03-13,Westbound,Light Vehicles,231,198,99,80,162,583,1354,2269,2660,2309,1939,1940,2049,2073,2322,2532,2623,2553,2272,1644,1360,1216,911,546,0,0
2025,2025-03-13,Westbound,Heavy Vehicles,13,7,8,13,24,64,167,184,201,260,295,308,292,287,340,351,284,168,110,66,53,50,28,26,0,0
2025,2025-03-13,Westbound,All Vehicles,244,205,107,93,186,647,1521,2453,2861,2569,2234,2248,2341,2360,2662,2883,2907,2721,2382,1710,1413,1266,939,572,0,0
2025,2025-03-14,Westbound,Heavy Vehicles,4,7,8,16,12,32,96,87,134,147,179,194,204,184,206,172,136,101,69,41,37,30,27,17,0,0
2025,2025-03-14,Westbound,Light Vehicles,127,65,69,40,95,266,682,1136,1397,1168,1106,1196,1262,1229,1240,1372,1425,1384,1321,1038,771,668,672,440,0,0
2025,2025-03-14,Westbound,All Vehicles,131,72,77,56,107,298,778,1223,1531,1315,1285,1390,1466,1413,1446,1544,1561,1485,1390,1079,808,698,699,457,0,0
2025,2025-03-15,Westbound,Light Vehicles,708,411,302,166,162,395,873,1287,1918,2547,2875,2953,2865,2825,2663,2788,2841,2897,2703,2459,1895,1660,1638,1384,0,0
2025,2025-03-15,Westbound,Heavy Vehicles,17,11,6,15,25,34,67,99,141,153,159,178,190,166,141,123,132,130,88,65,68,55,65,41,0,0
2025,2025-03-15,Westbound,All Vehicles,725,422,308,181,187,429,940,1386,2059,2700,3034,3131,3055,2991,2804,2911,2973,3027,2791,2524,1963,1715,1703,1425,0,0
2025,2025-03-16,Westbound,Light Vehicles,985,740,572,336,257,256,450,737,1238,1791,2147,2483,2590,2582,2679,2612,2658,2581,2224,1649,1364,1209,845,591,0,0
2025,2025-03-16,Westbound,Heavy Vehicles,26,21,13,11,10,19,25,58,63,86,98,122,105,88,97,108,93,87,72,62,41,48,28,17,0,0
2025,2025-03-16,Westbound,All Vehicles,1011,761,585,347,267,275,475,795,1301,1877,2245,2605,2695,2670,2776,2720,2751,2668,2296,1711,1405,1257,873,608,0,0
2025,2025-03-17,Westbound,Light Vehicles,143,90,56,41,88,301,655,1114,1288,954,897,,,,,,,921,777,628,492,408,302,151,0,0
2025,2025-03-17,Westbound,Heavy Vehicles,9,5,2,6,9,30,59,75,88,116,122,,,,,,,49,31,27,18,6,12,8,0,0
2025,2025-03-17,Westbound,All Vehicles,152,95,58,47,97,331,714,1189,1376,1070,1019,,,,,,,970,808,655,510,414,314,159,0,0
2025,2025-03-18,Westbound,Heavy Vehicles,29,9,9,26,29,64,175,231,229,287,328,357,337,339,365,442,282,217,111,71,53,44,41,29,0,0
2025,2025-03-18,Westbound,Light Vehicles,145,84,82,68,159,664,1515,2705,3195,2682,2163,2018,2257,2105,2493,2744,2760,2704,2086,1502,1205,1052,706,368,0,0
2025,2025-03-18,Westbound,All Vehicles,174,93,91,94,188,728,1690,2936,3424,2969,2491,2375,2594,2444,2858,3186,3042,2921,2197,1573,1258,1096,747,397,0,0
2025,2025-03-19,Westbound,Heavy Vehicles,23,20,15,24,,,,,,,,312,287,300,355,348,260,184,101,66,55,50,50,33,0,0
2025,2025-03-19,Westbound,Light Vehicles,163,94,82,55,,,,,,,,1929,2043,1909,2166,2443,2481,2362,2101,1433,1192,989,770,449,0,0
2025,2025-03-19,Westbound,All Vehicles,186,114,97,79,,,,,,,,2241,2330,2209,2521,2791,2741,2546,2202,1499,1247,1039,820,482,0,0
2025,2025-03-20,Westbound,Heavy Vehicles,17,5,8,8,20,42,124,128,156,186,176,207,222,193,245,248,179,130,84,53,37,25,44,31,0,0
2025,2025-03-20,Westbound,Light Vehicles,96,103,36,41,64,342,842,1593,1897,1620,1264,1413,1584,1333,1610,1860,1888,1901,1586,1066,883,694,574,358,0,0
2025,2025-03-20,Westbound,All Vehicles,113,108,44,49,84,384,966,1721,2053,1806,1440,1620,1806,1526,1855,2108,2067,2031,1670,1119,920,719,618,389,0,0
2025,2025-03-21,Westbound,Light Vehicles,350,179,145,118,183,669,1488,2490,2723,2612,2449,2449,2584,2406,2641,2825,2896,2834,2535,1948,1437,1484,1344,1000,0,0
2025,2025-03-21,Westbound,Heavy Vehicles,26,16,10,23,25,70,175,218,256,315,343,374,340,348,341,365,244,182,111,85,61,40,44,24,0,0
2025,2025-03-21,Westbound,All Vehicles,376,195,155,141,208,739,1663,2708,2979,2927,2792,2823,2924,2754,2982,3190,3140,3016,2646,2033,1498,1524,1388,1024,0,0
2025,2025-03-22,Westbound,Light Vehicles,663,444,293,239,184,349,950,1356,1807,2417,2673,2794,2883,2896,2712,2610,2663,2760,,2097,1480,1568,1723,1394,0,0
2025,2025-03-22,Westbound,Heavy Vehicles,20,18,9,12,12,34,82,153,139,164,159,173,160,189,162,138,129,102,,67,54,49,58,36,0,0
2025,2025-03-22,Westbound,All Vehicles,683,462,302,251,196,383,1032,1509,1946,2581,2832,2967,3043,3085,2874,2748,2792,2862,,2164,1534,1617,1781,1430,0,0
2025,2025-03-25,Westbound,Heavy Vehicles,11,11,10,14,23,56,184,220,236,290,362,356,326,328,369,418,270,180,92,64,50,43,24,17,0,0
2025,2025-03-25,Westbound,Light Vehicles,163,67,71,51,165,671,1597,2761,3230,2682,2174,2157,2181,2147,2466,2786,2551,2638,2110,1468,1254,1035,663,364,0,0
2025,2025-03-25,Westbound,All Vehicles,174,78,81,65,188,727,1781,2981,3466,2972,2536,2513,2507,2475,2835,3204,2821,2818,2202,1532,1304,1078,687,381,0,0
2025,2025-03-26,Westbound,Light Vehicles,23,17,9,3,14,144,303,667,814,700,508,558,598,541,633,801,758,852,657,344,289,237,165,104,0,0
2025,2025-03-26,Westbound,Heavy Vehicles,3,3,3,2,7,12,46,67,59,62,66,71,63,67,86,103,70,43,25,19,15,10,7,6,0,0
2025,2025-03-26,Westbound,All Vehicles,26,20,12,5,21,156,349,734,873,762,574,629,661,608,719,904,828,895,682,363,304,247,172,110,0,0
2025,2025-03-27,Westbound,Heavy Vehicles,12,19,10,17,22,68,183,223,246,279,286,321,344,375,380,397,273,198,124,74,69,41,46,25,0,0
2025,2025-03-27,Westbound,Light Vehicles,277,208,90,74,161,618,1461,2757,3167,2792,1987,2222,2221,2252,2489,2661,2751,2928,2386,1737,1463,1257,1045,564,0,0
2025,2025-03-27,Westbound,All Vehicles,289,227,100,91,183,686,1644,2980,3413,3071,2273,2543,2565,2627,2869,3058,3024,3126,2510,1811,1532,1298,1091,589,0,0
2025,2025-03-29,Westbound,Light Vehicles,,,,,195,310,542,910,1523,2024,2419,2432,2707,2715,2600,2415,2372,2647,2340,1887,1437,1403,1443,1291,0,0
2025,2025-03-29,Westbound,Heavy Vehicles,,,,,12,32,40,77,107,115,146,130,138,114,109,116,113,105,86,62,49,48,41,34,0,0
2025,2025-03-29,Westbound,All Vehicles,,,,,207,342,582,987,1630,2139,2565,2562,2845,2829,2709,2531,2485,2752,2426,1949,1486,1451,1484,1325,0,0
2025,2025-03-30,Westbound,Heavy Vehicles,27,13,16,10,11,12,29,44,53,71,75,91,99,85,87,93,81,82,75,54,48,36,33,18,0,0
2025,2025-03-30,Westbound,Light Vehicles,1000,722,604,345,216,209,444,779,1163,1704,2110,2379,2527,2344,2268,2249,2315,2135,1676,1189,1012,900,541,314,0,0
2025,2025-03-30,Westbound,All Vehicles,1027,735,620,355,227,221,473,823,1216,1775,2185,2470,2626,2429,2355,2342,2396,2217,1751,1243,1060,936,574,332,0,0
2025,2025-04-01,Westbound,Heavy Vehicles,8,11,17,16,31,70,186,219,249,294,329,357,350,329,365,399,290,162,91,67,64,36,26,18,0,0
2025,2025-04-01,Westbound,Light Vehicles,138,80,60,70,164,693,1542,2809,3199,2611,2110,2062,2008,2048,2407,2762,2609,2546,2177,1402,1180,932,633,305,0,0
2025,2025-04-01,Westbound,All Vehicles,146,91,77,86,195,763,1728,3028,3448,2905,2439,2419,2358,2377,2772,3161,2899,2708,2268,1469,1244,968,659,323,0,0
2025,2025-04-02,Westbound,Light Vehicles,162,104,80,69,145,660,1580,2714,3115,,2207,,2108,2118,2388,2799,2825,2820,2447,1714,1391,1216,890,449,0,0
2025,2025-04-02,Westbound,Heavy Vehicles,10,19,10,8,21,63,177,219,263,,323,,382,343,387,415,305,192,110,76,41,40,28,16,0,0
2025,2025-04-02,Westbound,All Vehicles,172,123,90,77,166,723,1757,2933,3378,,2530,,2490,2461,2775,3214,3130,3012,2557,1790,1432,1256,918,465,0,0
2025,2025-04-04,Westbound,Light Vehicles,338,169,128,102,190,645,1462,2501,2874,2648,2338,2389,2538,2553,2638,2988,3060,,,,,,,,0,0
2025,2025-04-04,Westbound,Heavy Vehicles,13,7,11,18,29,59,159,255,303,311,323,384,317,337,359,350,256,,,,,,,,0,0
2025,2025-04-04,Westbound,All Vehicles,351,176,139,120,219,704,1621,2756,3177,2959,2661,2773,2855,2890,2997,3338,3316,,,,,,,,0,0
2025,2025-04-05,Westbound,Heavy Vehicles,,,,,12,35,80,106,126,149,167,167,145,146,159,144,115,109,97,75,55,58,46,56,0,0
2025,2025-04-05,Westbound,Light Vehicles,,,,,183,344,793,1220,1782,2350,2683,2850,2828,2797,2770,2663,2724,2999,2863,2287,1635,1540,1703,1494,0,0
2025,2025-04-05,Westbound,All Vehicles,,,,,195,379,873,1326,1908,2499,2850,3017,2973,2943,2929,2807,2839,3108,2960,2362,1690,1598,1749,1550,0,0
2025,2025-04-06,Westbound,Heavy Vehicles,36,17,22,10,9,17,42,48,87,97,101,88,103,84,90,104,91,95,69,51,30,22,23,19,0,0
2025,2025-04-06,Westbound,Light Vehicles,1145,876,955,198,182,273,559,967,1429,1975,2331,2531,2561,2584,2467,2651,2584,2320,1983,1320,1037,776,557,345,0,0
2025,2025-04-06,Westbound,All Vehicles,1181,893,977,208,191,290,601,1015,1516,2072,2432,2619,2664,2668,2557,2755,2675,2415,2052,1371,1067,798,580,364,0,0
2025,2025-04-07,Westbound,Light Vehicles,155,110,80,74,184,566,1379,2329,2578,2016,1679,1683,1788,1858,2053,2342,2379,2398,1682,1113,818,650,393,196,0,0
2025,2025-04-07,Westbound,Heavy Vehicles,9,8,7,10,17,58,163,165,220,278,283,313,294,308,327,331,242,160,107,55,43,33,24,17,0,0
2025,2025-04-07,Westbound,All Vehicles,164,118,87,84,201,624,1542,2494,2798,2294,1962,1996,2082,2166,2380,2673,2621,2558,1789,1168,861,683,417,213,0,0
2025,2025-04-08,Westbound,Heavy Vehicles,25,5,6,12,18,53,205,236,257,328,307,378,330,339,371,376,296,179,108,70,61,39,30,28,0,0
2025,2025-04-08,Westbound,Light Vehicles,148,77,52,57,174,672,1762,2816,3154,2488,2059,2210,2133,2096,2296,2830,2642,2658,2121,1334,1142,938,665,340,0,0
2025,2025-04-08,Westbound,All Vehicles,173,82,58,69,192,725,1967,3052,3411,2816,2366,2588,2463,2435,2667,3206,2938,2837,2229,1404,1203,977,695,368,0,0
2025,2025-04-09,Westbound,Heavy Vehicles,11,6,14,10,22,56,177,222,251,315,347,350,295,308,384,385,265,226,124,65,59,50,39,23,0,0
2025,2025-04-09,Westbound,Light Vehicles,176,76,64,68,179,703,1688,2725,3038,2706,2195,2258,2164,2154,2473,2853,2677,2747,2299,1562,1282,1270,861,425,0,0
2025,2025-04-09,Westbound,All Vehicles,187,82,78,78,201,759,1865,2947,3289,3021,2542,2608,2459,2462,2857,3238,2942,2973,2423,1627,1341,1320,900,448,0,0
2025,2025-04-10,Westbound,Light Vehicles,256,209,102,76,169,654,1708,2748,3075,2501,2169,2230,2337,2312,2578,2853,2821,2793,2421,1605,1499,1628,1018,544,0,0
2025,2025-04-10,Westbound,Heavy Vehicles,16,14,14,13,24,63,174,228,260,293,306,386,337,343,388,407,265,181,124,87,55,67,47,18,0,0
2025,2025-04-10,Westbound,All Vehicles,272,223,116,89,193,717,1882,2976,3335,2794,2475,2616,2674,2655,2966,3260,3086,2974,2545,1692,1554,1695,1065,562,0,0
2025,2025-04-12,Westbound,Heavy Vehicles,24,11,14,13,12,32,70,101,146,140,158,160,162,154,127,119,105,114,97,65,60,37,50,42,0,0
2025,2025-04-12,Westbound,Light Vehicles,586,421,280,227,164,345,800,1089,1654,2201,2496,2723,2695,2752,2634,2713,2452,2712,2563,1816,1531,1671,1866,1388,0,0
2025,2025-04-12,Westbound,All Vehicles,610,432,294,240,176,377,870,1190,1800,2341,2654,2883,2857,2906,2761,2832,2557,2826,2660,1881,1591,1708,1916,1430,0,0
2025,2025-04-13,Westbound,Light Vehicles,965,812,621,309,212,245,470,801,1234,1848,2135,2290,2430,2295,2216,2347,2439,2433,2135,1223,996,927,655,369,0,0
2025,2025-04-13,Westbound,Heavy Vehicles,30,15,14,13,9,17,32,50,55,79,91,103,94,72,91,86,96,83,63,48,44,37,21,12,0,0
2025,2025-04-13,Westbound,All Vehicles,995,827,635,322,221,262,502,851,1289,1927,2226,2393,2524,2367,2307,2433,2535,2516,2198,1271,1040,964,676,381,0,0
2025,2025-04-14,Westbound,Light Vehicles,195,111,91,65,183,609,1435,2420,2610,2336,2016,2038,2051,2038,2347,2767,2401,2316,1671,1064,694,711,455,272,0,0
2025,2025-04-14,Westbound,Heavy Vehicles,10,9,10,14,32,77,185,228,241,268,293,310,309,327,353,412,277,185,100,65,29,36,28,15,0,0
2025,2025-04-14,Westbound,All Vehicles,205,120,101,79,215,686,1620,2648,2851,2604,2309,2348,2360,2365,2700,3179,2678,2501,1771,1129,723,747,483,287,0,0
2025,2025-04-15,Westbound,Light Vehicles,115,81,52,48,144,670,1551,2595,2888,2473,2120,2065,2155,2036,2416,2736,2485,2459,1976,1316,1062,909,642,334,0,0
2025,2025-04-15,Westbound,Heavy Vehicles,16,8,7,10,21,65,171,239,280,297,307,376,365,333,362,438,260,202,96,66,42,47,30,14,0,0
2025,2025-04-15,Westbound,All Vehicles,131,89,59,58,165,735,1722,2834,3168,2770,2427,2441,2520,2369,2778,3174,2745,2661,2072,1382,1104,956,672,348,0,0
2025,2025-04-16,Westbound,Light Vehicles,147,113,75,63,170,662,1564,2502,2842,2565,2241,2185,2268,2222,2389,2865,2520,2645,2202,1465,1195,1105,862,460,0,0
2025,2025-04-16,Westbound,Heavy Vehicles,12,12,14,13,22,62,213,207,275,323,342,342,354,344,386,426,288,204,132,67,58,54,49,21,0,0
2025,2025-04-16,Westbound,All Vehicles,159,125,89,76,192,724,1777,2709,3117,2888,2583,2527,2622,2566,2775,3291,2808,2849,2334,1532,1253,1159,911,481,0,0
2025,2025-04-17,Westbound,Heavy Vehicles,9,15,14,24,26,70,166,221,287,329,351,337,369,325,368,362,232,171,114,73,58,48,40,32,0,0
2025,2025-04-17,Westbound,Light Vehicles,282,235,118,90,182,613,1533,2361,2760,2587,2311,2397,2510,2562,2652,2850,2575,2634,2475,1634,1333,1175,1075,690,0,0
2025,2025-04-17,Westbound,All Vehicles,291,250,132,114,208,683,1699,2582,3047,2916,2662,2734,2879,2887,3020,3212,2807,2805,2589,1707,1391,1223,1115,722,0,0
2025,2025-04-18,Westbound,Heavy Vehicles,14,13,9,9,11,29,43,74,64,77,97,98,89,78,68,89,87,74,71,45,39,37,36,14,0,0
2025,2025-04-18,Westbound,Light Vehicles,386,218,193,185,187,304,523,762,1057,1419,1574,1733,1657,1491,1533,1472,1532,1554,1471,895,751,716,672,416,0,0
2025,2025-04-18,Westbound,All Vehicles,400,231,202,194,198,333,566,836,1121,1496,1671,1831,1746,1569,1601,1561,1619,1628,1542,940,790,753,708,430,0,0
2025,2025-04-19,Westbound,Light Vehicles,297,216,111,96,108,259,477,828,1232,1894,2061,2270,2278,2155,2237,2213,2308,2406,2244,1363,1171,1117,1259,921,0,0
2025,2025-04-19,Westbound,Heavy Vehicles,26,23,8,15,26,40,64,84,112,134,132,139,147,146,123,130,117,126,115,67,57,59,51,47,0,0
2025,2025-04-19,Westbound,All Vehicles,323,239,119,111,134,299,541,912,1344,2028,2193,2409,2425,2301,2360,2343,2425,2532,2359,1430,1228,1176,1310,968,0,0
2025,2025-04-20,Westbound,Light Vehicles,674,485,400,288,218,223,365,580,929,1463,1789,2119,2201,1842,1785,1919,2139,2333,2455,1375,1014,869,747,489,0,0
2025,2025-04-20,Westbound,Heavy Vehicles,33,25,14,11,17,26,37,59,73,83,92,89,108,87,80,96,101,102,101,60,64,48,44,30,0,0
2025,2025-04-20,Westbound,All Vehicles,707,510,414,299,235,249,402,639,1002,1546,1881,2208,2309,1929,1865,2015,2240,2435,2556,1435,1078,917,791,519,0,0
2025,2025-04-21,Westbound,Heavy Vehicles,12,9,3,4,4,11,15,24,25,31,40,32,42,39,34,34,33,39,33,20,15,16,10,13,0,0
2025,2025-04-21,Westbound,Light Vehicles,162,94,71,60,58,73,153,223,294,448,528,564,519,548,691,572,608,561,496,342,277,207,172,126,0,0
2025,2025-04-21,Westbound,All Vehicles,174,103,74,64,62,84,168,247,319,479,568,596,561,587,725,606,641,600,529,362,292,223,182,139,0,0
2025,2025-04-22,Westbound,Heavy Vehicles,23,11,16,7,26,51,139,216,238,253,281,295,246,280,280,306,213,146,64,59,39,29,21,9,0,0
2025,2025-04-22,Westbound,Light Vehicles,159,83,53,60,152,497,1249,2041,2602,2188,1994,2081,1984,2083,2198,2530,2213,2177,1660,1026,884,745,499,267,0,0
2025,2025-04-22,Westbound,All Vehicles,182,94,69,67,178,548,1388,2257,2840,2441,2275,2376,2230,2363,2478,2836,2426,2323,1724,1085,923,774,520,276,0,0
2025,2025-04-24,Westbound,Heavy Vehicles,,,,21,16,61,162,204,232,296,297,333,335,326,332,337,292,147,109,53,59,37,33,21,0,0
2025,2025-04-24,Westbound,Light Vehicles,,,2,82,131,480,1215,1976,2399,2504,2175,2301,2410,2329,2613,2922,2537,2697,2374,1531,1327,1171,965,670,0,0
2025,2025-04-24,Westbound,All Vehicles,,,2,103,147,541,1377,2180,2631,2800,2472,2634,2745,2655,2945,3259,2829,2844,2483,1584,1386,1208,998,691,0,0
2025,2025-04-25,Westbound,Light Vehicles,299,179,161,135,147,186,386,482,730,1052,1226,1302,1279,1167,1165,1295,1297,1254,1457,1030,862,859,758,569,0,0
2025,2025-04-25,Westbound,Heavy Vehicles,12,5,5,7,5,11,23,40,27,47,58,52,52,45,51,57,53,31,51,36,24,22,19,14,0,0
2025,2025-04-25,Westbound,All Vehicles,311,184,166,142,152,197,409,522,757,1099,1284,1354,1331,1212,1216,1352,1350,1285,1508,1066,886,881,777,583,0,0
2025,2025-04-26,Westbound,Heavy Vehicles,13,5,7,10,15,35,48,75,111,114,125,129,138,129,134,130,95,96,74,58,44,52,49,28,0,0
2025,2025-04-26,Westbound,Light Vehicles,581,402,329,223,150,272,498,863,1251,1979,2192,2309,2470,2406,2301,2293,2220,2407,2162,1391,1211,858,1189,965,0,0
2025,2025-04-26,Westbound,All Vehicles,594,407,336,233,165,307,546,938,1362,2093,2317,2438,2608,2535,2435,2423,2315,2503,2236,1449,1255,910,1238,993,0,0
2025,2025-04-27,Westbound,Light Vehicles,706,517,348,244,167,157,287,538,953,1435,1783,1942,2040,1869,2021,1993,1764,1891,1531,989,851,748,529,304,0,0
2025,2025-04-27,Westbound,Heavy Vehicles,25,15,11,14,5,19,20,44,33,67,90,112,83,84,85,85,70,68,71,49,50,27,12,17,0,0
2025,2025-04-27,Westbound,All Vehicles,731,532,359,258,172,176,307,582,986,1502,1873,2054,2123,1953,2106,2078,1834,1959,1602,1038,901,775,541,321,0,0
2025,2025-04-28,Westbound,Light Vehicles,175,80,65,77,181,558,1423,2584,2933,2229,1936,1987,1941,1977,2117,2463,2433,2443,1842,1222,895,657,432,225,0,0
2025,2025-04-28,Westbound,Heavy Vehicles,11,9,12,15,29,67,161,218,266,245,280,271,307,259,278,350,251,159,107,64,48,40,22,15,0,0
2025,2025-04-28,Westbound,All Vehicles,186,89,77,92,210,625,1584,2802,3199,2474,2216,2258,2248,2236,2395,2813,2684,2602,1949,1286,943,697,454,240,0,0
2025,2025-04-29,Westbound,Light Vehicles,136,81,59,58,142,667,1568,2795,3168,2591,2070,2090,2118,2084,2497,2600,2685,2604,2012,1283,1030,925,543,283,0,0
2025,2025-04-29,Westbound,Heavy Vehicles,13,7,8,9,25,59,173,221,242,300,322,334,349,341,380,363,262,161,81,62,45,38,20,14,0,0
2025,2025-04-29,Westbound,All Vehicles,149,88,67,67,167,726,1741,3016,3410,2891,2392,2424,2467,2425,2877,2963,2947,2765,2093,1345,1075,963,563,297,0,0
2025,2025-04-30,Westbound,Light Vehicles,154,81,61,67,162,631,1533,2361,3162,2650,2188,2144,2201,2007,2431,2677,2728,2685,2161,1369,1100,1029,694,410,0,0
2025,2025-04-30,Westbound,Heavy Vehicles,8,9,15,11,27,75,182,219,217,305,335,382,327,292,354,378,228,183,129,56,58,37,31,33,0,0
2025,2025-04-30,Westbound,All Vehicles,162,90,76,78,189,706,1715,2580,3379,2955,2523,2526,2528,2299,2785,3055,2956,2868,2290,1425,1158,1066,725,443,0,0
2025,2025-05-01,Westbound,Heavy Vehicles,16,5,8,10,28,73,148,215,235,277,332,360,339,312,372,369,241,182,104,74,44,40,32,23,0,0
2025,2025-05-01,Westbound,Light Vehicles,238,158,75,84,151,608,1503,2744,3168,2759,2214,2227,2371,2205,2397,2920,2747,2728,2376,1623,1286,1213,938,481,0,0
2025,2025-05-01,Westbound,All Vehicles,254,163,83,94,179,681,1651,2959,3403,3036,2546,2587,2710,2517,2769,3289,2988,2910,2480,1697,1330,1253,970,504,0,0
2025,2025-05-02,Westbound,Heavy Vehicles,19,8,12,16,26,77,176,221,248,320,307,350,342,316,342,334,229,161,131,71,54,48,56,32,0,0
2025,2025-05-02,Westbound,Light Vehicles,318,150,121,100,179,639,1390,2509,2957,2590,2268,2290,2345,2481,2507,2950,2855,3009,2598,1693,1277,1250,1329,989,0,0
2025,2025-05-02,Westbound,All Vehicles,337,158,133,116,205,716,1566,2730,3205,2910,2575,2640,2687,2797,2849,3284,3084,3170,2729,1764,1331,1298,1385,1021,0,0
2025,2025-05-03,Westbound,Light Vehicles,310,209,145,116,79,173,426,811,1108,1436,1593,1660,1708,1776,1670,1520,1466,1853,1545,989,664,721,831,769,0,0
2025,2025-05-03,Westbound,Heavy Vehicles,10,4,10,6,15,21,50,61,67,81,90,101,106,95,91,97,68,65,43,47,29,21,38,24,0,0
2025,2025-05-03,Westbound,All Vehicles,320,213,155,122,94,194,476,872,1175,1517,1683,1761,1814,1871,1761,1617,1534,1918,1588,1036,693,742,869,793,0,0
2025,2025-05-04,Westbound,Light Vehicles,890,641,471,303,213,330,634,949,1319,1937,2187,2391,2791,2435,2429,2350,2777,2611,1864,1147,997,778,527,310,0,0
2025,2025-05-04,Westbound,Heavy Vehicles,28,15,18,11,7,27,28,41,64,89,101,81,113,104,91,103,88,89,71,50,29,33,20,8,0,0
2025,2025-05-04,Westbound,All Vehicles,918,656,489,314,220,357,662,990,1383,2026,2288,2472,2904,2539,2520,2453,2865,2700,1935,1197,1026,811,547,318,0,0
2025,2025-05-05,Westbound,Heavy Vehicles,6,15,17,14,21,72,161,183,242,296,305,345,342,306,334,395,310,183,113,62,53,41,37,23,0,0
2025,2025-05-05,Westbound,Light Vehicles,162,104,82,73,193,633,1490,2693,3102,2454,1924,2000,2022,2017,2294,2791,2612,2680,1865,1205,958,785,445,238,0,0
2025,2025-05-05,Westbound,All Vehicles,168,119,99,87,214,705,1651,2876,3344,2750,2229,2345,2364,2323,2628,3186,2922,2863,1978,1267,1011,826,482,261,0,0
2025,2025-05-06,Westbound,Heavy Vehicles,24,12,8,10,21,75,183,225,251,329,328,369,368,303,349,396,307,192,107,74,56,42,28,13,0,0
2025,2025-05-06,Westbound,Light Vehicles,141,80,82,63,172,660,1605,2820,3277,2758,2190,2122,2137,2152,2369,2719,2720,2879,2214,1262,1136,956,639,317,0,0
2025,2025-05-06,Westbound,All Vehicles,165,92,90,73,193,735,1788,3045,3528,3087,2518,2491,2505,2455,2718,3115,3027,3071,2321,1336,1192,998,667,330,0,0
2025,2025-05-07,Westbound,Light Vehicles,153,98,74,75,183,614,1642,2804,3301,2667,2104,2144,2255,2092,2356,2796,2838,2884,2355,1546,487,,,,0,0
2025,2025-05-07,Westbound,Heavy Vehicles,11,9,13,14,19,86,201,232,263,298,360,375,336,310,370,379,285,211,104,85,23,,,,0,0
2025,2025-05-07,Westbound,All Vehicles,164,107,87,89,202,700,1843,3036,3564,2965,2464,2519,2591,2402,2726,3175,3123,3095,2459,1631,510,,,,0,0
2025,2025-05-09,Westbound,Light Vehicles,,,8,103,204,619,1491,2544,2948,2557,2422,2287,2528,2504,2550,2868,2951,2905,2599,1734,1333,1380,1474,999,0,0
2025,2025-05-09,Westbound,Heavy Vehicles,,,,21,31,76,151,232,272,310,352,396,340,345,357,365,270,181,130,78,48,53,47,34,0,0
2025,2025-05-09,Westbound,All Vehicles,,,8,124,235,695,1642,2776,3220,2867,2774,2683,2868,2849,2907,3233,3221,3086,2729,1812,1381,1433,1521,1033,0,0
2025,2025-05-11,Westbound,Heavy Vehicles,16,26,15,11,14,20,36,47,62,76,100,95,105,99,95,80,101,77,56,52,41,35,18,13,0,0
2025,2025-05-11,Westbound,Light Vehicles,1008,698,570,347,229,230,419,778,1163,1868,2366,2756,3059,2450,2498,2189,2573,2396,1679,1185,974,749,495,288,0,0
2025,2025-05-11,Westbound,All Vehicles,1024,724,585,358,243,250,455,825,1225,1944,2466,2851,3164,2549,2593,2269,2674,2473,1735,1237,1015,784,513,301,0,0
2025,2025-05-12,Westbound,Heavy Vehicles,13,12,19,21,26,83,173,202,213,281,280,307,344,304,334,351,259,184,113,58,54,36,26,23,0,0
2025,2025-05-12,Westbound,Light Vehicles,162,104,84,60,189,612,1494,2700,2899,2553,1995,2054,1946,1919,2235,2607,2593,2568,1802,1209,975,768,510,324,0,0
2025,2025-05-12,Westbound,All Vehicles,175,116,103,81,215,695,1667,2902,3112,2834,2275,2361,2290,2223,2569,2958,2852,2752,1915,1267,1029,804,536,347,0,0
2025,2025-05-13,Westbound,Heavy Vehicles,17,12,19,19,28,68,185,219,241,297,358,340,326,331,359,399,272,181,93,67,47,39,31,39,0,0
2025,2025-05-13,Westbound,Light Vehicles,122,77,74,83,160,665,1621,2859,3300,2600,2034,2010,2157,2105,2293,2743,2746,2638,2045,1308,1068,972,654,377,0,0
2025,2025-05-13,Westbound,All Vehicles,139,89,93,102,188,733,1806,3078,3541,2897,2392,2350,2483,2436,2652,3142,3018,2819,2138,1375,1115,1011,685,416,0,0
2025,2025-05-14,Westbound,Heavy Vehicles,12,18,16,20,39,72,188,229,273,320,362,369,343,343,353,378,301,203,105,57,39,52,47,25,0,0
2025,2025-05-14,Westbound,Light Vehicles,180,105,74,95,194,647,1658,2870,3207,2623,2156,2152,2246,2161,2412,2746,2832,2804,2333,1474,1194,1176,796,447,0,0
2025,2025-05-14,Westbound,All Vehicles,192,123,90,115,233,719,1846,3099,3480,2943,2518,2521,2589,2504,2765,3124,3133,3007,2438,1531,1233,1228,843,472,0,0
2025,2025-05-15,Westbound,Light Vehicles,254,181,94,88,182,614,1506,2766,3228,2858,2157,2207,2212,2223,2308,2703,2754,2767,2436,1718,1397,1189,1017,491,0,0
2025,2025-05-15,Westbound,Heavy Vehicles,23,23,21,37,30,56,168,247,211,311,320,353,353,340,329,378,260,201,113,68,57,52,35,34,0,0
2025,2025-05-15,Westbound,All Vehicles,277,204,115,125,212,670,1674,3013,3439,3169,2477,2560,2565,2563,2637,3081,3014,2968,2549,1786,1454,1241,1052,525,0,0
2025,2025-05-16,Westbound,Heavy Vehicles,22,21,22,29,30,60,173,237,258,310,350,357,336,304,370,305,272,215,104,86,55,39,50,40,0,0
2025,2025-05-16,Westbound,Light Vehicles,292,186,134,101,201,629,1452,2437,2862,2611,2262,2322,2463,2460,2580,2733,2897,2824,2666,1861,1352,1237,1346,1110,0,0
2025,2025-05-16,Westbound,All Vehicles,314,207,156,130,231,689,1625,2674,3120,2921,2612,2679,2799,2764,2950,3038,3169,3039,2770,1947,1407,1276,1396,1150,0,0
2025,2025-05-18,Westbound,Heavy Vehicles,25,20,13,12,8,21,29,44,53,63,97,101,103,83,94,91,83,85,50,32,43,33,22,10,0,0
2025,2025-05-18,Westbound,Light Vehicles,1008,833,578,408,235,246,404,761,1086,1680,2206,2288,2540,2378,2189,2166,2147,2164,1483,1134,1010,722,459,241,0,0
2025,2025-05-18,Westbound,All Vehicles,1033,853,591,420,243,267,433,805,1139,1743,2303,2389,2643,2461,2283,2257,2230,2249,1533,1166,1053,755,481,251,0,0
2025,2025-05-19,Westbound,Light Vehicles,123,94,49,67,189,463,1427,2715,3077,2104,1874,1932,1956,1978,2165,2457,2485,2445,1710,1169,903,669,416,206,0,0
2025,2025-05-19,Westbound,Heavy Vehicles,6,11,14,11,22,58,176,234,231,283,287,330,329,283,363,377,258,148,95,60,35,29,15,14,0,0
2025,2025-05-19,Westbound,All Vehicles,129,105,63,78,211,521,1603,2949,3308,2387,2161,2262,2285,2261,2528,2834,2743,2593,1805,1229,938,698,431,220,0,0
2025,2025-05-20,Westbound,Light Vehicles,115,90,45,55,179,618,1618,2742,2964,2565,2068,1905,2046,2103,2344,2847,2615,2698,1915,1346,1083,889,604,319,0,0
2025,2025-05-20,Westbound,Heavy Vehicles,10,3,8,13,26,72,171,224,214,311,319,329,335,321,347,401,288,205,70,71,47,41,33,22,0,0
2025,2025-05-20,Westbound,All Vehicles,125,93,53,68,205,690,1789,2966,3178,2876,2387,2234,2381,2424,2691,3248,2903,2903,1985,1417,1130,930,637,341,0,0
2025,2025-05-21,Westbound,Light Vehicles,162,98,66,64,148,632,1540,2757,3235,2496,2109,2126,2208,2188,2425,2774,2783,2601,2216,1481,1153,1098,748,367,0,0
2025,2025-05-21,Westbound,Heavy Vehicles,16,11,6,13,32,63,183,206,246,298,322,363,338,358,388,429,281,186,95,64,42,52,44,23,0,0
2025,2025-05-21,Westbound,All Vehicles,178,109,72,77,180,695,1723,2963,3481,2794,2431,2489,2546,2546,2813,3203,3064,2787,2311,1545,1195,1150,792,390,0,0
2025,2025-05-22,Westbound,Heavy Vehicles,8,6,14,12,22,60,172,201,246,305,291,303,331,276,311,283,218,136,95,53,62,40,35,26,0,0
2025,2025-05-22,Westbound,Light Vehicles,211,157,102,70,182,589,1524,2801,3031,2624,2061,2043,2275,2103,2372,2525,2552,2540,2035,1013,1230,1064,788,455,0,0
2025,2025-05-22,Westbound,All Vehicles,219,163,116,82,204,649,1696,3002,3277,2929,2352,2346,2606,2379,2683,2808,2770,2676,2130,1066,1292,1104,823,481,0,0
2025,2025-05-23,Westbound,Light Vehicles,259,140,112,86,182,557,1052,2491,2671,2456,2091,2221,2340,2309,2486,2592,2744,2740,2311,1686,1246,1311,1099,850,0,0
2025,2025-05-23,Westbound,Heavy Vehicles,10,16,21,11,23,40,145,208,238,263,280,317,310,317,297,276,253,163,103,68,54,54,35,28,0,0
2025,2025-05-23,Westbound,All Vehicles,269,156,133,97,205,597,1197,2699,2909,2719,2371,2538,2650,2626,2783,2868,2997,2903,2414,1754,1300,1365,1134,878,0,0
2025,2025-05-24,Westbound,Heavy Vehicles,18,15,10,20,12,34,69,81,100,148,159,174,155,189,159,141,142,134,112,49,18,52,55,33,0,0
2025,2025-05-24,Westbound,Light Vehicles,626,397,291,189,164,316,699,1243,1686,2272,2385,2683,2381,2877,2731,2398,2595,3151,2633,1335,603,1438,1494,1252,0,0
2025,2025-05-24,Westbound,All Vehicles,644,412,301,209,176,350,768,1324,1786,2420,2544,2857,2536,3066,2890,2539,2737,3285,2745,1384,621,1490,1549,1285,0,0
2025,2025-05-25,Westbound,Heavy Vehicles,32,18,8,15,10,9,32,39,57,73,102,98,104,84,83,87,96,97,72,47,28,28,21,12,0,0
2025,2025-05-25,Westbound,Light Vehicles,969,827,663,391,238,223,391,683,1087,1883,2131,2373,2587,2290,2419,2329,2258,2208,1522,1082,926,734,495,260,0,0
2025,2025-05-25,Westbound,All Vehicles,1001,845,671,406,248,232,423,722,1144,1956,2233,2471,2691,2374,2502,2416,2354,2305,1594,1129,954,762,516,272,0,0
2025,2025-05-26,Westbound,Heavy Vehicles,12,13,11,20,25,65,169,191,256,271,348,345,327,302,324,428,282,171,76,75,45,23,22,13,0,0
2025,2025-05-26,Westbound,Light Vehicles,156,72,63,67,182,598,1410,2717,3210,2254,1955,2020,2011,1997,2063,2639,2635,2501,1779,1222,944,679,447,213,0,0
2025,2025-05-26,Westbound,All Vehicles,168,85,74,87,207,663,1579,2908,3466,2525,2303,2365,2338,2299,2387,3067,2917,2672,1855,1297,989,702,469,226,0,0
2025,2025-05-27,Westbound,Light Vehicles,111,67,65,54,156,608,1581,2820,3272,2583,2127,2027,2080,2059,2392,2739,2667,2717,1931,1337,1116,926,582,303,0,0
2025,2025-05-27,Westbound,Heavy Vehicles,8,10,12,11,27,66,180,236,261,311,357,354,337,336,389,393,290,199,111,75,57,38,21,26,0,0
2025,2025-05-27,Westbound,All Vehicles,119,77,77,65,183,674,1761,3056,3533,2894,2484,2381,2417,2395,2781,3132,2957,2916,2042,1412,1173,964,603,329,0,0
2025,2025-05-28,Westbound,Heavy Vehicles,11,7,12,17,17,84,169,223,251,299,344,356,342,403,409,412,317,241,102,56,44,28,37,27,0,0
2025,2025-05-28,Westbound,Light Vehicles,158,80,47,69,158,647,1507,2719,3233,2532,2166,2210,2182,2106,2477,2723,2811,2816,2339,1491,1070,1040,1002,410,0,0
2025,2025-05-28,Westbound,All Vehicles,169,87,59,86,175,731,1676,2942,3484,2831,2510,2566,2524,2509,2886,3135,3128,3057,2441,1547,1114,1068,1039,437,0,0
2025,2025-05-29,Westbound,Heavy Vehicles,8,14,13,17,29,79,182,240,283,302,353,389,341,347,359,390,282,199,115,70,46,39,44,32,0,0
2025,2025-05-29,Westbound,Light Vehicles,234,186,109,75,151,594,1486,2738,3228,2672,2194,2176,2254,2181,2405,2821,2869,2648,2453,1557,1416,1258,815,508,0,0
2025,2025-05-29,Westbound,All Vehicles,242,200,122,92,180,673,1668,2978,3511,2974,2547,2565,2595,2528,2764,3211,3151,2847,2568,1627,1462,1297,859,540,0,0
2025,2025-05-30,Westbound,Light Vehicles,262,158,108,105,183,612,1432,2460,2881,2514,2189,2482,2643,2442,2573,2804,3017,2949,2498,1723,1381,1337,1187,928,0,0
2025,2025-05-30,Westbound,Heavy Vehicles,11,9,8,26,29,66,173,224,262,314,361,386,347,355,333,366,318,202,110,79,42,57,33,25,0,0
2025,2025-05-30,Westbound,All Vehicles,273,167,116,131,212,678,1605,2684,3143,2828,2550,2868,2990,2797,2906,3170,3335,3151,2608,1802,1423,1394,1220,953,0,0
2025,2025-06-01,Westbound,Light Vehicles,,,,,,,,,,,554,2440,2701,2740,2456,2558,2726,2510,1699,1102,1104,897,591,265,0,0
2025,2025-06-01,Westbound,Heavy Vehicles,,,,,,,,,,,19,119,92,118,108,95,103,100,66,35,50,35,37,18,0,0
2025,2025-06-01,Westbound,All Vehicles,,,,,,,,,,,573,2559,2793,2858,2564,2653,2829,2610,1765,1137,1154,932,628,283,0,0
2025,2025-06-03,Westbound,Light Vehicles,111,70,58,49,150,649,1628,2811,3129,2460,2062,2060,1962,2131,2373,2681,2799,2591,2045,1328,1104,884,565,286,0,0
2025,2025-06-03,Westbound,Heavy Vehicles,14,11,9,13,21,64,194,225,269,291,341,352,364,333,349,399,291,213,92,67,58,42,24,17,0,0
2025,2025-06-03,Westbound,All Vehicles,125,81,67,62,171,713,1822,3036,3398,2751,2403,2412,2326,2464,2722,3080,3090,2804,2137,1395,1162,926,589,303,0,0
2025,2025-06-04,Westbound,Heavy Vehicles,12,11,11,20,25,76,170,224,253,300,354,380,358,323,339,294,245,171,100,64,53,39,29,24,0,0
2025,2025-06-04,Westbound,Light Vehicles,163,92,62,60,187,644,1583,2685,3124,2874,2203,2212,2145,2141,2180,2503,2579,2578,2227,1451,1215,978,691,404,0,0
2025,2025-06-04,Westbound,All Vehicles,175,103,73,80,212,720,1753,2909,3377,3174,2557,2592,2503,2464,2519,2797,2824,2749,2327,1515,1268,1017,720,428,0,0
2025,2025-06-05,Westbound,Light Vehicles,216,154,90,73,150,624,1506,2752,3202,2543,2147,2263,2374,2310,2463,2797,2894,2989,2327,1637,1295,1110,904,465,0,0
2025,2025-06-05,Westbound,Heavy Vehicles,14,14,14,12,24,69,179,219,255,296,317,335,381,351,366,421,309,214,140,78,40,44,32,25,0,0
2025,2025-06-05,Westbound,All Vehicles,230,168,104,85,174,693,1685,2971,3457,2839,2464,2598,2755,2661,2829,3218,3203,3203,2467,1715,1335,1154,936,490,0,0
2025,2025-06-06,Westbound,Heavy Vehicles,11,22,13,14,24,59,179,231,262,346,310,352,335,374,357,368,242,179,97,67,33,52,45,22,0,0
2025,2025-06-06,Westbound,Light Vehicles,231,150,117,113,178,599,1372,2333,2463,2419,2237,2254,2413,2513,2597,2885,2567,2548,2177,1477,1125,1101,1047,808,0,0
2025,2025-06-06,Westbound,All Vehicles,242,172,130,127,202,658,1551,2564,2725,2765,2547,2606,2748,2887,2954,3253,2809,2727,2274,1544,1158,1153,1092,830,0,0
2025,2025-06-07,Westbound,Light Vehicles,535,341,244,181,145,294,599,972,1452,2142,2310,2472,2596,2525,2539,2372,2325,2555,2016,1494,1134,1137,1168,972,0,0
2025,2025-06-07,Westbound,Heavy Vehicles,22,12,14,10,13,33,56,90,128,137,134,159,152,143,134,107,119,105,74,63,38,48,43,33,0,0
2025,2025-06-07,Westbound,All Vehicles,557,353,258,191,158,327,655,1062,1580,2279,2444,2631,2748,2668,2673,2479,2444,2660,2090,1557,1172,1185,1211,1005,0,0
2025,2025-06-08,Westbound,Light Vehicles,732,581,416,323,222,223,359,665,1074,1533,2054,2151,2323,2138,2131,2192,2267,2230,1698,1097,1015,922,738,588,0,0
2025,2025-06-08,Westbound,Heavy Vehicles,16,14,8,8,12,15,31,53,54,77,93,95,91,74,78,91,78,76,52,42,42,41,27,16,0,0
2025,2025-06-08,Westbound,All Vehicles,748,595,424,331,234,238,390,718,1128,1610,2147,2246,2414,2212,2209,2283,2345,2306,1750,1139,1057,963,765,604,0,0
2025,2025-06-09,Westbound,Heavy Vehicles,10,5,9,10,7,15,24,43,63,60,85,93,74,72,96,93,65,61,52,36,26,16,17,9,0,0
2025,2025-06-09,Westbound,Light Vehicles,369,271,222,169,147,164,289,473,721,1242,1540,1763,1791,1822,1895,1811,1502,1382,1193,797,695,530,350,202,0,0
2025,2025-06-09,Westbound,All Vehicles,379,276,231,179,154,179,313,516,784,1302,1625,1856,1865,1894,1991,1904,1567,1443,1245,833,721,546,367,211,0,0
2025,2025-06-10,Westbound,Light Vehicles,102,74,57,57,144,528,1480,2860,3190,2441,2002,2037,1950,2043,2272,2626,2662,2585,1942,1320,988,805,525,275,0,0
2025,2025-06-10,Westbound,Heavy Vehicles,3,7,11,9,21,49,146,231,253,248,321,384,353,385,363,394,281,180,96,64,44,46,30,21,0,0
2025,2025-06-10,Westbound,All Vehicles,105,81,68,66,165,577,1626,3091,3443,2689,2323,2421,2303,2428,2635,3020,2943,2765,2038,1384,1032,851,555,296,0,0
2025,2025-06-11,Westbound,Light Vehicles,139,94,58,65,172,596,1519,2833,3177,2607,2090,2066,2127,2125,2350,2689,2806,2857,2108,1404,1158,1046,738,422,0,0
2025,2025-06-11,Westbound,Heavy Vehicles,12,18,12,15,15,75,175,212,295,319,337,336,387,372,382,408,320,219,96,76,52,44,38,28,0,0
2025,2025-06-11,Westbound,All Vehicles,151,112,70,80,187,671,1694,3045,3472,2926,2427,2402,2514,2497,2732,3097,3126,3076,2204,1480,1210,1090,776,450,0,0
2025,2025-06-12,Westbound,Light Vehicles,213,119,74,87,150,621,1498,2726,3126,2545,2085,2188,2265,2150,2518,2669,2864,2761,2182,1550,1318,1227,848,495,0,0
2025,2025-06-12,Westbound,Heavy Vehicles,20,10,6,16,23,57,191,213,283,331,343,359,353,407,419,394,337,208,116,90,62,34,26,21,0,0
2025,2025-06-12,Westbound,All Vehicles,233,129,80,103,173,678,1689,2939,3409,2876,2428,2547,2618,2557,2937,3063,3201,2969,2298,1640,1380,1261,874,516,0,0
2025,2025-06-13,Westbound,Heavy Vehicles,17,12,14,15,28,70,167,234,322,320,348,380,348,364,379,370,308,211,124,67,43,52,45,32,0,0
2025,2025-06-13,Westbound,Light Vehicles,250,158,98,97,173,596,1345,2381,2847,2525,2200,2379,2385,2320,2519,2847,2939,2855,2339,1624,1239,1257,1172,834,0,0
2025,2025-06-13,Westbound,All Vehicles,267,170,112,112,201,666,1512,2615,3169,2845,2548,2759,2733,2684,2898,3217,3247,3066,2463,1691,1282,1309,1217,866,0,0
2025,2025-06-14,Westbound,Heavy Vehicles,15,7,10,10,13,34,70,109,129,148,161,166,184,181,160,137,123,122,89,51,39,60,35,33,0,0
2025,2025-06-14,Westbound,Light Vehicles,603,360,252,189,155,299,707,1330,1867,2499,2736,2801,2882,2713,2772,2627,2477,2863,2371,1736,1371,1294,1423,1156,0,0
2025,2025-06-14,Westbound,All Vehicles,618,367,262,199,168,333,777,1439,1996,2647,2897,2967,3066,2894,2932,2764,2600,2985,2460,1787,1410,1354,1458,1189,0,0
2025,2025-06-17,Westbound,Heavy Vehicles,12,11,18,18,21,69,160,219,260,329,327,216,325,389,406,419,289,212,80,50,50,36,33,13,0,0
2025,2025-06-17,Westbound,Light Vehicles,125,83,86,55,162,664,1517,2748,3158,2638,2083,1206,2057,2055,2381,2587,2698,2710,2060,1342,1067,795,591,295,0,0
2025,2025-06-17,Westbound,All Vehicles,137,94,104,73,183,733,1677,2967,3418,2967,2410,1422,2382,2444,2787,3006,2987,2922,2140,1392,1117,831,624,308,0,0
2025,2025-06-18,Westbound,Heavy Vehicles,14,8,12,26,20,91,167,217,263,315,342,362,343,340,402,425,305,205,97,71,32,30,39,21,0,0
2025,2025-06-18,Westbound,Light Vehicles,159,104,62,77,154,596,1571,2773,3132,2517,2082,2094,2194,2082,2431,2740,2740,2791,2180,1532,1156,944,906,433,0,0
2025,2025-06-18,Westbound,All Vehicles,173,112,74,103,174,687,1738,2990,3395,2832,2424,2456,2537,2422,2833,3165,3045,2996,2277,1603,1188,974,945,454,0,0
2025,2025-06-19,Westbound,Heavy Vehicles,9,12,19,8,27,64,162,192,257,319,326,334,349,343,405,425,320,207,119,72,55,44,26,28,0,0
2025,2025-06-19,Westbound,Light Vehicles,240,216,84,62,143,576,1438,2629,3173,2540,2139,2159,2137,2213,2497,2879,2903,2850,2184,1545,1379,1164,874,506,0,0
2025,2025-06-19,Westbound,All Vehicles,249,228,103,70,170,640,1600,2821,3430,2859,2465,2493,2486,2556,2902,3304,3223,3057,2303,1617,1434,1208,900,534,0,0
2025,2025-06-20,Westbound,Heavy Vehicles,13,18,14,17,22,58,166,224,294,297,321,380,364,325,374,421,305,194,117,82,49,61,29,28,0,0
2025,2025-06-20,Westbound,Light Vehicles,287,157,95,88,171,595,1435,2477,2840,2535,2303,2351,2415,2388,2491,2794,2920,2893,2463,1632,1287,1208,1200,878,0,0
2025,2025-06-20,Westbound,All Vehicles,300,175,109,105,193,653,1601,2701,3134,2832,2624,2731,2779,2713,2865,3215,3225,3087,2580,1714,1336,1269,1229,906,0,0
2025,2025-06-21,Westbound,Heavy Vehicles,17,13,13,15,12,59,86,134,154,199,180,189,216,199,187,144,166,142,107,76,88,50,57,53,0,0
2025,2025-06-21,Westbound,Light Vehicles,579,339,225,182,172,348,772,1464,1943,2581,2766,2818,2937,2883,2867,2762,2749,2948,2557,1801,1430,1358,1497,1282,0,0
2025,2025-06-21,Westbound,All Vehicles,596,352,238,197,184,407,858,1598,2097,2780,2946,3007,3153,3082,3054,2906,2915,3090,2664,1877,1518,1408,1554,1335,0,0
2025,2025-06-27,Westbound,Light Vehicles,298,177,124,102,175,550,1402,2215,2777,2445,2221,2323,2406,2455,2558,2821,2676,2521,2159,1572,1229,1109,1113,870,0,0
2025,2025-06-27,Westbound,Heavy Vehicles,25,13,11,15,29,81,166,226,285,318,353,367,350,381,369,377,285,154,103,69,53,41,49,35,0,0
2025,2025-06-27,Westbound,All Vehicles,323,190,135,117,204,631,1568,2441,3062,2763,2574,2690,2756,2836,2927,3198,2961,2675,2262,1641,1282,1150,1162,905,0,0
2025,2025-06-28,Westbound,Light Vehicles,583,377,291,201,194,322,655,1040,1513,2116,2379,2502,2620,2681,2634,2549,2392,2680,2321,1574,1302,1295,1314,1103,0,0
2025,2025-06-28,Westbound,Heavy Vehicles,14,11,13,13,14,30,77,96,133,164,156,149,155,162,172,137,122,123,84,54,43,30,49,39,0,0
2025,2025-06-28,Westbound,All Vehicles,597,388,304,214,208,352,732,1136,1646,2280,2535,2651,2775,2843,2806,2686,2514,2803,2405,1628,1345,1325,1363,1142,0,0
2025,2025-06-29,Westbound,Light Vehicles,791,598,450,296,197,203,355,573,931,1531,1805,2125,2121,1998,2104,2191,2136,2049,1438,916,792,639,444,216,0,0
2025,2025-06-29,Westbound,Heavy Vehicles,22,25,8,9,11,12,25,42,55,57,83,96,89,78,90,86,87,86,41,45,33,21,19,20,0,0
2025,2025-06-29,Westbound,All Vehicles,813,623,458,305,208,215,380,615,986,1588,1888,2221,2210,2076,2194,2277,2223,2135,1479,961,825,660,463,236,0,0
2025,2025-06-30,Westbound,Light Vehicles,152,89,58,63,170,530,1331,2385,2647,2162,1835,1948,2004,2023,2171,2598,2257,2269,1542,1061,819,664,463,237,0,0
2025,2025-06-30,Westbound,Heavy Vehicles,19,7,14,15,20,65,181,238,242,280,299,344,310,363,370,413,271,176,102,60,54,40,35,22,0,0
2025,2025-06-30,Westbound,All Vehicles,171,96,72,78,190,595,1512,2623,2889,2442,2134,2292,2314,2386,2541,3011,2528,2445,1644,1121,873,704,498,259,0,0
2025,2025-07-01,Westbound,Light Vehicles,122,81,51,42,127,516,1201,2042,2390,1900,1741,1599,1572,1564,1690,1972,1700,1705,1396,832,719,625,481,182,0,0
2025,2025-07-01,Westbound,Heavy Vehicles,11,12,8,14,16,51,134,194,217,231,244,233,260,231,245,299,166,113,70,40,31,32,22,12,0,0
2025,2025-07-01,Westbound,All Vehicles,133,93,59,56,143,567,1335,2236,2607,2131,1985,1832,1832,1795,1935,2271,1866,1818,1466,872,750,657,503,194,0,0
2025,2025-07-03,Westbound,Heavy Vehicles,13,8,7,11,22,71,186,228,242,271,358,320,357,349,377,365,245,142,89,66,39,30,30,22,0,0
2025,2025-07-03,Westbound,Light Vehicles,188,149,71,80,151,521,1389,2343,2882,2269,2062,2038,2262,2094,2399,2798,2346,2483,2005,1403,1192,1155,859,406,0,0
2025,2025-07-03,Westbound,All Vehicles,201,157,78,91,173,592,1575,2571,3124,2540,2420,2358,2619,2443,2776,3163,2591,2625,2094,1469,1231,1185,889,428,0,0
2025,2025-07-04,Westbound,Light Vehicles,274,170,120,91,166,550,1348,2095,2469,2380,2236,2239,2502,2352,2610,2723,2648,2598,2288,1507,1207,1192,1220,810,0,0
2025,2025-07-04,Westbound,Heavy Vehicles,10,14,9,15,26,72,170,265,293,302,333,371,344,357,363,432,281,168,84,67,44,51,43,42,0,0
2025,2025-07-04,Westbound,All Vehicles,284,184,129,106,192,622,1518,2360,2762,2682,2569,2610,2846,2709,2973,3155,2929,2766,2372,1574,1251,1243,1263,852,0,0
2025,2025-07-05,Westbound,Light Vehicles,602,357,276,200,165,322,726,1005,1465,2081,2313,2651,2663,2575,2456,2537,2529,2777,2494,1692,1277,1278,1723,1182,0,0
2025,2025-07-05,Westbound,Heavy Vehicles,19,9,7,15,18,58,106,131,146,156,166,201,194,190,188,176,139,131,107,77,70,61,82,53,0,0
2025,2025-07-05,Westbound,All Vehicles,621,366,283,215,183,380,832,1136,1611,2237,2479,2852,2857,2765,2644,2713,2668,2908,2601,1769,1347,1339,1805,1235,0,0
2025,2025-07-06,Westbound,Heavy Vehicles,48,34,17,11,13,28,45,76,82,99,112,109,118,123,117,133,152,136,94,58,54,49,39,30,0,0
2025,2025-07-06,Westbound,Light Vehicles,927,675,574,342,206,224,442,669,1020,1603,2015,2189,2316,2392,2074,2369,2850,2727,1574,1040,902,742,485,278,0,0
2025,2025-07-06,Westbound,All Vehicles,975,709,591,353,219,252,487,745,1102,1702,2127,2298,2434,2515,2191,2502,3002,2863,1668,1098,956,791,524,308,0,0
2025,2025-07-07,Westbound,Heavy Vehicles,21,12,11,12,26,73,160,244,252,286,310,296,323,347,380,431,221,168,81,44,46,33,16,12,0,0
2025,2025-07-07,Westbound,Light Vehicles,169,89,66,70,153,533,1312,2219,2661,2040,1838,1843,1997,2005,2239,2478,2008,2039,1486,1000,783,639,407,212,0,0
2025,2025-07-07,Westbound,All Vehicles,190,101,77,82,179,606,1472,2463,2913,2326,2148,2139,2320,2352,2619,2909,2229,2207,1567,1044,829,672,423,224,0,0
2025,2025-07-08,Westbound,Heavy Vehicles,8,6,12,14,22,70,173,243,254,291,297,358,354,330,362,432,271,167,102,65,44,31,29,16,0,0
2025,2025-07-08,Westbound,Light Vehicles,141,81,58,52,138,588,1442,2281,2750,2379,1890,2022,1998,2027,2259,2643,2220,2287,1812,1164,893,863,578,280,0,0
2025,2025-07-08,Westbound,All Vehicles,149,87,70,66,160,658,1615,2524,3004,2670,2187,2380,2352,2357,2621,3075,2491,2454,1914,1229,937,894,607,296,0,0
2025,2025-07-09,Westbound,Light Vehicles,155,95,66,55,136,560,1434,2149,2699,2346,1884,2030,2109,2037,2443,2699,2472,2466,1839,1221,929,781,927,520,0,0
2025,2025-07-09,Westbound,Heavy Vehicles,13,9,16,15,15,63,165,236,272,253,303,333,314,321,383,435,259,130,96,60,35,44,53,29,0,0
2025,2025-07-09,Westbound,All Vehicles,168,104,82,70,151,623,1599,2385,2971,2599,2187,2363,2423,2358,2826,3134,2731,2596,1935,1281,964,825,980,549,0,0
2025,2025-07-10,Westbound,Heavy Vehicles,17,18,14,16,20,54,156,215,238,280,294,330,350,328,383,386,289,176,85,57,56,38,44,37,0,0
2025,2025-07-10,Westbound,Light Vehicles,295,248,126,83,160,517,1341,2171,2684,2332,2069,2115,2286,2114,2342,2775,2513,2384,2043,1355,1257,995,798,431,0,0
2025,2025-07-10,Westbound,All Vehicles,312,266,140,99,180,571,1497,2386,2922,2612,2363,2445,2636,2442,2725,3161,2802,2560,2128,1412,1313,1033,842,468,0,0
2025,2025-07-11,Westbound,Light Vehicles,234,111,96,90,148,533,1325,1886,2404,2289,2234,2270,2431,2388,2627,2833,2598,2483,2261,1375,1231,1158,1090,740,0,0
2025,2025-07-11,Westbound,Heavy Vehicles,27,13,19,23,25,66,178,249,271,291,334,363,334,384,354,428,270,188,102,56,51,48,43,27,0,0
2025,2025-07-11,Westbound,All Vehicles,261,124,115,113,173,599,1503,2135,2675,2580,2568,2633,2765,2772,2981,3261,2868,2671,2363,1431,1282,1206,1133,767,0,0
2025,2025-07-12,Westbound,Light Vehicles,530,336,258,173,154,267,600,942,1394,2031,2285,2454,2668,2592,2621,2557,2458,2578,2171,1549,1216,1229,1300,1086,0,0
2025,2025-07-12,Westbound,Heavy Vehicles,20,7,10,15,17,40,69,112,106,136,141,168,171,142,117,139,126,103,55,65,43,33,34,47,0,0
2025,2025-07-12,Westbound,All Vehicles,550,343,268,188,171,307,669,1054,1500,2167,2426,2622,2839,2734,2738,2696,2584,2681,2226,1614,1259,1262,1334,1133,0,0
2025,2025-07-13,Westbound,Light Vehicles,840,593,465,326,173,222,396,604,1034,1662,1904,2113,2480,2278,2174,2300,2275,2081,1455,1033,926,725,471,259,0,0
2025,2025-07-13,Westbound,Heavy Vehicles,25,12,10,19,11,16,23,51,56,65,79,93,102,84,81,94,102,83,52,40,40,30,21,16,0,0
2025,2025-07-13,Westbound,All Vehicles,865,605,475,345,184,238,419,655,1090,1727,1983,2206,2582,2362,2255,2394,2377,2164,1507,1073,966,755,492,275,0,0
2025,2025-07-14,Westbound,Light Vehicles,176,100,68,66,139,549,1294,2128,2676,2054,1835,1874,1957,1982,2198,2625,2279,2261,1649,996,793,645,455,246,0,0
2025,2025-07-14,Westbound,Heavy Vehicles,15,11,20,15,19,67,179,244,275,307,306,320,349,356,351,411,265,191,88,52,52,40,27,13,0,0
2025,2025-07-14,Westbound,All Vehicles,191,111,88,81,158,616,1473,2372,2951,2361,2141,2194,2306,2338,2549,3036,2544,2452,1737,1048,845,685,482,259,0,0
2025,2025-07-15,Westbound,Light Vehicles,125,91,66,46,126,610,1398,2242,2865,2327,1962,2023,2097,2032,2286,2700,2377,2425,1984,1258,1015,1014,766,330,0,0
2025,2025-07-15,Westbound,Heavy Vehicles,12,9,12,9,13,71,199,222,274,289,326,327,332,336,369,424,259,194,96,57,44,45,37,22,0,0
2025,2025-07-15,Westbound,All Vehicles,137,100,78,55,139,681,1597,2464,3139,2616,2288,2350,2429,2368,2655,3124,2636,2619,2080,1315,1059,1059,803,352,0,0
2025,2025-07-16,Westbound,Light Vehicles,148,98,84,68,142,554,1370,2243,2691,2390,2056,2047,2197,2177,2300,2610,2529,2574,1974,1300,1052,1001,692,344,0,0
2025,2025-07-16,Westbound,Heavy Vehicles,9,8,17,13,13,62,193,214,281,330,310,322,365,335,360,394,267,201,80,65,49,40,23,10,0,0
2025,2025-07-16,Westbound,All Vehicles,157,106,101,81,155,616,1563,2457,2972,2720,2366,2369,2562,2512,2660,3004,2796,2775,2054,1365,1101,1041,715,354,0,0
2025,2025-07-18,Westbound,Light Vehicles,258,157,123,90,155,572,1245,1968,2375,2307,2274,2272,2318,2362,2530,2668,2501,2387,2091,1484,1159,1133,1097,798,0,0
2025,2025-07-18,Westbound,Heavy Vehicles,10,6,13,22,26,76,168,237,295,295,348,348,327,289,341,404,242,165,82,46,49,36,39,28,0,0
2025,2025-07-18,Westbound,All Vehicles,268,163,136,112,181,648,1413,2205,2670,2602,2622,2620,2645,2651,2871,3072,2743,2552,2173,1530,1208,1169,1136,826,0,0
2025,2025-07-19,Westbound,Heavy Vehicles,20,11,11,11,16,29,66,99,132,151,164,193,153,191,163,137,123,105,78,64,56,54,42,34,0,0
2025,2025-07-19,Westbound,Light Vehicles,487,329,252,219,163,308,585,899,1454,2003,2296,2593,2615,2730,2617,2525,2602,2708,2299,1765,1307,1275,1421,1034,0,0
2025,2025-07-19,Westbound,All Vehicles,507,340,263,230,179,337,651,998,1586,2154,2460,2786,2768,2921,2780,2662,2725,2813,2377,1829,1363,1329,1463,1068,0,0
2025,2025-07-20,Westbound,Heavy Vehicles,32,12,16,15,9,19,33,47,64,73,105,90,99,100,86,84,101,92,77,46,37,37,30,19,0,0
2025,2025-07-20,Westbound,Light Vehicles,861,627,523,337,209,217,372,681,994,1523,1983,2238,2461,2231,2264,2327,2337,2248,1661,1080,882,715,448,254,0,0
2025,2025-07-20,Westbound,All Vehicles,893,639,539,352,218,236,405,728,1058,1596,2088,2328,2560,2331,2350,2411,2438,2340,1738,1126,919,752,478,273,0,0
2025,2025-07-21,Westbound,Light Vehicles,132,71,82,63,151,514,1363,2378,2783,2249,1885,1935,1972,1912,2077,2696,2477,2375,1761,1122,921,684,419,210,0,0
2025,2025-07-21,Westbound,Heavy Vehicles,8,12,17,17,21,65,180,232,279,303,291,364,324,332,346,416,232,200,88,65,54,29,25,15,0,0
2025,2025-07-21,Westbound,All Vehicles,140,83,99,80,172,579,1543,2610,3062,2552,2176,2299,2296,2244,2423,3112,2709,2575,1849,1187,975,713,444,225,0,0
2025,2025-07-22,Westbound,Heavy Vehicles,4,10,8,16,24,74,193,226,263,285,330,364,351,336,362,398,283,185,97,85,50,30,15,16,0,0
2025,2025-07-22,Westbound,Light Vehicles,109,75,53,43,144,634,1477,2598,3081,2472,2053,1908,2045,2029,2271,2729,2675,2534,1933,1130,1017,824,545,252,0,0
2025,2025-07-22,Westbound,All Vehicles,113,85,61,59,168,708,1670,2824,3344,2757,2383,2272,2396,2365,2633,3127,2958,2719,2030,1215,1067,854,560,268,0,0
2025,2025-07-23,Westbound,Heavy Vehicles,20,21,9,9,21,70,170,234,270,327,320,359,349,337,379,427,296,196,97,62,46,44,26,23,0,0
2025,2025-07-23,Westbound,Light Vehicles,135,83,63,62,149,654,1494,2655,3103,2515,2034,2089,2104,2032,2437,2741,2812,2645,2043,1378,1023,930,711,380,0,0
2025,2025-07-23,Westbound,All Vehicles,155,104,72,71,170,724,1664,2889,3373,2842,2354,2448,2453,2369,2816,3168,3108,2841,2140,1440,1069,974,737,403,0,0
2025,2025-07-24,Westbound,Light Vehicles,191,162,63,78,126,619,1537,2675,3162,2603,2098,2153,2233,2170,2510,2781,2524,2876,2337,1563,1291,1201,913,487,0,0
2025,2025-07-24,Westbound,Heavy Vehicles,8,13,11,7,27,70,189,222,251,294,313,352,358,331,370,431,298,224,110,62,63,50,54,26,0,0
2025,2025-07-24,Westbound,All Vehicles,199,175,74,85,153,689,1726,2897,3413,2897,2411,2505,2591,2501,2880,3212,2822,3100,2447,1625,1354,1251,967,513,0,0
2025,2025-07-25,Westbound,Light Vehicles,271,142,117,99,189,586,1378,2471,2912,2487,2182,2273,2539,2306,2583,2761,2955,2747,2475,1649,1278,1248,1132,891,0,0
2025,2025-07-25,Westbound,Heavy Vehicles,13,12,17,22,21,70,174,211,292,267,336,347,358,366,328,363,279,197,102,57,58,38,42,30,0,0
2025,2025-07-25,Westbound,All Vehicles,284,154,134,121,210,656,1552,2682,3204,2754,2518,2620,2897,2672,2911,3124,3234,2944,2577,1706,1336,1286,1174,921,0,0
2025,2025-07-26,Westbound,Heavy Vehicles,10,9,11,17,11,30,57,110,127,148,151,184,177,147,143,118,121,118,75,49,55,36,42,35,0,0
2025,2025-07-26,Westbound,Light Vehicles,549,323,219,164,182,312,673,1238,1836,2362,2666,2714,2774,2699,2784,2311,2513,2700,2411,1627,1275,1233,1438,1131,0,0
2025,2025-07-26,Westbound,All Vehicles,559,332,230,181,193,342,730,1348,1963,2510,2817,2898,2951,2846,2927,2429,2634,2818,2486,1676,1330,1269,1480,1166,0,0
2025,2025-07-27,Westbound,Light Vehicles,826,580,558,347,215,230,437,755,1143,1723,2079,2368,2679,2485,2283,2362,2195,2060,2002,1175,915,787,458,261,0,0
2025,2025-07-27,Westbound,Heavy Vehicles,32,23,17,16,11,15,27,45,64,75,96,104,90,96,116,120,101,65,92,53,34,33,22,19,0,0
2025,2025-07-27,Westbound,All Vehicles,858,603,575,363,226,245,464,800,1207,1798,2175,2472,2769,2581,2399,2482,2296,2125,2094,1228,949,820,480,280,0,0
2025,2025-07-28,Westbound,Heavy Vehicles,14,8,8,15,21,72,169,236,274,306,332,333,319,336,389,382,272,178,87,69,53,36,24,11,0,0
2025,2025-07-28,Westbound,Light Vehicles,177,74,81,60,152,542,1380,2615,3152,2279,1879,1896,1990,1956,2168,2709,2608,2521,1743,1110,875,717,459,233,0,0
2025,2025-07-28,Westbound,All Vehicles,191,82,89,75,173,614,1549,2851,3426,2585,2211,2229,2309,2292,2557,3091,2880,2699,1830,1179,928,753,483,244,0,0
2025,2025-07-29,Westbound,Heavy Vehicles,11,14,16,17,22,69,183,220,257,305,351,369,336,330,344,342,282,197,95,62,58,44,21,22,0,0
2025,2025-07-29,Westbound,Light Vehicles,109,67,53,53,156,602,1478,2699,3182,2647,2099,1961,2129,2068,2352,2580,2593,2630,1973,1363,1087,889,589,312,0,0
2025,2025-07-29,Westbound,All Vehicles,120,81,69,70,178,671,1661,2919,3439,2952,2450,2330,2465,2398,2696,2922,2875,2827,2068,1425,1145,933,610,334,0,0
2025,2025-07-30,Westbound,Light Vehicles,141,90,67,66,167,603,1507,2707,3106,2760,2123,2098,2080,2027,2195,2585,2621,2528,2115,1414,1120,1005,707,365,0,0
2025,2025-07-30,Westbound,Heavy Vehicles,16,9,15,23,22,51,167,219,242,269,351,354,298,301,301,333,240,146,99,55,38,43,23,26,0,0
2025,2025-07-30,Westbound,All Vehicles,157,99,82,89,189,654,1674,2926,3348,3029,2474,2452,2378,2328,2496,2918,2861,2674,2214,1469,1158,1048,730,391,0,0
2025,2025-07-31,Westbound,Light Vehicles,232,144,84,82,152,553,1425,2159,2421,2595,2171,2268,2289,2140,2563,2728,2708,2721,2217,1671,1280,1165,785,533,0,0
2025,2025-07-31,Westbound,Heavy Vehicles,21,9,9,9,15,51,115,162,188,252,319,333,311,279,313,339,254,146,112,66,50,38,33,25,0,0
2025,2025-07-31,Westbound,All Vehicles,253,153,93,91,167,604,1540,2321,2609,2847,2490,2601,2600,2419,2876,3067,2962,2867,2329,1737,1330,1203,818,558,0,0
2025,2025-08-01,Westbound,Light Vehicles,319,191,111,117,189,538,1353,2408,2871,2599,2261,2407,2464,2421,2461,2604,2863,2646,2408,1649,1304,1207,1108,857,0,0
2025,2025-08-01,Westbound,Heavy Vehicles,18,7,14,16,27,68,163,244,254,290,329,365,308,326,312,288,211,160,83,60,52,37,50,23,0,0
2025,2025-08-01,Westbound,All Vehicles,337,198,125,133,216,606,1516,2652,3125,2889,2590,2772,2772,2747,2773,2892,3074,2806,2491,1709,1356,1244,1158,880,0,0
2025,2025-08-02,Westbound,Heavy Vehicles,13,14,8,12,12,30,49,87,104,130,134,145,148,111,137,112,112,115,105,65,40,34,38,57,0,0
2025,2025-08-02,Westbound,Light Vehicles,579,375,313,207,173,249,556,980,1434,1933,2310,2562,2656,2629,2635,2379,2533,2753,2425,1716,1230,1173,1247,1290,0,0
2025,2025-08-02,Westbound,All Vehicles,592,389,321,219,185,279,605,1067,1538,2063,2444,2707,2804,2740,2772,2491,2645,2868,2530,1781,1270,1207,1285,1347,0,0
2025,2025-08-03,Westbound,Heavy Vehicles,52,16,19,10,12,33,31,62,74,82,94,102,110,86,89,89,98,81,78,71,51,48,48,32,0,0
2025,2025-08-03,Westbound,Light Vehicles,1030,824,624,385,245,205,290,502,872,1364,1694,1807,2211,1932,1873,1735,1782,1659,1407,889,834,690,423,243,0,0
2025,2025-08-03,Westbound,All Vehicles,1082,840,643,395,257,238,321,564,946,1446,1788,1909,2321,2018,1962,1824,1880,1740,1485,960,885,738,471,275,0,0
2025,2025-08-04,Westbound,Light Vehicles,159,114,95,73,173,581,1406,2530,3027,2423,1969,1987,2023,1949,2281,2623,2577,2579,1705,1226,932,703,438,216,0,0
2025,2025-08-04,Westbound,Heavy Vehicles,24,12,13,15,22,62,160,261,218,313,328,323,324,344,351,386,289,178,107,51,42,32,15,13,0,0
2025,2025-08-04,Westbound,All Vehicles,183,126,108,88,195,643,1566,2791,3245,2736,2297,2310,2347,2293,2632,3009,2866,2757,1812,1277,974,735,453,229,0,0
2025,2025-08-05,Westbound,Heavy Vehicles,9,9,15,10,19,71,179,242,247,296,341,375,338,363,384,431,292,207,101,67,65,39,29,17,0,0
2025,2025-08-05,Westbound,Light Vehicles,119,80,58,46,143,615,1452,2734,3209,2661,2137,2076,2110,2138,2486,2776,2731,2694,2245,1396,1080,923,574,291,0,0
2025,2025-08-05,Westbound,All Vehicles,128,89,73,56,162,686,1631,2976,3456,2957,2478,2451,2448,2501,2870,3207,3023,2901,2346,1463,1145,962,603,308,0,0
2025,2025-08-06,Westbound,Heavy Vehicles,9,13,10,12,27,67,185,231,252,334,320,379,359,337,422,411,299,246,107,74,63,49,45,30,0,0
2025,2025-08-06,Westbound,Light Vehicles,164,95,68,58,153,583,1545,2813,3161,2548,2192,2186,2254,2221,2430,2845,2736,2922,2163,1495,1186,1160,743,371,0,0
2025,2025-08-06,Westbound,All Vehicles,173,108,78,70,180,650,1730,3044,3413,2882,2512,2565,2613,2558,2852,3256,3035,3168,2270,1569,1249,1209,788,401,0,0
2025,2025-08-07,Westbound,Light Vehicles,195,146,88,63,144,608,1568,2684,3125,2783,2267,2155,2222,2095,2519,2845,2822,2701,2226,1478,1339,1173,888,487,0,0
2025,2025-08-07,Westbound,Heavy Vehicles,27,15,12,9,26,76,149,236,223,327,324,359,339,340,394,379,296,204,115,68,58,49,55,40,0,0
2025,2025-08-07,Westbound,All Vehicles,222,161,100,72,170,684,1717,2920,3348,3110,2591,2514,2561,2435,2913,3224,3118,2905,2341,1546,1397,1222,943,527,0,0
2025,2025-08-08,Westbound,Light Vehicles,272,123,118,100,167,556,1395,2590,2837,2524,2265,2309,2567,2422,2679,2839,2949,2938,2389,1614,1301,1247,1085,828,0,0
2025,2025-08-08,Westbound,Heavy Vehicles,33,18,20,20,21,70,165,263,286,301,307,357,348,354,393,383,284,180,121,80,38,62,45,26,0,0
2025,2025-08-08,Westbound,All Vehicles,305,141,138,120,188,626,1560,2853,3123,2825,2572,2666,2915,2776,3072,3222,3233,3118,2510,1694,1339,1309,1130,854,0,0
2025,2025-08-09,Westbound,Heavy Vehicles,19,14,13,6,19,52,76,140,129,171,176,178,167,184,181,190,159,129,105,78,75,60,55,60,0,0
2025,2025-08-09,Westbound,Light Vehicles,605,368,257,210,183,265,660,1133,1715,2326,2582,2712,2746,2850,2790,2746,2704,2605,2566,1690,1306,1364,1297,1114,0,0
2025,2025-08-09,Westbound,All Vehicles,624,382,270,216,202,317,736,1273,1844,2497,2758,2890,2913,3034,2971,2936,2863,2734,2671,1768,1381,1424,1352,1174,0,0
2025,2025-08-10,Westbound,Heavy Vehicles,4,1,2,1,4,,1,44,118,99,3,6,8,16,12,6,15,6,4,6,4,3,3,,0,0
2025,2025-08-10,Westbound,Light Vehicles,59,37,26,17,16,,1,47,119,92,6,18,240,293,300,246,212,252,201,139,117,105,66,32,0,0
2025,2025-08-10,Westbound,All Vehicles,63,38,28,18,20,,2,91,237,191,9,24,248,309,312,252,227,258,205,145,121,108,69,32,0,0
2025,2025-08-11,Westbound,Light Vehicles,214,115,85,83,178,586,1501,2563,3087,2554,2040,2063,2080,1986,2300,2579,2306,2329,1720,1181,865,810,486,245,0,0
2025,2025-08-11,Westbound,Heavy Vehicles,13,9,10,11,26,56,153,197,211,315,310,346,341,337,345,355,260,166,103,58,53,30,43,25,0,0
2025,2025-08-11,Westbound,All Vehicles,227,124,95,94,204,642,1654,2760,3298,2869,2350,2409,2421,2323,2645,2934,2566,2495,1823,1239,918,840,529,270,0,0
2025,2025-08-12,Westbound,Heavy Vehicles,17,14,33,24,36,73,174,215,240,266,334,360,348,372,381,388,285,214,115,72,51,37,31,33,0,0
2025,2025-08-12,Westbound,Light Vehicles,155,103,75,79,151,632,1542,2714,3127,2507,2106,2131,2177,2128,2409,2707,2687,2737,2045,1281,1037,928,601,315,0,0
2025,2025-08-12,Westbound,All Vehicles,172,117,108,103,187,705,1716,2929,3367,2773,2440,2491,2525,2500,2790,3095,2972,2951,2160,1353,1088,965,632,348,0,0
2025,2025-08-13,Westbound,Heavy Vehicles,16,16,20,29,33,61,176,232,227,295,330,356,368,318,394,418,327,218,119,83,62,52,33,32,0,0
2025,2025-08-13,Westbound,Light Vehicles,195,95,74,80,200,586,1559,2745,3169,2518,2128,2210,2200,2158,2377,2792,2698,2616,2168,1432,1175,1081,709,397,0,0
2025,2025-08-13,Westbound,All Vehicles,211,111,94,109,233,647,1735,2977,3396,2813,2458,2566,2568,2476,2771,3210,3025,2834,2287,1515,1237,1133,742,429,0,0
2025,2025-08-14,Westbound,Heavy Vehicles,19,26,29,21,28,61,178,234,275,316,308,332,348,305,342,354,241,165,110,74,55,53,37,19,0,0
2025,2025-08-14,Westbound,Light Vehicles,219,144,104,94,166,618,1513,2674,3088,2707,2260,2223,2344,2193,2447,2680,2622,2539,2246,1563,1229,1138,815,478,0,0
2025,2025-08-14,Westbound,All Vehicles,238,170,133,115,194,679,1691,2908,3363,3023,2568,2555,2692,2498,2789,3034,2863,2704,2356,1637,1284,1191,852,497,0,0
2025,2025-08-15,Westbound,Light Vehicles,283,164,131,103,185,575,1423,2470,2877,2628,2301,2445,2549,2439,2670,2656,2709,2831,2589,1856,1382,1248,1574,983,0,0
2025,2025-08-15,Westbound,Heavy Vehicles,15,21,18,19,23,61,157,232,280,367,345,370,399,362,392,335,278,196,127,80,53,41,70,40,0,0
2025,2025-08-15,Westbound,All Vehicles,298,185,149,122,208,636,1580,2702,3157,2995,2646,2815,2948,2801,3062,2991,2987,3027,2716,1936,1435,1289,1644,1023,0,0
2025,2025-08-16,Westbound,Light Vehicles,624,420,332,217,207,338,663,1248,1853,2405,2670,2733,2812,2979,2869,2623,2499,2858,2529,1816,1385,1477,1742,1242,0,0
2025,2025-08-16,Westbound,Heavy Vehicles,19,15,8,20,12,43,68,112,126,161,158,171,157,180,146,149,108,110,94,70,53,49,48,46,0,0
2025,2025-08-16,Westbound,All Vehicles,643,435,340,237,219,381,731,1360,1979,2566,2828,2904,2969,3159,3015,2772,2607,2968,2623,1886,1438,1526,1790,1288,0,0
2025,2025-08-17,Westbound,Heavy Vehicles,30,24,18,14,15,16,40,50,81,100,101,96,102,84,89,104,128,101,80,51,42,37,25,19,0,0
2025,2025-08-17,Westbound,Light Vehicles,960,777,689,337,197,252,484,757,1292,1938,2339,2466,2583,2559,2580,2601,2637,2457,2237,1284,1019,781,532,308,0,0
2025,2025-08-17,Westbound,All Vehicles,990,801,707,351,212,268,524,807,1373,2038,2440,2562,2685,2643,2669,2705,2765,2558,2317,1335,1061,818,557,327,0,0
2025,2025-08-18,Westbound,Heavy Vehicles,9,9,13,19,26,70,146,197,238,283,309,355,349,322,293,349,200,168,90,53,36,26,20,26,0,0
2025,2025-08-18,Westbound,Light Vehicles,164,97,89,85,179,537,1509,2535,3041,2346,1965,2117,2166,1992,2119,2444,2219,2208,1722,1146,884,696,430,236,0,0
2025,2025-08-18,Westbound,All Vehicles,173,106,102,104,205,607,1655,2732,3279,2629,2274,2472,2515,2314,2412,2793,2419,2376,1812,1199,920,722,450,262,0,0
2025,2025-08-19,Westbound,Heavy Vehicles,8,11,8,18,28,66,157,210,214,286,349,335,319,304,335,398,250,184,95,60,38,44,33,21,0,0
2025,2025-08-19,Westbound,Light Vehicles,124,81,53,55,153,634,1545,2769,3095,2692,1978,1993,2042,2036,2346,2689,2523,2404,1913,1360,1108,877,564,318,0,0
2025,2025-08-19,Westbound,All Vehicles,132,92,61,73,181,700,1702,2979,3309,2978,2327,2328,2361,2340,2681,3087,2773,2588,2008,1420,1146,921,597,339,0,0
2025,2025-08-20,Westbound,Light Vehicles,143,82,76,48,169,566,1477,2830,3072,2613,2028,2169,2083,2021,2410,2612,2562,2413,2137,1380,1213,955,719,400,0,0
2025,2025-08-20,Westbound,Heavy Vehicles,9,8,13,14,19,70,145,233,235,270,305,322,300,264,292,337,232,176,108,64,46,39,42,24,0,0
2025,2025-08-20,Westbound,All Vehicles,152,90,89,62,188,636,1622,3063,3307,2883,2333,2491,2383,2285,2702,2949,2794,2589,2245,1444,1259,994,761,424,0,0
2025,2025-08-21,Westbound,Light Vehicles,197,150,73,67,150,526,1377,2679,3140,2596,2304,2176,2119,2092,2245,2601,2540,2584,2234,1445,1218,1086,792,521,0,0
2025,2025-08-21,Westbound,Heavy Vehicles,6,10,12,6,20,65,143,195,197,248,288,315,284,296,275,301,199,148,96,75,42,37,38,28,0,0
2025,2025-08-21,Westbound,All Vehicles,203,160,85,73,170,591,1520,2874,3337,2844,2592,2491,2403,2388,2520,2902,2739,2732,2330,1520,1260,1123,830,549,0,0
2025,2025-08-22,Westbound,Light Vehicles,266,150,102,113,163,588,1383,2365,2912,2558,2340,2295,2464,2333,2478,2675,2608,2647,2402,1601,1277,1209,1053,828,0,0
2025,2025-08-22,Westbound,Heavy Vehicles,11,5,13,14,26,79,159,208,229,285,335,312,321,303,318,307,233,166,93,62,45,41,24,33,0,0
2025,2025-08-22,Westbound,All Vehicles,277,155,115,127,189,667,1542,2573,3141,2843,2675,2607,2785,2636,2796,2982,2841,2813,2495,1663,1322,1250,1077,861,0,0
2025,2025-08-23,Westbound,Light Vehicles,586,362,269,164,168,307,634,1128,1658,2156,2493,2640,2873,2764,2728,2562,2607,2756,2787,1713,1418,1317,1437,1170,0,0
2025,2025-08-23,Westbound,Heavy Vehicles,17,11,10,10,14,37,77,93,139,135,151,169,171,166,167,158,114,93,98,65,48,37,39,43,0,0
2025,2025-08-23,Westbound,All Vehicles,603,373,279,174,182,344,711,1221,1797,2291,2644,2809,3044,2930,2895,2720,2721,2849,2885,1778,1466,1354,1476,1213,0,0
2025,2025-08-24,Westbound,Light Vehicles,879,789,558,378,227,230,418,749,1177,1768,2143,2443,2553,2529,2554,2486,2309,2177,1658,1169,981,746,461,259,0,0
2025,2025-08-24,Westbound,Heavy Vehicles,35,16,20,16,17,22,41,63,61,84,91,105,98,96,100,103,104,65,67,51,46,35,22,14,0,0
2025,2025-08-24,Westbound,All Vehicles,914,805,578,394,244,252,459,812,1238,1852,2234,2548,2651,2625,2654,2589,2413,2242,1725,1220,1027,781,483,273,0,0
2025,2025-08-25,Westbound,Heavy Vehicles,9,9,9,20,18,72,158,208,242,308,337,328,321,374,361,377,283,178,104,64,59,31,20,22,0,0
2025,2025-08-25,Westbound,Light Vehicles,137,82,66,71,177,629,1481,2623,2883,2331,1972,1915,2025,1974,2258,2639,2495,2442,1807,1180,955,734,481,246,0,0
2025,2025-08-25,Westbound,All Vehicles,146,91,75,91,195,701,1639,2831,3125,2639,2309,2243,2346,2348,2619,3016,2778,2620,1911,1244,1014,765,501,268,0,0
2025,2025-08-26,Westbound,Light Vehicles,112,88,56,56,158,660,1577,2757,3073,2504,2099,2027,2115,2099,2318,2680,2646,2734,2124,1431,1095,898,646,331,0,0
2025,2025-08-26,Westbound,Heavy Vehicles,5,9,17,21,21,75,177,239,255,340,348,373,361,313,365,379,323,222,117,84,61,55,41,23,0,0
2025,2025-08-26,Westbound,All Vehicles,117,97,73,77,179,735,1754,2996,3328,2844,2447,2400,2476,2412,2683,3059,2969,2956,2241,1515,1156,953,687,354,0,0
2025,2025-08-27,Westbound,Heavy Vehicles,15,16,17,19,26,70,194,206,259,331,355,371,359,375,396,399,322,221,115,71,54,44,19,21,0,0
2025,2025-08-27,Westbound,Light Vehicles,168,97,80,77,181,590,1563,2653,3148,2504,2206,2204,2165,2113,2577,2525,2666,2661,2252,1377,1241,1100,744,404,0,0
2025,2025-08-27,Westbound,All Vehicles,183,113,97,96,207,660,1757,2859,3407,2835,2561,2575,2524,2488,2973,2924,2988,2882,2367,1448,1295,1144,763,425,0,0
2025,2025-08-28,Westbound,Light Vehicles,248,148,87,74,173,640,1583,2615,2814,2632,2199,2179,2251,2290,2528,2741,2666,2883,2357,1582,1233,1145,877,505,0,0
2025,2025-08-28,Westbound,Heavy Vehicles,12,11,17,12,22,60,174,224,236,322,303,376,388,363,371,366,336,221,136,90,73,32,25,24,0,0
2025,2025-08-28,Westbound,All Vehicles,260,159,104,86,195,700,1757,2839,3050,2954,2502,2555,2639,2653,2899,3107,3002,3104,2493,1672,1306,1177,902,529,0,0
2025,2025-08-29,Westbound,Heavy Vehicles,27,17,19,20,31,72,187,224,260,327,367,381,408,387,355,379,301,192,121,80,59,41,37,37,0,0
2025,2025-08-29,Westbound,Light Vehicles,311,165,133,87,180,626,1431,2451,2849,2513,2373,2453,2704,2544,2622,2889,2858,2900,2610,1757,1388,1262,1190,909,0,0
2025,2025-08-29,Westbound,All Vehicles,338,182,152,107,211,698,1618,2675,3109,2840,2740,2834,3112,2931,2977,3268,3159,3092,2731,1837,1447,1303,1227,946,0,0
2025,2025-08-30,Westbound,Heavy Vehicles,15,11,15,8,19,54,83,132,163,188,218,195,184,200,216,177,126,141,98,88,69,65,51,53,0,0
2025,2025-08-30,Westbound,Light Vehicles,613,411,256,202,164,337,814,1324,1806,2435,2610,2798,3001,2988,2852,2751,2551,2837,2685,1772,1376,1355,1421,1260,0,0
2025,2025-08-30,Westbound,All Vehicles,628,422,271,210,183,391,897,1456,1969,2623,2828,2993,3185,3188,3068,2928,2677,2978,2783,1860,1445,1420,1472,1313,0,0
2025,2025-08-31,Westbound,Heavy Vehicles,29,14,9,13,12,38,50,74,91,118,114,103,102,84,91,79,77,72,47,41,40,22,23,13,0,0
2025,2025-08-31,Westbound,Light Vehicles,749,557,428,303,237,499,800,974,1305,1869,1985,2078,1939,1820,1902,1781,1727,1815,1407,882,760,667,416,228,0,0
2025,2025-08-31,Westbound,All Vehicles,778,571,437,316,249,537,850,1048,1396,1987,2099,2181,2041,1904,1993,1860,1804,1887,1454,923,800,689,439,241,0,0
2025,2025-09-01,Westbound,Heavy Vehicles,13,8,11,14,22,73,164,206,263,326,334,335,317,340,376,409,305,159,120,59,49,30,24,21,0,0
2025,2025-09-01,Westbound,Light Vehicles,156,83,79,93,194,625,1530,2679,3038,2345,1945,1921,2076,1925,2327,2758,2619,2466,1935,1151,915,699,418,221,0,0
2025,2025-09-01,Westbound,All Vehicles,169,91,90,107,216,698,1694,2885,3301,2671,2279,2256,2393,2265,2703,3167,2924,2625,2055,1210,964,729,442,242,0,0
2025,2025-09-02,Westbound,Light Vehicles,118,97,54,44,149,681,1653,2811,3140,2783,2142,2105,2116,2072,2399,2736,2662,2561,2033,1261,1075,890,543,263,0,0
2025,2025-09-02,Westbound,Heavy Vehicles,12,12,14,19,21,73,171,237,243,345,328,393,355,345,356,436,307,203,98,67,56,49,29,18,0,0
2025,2025-09-02,Westbound,All Vehicles,130,109,68,63,170,754,1824,3048,3383,3128,2470,2498,2471,2417,2755,3172,2969,2764,2131,1328,1131,939,572,281,0,0
2025,2025-09-03,Westbound,Heavy Vehicles,16,12,19,23,31,80,201,237,255,290,356,387,360,359,408,452,314,218,135,81,66,43,44,33,0,0
2025,2025-09-03,Westbound,Light Vehicles,149,85,85,88,177,632,1578,2732,3128,2601,2059,2255,2214,2144,2472,2837,2680,2501,2633,1756,1224,1021,755,387,0,0
2025,2025-09-03,Westbound,All Vehicles,165,97,104,111,208,712,1779,2969,3383,2891,2415,2642,2574,2503,2880,3289,2994,2719,2768,1837,1290,1064,799,420,0,0
2025,2025-09-04,Westbound,Light Vehicles,218,157,99,78,173,618,1533,2731,3091,2461,2184,2210,2142,1956,2046,2800,2646,2712,2317,1567,1352,1050,841,526,0,0
2025,2025-09-04,Westbound,Heavy Vehicles,28,8,12,9,19,75,175,230,253,298,340,366,389,358,368,402,290,186,127,84,64,40,48,41,0,0
2025,2025-09-04,Westbound,All Vehicles,246,165,111,87,192,693,1708,2961,3344,2759,2524,2576,2531,2314,2414,3202,2936,2898,2444,1651,1416,1090,889,567,0,0
2025,2025-09-05,Westbound,Heavy Vehicles,27,19,19,23,15,78,189,244,301,339,352,403,378,365,375,359,258,205,111,92,57,39,76,37,0,0
2025,2025-09-05,Westbound,Light Vehicles,276,138,104,102,189,596,1445,2442,2754,2517,2364,2395,2387,2438,2634,2869,2884,2847,2510,1860,1340,1294,1537,970,0,0
2025,2025-09-05,Westbound,All Vehicles,303,157,123,125,204,674,1634,2686,3055,2856,2716,2798,2765,2803,3009,3228,3142,3052,2621,1952,1397,1333,1613,1007,0,0
2025,2025-09-06,Westbound,Heavy Vehicles,17,5,5,21,15,36,78,110,131,185,149,178,164,173,164,152,124,116,83,66,47,38,56,50,0,0
2025,2025-09-06,Westbound,Light Vehicles,612,397,286,191,146,378,726,1258,1778,2313,2601,2743,2815,2818,2787,2825,2638,2736,2499,1792,1318,1343,1435,1213,0,0
2025,2025-09-06,Westbound,All Vehicles,629,402,291,212,161,414,804,1368,1909,2498,2750,2921,2979,2991,2951,2977,2762,2852,2582,1858,1365,1381,1491,1263,0,0
2025,2025-09-07,Westbound,Heavy Vehicles,29,17,6,11,13,22,25,57,64,93,88,110,99,99,90,96,100,87,92,55,42,39,21,15,0,0
2025,2025-09-07,Westbound,Light Vehicles,891,725,559,371,232,241,471,718,1149,1776,2197,2645,2684,2307,2404,2555,2629,2443,2011,1231,1020,817,479,228,0,0
2025,2025-09-07,Westbound,All Vehicles,920,742,565,382,245,263,496,775,1213,1869,2285,2755,2783,2406,2494,2651,2729,2530,2103,1286,1062,856,500,243,0,0
2025,2025-09-08,Westbound,Light Vehicles,162,88,72,73,199,629,1519,2692,2980,2323,1967,2018,1954,2158,2442,2771,2765,2734,2091,1201,964,746,457,240,0,0
2025,2025-09-08,Westbound,Heavy Vehicles,8,8,13,12,23,71,174,235,274,321,341,346,330,361,360,419,285,206,106,66,37,38,22,20,0,0
2025,2025-09-08,Westbound,All Vehicles,170,96,85,85,222,700,1693,2927,3254,2644,2308,2364,2284,2519,2802,3190,3050,2940,2197,1267,1001,784,479,260,0,0
2025,2025-09-09,Westbound,Heavy Vehicles,13,7,18,26,17,68,189,248,272,318,350,350,360,370,379,427,294,198,110,65,64,37,30,20,0,0
2025,2025-09-09,Westbound,Light Vehicles,107,79,65,61,152,709,1602,2737,3171,2513,1996,2075,2092,2114,2334,2740,2595,2615,2089,1386,1071,969,620,291,0,0
2025,2025-09-09,Westbound,All Vehicles,120,86,83,87,169,777,1791,2985,3443,2831,2346,2425,2452,2484,2713,3167,2889,2813,2199,1451,1135,1006,650,311,0,0
2025,2025-09-10,Westbound,Light Vehicles,138,88,61,62,140,580,1255,2224,,1702,1685,1906,1872,1741,1970,2050,2038,2146,1861,1184,523,1012,647,380,0,0
2025,2025-09-10,Westbound,Heavy Vehicles,9,16,26,11,15,52,146,193,,203,258,280,251,260,250,275,193,125,101,62,37,51,24,17,0,0
2025,2025-09-10,Westbound,All Vehicles,147,104,87,73,155,632,1401,2417,,1905,1943,2186,2123,2001,2220,2325,2231,2271,1962,1246,560,1063,671,397,0,0
2025,2025-09-11,Westbound,Light Vehicles,186,133,76,78,169,595,1482,2432,2638,2423,2498,2202,2106,1981,2359,2693,2472,2653,2336,1579,1346,1136,844,506,0,0
2025,2025-09-11,Westbound,Heavy Vehicles,14,15,14,9,15,64,171,210,188,259,311,328,366,329,333,344,265,178,114,73,64,55,30,27,0,0
2025,2025-09-11,Westbound,All Vehicles,200,148,90,87,184,659,1653,2642,2826,2682,2809,2530,2472,2310,2692,3037,2737,2831,2450,1652,1410,1191,874,533,0,0
2025,2025-09-12,Westbound,Light Vehicles,278,152,118,82,180,677,1542,2457,2820,2525,2326,2426,2522,2507,2678,2827,2904,2859,2600,1715,1332,1189,1231,864,0,0
2025,2025-09-12,Westbound,Heavy Vehicles,14,8,14,15,33,79,167,223,265,302,364,405,376,379,372,363,292,200,144,82,61,43,54,34,0,0
2025,2025-09-12,Westbound,All Vehicles,292,160,132,97,213,756,1709,2680,3085,2827,2690,2831,2898,2886,3050,3190,3196,3059,2744,1797,1393,1232,1285,898,0,0
2025,2025-09-13,Westbound,Light Vehicles,615,388,258,182,180,361,739,1266,1746,2277,2608,2628,2945,2953,2886,2601,2741,3178,2911,1813,1387,1396,1476,1205,0,0
2025,2025-09-13,Westbound,Heavy Vehicles,23,12,11,18,13,32,73,122,143,175,144,184,162,194,163,161,130,126,95,72,51,38,50,47,0,0
2025,2025-09-13,Westbound,All Vehicles,638,400,269,200,193,393,812,1388,1889,2452,2752,2812,3107,3147,3049,2762,2871,3304,3006,1885,1438,1434,1526,1252,0,0
2025,2025-09-14,Westbound,Light Vehicles,1019,776,535,377,243,269,482,804,1238,1798,2219,2546,2653,2585,2679,2841,2920,2869,2236,1408,1002,834,500,306,0,0
2025,2025-09-14,Westbound,Heavy Vehicles,29,22,19,16,9,16,49,60,60,100,111,113,108,107,99,122,116,107,84,62,54,33,23,19,0,0
2025,2025-09-14,Westbound,All Vehicles,1048,798,554,393,252,285,531,864,1298,1898,2330,2659,2761,2692,2778,2963,3036,2976,2320,1470,1056,867,523,325,0,0
2025,2025-09-15,Westbound,Light Vehicles,136,104,64,85,162,681,1555,2649,3073,2285,1929,1949,2054,2003,2543,2722,2671,2602,1952,1166,977,719,490,237,0,0
2025,2025-09-15,Westbound,Heavy Vehicles,15,7,11,20,24,81,177,229,262,324,293,319,321,350,411,401,309,198,98,58,41,43,24,15,0,0
2025,2025-09-15,Westbound,All Vehicles,151,111,75,105,186,762,1732,2878,3335,2609,2222,2268,2375,2353,2954,3123,2980,2800,2050,1224,1018,762,514,252,0,0
2025,2025-09-16,Westbound,Light Vehicles,115,72,63,73,157,681,1657,2872,3132,2434,2093,2106,2089,2192,2496,2824,2721,2555,2178,1333,1050,979,564,321,0,0
2025,2025-09-16,Westbound,Heavy Vehicles,13,13,16,19,21,72,181,204,282,331,382,387,360,382,390,421,315,238,117,83,54,57,37,23,0,0
2025,2025-09-16,Westbound,All Vehicles,128,85,79,92,178,753,1838,3076,3414,2765,2475,2493,2449,2574,2886,3245,3036,2793,2295,1416,1104,1036,601,344,0,0
2025,2025-09-17,Westbound,Heavy Vehicles,16,12,14,10,21,65,190,249,269,352,387,348,363,389,357,435,338,239,132,65,59,53,33,24,0,0
2025,2025-09-17,Westbound,Light Vehicles,155,107,67,57,162,695,1610,2743,2971,2608,2180,2212,2284,2231,2592,2755,2832,2822,2229,1452,1246,1170,718,339,0,0
2025,2025-09-17,Westbound,All Vehicles,171,119,81,67,183,760,1800,2992,3240,2960,2567,2560,2647,2620,2949,3190,3170,3061,2361,1517,1305,1223,751,363,0,0
2025,2025-09-18,Westbound,Light Vehicles,186,146,82,83,166,674,1628,2820,3117,2440,2267,2260,2257,2341,2586,2847,2836,2811,2413,1642,1345,1332,1008,534,0,0
2025,2025-09-18,Westbound,Heavy Vehicles,16,12,10,14,24,88,187,214,280,339,366,394,414,375,407,439,331,228,137,91,55,66,38,26,0,0
2025,2025-09-18,Westbound,All Vehicles,202,158,92,97,190,762,1815,3034,3397,2779,2633,2654,2671,2716,2993,3286,3167,3039,2550,1733,1400,1398,1046,560,0,0
2025,2025-09-19,Westbound,Light Vehicles,294,158,123,102,211,718,1477,2497,2710,2503,2266,2364,2553,2608,2807,2951,2992,3027,2737,1750,1404,1383,1322,922,0,0
2025,2025-09-19,Westbound,Heavy Vehicles,10,15,16,16,20,90,185,215,293,329,389,363,407,391,415,398,306,209,148,76,66,49,45,39,0,0
2025,2025-09-19,Westbound,All Vehicles,304,173,139,118,231,808,1662,2712,3003,2832,2655,2727,2960,2999,3222,3349,3298,3236,2885,1826,1470,1432,1367,961,0,0
2025,2025-09-20,Westbound,Heavy Vehicles,21,12,22,11,18,49,99,147,142,185,184,183,193,186,173,157,147,110,99,76,50,54,59,41,0,0
2025,2025-09-20,Westbound,Light Vehicles,605,409,277,201,166,389,959,1292,1820,2263,2552,2728,2770,2866,2672,2786,2663,2978,2714,1839,1411,1333,1578,1313,0,0
2025,2025-09-20,Westbound,All Vehicles,626,421,299,212,184,438,1058,1439,1962,2448,2736,2911,2963,3052,2845,2943,2810,3088,2813,1915,1461,1387,1637,1354,0,0
2025,2025-09-21,Westbound,Heavy Vehicles,30,21,23,13,22,43,56,88,94,100,149,139,141,131,135,115,150,121,75,79,63,50,34,30,0,0
2025,2025-09-21,Westbound,Light Vehicles,1081,747,702,392,279,294,453,773,1232,1752,2180,2419,2609,2515,2694,2668,2685,2485,2046,1318,1060,786,552,311,0,0
2025,2025-09-21,Westbound,All Vehicles,1111,768,725,405,301,337,509,861,1326,1852,2329,2558,2750,2646,2829,2783,2835,2606,2121,1397,1123,836,586,341,0,0
2025,2025-09-22,Westbound,Light Vehicles,178,94,90,55,187,658,1503,2717,2994,2105,2055,1891,2100,2038,2267,2741,2548,2357,1777,1128,1006,910,681,281,0,0
2025,2025-09-22,Westbound,Heavy Vehicles,25,8,17,15,20,72,181,234,275,296,351,395,367,353,362,464,306,147,98,65,43,43,19,18,0,0
2025,2025-09-22,Westbound,All Vehicles,203,102,107,70,207,730,1684,2951,3269,2401,2406,2286,2467,2391,2629,3205,2854,2504,1875,1193,1049,953,700,299,0,0
2025,2025-09-23,Westbound,Light Vehicles,106,86,59,63,169,695,1547,2714,2978,2362,1964,2030,2014,2141,2420,2842,2502,2479,1957,1282,1064,968,660,317,0,0
2025,2025-09-23,Westbound,Heavy Vehicles,10,9,11,11,22,76,192,244,304,327,353,379,376,330,419,453,275,197,111,63,44,35,33,13,0,0
2025,2025-09-23,Westbound,All Vehicles,116,95,70,74,191,771,1739,2958,3282,2689,2317,2409,2390,2471,2839,3295,2777,2676,2068,1345,1108,1003,693,330,0,0
2025,2025-09-24,Westbound,Light Vehicles,130,93,55,67,162,691,1577,2679,3038,2365,2048,2170,2310,2321,2534,2806,2790,2623,2246,1405,1193,1093,733,390,0,0
2025,2025-09-24,Westbound,Heavy Vehicles,8,12,14,21,26,82,182,288,285,318,365,382,360,357,407,416,294,226,103,77,49,55,28,16,0,0
2025,2025-09-24,Westbound,All Vehicles,138,105,69,88,188,773,1759,2967,3323,2683,2413,2552,2670,2678,2941,3222,3084,2849,2349,1482,1242,1148,761,406,0,0
2025,2025-09-25,Westbound,Light Vehicles,213,174,93,86,172,683,1671,2713,3090,2609,2278,2242,2351,2400,2633,2804,2792,2889,2498,1754,1375,1333,876,496,0,0
2025,2025-09-25,Westbound,Heavy Vehicles,15,9,19,14,33,85,208,258,299,344,366,385,394,378,406,418,294,212,128,81,56,54,35,30,0,0
2025,2025-09-25,Westbound,All Vehicles,228,183,112,100,205,768,1879,2971,3389,2953,2644,2627,2745,2778,3039,3222,3086,3101,2626,1835,1431,1387,911,526,0,0
2025,2025-09-26,Westbound,Light Vehicles,283,230,181,124,186,709,1536,2370,2730,2505,2498,2423,2518,2639,2709,3042,2953,2759,2674,1794,1342,1268,1232,889,0,0
2025,2025-09-26,Westbound,Heavy Vehicles,15,3,10,14,28,87,193,262,263,353,375,390,408,397,412,380,286,208,142,79,66,51,46,40,0,0
2025,2025-09-26,Westbound,All Vehicles,298,233,191,138,214,796,1729,2632,2993,2858,2873,2813,2926,3036,3121,3422,3239,2967,2816,1873,1408,1319,1278,929,0,0
2025,2025-09-27,Westbound,Heavy Vehicles,14,11,13,19,9,40,92,117,139,177,168,167,169,176,170,140,129,134,107,60,53,59,53,54,0,0
2025,2025-09-27,Westbound,Light Vehicles,625,423,301,208,209,392,760,1156,1694,2174,2405,2634,2773,3003,2835,2671,2639,2887,2779,1832,1435,1346,1503,1193,0,0
2025,2025-09-27,Westbound,All Vehicles,639,434,314,227,218,432,852,1273,1833,2351,2573,2801,2942,3179,3005,2811,2768,3021,2886,1892,1488,1405,1556,1247,0,0
2025,2025-09-28,Westbound,Light Vehicles,959,829,590,421,257,309,514,789,1215,1810,2190,2341,2566,2452,2559,2773,2332,2192,1970,1166,1030,740,498,277,0,0
2025,2025-09-28,Westbound,Heavy Vehicles,35,17,17,19,15,21,42,55,61,95,94,120,94,100,105,88,87,78,75,47,48,38,23,16,0,0
2025,2025-09-28,Westbound,All Vehicles,994,846,607,440,272,330,556,844,1276,1905,2284,2461,2660,2552,2664,2861,2419,2270,2045,1213,1078,778,521,293,0,0
2025,2025-09-29,Westbound,Heavy Vehicles,13,2,9,17,20,83,173,240,294,303,346,337,339,353,367,437,266,181,84,71,50,38,21,19,0,0
2025,2025-09-29,Westbound,Light Vehicles,136,105,87,80,199,636,1508,2379,2724,2248,1987,1944,2018,2015,2180,2649,2327,2235,1723,1152,903,689,470,234,0,0
2025,2025-09-29,Westbound,All Vehicles,149,107,96,97,219,719,1681,2619,3018,2551,2333,2281,2357,2368,2547,3086,2593,2416,1807,1223,953,727,491,253,0,0
2025,2025-09-30,Westbound,Heavy Vehicles,6,10,15,12,25,87,186,241,283,309,344,345,351,361,421,420,318,205,99,74,53,39,36,19,0,0
2025,2025-09-30,Westbound,Light Vehicles,137,93,55,66,185,717,1593,2595,2982,2496,2189,2098,2240,2257,2614,2895,2755,2739,2239,1399,1111,902,621,299,0,0
2025,2025-09-30,Westbound,All Vehicles,143,103,70,78,210,804,1779,2836,3265,2805,2533,2443,2591,2618,3035,3315,3073,2944,2338,1473,1164,941,657,318,0,0
2025,2025-10-01,Westbound,Light Vehicles,164,124,74,73,165,699,1652,2406,2847,2608,2160,2159,2247,2314,2647,2839,2884,2790,2295,1401,1124,1085,784,389,0,0
2025,2025-10-01,Westbound,Heavy Vehicles,11,5,13,20,21,91,202,248,298,324,379,415,359,381,390,426,294,213,128,86,66,48,45,38,0,0
2025,2025-10-01,Westbound,All Vehicles,175,129,87,93,186,790,1854,2654,3145,2932,2539,2574,2606,2695,3037,3265,3178,3003,2423,1487,1190,1133,829,427,0,0
2025,2025-10-02,Westbound,Light Vehicles,236,178,101,93,178,638,1515,2187,2560,2308,2063,2198,2257,2369,2557,2990,2676,2558,2185,1503,1316,1241,951,528,0,0
2025,2025-10-02,Westbound,Heavy Vehicles,32,11,15,11,21,89,198,233,266,303,370,393,370,358,422,420,313,206,106,71,64,52,50,39,0,0
2025,2025-10-02,Westbound,All Vehicles,268,189,116,104,199,727,1713,2420,2826,2611,2433,2591,2627,2727,2979,3410,2989,2764,2291,1574,1380,1293,1001,567,0,0
2025,2025-10-03,Westbound,Light Vehicles,257,145,112,122,204,696,1455,2151,2475,2553,2505,2415,2685,2623,2716,2894,2814,2812,2432,1707,1280,1211,1085,821,0,0
2025,2025-10-03,Westbound,Heavy Vehicles,34,10,18,19,28,87,185,250,299,311,335,345,386,369,358,400,255,218,130,83,58,50,52,34,0,0
2025,2025-10-03,Westbound,All Vehicles,291,155,130,141,232,783,1640,2401,2774,2864,2840,2760,3071,2992,3074,3294,3069,3030,2562,1790,1338,1261,1137,855,0,0
2025,2025-10-04,Westbound,Light Vehicles,614,394,287,236,202,335,766,1094,1535,2164,2520,2506,2681,2625,2578,2497,2515,2587,2416,1729,1289,1303,1390,1144,0,0
2025,2025-10-04,Westbound,Heavy Vehicles,19,18,6,14,12,41,79,97,121,149,169,143,162,162,148,135,136,110,73,60,48,42,49,44,0,0
2025,2025-10-04,Westbound,All Vehicles,633,412,293,250,214,376,845,1191,1656,2313,2689,2649,2843,2787,2726,2632,2651,2697,2489,1789,1337,1345,1439,1188,0,0
2025,2025-10-05,Westbound,Light Vehicles,879,703,,620,401,304,414,642,972,1495,1879,2134,2353,2159,2496,2516,2659,2737,2404,1533,1305,1185,1241,919,0,0
2025,2025-10-05,Westbound,Heavy Vehicles,36,26,,20,13,18,34,44,74,69,91,101,103,104,109,109,117,102,60,63,35,44,43,44,0,0
2025,2025-10-05,Westbound,All Vehicles,915,729,,640,414,322,448,686,1046,1564,1970,2235,2456,2263,2605,2625,2776,2839,2464,1596,1340,1229,1284,963,0,0
2025,2025-10-06,Westbound,Light Vehicles,273,168,141,110,87,116,139,192,272,401,544,599,679,615,633,762,830,669,560,353,322,294,181,125,0,0
2025,2025-10-06,Westbound,Heavy Vehicles,7,4,2,5,4,2,8,19,24,26,24,22,23,34,27,31,35,33,17,15,8,11,3,6,0,0
2025,2025-10-06,Westbound,All Vehicles,280,172,143,115,91,118,147,211,296,427,568,621,702,649,660,793,865,702,577,368,330,305,184,131,0,0
2025,2025-10-07,Westbound,Heavy Vehicles,6,5,12,15,20,56,191,236,276,335,356,342,309,332,339,443,261,196,76,64,56,39,37,20,0,0
2025,2025-10-07,Westbound,Light Vehicles,137,85,52,64,178,522,1421,2379,3036,2400,2036,2115,2235,2038,2317,2664,2326,2244,1803,1269,1003,871,569,290,0,0
2025,2025-10-07,Westbound,All Vehicles,143,90,64,79,198,578,1612,2615,3312,2735,2392,2457,2544,2370,2656,3107,2587,2440,1879,1333,1059,910,606,310,0,0
2025,2025-10-08,Westbound,Heavy Vehicles,10,15,14,16,24,86,195,245,316,328,353,373,388,390,417,445,311,255,108,80,56,43,42,17,0,0
2025,2025-10-08,Westbound,Light Vehicles,167,100,72,68,172,650,1513,2426,2860,2542,2253,2218,2296,2233,2535,2905,2699,2817,2162,1568,1178,1108,761,358,0,0
2025,2025-10-08,Westbound,All Vehicles,177,115,86,84,196,736,1708,2671,3176,2870,2606,2591,2684,2623,2952,3350,3010,3072,2270,1648,1234,1151,803,375,0,0
2025,2025-10-09,Westbound,Heavy Vehicles,13,9,12,10,25,76,195,240,289,339,350,367,401,339,397,468,310,217,120,81,73,41,41,17,0,0
2025,2025-10-09,Westbound,Light Vehicles,194,144,87,70,164,635,1479,2413,2926,2684,2325,2257,2355,2236,2561,2818,2684,2664,2262,1642,1316,1212,944,493,0,0
2025,2025-10-09,Westbound,All Vehicles,207,153,99,80,189,711,1674,2653,3215,3023,2675,2624,2756,2575,2958,3286,2994,2881,2382,1723,1389,1253,985,510,0,0
2025,2025-10-10,Westbound,Heavy Vehicles,16,18,15,16,18,81,179,257,318,317,363,379,352,368,394,414,351,227,133,109,73,49,43,40,0,0
2025,2025-10-10,Westbound,Light Vehicles,284,185,114,107,194,685,1348,2192,2713,2531,2382,2479,2622,2533,2679,2965,2995,3034,2727,2138,1518,1427,1302,934,0,0
2025,2025-10-10,Westbound,All Vehicles,300,203,129,123,212,766,1527,2449,3031,2848,2745,2858,2974,2901,3073,3379,3346,3261,2860,2247,1591,1476,1345,974,0,0
2025,2025-10-11,Westbound,Light Vehicles,674,422,267,185,176,374,736,1105,1603,2120,2462,2595,2932,2835,2923,2954,2986,3054,2800,2343,1917,1603,1543,1323,0,0
2025,2025-10-11,Westbound,Heavy Vehicles,23,10,9,11,11,36,82,115,154,146,156,171,174,155,161,160,136,120,112,85,80,59,69,48,0,0
2025,2025-10-11,Westbound,All Vehicles,697,432,276,196,187,410,818,1220,1757,2266,2618,2766,3106,2990,3084,3114,3122,3174,2912,2428,1997,1662,1612,1371,0,0
2025,2025-10-12,Westbound,Heavy Vehicles,29,28,15,15,7,19,39,60,72,90,103,111,97,112,122,126,119,74,82,52,56,35,23,19,0,0
2025,2025-10-12,Westbound,Light Vehicles,1114,820,619,358,264,301,436,747,1139,1765,2274,2462,2562,2458,2869,3003,2432,2056,1651,1077,1027,1031,580,302,0,0
2025,2025-10-12,Westbound,All Vehicles,1143,848,634,373,271,320,475,807,1211,1855,2377,2573,2659,2570,2991,3129,2551,2130,1733,1129,1083,1066,603,321,0,0
2025,2025-10-13,Westbound,Light Vehicles,171,96,73,70,198,598,1500,2606,2967,2396,2040,2008,2179,2123,2428,2743,2682,2522,1910,1342,1053,857,496,288,0,0
2025,2025-10-13,Westbound,Heavy Vehicles,15,13,14,14,27,76,159,231,301,320,326,357,336,345,366,425,330,219,98,71,68,45,18,17,0,0
2025,2025-10-13,Westbound,All Vehicles,186,109,87,84,225,674,1659,2837,3268,2716,2366,2365,2515,2468,2794,3168,3012,2741,2008,1413,1121,902,514,305,0,0
2025,2025-10-14,Westbound,Heavy Vehicles,11,8,14,14,22,79,202,249,249,332,362,358,369,354,376,436,321,223,134,84,64,58,33,19,0,0
2025,2025-10-14,Westbound,Light Vehicles,143,85,63,58,177,618,1626,2825,3226,2684,2083,2132,2147,2178,2443,2858,2709,2658,2211,1612,1309,1111,664,380,0,0
2025,2025-10-14,Westbound,All Vehicles,154,93,77,72,199,697,1828,3074,3475,3016,2445,2490,2516,2532,2819,3294,3030,2881,2345,1696,1373,1169,697,399,0,0
2025,2025-10-15,Westbound,Light Vehicles,184,100,81,56,179,688,1687,2743,3104,2761,2191,2251,2379,2216,2528,2961,2917,2933,2497,1678,1394,1106,831,460,0,0
2025,2025-10-15,Westbound,Heavy Vehicles,12,11,17,18,21,86,193,274,293,316,338,381,367,368,422,432,311,236,128,93,80,51,40,30,0,0
2025,2025-10-15,Westbound,All Vehicles,196,111,98,74,200,774,1880,3017,3397,3077,2529,2632,2746,2584,2950,3393,3228,3169,2625,1771,1474,1157,871,490,0,0
2025,2025-10-16,Westbound,Heavy Vehicles,9,7,10,12,23,72,192,266,238,318,364,380,392,383,420,390,379,245,123,106,65,54,34,32,0,0
2025,2025-10-16,Westbound,Light Vehicles,273,167,83,81,180,663,1590,2710,3157,2891,2228,2309,2389,2334,2581,2631,3032,2930,2675,1944,1603,1422,1003,596,0,0
2025,2025-10-16,Westbound,All Vehicles,282,174,93,93,203,735,1782,2976,3395,3209,2592,2689,2781,2717,3001,3021,3411,3175,2798,2050,1668,1476,1037,628,0,0
2025,2025-10-17,Westbound,Heavy Vehicles,17,17,14,21,25,85,184,256,331,330,412,456,401,415,409,385,303,225,147,95,65,50,57,28,0,0
2025,2025-10-17,Westbound,Light Vehicles,367,188,145,101,193,679,1517,2532,2987,2693,2517,2559,2577,2593,2658,2952,3006,2938,2755,1831,1396,1245,1269,1042,0,0
2025,2025-10-17,Westbound,All Vehicles,384,205,159,122,218,764,1701,2788,3318,3023,2929,3015,2978,3008,3067,3337,3309,3163,2902,1926,1461,1295,1326,1070,0,0
2025,2025-10-18,Westbound,Heavy Vehicles,22,19,13,14,15,36,80,125,151,180,178,186,190,198,181,136,159,116,118,93,66,73,74,56,0,0
2025,2025-10-18,Westbound,Light Vehicles,679,457,329,251,242,381,871,1282,1921,2513,2871,2917,2856,2854,2790,2731,2716,2865,2782,2374,1859,1692,1805,1488,0,0
2025,2025-10-18,Westbound,All Vehicles,701,476,342,265,257,417,951,1407,2072,2693,3049,3103,3046,3052,2971,2867,2875,2981,2900,2467,1925,1765,1879,1544,0,0
2025,2025-10-19,Westbound,Heavy Vehicles,38,29,18,15,19,21,29,60,90,81,110,133,128,112,102,120,116,102,90,70,50,47,30,14,0,0
2025,2025-10-19,Westbound,Light Vehicles,1161,949,727,411,305,252,491,783,1270,1953,2228,2525,2601,2656,2509,2681,2744,2586,2145,1622,1298,954,591,371,0,0
2025,2025-10-19,Westbound,All Vehicles,1199,978,745,426,324,273,520,843,1360,2034,2338,2658,2729,2768,2611,2801,2860,2688,2235,1692,1348,1001,621,385,0,0
2025,2025-10-20,Westbound,Light Vehicles,183,117,73,72,179,655,1539,2782,3061,2566,2057,2091,2209,2216,2465,2886,2863,2746,2130,1538,1215,913,562,317,0,0
2025,2025-10-20,Westbound,Heavy Vehicles,15,9,16,20,20,81,189,222,272,322,327,388,377,336,382,440,300,214,133,77,65,58,32,27,0,0
2025,2025-10-20,Westbound,All Vehicles,198,126,89,92,199,736,1728,3004,3333,2888,2384,2479,2586,2552,2847,3326,3163,2960,2263,1615,1280,971,594,344,0,0
2025,2025-10-21,Westbound,Light Vehicles,149,69,59,57,150,680,1698,2928,3158,2785,2174,2241,2338,2264,2476,2803,2811,2654,2135,1523,1210,1032,672,340,0,0
2025,2025-10-21,Westbound,Heavy Vehicles,10,9,8,10,22,79,230,251,254,323,328,389,364,357,375,416,327,237,111,83,61,34,38,18,0,0
2025,2025-10-21,Westbound,All Vehicles,159,78,67,67,172,759,1928,3179,3412,3108,2502,2630,2702,2621,2851,3219,3138,2891,2246,1606,1271,1066,710,358,0,0
2025,2025-10-22,Westbound,Heavy Vehicles,13,7,12,18,27,84,194,232,268,325,356,405,373,421,414,430,327,196,132,89,74,42,33,22,0,0
2025,2025-10-22,Westbound,Light Vehicles,170,80,66,68,194,712,1688,2839,3266,2856,2261,2335,2415,2322,2607,2894,2965,2903,2458,1687,1393,1245,862,510,0,0
2025,2025-10-22,Westbound,All Vehicles,183,87,78,86,221,796,1882,3071,3534,3181,2617,2740,2788,2743,3021,3324,3292,3099,2590,1776,1467,1287,895,532,0,0
2025,2025-10-23,Westbound,Light Vehicles,216,148,82,86,162,717,1615,2891,3240,2874,2314,2422,2410,2426,2695,2898,2947,2926,2438,1739,1491,1280,1015,621,0,0
2025,2025-10-23,Westbound,Heavy Vehicles,15,6,7,13,30,83,230,256,284,341,396,423,405,382,411,407,333,226,142,90,59,44,37,30,0,0
2025,2025-10-23,Westbound,All Vehicles,231,154,89,99,192,800,1845,3147,3524,3215,2710,2845,2815,2808,3106,3305,3280,3152,2580,1829,1550,1324,1052,651,0,0
2025,2025-10-25,Westbound,Heavy Vehicles,23,11,8,16,18,40,88,116,151,184,162,178,188,178,186,171,159,135,107,73,55,67,68,62,0,0
2025,2025-10-25,Westbound,Light Vehicles,625,422,318,218,203,403,953,1548,2186,2665,3002,2846,3012,3126,3020,2928,2825,2984,2605,1989,1586,1875,1758,1501,0,0
2025,2025-10-25,Westbound,All Vehicles,648,433,326,234,221,443,1041,1664,2337,2849,3164,3024,3200,3304,3206,3099,2984,3119,2712,2062,1641,1942,1826,1563,0,0
2025,2025-10-26,Westbound,Light Vehicles,1125,806,632,367,230,292,490,793,1286,1834,2401,2492,2744,2580,2576,2476,2340,2122,1804,1408,1231,1076,621,304,0,0
2025,2025-10-26,Westbound,Heavy Vehicles,34,24,18,16,11,18,38,45,80,83,93,109,101,105,107,126,99,89,68,68,48,40,30,19,0,0
2025,2025-10-26,Westbound,All Vehicles,1159,830,650,383,241,310,528,838,1366,1917,2494,2601,2845,2685,2683,2602,2439,2211,1872,1476,1279,1116,651,323,0,0
2025,2025-10-27,Westbound,Heavy Vehicles,13,6,13,18,19,71,190,223,280,339,377,372,357,390,410,417,313,204,110,74,58,45,25,17,0,0
2025,2025-10-27,Westbound,Light Vehicles,187,105,77,84,182,646,1582,2786,3196,2587,2025,2118,2238,2181,2444,2724,2751,2571,1936,1336,1049,800,471,281,0,0
2025,2025-10-27,Westbound,All Vehicles,200,111,90,102,201,717,1772,3009,3476,2926,2402,2490,2595,2571,2854,3141,3064,2775,2046,1410,1107,845,496,298,0,0
2025,2025-10-28,Westbound,Light Vehicles,151,87,49,53,163,698,1702,2905,3239,2703,2134,2113,2207,2202,2521,2731,2815,2700,2044,1420,1235,966,663,331,0,0
2025,2025-10-28,Westbound,Heavy Vehicles,7,12,11,17,20,67,180,247,271,299,371,345,361,365,405,417,329,222,107,66,50,30,28,18,0,0
2025,2025-10-28,Westbound,All Vehicles,158,99,60,70,183,765,1882,3152,3510,3002,2505,2458,2568,2567,2926,3148,3144,2922,2151,1486,1285,996,691,349,0,0
2025,2025-10-29,Westbound,Light Vehicles,168,97,68,89,157,709,1693,2899,3135,2817,2163,2304,2251,2185,2341,2767,2691,2750,2342,1627,1351,1133,887,476,0,0
2025,2025-10-29,Westbound,Heavy Vehicles,15,8,12,13,20,82,180,226,247,328,305,313,318,348,377,394,275,192,117,87,65,50,56,32,0,0
2025,2025-10-29,Westbound,All Vehicles,183,105,80,102,177,791,1873,3125,3382,3145,2468,2617,2569,2533,2718,3161,2966,2942,2459,1714,1416,1183,943,508,0,0
2025,2025-10-30,Westbound,Light Vehicles,237,176,114,69,180,688,1666,2841,3221,2812,2349,2302,2460,2313,2615,2788,2990,2890,2555,1817,1467,1350,1028,672,0,0
2025,2025-10-30,Westbound,Heavy Vehicles,21,7,10,17,23,94,223,237,257,333,351,413,410,386,394,395,348,250,121,110,67,54,47,37,0,0
2025,2025-10-30,Westbound,All Vehicles,258,183,124,86,203,782,1889,3078,3478,3145,2700,2715,2870,2699,3009,3183,3338,3140,2676,1927,1534,1404,1075,709,0,0
2025,2025-10-31,Westbound,Heavy Vehicles,29,8,16,24,23,85,201,242,291,350,355,405,376,385,405,402,329,223,123,106,71,56,31,38,0,0
2025,2025-10-31,Westbound,Light Vehicles,339,225,153,120,212,645,1539,2600,2885,2665,2407,2546,2733,2575,2685,2817,3017,2845,2678,2059,1682,1484,1316,1097,0,0
2025,2025-10-31,Westbound,All Vehicles,368,233,169,144,235,730,1740,2842,3176,3015,2762,2951,3109,2960,3090,3219,3346,3068,2801,2165,1753,1540,1347,1135,0,0
2025,2025-11-01,Westbound,Heavy Vehicles,20,15,9,14,18,40,85,118,135,142,177,184,186,201,172,151,132,123,85,72,59,77,55,52,0,0
2025,2025-11-01,Westbound,Light Vehicles,780,628,476,350,269,410,816,1276,1886,2546,2819,2917,3085,3079,2740,2752,2656,2750,2620,2072,1807,1570,1579,1517,0,0
2025,2025-11-01,Westbound,All Vehicles,800,643,485,364,287,450,901,1394,2021,2688,2996,3101,3271,3280,2912,2903,2788,2873,2705,2144,1866,1647,1634,1569,0,0
2025,2025-11-02,Westbound,Heavy Vehicles,40,22,16,18,13,20,31,57,64,88,104,129,125,91,88,126,118,76,86,58,45,43,37,30,0,0
2025,2025-11-02,Westbound,Light Vehicles,1070,778,625,399,275,289,480,732,1177,1801,2273,2476,2717,2508,2322,2536,2468,2478,1975,1509,1287,904,585,315,0,0
2025,2025-11-02,Westbound,All Vehicles,1110,800,641,417,288,309,511,789,1241,1889,2377,2605,2842,2599,2410,2662,2586,2554,2061,1567,1332,947,622,345,0,0
2025,2025-11-03,Westbound,Light Vehicles,180,99,89,78,189,614,1651,2721,3204,2504,2055,2070,2144,2285,2465,2820,2837,2753,2077,1416,1121,886,545,290,0,0
2025,2025-11-03,Westbound,Heavy Vehicles,19,8,10,16,30,72,170,226,300,317,337,340,380,385,380,459,349,242,135,84,59,45,40,15,0,0
2025,2025-11-03,Westbound,All Vehicles,199,107,99,94,219,686,1821,2947,3504,2821,2392,2410,2524,2670,2845,3279,3186,2995,2212,1500,1180,931,585,305,0,0
2025,2025-11-04,Westbound,Light Vehicles,129,88,68,58,159,631,1631,2693,3121,2610,2247,2309,2579,2359,2356,2851,2707,2792,2299,1715,1481,1173,879,566,0,0
2025,2025-11-04,Westbound,Heavy Vehicles,13,11,14,29,23,89,194,233,258,341,378,376,385,353,383,383,299,216,122,85,63,60,42,22,0,0
2025,2025-11-04,Westbound,All Vehicles,142,99,82,87,182,720,1825,2926,3379,2951,2625,2685,2964,2712,2739,3234,3006,3008,2421,1800,1544,1233,921,588,0,0
2025,2025-11-05,Westbound,Light Vehicles,357,224,150,104,215,697,1667,2820,3130,2742,2265,2312,2345,2327,2617,2811,2911,2916,2483,1689,1590,1402,803,445,0,0
2025,2025-11-05,Westbound,Heavy Vehicles,12,15,20,21,37,91,176,248,280,324,331,409,367,408,427,428,347,212,151,94,78,52,30,24,0,0
2025,2025-11-05,Westbound,All Vehicles,369,239,170,125,252,788,1843,3068,3410,3066,2596,2721,2712,2735,3044,3239,3258,3128,2634,1783,1668,1454,833,469,0,0
2025,2025-11-06,Westbound,Heavy Vehicles,15,12,15,16,26,90,203,220,255,325,358,390,382,424,405,388,344,227,132,107,102,60,51,25,0,0
2025,2025-11-06,Westbound,Light Vehicles,242,218,87,70,184,750,1761,2869,3229,2862,2238,2355,2372,2366,2713,2855,2937,3013,2600,1869,1824,1606,1042,570,0,0
2025,2025-11-06,Westbound,All Vehicles,257,230,102,86,210,840,1964,3089,3484,3187,2596,2745,2754,2790,3118,3243,3281,3240,2732,1976,1926,1666,1093,595,0,0
2025,2025-11-07,Westbound,Heavy Vehicles,16,11,13,21,23,86,218,252,310,347,394,388,391,401,399,368,318,249,159,97,63,49,50,58,0,0
2025,2025-11-07,Westbound,Light Vehicles,275,168,125,119,215,707,1632,2635,2885,2689,2464,2567,2649,2684,2809,2852,3137,3150,2748,2069,1518,1423,1360,1144,0,0
2025,2025-11-07,Westbound,All Vehicles,291,179,138,140,238,793,1850,2887,3195,3036,2858,2955,3040,3085,3208,3220,3455,3399,2907,2166,1581,1472,1410,1202,0,0
2025,2025-11-08,Westbound,Heavy Vehicles,50,27,18,12,15,38,84,120,156,164,212,193,209,202,183,162,147,152,110,102,64,64,59,59,0,0
2025,2025-11-08,Westbound,Light Vehicles,918,618,369,240,202,386,856,1383,2021,2459,2790,2936,3125,3028,2995,2922,3097,3414,3021,2187,1810,1634,1650,1412,0,0
2025,2025-11-08,Westbound,All Vehicles,968,645,387,252,217,424,940,1503,2177,2623,3002,3129,3334,3230,3178,3084,3244,3566,3131,2289,1874,1698,1709,1471,0,0
2025,2025-11-09,Westbound,Heavy Vehicles,57,27,16,16,9,12,36,59,52,83,107,125,126,111,103,109,110,87,88,61,57,38,28,21,0,0
2025,2025-11-09,Westbound,Light Vehicles,1240,931,671,403,269,262,464,775,1203,1796,2282,2541,2716,2569,2507,2488,2470,2381,1970,1584,1331,1040,674,384,0,0
2025,2025-11-09,Westbound,All Vehicles,1297,958,687,419,278,274,500,834,1255,1879,2389,2666,2842,2680,2610,2597,2580,2468,2058,1645,1388,1078,702,405,0,0
2025,2025-11-10,Westbound,Light Vehicles,208,109,87,82,196,671,1649,2712,3129,2509,2015,2119,2055,2117,2476,2838,2772,2656,2066,1437,1137,919,679,378,0,0
2025,2025-11-10,Westbound,Heavy Vehicles,6,2,20,25,23,91,200,253,271,281,340,400,360,330,382,434,302,228,116,79,65,45,39,30,0,0
2025,2025-11-10,Westbound,All Vehicles,214,111,107,107,219,762,1849,2965,3400,2790,2355,2519,2415,2447,2858,3272,3074,2884,2182,1516,1202,964,718,408,0,0
2025,2025-11-11,Westbound,Light Vehicles,173,98,81,72,197,716,1773,2919,3267,2692,2211,2087,2266,2211,2593,2946,2930,2844,2292,1579,1273,1040,872,392,0,0
2025,2025-11-11,Westbound,Heavy Vehicles,18,12,17,18,29,80,196,254,261,347,400,402,358,375,411,441,331,209,111,75,65,52,37,21,0,0
2025,2025-11-11,Westbound,All Vehicles,191,110,98,90,226,796,1969,3173,3528,3039,2611,2489,2624,2586,3004,3387,3261,3053,2403,1654,1338,1092,909,413,0,0
2025,2025-11-12,Westbound,Heavy Vehicles,18,12,18,17,35,81,193,236,257,317,363,399,376,424,396,378,348,259,160,82,65,50,37,37,0,0
2025,2025-11-12,Westbound,Light Vehicles,198,117,83,80,203,739,1722,2818,3152,2738,2287,2238,2380,2337,2519,2382,2705,2920,2592,1699,1521,1274,886,492,0,0
2025,2025-11-12,Westbound,All Vehicles,216,129,101,97,238,820,1915,3054,3409,3055,2650,2637,2756,2761,2915,2760,3053,3179,2752,1781,1586,1324,923,529,0,0
2025,2025-11-13,Westbound,Light Vehicles,279,220,100,84,196,751,1605,2664,3044,2521,2047,2201,2246,2310,2425,2703,2789,2799,2379,1860,1704,1509,1004,574,0,0
2025,2025-11-13,Westbound,Heavy Vehicles,20,20,22,20,40,79,181,261,249,293,323,374,353,329,383,392,303,208,110,98,86,68,51,39,0,0
2025,2025-11-13,Westbound,All Vehicles,299,240,122,104,236,830,1786,2925,3293,2814,2370,2575,2599,2639,2808,3095,3092,3007,2489,1958,1790,1577,1055,613,0,0
2025,2025-11-14,Westbound,Light Vehicles,321,204,122,119,210,672,1593,2590,2881,2677,2490,2512,2694,2762,2867,3043,3090,3020,2813,2028,1669,1533,1433,1123,0,0
2025,2025-11-14,Westbound,Heavy Vehicles,18,18,23,27,32,77,199,266,289,348,376,369,407,378,392,397,318,211,139,103,81,56,65,33,0,0
2025,2025-11-14,Westbound,All Vehicles,339,222,145,146,242,749,1792,2856,3170,3025,2866,2881,3101,3140,3259,3440,3408,3231,2952,2131,1750,1589,1498,1156,0,0
2025,2025-11-15,Westbound,Light Vehicles,722,539,329,222,198,414,941,1448,2010,2410,2915,2935,3198,3101,3014,2880,2992,2878,2573,1844,1520,1560,1766,1458,0,0
2025,2025-11-15,Westbound,Heavy Vehicles,30,13,9,14,18,38,97,132,173,186,192,178,203,185,166,173,149,127,87,68,70,54,61,63,0,0
2025,2025-11-15,Westbound,All Vehicles,752,552,338,236,216,452,1038,1580,2183,2596,3107,3113,3401,3286,3180,3053,3141,3005,2660,1912,1590,1614,1827,1521,0,0
2025,2025-11-16,Westbound,Heavy Vehicles,44,19,18,13,17,37,58,95,95,109,128,144,128,143,126,127,135,142,124,98,83,49,47,33,0,0
2025,2025-11-16,Westbound,Light Vehicles,1116,869,621,350,272,264,522,778,1255,1788,2268,2539,2706,2766,2555,2692,2885,2888,2424,1902,1653,1134,712,434,0,0
2025,2025-11-16,Westbound,All Vehicles,1160,888,639,363,289,301,580,873,1350,1897,2396,2683,2834,2909,2681,2819,3020,3030,2548,2000,1736,1183,759,467,0,0
2025,2025-11-17,Westbound,Light Vehicles,230,134,76,82,197,672,1639,2813,3067,2529,2074,2163,2167,2048,2484,2804,2563,2674,1961,1359,1221,916,616,298,0,0
2025,2025-11-17,Westbound,Heavy Vehicles,33,16,15,13,23,78,186,238,268,313,400,374,364,365,396,423,319,209,110,82,51,39,26,23,0,0
2025,2025-11-17,Westbound,All Vehicles,263,150,91,95,220,750,1825,3051,3335,2842,2474,2537,2531,2413,2880,3227,2882,2883,2071,1441,1272,955,642,321,0,0
2025,2025-11-18,Westbound,Heavy Vehicles,16,10,18,15,12,82,205,241,265,344,360,360,374,372,416,394,344,236,146,81,76,55,36,30,0,0
2025,2025-11-18,Westbound,Light Vehicles,145,90,69,58,178,711,1744,2959,3205,2661,2199,2274,2239,2313,2478,2920,2915,2928,2449,1689,1387,1122,808,461,0,0
2025,2025-11-18,Westbound,All Vehicles,161,100,87,73,190,793,1949,3200,3470,3005,2559,2634,2613,2685,2894,3314,3259,3164,2595,1770,1463,1177,844,491,0,0
2025,2025-11-19,Westbound,Heavy Vehicles,14,12,11,17,28,87,191,254,277,356,375,385,422,394,410,391,318,245,157,102,76,56,46,31,0,0
2025,2025-11-19,Westbound,Light Vehicles,216,132,93,79,203,755,1813,2847,3155,2746,2291,2350,2389,2336,2688,2879,2954,3022,2675,1915,1647,1454,995,546,0,0
2025,2025-11-19,Westbound,All Vehicles,230,144,104,96,231,842,2004,3101,3432,3102,2666,2735,2811,2730,3098,3270,3272,3267,2832,2017,1723,1510,1041,577,0,0
2025,2025-11-20,Westbound,Heavy Vehicles,13,15,12,11,22,95,221,262,284,346,343,390,416,401,470,419,318,268,144,85,65,51,57,39,0,0
2025,2025-11-20,Westbound,Light Vehicles,296,275,108,81,190,711,1725,2791,3286,2717,2374,2374,2592,2446,2684,2912,2990,2967,2743,1958,1576,1618,1284,744,0,0
2025,2025-11-20,Westbound,All Vehicles,309,290,120,92,212,806,1946,3053,3570,3063,2717,2764,3008,2847,3154,3331,3308,3235,2887,2043,1641,1669,1341,783,0,0
2025,2025-11-21,Westbound,Light Vehicles,417,229,143,103,185,672,1595,2493,2812,2727,2544,2482,2596,2728,2714,2888,2949,2979,2852,1950,1577,1535,1463,1225,0,0
2025,2025-11-21,Westbound,Heavy Vehicles,17,8,14,15,33,81,168,250,247,350,381,408,369,370,381,352,282,197,155,114,52,79,57,51,0,0
2025,2025-11-21,Westbound,All Vehicles,434,237,157,118,218,753,1763,2743,3059,3077,2925,2890,2965,3098,3095,3240,3231,3176,3007,2064,1629,1614,1520,1276,0,0
2025,2025-11-22,Westbound,Heavy Vehicles,52,16,13,11,22,43,85,117,150,178,188,193,234,183,187,152,151,110,105,77,65,56,65,58,0,0
2025,2025-11-22,Westbound,Light Vehicles,858,544,367,230,182,394,853,1290,1893,2514,2791,2929,3137,3022,2948,2844,2793,3126,2781,1952,1480,1648,1739,1485,0,0
2025,2025-11-22,Westbound,All Vehicles,910,560,380,241,204,437,938,1407,2043,2692,2979,3122,3371,3205,3135,2996,2944,3236,2886,2029,1545,1704,1804,1543,0,0
2025,2025-11-23,Westbound,Light Vehicles,1105,722,625,349,238,240,434,626,1126,1733,2279,2371,2606,2539,2419,2531,2630,2699,2151,1673,1604,1278,733,394,0,0
2025,2025-11-23,Westbound,Heavy Vehicles,35,24,18,13,15,19,45,47,68,79,103,143,106,126,116,132,109,110,84,65,74,74,44,24,0,0
2025,2025-11-23,Westbound,All Vehicles,1140,746,643,362,253,259,479,673,1194,1812,2382,2514,2712,2665,2535,2663,2739,2809,2235,1738,1678,1352,777,418,0,0
2025,2025-11-24,Westbound,Light Vehicles,208,105,81,77,204,713,1653,2756,3180,2499,2079,2096,2184,2146,2399,2754,2743,2707,2050,1393,1133,927,565,292,0,0
2025,2025-11-24,Westbound,Heavy Vehicles,15,8,15,26,25,85,200,224,282,343,361,366,379,359,418,461,296,237,117,93,64,45,28,15,0,0
2025,2025-11-24,Westbound,All Vehicles,223,113,96,103,229,798,1853,2980,3462,2842,2440,2462,2563,2505,2817,3215,3039,2944,2167,1486,1197,972,593,307,0,0
2025,2025-11-25,Westbound,Heavy Vehicles,11,12,17,13,27,91,226,247,268,355,376,384,391,361,417,448,352,254,129,95,58,51,44,25,0,0
2025,2025-11-25,Westbound,Light Vehicles,150,102,72,59,171,738,1768,2913,3120,2761,2256,2269,2321,2408,2565,2946,2862,2933,2362,1571,1368,1178,809,472,0,0
2025,2025-11-25,Westbound,All Vehicles,161,114,89,72,198,829,1994,3160,3388,3116,2632,2653,2712,2769,2982,3394,3214,3187,2491,1666,1426,1229,853,497,0,0
2025,2025-11-26,Westbound,Heavy Vehicles,20,9,11,19,26,86,222,249,284,339,372,379,397,406,394,371,281,236,152,94,81,55,52,40,0,0
2025,2025-11-26,Westbound,Light Vehicles,234,122,90,66,196,739,1771,2849,3163,2594,2428,2426,2615,2735,2603,2699,2818,2715,2586,1735,1654,1521,1189,652,0,0
2025,2025-11-26,Westbound,All Vehicles,254,131,101,85,222,825,1993,3098,3447,2933,2800,2805,3012,3141,2997,3070,3099,2951,2738,1829,1735,1576,1241,692,0,0
2025,2025-11-27,Westbound,Light Vehicles,337,270,129,81,199,766,1744,2761,3097,2776,2361,2423,2622,2609,2809,2843,2855,2701,2698,2069,1818,1819,1400,891,0,0
2025,2025-11-27,Westbound,Heavy Vehicles,29,15,20,14,19,81,202,256,282,357,424,380,381,407,459,399,367,247,156,90,95,90,63,52,0,0
2025,2025-11-27,Westbound,All Vehicles,366,285,149,95,218,847,1946,3017,3379,3133,2785,2803,3003,3016,3268,3242,3222,2948,2854,2159,1913,1909,1463,943,0,0
2025,2025-11-28,Westbound,Light Vehicles,473,251,194,117,230,688,1650,2576,2852,2620,2468,2691,2767,2658,2954,2924,3042,3082,2949,2202,1743,1707,1582,1258,0,0
2025,2025-11-28,Westbound,Heavy Vehicles,27,17,16,25,24,85,191,240,295,336,361,389,373,388,399,379,306,258,148,105,92,66,56,36,0,0
2025,2025-11-28,Westbound,All Vehicles,500,268,210,142,254,773,1841,2816,3147,2956,2829,3080,3140,3046,3353,3303,3348,3340,3097,2307,1835,1773,1638,1294,0,0
2025,2025-11-29,Westbound,Heavy Vehicles,23,17,14,10,20,45,72,123,154,159,186,190,189,197,188,172,146,140,110,78,62,66,60,45,0,0
2025,2025-11-29,Westbound,Light Vehicles,775,549,363,280,195,418,849,1370,2077,2433,2808,2986,3161,2794,2949,2887,2716,2937,2973,2217,1841,1766,1806,1514,0,0
2025,2025-11-29,Westbound,All Vehicles,798,566,377,290,215,463,921,1493,2231,2592,2994,3176,3350,2991,3137,3059,2862,3077,3083,2295,1903,1832,1866,1559,0,0
2025,2025-11-30,Westbound,Heavy Vehicles,36,23,16,18,16,20,38,55,79,86,92,106,107,137,126,112,106,98,85,59,66,53,31,27,0,0
2025,2025-11-30,Westbound,Light Vehicles,1180,912,649,356,320,299,492,775,1291,1940,2331,2596,2697,2656,2701,2613,2804,2582,2098,1540,1548,1141,795,429,0,0
2025,2025-11-30,Westbound,All Vehicles,1216,935,665,374,336,319,530,830,1370,2026,2423,2702,2804,2793,2827,2725,2910,2680,2183,1599,1614,1194,826,456,0,0
2025,2025-12-01,Westbound,Heavy Vehicles,16,10,16,18,20,74,200,224,295,331,379,364,407,376,399,454,338,226,122,83,61,59,24,16,0,0
2025,2025-12-01,Westbound,Light Vehicles,261,119,81,84,185,621,1606,2741,3172,2510,2114,2203,2172,2287,2474,2823,2708,2512,1980,1433,1130,894,570,331,0,0
2025,2025-12-01,Westbound,All Vehicles,277,129,97,102,205,695,1806,2965,3467,2841,2493,2567,2579,2663,2873,3277,3046,2738,2102,1516,1191,953,594,347,0,0
2025,2025-12-02,Westbound,Light Vehicles,188,78,65,63,135,671,1611,2661,3155,2735,2283,2172,2445,2246,2595,2760,2915,2937,2430,1663,1373,1153,947,467,0,0
2025,2025-12-02,Westbound,Heavy Vehicles,4,8,23,15,15,83,216,229,296,345,349,343,390,382,409,412,336,284,133,83,62,45,37,26,0,0
2025,2025-12-02,Westbound,All Vehicles,192,86,88,78,150,754,1827,2890,3451,3080,2632,2515,2835,2628,3004,3172,3251,3221,2563,1746,1435,1198,984,493,0,0
2025,2025-12-03,Westbound,Light Vehicles,217,110,69,65,168,651,1529,2347,2593,2266,2026,2061,2069,2043,2243,2182,2133,2288,2283,1618,1429,1345,1020,590,0,0
2025,2025-12-03,Westbound,Heavy Vehicles,22,6,12,16,20,76,193,214,215,311,342,352,367,357,354,304,262,217,123,101,68,49,43,24,0,0
2025,2025-12-03,Westbound,All Vehicles,239,116,81,81,188,727,1722,2561,2808,2577,2368,2413,2436,2400,2597,2486,2395,2505,2406,1719,1497,1394,1063,614,0,0
2025,2025-12-04,Westbound,Light Vehicles,308,241,102,70,188,710,1695,2689,3002,2694,2293,2447,2479,2515,2705,2918,2977,2867,2943,2180,1809,1785,1425,896,0,0
2025,2025-12-04,Westbound,Heavy Vehicles,17,6,12,12,27,102,201,235,291,317,361,374,390,402,454,413,300,275,175,106,110,90,57,30,0,0
2025,2025-12-04,Westbound,All Vehicles,325,247,114,82,215,812,1896,2924,3293,3011,2654,2821,2869,2917,3159,3331,3277,3142,3118,2286,1919,1875,1482,926,0,0
2025,2025-12-05,Westbound,Heavy Vehicles,25,11,13,12,21,47,137,162,199,202,274,245,255,256,242,230,178,145,82,79,64,40,50,50,0,0
2025,2025-12-05,Westbound,Light Vehicles,387,232,178,98,167,464,968,1455,1684,1614,1475,1592,1571,1697,1708,1703,1721,1790,1763,1558,1306,1230,1242,995,0,0
2025,2025-12-05,Westbound,All Vehicles,412,243,191,110,188,511,1105,1617,1883,1816,1749,1837,1826,1953,1950,1933,1899,1935,1845,1637,1370,1270,1292,1045,0,0
2025,2025-12-06,Westbound,Light Vehicles,1005,653,443,290,260,443,821,1206,1756,2344,2732,2734,3037,2937,2964,2916,3021,3194,2940,2382,1801,1820,1901,1726,0,0
2025,2025-12-06,Westbound,Heavy Vehicles,29,25,15,12,26,46,99,142,152,193,217,214,213,195,199,176,169,184,141,93,84,78,83,75,0,0
2025,2025-12-06,Westbound,All Vehicles,1034,678,458,302,286,489,920,1348,1908,2537,2949,2948,3250,3132,3163,3092,3190,3378,3081,2475,1885,1898,1984,1801,0,0
2025,2025-12-07,Westbound,Heavy Vehicles,60,40,17,19,20,38,59,94,91,111,110,166,156,133,107,134,142,123,115,79,78,65,58,34,0,0
2025,2025-12-07,Westbound,Light Vehicles,1267,857,648,393,285,331,484,788,1219,1874,2425,2581,2819,2650,2542,2508,2579,2660,2101,1497,1332,1174,825,477,0,0
2025,2025-12-07,Westbound,All Vehicles,1327,897,665,412,305,369,543,882,1310,1985,2535,2747,2975,2783,2649,2642,2721,2783,2216,1576,1410,1239,883,511,0,0
2025,2025-12-08,Westbound,Light Vehicles,223,172,95,96,161,730,1552,2635,3033,2569,2033,2230,2136,2269,2497,2808,2800,2731,2030,1510,1377,1078,654,358,0,0
2025,2025-12-08,Westbound,Heavy Vehicles,26,18,25,16,26,69,220,278,258,302,364,388,403,393,413,410,317,215,133,83,83,51,42,30,0,0
2025,2025-12-08,Westbound,All Vehicles,249,190,120,112,187,799,1772,2913,3291,2871,2397,2618,2539,2662,2910,3218,3117,2946,2163,1593,1460,1129,696,388,0,0
2025,2025-12-09,Westbound,Light Vehicles,170,124,72,65,176,794,1736,2641,3064,2532,2140,2386,2426,2469,2699,2872,2830,3034,2729,2031,1574,1400,924,553,0,0
2025,2025-12-09,Westbound,Heavy Vehicles,18,8,14,18,23,85,195,257,291,315,348,385,394,426,409,391,352,252,164,115,73,63,57,22,0,0
2025,2025-12-09,Westbound,All Vehicles,188,132,86,83,199,879,1931,2898,3355,2847,2488,2771,2820,2895,3108,3263,3182,3286,2893,2146,1647,1463,981,575,0,0
2025,2025-12-10,Westbound,Heavy Vehicles,9,16,16,17,30,86,222,256,289,294,388,386,377,444,396,435,364,254,154,115,94,65,64,55,0,0
2025,2025-12-10,Westbound,Light Vehicles,247,135,98,85,162,761,1767,2641,3131,2751,2440,2487,2592,2641,2716,2831,2861,2988,2672,2079,1869,1527,1372,1215,0,0
2025,2025-12-10,Westbound,All Vehicles,256,151,114,102,192,847,1989,2897,3420,3045,2828,2873,2969,3085,3112,3266,3225,3242,2826,2194,1963,1592,1436,1270,0,0
2025,2025-12-11,Westbound,Heavy Vehicles,22,18,13,16,23,61,179,227,255,299,348,398,349,323,344,383,311,219,141,82,72,51,50,42,0,0
2025,2025-12-11,Westbound,Light Vehicles,367,293,147,82,144,612,1372,2123,2460,2281,2080,2223,2257,2198,2390,2525,2662,2519,2356,1851,1528,1420,1270,1303,0,0
2025,2025-12-11,Westbound,All Vehicles,389,311,160,98,167,673,1551,2350,2715,2580,2428,2621,2606,2521,2734,2908,2973,2738,2497,1933,1600,1471,1320,1345,0,0
2025,2025-12-12,Westbound,Light Vehicles,627,348,226,181,242,681,1474,2331,2656,2651,2519,2722,2917,2695,2892,2876,3101,3217,2927,1981,1451,1648,1684,1367,0,0
2025,2025-12-12,Westbound,Heavy Vehicles,25,10,16,17,20,77,167,231,285,320,335,392,343,373,398,399,274,213,163,99,76,76,68,72,0,0
2025,2025-12-12,Westbound,All Vehicles,652,358,242,198,262,758,1641,2562,2941,2971,2854,3114,3260,3068,3290,3275,3375,3430,3090,2080,1527,1724,1752,1439,0,0
2025,2025-12-13,Westbound,Heavy Vehicles,42,19,14,13,19,42,80,123,125,174,184,170,176,178,209,174,166,110,114,69,60,65,68,70,0,0
2025,2025-12-13,Westbound,Light Vehicles,989,607,447,284,243,387,791,1178,1741,2242,2542,2806,3029,2781,2925,3021,2876,3053,2832,2235,1632,1750,1832,1669,0,0
2025,2025-12-13,Westbound,All Vehicles,1031,626,461,297,262,429,871,1301,1866,2416,2726,2976,3205,2959,3134,3195,3042,3163,2946,2304,1692,1815,1900,1739,0,0
2025,2025-12-14,Westbound,Heavy Vehicles,42,21,15,14,6,21,34,75,71,94,101,128,131,120,103,112,125,99,97,89,76,54,33,20,0,0
2025,2025-12-14,Westbound,Light Vehicles,1145,792,663,426,276,342,525,741,1219,1777,2204,2569,2868,2527,2543,2640,2807,2735,2391,1801,1664,1473,945,493,0,0
2025,2025-12-14,Westbound,All Vehicles,1187,813,678,440,282,363,559,816,1290,1871,2305,2697,2999,2647,2646,2752,2932,2834,2488,1890,1740,1527,978,513,0,0
2025,2025-12-15,Westbound,Heavy Vehicles,18,8,11,22,24,76,199,245,296,323,373,365,372,373,414,466,311,205,126,88,63,40,30,23,0,0
2025,2025-12-15,Westbound,Light Vehicles,248,153,78,74,182,628,1443,2244,2704,2540,2200,2097,2191,2205,2296,2712,2599,2466,1853,1339,1107,957,648,339,0,0
2025,2025-12-15,Westbound,All Vehicles,266,161,89,96,206,704,1642,2489,3000,2863,2573,2462,2563,2578,2710,3178,2910,2671,1979,1427,1170,997,678,362,0,0
2025,2025-12-16,Westbound,Light Vehicles,159,100,68,67,170,664,1582,2439,2974,2635,2313,2313,2289,2246,2524,2776,2944,2783,2219,1537,1299,1277,934,496,0,0
2025,2025-12-16,Westbound,Heavy Vehicles,9,9,13,21,26,73,200,285,321,322,401,404,363,405,449,448,346,239,140,88,72,49,38,28,0,0
2025,2025-12-16,Westbound,All Vehicles,168,109,81,88,196,737,1782,2724,3295,2957,2714,2717,2652,2651,2973,3224,3290,3022,2359,1625,1371,1326,972,524,0,0
2025,2025-12-17,Westbound,Light Vehicles,243,145,98,89,212,704,1580,2438,2918,2754,2368,2462,2492,2615,2630,2848,2946,2704,2475,1848,1450,1530,1214,799,0,0
2025,2025-12-17,Westbound,Heavy Vehicles,11,11,20,22,18,82,191,279,318,325,372,439,441,395,448,424,369,221,137,99,94,56,46,36,0,0
2025,2025-12-17,Westbound,All Vehicles,254,156,118,111,230,786,1771,2717,3236,3079,2740,2901,2933,3010,3078,3272,3315,2925,2612,1947,1544,1586,1260,835,0,0
2025,2025-12-18,Westbound,Light Vehicles,399,322,144,92,195,650,1512,2347,2064,1831,2409,2413,2648,2525,2736,2849,3097,2918,2658,1973,1686,1707,1486,844,0,0
2025,2025-12-18,Westbound,Heavy Vehicles,21,13,14,13,18,72,189,273,213,240,424,413,372,396,407,405,344,218,163,114,87,67,56,39,0,0
2025,2025-12-18,Westbound,All Vehicles,420,335,158,105,213,722,1701,2620,2277,2071,2833,2826,3020,2921,3143,3254,3441,3136,2821,2087,1773,1774,1542,883,0,0
2025,2025-12-19,Westbound,Light Vehicles,500,294,221,153,215,637,1306,2134,2636,2655,2514,2631,2852,2819,2870,2951,2844,2966,2864,2048,1700,1662,1528,1184,0,0
2025,2025-12-19,Westbound,Heavy Vehicles,20,14,14,20,28,72,196,236,300,314,383,348,352,358,358,319,270,201,157,89,59,60,54,47,0,0
2025,2025-12-19,Westbound,All Vehicles,520,308,235,173,243,709,1502,2370,2936,2969,2897,2979,3204,3177,3228,3270,3114,3167,3021,2137,1759,1722,1582,1231,0,0
2025,2025-12-20,Westbound,Light Vehicles,739,501,355,303,223,384,706,1038,1595,2057,2533,2657,2834,2547,2533,2442,2465,2750,2551,2244,1894,1629,1620,1809,0,0
2025,2025-12-20,Westbound,Heavy Vehicles,22,15,12,14,17,21,69,106,174,174,177,182,191,174,162,165,117,121,110,68,68,58,56,84,0,0
2025,2025-12-20,Westbound,All Vehicles,761,516,367,317,240,405,775,1144,1769,2231,2710,2839,3025,2721,2695,2607,2582,2871,2661,2312,1962,1687,1676,1893,0,0
2025,2025-12-21,Westbound,Heavy Vehicles,41,27,16,22,10,17,41,44,93,83,94,126,103,115,105,107,90,82,85,53,70,54,46,30,0,0
2025,2025-12-21,Westbound,Light Vehicles,1148,822,610,388,287,327,519,720,1138,1752,2207,2478,2700,2186,2222,2387,2339,2169,2017,1358,1327,1489,1103,543,0,0
2025,2025-12-21,Westbound,All Vehicles,1189,849,626,410,297,344,560,764,1231,1835,2301,2604,2803,2301,2327,2494,2429,2251,2102,1411,1397,1543,1149,573,0,0
2025,2025-12-22,Westbound,Light Vehicles,334,184,118,131,183,436,988,1587,2027,2244,2352,2404,2566,2483,2533,2606,2579,2676,2142,1496,1224,1142,889,596,0,0
2025,2025-12-22,Westbound,Heavy Vehicles,20,6,5,26,21,40,141,183,264,233,323,280,297,331,322,326,232,178,146,87,73,50,37,29,0,0
2025,2025-12-22,Westbound,All Vehicles,354,190,123,157,204,476,1129,1770,2291,2477,2675,2684,2863,2814,2855,2932,2811,2854,2288,1583,1297,1192,926,625,0,0
2025,2025-12-23,Westbound,Light Vehicles,288,175,99,107,179,452,949,1582,2002,2421,2442,2462,2648,2523,2654,2725,2643,2697,2250,1675,1357,1243,1025,643,0,0
2025,2025-12-23,Westbound,Heavy Vehicles,13,8,8,16,15,53,116,186,232,272,290,304,308,257,291,314,209,150,130,72,58,49,30,34,0,0
2025,2025-12-23,Westbound,All Vehicles,301,183,107,123,194,505,1065,1768,2234,2693,2732,2766,2956,2780,2945,3039,2852,2847,2380,1747,1415,1292,1055,677,0,0
2025,2025-12-24,Westbound,Light Vehicles,391,212,149,117,185,456,852,1208,1621,1955,2263,2430,2472,2272,2317,2534,2309,2354,1858,1448,1251,1282,1138,678,0,0
2025,2025-12-24,Westbound,Heavy Vehicles,11,16,13,19,25,44,83,138,152,204,197,193,210,213,187,171,126,101,78,64,55,43,35,19,0,0
2025,2025-12-24,Westbound,All Vehicles,402,228,162,136,210,500,935,1346,1773,2159,2460,2623,2682,2485,2504,2705,2435,2455,1936,1512,1306,1325,1173,697,0,0
2025,2025-12-28,Westbound,Heavy Vehicles,11,14,9,12,8,6,17,20,37,49,63,61,65,57,48,49,56,55,49,38,45,29,12,16,0,0
2025,2025-12-28,Westbound,Light Vehicles,502,325,254,174,160,163,282,394,568,973,1248,1358,1304,1148,1207,1259,1178,1270,1107,817,851,811,614,396,0,0
2025,2025-12-28,Westbound,All Vehicles,513,339,263,186,168,169,299,414,605,1022,1311,1419,1369,1205,1255,1308,1234,1325,1156,855,896,840,626,412,0,0
2025,2025-12-29,Westbound,Heavy Vehicles,14,7,7,10,15,27,55,61,100,112,121,113,128,102,115,118,113,92,63,43,52,27,23,16,0,0
2025,2025-12-29,Westbound,Light Vehicles,231,144,109,81,117,211,387,611,751,1068,1225,1300,1372,1365,1466,1464,1507,1502,1363,1001,955,836,629,469,0,0
2025,2025-12-29,Westbound,All Vehicles,245,151,116,91,132,238,442,672,851,1180,1346,1413,1500,1467,1581,1582,1620,1594,1426,1044,1007,863,652,485,0,0
2025,2025-12-30,Westbound,Light Vehicles,343,203,146,82,130,245,519,774,1173,1535,1651,1918,2077,2127,2216,2231,2367,2360,1986,1454,1387,1214,946,601,0,0
2025,2025-12-30,Westbound,Heavy Vehicles,15,20,14,14,11,29,73,86,128,151,164,161,158,167,159,175,154,113,108,79,64,57,43,35,0,0
2025,2025-12-30,Westbound,All Vehicles,358,223,160,96,141,274,592,860,1301,1686,1815,2079,2235,2294,2375,2406,2521,2473,2094,1533,1451,1271,989,636,0,0
