year,date,cardinal_direction_seq,classification_seq,hour_00,hour_01,hour_02,hour_03,hour_04,hour_05,hour_06,hour_07,hour_08,hour_09,hour_10,hour_11,hour_12,hour_13,hour_14,hour_15,hour_16,hour_17,hour_18,hour_19,hour_20,hour_21,hour_22,hour_23,public_holiday,school_holiday
2024,2024-01-01,Northbound,Light Vehicles,27,13,16,14,11,6,10,16,16,17,42,45,44,37,40,32,37,28,21,20,24,20,11,15,0,0
2024,2024-01-01,Northbound,Heavy Vehicles,1,,4,,,,2,2,1,1,3,5,3,1,2,3,2,1,2,,1,,1,2,0,0
2024,2024-01-01,Northbound,All Vehicles,28,13,20,14,11,6,12,18,17,18,45,50,47,38,42,35,39,29,23,20,25,20,12,17,0,0
2024,2024-01-02,Northbound,Light Vehicles,14,7,4,8,18,32,47,116,143,140,170,194,172,185,165,165,172,160,142,107,95,74,48,20,0,0
2024,2024-01-02,Northbound,Heavy Vehicles,,,,1,2,1,11,10,8,19,13,14,17,23,14,12,5,13,11,7,3,3,2,1,0,0
2024,2024-01-02,Northbound,All Vehicles,14,7,4,9,20,33,58,126,151,159,183,208,189,208,179,177,177,173,153,114,98,77,50,21,0,0
2024,2024-01-03,Northbound,Light Vehicles,23,20,20,18,58,264,386,558,670,594,579,615,639,549,635,611,648,585,419,290,237,189,106,67,0,0
2024,2024-01-03,Northbound,Heavy Vehicles,1,,2,1,12,30,48,74,52,69,57,65,39,49,50,56,42,48,31,19,25,9,8,3,0,0
2024,2024-01-03,Northbound,All Vehicles,24,20,22,19,70,294,434,632,722,663,636,680,678,598,685,667,690,633,450,309,262,198,114,70,0,0
2024,2024-01-04,Northbound,Heavy Vehicles,2,1,3,2,9,40,59,74,65,72,61,54,66,69,52,56,47,33,22,22,14,7,4,3,0,0
2024,2024-01-04,Northbound,Light Vehicles,49,31,21,28,58,238,384,563,626,553,642,670,691,615,696,590,617,533,421,316,244,176,117,68,0,0
2024,2024-01-04,Northbound,All Vehicles,51,32,24,30,67,278,443,637,691,625,703,724,757,684,748,646,664,566,443,338,258,183,121,71,0,0
2024,2024-01-05,Northbound,Light Vehicles,49,25,13,30,70,209,340,498,607,610,605,607,642,571,597,587,615,618,496,329,264,244,138,113,0,0
2024,2024-01-05,Northbound,Heavy Vehicles,3,1,1,2,13,28,59,56,54,69,73,77,76,63,62,48,62,35,36,20,27,14,4,4,0,0
2024,2024-01-05,Northbound,All Vehicles,52,26,14,32,83,237,399,554,661,679,678,684,718,634,659,635,677,653,532,349,291,258,142,117,0,0
2024,2024-01-06,Northbound,Heavy Vehicles,3,2,1,2,3,19,25,31,45,27,53,61,49,44,44,40,37,37,27,23,24,16,11,3,0,0
2024,2024-01-06,Northbound,Light Vehicles,81,53,31,35,36,121,239,403,461,499,656,638,682,589,621,579,493,609,520,375,318,252,213,145,0,0
2024,2024-01-06,Northbound,All Vehicles,84,55,32,37,39,140,264,434,506,526,709,699,731,633,665,619,530,646,547,398,342,268,224,148,0,0
2024,2024-01-07,Northbound,Heavy Vehicles,4,3,,2,,12,15,19,38,34,44,51,42,47,43,41,19,40,24,16,20,15,4,,0,0
2024,2024-01-07,Northbound,Light Vehicles,115,83,88,55,28,78,139,229,391,508,558,637,630,510,545,521,485,460,341,271,236,181,114,90,0,0
2024,2024-01-07,Northbound,All Vehicles,119,86,88,57,28,90,154,248,429,542,602,688,672,557,588,562,504,500,365,287,256,196,118,90,0,0
2024,2024-01-08,Northbound,Light Vehicles,44,23,16,26,60,313,609,834,841,610,558,562,549,550,559,593,651,650,375,265,197,129,73,36,0,0
2024,2024-01-08,Northbound,Heavy Vehicles,4,2,2,5,12,38,92,95,81,71,73,66,68,61,68,67,53,51,21,28,14,5,4,,0,0
2024,2024-01-08,Northbound,All Vehicles,48,25,18,31,72,351,701,929,922,681,631,628,617,611,627,660,704,701,396,293,211,134,77,36,0,0
2024,2024-01-09,Northbound,Light Vehicles,26,22,20,21,85,331,604,876,963,634,592,601,571,553,555,627,627,644,485,312,231,184,83,46,0,0
2024,2024-01-09,Northbound,Heavy Vehicles,3,1,4,5,15,44,86,115,81,88,92,59,79,69,63,59,45,52,33,12,13,11,3,1,0,0
2024,2024-01-09,Northbound,All Vehicles,29,23,24,26,100,375,690,991,1044,722,684,660,650,622,618,686,672,696,518,324,244,195,86,47,0,0
2024,2024-01-10,Northbound,Light Vehicles,39,17,15,26,94,330,669,951,898,671,667,653,593,544,615,689,673,740,537,348,281,181,108,43,0,0
2024,2024-01-10,Northbound,Heavy Vehicles,2,,3,3,12,56,104,106,81,90,80,92,103,76,51,81,46,46,27,21,17,16,12,2,0,0
2024,2024-01-10,Northbound,All Vehicles,41,17,18,29,106,386,773,1057,979,761,747,745,696,620,666,770,719,786,564,369,298,197,120,45,0,0
2024,2024-01-11,Northbound,Heavy Vehicles,,1,4,3,19,38,102,101,84,68,92,81,73,64,69,78,43,51,43,20,19,14,5,1,0,0
2024,2024-01-11,Northbound,Light Vehicles,29,15,23,31,65,339,674,826,915,683,651,599,555,552,600,657,602,738,512,404,365,237,108,59,0,0
2024,2024-01-11,Northbound,All Vehicles,29,16,27,34,84,377,776,927,999,751,743,680,628,616,669,735,645,789,555,424,384,251,113,60,0,0
2024,2024-01-12,Northbound,Heavy Vehicles,2,1,4,3,13,42,91,116,87,90,80,78,80,59,79,74,58,43,40,23,15,26,8,10,0,0
2024,2024-01-12,Northbound,Light Vehicles,38,23,21,28,78,328,585,831,925,654,692,660,678,555,624,634,720,750,604,444,317,255,179,123,0,0
2024,2024-01-12,Northbound,All Vehicles,40,24,25,31,91,370,676,947,1012,744,772,738,758,614,703,708,778,793,644,467,332,281,187,133,0,0
2024,2024-01-13,Northbound,Heavy Vehicles,4,6,4,2,8,15,28,44,49,51,62,63,47,45,35,53,30,39,53,23,23,20,17,4,0,0
2024,2024-01-13,Northbound,Light Vehicles,97,53,47,30,49,165,275,502,514,570,651,681,749,605,558,573,557,672,579,463,368,325,229,140,0,0
2024,2024-01-13,Northbound,All Vehicles,101,59,51,32,57,180,303,546,563,621,713,744,796,650,593,626,587,711,632,486,391,345,246,144,0,0
2024,2024-01-14,Northbound,Heavy Vehicles,6,3,3,5,1,6,18,22,29,48,48,49,43,36,40,35,33,33,21,16,19,6,5,3,0,0
2024,2024-01-14,Northbound,Light Vehicles,129,91,91,55,33,92,145,257,375,507,560,591,648,532,493,537,525,474,356,295,302,172,126,71,0,0
2024,2024-01-14,Northbound,All Vehicles,135,94,94,60,34,98,163,279,404,555,608,640,691,568,533,572,558,507,377,311,321,178,131,74,0,0
2024,2024-01-15,Northbound,Light Vehicles,49,29,21,27,87,341,635,954,902,632,516,550,575,522,519,549,618,649,408,253,180,134,74,39,0,0
2024,2024-01-15,Northbound,Heavy Vehicles,3,3,5,4,9,47,109,110,96,83,78,70,72,78,54,49,47,53,34,19,15,10,4,1,0,0
2024,2024-01-15,Northbound,All Vehicles,52,32,26,31,96,388,744,1064,998,715,594,620,647,600,573,598,665,702,442,272,195,144,78,40,0,0
2024,2024-01-16,Northbound,Heavy Vehicles,1,1,1,2,7,61,106,126,96,91,100,91,69,72,73,69,58,55,34,21,16,8,5,2,0,0
2024,2024-01-16,Northbound,Light Vehicles,16,12,13,29,77,367,656,962,1009,698,605,584,571,576,564,617,687,689,494,307,227,172,106,63,0,0
2024,2024-01-16,Northbound,All Vehicles,17,13,14,31,84,428,762,1088,1105,789,705,675,640,648,637,686,745,744,528,328,243,180,111,65,0,0
2024,2024-01-17,Northbound,Heavy Vehicles,1,1,1,2,20,55,105,109,101,87,80,66,81,71,78,88,86,49,32,21,16,12,5,6,0,0
2024,2024-01-17,Northbound,Light Vehicles,15,9,15,29,83,371,737,995,981,718,657,632,575,549,567,612,698,826,495,280,245,158,80,56,0,0
2024,2024-01-17,Northbound,All Vehicles,16,10,16,31,103,426,842,1104,1082,805,737,698,656,620,645,700,784,875,527,301,261,170,85,62,0,0
2024,2024-01-18,Northbound,Light Vehicles,29,18,20,24,81,357,684,934,846,666,643,593,640,581,658,634,588,714,610,401,332,284,100,71,0,0
2024,2024-01-18,Northbound,Heavy Vehicles,,4,3,2,15,55,109,114,98,93,82,82,81,75,73,78,74,57,34,31,16,15,10,5,0,0
2024,2024-01-18,Northbound,All Vehicles,29,22,23,26,96,412,793,1048,944,759,725,675,721,656,731,712,662,771,644,432,348,299,110,76,0,0
2024,2024-01-19,Northbound,Heavy Vehicles,1,,1,2,10,23,47,47,50,62,37,45,40,37,47,37,37,29,20,24,14,18,4,2,0,0
2024,2024-01-19,Northbound,Light Vehicles,22,23,9,16,43,201,379,537,516,424,388,447,446,349,406,389,450,500,407,287,226,174,142,104,0,0
2024,2024-01-19,Northbound,All Vehicles,23,23,10,18,53,224,426,584,566,486,425,492,486,386,453,426,487,529,427,311,240,192,146,106,0,0
2024,2024-01-20,Northbound,Heavy Vehicles,3,5,4,,7,14,30,57,48,51,58,58,51,48,38,48,36,37,30,27,23,22,15,4,0,0
2024,2024-01-20,Northbound,Light Vehicles,88,68,47,41,49,159,298,531,534,640,641,726,661,570,578,555,538,617,536,444,315,297,238,178,0,0
2024,2024-01-20,Northbound,All Vehicles,91,73,51,41,56,173,328,588,582,691,699,784,712,618,616,603,574,654,566,471,338,319,253,182,0,0
2024,2024-01-21,Northbound,Light Vehicles,134,90,81,48,46,116,212,273,441,502,634,646,650,568,508,493,522,506,434,362,329,224,107,87,0,0
2024,2024-01-21,Northbound,Heavy Vehicles,8,3,3,3,5,18,19,27,43,38,40,41,34,44,49,30,31,50,25,21,20,11,3,6,0,0
2024,2024-01-21,Northbound,All Vehicles,142,93,84,51,51,134,231,300,484,540,674,687,684,612,557,523,553,556,459,383,349,235,110,93,0,0
2024,2024-01-22,Northbound,Light Vehicles,42,35,22,39,71,343,692,900,931,636,620,597,546,525,576,642,649,644,428,264,202,132,70,30,0,0
2024,2024-01-22,Northbound,Heavy Vehicles,3,,4,4,19,58,94,115,87,88,83,84,75,57,92,76,73,37,35,18,14,10,4,3,0,0
2024,2024-01-22,Northbound,All Vehicles,45,35,26,43,90,401,786,1015,1018,724,703,681,621,582,668,718,722,681,463,282,216,142,74,33,0,0
2024,2024-01-23,Northbound,Light Vehicles,18,10,14,40,87,372,724,883,1032,667,611,610,569,553,600,665,728,773,542,335,259,173,108,49,0,0
2024,2024-01-23,Northbound,Heavy Vehicles,1,,3,5,20,55,117,104,87,87,92,74,89,79,73,95,66,57,33,22,18,12,3,4,0,0
2024,2024-01-23,Northbound,All Vehicles,19,10,17,45,107,427,841,987,1119,754,703,684,658,632,673,760,794,830,575,357,277,185,111,53,0,0
2024,2024-01-24,Northbound,Light Vehicles,22,20,21,30,87,365,742,930,971,713,622,630,653,563,625,650,732,798,577,384,312,202,105,53,0,0
2024,2024-01-24,Northbound,Heavy Vehicles,1,2,4,4,12,58,101,118,74,72,84,91,93,89,101,70,58,46,37,29,25,11,7,5,0,0
2024,2024-01-24,Northbound,All Vehicles,23,22,25,34,99,423,843,1048,1045,785,706,721,746,652,726,720,790,844,614,413,337,213,112,58,0,0
2024,2024-01-25,Northbound,Light Vehicles,23,33,18,29,96,367,639,887,890,691,647,674,600,629,612,671,682,761,597,411,333,302,139,110,0,0
2024,2024-01-25,Northbound,Heavy Vehicles,1,,3,7,11,54,108,100,84,77,90,68,77,86,77,63,74,52,35,31,23,19,13,3,0,0
2024,2024-01-25,Northbound,All Vehicles,24,33,21,36,107,421,747,987,974,768,737,742,677,715,689,734,756,813,632,442,356,321,152,113,0,0
2024,2024-01-26,Northbound,Light Vehicles,11,6,5,8,9,2,10,21,37,39,46,39,42,35,51,31,40,38,42,36,21,32,9,10,0,0
2024,2024-01-26,Northbound,Heavy Vehicles,,,,1,1,,,,2,4,4,2,5,2,,1,2,,1,1,1,2,,1,0,0
2024,2024-01-26,Northbound,All Vehicles,11,6,5,9,10,2,10,21,39,43,50,41,47,37,51,32,42,38,43,37,22,34,9,11,0,0
2024,2024-01-27,Northbound,Light Vehicles,55,31,20,24,29,104,209,433,465,554,566,672,657,532,548,504,498,533,478,372,320,275,245,170,0,0
2024,2024-01-27,Northbound,Heavy Vehicles,2,,,7,1,6,12,36,32,45,59,52,54,48,49,35,29,36,34,26,16,13,10,6,0,0
2024,2024-01-27,Northbound,All Vehicles,57,31,20,31,30,110,221,469,497,599,625,724,711,580,597,539,527,569,512,398,336,288,255,176,0,0
2024,2024-01-28,Northbound,Heavy Vehicles,5,6,3,4,2,7,19,26,27,39,44,39,38,43,34,40,30,23,19,14,19,13,6,5,0,0
2024,2024-01-28,Northbound,Light Vehicles,139,117,78,44,41,96,151,264,367,508,574,657,676,489,575,517,495,454,359,283,253,165,112,79,0,0
2024,2024-01-28,Northbound,All Vehicles,144,123,81,48,43,103,170,290,394,547,618,696,714,532,609,557,525,477,378,297,272,178,118,84,0,0
2024,2024-01-29,Northbound,Light Vehicles,50,19,26,27,79,384,658,925,973,644,567,540,599,565,561,644,666,629,456,286,245,154,78,35,0,0
2024,2024-01-29,Northbound,Heavy Vehicles,,3,3,4,9,44,94,136,96,94,83,88,86,55,68,80,74,55,34,28,14,12,2,1,0,0
2024,2024-01-29,Northbound,All Vehicles,50,22,29,31,88,428,752,1061,1069,738,650,628,685,620,629,724,740,684,490,314,259,166,80,36,0,0
2024,2024-01-30,Northbound,Light Vehicles,21,12,18,33,80,366,749,998,1027,609,576,546,568,558,587,637,721,728,587,337,311,177,80,52,0,0
2024,2024-01-30,Northbound,Heavy Vehicles,1,3,3,10,14,65,130,128,103,85,84,84,83,96,72,85,71,59,48,23,24,11,5,7,0,0
2024,2024-01-30,Northbound,All Vehicles,22,15,21,43,94,431,879,1126,1130,694,660,630,651,654,659,722,792,787,635,360,335,188,85,59,0,0
2024,2024-01-31,Northbound,Heavy Vehicles,4,2,7,5,16,60,113,137,95,91,104,85,86,78,113,89,68,45,43,16,20,14,4,1,0,0
2024,2024-01-31,Northbound,Light Vehicles,25,15,11,46,90,409,765,1065,1007,657,607,626,550,573,554,659,773,753,555,379,268,196,105,55,0,0
2024,2024-01-31,Northbound,All Vehicles,29,17,18,51,106,469,878,1202,1102,748,711,711,636,651,667,748,841,798,598,395,288,210,109,56,0,0
2024,2024-02-01,Northbound,Heavy Vehicles,2,2,1,6,15,64,121,119,100,84,93,92,90,74,85,106,77,63,62,31,25,16,12,5,0,1
2024,2024-02-01,Northbound,Light Vehicles,28,24,21,38,92,392,678,985,929,627,606,566,612,538,573,662,753,743,592,388,337,208,113,54,0,1
2024,2024-02-01,Northbound,All Vehicles,30,26,22,44,107,456,799,1104,1029,711,699,658,702,612,658,768,830,806,654,419,362,224,125,59,0,1
2024,2024-02-02,Northbound,Light Vehicles,29,18,12,31,109,371,718,925,911,698,637,119,,43,386,727,734,739,639,409,350,254,191,123,0,1
2024,2024-02-02,Northbound,Heavy Vehicles,1,,4,5,17,52,128,121,104,98,104,18,,2,56,89,56,41,42,34,24,16,5,8,0,1
2024,2024-02-02,Northbound,All Vehicles,30,18,16,36,126,423,846,1046,1015,796,741,137,,45,442,816,790,780,681,443,374,270,196,131,0,1
2024,2024-02-03,Northbound,Heavy Vehicles,3,4,2,2,6,21,33,54,40,58,55,57,50,44,41,39,39,11,26,27,19,18,10,14,0,1
2024,2024-02-03,Northbound,Light Vehicles,84,55,28,34,60,152,301,534,490,530,650,670,725,670,603,549,596,239,456,432,368,336,229,167,0,1
2024,2024-02-03,Northbound,All Vehicles,87,59,30,36,66,173,334,588,530,588,705,727,775,714,644,588,635,250,482,459,387,354,239,181,0,1
2024,2024-02-04,Northbound,Heavy Vehicles,5,2,5,2,7,10,22,24,31,35,48,40,43,27,33,37,40,22,29,19,10,17,6,,0,1
2024,2024-02-04,Northbound,Light Vehicles,117,94,90,42,44,119,195,310,363,548,570,682,643,564,522,530,517,532,361,344,267,171,97,67,0,1
2024,2024-02-04,Northbound,All Vehicles,122,96,95,44,51,129,217,334,394,583,618,722,686,591,555,567,557,554,390,363,277,188,103,67,0,1
2024,2024-02-05,Northbound,Light Vehicles,33,24,15,32,104,397,679,960,960,746,563,490,529,552,507,664,637,681,422,326,208,125,67,40,0,1
2024,2024-02-05,Northbound,Heavy Vehicles,3,1,2,3,16,62,112,132,97,91,86,92,92,69,89,91,64,43,35,25,15,17,5,2,0,1
2024,2024-02-05,Northbound,All Vehicles,36,25,17,35,120,459,791,1092,1057,837,649,582,621,621,596,755,701,724,457,351,223,142,72,42,0,1
2024,2024-02-06,Northbound,Light Vehicles,16,17,19,40,110,402,761,1025,893,723,541,544,508,527,553,699,665,729,490,288,231,163,66,41,0,0
2024,2024-02-06,Northbound,Heavy Vehicles,2,1,5,7,24,51,106,130,91,111,75,72,75,88,69,88,68,54,27,20,16,12,4,1,0,0
2024,2024-02-06,Northbound,All Vehicles,18,18,24,47,134,453,867,1155,984,834,616,616,583,615,622,787,733,783,517,308,247,175,70,42,0,0
2024,2024-02-07,Northbound,Light Vehicles,24,23,15,33,105,397,710,953,859,650,571,546,524,545,588,687,673,681,528,306,238,165,83,44,0,0
2024,2024-02-07,Northbound,Heavy Vehicles,3,5,3,6,17,60,103,101,91,95,86,91,82,69,68,82,70,37,39,16,21,12,3,2,0,0
2024,2024-02-07,Northbound,All Vehicles,27,28,18,39,122,457,813,1054,950,745,657,637,606,614,656,769,743,718,567,322,259,177,86,46,0,0
2024,2024-02-08,Northbound,Heavy Vehicles,1,4,3,6,20,53,103,114,93,92,76,83,78,62,83,78,75,56,51,18,21,15,6,3,0,0
2024,2024-02-08,Northbound,Light Vehicles,28,23,26,25,100,405,710,1017,880,680,581,522,571,516,573,708,666,723,548,344,297,200,106,39,0,0
2024,2024-02-08,Northbound,All Vehicles,29,27,29,31,120,458,813,1131,973,772,657,605,649,578,656,786,741,779,599,362,318,215,112,42,0,0
2024,2024-02-09,Northbound,Light Vehicles,27,24,20,44,114,355,635,924,790,670,652,660,626,644,620,695,731,764,552,352,308,269,187,116,0,0
2024,2024-02-09,Northbound,Heavy Vehicles,3,4,6,3,17,44,113,110,82,101,74,104,80,68,65,94,82,38,45,26,21,16,9,7,0,0
2024,2024-02-09,Northbound,All Vehicles,30,28,26,47,131,399,748,1034,872,771,726,764,706,712,685,789,813,802,597,378,329,285,196,123,0,0
2024,2024-02-10,Northbound,Light Vehicles,77,54,39,36,40,142,221,450,423,522,636,739,752,572,596,545,578,627,590,413,323,317,262,178,0,0
2024,2024-02-10,Northbound,Heavy Vehicles,4,3,3,1,3,13,24,41,41,46,49,53,62,52,42,44,31,31,34,15,17,17,7,8,0,0
2024,2024-02-10,Northbound,All Vehicles,81,57,42,37,43,155,245,491,464,568,685,792,814,624,638,589,609,658,624,428,340,334,269,186,0,0
2024,2024-02-11,Northbound,Light Vehicles,154,105,73,55,41,83,137,222,321,504,556,534,680,606,555,522,477,449,343,279,228,177,114,43,0,0
2024,2024-02-11,Northbound,Heavy Vehicles,4,6,,4,6,9,10,25,22,35,36,39,45,36,42,34,22,37,23,20,12,5,7,1,0,0
2024,2024-02-11,Northbound,All Vehicles,158,111,73,59,47,92,147,247,343,539,592,573,725,642,597,556,499,486,366,299,240,182,121,44,0,0
2024,2024-02-12,Northbound,Light Vehicles,36,26,12,35,80,395,670,1033,931,696,569,505,534,538,568,661,682,720,463,313,222,188,61,43,0,0
2024,2024-02-12,Northbound,Heavy Vehicles,,2,5,4,12,47,76,116,84,85,67,89,62,69,76,89,67,56,35,18,10,8,6,3,0,0
2024,2024-02-12,Northbound,All Vehicles,36,28,17,39,92,442,746,1149,1015,781,636,594,596,607,644,750,749,776,498,331,232,196,67,46,0,0
2024,2024-02-13,Northbound,Light Vehicles,30,18,19,33,88,407,727,896,922,777,545,608,575,562,599,737,717,779,586,355,267,186,83,95,0,0
2024,2024-02-13,Northbound,Heavy Vehicles,2,2,3,7,22,53,118,107,103,96,74,85,77,101,62,75,66,57,44,24,23,7,7,11,0,0
2024,2024-02-13,Northbound,All Vehicles,32,20,22,40,110,460,845,1003,1025,873,619,693,652,663,661,812,783,836,630,379,290,193,90,106,0,0
2024,2024-02-14,Northbound,Light Vehicles,38,16,24,25,99,420,744,890,667,756,572,598,556,577,626,719,612,688,545,395,295,193,106,62,0,0
2024,2024-02-14,Northbound,Heavy Vehicles,3,2,3,9,16,52,106,129,67,110,89,79,70,64,94,101,60,39,31,27,19,17,7,6,0,0
2024,2024-02-14,Northbound,All Vehicles,41,18,27,34,115,472,850,1019,734,866,661,677,626,641,720,820,672,727,576,422,314,210,113,68,0,0
2024,2024-02-15,Northbound,Light Vehicles,23,19,27,33,98,391,713,1025,914,697,564,511,549,552,637,704,740,784,554,371,272,197,77,65,0,0
2024,2024-02-15,Northbound,Heavy Vehicles,,3,6,10,13,41,94,116,100,98,76,106,70,68,83,89,81,60,41,23,17,11,5,4,0,0
2024,2024-02-15,Northbound,All Vehicles,23,22,33,43,111,432,807,1141,1014,795,640,617,619,620,720,793,821,844,595,394,289,208,82,69,0,0
2024,2024-02-16,Northbound,Light Vehicles,38,17,23,28,94,374,649,902,911,638,575,642,614,627,613,729,750,590,561,405,301,233,188,118,0,0
2024,2024-02-16,Northbound,Heavy Vehicles,2,1,5,2,13,39,101,115,103,84,75,86,83,78,96,87,70,47,42,30,15,22,7,3,0,0
2024,2024-02-16,Northbound,All Vehicles,40,18,28,30,107,413,750,1017,1014,722,650,728,697,705,709,816,820,637,603,435,316,255,195,121,0,0
2024,2024-02-17,Northbound,Light Vehicles,79,43,42,46,49,159,247,368,354,405,532,609,604,581,571,565,601,707,573,425,342,284,242,180,0,0
2024,2024-02-17,Northbound,Heavy Vehicles,3,1,3,1,6,15,23,41,37,29,44,55,38,43,37,33,41,45,30,20,17,17,16,5,0,0
2024,2024-02-17,Northbound,All Vehicles,82,44,45,47,55,174,270,409,391,434,576,664,642,624,608,598,642,752,603,445,359,301,258,185,0,0
2024,2024-02-18,Northbound,Light Vehicles,133,109,74,45,46,86,158,230,353,482,591,612,606,533,581,543,501,510,411,341,274,149,97,70,0,0
2024,2024-02-18,Northbound,Heavy Vehicles,2,3,7,1,4,13,12,25,27,30,44,42,51,46,38,48,34,31,26,30,25,12,12,8,0,0
2024,2024-02-18,Northbound,All Vehicles,135,112,81,46,50,99,170,255,380,512,635,654,657,579,619,591,535,541,437,371,299,161,109,78,0,0
2024,2024-02-19,Northbound,Light Vehicles,32,24,19,30,81,349,660,948,996,657,525,472,471,475,516,614,624,640,435,241,190,159,63,38,0,0
2024,2024-02-19,Northbound,Heavy Vehicles,1,5,5,3,18,55,117,127,103,103,82,74,72,76,70,64,63,43,31,18,16,6,6,3,0,0
2024,2024-02-19,Northbound,All Vehicles,33,29,24,33,99,404,777,1075,1099,760,607,546,543,551,586,678,687,683,466,259,206,165,69,41,0,0
2024,2024-02-20,Northbound,Light Vehicles,33,21,25,39,91,394,749,960,818,669,512,464,521,500,508,633,690,686,480,299,235,191,77,34,0,0
2024,2024-02-20,Northbound,Heavy Vehicles,3,1,2,6,23,62,108,115,98,91,93,100,73,68,73,98,74,52,38,29,23,11,5,5,0,0
2024,2024-02-20,Northbound,All Vehicles,36,22,27,45,114,456,857,1075,916,760,605,564,594,568,581,731,764,738,518,328,258,202,82,39,0,0
2024,2024-02-21,Northbound,Light Vehicles,21,18,23,17,106,383,728,922,916,683,537,593,569,498,575,705,695,762,598,354,295,201,121,52,0,0
2024,2024-02-21,Northbound,Heavy Vehicles,4,5,3,3,18,56,112,121,95,93,94,93,77,70,78,96,60,81,35,27,16,12,8,3,0,0
2024,2024-02-21,Northbound,All Vehicles,25,23,26,20,124,439,840,1043,1011,776,631,686,646,568,653,801,755,843,633,381,311,213,129,55,0,0
2024,2024-02-22,Northbound,Heavy Vehicles,6,1,6,5,16,66,110,121,97,97,108,80,76,74,66,91,72,55,48,34,30,10,4,5,0,0
2024,2024-02-22,Northbound,Light Vehicles,31,29,25,27,116,413,707,967,922,758,557,523,535,555,595,720,770,742,595,393,341,208,99,52,0,0
2024,2024-02-22,Northbound,All Vehicles,37,30,31,32,132,479,817,1088,1019,855,665,603,611,629,661,811,842,797,643,427,371,218,103,57,0,0
2024,2024-02-23,Northbound,Heavy Vehicles,2,3,4,6,20,59,117,151,106,114,100,100,84,103,88,114,75,57,52,37,15,21,8,8,0,0
2024,2024-02-23,Northbound,Light Vehicles,30,19,24,26,92,347,645,952,859,710,598,599,628,589,655,807,737,747,603,357,285,231,159,123,0,0
2024,2024-02-23,Northbound,All Vehicles,32,22,28,32,112,406,762,1103,965,824,698,699,712,692,743,921,812,804,655,394,300,252,167,131,0,0
2024,2024-02-24,Northbound,Light Vehicles,79,56,38,41,55,146,242,407,440,565,587,630,632,540,523,520,529,604,497,353,293,231,207,160,0,0
2024,2024-02-24,Northbound,Heavy Vehicles,4,4,6,5,4,20,34,37,45,57,60,60,63,56,58,59,46,47,39,38,22,26,16,6,0,0
2024,2024-02-24,Northbound,All Vehicles,83,60,44,46,59,166,276,444,485,622,647,690,695,596,581,579,575,651,536,391,315,257,223,166,0,0
2024,2024-02-25,Northbound,Light Vehicles,131,96,72,47,52,95,143,240,322,548,606,617,621,610,571,498,564,461,363,321,257,159,107,50,0,0
2024,2024-02-25,Northbound,Heavy Vehicles,9,5,2,1,1,12,14,20,31,53,67,47,52,61,49,51,47,41,26,22,23,10,7,3,0,0
2024,2024-02-25,Northbound,All Vehicles,140,101,74,48,53,107,157,260,353,601,673,664,673,671,620,549,611,502,389,343,280,169,114,53,0,0
2024,2024-02-26,Northbound,Light Vehicles,35,31,17,32,82,357,649,981,913,689,529,534,509,514,580,700,591,647,452,298,235,143,81,45,0,0
2024,2024-02-26,Northbound,Heavy Vehicles,1,5,4,3,16,65,115,149,114,106,105,81,82,70,86,99,88,63,50,23,15,12,6,2,0,0
2024,2024-02-26,Northbound,All Vehicles,36,36,21,35,98,422,764,1130,1027,795,634,615,591,584,666,799,679,710,502,321,250,155,87,47,0,0
2024,2024-02-27,Northbound,Light Vehicles,18,14,21,31,96,378,652,972,857,644,577,535,506,551,550,649,645,745,514,308,241,150,67,39,0,0
2024,2024-02-27,Northbound,Heavy Vehicles,1,1,5,5,20,65,135,141,113,105,101,99,82,84,83,100,69,51,53,29,17,16,5,5,0,0
2024,2024-02-27,Northbound,All Vehicles,19,15,26,36,116,443,787,1113,970,749,678,634,588,635,633,749,714,796,567,337,258,166,72,44,0,0
2024,2024-02-28,Northbound,Light Vehicles,24,13,17,31,103,398,725,1020,923,763,571,583,532,577,603,744,681,811,557,390,278,167,100,47,0,0
2024,2024-02-28,Northbound,Heavy Vehicles,4,1,3,4,18,70,144,155,98,111,98,92,102,91,88,113,81,76,38,39,31,14,8,8,0,0
2024,2024-02-28,Northbound,All Vehicles,28,14,20,35,121,468,869,1175,1021,874,669,675,634,668,691,857,762,887,595,429,309,181,108,55,0,0
2024,2024-02-29,Northbound,Light Vehicles,40,25,19,30,103,376,716,794,874,686,549,373,503,487,586,673,757,751,615,352,296,207,135,51,0,0
2024,2024-02-29,Northbound,Heavy Vehicles,1,3,3,12,26,80,146,135,94,128,76,55,75,91,87,99,79,72,52,36,28,21,6,5,0,0
2024,2024-02-29,Northbound,All Vehicles,41,28,22,42,129,456,862,929,968,814,625,428,578,578,673,772,836,823,667,388,324,228,141,56,0,0
2024,2024-03-01,Northbound,Heavy Vehicles,4,,5,6,18,60,121,140,110,122,106,83,103,96,118,95,66,61,46,37,34,16,12,9,0,0
2024,2024-03-01,Northbound,Light Vehicles,39,20,18,25,100,351,640,912,900,648,669,583,645,638,649,681,692,726,566,440,314,271,211,124,0,0
2024,2024-03-01,Northbound,All Vehicles,43,20,23,31,118,411,761,1052,1010,770,775,666,748,734,767,776,758,787,612,477,348,287,223,133,0,0
2024,2024-03-02,Northbound,Heavy Vehicles,10,,3,3,12,25,26,51,44,55,67,59,71,64,48,51,31,51,49,35,29,17,20,15,0,0
2024,2024-03-02,Northbound,Light Vehicles,108,60,42,50,45,143,276,458,473,547,640,669,706,622,532,527,549,626,512,366,293,305,280,179,0,0
2024,2024-03-02,Northbound,All Vehicles,118,60,45,53,57,168,302,509,517,602,707,728,777,686,580,578,580,677,561,401,322,322,300,194,0,0
2024,2024-03-03,Northbound,Light Vehicles,157,118,82,41,36,107,153,227,390,468,546,640,676,542,506,538,548,457,399,358,283,161,108,64,0,0
2024,2024-03-03,Northbound,Heavy Vehicles,10,3,4,3,4,12,18,25,34,39,51,65,62,51,55,46,46,50,28,24,16,17,7,5,0,0
2024,2024-03-03,Northbound,All Vehicles,167,121,86,44,40,119,171,252,424,507,597,705,738,593,561,584,594,507,427,382,299,178,115,69,0,0
2024,2024-03-04,Northbound,Light Vehicles,52,11,15,25,81,372,685,937,953,615,517,491,532,493,522,611,586,681,432,271,231,148,57,37,0,0
2024,2024-03-04,Northbound,Heavy Vehicles,3,,4,9,23,67,128,120,115,122,80,90,97,102,78,88,70,51,31,21,15,8,8,5,0,0
2024,2024-03-04,Northbound,All Vehicles,55,11,19,34,104,439,813,1057,1068,737,597,581,629,595,600,699,656,732,463,292,246,156,65,42,0,0
2024,2024-03-05,Northbound,Heavy Vehicles,5,3,6,6,16,80,135,125,94,98,104,107,71,86,90,109,76,53,41,28,30,8,13,1,0,0
2024,2024-03-05,Northbound,Light Vehicles,18,12,23,26,102,390,650,1017,861,721,548,570,511,481,537,675,659,698,524,353,268,164,95,37,0,0
2024,2024-03-05,Northbound,All Vehicles,23,15,29,32,118,470,785,1142,955,819,652,677,582,567,627,784,735,751,565,381,298,172,108,38,0,0
2024,2024-03-06,Northbound,Heavy Vehicles,1,1,5,8,14,68,124,148,115,124,104,83,86,85,108,107,82,72,47,29,23,14,10,6,0,0
2024,2024-03-06,Northbound,Light Vehicles,31,23,24,24,97,384,667,948,967,738,542,573,559,508,544,716,740,674,516,347,275,210,112,39,0,0
2024,2024-03-06,Northbound,All Vehicles,32,24,29,32,111,452,791,1096,1082,862,646,656,645,593,652,823,822,746,563,376,298,224,122,45,0,0
2024,2024-03-07,Northbound,Light Vehicles,35,28,21,27,100,412,730,956,878,712,582,547,647,515,567,695,733,761,613,401,283,203,139,80,0,0
2024,2024-03-07,Northbound,Heavy Vehicles,4,4,4,6,24,74,140,133,110,110,87,96,107,87,90,121,85,68,58,42,26,18,14,8,0,0
2024,2024-03-07,Northbound,All Vehicles,39,32,25,33,124,486,870,1089,988,822,669,643,754,602,657,816,818,829,671,443,309,221,153,88,0,0
2024,2024-03-08,Northbound,Light Vehicles,40,28,21,29,100,339,621,882,958,703,640,596,677,613,583,731,735,806,601,463,324,275,215,127,0,0
2024,2024-03-08,Northbound,Heavy Vehicles,2,1,4,6,23,84,119,142,106,99,98,107,119,92,94,118,108,93,52,36,25,28,15,11,0,0
2024,2024-03-08,Northbound,All Vehicles,42,29,25,35,123,423,740,1024,1064,802,738,703,796,705,677,849,843,899,653,499,349,303,230,138,0,0
2024,2024-03-09,Northbound,Heavy Vehicles,7,1,5,5,10,21,34,49,59,59,64,75,71,45,57,46,51,51,45,31,30,17,13,3,0,0
2024,2024-03-09,Northbound,Light Vehicles,83,59,56,50,49,163,272,489,506,615,719,679,732,629,594,503,557,606,564,430,331,324,249,193,0,0
2024,2024-03-09,Northbound,All Vehicles,90,60,61,55,59,184,306,538,565,674,783,754,803,674,651,549,608,657,609,461,361,341,262,196,0,0
2024,2024-03-10,Northbound,Heavy Vehicles,13,3,6,5,3,24,25,36,38,40,49,58,70,51,50,42,43,40,19,38,17,16,10,3,0,0
2024,2024-03-10,Northbound,Light Vehicles,134,113,99,66,45,117,159,243,390,556,588,663,646,613,523,534,554,468,399,353,231,208,95,69,0,0
2024,2024-03-10,Northbound,All Vehicles,147,116,105,71,48,141,184,279,428,596,637,721,716,664,573,576,597,508,418,391,248,224,105,72,0,0
2024,2024-03-11,Northbound,Heavy Vehicles,2,6,3,4,17,75,125,149,106,125,106,104,102,83,104,110,76,55,50,31,25,12,8,6,0,0
2024,2024-03-11,Northbound,Light Vehicles,27,20,17,37,76,347,693,966,949,727,511,534,527,526,524,624,654,616,451,238,203,143,66,31,0,0
2024,2024-03-11,Northbound,All Vehicles,29,26,20,41,93,422,818,1115,1055,852,617,638,629,609,628,734,730,671,501,269,228,155,74,37,0,0
2024,2024-03-12,Northbound,Light Vehicles,28,14,11,27,96,390,701,935,674,722,504,544,541,555,564,667,637,736,512,311,288,163,99,27,0,0
2024,2024-03-12,Northbound,Heavy Vehicles,5,2,4,3,19,83,143,126,84,118,94,106,99,95,106,114,81,61,57,32,31,11,10,2,0,0
2024,2024-03-12,Northbound,All Vehicles,33,16,15,30,115,473,844,1061,758,840,598,650,640,650,670,781,718,797,569,343,319,174,109,29,0,0
2024,2024-03-13,Northbound,Light Vehicles,26,16,18,32,98,419,705,961,945,723,579,564,515,566,570,708,698,691,534,363,250,201,101,42,0,0
2024,2024-03-13,Northbound,Heavy Vehicles,5,2,4,13,17,82,146,144,112,112,99,101,96,93,81,120,70,66,50,29,24,17,11,4,0,0
2024,2024-03-13,Northbound,All Vehicles,31,18,22,45,115,501,851,1105,1057,835,678,665,611,659,651,828,768,757,584,392,274,218,112,46,0,0
2024,2024-03-14,Northbound,Heavy Vehicles,3,1,4,3,13,73,141,125,93,99,78,99,86,110,97,117,83,81,45,45,16,19,12,1,0,0
2024,2024-03-14,Northbound,Light Vehicles,29,27,17,28,89,367,714,971,923,726,583,577,583,556,557,737,776,763,563,421,317,201,116,54,0,0
2024,2024-03-14,Northbound,All Vehicles,32,28,21,31,102,440,855,1096,1016,825,661,676,669,666,654,854,859,844,608,466,333,220,128,55,0,0
2024,2024-03-15,Northbound,Heavy Vehicles,2,4,4,8,15,63,104,140,103,99,96,94,98,84,107,111,85,56,55,39,27,12,11,7,0,0
2024,2024-03-15,Northbound,Light Vehicles,26,25,15,27,90,333,652,879,919,711,553,611,595,560,564,710,702,670,582,389,304,240,167,158,0,0
2024,2024-03-15,Northbound,All Vehicles,28,29,19,35,105,396,756,1019,1022,810,649,705,693,644,671,821,787,726,637,428,331,252,178,165,0,0
2024,2024-03-16,Northbound,Heavy Vehicles,3,3,1,2,10,21,30,52,52,58,67,56,55,57,54,49,46,50,32,24,19,17,16,15,0,0
2024,2024-03-16,Northbound,Light Vehicles,91,81,41,31,48,119,244,478,449,558,584,681,704,604,601,535,581,608,567,399,279,273,210,176,0,0
2024,2024-03-16,Northbound,All Vehicles,94,84,42,33,58,140,274,530,501,616,651,737,759,661,655,584,627,658,599,423,298,290,226,191,0,0
2024,2024-03-17,Northbound,Light Vehicles,155,102,69,69,41,92,135,202,255,466,505,573,655,552,577,531,488,438,399,324,205,180,105,71,0,0
2024,2024-03-17,Northbound,Heavy Vehicles,7,3,10,4,3,12,15,31,30,43,43,61,55,41,51,46,44,35,29,21,19,13,9,5,0,0
2024,2024-03-17,Northbound,All Vehicles,162,105,79,73,44,104,150,233,285,509,548,634,710,593,628,577,532,473,428,345,224,193,114,76,0,0
2024,2024-03-18,Northbound,Light Vehicles,56,27,22,32,89,335,635,990,987,679,532,549,458,476,542,613,621,681,348,251,209,125,59,39,0,0
2024,2024-03-18,Northbound,Heavy Vehicles,3,3,3,4,14,67,109,130,130,108,103,88,111,91,93,98,78,47,36,31,14,13,6,3,0,0
2024,2024-03-18,Northbound,All Vehicles,59,30,25,36,103,402,744,1120,1117,787,635,637,569,567,635,711,699,728,384,282,223,138,65,42,0,0
2024,2024-03-19,Northbound,Heavy Vehicles,2,1,1,4,13,60,150,134,98,103,94,103,101,86,89,106,70,83,41,29,16,8,6,2,0,0
2024,2024-03-19,Northbound,Light Vehicles,28,10,18,25,107,371,651,973,984,723,543,505,565,533,499,620,695,748,555,358,267,149,85,44,0,0
2024,2024-03-19,Northbound,All Vehicles,30,11,19,29,120,431,801,1107,1082,826,637,608,666,619,588,726,765,831,596,387,283,157,91,46,0,0
2024,2024-03-20,Northbound,Light Vehicles,18,15,21,27,101,396,707,1044,986,636,582,561,443,522,540,667,691,664,537,292,196,174,82,43,0,0
2024,2024-03-20,Northbound,Heavy Vehicles,3,,2,2,20,68,140,150,108,112,110,94,100,93,102,106,92,55,44,26,15,12,12,2,0,0
2024,2024-03-20,Northbound,All Vehicles,21,15,23,29,121,464,847,1194,1094,748,692,655,543,615,642,773,783,719,581,318,211,186,94,45,0,0
2024,2024-03-21,Northbound,Light Vehicles,32,24,18,26,94,361,626,946,976,698,584,600,562,531,570,658,731,742,594,430,266,198,117,52,0,0
2024,2024-03-21,Northbound,Heavy Vehicles,2,2,2,7,21,59,124,139,108,127,89,99,74,87,89,100,85,65,54,38,25,16,6,7,0,0
2024,2024-03-21,Northbound,All Vehicles,34,26,20,33,115,420,750,1085,1084,825,673,699,636,618,659,758,816,807,648,468,291,214,123,59,0,0
2024,2024-03-22,Northbound,Light Vehicles,26,18,19,31,100,308,594,925,903,697,669,581,573,595,612,687,715,708,597,401,258,252,187,135,0,0
2024,2024-03-22,Northbound,Heavy Vehicles,1,2,4,7,18,56,105,131,125,105,97,84,87,100,111,115,73,52,47,47,21,11,12,10,0,0
2024,2024-03-22,Northbound,All Vehicles,27,20,23,38,118,364,699,1056,1028,802,766,665,660,695,723,802,788,760,644,448,279,263,199,145,0,0
2024,2024-03-23,Northbound,Heavy Vehicles,1,5,2,3,12,20,39,63,48,53,65,62,62,47,66,44,34,36,46,31,22,18,13,17,0,0
2024,2024-03-23,Northbound,Light Vehicles,86,57,34,22,43,134,231,416,423,546,657,676,655,615,556,530,519,668,567,401,315,318,265,181,0,0
2024,2024-03-23,Northbound,All Vehicles,87,62,36,25,55,154,270,479,471,599,722,738,717,662,622,574,553,704,613,432,337,336,278,198,0,0
2024,2024-03-24,Northbound,Heavy Vehicles,11,6,3,3,4,13,18,33,43,42,44,41,52,55,51,40,34,36,32,22,16,11,7,5,0,0
2024,2024-03-24,Northbound,Light Vehicles,143,109,88,50,39,98,149,224,350,487,557,608,614,472,541,521,483,461,350,307,271,167,81,56,0,0
2024,2024-03-24,Northbound,All Vehicles,154,115,91,53,43,111,167,257,393,529,601,649,666,527,592,561,517,497,382,329,287,178,88,61,0,0
2024,2024-03-25,Northbound,Heavy Vehicles,3,4,4,5,15,74,128,141,99,105,91,96,87,93,85,101,80,64,48,31,16,12,7,3,0,0
2024,2024-03-25,Northbound,Light Vehicles,39,27,20,29,101,366,659,977,872,628,509,536,545,547,568,638,664,671,459,325,218,153,52,42,0,0
2024,2024-03-25,Northbound,All Vehicles,42,31,24,34,116,440,787,1118,971,733,600,632,632,640,653,739,744,735,507,356,234,165,59,45,0,0
2024,2024-03-26,Northbound,Heavy Vehicles,3,1,5,4,23,62,150,114,115,123,100,78,60,90,79,102,82,39,28,27,22,11,1,3,0,0
2024,2024-03-26,Northbound,Light Vehicles,26,17,17,25,97,416,625,870,958,748,583,563,556,545,529,638,707,785,551,371,243,149,67,44,0,0
2024,2024-03-26,Northbound,All Vehicles,29,18,22,29,120,478,775,984,1073,871,683,641,616,635,608,740,789,824,579,398,265,160,68,47,0,0
2024,2024-03-27,Northbound,Heavy Vehicles,3,3,2,3,13,54,107,110,92,87,80,89,85,86,83,91,75,54,50,26,19,11,11,1,0,0
2024,2024-03-27,Northbound,Light Vehicles,29,11,20,37,90,411,752,1050,957,720,634,601,575,583,603,656,729,728,500,334,263,185,98,34,0,0
2024,2024-03-27,Northbound,All Vehicles,32,14,22,40,103,465,859,1160,1049,807,714,690,660,669,686,747,804,782,550,360,282,196,109,35,0,0
2024,2024-03-28,Northbound,Heavy Vehicles,3,2,1,5,14,62,105,111,85,85,92,91,97,90,78,97,78,60,35,23,15,24,6,5,0,0
2024,2024-03-28,Northbound,Light Vehicles,34,29,12,34,114,385,680,945,881,756,647,634,588,677,623,753,727,748,616,412,347,220,163,89,0,0
2024,2024-03-28,Northbound,All Vehicles,37,31,13,39,128,447,785,1056,966,841,739,725,685,767,701,850,805,808,651,435,362,244,169,94,0,0
2024,2024-03-29,Northbound,Heavy Vehicles,1,,,,1,,1,2,2,1,2,2,2,3,3,3,,,5,4,1,,,1,0,0
2024,2024-03-29,Northbound,Light Vehicles,11,6,9,3,5,10,14,17,29,31,41,48,35,42,49,36,47,41,44,66,31,16,22,13,0,0
2024,2024-03-29,Northbound,All Vehicles,12,6,9,3,6,10,15,19,31,32,43,50,37,45,52,39,47,41,49,70,32,16,22,14,0,0
2024,2024-03-30,Northbound,Heavy Vehicles,2,2,1,1,7,11,15,35,31,48,40,44,49,38,36,33,32,43,26,18,20,8,11,9,0,0
2024,2024-03-30,Northbound,Light Vehicles,59,25,15,14,31,94,180,368,374,477,591,683,618,574,559,528,487,493,397,371,259,229,194,138,0,0
2024,2024-03-30,Northbound,All Vehicles,61,27,16,15,38,105,195,403,405,525,631,727,667,612,595,561,519,536,423,389,279,237,205,147,0,0
2024,2024-03-31,Northbound,Light Vehicles,88,70,57,51,42,72,124,173,287,421,470,511,449,446,504,562,546,424,440,301,289,216,172,154,0,0
2024,2024-03-31,Northbound,Heavy Vehicles,4,6,1,5,3,7,14,13,27,23,32,37,31,28,33,27,35,17,25,27,13,15,7,12,0,0
2024,2024-03-31,Northbound,All Vehicles,92,76,58,56,45,79,138,186,314,444,502,548,480,474,537,589,581,441,465,328,302,231,179,166,0,0
2024,2024-04-01,Northbound,Heavy Vehicles,,,,,,1,2,2,2,1,2,5,5,2,5,9,4,,1,1,2,,,,0,0
2024,2024-04-01,Northbound,Light Vehicles,12,6,4,3,4,2,8,23,26,31,33,47,47,48,55,52,48,30,37,39,17,12,7,9,0,0
2024,2024-04-01,Northbound,All Vehicles,12,6,4,3,4,3,10,25,28,32,35,52,52,50,60,61,52,30,38,40,19,12,7,9,0,0
2024,2024-04-02,Northbound,Light Vehicles,20,15,20,21,82,352,576,960,874,712,542,571,528,565,551,610,654,680,491,328,232,139,76,46,0,0
2024,2024-04-02,Northbound,Heavy Vehicles,1,1,4,1,9,54,92,101,84,96,93,73,64,80,78,83,53,58,38,24,9,8,2,4,0,0
2024,2024-04-02,Northbound,All Vehicles,21,16,24,22,91,406,668,1061,958,808,635,644,592,645,629,693,707,738,529,352,241,147,78,50,0,0
2024,2024-04-03,Northbound,Light Vehicles,20,14,10,20,99,374,695,1009,908,737,564,552,515,552,535,623,745,758,511,347,252,166,67,47,0,0
2024,2024-04-03,Northbound,Heavy Vehicles,1,,4,2,13,65,101,110,82,117,91,74,71,77,79,86,88,54,43,22,24,9,4,2,0,0
2024,2024-04-03,Northbound,All Vehicles,21,14,14,22,112,439,796,1119,990,854,655,626,586,629,614,709,833,812,554,369,276,175,71,49,0,0
2024,2024-04-04,Northbound,Heavy Vehicles,2,1,1,4,10,52,93,118,83,82,73,70,71,86,74,79,56,46,39,26,17,14,3,2,0,0
2024,2024-04-04,Northbound,Light Vehicles,33,26,17,20,95,369,655,938,915,656,579,533,547,595,573,674,608,706,504,362,239,177,69,45,0,0
2024,2024-04-04,Northbound,All Vehicles,35,27,18,24,105,421,748,1056,998,738,652,603,618,681,647,753,664,752,543,388,256,191,72,47,0,0
2024,2024-04-05,Northbound,Heavy Vehicles,2,2,2,6,14,44,92,100,89,77,89,64,84,67,64,71,51,50,27,18,12,17,9,4,0,0
2024,2024-04-05,Northbound,Light Vehicles,28,23,19,21,98,330,591,886,901,671,558,577,543,469,529,578,573,639,525,323,236,180,141,115,0,0
2024,2024-04-05,Northbound,All Vehicles,30,25,21,27,112,374,683,986,990,748,647,641,627,536,593,649,624,689,552,341,248,197,150,119,0,0
2024,2024-04-06,Northbound,Light Vehicles,64,50,47,35,48,117,162,369,388,550,735,696,727,653,634,620,558,640,531,464,337,247,232,198,0,0
2024,2024-04-06,Northbound,Heavy Vehicles,,3,1,3,9,10,22,38,39,57,63,56,64,53,43,39,49,40,42,35,20,14,9,10,0,0
2024,2024-04-06,Northbound,All Vehicles,64,53,48,38,57,127,184,407,427,607,798,752,791,706,677,659,607,680,573,499,357,261,241,208,0,0
2024,2024-04-07,Northbound,Light Vehicles,16,10,,,,,,,,,,53,44,39,46,30,46,46,48,20,19,15,5,5,0,0
2024,2024-04-07,Northbound,Heavy Vehicles,,,,,,,,,,,,3,7,2,3,2,4,3,2,1,2,3,,,0,0
2024,2024-04-07,Northbound,All Vehicles,16,10,,,,,,,,,,56,51,41,49,32,50,49,50,21,21,18,5,5,0,0
2024,2024-04-08,Northbound,Light Vehicles,24,10,22,33,98,383,511,894,855,659,581,547,476,525,554,625,647,601,430,252,180,115,63,34,0,0
2024,2024-04-08,Northbound,Heavy Vehicles,1,1,5,3,15,49,92,98,78,102,95,79,67,67,71,88,65,50,35,16,14,9,5,1,0,0
2024,2024-04-08,Northbound,All Vehicles,25,11,27,36,113,432,603,992,933,761,676,626,543,592,625,713,712,651,465,268,194,124,68,35,0,0
2024,2024-04-09,Northbound,Light Vehicles,22,17,19,31,99,400,749,1007,951,722,617,567,558,584,578,625,649,716,451,244,216,122,59,42,0,0
2024,2024-04-09,Northbound,Heavy Vehicles,1,1,3,1,23,56,103,113,91,96,82,87,76,79,95,78,65,63,33,16,15,8,5,2,0,0
2024,2024-04-09,Northbound,All Vehicles,23,18,22,32,122,456,852,1120,1042,818,699,654,634,663,673,703,714,779,484,260,231,130,64,44,0,0
2024,2024-04-10,Northbound,Heavy Vehicles,2,,3,2,18,65,111,133,90,87,82,70,79,74,75,90,78,72,41,18,25,15,3,3,0,0
2024,2024-04-10,Northbound,Light Vehicles,15,16,13,41,100,377,758,964,938,672,588,508,547,543,569,645,713,784,541,281,224,163,75,46,0,0
2024,2024-04-10,Northbound,All Vehicles,17,16,16,43,118,442,869,1097,1028,759,670,578,626,617,644,735,791,856,582,299,249,178,78,49,0,0
2024,2024-04-11,Northbound,Light Vehicles,23,21,18,31,98,372,708,1019,921,689,570,566,571,551,615,674,768,690,531,388,246,181,138,52,0,0
2024,2024-04-11,Northbound,Heavy Vehicles,1,4,6,6,12,60,123,111,110,95,84,67,93,74,77,98,72,62,40,24,19,16,7,4,0,0
2024,2024-04-11,Northbound,All Vehicles,24,25,24,37,110,432,831,1130,1031,784,654,633,664,625,692,772,840,752,571,412,265,197,145,56,0,0
2024,2024-04-12,Northbound,Light Vehicles,39,16,23,32,90,351,680,920,902,683,610,626,611,571,605,597,728,786,550,409,251,234,202,115,0,0
2024,2024-04-12,Northbound,Heavy Vehicles,,4,3,3,17,54,90,130,99,102,100,74,83,73,83,85,72,50,39,29,15,18,8,8,0,0
2024,2024-04-12,Northbound,All Vehicles,39,20,26,35,107,405,770,1050,1001,785,710,700,694,644,688,682,800,836,589,438,266,252,210,123,0,0
2024,2024-04-13,Northbound,Light Vehicles,83,59,50,55,52,135,241,455,502,640,753,745,754,677,659,598,566,694,524,363,277,264,228,165,0,0
2024,2024-04-13,Northbound,Heavy Vehicles,4,2,2,4,5,21,39,48,41,62,52,67,52,49,43,41,35,46,33,24,21,21,9,9,0,0
2024,2024-04-13,Northbound,All Vehicles,87,61,52,59,57,156,280,503,543,702,805,812,806,726,702,639,601,740,557,387,298,285,237,174,0,0
2024,2024-04-14,Northbound,Heavy Vehicles,8,3,2,3,6,10,15,30,37,36,49,45,52,54,25,41,42,25,31,16,8,8,4,2,0,0
2024,2024-04-14,Northbound,Light Vehicles,133,109,82,55,34,84,171,305,460,567,575,676,619,583,548,546,563,451,407,277,181,133,88,66,0,0
2024,2024-04-14,Northbound,All Vehicles,141,112,84,58,40,94,186,335,497,603,624,721,671,637,573,587,605,476,438,293,189,141,92,68,0,0
2024,2024-04-15,Northbound,Heavy Vehicles,7,4,3,4,18,51,117,111,95,85,70,60,77,77,69,77,60,51,26,16,8,10,1,3,0,0
2024,2024-04-15,Northbound,Light Vehicles,31,17,16,41,104,364,692,927,894,670,555,552,566,565,495,595,667,702,420,217,165,113,65,45,0,0
2024,2024-04-15,Northbound,All Vehicles,38,21,19,45,122,415,809,1038,989,755,625,612,643,642,564,672,727,753,446,233,173,123,66,48,0,0
2024,2024-04-16,Northbound,Light Vehicles,21,12,18,32,107,400,701,975,989,610,550,599,624,605,576,639,712,844,530,312,220,159,77,39,0,0
2024,2024-04-16,Northbound,Heavy Vehicles,3,,1,3,17,62,89,132,98,69,92,90,89,91,85,80,64,65,38,27,20,13,4,1,0,0
2024,2024-04-16,Northbound,All Vehicles,24,12,19,35,124,462,790,1107,1087,679,642,689,713,696,661,719,776,909,568,339,240,172,81,40,0,0
2024,2024-04-17,Northbound,Heavy Vehicles,3,5,2,1,19,58,94,110,94,103,82,84,75,91,82,78,61,44,35,19,14,6,2,2,0,0
2024,2024-04-17,Northbound,Light Vehicles,29,20,18,24,104,371,711,950,854,671,597,606,622,559,628,644,699,738,507,294,231,161,80,42,0,0
2024,2024-04-17,Northbound,All Vehicles,32,25,20,25,123,429,805,1060,948,774,679,690,697,650,710,722,760,782,542,313,245,167,82,44,0,0
2024,2024-04-18,Northbound,Light Vehicles,32,18,17,36,91,375,705,940,972,678,613,550,607,568,586,607,686,698,543,317,293,159,90,61,0,0
2024,2024-04-18,Northbound,Heavy Vehicles,4,,4,2,16,52,102,105,105,93,85,76,72,75,75,58,75,53,34,30,17,12,11,3,0,0
2024,2024-04-18,Northbound,All Vehicles,36,18,21,38,107,427,807,1045,1077,771,698,626,679,643,661,665,761,751,577,347,310,171,101,64,0,0
2024,2024-04-19,Northbound,Light Vehicles,21,25,12,26,100,350,624,887,889,640,647,583,652,584,639,698,651,757,572,338,254,235,181,95,0,0
2024,2024-04-19,Northbound,Heavy Vehicles,2,1,,1,17,45,95,110,86,112,79,85,78,77,75,77,70,44,32,27,19,18,10,7,0,0
2024,2024-04-19,Northbound,All Vehicles,23,26,12,27,117,395,719,997,975,752,726,668,730,661,714,775,721,801,604,365,273,253,191,102,0,0
2024,2024-04-20,Northbound,Light Vehicles,81,43,27,47,42,120,220,377,432,525,612,710,625,552,520,509,473,581,478,304,259,251,180,140,0,0
2024,2024-04-20,Northbound,Heavy Vehicles,1,1,2,2,6,7,27,40,48,43,71,50,35,46,50,39,41,36,22,17,13,12,11,5,0,0
2024,2024-04-20,Northbound,All Vehicles,82,44,29,49,48,127,247,417,480,568,683,760,660,598,570,548,514,617,500,321,272,263,191,145,0,0
2024,2024-04-21,Northbound,Heavy Vehicles,3,3,1,3,7,16,15,22,34,46,48,46,46,45,42,32,35,34,21,8,10,8,7,2,0,0
2024,2024-04-21,Northbound,Light Vehicles,143,100,73,50,44,124,119,234,408,524,526,555,631,610,592,523,480,458,347,267,180,161,97,46,0,0
2024,2024-04-21,Northbound,All Vehicles,146,103,74,53,51,140,134,256,442,570,574,601,677,655,634,555,515,492,368,275,190,169,104,48,0,0
2024,2024-04-22,Northbound,Light Vehicles,49,28,17,30,109,359,692,975,910,704,591,623,598,604,537,611,628,703,384,225,178,129,69,48,0,0
2024,2024-04-22,Northbound,Heavy Vehicles,1,,2,1,14,50,119,118,103,94,83,89,70,76,76,90,68,60,29,12,10,10,3,2,0,0
2024,2024-04-22,Northbound,All Vehicles,50,28,19,31,123,409,811,1093,1013,798,674,712,668,680,613,701,696,763,413,237,188,139,72,50,0,0
2024,2024-04-23,Northbound,Heavy Vehicles,3,2,2,4,10,69,118,121,81,96,80,74,66,92,82,93,68,53,51,22,14,14,3,4,0,0
2024,2024-04-23,Northbound,Light Vehicles,14,18,10,24,110,384,733,982,924,705,606,523,542,566,618,629,659,732,539,278,205,158,81,44,0,0
2024,2024-04-23,Northbound,All Vehicles,17,20,12,28,120,453,851,1103,1005,801,686,597,608,658,700,722,727,785,590,300,219,172,84,48,0,0
2024,2024-04-24,Northbound,Heavy Vehicles,1,3,3,5,19,68,96,131,88,97,103,91,83,71,81,93,83,58,43,25,14,11,11,3,0,0
2024,2024-04-24,Northbound,Light Vehicles,27,16,13,24,108,389,710,1000,964,711,608,634,630,573,592,633,685,772,568,330,244,213,136,87,0,0
2024,2024-04-24,Northbound,All Vehicles,28,19,16,29,127,457,806,1131,1052,808,711,725,713,644,673,726,768,830,611,355,258,224,147,90,0,0
2024,2024-04-25,Northbound,Heavy Vehicles,,1,,1,,,,3,1,3,4,2,5,3,,1,2,2,,,,,2,,0,0
2024,2024-04-25,Northbound,Light Vehicles,7,7,1,4,10,5,16,23,28,32,53,34,45,34,36,42,35,36,39,27,20,16,17,13,0,0
2024,2024-04-25,Northbound,All Vehicles,7,8,1,5,10,5,16,26,29,35,57,36,50,37,36,43,37,38,39,27,20,16,19,13,0,0
2024,2024-04-26,Northbound,Heavy Vehicles,1,1,3,4,6,31,64,72,75,87,74,77,79,66,71,63,60,41,36,27,10,15,9,3,0,0
2024,2024-04-26,Northbound,Light Vehicles,52,25,22,33,72,224,395,642,728,622,694,677,674,664,621,617,627,700,482,308,240,211,125,94,0,0
2024,2024-04-26,Northbound,All Vehicles,53,26,25,37,78,255,459,714,803,709,768,754,753,730,692,680,687,741,518,335,250,226,134,97,0,0
2024,2024-04-27,Northbound,Light Vehicles,43,44,36,32,44,113,231,436,444,582,695,673,657,602,653,544,509,571,471,288,255,219,193,160,0,0
2024,2024-04-27,Northbound,Heavy Vehicles,2,1,2,1,5,15,21,48,38,54,56,50,49,52,51,29,37,46,24,19,11,14,12,4,0,0
2024,2024-04-27,Northbound,All Vehicles,45,45,38,33,49,128,252,484,482,636,751,723,706,654,704,573,546,617,495,307,266,233,205,164,0,0
2024,2024-04-28,Northbound,Light Vehicles,108,95,76,71,30,80,138,265,383,529,584,610,584,537,534,510,490,482,338,221,148,115,82,32,0,0
2024,2024-04-28,Northbound,Heavy Vehicles,4,4,2,1,3,9,19,27,30,48,42,51,43,47,34,29,24,41,23,16,12,8,4,2,0,0
2024,2024-04-28,Northbound,All Vehicles,112,99,78,72,33,89,157,292,413,577,626,661,627,584,568,539,514,523,361,237,160,123,86,34,0,0
2024,2024-04-29,Northbound,Light Vehicles,30,14,17,30,103,368,688,1007,890,660,544,631,524,527,524,647,633,711,438,253,201,107,38,45,0,0
2024,2024-04-29,Northbound,Heavy Vehicles,1,3,2,3,10,61,108,136,91,90,81,86,67,86,67,101,71,57,39,20,12,14,3,3,0,0
2024,2024-04-29,Northbound,All Vehicles,31,17,19,33,113,429,796,1143,981,750,625,717,591,613,591,748,704,768,477,273,213,121,41,48,0,0
2024,2024-04-30,Northbound,Heavy Vehicles,2,2,1,3,20,64,107,133,109,93,92,60,65,61,71,74,68,49,34,20,15,8,5,2,0,0
2024,2024-04-30,Northbound,Light Vehicles,11,13,26,22,97,359,682,1065,996,639,563,537,476,473,509,626,635,673,400,258,188,112,78,38,0,0
2024,2024-04-30,Northbound,All Vehicles,13,15,27,25,117,423,789,1198,1105,732,655,597,541,534,580,700,703,722,434,278,203,120,83,40,0,0
2024,2024-05-01,Northbound,Light Vehicles,26,13,15,26,100,368,546,920,852,739,528,475,514,510,530,687,686,656,466,273,225,176,95,53,0,0
2024,2024-05-01,Northbound,Heavy Vehicles,,1,6,1,8,65,102,130,77,97,79,78,83,66,73,80,61,53,41,23,11,11,2,2,0,0
2024,2024-05-01,Northbound,All Vehicles,26,14,21,27,108,433,648,1050,929,836,607,553,597,576,603,767,747,709,507,296,236,187,97,55,0,0
2024,2024-05-02,Northbound,Light Vehicles,31,14,17,25,97,343,648,982,822,684,535,505,524,565,527,693,457,520,356,77,103,162,,,0,0
2024,2024-05-02,Northbound,Heavy Vehicles,,1,1,4,18,57,98,125,66,105,79,80,70,67,67,75,45,41,22,4,11,6,,,0,0
2024,2024-05-02,Northbound,All Vehicles,31,15,18,29,115,400,746,1107,888,789,614,585,594,632,594,768,502,561,378,81,114,168,,,0,0
2024,2024-05-04,Northbound,Light Vehicles,87,46,43,45,48,121,213,426,465,618,619,699,644,650,591,522,596,689,545,307,260,252,232,155,0,0
2024,2024-05-04,Northbound,Heavy Vehicles,3,2,5,2,3,16,16,41,46,61,48,58,44,40,41,39,43,62,28,14,14,12,11,5,0,0
2024,2024-05-04,Northbound,All Vehicles,90,48,48,47,51,137,229,467,511,679,667,757,688,690,632,561,639,751,573,321,274,264,243,160,0,0
2024,2024-05-05,Northbound,Light Vehicles,111,90,94,55,32,70,108,171,302,465,512,539,574,521,438,426,450,391,268,228,163,118,78,49,0,0
2024,2024-05-05,Northbound,Heavy Vehicles,2,3,3,3,6,11,8,18,28,33,47,46,35,53,38,24,21,26,17,11,14,7,4,1,0,0
2024,2024-05-05,Northbound,All Vehicles,113,93,97,58,38,81,116,189,330,498,559,585,609,574,476,450,471,417,285,239,177,125,82,50,0,0
2024,2024-05-06,Northbound,Heavy Vehicles,2,3,3,1,14,56,84,95,96,91,79,72,82,72,70,79,67,54,30,23,10,9,10,5,0,0
2024,2024-05-06,Northbound,Light Vehicles,34,22,20,31,77,335,615,899,841,656,491,485,447,493,555,671,596,696,368,194,181,105,52,38,0,0
2024,2024-05-06,Northbound,All Vehicles,36,25,23,32,91,391,699,994,937,747,570,557,529,565,625,750,663,750,398,217,191,114,62,43,0,0
2024,2024-05-07,Northbound,Light Vehicles,25,19,15,19,99,345,644,886,982,676,602,560,515,525,557,723,738,665,378,243,210,121,79,28,0,0
2024,2024-05-07,Northbound,Heavy Vehicles,,4,2,1,13,70,112,98,97,97,77,73,76,65,79,85,77,58,29,15,18,10,9,,0,0
2024,2024-05-07,Northbound,All Vehicles,25,23,17,20,112,415,756,984,1079,773,679,633,591,590,636,808,815,723,407,258,228,131,88,28,0,0
2024,2024-05-08,Northbound,Light Vehicles,20,20,19,29,101,383,693,968,906,782,554,600,543,565,569,726,683,679,483,323,237,160,94,33,0,0
2024,2024-05-08,Northbound,Heavy Vehicles,1,3,3,6,13,64,108,109,88,100,93,80,97,58,70,82,62,58,48,23,12,10,10,,0,0
2024,2024-05-08,Northbound,All Vehicles,21,23,22,35,114,447,801,1077,994,882,647,680,640,623,639,808,745,737,531,346,249,170,104,33,0,0
2024,2024-05-09,Northbound,Heavy Vehicles,4,,2,5,6,53,116,124,95,108,77,79,76,90,95,85,71,52,45,23,15,11,3,6,0,0
2024,2024-05-09,Northbound,Light Vehicles,23,16,14,24,100,355,678,995,918,710,571,581,630,556,573,727,715,751,528,338,316,177,103,42,0,0
2024,2024-05-09,Northbound,All Vehicles,27,16,16,29,106,408,794,1119,1013,818,648,660,706,646,668,812,786,803,573,361,331,188,106,48,0,0
2024,2024-05-10,Northbound,Heavy Vehicles,1,3,,3,17,60,102,119,87,95,98,98,66,112,82,88,62,55,34,28,18,14,6,8,0,0
2024,2024-05-10,Northbound,Light Vehicles,20,17,18,30,95,351,602,910,876,675,618,605,574,603,613,718,711,744,532,359,270,196,152,120,0,0
2024,2024-05-10,Northbound,All Vehicles,21,20,18,33,112,411,704,1029,963,770,716,703,640,715,695,806,773,799,566,387,288,210,158,128,0,0
2024,2024-05-11,Northbound,Heavy Vehicles,2,,1,7,4,11,25,39,41,40,56,65,39,48,38,31,28,35,24,20,10,16,11,8,0,0
2024,2024-05-11,Northbound,Light Vehicles,73,44,49,30,34,117,192,372,435,607,600,675,572,639,586,501,525,683,462,340,259,223,187,140,0,0
2024,2024-05-11,Northbound,All Vehicles,75,44,50,37,38,128,217,411,476,647,656,740,611,687,624,532,553,718,486,360,269,239,198,148,0,0
2024,2024-05-12,Northbound,Heavy Vehicles,2,3,,2,2,6,8,26,28,44,47,50,45,36,40,35,30,32,20,24,13,9,7,3,0,0
2024,2024-05-12,Northbound,Light Vehicles,100,82,71,41,32,81,122,221,387,551,695,806,776,646,561,538,522,483,307,256,204,142,90,53,0,0
2024,2024-05-12,Northbound,All Vehicles,102,85,71,43,34,87,130,247,415,595,742,856,821,682,601,573,552,515,327,280,217,151,97,56,0,0
2024,2024-05-13,Northbound,Heavy Vehicles,2,7,4,2,20,65,92,109,91,91,78,82,82,69,62,77,68,57,24,16,11,11,4,3,0,0
2024,2024-05-13,Northbound,Light Vehicles,32,22,13,31,94,329,642,1028,951,654,502,521,495,476,525,677,592,704,420,217,152,139,70,25,0,0
2024,2024-05-13,Northbound,All Vehicles,34,29,17,33,114,394,734,1137,1042,745,580,603,577,545,587,754,660,761,444,233,163,150,74,28,0,0
2024,2024-05-14,Northbound,Light Vehicles,24,18,15,28,93,363,728,1020,1104,710,546,531,519,509,544,720,706,754,433,296,200,142,88,30,0,0
2024,2024-05-14,Northbound,Heavy Vehicles,3,1,1,2,16,60,96,109,121,92,89,76,80,73,68,92,76,69,34,19,12,14,4,1,0,0
2024,2024-05-14,Northbound,All Vehicles,27,19,16,30,109,423,824,1129,1225,802,635,607,599,582,612,812,782,823,467,315,212,156,92,31,0,0
2024,2024-05-15,Northbound,Light Vehicles,19,12,15,25,104,375,704,992,1073,717,555,582,565,589,524,640,699,796,509,287,226,190,105,40,0,0
2024,2024-05-15,Northbound,Heavy Vehicles,5,,4,,24,66,100,131,93,99,76,106,69,85,79,90,76,55,27,27,25,16,7,1,0,0
2024,2024-05-15,Northbound,All Vehicles,24,12,19,25,128,441,804,1123,1166,816,631,688,634,674,603,730,775,851,536,314,251,206,112,41,0,0
2024,2024-05-16,Northbound,Light Vehicles,27,23,20,32,113,364,694,975,889,731,533,534,538,529,611,671,683,761,542,333,263,209,88,44,0,0
2024,2024-05-16,Northbound,Heavy Vehicles,1,2,4,4,11,60,115,123,90,90,95,83,92,91,93,87,75,61,43,24,17,14,8,3,0,0
2024,2024-05-16,Northbound,All Vehicles,28,25,24,36,124,424,809,1098,979,821,628,617,630,620,704,758,758,822,585,357,280,223,96,47,0,0
2024,2024-05-17,Northbound,Light Vehicles,19,26,16,27,108,349,583,936,959,657,606,556,621,553,632,700,718,703,565,382,294,215,179,118,0,0
2024,2024-05-17,Northbound,Heavy Vehicles,2,3,2,3,13,51,101,116,108,87,89,79,95,89,70,98,59,55,36,19,19,13,13,9,0,0
2024,2024-05-17,Northbound,All Vehicles,21,29,18,30,121,400,684,1052,1067,744,695,635,716,642,702,798,777,758,601,401,313,228,192,127,0,0
2024,2024-05-18,Northbound,Light Vehicles,84,61,36,37,43,109,171,399,506,608,578,708,716,594,560,516,481,580,458,288,250,235,199,139,0,0
2024,2024-05-18,Northbound,Heavy Vehicles,4,,5,3,7,12,19,35,47,50,62,58,48,46,46,31,40,42,24,20,20,4,4,11,0,0
2024,2024-05-18,Northbound,All Vehicles,88,61,41,40,50,121,190,434,553,658,640,766,764,640,606,547,521,622,482,308,270,239,203,150,0,0
2024,2024-05-19,Northbound,Light Vehicles,123,108,99,55,30,80,108,243,340,518,567,611,660,608,629,555,576,424,294,252,156,126,86,58,0,0
2024,2024-05-19,Northbound,Heavy Vehicles,3,9,2,1,3,7,16,13,29,52,43,49,44,33,34,47,44,26,26,12,12,9,3,3,0,0
2024,2024-05-19,Northbound,All Vehicles,126,117,101,56,33,87,124,256,369,570,610,660,704,641,663,602,620,450,320,264,168,135,89,61,0,0
2024,2024-05-20,Northbound,Heavy Vehicles,2,5,3,4,19,51,92,120,96,87,91,67,90,83,62,84,66,53,30,14,15,7,1,2,0,0
2024,2024-05-20,Northbound,Light Vehicles,35,22,26,33,88,326,620,965,957,653,508,506,560,552,509,634,605,646,419,207,152,106,48,37,0,0
2024,2024-05-20,Northbound,All Vehicles,37,27,29,37,107,377,712,1085,1053,740,599,573,650,635,571,718,671,699,449,221,167,113,49,39,0,0
2024,2024-05-21,Northbound,Heavy Vehicles,2,,2,3,18,72,99,126,96,86,71,74,68,69,56,90,56,54,29,19,11,8,2,,0,0
2024,2024-05-21,Northbound,Light Vehicles,22,17,12,22,95,376,675,1037,972,680,536,502,514,458,524,647,624,734,411,250,207,116,71,34,0,0
2024,2024-05-21,Northbound,All Vehicles,24,17,14,25,113,448,774,1163,1068,766,607,576,582,527,580,737,680,788,440,269,218,124,73,34,0,0
2024,2024-05-22,Northbound,Heavy Vehicles,2,5,2,5,14,72,110,125,94,93,101,88,81,80,80,88,61,66,33,26,16,8,5,1,0,0
2024,2024-05-22,Northbound,Light Vehicles,18,13,19,27,109,399,658,1013,912,708,527,558,529,512,582,649,711,763,468,311,208,165,89,37,0,0
2024,2024-05-22,Northbound,All Vehicles,20,18,21,32,123,471,768,1138,1006,801,628,646,610,592,662,737,772,829,501,337,224,173,94,38,0,0
2024,2024-05-23,Northbound,Light Vehicles,32,21,22,30,96,373,680,953,1033,721,524,552,537,626,567,692,738,740,541,333,261,194,86,58,0,0
2024,2024-05-23,Northbound,Heavy Vehicles,,,3,4,18,72,103,95,111,100,89,80,72,57,67,96,69,57,36,26,10,15,6,2,0,0
2024,2024-05-23,Northbound,All Vehicles,32,21,25,34,114,445,783,1048,1144,821,613,632,609,683,634,788,807,797,577,359,271,209,92,60,0,0
2024,2024-05-24,Northbound,Light Vehicles,26,18,29,31,93,354,612,883,857,720,597,646,658,566,648,749,702,700,589,344,268,207,201,92,0,0
2024,2024-05-24,Northbound,Heavy Vehicles,1,2,5,4,12,55,92,106,81,92,69,77,92,104,84,87,58,57,38,23,12,16,10,6,0,0
2024,2024-05-24,Northbound,All Vehicles,27,20,34,35,105,409,704,989,938,812,666,723,750,670,732,836,760,757,627,367,280,223,211,98,0,0
2024,2024-05-25,Northbound,Heavy Vehicles,2,,3,4,7,16,32,26,43,55,59,63,53,49,41,44,49,42,43,17,13,13,11,13,0,0
2024,2024-05-25,Northbound,Light Vehicles,70,46,43,36,39,128,205,457,434,673,682,713,727,709,654,584,611,604,521,344,258,267,210,183,0,0
2024,2024-05-25,Northbound,All Vehicles,72,46,46,40,46,144,237,483,477,728,741,776,780,758,695,628,660,646,564,361,271,280,221,196,0,0
2024,2024-05-26,Northbound,Light Vehicles,150,91,84,61,38,87,122,244,371,606,667,702,618,631,607,604,458,477,326,224,150,126,79,51,0,0
2024,2024-05-26,Northbound,Heavy Vehicles,6,2,2,3,2,11,10,32,31,49,50,48,45,33,48,37,37,31,19,13,14,6,1,5,0,0
2024,2024-05-26,Northbound,All Vehicles,156,93,86,64,40,98,132,276,402,655,717,750,663,664,655,641,495,508,345,237,164,132,80,56,0,0
2024,2024-05-27,Northbound,Heavy Vehicles,,3,3,5,19,54,85,104,89,90,79,66,86,68,65,111,50,43,26,15,13,12,2,3,0,0
2024,2024-05-27,Northbound,Light Vehicles,30,22,23,29,93,357,632,968,959,691,514,553,521,510,550,623,657,714,402,231,178,131,61,42,0,0
2024,2024-05-27,Northbound,All Vehicles,30,25,26,34,112,411,717,1072,1048,781,593,619,607,578,615,734,707,757,428,246,191,143,63,45,0,0
2024,2024-05-28,Northbound,Light Vehicles,30,23,16,25,93,387,659,978,985,684,542,565,540,555,594,659,717,699,481,336,208,132,86,41,0,0
2024,2024-05-28,Northbound,Heavy Vehicles,1,6,2,3,25,57,108,110,81,97,91,77,80,70,82,101,61,64,35,29,11,9,4,4,0,0
2024,2024-05-28,Northbound,All Vehicles,31,29,18,28,118,444,767,1088,1066,781,633,642,620,625,676,760,778,763,516,365,219,141,90,45,0,0
2024,2024-05-29,Northbound,Heavy Vehicles,4,3,3,4,16,53,108,130,98,93,73,94,97,91,94,89,70,57,38,15,23,5,2,2,0,0
2024,2024-05-29,Northbound,Light Vehicles,23,22,16,21,98,382,646,977,909,724,578,558,563,569,572,695,748,731,479,290,241,195,96,46,0,0
2024,2024-05-29,Northbound,All Vehicles,27,25,19,25,114,435,754,1107,1007,817,651,652,660,660,666,784,818,788,517,305,264,200,98,48,0,0
2024,2024-05-30,Northbound,Heavy Vehicles,3,,5,4,20,65,105,125,78,81,87,81,80,79,96,90,67,62,46,18,20,12,6,2,0,0
2024,2024-05-30,Northbound,Light Vehicles,25,22,14,35,112,376,678,990,753,651,566,607,562,568,657,633,626,737,458,343,258,208,106,47,0,0
2024,2024-05-30,Northbound,All Vehicles,28,22,19,39,132,441,783,1115,831,732,653,688,642,647,753,723,693,799,504,361,278,220,112,49,0,0
2024,2024-05-31,Northbound,Light Vehicles,31,18,16,32,102,352,640,921,942,694,592,624,605,525,631,763,728,732,514,390,257,242,195,112,0,0
2024,2024-05-31,Northbound,Heavy Vehicles,2,3,4,3,15,47,96,108,108,91,91,86,89,90,75,93,64,51,40,44,21,7,10,5,0,0
2024,2024-05-31,Northbound,All Vehicles,33,21,20,35,117,399,736,1029,1050,785,683,710,694,615,706,856,792,783,554,434,278,249,205,117,0,0
2024,2024-06-01,Northbound,Heavy Vehicles,4,1,2,5,3,13,17,27,34,45,43,37,60,52,36,35,33,39,25,9,15,17,8,7,0,0
2024,2024-06-01,Northbound,Light Vehicles,93,71,38,41,25,93,151,273,370,518,561,621,638,570,577,491,510,557,465,311,228,235,226,140,0,0
2024,2024-06-01,Northbound,All Vehicles,97,72,40,46,28,106,168,300,404,563,604,658,698,622,613,526,543,596,490,320,243,252,234,147,0,0
2024,2024-06-02,Northbound,Heavy Vehicles,6,5,3,3,2,4,10,16,24,28,38,51,33,44,41,30,32,34,16,19,8,6,4,2,0,0
2024,2024-06-02,Northbound,Light Vehicles,136,86,84,62,44,63,95,160,230,428,549,615,610,519,513,512,471,370,272,215,175,112,69,54,0,0
2024,2024-06-02,Northbound,All Vehicles,142,91,87,65,46,67,105,176,254,456,587,666,643,563,554,542,503,404,288,234,183,118,73,56,0,0
2024,2024-06-03,Northbound,Light Vehicles,44,24,21,27,100,354,678,880,960,668,522,558,487,526,513,608,686,700,379,225,175,107,59,41,0,0
2024,2024-06-03,Northbound,Heavy Vehicles,5,1,2,3,20,53,108,96,99,98,79,88,78,56,71,87,69,54,34,20,11,6,4,1,0,0
2024,2024-06-03,Northbound,All Vehicles,49,25,23,30,120,407,786,976,1059,766,601,646,565,582,584,695,755,754,413,245,186,113,63,42,0,0
2024,2024-06-04,Northbound,Heavy Vehicles,4,,2,6,21,62,98,114,104,87,96,80,98,77,93,113,70,54,32,22,14,8,6,5,0,0
2024,2024-06-04,Northbound,Light Vehicles,38,15,17,29,108,372,697,973,1005,645,551,518,552,520,533,683,669,670,442,263,205,125,73,43,0,0
2024,2024-06-04,Northbound,All Vehicles,42,15,19,35,129,434,795,1087,1109,732,647,598,650,597,626,796,739,724,474,285,219,133,79,48,0,0
2024,2024-06-05,Northbound,Light Vehicles,36,18,18,33,98,392,664,1026,876,753,554,559,541,533,640,699,668,726,423,294,180,151,130,54,0,0
2024,2024-06-05,Northbound,Heavy Vehicles,3,2,4,2,20,52,96,117,80,104,82,80,61,82,77,79,74,52,40,24,17,9,15,2,0,0
2024,2024-06-05,Northbound,All Vehicles,39,20,22,35,118,444,760,1143,956,857,636,639,602,615,717,778,742,778,463,318,197,160,145,56,0,0
2024,2024-06-06,Northbound,Light Vehicles,55,26,24,24,104,350,658,962,836,603,546,601,595,560,574,646,736,700,556,302,235,194,153,57,0,0
2024,2024-06-06,Northbound,Heavy Vehicles,3,4,,6,11,48,109,103,66,102,78,71,88,79,75,88,65,55,36,18,17,11,6,5,0,0
2024,2024-06-06,Northbound,All Vehicles,58,30,24,30,115,398,767,1065,902,705,624,672,683,639,649,734,801,755,592,320,252,205,159,62,0,0
2024,2024-06-07,Northbound,Heavy Vehicles,3,4,6,4,10,33,85,93,93,104,87,94,92,84,75,72,60,55,38,18,16,12,8,6,0,0
2024,2024-06-07,Northbound,Light Vehicles,26,20,32,27,101,311,608,835,893,672,636,568,617,629,586,712,716,702,496,369,196,203,173,117,0,0
2024,2024-06-07,Northbound,All Vehicles,29,24,38,31,111,344,693,928,986,776,723,662,709,713,661,784,776,757,534,387,212,215,181,123,0,0
2024,2024-06-08,Northbound,Heavy Vehicles,3,5,3,3,4,15,24,31,41,48,68,61,44,38,39,45,39,43,30,23,10,11,13,5,0,0
2024,2024-06-08,Northbound,Light Vehicles,78,47,49,35,41,113,184,392,412,569,682,723,658,619,564,608,539,605,427,320,252,238,187,159,0,0
2024,2024-06-08,Northbound,All Vehicles,81,52,52,38,45,128,208,423,453,617,750,784,702,657,603,653,578,648,457,343,262,249,200,164,0,0
2024,2024-06-09,Northbound,Light Vehicles,62,34,39,36,15,46,56,119,169,264,291,337,377,324,317,315,305,253,205,153,111,128,115,93,0,0
2024,2024-06-09,Northbound,Heavy Vehicles,,4,4,2,3,5,7,12,16,17,23,20,20,23,27,21,21,19,10,4,8,6,4,2,0,0
2024,2024-06-09,Northbound,All Vehicles,62,38,43,38,18,51,63,131,185,281,314,357,397,347,344,336,326,272,215,157,119,134,119,95,0,0
2024,2024-06-10,Northbound,Heavy Vehicles,2,1,,,1,4,1,2,4,8,7,8,13,10,2,8,3,3,3,3,2,,,,0,0
2024,2024-06-10,Northbound,Light Vehicles,54,27,10,14,6,8,10,47,41,71,95,108,132,112,93,78,85,81,62,47,20,13,10,14,0,0
2024,2024-06-10,Northbound,All Vehicles,56,28,10,14,7,12,11,49,45,79,102,116,145,122,95,86,88,84,65,50,22,13,10,14,0,0
2024,2024-06-11,Northbound,Light Vehicles,14,9,12,35,91,329,621,1018,963,683,554,511,513,565,596,660,711,683,414,277,189,135,83,45,0,0
2024,2024-06-11,Northbound,Heavy Vehicles,1,1,4,,16,53,86,129,88,106,95,97,89,96,74,94,57,47,25,22,12,10,5,2,0,0
2024,2024-06-11,Northbound,All Vehicles,15,10,16,35,107,382,707,1147,1051,789,649,608,602,661,670,754,768,730,439,299,201,145,88,47,0,0
2024,2024-06-12,Northbound,Light Vehicles,17,15,18,30,106,368,655,978,956,661,520,563,495,522,603,659,707,652,466,281,200,164,77,53,0,0
2024,2024-06-12,Northbound,Heavy Vehicles,2,,4,1,19,60,103,106,107,97,99,94,85,77,79,89,61,57,40,20,13,7,3,1,0,0
2024,2024-06-12,Northbound,All Vehicles,19,15,22,31,125,428,758,1084,1063,758,619,657,580,599,682,748,768,709,506,301,213,171,80,54,0,0
2024,2024-06-13,Northbound,Light Vehicles,30,22,13,35,92,367,647,1001,996,696,547,522,557,604,605,696,740,679,476,312,257,183,99,60,0,0
2024,2024-06-13,Northbound,Heavy Vehicles,4,3,3,2,22,58,96,123,91,91,96,78,85,84,96,93,69,49,23,18,23,7,4,1,0,0
2024,2024-06-13,Northbound,All Vehicles,34,25,16,37,114,425,743,1124,1087,787,643,600,642,688,701,789,809,728,499,330,280,190,103,61,0,0
2024,2024-06-14,Northbound,Heavy Vehicles,4,5,2,2,10,55,94,105,89,112,89,80,101,72,98,80,54,46,44,25,10,12,7,6,0,0
2024,2024-06-14,Northbound,Light Vehicles,27,15,24,29,101,324,598,896,995,657,586,561,546,606,614,690,634,638,539,385,237,221,164,114,0,0
2024,2024-06-14,Northbound,All Vehicles,31,20,26,31,111,379,692,1001,1084,769,675,641,647,678,712,770,688,684,583,410,247,233,171,120,0,0
2024,2024-06-15,Northbound,Light Vehicles,84,70,55,38,40,99,163,339,383,540,564,635,630,595,569,521,520,561,446,337,240,224,191,156,0,0
2024,2024-06-15,Northbound,Heavy Vehicles,3,3,6,4,4,9,15,25,41,47,43,49,53,45,40,49,29,35,24,15,10,9,11,5,0,0
2024,2024-06-15,Northbound,All Vehicles,87,73,61,42,44,108,178,364,424,587,607,684,683,640,609,570,549,596,470,352,250,233,202,161,0,0
2024,2024-06-16,Northbound,Heavy Vehicles,4,3,1,3,3,6,14,9,22,50,46,54,50,32,37,35,35,33,17,17,11,9,4,2,0,0
2024,2024-06-16,Northbound,Light Vehicles,142,101,69,56,39,85,113,218,369,552,637,703,643,603,634,567,413,440,361,246,198,139,73,59,0,0
2024,2024-06-16,Northbound,All Vehicles,146,104,70,59,42,91,127,227,391,602,683,757,693,635,671,602,448,473,378,263,209,148,77,61,0,0
2024,2024-06-17,Northbound,Heavy Vehicles,2,2,2,6,18,58,94,107,104,106,79,63,81,63,68,89,63,39,25,26,11,10,2,3,0,0
2024,2024-06-17,Northbound,Light Vehicles,46,12,27,40,86,338,637,937,965,645,528,478,560,526,527,628,595,665,369,242,160,127,49,43,0,0
2024,2024-06-17,Northbound,All Vehicles,48,14,29,46,104,396,731,1044,1069,751,607,541,641,589,595,717,658,704,394,268,171,137,51,46,0,0
2024,2024-06-18,Northbound,Heavy Vehicles,4,,5,2,21,57,98,117,91,110,85,72,72,78,68,96,65,61,33,23,16,7,2,2,0,0
2024,2024-06-18,Northbound,Light Vehicles,22,15,19,24,90,374,658,969,868,651,547,558,535,509,550,680,702,749,425,274,237,146,72,41,0,0
2024,2024-06-18,Northbound,All Vehicles,26,15,24,26,111,431,756,1086,959,761,632,630,607,587,618,776,767,810,458,297,253,153,74,43,0,0
2024,2024-06-19,Northbound,Heavy Vehicles,6,3,4,5,24,67,92,127,90,100,70,85,71,73,84,98,69,47,34,18,19,12,5,4,0,0
2024,2024-06-19,Northbound,Light Vehicles,18,11,18,26,99,379,680,922,857,703,528,512,554,534,559,640,701,677,472,278,219,183,99,46,0,0
2024,2024-06-19,Northbound,All Vehicles,24,14,22,31,123,446,772,1049,947,803,598,597,625,607,643,738,770,724,506,296,238,195,104,50,0,0
2024,2024-06-20,Northbound,Heavy Vehicles,2,4,5,6,18,59,98,126,99,90,76,74,74,88,87,73,74,65,42,19,18,12,11,3,0,0
2024,2024-06-20,Northbound,Light Vehicles,23,27,18,33,96,357,648,936,912,673,574,549,583,548,597,721,689,750,534,344,262,198,107,51,0,0
2024,2024-06-20,Northbound,All Vehicles,25,31,23,39,114,416,746,1062,1011,763,650,623,657,636,684,794,763,815,576,363,280,210,118,54,0,0
2024,2024-06-21,Northbound,Light Vehicles,31,22,21,31,105,320,608,847,929,690,630,606,609,609,638,741,632,724,543,368,268,222,203,125,0,0
2024,2024-06-21,Northbound,Heavy Vehicles,3,3,2,3,13,55,95,106,88,98,86,75,85,106,101,88,52,50,37,25,19,12,16,5,0,0
2024,2024-06-21,Northbound,All Vehicles,34,25,23,34,118,375,703,953,1017,788,716,681,694,715,739,829,684,774,580,393,287,234,219,130,0,0
2024,2024-06-22,Northbound,Light Vehicles,66,61,42,36,39,101,211,431,458,578,623,685,776,719,615,604,593,701,502,329,259,274,206,182,0,0
2024,2024-06-22,Northbound,Heavy Vehicles,3,1,5,5,7,17,27,38,43,51,62,50,50,52,49,52,34,33,29,16,15,15,13,5,0,0
2024,2024-06-22,Northbound,All Vehicles,69,62,47,41,46,118,238,469,501,629,685,735,826,771,664,656,627,734,531,345,274,289,219,187,0,0
2024,2024-06-23,Northbound,Heavy Vehicles,4,5,3,5,4,7,18,15,30,37,49,43,35,48,32,43,25,27,25,9,16,16,3,3,0,0
2024,2024-06-23,Northbound,Light Vehicles,144,101,89,72,37,71,101,193,329,451,565,619,646,610,582,503,433,398,340,239,157,130,66,42,0,0
2024,2024-06-23,Northbound,All Vehicles,148,106,92,77,41,78,119,208,359,488,614,662,681,658,614,546,458,425,365,248,173,146,69,45,0,0
2024,2024-06-24,Northbound,Light Vehicles,33,28,19,32,87,358,611,955,852,682,544,475,487,505,534,697,646,679,439,229,151,125,70,30,0,0
2024,2024-06-24,Northbound,Heavy Vehicles,7,1,3,2,17,53,103,110,83,97,82,90,67,84,66,96,62,46,33,17,14,10,5,4,0,0
2024,2024-06-24,Northbound,All Vehicles,40,29,22,34,104,411,714,1065,935,779,626,565,554,589,600,793,708,725,472,246,165,135,75,34,0,0
2024,2024-06-25,Northbound,Heavy Vehicles,3,,5,5,19,50,114,108,98,101,82,87,62,92,78,84,61,60,32,20,17,8,1,1,0,0
2024,2024-06-25,Northbound,Light Vehicles,16,15,12,23,107,362,658,999,1032,637,519,482,585,550,604,628,661,688,451,268,194,131,75,48,0,0
2024,2024-06-25,Northbound,All Vehicles,19,15,17,28,126,412,772,1107,1130,738,601,569,647,642,682,712,722,748,483,288,211,139,76,49,0,0
2024,2024-06-26,Northbound,Light Vehicles,23,12,18,27,100,399,673,960,985,680,584,519,552,582,613,639,661,723,481,321,181,136,151,52,0,0
2024,2024-06-26,Northbound,Heavy Vehicles,5,2,4,3,13,68,102,106,96,98,88,99,90,77,94,82,54,52,31,30,14,6,6,,0,0
2024,2024-06-26,Northbound,All Vehicles,28,14,22,30,113,467,775,1066,1081,778,672,618,642,659,707,721,715,775,512,351,195,142,157,52,0,0
2024,2024-06-27,Northbound,Heavy Vehicles,4,4,2,4,14,61,112,116,103,98,74,67,81,76,77,80,71,57,45,24,20,9,4,3,0,0
2024,2024-06-27,Northbound,Light Vehicles,43,27,19,36,100,345,664,919,1016,684,553,540,599,520,630,640,687,636,590,374,251,186,79,51,0,0
2024,2024-06-27,Northbound,All Vehicles,47,31,21,40,114,406,776,1035,1119,782,627,607,680,596,707,720,758,693,635,398,271,195,83,54,0,0
2024,2024-06-28,Northbound,Heavy Vehicles,4,5,4,5,20,63,105,101,109,87,90,84,77,99,96,75,67,58,36,24,17,14,8,8,0,0
2024,2024-06-28,Northbound,Light Vehicles,28,24,18,27,126,339,580,876,965,655,584,572,651,631,633,665,752,799,669,370,308,228,191,120,0,0
2024,2024-06-28,Northbound,All Vehicles,32,29,22,32,146,402,685,977,1074,742,674,656,728,730,729,740,819,857,705,394,325,242,199,128,0,0
2024,2024-06-29,Northbound,Light Vehicles,95,50,35,27,44,124,227,365,431,598,624,708,729,626,618,576,575,659,484,334,250,246,191,161,0,0
2024,2024-06-29,Northbound,Heavy Vehicles,3,,2,5,3,11,24,37,52,37,50,53,57,58,44,37,49,45,29,15,19,11,6,1,0,0
2024,2024-06-29,Northbound,All Vehicles,98,50,37,32,47,135,251,402,483,635,674,761,786,684,662,613,624,704,513,349,269,257,197,162,0,0
2024,2024-06-30,Northbound,Light Vehicles,119,95,81,51,46,75,102,193,342,476,502,611,615,573,500,485,452,391,302,244,146,109,90,44,0,0
2024,2024-06-30,Northbound,Heavy Vehicles,5,5,2,3,4,12,11,19,34,33,55,53,47,53,40,43,47,37,18,17,4,4,2,2,0,0
2024,2024-06-30,Northbound,All Vehicles,124,100,83,54,50,87,113,212,376,509,557,664,662,626,540,528,499,428,320,261,150,113,92,46,0,0
2024,2024-07-01,Northbound,Heavy Vehicles,1,3,4,3,14,57,100,108,90,106,98,94,91,73,64,81,60,63,30,18,8,5,5,2,0,0
2024,2024-07-01,Northbound,Light Vehicles,33,24,19,30,90,368,637,931,818,648,554,522,524,511,475,642,575,610,387,234,150,117,64,28,0,0
2024,2024-07-01,Northbound,All Vehicles,34,27,23,33,104,425,737,1039,908,754,652,616,615,584,539,723,635,673,417,252,158,122,69,30,0,0
2024,2024-07-02,Northbound,Heavy Vehicles,6,2,3,3,20,57,118,92,83,82,75,68,62,62,53,65,62,55,33,18,5,8,3,,0,0
2024,2024-07-02,Northbound,Light Vehicles,21,20,22,27,103,365,682,935,869,682,517,507,513,455,482,595,655,652,376,237,209,144,80,37,0,0
2024,2024-07-02,Northbound,All Vehicles,27,22,25,30,123,422,800,1027,952,764,592,575,575,517,535,660,717,707,409,255,214,152,83,37,0,0
2024,2024-07-03,Northbound,Heavy Vehicles,4,1,4,5,14,50,89,121,105,96,94,72,69,73,76,82,43,63,25,26,13,5,3,4,0,0
2024,2024-07-03,Northbound,Light Vehicles,25,18,11,23,106,321,642,945,895,704,595,539,481,536,586,664,649,671,440,253,210,150,95,51,0,0
2024,2024-07-03,Northbound,All Vehicles,29,19,15,28,120,371,731,1066,1000,800,689,611,550,609,662,746,692,734,465,279,223,155,98,55,0,0
2024,2024-07-04,Northbound,Heavy Vehicles,3,4,7,2,16,54,102,113,96,94,86,77,72,75,81,103,64,53,42,27,20,14,2,3,0,0
2024,2024-07-04,Northbound,Light Vehicles,33,16,19,37,113,324,662,939,968,662,584,542,593,515,655,652,732,710,520,349,211,178,103,47,0,0
2024,2024-07-04,Northbound,All Vehicles,36,20,26,39,129,378,764,1052,1064,756,670,619,665,590,736,755,796,763,562,376,231,192,105,50,0,0
2024,2024-07-05,Northbound,Heavy Vehicles,1,4,3,3,20,47,85,104,113,104,78,83,79,81,83,79,68,57,36,30,17,16,7,6,0,0
2024,2024-07-05,Northbound,Light Vehicles,22,18,21,29,100,319,613,838,949,647,576,633,629,594,586,770,653,700,526,301,233,220,138,82,0,0
2024,2024-07-05,Northbound,All Vehicles,23,22,24,32,120,366,698,942,1062,751,654,716,708,675,669,849,721,757,562,331,250,236,145,88,0,0
2024,2024-07-06,Northbound,Heavy Vehicles,3,8,6,4,7,9,24,22,,,49,53,55,45,45,41,39,32,32,27,12,18,16,5,0,0
2024,2024-07-06,Northbound,Light Vehicles,78,59,34,30,49,113,213,178,,,582,660,718,607,667,576,563,649,496,305,240,243,197,159,0,0
2024,2024-07-06,Northbound,All Vehicles,81,67,40,34,56,122,237,200,,,631,713,773,652,712,617,602,681,528,332,252,261,213,164,0,0
2024,2024-07-07,Northbound,Heavy Vehicles,6,2,2,3,4,6,10,28,32,39,43,51,44,41,37,33,37,25,18,10,4,9,5,5,0,0
2024,2024-07-07,Northbound,Light Vehicles,127,108,81,55,38,83,145,221,329,474,578,669,596,576,535,472,482,417,284,205,156,103,82,66,0,0
2024,2024-07-07,Northbound,All Vehicles,133,110,83,58,42,89,155,249,361,513,621,720,640,617,572,505,519,442,302,215,160,112,87,71,0,0
2024,2024-07-08,Northbound,Light Vehicles,44,21,16,37,96,305,604,863,968,626,531,543,519,572,531,629,595,620,359,226,167,111,73,34,0,0
2024,2024-07-08,Northbound,Heavy Vehicles,3,4,3,3,11,56,87,98,100,93,79,91,76,91,67,64,56,59,22,22,8,8,3,1,0,0
2024,2024-07-08,Northbound,All Vehicles,47,25,19,40,107,361,691,961,1068,719,610,634,595,663,598,693,651,679,381,248,175,119,76,35,0,0
2024,2024-07-09,Northbound,Heavy Vehicles,4,1,4,4,14,53,94,112,82,92,76,81,76,81,77,79,64,37,23,26,10,13,1,4,0,0
2024,2024-07-09,Northbound,Light Vehicles,27,17,15,26,93,340,622,926,868,602,651,620,559,568,586,648,609,625,446,260,147,149,79,47,0,0
2024,2024-07-09,Northbound,All Vehicles,31,18,19,30,107,393,716,1038,950,694,727,701,635,649,663,727,673,662,469,286,157,162,80,51,0,0
2024,2024-07-10,Northbound,Heavy Vehicles,3,2,4,3,15,73,94,111,67,77,97,79,68,75,99,78,46,57,32,18,16,15,5,5,0,0
2024,2024-07-10,Northbound,Light Vehicles,18,15,19,25,102,340,640,942,866,613,596,607,602,561,599,631,694,743,454,271,204,154,90,56,0,0
2024,2024-07-10,Northbound,All Vehicles,21,17,23,28,117,413,734,1053,933,690,693,686,670,636,698,709,740,800,486,289,220,169,95,61,0,0
2024,2024-07-11,Northbound,Heavy Vehicles,2,3,2,4,11,65,99,99,91,94,87,78,78,64,79,76,54,62,36,24,17,12,7,,0,0
2024,2024-07-11,Northbound,Light Vehicles,30,33,17,37,114,338,609,898,933,682,583,582,626,596,620,613,629,690,451,280,228,168,55,,0,0
2024,2024-07-11,Northbound,All Vehicles,32,36,19,41,125,403,708,997,1024,776,670,660,704,660,699,689,683,752,487,304,245,180,62,,0,0
2024,2024-07-12,Northbound,Heavy Vehicles,,,,5,12,59,105,105,88,75,84,91,91,80,80,75,55,67,32,20,22,13,7,3,0,0
2024,2024-07-12,Northbound,Light Vehicles,,,2,27,94,313,629,853,890,591,636,627,670,641,650,682,703,673,525,332,262,244,182,133,0,0
2024,2024-07-12,Northbound,All Vehicles,,,2,32,106,372,734,958,978,666,720,718,761,721,730,757,758,740,557,352,284,257,189,136,0,0
2024,2024-07-13,Northbound,Light Vehicles,88,67,58,42,39,111,213,376,400,567,691,743,793,664,578,532,569,683,497,330,301,252,221,159,0,0
2024,2024-07-13,Northbound,Heavy Vehicles,2,3,1,1,3,14,27,49,36,55,60,60,56,38,48,40,38,37,33,20,15,19,11,6,0,0
2024,2024-07-13,Northbound,All Vehicles,90,70,59,43,42,125,240,425,436,622,751,803,849,702,626,572,607,720,530,350,316,271,232,165,0,0
2024,2024-07-14,Northbound,Light Vehicles,116,116,82,45,35,67,129,200,364,521,589,662,725,596,558,610,515,406,320,228,171,138,72,49,0,0
2024,2024-07-14,Northbound,Heavy Vehicles,3,3,4,2,1,7,15,29,33,40,48,43,53,55,43,46,24,21,23,15,9,7,7,,0,0
2024,2024-07-14,Northbound,All Vehicles,119,119,86,47,36,74,144,229,397,561,637,705,778,651,601,656,539,427,343,243,180,145,79,49,0,0
2024,2024-07-15,Northbound,Light Vehicles,28,17,17,30,116,332,615,886,863,637,592,553,579,511,536,597,618,573,402,264,160,105,65,32,0,0
2024,2024-07-15,Northbound,Heavy Vehicles,3,3,4,3,14,57,96,108,74,91,80,77,94,73,63,90,60,41,31,14,14,11,4,2,0,0
2024,2024-07-15,Northbound,All Vehicles,31,20,21,33,130,389,711,994,937,728,672,630,673,584,599,687,678,614,433,278,174,116,69,34,0,0
2024,2024-07-16,Northbound,Heavy Vehicles,2,4,4,3,16,57,93,126,84,94,83,80,82,80,71,87,58,55,28,18,16,7,6,1,0,0
2024,2024-07-16,Northbound,Light Vehicles,24,16,14,22,104,337,648,933,956,622,566,571,524,557,527,559,695,588,457,272,185,134,83,39,0,0
2024,2024-07-16,Northbound,All Vehicles,26,20,18,25,120,394,741,1059,1040,716,649,651,606,637,598,646,753,643,485,290,201,141,89,40,0,0
2024,2024-07-17,Northbound,Light Vehicles,24,24,18,26,89,363,655,964,945,646,651,539,612,534,590,612,736,686,427,297,161,129,170,70,0,0
2024,2024-07-17,Northbound,Heavy Vehicles,3,3,4,4,12,58,101,116,102,106,86,70,73,78,89,78,67,58,37,26,4,9,10,6,0,0
2024,2024-07-17,Northbound,All Vehicles,27,27,22,30,101,421,756,1080,1047,752,737,609,685,612,679,690,803,744,464,323,165,138,180,76,0,0
2024,2024-07-18,Northbound,Heavy Vehicles,4,3,3,2,7,50,115,92,109,89,78,75,76,87,62,83,64,62,44,31,22,14,5,5,0,0
2024,2024-07-18,Northbound,Light Vehicles,50,31,25,40,99,311,594,858,930,704,574,651,634,657,622,664,739,751,477,333,260,193,128,59,0,0
2024,2024-07-18,Northbound,All Vehicles,54,34,28,42,106,361,709,950,1039,793,652,726,710,744,684,747,803,813,521,364,282,207,133,64,0,0
2024,2024-07-19,Northbound,Light Vehicles,34,15,24,31,109,324,597,833,836,606,624,713,667,657,620,673,720,706,552,317,267,215,170,103,0,0
2024,2024-07-19,Northbound,Heavy Vehicles,2,2,2,2,9,62,107,126,87,94,95,79,82,88,70,74,58,57,44,22,25,18,15,1,0,0
2024,2024-07-19,Northbound,All Vehicles,36,17,26,33,118,386,704,959,923,700,719,792,749,745,690,747,778,763,596,339,292,233,185,104,0,0
2024,2024-07-20,Northbound,Light Vehicles,74,70,38,25,44,123,207,343,443,627,726,730,751,685,613,586,576,662,467,325,290,270,237,168,0,0
2024,2024-07-20,Northbound,Heavy Vehicles,6,3,1,1,5,16,26,42,42,65,55,52,46,62,40,36,35,33,30,21,17,11,17,11,0,0
2024,2024-07-20,Northbound,All Vehicles,80,73,39,26,49,139,233,385,485,692,781,782,797,747,653,622,611,695,497,346,307,281,254,179,0,0
2024,2024-07-21,Northbound,Heavy Vehicles,4,4,,2,4,7,11,18,36,46,44,45,53,45,47,30,39,38,25,21,10,10,9,2,0,0
2024,2024-07-21,Northbound,Light Vehicles,117,97,89,65,36,74,112,199,340,530,561,651,675,611,576,500,516,440,308,222,170,126,93,51,0,0
2024,2024-07-21,Northbound,All Vehicles,121,101,89,67,40,81,123,217,376,576,605,696,728,656,623,530,555,478,333,243,180,136,102,53,0,0
2024,2024-07-22,Northbound,Heavy Vehicles,4,,3,8,18,57,97,99,97,74,77,69,90,65,67,90,57,49,31,23,12,5,3,1,0,0
2024,2024-07-22,Northbound,Light Vehicles,42,23,18,32,108,319,632,895,1011,577,548,550,632,524,565,653,659,679,394,256,170,120,53,42,0,0
2024,2024-07-22,Northbound,All Vehicles,46,23,21,40,126,376,729,994,1108,651,625,619,722,589,632,743,716,728,425,279,182,125,56,43,0,0
2024,2024-07-23,Northbound,Heavy Vehicles,4,,3,3,17,59,108,108,93,84,80,91,60,59,78,84,64,62,34,21,12,6,4,1,0,0
2024,2024-07-23,Northbound,Light Vehicles,27,17,15,20,125,319,686,997,960,678,581,571,513,530,516,649,735,725,456,274,212,145,70,46,0,0
2024,2024-07-23,Northbound,All Vehicles,31,17,18,23,142,378,794,1105,1053,762,661,662,573,589,594,733,799,787,490,295,224,151,74,47,0,0
2024,2024-07-24,Northbound,Heavy Vehicles,4,2,2,,22,51,109,105,99,95,75,79,76,76,87,86,78,56,38,28,13,9,9,3,0,0
2024,2024-07-24,Northbound,Light Vehicles,20,18,12,24,111,334,696,940,928,726,546,609,539,581,528,689,741,834,497,286,256,157,113,62,0,0
2024,2024-07-24,Northbound,All Vehicles,24,20,14,24,133,385,805,1045,1027,821,621,688,615,657,615,775,819,890,535,314,269,166,122,65,0,0
2024,2024-07-25,Northbound,Light Vehicles,25,21,20,35,96,338,666,959,901,646,562,551,574,570,578,702,699,772,533,309,259,196,108,54,0,0
2024,2024-07-25,Northbound,Heavy Vehicles,4,2,3,6,11,64,98,96,71,81,70,82,76,75,87,88,74,66,27,21,14,18,1,4,0,0
2024,2024-07-25,Northbound,All Vehicles,29,23,23,41,107,402,764,1055,972,727,632,633,650,645,665,790,773,838,560,330,273,214,109,58,0,0
2024,2024-07-26,Northbound,Heavy Vehicles,1,2,3,1,16,47,81,95,83,96,92,79,92,81,77,78,69,50,37,16,18,15,12,9,0,0
2024,2024-07-26,Northbound,Light Vehicles,32,17,20,33,109,315,603,895,845,680,601,584,604,586,605,761,678,789,559,334,265,255,185,127,0,0
2024,2024-07-26,Northbound,All Vehicles,33,19,23,34,125,362,684,990,928,776,693,663,696,667,682,839,747,839,596,350,283,270,197,136,0,0
2024,2024-07-27,Northbound,Heavy Vehicles,2,1,3,3,5,13,25,26,40,34,45,37,42,44,51,47,34,46,31,16,13,13,9,13,0,0
2024,2024-07-27,Northbound,Light Vehicles,112,63,51,42,41,119,212,329,417,517,649,671,650,632,610,547,584,669,535,348,278,259,209,165,0,0
2024,2024-07-27,Northbound,All Vehicles,114,64,54,45,46,132,237,355,457,551,694,708,692,676,661,594,618,715,566,364,291,272,218,178,0,0
2024,2024-07-28,Northbound,Heavy Vehicles,9,4,2,2,5,8,6,23,28,28,39,42,46,22,38,45,31,34,23,16,6,9,5,,0,0
2024,2024-07-28,Northbound,Light Vehicles,160,100,76,65,36,78,109,187,390,505,566,630,685,521,556,518,469,424,325,225,166,138,83,41,0,0
2024,2024-07-28,Northbound,All Vehicles,169,104,78,67,41,86,115,210,418,533,605,672,731,543,594,563,500,458,348,241,172,147,88,41,0,0
2024,2024-07-29,Northbound,Light Vehicles,25,18,18,35,76,319,656,944,1005,597,511,520,539,508,497,599,617,703,416,249,194,127,55,42,0,0
2024,2024-07-29,Northbound,Heavy Vehicles,3,3,4,4,8,69,112,117,108,97,83,74,64,62,77,81,69,53,22,13,10,5,4,3,0,0
2024,2024-07-29,Northbound,All Vehicles,28,21,22,39,84,388,768,1061,1113,694,594,594,603,570,574,680,686,756,438,262,204,132,59,45,0,0
2024,2024-07-30,Northbound,Light Vehicles,18,9,16,33,92,325,688,1001,841,616,565,534,514,536,596,659,680,708,506,283,201,164,82,36,0,0
2024,2024-07-30,Northbound,Heavy Vehicles,4,2,3,5,16,70,113,107,89,88,80,64,80,66,87,74,74,56,34,16,13,8,5,2,0,0
2024,2024-07-30,Northbound,All Vehicles,22,11,19,38,108,395,801,1108,930,704,645,598,594,602,683,733,754,764,540,299,214,172,87,38,0,0
2024,2024-07-31,Northbound,Heavy Vehicles,4,2,2,4,16,60,112,109,71,87,74,72,76,86,75,80,69,62,30,20,11,13,3,4,0,0
2024,2024-07-31,Northbound,Light Vehicles,19,16,22,25,96,347,691,791,913,725,561,592,549,555,542,660,750,706,502,291,236,179,89,36,0,0
2024,2024-07-31,Northbound,All Vehicles,23,18,24,29,112,407,803,900,984,812,635,664,625,641,617,740,819,768,532,311,247,192,92,40,0,0
2024,2024-08-01,Northbound,Light Vehicles,28,23,16,26,93,331,687,912,932,706,593,523,526,532,612,692,706,663,537,340,271,184,87,48,0,0
2024,2024-08-01,Northbound,Heavy Vehicles,5,,5,3,13,47,114,95,85,91,95,81,64,77,75,84,71,60,34,25,20,14,2,,0,0
2024,2024-08-01,Northbound,All Vehicles,33,23,21,29,106,378,801,1007,1017,797,688,604,590,609,687,776,777,723,571,365,291,198,89,48,0,0
2024,2024-08-02,Northbound,Light Vehicles,29,14,20,32,95,319,524,923,889,609,588,617,661,608,619,707,689,734,603,391,245,234,172,126,0,0
2024,2024-08-02,Northbound,Heavy Vehicles,4,1,6,5,12,56,112,100,83,97,81,89,88,74,87,82,74,61,38,19,11,6,8,3,0,0
2024,2024-08-02,Northbound,All Vehicles,33,15,26,37,107,375,636,1023,972,706,669,706,749,682,706,789,763,795,641,410,256,240,180,129,0,0
2024,2024-08-03,Northbound,Heavy Vehicles,4,2,1,7,13,17,28,39,50,49,46,60,37,53,53,37,35,47,26,26,12,18,17,15,0,0
2024,2024-08-03,Northbound,Light Vehicles,95,56,35,28,49,133,193,419,486,646,706,707,725,651,636,570,593,656,501,343,304,277,220,177,0,0
2024,2024-08-03,Northbound,All Vehicles,99,58,36,35,62,150,221,458,536,695,752,767,762,704,689,607,628,703,527,369,316,295,237,192,0,0
2024,2024-08-04,Northbound,Heavy Vehicles,5,3,4,2,11,15,10,24,27,39,44,58,46,43,41,38,32,18,24,12,11,5,2,1,0,0
2024,2024-08-04,Northbound,Light Vehicles,138,128,71,62,41,89,142,226,361,491,593,671,699,586,492,480,497,412,309,251,154,119,65,35,0,0
2024,2024-08-04,Northbound,All Vehicles,143,131,75,64,52,104,152,250,388,530,637,729,745,629,533,518,529,430,333,263,165,124,67,36,0,0
2024,2024-08-05,Northbound,Heavy Vehicles,3,2,4,4,15,52,100,126,90,111,65,89,82,69,65,83,73,57,21,13,7,6,2,1,0,0
2024,2024-08-05,Northbound,Light Vehicles,27,13,17,26,105,314,621,873,1007,644,535,515,474,475,564,657,609,649,372,207,164,134,71,35,0,0
2024,2024-08-05,Northbound,All Vehicles,30,15,21,30,120,366,721,999,1097,755,600,604,556,544,629,740,682,706,393,220,171,140,73,36,0,0
2024,2024-08-06,Northbound,Heavy Vehicles,4,1,,2,15,54,114,120,93,97,81,99,86,78,87,84,77,57,30,27,17,7,5,7,0,0
2024,2024-08-06,Northbound,Light Vehicles,18,21,19,37,95,362,687,963,968,674,533,565,517,510,553,691,734,671,433,254,182,157,86,38,0,0
2024,2024-08-06,Northbound,All Vehicles,22,22,19,39,110,416,801,1083,1061,771,614,664,603,588,640,775,811,728,463,281,199,164,91,45,0,0
2024,2024-08-07,Northbound,Heavy Vehicles,6,1,1,2,16,59,114,119,101,100,95,92,70,87,75,81,56,55,27,19,13,13,8,2,0,0
2024,2024-08-07,Northbound,Light Vehicles,19,9,25,24,105,365,723,985,951,690,529,563,547,499,571,678,619,746,561,309,236,185,107,48,0,0
2024,2024-08-07,Northbound,All Vehicles,25,10,26,26,121,424,837,1104,1052,790,624,655,617,586,646,759,675,801,588,328,249,198,115,50,0,0
2024,2024-08-08,Northbound,Heavy Vehicles,4,6,,4,12,68,121,104,94,91,92,82,88,84,81,92,68,60,34,28,22,11,18,3,0,0
2024,2024-08-08,Northbound,Light Vehicles,29,22,21,33,99,348,683,976,863,778,604,599,561,564,577,604,742,795,570,372,275,219,105,50,0,0
2024,2024-08-08,Northbound,All Vehicles,33,28,21,37,111,416,804,1080,957,869,696,681,649,648,658,696,810,855,604,400,297,230,123,53,0,0
2024,2024-08-09,Northbound,Light Vehicles,36,18,24,26,93,349,584,889,963,682,605,613,640,590,684,753,775,720,549,372,245,211,157,125,0,0
2024,2024-08-09,Northbound,Heavy Vehicles,5,2,6,4,15,56,95,117,96,76,88,96,67,89,92,82,76,68,39,22,17,5,8,5,0,0
2024,2024-08-09,Northbound,All Vehicles,41,20,30,30,108,405,679,1006,1059,758,693,709,707,679,776,835,851,788,588,394,262,216,165,130,0,0
2024,2024-08-10,Northbound,Light Vehicles,85,38,37,32,32,136,218,415,456,632,667,706,772,708,694,631,592,734,514,358,308,314,278,177,0,0
2024,2024-08-10,Northbound,Heavy Vehicles,1,2,7,1,2,12,27,40,51,67,48,52,64,47,55,35,33,55,34,26,17,18,12,6,0,0
2024,2024-08-10,Northbound,All Vehicles,86,40,44,33,34,148,245,455,507,699,715,758,836,755,749,666,625,789,548,384,325,332,290,183,0,0
2024,2024-08-11,Northbound,Heavy Vehicles,6,5,2,4,3,6,16,22,19,27,46,41,56,37,36,44,29,18,28,11,10,5,3,2,0,0
2024,2024-08-11,Northbound,Light Vehicles,166,132,97,71,43,77,125,194,331,440,541,646,682,611,610,551,482,440,361,278,201,121,90,58,0,0
2024,2024-08-11,Northbound,All Vehicles,172,137,99,75,46,83,141,216,350,467,587,687,738,648,646,595,511,458,389,289,211,126,93,60,0,0
2024,2024-08-12,Northbound,Heavy Vehicles,1,1,3,1,18,60,91,122,97,100,73,85,77,69,70,75,63,47,25,20,8,4,5,1,0,0
2024,2024-08-12,Northbound,Light Vehicles,38,31,18,32,83,350,636,993,914,721,512,491,526,472,584,631,655,632,414,265,193,114,78,44,0,0
2024,2024-08-12,Northbound,All Vehicles,39,32,21,33,101,410,727,1115,1011,821,585,576,603,541,654,706,718,679,439,285,201,118,83,45,0,0
2024,2024-08-13,Northbound,Heavy Vehicles,2,2,2,4,22,65,93,137,96,92,83,98,77,74,78,65,75,50,36,21,11,11,3,,0,0
2024,2024-08-13,Northbound,Light Vehicles,27,12,11,27,96,401,616,1029,990,667,535,553,523,519,561,589,722,750,555,265,209,176,75,42,0,0
2024,2024-08-13,Northbound,All Vehicles,29,14,13,31,118,466,709,1166,1086,759,618,651,600,593,639,654,797,800,591,286,220,187,78,42,0,0
2024,2024-08-14,Northbound,Heavy Vehicles,4,,3,4,18,63,107,111,91,93,73,78,85,71,55,74,60,39,37,19,7,8,2,3,0,0
2024,2024-08-14,Northbound,Light Vehicles,26,17,16,24,99,355,684,971,988,711,540,504,552,536,546,583,684,746,514,289,195,173,98,36,0,0
2024,2024-08-14,Northbound,All Vehicles,30,17,19,28,117,418,791,1082,1079,804,613,582,637,607,601,657,744,785,551,308,202,181,100,39,0,0
2024,2024-08-15,Northbound,Heavy Vehicles,3,6,1,6,17,64,114,118,82,93,80,91,83,81,94,89,65,54,37,25,16,10,10,6,0,0
2024,2024-08-15,Northbound,Light Vehicles,30,21,18,27,123,339,689,979,928,722,608,580,613,540,545,697,694,713,544,306,282,193,92,51,0,0
2024,2024-08-15,Northbound,All Vehicles,33,27,19,33,140,403,803,1097,1010,815,688,671,696,621,639,786,759,767,581,331,298,203,102,57,0,0
2024,2024-08-16,Northbound,Light Vehicles,27,21,11,31,97,362,613,931,893,643,607,616,664,565,576,749,715,762,539,380,278,213,187,111,0,0
2024,2024-08-16,Northbound,Heavy Vehicles,5,3,3,6,15,57,98,120,95,93,99,91,101,84,88,83,62,51,52,23,13,9,10,9,0,0
2024,2024-08-16,Northbound,All Vehicles,32,24,14,37,112,419,711,1051,988,736,706,707,765,649,664,832,777,813,591,403,291,222,197,120,0,0
2024,2024-08-17,Northbound,Heavy Vehicles,5,3,3,4,7,11,34,33,39,49,59,52,58,49,42,53,33,42,22,27,15,11,12,7,0,0
2024,2024-08-17,Northbound,Light Vehicles,99,58,33,43,34,108,199,411,447,593,667,766,750,672,681,629,612,618,531,352,302,265,212,199,0,0
2024,2024-08-17,Northbound,All Vehicles,104,61,36,47,41,119,233,444,486,642,726,818,808,721,723,682,645,660,553,379,317,276,224,206,0,0
2024,2024-08-18,Northbound,Light Vehicles,132,101,92,75,41,83,129,234,404,578,606,700,719,604,505,544,482,411,360,235,162,141,90,55,0,0
2024,2024-08-18,Northbound,Heavy Vehicles,6,4,3,1,3,11,14,29,28,37,37,50,50,40,42,21,40,26,23,16,9,7,6,5,0,0
2024,2024-08-18,Northbound,All Vehicles,138,105,95,76,44,94,143,263,432,615,643,750,769,644,547,565,522,437,383,251,171,148,96,60,0,0
2024,2024-08-19,Northbound,Heavy Vehicles,2,1,3,5,11,70,93,107,112,92,78,87,76,66,93,78,61,45,27,16,12,8,5,3,0,0
2024,2024-08-19,Northbound,Light Vehicles,31,14,16,35,95,383,645,952,886,648,522,509,500,532,559,619,693,645,410,246,210,139,68,37,0,0
2024,2024-08-19,Northbound,All Vehicles,33,15,19,40,106,453,738,1059,998,740,600,596,576,598,652,697,754,690,437,262,222,147,73,40,0,0
2024,2024-08-20,Northbound,Light Vehicles,24,15,16,24,99,377,678,926,896,633,499,539,503,589,561,692,681,707,497,297,208,147,73,38,0,0
2024,2024-08-20,Northbound,Heavy Vehicles,3,2,5,3,18,60,111,110,88,78,71,78,77,76,81,74,62,48,27,23,16,12,3,4,0,0
2024,2024-08-20,Northbound,All Vehicles,27,17,21,27,117,437,789,1036,984,711,570,617,580,665,642,766,743,755,524,320,224,159,76,42,0,0
2024,2024-08-21,Northbound,Light Vehicles,26,14,15,21,102,392,718,1020,915,697,565,573,585,554,587,738,678,747,556,314,212,197,87,45,0,0
2024,2024-08-21,Northbound,Heavy Vehicles,3,4,4,5,21,67,105,126,77,91,95,94,67,83,82,112,81,64,50,26,17,18,4,3,0,0
2024,2024-08-21,Northbound,All Vehicles,29,18,19,26,123,459,823,1146,992,788,660,667,652,637,669,850,759,811,606,340,229,215,91,48,0,0
2024,2024-08-22,Northbound,Light Vehicles,41,16,23,29,110,337,717,901,978,680,541,582,610,542,538,741,677,834,546,366,293,209,96,56,0,0
2024,2024-08-22,Northbound,Heavy Vehicles,3,4,1,3,14,71,119,112,103,63,95,83,81,68,73,73,72,62,43,22,11,12,3,2,0,0
2024,2024-08-22,Northbound,All Vehicles,44,20,24,32,124,408,836,1013,1081,743,636,665,691,610,611,814,749,896,589,388,304,221,99,58,0,0
2024,2024-08-23,Northbound,Heavy Vehicles,1,2,3,3,18,58,99,108,92,93,91,93,62,90,85,92,67,49,47,33,26,14,15,8,0,0
2024,2024-08-23,Northbound,Light Vehicles,38,18,16,25,108,350,643,915,851,761,602,651,647,640,641,757,708,701,591,400,265,237,178,115,0,0
2024,2024-08-23,Northbound,All Vehicles,39,20,19,28,126,408,742,1023,943,854,693,744,709,730,726,849,775,750,638,433,291,251,193,123,0,0
2024,2024-08-24,Northbound,Heavy Vehicles,4,2,2,5,7,15,21,35,45,52,54,69,45,56,39,33,42,40,32,31,27,21,16,12,0,0
2024,2024-08-24,Northbound,Light Vehicles,83,40,49,37,31,131,191,426,453,593,630,668,710,676,648,606,600,727,584,386,304,266,247,201,0,0
2024,2024-08-24,Northbound,All Vehicles,87,42,51,42,38,146,212,461,498,645,684,737,755,732,687,639,642,767,616,417,331,287,263,213,0,0
2024,2024-08-25,Northbound,Heavy Vehicles,4,5,1,3,5,13,13,23,27,24,31,54,49,42,35,24,41,22,24,11,7,4,6,3,0,0
2024,2024-08-25,Northbound,Light Vehicles,131,119,90,65,35,97,146,231,314,492,513,634,639,552,531,467,453,370,307,220,162,136,75,44,0,0
2024,2024-08-25,Northbound,All Vehicles,135,124,91,68,40,110,159,254,341,516,544,688,688,594,566,491,494,392,331,231,169,140,81,47,0,0
2024,2024-08-26,Northbound,Light Vehicles,38,17,18,24,93,346,657,857,1005,686,511,508,524,561,583,665,688,697,406,280,204,152,79,31,0,0
2024,2024-08-26,Northbound,Heavy Vehicles,4,1,2,5,12,64,101,108,111,90,88,100,71,85,80,71,71,52,41,21,10,10,1,3,0,0
2024,2024-08-26,Northbound,All Vehicles,42,18,20,29,105,410,758,965,1116,776,599,608,595,646,663,736,759,749,447,301,214,162,80,34,0,0
2024,2024-08-27,Northbound,Light Vehicles,28,9,22,20,106,387,730,946,1018,661,570,570,568,554,526,681,757,680,545,270,227,181,60,45,0,0
2024,2024-08-27,Northbound,Heavy Vehicles,3,3,1,3,14,60,118,123,99,101,63,86,69,88,96,83,61,53,34,23,16,12,3,2,0,0
2024,2024-08-27,Northbound,All Vehicles,31,12,23,23,120,447,848,1069,1117,762,633,656,637,642,622,764,818,733,579,293,243,193,63,47,0,0
2024,2024-08-28,Northbound,Light Vehicles,28,16,16,19,111,397,724,955,850,718,544,525,529,586,608,585,747,756,527,301,257,159,92,57,0,0
2024,2024-08-28,Northbound,Heavy Vehicles,5,2,3,4,14,65,106,120,76,95,69,84,75,88,76,72,80,57,40,24,12,14,4,4,0,0
2024,2024-08-28,Northbound,All Vehicles,33,18,19,23,125,462,830,1075,926,813,613,609,604,674,684,657,827,813,567,325,269,173,96,61,0,0
2024,2024-08-29,Northbound,Heavy Vehicles,5,,3,2,17,57,111,106,100,96,110,84,75,72,89,81,69,57,44,32,17,10,5,7,0,0
2024,2024-08-29,Northbound,Light Vehicles,38,10,21,30,106,350,719,1042,895,615,551,564,560,606,614,744,696,755,587,368,291,222,104,51,0,0
2024,2024-08-29,Northbound,All Vehicles,43,10,24,32,123,407,830,1148,995,711,661,648,635,678,703,825,765,812,631,400,308,232,109,58,0,0
2024,2024-08-30,Northbound,Heavy Vehicles,3,2,2,4,10,62,109,112,96,117,101,91,69,89,90,81,61,54,44,30,27,13,11,3,0,0
2024,2024-08-30,Northbound,Light Vehicles,27,15,14,24,110,332,658,855,919,772,619,653,669,594,671,767,779,828,665,417,300,211,181,110,0,0
2024,2024-08-30,Northbound,All Vehicles,30,17,16,28,120,394,767,967,1015,889,720,744,738,683,761,848,840,882,709,447,327,224,192,113,0,0
2024,2024-08-31,Northbound,Light Vehicles,80,64,50,40,33,157,271,455,486,683,691,750,722,681,687,648,633,671,593,360,291,277,236,172,0,0
2024,2024-08-31,Northbound,Heavy Vehicles,3,1,5,5,3,20,30,54,46,64,57,46,46,53,54,46,45,34,24,14,20,16,18,8,0,0
2024,2024-08-31,Northbound,All Vehicles,83,65,55,45,36,177,301,509,532,747,748,796,768,734,741,694,678,705,617,374,311,293,254,180,0,0
2024,2024-09-01,Northbound,Heavy Vehicles,4,11,6,5,2,10,16,21,40,41,49,54,62,43,38,38,43,35,23,22,9,9,3,,0,0
2024,2024-09-01,Northbound,Light Vehicles,137,109,80,66,36,92,116,288,438,552,640,784,703,575,521,511,575,467,375,284,216,145,78,41,0,0
2024,2024-09-01,Northbound,All Vehicles,141,120,86,71,38,102,132,309,478,593,689,838,765,618,559,549,618,502,398,306,225,154,81,41,0,0
2024,2024-09-02,Northbound,Light Vehicles,31,18,18,25,83,342,679,926,956,665,510,498,541,497,519,659,638,647,428,239,171,114,69,29,0,0
2024,2024-09-02,Northbound,Heavy Vehicles,4,,3,,16,61,102,121,101,95,73,62,91,68,88,94,72,43,24,19,7,1,5,,0,0
2024,2024-09-02,Northbound,All Vehicles,35,18,21,25,99,403,781,1047,1057,760,583,560,632,565,607,753,710,690,452,258,178,115,74,29,0,0
2024,2024-09-03,Northbound,Light Vehicles,28,11,16,22,96,401,730,943,865,657,573,629,552,571,533,685,702,719,508,306,211,163,74,39,0,0
2024,2024-09-03,Northbound,Heavy Vehicles,3,2,1,5,18,60,111,116,76,78,68,97,83,72,78,102,66,70,36,25,13,4,1,3,0,0
2024,2024-09-03,Northbound,All Vehicles,31,13,17,27,114,461,841,1059,941,735,641,726,635,643,611,787,768,789,544,331,224,167,75,42,0,0
2024,2024-09-04,Northbound,Heavy Vehicles,3,3,2,3,16,70,117,121,94,104,79,95,69,97,81,90,75,60,39,26,17,7,4,4,0,0
2024,2024-09-04,Northbound,Light Vehicles,27,13,25,17,102,407,683,988,866,666,557,552,540,487,615,734,705,708,511,283,208,167,79,36,0,0
2024,2024-09-04,Northbound,All Vehicles,30,16,27,20,118,477,800,1109,960,770,636,647,609,584,696,824,780,768,550,309,225,174,83,40,0,0
2024,2024-09-05,Northbound,Heavy Vehicles,2,1,1,5,17,66,116,117,101,114,74,90,89,82,84,100,72,48,48,24,14,9,7,1,0,0
2024,2024-09-05,Northbound,Light Vehicles,22,22,27,30,96,378,722,994,1028,652,597,555,542,571,593,730,656,736,580,375,274,196,105,40,0,0
2024,2024-09-05,Northbound,All Vehicles,24,23,28,35,113,444,838,1111,1129,766,671,645,631,653,677,830,728,784,628,399,288,205,112,41,0,0
2024,2024-09-06,Northbound,Heavy Vehicles,3,3,3,3,17,70,103,133,99,96,96,92,68,62,95,74,62,55,38,28,17,15,7,7,0,0
2024,2024-09-06,Northbound,Light Vehicles,38,19,17,31,103,355,623,911,864,651,651,632,549,656,674,728,684,762,589,338,259,242,170,122,0,0
2024,2024-09-06,Northbound,All Vehicles,41,22,20,34,120,425,726,1044,963,747,747,724,617,718,769,802,746,817,627,366,276,257,177,129,0,0
2024,2024-09-07,Northbound,Heavy Vehicles,5,4,6,1,3,16,24,44,52,34,57,64,50,53,47,43,37,41,30,21,13,14,12,9,0,0
2024,2024-09-07,Northbound,Light Vehicles,96,58,46,37,46,128,269,431,561,615,678,743,729,706,687,593,644,672,496,390,286,280,203,170,0,0
2024,2024-09-07,Northbound,All Vehicles,101,62,52,38,49,144,293,475,613,649,735,807,779,759,734,636,681,713,526,411,299,294,215,179,0,0
2024,2024-09-08,Northbound,Light Vehicles,133,110,84,52,41,92,138,249,397,507,528,609,633,591,554,505,385,372,375,262,224,137,104,70,0,0
2024,2024-09-08,Northbound,Heavy Vehicles,7,3,3,1,3,12,21,22,49,43,28,50,43,55,32,44,20,24,24,19,12,8,5,3,0,0
2024,2024-09-08,Northbound,All Vehicles,140,113,87,53,44,104,159,271,446,550,556,659,676,646,586,549,405,396,399,281,236,145,109,73,0,0
2024,2024-09-09,Northbound,Heavy Vehicles,1,,5,4,16,56,114,116,91,76,77,87,82,83,64,109,75,56,27,17,12,8,3,3,0,0
2024,2024-09-09,Northbound,Light Vehicles,62,19,17,31,96,336,658,995,949,597,557,570,541,470,533,667,642,609,456,261,191,119,55,31,0,0
2024,2024-09-09,Northbound,All Vehicles,63,19,22,35,112,392,772,1111,1040,673,634,657,623,553,597,776,717,665,483,278,203,127,58,34,0,0
2024,2024-09-10,Northbound,Light Vehicles,24,13,9,24,97,397,714,993,946,656,588,551,485,493,562,699,697,683,511,260,223,192,63,36,0,0
2024,2024-09-10,Northbound,Heavy Vehicles,4,1,1,3,12,66,112,110,91,78,86,84,78,82,70,91,82,51,50,28,5,8,3,2,0,0
2024,2024-09-10,Northbound,All Vehicles,28,14,10,27,109,463,826,1103,1037,734,674,635,563,575,632,790,779,734,561,288,228,200,66,38,0,0
2024,2024-09-11,Northbound,Heavy Vehicles,5,,2,7,18,71,111,125,86,95,78,82,79,95,66,89,69,61,48,25,11,9,5,13,0,0
2024,2024-09-11,Northbound,Light Vehicles,24,19,14,30,82,407,725,1015,973,718,565,585,570,570,547,667,690,698,502,274,234,200,89,50,0,0
2024,2024-09-11,Northbound,All Vehicles,29,19,16,37,100,478,836,1140,1059,813,643,667,649,665,613,756,759,759,550,299,245,209,94,63,0,0
2024,2024-09-12,Northbound,Heavy Vehicles,5,1,1,3,14,78,90,112,93,93,74,77,75,67,80,90,69,52,30,29,20,7,8,3,0,0
2024,2024-09-12,Northbound,Light Vehicles,22,14,15,36,94,382,657,991,992,684,497,624,534,525,584,654,692,616,518,338,283,165,92,37,0,0
2024,2024-09-12,Northbound,All Vehicles,27,15,16,39,108,460,747,1103,1085,777,571,701,609,592,664,744,761,668,548,367,303,172,100,40,0,0
2024,2024-09-13,Northbound,Light Vehicles,24,20,17,34,85,352,617,878,928,681,579,639,579,596,589,743,684,749,565,386,230,207,193,127,0,0
2024,2024-09-13,Northbound,Heavy Vehicles,1,3,5,8,19,58,116,102,94,114,87,80,67,97,81,89,70,56,54,15,22,11,13,9,0,0
2024,2024-09-13,Northbound,All Vehicles,25,23,22,42,104,410,733,980,1022,795,666,719,646,693,670,832,754,805,619,401,252,218,206,136,0,0
2024,2024-09-14,Northbound,Light Vehicles,94,46,54,37,52,144,255,446,525,596,698,755,685,636,656,601,618,619,519,352,240,296,250,182,0,0
2024,2024-09-14,Northbound,Heavy Vehicles,4,2,5,7,7,18,32,45,47,55,61,56,41,54,54,50,35,57,22,20,20,11,10,10,0,0
2024,2024-09-14,Northbound,All Vehicles,98,48,59,44,59,162,287,491,572,651,759,811,726,690,710,651,653,676,541,372,260,307,260,192,0,0
2024,2024-09-15,Northbound,Light Vehicles,150,118,80,75,35,85,140,182,343,509,480,581,566,561,528,411,391,335,296,263,179,119,70,51,0,0
2024,2024-09-15,Northbound,Heavy Vehicles,5,7,2,3,7,6,11,21,26,44,58,61,34,43,41,27,34,19,23,16,6,4,4,3,0,0
2024,2024-09-15,Northbound,All Vehicles,155,125,82,78,42,91,151,203,369,553,538,642,600,604,569,438,425,354,319,279,185,123,74,54,0,0
2024,2024-09-16,Northbound,Light Vehicles,38,15,20,31,92,340,683,902,837,600,575,522,534,516,560,704,643,683,433,266,201,121,70,31,0,0
2024,2024-09-16,Northbound,Heavy Vehicles,2,1,2,2,18,62,98,112,69,88,71,99,81,83,70,84,65,69,47,20,12,10,1,2,0,0
2024,2024-09-16,Northbound,All Vehicles,40,16,22,33,110,402,781,1014,906,688,646,621,615,599,630,788,708,752,480,286,213,131,71,33,0,0
2024,2024-09-17,Northbound,Light Vehicles,20,11,14,23,96,400,728,1000,908,636,510,543,605,524,576,682,711,701,477,260,216,180,60,24,0,0
2024,2024-09-17,Northbound,Heavy Vehicles,1,1,2,4,15,79,123,115,74,97,78,92,92,71,78,97,64,59,40,15,16,10,4,2,0,0
2024,2024-09-17,Northbound,All Vehicles,21,12,16,27,111,479,851,1115,982,733,588,635,697,595,654,779,775,760,517,275,232,190,64,26,0,0
2024,2024-09-18,Northbound,Light Vehicles,23,18,22,24,107,383,712,894,920,649,584,572,581,549,544,665,656,712,545,334,206,173,92,50,0,0
2024,2024-09-18,Northbound,Heavy Vehicles,1,3,3,4,18,81,112,110,95,65,82,85,73,78,82,102,71,57,45,16,12,9,5,1,0,0
2024,2024-09-18,Northbound,All Vehicles,24,21,25,28,125,464,824,1004,1015,714,666,657,654,627,626,767,727,769,590,350,218,182,97,51,0,0
2024,2024-09-19,Northbound,Light Vehicles,31,6,19,31,89,386,742,965,841,730,513,579,557,556,618,693,658,712,572,367,308,188,85,57,0,0
2024,2024-09-19,Northbound,Heavy Vehicles,1,1,2,3,15,76,107,109,95,119,68,95,83,91,70,112,58,56,52,33,19,9,11,3,0,0
2024,2024-09-19,Northbound,All Vehicles,32,7,21,34,104,462,849,1074,936,849,581,674,640,647,688,805,716,768,624,400,327,197,96,60,0,0
2024,2024-09-20,Northbound,Light Vehicles,27,23,15,32,98,402,647,858,877,651,615,664,746,652,599,728,681,810,619,378,259,207,172,109,0,0
2024,2024-09-20,Northbound,Heavy Vehicles,2,,3,5,17,70,105,107,112,84,97,111,97,84,81,93,64,64,37,23,19,12,7,5,0,0
2024,2024-09-20,Northbound,All Vehicles,29,23,18,37,115,472,752,965,989,735,712,775,843,736,680,821,745,874,656,401,278,219,179,114,0,0
2024,2024-09-21,Northbound,Heavy Vehicles,,4,4,5,3,25,29,27,52,58,61,58,54,35,50,43,43,48,31,26,25,13,9,10,0,0
2024,2024-09-21,Northbound,Light Vehicles,86,47,40,38,36,146,280,429,501,629,576,743,761,651,647,605,588,671,602,376,288,264,244,176,0,0
2024,2024-09-21,Northbound,All Vehicles,86,51,44,43,39,171,309,456,553,687,637,801,815,686,697,648,631,719,633,402,313,277,253,186,0,0
2024,2024-09-22,Northbound,Light Vehicles,131,87,76,51,45,88,130,229,394,623,586,691,655,659,624,583,544,548,393,287,187,160,86,53,0,0
2024,2024-09-22,Northbound,Heavy Vehicles,6,2,4,2,7,14,17,22,34,59,44,51,44,58,43,37,41,32,25,21,12,7,1,2,0,0
2024,2024-09-22,Northbound,All Vehicles,137,89,80,53,52,102,147,251,428,682,630,742,699,717,667,620,585,580,418,308,199,167,87,55,0,0
2024,2024-09-23,Northbound,Light Vehicles,36,15,18,31,97,341,653,935,866,674,605,578,572,530,594,690,699,648,455,277,191,145,75,42,0,0
2024,2024-09-23,Northbound,Heavy Vehicles,3,1,1,2,13,63,96,125,99,95,76,103,88,81,76,95,78,48,34,24,10,6,3,1,0,0
2024,2024-09-23,Northbound,All Vehicles,39,16,19,33,110,404,749,1060,965,769,681,681,660,611,670,785,777,696,489,301,201,151,78,43,0,0
2024,2024-09-24,Northbound,Light Vehicles,31,22,13,34,98,413,669,988,1089,676,555,519,544,523,652,645,741,715,513,318,226,181,99,43,0,0
2024,2024-09-24,Northbound,Heavy Vehicles,1,1,1,6,19,57,103,122,109,94,83,89,106,92,80,86,64,62,43,20,16,15,9,3,0,0
2024,2024-09-24,Northbound,All Vehicles,32,23,14,40,117,470,772,1110,1198,770,638,608,650,615,732,731,805,777,556,338,242,196,108,46,0,0
2024,2024-09-25,Northbound,Light Vehicles,29,17,16,25,95,452,705,973,892,655,586,563,598,553,606,730,803,794,545,336,233,182,119,54,0,0
2024,2024-09-25,Northbound,Heavy Vehicles,7,3,2,3,19,62,124,127,85,81,86,97,85,92,91,96,79,73,42,27,19,10,10,2,0,0
2024,2024-09-25,Northbound,All Vehicles,36,20,18,28,114,514,829,1100,977,736,672,660,683,645,697,826,882,867,587,363,252,192,129,56,0,0
2024,2024-09-26,Northbound,Heavy Vehicles,6,6,2,4,18,61,91,101,86,88,79,64,73,69,76,87,66,53,34,22,13,10,5,4,0,0
2024,2024-09-26,Northbound,Light Vehicles,42,28,16,25,115,350,676,909,847,696,502,515,553,531,566,666,692,592,490,317,282,199,95,49,0,0
2024,2024-09-26,Northbound,All Vehicles,48,34,18,29,133,411,767,1010,933,784,581,579,626,600,642,753,758,645,524,339,295,209,100,53,0,0
2024,2024-09-27,Northbound,Heavy Vehicles,3,4,3,3,24,47,120,116,91,81,86,83,87,82,74,90,71,56,40,30,15,15,4,4,0,0
2024,2024-09-27,Northbound,Light Vehicles,36,19,20,30,98,345,667,908,816,687,596,599,600,602,653,678,658,673,559,366,247,199,199,130,0,0
2024,2024-09-27,Northbound,All Vehicles,39,23,23,33,122,392,787,1024,907,768,682,682,687,684,727,768,729,729,599,396,262,214,203,134,0,0
2024,2024-09-28,Northbound,Light Vehicles,61,55,47,29,40,135,271,421,397,599,640,694,677,612,578,522,494,559,501,365,282,263,248,213,0,0
2024,2024-09-28,Northbound,Heavy Vehicles,5,2,3,4,7,16,26,33,39,57,52,47,48,48,46,36,32,31,37,19,16,20,8,15,0,0
2024,2024-09-28,Northbound,All Vehicles,66,57,50,33,47,151,297,454,436,656,692,741,725,660,624,558,526,590,538,384,298,283,256,228,0,0
2024,2024-09-29,Northbound,Heavy Vehicles,7,2,2,,7,7,8,21,22,38,38,41,48,49,40,34,35,29,43,12,12,11,5,3,0,0
2024,2024-09-29,Northbound,Light Vehicles,118,111,89,73,35,109,135,234,332,459,535,630,636,533,510,530,469,457,345,250,174,155,102,69,0,0
2024,2024-09-29,Northbound,All Vehicles,125,113,91,73,42,116,143,255,354,497,573,671,684,582,550,564,504,486,388,262,186,166,107,72,0,0
2024,2024-09-30,Northbound,Heavy Vehicles,1,3,1,3,14,52,98,98,85,104,83,93,99,81,82,81,48,42,27,28,10,10,2,3,0,0
2024,2024-09-30,Northbound,Light Vehicles,42,36,21,35,97,386,644,922,870,631,587,560,555,566,533,625,595,618,371,235,181,135,56,44,0,0
2024,2024-09-30,Northbound,All Vehicles,43,39,22,38,111,438,742,1020,955,735,670,653,654,647,615,706,643,660,398,263,191,145,58,47,0,0
2024,2024-10-01,Northbound,Heavy Vehicles,3,2,,2,16,72,148,115,100,93,76,75,76,76,93,73,79,64,39,21,18,8,5,2,0,0
2024,2024-10-01,Northbound,Light Vehicles,22,17,13,27,102,401,686,945,1054,645,634,616,680,574,612,606,737,690,483,254,190,158,76,38,0,0
2024,2024-10-01,Northbound,All Vehicles,25,19,13,29,118,473,834,1060,1154,738,710,691,756,650,705,679,816,754,522,275,208,166,81,40,0,0
2024,2024-10-02,Northbound,Heavy Vehicles,2,1,2,2,21,59,116,120,104,94,107,83,70,72,87,87,84,49,29,17,11,10,6,1,0,0
2024,2024-10-02,Northbound,Light Vehicles,23,25,13,26,99,413,638,940,882,671,676,617,602,545,607,654,694,681,469,300,220,173,94,42,0,0
2024,2024-10-02,Northbound,All Vehicles,25,26,15,28,120,472,754,1060,986,765,783,700,672,617,694,741,778,730,498,317,231,183,100,43,0,0
2024,2024-10-05,Northbound,Heavy Vehicles,2,1,3,4,7,13,27,45,36,55,57,55,46,55,40,43,40,41,23,26,11,10,8,3,0,0
2024,2024-10-05,Northbound,Light Vehicles,77,50,36,32,58,119,239,392,426,606,643,695,678,592,611,522,564,656,516,367,246,233,178,154,0,0
2024,2024-10-05,Northbound,All Vehicles,79,51,39,36,65,132,266,437,462,661,700,750,724,647,651,565,604,697,539,393,257,243,186,157,0,0
2024,2024-10-06,Northbound,Light Vehicles,66,49,,35,36,74,94,167,248,416,413,513,488,458,447,437,447,333,313,240,165,170,160,85,0,0
2024,2024-10-06,Northbound,Heavy Vehicles,3,1,,,2,5,17,22,30,29,25,29,40,35,32,26,29,24,17,15,6,9,5,5,0,0
2024,2024-10-06,Northbound,All Vehicles,69,50,,35,38,79,111,189,278,445,438,542,528,493,479,463,476,357,330,255,171,179,165,90,0,0
2024,2024-10-07,Northbound,Heavy Vehicles,1,,3,1,,3,4,5,7,9,13,10,12,10,13,13,11,14,8,4,2,,,,0,0
2024,2024-10-07,Northbound,Light Vehicles,82,37,24,18,6,15,35,51,74,92,148,161,192,153,168,160,171,156,121,111,73,51,23,27,0,0
2024,2024-10-07,Northbound,All Vehicles,83,37,27,19,6,18,39,56,81,101,161,171,204,163,181,173,182,170,129,115,75,51,23,27,0,0
2024,2024-10-08,Northbound,Light Vehicles,25,15,19,33,85,322,586,877,916,642,585,584,563,561,565,601,634,675,436,276,200,157,72,34,0,0
2024,2024-10-08,Northbound,Heavy Vehicles,2,2,2,2,16,50,109,112,99,95,79,83,83,65,81,77,71,58,38,27,10,16,3,2,0,0
2024,2024-10-08,Northbound,All Vehicles,27,17,21,35,101,372,695,989,1015,737,664,667,646,626,646,678,705,733,474,303,210,173,75,36,0,0
2024,2024-10-09,Northbound,Heavy Vehicles,3,3,1,3,21,58,100,118,96,86,86,78,83,92,80,61,62,49,39,27,15,13,6,1,0,0
2024,2024-10-09,Northbound,Light Vehicles,43,19,24,20,99,356,591,877,962,699,587,551,604,543,574,649,660,766,546,292,221,180,108,45,0,0
2024,2024-10-09,Northbound,All Vehicles,46,22,25,23,120,414,691,995,1058,785,673,629,687,635,654,710,722,815,585,319,236,193,114,46,0,0
2024,2024-10-13,Northbound,Heavy Vehicles,,,,,,,,,,,,21,12,15,12,17,12,12,16,9,8,6,1,1,0,0
2024,2024-10-13,Northbound,Light Vehicles,,,,,,,,,,,,213,248,224,238,219,180,162,127,119,69,64,24,15,0,0
2024,2024-10-13,Northbound,All Vehicles,,,,,,,,,,,,234,260,239,250,236,192,174,143,128,77,70,25,16,0,0
2024,2024-10-14,Northbound,Light Vehicles,46,19,17,26,94,341,645,911,968,709,545,483,519,510,557,636,623,584,446,282,212,133,63,35,0,0
2024,2024-10-14,Northbound,Heavy Vehicles,1,,4,4,20,69,112,95,88,97,88,81,75,76,76,81,83,50,35,13,22,12,4,1,0,0
2024,2024-10-14,Northbound,All Vehicles,47,19,21,30,114,410,757,1006,1056,806,633,564,594,586,633,717,706,634,481,295,234,145,67,36,0,0
2024,2024-10-15,Northbound,Light Vehicles,25,9,25,26,87,390,614,990,848,736,570,547,594,537,541,608,665,660,454,291,214,149,73,44,0,0
2024,2024-10-15,Northbound,Heavy Vehicles,1,2,4,1,13,67,116,119,79,109,87,88,71,68,57,90,77,57,46,19,13,10,4,2,0,0
2024,2024-10-15,Northbound,All Vehicles,26,11,29,27,100,457,730,1109,927,845,657,635,665,605,598,698,742,717,500,310,227,159,77,46,0,0
2024,2024-10-16,Northbound,Light Vehicles,34,17,14,28,92,366,715,927,925,729,584,601,563,592,566,679,676,715,514,316,224,180,90,45,0,0
2024,2024-10-16,Northbound,Heavy Vehicles,3,,3,3,17,73,116,114,85,123,85,98,82,90,85,76,68,48,35,30,11,8,6,2,0,0
2024,2024-10-16,Northbound,All Vehicles,37,17,17,31,109,439,831,1041,1010,852,669,699,645,682,651,755,744,763,549,346,235,188,96,47,0,0
2024,2024-10-18,Northbound,Heavy Vehicles,4,,5,4,13,72,107,114,102,98,81,,,,,,,52,38,28,28,19,10,6,0,0
2024,2024-10-18,Northbound,Light Vehicles,43,22,15,20,100,369,627,926,882,707,554,,,,,,,714,566,389,272,258,188,111,0,0
2024,2024-10-18,Northbound,All Vehicles,47,22,20,24,113,441,734,1040,984,805,635,,,,,,,766,604,417,300,277,198,117,0,0
2024,2024-10-19,Northbound,Heavy Vehicles,3,3,3,4,6,12,31,52,45,66,56,60,42,45,52,37,37,52,32,26,25,24,14,8,0,0
2024,2024-10-19,Northbound,Light Vehicles,81,45,47,37,43,133,258,466,453,586,606,732,779,615,628,609,548,595,587,375,305,259,255,176,0,0
2024,2024-10-19,Northbound,All Vehicles,84,48,50,41,49,145,289,518,498,652,662,792,821,660,680,646,585,647,619,401,330,283,269,184,0,0
2024,2024-10-20,Northbound,Light Vehicles,138,106,85,55,32,60,154,222,356,480,526,582,654,556,491,553,497,,,,,,,,0,0
2024,2024-10-20,Northbound,Heavy Vehicles,7,4,3,1,5,4,11,24,18,27,43,36,54,35,35,34,30,,,,,,,,0,0
2024,2024-10-20,Northbound,All Vehicles,145,110,88,56,37,64,165,246,374,507,569,618,708,591,526,587,527,,,,,,,,0,0
2024,2024-10-21,Northbound,Light Vehicles,,,,,85,349,619,961,912,676,564,518,583,470,538,690,651,658,423,309,186,142,64,38,0,0
2024,2024-10-21,Northbound,Heavy Vehicles,,,,,18,61,104,108,94,105,106,85,79,79,82,93,60,55,29,18,14,4,5,5,0,0
2024,2024-10-21,Northbound,All Vehicles,,,,,103,410,723,1069,1006,781,670,603,662,549,620,783,711,713,452,327,200,146,69,43,0,0
2024,2024-10-23,Northbound,Light Vehicles,33,23,20,24,97,371,770,986,869,748,553,514,595,579,692,643,777,772,575,360,284,195,102,55,0,0
2024,2024-10-23,Northbound,Heavy Vehicles,5,1,3,4,14,72,86,109,94,91,89,94,69,91,80,89,81,52,36,25,20,7,6,6,0,0
2024,2024-10-23,Northbound,All Vehicles,38,24,23,28,111,443,856,1095,963,839,642,608,664,670,772,732,858,824,611,385,304,202,108,61,0,0
2024,2024-10-24,Northbound,Heavy Vehicles,5,2,1,12,15,66,105,124,86,100,84,88,64,87,92,89,,,,,,,,,0,0
2024,2024-10-24,Northbound,Light Vehicles,39,22,19,35,99,379,697,951,863,725,531,541,559,557,588,754,,,,,,,,,0,0
2024,2024-10-24,Northbound,All Vehicles,44,24,20,47,114,445,802,1075,949,825,615,629,623,644,680,843,,,,,,,,,0,0
2024,2024-10-25,Northbound,Heavy Vehicles,,,,,,,,,,,88,90,78,61,87,82,73,50,35,18,25,15,8,4,0,0
2024,2024-10-25,Northbound,Light Vehicles,,,,,,,,,,,656,653,634,504,591,728,749,730,541,335,287,233,156,115,0,0
2024,2024-10-25,Northbound,All Vehicles,,,,,,,,,,,744,743,712,565,678,810,822,780,576,353,312,248,164,119,0,0
2024,2024-10-26,Northbound,Heavy Vehicles,,2,3,2,9,16,33,50,38,59,50,47,58,52,41,47,41,35,35,16,15,11,9,9,0,0
2024,2024-10-26,Northbound,Light Vehicles,87,63,55,30,51,129,282,499,503,625,722,742,687,711,651,560,603,519,478,389,292,280,245,162,0,0
2024,2024-10-26,Northbound,All Vehicles,87,65,58,32,60,145,315,549,541,684,772,789,745,763,692,607,644,554,513,405,307,291,254,171,0,0
2024,2024-10-27,Northbound,Light Vehicles,79,57,47,39,12,13,29,49,69,82,106,115,138,134,156,99,107,106,75,88,40,43,27,23,0,0
2024,2024-10-27,Northbound,Heavy Vehicles,3,2,,5,1,3,3,2,8,5,9,4,9,11,15,6,8,4,6,5,,2,1,,0,0
2024,2024-10-27,Northbound,All Vehicles,82,59,47,44,13,16,32,51,77,87,115,119,147,145,171,105,115,110,81,93,40,45,28,23,0,0
2024,2024-10-28,Northbound,Heavy Vehicles,2,4,1,3,18,66,114,112,83,88,96,86,82,89,79,77,61,43,29,22,9,9,5,6,0,0
2024,2024-10-28,Northbound,Light Vehicles,28,28,21,25,77,336,675,977,855,706,575,546,492,542,627,568,501,519,383,249,231,124,77,27,0,0
2024,2024-10-28,Northbound,All Vehicles,30,32,22,28,95,402,789,1089,938,794,671,632,574,631,706,645,562,562,412,271,240,133,82,33,0,0
2024,2024-10-29,Northbound,Heavy Vehicles,5,,1,3,18,64,123,139,89,100,93,79,81,89,79,90,78,57,47,21,29,14,5,5,0,0
2024,2024-10-29,Northbound,Light Vehicles,19,13,18,22,96,364,707,1000,945,641,562,527,549,552,560,714,735,738,532,312,261,181,82,52,0,0
2024,2024-10-29,Northbound,All Vehicles,24,13,19,25,114,428,830,1139,1034,741,655,606,630,641,639,804,813,795,579,333,290,195,87,57,0,0
2024,2024-10-30,Northbound,Light Vehicles,26,19,16,25,99,407,747,975,941,725,603,568,591,590,570,745,699,740,579,365,267,191,97,57,0,0
2024,2024-10-30,Northbound,Heavy Vehicles,1,4,,2,23,71,113,127,86,84,100,98,86,102,92,95,77,55,31,27,16,12,6,3,0,0
2024,2024-10-30,Northbound,All Vehicles,27,23,16,27,122,478,860,1102,1027,809,703,666,677,692,662,840,776,795,610,392,283,203,103,60,0,0
2024,2024-10-31,Northbound,Heavy Vehicles,,,,1,,,,,,,,15,13,20,20,18,23,13,12,12,3,,,,0,0
2024,2024-10-31,Northbound,Light Vehicles,20,8,3,10,,,,,,,,165,162,177,175,200,211,203,188,132,99,69,36,31,0,0
2024,2024-10-31,Northbound,All Vehicles,20,8,3,11,,,,,,,,180,175,197,195,218,234,216,200,144,102,69,36,31,0,0
2024,2024-11-01,Northbound,Heavy Vehicles,2,2,1,2,21,63,109,113,117,83,93,100,85,82,87,80,76,70,37,27,25,18,10,9,0,0
2024,2024-11-01,Northbound,Light Vehicles,42,28,19,27,98,354,643,906,943,727,575,599,634,542,645,701,735,724,642,425,349,253,175,133,0,0
2024,2024-11-01,Northbound,All Vehicles,44,30,20,29,119,417,752,1019,1060,810,668,699,719,624,732,781,811,794,679,452,374,271,185,142,0,0
2024,2024-11-02,Northbound,Light Vehicles,72,50,23,25,45,110,171,347,346,464,485,551,492,503,435,423,420,429,346,276,232,190,140,81,0,0
2024,2024-11-02,Northbound,Heavy Vehicles,6,,1,1,8,15,22,40,32,41,41,42,31,41,32,25,32,31,27,14,25,10,8,2,0,0
2024,2024-11-02,Northbound,All Vehicles,78,50,24,26,53,125,193,387,378,505,526,593,523,544,467,448,452,460,373,290,257,200,148,83,0,0
2024,2024-11-03,Northbound,Light Vehicles,169,138,91,75,50,89,141,226,402,512,550,660,619,567,537,548,583,470,423,350,250,171,92,61,0,0
2024,2024-11-03,Northbound,Heavy Vehicles,8,6,4,5,4,9,9,29,33,40,46,50,45,46,37,38,31,28,27,20,14,10,6,8,0,0
2024,2024-11-03,Northbound,All Vehicles,177,144,95,80,54,98,150,255,435,552,596,710,664,613,574,586,614,498,450,370,264,181,98,69,0,0
2024,2024-11-04,Northbound,Heavy Vehicles,3,3,2,1,13,61,111,118,102,100,81,100,72,86,48,,,6,15,2,6,5,,1,0,0
2024,2024-11-04,Northbound,Light Vehicles,38,22,27,27,84,347,712,968,976,668,568,558,535,521,388,,,114,236,98,117,65,26,19,0,0
2024,2024-11-04,Northbound,All Vehicles,41,25,29,28,97,408,823,1086,1078,768,649,658,607,607,436,,,120,251,100,123,70,26,20,0,0
2024,2024-11-07,Northbound,Heavy Vehicles,1,4,3,2,13,79,104,98,79,75,80,88,73,77,82,91,48,,,,,,,,0,0
2024,2024-11-07,Northbound,Light Vehicles,26,19,22,29,108,383,662,980,879,658,532,516,534,557,550,631,461,,,,,,,,0,0
2024,2024-11-07,Northbound,All Vehicles,27,23,25,31,121,462,766,1078,958,733,612,604,607,634,632,722,509,,,,,,,,0,0
2024,2024-11-08,Northbound,Heavy Vehicles,,,,,13,57,118,114,93,71,95,95,77,73,87,83,71,32,32,19,22,15,7,8,0,0
2024,2024-11-08,Northbound,Light Vehicles,,,,,95,350,613,838,821,625,545,560,580,588,644,704,639,566,464,356,258,204,154,132,0,0
2024,2024-11-08,Northbound,All Vehicles,,,,,108,407,731,952,914,696,640,655,657,661,731,787,710,598,496,375,280,219,161,140,0,0
2024,2024-11-09,Northbound,Light Vehicles,79,52,50,25,52,127,257,446,496,562,682,695,691,571,581,533,532,507,435,318,264,226,212,158,0,0
2024,2024-11-09,Northbound,Heavy Vehicles,3,1,2,4,8,20,35,36,50,56,51,59,51,36,47,29,35,28,20,20,13,15,11,2,0,0
2024,2024-11-09,Northbound,All Vehicles,82,53,52,29,60,147,292,482,546,618,733,754,742,607,628,562,567,535,455,338,277,241,223,160,0,0
2024,2024-11-10,Northbound,Light Vehicles,135,96,75,48,34,152,264,291,416,509,630,629,649,555,579,552,451,379,277,258,183,137,69,57,0,0
2024,2024-11-10,Northbound,Heavy Vehicles,3,4,2,5,7,21,25,28,34,37,38,41,40,39,46,41,34,32,18,21,9,9,7,3,0,0
2024,2024-11-10,Northbound,All Vehicles,138,100,77,53,41,173,289,319,450,546,668,670,689,594,625,593,485,411,295,279,192,146,76,60,0,0
2024,2024-11-14,Northbound,Heavy Vehicles,,,,,,,,,,,,16,16,17,13,11,9,18,12,4,2,1,,,0,0
2024,2024-11-14,Northbound,Light Vehicles,,,,,,,,,,,,65,113,128,131,135,170,160,149,102,88,65,24,13,0,0
2024,2024-11-14,Northbound,All Vehicles,,,,,,,,,,,,81,129,145,144,146,179,178,161,106,90,66,24,13,0,0
2024,2024-11-15,Northbound,Light Vehicles,33,22,13,33,91,358,630,887,948,674,622,593,567,590,606,785,786,697,691,456,312,286,214,125,0,0
2024,2024-11-15,Northbound,Heavy Vehicles,2,2,1,1,18,68,105,96,109,105,94,78,86,82,92,97,86,56,50,42,26,20,14,3,0,0
2024,2024-11-15,Northbound,All Vehicles,35,24,14,34,109,426,735,983,1057,779,716,671,653,672,698,882,872,753,741,498,338,306,228,128,0,0
2024,2024-11-16,Northbound,Heavy Vehicles,2,4,1,5,,,,,,,,52,46,35,41,29,35,49,39,31,14,17,15,14,0,0
2024,2024-11-16,Northbound,Light Vehicles,77,52,44,34,,,,,,,,763,747,575,550,543,490,629,613,465,305,290,226,210,0,0
2024,2024-11-16,Northbound,All Vehicles,79,56,45,39,,,,,,,,815,793,610,591,572,525,678,652,496,319,307,241,224,0,0
2024,2024-11-17,Northbound,Light Vehicles,183,99,91,55,36,85,145,223,377,558,586,629,661,655,619,532,533,485,413,365,247,173,107,61,0,0
2024,2024-11-17,Northbound,Heavy Vehicles,7,5,4,3,4,9,16,16,29,35,50,47,50,43,40,36,42,33,26,26,17,6,5,2,0,0
2024,2024-11-17,Northbound,All Vehicles,190,104,95,58,40,94,161,239,406,593,636,676,711,698,659,568,575,518,439,391,264,179,112,63,0,0
2024,2024-11-18,Northbound,Heavy Vehicles,,,,,4,1,4,4,6,6,4,8,,7,4,7,3,4,,1,1,,1,,0,0
2024,2024-11-18,Northbound,Light Vehicles,4,1,,3,8,18,17,33,35,29,38,38,9,30,45,50,54,42,28,25,19,12,5,2,0,0
2024,2024-11-18,Northbound,All Vehicles,4,1,,3,12,19,21,37,41,35,42,46,9,37,49,57,57,46,28,26,20,12,6,2,0,0
2024,2024-11-19,Northbound,Light Vehicles,11,10,13,14,47,227,406,600,619,393,349,342,340,327,349,356,383,363,304,161,138,106,44,24,0,0
2024,2024-11-19,Northbound,Heavy Vehicles,1,1,1,1,11,35,62,49,43,38,43,34,49,46,40,46,43,31,25,12,6,6,5,1,0,0
2024,2024-11-19,Northbound,All Vehicles,12,11,14,15,58,262,468,649,662,431,392,376,389,373,389,402,426,394,329,173,144,112,49,25,0,0
2024,2024-11-22,Northbound,Heavy Vehicles,2,1,1,8,11,59,91,91,101,88,94,99,83,94,80,93,55,35,38,24,14,16,8,8,0,0
2024,2024-11-22,Northbound,Light Vehicles,31,23,19,30,100,311,470,826,907,667,602,648,688,639,646,728,595,535,517,387,319,237,197,120,0,0
2024,2024-11-22,Northbound,All Vehicles,33,24,20,38,111,370,561,917,1008,755,696,747,771,733,726,821,650,570,555,411,333,253,205,128,0,0
2024,2024-11-23,Northbound,Heavy Vehicles,2,,,1,,,,,,,,35,29,17,15,15,17,16,10,9,4,5,7,,0,0
2024,2024-11-23,Northbound,Light Vehicles,28,17,17,12,,,,,,,,289,255,237,244,241,186,199,166,131,110,85,90,57,0,0
2024,2024-11-23,Northbound,All Vehicles,30,17,17,13,,,,,,,,324,284,254,259,256,203,215,176,140,114,90,97,57,0,0
2024,2024-11-24,Northbound,Heavy Vehicles,9,5,2,4,5,10,13,23,30,41,43,51,54,48,39,43,50,22,17,16,18,2,5,2,0,0
2024,2024-11-24,Northbound,Light Vehicles,125,117,83,42,32,102,134,264,429,498,592,680,653,589,609,565,586,481,348,283,219,168,97,75,0,0
2024,2024-11-24,Northbound,All Vehicles,134,122,85,46,37,112,147,287,459,539,635,731,707,637,648,608,636,503,365,299,237,170,102,77,0,0
2024,2024-11-25,Northbound,Light Vehicles,57,24,16,38,,,,,,687,493,582,524,571,592,675,674,541,350,262,226,155,72,39,0,0
2024,2024-11-25,Northbound,Heavy Vehicles,2,,,1,,,,,,85,85,87,68,82,83,80,68,38,21,17,13,8,4,1,0,0
2024,2024-11-25,Northbound,All Vehicles,59,24,16,39,,,,,,772,578,669,592,653,675,755,742,579,371,279,239,163,76,40,0,0
2024,2024-11-26,Northbound,Heavy Vehicles,2,2,1,1,13,57,82,77,75,75,71,63,68,69,80,75,49,32,23,18,15,12,4,2,0,0
2024,2024-11-26,Northbound,Light Vehicles,17,13,6,20,77,337,487,905,769,548,430,460,463,478,471,598,490,522,320,250,181,154,74,43,0,0
2024,2024-11-26,Northbound,All Vehicles,19,15,7,21,90,394,569,982,844,623,501,523,531,547,551,673,539,554,343,268,196,166,78,45,0,0
2024,2024-11-27,Northbound,Heavy Vehicles,1,4,6,2,17,77,121,119,88,86,105,94,91,73,79,75,60,,,,,,,,0,0
2024,2024-11-27,Northbound,Light Vehicles,21,17,11,31,100,392,696,972,947,701,517,551,534,599,563,725,743,,,,,,,,0,0
2024,2024-11-27,Northbound,All Vehicles,22,21,17,33,117,469,817,1091,1035,787,622,645,625,672,642,800,803,,,,,,,,0,0
2024,2024-11-28,Northbound,Light Vehicles,,,,,79,379,737,1043,935,718,571,,,,,,,695,581,401,342,274,136,55,0,0
2024,2024-11-28,Northbound,Heavy Vehicles,,,,,23,68,110,115,81,79,92,,,,,,,53,43,28,24,11,17,3,0,0
2024,2024-11-28,Northbound,All Vehicles,,,,,102,447,847,1158,1016,797,663,,,,,,,748,624,429,366,285,153,58,0,0
2024,2024-11-29,Northbound,Light Vehicles,36,15,18,31,83,350,573,886,822,614,538,530,604,552,631,698,656,,,,,,,,0,0
2024,2024-11-29,Northbound,Heavy Vehicles,3,1,1,2,17,59,104,99,83,101,91,84,82,78,77,85,62,,,,,,,,0,0
2024,2024-11-29,Northbound,All Vehicles,39,16,19,33,100,409,677,985,905,715,629,614,686,630,708,783,718,,,,,,,,0,0
2024,2024-11-30,Northbound,Heavy Vehicles,,,,,12,14,29,37,43,55,54,58,62,48,41,39,37,49,40,31,25,14,16,10,0,0
2024,2024-11-30,Northbound,Light Vehicles,,,,,40,135,232,386,443,561,658,675,664,632,644,601,564,703,521,364,302,308,261,182,0,0
2024,2024-11-30,Northbound,All Vehicles,,,,,52,149,261,423,486,616,712,733,726,680,685,640,601,752,561,395,327,322,277,192,0,0
2024,2024-12-01,Northbound,Heavy Vehicles,,1,,,,1,,6,3,3,4,4,2,1,6,1,,3,3,2,,,2,1,0,0
2024,2024-12-01,Northbound,Light Vehicles,22,21,15,10,2,3,13,22,32,44,56,61,73,56,63,61,44,45,52,34,18,20,9,13,0,0
2024,2024-12-01,Northbound,All Vehicles,22,22,15,10,2,4,13,28,35,47,60,65,75,57,69,62,44,48,55,36,18,20,11,14,0,0
2024,2024-12-06,Northbound,Heavy Vehicles,,,,,,,,,,,,106,108,106,93,103,78,60,41,24,25,23,19,7,0,0
2024,2024-12-06,Northbound,Light Vehicles,,,,,,,,,,,,753,682,671,687,732,732,778,664,446,347,308,213,177,0,0
2024,2024-12-06,Northbound,All Vehicles,,,,,,,,,,,,859,790,777,780,835,810,838,705,470,372,331,232,184,0,0
2024,2024-12-08,Northbound,Light Vehicles,,,,,37,97,159,230,347,552,584,598,648,626,598,593,499,353,313,238,171,140,80,58,0,0
2024,2024-12-08,Northbound,Heavy Vehicles,,,,,6,16,15,20,31,44,47,53,49,52,43,39,29,17,20,13,7,6,9,1,0,0
2024,2024-12-08,Northbound,All Vehicles,,,,,43,113,174,250,378,596,631,651,697,678,641,632,528,370,333,251,178,146,89,59,0,0
2024,2024-12-13,Northbound,Heavy Vehicles,2,2,2,8,22,59,111,118,88,100,100,104,107,85,95,92,64,,,,,,,,0,0
2024,2024-12-13,Northbound,Light Vehicles,54,22,21,35,97,340,620,834,724,634,629,695,743,635,736,780,798,,,,,,,,0,0
2024,2024-12-13,Northbound,All Vehicles,56,24,23,43,119,399,731,952,812,734,729,799,850,720,831,872,862,,,,,,,,0,0
2024,2024-12-14,Northbound,Heavy Vehicles,,,,,,,,,,,,56,60,73,60,56,39,32,36,17,24,14,14,10,0,0
2024,2024-12-14,Northbound,Light Vehicles,,,,,,,,,,,,716,783,615,650,654,567,676,576,427,333,322,264,201,0,0
2024,2024-12-14,Northbound,All Vehicles,,,,,,,,,,,,772,843,688,710,710,606,708,612,444,357,336,278,211,0,0
2024,2024-12-19,Northbound,Light Vehicles,38,29,28,32,,,,,,,,660,576,552,565,560,575,613,453,352,294,273,164,85,0,0
2024,2024-12-19,Northbound,Heavy Vehicles,3,3,1,1,,,,,,,,82,70,55,75,70,62,56,33,25,22,13,10,3,0,0
2024,2024-12-19,Northbound,All Vehicles,41,32,29,33,,,,,,,,742,646,607,640,630,637,669,486,377,316,286,174,88,0,0
2024,2024-12-20,Northbound,Light Vehicles,16,6,4,4,5,19,32,56,70,60,62,55,78,79,57,64,63,58,54,49,41,53,47,26,0,0
2024,2024-12-20,Northbound,Heavy Vehicles,,,,1,1,3,6,5,7,9,9,11,13,8,9,8,3,3,3,4,3,2,2,1,0,0
2024,2024-12-20,Northbound,All Vehicles,16,6,4,5,6,22,38,61,77,69,71,66,91,87,66,72,66,61,57,53,44,55,49,27,0,0
2024,2024-12-22,Northbound,Light Vehicles,77,55,47,21,24,51,84,129,155,265,248,300,307,259,258,279,285,214,217,196,182,253,127,88,0,0
2024,2024-12-22,Northbound,Heavy Vehicles,4,1,1,,2,6,6,16,20,20,18,15,24,21,23,17,21,14,15,17,11,18,3,,0,0
2024,2024-12-22,Northbound,All Vehicles,81,56,48,21,26,57,90,145,175,285,266,315,331,280,281,296,306,228,232,213,193,271,130,88,0,0
2024,2024-12-26,Northbound,Light Vehicles,,,,,20,66,115,170,239,337,405,419,411,368,412,319,377,415,424,323,330,262,174,126,0,0
2024,2024-12-26,Northbound,Heavy Vehicles,,,,,5,2,10,16,29,29,34,19,24,24,28,24,30,22,19,15,7,13,7,7,0,0
2024,2024-12-26,Northbound,All Vehicles,,,,,25,68,125,186,268,366,439,438,435,392,440,343,407,437,443,338,337,275,181,133,0,0
2024,2024-12-27,Northbound,Heavy Vehicles,5,4,2,,11,15,25,38,45,50,51,65,51,44,35,41,33,48,33,11,16,14,4,4,0,0
2024,2024-12-27,Northbound,Light Vehicles,90,76,57,47,52,134,239,336,401,497,526,611,580,517,482,513,510,574,358,288,299,208,141,82,0,0
2024,2024-12-27,Northbound,All Vehicles,95,80,59,47,63,149,264,374,446,547,577,676,631,561,517,554,543,622,391,299,315,222,145,86,0,0
2024,2024-12-28,Northbound,Heavy Vehicles,1,1,4,,2,8,8,14,14,16,36,24,28,25,25,14,18,25,19,16,14,10,7,4,0,0
2024,2024-12-28,Northbound,Light Vehicles,45,23,32,18,18,53,101,186,206,283,370,370,350,343,308,320,308,305,281,221,194,163,134,87,0,0
2024,2024-12-28,Northbound,All Vehicles,46,24,36,18,20,61,109,200,220,299,406,394,378,368,333,334,326,330,300,237,208,173,141,91,0,0
2024,2024-12-29,Northbound,Heavy Vehicles,6,3,5,2,7,12,13,18,21,38,37,51,42,36,38,35,34,25,29,16,14,6,4,6,0,0
2024,2024-12-29,Northbound,Light Vehicles,99,62,54,36,39,89,146,203,324,411,510,495,507,462,433,429,390,386,382,338,267,207,140,95,0,0
2024,2024-12-29,Northbound,All Vehicles,105,65,59,38,46,101,159,221,345,449,547,546,549,498,471,464,424,411,411,354,281,213,144,101,0,0
2025,2025-01-01,Northbound,Heavy Vehicles,,1,,,1,,,,1,3,1,1,1,,4,,3,2,,2,1,2,,,0,0
2025,2025-01-01,Northbound,Light Vehicles,19,20,16,13,9,9,10,11,13,26,28,35,42,43,43,35,43,30,37,36,35,27,17,5,0,0
2025,2025-01-01,Northbound,All Vehicles,19,21,16,13,10,9,10,11,14,29,29,36,43,43,47,35,46,32,37,38,36,29,17,5,0,0
2025,2025-01-02,Northbound,Heavy Vehicles,4,3,2,,13,24,28,25,33,47,51,37,48,33,39,26,37,34,29,24,15,12,7,3,0,0
2025,2025-01-02,Northbound,Light Vehicles,27,17,25,15,40,181,209,424,410,443,478,496,498,434,447,487,431,430,397,288,221,181,97,62,0,0
2025,2025-01-02,Northbound,All Vehicles,31,20,27,15,53,205,237,449,443,490,529,533,546,467,486,513,468,464,426,312,236,193,104,65,0,0
2025,2025-01-04,Northbound,Heavy Vehicles,1,,1,,,,,,,,,2,2,3,6,6,6,2,3,1,3,1,,1,0,0
2025,2025-01-04,Northbound,Light Vehicles,8,6,2,5,,,,,,,,54,42,36,38,39,41,30,30,26,26,23,17,7,0,0
2025,2025-01-04,Northbound,All Vehicles,9,6,3,5,,,,,,,,56,44,39,44,45,47,32,33,27,29,24,17,8,0,0
2025,2025-01-05,Northbound,Heavy Vehicles,,5,,1,5,7,18,27,19,32,35,42,26,32,26,22,23,14,20,20,13,6,5,2,0,0
2025,2025-01-05,Northbound,Light Vehicles,95,61,44,34,18,85,133,202,351,386,455,482,506,418,403,438,415,398,367,309,257,156,113,70,0,0
2025,2025-01-05,Northbound,All Vehicles,95,66,44,35,23,92,151,229,370,418,490,524,532,450,429,460,438,412,387,329,270,162,118,72,0,0
2025,2025-01-06,Northbound,Light Vehicles,39,20,26,23,57,266,465,618,601,442,382,414,398,417,387,398,536,,,,,,,,0,0
2025,2025-01-06,Northbound,Heavy Vehicles,6,1,,1,16,37,68,48,46,38,48,43,50,41,47,40,40,,,,,,,,0,0
2025,2025-01-06,Northbound,All Vehicles,45,21,26,24,73,303,533,666,647,480,430,457,448,458,434,438,576,,,,,,,,0,0
2025,2025-01-09,Northbound,Heavy Vehicles,2,1,2,1,15,40,104,116,112,73,85,72,74,39,32,33,23,52,14,,,,,,0,0
2025,2025-01-09,Northbound,Light Vehicles,32,13,14,18,73,215,449,719,730,591,594,579,567,412,267,311,257,471,188,,,,,,0,0
2025,2025-01-09,Northbound,All Vehicles,34,14,16,19,88,255,553,835,842,664,679,651,641,451,299,344,280,523,202,,,,,,0,0
2025,2025-01-10,Northbound,Light Vehicles,,,,,,,,,,,,340,510,482,495,486,533,568,429,354,276,205,162,121,0,0
2025,2025-01-10,Northbound,Heavy Vehicles,,,,,,,,,,,,54,73,51,70,57,52,47,31,17,17,19,4,2,0,0
2025,2025-01-10,Northbound,All Vehicles,,,,,,,,,,,,394,583,533,565,543,585,615,460,371,293,224,166,123,0,0
2025,2025-01-11,Northbound,Heavy Vehicles,2,1,2,1,6,12,17,16,21,20,29,35,26,36,14,17,17,22,17,16,9,10,2,3,0,0
2025,2025-01-11,Northbound,Light Vehicles,57,44,35,28,29,70,135,211,254,313,312,340,357,368,333,293,293,299,313,231,201,197,157,126,0,0
2025,2025-01-11,Northbound,All Vehicles,59,45,37,29,35,82,152,227,275,333,341,375,383,404,347,310,310,321,330,247,210,207,159,129,0,0
2025,2025-01-12,Northbound,Light Vehicles,116,86,83,50,33,89,134,208,319,434,453,575,514,481,498,420,424,,,,,,,,0,0
2025,2025-01-12,Northbound,Heavy Vehicles,4,3,2,2,7,9,8,26,21,33,43,39,36,42,27,34,26,,,,,,,,0,0
2025,2025-01-12,Northbound,All Vehicles,120,89,85,52,40,98,142,234,340,467,496,614,550,523,525,454,450,,,,,,,,0,0
2025,2025-01-13,Northbound,Light Vehicles,,,,,,,,,,,,53,38,52,50,51,52,56,35,36,34,25,16,3,0,0
2025,2025-01-13,Northbound,Heavy Vehicles,,,,,,,,,,,,4,6,5,4,6,4,2,2,2,2,1,2,,0,0
2025,2025-01-13,Northbound,All Vehicles,,,,,,,,,,,,57,44,57,54,57,56,58,37,38,36,26,18,3,0,0
2025,2025-01-15,Northbound,Light Vehicles,31,11,20,15,92,339,520,638,578,484,465,476,392,464,308,503,471,,,,,,,,0,0
2025,2025-01-15,Northbound,Heavy Vehicles,2,2,3,4,22,56,74,71,57,72,64,62,54,69,32,74,40,,,,,,,,0,0
2025,2025-01-15,Northbound,All Vehicles,33,13,23,19,114,395,594,709,635,556,529,538,446,533,340,577,511,,,,,,,,0,0
2025,2025-01-17,Northbound,Light Vehicles,5,,,4,4,107,200,219,259,31,47,118,101,78,101,94,132,125,142,70,52,58,28,18,0,0
2025,2025-01-17,Northbound,Heavy Vehicles,1,,,2,3,17,30,32,23,4,8,14,15,12,9,15,11,14,7,4,3,4,1,,0,0
2025,2025-01-17,Northbound,All Vehicles,6,,,6,7,124,230,251,282,35,55,132,116,90,110,109,143,139,149,74,55,62,29,18,0,0
2025,2025-01-18,Northbound,Heavy Vehicles,,2,2,3,2,19,21,24,31,38,56,52,44,39,50,34,39,22,16,21,18,14,7,5,0,0
2025,2025-01-18,Northbound,Light Vehicles,49,23,24,23,28,85,139,305,252,373,405,470,465,455,400,435,397,431,309,306,222,256,165,114,0,0
2025,2025-01-18,Northbound,All Vehicles,49,25,26,26,30,104,160,329,283,411,461,522,509,494,450,469,436,453,325,327,240,270,172,119,0,0
2025,2025-01-20,Northbound,Light Vehicles,,,,,13,14,21,28,28,40,47,45,41,56,56,59,43,33,37,41,35,17,10,4,0,0
2025,2025-01-20,Northbound,Heavy Vehicles,,,,,6,1,1,5,1,1,6,8,5,5,10,2,4,3,3,3,2,1,,,0,0
2025,2025-01-20,Northbound,All Vehicles,,,,,19,15,22,33,29,41,53,53,46,61,66,61,47,36,40,44,37,18,10,4,0,0
2025,2025-01-23,Northbound,Heavy Vehicles,2,2,,,23,69,108,117,95,78,86,,,,,,,59,47,26,16,12,9,3,0,0
2025,2025-01-23,Northbound,Light Vehicles,32,18,15,26,104,347,710,1005,930,714,598,,,,,,,711,562,348,298,223,110,38,0,0
2025,2025-01-23,Northbound,All Vehicles,34,20,15,26,127,416,818,1122,1025,792,684,,,,,,,770,609,374,314,235,119,41,0,0
2025,2025-01-24,Northbound,Light Vehicles,8,5,4,4,34,144,272,360,374,226,223,,,,,,,,,,,,,,0,0
2025,2025-01-24,Northbound,Heavy Vehicles,,1,,,7,20,39,40,27,25,22,,,,,,,,,,,,,,0,0
2025,2025-01-24,Northbound,All Vehicles,8,6,4,4,41,164,311,400,401,251,245,,,,,,,,,,,,,,0,0
2025,2025-01-25,Northbound,Light Vehicles,,,,,,,,,,,,777,670,612,565,563,550,620,534,398,367,361,245,169,0,0
2025,2025-01-25,Northbound,Heavy Vehicles,,,,,,,,,,,,66,52,51,46,39,24,35,27,28,22,15,12,8,0,0
2025,2025-01-25,Northbound,All Vehicles,,,,,,,,,,,,843,722,663,611,602,574,655,561,426,389,376,257,177,0,0
2025,2025-01-27,Northbound,Light Vehicles,84,66,40,20,20,105,160,271,315,509,519,521,528,496,496,508,458,506,364,316,231,157,70,37,0,0
2025,2025-01-27,Northbound,Heavy Vehicles,2,1,4,,8,8,15,32,33,42,43,48,36,48,36,29,35,31,23,22,9,10,4,1,0,0
2025,2025-01-27,Northbound,All Vehicles,86,67,44,20,28,113,175,303,348,551,562,569,564,544,532,537,493,537,387,338,240,167,74,38,0,0
2025,2025-01-31,Northbound,Heavy Vehicles,2,3,2,4,14,54,81,93,94,72,81,,,,,,,,,,,,,,0,0
2025,2025-01-31,Northbound,Light Vehicles,16,5,13,11,70,319,532,753,672,513,499,,,,,,,,,,,,,,0,0
2025,2025-01-31,Northbound,All Vehicles,18,8,15,15,84,373,613,846,766,585,580,,,,,,,,,,,,,,0,0
2025,2025-02-03,Northbound,Light Vehicles,45,24,21,33,97,385,668,1062,893,634,553,558,582,560,617,679,654,755,448,277,210,160,78,41,0,0
2025,2025-02-03,Northbound,Heavy Vehicles,4,5,3,2,14,69,128,106,100,91,93,103,82,94,79,93,76,64,29,27,19,13,3,3,0,0
2025,2025-02-03,Northbound,All Vehicles,49,29,24,35,111,454,796,1168,993,725,646,661,664,654,696,772,730,819,477,304,229,173,81,44,0,0
2025,2025-02-04,Northbound,Heavy Vehicles,7,2,1,4,22,77,120,112,94,97,97,88,85,76,86,97,82,52,48,24,11,16,6,4,0,0
2025,2025-02-04,Northbound,Light Vehicles,35,18,16,31,115,404,698,926,911,710,578,627,558,576,630,709,709,785,605,381,262,188,90,49,0,0
2025,2025-02-04,Northbound,All Vehicles,42,20,17,35,137,481,818,1038,1005,807,675,715,643,652,716,806,791,837,653,405,273,204,96,53,0,0
2025,2025-02-05,Northbound,Heavy Vehicles,1,6,3,2,22,64,126,135,77,92,123,83,98,75,88,98,72,59,31,27,21,11,4,2,0,0
2025,2025-02-05,Northbound,Light Vehicles,26,19,22,33,114,407,683,1013,854,694,612,573,608,584,604,718,782,700,534,373,248,194,112,68,0,0
2025,2025-02-05,Northbound,All Vehicles,27,25,25,35,136,471,809,1148,931,786,735,656,706,659,692,816,854,759,565,400,269,205,116,70,0,0
2025,2025-02-06,Northbound,Light Vehicles,29,26,25,29,105,386,667,966,987,699,627,635,586,621,628,687,693,763,602,420,316,208,114,57,0,0
2025,2025-02-06,Northbound,Heavy Vehicles,,6,2,4,18,66,112,117,99,107,96,106,82,75,102,91,73,54,46,25,30,13,10,3,0,0
2025,2025-02-06,Northbound,All Vehicles,29,32,27,33,123,452,779,1083,1086,806,723,741,668,696,730,778,766,817,648,445,346,221,124,60,0,0
2025,2025-02-07,Northbound,Heavy Vehicles,,1,,,9,28,62,67,37,49,36,30,47,32,27,54,53,38,27,15,10,12,6,3,0,0
2025,2025-02-07,Northbound,Light Vehicles,9,13,4,11,47,180,356,455,519,423,300,332,334,298,285,391,393,359,355,222,181,118,103,58,0,0
2025,2025-02-07,Northbound,All Vehicles,9,14,4,11,56,208,418,522,556,472,336,362,381,330,312,445,446,397,382,237,191,130,109,61,0,0
2025,2025-02-08,Northbound,Light Vehicles,80,55,36,35,43,150,285,509,510,555,668,611,674,694,584,602,626,663,596,423,379,305,255,176,0,0
2025,2025-02-08,Northbound,Heavy Vehicles,5,1,3,1,6,15,32,54,45,59,64,59,59,58,49,51,45,43,41,31,23,18,14,5,0,0
2025,2025-02-08,Northbound,All Vehicles,85,56,39,36,49,165,317,563,555,614,732,670,733,752,633,653,671,706,637,454,402,323,269,181,0,0
2025,2025-02-09,Northbound,Light Vehicles,43,37,29,21,7,14,31,67,65,105,117,126,125,99,104,102,89,92,86,52,43,48,28,38,0,0
2025,2025-02-09,Northbound,Heavy Vehicles,1,2,,2,1,2,2,3,5,7,11,7,11,10,5,12,7,5,3,5,5,3,2,1,0,0
2025,2025-02-09,Northbound,All Vehicles,44,39,29,23,8,16,33,70,70,112,128,133,136,109,109,114,96,97,89,57,48,51,30,39,0,0
2025,2025-02-10,Northbound,Light Vehicles,41,30,27,25,87,385,682,917,866,716,577,532,500,470,565,634,668,703,428,287,244,152,77,39,0,0
2025,2025-02-10,Northbound,Heavy Vehicles,1,4,4,,21,63,116,104,80,100,85,80,77,63,88,97,70,49,33,24,18,4,8,2,0,0
2025,2025-02-10,Northbound,All Vehicles,42,34,31,25,108,448,798,1021,946,816,662,612,577,533,653,731,738,752,461,311,262,156,85,41,0,0
2025,2025-02-11,Northbound,Light Vehicles,21,12,18,26,111,426,702,944,867,702,526,562,512,568,556,664,710,713,534,328,278,167,82,55,0,0
2025,2025-02-11,Northbound,Heavy Vehicles,1,1,3,6,17,66,133,95,80,100,80,84,82,67,81,89,58,50,35,25,17,12,4,3,0,0
2025,2025-02-11,Northbound,All Vehicles,22,13,21,32,128,492,835,1039,947,802,606,646,594,635,637,753,768,763,569,353,295,179,86,58,0,0
2025,2025-02-12,Northbound,Heavy Vehicles,3,,4,2,23,79,113,100,112,92,89,83,78,73,90,94,71,62,37,25,13,15,6,2,0,0
2025,2025-02-12,Northbound,Light Vehicles,27,15,20,35,98,378,769,1005,1060,713,585,603,595,536,535,738,706,790,612,370,319,210,103,41,0,0
2025,2025-02-12,Northbound,All Vehicles,30,15,24,37,121,457,882,1105,1172,805,674,686,673,609,625,832,777,852,649,395,332,225,109,43,0,0
2025,2025-02-14,Northbound,Heavy Vehicles,1,1,,2,,,,,,,,27,15,24,19,19,17,24,15,17,8,8,3,2,0,0
2025,2025-02-14,Northbound,Light Vehicles,15,15,7,8,,,,,,,,191,178,218,188,207,225,268,215,209,174,111,85,60,0,0
2025,2025-02-14,Northbound,All Vehicles,16,16,7,10,,,,,,,,218,193,242,207,226,242,292,230,226,182,119,88,62,0,0
2025,2025-02-15,Northbound,Heavy Vehicles,2,2,1,,5,16,29,39,44,66,61,67,65,45,44,42,47,52,46,34,22,25,22,10,0,0
2025,2025-02-15,Northbound,Light Vehicles,77,62,45,27,51,116,257,481,471,629,668,778,735,605,651,610,610,671,552,441,384,328,309,211,0,0
2025,2025-02-15,Northbound,All Vehicles,79,64,46,27,56,132,286,520,515,695,729,845,800,650,695,652,657,723,598,475,406,353,331,221,0,0
2025,2025-02-17,Northbound,Light Vehicles,39,23,29,24,90,378,656,1010,886,705,555,566,544,530,547,669,654,748,411,290,255,132,94,41,0,0
2025,2025-02-17,Northbound,Heavy Vehicles,4,4,4,2,16,56,118,121,102,122,95,103,75,74,80,96,75,89,45,23,14,12,4,7,0,0
2025,2025-02-17,Northbound,All Vehicles,43,27,33,26,106,434,774,1131,988,827,650,669,619,604,627,765,729,837,456,313,269,144,98,48,0,0
2025,2025-02-18,Northbound,Light Vehicles,32,21,16,21,104,422,703,1017,898,797,525,534,521,534,609,700,794,842,529,326,282,174,101,54,0,0
2025,2025-02-18,Northbound,Heavy Vehicles,2,5,3,,27,65,122,112,103,104,71,79,85,82,92,90,77,63,44,35,23,17,1,1,0,0
2025,2025-02-18,Northbound,All Vehicles,34,26,19,21,131,487,825,1129,1001,901,596,613,606,616,701,790,871,905,573,361,305,191,102,55,0,0
2025,2025-02-19,Northbound,Light Vehicles,27,20,14,33,106,415,669,971,705,731,569,557,564,552,628,787,706,752,530,385,322,190,91,51,0,0
2025,2025-02-19,Northbound,Heavy Vehicles,2,3,5,3,23,72,128,101,62,111,90,95,78,76,96,93,72,59,43,35,25,7,10,3,0,0
2025,2025-02-19,Northbound,All Vehicles,29,23,19,36,129,487,797,1072,767,842,659,652,642,628,724,880,778,811,573,420,347,197,101,54,0,0
2025,2025-02-20,Northbound,Light Vehicles,27,22,21,30,116,375,722,975,813,750,592,549,564,540,694,693,693,753,507,362,258,218,89,41,0,0
2025,2025-02-20,Northbound,Heavy Vehicles,3,3,2,1,18,67,124,135,99,98,96,93,107,70,88,105,86,50,43,19,24,9,2,2,0,0
2025,2025-02-20,Northbound,All Vehicles,30,25,23,31,134,442,846,1110,912,848,688,642,671,610,782,798,779,803,550,381,282,227,91,43,0,0
2025,2025-02-21,Northbound,Heavy Vehicles,1,1,2,3,11,32,72,56,64,62,44,42,64,54,50,47,42,50,26,21,21,8,10,5,0,0
2025,2025-02-21,Northbound,Light Vehicles,27,15,18,22,71,176,319,480,484,376,320,361,356,354,355,403,404,421,327,238,177,148,139,76,0,0
2025,2025-02-21,Northbound,All Vehicles,28,16,20,25,82,208,391,536,548,438,364,403,420,408,405,450,446,471,353,259,198,156,149,81,0,0
2025,2025-02-22,Northbound,Light Vehicles,83,63,34,26,50,152,269,478,466,598,704,708,745,712,644,613,610,687,581,455,353,328,292,161,0,0
2025,2025-02-22,Northbound,Heavy Vehicles,3,2,6,2,3,28,31,56,44,59,62,55,60,53,59,49,42,48,42,26,26,16,23,7,0,0
2025,2025-02-22,Northbound,All Vehicles,86,65,40,28,53,180,300,534,510,657,766,763,805,765,703,662,652,735,623,481,379,344,315,168,0,0
2025,2025-02-27,Northbound,Light Vehicles,24,17,17,26,105,368,649,918,915,656,519,482,533,577,588,623,656,731,553,366,309,171,90,51,0,0
2025,2025-02-27,Northbound,Heavy Vehicles,6,3,,5,24,63,114,95,85,101,80,100,100,67,91,84,76,75,41,31,17,9,4,1,0,0
2025,2025-02-27,Northbound,All Vehicles,30,20,17,31,129,431,763,1013,1000,757,599,582,633,644,679,707,732,806,594,397,326,180,94,52,0,0
2025,2025-02-28,Northbound,Heavy Vehicles,3,2,2,2,13,53,86,110,72,65,66,,,,,,,38,29,24,20,13,4,5,0,0
2025,2025-02-28,Northbound,Light Vehicles,19,12,15,22,77,302,500,778,671,526,470,,,,,,,585,452,333,236,163,105,64,0,0
2025,2025-02-28,Northbound,All Vehicles,22,14,17,24,90,355,586,888,743,591,536,,,,,,,623,481,357,256,176,109,69,0,0
2025,2025-03-02,Northbound,Light Vehicles,,,,,29,99,152,294,387,520,544,656,650,549,529,520,546,509,393,383,246,145,96,60,0,0
2025,2025-03-02,Northbound,Heavy Vehicles,,,,,2,12,17,26,48,43,49,45,42,50,46,43,43,30,31,16,18,9,5,2,0,0
2025,2025-03-02,Northbound,All Vehicles,,,,,31,111,169,320,435,563,593,701,692,599,575,563,589,539,424,399,264,154,101,62,0,0
2025,2025-03-05,Northbound,Light Vehicles,28,19,12,18,112,410,709,1006,942,773,586,570,533,513,570,679,669,,,,,,,,0,0
2025,2025-03-05,Northbound,Heavy Vehicles,3,,3,2,25,73,137,116,93,99,95,80,80,85,96,82,78,,,,,,,,0,0
2025,2025-03-05,Northbound,All Vehicles,31,19,15,20,137,483,846,1122,1035,872,681,650,613,598,666,761,747,,,,,,,,0,0
2025,2025-03-07,Northbound,Heavy Vehicles,4,1,3,3,17,56,95,130,101,105,102,,,,,,,56,34,40,22,15,9,6,0,0
2025,2025-03-07,Northbound,Light Vehicles,37,13,16,21,106,338,583,923,862,687,630,,,,,,,743,557,385,312,231,211,111,0,0
2025,2025-03-07,Northbound,All Vehicles,41,14,19,24,123,394,678,1053,963,792,732,,,,,,,799,591,425,334,246,220,117,0,0
2025,2025-03-08,Northbound,Light Vehicles,80,55,43,47,32,119,251,387,449,568,644,,,,,,,635,546,370,336,291,254,167,0,0
2025,2025-03-08,Northbound,Heavy Vehicles,4,1,1,,4,14,27,47,40,56,56,,,,,,,60,40,28,24,12,14,8,0,0
2025,2025-03-08,Northbound,All Vehicles,84,56,44,47,36,133,278,434,489,624,700,,,,,,,695,586,398,360,303,268,175,0,0
2025,2025-03-09,Northbound,Light Vehicles,91,67,62,36,,,,,,,,395,364,321,332,305,289,249,200,181,141,106,54,37,0,0
2025,2025-03-09,Northbound,Heavy Vehicles,2,2,,2,,,,,,,,38,30,26,23,20,20,12,19,10,7,6,4,4,0,0
2025,2025-03-09,Northbound,All Vehicles,93,69,62,38,,,,,,,,433,394,347,355,325,309,261,219,191,148,112,58,41,0,0
2025,2025-03-12,Northbound,Light Vehicles,,,,,126,411,687,1020,739,714,591,579,542,535,577,665,814,801,580,379,312,213,104,46,0,0
2025,2025-03-12,Northbound,Heavy Vehicles,,,,,26,61,125,108,84,93,97,83,90,71,79,71,86,62,40,21,23,12,2,2,0,0
2025,2025-03-12,Northbound,All Vehicles,,,,,152,472,812,1128,823,807,688,662,632,606,656,736,900,863,620,400,335,225,106,48,0,0
2025,2025-03-13,Northbound,Heavy Vehicles,2,2,2,7,22,55,121,104,80,97,94,,,,,,,77,53,31,15,16,8,4,0,0
2025,2025-03-13,Northbound,Light Vehicles,31,30,26,35,120,399,662,970,997,717,566,,,,,,,839,665,463,316,225,138,62,0,0
2025,2025-03-13,Northbound,All Vehicles,33,32,28,42,142,454,783,1074,1077,814,660,,,,,,,916,718,494,331,241,146,66,0,0
2025,2025-03-16,Northbound,Light Vehicles,89,77,59,38,31,80,162,230,363,450,434,562,508,468,465,431,411,409,348,275,205,126,71,42,0,0
2025,2025-03-16,Northbound,Heavy Vehicles,9,4,,,5,8,15,29,31,29,42,54,43,34,42,35,29,21,25,18,18,7,5,1,0,0
2025,2025-03-16,Northbound,All Vehicles,98,81,59,38,36,88,177,259,394,479,476,616,551,502,507,466,440,430,373,293,223,133,76,43,0,0
2025,2025-03-17,Northbound,Heavy Vehicles,2,,4,3,25,64,105,105,100,106,89,85,84,89,84,86,73,,,,,,,,0,0
2025,2025-03-17,Northbound,Light Vehicles,43,25,28,28,99,387,619,988,926,705,492,494,525,526,565,658,646,,,,,,,,0,0
2025,2025-03-17,Northbound,All Vehicles,45,25,32,31,124,451,724,1093,1026,811,581,579,609,615,649,744,719,,,,,,,,0,0
2025,2025-03-19,Northbound,Light Vehicles,29,22,21,28,133,416,673,1013,1023,761,574,582,546,504,578,677,718,,,,,,,,0,0
2025,2025-03-19,Northbound,Heavy Vehicles,3,1,2,3,19,63,131,140,77,99,92,86,107,76,89,97,72,,,,,,,,0,0
2025,2025-03-19,Northbound,All Vehicles,32,23,23,31,152,479,804,1153,1100,860,666,668,653,580,667,774,790,,,,,,,,0,0
2025,2025-03-23,Northbound,Heavy Vehicles,6,4,3,1,2,11,12,22,29,34,39,61,30,29,30,30,30,,,,,,,,0,0
2025,2025-03-23,Northbound,Light Vehicles,118,83,71,48,29,82,120,207,290,459,460,629,596,517,492,463,419,,,,,,,,0,0
2025,2025-03-23,Northbound,All Vehicles,124,87,74,49,31,93,132,229,319,493,499,690,626,546,522,493,449,,,,,,,,0,0
2025,2025-03-24,Northbound,Light Vehicles,,,,,4,11,30,52,108,63,59,62,58,58,70,70,59,74,35,22,20,11,8,1,0,0
2025,2025-03-24,Northbound,Heavy Vehicles,,,,,,,8,3,6,4,7,6,6,6,1,4,3,2,,3,1,1,,,0,0
2025,2025-03-24,Northbound,All Vehicles,,,,,4,11,38,55,114,67,66,68,64,64,71,74,62,76,35,25,21,12,8,1,0,0
2025,2025-03-26,Northbound,Light Vehicles,28,16,18,30,123,394,676,934,971,771,569,635,588,540,597,672,767,774,568,392,271,195,82,55,0,0
2025,2025-03-26,Northbound,Heavy Vehicles,1,3,4,5,25,66,128,108,96,104,90,91,81,81,81,90,93,61,49,33,21,11,12,7,0,0
2025,2025-03-26,Northbound,All Vehicles,29,19,22,35,148,460,804,1042,1067,875,659,726,669,621,678,762,860,835,617,425,292,206,94,62,0,0
2025,2025-03-27,Northbound,Light Vehicles,32,14,25,40,122,404,643,981,941,687,612,589,557,567,593,708,711,,,,,,,,0,0
2025,2025-03-27,Northbound,Heavy Vehicles,3,1,2,9,21,57,117,104,105,97,95,97,89,84,84,97,89,,,,,,,,0,0
2025,2025-03-27,Northbound,All Vehicles,35,15,27,49,143,461,760,1085,1046,784,707,686,646,651,677,805,800,,,,,,,,0,0
2025,2025-03-28,Northbound,Light Vehicles,,,,,,,,,,,,648,608,569,624,663,718,787,587,412,350,285,198,139,0,0
2025,2025-03-28,Northbound,Heavy Vehicles,,,,,,,,,,,,98,96,82,105,93,72,42,36,23,17,27,9,1,0,0
2025,2025-03-28,Northbound,All Vehicles,,,,,,,,,,,,746,704,651,729,756,790,829,623,435,367,312,207,140,0,0
2025,2025-03-29,Northbound,Heavy Vehicles,9,2,1,1,,,,,,,,54,50,73,53,52,44,51,37,21,17,20,12,12,0,0
2025,2025-03-29,Northbound,Light Vehicles,75,75,54,30,,,,,,,,590,571,580,546,524,521,627,553,408,314,293,245,207,0,0
2025,2025-03-29,Northbound,All Vehicles,84,77,55,31,,,,,,,,644,621,653,599,576,565,678,590,429,331,313,257,219,0,0
2025,2025-03-30,Northbound,Heavy Vehicles,10,4,1,3,5,10,14,13,30,38,52,51,47,43,38,38,37,28,21,21,14,6,2,3,0,0
2025,2025-03-30,Northbound,Light Vehicles,143,100,114,60,24,94,134,233,419,539,569,611,676,566,542,471,502,474,375,299,199,172,85,52,0,0
2025,2025-03-30,Northbound,All Vehicles,153,104,115,63,29,104,148,246,449,577,621,662,723,609,580,509,539,502,396,320,213,178,87,55,0,0
2025,2025-03-31,Northbound,Heavy Vehicles,,1,1,1,,,,,,,,14,4,11,7,4,9,4,2,5,2,1,1,1,0,0
2025,2025-03-31,Northbound,Light Vehicles,5,3,1,5,,,,,,,,48,42,48,54,49,72,61,44,30,28,12,5,3,0,0
2025,2025-03-31,Northbound,All Vehicles,5,4,2,6,,,,,,,,62,46,59,61,53,81,65,46,35,30,13,6,4,0,0
2025,2025-04-01,Northbound,Light Vehicles,20,21,19,25,116,393,682,1039,927,614,539,554,583,570,616,673,710,721,512,319,237,155,86,55,0,0
2025,2025-04-01,Northbound,Heavy Vehicles,3,1,4,4,24,61,120,116,88,104,89,89,86,78,85,101,67,59,48,26,16,15,3,1,0,0
2025,2025-04-01,Northbound,All Vehicles,23,22,23,29,140,454,802,1155,1015,718,628,643,669,648,701,774,777,780,560,345,253,170,89,56,0,0
2025,2025-04-02,Northbound,Heavy Vehicles,1,2,2,3,19,64,124,111,85,109,71,84,86,81,76,110,67,48,43,26,17,7,11,2,0,0
2025,2025-04-02,Northbound,Light Vehicles,24,17,23,27,118,403,680,1025,818,722,586,555,549,546,585,744,727,670,520,342,272,185,79,55,0,0
2025,2025-04-02,Northbound,All Vehicles,25,19,25,30,137,467,804,1136,903,831,657,639,635,627,661,854,794,718,563,368,289,192,90,57,0,0
2025,2025-04-03,Northbound,Heavy Vehicles,2,4,5,3,25,67,121,102,103,99,88,93,77,90,102,94,82,50,44,28,32,11,5,2,0,0
2025,2025-04-03,Northbound,Light Vehicles,30,22,17,23,108,396,696,891,952,650,636,632,585,588,686,675,781,772,597,447,297,236,95,43,0,0
2025,2025-04-03,Northbound,All Vehicles,32,26,22,26,133,463,817,993,1055,749,724,725,662,678,788,769,863,822,641,475,329,247,100,45,0,0
2025,2025-04-04,Northbound,Light Vehicles,41,29,21,28,109,371,623,942,935,707,607,650,644,666,684,785,691,,,,,,,,0,0
2025,2025-04-04,Northbound,Heavy Vehicles,10,1,3,2,19,69,122,110,105,100,95,92,92,81,96,100,90,,,,,,,,0,0
2025,2025-04-04,Northbound,All Vehicles,51,30,24,30,128,440,745,1052,1040,807,702,742,736,747,780,885,781,,,,,,,,0,0
2025,2025-04-05,Northbound,Light Vehicles,,,,,40,148,287,409,504,724,719,748,751,691,708,661,625,745,525,466,285,297,231,149,0,0
2025,2025-04-05,Northbound,Heavy Vehicles,,,,,12,24,38,36,48,58,57,66,58,42,55,67,58,50,40,41,28,17,15,5,0,0
2025,2025-04-05,Northbound,All Vehicles,,,,,52,172,325,445,552,782,776,814,809,733,763,728,683,795,565,507,313,314,246,154,0,0
2025,2025-04-06,Northbound,Light Vehicles,87,58,79,17,9,21,40,106,161,167,195,190,200,171,176,173,178,156,153,95,59,48,43,25,0,0
2025,2025-04-06,Northbound,Heavy Vehicles,1,1,2,,1,1,,8,11,10,12,18,17,10,14,14,16,12,3,6,2,,1,1,0,0
2025,2025-04-06,Northbound,All Vehicles,88,59,81,17,10,22,40,114,172,177,207,208,217,181,190,187,194,168,156,101,61,48,44,26,0,0
2025,2025-04-07,Northbound,Light Vehicles,44,25,20,29,99,385,765,1047,1006,715,560,591,546,545,570,697,657,722,442,289,163,121,94,43,0,0
2025,2025-04-07,Northbound,Heavy Vehicles,1,3,2,4,21,64,119,105,86,102,98,79,86,86,84,99,68,60,34,28,15,11,4,4,0,0
2025,2025-04-07,Northbound,All Vehicles,45,28,22,33,120,449,884,1152,1092,817,658,670,632,631,654,796,725,782,476,317,178,132,98,47,0,0
2025,2025-04-08,Northbound,Heavy Vehicles,3,1,2,4,25,69,125,108,67,78,85,76,66,93,70,79,69,73,45,27,17,11,5,1,0,0
2025,2025-04-08,Northbound,Light Vehicles,33,22,18,25,111,448,749,975,668,611,552,547,503,598,599,647,680,733,544,292,202,145,74,36,0,0
2025,2025-04-08,Northbound,All Vehicles,36,23,20,29,136,517,874,1083,735,689,637,623,569,691,669,726,749,806,589,319,219,156,79,37,0,0
2025,2025-04-09,Northbound,Heavy Vehicles,3,2,2,4,24,66,114,111,104,95,71,86,97,70,88,82,82,61,42,19,17,18,5,1,0,0
2025,2025-04-09,Northbound,Light Vehicles,28,19,14,30,109,407,739,1016,957,728,550,588,595,559,627,664,754,814,533,339,229,161,83,36,0,0
2025,2025-04-09,Northbound,All Vehicles,31,21,16,34,133,473,853,1127,1061,823,621,674,692,629,715,746,836,875,575,358,246,179,88,37,0,0
2025,2025-04-10,Northbound,Light Vehicles,27,12,14,26,110,425,735,959,837,655,583,609,577,567,627,731,755,747,638,360,331,216,86,50,0,0
2025,2025-04-10,Northbound,Heavy Vehicles,5,3,2,5,26,65,140,106,80,99,81,78,83,77,88,99,74,54,44,24,26,10,8,3,0,0
2025,2025-04-10,Northbound,All Vehicles,32,15,16,31,136,490,875,1065,917,754,664,687,660,644,715,830,829,801,682,384,357,226,94,53,0,0
2025,2025-04-11,Northbound,Light Vehicles,7,4,3,4,9,16,32,37,27,32,57,37,61,49,64,68,45,59,55,41,42,28,25,11,0,0
2025,2025-04-11,Northbound,Heavy Vehicles,,,,1,2,1,6,5,4,3,10,7,9,6,6,7,4,4,5,2,3,,1,,0,0
2025,2025-04-11,Northbound,All Vehicles,7,4,3,5,11,17,38,42,31,35,67,44,70,55,70,75,49,63,60,43,45,28,26,11,0,0
2025,2025-04-12,Northbound,Heavy Vehicles,3,3,3,,6,18,20,66,55,62,58,66,74,57,46,41,48,47,47,33,21,24,14,7,0,0
2025,2025-04-12,Northbound,Light Vehicles,83,71,53,29,45,158,290,461,536,673,697,812,769,648,720,613,691,840,583,386,268,255,212,143,0,0
2025,2025-04-12,Northbound,All Vehicles,86,74,56,29,51,176,310,527,591,735,755,878,843,705,766,654,739,887,630,419,289,279,226,150,0,0
2025,2025-04-13,Northbound,Light Vehicles,123,97,77,37,43,115,165,260,348,559,533,633,674,672,569,565,566,491,398,315,182,170,113,73,0,0
2025,2025-04-13,Northbound,Heavy Vehicles,6,3,1,1,1,16,12,37,36,40,55,58,55,45,53,40,42,32,27,26,17,12,2,4,0,0
2025,2025-04-13,Northbound,All Vehicles,129,100,78,38,44,131,177,297,384,599,588,691,729,717,622,605,608,523,425,341,199,182,115,77,0,0
2025,2025-04-14,Northbound,Light Vehicles,38,28,25,29,111,375,734,1060,840,645,619,584,597,579,596,599,680,667,425,274,179,112,56,34,0,0
2025,2025-04-14,Northbound,Heavy Vehicles,5,4,1,4,21,50,130,109,86,86,99,90,83,87,74,108,57,58,33,23,17,8,3,3,0,0
2025,2025-04-14,Northbound,All Vehicles,43,32,26,33,132,425,864,1169,926,731,718,674,680,666,670,707,737,725,458,297,196,120,59,37,0,0
2025,2025-04-15,Northbound,Heavy Vehicles,4,3,1,3,17,65,129,106,84,116,86,83,82,86,66,87,68,73,32,14,19,12,3,3,0,0
2025,2025-04-15,Northbound,Light Vehicles,23,15,17,17,119,396,735,1003,763,653,609,589,611,598,625,687,796,756,492,300,198,163,68,51,0,0
2025,2025-04-15,Northbound,All Vehicles,27,18,18,20,136,461,864,1109,847,769,695,672,693,684,691,774,864,829,524,314,217,175,71,54,0,0
2025,2025-04-16,Northbound,Light Vehicles,25,20,14,21,117,390,680,909,929,742,688,644,665,651,627,712,719,644,529,292,229,194,88,43,0,0
2025,2025-04-16,Northbound,Heavy Vehicles,5,3,1,6,15,59,118,110,91,99,86,82,88,81,96,93,67,54,36,16,14,5,3,7,0,0
2025,2025-04-16,Northbound,All Vehicles,30,23,15,27,132,449,798,1019,1020,841,774,726,753,732,723,805,786,698,565,308,243,199,91,50,0,0
2025,2025-04-17,Northbound,Light Vehicles,26,17,18,22,121,399,662,863,922,708,679,698,658,665,668,707,674,729,589,363,293,244,110,78,0,0
2025,2025-04-17,Northbound,Heavy Vehicles,3,2,1,8,10,62,111,113,79,97,86,99,94,94,112,65,59,62,45,34,23,15,8,6,0,0
2025,2025-04-17,Northbound,All Vehicles,29,19,19,30,131,461,773,976,1001,805,765,797,752,759,780,772,733,791,634,397,316,259,118,84,0,0
2025,2025-04-18,Northbound,Light Vehicles,52,32,20,18,57,123,235,356,432,465,594,625,579,460,510,494,486,488,388,274,152,159,118,65,0,0
2025,2025-04-18,Northbound,Heavy Vehicles,5,2,1,3,5,21,26,42,38,49,52,50,48,44,46,36,39,33,22,15,9,5,7,1,0,0
2025,2025-04-18,Northbound,All Vehicles,57,34,21,21,62,144,261,398,470,514,646,675,627,504,556,530,525,521,410,289,161,164,125,66,0,0
2025,2025-04-19,Northbound,Heavy Vehicles,1,1,,2,5,21,21,41,31,45,58,50,52,38,44,34,30,29,34,9,16,14,2,5,0,0
2025,2025-04-19,Northbound,Light Vehicles,41,23,24,14,50,162,190,459,441,524,580,638,654,535,531,532,477,497,391,271,189,184,156,92,0,0
2025,2025-04-19,Northbound,All Vehicles,42,24,24,16,55,183,211,500,472,569,638,688,706,573,575,566,507,526,425,280,205,198,158,97,0,0
2025,2025-04-20,Northbound,Heavy Vehicles,3,7,1,2,1,10,9,17,29,28,45,43,51,29,41,31,37,34,42,20,13,9,4,8,0,0
2025,2025-04-20,Northbound,Light Vehicles,101,75,54,43,43,78,122,208,321,487,500,606,569,578,497,526,525,459,424,307,228,228,152,127,0,0
2025,2025-04-20,Northbound,All Vehicles,104,82,55,45,44,88,131,225,350,515,545,649,620,607,538,557,562,493,466,327,241,237,156,135,0,0
2025,2025-04-21,Northbound,Heavy Vehicles,1,1,,,1,,2,2,,4,6,3,5,4,4,2,1,5,1,1,2,1,1,1,0,0
2025,2025-04-21,Northbound,Light Vehicles,9,11,5,3,5,7,11,23,26,43,46,34,45,36,41,42,31,39,48,27,12,17,17,9,0,0
2025,2025-04-21,Northbound,All Vehicles,10,12,5,3,6,7,13,25,26,47,52,37,50,40,45,44,32,44,49,28,14,18,18,10,0,0
2025,2025-04-22,Northbound,Light Vehicles,23,17,17,26,90,289,528,795,786,619,620,622,577,574,637,578,607,689,480,279,189,153,78,47,0,0
2025,2025-04-22,Northbound,Heavy Vehicles,,2,3,2,17,45,92,91,86,83,84,74,75,59,72,58,57,40,27,22,13,13,3,5,0,0
2025,2025-04-22,Northbound,All Vehicles,23,19,20,28,107,334,620,886,872,702,704,696,652,633,709,636,664,729,507,301,202,166,81,52,0,0
2025,2025-04-23,Northbound,Light Vehicles,32,19,18,32,93,328,546,811,759,671,559,565,672,573,603,621,605,760,426,278,215,160,98,56,0,0
2025,2025-04-23,Northbound,Heavy Vehicles,2,2,3,1,17,42,92,106,74,96,69,84,75,66,63,62,53,52,39,24,14,12,4,2,0,0
2025,2025-04-23,Northbound,All Vehicles,34,21,21,33,110,370,638,917,833,767,628,649,747,639,666,683,658,812,465,302,229,172,102,58,0,0
2025,2025-04-24,Northbound,Heavy Vehicles,2,3,2,3,18,42,86,97,84,82,80,77,89,87,79,76,61,65,26,23,24,9,12,6,0,0
2025,2025-04-24,Northbound,Light Vehicles,21,23,10,28,100,317,575,834,792,690,657,675,674,729,663,676,696,725,619,356,301,230,121,69,0,0
2025,2025-04-24,Northbound,All Vehicles,23,26,12,31,118,359,661,931,876,772,737,752,763,816,742,752,757,790,645,379,325,239,133,75,0,0
2025,2025-04-25,Northbound,Heavy Vehicles,,2,1,4,8,,4,1,13,9,9,7,11,7,8,10,7,13,8,2,,4,5,3,0,0
2025,2025-04-25,Northbound,Light Vehicles,22,16,7,26,120,28,41,67,114,124,104,127,127,158,155,138,153,159,136,112,102,97,77,54,0,0
2025,2025-04-25,Northbound,All Vehicles,22,18,8,30,128,28,45,68,127,133,113,134,138,165,163,148,160,172,144,114,102,101,82,57,0,0
2025,2025-04-26,Northbound,Light Vehicles,85,60,49,41,31,106,218,352,441,636,624,704,743,671,661,527,557,633,478,305,249,211,196,121,0,0
2025,2025-04-26,Northbound,Heavy Vehicles,1,2,3,1,3,9,24,43,58,49,53,52,51,41,50,35,33,50,39,23,11,15,6,3,0,0
2025,2025-04-26,Northbound,All Vehicles,86,62,52,42,34,115,242,395,499,685,677,756,794,712,711,562,590,683,517,328,260,226,202,124,0,0
2025,2025-04-27,Northbound,Light Vehicles,37,34,39,27,5,9,27,44,47,96,108,121,136,124,101,106,124,82,73,50,42,32,19,16,0,0
2025,2025-04-27,Northbound,Heavy Vehicles,3,,1,,1,1,,1,1,3,5,7,6,11,7,9,5,7,4,2,,,1,,0,0
2025,2025-04-27,Northbound,All Vehicles,40,34,40,27,6,10,27,45,48,99,113,128,142,135,108,115,129,89,77,52,42,32,20,16,0,0
2025,2025-04-28,Northbound,Light Vehicles,31,20,16,24,104,366,629,890,1046,675,534,591,549,553,558,651,680,692,435,224,183,106,65,36,0,0
2025,2025-04-28,Northbound,Heavy Vehicles,5,3,2,1,22,43,98,82,87,93,89,93,67,83,70,72,96,52,32,23,18,11,3,2,0,0
2025,2025-04-28,Northbound,All Vehicles,36,23,18,25,126,409,727,972,1133,768,623,684,616,636,628,723,776,744,467,247,201,117,68,38,0,0
2025,2025-04-29,Northbound,Light Vehicles,25,20,20,26,103,411,748,940,898,615,564,625,566,576,603,757,701,668,463,259,225,138,80,42,0,0
2025,2025-04-29,Northbound,Heavy Vehicles,2,3,5,5,24,62,131,114,91,88,101,66,81,90,79,85,90,58,38,19,12,9,8,,0,0
2025,2025-04-29,Northbound,All Vehicles,27,23,25,31,127,473,879,1054,989,703,665,691,647,666,682,842,791,726,501,278,237,147,88,42,0,0
2025,2025-04-30,Northbound,Light Vehicles,29,22,16,19,117,402,686,981,826,742,502,531,553,535,598,693,494,481,433,256,220,153,90,51,0,0
2025,2025-04-30,Northbound,Heavy Vehicles,1,2,3,2,29,70,122,107,72,87,84,74,81,78,62,97,74,32,31,21,20,13,5,2,0,0
2025,2025-04-30,Northbound,All Vehicles,30,24,19,21,146,472,808,1088,898,829,586,605,634,613,660,790,568,513,464,277,240,166,95,53,0,0
2025,2025-05-01,Northbound,Heavy Vehicles,1,2,3,1,18,62,113,104,101,86,89,86,74,89,77,91,74,64,41,24,21,9,9,7,0,0
2025,2025-05-01,Northbound,Light Vehicles,22,20,14,18,101,384,678,982,877,725,532,597,594,579,592,674,702,687,527,296,236,176,78,51,0,0
2025,2025-05-01,Northbound,All Vehicles,23,22,17,19,119,446,791,1086,978,811,621,683,668,668,669,765,776,751,568,320,257,185,87,58,0,0
2025,2025-05-02,Northbound,Light Vehicles,23,16,18,27,91,364,618,981,898,614,620,633,670,630,664,737,680,714,549,373,323,232,164,113,0,0
2025,2025-05-02,Northbound,Heavy Vehicles,2,3,2,9,20,57,102,132,99,90,101,82,88,76,94,90,72,60,43,31,16,15,12,4,0,0
2025,2025-05-02,Northbound,All Vehicles,25,19,20,36,111,421,720,1113,997,704,721,715,758,706,758,827,752,774,592,404,339,247,176,117,0,0
2025,2025-05-03,Northbound,Heavy Vehicles,1,3,4,1,6,16,22,47,48,53,59,53,57,49,43,37,44,42,36,18,16,15,11,8,0,0
2025,2025-05-03,Northbound,Light Vehicles,81,54,30,28,47,143,229,464,461,558,652,656,674,642,690,593,594,681,485,353,260,246,204,157,0,0
2025,2025-05-03,Northbound,All Vehicles,82,57,34,29,53,159,251,511,509,611,711,709,731,691,733,630,638,723,521,371,276,261,215,165,0,0
2025,2025-05-04,Northbound,Heavy Vehicles,3,4,3,1,6,13,11,33,30,42,44,68,55,59,30,32,38,27,18,19,23,7,1,3,0,0
2025,2025-05-04,Northbound,Light Vehicles,114,89,54,50,45,98,151,228,367,547,598,614,669,604,575,546,515,458,275,254,160,118,80,53,0,0
2025,2025-05-04,Northbound,All Vehicles,117,93,57,51,51,111,162,261,397,589,642,682,724,663,605,578,553,485,293,273,183,125,81,56,0,0
2025,2025-05-05,Northbound,Heavy Vehicles,3,4,1,6,20,53,119,92,89,79,91,92,89,79,87,92,82,50,37,24,13,11,4,4,0,0
2025,2025-05-05,Northbound,Light Vehicles,27,19,17,24,108,388,653,1009,902,657,540,548,540,522,633,679,668,690,457,265,204,136,68,41,0,0
2025,2025-05-05,Northbound,All Vehicles,30,23,18,30,128,441,772,1101,991,736,631,640,629,601,720,771,750,740,494,289,217,147,72,45,0,0
2025,2025-05-06,Northbound,Heavy Vehicles,4,2,1,5,20,54,111,113,92,100,87,91,92,83,78,96,88,64,29,28,14,12,2,4,0,0
2025,2025-05-06,Northbound,Light Vehicles,19,22,15,21,110,405,730,964,694,679,591,577,539,534,608,745,733,801,495,291,251,168,88,40,0,0
2025,2025-05-06,Northbound,All Vehicles,23,24,16,26,130,459,841,1077,786,779,678,668,631,617,686,841,821,865,524,319,265,180,90,44,0,0
2025,2025-05-07,Northbound,Heavy Vehicles,,4,3,6,23,64,132,105,86,85,77,91,87,92,74,106,78,66,34,27,14,11,3,5,0,0
2025,2025-05-07,Northbound,Light Vehicles,32,12,11,18,116,416,712,975,912,648,558,586,593,591,632,709,693,820,485,325,235,188,92,45,0,0
2025,2025-05-07,Northbound,All Vehicles,32,16,14,24,139,480,844,1080,998,733,635,677,680,683,706,815,771,886,519,352,249,199,95,50,0,0
2025,2025-05-08,Northbound,Light Vehicles,27,18,29,28,111,410,705,990,843,712,594,629,574,564,634,616,670,724,550,375,262,190,86,52,0,0
2025,2025-05-08,Northbound,Heavy Vehicles,1,,4,9,24,60,118,110,84,92,71,89,80,87,75,83,78,70,47,23,22,9,2,2,0,0
2025,2025-05-08,Northbound,All Vehicles,28,18,33,37,135,470,823,1100,927,804,665,718,654,651,709,699,748,794,597,398,284,199,88,54,0,0
2025,2025-05-09,Northbound,Heavy Vehicles,2,2,2,4,22,51,114,102,97,90,82,97,97,86,120,97,76,55,36,31,24,13,9,7,0,0
2025,2025-05-09,Northbound,Light Vehicles,39,16,25,32,112,383,616,985,873,711,647,630,598,611,610,638,772,785,575,375,305,240,155,134,0,0
2025,2025-05-09,Northbound,All Vehicles,41,18,27,36,134,434,730,1087,970,801,729,727,695,697,730,735,848,840,611,406,329,253,164,141,0,0
2025,2025-05-10,Northbound,Heavy Vehicles,5,,2,1,13,15,33,44,40,52,63,67,59,49,53,43,34,42,35,22,18,18,7,14,0,0
2025,2025-05-10,Northbound,Light Vehicles,92,50,29,28,50,155,260,432,491,640,677,702,760,661,637,599,578,695,519,342,275,252,191,144,0,0
2025,2025-05-10,Northbound,All Vehicles,97,50,31,29,63,170,293,476,531,692,740,769,819,710,690,642,612,737,554,364,293,270,198,158,0,0
2025,2025-05-11,Northbound,Heavy Vehicles,7,3,1,2,4,6,11,28,33,35,47,46,55,54,48,37,38,38,25,15,14,8,2,1,0,0
2025,2025-05-11,Northbound,Light Vehicles,113,69,51,41,31,80,154,259,387,476,590,718,714,657,557,487,510,532,329,266,183,131,54,41,0,0
2025,2025-05-11,Northbound,All Vehicles,120,72,52,43,35,86,165,287,420,511,637,764,769,711,605,524,548,570,354,281,197,139,56,42,0,0
2025,2025-05-12,Northbound,Light Vehicles,24,14,16,19,114,411,646,998,964,675,519,552,473,495,513,643,638,677,382,239,217,119,57,41,0,0
2025,2025-05-12,Northbound,Heavy Vehicles,2,1,2,6,19,61,113,92,95,83,67,85,69,83,72,76,72,56,32,22,12,8,3,2,0,0
2025,2025-05-12,Northbound,All Vehicles,26,15,18,25,133,472,759,1090,1059,758,586,637,542,578,585,719,710,733,414,261,229,127,60,43,0,0
2025,2025-05-13,Northbound,Heavy Vehicles,1,2,3,7,16,67,143,102,94,104,86,85,76,81,74,98,79,56,36,17,24,13,3,4,0,0
2025,2025-05-13,Northbound,Light Vehicles,21,12,15,29,105,399,685,1044,820,733,534,541,546,537,586,717,698,680,507,284,235,157,76,49,0,0
2025,2025-05-13,Northbound,All Vehicles,22,14,18,36,121,466,828,1146,914,837,620,626,622,618,660,815,777,736,543,301,259,170,79,53,0,0
2025,2025-05-14,Northbound,Light Vehicles,29,14,16,26,115,406,707,1006,923,656,621,546,583,565,621,662,803,767,542,299,253,159,96,44,0,0
2025,2025-05-14,Northbound,Heavy Vehicles,3,1,1,7,18,62,132,100,93,102,96,84,95,75,79,77,78,62,38,33,16,18,11,1,0,0
2025,2025-05-14,Northbound,All Vehicles,32,15,17,33,133,468,839,1106,1016,758,717,630,678,640,700,739,881,829,580,332,269,177,107,45,0,0
2025,2025-05-15,Northbound,Light Vehicles,36,20,17,32,98,393,721,949,858,669,554,517,592,563,548,577,635,700,499,317,241,195,98,41,0,0
2025,2025-05-15,Northbound,Heavy Vehicles,3,2,4,5,16,64,129,112,91,101,85,70,91,70,68,54,85,51,36,23,9,16,11,5,0,0
2025,2025-05-15,Northbound,All Vehicles,39,22,21,37,114,457,850,1061,949,770,639,587,683,633,616,631,720,751,535,340,250,211,109,46,0,0
2025,2025-05-16,Northbound,Heavy Vehicles,2,3,2,7,11,38,108,108,89,88,84,94,91,70,98,91,86,67,42,23,26,11,7,4,0,0
2025,2025-05-16,Northbound,Light Vehicles,30,21,13,30,95,372,586,879,889,742,586,605,683,577,643,713,702,721,508,402,287,200,148,109,0,0
2025,2025-05-16,Northbound,All Vehicles,32,24,15,37,106,410,694,987,978,830,670,699,774,647,741,804,788,788,550,425,313,211,155,113,0,0
2025,2025-05-17,Northbound,Heavy Vehicles,6,3,6,4,9,18,34,47,52,70,73,62,59,43,42,48,51,51,35,27,20,17,10,9,0,0
2025,2025-05-17,Northbound,Light Vehicles,88,47,48,43,56,155,232,417,477,623,663,703,763,639,644,645,626,722,542,360,260,257,221,152,0,0
2025,2025-05-17,Northbound,All Vehicles,94,50,54,47,65,173,266,464,529,693,736,765,822,682,686,693,677,773,577,387,280,274,231,161,0,0
2025,2025-05-18,Northbound,Heavy Vehicles,6,3,1,1,6,13,12,21,30,40,40,53,45,42,34,32,26,22,22,16,11,4,3,,0,0
2025,2025-05-18,Northbound,Light Vehicles,127,85,80,52,43,103,128,192,339,448,474,520,581,520,477,467,456,404,288,216,159,120,70,34,0,0
2025,2025-05-18,Northbound,All Vehicles,133,88,81,53,49,116,140,213,369,488,514,573,626,562,511,499,482,426,310,232,170,124,73,34,0,0
2025,2025-05-19,Northbound,Light Vehicles,32,22,8,26,114,313,581,802,825,619,453,437,444,440,493,523,598,510,305,180,126,82,71,32,0,0
2025,2025-05-19,Northbound,Heavy Vehicles,2,,3,2,22,45,107,85,86,89,84,72,42,87,56,89,67,36,25,20,8,5,2,2,0,0
2025,2025-05-19,Northbound,All Vehicles,34,22,11,28,136,358,688,887,911,708,537,509,486,527,549,612,665,546,330,200,134,87,73,34,0,0
2025,2025-05-20,Northbound,Heavy Vehicles,4,,4,1,18,55,123,110,77,90,82,71,65,57,69,84,78,59,25,23,26,15,4,2,0,0
2025,2025-05-20,Northbound,Light Vehicles,17,17,18,26,90,350,598,848,959,616,496,508,466,473,515,656,673,647,450,247,184,135,66,40,0,0
2025,2025-05-20,Northbound,All Vehicles,21,17,22,27,108,405,721,958,1036,706,578,579,531,530,584,740,751,706,475,270,210,150,70,42,0,0
2025,2025-05-21,Northbound,Heavy Vehicles,,2,1,5,11,57,91,74,103,125,84,92,80,87,67,71,66,43,23,26,18,11,10,1,0,0
2025,2025-05-21,Northbound,Light Vehicles,17,16,14,23,108,369,651,891,917,688,502,526,485,492,506,643,710,643,455,232,236,137,86,29,0,0
2025,2025-05-21,Northbound,All Vehicles,17,18,15,28,119,426,742,965,1020,813,586,618,565,579,573,714,776,686,478,258,254,148,96,30,0,0
2025,2025-05-22,Northbound,Light Vehicles,21,14,17,23,130,375,642,974,841,645,501,554,530,528,539,584,674,589,414,272,220,179,73,60,0,0
2025,2025-05-22,Northbound,Heavy Vehicles,,1,1,4,21,38,98,116,79,88,89,81,88,72,61,75,65,46,37,16,12,10,12,3,0,0
2025,2025-05-22,Northbound,All Vehicles,21,15,18,27,151,413,740,1090,920,733,590,635,618,600,600,659,739,635,451,288,232,189,85,63,0,0
2025,2025-05-23,Northbound,Heavy Vehicles,2,2,2,3,13,32,76,101,91,97,75,80,77,73,76,62,57,54,43,26,20,10,5,6,0,0
2025,2025-05-23,Northbound,Light Vehicles,33,24,18,31,94,331,523,710,911,643,561,519,561,489,533,556,567,631,544,327,244,229,166,107,0,0
2025,2025-05-23,Northbound,All Vehicles,35,26,20,34,107,363,599,811,1002,740,636,599,638,562,609,618,624,685,587,353,264,239,171,113,0,0
2025,2025-05-24,Northbound,Light Vehicles,48,49,30,41,36,121,230,441,411,584,672,720,738,663,682,623,685,692,483,358,289,275,268,166,0,0
2025,2025-05-24,Northbound,Heavy Vehicles,7,4,4,2,3,22,24,44,50,60,62,67,67,62,53,47,37,43,31,19,19,17,13,9,0,0
2025,2025-05-24,Northbound,All Vehicles,55,53,34,43,39,143,254,485,461,644,734,787,805,725,735,670,722,735,514,377,308,292,281,175,0,0
2025,2025-05-25,Northbound,Heavy Vehicles,4,9,1,3,4,10,12,21,28,49,44,52,50,49,46,37,40,28,21,12,9,5,2,2,0,0
2025,2025-05-25,Northbound,Light Vehicles,131,96,87,63,48,87,128,212,331,542,603,736,746,602,587,507,522,442,324,239,159,130,73,53,0,0
2025,2025-05-25,Northbound,All Vehicles,135,105,88,66,52,97,140,233,359,591,647,788,796,651,633,544,562,470,345,251,168,135,75,55,0,0
2025,2025-05-26,Northbound,Light Vehicles,32,14,14,26,115,412,655,985,969,695,552,481,526,500,548,599,636,610,371,223,171,110,53,46,0,0
2025,2025-05-26,Northbound,Heavy Vehicles,,,1,4,22,47,132,108,109,103,86,89,74,72,76,94,78,62,26,25,15,12,2,5,0,0
2025,2025-05-26,Northbound,All Vehicles,32,14,15,30,137,459,787,1093,1078,798,638,570,600,572,624,693,714,672,397,248,186,122,55,51,0,0
2025,2025-05-27,Northbound,Light Vehicles,14,15,15,27,105,360,672,939,889,725,555,529,540,550,573,573,766,709,460,252,183,144,76,37,0,0
2025,2025-05-27,Northbound,Heavy Vehicles,1,1,3,2,18,62,135,99,91,108,94,82,71,67,83,81,103,66,45,19,14,14,7,5,0,0
2025,2025-05-27,Northbound,All Vehicles,15,16,18,29,123,422,807,1038,980,833,649,611,611,617,656,654,869,775,505,271,197,158,83,42,0,0
2025,2025-05-28,Northbound,Heavy Vehicles,2,,3,2,18,71,120,92,100,113,97,88,90,85,81,94,68,64,47,22,13,10,10,1,0,0
2025,2025-05-28,Northbound,Light Vehicles,16,16,16,34,124,395,668,946,913,752,548,590,545,563,614,699,667,722,470,301,208,163,172,62,0,0
2025,2025-05-28,Northbound,All Vehicles,18,16,19,36,142,466,788,1038,1013,865,645,678,635,648,695,793,735,786,517,323,221,173,182,63,0,0
2025,2025-05-29,Northbound,Heavy Vehicles,3,3,2,4,18,57,120,118,90,98,73,85,101,80,85,108,75,75,33,34,18,15,8,5,0,0
2025,2025-05-29,Northbound,Light Vehicles,42,20,17,28,108,364,653,977,877,662,564,496,581,549,642,686,647,739,467,345,225,189,134,56,0,0
2025,2025-05-29,Northbound,All Vehicles,45,23,19,32,126,421,773,1095,967,760,637,581,682,629,727,794,722,814,500,379,243,204,142,61,0,0
2025,2025-05-30,Northbound,Light Vehicles,28,29,22,26,92,365,615,910,833,636,603,575,671,605,613,777,704,706,595,385,246,230,141,94,0,0
2025,2025-05-30,Northbound,Heavy Vehicles,2,,3,9,20,48,108,115,103,90,97,96,95,100,89,91,65,55,35,37,20,18,12,6,0,0
2025,2025-05-30,Northbound,All Vehicles,30,29,25,35,112,413,723,1025,936,726,700,671,766,705,702,868,769,761,630,422,266,248,153,100,0,0
2025,2025-05-31,Northbound,Light Vehicles,74,45,34,31,42,123,250,426,459,613,637,718,725,723,625,612,617,727,520,360,288,234,220,166,0,0
2025,2025-05-31,Northbound,Heavy Vehicles,3,,1,3,4,22,26,43,53,67,62,71,78,72,46,54,41,55,41,20,18,12,14,6,0,0
2025,2025-05-31,Northbound,All Vehicles,77,45,35,34,46,145,276,469,512,680,699,789,803,795,671,666,658,782,561,380,306,246,234,172,0,0
2025,2025-06-01,Northbound,Light Vehicles,120,80,60,50,29,71,148,204,424,509,575,562,705,594,542,515,473,469,281,223,164,132,75,44,0,0
2025,2025-06-01,Northbound,Heavy Vehicles,6,3,2,,4,7,17,24,34,43,53,40,48,48,39,40,38,31,29,14,12,7,5,3,0,0
2025,2025-06-01,Northbound,All Vehicles,126,83,62,50,33,78,165,228,458,552,628,602,753,642,581,555,511,500,310,237,176,139,80,47,0,0
2025,2025-06-02,Northbound,Light Vehicles,27,16,13,20,116,391,651,978,856,678,531,558,531,518,569,613,670,744,452,250,165,132,67,51,0,0
2025,2025-06-02,Northbound,Heavy Vehicles,1,3,2,2,18,47,118,119,84,98,80,92,87,70,84,101,75,62,31,21,14,10,3,5,0,0
2025,2025-06-02,Northbound,All Vehicles,28,19,15,22,134,438,769,1097,940,776,611,650,618,588,653,714,745,806,483,271,179,142,70,56,0,0
2025,2025-06-03,Northbound,Light Vehicles,21,19,14,26,104,395,714,900,914,687,538,573,556,549,572,689,760,665,443,319,222,171,73,37,0,0
2025,2025-06-03,Northbound,Heavy Vehicles,2,4,3,5,21,47,112,107,109,109,108,72,71,73,96,97,74,59,40,26,20,16,3,3,0,0
2025,2025-06-03,Northbound,All Vehicles,23,23,17,31,125,442,826,1007,1023,796,646,645,627,622,668,786,834,724,483,345,242,187,76,40,0,0
2025,2025-06-04,Northbound,Heavy Vehicles,,4,3,4,20,63,100,106,96,107,97,70,92,76,73,77,76,61,36,15,13,8,6,3,0,0
2025,2025-06-04,Northbound,Light Vehicles,25,22,15,25,99,425,676,986,883,756,565,566,495,501,535,656,608,730,457,259,188,167,64,48,0,0
2025,2025-06-04,Northbound,All Vehicles,25,26,18,29,119,488,776,1092,979,863,662,636,587,577,608,733,684,791,493,274,201,175,70,51,0,0
2025,2025-06-05,Northbound,Light Vehicles,23,24,9,31,97,420,688,976,751,660,582,626,560,570,614,645,751,784,535,325,259,193,137,60,0,0
2025,2025-06-05,Northbound,Heavy Vehicles,2,3,3,3,18,64,129,127,71,94,103,92,91,96,85,96,86,66,39,19,18,12,7,11,0,0
2025,2025-06-05,Northbound,All Vehicles,25,27,12,34,115,484,817,1103,822,754,685,718,651,666,699,741,837,850,574,344,277,205,144,71,0,0
2025,2025-06-06,Northbound,Heavy Vehicles,2,2,5,,15,42,104,110,90,92,85,112,88,96,86,114,88,57,35,31,22,15,19,4,0,0
2025,2025-06-06,Northbound,Light Vehicles,35,29,18,18,112,358,613,842,858,648,612,647,630,629,718,741,753,731,522,367,240,194,151,115,0,0
2025,2025-06-06,Northbound,All Vehicles,37,31,23,18,127,400,717,952,948,740,697,759,718,725,804,855,841,788,557,398,262,209,170,119,0,0
2025,2025-06-07,Northbound,Light Vehicles,97,49,35,30,40,122,220,395,434,593,676,787,742,703,634,547,558,680,461,334,258,236,177,151,0,0
2025,2025-06-07,Northbound,Heavy Vehicles,3,1,3,,5,17,35,37,38,51,56,66,66,51,43,45,32,47,28,22,18,11,11,8,0,0
2025,2025-06-07,Northbound,All Vehicles,100,50,38,30,45,139,255,432,472,644,732,853,808,754,677,592,590,727,489,356,276,247,188,159,0,0
2025,2025-06-08,Northbound,Light Vehicles,86,63,56,36,34,85,140,198,285,427,454,600,640,527,543,513,550,508,348,238,219,202,154,94,0,0
2025,2025-06-08,Northbound,Heavy Vehicles,3,1,1,1,5,8,9,20,26,33,41,56,40,34,27,46,26,25,27,12,22,11,14,3,0,0
2025,2025-06-08,Northbound,All Vehicles,89,64,57,37,39,93,149,218,311,460,495,656,680,561,570,559,576,533,375,250,241,213,168,97,0,0
2025,2025-06-09,Northbound,Light Vehicles,6,5,6,3,10,7,5,23,25,44,50,47,36,44,50,43,42,45,25,21,17,7,10,6,0,0
2025,2025-06-09,Northbound,Heavy Vehicles,,,1,,2,1,1,,2,1,6,,5,4,5,7,2,2,1,3,,,,,0,0
2025,2025-06-09,Northbound,All Vehicles,6,5,7,3,12,8,6,23,27,45,56,47,41,48,55,50,44,47,26,24,17,7,10,6,0,0
2025,2025-06-10,Northbound,Heavy Vehicles,1,2,4,8,16,62,115,118,94,104,95,78,83,80,102,96,80,62,30,22,18,8,5,3,0,0
2025,2025-06-10,Northbound,Light Vehicles,21,17,20,24,91,367,649,969,909,762,527,561,575,571,622,722,726,723,454,257,211,122,65,31,0,0
2025,2025-06-10,Northbound,All Vehicles,22,19,24,32,107,429,764,1087,1003,866,622,639,658,651,724,818,806,785,484,279,229,130,70,34,0,0
2025,2025-06-11,Northbound,Light Vehicles,25,20,12,24,114,386,696,977,960,706,562,537,557,511,542,716,700,782,472,288,223,139,89,35,0,0
2025,2025-06-11,Northbound,Heavy Vehicles,,4,5,4,19,55,111,118,88,129,87,95,105,91,93,89,70,68,41,22,20,12,5,3,0,0
2025,2025-06-11,Northbound,All Vehicles,25,24,17,28,133,441,807,1095,1048,835,649,632,662,602,635,805,770,850,513,310,243,151,94,38,0,0
2025,2025-06-12,Northbound,Light Vehicles,26,18,13,18,113,416,688,1019,948,695,549,558,589,584,669,699,741,718,552,367,225,235,109,83,0,0
2025,2025-06-12,Northbound,Heavy Vehicles,2,3,1,2,14,69,121,127,84,95,85,86,70,60,82,102,80,55,46,22,24,11,7,5,0,0
2025,2025-06-12,Northbound,All Vehicles,28,21,14,20,127,485,809,1146,1032,790,634,644,659,644,751,801,821,773,598,389,249,246,116,88,0,0
2025,2025-06-13,Northbound,Heavy Vehicles,2,2,3,4,16,51,103,115,95,93,83,93,82,85,95,82,69,66,41,18,13,18,9,6,0,0
2025,2025-06-13,Northbound,Light Vehicles,33,21,16,22,81,355,599,921,877,701,594,607,604,594,628,726,744,776,569,333,229,205,160,93,0,0
2025,2025-06-13,Northbound,All Vehicles,35,23,19,26,97,406,702,1036,972,794,677,700,686,679,723,808,813,842,610,351,242,223,169,99,0,0
2025,2025-06-14,Northbound,Light Vehicles,72,41,39,16,39,126,200,369,450,539,668,755,746,657,620,644,613,681,476,373,249,259,216,170,0,0
2025,2025-06-14,Northbound,Heavy Vehicles,5,2,3,2,5,18,26,34,51,55,56,57,65,47,62,47,52,43,26,26,22,20,9,6,0,0
2025,2025-06-14,Northbound,All Vehicles,77,43,42,18,44,144,226,403,501,594,724,812,811,704,682,691,665,724,502,399,271,279,225,176,0,0
2025,2025-06-15,Northbound,Light Vehicles,117,101,80,46,46,86,138,205,395,536,571,677,733,617,589,564,479,446,310,233,179,125,64,50,0,0
2025,2025-06-15,Northbound,Heavy Vehicles,4,5,2,1,4,7,12,28,22,48,60,55,56,42,51,48,44,31,29,11,15,4,5,3,0,0
2025,2025-06-15,Northbound,All Vehicles,121,106,82,47,50,93,150,233,417,584,631,732,789,659,640,612,523,477,339,244,194,129,69,53,0,0
2025,2025-06-16,Northbound,Heavy Vehicles,3,1,2,1,13,59,128,107,106,89,86,93,82,76,90,88,73,58,29,24,11,19,2,2,0,0
2025,2025-06-16,Northbound,Light Vehicles,29,17,16,26,102,378,631,1038,917,667,504,519,505,563,623,642,640,728,386,256,189,142,48,39,0,0
2025,2025-06-16,Northbound,All Vehicles,32,18,18,27,115,437,759,1145,1023,756,590,612,587,639,713,730,713,786,415,280,200,161,50,41,0,0
2025,2025-06-17,Northbound,Heavy Vehicles,6,,2,3,22,71,115,110,71,98,86,94,83,103,74,90,71,51,35,17,21,14,6,1,0,0
2025,2025-06-17,Northbound,Light Vehicles,18,19,13,26,89,398,649,948,849,694,556,518,563,550,569,664,721,730,471,285,219,161,70,42,0,0
2025,2025-06-17,Northbound,All Vehicles,24,19,15,29,111,469,764,1058,920,792,642,612,646,653,643,754,792,781,506,302,240,175,76,43,0,0
2025,2025-06-18,Northbound,Heavy Vehicles,1,2,4,3,18,66,124,101,93,95,79,83,81,83,93,93,76,63,48,25,16,4,13,3,0,0
2025,2025-06-18,Northbound,Light Vehicles,19,16,17,31,121,396,708,967,941,683,617,585,569,559,587,710,734,714,492,285,157,140,136,56,0,0
2025,2025-06-18,Northbound,All Vehicles,20,18,21,34,139,462,832,1068,1034,778,696,668,650,642,680,803,810,777,540,310,173,144,149,59,0,0
2025,2025-06-19,Northbound,Light Vehicles,17,23,16,26,109,359,705,875,885,654,546,566,573,560,629,689,711,777,528,370,257,205,91,53,0,0
2025,2025-06-19,Northbound,Heavy Vehicles,1,1,1,6,14,53,107,107,119,74,80,72,84,87,84,85,76,70,34,31,26,12,11,2,0,0
2025,2025-06-19,Northbound,All Vehicles,18,24,17,32,123,412,812,982,1004,728,626,638,657,647,713,774,787,847,562,401,283,217,102,55,0,0
2025,2025-06-20,Northbound,Heavy Vehicles,1,3,2,,21,51,118,115,101,100,84,88,84,95,86,102,71,46,36,27,19,21,8,7,0,0
2025,2025-06-20,Northbound,Light Vehicles,32,19,16,24,97,377,557,920,939,641,652,643,634,621,645,766,744,708,553,439,294,248,168,120,0,0
2025,2025-06-20,Northbound,All Vehicles,33,22,18,24,118,428,675,1035,1040,741,736,731,718,716,731,868,815,754,589,466,313,269,176,127,0,0
2025,2025-06-21,Northbound,Light Vehicles,83,53,40,32,44,131,234,392,478,603,722,762,802,713,716,652,551,716,492,362,299,270,222,159,0,0
2025,2025-06-21,Northbound,Heavy Vehicles,3,3,2,1,8,11,28,52,51,57,62,59,68,59,50,55,44,46,22,33,20,17,9,10,0,0
2025,2025-06-21,Northbound,All Vehicles,86,56,42,33,52,142,262,444,529,660,784,821,870,772,766,707,595,762,514,395,319,287,231,169,0,0
2025,2025-06-22,Northbound,Heavy Vehicles,3,2,1,1,2,9,27,22,44,43,53,58,61,44,45,51,43,39,22,13,11,8,3,4,0,0
2025,2025-06-22,Northbound,Light Vehicles,116,98,81,61,43,90,140,261,400,563,565,724,735,676,596,579,565,473,354,272,196,148,82,56,0,0
2025,2025-06-22,Northbound,All Vehicles,119,100,82,62,45,99,167,283,444,606,618,782,796,720,641,630,608,512,376,285,207,156,85,60,0,0
2025,2025-06-23,Northbound,Heavy Vehicles,3,,1,,19,58,119,110,75,107,96,101,81,85,77,108,78,71,25,24,26,10,2,2,0,0
2025,2025-06-23,Northbound,Light Vehicles,18,20,15,21,102,360,687,949,975,585,590,562,504,561,556,705,688,719,386,249,191,129,63,24,0,0
2025,2025-06-23,Northbound,All Vehicles,21,20,16,21,121,418,806,1059,1050,692,686,663,585,646,633,813,766,790,411,273,217,139,65,26,0,0
2025,2025-06-24,Northbound,Light Vehicles,27,11,17,27,95,380,684,946,854,664,600,535,535,514,617,677,712,759,470,254,172,130,81,38,0,0
2025,2025-06-24,Northbound,Heavy Vehicles,2,2,1,1,20,60,122,110,87,108,85,89,79,75,86,101,82,52,39,25,17,10,6,6,0,0
2025,2025-06-24,Northbound,All Vehicles,29,13,18,28,115,440,806,1056,941,772,685,624,614,589,703,778,794,811,509,279,189,140,87,44,0,0
2025,2025-06-25,Northbound,Light Vehicles,21,23,14,33,100,401,698,889,878,710,506,538,505,512,558,684,619,655,383,253,189,147,66,49,0,0
2025,2025-06-25,Northbound,Heavy Vehicles,5,1,4,3,19,58,117,97,97,93,75,79,69,79,96,110,72,67,30,23,14,11,5,3,0,0
2025,2025-06-25,Northbound,All Vehicles,26,24,18,36,119,459,815,986,975,803,581,617,574,591,654,794,691,722,413,276,203,158,71,52,0,0
2025,2025-06-26,Northbound,Heavy Vehicles,5,,1,2,23,47,117,112,69,74,63,66,64,43,37,49,64,37,31,16,10,14,6,10,0,0
2025,2025-06-26,Northbound,Light Vehicles,22,23,20,22,103,312,605,884,643,484,316,435,458,328,278,364,542,612,406,247,179,184,74,46,0,0
2025,2025-06-26,Northbound,All Vehicles,27,23,21,24,126,359,722,996,712,558,379,501,522,371,315,413,606,649,437,263,189,198,80,56,0,0
2025,2025-06-28,Northbound,Light Vehicles,63,28,26,21,29,112,215,353,399,458,519,670,754,584,616,527,556,572,443,266,239,264,196,142,0,0
2025,2025-06-28,Northbound,Heavy Vehicles,4,1,4,2,6,11,27,28,37,45,48,67,72,62,55,46,59,51,30,27,22,26,10,6,0,0
2025,2025-06-28,Northbound,All Vehicles,67,29,30,23,35,123,242,381,436,503,567,737,826,646,671,573,615,623,473,293,261,290,206,148,0,0
2025,2025-06-29,Northbound,Light Vehicles,116,88,64,56,53,78,124,206,354,487,491,460,528,543,548,480,476,470,279,228,162,112,87,49,0,0
2025,2025-06-29,Northbound,Heavy Vehicles,6,6,3,5,4,11,18,31,42,41,65,42,54,41,55,37,25,33,19,14,9,4,5,3,0,0
2025,2025-06-29,Northbound,All Vehicles,122,94,67,61,57,89,142,237,396,528,556,502,582,584,603,517,501,503,298,242,171,116,92,52,0,0
2025,2025-06-30,Northbound,Light Vehicles,35,17,19,19,97,322,494,765,668,583,450,514,568,512,547,689,643,597,332,149,125,102,63,21,0,0
2025,2025-06-30,Northbound,Heavy Vehicles,,,3,1,17,49,110,104,83,71,64,77,89,67,76,93,67,49,13,8,9,8,4,4,0,0
2025,2025-06-30,Northbound,All Vehicles,35,17,22,20,114,371,604,869,751,654,514,591,657,579,623,782,710,646,345,157,134,110,67,25,0,0
2025,2025-07-03,Northbound,Light Vehicles,27,14,17,29,98,371,617,932,823,649,522,585,570,557,594,672,646,769,494,324,226,193,86,57,0,0
2025,2025-07-03,Northbound,Heavy Vehicles,2,,3,2,23,48,142,133,95,96,93,99,74,83,82,102,74,59,44,29,22,16,8,6,0,0
2025,2025-07-03,Northbound,All Vehicles,29,14,20,31,121,419,759,1065,918,745,615,684,644,640,676,774,720,828,538,353,248,209,94,63,0,0
2025,2025-07-04,Northbound,Light Vehicles,26,23,16,35,89,349,633,889,881,676,656,598,690,637,645,722,688,786,511,334,257,229,163,90,0,0
2025,2025-07-04,Northbound,Heavy Vehicles,4,,4,3,16,36,132,115,78,96,100,104,107,87,97,76,76,54,53,31,23,19,7,7,0,0
2025,2025-07-04,Northbound,All Vehicles,30,23,20,38,105,385,765,1004,959,772,756,702,797,724,742,798,764,840,564,365,280,248,170,97,0,0
2025,2025-07-05,Northbound,Heavy Vehicles,3,1,3,2,6,9,31,42,56,52,60,62,58,43,51,43,38,40,25,17,15,13,10,2,0,0
2025,2025-07-05,Northbound,Light Vehicles,79,52,31,31,46,149,213,407,465,611,696,722,752,685,639,582,621,732,498,329,262,266,187,144,0,0
2025,2025-07-05,Northbound,All Vehicles,82,53,34,33,52,158,244,449,521,663,756,784,810,728,690,625,659,772,523,346,277,279,197,146,0,0
2025,2025-07-06,Northbound,Light Vehicles,112,75,77,45,30,101,140,206,332,487,571,726,718,641,541,534,549,493,339,241,172,134,78,70,0,0
2025,2025-07-06,Northbound,Heavy Vehicles,5,3,1,,4,12,17,18,34,35,57,59,52,44,38,41,44,43,19,11,12,10,4,3,0,0
2025,2025-07-06,Northbound,All Vehicles,117,78,78,45,34,113,157,224,366,522,628,785,770,685,579,575,593,536,358,252,184,144,82,73,0,0
2025,2025-07-07,Northbound,Light Vehicles,31,25,21,28,95,341,630,968,884,661,644,590,615,598,613,622,667,609,398,256,177,154,72,39,0,0
2025,2025-07-07,Northbound,Heavy Vehicles,3,,1,3,13,56,113,117,97,98,82,72,78,78,84,82,64,62,35,16,15,11,6,2,0,0
2025,2025-07-07,Northbound,All Vehicles,34,25,22,31,108,397,743,1085,981,759,726,662,693,676,697,704,731,671,433,272,192,165,78,41,0,0
2025,2025-07-08,Northbound,Heavy Vehicles,3,1,2,2,24,49,130,109,100,77,94,89,86,77,99,85,70,66,31,30,17,9,14,3,0,0
2025,2025-07-08,Northbound,Light Vehicles,22,13,14,35,102,373,636,962,1026,647,572,592,555,568,594,640,661,704,415,251,192,137,68,62,0,0
2025,2025-07-08,Northbound,All Vehicles,25,14,16,37,126,422,766,1071,1126,724,666,681,641,645,693,725,731,770,446,281,209,146,82,65,0,0
2025,2025-07-09,Northbound,Light Vehicles,31,19,22,26,98,386,632,950,899,715,677,572,628,619,583,678,642,735,406,276,165,149,155,48,0,0
2025,2025-07-09,Northbound,Heavy Vehicles,1,1,3,2,23,50,120,124,102,94,94,100,77,78,84,74,73,66,36,23,11,13,11,2,0,0
2025,2025-07-09,Northbound,All Vehicles,32,20,25,28,121,436,752,1074,1001,809,771,672,705,697,667,752,715,801,442,299,176,162,166,50,0,0
2025,2025-07-10,Northbound,Light Vehicles,51,24,18,30,90,364,641,914,912,644,574,578,620,583,635,676,637,729,484,312,224,194,84,56,0,0
2025,2025-07-10,Northbound,Heavy Vehicles,2,2,2,1,19,48,98,116,111,91,99,91,85,77,84,80,46,54,45,21,14,13,9,1,0,0
2025,2025-07-10,Northbound,All Vehicles,53,26,20,31,109,412,739,1030,1023,735,673,669,705,660,719,756,683,783,529,333,238,207,93,57,0,0
2025,2025-07-11,Northbound,Heavy Vehicles,,3,2,5,19,50,112,113,75,94,80,95,83,84,82,79,73,57,38,38,26,17,15,5,0,0
2025,2025-07-11,Northbound,Light Vehicles,30,18,12,27,105,320,559,792,830,659,657,629,675,605,644,699,714,752,516,338,278,253,176,106,0,0
2025,2025-07-11,Northbound,All Vehicles,30,21,14,32,124,370,671,905,905,753,737,724,758,689,726,778,787,809,554,376,304,270,191,111,0,0
2025,2025-07-12,Northbound,Light Vehicles,48,59,35,23,44,129,238,402,494,602,724,761,791,713,645,591,598,698,519,334,301,269,217,186,0,0
2025,2025-07-12,Northbound,Heavy Vehicles,2,4,2,3,5,12,31,42,47,67,63,65,60,62,53,45,45,51,48,33,13,28,8,6,0,0
2025,2025-07-12,Northbound,All Vehicles,50,63,37,26,49,141,269,444,541,669,787,826,851,775,698,636,643,749,567,367,314,297,225,192,0,0
2025,2025-07-13,Northbound,Heavy Vehicles,3,1,3,,4,8,15,27,36,37,48,65,41,51,43,50,25,42,24,12,12,8,3,4,0,0
2025,2025-07-13,Northbound,Light Vehicles,122,90,76,67,39,83,150,189,364,473,586,682,758,618,578,522,479,454,344,239,192,133,84,48,0,0
2025,2025-07-13,Northbound,All Vehicles,125,91,79,67,43,91,165,216,400,510,634,747,799,669,621,572,504,496,368,251,204,141,87,52,0,0
2025,2025-07-14,Northbound,Light Vehicles,41,19,16,24,100,338,619,938,954,603,588,592,647,544,565,590,633,698,390,249,184,130,61,36,0,0
2025,2025-07-14,Northbound,Heavy Vehicles,4,3,1,1,14,52,120,113,105,86,94,65,89,84,74,89,58,55,32,14,19,12,2,4,0,0
2025,2025-07-14,Northbound,All Vehicles,45,22,17,25,114,390,739,1051,1059,689,682,657,736,628,639,679,691,753,422,263,203,142,63,40,0,0
2025,2025-07-15,Northbound,Heavy Vehicles,3,,4,3,24,54,129,101,94,105,69,65,84,70,73,91,69,55,25,26,18,17,6,5,0,0
2025,2025-07-15,Northbound,Light Vehicles,26,7,24,17,101,386,654,984,867,705,602,536,580,627,558,650,678,719,410,226,224,141,83,38,0,0
2025,2025-07-15,Northbound,All Vehicles,29,7,28,20,125,440,783,1085,961,810,671,601,664,697,631,741,747,774,435,252,242,158,89,43,0,0
2025,2025-07-16,Northbound,Heavy Vehicles,1,2,2,1,16,57,114,115,96,85,90,95,85,86,101,77,67,53,50,26,15,16,2,5,0,0
2025,2025-07-16,Northbound,Light Vehicles,35,19,11,23,112,390,631,958,942,691,599,617,589,600,637,743,686,681,502,277,269,166,87,41,0,0
2025,2025-07-16,Northbound,All Vehicles,36,21,13,24,128,447,745,1073,1038,776,689,712,674,686,738,820,753,734,552,303,284,182,89,46,0,0
2025,2025-07-17,Northbound,Light Vehicles,30,16,17,24,97,338,641,893,878,697,608,657,631,624,641,689,768,822,531,336,259,206,113,49,0,0
2025,2025-07-17,Northbound,Heavy Vehicles,1,2,2,1,19,62,133,123,91,92,87,90,91,78,83,77,66,61,34,25,27,13,10,5,0,0
2025,2025-07-17,Northbound,All Vehicles,31,18,19,25,116,400,774,1016,969,789,695,747,722,702,724,766,834,883,565,361,286,219,123,54,0,0
2025,2025-07-18,Northbound,Heavy Vehicles,1,2,2,3,16,53,114,116,81,90,90,97,97,70,70,70,64,68,36,24,23,18,9,4,0,0
2025,2025-07-18,Northbound,Light Vehicles,30,19,20,29,97,379,594,802,807,669,627,704,667,653,685,596,684,710,474,355,236,222,152,120,0,0
2025,2025-07-18,Northbound,All Vehicles,31,21,22,32,113,432,708,918,888,759,717,801,764,723,755,666,748,778,510,379,259,240,161,124,0,0
2025,2025-07-19,Northbound,Light Vehicles,71,53,42,33,40,118,230,407,436,586,638,742,686,656,637,596,611,713,492,379,299,262,218,139,0,0
2025,2025-07-19,Northbound,Heavy Vehicles,2,,3,2,1,18,27,39,53,62,49,67,57,53,46,43,38,46,40,15,30,26,11,5,0,0
2025,2025-07-19,Northbound,All Vehicles,73,53,45,35,41,136,257,446,489,648,687,809,743,709,683,639,649,759,532,394,329,288,229,144,0,0
2025,2025-07-20,Northbound,Heavy Vehicles,4,2,5,2,4,10,19,27,36,51,47,54,61,51,48,50,38,33,24,19,11,10,2,2,0,0
2025,2025-07-20,Northbound,Light Vehicles,118,92,76,60,45,103,141,204,362,515,574,756,708,614,619,543,454,450,335,266,188,145,64,57,0,0
2025,2025-07-20,Northbound,All Vehicles,122,94,81,62,49,113,160,231,398,566,621,810,769,665,667,593,492,483,359,285,199,155,66,59,0,0
2025,2025-07-21,Northbound,Heavy Vehicles,2,1,1,3,19,59,109,122,101,75,95,82,83,70,70,94,65,62,45,16,23,11,5,1,0,0
2025,2025-07-21,Northbound,Light Vehicles,48,26,14,28,88,399,650,961,802,606,507,509,512,505,556,724,682,709,420,242,157,111,48,37,0,0
2025,2025-07-21,Northbound,All Vehicles,50,27,15,31,107,458,759,1083,903,681,602,591,595,575,626,818,747,771,465,258,180,122,53,38,0,0
2025,2025-07-22,Northbound,Heavy Vehicles,3,3,3,4,22,58,149,128,83,100,92,77,86,82,91,69,68,75,28,,4,10,2,1,0,0
2025,2025-07-22,Northbound,Light Vehicles,25,15,18,25,95,407,708,973,854,698,594,488,530,546,477,475,536,656,357,4,83,122,80,40,0,0
2025,2025-07-22,Northbound,All Vehicles,28,18,21,29,117,465,857,1101,937,798,686,565,616,628,568,544,604,731,385,4,87,132,82,41,0,0
2025,2025-07-23,Northbound,Light Vehicles,27,13,15,26,64,418,691,958,896,700,531,590,558,538,570,711,665,821,500,277,221,166,88,49,0,0
2025,2025-07-23,Northbound,Heavy Vehicles,3,1,2,3,9,69,113,99,92,100,77,101,78,88,76,77,67,65,46,24,13,20,8,,0,0
2025,2025-07-23,Northbound,All Vehicles,30,14,17,29,73,487,804,1057,988,800,608,691,636,626,646,788,732,886,546,301,234,186,96,49,0,0
2025,2025-07-24,Northbound,Light Vehicles,33,15,19,20,102,386,653,978,765,747,559,638,559,555,635,754,766,766,518,390,286,229,102,47,0,0
2025,2025-07-24,Northbound,Heavy Vehicles,3,1,1,4,17,63,97,112,73,86,82,91,80,91,77,105,89,50,38,29,27,11,8,3,0,0
2025,2025-07-24,Northbound,All Vehicles,36,16,20,24,119,449,750,1090,838,833,641,729,639,646,712,859,855,816,556,419,313,240,110,50,0,0
2025,2025-07-25,Northbound,Heavy Vehicles,2,,3,5,21,61,119,109,102,95,93,87,106,91,105,104,70,76,39,22,26,13,7,8,0,0
2025,2025-07-25,Northbound,Light Vehicles,25,17,20,35,98,340,652,843,834,666,605,612,658,619,678,741,709,768,505,325,282,265,131,100,0,0
2025,2025-07-25,Northbound,All Vehicles,27,17,23,40,119,401,771,952,936,761,698,699,764,710,783,845,779,844,544,347,308,278,138,108,0,0
2025,2025-07-26,Northbound,Light Vehicles,74,47,30,30,39,117,224,391,452,547,637,728,669,598,634,594,589,607,479,346,273,241,226,180,0,0
2025,2025-07-26,Northbound,Heavy Vehicles,3,1,4,1,4,19,30,34,39,64,61,80,50,58,47,36,39,41,37,23,17,18,4,8,0,0
2025,2025-07-26,Northbound,All Vehicles,77,48,34,31,43,136,254,425,491,611,698,808,719,656,681,630,628,648,516,369,290,259,230,188,0,0
2025,2025-07-27,Northbound,Heavy Vehicles,2,1,2,,4,10,15,25,30,42,60,56,53,50,47,44,45,29,23,15,12,6,6,1,0,0
2025,2025-07-27,Northbound,Light Vehicles,113,107,59,59,33,89,138,231,381,432,593,679,713,590,493,502,478,446,322,243,190,100,73,51,0,0
2025,2025-07-27,Northbound,All Vehicles,115,108,61,59,37,99,153,256,411,474,653,735,766,640,540,546,523,475,345,258,202,106,79,52,0,0
2025,2025-07-28,Northbound,Light Vehicles,37,13,17,26,103,373,635,925,858,682,532,497,459,556,571,663,634,717,401,261,179,121,63,37,0,0
2025,2025-07-28,Northbound,Heavy Vehicles,2,4,2,2,20,52,133,115,91,85,74,73,79,68,78,87,62,61,31,22,10,9,8,2,0,0
2025,2025-07-28,Northbound,All Vehicles,39,17,19,28,123,425,768,1040,949,767,606,570,538,624,649,750,696,778,432,283,189,130,71,39,0,0
2025,2025-07-29,Northbound,Light Vehicles,22,21,18,19,104,394,683,939,843,703,568,581,586,524,590,685,612,748,484,271,203,159,82,43,0,0
2025,2025-07-29,Northbound,Heavy Vehicles,2,2,3,5,15,72,131,114,89,87,80,79,83,80,70,93,62,59,21,25,24,9,4,3,0,0
2025,2025-07-29,Northbound,All Vehicles,24,23,21,24,119,466,814,1053,932,790,648,660,669,604,660,778,674,807,505,296,227,168,86,46,0,0
2025,2025-07-30,Northbound,Heavy Vehicles,3,4,2,1,21,59,119,103,95,110,94,94,75,78,64,73,53,61,37,19,17,17,2,6,0,0
2025,2025-07-30,Northbound,Light Vehicles,15,21,12,25,94,415,674,974,919,802,548,540,503,536,582,726,655,674,464,291,247,179,65,40,0,0
2025,2025-07-30,Northbound,All Vehicles,18,25,14,26,115,474,793,1077,1014,912,642,634,578,614,646,799,708,735,501,310,264,196,67,46,0,0
2025,2025-07-31,Northbound,Light Vehicles,30,19,18,20,106,374,653,1013,852,739,530,461,574,530,618,658,704,754,528,309,255,176,99,57,0,0
2025,2025-07-31,Northbound,Heavy Vehicles,5,7,3,4,15,52,114,129,78,87,62,70,87,67,79,68,71,60,37,23,21,13,8,2,0,0
2025,2025-07-31,Northbound,All Vehicles,35,26,21,24,121,426,767,1142,930,826,592,531,661,597,697,726,775,814,565,332,276,189,107,59,0,0
2025,2025-08-01,Northbound,Light Vehicles,30,18,17,25,97,346,575,944,787,700,586,602,546,594,616,668,664,720,472,364,246,245,154,111,0,0
2025,2025-08-01,Northbound,Heavy Vehicles,3,,1,5,17,58,105,119,98,103,91,98,99,74,77,78,72,53,35,22,31,16,7,8,0,0
2025,2025-08-01,Northbound,All Vehicles,33,18,18,30,114,404,680,1063,885,803,677,700,645,668,693,746,736,773,507,386,277,261,161,119,0,0
2025,2025-08-02,Northbound,Heavy Vehicles,2,4,,1,3,5,24,31,37,43,36,39,33,35,39,38,29,27,24,13,14,15,5,4,0,0
2025,2025-08-02,Northbound,Light Vehicles,60,39,55,36,32,83,125,192,271,349,361,435,409,413,388,326,373,373,323,195,178,149,144,105,0,0
2025,2025-08-02,Northbound,All Vehicles,62,43,55,37,35,88,149,223,308,392,397,474,442,448,427,364,402,400,347,208,192,164,149,109,0,0
2025,2025-08-03,Northbound,Heavy Vehicles,4,5,1,2,3,7,6,10,12,23,31,30,40,28,35,19,25,16,7,10,7,9,3,4,0,0
2025,2025-08-03,Northbound,Light Vehicles,111,82,59,49,25,42,79,127,182,272,305,344,405,366,351,305,311,266,230,144,116,87,59,34,0,0
2025,2025-08-03,Northbound,All Vehicles,115,87,60,51,28,49,85,137,194,295,336,374,445,394,386,324,336,282,237,154,123,96,62,38,0,0
2025,2025-08-04,Northbound,Heavy Vehicles,,3,5,5,14,61,114,123,98,84,82,93,77,67,74,80,53,65,34,15,12,12,4,2,0,0
2025,2025-08-04,Northbound,Light Vehicles,24,16,21,28,90,370,641,980,905,670,505,544,509,519,529,679,659,746,404,238,167,107,53,35,0,0
2025,2025-08-04,Northbound,All Vehicles,24,19,26,33,104,431,755,1103,1003,754,587,637,586,586,603,759,712,811,438,253,179,119,57,37,0,0
2025,2025-08-05,Northbound,Heavy Vehicles,6,2,2,3,21,66,119,113,101,99,87,76,90,67,72,76,76,74,32,21,21,11,3,1,0,0
2025,2025-08-05,Northbound,Light Vehicles,31,16,14,27,97,373,664,1034,893,684,577,617,510,569,597,756,755,812,496,267,215,165,74,48,0,0
2025,2025-08-05,Northbound,All Vehicles,37,18,16,30,118,439,783,1147,994,783,664,693,600,636,669,832,831,886,528,288,236,176,77,49,0,0
2025,2025-08-06,Northbound,Heavy Vehicles,2,2,4,5,22,67,128,98,103,116,116,87,81,92,90,93,77,62,47,20,17,14,4,3,0,0
2025,2025-08-06,Northbound,Light Vehicles,23,19,13,30,101,390,676,1000,946,733,614,555,540,598,630,734,807,805,498,317,247,155,83,54,0,0
2025,2025-08-06,Northbound,All Vehicles,25,21,17,35,123,457,804,1098,1049,849,730,642,621,690,720,827,884,867,545,337,264,169,87,57,0,0
2025,2025-08-07,Northbound,Light Vehicles,36,19,18,28,97,383,690,1000,910,732,525,573,569,513,604,675,675,699,568,301,251,201,114,64,0,0
2025,2025-08-07,Northbound,Heavy Vehicles,2,2,2,2,19,67,131,124,97,78,83,81,79,77,67,83,93,50,35,33,13,15,7,4,0,0
2025,2025-08-07,Northbound,All Vehicles,38,21,20,30,116,450,821,1124,1007,810,608,654,648,590,671,758,768,749,603,334,264,216,121,68,0,0
2025,2025-08-08,Northbound,Light Vehicles,38,16,11,23,98,337,625,835,908,695,572,636,639,598,636,748,716,739,559,352,268,216,188,85,0,0
2025,2025-08-08,Northbound,Heavy Vehicles,3,,2,5,23,63,102,109,118,85,89,86,91,75,100,90,67,63,31,34,15,15,6,2,0,0
2025,2025-08-08,Northbound,All Vehicles,41,16,13,28,121,400,727,944,1026,780,661,722,730,673,736,838,783,802,590,386,283,231,194,87,0,0
2025,2025-08-09,Northbound,Light Vehicles,67,55,38,22,35,128,182,375,448,576,570,763,712,577,538,511,572,630,472,336,218,240,193,178,0,0
2025,2025-08-09,Northbound,Heavy Vehicles,2,3,1,3,5,16,17,50,46,64,56,68,64,43,39,36,43,45,46,23,15,9,11,6,0,0
2025,2025-08-09,Northbound,All Vehicles,69,58,39,25,40,144,199,425,494,640,626,831,776,620,577,547,615,675,518,359,233,249,204,184,0,0
2025,2025-08-10,Northbound,Light Vehicles,134,97,84,73,40,86,119,196,309,460,535,569,644,541,510,478,452,363,304,211,167,143,83,51,0,0
2025,2025-08-10,Northbound,Heavy Vehicles,6,3,1,1,2,14,8,31,26,38,47,60,61,29,42,46,39,32,12,16,8,4,4,2,0,0
2025,2025-08-10,Northbound,All Vehicles,140,100,85,74,42,100,127,227,335,498,582,629,705,570,552,524,491,395,316,227,175,147,87,53,0,0
2025,2025-08-11,Northbound,Light Vehicles,33,20,15,25,103,378,636,1001,822,708,507,541,545,504,553,706,673,688,406,249,193,116,63,27,0,0
2025,2025-08-11,Northbound,Heavy Vehicles,2,1,3,3,13,53,120,129,89,103,76,75,62,69,72,90,73,53,29,22,16,8,6,2,0,0
2025,2025-08-11,Northbound,All Vehicles,35,21,18,28,116,431,756,1130,911,811,583,616,607,573,625,796,746,741,435,271,209,124,69,29,0,0
2025,2025-08-12,Northbound,Heavy Vehicles,1,5,3,3,17,64,143,137,79,89,87,95,89,94,83,95,75,57,32,22,20,13,4,3,0,0
2025,2025-08-12,Northbound,Light Vehicles,17,15,15,30,94,392,675,1008,805,690,563,555,530,529,607,760,721,843,490,287,225,141,75,36,0,0
2025,2025-08-12,Northbound,All Vehicles,18,20,18,33,111,456,818,1145,884,779,650,650,619,623,690,855,796,900,522,309,245,154,79,39,0,0
2025,2025-08-13,Northbound,Heavy Vehicles,2,,4,2,13,64,115,128,100,101,80,84,91,94,88,81,84,50,47,32,16,22,6,2,0,0
2025,2025-08-13,Northbound,Light Vehicles,27,22,18,25,102,420,650,1001,899,719,567,554,593,529,598,634,717,806,552,313,236,204,101,42,0,0
2025,2025-08-13,Northbound,All Vehicles,29,22,22,27,115,484,765,1129,999,820,647,638,684,623,686,715,801,856,599,345,252,226,107,44,0,0
2025,2025-08-14,Northbound,Light Vehicles,31,22,13,30,105,393,646,920,901,672,632,569,552,579,562,672,695,799,593,322,253,209,98,43,0,0
2025,2025-08-14,Northbound,Heavy Vehicles,,3,2,2,15,61,114,127,105,111,90,96,85,82,74,91,75,70,56,33,24,8,3,5,0,0
2025,2025-08-14,Northbound,All Vehicles,31,25,15,32,120,454,760,1047,1006,783,722,665,637,661,636,763,770,869,649,355,277,217,101,48,0,0
2025,2025-08-15,Northbound,Heavy Vehicles,3,,2,3,15,52,130,124,112,92,80,104,87,76,95,80,71,58,43,36,28,9,11,9,0,0
2025,2025-08-15,Northbound,Light Vehicles,34,30,19,24,108,363,600,930,840,682,623,624,621,551,628,735,712,729,592,373,250,241,160,124,0,0
2025,2025-08-15,Northbound,All Vehicles,37,30,21,27,123,415,730,1054,952,774,703,728,708,627,723,815,783,787,635,409,278,250,171,133,0,0
2025,2025-08-16,Northbound,Light Vehicles,61,37,39,25,33,124,250,461,429,567,659,648,720,632,576,555,482,603,527,342,266,218,199,148,0,0
2025,2025-08-16,Northbound,Heavy Vehicles,1,2,5,,6,17,34,41,41,61,65,68,59,45,44,55,34,32,53,24,16,16,9,7,0,0
2025,2025-08-16,Northbound,All Vehicles,62,39,44,25,39,141,284,502,470,628,724,716,779,677,620,610,516,635,580,366,282,234,208,155,0,0
2025,2025-08-17,Northbound,Light Vehicles,94,70,65,48,19,52,86,124,272,320,352,438,444,419,342,319,319,259,216,148,116,60,42,33,0,0
2025,2025-08-17,Northbound,Heavy Vehicles,2,3,1,,2,5,9,17,14,33,44,32,28,26,29,31,18,20,19,11,7,9,1,1,0,0
2025,2025-08-17,Northbound,All Vehicles,96,73,66,48,21,57,95,141,286,353,396,470,472,445,371,350,337,279,235,159,123,69,43,34,0,0
2025,2025-08-18,Northbound,Light Vehicles,43,23,19,19,109,373,659,992,999,654,553,517,532,489,568,636,648,600,388,245,164,118,61,36,0,0
2025,2025-08-18,Northbound,Heavy Vehicles,3,1,3,2,20,60,108,117,112,106,87,92,100,68,79,85,66,52,31,14,15,7,3,5,0,0
2025,2025-08-18,Northbound,All Vehicles,46,24,22,21,129,433,767,1109,1111,760,640,609,632,557,647,721,714,652,419,259,179,125,64,41,0,0
2025,2025-08-19,Northbound,Heavy Vehicles,3,1,2,2,21,66,122,112,78,107,94,75,81,63,81,72,71,69,40,20,19,12,7,2,0,0
2025,2025-08-19,Northbound,Light Vehicles,20,21,13,23,95,374,687,947,867,590,528,509,523,478,534,647,665,795,486,260,208,139,73,45,0,0
2025,2025-08-19,Northbound,All Vehicles,23,22,15,25,116,440,809,1059,945,697,622,584,604,541,615,719,736,864,526,280,227,151,80,47,0,0
2025,2025-08-20,Northbound,Heavy Vehicles,1,,4,3,18,61,129,114,100,97,85,86,87,87,68,88,62,52,43,14,15,11,8,6,0,0
2025,2025-08-20,Northbound,Light Vehicles,20,20,15,15,91,379,628,970,984,659,492,494,523,535,582,729,742,729,431,264,204,130,76,39,0,0
2025,2025-08-20,Northbound,All Vehicles,21,20,19,18,109,440,757,1084,1084,756,577,580,610,622,650,817,804,781,474,278,219,141,84,45,0,0
2025,2025-08-21,Northbound,Heavy Vehicles,,,3,4,16,60,112,104,87,100,80,80,78,75,77,93,67,48,39,21,21,13,7,3,0,0
2025,2025-08-21,Northbound,Light Vehicles,37,20,19,24,97,377,620,978,858,656,534,521,497,508,529,694,632,694,500,313,243,184,103,56,0,0
2025,2025-08-21,Northbound,All Vehicles,37,20,22,28,113,437,732,1082,945,756,614,601,575,583,606,787,699,742,539,334,264,197,110,59,0,0
2025,2025-08-22,Northbound,Light Vehicles,30,22,26,24,84,328,570,855,882,676,518,546,567,561,596,658,633,648,544,343,259,199,149,103,0,0
2025,2025-08-22,Northbound,Heavy Vehicles,3,2,1,6,21,60,98,118,101,89,92,78,86,85,82,79,75,61,31,29,21,6,13,9,0,0
2025,2025-08-22,Northbound,All Vehicles,33,24,27,30,105,388,668,973,983,765,610,624,653,646,678,737,708,709,575,372,280,205,162,112,0,0
2025,2025-08-23,Northbound,Light Vehicles,81,47,37,31,33,134,250,338,479,597,677,778,730,789,648,560,576,654,527,357,268,272,215,196,0,0
2025,2025-08-23,Northbound,Heavy Vehicles,5,3,2,3,10,24,35,39,36,64,58,57,59,55,56,48,36,50,37,27,21,12,15,11,0,0
2025,2025-08-23,Northbound,All Vehicles,86,50,39,34,43,158,285,377,515,661,735,835,789,844,704,608,612,704,564,384,289,284,230,207,0,0
2025,2025-08-24,Northbound,Light Vehicles,128,107,76,57,34,93,154,229,374,520,616,684,730,613,581,550,545,467,304,244,189,128,66,66,0,0
2025,2025-08-24,Northbound,Heavy Vehicles,6,4,2,2,4,16,17,35,31,46,48,46,63,53,40,45,37,42,30,25,10,7,2,2,0,0
2025,2025-08-24,Northbound,All Vehicles,134,111,78,59,38,109,171,264,405,566,664,730,793,666,621,595,582,509,334,269,199,135,68,68,0,0
2025,2025-08-25,Northbound,Heavy Vehicles,2,2,7,1,18,72,96,109,80,99,91,100,85,70,93,92,79,70,36,27,15,7,4,3,0,0
2025,2025-08-25,Northbound,Light Vehicles,37,28,24,28,94,343,659,939,827,585,532,487,498,462,538,713,695,676,441,248,179,123,64,39,0,0
2025,2025-08-25,Northbound,All Vehicles,39,30,31,29,112,415,755,1048,907,684,623,587,583,532,631,805,774,746,477,275,194,130,68,42,0,0
2025,2025-08-26,Northbound,Light Vehicles,26,15,19,33,103,372,646,939,754,751,612,566,538,580,583,679,677,761,516,278,195,142,65,41,0,0
2025,2025-08-26,Northbound,Heavy Vehicles,3,2,1,6,18,78,133,113,74,121,82,89,85,65,89,101,92,67,30,28,18,15,6,1,0,0
2025,2025-08-26,Northbound,All Vehicles,29,17,20,39,121,450,779,1052,828,872,694,655,623,645,672,780,769,828,546,306,213,157,71,42,0,0
2025,2025-08-27,Northbound,Light Vehicles,25,21,19,22,101,398,715,1024,789,659,538,496,607,500,598,668,700,727,479,267,191,144,86,45,0,0
2025,2025-08-27,Northbound,Heavy Vehicles,3,3,3,,14,69,124,100,88,93,82,73,98,83,81,98,73,65,34,18,18,18,3,4,0,0
2025,2025-08-27,Northbound,All Vehicles,28,24,22,22,115,467,839,1124,877,752,620,569,705,583,679,766,773,792,513,285,209,162,89,49,0,0
2025,2025-08-28,Northbound,Heavy Vehicles,1,2,1,4,23,65,127,131,95,104,58,91,79,78,88,88,83,51,43,28,23,14,6,2,0,0
2025,2025-08-28,Northbound,Light Vehicles,26,24,22,26,92,393,661,990,839,681,554,535,557,548,558,670,746,762,516,303,239,164,95,51,0,0
2025,2025-08-28,Northbound,All Vehicles,27,26,23,30,115,458,788,1121,934,785,612,626,636,626,646,758,829,813,559,331,262,178,101,53,0,0
2025,2025-08-29,Northbound,Heavy Vehicles,,1,2,2,14,70,127,118,89,108,97,99,90,81,84,96,81,58,36,31,22,24,15,7,0,0
2025,2025-08-29,Northbound,Light Vehicles,29,28,9,23,93,334,581,787,837,682,576,603,587,616,609,684,688,722,610,330,262,214,160,112,0,0
2025,2025-08-29,Northbound,All Vehicles,29,29,11,25,107,404,708,905,926,790,673,702,677,697,693,780,769,780,646,361,284,238,175,119,0,0
2025,2025-08-30,Northbound,Light Vehicles,75,37,41,21,34,122,231,405,422,563,614,642,588,492,460,423,402,498,370,280,200,220,169,134,0,0
2025,2025-08-30,Northbound,Heavy Vehicles,1,2,2,4,4,20,35,50,45,64,57,57,73,52,39,39,32,39,34,19,17,21,11,9,0,0
2025,2025-08-30,Northbound,All Vehicles,76,39,43,25,38,142,266,455,467,627,671,699,661,544,499,462,434,537,404,299,217,241,180,143,0,0
2025,2025-08-31,Northbound,Heavy Vehicles,6,9,2,3,9,12,21,39,49,45,55,68,62,52,55,50,41,47,27,18,17,5,10,5,0,0
2025,2025-08-31,Northbound,Light Vehicles,123,97,68,56,33,72,156,274,389,536,570,683,635,603,590,503,574,462,339,239,176,138,69,47,0,0
2025,2025-08-31,Northbound,All Vehicles,129,106,70,59,42,84,177,313,438,581,625,751,697,655,645,553,615,509,366,257,193,143,79,52,0,0
2025,2025-09-01,Northbound,Light Vehicles,27,18,18,33,89,357,621,953,893,686,480,510,503,474,576,695,586,656,421,235,157,115,50,33,0,0
2025,2025-09-01,Northbound,Heavy Vehicles,4,2,2,4,18,68,129,134,78,121,89,89,75,69,70,106,72,70,51,21,17,14,6,3,0,0
2025,2025-09-01,Northbound,All Vehicles,31,20,20,37,107,425,750,1087,971,807,569,599,578,543,646,801,658,726,472,256,174,129,56,36,0,0
2025,2025-09-02,Northbound,Light Vehicles,22,14,15,21,99,413,674,920,658,617,515,558,519,532,568,679,674,754,459,299,227,143,53,40,0,0
2025,2025-09-02,Northbound,Heavy Vehicles,2,1,2,2,18,69,140,121,80,67,91,80,95,78,94,84,87,67,50,26,13,13,5,4,0,0
2025,2025-09-02,Northbound,All Vehicles,24,15,17,23,117,482,814,1041,738,684,606,638,614,610,662,763,761,821,509,325,240,156,58,44,0,0
2025,2025-09-03,Northbound,Heavy Vehicles,3,1,4,2,26,76,154,140,91,122,90,97,91,87,103,103,75,70,69,27,23,16,8,2,0,0
2025,2025-09-03,Northbound,Light Vehicles,31,12,7,24,104,417,622,995,798,721,558,580,578,546,541,786,699,782,507,288,233,159,72,36,0,0
2025,2025-09-03,Northbound,All Vehicles,34,13,11,26,130,493,776,1135,889,843,648,677,669,633,644,889,774,852,576,315,256,175,80,38,0,0
2025,2025-09-04,Northbound,Heavy Vehicles,4,,3,2,17,72,126,126,97,112,86,99,95,83,98,107,89,65,53,27,21,13,8,5,0,0
2025,2025-09-04,Northbound,Light Vehicles,24,14,19,24,97,392,682,1001,797,678,517,556,546,531,639,676,710,714,518,345,259,191,98,46,0,0
2025,2025-09-04,Northbound,All Vehicles,28,14,22,26,114,464,808,1127,894,790,603,655,641,614,737,783,799,779,571,372,280,204,106,51,0,0
2025,2025-09-05,Northbound,Heavy Vehicles,5,1,1,3,14,74,130,121,100,109,102,111,89,105,108,120,77,73,55,39,31,19,13,5,0,0
2025,2025-09-05,Northbound,Light Vehicles,29,22,14,22,89,357,596,797,793,689,656,625,601,577,662,732,653,788,512,350,280,221,182,93,0,0
2025,2025-09-05,Northbound,All Vehicles,34,23,15,25,103,431,726,918,893,798,758,736,690,682,770,852,730,861,567,389,311,240,195,98,0,0
2025,2025-09-06,Northbound,Light Vehicles,76,49,36,41,37,155,248,457,506,567,714,842,808,694,624,532,561,612,468,373,287,254,227,146,0,0
2025,2025-09-06,Northbound,Heavy Vehicles,4,4,4,3,5,16,41,46,65,71,69,84,53,66,61,55,53,49,51,36,23,16,10,13,0,0
2025,2025-09-06,Northbound,All Vehicles,80,53,40,44,42,171,289,503,571,638,783,926,861,760,685,587,614,661,519,409,310,270,237,159,0,0
2025,2025-09-07,Northbound,Light Vehicles,139,108,78,67,37,83,133,259,421,532,600,662,698,573,608,622,530,451,352,245,192,129,86,52,0,0
2025,2025-09-07,Northbound,Heavy Vehicles,8,3,2,5,7,16,19,28,46,50,57,50,63,53,54,48,45,48,33,15,21,9,3,2,0,0
2025,2025-09-07,Northbound,All Vehicles,147,111,80,72,44,99,152,287,467,582,657,712,761,626,662,670,575,499,385,260,213,138,89,54,0,0
2025,2025-09-08,Northbound,Heavy Vehicles,2,1,2,1,19,75,124,133,116,108,78,90,69,70,87,100,68,62,34,18,15,10,4,3,0,0
2025,2025-09-08,Northbound,Light Vehicles,32,18,23,21,95,369,612,935,980,627,560,535,540,520,526,741,693,655,385,264,166,113,59,30,0,0
2025,2025-09-08,Northbound,All Vehicles,34,19,25,22,114,444,736,1068,1096,735,638,625,609,590,613,841,761,717,419,282,181,123,63,33,0,0
2025,2025-09-09,Northbound,Heavy Vehicles,4,2,2,5,25,67,135,111,88,90,86,80,94,82,80,87,75,62,42,39,27,16,6,2,0,0
2025,2025-09-09,Northbound,Light Vehicles,25,10,16,24,99,387,717,958,932,612,541,542,537,538,572,697,694,624,439,301,217,151,67,32,0,0
2025,2025-09-09,Northbound,All Vehicles,29,12,18,29,124,454,852,1069,1020,702,627,622,631,620,652,784,769,686,481,340,244,167,73,34,0,0
2025,2025-09-10,Northbound,Heavy Vehicles,,1,4,2,18,63,112,134,90,111,79,28,68,64,88,92,55,65,41,31,14,9,5,4,0,0
2025,2025-09-10,Northbound,Light Vehicles,21,15,12,25,104,394,647,882,789,645,471,219,420,456,524,619,651,753,437,288,208,159,85,45,0,0
2025,2025-09-10,Northbound,All Vehicles,21,16,16,27,122,457,759,1016,879,756,550,247,488,520,612,711,706,818,478,319,222,168,90,49,0,0
2025,2025-09-11,Northbound,Heavy Vehicles,4,1,2,4,21,57,112,94,83,72,66,87,63,82,67,84,63,56,35,30,20,21,7,1,0,0
2025,2025-09-11,Northbound,Light Vehicles,29,16,8,25,101,380,663,917,764,567,550,552,492,535,586,691,632,727,459,315,251,218,84,50,0,0
2025,2025-09-11,Northbound,All Vehicles,33,17,10,29,122,437,775,1011,847,639,616,639,555,617,653,775,695,783,494,345,271,239,91,51,0,0
2025,2025-09-12,Northbound,Heavy Vehicles,3,1,,4,14,58,113,112,80,97,99,79,93,100,83,110,58,59,38,35,18,9,8,6,0,0
2025,2025-09-12,Northbound,Light Vehicles,33,14,14,25,100,345,664,835,785,723,601,653,664,643,630,864,731,855,574,348,263,205,175,103,0,0
2025,2025-09-12,Northbound,All Vehicles,36,15,14,29,114,403,777,947,865,820,700,732,757,743,713,974,789,914,612,383,281,214,183,109,0,0
2025,2025-09-13,Northbound,Light Vehicles,86,55,47,39,34,155,288,454,481,588,694,690,751,649,639,636,554,634,487,366,264,255,210,179,0,0
2025,2025-09-13,Northbound,Heavy Vehicles,1,3,6,3,4,20,30,51,51,79,65,71,51,46,61,67,33,53,42,25,21,10,13,13,0,0
2025,2025-09-13,Northbound,All Vehicles,87,58,53,42,38,175,318,505,532,667,759,761,802,695,700,703,587,687,529,391,285,265,223,192,0,0
2025,2025-09-14,Northbound,Heavy Vehicles,7,1,5,1,7,8,15,32,47,44,53,56,47,40,48,40,36,32,29,14,16,10,2,2,0,0
2025,2025-09-14,Northbound,Light Vehicles,115,102,83,55,42,97,146,238,377,526,599,707,660,536,548,578,469,454,362,281,175,137,74,51,0,0
2025,2025-09-14,Northbound,All Vehicles,122,103,88,56,49,105,161,270,424,570,652,763,707,576,596,618,505,486,391,295,191,147,76,53,0,0
2025,2025-09-15,Northbound,Heavy Vehicles,2,4,2,3,15,70,129,115,113,77,78,84,82,74,83,78,70,60,40,13,16,16,1,5,0,0
2025,2025-09-15,Northbound,Light Vehicles,35,19,20,23,96,391,652,923,991,586,544,549,549,569,530,688,641,647,407,237,172,126,77,31,0,0
2025,2025-09-15,Northbound,All Vehicles,37,23,22,26,111,461,781,1038,1104,663,622,633,631,643,613,766,711,707,447,250,188,142,78,36,0,0
2025,2025-09-16,Northbound,Light Vehicles,25,9,22,19,113,421,716,973,762,663,554,533,507,535,518,722,702,713,458,279,202,161,75,35,0,0
2025,2025-09-16,Northbound,Heavy Vehicles,4,,3,7,22,71,126,106,73,97,78,84,87,76,80,100,89,67,45,22,18,9,3,4,0,0
2025,2025-09-16,Northbound,All Vehicles,29,9,25,26,135,492,842,1079,835,760,632,617,594,611,598,822,791,780,503,301,220,170,78,39,0,0
2025,2025-09-17,Northbound,Light Vehicles,20,8,15,23,106,417,676,943,854,673,539,586,616,509,614,728,744,737,529,335,220,221,96,54,0,0
2025,2025-09-17,Northbound,Heavy Vehicles,2,,1,3,20,76,104,115,74,91,74,83,95,96,67,95,63,57,53,19,17,9,7,4,0,0
2025,2025-09-17,Northbound,All Vehicles,22,8,16,26,126,493,780,1058,928,764,613,669,711,605,681,823,807,794,582,354,237,230,103,58,0,0
2025,2025-09-18,Northbound,Light Vehicles,28,17,19,22,110,444,682,1014,879,693,595,629,519,607,597,766,640,737,570,365,270,230,82,44,0,0
2025,2025-09-18,Northbound,Heavy Vehicles,1,4,1,6,8,67,119,125,84,93,90,97,74,79,67,95,73,60,45,30,32,20,7,2,0,0
2025,2025-09-18,Northbound,All Vehicles,29,21,20,28,118,511,801,1139,963,786,685,726,593,686,664,861,713,797,615,395,302,250,89,46,0,0
2025,2025-09-19,Northbound,Light Vehicles,30,18,21,15,111,394,632,854,918,739,616,679,685,645,618,744,712,786,606,378,268,250,186,105,0,0
2025,2025-09-19,Northbound,Heavy Vehicles,3,4,4,2,17,65,121,117,82,118,94,86,88,107,83,90,71,71,51,35,18,21,6,10,0,0
2025,2025-09-19,Northbound,All Vehicles,33,22,25,17,128,459,753,971,1000,857,710,765,773,752,701,834,783,857,657,413,286,271,192,115,0,0
2025,2025-09-20,Northbound,Light Vehicles,76,57,37,38,46,160,285,482,469,584,622,643,644,619,683,534,613,735,511,383,278,251,215,166,0,0
2025,2025-09-20,Northbound,Heavy Vehicles,6,4,2,1,10,22,31,53,48,68,68,64,51,42,63,54,51,39,36,24,18,16,6,9,0,0
2025,2025-09-20,Northbound,All Vehicles,82,61,39,39,56,182,316,535,517,652,690,707,695,661,746,588,664,774,547,407,296,267,221,175,0,0
2025,2025-09-21,Northbound,Light Vehicles,128,99,86,53,43,125,158,272,436,505,559,662,678,582,601,541,517,456,384,274,191,140,84,46,0,0
2025,2025-09-21,Northbound,Heavy Vehicles,2,3,4,3,6,10,23,26,35,42,37,41,47,51,50,42,32,41,28,19,9,10,1,5,0,0
2025,2025-09-21,Northbound,All Vehicles,130,102,90,56,49,135,181,298,471,547,596,703,725,633,651,583,549,497,412,293,200,150,85,51,0,0
2025,2025-09-22,Northbound,Light Vehicles,28,16,17,20,100,397,687,1074,785,726,516,511,538,501,576,725,697,650,432,226,166,109,56,32,0,0
2025,2025-09-22,Northbound,Heavy Vehicles,2,1,1,1,9,70,131,115,81,91,94,61,70,61,76,90,69,55,40,17,15,8,10,1,0,0
2025,2025-09-22,Northbound,All Vehicles,30,17,18,21,109,467,818,1189,866,817,610,572,608,562,652,815,766,705,472,243,181,117,66,33,0,0
2025,2025-09-23,Northbound,Light Vehicles,15,11,23,24,99,406,774,986,734,691,530,486,529,573,606,756,762,729,503,254,228,165,68,39,0,0
2025,2025-09-23,Northbound,Heavy Vehicles,,1,3,5,13,78,129,111,74,95,96,75,92,94,80,59,67,67,46,24,24,18,3,3,0,0
2025,2025-09-23,Northbound,All Vehicles,15,12,26,29,112,484,903,1097,808,786,626,561,621,667,686,815,829,796,549,278,252,183,71,42,0,0
2025,2025-09-24,Northbound,Light Vehicles,23,24,13,20,107,456,724,995,926,746,540,584,574,552,616,757,734,701,553,324,233,179,106,49,0,0
2025,2025-09-24,Northbound,Heavy Vehicles,3,1,6,2,13,69,144,131,83,90,93,84,86,91,100,94,68,48,44,16,14,11,7,3,0,0
2025,2025-09-24,Northbound,All Vehicles,26,25,19,22,120,525,868,1126,1009,836,633,668,660,643,716,851,802,749,597,340,247,190,113,52,0,0
2025,2025-09-25,Northbound,Light Vehicles,36,18,18,31,114,429,731,1013,767,692,539,607,565,591,639,732,619,815,601,305,282,266,88,58,0,0
2025,2025-09-25,Northbound,Heavy Vehicles,,1,3,2,13,84,112,109,71,110,80,94,77,80,75,98,66,58,53,22,17,19,9,4,0,0
2025,2025-09-25,Northbound,All Vehicles,36,19,21,33,127,513,843,1122,838,802,619,701,642,671,714,830,685,873,654,327,299,285,97,62,0,0
2025,2025-09-26,Northbound,Heavy Vehicles,1,2,1,5,12,67,111,133,96,105,92,101,92,99,92,104,59,55,48,28,22,14,10,5,0,0
2025,2025-09-26,Northbound,Light Vehicles,40,17,12,23,107,386,606,843,927,683,657,650,626,646,631,720,699,667,620,365,257,222,183,136,0,0
2025,2025-09-26,Northbound,All Vehicles,41,19,13,28,119,453,717,976,1023,788,749,751,718,745,723,824,758,722,668,393,279,236,193,141,0,0
2025,2025-09-27,Northbound,Heavy Vehicles,4,2,1,1,5,23,32,53,61,59,71,53,68,34,49,38,25,39,31,17,17,13,7,9,0,0
2025,2025-09-27,Northbound,Light Vehicles,91,50,41,30,47,159,246,514,497,589,660,694,662,658,596,510,522,633,526,371,272,292,215,179,0,0
2025,2025-09-27,Northbound,All Vehicles,95,52,42,31,52,182,278,567,558,648,731,747,730,692,645,548,547,672,557,388,289,305,222,188,0,0
2025,2025-09-28,Northbound,Heavy Vehicles,5,3,1,3,3,16,14,26,40,43,49,55,46,49,50,46,34,42,20,18,11,13,2,2,0,0
2025,2025-09-28,Northbound,Light Vehicles,127,93,79,59,39,115,180,258,431,508,609,652,615,557,574,553,513,442,360,241,188,145,95,50,0,0
2025,2025-09-28,Northbound,All Vehicles,132,96,80,62,42,131,194,284,471,551,658,707,661,606,624,599,547,484,380,259,199,158,97,52,0,0
2025,2025-09-29,Northbound,Light Vehicles,36,15,25,25,97,418,639,971,830,612,572,642,543,582,565,613,692,674,451,238,213,121,65,44,0,0
2025,2025-09-29,Northbound,Heavy Vehicles,3,,3,3,16,62,136,109,79,100,85,87,75,80,71,89,60,50,55,27,13,11,7,6,0,0
2025,2025-09-29,Northbound,All Vehicles,39,15,28,28,113,480,775,1080,909,712,657,729,618,662,636,702,752,724,506,265,226,132,72,50,0,0
2025,2025-09-30,Northbound,Heavy Vehicles,,1,2,1,15,69,160,125,78,87,71,99,90,91,85,96,86,63,46,22,17,13,7,9,0,0
2025,2025-09-30,Northbound,Light Vehicles,23,20,14,17,97,473,701,967,819,637,619,590,593,609,645,673,714,756,493,288,201,176,85,50,0,0
2025,2025-09-30,Northbound,All Vehicles,23,21,16,18,112,542,861,1092,897,724,690,689,683,700,730,769,800,819,539,310,218,189,92,59,0,0
2025,2025-10-01,Northbound,Light Vehicles,31,21,9,24,105,462,671,1028,758,665,575,608,587,537,619,591,728,693,514,303,228,223,104,46,0,0
2025,2025-10-01,Northbound,Heavy Vehicles,5,1,6,,18,59,142,114,85,86,74,86,83,69,88,78,80,58,50,25,20,13,5,4,0,0
2025,2025-10-01,Northbound,All Vehicles,36,22,15,24,123,521,813,1142,843,751,649,694,670,606,707,669,808,751,564,328,248,236,109,50,0,0
2025,2025-10-02,Northbound,Heavy Vehicles,,3,2,1,18,52,108,105,94,99,83,84,92,113,86,87,85,62,39,23,15,16,5,2,0,0
2025,2025-10-02,Northbound,Light Vehicles,38,19,11,23,106,444,687,984,893,670,611,620,620,598,629,653,773,753,498,305,263,206,110,56,0,0
2025,2025-10-02,Northbound,All Vehicles,38,22,13,24,124,496,795,1089,987,769,694,704,712,711,715,740,858,815,537,328,278,222,115,58,0,0
2025,2025-10-03,Northbound,Heavy Vehicles,3,1,2,2,16,73,109,117,88,100,91,89,108,75,84,76,56,54,41,28,16,14,11,6,0,0
2025,2025-10-03,Northbound,Light Vehicles,18,25,18,25,111,407,569,842,794,621,688,665,672,665,656,671,704,724,545,364,230,207,164,99,0,0
2025,2025-10-03,Northbound,All Vehicles,21,26,20,27,127,480,678,959,882,721,779,754,780,740,740,747,760,778,586,392,246,221,175,105,0,0
2025,2025-10-04,Northbound,Light Vehicles,69,55,33,30,35,155,267,448,500,618,697,665,654,614,525,540,514,579,490,339,272,276,187,174,0,0
2025,2025-10-04,Northbound,Heavy Vehicles,3,3,6,,2,13,27,48,63,61,51,51,44,57,40,34,36,28,40,17,14,20,7,5,0,0
2025,2025-10-04,Northbound,All Vehicles,72,58,39,30,37,168,294,496,563,679,748,716,698,671,565,574,550,607,530,356,286,296,194,179,0,0
2025,2025-10-05,Northbound,Heavy Vehicles,7,1,,2,4,12,11,23,32,39,38,52,43,42,42,39,38,27,32,23,13,12,10,8,0,0
2025,2025-10-05,Northbound,Light Vehicles,119,113,,84,46,96,157,204,340,450,495,593,605,539,641,556,579,515,392,362,234,226,236,170,0,0
2025,2025-10-05,Northbound,All Vehicles,126,114,,86,50,108,168,227,372,489,533,645,648,581,683,595,617,542,424,385,247,238,246,178,0,0
2025,2025-10-06,Northbound,Heavy Vehicles,,1,,,1,,1,1,1,1,3,8,1,5,3,3,3,3,2,,1,3,1,,0,0
2025,2025-10-06,Northbound,Light Vehicles,7,8,11,3,6,5,6,16,12,31,27,46,35,41,47,43,33,36,33,28,13,14,10,4,0,0
2025,2025-10-06,Northbound,All Vehicles,7,9,11,3,7,5,7,17,13,32,30,54,36,46,50,46,36,39,35,28,14,17,11,4,0,0
2025,2025-10-07,Northbound,Heavy Vehicles,1,4,2,5,12,50,104,121,110,81,92,81,72,86,71,72,75,54,41,24,15,14,6,2,0,0
2025,2025-10-07,Northbound,Light Vehicles,20,15,21,26,92,361,563,988,942,668,560,550,578,576,614,644,653,686,443,285,214,159,94,39,0,0
2025,2025-10-07,Northbound,All Vehicles,21,19,23,31,104,411,667,1109,1052,749,652,631,650,662,685,716,728,740,484,309,229,173,100,41,0,0
2025,2025-10-08,Northbound,Light Vehicles,38,11,15,19,93,386,708,805,813,598,562,592,586,584,603,714,784,754,549,350,246,177,130,54,0,0
2025,2025-10-08,Northbound,Heavy Vehicles,1,1,4,2,14,67,120,88,82,78,83,91,79,81,79,101,73,52,41,33,23,10,7,3,0,0
2025,2025-10-08,Northbound,All Vehicles,39,12,19,21,107,453,828,893,895,676,645,683,665,665,682,815,857,806,590,383,269,187,137,57,0,0
2025,2025-10-09,Northbound,Heavy Vehicles,3,,1,5,14,55,112,121,119,100,94,93,73,81,104,77,61,54,27,29,30,16,9,4,0,0
2025,2025-10-09,Northbound,Light Vehicles,43,18,17,21,96,373,652,902,952,635,606,582,564,596,612,660,660,606,519,344,258,217,100,64,0,0
2025,2025-10-09,Northbound,All Vehicles,46,18,18,26,110,428,764,1023,1071,735,700,675,637,677,716,737,721,660,546,373,288,233,109,68,0,0
2025,2025-10-10,Northbound,Light Vehicles,44,22,23,22,92,373,607,846,805,664,661,681,648,652,663,676,730,673,568,408,323,292,175,137,0,0
2025,2025-10-10,Northbound,Heavy Vehicles,3,,3,2,14,56,124,112,91,99,81,96,87,61,85,75,67,61,39,42,22,16,10,11,0,0
2025,2025-10-10,Northbound,All Vehicles,47,22,26,24,106,429,731,958,896,763,742,777,735,713,748,751,797,734,607,450,345,308,185,148,0,0
2025,2025-10-11,Northbound,Heavy Vehicles,9,3,4,3,2,18,35,54,44,62,63,70,49,52,50,47,50,44,34,32,25,15,13,4,0,0
2025,2025-10-11,Northbound,Light Vehicles,92,66,42,41,49,152,281,491,478,620,649,706,687,628,626,562,562,673,567,445,304,296,224,173,0,0
2025,2025-10-11,Northbound,All Vehicles,101,69,46,44,51,170,316,545,522,682,712,776,736,680,676,609,612,717,601,477,329,311,237,177,0,0
2025,2025-10-12,Northbound,Heavy Vehicles,2,4,3,3,3,14,27,28,45,34,36,44,50,40,44,37,31,32,24,24,21,9,9,6,0,0
2025,2025-10-12,Northbound,Light Vehicles,142,71,66,52,39,107,161,261,397,534,598,648,725,645,541,535,548,448,401,259,220,135,84,44,0,0
2025,2025-10-12,Northbound,All Vehicles,144,75,69,55,42,121,188,289,442,568,634,692,775,685,585,572,579,480,425,283,241,144,93,50,0,0
2025,2025-10-13,Northbound,Light Vehicles,31,24,20,32,103,384,676,1022,840,643,507,574,550,551,576,651,699,695,430,305,196,139,77,50,0,0
2025,2025-10-13,Northbound,Heavy Vehicles,,1,4,4,17,43,110,116,100,89,84,87,76,85,71,87,70,57,52,29,17,8,7,7,0,0
2025,2025-10-13,Northbound,All Vehicles,31,25,24,36,120,427,786,1138,940,732,591,661,626,636,647,738,769,752,482,334,213,147,84,57,0,0
2025,2025-10-14,Northbound,Heavy Vehicles,3,1,3,2,20,63,133,118,83,73,84,75,84,79,92,103,57,76,50,34,30,16,10,3,0,0
2025,2025-10-14,Northbound,Light Vehicles,25,8,18,17,93,444,714,972,944,632,578,596,567,518,609,709,683,734,543,322,276,163,88,62,0,0
2025,2025-10-14,Northbound,All Vehicles,28,9,21,19,113,507,847,1090,1027,705,662,671,651,597,701,812,740,810,593,356,306,179,98,65,0,0
2025,2025-10-15,Northbound,Light Vehicles,24,19,16,20,103,432,692,983,909,692,568,599,592,542,547,711,750,754,481,368,259,197,71,38,0,0
2025,2025-10-15,Northbound,Heavy Vehicles,1,4,4,2,14,81,109,129,100,93,102,83,78,78,79,87,75,56,34,37,16,17,9,2,0,0
2025,2025-10-15,Northbound,All Vehicles,25,23,20,22,117,513,801,1112,1009,785,670,682,670,620,626,798,825,810,515,405,275,214,80,40,0,0
2025,2025-10-16,Northbound,Heavy Vehicles,3,1,1,1,17,58,131,114,69,99,97,93,84,55,73,94,88,74,37,33,19,10,7,3,0,0
2025,2025-10-16,Northbound,Light Vehicles,38,25,12,24,111,424,680,964,782,628,596,579,628,563,608,669,745,780,627,407,296,214,109,59,0,0
2025,2025-10-16,Northbound,All Vehicles,41,26,13,25,128,482,811,1078,851,727,693,672,712,618,681,763,833,854,664,440,315,224,116,62,0,0
2025,2025-10-17,Northbound,Light Vehicles,30,13,20,26,104,388,651,894,862,774,623,616,630,606,634,719,681,734,540,339,264,235,147,93,0,0
2025,2025-10-17,Northbound,Heavy Vehicles,2,2,1,3,19,55,107,107,119,105,91,87,108,89,100,84,74,76,55,25,17,15,8,2,0,0
2025,2025-10-17,Northbound,All Vehicles,32,15,21,29,123,443,758,1001,981,879,714,703,738,695,734,803,755,810,595,364,281,250,155,95,0,0
2025,2025-10-18,Northbound,Light Vehicles,67,50,35,29,43,148,292,485,528,587,661,659,672,632,586,543,538,686,603,452,349,303,293,195,0,0
2025,2025-10-18,Northbound,Heavy Vehicles,1,2,4,2,7,23,26,44,44,67,66,76,55,43,43,28,49,46,46,38,21,17,20,5,0,0
2025,2025-10-18,Northbound,All Vehicles,68,52,39,31,50,171,318,529,572,654,727,735,727,675,629,571,587,732,649,490,370,320,313,200,0,0
2025,2025-10-19,Northbound,Light Vehicles,140,105,89,40,63,102,163,269,376,502,552,640,670,595,580,572,557,473,406,281,221,156,83,65,0,0
2025,2025-10-19,Northbound,Heavy Vehicles,6,6,2,1,4,13,16,22,30,38,42,41,52,54,62,50,46,48,34,25,20,10,10,1,0,0
2025,2025-10-19,Northbound,All Vehicles,146,111,91,41,67,115,179,291,406,540,594,681,722,649,642,622,603,521,440,306,241,166,93,66,0,0
2025,2025-10-20,Northbound,Light Vehicles,23,26,16,32,95,399,604,1022,844,689,560,569,571,554,615,721,736,729,433,305,210,147,78,38,0,0
2025,2025-10-20,Northbound,Heavy Vehicles,2,1,2,2,15,55,123,112,76,89,82,79,84,57,91,94,74,64,29,26,16,13,4,2,0,0
2025,2025-10-20,Northbound,All Vehicles,25,27,18,34,110,454,727,1134,920,778,642,648,655,611,706,815,810,793,462,331,226,160,82,40,0,0
2025,2025-10-21,Northbound,Heavy Vehicles,3,2,3,3,18,67,133,127,75,84,93,87,107,75,78,106,77,80,65,29,22,18,3,1,0,0
2025,2025-10-21,Northbound,Light Vehicles,27,13,15,23,117,407,731,961,815,718,591,559,557,547,571,739,717,744,524,310,230,197,86,40,0,0
2025,2025-10-21,Northbound,All Vehicles,30,15,18,26,135,474,864,1088,890,802,684,646,664,622,649,845,794,824,589,339,252,215,89,41,0,0
2025,2025-10-22,Northbound,Heavy Vehicles,3,3,3,3,20,66,144,136,75,100,101,88,83,78,83,96,80,56,42,26,27,12,5,2,0,0
2025,2025-10-22,Northbound,Light Vehicles,28,21,17,30,100,443,681,1021,753,654,553,548,531,593,628,719,746,736,554,394,253,189,108,49,0,0
2025,2025-10-22,Northbound,All Vehicles,31,24,20,33,120,509,825,1157,828,754,654,636,614,671,711,815,826,792,596,420,280,201,113,51,0,0
2025,2025-10-23,Northbound,Light Vehicles,36,17,23,25,124,426,672,998,911,788,557,563,590,532,627,695,825,744,580,408,285,228,101,68,0,0
2025,2025-10-23,Northbound,Heavy Vehicles,6,2,1,5,12,59,130,130,97,109,85,88,74,98,80,114,76,63,54,34,22,19,10,6,0,0
2025,2025-10-23,Northbound,All Vehicles,42,19,24,30,136,485,802,1128,1008,897,642,651,664,630,707,809,901,807,634,442,307,247,111,74,0,0
2025,2025-10-24,Northbound,Heavy Vehicles,1,1,3,3,23,50,130,117,110,85,98,91,98,89,111,118,68,66,54,37,31,13,8,5,0,0
2025,2025-10-24,Northbound,Light Vehicles,34,29,20,31,99,380,675,920,818,612,605,631,625,636,630,738,755,696,626,415,287,226,196,122,0,0
2025,2025-10-24,Northbound,All Vehicles,35,30,23,34,122,430,805,1037,928,697,703,722,723,725,741,856,823,762,680,452,318,239,204,127,0,0
2025,2025-10-25,Northbound,Heavy Vehicles,4,,6,4,8,19,36,59,39,61,62,74,47,62,51,37,37,58,40,37,16,21,14,10,0,0
2025,2025-10-25,Northbound,Light Vehicles,80,65,43,47,51,150,311,501,527,580,609,717,627,670,544,588,565,666,541,408,316,279,246,195,0,0
2025,2025-10-25,Northbound,All Vehicles,84,65,49,51,59,169,347,560,566,641,671,791,674,732,595,625,602,724,581,445,332,300,260,205,0,0
2025,2025-10-26,Northbound,Heavy Vehicles,6,4,1,6,7,10,20,32,25,47,54,52,63,44,45,48,52,38,23,21,21,7,11,3,0,0
2025,2025-10-26,Northbound,Light Vehicles,135,124,102,49,49,118,155,279,374,566,598,693,660,646,577,576,498,445,367,280,206,199,105,58,0,0
2025,2025-10-26,Northbound,All Vehicles,141,128,103,55,56,128,175,311,399,613,652,745,723,690,622,624,550,483,390,301,227,206,116,61,0,0
2025,2025-10-27,Northbound,Light Vehicles,31,24,21,25,122,404,697,970,1001,674,538,572,576,601,578,749,621,689,406,261,188,136,61,38,0,0
2025,2025-10-27,Northbound,Heavy Vehicles,2,3,3,1,16,67,124,110,102,101,95,88,89,84,90,92,78,66,51,34,14,4,4,5,0,0
2025,2025-10-27,Northbound,All Vehicles,33,27,24,26,138,471,821,1080,1103,775,633,660,665,685,668,841,699,755,457,295,202,140,65,43,0,0
2025,2025-10-28,Northbound,Heavy Vehicles,4,2,1,5,17,73,130,125,92,90,83,100,70,75,79,85,63,46,45,23,20,13,4,1,0,0
2025,2025-10-28,Northbound,Light Vehicles,18,19,17,29,96,435,721,940,813,775,572,588,573,551,523,675,652,734,511,274,213,156,83,46,0,0
2025,2025-10-28,Northbound,All Vehicles,22,21,18,34,113,508,851,1065,905,865,655,688,643,626,602,760,715,780,556,297,233,169,87,47,0,0
2025,2025-10-29,Northbound,Light Vehicles,39,18,13,20,108,434,753,1015,786,739,530,556,540,588,618,742,783,743,515,300,270,187,88,54,0,0
2025,2025-10-29,Northbound,Heavy Vehicles,4,1,2,4,12,64,127,123,71,100,95,99,94,88,88,95,82,61,37,34,18,20,7,1,0,0
2025,2025-10-29,Northbound,All Vehicles,43,19,15,24,120,498,880,1138,857,839,625,655,634,676,706,837,865,804,552,334,288,207,95,55,0,0
2025,2025-10-30,Northbound,Heavy Vehicles,3,,2,1,6,67,132,111,77,104,87,89,90,91,88,91,92,68,37,32,17,23,10,6,0,0
2025,2025-10-30,Northbound,Light Vehicles,23,16,9,28,116,416,719,882,811,729,612,564,572,591,595,769,752,795,623,422,323,264,117,80,0,0
2025,2025-10-30,Northbound,All Vehicles,26,16,11,29,122,483,851,993,888,833,699,653,662,682,683,860,844,863,660,454,340,287,127,86,0,0
2025,2025-10-31,Northbound,Light Vehicles,26,16,18,28,102,402,651,880,952,741,624,683,686,650,746,740,766,730,559,402,350,290,258,180,0,0
2025,2025-10-31,Northbound,Heavy Vehicles,4,2,2,3,17,57,129,123,104,111,91,100,109,89,94,94,90,61,37,32,32,20,15,12,0,0
2025,2025-10-31,Northbound,All Vehicles,30,18,20,31,119,459,780,1003,1056,852,715,783,795,739,840,834,856,791,596,434,382,310,273,192,0,0
2025,2025-11-01,Northbound,Light Vehicles,142,104,96,65,41,132,294,471,440,643,587,792,767,603,634,581,610,597,543,427,348,314,314,268,0,0
2025,2025-11-01,Northbound,Heavy Vehicles,6,2,5,2,2,27,35,49,53,68,63,59,69,55,61,54,41,50,21,32,28,27,21,25,0,0
2025,2025-11-01,Northbound,All Vehicles,148,106,101,67,43,159,329,520,493,711,650,851,836,658,695,635,651,647,564,459,376,341,335,293,0,0
2025,2025-11-02,Northbound,Light Vehicles,208,159,113,89,51,97,150,213,367,540,560,602,593,557,535,507,516,454,382,304,250,190,97,72,0,0
2025,2025-11-02,Northbound,Heavy Vehicles,9,10,2,3,8,12,14,29,38,24,56,47,41,53,51,49,45,32,36,21,12,11,4,2,0,0
2025,2025-11-02,Northbound,All Vehicles,217,169,115,92,59,109,164,242,405,564,616,649,634,610,586,556,561,486,418,325,262,201,101,74,0,0
2025,2025-11-03,Northbound,Heavy Vehicles,1,1,3,1,12,62,112,106,82,115,78,76,97,81,89,90,81,61,34,26,21,9,2,3,0,0
2025,2025-11-03,Northbound,Light Vehicles,30,25,18,29,106,398,670,829,897,663,521,515,521,512,571,622,724,747,450,276,226,172,85,48,0,0
2025,2025-11-03,Northbound,All Vehicles,31,26,21,30,118,460,782,935,979,778,599,591,618,593,660,712,805,808,484,302,247,181,87,51,0,0
2025,2025-11-04,Northbound,Light Vehicles,27,21,15,30,101,411,689,879,805,710,587,647,576,512,541,644,697,696,536,339,260,184,81,47,0,0
2025,2025-11-04,Northbound,Heavy Vehicles,1,2,2,4,12,56,129,113,75,91,95,91,96,77,99,70,81,57,39,30,17,20,4,4,0,0
2025,2025-11-04,Northbound,All Vehicles,28,23,17,34,113,467,818,992,880,801,682,738,672,589,640,714,778,753,575,369,277,204,85,51,0,0
2025,2025-11-05,Northbound,Heavy Vehicles,,1,4,1,15,63,135,117,119,96,81,88,96,100,66,98,87,65,41,,,,,,0,0
2025,2025-11-05,Northbound,Light Vehicles,37,17,18,26,112,415,714,906,932,611,586,532,529,606,613,675,743,787,547,,,,,,0,0
2025,2025-11-05,Northbound,All Vehicles,37,18,22,27,127,478,849,1023,1051,707,667,620,625,706,679,773,830,852,588,,,,,,0,0
