year,date,cardinal_direction_seq,classification_seq,hour_00,hour_01,hour_02,hour_03,hour_04,hour_05,hour_06,hour_07,hour_08,hour_09,hour_10,hour_11,hour_12,hour_13,hour_14,hour_15,hour_16,hour_17,hour_18,hour_19,hour_20,hour_21,hour_22,hour_23,public_holiday,school_holiday
2024,2024-01-02,Northbound,Heavy Vehicles,,,,,1,4,5,10,16,14,16,12,14,16,8,14,11,13,7,5,,1,1,1,0,0
2024,2024-01-02,Northbound,Light Vehicles,27,12,8,12,19,51,70,148,265,270,287,272,244,235,279,264,313,290,239,165,146,88,73,31,0,0
2024,2024-01-02,Northbound,All Vehicles,27,12,8,12,20,55,75,158,281,284,303,284,258,251,287,278,324,303,246,170,146,89,74,32,0,0
2024,2024-01-03,Northbound,Light Vehicles,35,11,15,3,16,56,80,157,256,254,307,259,269,238,247,242,311,301,225,193,125,106,66,52,0,0
2024,2024-01-03,Northbound,Heavy Vehicles,4,1,3,,1,3,3,17,23,15,24,19,11,18,17,13,19,8,7,4,1,2,1,,0,0
2024,2024-01-03,Northbound,All Vehicles,39,12,18,3,17,59,83,174,279,269,331,278,280,256,264,255,330,309,232,197,126,108,67,52,0,0
2024,2024-01-04,Northbound,Light Vehicles,29,23,14,10,16,88,121,193,346,335,343,345,365,341,308,345,432,451,317,205,159,133,99,53,0,0
2024,2024-01-04,Northbound,Heavy Vehicles,,1,3,1,7,3,11,11,19,13,26,20,21,17,17,22,14,14,13,6,2,4,5,2,0,0
2024,2024-01-04,Northbound,All Vehicles,29,24,17,11,23,91,132,204,365,348,369,365,386,358,325,367,446,465,330,211,161,137,104,55,0,0
2024,2024-01-05,Northbound,Heavy Vehicles,1,2,3,,3,5,5,7,21,27,24,30,22,21,17,23,19,17,15,4,9,4,4,,0,0
2024,2024-01-05,Northbound,Light Vehicles,49,24,12,19,22,85,135,212,301,336,363,328,397,341,340,336,405,369,325,218,181,176,116,80,0,0
2024,2024-01-05,Northbound,All Vehicles,50,26,15,19,25,90,140,219,322,363,387,358,419,362,357,359,424,386,340,222,190,180,120,80,0,0
2024,2024-01-06,Northbound,Heavy Vehicles,1,,2,2,4,9,14,11,17,18,19,15,8,13,17,16,15,10,5,8,1,3,3,1,0,0
2024,2024-01-06,Northbound,Light Vehicles,49,39,20,24,23,58,91,134,217,289,332,331,312,294,274,278,275,272,236,210,168,173,111,97,0,0
2024,2024-01-06,Northbound,All Vehicles,50,39,22,26,27,67,105,145,234,307,351,346,320,307,291,294,290,282,241,218,169,176,114,98,0,0
2024,2024-01-07,Northbound,Heavy Vehicles,3,,,,,3,3,7,14,12,7,10,13,6,11,12,12,6,10,3,5,4,3,2,0,0
2024,2024-01-07,Northbound,Light Vehicles,55,48,34,21,18,41,65,107,163,262,275,350,316,282,252,257,280,264,228,193,152,140,77,61,0,0
2024,2024-01-07,Northbound,All Vehicles,58,48,34,21,18,44,68,114,177,274,282,360,329,288,263,269,292,270,238,196,157,144,80,63,0,0
2024,2024-01-08,Northbound,Heavy Vehicles,,2,2,,3,10,12,15,17,21,26,19,21,19,24,18,19,10,18,8,3,4,2,2,0,0
2024,2024-01-08,Northbound,Light Vehicles,34,23,11,9,29,96,149,257,413,344,383,318,322,368,341,378,480,394,268,203,150,94,85,67,0,0
2024,2024-01-08,Northbound,All Vehicles,34,25,13,9,32,106,161,272,430,365,409,337,343,387,365,396,499,404,286,211,153,98,87,69,0,0
2024,2024-01-09,Northbound,Heavy Vehicles,1,,1,1,3,6,13,24,37,31,32,28,33,39,33,26,24,15,16,11,6,5,,,0,0
2024,2024-01-09,Northbound,Light Vehicles,20,18,13,23,21,109,158,265,414,399,357,371,334,319,350,399,492,450,287,201,146,131,101,62,0,0
2024,2024-01-09,Northbound,All Vehicles,21,18,14,24,24,115,171,289,451,430,389,399,367,358,383,425,516,465,303,212,152,136,101,62,0,0
2024,2024-01-10,Northbound,Heavy Vehicles,1,2,2,1,3,7,20,28,40,40,32,34,33,40,31,26,18,22,14,9,10,3,2,,0,0
2024,2024-01-10,Northbound,Light Vehicles,28,28,15,22,25,99,169,294,455,372,409,392,363,302,347,416,501,457,351,216,170,144,111,45,0,0
2024,2024-01-10,Northbound,All Vehicles,29,30,17,23,28,106,189,322,495,412,441,426,396,342,378,442,519,479,365,225,180,147,113,45,0,0
2024,2024-01-11,Northbound,Light Vehicles,26,18,8,17,25,101,172,264,441,424,390,341,383,329,376,403,497,464,384,232,187,140,87,45,0,0
2024,2024-01-11,Northbound,Heavy Vehicles,2,,3,2,5,4,17,24,34,29,30,33,24,33,26,32,19,22,21,20,5,1,3,2,0,0
2024,2024-01-11,Northbound,All Vehicles,28,18,11,19,30,105,189,288,475,453,420,374,407,362,402,435,516,486,405,252,192,141,90,47,0,0
2024,2024-01-12,Northbound,Light Vehicles,43,22,13,24,26,94,166,251,399,399,428,383,365,342,362,395,447,450,351,225,183,174,114,100,0,0
2024,2024-01-12,Northbound,Heavy Vehicles,,1,2,4,3,6,19,19,33,28,27,26,34,26,18,27,22,20,13,8,3,2,1,3,0,0
2024,2024-01-12,Northbound,All Vehicles,43,23,15,28,29,100,185,270,432,427,455,409,399,368,380,422,469,470,364,233,186,176,115,103,0,0
2024,2024-01-13,Northbound,Heavy Vehicles,4,,1,,2,2,8,7,9,16,18,20,17,17,17,14,8,10,16,7,6,4,4,5,0,0
2024,2024-01-13,Northbound,Light Vehicles,63,31,21,11,22,72,100,176,249,310,368,337,333,283,271,261,255,310,307,194,163,161,102,98,0,0
2024,2024-01-13,Northbound,All Vehicles,67,31,22,11,24,74,108,183,258,326,386,357,350,300,288,275,263,320,323,201,169,165,106,103,0,0
2024,2024-01-14,Northbound,Light Vehicles,76,47,44,25,14,42,62,105,158,230,296,348,299,311,254,247,260,270,211,172,150,124,61,33,0,0
2024,2024-01-14,Northbound,Heavy Vehicles,2,1,,1,,2,1,2,7,12,18,15,13,12,11,7,11,12,7,4,1,4,1,3,0,0
2024,2024-01-14,Northbound,All Vehicles,78,48,44,26,14,44,63,107,165,242,314,363,312,323,265,254,271,282,218,176,151,128,62,36,0,0
2024,2024-01-15,Northbound,Heavy Vehicles,1,3,1,4,3,6,13,18,30,20,28,25,31,23,17,25,27,8,12,3,2,4,1,,0,0
2024,2024-01-15,Northbound,Light Vehicles,31,12,11,14,34,82,166,239,440,378,361,307,331,322,326,431,482,469,308,212,164,113,67,38,0,0
2024,2024-01-15,Northbound,All Vehicles,32,15,12,18,37,88,179,257,470,398,389,332,362,345,343,456,509,477,320,215,166,117,68,38,0,0
2024,2024-01-16,Northbound,Heavy Vehicles,,,4,,1,5,11,16,30,24,26,28,27,30,16,32,24,25,13,1,10,2,,1,0,0
2024,2024-01-16,Northbound,Light Vehicles,24,14,15,15,27,87,158,283,453,416,374,364,357,341,335,424,487,460,320,213,152,125,79,62,0,0
2024,2024-01-16,Northbound,All Vehicles,24,14,19,15,28,92,169,299,483,440,400,392,384,371,351,456,511,485,333,214,162,127,79,63,0,0
2024,2024-01-17,Northbound,Heavy Vehicles,4,1,3,2,3,7,21,17,31,23,28,24,28,27,24,26,25,16,6,11,2,2,3,1,0,0
2024,2024-01-17,Northbound,Light Vehicles,32,18,11,15,23,82,181,288,439,358,394,361,371,339,379,399,441,511,335,233,163,146,78,49,0,0
2024,2024-01-17,Northbound,All Vehicles,36,19,14,17,26,89,202,305,470,381,422,385,399,366,403,425,466,527,341,244,165,148,81,50,0,0
2024,2024-01-18,Northbound,Light Vehicles,21,17,18,22,22,98,175,305,435,409,348,346,370,342,326,413,486,520,366,274,202,168,104,54,0,0
2024,2024-01-18,Northbound,Heavy Vehicles,1,1,2,1,4,2,13,17,37,28,28,25,26,32,28,26,31,17,15,11,4,5,,1,0,0
2024,2024-01-18,Northbound,All Vehicles,22,18,20,23,26,100,188,322,472,437,376,371,396,374,354,439,517,537,381,285,206,173,104,55,0,0
2024,2024-01-19,Northbound,Light Vehicles,39,24,13,12,36,90,159,257,397,407,403,354,376,367,389,408,503,456,357,251,204,158,99,91,0,0
2024,2024-01-19,Northbound,Heavy Vehicles,1,2,2,2,6,9,13,20,24,24,26,35,23,18,36,23,26,13,19,5,8,6,,3,0,0
2024,2024-01-19,Northbound,All Vehicles,40,26,15,14,42,99,172,277,421,431,429,389,399,385,425,431,529,469,376,256,212,164,99,94,0,0
2024,2024-01-20,Northbound,Heavy Vehicles,1,3,,1,1,5,9,12,15,13,10,16,13,18,15,11,11,13,16,4,8,5,6,2,0,0
2024,2024-01-20,Northbound,Light Vehicles,53,48,28,21,20,57,98,181,262,346,348,361,328,312,299,282,283,295,259,199,179,145,147,87,0,0
2024,2024-01-20,Northbound,All Vehicles,54,51,28,22,21,62,107,193,277,359,358,377,341,330,314,293,294,308,275,203,187,150,153,89,0,0
2024,2024-01-21,Northbound,Light Vehicles,78,47,38,31,19,39,81,156,195,271,295,354,294,300,240,252,273,263,263,186,168,121,86,48,0,0
2024,2024-01-21,Northbound,Heavy Vehicles,1,2,,1,,4,1,12,12,10,9,13,13,14,6,8,13,17,4,8,6,8,3,2,0,0
2024,2024-01-21,Northbound,All Vehicles,79,49,38,32,19,43,82,168,207,281,304,367,307,314,246,260,286,280,267,194,174,129,89,50,0,0
2024,2024-01-22,Northbound,Light Vehicles,34,15,4,15,43,97,167,288,434,352,345,372,343,354,359,401,465,492,307,203,129,130,80,47,0,0
2024,2024-01-22,Northbound,Heavy Vehicles,1,2,3,1,4,6,13,19,20,29,26,40,30,22,19,25,15,26,14,6,6,3,2,,0,0
2024,2024-01-22,Northbound,All Vehicles,35,17,7,16,47,103,180,307,454,381,371,412,373,376,378,426,480,518,321,209,135,133,82,47,0,0
2024,2024-01-23,Northbound,Light Vehicles,30,12,10,18,33,93,163,281,493,413,394,345,350,347,372,380,481,496,380,222,209,126,85,36,0,0
2024,2024-01-23,Northbound,Heavy Vehicles,2,1,1,1,3,5,16,32,37,32,32,33,37,38,37,28,18,15,20,9,7,1,1,5,0,0
2024,2024-01-23,Northbound,All Vehicles,32,13,11,19,36,98,179,313,530,445,426,378,387,385,409,408,499,511,400,231,216,127,86,41,0,0
2024,2024-01-24,Northbound,Heavy Vehicles,3,3,4,,4,7,17,27,41,35,26,31,37,30,39,37,20,22,14,12,9,6,3,2,0,0
2024,2024-01-24,Northbound,Light Vehicles,23,12,13,19,33,109,184,302,466,423,374,367,339,335,372,453,500,492,314,265,188,151,81,51,0,0
2024,2024-01-24,Northbound,All Vehicles,26,15,17,19,37,116,201,329,507,458,400,398,376,365,411,490,520,514,328,277,197,157,84,53,0,0
2024,2024-01-25,Northbound,Light Vehicles,35,23,12,17,27,107,182,280,474,356,401,370,413,354,348,456,526,541,428,238,219,166,106,98,0,0
2024,2024-01-25,Northbound,Heavy Vehicles,1,,3,2,6,9,14,21,36,36,33,38,45,29,43,30,22,17,18,5,5,4,4,7,0,0
2024,2024-01-25,Northbound,All Vehicles,36,23,15,19,33,116,196,301,510,392,434,408,458,383,391,486,548,558,446,243,224,170,110,105,0,0
2024,2024-01-27,Northbound,Light Vehicles,63,40,28,18,26,54,90,158,231,285,361,347,324,334,284,267,285,282,256,193,181,162,129,90,0,0
2024,2024-01-27,Northbound,Heavy Vehicles,,1,,,1,1,4,8,9,12,14,20,12,11,14,10,9,7,9,6,6,9,1,2,0,0
2024,2024-01-27,Northbound,All Vehicles,63,41,28,18,27,55,94,166,240,297,375,367,336,345,298,277,294,289,265,199,187,171,130,92,0,0
2024,2024-01-28,Northbound,Light Vehicles,69,47,40,30,15,48,63,104,176,231,282,377,347,319,268,260,320,303,283,186,142,118,83,35,0,0
2024,2024-01-28,Northbound,Heavy Vehicles,,1,,,1,3,1,4,9,11,15,15,14,17,9,13,12,15,6,4,1,9,3,,0,0
2024,2024-01-28,Northbound,All Vehicles,69,48,40,30,16,51,64,108,185,242,297,392,361,336,277,273,332,318,289,190,143,127,86,35,0,0
2024,2024-01-29,Northbound,Light Vehicles,23,18,9,18,25,108,169,283,473,404,337,387,375,360,380,391,493,467,327,245,160,157,72,38,0,0
2024,2024-01-29,Northbound,Heavy Vehicles,1,1,4,1,6,6,12,14,24,28,23,34,21,24,21,23,20,16,15,16,3,5,2,2,0,0
2024,2024-01-29,Northbound,All Vehicles,24,19,13,19,31,114,181,297,497,432,360,421,396,384,401,414,513,483,342,261,163,162,74,40,0,0
2024,2024-01-30,Northbound,Heavy Vehicles,,2,2,,1,10,16,26,32,38,40,46,32,31,43,34,23,18,8,14,2,4,,,0,0
2024,2024-01-30,Northbound,Light Vehicles,27,13,12,20,38,114,204,280,498,416,378,336,351,351,384,433,487,488,365,249,157,137,90,49,0,0
2024,2024-01-30,Northbound,All Vehicles,27,15,14,20,39,124,220,306,530,454,418,382,383,382,427,467,510,506,373,263,159,141,90,49,0,0
2024,2024-01-31,Northbound,Light Vehicles,31,17,11,18,38,118,185,297,513,429,362,398,369,362,385,454,525,552,359,247,163,123,91,47,0,0
2024,2024-01-31,Northbound,Heavy Vehicles,2,,1,2,3,6,20,17,26,32,30,21,25,30,19,37,34,19,9,5,2,1,1,2,0,0
2024,2024-01-31,Northbound,All Vehicles,33,17,12,20,41,124,205,314,539,461,392,419,394,392,404,491,559,571,368,252,165,124,92,49,0,0
2024,2024-02-01,Northbound,Heavy Vehicles,,1,1,1,7,6,4,14,31,34,24,24,28,26,18,22,25,19,23,9,12,3,1,1,0,1
2024,2024-02-01,Northbound,Light Vehicles,21,17,11,17,32,111,189,296,542,464,395,385,357,343,377,437,510,576,405,257,227,156,91,60,0,1
2024,2024-02-01,Northbound,All Vehicles,21,18,12,18,39,117,193,310,573,498,419,409,385,369,395,459,535,595,428,266,239,159,92,61,0,1
2024,2024-02-02,Northbound,Light Vehicles,32,25,15,19,29,113,163,318,538,419,386,329,379,356,402,456,488,510,360,262,196,166,103,96,0,1
2024,2024-02-02,Northbound,Heavy Vehicles,1,1,2,2,3,9,13,21,29,28,22,20,25,29,19,29,19,24,22,9,7,6,2,2,0,1
2024,2024-02-02,Northbound,All Vehicles,33,26,17,21,32,122,176,339,567,447,408,349,404,385,421,485,507,534,382,271,203,172,105,98,0,1
2024,2024-02-03,Northbound,Light Vehicles,61,38,34,27,17,60,93,163,270,343,390,362,365,325,279,313,306,318,283,242,191,174,116,94,0,1
2024,2024-02-03,Northbound,Heavy Vehicles,2,3,,1,4,1,6,10,13,13,18,13,19,13,13,16,8,9,5,5,8,1,4,,0,1
2024,2024-02-03,Northbound,All Vehicles,63,41,34,28,21,61,99,173,283,356,408,375,384,338,292,329,314,327,288,247,199,175,120,94,0,1
2024,2024-02-04,Northbound,Light Vehicles,70,43,37,20,13,48,79,132,184,274,297,367,350,302,259,272,300,283,233,187,153,114,67,42,0,1
2024,2024-02-04,Northbound,Heavy Vehicles,2,1,,,,1,2,1,13,6,14,9,13,11,8,6,12,9,4,5,1,3,1,,0,1
2024,2024-02-04,Northbound,All Vehicles,72,44,37,20,13,49,81,133,197,280,311,376,363,313,267,278,312,292,237,192,154,117,68,42,0,1
2024,2024-02-05,Northbound,Light Vehicles,23,19,12,15,36,98,184,342,586,416,386,328,373,351,373,460,490,518,348,226,182,117,81,52,0,1
2024,2024-02-05,Northbound,Heavy Vehicles,1,2,4,,5,7,7,18,26,30,18,30,18,24,25,21,20,18,13,7,5,3,3,2,0,1
2024,2024-02-05,Northbound,All Vehicles,24,21,16,15,41,105,191,360,612,446,404,358,391,375,398,481,510,536,361,233,187,120,84,54,0,1
2024,2024-02-06,Northbound,Heavy Vehicles,2,,3,3,5,7,15,22,39,32,31,33,19,18,32,41,24,19,25,6,8,7,1,,0,0
2024,2024-02-06,Northbound,Light Vehicles,26,15,9,19,29,102,188,333,589,503,389,359,373,359,384,457,499,527,394,224,179,144,64,41,0,0
2024,2024-02-06,Northbound,All Vehicles,28,15,12,22,34,109,203,355,628,535,420,392,392,377,416,498,523,546,419,230,187,151,65,41,0,0
2024,2024-02-07,Northbound,Heavy Vehicles,,2,2,1,2,4,17,31,38,32,20,26,24,28,29,25,26,23,18,7,6,1,4,,0,0
2024,2024-02-07,Northbound,Light Vehicles,27,14,6,14,28,112,206,346,586,407,373,336,344,327,373,470,499,541,372,277,180,123,65,60,0,0
2024,2024-02-07,Northbound,All Vehicles,27,16,8,15,30,116,223,377,624,439,393,362,368,355,402,495,525,564,390,284,186,124,69,60,0,0
2024,2024-02-08,Northbound,Light Vehicles,33,16,17,22,36,101,200,325,608,386,373,354,330,342,373,538,626,628,411,278,209,170,71,53,0,0
2024,2024-02-08,Northbound,Heavy Vehicles,,,3,1,5,7,13,31,44,34,35,25,31,37,43,38,32,25,13,15,5,5,2,2,0,0
2024,2024-02-08,Northbound,All Vehicles,33,16,20,23,41,108,213,356,652,420,408,379,361,379,416,576,658,653,424,293,214,175,73,55,0,0
2024,2024-02-09,Northbound,Heavy Vehicles,3,1,3,5,6,3,16,26,43,35,26,22,24,32,27,34,29,21,18,11,6,3,4,1,0,0
2024,2024-02-09,Northbound,Light Vehicles,37,21,23,20,28,127,183,294,572,422,375,383,381,362,373,463,538,500,355,257,207,164,109,78,0,0
2024,2024-02-09,Northbound,All Vehicles,40,22,26,25,34,130,199,320,615,457,401,405,405,394,400,497,567,521,373,268,213,167,113,79,0,0
2024,2024-02-10,Northbound,Light Vehicles,61,37,29,23,24,64,114,186,274,308,380,340,384,315,298,286,286,311,284,203,185,150,124,76,0,0
2024,2024-02-10,Northbound,Heavy Vehicles,1,,2,3,2,9,15,19,26,18,29,27,23,25,24,16,21,18,20,8,16,12,4,8,0,0
2024,2024-02-10,Northbound,All Vehicles,62,37,31,26,26,73,129,205,300,326,409,367,407,340,322,302,307,329,304,211,201,162,128,84,0,0
2024,2024-02-11,Northbound,Heavy Vehicles,3,1,,2,2,6,12,8,19,15,16,21,17,15,17,17,20,22,11,9,12,8,5,2,0,0
2024,2024-02-11,Northbound,Light Vehicles,84,57,46,21,11,43,85,112,191,263,274,361,349,313,278,275,275,304,225,201,172,126,70,44,0,0
2024,2024-02-11,Northbound,All Vehicles,87,58,46,23,13,49,97,120,210,278,290,382,366,328,295,292,295,326,236,210,184,134,75,46,0,0
2024,2024-02-12,Northbound,Heavy Vehicles,4,5,2,2,4,4,8,21,38,28,28,27,29,26,26,32,27,15,7,7,8,4,4,2,0,0
2024,2024-02-12,Northbound,Light Vehicles,27,18,9,12,34,101,214,327,597,415,342,316,334,337,357,445,512,557,338,219,176,155,64,45,0,0
2024,2024-02-12,Northbound,All Vehicles,31,23,11,14,38,105,222,348,635,443,370,343,363,363,383,477,539,572,345,226,184,159,68,47,0,0
2024,2024-02-13,Northbound,Light Vehicles,25,20,13,18,24,123,194,326,616,510,361,408,335,338,402,500,499,523,370,271,163,135,80,37,0,0
2024,2024-02-13,Northbound,Heavy Vehicles,1,1,3,1,4,4,14,29,32,28,22,15,27,20,31,23,29,21,14,6,8,2,1,2,0,0
2024,2024-02-13,Northbound,All Vehicles,26,21,16,19,28,127,208,355,648,538,383,423,362,358,433,523,528,544,384,277,171,137,81,39,0,0
2024,2024-02-14,Northbound,Heavy Vehicles,,2,3,1,6,2,15,24,41,23,22,31,37,38,32,54,52,37,23,16,14,7,2,2,0,0
2024,2024-02-14,Northbound,Light Vehicles,17,16,9,16,36,104,213,320,611,408,379,350,398,344,397,475,526,546,388,274,181,165,69,55,0,0
2024,2024-02-14,Northbound,All Vehicles,17,18,12,17,42,106,228,344,652,431,401,381,435,382,429,529,578,583,411,290,195,172,71,57,0,0
2024,2024-02-15,Northbound,Light Vehicles,21,17,14,19,28,110,202,316,576,426,380,381,393,340,363,499,519,578,422,274,213,140,92,48,0,0
2024,2024-02-15,Northbound,Heavy Vehicles,1,3,5,7,5,13,23,36,50,35,44,39,43,38,33,42,29,39,21,15,11,12,6,4,0,0
2024,2024-02-15,Northbound,All Vehicles,22,20,19,26,33,123,225,352,626,461,424,420,436,378,396,541,548,617,443,289,224,152,98,52,0,0
2024,2024-02-16,Northbound,Heavy Vehicles,1,1,3,2,4,7,17,26,33,46,53,30,31,27,18,35,24,23,23,9,13,6,3,2,0,0
2024,2024-02-16,Northbound,Light Vehicles,34,19,14,19,26,115,164,285,568,432,331,351,360,329,406,467,495,494,389,245,211,153,139,80,0,0
2024,2024-02-16,Northbound,All Vehicles,35,20,17,21,30,122,181,311,601,478,384,381,391,356,424,502,519,517,412,254,224,159,142,82,0,0
2024,2024-02-17,Northbound,Heavy Vehicles,5,,2,,2,4,11,10,14,14,17,18,18,19,11,18,11,18,9,6,8,7,2,2,0,0
2024,2024-02-17,Northbound,Light Vehicles,40,41,30,20,14,44,98,201,246,342,365,365,332,349,284,289,310,335,272,205,171,151,127,84,0,0
2024,2024-02-17,Northbound,All Vehicles,45,41,32,20,16,48,109,211,260,356,382,383,350,368,295,307,321,353,281,211,179,158,129,86,0,0
2024,2024-02-18,Northbound,Heavy Vehicles,2,,1,,2,2,2,6,16,16,26,18,11,10,11,15,13,9,8,3,8,2,5,1,0,0
2024,2024-02-18,Northbound,Light Vehicles,69,46,35,22,16,35,88,117,184,281,319,384,307,356,293,301,308,319,215,178,124,112,63,41,0,0
2024,2024-02-18,Northbound,All Vehicles,71,46,36,22,18,37,90,123,200,297,345,402,318,366,304,316,321,328,223,181,132,114,68,42,0,0
2024,2024-02-19,Northbound,Light Vehicles,33,20,12,12,37,101,190,304,602,415,412,324,342,330,371,472,518,472,347,198,164,129,80,46,0,0
2024,2024-02-19,Northbound,Heavy Vehicles,,3,4,,4,7,12,27,29,25,30,26,22,29,31,30,22,27,19,7,2,2,4,4,0,0
2024,2024-02-19,Northbound,All Vehicles,33,23,16,12,41,108,202,331,631,440,442,350,364,359,402,502,540,499,366,205,166,131,84,50,0,0
2024,2024-02-20,Northbound,Heavy Vehicles,1,4,3,1,5,9,13,13,39,38,30,23,22,39,31,32,29,26,18,9,8,4,4,2,0,0
2024,2024-02-20,Northbound,Light Vehicles,22,11,9,22,34,107,178,381,615,451,418,356,358,338,431,485,571,496,378,225,174,135,86,55,0,0
2024,2024-02-20,Northbound,All Vehicles,23,15,12,23,39,116,191,394,654,489,448,379,380,377,462,517,600,522,396,234,182,139,90,57,0,0
2024,2024-02-21,Northbound,Light Vehicles,27,20,12,17,32,106,198,318,593,442,356,374,354,335,380,455,552,556,412,259,183,151,93,57,0,0
2024,2024-02-21,Northbound,Heavy Vehicles,1,2,1,1,4,4,19,21,28,35,29,29,29,32,26,37,19,25,18,8,3,7,5,2,0,0
2024,2024-02-21,Northbound,All Vehicles,28,22,13,18,36,110,217,339,621,477,385,403,383,367,406,492,571,581,430,267,186,158,98,59,0,0
2024,2024-02-22,Northbound,Light Vehicles,36,21,10,23,25,96,202,357,609,433,423,328,388,348,388,526,570,581,434,283,201,151,95,61,0,0
2024,2024-02-22,Northbound,Heavy Vehicles,4,1,2,3,7,4,20,18,27,23,16,31,31,32,27,32,25,17,28,18,7,12,3,2,0,0
2024,2024-02-22,Northbound,All Vehicles,40,22,12,26,32,100,222,375,636,456,439,359,419,380,415,558,595,598,462,301,208,163,98,63,0,0
2024,2024-02-23,Northbound,Light Vehicles,31,18,14,19,31,111,192,314,612,443,352,357,414,363,406,506,524,507,342,239,218,158,135,88,0,0
2024,2024-02-23,Northbound,Heavy Vehicles,,1,2,2,7,6,22,32,33,29,27,39,34,27,25,30,24,28,19,16,10,2,1,3,0,0
2024,2024-02-23,Northbound,All Vehicles,31,19,16,21,38,117,214,346,645,472,379,396,448,390,431,536,548,535,361,255,228,160,136,91,0,0
2024,2024-02-24,Northbound,Light Vehicles,53,39,33,24,21,48,101,167,215,329,374,409,379,324,331,339,347,347,269,211,173,160,147,97,0,0
2024,2024-02-24,Northbound,Heavy Vehicles,3,2,2,1,2,4,6,8,21,22,18,19,22,18,13,14,13,15,14,7,5,5,3,2,0,0
2024,2024-02-24,Northbound,All Vehicles,56,41,35,25,23,52,107,175,236,351,392,428,401,342,344,353,360,362,283,218,178,165,150,99,0,0
2024,2024-02-25,Northbound,Light Vehicles,77,71,40,24,21,51,78,119,206,282,319,404,326,344,313,329,312,309,267,209,151,122,79,51,0,0
2024,2024-02-25,Northbound,Heavy Vehicles,1,3,1,1,1,5,5,4,16,12,11,17,14,11,10,16,13,15,5,6,6,2,3,2,0,0
2024,2024-02-25,Northbound,All Vehicles,78,74,41,25,22,56,83,123,222,294,330,421,340,355,323,345,325,324,272,215,157,124,82,53,0,0
2024,2024-02-26,Northbound,Heavy Vehicles,2,4,5,,3,7,11,18,23,19,25,28,21,26,17,31,27,25,9,10,2,10,,2,0,0
2024,2024-02-26,Northbound,Light Vehicles,32,19,19,18,33,102,193,330,591,449,347,325,349,385,379,510,492,471,365,220,208,167,83,46,0,0
2024,2024-02-26,Northbound,All Vehicles,34,23,24,18,36,109,204,348,614,468,372,353,370,411,396,541,519,496,374,230,210,177,83,48,0,0
2024,2024-02-27,Northbound,Heavy Vehicles,5,2,4,,3,5,12,35,42,33,44,41,26,33,47,41,31,23,23,17,4,2,2,1,0,0
2024,2024-02-27,Northbound,Light Vehicles,35,24,12,12,30,104,199,370,619,457,384,339,355,371,375,447,557,475,386,234,168,129,81,38,0,0
2024,2024-02-27,Northbound,All Vehicles,40,26,16,12,33,109,211,405,661,490,428,380,381,404,422,488,588,498,409,251,172,131,83,39,0,0
2024,2024-02-28,Northbound,Light Vehicles,24,16,15,12,36,101,231,342,605,472,370,335,361,338,388,449,552,570,377,311,185,148,72,53,0,0
2024,2024-02-28,Northbound,Heavy Vehicles,2,5,3,5,3,8,20,33,49,49,47,39,40,35,41,37,27,25,19,12,9,2,,2,0,0
2024,2024-02-28,Northbound,All Vehicles,26,21,18,17,39,109,251,375,654,521,417,374,401,373,429,486,579,595,396,323,194,150,72,55,0,0
2024,2024-02-29,Northbound,Light Vehicles,36,22,11,20,33,100,215,367,584,335,357,381,340,344,391,500,529,591,412,289,181,123,80,52,0,0
2024,2024-02-29,Northbound,Heavy Vehicles,1,,2,3,5,5,19,32,42,28,39,42,47,36,42,42,27,20,29,12,6,4,3,2,0,0
2024,2024-02-29,Northbound,All Vehicles,37,22,13,23,38,105,234,399,626,363,396,423,387,380,433,542,556,611,441,301,187,127,83,54,0,0
2024,2024-03-02,Northbound,Light Vehicles,58,35,29,16,20,52,119,200,261,329,404,378,356,279,270,289,303,327,291,221,185,155,112,94,0,0
2024,2024-03-02,Northbound,Heavy Vehicles,2,1,2,,3,3,5,11,13,18,19,28,12,17,15,9,15,13,17,3,6,3,2,1,0,0
2024,2024-03-02,Northbound,All Vehicles,60,36,31,16,23,55,124,211,274,347,423,406,368,296,285,298,318,340,308,224,191,158,114,95,0,0
2024,2024-03-03,Northbound,Light Vehicles,72,54,30,27,22,44,82,130,195,248,314,356,346,311,269,263,270,308,245,188,159,122,58,37,0,0
2024,2024-03-03,Northbound,Heavy Vehicles,3,1,,,,2,1,3,14,10,12,7,15,15,12,14,6,14,8,9,3,1,2,,0,0
2024,2024-03-03,Northbound,All Vehicles,75,55,30,27,22,46,83,133,209,258,326,363,361,326,281,277,276,322,253,197,162,123,60,37,0,0
2024,2024-03-04,Northbound,Light Vehicles,23,9,9,12,32,93,210,342,600,421,350,337,356,327,351,470,524,479,352,234,192,146,78,41,0,0
2024,2024-03-04,Northbound,Heavy Vehicles,3,1,3,,4,4,9,21,29,33,26,21,26,35,23,26,24,22,19,7,4,2,,3,0,0
2024,2024-03-04,Northbound,All Vehicles,26,10,12,12,36,97,219,363,629,454,376,358,382,362,374,496,548,501,371,241,196,148,78,44,0,0
2024,2024-03-05,Northbound,Light Vehicles,23,18,9,10,26,115,219,353,636,487,370,342,368,358,392,492,527,535,377,267,180,133,84,49,0,0
2024,2024-03-05,Northbound,Heavy Vehicles,,1,6,,3,8,11,22,33,36,27,22,23,26,25,22,26,17,26,8,6,3,,1,0,0
2024,2024-03-05,Northbound,All Vehicles,23,19,15,10,29,123,230,375,669,523,397,364,391,384,417,514,553,552,403,275,186,136,84,50,0,0
2024,2024-03-06,Northbound,Light Vehicles,26,16,6,14,29,107,217,370,631,423,388,353,355,360,370,496,538,565,395,257,177,144,124,50,0,0
2024,2024-03-06,Northbound,Heavy Vehicles,4,2,,,4,5,17,36,37,38,38,29,31,34,39,38,36,16,18,14,4,3,1,3,0,0
2024,2024-03-06,Northbound,All Vehicles,30,18,6,14,33,112,234,406,668,461,426,382,386,394,409,534,574,581,413,271,181,147,125,53,0,0
2024,2024-03-07,Northbound,Light Vehicles,37,27,11,22,28,100,221,334,608,445,396,380,368,362,392,464,532,546,400,254,196,162,99,52,0,0
2024,2024-03-07,Northbound,Heavy Vehicles,3,,1,3,6,4,17,27,39,38,27,30,36,27,27,34,21,22,23,7,7,7,4,1,0,0
2024,2024-03-07,Northbound,All Vehicles,40,27,12,25,34,104,238,361,647,483,423,410,404,389,419,498,553,568,423,261,203,169,103,53,0,0
2024,2024-03-09,Northbound,Heavy Vehicles,1,1,2,4,6,8,10,14,18,18,28,15,16,18,18,10,13,10,12,9,9,8,4,7,0,0
2024,2024-03-09,Northbound,Light Vehicles,60,42,23,30,20,53,99,209,285,326,382,368,345,284,309,309,269,304,264,238,179,157,140,107,0,0
2024,2024-03-09,Northbound,All Vehicles,61,43,25,34,26,61,109,223,303,344,410,383,361,302,327,319,282,314,276,247,188,165,144,114,0,0
2024,2024-03-10,Northbound,Light Vehicles,54,57,39,26,19,53,89,128,198,279,289,351,346,284,282,264,183,226,231,213,184,124,82,54,0,0
2024,2024-03-10,Northbound,Heavy Vehicles,5,,,,,4,4,7,12,19,16,15,11,10,15,15,6,2,9,5,10,1,2,2,0,0
2024,2024-03-10,Northbound,All Vehicles,59,57,39,26,19,57,93,135,210,298,305,366,357,294,297,279,189,228,240,218,194,125,84,56,0,0
2024,2024-03-12,Northbound,Light Vehicles,26,14,11,12,26,89,174,309,447,308,225,261,262,251,298,394,478,396,308,259,169,127,66,32,0,0
2024,2024-03-12,Northbound,Heavy Vehicles,1,1,,,2,6,9,45,35,47,33,36,34,38,18,39,27,20,20,13,11,2,4,2,0,0
2024,2024-03-12,Northbound,All Vehicles,27,15,11,12,28,95,183,354,482,355,258,297,296,289,316,433,505,416,328,272,180,129,70,34,0,0
2024,2024-03-13,Northbound,Light Vehicles,10,6,5,5,6,27,52,81,95,91,73,72,64,20,47,61,73,61,70,43,36,17,29,14,0,0
2024,2024-03-13,Northbound,Heavy Vehicles,1,,,1,1,1,13,5,11,8,8,3,7,3,5,3,2,4,3,3,1,2,2,,0,0
2024,2024-03-13,Northbound,All Vehicles,11,6,5,6,7,28,65,86,106,99,81,75,71,23,52,64,75,65,73,46,37,19,31,14,0,0
2024,2024-03-16,Northbound,Heavy Vehicles,7,2,4,,5,4,8,8,16,15,18,18,12,20,13,16,12,14,8,4,2,1,1,7,0,0
2024,2024-03-16,Northbound,Light Vehicles,65,28,20,28,22,46,113,173,257,320,391,359,353,320,287,285,284,308,280,218,171,156,127,71,0,0
2024,2024-03-16,Northbound,All Vehicles,72,30,24,28,27,50,121,181,273,335,409,377,365,340,300,301,296,322,288,222,173,157,128,78,0,0
2024,2024-03-17,Northbound,Heavy Vehicles,1,3,2,,,3,2,6,9,11,11,13,19,13,13,14,11,10,11,8,3,4,3,3,0,0
2024,2024-03-17,Northbound,Light Vehicles,76,54,42,31,18,31,64,89,173,237,266,348,376,329,286,298,297,276,235,209,166,140,73,63,0,0
2024,2024-03-17,Northbound,All Vehicles,77,57,44,31,18,34,66,95,182,248,277,361,395,342,299,312,308,286,246,217,169,144,76,66,0,0
2024,2024-03-18,Northbound,Light Vehicles,26,25,11,16,37,96,191,331,541,442,350,330,375,320,389,484,489,481,360,237,169,141,61,46,0,0
2024,2024-03-18,Northbound,Heavy Vehicles,1,1,2,1,4,8,12,17,35,33,22,17,29,20,21,34,30,20,12,13,4,2,7,2,0,0
2024,2024-03-18,Northbound,All Vehicles,27,26,13,17,41,104,203,348,576,475,372,347,404,340,410,518,519,501,372,250,173,143,68,48,0,0
2024,2024-03-19,Northbound,Light Vehicles,27,13,12,18,30,118,194,325,588,474,358,324,379,339,380,519,540,540,413,282,184,138,82,37,0,0
2024,2024-03-19,Northbound,Heavy Vehicles,2,2,3,2,1,8,20,23,34,31,29,29,25,31,29,34,21,18,13,6,2,1,2,2,0,0
2024,2024-03-19,Northbound,All Vehicles,29,15,15,20,31,126,214,348,622,505,387,353,404,370,409,553,561,558,426,288,186,139,84,39,0,0
2024,2024-03-20,Northbound,Light Vehicles,28,12,12,19,26,106,217,348,611,452,373,348,422,354,353,478,547,560,344,250,169,158,86,55,0,0
2024,2024-03-20,Northbound,Heavy Vehicles,1,1,3,2,4,2,8,11,18,33,27,29,35,29,22,47,23,15,16,9,6,7,6,4,0,0
2024,2024-03-20,Northbound,All Vehicles,29,13,15,21,30,108,225,359,629,485,400,377,457,383,375,525,570,575,360,259,175,165,92,59,0,0
2024,2024-03-21,Northbound,Light Vehicles,11,10,5,13,11,46,130,195,337,223,227,189,219,218,205,281,274,323,222,129,96,72,51,33,0,0
2024,2024-03-21,Northbound,Heavy Vehicles,1,1,3,1,1,6,14,8,24,23,13,12,12,23,23,30,23,20,11,10,6,3,6,1,0,0
2024,2024-03-21,Northbound,All Vehicles,12,11,8,14,12,52,144,203,361,246,240,201,231,241,228,311,297,343,233,139,102,75,57,34,0,0
2024,2024-03-23,Northbound,Light Vehicles,66,33,31,28,23,58,115,147,271,329,362,394,334,335,302,288,325,332,309,223,164,154,134,92,0,0
2024,2024-03-23,Northbound,Heavy Vehicles,2,,,1,6,1,10,9,16,15,19,13,24,20,22,12,22,16,20,12,8,6,6,7,0,0
2024,2024-03-23,Northbound,All Vehicles,68,33,31,29,29,59,125,156,287,344,381,407,358,355,324,300,347,348,329,235,172,160,140,99,0,0
2024,2024-03-24,Northbound,Heavy Vehicles,7,1,1,2,2,2,3,6,13,9,20,23,12,10,21,16,14,12,18,8,9,7,4,5,0,0
2024,2024-03-24,Northbound,Light Vehicles,92,60,36,35,23,38,72,101,200,297,315,384,363,309,288,254,262,301,246,220,154,121,76,37,0,0
2024,2024-03-24,Northbound,All Vehicles,99,61,37,37,25,40,75,107,213,306,335,407,375,319,309,270,276,313,264,228,163,128,80,42,0,0
2024,2024-03-25,Northbound,Light Vehicles,34,17,14,17,25,96,187,322,557,417,367,349,344,351,382,480,483,440,354,231,193,122,79,45,0,0
2024,2024-03-25,Northbound,Heavy Vehicles,7,4,1,2,3,13,15,21,43,23,25,26,23,26,32,42,37,21,14,5,4,1,3,1,0,0
2024,2024-03-25,Northbound,All Vehicles,41,21,15,19,28,109,202,343,600,440,392,375,367,377,414,522,520,461,368,236,197,123,82,46,0,0
2024,2024-03-26,Northbound,Heavy Vehicles,2,3,2,,2,7,13,31,33,34,33,32,32,26,26,36,32,14,23,14,7,4,3,3,0,0
2024,2024-03-26,Northbound,Light Vehicles,33,8,16,12,28,107,188,336,587,456,369,331,339,316,399,475,567,556,388,236,167,110,87,47,0,0
2024,2024-03-26,Northbound,All Vehicles,35,11,18,12,30,114,201,367,620,490,402,363,371,342,425,511,599,570,411,250,174,114,90,50,0,0
2024,2024-03-27,Northbound,Light Vehicles,30,19,12,14,36,99,171,359,632,468,384,359,381,359,393,508,552,546,427,224,198,146,96,49,0,0
2024,2024-03-27,Northbound,Heavy Vehicles,4,1,2,2,4,8,15,14,31,25,30,31,20,22,21,27,39,26,24,10,5,4,6,4,0,0
2024,2024-03-27,Northbound,All Vehicles,34,20,14,16,40,107,186,373,663,493,414,390,401,381,414,535,591,572,451,234,203,150,102,53,0,0
2024,2024-03-28,Northbound,Light Vehicles,9,8,4,5,2,26,52,67,80,90,88,85,93,95,87,88,89,119,65,48,25,26,20,11,0,0
2024,2024-03-28,Northbound,Heavy Vehicles,1,1,2,1,2,2,5,5,10,3,7,6,5,6,7,3,4,,6,6,1,1,,,0,0
2024,2024-03-28,Northbound,All Vehicles,10,9,6,6,4,28,57,72,90,93,95,91,98,101,94,91,93,119,71,54,26,27,20,11,0,0
2024,2024-03-30,Northbound,Light Vehicles,43,28,21,17,20,41,87,146,224,309,336,347,322,308,280,294,307,286,210,244,196,157,110,89,0,0
2024,2024-03-30,Northbound,Heavy Vehicles,,,,1,1,10,2,13,7,13,17,20,14,12,9,17,13,9,7,4,5,3,,1,0,0
2024,2024-03-30,Northbound,All Vehicles,43,28,21,18,21,51,89,159,231,322,353,367,336,320,289,311,320,295,217,248,201,160,110,90,0,0
2024,2024-03-31,Northbound,Heavy Vehicles,,1,,,,3,2,5,6,10,14,14,9,15,8,13,5,8,4,9,7,5,,,0,0
2024,2024-03-31,Northbound,Light Vehicles,74,39,32,36,18,36,79,72,145,221,249,314,296,227,224,253,216,259,242,178,171,126,97,75,0,0
2024,2024-03-31,Northbound,All Vehicles,74,40,32,36,18,39,81,77,151,231,263,328,305,242,232,266,221,267,246,187,178,131,97,75,0,0
2024,2024-04-02,Northbound,Light Vehicles,31,14,11,11,32,87,170,349,585,427,375,333,373,353,408,452,562,505,363,239,147,120,68,51,0,0
2024,2024-04-02,Northbound,Heavy Vehicles,2,3,3,1,6,6,11,14,37,41,38,31,18,28,29,31,28,29,22,4,3,4,,1,0,0
2024,2024-04-02,Northbound,All Vehicles,33,17,14,12,38,93,181,363,622,468,413,364,391,381,437,483,590,534,385,243,150,124,68,52,0,0
2024,2024-04-03,Northbound,Heavy Vehicles,,1,2,1,5,6,14,13,34,30,35,28,19,36,28,36,36,26,15,6,4,3,2,1,0,0
2024,2024-04-03,Northbound,Light Vehicles,33,25,19,11,38,101,189,367,586,448,388,365,376,336,374,460,538,566,375,238,156,136,98,57,0,0
2024,2024-04-03,Northbound,All Vehicles,33,26,21,12,43,107,203,380,620,478,423,393,395,372,402,496,574,592,390,244,160,139,100,58,0,0
2024,2024-04-04,Northbound,Light Vehicles,24,18,13,14,37,90,185,319,576,411,381,381,411,340,367,522,540,554,409,276,186,138,95,52,0,0
2024,2024-04-04,Northbound,Heavy Vehicles,,1,2,,6,9,19,16,29,37,29,31,24,28,38,25,20,23,16,17,4,2,1,2,0,0
2024,2024-04-04,Northbound,All Vehicles,24,19,15,14,43,99,204,335,605,448,410,412,435,368,405,547,560,577,425,293,190,140,96,54,0,0
2024,2024-04-05,Northbound,Light Vehicles,32,20,19,18,30,82,163,308,582,427,341,423,406,379,385,420,457,404,307,209,196,173,110,91,0,0
2024,2024-04-05,Northbound,Heavy Vehicles,3,1,2,3,4,5,10,17,27,26,28,26,26,28,27,48,30,17,21,11,4,4,1,,0,0
2024,2024-04-05,Northbound,All Vehicles,35,21,21,21,34,87,173,325,609,453,369,449,432,407,412,468,487,421,328,220,200,177,111,91,0,0
2024,2024-04-06,Northbound,Light Vehicles,58,30,21,26,16,11,67,154,223,326,321,340,383,350,329,287,296,306,274,224,175,151,113,93,0,0
2024,2024-04-06,Northbound,Heavy Vehicles,2,,4,,2,2,4,4,17,9,25,21,23,19,17,17,16,9,12,7,7,5,3,,0,0
2024,2024-04-06,Northbound,All Vehicles,60,30,25,26,18,13,71,158,240,335,346,361,406,369,346,304,312,315,286,231,182,156,116,93,0,0
2024,2024-04-07,Northbound,Light Vehicles,68,55,70,19,19,46,85,133,215,302,270,379,363,338,297,289,266,271,200,190,143,106,75,34,0,0
2024,2024-04-07,Northbound,Heavy Vehicles,,,2,1,,4,5,8,16,9,27,23,16,13,14,8,14,9,13,3,5,1,2,2,0,0
2024,2024-04-07,Northbound,All Vehicles,68,55,72,20,19,50,90,141,231,311,297,402,379,351,311,297,280,280,213,193,148,107,77,36,0,0
2024,2024-04-08,Northbound,Light Vehicles,32,9,11,20,46,114,218,365,584,457,391,347,366,351,375,482,516,464,319,215,132,101,66,32,0,0
2024,2024-04-08,Northbound,Heavy Vehicles,1,3,3,1,4,9,12,28,36,35,20,30,22,30,37,39,35,29,18,12,6,2,4,1,0,0
2024,2024-04-08,Northbound,All Vehicles,33,12,14,21,50,123,230,393,620,492,411,377,388,381,412,521,551,493,337,227,138,103,70,33,0,0
2024,2024-04-09,Northbound,Heavy Vehicles,2,3,2,2,2,6,19,21,34,34,20,29,29,27,28,41,31,27,16,8,7,2,1,2,0,0
2024,2024-04-09,Northbound,Light Vehicles,26,16,8,16,37,118,186,383,558,439,352,312,375,354,401,464,565,551,317,218,138,115,79,54,0,0
2024,2024-04-09,Northbound,All Vehicles,28,19,10,18,39,124,205,404,592,473,372,341,404,381,429,505,596,578,333,226,145,117,80,56,0,0
2024,2024-04-10,Northbound,Heavy Vehicles,2,1,4,2,2,8,12,23,46,44,35,31,31,38,30,38,25,19,11,9,3,3,2,1,0,0
2024,2024-04-10,Northbound,Light Vehicles,23,16,13,23,36,109,222,365,582,430,319,332,365,302,380,476,567,500,368,233,147,139,81,33,0,0
2024,2024-04-10,Northbound,All Vehicles,25,17,17,25,38,117,234,388,628,474,354,363,396,340,410,514,592,519,379,242,150,142,83,34,0,0
2024,2024-04-11,Northbound,Heavy Vehicles,3,,4,2,6,6,18,26,42,32,35,33,25,30,27,30,25,25,18,12,10,4,,1,0,0
2024,2024-04-11,Northbound,Light Vehicles,32,25,5,18,33,105,241,351,608,416,377,349,395,368,393,491,571,553,408,249,171,117,87,38,0,0
2024,2024-04-11,Northbound,All Vehicles,35,25,9,20,39,111,259,377,650,448,412,382,420,398,420,521,596,578,426,261,181,121,87,39,0,0
2024,2024-04-12,Northbound,Light Vehicles,33,21,21,18,36,109,197,317,577,456,409,380,371,327,373,438,493,532,413,229,192,143,119,80,0,0
2024,2024-04-12,Northbound,Heavy Vehicles,1,1,2,1,3,12,15,19,32,22,32,31,27,26,25,45,23,27,18,5,8,5,1,2,0,0
2024,2024-04-12,Northbound,All Vehicles,34,22,23,19,39,121,212,336,609,478,441,411,398,353,398,483,516,559,431,234,200,148,120,82,0,0
2024,2024-04-13,Northbound,Light Vehicles,55,32,25,25,19,52,118,203,272,325,391,377,373,354,351,323,295,318,282,202,165,119,92,81,0,0
2024,2024-04-13,Northbound,Heavy Vehicles,6,2,,1,4,1,9,10,16,10,25,21,20,20,14,18,9,14,13,5,8,5,2,6,0,0
2024,2024-04-13,Northbound,All Vehicles,61,34,25,26,23,53,127,213,288,335,416,398,393,374,365,341,304,332,295,207,173,124,94,87,0,0
2024,2024-04-14,Northbound,Heavy Vehicles,1,,1,,,3,3,7,5,10,15,13,15,12,14,10,16,10,5,5,5,2,2,,0,0
2024,2024-04-14,Northbound,Light Vehicles,73,47,42,32,21,41,75,142,183,274,278,376,343,304,267,262,313,255,215,178,129,85,80,30,0,0
2024,2024-04-14,Northbound,All Vehicles,74,47,43,32,21,44,78,149,188,284,293,389,358,316,281,272,329,265,220,183,134,87,82,30,0,0
2024,2024-04-15,Northbound,Heavy Vehicles,2,6,2,1,2,7,17,35,31,41,22,30,30,37,28,30,31,18,23,8,3,2,2,,0,0
2024,2024-04-15,Northbound,Light Vehicles,23,25,13,9,28,105,181,323,498,398,352,361,368,318,370,427,491,497,353,218,135,77,74,39,0,0
2024,2024-04-15,Northbound,All Vehicles,25,31,15,10,30,112,198,358,529,439,374,391,398,355,398,457,522,515,376,226,138,79,76,39,0,0
2024,2024-04-16,Northbound,Light Vehicles,31,16,10,13,19,113,211,339,504,444,396,394,379,358,382,425,520,478,371,227,144,112,64,53,0,0
2024,2024-04-16,Northbound,Heavy Vehicles,3,2,2,,5,6,23,28,33,33,45,27,33,33,32,23,18,21,10,7,6,5,3,1,0,0
2024,2024-04-16,Northbound,All Vehicles,34,18,12,13,24,119,234,367,537,477,441,421,412,391,414,448,538,499,381,234,150,117,67,54,0,0
2024,2024-04-17,Northbound,Light Vehicles,31,18,18,18,21,115,220,339,521,409,369,356,366,351,352,419,473,500,350,217,157,133,81,61,0,0
2024,2024-04-17,Northbound,Heavy Vehicles,,,3,2,4,7,19,25,37,24,31,32,18,21,29,28,26,25,18,8,10,2,3,2,0,0
2024,2024-04-17,Northbound,All Vehicles,31,18,21,20,25,122,239,364,558,433,400,388,384,372,381,447,499,525,368,225,167,135,84,63,0,0
2024,2024-04-18,Northbound,Heavy Vehicles,2,2,3,3,5,7,14,23,39,31,26,30,31,30,25,38,23,17,13,12,8,3,1,,0,0
2024,2024-04-18,Northbound,Light Vehicles,37,24,13,15,24,98,201,340,487,428,368,377,393,350,371,434,496,545,407,209,167,128,91,53,0,0
2024,2024-04-18,Northbound,All Vehicles,39,26,16,18,29,105,215,363,526,459,394,407,424,380,396,472,519,562,420,221,175,131,92,53,0,0
2024,2024-04-19,Northbound,Heavy Vehicles,,4,1,1,1,9,17,14,36,30,33,33,26,31,24,30,14,18,13,6,4,1,4,3,0,0
2024,2024-04-19,Northbound,Light Vehicles,41,18,22,18,27,89,190,297,422,402,402,384,380,380,346,448,462,520,331,235,183,155,113,83,0,0
2024,2024-04-19,Northbound,All Vehicles,41,22,23,19,28,98,207,311,458,432,435,417,406,411,370,478,476,538,344,241,187,156,117,86,0,0
2024,2024-04-20,Northbound,Light Vehicles,73,39,25,35,18,36,93,169,230,333,348,365,366,314,296,262,299,307,237,193,155,127,116,101,0,0
2024,2024-04-20,Northbound,Heavy Vehicles,1,,,,5,1,8,10,13,21,20,18,18,19,17,17,11,12,20,6,4,1,1,1,0,0
2024,2024-04-20,Northbound,All Vehicles,74,39,25,35,23,37,101,179,243,354,368,383,384,333,313,279,310,319,257,199,159,128,117,102,0,0
2024,2024-04-21,Northbound,Heavy Vehicles,3,,,3,1,1,4,1,9,10,17,16,16,9,9,14,11,10,10,5,3,3,3,3,0,0
2024,2024-04-21,Northbound,Light Vehicles,49,50,30,21,19,28,59,117,176,249,283,367,341,305,282,297,296,296,187,189,145,107,63,53,0,0
2024,2024-04-21,Northbound,All Vehicles,52,50,30,24,20,29,63,118,185,259,300,383,357,314,291,311,307,306,197,194,148,110,66,56,0,0
2024,2024-04-22,Northbound,Light Vehicles,34,19,11,13,21,93,163,309,466,390,358,340,353,334,359,383,492,447,310,217,151,100,62,28,0,0
2024,2024-04-22,Northbound,Heavy Vehicles,,1,4,3,1,6,14,31,38,21,30,26,32,26,35,30,24,17,11,8,7,,3,,0,0
2024,2024-04-22,Northbound,All Vehicles,34,20,15,16,22,99,177,340,504,411,388,366,385,360,394,413,516,464,321,225,158,100,65,28,0,0
2024,2024-04-23,Northbound,Heavy Vehicles,3,1,1,1,3,5,23,25,26,30,22,33,25,27,28,40,32,19,12,8,7,3,2,2,0,0
2024,2024-04-23,Northbound,Light Vehicles,34,16,15,15,29,95,181,342,502,414,382,329,363,370,341,376,527,530,364,236,156,121,98,38,0,0
2024,2024-04-23,Northbound,All Vehicles,37,17,16,16,32,100,204,367,528,444,404,362,388,397,369,416,559,549,376,244,163,124,100,40,0,0
2024,2024-04-24,Northbound,Heavy Vehicles,,2,3,3,5,7,25,22,41,28,30,26,26,22,30,26,26,14,22,4,3,3,4,2,0,0
2024,2024-04-24,Northbound,Light Vehicles,31,19,7,12,24,102,210,332,488,403,377,395,376,347,400,418,455,411,364,234,176,127,123,78,0,0
2024,2024-04-24,Northbound,All Vehicles,31,21,10,15,29,109,235,354,529,431,407,421,402,369,430,444,481,425,386,238,179,130,127,80,0,0
2024,2024-04-26,Northbound,Heavy Vehicles,1,1,2,4,1,7,9,21,35,36,40,34,22,22,25,21,22,18,12,12,3,4,6,2,0,0
2024,2024-04-26,Northbound,Light Vehicles,51,36,19,15,21,89,131,279,407,386,397,377,388,374,397,396,453,410,333,215,156,126,105,68,0,0
2024,2024-04-26,Northbound,All Vehicles,52,37,21,19,22,96,140,300,442,422,437,411,410,396,422,417,475,428,345,227,159,130,111,70,0,0
2024,2024-04-27,Northbound,Light Vehicles,68,37,18,20,14,47,100,159,243,324,385,384,340,337,236,304,281,313,233,166,159,117,92,100,0,0
2024,2024-04-27,Northbound,Heavy Vehicles,1,2,1,3,6,9,11,15,13,18,17,22,16,14,15,8,10,20,8,2,7,3,4,2,0,0
2024,2024-04-27,Northbound,All Vehicles,69,39,19,23,20,56,111,174,256,342,402,406,356,351,251,312,291,333,241,168,166,120,96,102,0,0
2024,2024-04-28,Northbound,Heavy Vehicles,2,2,1,1,1,5,5,4,8,13,16,12,17,19,10,13,7,13,13,3,8,6,7,2,0,0
2024,2024-04-28,Northbound,Light Vehicles,73,43,38,30,25,26,75,132,188,262,321,364,368,326,287,278,280,258,224,168,122,97,64,43,0,0
2024,2024-04-28,Northbound,All Vehicles,75,45,39,31,26,31,80,136,196,275,337,376,385,345,297,291,287,271,237,171,130,103,71,45,0,0
2024,2024-04-29,Northbound,Heavy Vehicles,,2,1,4,,6,18,14,28,24,24,24,31,24,31,35,30,17,12,4,3,4,2,,0,0
2024,2024-04-29,Northbound,Light Vehicles,24,17,13,18,27,100,196,338,527,389,350,385,337,382,398,485,528,471,332,230,131,118,64,39,0,0
2024,2024-04-29,Northbound,All Vehicles,24,19,14,22,27,106,214,352,555,413,374,409,368,406,429,520,558,488,344,234,134,122,66,39,0,0
2024,2024-04-30,Northbound,Heavy Vehicles,,2,2,1,1,7,19,22,40,34,25,34,33,33,21,46,30,23,9,10,3,7,4,1,0,0
2024,2024-04-30,Northbound,Light Vehicles,26,16,7,13,27,116,188,350,577,480,355,388,369,350,384,491,533,482,356,228,149,95,87,50,0,0
2024,2024-04-30,Northbound,All Vehicles,26,18,9,14,28,123,207,372,617,514,380,422,402,383,405,537,563,505,365,238,152,102,91,51,0,0
2024,2024-05-01,Northbound,Light Vehicles,26,12,15,16,29,113,203,356,604,442,361,353,364,366,402,520,542,544,367,253,141,142,99,41,0,0
2024,2024-05-01,Northbound,Heavy Vehicles,,3,1,2,2,9,15,15,36,22,27,21,28,29,24,35,23,29,14,10,6,1,1,,0,0
2024,2024-05-01,Northbound,All Vehicles,26,15,16,18,31,122,218,371,640,464,388,374,392,395,426,555,565,573,381,263,147,143,100,41,0,0
2024,2024-05-02,Northbound,Light Vehicles,34,20,9,14,30,98,218,347,536,477,371,361,368,375,400,470,574,591,396,248,182,134,66,58,0,0
2024,2024-05-02,Northbound,Heavy Vehicles,,1,1,1,4,5,14,27,31,34,39,27,23,21,32,34,25,22,16,8,6,6,4,,0,0
2024,2024-05-02,Northbound,All Vehicles,34,21,10,15,34,103,232,374,567,511,410,388,391,396,432,504,599,613,412,256,188,140,70,58,0,0
2024,2024-05-03,Northbound,Light Vehicles,25,21,9,13,29,100,176,333,597,425,410,390,345,327,388,476,551,433,387,266,173,173,127,64,0,0
2024,2024-05-03,Northbound,Heavy Vehicles,2,3,2,5,5,7,19,23,38,39,35,34,21,21,20,27,18,15,16,6,4,6,1,3,0,0
2024,2024-05-03,Northbound,All Vehicles,27,24,11,18,34,107,195,356,635,464,445,424,366,348,408,503,569,448,403,272,177,179,128,67,0,0
2024,2024-05-04,Northbound,Heavy Vehicles,,1,2,,2,1,5,5,10,19,21,31,27,14,11,22,12,13,12,5,4,4,6,3,0,0
2024,2024-05-04,Northbound,Light Vehicles,56,29,20,15,21,51,89,172,253,310,359,389,336,331,323,294,286,292,266,211,161,136,106,101,0,0
2024,2024-05-04,Northbound,All Vehicles,56,30,22,15,23,52,94,177,263,329,380,420,363,345,334,316,298,305,278,216,165,140,112,104,0,0
2024,2024-05-05,Northbound,Light Vehicles,69,37,45,20,19,37,64,97,156,217,277,315,335,302,246,250,251,278,193,167,127,94,81,33,0,0
2024,2024-05-05,Northbound,Heavy Vehicles,,1,,1,1,,7,9,6,9,17,14,17,8,11,13,20,14,4,3,4,2,4,,0,0
2024,2024-05-05,Northbound,All Vehicles,69,38,45,21,20,37,71,106,162,226,294,329,352,310,257,263,271,292,197,170,131,96,85,33,0,0
2024,2024-05-06,Northbound,Light Vehicles,21,14,11,10,31,90,170,304,556,422,343,305,373,346,375,486,494,489,319,199,139,125,74,38,0,0
2024,2024-05-06,Northbound,Heavy Vehicles,,3,1,2,1,6,12,19,34,24,18,17,22,27,23,38,28,13,10,7,3,3,,2,0,0
2024,2024-05-06,Northbound,All Vehicles,21,17,12,12,32,96,182,323,590,446,361,322,395,373,398,524,522,502,329,206,142,128,74,40,0,0
2024,2024-05-07,Northbound,Heavy Vehicles,,3,5,1,5,6,21,27,34,38,31,30,28,22,24,44,24,22,13,9,2,3,1,2,0,0
2024,2024-05-07,Northbound,Light Vehicles,17,17,14,13,24,103,205,365,583,476,326,347,377,341,377,535,520,533,373,243,136,106,67,45,0,0
2024,2024-05-07,Northbound,All Vehicles,17,20,19,14,29,109,226,392,617,514,357,377,405,363,401,579,544,555,386,252,138,109,68,47,0,0
2024,2024-05-08,Northbound,Heavy Vehicles,,,2,,1,6,12,28,38,23,29,28,25,22,26,28,17,17,20,18,6,6,,,0,0
2024,2024-05-08,Northbound,Light Vehicles,23,20,15,12,26,99,180,346,606,451,351,378,356,358,375,492,517,505,335,203,156,126,80,41,0,0
2024,2024-05-08,Northbound,All Vehicles,23,20,17,12,27,105,192,374,644,474,380,406,381,380,401,520,534,522,355,221,162,132,80,41,0,0
2024,2024-05-09,Northbound,Heavy Vehicles,1,3,5,2,3,4,15,26,39,31,24,37,29,32,23,31,28,21,16,10,9,3,3,,0,0
2024,2024-05-09,Northbound,Light Vehicles,31,16,7,18,27,108,200,355,576,445,376,363,353,345,402,459,547,543,404,260,164,127,78,65,0,0
2024,2024-05-09,Northbound,All Vehicles,32,19,12,20,30,112,215,381,615,476,400,400,382,377,425,490,575,564,420,270,173,130,81,65,0,0
2024,2024-05-10,Northbound,Light Vehicles,27,24,15,15,32,93,171,312,527,433,365,375,360,372,400,501,546,515,395,258,161,160,101,71,0,0
2024,2024-05-10,Northbound,Heavy Vehicles,2,2,2,5,6,4,13,22,34,33,33,31,23,28,26,27,30,28,19,12,12,4,3,1,0,0
2024,2024-05-10,Northbound,All Vehicles,29,26,17,20,38,97,184,334,561,466,398,406,383,400,426,528,576,543,414,270,173,164,104,72,0,0
2024,2024-05-11,Northbound,Heavy Vehicles,,,,2,4,1,2,7,18,20,24,16,27,16,20,9,10,12,14,7,5,2,5,2,0,0
2024,2024-05-11,Northbound,Light Vehicles,42,46,32,24,18,41,70,164,236,327,401,375,307,288,303,260,311,320,262,203,162,134,124,93,0,0
2024,2024-05-11,Northbound,All Vehicles,42,46,32,26,22,42,72,171,254,347,425,391,334,304,323,269,321,332,276,210,167,136,129,95,0,0
2024,2024-05-12,Northbound,Light Vehicles,70,58,38,27,22,45,67,116,180,259,280,375,353,312,277,266,269,309,210,175,124,118,53,38,0,0
2024,2024-05-12,Northbound,Heavy Vehicles,2,,1,1,,,2,9,7,9,15,22,27,14,15,10,18,12,11,5,2,3,2,,0,0
2024,2024-05-12,Northbound,All Vehicles,72,58,39,28,22,45,69,125,187,268,295,397,380,326,292,276,287,321,221,180,126,121,55,38,0,0
2024,2024-05-13,Northbound,Light Vehicles,33,12,21,12,21,102,224,337,601,387,332,331,336,356,575,536,523,436,275,200,144,102,58,37,0,0
2024,2024-05-13,Northbound,Heavy Vehicles,,2,1,3,1,5,17,20,41,27,35,34,28,24,33,41,23,25,14,8,5,2,4,2,0,0
2024,2024-05-13,Northbound,All Vehicles,33,14,22,15,22,107,241,357,642,414,367,365,364,380,608,577,546,461,289,208,149,104,62,39,0,0
2024,2024-05-14,Northbound,Heavy Vehicles,3,1,4,3,4,6,24,22,35,27,19,36,30,27,24,38,29,24,13,7,3,1,2,1,0,0
2024,2024-05-14,Northbound,Light Vehicles,39,11,14,11,29,122,187,360,562,451,378,315,342,345,384,485,549,565,364,234,144,106,83,40,0,0
2024,2024-05-14,Northbound,All Vehicles,42,12,18,14,33,128,211,382,597,478,397,351,372,372,408,523,578,589,377,241,147,107,85,41,0,0
2024,2024-05-15,Northbound,Light Vehicles,26,10,13,15,28,104,213,324,591,456,357,333,393,340,383,490,544,516,345,236,160,172,89,57,0,0
2024,2024-05-15,Northbound,Heavy Vehicles,2,3,3,2,3,5,18,18,28,30,31,24,23,27,30,29,22,15,12,13,6,7,2,,0,0
2024,2024-05-15,Northbound,All Vehicles,28,13,16,17,31,109,231,342,619,486,388,357,416,367,413,519,566,531,357,249,166,179,91,57,0,0
2024,2024-05-16,Northbound,Light Vehicles,37,17,11,19,28,116,196,334,618,471,377,387,357,379,393,471,554,593,416,238,182,122,95,58,0,0
2024,2024-05-16,Northbound,Heavy Vehicles,5,6,3,4,3,6,18,18,30,28,26,26,27,31,26,35,30,28,19,12,7,4,5,1,0,0
2024,2024-05-16,Northbound,All Vehicles,42,23,14,23,31,122,214,352,648,499,403,413,384,410,419,506,584,621,435,250,189,126,100,59,0,0
2024,2024-05-17,Northbound,Heavy Vehicles,1,6,2,2,2,6,20,22,37,32,34,17,37,37,24,27,26,22,11,10,7,4,2,2,0,0
2024,2024-05-17,Northbound,Light Vehicles,25,12,20,9,33,106,178,311,574,426,352,385,373,342,347,490,506,492,362,260,173,148,121,94,0,0
2024,2024-05-17,Northbound,All Vehicles,26,18,22,11,35,112,198,333,611,458,386,402,410,379,371,517,532,514,373,270,180,152,123,96,0,0
2024,2024-05-18,Northbound,Heavy Vehicles,2,1,1,,2,3,7,8,11,14,25,21,18,20,17,16,9,12,7,1,1,7,1,,0,0
2024,2024-05-18,Northbound,Light Vehicles,53,39,25,26,13,51,84,165,249,362,355,345,373,288,295,310,256,344,250,181,153,156,119,88,0,0
2024,2024-05-18,Northbound,All Vehicles,55,40,26,26,15,54,91,173,260,376,380,366,391,308,312,326,265,356,257,182,154,163,120,88,0,0
2024,2024-05-19,Northbound,Light Vehicles,84,32,34,28,18,40,93,135,164,246,315,400,347,341,255,258,292,283,211,182,112,98,66,45,0,0
2024,2024-05-19,Northbound,Heavy Vehicles,1,,,1,,2,4,6,9,12,17,14,12,13,11,11,17,15,7,5,4,3,1,1,0,0
2024,2024-05-19,Northbound,All Vehicles,85,32,34,29,18,42,97,141,173,258,332,414,359,354,266,269,309,298,218,187,116,101,67,46,0,0
2024,2024-05-20,Northbound,Heavy Vehicles,,2,2,1,1,6,19,23,19,43,30,18,32,36,24,36,30,27,16,6,3,2,,,0,0
2024,2024-05-20,Northbound,Light Vehicles,29,8,12,13,37,94,203,297,314,475,337,339,355,331,388,461,557,483,328,188,177,133,99,34,0,0
2024,2024-05-20,Northbound,All Vehicles,29,10,14,14,38,100,222,320,333,518,367,357,387,367,412,497,587,510,344,194,180,135,99,34,0,0
2024,2024-05-21,Northbound,Light Vehicles,23,17,9,15,30,112,209,351,607,470,387,349,374,347,358,471,533,508,326,235,132,117,75,36,0,0
2024,2024-05-21,Northbound,Heavy Vehicles,2,4,2,1,2,4,17,22,39,27,31,36,20,28,23,46,26,20,17,11,6,1,2,1,0,0
2024,2024-05-21,Northbound,All Vehicles,25,21,11,16,32,116,226,373,646,497,418,385,394,375,381,517,559,528,343,246,138,118,77,37,0,0
2024,2024-05-22,Northbound,Light Vehicles,21,15,10,15,30,114,201,313,613,486,351,355,346,322,389,483,539,526,327,245,147,146,69,35,0,0
2024,2024-05-22,Northbound,Heavy Vehicles,,,5,3,2,7,22,30,32,30,18,26,17,31,22,32,28,24,15,8,4,2,,,0,0
2024,2024-05-22,Northbound,All Vehicles,21,15,15,18,32,121,223,343,645,516,369,381,363,353,411,515,567,550,342,253,151,148,69,35,0,0
2024,2024-05-23,Northbound,Heavy Vehicles,1,2,2,2,4,4,16,32,41,45,20,27,18,39,27,40,27,16,17,11,7,4,3,2,0,0
2024,2024-05-23,Northbound,Light Vehicles,32,17,12,12,32,111,186,324,592,468,397,389,359,337,401,459,552,586,353,245,185,130,79,51,0,0
2024,2024-05-23,Northbound,All Vehicles,33,19,14,14,36,115,202,356,633,513,417,416,377,376,428,499,579,602,370,256,192,134,82,53,0,0
2024,2024-05-24,Northbound,Heavy Vehicles,2,,4,3,2,4,18,19,35,26,36,33,24,32,32,35,21,22,20,7,8,10,1,2,0,0
2024,2024-05-24,Northbound,Light Vehicles,22,20,19,19,25,110,154,307,625,429,421,393,371,363,384,438,538,523,335,256,175,159,128,75,0,0
2024,2024-05-24,Northbound,All Vehicles,24,20,23,22,27,114,172,326,660,455,457,426,395,395,416,473,559,545,355,263,183,169,129,77,0,0
2024,2024-05-25,Northbound,Heavy Vehicles,1,1,1,1,4,8,11,17,24,29,39,19,17,21,13,13,8,16,5,5,7,9,1,4,0,0
2024,2024-05-25,Northbound,Light Vehicles,61,24,31,24,16,43,78,165,261,349,375,377,331,322,295,325,275,366,252,196,158,136,108,78,0,0
2024,2024-05-25,Northbound,All Vehicles,62,25,32,25,20,51,89,182,285,378,414,396,348,343,308,338,283,382,257,201,165,145,109,82,0,0
2024,2024-05-26,Northbound,Heavy Vehicles,2,3,,,,5,1,4,12,12,15,18,15,11,10,15,13,9,6,5,5,,1,,0,0
2024,2024-05-26,Northbound,Light Vehicles,76,62,37,33,24,32,72,116,157,277,307,382,313,341,251,278,274,278,209,167,130,101,63,46,0,0
2024,2024-05-26,Northbound,All Vehicles,78,65,37,33,24,37,73,120,169,289,322,400,328,352,261,293,287,287,215,172,135,101,64,46,0,0
2024,2024-05-27,Northbound,Heavy Vehicles,1,,3,3,4,3,15,23,28,27,35,21,30,23,20,42,31,24,15,8,9,1,,2,0,0
2024,2024-05-27,Northbound,Light Vehicles,21,13,17,14,44,102,177,310,583,418,338,364,335,328,375,492,494,471,283,226,142,122,58,33,0,0
2024,2024-05-27,Northbound,All Vehicles,22,13,20,17,48,105,192,333,611,445,373,385,365,351,395,534,525,495,298,234,151,123,58,35,0,0
2024,2024-05-28,Northbound,Heavy Vehicles,2,3,3,1,3,8,26,24,32,35,25,22,26,20,30,33,31,20,16,5,2,2,,2,0,0
2024,2024-05-28,Northbound,Light Vehicles,15,12,20,19,32,100,189,329,597,515,368,323,364,331,404,515,463,470,353,224,145,102,76,48,0,0
2024,2024-05-28,Northbound,All Vehicles,17,15,23,20,35,108,215,353,629,550,393,345,390,351,434,548,494,490,369,229,147,104,76,50,0,0
2024,2024-05-29,Northbound,Light Vehicles,19,16,18,13,31,111,199,331,586,449,358,344,343,340,377,479,558,492,365,223,176,139,77,49,0,0
2024,2024-05-29,Northbound,Heavy Vehicles,,1,4,1,2,9,20,31,38,43,42,30,41,28,35,41,35,22,20,16,10,3,3,,0,0
2024,2024-05-29,Northbound,All Vehicles,19,17,22,14,33,120,219,362,624,492,400,374,384,368,412,520,593,514,385,239,186,142,80,49,0,0
2024,2024-05-30,Northbound,Heavy Vehicles,1,3,3,1,5,6,18,35,32,36,35,48,38,28,35,26,26,34,14,6,4,4,3,1,0,0
2024,2024-05-30,Northbound,Light Vehicles,34,12,14,20,32,107,179,336,603,480,375,340,359,353,398,456,578,575,393,258,159,133,85,44,0,0
2024,2024-05-30,Northbound,All Vehicles,35,15,17,21,37,113,197,371,635,516,410,388,397,381,433,482,604,609,407,264,163,137,88,45,0,0
2024,2024-05-31,Northbound,Light Vehicles,29,21,15,16,34,106,169,302,542,432,381,358,395,340,408,490,528,470,381,224,164,143,121,75,0,0
2024,2024-05-31,Northbound,Heavy Vehicles,,1,2,2,7,4,21,22,53,38,35,36,18,26,26,28,27,30,14,13,7,2,3,,0,0
2024,2024-05-31,Northbound,All Vehicles,29,22,17,18,41,110,190,324,595,470,416,394,413,366,434,518,555,500,395,237,171,145,124,75,0,0
2024,2024-06-01,Northbound,Light Vehicles,49,49,43,18,18,54,103,159,257,350,410,398,382,331,355,313,270,305,288,211,155,142,110,93,0,0
2024,2024-06-01,Northbound,Heavy Vehicles,2,3,,1,3,1,5,8,16,15,26,21,25,16,17,13,12,6,16,6,4,9,2,2,0,0
2024,2024-06-01,Northbound,All Vehicles,51,52,43,19,21,55,108,167,273,365,436,419,407,347,372,326,282,311,304,217,159,151,112,95,0,0
2024,2024-06-02,Northbound,Heavy Vehicles,4,3,2,,1,3,6,5,7,17,12,22,20,18,10,11,13,17,4,3,2,7,2,,0,0
2024,2024-06-02,Northbound,Light Vehicles,81,53,43,21,18,38,81,108,172,271,282,376,397,317,293,283,265,278,227,181,120,108,69,37,0,0
2024,2024-06-02,Northbound,All Vehicles,85,56,45,21,19,41,87,113,179,288,294,398,417,335,303,294,278,295,231,184,122,115,71,37,0,0
2024,2024-06-03,Northbound,Light Vehicles,22,14,13,18,28,81,180,319,552,430,329,335,355,344,391,508,525,445,302,198,145,103,65,35,0,0
2024,2024-06-03,Northbound,Heavy Vehicles,,5,,3,4,5,20,21,35,30,21,30,22,23,32,35,20,18,19,5,4,,1,1,0,0
2024,2024-06-03,Northbound,All Vehicles,22,19,13,21,32,86,200,340,587,460,350,365,377,367,423,543,545,463,321,203,149,103,66,36,0,0
2024,2024-06-04,Northbound,Light Vehicles,38,25,9,15,32,99,169,343,587,435,389,363,345,358,387,495,514,508,347,198,154,127,72,45,0,0
2024,2024-06-04,Northbound,Heavy Vehicles,1,3,4,1,2,7,21,29,38,31,53,40,38,50,30,34,19,15,13,9,4,1,1,2,0,0
2024,2024-06-04,Northbound,All Vehicles,39,28,13,16,34,106,190,372,625,466,442,403,383,408,417,529,533,523,360,207,158,128,73,47,0,0
2024,2024-06-05,Northbound,Light Vehicles,21,10,18,14,31,84,173,350,563,422,373,372,363,334,360,446,556,497,351,208,147,141,118,39,0,0
2024,2024-06-05,Northbound,Heavy Vehicles,,3,3,,6,5,23,19,39,19,30,27,23,31,32,27,27,18,13,5,6,1,5,,0,0
2024,2024-06-05,Northbound,All Vehicles,21,13,21,14,37,89,196,369,602,441,403,399,386,365,392,473,583,515,364,213,153,142,123,39,0,0
2024,2024-06-06,Northbound,Heavy Vehicles,,2,1,3,3,6,17,25,33,39,35,,27,22,31,33,28,20,17,14,7,5,5,2,0,0
2024,2024-06-06,Northbound,Light Vehicles,33,20,22,12,30,93,199,335,588,420,361,,385,370,397,471,477,485,337,219,137,123,70,43,0,0
2024,2024-06-06,Northbound,All Vehicles,33,22,23,15,33,99,216,360,621,459,396,,412,392,428,504,505,505,354,233,144,128,75,45,0,0
2024,2024-06-07,Northbound,Light Vehicles,27,24,12,12,38,118,199,284,553,384,371,343,393,369,422,453,483,472,298,236,180,110,120,86,0,0
2024,2024-06-07,Northbound,Heavy Vehicles,2,4,3,1,2,9,22,19,41,23,30,34,27,25,20,25,21,23,14,9,2,3,3,2,0,0
2024,2024-06-07,Northbound,All Vehicles,29,28,15,13,40,127,221,303,594,407,401,377,420,394,442,478,504,495,312,245,182,113,123,88,0,0
2024,2024-06-08,Northbound,Heavy Vehicles,,,1,,2,3,3,9,10,19,19,17,12,18,11,10,17,12,16,4,6,3,3,1,0,0
2024,2024-06-08,Northbound,Light Vehicles,58,52,28,17,16,51,85,151,230,322,352,352,360,337,304,277,308,324,260,178,145,139,107,82,0,0
2024,2024-06-08,Northbound,All Vehicles,58,52,29,17,18,54,88,160,240,341,371,369,372,355,315,287,325,336,276,182,151,142,110,83,0,0
2024,2024-06-09,Northbound,Heavy Vehicles,1,3,1,2,,1,4,2,10,10,12,15,14,5,14,6,8,9,4,4,7,,2,3,0,0
2024,2024-06-09,Northbound,Light Vehicles,62,48,42,18,24,39,61,93,157,237,291,343,328,273,264,271,279,284,214,172,139,132,76,71,0,0
2024,2024-06-09,Northbound,All Vehicles,63,51,43,20,24,40,65,95,167,247,303,358,342,278,278,277,287,293,218,176,146,132,78,74,0,0
2024,2024-06-11,Northbound,Light Vehicles,22,14,12,6,25,104,168,351,565,464,377,359,366,356,370,486,503,514,354,215,154,107,72,34,0,0
2024,2024-06-11,Northbound,Heavy Vehicles,1,1,2,1,,6,21,19,27,31,25,41,37,29,26,37,21,24,12,5,1,,2,,0,0
2024,2024-06-11,Northbound,All Vehicles,23,15,14,7,25,110,189,370,592,495,402,400,403,385,396,523,524,538,366,220,155,107,74,34,0,0
2024,2024-06-12,Northbound,Light Vehicles,15,19,7,12,25,107,178,349,595,417,381,370,369,336,382,463,558,523,318,229,149,138,80,35,0,0
2024,2024-06-12,Northbound,Heavy Vehicles,,2,4,1,8,5,21,29,27,32,26,25,34,26,21,31,25,24,15,4,3,2,1,,0,0
2024,2024-06-12,Northbound,All Vehicles,15,21,11,13,33,112,199,378,622,449,407,395,403,362,403,494,583,547,333,233,152,140,81,35,0,0
2024,2024-06-13,Northbound,Heavy Vehicles,1,1,1,,6,5,19,31,37,28,26,31,25,26,30,38,22,16,17,10,10,4,3,,0,0
2024,2024-06-13,Northbound,Light Vehicles,19,24,8,15,30,102,162,351,613,436,384,396,344,289,447,461,556,524,365,266,160,123,88,49,0,0
2024,2024-06-13,Northbound,All Vehicles,20,25,9,15,36,107,181,382,650,464,410,427,369,315,477,499,578,540,382,276,170,127,91,49,0,0
2024,2024-06-14,Northbound,Light Vehicles,33,14,17,14,34,101,185,309,625,434,397,389,361,362,404,493,495,528,321,255,139,167,126,85,0,0
2024,2024-06-14,Northbound,Heavy Vehicles,,2,1,2,3,8,17,24,35,32,44,26,23,30,30,22,32,24,19,9,4,7,2,1,0,0
2024,2024-06-14,Northbound,All Vehicles,33,16,18,16,37,109,202,333,660,466,441,415,384,392,434,515,527,552,340,264,143,174,128,86,0,0
2024,2024-06-15,Northbound,Light Vehicles,45,36,28,19,24,55,85,149,231,318,388,356,316,318,317,287,281,297,242,180,138,133,112,91,0,0
2024,2024-06-15,Northbound,Heavy Vehicles,2,1,,,3,9,12,12,10,10,20,19,21,16,15,9,9,12,14,6,6,3,3,,0,0
2024,2024-06-15,Northbound,All Vehicles,47,37,28,19,27,64,97,161,241,328,408,375,337,334,332,296,290,309,256,186,144,136,115,91,0,0
2024,2024-06-16,Northbound,Heavy Vehicles,,,3,1,1,,1,6,5,12,9,18,14,20,12,15,11,10,4,7,5,3,1,2,0,0
2024,2024-06-16,Northbound,Light Vehicles,73,41,42,23,22,33,54,112,154,254,298,355,324,310,261,277,296,249,204,162,128,100,70,39,0,0
2024,2024-06-16,Northbound,All Vehicles,73,41,45,24,23,33,55,118,159,266,307,373,338,330,273,292,307,259,208,169,133,103,71,41,0,0
2024,2024-06-17,Northbound,Heavy Vehicles,,3,,1,1,6,20,21,42,32,28,31,29,27,22,31,25,17,13,7,5,1,1,,0,0
2024,2024-06-17,Northbound,Light Vehicles,36,8,7,17,35,100,163,295,579,395,326,351,324,326,363,449,502,442,302,213,147,119,67,41,0,0
2024,2024-06-17,Northbound,All Vehicles,36,11,7,18,36,106,183,316,621,427,354,382,353,353,385,480,527,459,315,220,152,120,68,41,0,0
2024,2024-06-18,Northbound,Heavy Vehicles,3,3,3,2,2,6,31,22,31,25,29,21,21,28,31,28,29,20,24,8,1,4,,3,0,0
2024,2024-06-18,Northbound,Light Vehicles,27,12,8,8,30,99,183,319,600,433,366,335,371,340,374,458,551,521,376,231,134,120,74,42,0,0
2024,2024-06-18,Northbound,All Vehicles,30,15,11,10,32,105,214,341,631,458,395,356,392,368,405,486,580,541,400,239,135,124,74,45,0,0
2024,2024-06-19,Northbound,Heavy Vehicles,2,4,4,,3,8,19,33,42,31,38,35,32,37,30,27,20,20,22,14,5,4,1,,0,0
2024,2024-06-19,Northbound,Light Vehicles,24,16,11,7,35,102,185,346,567,430,384,381,362,331,408,483,546,571,403,213,179,144,85,55,0,0
2024,2024-06-19,Northbound,All Vehicles,26,20,15,7,38,110,204,379,609,461,422,416,394,368,438,510,566,591,425,227,184,148,86,55,0,0
2024,2024-06-20,Northbound,Heavy Vehicles,,3,3,1,5,11,27,23,35,32,36,33,28,27,38,31,40,24,14,9,10,3,1,3,0,0
2024,2024-06-20,Northbound,Light Vehicles,32,18,11,11,33,117,193,303,599,445,355,400,375,363,409,529,554,530,403,234,162,147,89,56,0,0
2024,2024-06-20,Northbound,All Vehicles,32,21,14,12,38,128,220,326,634,477,391,433,403,390,447,560,594,554,417,243,172,150,90,59,0,0
2024,2024-06-21,Northbound,Light Vehicles,30,22,16,10,32,92,176,310,571,441,423,404,394,367,412,460,520,473,369,248,168,138,150,87,0,0
2024,2024-06-21,Northbound,Heavy Vehicles,,2,3,1,5,7,24,34,35,36,31,19,26,20,27,40,32,32,18,6,9,3,3,1,0,0
2024,2024-06-21,Northbound,All Vehicles,30,24,19,11,37,99,200,344,606,477,454,423,420,387,439,500,552,505,387,254,177,141,153,88,0,0
2024,2024-06-22,Northbound,Heavy Vehicles,1,3,2,,2,11,8,9,19,18,32,20,22,17,22,20,15,14,12,8,6,3,,3,0,0
2024,2024-06-22,Northbound,Light Vehicles,56,42,30,13,19,42,71,169,244,359,405,345,362,311,339,291,289,327,269,216,142,153,108,91,0,0
2024,2024-06-22,Northbound,All Vehicles,57,45,32,13,21,53,79,178,263,377,437,365,384,328,361,311,304,341,281,224,148,156,108,94,0,0
2024,2024-06-23,Northbound,Heavy Vehicles,3,5,4,3,,3,1,4,5,9,12,15,14,6,15,30,13,11,13,4,,,,,0,0
2024,2024-06-23,Northbound,Light Vehicles,61,48,37,23,24,48,64,98,142,244,297,363,339,320,314,287,279,283,217,52,,,,,0,0
2024,2024-06-23,Northbound,All Vehicles,64,53,41,26,24,51,65,102,147,253,309,378,353,326,329,317,292,294,230,56,,,,,0,0
2024,2024-06-24,Northbound,Heavy Vehicles,,5,5,1,5,2,,14,56,39,40,32,34,30,32,39,41,21,18,6,5,4,,1,0,0
2024,2024-06-24,Northbound,Light Vehicles,3,21,11,15,28,52,,172,585,388,343,312,331,369,372,438,502,475,276,208,123,92,60,29,0,0
2024,2024-06-24,Northbound,All Vehicles,3,26,16,16,33,54,,186,641,427,383,344,365,399,404,477,543,496,294,214,128,96,60,30,0,0
2024,2024-06-25,Northbound,Heavy Vehicles,,2,3,3,6,5,27,33,42,41,44,49,41,35,31,33,32,25,15,6,2,1,3,2,0,0
2024,2024-06-25,Northbound,Light Vehicles,20,14,8,11,30,84,165,347,547,433,327,360,348,338,388,467,524,462,344,214,132,112,77,52,0,0
2024,2024-06-25,Northbound,All Vehicles,20,16,11,14,36,89,192,380,589,474,371,409,389,373,419,500,556,487,359,220,134,113,80,54,0,0
2024,2024-06-26,Northbound,Light Vehicles,32,15,9,11,29,107,179,356,628,440,339,364,363,337,394,491,501,542,339,239,143,108,120,56,0,0
2024,2024-06-26,Northbound,Heavy Vehicles,,2,3,1,4,6,35,41,39,41,37,43,39,31,30,33,27,34,16,8,6,2,2,2,0,0
2024,2024-06-26,Northbound,All Vehicles,32,17,12,12,33,113,214,397,667,481,376,407,402,368,424,524,528,576,355,247,149,110,122,58,0,0
2024,2024-06-27,Northbound,Heavy Vehicles,,1,1,4,2,6,20,26,33,20,25,29,24,22,23,37,20,30,21,15,5,3,3,4,0,0
2024,2024-06-27,Northbound,Light Vehicles,30,14,12,22,28,98,195,337,587,402,355,325,356,331,383,480,579,570,413,240,153,147,79,47,0,0
2024,2024-06-27,Northbound,All Vehicles,30,15,13,26,30,104,215,363,620,422,380,354,380,353,406,517,599,600,434,255,158,150,82,51,0,0
2024,2024-06-28,Northbound,Light Vehicles,33,13,16,14,28,99,169,306,570,443,338,370,386,361,388,444,499,495,375,223,170,165,134,71,0,0
2024,2024-06-28,Northbound,Heavy Vehicles,,1,2,1,4,4,21,29,36,42,32,29,28,32,19,29,28,26,16,9,7,4,6,3,0,0
2024,2024-06-28,Northbound,All Vehicles,33,14,18,15,32,103,190,335,606,485,370,399,414,393,407,473,527,521,391,232,177,169,140,74,0,0
2024,2024-06-29,Northbound,Light Vehicles,51,33,34,21,28,60,89,151,225,314,362,382,413,346,298,295,289,335,265,195,148,139,96,92,0,0
2024,2024-06-29,Northbound,Heavy Vehicles,1,1,,1,2,,12,10,7,16,20,21,21,18,24,13,8,9,14,10,5,1,1,5,0,0
2024,2024-06-29,Northbound,All Vehicles,52,34,34,22,30,60,101,161,232,330,382,403,434,364,322,308,297,344,279,205,153,140,97,97,0,0
2024,2024-06-30,Northbound,Light Vehicles,75,59,41,26,21,48,61,115,175,276,301,352,352,300,266,264,261,258,210,153,136,106,63,47,0,0
2024,2024-06-30,Northbound,Heavy Vehicles,1,,,,3,2,2,5,7,8,18,24,12,8,13,9,9,10,6,6,1,2,1,1,0,0
2024,2024-06-30,Northbound,All Vehicles,76,59,41,26,24,50,63,120,182,284,319,376,364,308,279,273,270,268,216,159,137,108,64,48,0,0
2024,2024-07-01,Northbound,Heavy Vehicles,1,3,2,3,5,6,20,22,40,19,28,29,20,19,28,30,28,16,11,3,8,3,4,2,0,0
2024,2024-07-01,Northbound,Light Vehicles,22,13,12,12,25,91,174,297,513,424,337,321,354,352,357,445,497,411,274,191,131,92,71,41,0,0
2024,2024-07-01,Northbound,All Vehicles,23,16,14,15,30,97,194,319,553,443,365,350,374,371,385,475,525,427,285,194,139,95,75,43,0,0
2024,2024-07-02,Northbound,Light Vehicles,21,12,12,19,24,88,201,316,570,421,386,368,350,342,356,417,519,499,347,207,138,105,61,29,0,0
2024,2024-07-02,Northbound,Heavy Vehicles,,2,2,2,1,5,24,27,40,25,38,23,23,31,35,32,40,26,18,7,5,2,1,1,0,0
2024,2024-07-02,Northbound,All Vehicles,21,14,14,21,25,93,225,343,610,446,424,391,373,373,391,449,559,525,365,214,143,107,62,30,0,0
2024,2024-07-03,Northbound,Heavy Vehicles,1,2,1,1,3,6,24,30,30,30,38,40,25,25,30,37,18,22,14,7,3,4,1,,0,0
2024,2024-07-03,Northbound,Light Vehicles,19,14,17,20,28,90,183,340,558,423,361,347,337,332,347,441,514,480,337,241,125,110,67,47,0,0
2024,2024-07-03,Northbound,All Vehicles,20,16,18,21,31,96,207,370,588,453,399,387,362,357,377,478,532,502,351,248,128,114,68,47,0,0
2024,2024-07-04,Northbound,Light Vehicles,30,13,8,16,29,78,177,326,547,421,372,375,358,365,352,473,540,533,365,237,159,151,73,42,0,0
2024,2024-07-04,Northbound,Heavy Vehicles,,1,3,2,5,5,17,27,31,22,27,27,34,25,23,34,23,19,24,7,4,1,,,0,0
2024,2024-07-04,Northbound,All Vehicles,30,14,11,18,34,83,194,353,578,443,399,402,392,390,375,507,563,552,389,244,163,152,73,42,0,0
2024,2024-07-05,Northbound,Light Vehicles,27,28,13,19,32,81,155,293,502,401,408,380,407,404,417,450,466,498,315,227,177,150,107,68,0,0
2024,2024-07-05,Northbound,Heavy Vehicles,2,1,5,1,3,7,23,19,34,33,33,27,27,30,23,34,21,27,18,7,5,6,2,1,0,0
2024,2024-07-05,Northbound,All Vehicles,29,29,18,20,35,88,178,312,536,434,441,407,434,434,440,484,487,525,333,234,182,156,109,69,0,0
2024,2024-07-06,Northbound,Heavy Vehicles,2,1,4,,3,3,9,10,16,13,16,17,16,13,13,21,16,20,8,7,5,1,4,1,0,0
2024,2024-07-06,Northbound,Light Vehicles,47,38,36,16,26,50,76,157,226,249,345,322,335,283,279,300,269,331,228,219,130,128,93,96,0,0
2024,2024-07-06,Northbound,All Vehicles,49,39,40,16,29,53,85,167,242,262,361,339,351,296,292,321,285,351,236,226,135,129,97,97,0,0
2024,2024-07-07,Northbound,Light Vehicles,57,47,33,20,22,28,64,99,136,229,288,374,338,322,266,269,250,245,216,159,121,85,82,36,0,0
2024,2024-07-07,Northbound,Heavy Vehicles,3,1,3,1,2,7,3,4,6,18,11,11,20,20,7,9,9,10,13,9,8,4,4,1,0,0
2024,2024-07-07,Northbound,All Vehicles,60,48,36,21,24,35,67,103,142,247,299,385,358,342,273,278,259,255,229,168,129,89,86,37,0,0
2024,2024-07-08,Northbound,Heavy Vehicles,1,1,2,,5,8,19,28,24,17,22,31,29,29,27,27,29,19,14,8,4,2,2,,0,0
2024,2024-07-08,Northbound,Light Vehicles,26,15,9,14,32,74,162,283,439,370,354,334,344,319,379,381,475,421,229,194,115,104,56,36,0,0
2024,2024-07-08,Northbound,All Vehicles,27,16,11,14,37,82,181,311,463,387,376,365,373,348,406,408,504,440,243,202,119,106,58,36,0,0
2024,2024-07-09,Northbound,Light Vehicles,19,11,11,19,30,99,164,264,473,366,362,339,351,361,371,413,488,457,343,198,125,109,77,44,0,0
2024,2024-07-09,Northbound,Heavy Vehicles,1,1,2,4,4,3,23,20,31,26,32,18,28,15,31,23,34,21,20,5,2,3,4,2,0,0
2024,2024-07-09,Northbound,All Vehicles,20,12,13,23,34,102,187,284,504,392,394,357,379,376,402,436,522,478,363,203,127,112,81,46,0,0
2024,2024-07-10,Northbound,Heavy Vehicles,3,1,2,1,5,6,24,22,24,30,27,29,31,28,34,31,25,22,16,7,2,9,2,3,0,0
2024,2024-07-10,Northbound,Light Vehicles,31,6,14,18,29,89,186,300,452,398,340,344,344,363,383,402,489,479,319,193,149,154,77,45,0,0
2024,2024-07-10,Northbound,All Vehicles,34,7,16,19,34,95,210,322,476,428,367,373,375,391,417,433,514,501,335,200,151,163,79,48,0,0
2024,2024-07-11,Northbound,Light Vehicles,29,19,12,13,31,89,176,289,429,417,373,323,351,357,370,451,535,479,323,218,136,141,82,52,0,0
2024,2024-07-11,Northbound,Heavy Vehicles,1,2,3,4,3,3,20,21,36,22,37,22,31,25,31,32,25,25,13,7,5,6,4,1,0,0
2024,2024-07-11,Northbound,All Vehicles,30,21,15,17,34,92,196,310,465,439,410,345,382,382,401,483,560,504,336,225,141,147,86,53,0,0
2024,2024-07-12,Northbound,Heavy Vehicles,2,1,1,,,6,25,25,33,25,24,23,28,27,28,22,22,12,15,5,1,3,4,1,0,0
2024,2024-07-12,Northbound,Light Vehicles,30,14,8,15,26,83,166,258,418,404,383,368,386,361,384,412,487,422,332,224,141,134,107,90,0,0
2024,2024-07-12,Northbound,All Vehicles,32,15,9,15,26,89,191,283,451,429,407,391,414,388,412,434,509,434,347,229,142,137,111,91,0,0
2024,2024-07-13,Northbound,Heavy Vehicles,3,2,3,2,4,3,8,4,20,8,17,17,11,17,15,9,17,14,9,6,3,4,3,3,0,0
2024,2024-07-13,Northbound,Light Vehicles,65,31,28,19,17,48,84,128,230,289,307,286,319,331,283,302,279,291,215,180,152,121,106,77,0,0
2024,2024-07-13,Northbound,All Vehicles,68,33,31,21,21,51,92,132,250,297,324,303,330,348,298,311,296,305,224,186,155,125,109,80,0,0
2024,2024-07-14,Northbound,Light Vehicles,60,31,43,15,19,33,69,83,157,249,310,323,313,276,250,247,256,276,205,163,110,96,61,46,0,0
2024,2024-07-14,Northbound,Heavy Vehicles,1,1,,,,1,2,3,10,5,14,19,16,11,12,9,14,13,9,7,7,2,2,,0,0
2024,2024-07-14,Northbound,All Vehicles,61,32,43,15,19,34,71,86,167,254,324,342,329,287,262,256,270,289,214,170,117,98,63,46,0,0
2024,2024-07-15,Northbound,Light Vehicles,17,12,14,17,26,86,157,283,475,409,339,328,372,334,363,408,455,411,297,193,109,108,63,32,0,0
2024,2024-07-15,Northbound,Heavy Vehicles,1,2,3,1,4,3,20,36,41,39,29,35,35,24,36,25,21,20,13,5,3,4,2,2,0,0
2024,2024-07-15,Northbound,All Vehicles,18,14,17,18,30,89,177,319,516,448,368,363,407,358,399,433,476,431,310,198,112,112,65,34,0,0
2024,2024-07-16,Northbound,Light Vehicles,20,18,11,18,32,86,177,297,417,417,384,331,395,343,356,417,508,472,342,178,161,114,63,39,0,0
2024,2024-07-16,Northbound,Heavy Vehicles,2,1,2,,4,5,18,32,34,36,22,29,33,31,39,23,22,12,18,7,7,2,2,2,0,0
2024,2024-07-16,Northbound,All Vehicles,22,19,13,18,36,91,195,329,451,453,406,360,428,374,395,440,530,484,360,185,168,116,65,41,0,0
2024,2024-07-17,Northbound,Heavy Vehicles,3,4,3,1,5,7,11,32,38,30,31,34,32,35,34,27,25,21,9,7,2,1,2,,0,0
2024,2024-07-17,Northbound,Light Vehicles,20,7,10,13,21,83,188,296,441,412,347,370,391,348,365,439,498,465,351,238,116,99,120,44,0,0
2024,2024-07-17,Northbound,All Vehicles,23,11,13,14,26,90,199,328,479,442,378,404,423,383,399,466,523,486,360,245,118,100,122,44,0,0
2024,2024-07-18,Northbound,Heavy Vehicles,1,,2,5,4,3,21,43,37,45,43,36,34,18,20,28,32,22,13,10,3,1,4,,0,0
2024,2024-07-18,Northbound,Light Vehicles,31,28,13,14,21,83,181,284,464,402,364,371,385,354,353,399,514,518,353,224,165,141,82,41,0,0
2024,2024-07-18,Northbound,All Vehicles,32,28,15,19,25,86,202,327,501,447,407,407,419,372,373,427,546,540,366,234,168,142,86,41,0,0
2024,2024-07-19,Northbound,Heavy Vehicles,,2,4,,3,2,21,25,28,27,27,25,28,31,16,30,28,28,15,7,5,3,,,0,0
2024,2024-07-19,Northbound,Light Vehicles,30,13,22,20,29,88,162,268,432,412,365,395,368,375,374,426,522,489,400,261,150,127,118,77,0,0
2024,2024-07-19,Northbound,All Vehicles,30,15,26,20,32,90,183,293,460,439,392,420,396,406,390,456,550,517,415,268,155,130,118,77,0,0
2024,2024-07-20,Northbound,Heavy Vehicles,,,2,,4,2,9,9,19,12,13,19,16,23,14,18,14,12,9,5,5,5,1,1,0,0
2024,2024-07-20,Northbound,Light Vehicles,52,41,25,21,24,38,91,151,221,278,346,369,383,340,288,286,282,333,264,169,156,129,107,90,0,0
2024,2024-07-20,Northbound,All Vehicles,52,41,27,21,28,40,100,160,240,290,359,388,399,363,302,304,296,345,273,174,161,134,108,91,0,0
2024,2024-07-21,Northbound,Heavy Vehicles,2,2,1,,,1,4,3,13,5,15,15,14,14,8,11,11,10,6,2,4,8,,1,0,0
2024,2024-07-21,Northbound,Light Vehicles,73,49,28,30,23,32,73,120,189,252,280,373,349,316,293,269,306,265,193,160,116,121,62,48,0,0
2024,2024-07-21,Northbound,All Vehicles,75,51,29,30,23,33,77,123,202,257,295,388,363,330,301,280,317,275,199,162,120,129,62,49,0,0
2024,2024-07-22,Northbound,Light Vehicles,29,11,10,13,27,79,189,278,483,414,347,324,333,308,355,461,489,448,312,195,129,112,63,38,0,0
2024,2024-07-22,Northbound,Heavy Vehicles,,1,4,2,1,4,21,21,30,23,31,32,27,28,18,31,29,19,15,6,4,4,1,1,0,0
2024,2024-07-22,Northbound,All Vehicles,29,12,14,15,28,83,210,299,513,437,378,356,360,336,373,492,518,467,327,201,133,116,64,39,0,0
2024,2024-07-23,Northbound,Heavy Vehicles,1,1,4,2,2,8,22,22,39,32,31,29,19,26,34,28,27,21,11,7,6,3,2,1,0,0
2024,2024-07-23,Northbound,Light Vehicles,17,17,9,17,30,87,184,327,591,423,344,364,328,301,389,453,528,485,361,229,164,94,79,33,0,0
2024,2024-07-23,Northbound,All Vehicles,18,18,13,19,32,95,206,349,630,455,375,393,347,327,423,481,555,506,372,236,170,97,81,34,0,0
2024,2024-07-24,Northbound,Light Vehicles,26,11,11,13,22,92,190,309,614,417,392,323,336,330,350,473,555,508,349,203,167,139,79,43,0,0
2024,2024-07-24,Northbound,Heavy Vehicles,1,1,5,1,3,7,26,35,45,27,20,32,26,32,38,31,28,28,12,4,7,3,3,2,0,0
2024,2024-07-24,Northbound,All Vehicles,27,12,16,14,25,99,216,344,659,444,412,355,362,362,388,504,583,536,361,207,174,142,82,45,0,0
2024,2024-07-25,Northbound,Light Vehicles,26,14,13,13,28,94,189,345,630,454,376,361,371,324,331,492,551,546,430,234,158,122,94,48,0,0
2024,2024-07-25,Northbound,Heavy Vehicles,1,1,,2,5,4,26,27,43,31,23,26,20,22,29,31,22,34,16,12,4,5,2,2,0,0
2024,2024-07-25,Northbound,All Vehicles,27,15,13,15,33,98,215,372,673,485,399,387,391,346,360,523,573,580,446,246,162,127,96,50,0,0
2024,2024-07-26,Northbound,Light Vehicles,28,19,15,15,29,97,170,300,547,428,395,379,352,401,436,450,496,477,361,232,185,171,123,92,0,0
2024,2024-07-26,Northbound,Heavy Vehicles,,1,2,2,3,7,21,27,29,34,35,33,25,29,28,32,20,19,22,9,7,3,4,2,0,0
2024,2024-07-26,Northbound,All Vehicles,28,20,17,17,32,104,191,327,576,462,430,412,377,430,464,482,516,496,383,241,192,174,127,94,0,0
2024,2024-07-27,Northbound,Heavy Vehicles,3,2,1,1,3,2,8,13,11,20,13,21,22,19,15,10,12,16,10,10,3,3,3,,0,0
2024,2024-07-27,Northbound,Light Vehicles,65,40,26,11,18,40,90,161,229,333,361,369,354,314,317,304,307,306,244,186,169,150,109,86,0,0
2024,2024-07-27,Northbound,All Vehicles,68,42,27,12,21,42,98,174,240,353,374,390,376,333,332,314,319,322,254,196,172,153,112,86,0,0
2024,2024-07-28,Northbound,Heavy Vehicles,1,,2,,2,,1,1,5,9,17,22,14,15,11,11,12,9,5,4,4,3,,1,0,0
2024,2024-07-28,Northbound,Light Vehicles,71,54,43,21,27,44,65,89,161,261,263,360,386,324,255,273,312,287,200,160,115,102,72,37,0,0
2024,2024-07-28,Northbound,All Vehicles,72,54,45,21,29,44,66,90,166,270,280,382,400,339,266,284,324,296,205,164,119,105,72,38,0,0
2024,2024-07-29,Northbound,Light Vehicles,30,12,9,12,22,78,181,280,607,416,328,342,322,330,361,440,499,434,310,224,123,100,55,36,0,0
2024,2024-07-29,Northbound,Heavy Vehicles,,3,,,5,3,25,21,44,27,27,25,24,12,38,34,27,31,13,8,3,2,1,,0,0
2024,2024-07-29,Northbound,All Vehicles,30,15,9,12,27,81,206,301,651,443,355,367,346,342,399,474,526,465,323,232,126,102,56,36,0,0
2024,2024-07-30,Northbound,Light Vehicles,27,13,13,20,27,87,199,345,556,420,357,372,359,365,344,437,506,504,356,213,151,105,74,36,0,0
2024,2024-07-30,Northbound,Heavy Vehicles,2,1,2,1,4,4,16,24,29,26,34,19,25,23,33,44,33,19,14,4,4,6,1,3,0,0
2024,2024-07-30,Northbound,All Vehicles,29,14,15,21,31,91,215,369,585,446,391,391,384,388,377,481,539,523,370,217,155,111,75,39,0,0
2024,2024-07-31,Northbound,Light Vehicles,31,12,15,15,22,86,181,335,645,458,380,322,346,322,353,489,549,484,364,227,158,121,94,49,0,0
2024,2024-07-31,Northbound,Heavy Vehicles,3,6,2,1,4,3,28,33,41,26,26,25,33,28,28,29,29,13,17,7,5,,2,,0,0
2024,2024-07-31,Northbound,All Vehicles,34,18,17,16,26,89,209,368,686,484,406,347,379,350,381,518,578,497,381,234,163,121,96,49,0,0
2024,2024-08-01,Northbound,Heavy Vehicles,1,2,2,2,5,3,24,29,47,35,29,34,29,26,24,37,31,26,18,13,8,3,3,2,0,0
2024,2024-08-01,Northbound,Light Vehicles,23,17,9,16,22,94,194,327,630,440,375,338,354,339,361,454,508,510,380,253,170,144,77,50,0,0
2024,2024-08-01,Northbound,All Vehicles,24,19,11,18,27,97,218,356,677,475,404,372,383,365,385,491,539,536,398,266,178,147,80,52,0,0
2024,2024-08-02,Northbound,Light Vehicles,23,26,14,19,31,86,193,283,596,436,365,375,363,350,372,469,495,497,348,240,202,153,121,89,0,0
2024,2024-08-02,Northbound,Heavy Vehicles,1,2,1,,2,3,17,26,41,39,33,41,31,25,27,41,23,18,16,11,9,2,1,5,0,0
2024,2024-08-02,Northbound,All Vehicles,24,28,15,19,33,89,210,309,637,475,398,416,394,375,399,510,518,515,364,251,211,155,122,94,0,0
2024,2024-08-03,Northbound,Light Vehicles,68,38,28,15,33,53,86,163,249,315,364,374,341,339,328,299,278,341,268,203,144,115,117,70,0,0
2024,2024-08-03,Northbound,Heavy Vehicles,1,1,,1,2,1,4,16,22,14,18,20,16,17,18,14,12,12,11,6,1,2,5,1,0,0
2024,2024-08-03,Northbound,All Vehicles,69,39,28,16,35,54,90,179,271,329,382,394,357,356,346,313,290,353,279,209,145,117,122,71,0,0
2024,2024-08-04,Northbound,Heavy Vehicles,,,,,2,4,3,6,13,20,19,16,18,25,13,15,11,9,9,5,5,3,4,2,0,0
2024,2024-08-04,Northbound,Light Vehicles,65,35,33,32,22,41,66,107,158,259,293,386,346,285,295,280,276,287,218,162,116,105,60,34,0,0
2024,2024-08-04,Northbound,All Vehicles,65,35,33,32,24,45,69,113,171,279,312,402,364,310,308,295,287,296,227,167,121,108,64,36,0,0
2024,2024-08-05,Northbound,Heavy Vehicles,,2,,,2,2,22,25,29,38,28,27,32,24,30,33,21,23,12,6,2,1,1,,0,0
2024,2024-08-05,Northbound,Light Vehicles,15,12,14,12,25,77,174,292,599,412,365,321,368,349,346,423,488,465,275,209,136,140,67,33,0,0
2024,2024-08-05,Northbound,All Vehicles,15,14,14,12,27,79,196,317,628,450,393,348,400,373,376,456,509,488,287,215,138,141,68,33,0,0
2024,2024-08-06,Northbound,Light Vehicles,23,6,13,17,25,92,191,387,546,419,362,323,345,332,359,489,535,499,362,228,166,121,77,47,0,0
2024,2024-08-06,Northbound,Heavy Vehicles,1,2,5,,6,3,24,29,36,24,32,23,35,35,29,34,27,19,15,9,2,3,,1,0,0
2024,2024-08-06,Northbound,All Vehicles,24,8,18,17,31,95,215,416,582,443,394,346,380,367,388,523,562,518,377,237,168,124,77,48,0,0
2024,2024-08-07,Northbound,Light Vehicles,20,13,15,14,30,88,200,328,602,448,358,351,360,323,368,491,533,557,362,224,153,132,75,53,0,0
2024,2024-08-07,Northbound,Heavy Vehicles,2,2,2,3,2,6,13,26,43,23,26,27,28,28,26,36,24,19,14,6,7,2,1,,0,0
2024,2024-08-07,Northbound,All Vehicles,22,15,17,17,32,94,213,354,645,471,384,378,388,351,394,527,557,576,376,230,160,134,76,53,0,0
2024,2024-08-08,Northbound,Light Vehicles,23,20,8,13,32,97,194,304,585,484,378,394,342,374,372,444,519,602,403,230,164,135,96,71,0,0
2024,2024-08-08,Northbound,Heavy Vehicles,1,1,4,1,4,5,13,25,40,30,31,22,25,27,32,34,32,20,19,5,5,4,3,2,0,0
2024,2024-08-08,Northbound,All Vehicles,24,21,12,14,36,102,207,329,625,514,409,416,367,401,404,478,551,622,422,235,169,139,99,73,0,0
2024,2024-08-09,Northbound,Heavy Vehicles,,3,3,1,5,3,20,31,41,29,19,20,28,30,25,26,33,15,23,6,7,5,,,0,0
2024,2024-08-09,Northbound,Light Vehicles,44,30,12,15,28,91,162,298,644,395,394,404,383,398,379,458,551,481,359,235,198,168,146,94,0,0
2024,2024-08-09,Northbound,All Vehicles,44,33,15,16,33,94,182,329,685,424,413,424,411,428,404,484,584,496,382,241,205,173,146,94,0,0
2024,2024-08-10,Northbound,Light Vehicles,73,52,38,12,17,45,108,169,238,345,395,342,335,348,320,300,274,312,265,211,155,156,103,97,0,0
2024,2024-08-10,Northbound,Heavy Vehicles,2,2,2,2,2,3,7,15,14,20,16,16,23,23,15,13,14,15,15,5,9,1,6,2,0,0
2024,2024-08-10,Northbound,All Vehicles,75,54,40,14,19,48,115,184,252,365,411,358,358,371,335,313,288,327,280,216,164,157,109,99,0,0
2024,2024-08-11,Northbound,Heavy Vehicles,,,,,4,1,6,2,7,14,18,17,15,9,14,10,13,14,8,5,5,2,1,,0,0
2024,2024-08-11,Northbound,Light Vehicles,74,59,41,23,14,52,83,98,173,285,327,364,303,308,276,281,289,295,242,174,116,104,66,39,0,0
2024,2024-08-11,Northbound,All Vehicles,74,59,41,23,18,53,89,100,180,299,345,381,318,317,290,291,302,309,250,179,121,106,67,39,0,0
2024,2024-08-12,Northbound,Heavy Vehicles,,2,2,,4,5,9,20,35,24,31,33,32,18,26,27,34,16,18,11,6,3,1,1,0,0
2024,2024-08-12,Northbound,Light Vehicles,33,15,12,14,31,98,171,294,620,408,334,311,333,368,372,465,486,450,296,222,139,102,79,41,0,0
2024,2024-08-12,Northbound,All Vehicles,33,17,14,14,35,103,180,314,655,432,365,344,365,386,398,492,520,466,314,233,145,105,80,42,0,0
2024,2024-08-13,Northbound,Heavy Vehicles,1,1,2,,,2,25,24,32,27,33,24,21,34,35,27,29,21,16,6,6,3,2,2,0,0
2024,2024-08-13,Northbound,Light Vehicles,24,10,8,14,29,100,197,373,644,477,345,362,330,351,370,452,519,483,353,213,155,108,90,35,0,0
2024,2024-08-13,Northbound,All Vehicles,25,11,10,14,29,102,222,397,676,504,378,386,351,385,405,479,548,504,369,219,161,111,92,37,0,0
2024,2024-08-14,Northbound,Heavy Vehicles,,3,5,2,4,5,18,29,32,24,27,27,25,23,29,35,26,14,14,5,3,1,2,1,0,0
2024,2024-08-14,Northbound,Light Vehicles,25,14,8,14,30,93,164,334,614,469,354,360,384,337,402,463,547,540,341,264,157,117,84,58,0,0
2024,2024-08-14,Northbound,All Vehicles,25,17,13,16,34,98,182,363,646,493,381,387,409,360,431,498,573,554,355,269,160,118,86,59,0,0
2024,2024-08-15,Northbound,Heavy Vehicles,1,1,5,,4,5,25,26,39,27,33,27,28,28,25,30,29,22,22,9,1,3,2,1,0,0
2024,2024-08-15,Northbound,Light Vehicles,31,11,7,17,26,90,171,322,602,454,368,402,372,365,378,481,543,489,405,239,166,127,82,53,0,0
2024,2024-08-15,Northbound,All Vehicles,32,12,12,17,30,95,196,348,641,481,401,429,400,393,403,511,572,511,427,248,167,130,84,54,0,0
2024,2024-08-16,Northbound,Heavy Vehicles,2,,2,2,4,4,14,23,37,27,34,28,31,30,34,29,22,20,15,5,8,2,2,4,0,0
2024,2024-08-16,Northbound,Light Vehicles,28,26,23,14,30,102,178,308,587,388,396,358,368,408,400,445,542,504,367,238,181,160,108,81,0,0
2024,2024-08-16,Northbound,All Vehicles,30,26,25,16,34,106,192,331,624,415,430,386,399,438,434,474,564,524,382,243,189,162,110,85,0,0
2024,2024-08-17,Northbound,Heavy Vehicles,2,1,2,,3,1,11,20,12,28,21,19,18,18,7,17,15,19,15,7,3,3,2,4,0,0
2024,2024-08-17,Northbound,Light Vehicles,47,34,22,18,18,43,101,191,262,365,361,366,354,391,310,296,299,332,287,221,161,148,130,112,0,0
2024,2024-08-17,Northbound,All Vehicles,49,35,24,18,21,44,112,211,274,393,382,385,372,409,317,313,314,351,302,228,164,151,132,116,0,0
2024,2024-08-18,Northbound,Heavy Vehicles,3,3,2,3,1,,3,2,8,11,17,16,14,12,12,10,9,9,2,6,,1,1,,0,0
2024,2024-08-18,Northbound,Light Vehicles,76,53,47,34,17,36,86,111,187,308,326,363,343,309,268,265,282,268,235,153,119,99,51,45,0,0
2024,2024-08-18,Northbound,All Vehicles,79,56,49,37,18,36,89,113,195,319,343,379,357,321,280,275,291,277,237,159,119,100,52,45,0,0
2024,2024-08-19,Northbound,Heavy Vehicles,1,,6,1,1,9,18,21,30,41,32,27,23,20,31,30,31,21,15,6,3,1,,,0,0
2024,2024-08-19,Northbound,Light Vehicles,32,9,10,10,27,82,191,325,634,419,375,310,337,336,359,474,490,413,313,232,124,119,43,30,0,0
2024,2024-08-19,Northbound,All Vehicles,33,9,16,11,28,91,209,346,664,460,407,337,360,356,390,504,521,434,328,238,127,120,43,30,0,0
2024,2024-08-20,Northbound,Light Vehicles,19,13,8,20,25,95,187,394,605,472,355,358,338,376,358,463,515,484,384,250,145,117,72,38,0,0
2024,2024-08-20,Northbound,Heavy Vehicles,1,2,1,2,2,7,22,38,35,31,39,27,29,26,20,38,32,23,21,4,2,3,,1,0,0
2024,2024-08-20,Northbound,All Vehicles,20,15,9,22,27,102,209,432,640,503,394,385,367,402,378,501,547,507,405,254,147,120,72,39,0,0
2024,2024-08-21,Northbound,Heavy Vehicles,3,1,3,2,1,9,28,29,36,35,41,29,27,30,29,38,24,16,16,8,3,1,3,3,0,0
2024,2024-08-21,Northbound,Light Vehicles,24,13,15,22,33,91,207,359,583,467,376,351,367,335,419,456,567,542,357,229,155,121,93,43,0,0
2024,2024-08-21,Northbound,All Vehicles,27,14,18,24,34,100,235,388,619,502,417,380,394,365,448,494,591,558,373,237,158,122,96,46,0,0
2024,2024-08-22,Northbound,Light Vehicles,16,19,11,14,30,91,200,346,552,415,357,352,376,335,391,485,550,510,423,231,176,134,97,49,0,0
2024,2024-08-22,Northbound,Heavy Vehicles,,,2,1,4,8,19,27,48,24,29,32,27,23,28,35,26,21,14,3,5,4,1,,0,0
2024,2024-08-22,Northbound,All Vehicles,16,19,13,15,34,99,219,373,600,439,386,384,403,358,419,520,576,531,437,234,181,138,98,49,0,0
2024,2024-08-23,Northbound,Heavy Vehicles,,2,1,1,,5,21,29,22,33,24,37,21,39,33,32,25,13,16,13,3,3,7,,0,0
2024,2024-08-23,Northbound,Light Vehicles,25,19,17,19,34,110,180,306,585,435,405,346,341,364,388,462,499,477,378,275,176,138,139,84,0,0
2024,2024-08-23,Northbound,All Vehicles,25,21,18,20,34,115,201,335,607,468,429,383,362,403,421,494,524,490,394,288,179,141,146,84,0,0
2024,2024-08-24,Northbound,Light Vehicles,54,44,26,23,16,41,86,142,228,324,376,401,359,319,297,278,296,324,283,231,139,168,120,101,0,0
2024,2024-08-24,Northbound,Heavy Vehicles,,3,1,,2,4,15,11,20,23,23,21,19,22,16,16,6,13,15,14,7,4,3,3,0,0
2024,2024-08-24,Northbound,All Vehicles,54,47,27,23,18,45,101,153,248,347,399,422,378,341,313,294,302,337,298,245,146,172,123,104,0,0
2024,2024-08-25,Northbound,Light Vehicles,64,47,37,23,15,40,71,122,205,278,322,354,337,296,265,277,251,271,245,192,132,99,74,52,0,0
2024,2024-08-25,Northbound,Heavy Vehicles,,1,2,1,,2,2,5,5,7,24,11,18,27,17,11,14,11,12,4,3,1,5,,0,0
2024,2024-08-25,Northbound,All Vehicles,64,48,39,24,15,42,73,127,210,285,346,365,355,323,282,288,265,282,257,196,135,100,79,52,0,0
2024,2024-08-26,Northbound,Heavy Vehicles,1,2,1,,2,6,17,32,43,34,26,27,28,27,26,36,27,16,13,8,4,,2,4,0,0
2024,2024-08-26,Northbound,Light Vehicles,23,17,13,11,32,91,194,304,657,456,371,330,332,351,382,449,503,454,313,207,158,120,57,28,0,0
2024,2024-08-26,Northbound,All Vehicles,24,19,14,11,34,97,211,336,700,490,397,357,360,378,408,485,530,470,326,215,162,120,59,32,0,0
2024,2024-08-27,Northbound,Heavy Vehicles,1,4,1,3,2,5,22,27,23,25,25,22,33,38,25,29,31,19,14,6,4,2,1,1,0,0
2024,2024-08-27,Northbound,Light Vehicles,14,23,14,13,25,90,190,353,601,460,351,338,336,338,405,505,511,449,390,233,161,125,77,43,0,0
2024,2024-08-27,Northbound,All Vehicles,15,27,15,16,27,95,212,380,624,485,376,360,369,376,430,534,542,468,404,239,165,127,78,44,0,0
2024,2024-08-28,Northbound,Light Vehicles,27,12,9,18,34,113,172,351,619,454,372,331,344,359,397,447,537,529,356,245,174,136,64,39,0,0
2024,2024-08-28,Northbound,Heavy Vehicles,2,1,1,2,3,7,20,28,39,25,44,23,27,44,23,35,35,16,17,9,5,5,3,2,0,0
2024,2024-08-28,Northbound,All Vehicles,29,13,10,20,37,120,192,379,658,479,416,354,371,403,420,482,572,545,373,254,179,141,67,41,0,0
2024,2024-08-29,Northbound,Heavy Vehicles,,,2,2,6,7,18,30,32,31,40,43,34,31,28,27,31,29,17,14,7,3,5,,0,0
2024,2024-08-29,Northbound,Light Vehicles,33,17,13,15,32,107,188,340,562,429,380,392,404,359,407,482,596,550,397,295,202,157,77,47,0,0
2024,2024-08-29,Northbound,All Vehicles,33,17,15,17,38,114,206,370,594,460,420,435,438,390,435,509,627,579,414,309,209,160,82,47,0,0
2024,2024-08-30,Northbound,Heavy Vehicles,1,,2,,1,10,18,27,19,28,23,29,37,21,24,29,27,29,12,10,7,5,3,4,0,0
2024,2024-08-30,Northbound,Light Vehicles,35,24,11,23,31,108,199,307,535,444,420,381,396,410,432,444,498,512,407,253,165,177,121,87,0,0
2024,2024-08-30,Northbound,All Vehicles,36,24,13,23,32,118,217,334,554,472,443,410,433,431,456,473,525,541,419,263,172,182,124,91,0,0
2024,2024-08-31,Northbound,Light Vehicles,53,39,22,22,19,49,103,180,279,372,392,397,366,331,305,306,309,348,273,207,148,159,120,85,0,0
2024,2024-08-31,Northbound,Heavy Vehicles,1,1,1,2,2,6,6,13,14,26,23,22,12,21,20,18,6,16,11,8,3,7,2,3,0,0
2024,2024-08-31,Northbound,All Vehicles,54,40,23,24,21,55,109,193,293,398,415,419,378,352,325,324,315,364,284,215,151,166,122,88,0,0
2024,2024-09-01,Northbound,Heavy Vehicles,2,4,1,,2,3,2,4,10,7,16,20,14,12,7,12,13,12,11,7,4,2,2,1,0,0
2024,2024-09-01,Northbound,Light Vehicles,58,46,35,30,23,46,77,127,196,293,272,353,340,306,255,250,268,306,215,203,142,121,70,35,0,0
2024,2024-09-01,Northbound,All Vehicles,60,50,36,30,25,49,79,131,206,300,288,373,354,318,262,262,281,318,226,210,146,123,72,36,0,0
2024,2024-09-02,Northbound,Heavy Vehicles,3,1,2,,5,2,14,24,31,27,31,29,29,25,17,28,26,16,6,4,3,2,2,2,0,0
2024,2024-09-02,Northbound,Light Vehicles,32,6,8,19,32,98,184,337,603,378,359,310,301,316,355,391,492,441,311,220,132,110,68,49,0,0
2024,2024-09-02,Northbound,All Vehicles,35,7,10,19,37,100,198,361,634,405,390,339,330,341,372,419,518,457,317,224,135,112,70,51,0,0
2024,2024-09-03,Northbound,Heavy Vehicles,,3,3,1,3,9,21,23,36,31,31,30,29,23,28,36,27,17,17,8,4,5,4,3,0,0
2024,2024-09-03,Northbound,Light Vehicles,17,14,16,15,33,98,204,341,622,511,335,397,320,302,384,489,567,497,354,225,173,123,64,30,0,0
2024,2024-09-03,Northbound,All Vehicles,17,17,19,16,36,107,225,364,658,542,366,427,349,325,412,525,594,514,371,233,177,128,68,33,0,0
2024,2024-09-04,Northbound,Light Vehicles,26,13,19,12,35,94,206,356,642,446,372,343,357,345,389,449,516,514,350,236,156,156,78,42,0,0
2024,2024-09-04,Northbound,Heavy Vehicles,,1,3,,3,12,12,35,40,29,28,33,21,27,23,41,19,18,16,3,6,6,4,2,0,0
2024,2024-09-04,Northbound,All Vehicles,26,14,22,12,38,106,218,391,682,475,400,376,378,372,412,490,535,532,366,239,162,162,82,44,0,0
2024,2024-09-05,Northbound,Light Vehicles,41,20,12,21,36,98,187,343,618,462,378,362,338,305,416,459,540,542,401,249,223,180,105,72,0,0
2024,2024-09-05,Northbound,Heavy Vehicles,5,2,3,2,3,5,21,24,41,33,25,23,36,33,21,39,30,24,11,7,9,5,1,1,0,0
2024,2024-09-05,Northbound,All Vehicles,46,22,15,23,39,103,208,367,659,495,403,385,374,338,437,498,570,566,412,256,232,185,106,73,0,0
2024,2024-09-06,Northbound,Heavy Vehicles,1,4,2,,3,10,13,29,27,30,36,28,25,18,30,29,21,27,22,9,6,3,2,1,0,0
2024,2024-09-06,Northbound,Light Vehicles,38,23,24,16,31,104,166,354,588,423,379,361,385,338,400,485,533,472,369,251,186,135,138,97,0,0
2024,2024-09-06,Northbound,All Vehicles,39,27,26,16,34,114,179,383,615,453,415,389,410,356,430,514,554,499,391,260,192,138,140,98,0,0
2024,2024-09-07,Northbound,Heavy Vehicles,1,,1,2,2,2,4,13,13,16,28,16,21,16,15,9,11,12,10,7,6,3,5,4,0,0
2024,2024-09-07,Northbound,Light Vehicles,55,48,27,14,23,48,117,209,289,381,357,377,323,312,300,274,304,308,279,230,173,154,136,109,0,0
2024,2024-09-07,Northbound,All Vehicles,56,48,28,16,25,50,121,222,302,397,385,393,344,328,315,283,315,320,289,237,179,157,141,113,0,0
2024,2024-09-08,Northbound,Heavy Vehicles,1,2,,1,,,5,6,9,14,16,18,14,19,13,7,11,15,6,6,4,2,3,,0,0
2024,2024-09-08,Northbound,Light Vehicles,73,48,28,20,17,53,89,125,198,256,297,375,359,304,265,275,301,284,237,163,145,110,64,39,0,0
2024,2024-09-08,Northbound,All Vehicles,74,50,28,21,17,53,94,131,207,270,313,393,373,323,278,282,312,299,243,169,149,112,67,39,0,0
2024,2024-09-09,Northbound,Heavy Vehicles,,,3,2,3,10,22,24,41,31,24,23,25,25,21,32,29,24,9,4,8,1,1,2,0,0
2024,2024-09-09,Northbound,Light Vehicles,30,18,18,17,23,99,206,334,627,428,337,319,345,337,364,458,501,461,307,206,130,102,73,36,0,0
2024,2024-09-09,Northbound,All Vehicles,30,18,21,19,26,109,228,358,668,459,361,342,370,362,385,490,530,485,316,210,138,103,74,38,0,0
2024,2024-09-10,Northbound,Heavy Vehicles,,3,5,2,1,7,23,35,35,20,28,42,34,31,26,49,31,19,16,11,4,1,2,1,0,0
2024,2024-09-10,Northbound,Light Vehicles,25,7,12,16,26,104,191,366,603,480,340,351,377,323,365,502,543,520,358,233,145,108,60,41,0,0
2024,2024-09-10,Northbound,All Vehicles,25,10,17,18,27,111,214,401,638,500,368,393,411,354,391,551,574,539,374,244,149,109,62,42,0,0
2024,2024-09-11,Northbound,Light Vehicles,18,16,14,16,24,103,198,359,612,455,384,343,369,373,393,521,540,521,339,228,178,134,70,38,0,0
2024,2024-09-11,Northbound,Heavy Vehicles,1,,4,1,6,7,14,27,48,40,23,33,32,34,28,39,28,18,22,14,5,2,3,2,0,0
2024,2024-09-11,Northbound,All Vehicles,19,16,18,17,30,110,212,386,660,495,407,376,401,407,421,560,568,539,361,242,183,136,73,40,0,0
2024,2024-09-12,Northbound,Heavy Vehicles,1,2,3,2,7,7,17,26,48,36,29,28,37,27,27,31,31,29,13,7,7,4,1,1,0,0
2024,2024-09-12,Northbound,Light Vehicles,26,14,9,17,37,104,205,348,599,460,385,341,352,344,415,500,525,562,410,238,168,143,80,39,0,0
2024,2024-09-12,Northbound,All Vehicles,27,16,12,19,44,111,222,374,647,496,414,369,389,371,442,531,556,591,423,245,175,147,81,40,0,0
2024,2024-09-13,Northbound,Light Vehicles,26,19,17,16,26,93,170,333,553,424,387,421,388,351,413,492,503,495,399,258,180,147,115,87,0,0
2024,2024-09-13,Northbound,Heavy Vehicles,,1,4,1,1,13,11,33,42,32,34,35,31,30,31,34,25,26,14,5,8,4,6,2,0,0
2024,2024-09-13,Northbound,All Vehicles,26,20,21,17,27,106,181,366,595,456,421,456,419,381,444,526,528,521,413,263,188,151,121,89,0,0
2024,2024-09-14,Northbound,Light Vehicles,57,35,39,20,20,47,85,178,246,328,351,380,402,321,317,299,273,353,293,203,165,145,118,103,0,0
2024,2024-09-14,Northbound,Heavy Vehicles,3,,2,1,4,3,11,7,10,17,22,29,28,10,18,17,20,12,13,4,7,3,4,5,0,0
2024,2024-09-14,Northbound,All Vehicles,60,35,41,21,24,50,96,185,256,345,373,409,430,331,335,316,293,365,306,207,172,148,122,108,0,0
2024,2024-09-15,Northbound,Light Vehicles,62,48,38,31,25,45,80,121,155,277,320,374,329,259,239,272,276,220,215,190,149,98,55,42,0,0
2024,2024-09-15,Northbound,Heavy Vehicles,1,4,3,,1,1,5,5,11,11,13,18,18,11,10,10,15,9,10,9,6,7,3,,0,0
2024,2024-09-15,Northbound,All Vehicles,63,52,41,31,26,46,85,126,166,288,333,392,347,270,249,282,291,229,225,199,155,105,58,42,0,0
2024,2024-09-16,Northbound,Light Vehicles,26,12,12,17,33,99,178,340,563,418,369,299,307,344,378,459,517,455,278,213,154,97,73,40,0,0
2024,2024-09-16,Northbound,Heavy Vehicles,,,3,1,1,7,16,35,37,27,35,35,39,31,21,21,30,12,12,12,5,2,1,1,0,0
2024,2024-09-16,Northbound,All Vehicles,26,12,15,18,34,106,194,375,600,445,404,334,346,375,399,480,547,467,290,225,159,99,74,41,0,0
2024,2024-09-17,Northbound,Heavy Vehicles,1,3,2,1,6,10,22,40,31,41,26,36,41,32,43,39,25,21,17,11,4,8,2,1,0,0
2024,2024-09-17,Northbound,Light Vehicles,29,12,14,17,33,103,191,352,599,476,346,367,363,337,353,473,517,526,324,250,140,129,58,36,0,0
2024,2024-09-17,Northbound,All Vehicles,30,15,16,18,39,113,213,392,630,517,372,403,404,369,396,512,542,547,341,261,144,137,60,37,0,0
2024,2024-09-18,Northbound,Heavy Vehicles,,1,2,3,3,11,13,28,37,32,33,29,26,28,33,35,30,23,18,8,4,4,1,2,0,0
2024,2024-09-18,Northbound,Light Vehicles,26,8,9,15,37,113,168,361,564,480,371,369,385,358,380,483,549,527,344,211,157,136,75,40,0,0
2024,2024-09-18,Northbound,All Vehicles,26,9,11,18,40,124,181,389,601,512,404,398,411,386,413,518,579,550,362,219,161,140,76,42,0,0
2024,2024-09-19,Northbound,Heavy Vehicles,,4,,2,5,12,14,33,31,39,27,39,34,30,35,33,15,24,14,9,4,6,2,1,0,0
2024,2024-09-19,Northbound,Light Vehicles,28,19,10,15,35,104,213,342,615,435,404,337,426,340,380,467,595,583,398,268,182,142,84,48,0,0
2024,2024-09-19,Northbound,All Vehicles,28,23,10,17,40,116,227,375,646,474,431,376,460,370,415,500,610,607,412,277,186,148,86,49,0,0
2024,2024-09-20,Northbound,Heavy Vehicles,3,2,2,,2,7,11,22,42,34,28,33,27,38,36,24,37,17,20,10,8,5,4,3,0,0
2024,2024-09-20,Northbound,Light Vehicles,35,16,12,22,30,106,164,334,525,408,384,377,370,367,436,504,564,493,363,291,191,166,122,80,0,0
2024,2024-09-20,Northbound,All Vehicles,38,18,14,22,32,113,175,356,567,442,412,410,397,405,472,528,601,510,383,301,199,171,126,83,0,0
2024,2024-09-21,Northbound,Light Vehicles,62,34,20,21,15,60,91,204,282,324,363,344,326,326,297,293,252,315,303,155,181,129,125,102,0,0
2024,2024-09-21,Northbound,Heavy Vehicles,1,1,,1,1,3,12,6,14,14,24,13,15,18,18,12,13,12,6,6,3,4,3,3,0,0
2024,2024-09-21,Northbound,All Vehicles,63,35,20,22,16,63,103,210,296,338,387,357,341,344,315,305,265,327,309,161,184,133,128,105,0,0
2024,2024-09-22,Northbound,Heavy Vehicles,,1,,,,1,5,4,14,8,11,17,17,9,13,14,13,10,7,2,9,5,1,2,0,0
2024,2024-09-22,Northbound,Light Vehicles,68,52,45,20,17,39,72,142,214,281,301,341,317,263,259,234,275,299,216,208,158,101,70,45,0,0
2024,2024-09-22,Northbound,All Vehicles,68,53,45,20,17,40,77,146,228,289,312,358,334,272,272,248,288,309,223,210,167,106,71,47,0,0
2024,2024-09-23,Northbound,Light Vehicles,25,15,9,8,31,96,169,350,581,390,351,345,343,319,375,473,525,441,298,257,126,131,67,42,0,0
2024,2024-09-23,Northbound,Heavy Vehicles,2,3,1,,2,9,11,29,44,27,24,25,26,31,22,33,27,15,20,7,3,5,3,,0,0
2024,2024-09-23,Northbound,All Vehicles,27,18,10,8,33,105,180,379,625,417,375,370,369,350,397,506,552,456,318,264,129,136,70,42,0,0
2024,2024-09-24,Northbound,Heavy Vehicles,2,5,2,2,1,3,22,24,38,26,29,26,24,24,20,38,37,28,14,7,2,1,2,4,0,0
2024,2024-09-24,Northbound,Light Vehicles,19,14,8,12,33,114,199,363,599,441,381,352,330,350,356,525,543,494,309,241,160,117,88,44,0,0
2024,2024-09-24,Northbound,All Vehicles,21,19,10,14,34,117,221,387,637,467,410,378,354,374,376,563,580,522,323,248,162,118,90,48,0,0
2024,2024-09-25,Northbound,Light Vehicles,29,18,16,20,36,106,161,334,593,473,388,377,355,337,370,477,562,549,329,252,167,117,72,41,0,0
2024,2024-09-25,Northbound,Heavy Vehicles,,4,5,,2,11,13,28,43,29,31,28,22,32,25,39,25,17,16,15,4,1,4,,0,0
2024,2024-09-25,Northbound,All Vehicles,29,22,21,20,38,117,174,362,636,502,419,405,377,369,395,516,587,566,345,267,171,118,76,41,0,0
2024,2024-09-26,Northbound,Light Vehicles,30,15,20,20,32,102,176,332,577,431,389,365,357,343,395,487,529,498,386,249,177,159,86,38,0,0
2024,2024-09-26,Northbound,Heavy Vehicles,1,3,3,2,4,9,17,24,24,27,26,21,27,26,33,24,31,27,16,8,8,1,4,1,0,0
2024,2024-09-26,Northbound,All Vehicles,31,18,23,22,36,111,193,356,601,458,415,386,384,369,428,511,560,525,402,257,185,160,90,39,0,0
2024,2024-09-27,Northbound,Light Vehicles,28,22,16,19,31,101,163,310,544,425,419,388,389,351,378,426,517,476,372,266,188,158,132,91,0,0
2024,2024-09-27,Northbound,Heavy Vehicles,2,2,3,,1,7,17,23,36,30,28,29,22,31,28,29,32,19,9,6,7,5,3,2,0,0
2024,2024-09-27,Northbound,All Vehicles,30,24,19,19,32,108,180,333,580,455,447,417,411,382,406,455,549,495,381,272,195,163,135,93,0,0
2024,2024-09-28,Northbound,Heavy Vehicles,1,5,2,,3,5,4,11,15,14,21,21,16,17,9,18,11,14,10,5,4,2,3,,0,0
2024,2024-09-28,Northbound,Light Vehicles,58,45,25,23,20,50,103,164,226,335,367,366,307,333,290,257,246,276,262,197,148,146,115,98,0,0
2024,2024-09-28,Northbound,All Vehicles,59,50,27,23,23,55,107,175,241,349,388,387,323,350,299,275,257,290,272,202,152,148,118,98,0,0
2024,2024-09-29,Northbound,Heavy Vehicles,1,,1,,,1,1,7,13,8,17,14,11,11,12,12,9,12,7,4,8,3,2,6,0,0
2024,2024-09-29,Northbound,Light Vehicles,59,37,39,26,23,45,82,108,172,242,291,347,288,311,267,248,248,258,225,166,133,122,76,41,0,0
2024,2024-09-29,Northbound,All Vehicles,60,37,40,26,23,46,83,115,185,250,308,361,299,322,279,260,257,270,232,170,141,125,78,47,0,0
2024,2024-09-30,Northbound,Heavy Vehicles,,,3,,2,7,19,23,29,27,31,21,31,27,21,27,31,18,12,5,4,1,4,,0,0
2024,2024-09-30,Northbound,Light Vehicles,29,11,11,9,24,101,175,290,454,379,382,333,331,294,326,386,529,420,319,207,131,101,71,43,0,0
2024,2024-09-30,Northbound,All Vehicles,29,11,14,9,26,108,194,313,483,406,413,354,362,321,347,413,560,438,331,212,135,102,75,43,0,0
2024,2024-10-02,Northbound,Light Vehicles,15,16,9,7,23,63,133,211,397,314,300,287,289,238,303,354,375,420,262,195,127,107,69,43,0,0
2024,2024-10-02,Northbound,Heavy Vehicles,,1,2,1,2,8,15,21,24,26,17,12,27,24,29,22,19,17,12,7,1,3,,,0,0
2024,2024-10-02,Northbound,All Vehicles,15,17,11,8,25,71,148,232,421,340,317,299,316,262,332,376,394,437,274,202,128,110,69,43,0,0
2024,2024-10-03,Northbound,Light Vehicles,20,21,16,12,27,114,206,311,490,389,371,357,332,326,345,435,512,490,370,248,165,137,72,52,0,0
2024,2024-10-03,Northbound,Heavy Vehicles,4,1,4,2,4,6,17,31,33,30,31,25,36,33,20,32,26,24,15,12,5,3,4,,0,0
2024,2024-10-03,Northbound,All Vehicles,24,22,20,14,31,120,223,342,523,419,402,382,368,359,365,467,538,514,385,260,170,140,76,52,0,0
2024,2024-10-04,Northbound,Heavy Vehicles,2,,2,,1,9,20,44,33,45,40,28,38,23,28,29,26,16,16,7,4,5,5,4,0,0
2024,2024-10-04,Northbound,Light Vehicles,39,15,13,19,34,102,176,276,422,394,390,362,351,383,348,398,502,430,325,228,187,152,98,76,0,0
2024,2024-10-04,Northbound,All Vehicles,41,15,15,19,35,111,196,320,455,439,430,390,389,406,376,427,528,446,341,235,191,157,103,80,0,0
2024,2024-10-05,Northbound,Heavy Vehicles,3,1,1,1,4,2,9,14,16,13,15,21,20,20,16,7,7,20,7,3,4,8,,3,0,0
2024,2024-10-05,Northbound,Light Vehicles,55,43,24,20,22,62,95,171,235,310,344,341,286,313,273,233,262,281,270,198,171,164,127,89,0,0
2024,2024-10-05,Northbound,All Vehicles,58,44,25,21,26,64,104,185,251,323,359,362,306,333,289,240,269,301,277,201,175,172,127,92,0,0
2024,2024-10-06,Northbound,Light Vehicles,70,37,,31,,,,,,,,324,325,270,261,275,254,250,249,212,153,147,110,71,0,0
2024,2024-10-06,Northbound,Heavy Vehicles,,4,,1,,,,,,,,12,9,16,11,11,9,12,9,3,7,1,3,2,0,0
2024,2024-10-06,Northbound,All Vehicles,70,41,,32,,,,,,,,336,334,286,272,286,263,262,258,215,160,148,113,73,0,0
2024,2024-10-08,Northbound,Light Vehicles,14,12,11,9,,,,,,,,266,272,236,254,259,329,285,223,144,125,93,50,32,0,0
2024,2024-10-08,Northbound,Heavy Vehicles,2,1,2,,,,,,,,,20,18,24,20,14,14,10,13,6,,1,2,1,0,0
2024,2024-10-08,Northbound,All Vehicles,16,13,13,9,,,,,,,,286,290,260,274,273,343,295,236,150,125,94,52,33,0,0
2024,2024-10-10,Northbound,Heavy Vehicles,2,2,1,2,6,4,13,33,22,20,23,36,28,24,21,35,25,27,15,8,2,4,2,2,0,0
2024,2024-10-10,Northbound,Light Vehicles,20,13,14,11,29,98,179,287,444,435,371,329,390,337,335,408,485,560,359,302,203,169,100,64,0,0
2024,2024-10-10,Northbound,All Vehicles,22,15,15,13,35,102,192,320,466,455,394,365,418,361,356,443,510,587,374,310,205,173,102,66,0,0
2024,2024-10-11,Northbound,Heavy Vehicles,,2,,1,1,1,5,7,11,11,15,11,8,5,10,10,10,7,4,3,4,3,2,,0,0
2024,2024-10-11,Northbound,Light Vehicles,18,12,13,12,13,47,69,116,207,209,173,193,161,173,179,221,210,197,159,139,99,86,74,53,0,0
2024,2024-10-11,Northbound,All Vehicles,18,14,13,13,14,48,74,123,218,220,188,204,169,178,189,231,220,204,163,142,103,89,76,53,0,0
2024,2024-10-12,Northbound,Light Vehicles,57,36,25,16,19,52,85,167,229,323,347,373,366,332,309,282,293,307,257,223,184,148,139,101,0,0
2024,2024-10-12,Northbound,Heavy Vehicles,3,2,1,,2,4,6,10,15,11,16,13,18,10,17,17,15,15,5,5,2,9,5,4,0,0
2024,2024-10-12,Northbound,All Vehicles,60,38,26,16,21,56,91,177,244,334,363,386,384,342,326,299,308,322,262,228,186,157,144,105,0,0
2024,2024-10-14,Northbound,Heavy Vehicles,1,1,3,3,1,5,17,25,41,26,26,22,22,20,34,33,32,22,15,11,2,1,,,0,0
2024,2024-10-14,Northbound,Light Vehicles,29,19,8,11,40,97,168,307,532,378,345,343,398,382,360,431,498,463,314,219,125,104,56,30,0,0
2024,2024-10-14,Northbound,All Vehicles,30,20,11,14,41,102,185,332,573,404,371,365,420,402,394,464,530,485,329,230,127,105,56,30,0,0
2024,2024-10-17,Northbound,Heavy Vehicles,,,3,1,4,6,14,17,48,28,28,19,35,18,33,27,30,27,18,15,6,4,1,1,0,0
2024,2024-10-17,Northbound,Light Vehicles,35,11,18,14,33,93,180,324,566,445,395,353,340,384,436,471,540,568,384,289,192,150,77,38,0,0
2024,2024-10-17,Northbound,All Vehicles,35,11,21,15,37,99,194,341,614,473,423,372,375,402,469,498,570,595,402,304,198,154,78,39,0,0
2024,2024-10-18,Northbound,Heavy Vehicles,,1,1,2,,,,,,,,31,26,15,17,30,23,11,13,6,3,3,3,2,0,0
2024,2024-10-18,Northbound,Light Vehicles,27,16,15,12,,,,,,,,304,316,310,313,375,396,385,335,188,150,143,101,59,0,0
2024,2024-10-18,Northbound,All Vehicles,27,17,16,14,,,,,,,,335,342,325,330,405,419,396,348,194,153,146,104,61,0,0
2024,2024-10-21,Northbound,Light Vehicles,33,17,7,12,30,104,180,308,586,421,360,349,374,350,362,466,541,495,292,223,174,119,68,33,0,0
2024,2024-10-21,Northbound,Heavy Vehicles,1,1,4,1,2,4,14,22,46,32,18,26,24,25,35,31,29,22,14,3,2,5,1,2,0,0
2024,2024-10-21,Northbound,All Vehicles,34,18,11,13,32,108,194,330,632,453,378,375,398,375,397,497,570,517,306,226,176,124,69,35,0,0
2024,2024-10-23,Northbound,Light Vehicles,24,19,9,18,37,104,191,360,574,466,386,368,370,305,390,530,568,,,,,,,,0,0
2024,2024-10-23,Northbound,Heavy Vehicles,1,1,5,1,4,8,28,34,33,38,28,31,44,47,31,38,23,,,,,,,,0,0
2024,2024-10-23,Northbound,All Vehicles,25,20,14,19,41,112,219,394,607,504,414,399,414,352,421,568,591,,,,,,,,0,0
2024,2024-10-24,Northbound,Heavy Vehicles,,,,,4,4,18,26,44,27,33,25,43,26,33,30,25,31,20,6,2,2,2,2,0,0
2024,2024-10-24,Northbound,Light Vehicles,,,,,24,110,208,329,580,443,382,376,344,359,386,478,561,543,410,270,176,167,106,54,0,0
2024,2024-10-24,Northbound,All Vehicles,,,,,28,114,226,355,624,470,415,401,387,385,419,508,586,574,430,276,178,169,108,56,0,0
2024,2024-10-25,Northbound,Light Vehicles,10,3,2,3,6,27,58,87,104,102,,,,,,,91,101,58,43,38,28,27,17,0,0
2024,2024-10-25,Northbound,Heavy Vehicles,,1,2,1,,3,6,1,6,1,,,,,,,9,4,3,,1,3,2,,0,0
2024,2024-10-25,Northbound,All Vehicles,10,4,4,4,6,30,64,88,110,103,,,,,,,100,105,61,43,39,31,29,17,0,0
2024,2024-10-26,Northbound,Heavy Vehicles,1,3,1,2,3,2,9,10,25,14,15,21,13,18,17,12,14,6,12,10,5,2,2,3,0,0
2024,2024-10-26,Northbound,Light Vehicles,58,35,25,14,24,60,109,183,257,367,399,359,341,327,306,295,306,299,279,198,200,136,130,113,0,0
2024,2024-10-26,Northbound,All Vehicles,59,38,26,16,27,62,118,193,282,381,414,380,354,345,323,307,320,305,291,208,205,138,132,116,0,0
2024,2024-10-27,Northbound,Heavy Vehicles,,,1,,,,,,,,,11,17,15,12,6,13,8,7,4,4,3,1,2,0,0
2024,2024-10-27,Northbound,Light Vehicles,78,49,55,28,,,,,,,,341,354,322,275,258,260,275,224,183,167,119,63,43,0,0
2024,2024-10-27,Northbound,All Vehicles,78,49,56,28,,,,,,,,352,371,337,287,264,273,283,231,187,171,122,64,45,0,0
2024,2024-10-28,Northbound,Light Vehicles,27,17,11,11,33,94,197,325,512,400,346,352,339,357,369,447,541,469,339,215,131,109,60,38,0,0
2024,2024-10-28,Northbound,Heavy Vehicles,1,4,4,1,4,7,10,22,31,25,26,19,28,24,24,26,31,14,18,3,7,1,1,1,0,0
2024,2024-10-28,Northbound,All Vehicles,28,21,15,12,37,101,207,347,543,425,372,371,367,381,393,473,572,483,357,218,138,110,61,39,0,0
2024,2024-10-31,Northbound,Heavy Vehicles,2,3,4,1,5,11,15,30,53,23,36,45,38,39,44,33,34,20,13,15,5,6,3,,0,0
2024,2024-10-31,Northbound,Light Vehicles,32,29,13,10,35,119,202,307,585,516,406,385,392,360,416,463,566,498,382,257,199,179,97,66,0,0
2024,2024-10-31,Northbound,All Vehicles,34,32,17,11,40,130,217,337,638,539,442,430,430,399,460,496,600,518,395,272,204,185,100,66,0,0
2024,2024-11-03,Northbound,Light Vehicles,78,48,33,24,,,,,,,,390,361,314,329,314,302,280,227,196,155,114,67,59,0,0
2024,2024-11-03,Northbound,Heavy Vehicles,1,1,2,,,,,,,,,8,13,8,11,11,8,10,5,6,4,2,,,0,0
2024,2024-11-03,Northbound,All Vehicles,79,49,35,24,,,,,,,,398,374,322,340,325,310,290,232,202,159,116,67,59,0,0
2024,2024-11-04,Northbound,Heavy Vehicles,,2,,2,2,2,6,3,12,6,9,4,6,6,8,12,4,2,4,4,3,,4,2,0,0
2024,2024-11-04,Northbound,Light Vehicles,6,5,3,2,9,23,69,90,100,90,100,68,75,101,83,79,97,100,63,46,32,27,15,11,0,0
2024,2024-11-04,Northbound,All Vehicles,6,7,3,4,11,25,75,93,112,96,109,72,81,107,91,91,101,102,67,50,35,27,19,13,0,0
2024,2024-11-07,Northbound,Heavy Vehicles,2,1,1,,1,1,4,11,20,15,9,7,13,17,14,18,15,6,15,6,2,2,,,0,0
2024,2024-11-07,Northbound,Light Vehicles,4,11,5,6,10,23,47,119,210,146,134,101,120,99,144,160,194,203,140,72,42,48,14,12,0,0
2024,2024-11-07,Northbound,All Vehicles,6,12,6,6,11,24,51,130,230,161,143,108,133,116,158,178,209,209,155,78,44,50,14,12,0,0
2024,2024-11-10,Northbound,Light Vehicles,46,40,24,16,,,,,,,,179,308,339,282,273,172,,,,,,,,0,0
2024,2024-11-10,Northbound,Heavy Vehicles,1,,1,1,,,,,,,,6,9,6,14,17,6,,,,,,,,0,0
2024,2024-11-10,Northbound,All Vehicles,47,40,25,17,,,,,,,,185,317,345,296,290,178,,,,,,,,0,0
2024,2024-11-18,Northbound,Heavy Vehicles,1,1,1,1,2,4,16,15,40,35,33,18,19,31,29,24,18,29,16,3,4,1,,1,0,0
2024,2024-11-18,Northbound,Light Vehicles,20,15,13,13,32,115,178,326,574,411,311,352,321,382,424,456,487,477,350,245,166,132,77,51,0,0
2024,2024-11-18,Northbound,All Vehicles,21,16,14,14,34,119,194,341,614,446,344,370,340,413,453,480,505,506,366,248,170,133,77,52,0,0
2024,2024-11-19,Northbound,Light Vehicles,13,17,9,15,27,49,84,149,266,236,169,,,,,,,212,161,127,108,79,46,24,0,0
2024,2024-11-19,Northbound,Heavy Vehicles,,1,,1,1,3,11,10,10,8,8,,,,,,,7,5,4,7,1,,,0,0
2024,2024-11-19,Northbound,All Vehicles,13,18,9,16,28,52,95,159,276,244,177,,,,,,,219,166,131,115,80,46,24,0,0
2024,2024-11-20,Northbound,Heavy Vehicles,,,4,,,,,,,,,31,28,22,22,38,25,21,17,14,7,1,2,1,0,0
2024,2024-11-20,Northbound,Light Vehicles,19,13,13,26,,,,,,,,393,385,390,401,565,541,536,363,283,185,154,103,51,0,0
2024,2024-11-20,Northbound,All Vehicles,19,13,17,26,,,,,,,,424,413,412,423,603,566,557,380,297,192,155,105,52,0,0
2024,2024-11-24,Northbound,Heavy Vehicles,1,2,,,,,2,1,5,4,7,,,,,,,5,2,2,3,1,1,,0,0
2024,2024-11-24,Northbound,Light Vehicles,39,26,23,13,13,21,42,71,114,130,170,,,,,,,139,117,98,72,75,34,30,0,0
2024,2024-11-24,Northbound,All Vehicles,40,28,23,13,13,21,44,72,119,134,177,,,,,,,144,119,100,75,76,35,30,0,0
2024,2024-11-26,Northbound,Heavy Vehicles,,1,3,2,2,9,14,22,44,31,36,30,29,27,29,39,18,,,,,,,,0,0
2024,2024-11-26,Northbound,Light Vehicles,34,14,9,17,32,110,192,366,591,445,373,339,358,337,417,492,601,,,,,,,,0,0
2024,2024-11-26,Northbound,All Vehicles,34,15,12,19,34,119,206,388,635,476,409,369,387,364,446,531,619,,,,,,,,0,0
2024,2024-11-27,Northbound,Light Vehicles,,,,,,,,,,,,411,394,362,386,483,555,568,386,250,172,178,82,39,0,0
2024,2024-11-27,Northbound,Heavy Vehicles,,,,,,,,,,,,29,32,26,34,45,25,23,18,12,4,2,1,2,0,0
2024,2024-11-27,Northbound,All Vehicles,,,,,,,,,,,,440,426,388,420,528,580,591,404,262,176,180,83,41,0,0
2024,2024-12-01,Northbound,Heavy Vehicles,2,,,1,3,2,6,5,10,9,14,8,14,15,9,11,7,11,10,5,4,2,2,1,0,0
2024,2024-12-01,Northbound,Light Vehicles,64,44,41,30,28,49,79,122,213,300,357,407,363,282,316,281,244,294,213,185,160,140,74,60,0,0
2024,2024-12-01,Northbound,All Vehicles,66,44,41,31,31,51,85,127,223,309,371,415,377,297,325,292,251,305,223,190,164,142,76,61,0,0
2024,2024-12-03,Northbound,Heavy Vehicles,,1,1,,2,2,7,10,17,8,5,11,11,12,8,14,11,8,6,5,2,,,,0,0
2024,2024-12-03,Northbound,Light Vehicles,11,7,7,14,20,56,81,143,289,216,173,162,186,138,182,225,231,233,176,108,91,56,47,15,0,0
2024,2024-12-03,Northbound,All Vehicles,11,8,8,14,22,58,88,153,306,224,178,173,197,150,190,239,242,241,182,113,93,56,47,15,0,0
2024,2024-12-07,Northbound,Light Vehicles,70,33,22,26,25,63,120,184,245,301,376,351,344,298,265,291,305,319,280,228,200,160,124,108,0,0
2024,2024-12-07,Northbound,Heavy Vehicles,6,1,4,1,5,2,9,10,16,19,24,27,10,20,21,19,5,16,5,7,8,3,6,,0,0
2024,2024-12-07,Northbound,All Vehicles,76,34,26,27,30,65,129,194,261,320,400,378,354,318,286,310,310,335,285,235,208,163,130,108,0,0
2024,2024-12-08,Northbound,Light Vehicles,71,43,33,28,28,51,89,120,216,292,307,380,329,288,299,278,260,272,215,189,147,137,89,43,0,0
2024,2024-12-08,Northbound,Heavy Vehicles,2,1,2,1,1,1,4,2,7,14,13,14,14,20,15,15,10,14,6,6,4,3,3,2,0,0
2024,2024-12-08,Northbound,All Vehicles,73,44,35,29,29,52,93,122,223,306,320,394,343,308,314,293,270,286,221,195,151,140,92,45,0,0
2024,2024-12-11,Northbound,Light Vehicles,,,,,10,60,106,,,,,,,149,207,254,313,281,187,129,136,133,69,20,0,0
2024,2024-12-11,Northbound,Heavy Vehicles,,,,,1,5,12,,,,,,,16,20,26,32,18,18,3,7,3,3,2,0,0
2024,2024-12-11,Northbound,All Vehicles,,,,,11,65,118,,,,,,,165,227,280,345,299,205,132,143,136,72,22,0,0
2024,2024-12-14,Northbound,Light Vehicles,,,,,,,,,,,,126,123,111,95,96,116,105,127,60,77,51,37,27,0,0
2024,2024-12-14,Northbound,Heavy Vehicles,,,,,,,,,,,,10,10,4,9,5,9,7,10,4,4,2,1,,0,0
2024,2024-12-14,Northbound,All Vehicles,,,,,,,,,,,,136,133,115,104,101,125,112,137,64,81,53,38,27,0,0
2024,2024-12-15,Northbound,Heavy Vehicles,,,1,1,,,1,3,2,5,11,5,11,5,7,4,5,,,,,,,,0,0
2024,2024-12-15,Northbound,Light Vehicles,17,13,5,8,6,10,23,27,56,89,108,121,113,101,101,110,92,,,,,,,,0,0
2024,2024-12-15,Northbound,All Vehicles,17,13,6,9,6,10,24,30,58,94,119,126,124,106,108,114,97,,,,,,,,0,0
2024,2024-12-17,Northbound,Light Vehicles,3,3,1,4,6,28,38,,1,,,,,,94,164,206,177,128,74,51,40,12,5,0,0
2024,2024-12-17,Northbound,Heavy Vehicles,,,1,,,1,5,,1,,,,,,3,15,17,9,14,5,1,,,,0,0
2024,2024-12-17,Northbound,All Vehicles,3,3,2,4,6,29,43,,2,,,,,,97,179,223,186,142,79,52,40,12,5,0,0
2024,2024-12-18,Northbound,Light Vehicles,24,22,11,19,39,104,183,323,499,451,377,396,393,366,416,513,552,,,,,,,,0,0
2024,2024-12-18,Northbound,Heavy Vehicles,2,1,2,2,2,5,17,31,32,19,24,35,29,33,28,30,30,,,,,,,,0,0
2024,2024-12-18,Northbound,All Vehicles,26,23,13,21,41,109,200,354,531,470,401,431,422,399,444,543,582,,,,,,,,0,0
2024,2024-12-19,Northbound,Light Vehicles,,,,,34,109,181,305,481,478,428,409,407,381,389,486,543,,,,,,,,0,0
2024,2024-12-19,Northbound,Heavy Vehicles,,,,,5,8,14,20,39,31,36,31,36,19,30,31,29,,,,,,,,0,0
2024,2024-12-19,Northbound,All Vehicles,,,,,39,117,195,325,520,509,464,440,443,400,419,517,572,,,,,,,,0,0
2024,2024-12-20,Northbound,Light Vehicles,,,,,35,108,173,327,462,445,416,,,,,,,460,436,275,239,213,169,123,0,0
2024,2024-12-20,Northbound,Heavy Vehicles,,,,,3,9,19,24,50,29,27,,,,,,,14,14,10,8,7,4,4,0,0
2024,2024-12-20,Northbound,All Vehicles,,,,,38,117,192,351,512,474,443,,,,,,,474,450,285,247,220,173,127,0,0
2024,2024-12-21,Northbound,Light Vehicles,88,47,40,30,22,74,111,184,259,347,368,356,320,298,323,286,282,315,278,217,190,163,143,76,0,0
2024,2024-12-21,Northbound,Heavy Vehicles,2,3,,,4,6,7,8,15,17,21,20,20,19,22,10,9,12,10,7,4,7,5,2,0,0
2024,2024-12-21,Northbound,All Vehicles,90,50,40,30,26,80,118,192,274,364,389,376,340,317,345,296,291,327,288,224,194,170,148,78,0,0
2024,2024-12-22,Northbound,Heavy Vehicles,3,,1,,,1,4,4,8,19,16,15,15,14,13,9,16,4,9,11,6,2,5,2,0,0
2024,2024-12-22,Northbound,Light Vehicles,64,46,29,28,26,57,94,117,176,301,317,395,353,288,280,270,290,289,262,219,223,141,90,48,0,0
2024,2024-12-22,Northbound,All Vehicles,67,46,30,28,26,58,98,121,184,320,333,410,368,302,293,279,306,293,271,230,229,143,95,50,0,0
2024,2024-12-23,Northbound,Heavy Vehicles,1,1,,,2,4,3,9,8,10,12,6,10,6,8,8,7,3,5,2,2,1,1,,0,0
2024,2024-12-23,Northbound,Light Vehicles,16,13,9,8,15,28,68,101,175,217,192,181,215,189,177,219,197,165,148,115,91,67,56,29,0,0
2024,2024-12-23,Northbound,All Vehicles,17,14,9,8,17,32,71,110,183,227,204,187,225,195,185,227,204,168,153,117,93,68,57,29,0,0
2024,2024-12-24,Northbound,Heavy Vehicles,1,3,1,1,2,3,6,14,8,17,14,15,19,15,16,9,11,8,9,4,2,1,1,3,0,0
2024,2024-12-24,Northbound,Light Vehicles,21,8,16,8,16,65,107,161,234,256,244,216,239,230,200,224,216,180,153,164,122,121,81,55,0,0
2024,2024-12-24,Northbound,All Vehicles,22,11,17,9,18,68,113,175,242,273,258,231,258,245,216,233,227,188,162,168,124,122,82,58,0,0
2024,2024-12-26,Northbound,Heavy Vehicles,,,,1,1,2,2,1,,6,1,7,6,4,7,2,2,2,3,1,2,1,4,,0,0
2024,2024-12-26,Northbound,Light Vehicles,21,14,5,6,7,19,28,63,106,125,134,128,124,140,110,107,110,122,118,122,100,101,46,31,0,0
2024,2024-12-26,Northbound,All Vehicles,21,14,5,7,8,21,30,64,106,131,135,135,130,144,117,109,112,124,121,123,102,102,50,31,0,0
2024,2024-12-27,Northbound,Heavy Vehicles,,2,1,,3,5,8,14,11,15,23,22,23,23,11,20,15,11,11,3,7,2,4,1,0,0
2024,2024-12-27,Northbound,Light Vehicles,29,22,15,6,15,65,93,175,220,288,337,329,325,282,321,278,323,290,273,212,184,132,96,64,0,0
2024,2024-12-27,Northbound,All Vehicles,29,24,16,6,18,70,101,189,231,303,360,351,348,305,332,298,338,301,284,215,191,134,100,65,0,0
2024,2024-12-28,Northbound,Heavy Vehicles,1,,1,,2,5,5,6,9,15,21,12,19,18,16,11,15,14,18,11,3,3,1,4,0,0
2024,2024-12-28,Northbound,Light Vehicles,32,20,18,16,16,44,96,118,211,280,322,328,275,289,251,251,259,251,287,200,149,178,113,80,0,0
2024,2024-12-28,Northbound,All Vehicles,33,20,19,16,18,49,101,124,220,295,343,340,294,307,267,262,274,265,305,211,152,181,114,84,0,0
2024,2024-12-29,Northbound,Heavy Vehicles,,,,,1,2,4,7,6,18,10,16,15,14,12,14,12,10,12,7,4,4,4,2,0,0
2024,2024-12-29,Northbound,Light Vehicles,56,36,28,11,12,43,80,102,157,255,302,325,293,251,239,263,238,295,260,158,158,113,92,48,0,0
2024,2024-12-29,Northbound,All Vehicles,56,36,28,11,13,45,84,109,163,273,312,341,308,265,251,277,250,305,272,165,162,117,96,50,0,0
2024,2024-12-30,Northbound,Light Vehicles,11,4,4,3,,,,,,,,118,97,107,108,122,100,105,69,63,53,43,14,10,0,0
2024,2024-12-30,Northbound,Heavy Vehicles,,1,,,,,,,,,,7,10,15,9,4,8,8,2,3,1,2,1,,0,0
2024,2024-12-30,Northbound,All Vehicles,11,5,4,3,,,,,,,,125,107,122,117,126,108,113,71,66,54,45,15,10,0,0
2024,2024-12-31,Northbound,Heavy Vehicles,1,,,,,,,,,,,12,8,10,6,7,3,5,3,4,2,3,1,1,0,0
2024,2024-12-31,Northbound,Light Vehicles,8,4,2,3,,,,,,,,126,118,103,111,120,121,100,95,92,77,51,44,34,0,0
2024,2024-12-31,Northbound,All Vehicles,9,4,2,3,,,,,,,,138,126,113,117,127,124,105,98,96,79,54,45,35,0,0
2025,2025-01-04,Northbound,Heavy Vehicles,1,,,,1,4,7,12,12,12,15,14,16,15,16,12,15,7,10,5,9,5,3,1,0,0
2025,2025-01-04,Northbound,Light Vehicles,48,25,23,21,21,51,94,139,254,267,332,286,307,275,251,230,240,255,243,218,168,169,98,61,0,0
2025,2025-01-04,Northbound,All Vehicles,49,25,23,21,22,55,101,151,266,279,347,300,323,290,267,242,255,262,253,223,177,174,101,62,0,0
2025,2025-01-05,Northbound,Heavy Vehicles,4,,,,,,,,,,,11,22,14,10,10,6,10,10,5,8,2,1,1,0,0
2025,2025-01-05,Northbound,Light Vehicles,58,47,17,14,,,,,,,,351,307,238,283,284,292,283,223,179,156,129,77,43,0,0
2025,2025-01-05,Northbound,All Vehicles,62,47,17,14,,,,,,,,362,329,252,293,294,298,293,233,184,164,131,78,44,0,0
2025,2025-01-06,Northbound,Heavy Vehicles,1,2,1,1,,,,,,,,19,21,31,26,22,18,12,10,7,6,2,4,1,0,0
2025,2025-01-06,Northbound,Light Vehicles,26,15,10,10,,,,,,,,314,342,327,360,381,414,440,282,210,137,100,73,42,0,0
2025,2025-01-06,Northbound,All Vehicles,27,17,11,11,,,,,,,,333,363,358,386,403,432,452,292,217,143,102,77,43,0,0
2025,2025-01-07,Northbound,Heavy Vehicles,1,2,,,2,2,18,19,28,20,24,29,22,24,29,32,19,14,13,7,5,3,1,,0,0
2025,2025-01-07,Northbound,Light Vehicles,22,9,15,10,26,89,146,245,390,373,359,396,388,337,368,354,475,459,309,211,170,131,67,40,0,0
2025,2025-01-07,Northbound,All Vehicles,23,11,15,10,28,91,164,264,418,393,383,425,410,361,397,386,494,473,322,218,175,134,68,40,0,0
2025,2025-01-10,Northbound,Heavy Vehicles,,1,,,,,7,6,10,10,15,8,15,17,14,14,11,7,4,1,4,3,,2,0,0
2025,2025-01-10,Northbound,Light Vehicles,3,3,3,2,12,29,45,75,136,129,115,100,145,114,123,147,176,156,83,73,50,35,28,23,0,0
2025,2025-01-10,Northbound,All Vehicles,3,4,3,2,12,29,52,81,146,139,130,108,160,131,137,161,187,163,87,74,54,38,28,25,0,0
2025,2025-01-11,Northbound,Light Vehicles,12,5,6,6,5,20,28,29,39,44,47,45,57,51,56,43,46,,,,,,,,0,0
2025,2025-01-11,Northbound,Heavy Vehicles,1,,,,,1,1,1,1,1,3,1,,3,1,5,4,,,,,,,,0,0
2025,2025-01-11,Northbound,All Vehicles,13,5,6,6,5,21,29,30,40,45,50,46,57,54,57,48,50,,,,,,,,0,0
2025,2025-01-15,Northbound,Light Vehicles,26,15,13,12,29,112,169,288,476,414,348,,,,,,,484,341,228,144,147,77,49,0,0
2025,2025-01-15,Northbound,Heavy Vehicles,2,2,3,1,4,7,25,13,37,31,23,,,,,,,28,15,16,10,2,2,3,0,0
2025,2025-01-15,Northbound,All Vehicles,28,17,16,13,33,119,194,301,513,445,371,,,,,,,512,356,244,154,149,79,52,0,0
2025,2025-01-17,Northbound,Heavy Vehicles,,2,3,1,2,4,16,25,31,23,26,33,28,33,16,28,24,,,,,,,,0,0
2025,2025-01-17,Northbound,Light Vehicles,32,25,14,10,30,86,134,256,427,397,385,426,390,342,389,422,494,,,,,,,,0,0
2025,2025-01-17,Northbound,All Vehicles,32,27,17,11,32,90,150,281,458,420,411,459,418,375,405,450,518,,,,,,,,0,0
2025,2025-01-18,Northbound,Heavy Vehicles,,,,,3,1,6,6,19,13,18,17,13,14,10,18,10,16,18,9,6,4,5,3,0,0
2025,2025-01-18,Northbound,Light Vehicles,,,,,15,45,95,128,231,279,365,329,358,351,264,295,279,295,268,222,177,156,147,75,0,0
2025,2025-01-18,Northbound,All Vehicles,,,,,18,46,101,134,250,292,383,346,371,365,274,313,289,311,286,231,183,160,152,78,0,0
2025,2025-01-20,Northbound,Light Vehicles,29,24,7,8,,,,,,,,329,378,337,394,441,529,434,298,250,151,128,100,41,0,0
2025,2025-01-20,Northbound,Heavy Vehicles,,2,5,,,,,,,,,22,26,30,21,24,26,27,12,14,5,6,1,,0,0
2025,2025-01-20,Northbound,All Vehicles,29,26,12,8,,,,,,,,351,404,367,415,465,555,461,310,264,156,134,101,41,0,0
2025,2025-01-24,Northbound,Heavy Vehicles,2,1,2,3,,,,,,,,31,31,35,18,21,28,15,8,15,7,4,3,2,0,0
2025,2025-01-24,Northbound,Light Vehicles,31,15,11,15,,,,,,,,359,417,377,408,411,464,446,333,268,188,154,136,80,0,0
2025,2025-01-24,Northbound,All Vehicles,33,16,13,18,,,,,,,,390,448,412,426,432,492,461,341,283,195,158,139,82,0,0
2025,2025-01-25,Northbound,Heavy Vehicles,,4,1,,2,2,7,5,13,12,18,18,23,13,16,13,10,11,6,8,5,3,4,4,0,0
2025,2025-01-25,Northbound,Light Vehicles,38,42,30,19,19,45,105,157,265,297,343,361,324,284,300,283,227,281,217,203,173,143,114,74,0,0
2025,2025-01-25,Northbound,All Vehicles,38,46,31,19,21,47,112,162,278,309,361,379,347,297,316,296,237,292,223,211,178,146,118,78,0,0
2025,2025-01-26,Northbound,Heavy Vehicles,,1,,,,,,,,,,13,12,13,8,9,6,8,6,4,6,3,2,2,0,0
2025,2025-01-26,Northbound,Light Vehicles,71,59,29,14,,,,,,,,302,314,242,286,218,266,252,230,191,187,138,117,92,0,0
2025,2025-01-26,Northbound,All Vehicles,71,60,29,14,,,,,,,,315,326,255,294,227,272,260,236,195,193,141,119,94,0,0
2025,2025-01-27,Northbound,Light Vehicles,51,26,13,8,18,47,80,116,167,241,288,288,258,246,247,259,377,404,252,194,122,111,76,44,0,0
2025,2025-01-27,Northbound,Heavy Vehicles,2,,1,,4,3,9,2,8,16,17,13,12,13,19,18,14,17,9,5,3,3,1,,0,0
2025,2025-01-27,Northbound,All Vehicles,53,26,14,8,22,50,89,118,175,257,305,301,270,259,266,277,391,421,261,199,125,114,77,44,0,0
2025,2025-02-01,Northbound,Heavy Vehicles,,2,,,2,3,6,11,17,13,19,24,26,14,11,12,7,,,,,,,,0,0
2025,2025-02-01,Northbound,Light Vehicles,48,27,22,13,24,48,106,161,251,327,357,325,334,266,317,301,289,,,,,,,,0,0
2025,2025-02-01,Northbound,All Vehicles,48,29,22,13,26,51,112,172,268,340,376,349,360,280,328,313,296,,,,,,,,0,0
2025,2025-02-02,Northbound,Heavy Vehicles,,,,,1,2,1,5,11,15,19,12,16,13,16,11,6,10,14,6,1,1,3,3,0,0
2025,2025-02-02,Northbound,Light Vehicles,,,,,21,52,81,119,189,266,291,365,336,284,279,272,238,272,211,199,182,126,65,37,0,0
2025,2025-02-02,Northbound,All Vehicles,,,,,22,54,82,124,200,281,310,377,352,297,295,283,244,282,225,205,183,127,68,40,0,0
2025,2025-02-03,Northbound,Heavy Vehicles,,1,1,,6,2,18,21,31,22,30,34,17,22,25,30,29,18,15,10,8,2,2,,0,0
2025,2025-02-03,Northbound,Light Vehicles,27,16,13,13,25,115,178,317,482,419,353,359,366,344,364,453,527,529,317,248,155,129,77,44,0,0
2025,2025-02-03,Northbound,All Vehicles,27,17,14,13,31,117,196,338,513,441,383,393,383,366,389,483,556,547,332,258,163,131,79,44,0,0
2025,2025-02-04,Northbound,Light Vehicles,21,10,13,21,33,124,208,334,535,462,394,353,369,306,376,453,516,544,383,262,163,147,80,35,0,0
2025,2025-02-04,Northbound,Heavy Vehicles,,,2,,5,4,18,27,30,38,26,28,26,22,29,36,31,24,17,9,8,6,2,,0,0
2025,2025-02-04,Northbound,All Vehicles,21,10,15,21,38,128,226,361,565,500,420,381,395,328,405,489,547,568,400,271,171,153,82,35,0,0
2025,2025-02-05,Northbound,Heavy Vehicles,,1,2,,1,1,16,12,25,14,20,13,16,21,19,28,27,13,14,6,1,2,3,1,0,0
2025,2025-02-05,Northbound,Light Vehicles,6,9,4,5,12,70,102,188,274,231,225,214,190,200,198,232,315,274,221,112,92,79,43,12,0,0
2025,2025-02-05,Northbound,All Vehicles,6,10,6,5,13,71,118,200,299,245,245,227,206,221,217,260,342,287,235,118,93,81,46,13,0,0
2025,2025-02-06,Northbound,Heavy Vehicles,1,,1,2,4,5,16,27,41,25,23,24,19,25,25,43,29,,,,,,,,0,0
2025,2025-02-06,Northbound,Light Vehicles,31,20,8,22,28,125,208,303,611,495,422,382,373,329,416,482,506,,,,,,,,0,0
2025,2025-02-06,Northbound,All Vehicles,32,20,9,24,32,130,224,330,652,520,445,406,392,354,441,525,535,,,,,,,,0,0
2025,2025-02-07,Northbound,Light Vehicles,,,,,,,,,,,,300,314,264,316,400,455,412,327,222,157,140,102,68,0,0
2025,2025-02-07,Northbound,Heavy Vehicles,,,,,,,,,,,,28,24,21,23,26,15,15,19,12,4,7,3,1,0,0
2025,2025-02-07,Northbound,All Vehicles,,,,,,,,,,,,328,338,285,339,426,470,427,346,234,161,147,105,69,0,0
2025,2025-02-09,Northbound,Heavy Vehicles,3,1,,1,2,,8,4,7,14,21,17,15,12,15,12,15,16,8,4,3,4,3,2,0,0
2025,2025-02-09,Northbound,Light Vehicles,52,56,33,22,21,39,76,120,181,281,322,353,344,294,292,261,267,295,234,187,161,112,57,37,0,0
2025,2025-02-09,Northbound,All Vehicles,55,57,33,23,23,39,84,124,188,295,343,370,359,306,307,273,282,311,242,191,164,116,60,39,0,0
2025,2025-02-10,Northbound,Heavy Vehicles,,1,,1,,3,7,8,19,14,15,9,6,12,11,16,7,,,,,,,,0,0
2025,2025-02-10,Northbound,Light Vehicles,4,3,2,2,10,30,52,110,204,151,108,126,114,99,123,175,185,,,,,,,,0,0
2025,2025-02-10,Northbound,All Vehicles,4,4,2,3,10,33,59,118,223,165,123,135,120,111,134,191,192,,,,,,,,0,0
2025,2025-02-11,Northbound,Heavy Vehicles,,,,,2,12,25,25,39,24,25,28,34,31,26,30,25,21,19,8,8,2,2,1,0,0
2025,2025-02-11,Northbound,Light Vehicles,,,,,37,103,186,352,612,506,380,343,384,314,397,502,524,529,388,252,182,121,98,51,0,0
2025,2025-02-11,Northbound,All Vehicles,,,,,39,115,211,377,651,530,405,371,418,345,423,532,549,550,407,260,190,123,100,52,0,0
2025,2025-02-14,Northbound,Light Vehicles,7,4,3,6,15,32,70,85,93,112,101,,,,,,,94,74,51,35,18,30,15,0,0
2025,2025-02-14,Northbound,Heavy Vehicles,,3,1,1,2,3,10,6,6,3,7,,,,,,,6,3,2,4,1,2,1,0,0
2025,2025-02-14,Northbound,All Vehicles,7,7,4,7,17,35,80,91,99,115,108,,,,,,,100,77,53,39,19,32,16,0,0
2025,2025-02-15,Northbound,Light Vehicles,39,33,22,27,9,52,99,197,267,331,338,334,327,297,303,274,288,,,,,,,,0,0
2025,2025-02-15,Northbound,Heavy Vehicles,3,2,,2,1,7,8,12,19,13,17,18,22,18,18,13,18,,,,,,,,0,0
2025,2025-02-15,Northbound,All Vehicles,42,35,22,29,10,59,107,209,286,344,355,352,349,315,321,287,306,,,,,,,,0,0
2025,2025-02-17,Northbound,Light Vehicles,,,,,27,107,172,313,581,405,353,374,350,331,371,492,534,518,302,223,164,107,89,46,0,0
2025,2025-02-17,Northbound,Heavy Vehicles,,,,,5,4,13,24,38,41,26,21,27,30,31,37,35,21,14,8,4,3,6,4,0,0
2025,2025-02-17,Northbound,All Vehicles,,,,,32,111,185,337,619,446,379,395,377,361,402,529,569,539,316,231,168,110,95,50,0,0
2025,2025-02-18,Northbound,Light Vehicles,17,14,17,18,28,102,199,356,601,446,378,359,367,312,379,473,564,531,391,251,150,144,93,46,0,0
2025,2025-02-18,Northbound,Heavy Vehicles,2,3,2,,,6,25,27,46,30,38,25,25,21,31,39,37,32,20,11,11,2,3,1,0,0
2025,2025-02-18,Northbound,All Vehicles,19,17,19,18,28,108,224,383,647,476,416,384,392,333,410,512,601,563,411,262,161,146,96,47,0,0
2025,2025-02-21,Northbound,Light Vehicles,,,,,37,104,188,336,586,442,348,356,356,345,388,474,529,540,382,277,216,156,109,78,0,0
2025,2025-02-21,Northbound,Heavy Vehicles,,,,,1,7,18,20,34,25,27,20,33,25,26,27,21,15,15,9,6,5,,4,0,0
2025,2025-02-21,Northbound,All Vehicles,,,,,38,111,206,356,620,467,375,376,389,370,414,501,550,555,397,286,222,161,109,82,0,0
2025,2025-02-22,Northbound,Heavy Vehicles,1,2,2,1,3,1,5,16,11,19,27,19,19,13,13,13,17,,,,,,,,0,0
2025,2025-02-22,Northbound,Light Vehicles,45,32,25,14,18,50,99,184,282,303,366,385,328,333,309,317,307,,,,,,,,0,0
2025,2025-02-22,Northbound,All Vehicles,46,34,27,15,21,51,104,200,293,322,393,404,347,346,322,330,324,,,,,,,,0,0
2025,2025-02-23,Northbound,Light Vehicles,,,,,21,46,85,123,186,269,312,366,332,302,246,273,282,308,218,214,139,119,74,39,0,0
2025,2025-02-23,Northbound,Heavy Vehicles,,,,,,,3,7,11,11,12,20,20,10,7,8,9,13,12,5,5,4,2,2,0,0
2025,2025-02-23,Northbound,All Vehicles,,,,,21,46,88,130,197,280,324,386,352,312,253,281,291,321,230,219,144,123,76,41,0,0
2025,2025-02-24,Northbound,Light Vehicles,32,13,17,13,28,101,192,379,584,464,376,316,336,339,368,516,556,500,319,222,216,154,85,37,0,0
2025,2025-02-24,Northbound,Heavy Vehicles,2,2,,2,4,6,14,22,32,33,21,19,26,25,32,32,34,16,17,8,10,5,3,3,0,0
2025,2025-02-24,Northbound,All Vehicles,34,15,17,15,32,107,206,401,616,497,397,335,362,364,400,548,590,516,336,230,226,159,88,40,0,0
2025,2025-02-26,Northbound,Light Vehicles,24,15,16,16,35,112,207,329,564,475,388,331,335,365,342,488,575,,,,,,,,0,0
2025,2025-02-26,Northbound,Heavy Vehicles,2,1,1,2,5,10,15,23,29,26,37,17,15,27,25,37,28,,,,,,,,0,0
2025,2025-02-26,Northbound,All Vehicles,26,16,17,18,40,122,222,352,593,501,425,348,350,392,367,525,603,,,,,,,,0,0
2025,2025-03-01,Northbound,Heavy Vehicles,2,2,1,,2,4,9,11,16,21,19,26,15,16,13,7,14,13,15,9,9,4,,1,0,0
2025,2025-03-01,Northbound,Light Vehicles,74,39,28,22,24,55,105,191,281,363,400,393,342,338,337,323,291,313,278,223,196,173,133,102,0,0
2025,2025-03-01,Northbound,All Vehicles,76,41,29,22,26,59,114,202,297,384,419,419,357,354,350,330,305,326,293,232,205,177,133,103,0,0
2025,2025-03-03,Northbound,Heavy Vehicles,,4,3,1,5,5,16,14,36,30,36,26,27,23,21,33,25,,,,,,,,0,0
2025,2025-03-03,Northbound,Light Vehicles,47,24,11,15,42,116,206,351,580,459,381,339,351,376,390,453,533,,,,,,,,0,0
2025,2025-03-03,Northbound,All Vehicles,47,28,14,16,47,121,222,365,616,489,417,365,378,399,411,486,558,,,,,,,,0,0
2025,2025-03-04,Northbound,Light Vehicles,,,,,35,103,211,333,618,471,376,371,372,335,392,506,553,536,328,250,163,118,78,46,0,0
2025,2025-03-04,Northbound,Heavy Vehicles,,,,,2,3,25,29,36,31,28,40,22,23,29,45,31,21,16,13,7,4,2,3,0,0
2025,2025-03-04,Northbound,All Vehicles,,,,,37,106,236,362,654,502,404,411,394,358,421,551,584,557,344,263,170,122,80,49,0,0
2025,2025-03-08,Northbound,Light Vehicles,60,37,16,22,18,56,93,160,246,351,364,356,356,355,346,286,275,330,274,236,180,147,142,92,0,0
2025,2025-03-08,Northbound,Heavy Vehicles,1,3,,,2,5,4,15,13,24,25,18,23,20,22,16,17,16,10,6,6,2,5,3,0,0
2025,2025-03-08,Northbound,All Vehicles,61,40,16,22,20,61,97,175,259,375,389,374,379,375,368,302,292,346,284,242,186,149,147,95,0,0
2025,2025-03-09,Northbound,Light Vehicles,79,43,34,21,15,51,77,113,169,264,279,377,372,297,274,284,261,289,240,166,131,108,74,41,0,0
2025,2025-03-09,Northbound,Heavy Vehicles,1,4,1,1,,5,3,5,17,20,15,20,18,18,9,9,15,12,9,5,4,4,5,,0,0
2025,2025-03-09,Northbound,All Vehicles,80,47,35,22,15,56,80,118,186,284,294,397,390,315,283,293,276,301,249,171,135,112,79,41,0,0
2025,2025-03-11,Northbound,Heavy Vehicles,,,,,1,5,29,26,36,28,39,34,27,27,23,31,19,24,16,9,2,2,1,1,0,0
2025,2025-03-11,Northbound,Light Vehicles,,,,,35,100,190,340,624,481,406,359,360,349,389,506,550,507,373,247,154,122,93,48,0,0
2025,2025-03-11,Northbound,All Vehicles,,,,,36,105,219,366,660,509,445,393,387,376,412,537,569,531,389,256,156,124,94,49,0,0
2025,2025-03-13,Northbound,Light Vehicles,8,11,1,5,,,,,,,,188,229,196,227,276,328,279,204,128,104,94,53,24,0,0
2025,2025-03-13,Northbound,Heavy Vehicles,,,1,1,,,,,,,,22,12,19,27,28,21,19,21,9,2,6,2,,0,0
2025,2025-03-13,Northbound,All Vehicles,8,11,2,6,,,,,,,,210,241,215,254,304,349,298,225,137,106,100,55,24,0,0
2025,2025-03-14,Northbound,Heavy Vehicles,,2,4,1,,,,,,,,30,27,39,38,31,23,29,23,7,3,6,2,2,0,0
2025,2025-03-14,Northbound,Light Vehicles,27,17,16,14,,,,,,,,343,408,366,413,467,504,497,430,264,199,193,140,85,0,0
2025,2025-03-14,Northbound,All Vehicles,27,19,20,15,,,,,,,,373,435,405,451,498,527,526,453,271,202,199,142,87,0,0
2025,2025-03-15,Northbound,Light Vehicles,54,26,24,18,15,58,114,177,268,317,371,353,340,329,309,268,254,323,288,228,191,148,149,83,0,0
2025,2025-03-15,Northbound,Heavy Vehicles,3,1,,2,1,5,11,13,12,20,16,22,17,17,14,18,12,21,8,9,5,4,6,3,0,0
2025,2025-03-15,Northbound,All Vehicles,57,27,24,20,16,63,125,190,280,337,387,375,357,346,323,286,266,344,296,237,196,152,155,86,0,0
2025,2025-03-16,Northbound,Heavy Vehicles,2,,1,,,,3,3,9,11,8,17,12,11,8,14,7,7,4,6,2,,2,2,0,0
2025,2025-03-16,Northbound,Light Vehicles,63,36,44,20,15,32,65,109,173,212,229,258,258,229,213,228,251,220,183,169,136,103,68,40,0,0
2025,2025-03-16,Northbound,All Vehicles,65,36,45,20,15,32,68,112,182,223,237,275,270,240,221,242,258,227,187,175,138,103,70,42,0,0
2025,2025-03-18,Northbound,Light Vehicles,28,17,16,10,28,105,204,347,636,481,382,392,365,330,391,459,565,562,398,243,193,139,83,57,0,0
2025,2025-03-18,Northbound,Heavy Vehicles,2,3,,1,7,3,15,21,42,30,41,31,27,24,25,35,27,22,18,10,7,2,,2,0,0
2025,2025-03-18,Northbound,All Vehicles,30,20,16,11,35,108,219,368,678,511,423,423,392,354,416,494,592,584,416,253,200,141,83,59,0,0
2025,2025-03-20,Northbound,Heavy Vehicles,,,,,,3,4,5,15,11,12,11,17,11,11,17,12,9,16,11,1,2,3,,0,0
2025,2025-03-20,Northbound,Light Vehicles,1,7,3,2,7,26,63,105,230,154,130,141,126,118,141,181,201,208,135,81,44,45,13,10,0,0
2025,2025-03-20,Northbound,All Vehicles,1,7,3,2,7,29,67,110,245,165,142,152,143,129,152,198,213,217,151,92,45,47,16,10,0,0
2025,2025-03-22,Northbound,Light Vehicles,72,33,31,25,22,53,104,182,254,323,339,349,363,323,295,260,300,291,277,227,200,160,132,91,0,0
2025,2025-03-22,Northbound,Heavy Vehicles,3,1,,3,1,5,4,11,16,19,22,24,26,23,10,18,15,12,11,8,6,3,2,1,0,0
2025,2025-03-22,Northbound,All Vehicles,75,34,31,28,23,58,108,193,270,342,361,373,389,346,305,278,315,303,288,235,206,163,134,92,0,0
2025,2025-03-23,Northbound,Light Vehicles,63,67,42,25,27,50,81,131,163,297,310,363,386,319,287,257,230,256,240,186,162,116,72,51,0,0
2025,2025-03-23,Northbound,Heavy Vehicles,,2,,,2,1,2,4,11,8,14,16,19,16,15,16,9,12,6,6,6,1,,2,0,0
2025,2025-03-23,Northbound,All Vehicles,63,69,42,25,29,51,83,135,174,305,324,379,405,335,302,273,239,268,246,192,168,117,72,53,0,0
2025,2025-03-24,Northbound,Heavy Vehicles,,1,1,3,,,,,,,,20,22,20,21,33,21,28,14,2,2,3,1,,0,0
2025,2025-03-24,Northbound,Light Vehicles,18,12,12,20,,,,,,,,266,281,251,309,369,411,408,274,175,116,79,72,33,0,0
2025,2025-03-24,Northbound,All Vehicles,18,13,13,23,,,,,,,,286,303,271,330,402,432,436,288,177,118,82,73,33,0,0
2025,2025-03-25,Northbound,Heavy Vehicles,2,3,2,,1,1,13,29,29,25,18,28,25,19,22,36,21,,,,,,,,0,0
2025,2025-03-25,Northbound,Light Vehicles,17,12,9,12,22,82,161,270,512,376,321,280,301,249,323,428,465,,,,,,,,0,0
2025,2025-03-25,Northbound,All Vehicles,19,15,11,12,23,83,174,299,541,401,339,308,326,268,345,464,486,,,,,,,,0,0
2025,2025-03-27,Northbound,Light Vehicles,20,15,6,15,29,90,133,250,501,371,307,305,286,300,290,405,422,466,337,207,142,125,91,49,0,0
2025,2025-03-27,Northbound,Heavy Vehicles,1,1,1,,2,3,16,24,18,20,28,26,25,21,21,30,27,26,20,5,3,2,2,2,0,0
2025,2025-03-27,Northbound,All Vehicles,21,16,7,15,31,93,149,274,519,391,335,331,311,321,311,435,449,492,357,212,145,127,93,51,0,0
2025,2025-03-29,Northbound,Light Vehicles,,,,,19,46,104,158,222,312,327,365,377,327,306,322,269,284,300,197,187,143,124,90,0,0
2025,2025-03-29,Northbound,Heavy Vehicles,,,,,1,4,7,8,9,25,14,28,19,18,12,18,18,11,17,15,10,3,3,5,0,0
2025,2025-03-29,Northbound,All Vehicles,,,,,20,50,111,166,231,337,341,393,396,345,318,340,287,295,317,212,197,146,127,95,0,0
2025,2025-03-30,Northbound,Heavy Vehicles,3,2,,1,,,,,,,,12,20,10,12,14,12,10,12,3,2,1,3,,0,0
2025,2025-03-30,Northbound,Light Vehicles,56,50,44,29,,,,,,,,306,285,256,245,225,233,203,178,144,118,74,46,22,0,0
2025,2025-03-30,Northbound,All Vehicles,59,52,44,30,,,,,,,,318,305,266,257,239,245,213,190,147,120,75,49,22,0,0
2025,2025-04-01,Northbound,Heavy Vehicles,,5,2,1,3,10,23,27,51,35,29,32,28,24,29,25,30,30,12,10,6,3,1,1,0,0
2025,2025-04-01,Northbound,Light Vehicles,20,14,9,16,30,109,197,336,609,474,380,360,377,341,415,479,548,543,379,237,153,124,74,35,0,0
2025,2025-04-01,Northbound,All Vehicles,20,19,11,17,33,119,220,363,660,509,409,392,405,365,444,504,578,573,391,247,159,127,75,36,0,0
2025,2025-04-02,Northbound,Light Vehicles,24,18,11,16,30,113,175,342,599,429,405,375,375,320,402,440,590,519,407,268,177,147,83,44,0,0
2025,2025-04-02,Northbound,Heavy Vehicles,,3,3,1,4,10,17,19,39,21,38,23,25,32,26,39,31,32,13,12,5,4,2,1,0,0
2025,2025-04-02,Northbound,All Vehicles,24,21,14,17,34,123,192,361,638,450,443,398,400,352,428,479,621,551,420,280,182,151,85,45,0,0
2025,2025-04-05,Northbound,Light Vehicles,8,7,,4,,,,,,,,128,146,130,121,115,101,112,86,90,51,40,15,23,0,0
2025,2025-04-05,Northbound,Heavy Vehicles,,,,,,,,,,,,14,12,9,9,8,8,7,4,4,4,,1,1,0,0
2025,2025-04-05,Northbound,All Vehicles,8,7,,4,,,,,,,,142,158,139,130,123,109,119,90,94,55,40,16,24,0,0
2025,2025-04-06,Northbound,Light Vehicles,66,51,63,20,18,48,101,159,237,348,320,385,324,311,291,275,273,274,243,163,113,105,56,38,0,0
2025,2025-04-06,Northbound,Heavy Vehicles,,,3,,,2,3,8,16,18,11,17,22,17,13,13,11,12,6,3,1,4,1,1,0,0
2025,2025-04-06,Northbound,All Vehicles,66,51,66,20,18,50,104,167,253,366,331,402,346,328,304,288,284,286,249,166,114,109,57,39,0,0
2025,2025-04-07,Northbound,Light Vehicles,29,13,11,12,35,103,189,365,596,469,396,342,350,358,393,463,486,486,338,206,123,116,69,33,0,0
2025,2025-04-07,Northbound,Heavy Vehicles,,2,1,2,2,10,25,31,46,35,37,21,32,41,24,40,27,32,20,7,4,3,3,,0,0
2025,2025-04-07,Northbound,All Vehicles,29,15,12,14,37,113,214,396,642,504,433,363,382,399,417,503,513,518,358,213,127,119,72,33,0,0
2025,2025-04-08,Northbound,Heavy Vehicles,,2,1,,1,7,29,29,37,29,31,26,18,36,39,39,28,30,12,9,5,5,2,1,0,0
2025,2025-04-08,Northbound,Light Vehicles,17,18,9,15,28,102,213,375,634,501,349,377,394,317,411,488,577,511,371,219,154,103,65,33,0,0
2025,2025-04-08,Northbound,All Vehicles,17,20,10,15,29,109,242,404,671,530,380,403,412,353,450,527,605,541,383,228,159,108,67,34,0,0
2025,2025-04-09,Northbound,Light Vehicles,33,19,16,17,30,107,194,332,599,472,376,380,408,369,407,474,510,527,397,219,168,149,76,39,0,0
2025,2025-04-09,Northbound,Heavy Vehicles,,4,1,2,4,4,22,21,44,31,34,29,24,37,27,32,32,23,13,11,8,4,1,3,0,0
2025,2025-04-09,Northbound,All Vehicles,33,23,17,19,34,111,216,353,643,503,410,409,432,406,434,506,542,550,410,230,176,153,77,42,0,0
2025,2025-04-10,Northbound,Light Vehicles,16,17,13,14,33,120,197,344,571,441,387,388,374,399,392,445,581,543,384,270,149,131,92,39,0,0
2025,2025-04-10,Northbound,Heavy Vehicles,,2,2,2,5,10,20,23,41,36,31,44,25,34,35,41,28,24,21,13,2,2,2,,0,0
2025,2025-04-10,Northbound,All Vehicles,16,19,15,16,38,130,217,367,612,477,418,432,399,433,427,486,609,567,405,283,151,133,94,39,0,0
2025,2025-04-12,Northbound,Heavy Vehicles,1,,,,2,5,8,9,20,15,20,19,20,15,14,14,11,8,13,9,3,5,2,4,0,0
2025,2025-04-12,Northbound,Light Vehicles,42,29,19,14,14,48,99,169,237,295,323,312,310,284,268,268,227,288,263,161,136,130,87,75,0,0
2025,2025-04-12,Northbound,All Vehicles,43,29,19,14,16,53,107,178,257,310,343,331,330,299,282,282,238,296,276,170,139,135,89,79,0,0
2025,2025-04-13,Northbound,Light Vehicles,62,36,33,22,18,51,105,132,212,321,325,365,326,307,283,293,290,300,249,193,135,108,77,46,0,0
2025,2025-04-13,Northbound,Heavy Vehicles,1,,2,,,3,6,6,10,16,18,10,20,15,15,17,8,12,9,6,8,5,3,2,0,0
2025,2025-04-13,Northbound,All Vehicles,63,36,35,22,18,54,111,138,222,337,343,375,346,322,298,310,298,312,258,199,143,113,80,48,0,0
2025,2025-04-14,Northbound,Heavy Vehicles,,2,4,1,7,11,23,24,36,28,28,27,22,27,24,26,21,15,18,9,5,2,2,,0,0
2025,2025-04-14,Northbound,Light Vehicles,31,17,20,10,25,103,172,319,535,383,364,394,351,360,350,432,469,460,351,194,127,75,75,36,0,0
2025,2025-04-14,Northbound,All Vehicles,31,19,24,11,32,114,195,343,571,411,392,421,373,387,374,458,490,475,369,203,132,77,77,36,0,0
2025,2025-04-15,Northbound,Heavy Vehicles,3,4,,,1,7,25,23,40,33,35,37,25,29,25,30,22,21,14,7,4,3,3,3,0,0
2025,2025-04-15,Northbound,Light Vehicles,26,11,17,12,32,94,181,329,536,415,402,375,367,312,388,409,547,492,382,234,128,106,64,46,0,0
2025,2025-04-15,Northbound,All Vehicles,29,15,17,12,33,101,206,352,576,448,437,412,392,341,413,439,569,513,396,241,132,109,67,49,0,0
2025,2025-04-16,Northbound,Heavy Vehicles,,2,3,1,4,7,28,28,37,29,40,32,22,23,26,35,26,25,20,7,3,9,4,1,0,0
2025,2025-04-16,Northbound,Light Vehicles,19,19,16,16,31,113,196,337,526,439,393,372,385,394,369,434,537,510,391,228,171,143,93,39,0,0
2025,2025-04-16,Northbound,All Vehicles,19,21,19,17,35,120,224,365,563,468,433,404,407,417,395,469,563,535,411,235,174,152,97,40,0,0
2025,2025-04-17,Northbound,Heavy Vehicles,,,3,3,4,4,24,15,33,26,44,37,34,33,29,30,34,29,22,10,8,5,1,,0,0
2025,2025-04-17,Northbound,Light Vehicles,29,17,13,12,22,121,189,305,485,434,376,425,370,390,390,455,512,534,429,246,182,157,139,59,0,0
2025,2025-04-17,Northbound,All Vehicles,29,17,16,15,26,125,213,320,518,460,420,462,404,423,419,485,546,563,451,256,190,162,140,59,0,0
2025,2025-04-19,Northbound,Heavy Vehicles,,,,2,3,7,8,9,16,15,15,18,17,19,18,11,17,11,12,3,2,2,1,8,0,0
2025,2025-04-19,Northbound,Light Vehicles,44,14,12,4,11,59,102,142,252,287,330,315,322,263,291,253,270,281,257,163,144,121,105,64,0,0
2025,2025-04-19,Northbound,All Vehicles,44,14,12,6,14,66,110,151,268,302,345,333,339,282,309,264,287,292,269,166,146,123,106,72,0,0
2025,2025-04-20,Northbound,Heavy Vehicles,3,1,,1,3,3,4,6,9,9,13,7,9,8,9,4,8,16,4,,5,3,1,3,0,0
2025,2025-04-20,Northbound,Light Vehicles,52,42,25,28,26,43,77,91,154,227,244,331,305,206,190,252,245,271,259,167,142,111,84,49,0,0
2025,2025-04-20,Northbound,All Vehicles,55,43,25,29,29,46,81,97,163,236,257,338,314,214,199,256,253,287,263,167,147,114,85,52,0,0
2025,2025-04-22,Northbound,Light Vehicles,23,13,8,11,23,73,175,299,453,424,371,364,376,355,382,410,474,420,271,168,130,96,70,42,0,0
2025,2025-04-22,Northbound,Heavy Vehicles,3,1,1,,4,2,22,24,39,34,36,29,23,41,25,23,21,27,16,9,3,5,2,1,0,0
2025,2025-04-22,Northbound,All Vehicles,26,14,9,11,27,75,197,323,492,458,407,393,399,396,407,433,495,447,287,177,133,101,72,43,0,0
2025,2025-04-23,Northbound,Heavy Vehicles,1,3,1,1,4,5,23,21,32,35,29,29,28,35,35,20,29,16,10,9,4,6,4,,0,0
2025,2025-04-23,Northbound,Light Vehicles,18,25,11,13,24,81,146,304,493,429,422,422,410,386,383,434,496,446,316,189,150,120,79,56,0,0
2025,2025-04-23,Northbound,All Vehicles,19,28,12,14,28,86,169,325,525,464,451,451,438,421,418,454,525,462,326,198,154,126,83,56,0,0
2025,2025-04-24,Northbound,Heavy Vehicles,,,5,,5,4,21,20,21,20,42,25,25,27,31,33,24,26,13,10,4,3,4,3,0,0
2025,2025-04-24,Northbound,Light Vehicles,24,16,15,10,26,89,172,310,472,451,426,432,395,387,365,502,540,518,385,245,186,124,96,65,0,0
2025,2025-04-24,Northbound,All Vehicles,24,16,20,10,31,93,193,330,493,471,468,457,420,414,396,535,564,544,398,255,190,127,100,68,0,0
2025,2025-04-26,Northbound,Light Vehicles,36,48,27,17,25,44,94,184,247,311,350,393,364,368,300,272,299,315,283,192,161,130,127,78,0,0
2025,2025-04-26,Northbound,Heavy Vehicles,3,2,,,2,5,6,18,16,16,26,14,19,17,15,12,6,11,9,4,7,4,4,,0,0
2025,2025-04-26,Northbound,All Vehicles,39,50,27,17,27,49,100,202,263,327,376,407,383,385,315,284,305,326,292,196,168,134,131,78,0,0
2025,2025-04-27,Northbound,Heavy Vehicles,2,,,,2,2,6,4,10,9,10,16,14,9,10,13,8,14,6,3,3,3,2,,0,0
2025,2025-04-27,Northbound,Light Vehicles,59,41,32,21,24,38,83,108,165,247,306,390,368,306,264,268,268,280,215,152,134,92,54,32,0,0
2025,2025-04-27,Northbound,All Vehicles,61,41,32,21,26,40,89,112,175,256,316,406,382,315,274,281,276,294,221,155,137,95,56,32,0,0
2025,2025-04-28,Northbound,Heavy Vehicles,,3,1,5,3,8,15,20,34,30,32,29,23,26,26,23,24,23,9,9,2,5,,3,0,0
2025,2025-04-28,Northbound,Light Vehicles,26,18,11,14,33,119,163,319,533,430,390,367,373,363,393,424,537,473,338,205,126,87,61,37,0,0
2025,2025-04-28,Northbound,All Vehicles,26,21,12,19,36,127,178,339,567,460,422,396,396,389,419,447,561,496,347,214,128,92,61,40,0,0
2025,2025-04-29,Northbound,Light Vehicles,25,19,10,13,36,106,190,334,569,430,367,366,388,396,397,462,574,456,387,230,151,103,72,53,0,0
2025,2025-04-29,Northbound,Heavy Vehicles,1,2,1,1,2,7,15,21,36,33,30,44,24,24,29,31,33,26,15,10,4,4,,,0,0
2025,2025-04-29,Northbound,All Vehicles,26,21,11,14,38,113,205,355,605,463,397,410,412,420,426,493,607,482,402,240,155,107,72,53,0,0
2025,2025-04-30,Northbound,Heavy Vehicles,,,5,,2,4,16,27,37,28,21,25,23,32,26,34,28,18,14,11,6,4,4,,0,0
2025,2025-04-30,Northbound,Light Vehicles,20,17,17,14,29,100,152,357,636,519,393,383,393,348,410,497,565,545,356,224,191,138,79,56,0,0
2025,2025-04-30,Northbound,All Vehicles,20,17,22,14,31,104,168,384,673,547,414,408,416,380,436,531,593,563,370,235,197,142,83,56,0,0
2025,2025-05-01,Northbound,Light Vehicles,23,14,12,15,26,120,201,330,580,407,407,408,352,361,407,477,521,570,379,244,179,154,69,46,0,0
2025,2025-05-01,Northbound,Heavy Vehicles,,3,1,2,3,12,22,26,42,26,28,27,19,27,29,31,31,28,20,9,6,3,2,,0,0
2025,2025-05-01,Northbound,All Vehicles,23,17,13,17,29,132,223,356,622,433,435,435,371,388,436,508,552,598,399,253,185,157,71,46,0,0
2025,2025-05-02,Northbound,Light Vehicles,16,22,13,16,31,102,171,321,586,450,403,387,406,394,394,482,537,466,379,237,187,148,111,83,0,0
2025,2025-05-02,Northbound,Heavy Vehicles,1,1,3,2,,6,15,24,29,29,25,24,26,34,26,34,38,21,14,7,7,4,6,3,0,0
2025,2025-05-02,Northbound,All Vehicles,17,23,16,18,31,108,186,345,615,479,428,411,432,428,420,516,575,487,393,244,194,152,117,86,0,0
2025,2025-05-03,Northbound,Light Vehicles,47,33,13,14,17,53,114,181,282,341,377,373,341,355,365,296,318,324,282,194,148,143,110,75,0,0
2025,2025-05-03,Northbound,Heavy Vehicles,1,,,,2,5,5,7,16,25,24,24,16,18,11,17,14,9,10,10,3,2,4,7,0,0
2025,2025-05-03,Northbound,All Vehicles,48,33,13,14,19,58,119,188,298,366,401,397,357,373,376,313,332,333,292,204,151,145,114,82,0,0
2025,2025-05-04,Northbound,Heavy Vehicles,2,,,,1,,4,4,9,9,11,20,17,15,12,17,15,14,9,7,7,5,,1,0,0
2025,2025-05-04,Northbound,Light Vehicles,83,41,27,25,23,41,92,130,211,300,294,356,324,327,246,230,143,202,166,160,131,127,59,35,0,0
2025,2025-05-04,Northbound,All Vehicles,85,41,27,25,24,41,96,134,220,309,305,376,341,342,258,247,158,216,175,167,138,132,59,36,0,0
2025,2025-05-05,Northbound,Light Vehicles,19,13,8,9,26,96,178,299,590,426,371,337,352,369,393,507,496,502,324,217,163,132,93,43,0,0
2025,2025-05-05,Northbound,Heavy Vehicles,,2,2,2,5,5,16,28,31,31,35,23,30,26,29,34,30,15,14,9,7,2,4,1,0,0
2025,2025-05-05,Northbound,All Vehicles,19,15,10,11,31,101,194,327,621,457,406,360,382,395,422,541,526,517,338,226,170,134,97,44,0,0
2025,2025-05-06,Northbound,Light Vehicles,25,12,14,17,34,105,183,352,638,506,398,367,357,330,395,505,537,531,393,236,173,100,79,40,0,0
2025,2025-05-06,Northbound,Heavy Vehicles,,4,2,,1,6,27,40,40,27,34,30,37,30,28,36,22,25,15,12,5,3,3,4,0,0
2025,2025-05-06,Northbound,All Vehicles,25,16,16,17,35,111,210,392,678,533,432,397,394,360,423,541,559,556,408,248,178,103,82,44,0,0
2025,2025-05-07,Northbound,Light Vehicles,25,18,16,13,12,115,184,358,611,460,389,380,390,352,385,504,571,512,353,234,224,185,105,61,0,0
2025,2025-05-07,Northbound,Heavy Vehicles,2,2,6,1,1,2,22,18,28,26,29,28,22,22,23,30,32,26,20,4,10,2,3,,0,0
2025,2025-05-07,Northbound,All Vehicles,27,20,22,14,13,117,206,376,639,486,418,408,412,374,408,534,603,538,373,238,234,187,108,61,0,0
2025,2025-05-08,Northbound,Heavy Vehicles,2,3,1,,5,6,11,19,34,28,35,21,18,29,33,28,27,23,18,12,4,2,1,2,0,0
2025,2025-05-08,Northbound,Light Vehicles,36,19,10,17,24,106,212,343,619,498,392,323,417,374,390,522,538,622,426,244,168,137,83,45,0,0
2025,2025-05-08,Northbound,All Vehicles,38,22,11,17,29,112,223,362,653,526,427,344,435,403,423,550,565,645,444,256,172,139,84,47,0,0
2025,2025-05-09,Northbound,Light Vehicles,30,19,16,9,24,122,186,319,597,448,386,400,374,365,400,487,575,528,398,236,188,132,120,87,0,0
2025,2025-05-09,Northbound,Heavy Vehicles,1,3,1,2,1,5,18,23,26,22,34,43,27,18,31,31,25,23,17,5,5,3,4,1,0,0
2025,2025-05-09,Northbound,All Vehicles,31,22,17,11,25,127,204,342,623,470,420,443,401,383,431,518,600,551,415,241,193,135,124,88,0,0
2025,2025-05-10,Northbound,Light Vehicles,59,37,18,18,15,55,132,171,271,388,412,424,396,385,337,335,283,390,288,214,180,144,118,81,0,0
2025,2025-05-10,Northbound,Heavy Vehicles,,,1,1,,5,8,11,11,15,28,28,19,16,14,15,14,9,8,10,4,3,3,2,0,0
2025,2025-05-10,Northbound,All Vehicles,59,37,19,19,15,60,140,182,282,403,440,452,415,401,351,350,297,399,296,224,184,147,121,83,0,0
2025,2025-05-11,Northbound,Light Vehicles,63,36,28,19,18,44,86,153,202,272,337,390,375,314,291,288,277,313,205,175,146,108,71,38,0,0
2025,2025-05-11,Northbound,Heavy Vehicles,,4,,1,,,2,2,8,6,15,13,17,12,10,10,10,7,6,8,3,2,1,2,0,0
2025,2025-05-11,Northbound,All Vehicles,63,40,28,20,18,44,88,155,210,278,352,403,392,326,301,298,287,320,211,183,149,110,72,40,0,0
2025,2025-05-12,Northbound,Light Vehicles,17,16,12,9,30,100,171,308,640,431,346,358,373,331,395,460,529,469,344,189,127,101,70,36,0,0
2025,2025-05-12,Northbound,Heavy Vehicles,1,,,2,2,2,17,16,26,24,30,35,25,16,22,31,26,18,18,4,4,3,2,,0,0
2025,2025-05-12,Northbound,All Vehicles,18,16,12,11,32,102,188,324,666,455,376,393,398,347,417,491,555,487,362,193,131,104,72,36,0,0
2025,2025-05-13,Northbound,Heavy Vehicles,1,1,1,,4,4,19,20,37,33,27,30,34,18,25,33,28,24,14,4,7,5,,,0,0
2025,2025-05-13,Northbound,Light Vehicles,13,20,8,15,28,104,185,369,657,520,393,355,339,343,399,487,570,575,356,258,156,108,74,44,0,0
2025,2025-05-13,Northbound,All Vehicles,14,21,9,15,32,108,204,389,694,553,420,385,373,361,424,520,598,599,370,262,163,113,74,44,0,0
2025,2025-05-14,Northbound,Heavy Vehicles,1,1,3,1,2,4,9,23,32,23,33,29,17,23,19,30,21,23,16,8,9,7,3,1,0,0
2025,2025-05-14,Northbound,Light Vehicles,19,21,12,13,24,128,184,358,641,434,440,385,390,351,409,513,599,537,385,271,168,131,80,38,0,0
2025,2025-05-14,Northbound,All Vehicles,20,22,15,14,26,132,193,381,673,457,473,414,407,374,428,543,620,560,401,279,177,138,83,39,0,0
2025,2025-05-15,Northbound,Heavy Vehicles,1,2,4,,1,10,14,26,29,30,27,32,16,28,24,34,25,20,20,13,7,2,,1,0,0
2025,2025-05-15,Northbound,Light Vehicles,22,20,7,12,26,110,184,311,649,455,386,363,403,359,415,497,531,582,407,268,167,129,79,43,0,0
2025,2025-05-15,Northbound,All Vehicles,23,22,11,12,27,120,198,337,678,485,413,395,419,387,439,531,556,602,427,281,174,131,79,44,0,0
2025,2025-05-16,Northbound,Light Vehicles,33,19,11,11,25,115,186,323,583,461,377,399,378,343,391,459,516,460,356,260,193,150,112,78,0,0
2025,2025-05-16,Northbound,Heavy Vehicles,,3,4,1,1,9,17,24,32,24,32,29,28,28,23,41,24,27,12,6,6,,3,2,0,0
2025,2025-05-16,Northbound,All Vehicles,33,22,15,12,26,124,203,347,615,485,409,428,406,371,414,500,540,487,368,266,199,150,115,80,0,0
2025,2025-05-17,Northbound,Heavy Vehicles,1,,,1,,5,8,4,11,17,17,17,20,21,10,15,13,19,13,4,5,2,5,1,0,0
2025,2025-05-17,Northbound,Light Vehicles,61,44,23,15,14,49,114,169,262,337,343,356,343,355,292,291,314,298,288,195,196,141,89,85,0,0
2025,2025-05-17,Northbound,All Vehicles,62,44,23,16,14,54,122,173,273,354,360,373,363,376,302,306,327,317,301,199,201,143,94,86,0,0
2025,2025-05-18,Northbound,Heavy Vehicles,1,,2,1,,1,3,1,8,8,11,17,12,17,15,9,13,10,6,7,2,1,3,1,0,0
2025,2025-05-18,Northbound,Light Vehicles,70,37,34,23,23,50,91,112,159,270,316,362,324,292,290,260,255,260,220,154,135,97,57,40,0,0
2025,2025-05-18,Northbound,All Vehicles,71,37,36,24,23,51,94,113,167,278,327,379,336,309,305,269,268,270,226,161,137,98,60,41,0,0
2025,2025-05-19,Northbound,Heavy Vehicles,2,,1,2,4,6,16,20,32,25,19,25,34,28,32,31,25,24,13,8,4,1,1,,0,0
2025,2025-05-19,Northbound,Light Vehicles,24,12,12,10,28,103,176,320,560,416,389,343,373,380,354,451,503,405,309,198,151,106,77,40,0,0
2025,2025-05-19,Northbound,All Vehicles,26,12,13,12,32,109,192,340,592,441,408,368,407,408,386,482,528,429,322,206,155,107,78,40,0,0
2025,2025-05-20,Northbound,Light Vehicles,27,16,16,10,27,107,201,354,653,443,354,377,360,356,455,489,539,521,391,237,146,104,77,41,0,0
2025,2025-05-20,Northbound,Heavy Vehicles,2,4,3,,2,6,18,27,36,25,31,21,29,36,30,33,25,20,11,10,2,2,2,,0,0
2025,2025-05-20,Northbound,All Vehicles,29,20,19,10,29,113,219,381,689,468,385,398,389,392,485,522,564,541,402,247,148,106,79,41,0,0
2025,2025-05-21,Northbound,Light Vehicles,20,21,14,8,28,115,185,348,642,462,375,394,360,390,420,455,543,509,361,216,182,127,69,44,0,0
2025,2025-05-21,Northbound,Heavy Vehicles,,,2,,4,5,14,29,20,29,43,28,25,32,32,41,32,24,21,10,3,4,1,,0,0
2025,2025-05-21,Northbound,All Vehicles,20,21,16,8,32,120,199,377,662,491,418,422,385,422,452,496,575,533,382,226,185,131,70,44,0,0
2025,2025-05-22,Northbound,Heavy Vehicles,2,2,,,6,6,12,25,42,28,30,18,36,28,23,28,30,25,20,6,5,3,2,3,0,0
2025,2025-05-22,Northbound,Light Vehicles,22,15,5,8,24,109,180,305,613,481,382,283,367,336,397,473,525,496,374,215,177,122,87,50,0,0
2025,2025-05-22,Northbound,All Vehicles,24,17,5,8,30,115,192,330,655,509,412,301,403,364,420,501,555,521,394,221,182,125,89,53,0,0
2025,2025-05-23,Northbound,Heavy Vehicles,1,3,1,,2,3,18,34,36,45,22,24,22,36,25,31,26,33,9,8,5,1,5,2,0,0
2025,2025-05-23,Northbound,Light Vehicles,27,18,17,11,26,107,170,323,571,355,314,304,307,308,412,447,480,453,331,216,155,119,83,66,0,0
2025,2025-05-23,Northbound,All Vehicles,28,21,18,11,28,110,188,357,607,400,336,328,329,344,437,478,506,486,340,224,160,120,88,68,0,0
2025,2025-05-24,Northbound,Light Vehicles,46,30,32,20,14,55,92,142,269,322,366,365,334,339,277,282,299,333,264,176,159,145,136,70,0,0
2025,2025-05-24,Northbound,Heavy Vehicles,1,,,,1,3,7,14,16,15,17,23,24,24,17,10,9,18,8,5,12,3,2,,0,0
2025,2025-05-24,Northbound,All Vehicles,47,30,32,20,15,58,99,156,285,337,383,388,358,363,294,292,308,351,272,181,171,148,138,70,0,0
2025,2025-05-25,Northbound,Heavy Vehicles,1,1,1,1,,,3,4,11,13,12,12,21,9,8,9,13,9,9,6,8,1,1,3,0,0
2025,2025-05-25,Northbound,Light Vehicles,58,50,39,25,20,48,89,127,161,263,300,360,365,318,316,289,271,278,209,155,121,105,53,41,0,0
2025,2025-05-25,Northbound,All Vehicles,59,51,40,26,20,48,92,131,172,276,312,372,386,327,324,298,284,287,218,161,129,106,54,44,0,0
2025,2025-05-26,Northbound,Heavy Vehicles,3,,2,3,5,9,12,23,50,30,35,27,31,32,29,41,35,25,12,4,7,4,,2,0,0
2025,2025-05-26,Northbound,Light Vehicles,31,11,15,18,29,123,169,302,598,439,390,361,383,335,423,520,509,507,302,235,134,102,56,34,0,0
2025,2025-05-26,Northbound,All Vehicles,34,11,17,21,34,132,181,325,648,469,425,388,414,367,452,561,544,532,314,239,141,106,56,36,0,0
2025,2025-05-27,Northbound,Heavy Vehicles,,3,1,,2,11,18,34,49,48,41,41,32,32,26,32,22,25,21,9,6,4,3,2,0,0
2025,2025-05-27,Northbound,Light Vehicles,17,19,15,18,30,117,194,374,573,482,380,359,353,377,426,512,558,510,357,232,156,113,77,40,0,0
2025,2025-05-27,Northbound,All Vehicles,17,22,16,18,32,128,212,408,622,530,421,400,385,409,452,544,580,535,378,241,162,117,80,42,0,0
2025,2025-05-28,Northbound,Heavy Vehicles,,2,4,,2,8,22,25,35,30,28,31,29,30,37,38,31,23,16,12,5,3,2,1,0,0
2025,2025-05-28,Northbound,Light Vehicles,18,12,7,18,27,119,181,342,609,502,381,354,368,360,425,455,571,527,355,268,142,131,93,46,0,0
2025,2025-05-28,Northbound,All Vehicles,18,14,11,18,29,127,203,367,644,532,409,385,397,390,462,493,602,550,371,280,147,134,95,47,0,0
2025,2025-05-29,Northbound,Heavy Vehicles,1,1,1,3,7,7,16,22,31,32,27,34,23,33,23,37,28,26,23,12,4,5,1,,0,0
2025,2025-05-29,Northbound,Light Vehicles,29,20,13,14,29,107,190,321,639,478,420,349,410,340,425,475,569,595,411,241,169,145,90,55,0,0
2025,2025-05-29,Northbound,All Vehicles,30,21,14,17,36,114,206,343,670,510,447,383,433,373,448,512,597,621,434,253,173,150,91,55,0,0
2025,2025-05-30,Northbound,Light Vehicles,26,16,13,13,25,115,173,311,541,458,405,418,423,369,426,471,553,484,360,248,170,151,125,89,0,0
2025,2025-05-30,Northbound,Heavy Vehicles,,6,3,1,1,5,15,24,38,43,31,39,31,19,26,27,23,21,18,8,2,4,2,,0,0
2025,2025-05-30,Northbound,All Vehicles,26,22,16,14,26,120,188,335,579,501,436,457,454,388,452,498,576,505,378,256,172,155,127,89,0,0
2025,2025-05-31,Northbound,Light Vehicles,58,28,20,7,19,54,97,189,245,352,384,417,397,352,348,329,306,329,255,189,161,155,95,79,0,0
2025,2025-05-31,Northbound,Heavy Vehicles,2,2,,,3,6,6,12,16,14,26,22,20,13,13,19,10,14,12,3,3,4,4,,0,0
2025,2025-05-31,Northbound,All Vehicles,60,30,20,7,22,60,103,201,261,366,410,439,417,365,361,348,316,343,267,192,164,159,99,79,0,0
2025,2025-06-01,Northbound,Heavy Vehicles,1,2,,,1,2,4,5,7,17,17,15,11,17,17,16,13,7,4,7,2,2,1,3,0,0
2025,2025-06-01,Northbound,Light Vehicles,67,41,27,19,25,44,94,125,193,261,289,398,369,309,281,289,309,300,199,186,145,102,57,35,0,0
2025,2025-06-01,Northbound,All Vehicles,68,43,27,19,26,46,98,130,200,278,306,413,380,326,298,305,322,307,203,193,147,104,58,38,0,0
2025,2025-06-02,Northbound,Heavy Vehicles,1,5,1,1,4,7,24,20,40,37,37,30,29,24,32,39,30,20,14,3,6,3,1,,0,0
2025,2025-06-02,Northbound,Light Vehicles,32,12,14,14,27,107,186,360,613,458,364,332,386,351,404,484,525,482,312,209,133,84,54,39,0,0
2025,2025-06-02,Northbound,All Vehicles,33,17,15,15,31,114,210,380,653,495,401,362,415,375,436,523,555,502,326,212,139,87,55,39,0,0
2025,2025-06-03,Northbound,Heavy Vehicles,,3,1,1,2,5,23,28,38,33,34,38,32,32,41,44,41,27,19,8,3,5,1,,0,0
2025,2025-06-03,Northbound,Light Vehicles,16,13,5,12,32,115,172,350,603,465,395,405,358,347,398,479,554,552,358,232,131,107,58,46,0,0
2025,2025-06-03,Northbound,All Vehicles,16,16,6,13,34,120,195,378,641,498,429,443,390,379,439,523,595,579,377,240,134,112,59,46,0,0
2025,2025-06-04,Northbound,Light Vehicles,28,12,12,13,29,109,203,351,601,491,390,422,359,373,408,504,555,547,385,229,144,143,89,58,0,0
2025,2025-06-04,Northbound,Heavy Vehicles,1,3,5,2,2,9,18,24,34,38,36,41,31,27,28,35,36,25,19,9,2,6,1,,0,0
2025,2025-06-04,Northbound,All Vehicles,29,15,17,15,31,118,221,375,635,529,426,463,390,400,436,539,591,572,404,238,146,149,90,58,0,0
2025,2025-06-05,Northbound,Heavy Vehicles,2,2,,1,7,10,27,29,42,26,41,30,21,23,23,21,21,18,15,12,3,5,1,1,0,0
2025,2025-06-05,Northbound,Light Vehicles,27,12,10,14,32,109,197,308,595,451,391,380,401,342,383,522,576,582,402,267,180,136,75,53,0,0
2025,2025-06-05,Northbound,All Vehicles,29,14,10,15,39,119,224,337,637,477,432,410,422,365,406,543,597,600,417,279,183,141,76,54,0,0
2025,2025-06-06,Northbound,Light Vehicles,43,19,14,13,31,97,194,315,578,448,396,384,372,356,420,464,513,474,316,242,170,139,81,68,0,0
2025,2025-06-06,Northbound,Heavy Vehicles,1,1,5,1,2,3,12,16,31,27,27,22,28,28,20,23,23,16,14,9,9,7,1,2,0,0
2025,2025-06-06,Northbound,All Vehicles,44,20,19,14,33,100,206,331,609,475,423,406,400,384,440,487,536,490,330,251,179,146,82,70,0,0
2025,2025-06-07,Northbound,Light Vehicles,45,20,27,19,11,58,101,171,233,338,386,351,330,334,324,284,291,303,244,173,149,148,113,82,0,0
2025,2025-06-07,Northbound,Heavy Vehicles,,,1,,1,6,7,7,15,16,14,17,20,21,19,23,14,13,6,5,4,4,1,3,0,0
2025,2025-06-07,Northbound,All Vehicles,45,20,28,19,12,64,108,178,248,354,400,368,350,355,343,307,305,316,250,178,153,152,114,85,0,0
2025,2025-06-08,Northbound,Heavy Vehicles,,1,2,1,1,,3,2,3,14,21,12,21,15,11,9,8,11,11,5,4,3,2,,0,0
2025,2025-06-08,Northbound,Light Vehicles,53,36,28,31,19,29,69,111,184,292,310,365,342,278,275,296,288,264,225,190,153,104,80,76,0,0
2025,2025-06-08,Northbound,All Vehicles,53,37,30,32,20,29,72,113,187,306,331,377,363,293,286,305,296,275,236,195,157,107,82,76,0,0
2025,2025-06-10,Northbound,Heavy Vehicles,2,6,1,1,4,8,25,27,34,29,30,30,29,38,34,33,30,26,13,8,3,2,2,1,0,0
2025,2025-06-10,Northbound,Light Vehicles,18,13,15,16,32,99,186,322,646,489,373,384,324,343,377,467,567,492,347,209,138,104,56,39,0,0
2025,2025-06-10,Northbound,All Vehicles,20,19,16,17,36,107,211,349,680,518,403,414,353,381,411,500,597,518,360,217,141,106,58,40,0,0
2025,2025-06-11,Northbound,Heavy Vehicles,,3,3,,2,6,18,20,32,32,25,23,26,28,21,32,24,35,13,10,9,4,2,2,0,0
2025,2025-06-11,Northbound,Light Vehicles,23,13,17,11,36,126,175,364,591,463,382,372,375,350,389,427,538,529,327,209,171,138,69,40,0,0
2025,2025-06-11,Northbound,All Vehicles,23,16,20,11,38,132,193,384,623,495,407,395,401,378,410,459,562,564,340,219,180,142,71,42,0,0
2025,2025-06-12,Northbound,Light Vehicles,29,19,14,15,31,104,187,334,591,438,356,355,356,353,403,487,567,594,424,255,153,107,95,45,0,0
2025,2025-06-12,Northbound,Heavy Vehicles,,3,1,1,6,12,22,23,28,28,32,31,21,26,33,34,26,17,15,14,7,4,3,,0,0
2025,2025-06-12,Northbound,All Vehicles,29,22,15,16,37,116,209,357,619,466,388,386,377,379,436,521,593,611,439,269,160,111,98,45,0,0
2025,2025-06-13,Northbound,Light Vehicles,29,19,10,13,22,122,213,297,575,403,361,397,356,290,403,519,520,507,348,234,204,148,85,59,0,0
2025,2025-06-13,Northbound,Heavy Vehicles,1,,1,2,3,9,24,19,38,32,37,37,37,35,43,45,30,22,29,16,10,7,8,,0,0
2025,2025-06-13,Northbound,All Vehicles,30,19,11,15,25,131,237,316,613,435,398,434,393,325,446,564,550,529,377,250,214,155,93,59,0,0
2025,2025-06-14,Northbound,Light Vehicles,45,22,25,10,13,54,115,152,262,311,341,384,362,338,319,306,315,342,267,200,156,144,119,103,0,0
2025,2025-06-14,Northbound,Heavy Vehicles,1,1,2,,3,10,8,14,20,27,31,32,33,32,20,13,13,17,19,9,6,3,2,2,0,0
2025,2025-06-14,Northbound,All Vehicles,46,23,27,10,16,64,123,166,282,338,372,416,395,370,339,319,328,359,286,209,162,147,121,105,0,0
2025,2025-06-15,Northbound,Heavy Vehicles,1,1,,,1,,8,3,8,11,9,16,17,14,11,9,13,11,10,2,3,3,4,,0,0
2025,2025-06-15,Northbound,Light Vehicles,74,54,37,28,15,42,77,105,160,258,326,380,370,308,278,308,268,300,207,162,135,96,63,25,0,0
2025,2025-06-15,Northbound,All Vehicles,75,55,37,28,16,42,85,108,168,269,335,396,387,322,289,317,281,311,217,164,138,99,67,25,0,0
2025,2025-06-16,Northbound,Light Vehicles,22,13,17,11,29,110,185,298,621,410,345,380,346,374,360,443,499,454,299,213,128,114,60,36,0,0
2025,2025-06-16,Northbound,Heavy Vehicles,2,1,1,,3,7,14,18,36,32,22,30,28,29,22,39,33,28,16,4,4,1,1,1,0,0
2025,2025-06-16,Northbound,All Vehicles,24,14,18,11,32,117,199,316,657,442,367,410,374,403,382,482,532,482,315,217,132,115,61,37,0,0
2025,2025-06-17,Northbound,Light Vehicles,18,4,12,14,33,110,177,298,653,447,363,347,323,353,380,510,526,502,339,212,149,111,60,43,0,0
2025,2025-06-17,Northbound,Heavy Vehicles,1,2,2,,2,9,23,28,43,47,28,31,37,28,38,34,34,24,13,6,7,6,2,,0,0
2025,2025-06-17,Northbound,All Vehicles,19,6,14,14,35,119,200,326,696,494,391,378,360,381,418,544,560,526,352,218,156,117,62,43,0,0
2025,2025-06-18,Northbound,Heavy Vehicles,1,1,3,,4,7,25,27,34,33,28,30,22,32,31,40,28,17,20,7,9,5,2,2,0,0
2025,2025-06-18,Northbound,Light Vehicles,18,11,11,11,27,111,180,346,587,451,354,337,345,360,400,495,520,533,351,266,150,126,102,47,0,0
2025,2025-06-18,Northbound,All Vehicles,19,12,14,11,31,118,205,373,621,484,382,367,367,392,431,535,548,550,371,273,159,131,104,49,0,0
2025,2025-06-19,Northbound,Light Vehicles,28,16,9,12,31,107,185,332,611,386,356,370,374,356,404,468,567,588,395,254,174,144,65,42,0,0
2025,2025-06-19,Northbound,Heavy Vehicles,1,1,,,6,9,24,14,54,34,29,33,28,38,33,38,27,27,16,10,5,6,2,1,0,0
2025,2025-06-19,Northbound,All Vehicles,29,17,9,12,37,116,209,346,665,420,385,403,402,394,437,506,594,615,411,264,179,150,67,43,0,0
2025,2025-06-20,Northbound,Heavy Vehicles,,,3,,4,14,21,23,42,35,24,29,35,31,37,46,28,32,12,12,4,4,2,1,0,0
2025,2025-06-20,Northbound,Light Vehicles,23,14,15,7,34,123,190,334,587,449,378,391,396,354,419,487,547,496,348,248,183,167,115,79,0,0
2025,2025-06-20,Northbound,All Vehicles,23,14,18,7,38,137,211,357,629,484,402,420,431,385,456,533,575,528,360,260,187,171,117,80,0,0
2025,2025-06-21,Northbound,Heavy Vehicles,,,,3,1,5,7,10,12,14,26,28,13,21,18,18,12,13,15,5,11,2,3,,0,0
2025,2025-06-21,Northbound,Light Vehicles,46,28,24,27,22,36,110,167,261,328,376,404,348,350,319,268,298,304,280,198,166,137,124,86,0,0
2025,2025-06-21,Northbound,All Vehicles,46,28,24,30,23,41,117,177,273,342,402,432,361,371,337,286,310,317,295,203,177,139,127,86,0,0
2025,2025-06-22,Northbound,Light Vehicles,60,31,35,19,16,37,86,129,178,262,301,386,321,321,295,278,287,311,208,165,126,97,54,40,0,0
2025,2025-06-22,Northbound,Heavy Vehicles,,2,,,2,1,1,2,12,6,15,19,20,16,24,8,7,11,3,6,4,7,1,3,0,0
2025,2025-06-22,Northbound,All Vehicles,60,33,35,19,18,38,87,131,190,268,316,405,341,337,319,286,294,322,211,171,130,104,55,43,0,0
2025,2025-06-23,Northbound,Light Vehicles,31,13,11,11,33,100,166,316,598,399,367,326,300,368,380,491,548,500,338,238,174,106,71,38,0,0
2025,2025-06-23,Northbound,Heavy Vehicles,1,1,2,2,5,8,18,35,45,33,42,31,32,20,31,33,24,12,15,8,6,4,,,0,0
2025,2025-06-23,Northbound,All Vehicles,32,14,13,13,38,108,184,351,643,432,409,357,332,388,411,524,572,512,353,246,180,110,71,38,0,0
2025,2025-06-24,Northbound,Heavy Vehicles,,1,1,1,2,7,17,25,41,46,39,31,22,32,36,32,30,23,23,9,15,8,6,7,0,0
2025,2025-06-24,Northbound,Light Vehicles,18,16,10,13,31,103,178,312,636,439,411,370,358,377,377,485,480,496,365,236,164,145,76,49,0,0
2025,2025-06-24,Northbound,All Vehicles,18,17,11,14,33,110,195,337,677,485,450,401,380,409,413,517,510,519,388,245,179,153,82,56,0,0
2025,2025-06-25,Northbound,Light Vehicles,21,17,12,13,37,98,168,297,506,453,318,336,361,315,368,456,505,502,317,239,151,131,85,51,0,0
2025,2025-06-25,Northbound,Heavy Vehicles,3,2,3,1,5,14,22,36,61,56,43,38,33,33,28,36,38,27,13,9,,3,5,1,0,0
2025,2025-06-25,Northbound,All Vehicles,24,19,15,14,42,112,190,333,567,509,361,374,394,348,396,492,543,529,330,248,151,134,90,52,0,0
2025,2025-06-26,Northbound,Light Vehicles,22,20,17,9,30,102,196,301,588,447,386,369,356,357,404,506,557,542,407,266,153,151,82,44,0,0
2025,2025-06-26,Northbound,Heavy Vehicles,,3,1,,4,8,12,22,41,33,36,38,31,22,31,42,28,32,18,10,6,6,,1,0,0
2025,2025-06-26,Northbound,All Vehicles,22,23,18,9,34,110,208,323,629,480,422,407,387,379,435,548,585,574,425,276,159,157,82,45,0,0
2025,2025-06-27,Northbound,Light Vehicles,28,18,20,14,20,101,163,305,547,410,370,348,437,334,450,464,518,451,364,241,198,145,114,86,0,0
2025,2025-06-27,Northbound,Heavy Vehicles,3,,3,,1,5,19,31,42,33,24,30,25,40,30,29,35,24,17,4,11,5,2,4,0,0
2025,2025-06-27,Northbound,All Vehicles,31,18,23,14,21,106,182,336,589,443,394,378,462,374,480,493,553,475,381,245,209,150,116,90,0,0
2025,2025-06-28,Northbound,Heavy Vehicles,2,,,1,3,8,6,12,12,23,20,18,22,20,19,17,20,12,14,2,4,1,3,3,0,0
2025,2025-06-28,Northbound,Light Vehicles,46,34,26,18,16,42,101,164,258,355,367,367,352,355,334,279,326,335,254,218,177,143,98,68,0,0
2025,2025-06-28,Northbound,All Vehicles,48,34,26,19,19,50,107,176,270,378,387,385,374,375,353,296,346,347,268,220,181,144,101,71,0,0
2025,2025-06-29,Northbound,Heavy Vehicles,2,,,,1,3,3,5,9,7,14,22,13,12,6,15,14,10,7,3,4,3,,2,0,0
2025,2025-06-29,Northbound,Light Vehicles,60,34,32,15,16,46,74,119,158,235,336,366,346,293,281,250,244,286,207,146,139,94,48,35,0,0
2025,2025-06-29,Northbound,All Vehicles,62,34,32,15,17,49,77,124,167,242,350,388,359,305,287,265,258,296,214,149,143,97,48,37,0,0
2025,2025-06-30,Northbound,Light Vehicles,20,9,14,9,30,95,159,297,561,422,342,340,365,347,370,447,518,440,301,194,129,116,58,38,0,0
2025,2025-06-30,Northbound,Heavy Vehicles,,1,2,4,3,10,15,26,32,33,32,36,33,32,26,37,27,17,23,5,4,3,1,,0,0
2025,2025-06-30,Northbound,All Vehicles,20,10,16,13,33,105,174,323,593,455,374,376,398,379,396,484,545,457,324,199,133,119,59,38,0,0
2025,2025-07-01,Northbound,Light Vehicles,24,11,13,15,32,84,175,308,562,392,346,337,313,283,363,413,484,380,259,179,117,82,50,36,0,0
2025,2025-07-01,Northbound,Heavy Vehicles,,2,1,1,,12,20,21,38,26,25,40,27,24,40,27,27,19,8,3,8,1,1,,0,0
2025,2025-07-01,Northbound,All Vehicles,24,13,14,16,32,96,195,329,600,418,371,377,340,307,403,440,511,399,267,182,125,83,51,36,0,0
2025,2025-07-03,Northbound,Heavy Vehicles,,1,2,1,5,5,15,22,40,31,27,37,30,26,29,43,18,26,17,15,9,2,2,,0,0
2025,2025-07-03,Northbound,Light Vehicles,19,16,13,15,33,90,162,281,567,442,341,407,391,376,348,481,522,530,386,240,158,141,85,37,0,0
2025,2025-07-03,Northbound,All Vehicles,19,17,15,16,38,95,177,303,607,473,368,444,421,402,377,524,540,556,403,255,167,143,87,37,0,0
2025,2025-07-04,Northbound,Heavy Vehicles,1,1,3,2,3,7,20,26,38,35,30,26,38,31,34,41,25,25,14,9,8,5,2,2,0,0
2025,2025-07-04,Northbound,Light Vehicles,26,16,11,15,29,89,166,294,564,423,381,388,402,353,414,453,499,487,372,221,171,167,114,72,0,0
2025,2025-07-04,Northbound,All Vehicles,27,17,14,17,32,96,186,320,602,458,411,414,440,384,448,494,524,512,386,230,179,172,116,74,0,0
2025,2025-07-05,Northbound,Light Vehicles,58,33,21,19,18,44,77,150,235,334,363,428,308,303,329,295,277,320,265,191,144,115,94,64,0,0
2025,2025-07-05,Northbound,Heavy Vehicles,3,2,1,1,,5,5,13,12,9,21,23,19,16,24,15,19,18,15,6,5,5,4,1,0,0
2025,2025-07-05,Northbound,All Vehicles,61,35,22,20,18,49,82,163,247,343,384,451,327,319,353,310,296,338,280,197,149,120,98,65,0,0
2025,2025-07-06,Northbound,Heavy Vehicles,1,2,,,1,,6,5,8,12,19,14,27,13,19,15,14,12,10,3,2,1,3,1,0,0
2025,2025-07-06,Northbound,Light Vehicles,50,36,40,23,14,40,64,108,164,242,298,371,319,274,274,249,253,263,203,142,124,74,46,33,0,0
2025,2025-07-06,Northbound,All Vehicles,51,38,40,23,15,40,70,113,172,254,317,385,346,287,293,264,267,275,213,145,126,75,49,34,0,0
2025,2025-07-07,Northbound,Light Vehicles,18,8,15,15,26,103,164,306,475,397,353,377,363,352,307,376,453,427,282,190,126,124,68,39,0,0
2025,2025-07-07,Northbound,Heavy Vehicles,,2,2,,3,6,17,26,34,39,32,31,25,25,26,25,27,22,16,10,4,6,4,2,0,0
2025,2025-07-07,Northbound,All Vehicles,18,10,17,15,29,109,181,332,509,436,385,408,388,377,333,401,480,449,298,200,130,130,72,41,0,0
2025,2025-07-08,Northbound,Light Vehicles,21,13,15,11,20,99,167,326,489,393,380,339,356,328,364,399,471,481,348,222,131,111,80,45,0,0
2025,2025-07-08,Northbound,Heavy Vehicles,,1,1,,1,8,26,22,30,32,27,35,41,36,23,31,19,22,15,6,3,4,1,,0,0
2025,2025-07-08,Northbound,All Vehicles,21,14,16,11,21,107,193,348,519,425,407,374,397,364,387,430,490,503,363,228,134,115,81,45,0,0
2025,2025-07-09,Northbound,Heavy Vehicles,,,3,1,3,7,26,22,42,37,24,28,33,30,24,34,28,24,14,3,1,7,4,6,0,0
2025,2025-07-09,Northbound,Light Vehicles,17,13,17,11,20,103,189,317,476,398,406,350,381,329,385,409,502,466,346,226,129,117,107,63,0,0
2025,2025-07-09,Northbound,All Vehicles,17,13,20,12,23,110,215,339,518,435,430,378,414,359,409,443,530,490,360,229,130,124,111,69,0,0
2025,2025-07-10,Northbound,Light Vehicles,34,23,16,14,22,97,164,266,515,419,376,383,347,392,389,389,512,497,372,252,133,150,80,37,0,0
2025,2025-07-10,Northbound,Heavy Vehicles,7,,2,3,4,5,18,17,25,30,34,33,23,26,23,29,26,20,18,11,6,6,,5,0,0
2025,2025-07-10,Northbound,All Vehicles,41,23,18,17,26,102,182,283,540,449,410,416,370,418,412,418,538,517,390,263,139,156,80,42,0,0
2025,2025-07-11,Northbound,Light Vehicles,20,18,18,15,20,87,169,285,442,448,368,370,394,367,423,360,466,459,339,203,132,121,93,74,0,0
2025,2025-07-11,Northbound,Heavy Vehicles,,7,1,2,1,8,21,17,32,28,25,37,29,36,36,27,31,26,9,7,5,5,2,,0,0
2025,2025-07-11,Northbound,All Vehicles,20,25,19,17,21,95,190,302,474,476,393,407,423,403,459,387,497,485,348,210,137,126,95,74,0,0
2025,2025-07-12,Northbound,Heavy Vehicles,1,2,,1,2,2,4,7,11,18,22,13,16,16,16,16,9,14,7,4,5,4,,9,0,0
2025,2025-07-12,Northbound,Light Vehicles,50,26,21,20,15,59,92,154,225,299,347,337,339,316,273,268,271,328,268,191,166,124,98,76,0,0
2025,2025-07-12,Northbound,All Vehicles,51,28,21,21,17,61,96,161,236,317,369,350,355,332,289,284,280,342,275,195,171,128,98,85,0,0
2025,2025-07-13,Northbound,Light Vehicles,54,45,29,21,25,40,77,123,167,225,281,354,299,289,292,244,265,277,190,154,120,85,52,33,0,0
2025,2025-07-13,Northbound,Heavy Vehicles,1,1,,1,,2,4,3,7,14,17,16,14,17,8,9,14,7,6,6,4,3,2,1,0,0
2025,2025-07-13,Northbound,All Vehicles,55,46,29,22,25,42,81,126,174,239,298,370,313,306,300,253,279,284,196,160,124,88,54,34,0,0
2025,2025-07-14,Northbound,Heavy Vehicles,1,,,1,3,8,19,22,33,25,29,34,18,25,29,26,24,20,10,8,9,5,3,2,0,0
2025,2025-07-14,Northbound,Light Vehicles,23,17,15,10,25,96,157,288,457,357,307,327,331,336,339,454,522,454,287,183,107,104,58,39,0,0
2025,2025-07-14,Northbound,All Vehicles,24,17,15,11,28,104,176,310,490,382,336,361,349,361,368,480,546,474,297,191,116,109,61,41,0,0
2025,2025-07-15,Northbound,Heavy Vehicles,3,,1,,,8,20,14,30,35,25,29,27,33,27,22,28,25,12,7,7,4,1,3,0,0
2025,2025-07-15,Northbound,Light Vehicles,20,12,8,14,25,105,177,296,461,365,402,389,359,321,373,390,527,479,308,191,129,126,74,35,0,0
2025,2025-07-15,Northbound,All Vehicles,23,12,9,14,25,113,197,310,491,400,427,418,386,354,400,412,555,504,320,198,136,130,75,38,0,0
2025,2025-07-16,Northbound,Light Vehicles,42,12,10,18,25,103,178,301,448,379,368,388,375,333,349,421,572,541,366,200,151,120,72,51,0,0
2025,2025-07-16,Northbound,Heavy Vehicles,1,,2,1,3,8,17,28,33,34,28,31,29,22,22,33,28,20,13,8,1,3,4,,0,0
2025,2025-07-16,Northbound,All Vehicles,43,12,12,19,28,111,195,329,481,413,396,419,404,355,371,454,600,561,379,208,152,123,76,51,0,0
2025,2025-07-17,Northbound,Light Vehicles,24,19,12,16,25,112,173,263,473,387,353,386,412,342,372,389,494,531,349,242,140,155,86,42,0,0
2025,2025-07-17,Northbound,Heavy Vehicles,4,3,3,1,5,5,17,16,32,34,34,35,34,28,27,30,35,34,21,11,5,5,4,,0,0
2025,2025-07-17,Northbound,All Vehicles,28,22,15,17,30,117,190,279,505,421,387,421,446,370,399,419,529,565,370,253,145,160,90,42,0,0
2025,2025-07-18,Northbound,Heavy Vehicles,1,3,3,1,2,6,17,27,32,32,30,36,30,36,25,28,25,22,15,6,8,6,2,,0,0
2025,2025-07-18,Northbound,Light Vehicles,32,19,8,16,27,112,163,282,436,412,375,386,408,370,353,431,463,447,334,207,182,144,89,82,0,0
2025,2025-07-18,Northbound,All Vehicles,33,22,11,17,29,118,180,309,468,444,405,422,438,406,378,459,488,469,349,213,190,150,91,82,0,0
2025,2025-07-19,Northbound,Heavy Vehicles,1,,1,,2,2,9,8,18,18,19,20,30,15,22,14,17,20,8,8,7,6,,2,0,0
2025,2025-07-19,Northbound,Light Vehicles,44,29,24,25,22,52,95,141,244,281,333,380,374,335,284,246,240,347,246,200,148,139,117,79,0,0
2025,2025-07-19,Northbound,All Vehicles,45,29,25,25,24,54,104,149,262,299,352,400,404,350,306,260,257,367,254,208,155,145,117,81,0,0
2025,2025-07-20,Northbound,Heavy Vehicles,2,1,,,1,1,1,5,5,13,18,17,18,19,12,9,8,10,7,2,6,3,3,1,0,0
2025,2025-07-20,Northbound,Light Vehicles,52,33,34,21,21,33,81,97,175,263,289,388,322,291,237,263,270,293,221,180,124,94,76,38,0,0
2025,2025-07-20,Northbound,All Vehicles,54,34,34,21,22,34,82,102,180,276,307,405,340,310,249,272,278,303,228,182,130,97,79,39,0,0
2025,2025-07-21,Northbound,Light Vehicles,29,13,10,10,26,107,177,302,506,395,314,359,354,332,345,460,499,432,313,198,102,100,68,34,0,0
2025,2025-07-21,Northbound,Heavy Vehicles,,2,2,1,2,11,16,21,36,24,33,23,24,18,26,29,27,18,19,8,4,1,2,,0,0
2025,2025-07-21,Northbound,All Vehicles,29,15,12,11,28,118,193,323,542,419,347,382,378,350,371,489,526,450,332,206,106,101,70,34,0,0
2025,2025-07-22,Northbound,Heavy Vehicles,1,1,3,,4,7,17,29,34,31,30,36,26,24,27,30,30,23,10,10,9,6,1,,0,0
2025,2025-07-22,Northbound,Light Vehicles,15,10,15,9,26,100,194,329,601,457,359,345,337,333,383,492,518,507,329,194,126,105,74,43,0,0
2025,2025-07-22,Northbound,All Vehicles,16,11,18,9,30,107,211,358,635,488,389,381,363,357,410,522,548,530,339,204,135,111,75,43,0,0
2025,2025-07-23,Northbound,Heavy Vehicles,,1,2,,5,3,16,25,36,33,28,26,18,19,30,42,37,24,14,8,8,2,4,1,0,0
2025,2025-07-23,Northbound,Light Vehicles,22,9,11,17,34,108,201,329,609,494,356,355,355,333,390,448,526,474,354,225,149,126,82,46,0,0
2025,2025-07-23,Northbound,All Vehicles,22,10,13,17,39,111,217,354,645,527,384,381,373,352,420,490,563,498,368,233,157,128,86,47,0,0
2025,2025-07-24,Northbound,Heavy Vehicles,,1,4,,4,11,22,34,55,34,32,30,27,30,27,34,22,23,23,10,5,2,3,1,0,0
2025,2025-07-24,Northbound,Light Vehicles,25,22,8,11,36,111,188,316,623,469,356,353,353,369,392,437,529,523,387,250,151,130,87,56,0,0
2025,2025-07-24,Northbound,All Vehicles,25,23,12,11,40,122,210,350,678,503,388,383,380,399,419,471,551,546,410,260,156,132,90,57,0,0
2025,2025-07-25,Northbound,Light Vehicles,24,20,20,10,32,102,210,297,585,461,372,407,373,337,438,484,513,478,373,227,175,167,133,97,0,0
2025,2025-07-25,Northbound,Heavy Vehicles,1,1,3,,3,6,17,35,39,39,38,49,24,37,39,28,42,26,14,7,6,,3,4,0,0
2025,2025-07-25,Northbound,All Vehicles,25,21,23,10,35,108,227,332,624,500,410,456,397,374,477,512,555,504,387,234,181,167,136,101,0,0
2025,2025-07-26,Northbound,Heavy Vehicles,1,,1,,1,3,9,7,19,13,27,15,18,18,11,9,15,16,9,4,4,6,3,3,0,0
2025,2025-07-26,Northbound,Light Vehicles,43,31,16,22,16,62,91,162,229,314,361,342,345,340,302,277,258,348,282,192,167,153,139,86,0,0
2025,2025-07-26,Northbound,All Vehicles,44,31,17,22,17,65,100,169,248,327,388,357,363,358,313,286,273,364,291,196,171,159,142,89,0,0
2025,2025-07-27,Northbound,Light Vehicles,74,37,37,24,25,45,69,116,181,250,280,379,302,306,277,295,265,304,232,161,106,101,69,35,0,0
2025,2025-07-27,Northbound,Heavy Vehicles,1,,,,,1,4,5,15,12,16,12,13,18,16,9,14,11,7,4,4,5,,1,0,0
2025,2025-07-27,Northbound,All Vehicles,75,37,37,24,25,46,73,121,196,262,296,391,315,324,293,304,279,315,239,165,110,106,69,36,0,0
2025,2025-07-28,Northbound,Light Vehicles,18,13,15,13,30,114,192,303,601,420,339,356,353,332,387,463,558,421,337,187,140,89,70,41,0,0
2025,2025-07-28,Northbound,Heavy Vehicles,2,2,,1,2,5,18,31,37,41,28,26,25,34,28,39,22,25,17,9,10,1,1,,0,0
2025,2025-07-28,Northbound,All Vehicles,20,15,15,14,32,119,210,334,638,461,367,382,378,366,415,502,580,446,354,196,150,90,71,41,0,0
2025,2025-07-29,Northbound,Heavy Vehicles,,4,1,,2,7,32,33,49,32,30,35,29,14,34,31,24,25,10,12,7,2,3,,0,0
2025,2025-07-29,Northbound,Light Vehicles,20,18,13,16,26,86,179,322,604,420,365,374,365,326,395,459,571,478,396,215,149,104,61,46,0,0
2025,2025-07-29,Northbound,All Vehicles,20,22,14,16,28,93,211,355,653,452,395,409,394,340,429,490,595,503,406,227,156,106,64,46,0,0
2025,2025-07-30,Northbound,Heavy Vehicles,1,2,3,1,4,6,13,26,30,38,26,25,28,20,35,41,31,31,11,5,5,4,1,,0,0
2025,2025-07-30,Northbound,Light Vehicles,20,11,9,12,30,104,182,343,619,427,384,358,368,342,395,467,502,475,318,222,147,136,88,47,0,0
2025,2025-07-30,Northbound,All Vehicles,21,13,12,13,34,110,195,369,649,465,410,383,396,362,430,508,533,506,329,227,152,140,89,47,0,0
2025,2025-07-31,Northbound,Light Vehicles,22,16,13,11,24,101,169,297,587,441,388,359,365,345,405,485,541,532,403,229,181,129,88,63,0,0
2025,2025-07-31,Northbound,Heavy Vehicles,1,2,,1,6,5,9,38,40,30,16,27,27,27,35,38,29,19,18,13,8,3,,,0,0
2025,2025-07-31,Northbound,All Vehicles,23,18,13,12,30,106,178,335,627,471,404,386,392,372,440,523,570,551,421,242,189,132,88,63,0,0
2025,2025-08-01,Northbound,Heavy Vehicles,,,3,2,1,6,13,29,44,31,39,36,26,31,20,27,24,16,13,9,10,6,3,3,0,0
2025,2025-08-01,Northbound,Light Vehicles,26,21,13,8,31,107,195,298,544,398,357,397,400,356,402,491,521,474,385,256,216,172,133,88,0,0
2025,2025-08-01,Northbound,All Vehicles,26,21,16,10,32,113,208,327,588,429,396,433,426,387,422,518,545,490,398,265,226,178,136,91,0,0
2025,2025-08-02,Northbound,Heavy Vehicles,1,1,1,2,,4,5,6,18,21,18,19,21,14,11,20,9,11,6,9,6,3,3,3,0,0
2025,2025-08-02,Northbound,Light Vehicles,59,21,22,23,17,41,84,129,207,307,326,349,320,333,286,291,282,303,228,208,148,139,127,80,0,0
2025,2025-08-02,Northbound,All Vehicles,60,22,23,25,17,45,89,135,225,328,344,368,341,347,297,311,291,314,234,217,154,142,130,83,0,0
2025,2025-08-03,Northbound,Heavy Vehicles,,,,4,,1,3,1,8,12,10,28,14,15,12,10,7,6,5,5,2,2,,1,0,0
2025,2025-08-03,Northbound,Light Vehicles,51,50,35,32,16,33,71,107,151,291,309,346,354,298,259,275,246,254,224,196,146,99,66,38,0,0
2025,2025-08-03,Northbound,All Vehicles,51,50,35,36,16,34,74,108,159,303,319,374,368,313,271,285,253,260,229,201,148,101,66,39,0,0
2025,2025-08-04,Northbound,Heavy Vehicles,1,2,,,5,6,11,30,45,34,34,27,29,31,30,39,28,21,13,6,5,5,1,,0,0
2025,2025-08-04,Northbound,Light Vehicles,26,14,11,13,29,102,193,315,595,409,336,342,369,356,376,487,517,447,338,223,144,95,71,32,0,0
2025,2025-08-04,Northbound,All Vehicles,27,16,11,13,34,108,204,345,640,443,370,369,398,387,406,526,545,468,351,229,149,100,72,32,0,0
2025,2025-08-05,Northbound,Heavy Vehicles,,2,3,,1,7,20,32,37,30,20,33,30,31,23,41,20,19,15,11,6,6,2,1,0,0
2025,2025-08-05,Northbound,Light Vehicles,27,13,12,12,28,101,194,343,577,466,387,370,341,345,370,483,539,474,367,226,144,131,64,38,0,0
2025,2025-08-05,Northbound,All Vehicles,27,15,15,12,29,108,214,375,614,496,407,403,371,376,393,524,559,493,382,237,150,137,66,39,0,0
2025,2025-08-06,Northbound,Heavy Vehicles,1,1,2,,2,6,14,35,36,37,30,35,37,24,39,30,34,24,14,8,5,3,1,2,0,0
2025,2025-08-06,Northbound,Light Vehicles,26,14,13,19,28,109,204,336,592,449,361,368,360,326,360,461,524,515,388,258,167,148,70,53,0,0
2025,2025-08-06,Northbound,All Vehicles,27,15,15,19,30,115,218,371,628,486,391,403,397,350,399,491,558,539,402,266,172,151,71,55,0,0
2025,2025-08-07,Northbound,Light Vehicles,33,24,15,10,26,117,182,336,650,421,383,381,387,339,375,462,631,542,398,280,162,124,92,41,0,0
2025,2025-08-07,Northbound,Heavy Vehicles,,2,1,,4,8,16,26,40,13,22,37,23,32,32,37,49,36,23,10,5,4,1,3,0,0
2025,2025-08-07,Northbound,All Vehicles,33,26,16,10,30,125,198,362,690,434,405,418,410,371,407,499,680,578,421,290,167,128,93,44,0,0
2025,2025-08-08,Northbound,Heavy Vehicles,,2,3,2,1,7,19,29,40,27,33,35,31,29,25,32,31,24,18,12,10,6,5,2,0,0
2025,2025-08-08,Northbound,Light Vehicles,29,14,15,14,22,114,187,332,590,418,400,390,396,344,430,497,527,467,347,253,167,155,103,76,0,0
2025,2025-08-08,Northbound,All Vehicles,29,16,18,16,23,121,206,361,630,445,433,425,427,373,455,529,558,491,365,265,177,161,108,78,0,0
2025,2025-08-09,Northbound,Light Vehicles,48,30,37,19,20,44,116,160,238,346,383,367,373,317,296,278,281,297,293,208,141,144,107,94,0,0
2025,2025-08-09,Northbound,Heavy Vehicles,1,1,4,,1,1,11,5,11,26,24,18,24,21,22,18,6,10,11,4,8,1,2,3,0,0
2025,2025-08-09,Northbound,All Vehicles,49,31,41,19,21,45,127,165,249,372,407,385,397,338,318,296,287,307,304,212,149,145,109,97,0,0
2025,2025-08-10,Northbound,Light Vehicles,51,46,38,28,16,43,77,110,172,267,347,375,351,299,274,299,277,270,231,167,134,111,67,50,0,0
2025,2025-08-10,Northbound,Heavy Vehicles,3,1,,,1,1,3,1,10,15,11,21,14,15,19,9,12,9,5,5,3,6,1,1,0,0
2025,2025-08-10,Northbound,All Vehicles,54,47,38,28,17,44,80,111,182,282,358,396,365,314,293,308,289,279,236,172,137,117,68,51,0,0
2025,2025-08-11,Northbound,Light Vehicles,13,14,12,12,35,114,197,327,555,455,340,334,395,352,395,424,517,499,319,208,153,162,90,46,0,0
2025,2025-08-11,Northbound,Heavy Vehicles,1,,1,1,2,8,22,26,42,40,27,25,27,24,34,37,40,23,16,4,6,6,2,,0,0
2025,2025-08-11,Northbound,All Vehicles,14,14,13,13,37,122,219,353,597,495,367,359,422,376,429,461,557,522,335,212,159,168,92,46,0,0
2025,2025-08-12,Northbound,Heavy Vehicles,2,3,1,,2,11,19,30,38,34,26,36,26,25,25,50,38,16,11,8,6,3,,1,0,0
2025,2025-08-12,Northbound,Light Vehicles,26,12,19,15,29,102,203,329,672,455,375,352,357,359,387,443,520,526,356,229,143,127,81,39,0,0
2025,2025-08-12,Northbound,All Vehicles,28,15,20,15,31,113,222,359,710,489,401,388,383,384,412,493,558,542,367,237,149,130,81,40,0,0
2025,2025-08-13,Northbound,Heavy Vehicles,,1,6,,3,5,17,29,36,35,21,27,36,26,31,34,28,21,15,7,,2,3,,0,0
2025,2025-08-13,Northbound,Light Vehicles,22,14,16,11,31,101,199,309,605,472,387,368,377,336,359,460,570,546,349,233,15,108,74,38,0,0
2025,2025-08-13,Northbound,All Vehicles,22,15,22,11,34,106,216,338,641,507,408,395,413,362,390,494,598,567,364,240,15,110,77,38,0,0
2025,2025-08-14,Northbound,Heavy Vehicles,,,1,,4,7,16,24,51,37,26,32,28,26,25,32,20,23,18,6,7,3,2,,0,0
2025,2025-08-14,Northbound,Light Vehicles,22,16,15,10,32,91,209,354,630,428,371,396,381,366,395,451,540,550,368,272,189,142,78,48,0,0
2025,2025-08-14,Northbound,All Vehicles,22,16,16,10,36,98,225,378,681,465,397,428,409,392,420,483,560,573,386,278,196,145,80,48,0,0
2025,2025-08-15,Northbound,Heavy Vehicles,1,1,5,,2,8,16,30,43,32,30,39,29,29,25,36,18,24,12,14,8,8,4,,0,0
2025,2025-08-15,Northbound,Light Vehicles,28,20,14,8,31,102,212,305,571,445,395,393,348,359,424,457,486,465,362,235,198,167,102,88,0,0
2025,2025-08-15,Northbound,All Vehicles,29,21,19,8,33,110,228,335,614,477,425,432,377,388,449,493,504,489,374,249,206,175,106,88,0,0
2025,2025-08-16,Northbound,Light Vehicles,55,31,32,19,13,48,98,161,224,308,338,334,360,349,288,281,296,313,292,185,142,159,111,71,0,0
2025,2025-08-16,Northbound,Heavy Vehicles,,1,1,,1,3,9,9,14,22,16,26,21,17,14,17,22,8,11,3,5,5,2,2,0,0
2025,2025-08-16,Northbound,All Vehicles,55,32,33,19,14,51,107,170,238,330,354,360,381,366,302,298,318,321,303,188,147,164,113,73,0,0
2025,2025-08-17,Northbound,Light Vehicles,63,39,46,34,19,44,76,124,169,289,342,347,347,320,303,271,253,264,202,174,107,110,61,42,0,0
2025,2025-08-17,Northbound,Heavy Vehicles,3,1,,2,,,2,7,13,8,13,8,10,13,16,13,15,13,10,6,1,3,1,2,0,0
2025,2025-08-17,Northbound,All Vehicles,66,40,46,36,19,44,78,131,182,297,355,355,357,333,319,284,268,277,212,180,108,113,62,44,0,0
2025,2025-08-18,Northbound,Light Vehicles,21,16,6,11,26,99,199,337,603,413,338,330,346,339,414,441,510,438,317,179,130,108,48,44,0,0
2025,2025-08-18,Northbound,Heavy Vehicles,,1,4,,8,7,18,24,36,45,27,28,32,23,29,42,27,16,16,3,3,1,2,1,0,0
2025,2025-08-18,Northbound,All Vehicles,21,17,10,11,34,106,217,361,639,458,365,358,378,362,443,483,537,454,333,182,133,109,50,45,0,0
2025,2025-08-19,Northbound,Light Vehicles,16,17,12,12,22,92,186,358,632,505,364,361,362,335,372,486,560,483,363,215,144,130,58,47,0,0
2025,2025-08-19,Northbound,Heavy Vehicles,1,2,1,1,2,7,16,22,43,45,23,25,25,20,29,41,24,13,14,6,6,3,1,1,0,0
2025,2025-08-19,Northbound,All Vehicles,17,19,13,13,24,99,202,380,675,550,387,386,387,355,401,527,584,496,377,221,150,133,59,48,0,0
2025,2025-08-20,Northbound,Light Vehicles,25,11,11,15,26,85,181,362,666,478,386,345,391,342,424,468,516,564,334,229,158,110,80,59,0,0
2025,2025-08-20,Northbound,Heavy Vehicles,,2,3,,3,6,18,30,44,34,22,27,35,26,28,38,31,28,9,5,4,7,2,2,0,0
2025,2025-08-20,Northbound,All Vehicles,25,13,14,15,29,91,199,392,710,512,408,372,426,368,452,506,547,592,343,234,162,117,82,61,0,0
2025,2025-08-21,Northbound,Heavy Vehicles,1,,2,,4,6,17,20,48,26,28,32,26,17,25,36,28,28,18,14,5,6,1,1,0,0
2025,2025-08-21,Northbound,Light Vehicles,23,12,14,13,23,90,176,335,590,453,383,336,343,313,395,518,512,496,324,249,149,124,93,46,0,0
2025,2025-08-21,Northbound,All Vehicles,24,12,16,13,27,96,193,355,638,479,411,368,369,330,420,554,540,524,342,263,154,130,94,47,0,0
2025,2025-08-22,Northbound,Light Vehicles,26,26,17,10,38,94,189,331,575,437,379,408,404,370,394,476,546,494,372,232,193,140,105,73,0,0
2025,2025-08-22,Northbound,Heavy Vehicles,1,1,1,1,,2,13,27,39,27,28,33,29,23,35,36,26,16,8,3,5,,2,2,0,0
2025,2025-08-22,Northbound,All Vehicles,27,27,18,11,38,96,202,358,614,464,407,441,433,393,429,512,572,510,380,235,198,140,107,75,0,0
2025,2025-08-23,Northbound,Light Vehicles,52,33,29,17,21,37,97,150,254,348,380,360,372,340,303,279,259,287,255,240,172,144,105,62,0,0
2025,2025-08-23,Northbound,Heavy Vehicles,1,2,,1,3,1,7,10,12,24,24,24,18,17,24,16,18,9,10,10,8,4,1,4,0,0
2025,2025-08-23,Northbound,All Vehicles,53,35,29,18,24,38,104,160,266,372,404,384,390,357,327,295,277,296,265,250,180,148,106,66,0,0
2025,2025-08-24,Northbound,Light Vehicles,67,39,33,28,25,40,70,118,199,251,308,352,316,291,277,285,291,276,215,167,116,112,62,29,0,0
2025,2025-08-24,Northbound,Heavy Vehicles,,1,2,,,1,8,2,15,13,13,18,12,18,19,12,8,12,10,6,4,2,,,0,0
2025,2025-08-24,Northbound,All Vehicles,67,40,35,28,25,41,78,120,214,264,321,370,328,309,296,297,299,288,225,173,120,114,62,29,0,0
2025,2025-08-25,Northbound,Heavy Vehicles,1,1,1,3,3,2,22,27,40,32,27,18,24,27,32,35,18,18,12,2,1,6,3,,0,0
2025,2025-08-25,Northbound,Light Vehicles,26,15,7,11,32,93,192,345,618,377,342,335,352,371,373,479,538,462,324,221,151,100,73,30,0,0
2025,2025-08-25,Northbound,All Vehicles,27,16,8,14,35,95,214,372,658,409,369,353,376,398,405,514,556,480,336,223,152,106,76,30,0,0
2025,2025-08-26,Northbound,Light Vehicles,23,12,13,11,31,99,217,351,604,521,381,384,374,339,407,474,615,512,356,239,168,94,67,46,0,0
2025,2025-08-26,Northbound,Heavy Vehicles,2,1,,2,2,10,21,26,40,33,29,36,21,33,33,38,16,23,14,10,9,4,1,1,0,0
2025,2025-08-26,Northbound,All Vehicles,25,13,13,13,33,109,238,377,644,554,410,420,395,372,440,512,631,535,370,249,177,98,68,47,0,0
2025,2025-08-27,Northbound,Light Vehicles,22,17,17,13,31,121,206,353,629,436,380,374,370,340,414,489,565,527,378,245,173,131,91,49,0,0
2025,2025-08-27,Northbound,Heavy Vehicles,1,,3,1,2,6,25,29,38,33,23,29,30,20,29,36,29,22,14,10,2,1,2,,0,0
2025,2025-08-27,Northbound,All Vehicles,23,17,20,14,33,127,231,382,667,469,403,403,400,360,443,525,594,549,392,255,175,132,93,49,0,0
2025,2025-08-28,Northbound,Heavy Vehicles,,,1,1,4,4,17,20,36,31,30,32,31,28,29,38,30,21,12,10,3,6,,3,0,0
2025,2025-08-28,Northbound,Light Vehicles,27,21,17,16,30,76,192,345,622,462,392,374,398,323,365,492,514,579,400,266,170,149,73,41,0,0
2025,2025-08-28,Northbound,All Vehicles,27,21,18,17,34,80,209,365,658,493,422,406,429,351,394,530,544,600,412,276,173,155,73,44,0,0
2025,2025-08-29,Northbound,Light Vehicles,22,18,11,9,43,101,201,294,536,441,382,387,371,371,421,448,516,522,362,243,191,142,131,100,0,0
2025,2025-08-29,Northbound,Heavy Vehicles,1,,2,2,2,7,19,24,45,34,31,33,33,25,25,24,37,28,13,7,5,5,3,,0,0
2025,2025-08-29,Northbound,All Vehicles,23,18,13,11,45,108,220,318,581,475,413,420,404,396,446,472,553,550,375,250,196,147,134,100,0,0
2025,2025-08-30,Northbound,Light Vehicles,58,42,24,20,23,43,100,180,256,373,363,351,384,349,299,311,292,338,293,221,174,149,134,100,0,0
2025,2025-08-30,Northbound,Heavy Vehicles,,1,,2,3,1,5,8,21,20,23,23,27,27,17,19,9,12,12,7,4,5,3,1,0,0
2025,2025-08-30,Northbound,All Vehicles,58,43,24,22,26,44,105,188,277,393,386,374,411,376,316,330,301,350,305,228,178,154,137,101,0,0
2025,2025-08-31,Northbound,Light Vehicles,62,47,35,27,24,38,91,124,187,280,320,411,363,278,242,272,294,278,225,171,116,111,70,37,0,0
2025,2025-08-31,Northbound,Heavy Vehicles,2,1,1,1,,2,1,3,12,11,15,16,6,18,11,10,12,15,5,8,4,1,2,,0,0
2025,2025-08-31,Northbound,All Vehicles,64,48,36,28,24,40,92,127,199,291,335,427,369,296,253,282,306,293,230,179,120,112,72,37,0,0
2025,2025-09-01,Northbound,Heavy Vehicles,2,,2,1,3,3,21,30,41,28,38,43,27,17,25,30,23,17,18,7,9,3,,2,0,0
2025,2025-09-01,Northbound,Light Vehicles,28,14,23,11,30,96,189,350,604,396,335,317,352,355,357,476,543,487,317,204,129,90,68,39,0,0
2025,2025-09-01,Northbound,All Vehicles,30,14,25,12,33,99,210,380,645,424,373,360,379,372,382,506,566,504,335,211,138,93,68,41,0,0
2025,2025-09-02,Northbound,Light Vehicles,18,15,14,11,28,110,196,346,627,442,356,355,356,307,372,487,573,527,348,233,142,105,72,38,0,0
2025,2025-09-02,Northbound,Heavy Vehicles,,4,1,2,1,11,18,22,54,33,34,30,33,24,26,44,22,14,20,10,7,1,2,3,0,0
2025,2025-09-02,Northbound,All Vehicles,18,19,15,13,29,121,214,368,681,475,390,385,389,331,398,531,595,541,368,243,149,106,74,41,0,0
2025,2025-09-03,Northbound,Light Vehicles,24,14,10,11,26,111,210,330,601,455,377,338,331,353,391,481,548,545,375,241,174,115,79,47,0,0
2025,2025-09-03,Northbound,Heavy Vehicles,1,3,3,,3,16,22,26,48,39,34,33,22,21,30,38,31,26,19,7,5,4,1,,0,0
2025,2025-09-03,Northbound,All Vehicles,25,17,13,11,29,127,232,356,649,494,411,371,353,374,421,519,579,571,394,248,179,119,80,47,0,0
2025,2025-09-04,Northbound,Heavy Vehicles,1,3,,2,5,10,19,27,44,33,32,27,25,39,34,44,28,17,19,12,4,3,3,3,0,0
2025,2025-09-04,Northbound,Light Vehicles,22,15,21,10,22,119,199,320,598,412,377,346,376,346,362,477,561,526,407,242,178,138,92,65,0,0
2025,2025-09-04,Northbound,All Vehicles,23,18,21,12,27,129,218,347,642,445,409,373,401,385,396,521,589,543,426,254,182,141,95,68,0,0
2025,2025-09-05,Northbound,Light Vehicles,19,12,14,6,35,112,212,357,634,421,383,408,367,371,404,452,495,472,407,226,196,144,123,85,0,0
2025,2025-09-05,Northbound,Heavy Vehicles,,1,1,1,,7,12,31,38,29,31,27,30,37,30,31,26,24,20,9,4,3,2,,0,0
2025,2025-09-05,Northbound,All Vehicles,19,13,15,7,35,119,224,388,672,450,414,435,397,408,434,483,521,496,427,235,200,147,125,85,0,0
2025,2025-09-06,Northbound,Light Vehicles,67,41,17,14,17,58,123,161,278,352,375,358,329,345,342,307,295,328,268,215,180,131,105,72,0,0
2025,2025-09-06,Northbound,Heavy Vehicles,,1,,1,1,5,7,16,14,19,25,23,20,18,14,16,12,19,6,6,11,6,4,,0,0
2025,2025-09-06,Northbound,All Vehicles,67,42,17,15,18,63,130,177,292,371,400,381,349,363,356,323,307,347,274,221,191,137,109,72,0,0
2025,2025-09-07,Northbound,Heavy Vehicles,1,,1,,,,2,3,15,15,9,16,15,8,16,11,11,12,9,6,7,1,,,0,0
2025,2025-09-07,Northbound,Light Vehicles,57,33,23,21,17,43,82,116,202,290,294,358,334,275,275,265,323,296,236,176,139,100,68,33,0,0
2025,2025-09-07,Northbound,All Vehicles,58,33,24,21,17,43,84,119,217,305,303,374,349,283,291,276,334,308,245,182,146,101,68,33,0,0
2025,2025-09-08,Northbound,Light Vehicles,23,12,12,21,34,98,199,357,567,404,350,357,336,336,356,452,541,479,318,207,160,109,63,42,0,0
2025,2025-09-08,Northbound,Heavy Vehicles,1,,,2,1,2,17,33,39,39,29,33,27,27,35,39,23,17,10,8,6,3,2,,0,0
2025,2025-09-08,Northbound,All Vehicles,24,12,12,23,35,100,216,390,606,443,379,390,363,363,391,491,564,496,328,215,166,112,65,42,0,0
2025,2025-09-09,Northbound,Heavy Vehicles,,3,2,,3,9,26,33,38,33,27,29,30,32,37,32,27,28,15,9,7,4,2,2,0,0
2025,2025-09-09,Northbound,Light Vehicles,23,10,8,14,33,112,167,340,615,480,384,353,339,304,365,491,585,552,322,277,182,105,71,44,0,0
2025,2025-09-09,Northbound,All Vehicles,23,13,10,14,36,121,193,373,653,513,411,382,369,336,402,523,612,580,337,286,189,109,73,46,0,0
2025,2025-09-10,Northbound,Heavy Vehicles,,4,1,2,3,3,14,21,38,47,,31,29,21,30,44,28,25,17,14,11,4,,,0,0
2025,2025-09-10,Northbound,Light Vehicles,17,17,13,14,32,108,205,384,614,467,,288,343,319,391,457,558,469,327,251,191,137,56,48,0,0
2025,2025-09-10,Northbound,All Vehicles,17,21,14,16,35,111,219,405,652,514,,319,372,340,421,501,586,494,344,265,202,141,56,48,0,0
2025,2025-09-11,Northbound,Light Vehicles,17,21,13,16,31,95,166,349,667,461,373,383,400,373,373,471,524,494,382,230,165,132,85,56,0,0
2025,2025-09-11,Northbound,Heavy Vehicles,2,1,,2,5,6,20,28,39,33,19,31,21,35,24,38,31,31,17,11,7,2,4,,0,0
2025,2025-09-11,Northbound,All Vehicles,19,22,13,18,36,101,186,377,706,494,392,414,421,408,397,509,555,525,399,241,172,134,89,56,0,0
2025,2025-09-12,Northbound,Heavy Vehicles,3,6,1,3,,7,20,20,45,25,45,32,31,26,34,39,28,23,17,9,6,7,3,,0,0
2025,2025-09-12,Northbound,Light Vehicles,30,28,17,9,29,113,198,312,562,397,379,409,375,357,407,495,520,475,393,238,201,147,102,76,0,0
2025,2025-09-12,Northbound,All Vehicles,33,34,18,12,29,120,218,332,607,422,424,441,406,383,441,534,548,498,410,247,207,154,105,76,0,0
2025,2025-09-13,Northbound,Heavy Vehicles,1,3,,,1,6,6,10,15,18,25,23,20,8,13,14,16,12,11,6,4,7,1,2,0,0
2025,2025-09-13,Northbound,Light Vehicles,42,22,22,22,22,60,103,171,248,322,350,351,354,318,270,276,276,308,282,199,159,142,110,91,0,0
2025,2025-09-13,Northbound,All Vehicles,43,25,22,22,23,66,109,181,263,340,375,374,374,326,283,290,292,320,293,205,163,149,111,93,0,0
2025,2025-09-14,Northbound,Light Vehicles,77,54,39,33,19,47,87,133,188,283,338,365,308,283,262,289,263,246,251,207,134,105,81,32,0,0
2025,2025-09-14,Northbound,Heavy Vehicles,2,,1,1,1,,2,6,15,15,17,15,13,7,9,10,12,12,11,6,4,5,3,3,0,0
2025,2025-09-14,Northbound,All Vehicles,79,54,40,34,20,47,89,139,203,298,355,380,321,290,271,299,275,258,262,213,138,110,84,35,0,0
2025,2025-09-15,Northbound,Light Vehicles,21,20,9,12,28,108,194,350,594,393,381,357,336,335,409,486,454,425,331,238,146,103,71,37,0,0
2025,2025-09-15,Northbound,Heavy Vehicles,,,1,2,4,6,20,23,41,37,38,31,43,28,22,41,34,23,12,16,6,2,2,,0,0
2025,2025-09-15,Northbound,All Vehicles,21,20,10,14,32,114,214,373,635,430,419,388,379,363,431,527,488,448,343,254,152,105,73,37,0,0
2025,2025-09-16,Northbound,Light Vehicles,24,14,12,12,31,115,235,328,637,446,375,337,363,323,379,504,547,503,391,218,158,126,76,37,0,0
2025,2025-09-16,Northbound,Heavy Vehicles,,1,2,1,4,10,15,21,35,36,45,39,37,27,29,38,34,30,12,7,4,3,1,,0,0
2025,2025-09-16,Northbound,All Vehicles,24,15,14,13,35,125,250,349,672,482,420,376,400,350,408,542,581,533,403,225,162,129,77,37,0,0
2025,2025-09-17,Northbound,Heavy Vehicles,1,,1,,3,7,17,24,32,39,29,26,28,31,31,45,25,15,16,7,7,4,1,1,0,0
2025,2025-09-17,Northbound,Light Vehicles,29,9,7,12,28,109,207,376,630,450,360,342,371,318,381,481,582,561,356,236,152,152,63,37,0,0
2025,2025-09-17,Northbound,All Vehicles,30,9,8,12,31,116,224,400,662,489,389,368,399,349,412,526,607,576,372,243,159,156,64,38,0,0
2025,2025-09-18,Northbound,Heavy Vehicles,,,3,2,4,9,19,25,46,33,30,33,26,31,38,27,37,25,22,13,4,4,2,,0,0
2025,2025-09-18,Northbound,Light Vehicles,25,14,9,14,37,119,209,320,610,440,340,367,385,323,370,478,559,562,394,276,176,140,62,45,0,0
2025,2025-09-18,Northbound,All Vehicles,25,14,12,16,41,128,228,345,656,473,370,400,411,354,408,505,596,587,416,289,180,144,64,45,0,0
2025,2025-09-19,Northbound,Light Vehicles,18,17,10,14,24,108,221,334,614,446,387,359,366,368,398,451,519,497,401,235,208,163,114,82,0,0
2025,2025-09-19,Northbound,Heavy Vehicles,,3,2,1,1,2,23,26,48,31,31,21,30,24,32,37,27,27,8,11,8,2,2,1,0,0
2025,2025-09-19,Northbound,All Vehicles,18,20,12,15,25,110,244,360,662,477,418,380,396,392,430,488,546,524,409,246,216,165,116,83,0,0
2025,2025-09-20,Northbound,Heavy Vehicles,1,1,2,2,3,5,10,9,14,17,21,22,16,16,14,15,17,19,15,7,2,3,7,,0,0
2025,2025-09-20,Northbound,Light Vehicles,43,31,22,13,22,70,102,204,248,352,348,336,329,356,294,290,308,334,306,221,176,156,115,99,0,0
2025,2025-09-20,Northbound,All Vehicles,44,32,24,15,25,75,112,213,262,369,369,358,345,372,308,305,325,353,321,228,178,159,122,99,0,0
2025,2025-09-21,Northbound,Heavy Vehicles,2,,1,2,2,3,3,4,11,9,16,13,17,13,17,16,9,12,3,3,6,1,,1,0,0
2025,2025-09-21,Northbound,Light Vehicles,63,35,34,31,21,46,93,118,199,303,336,363,349,291,282,288,270,277,261,160,151,116,70,54,0,0
2025,2025-09-21,Northbound,All Vehicles,65,35,35,33,23,49,96,122,210,312,352,376,366,304,299,304,279,289,264,163,157,117,70,55,0,0
2025,2025-09-22,Northbound,Light Vehicles,24,19,17,15,23,109,189,327,618,405,358,339,369,340,394,435,541,434,285,220,139,88,62,42,0,0
2025,2025-09-22,Northbound,Heavy Vehicles,1,1,1,,3,14,24,25,36,27,23,37,24,20,30,41,27,26,9,11,2,5,,1,0,0
2025,2025-09-22,Northbound,All Vehicles,25,20,18,15,26,123,213,352,654,432,381,376,393,360,424,476,568,460,294,231,141,93,62,43,0,0
2025,2025-09-23,Northbound,Heavy Vehicles,,1,1,1,3,5,20,31,41,41,47,28,20,30,39,42,23,27,9,11,11,1,2,2,0,0
2025,2025-09-23,Northbound,Light Vehicles,21,14,11,10,33,104,193,373,628,459,404,385,425,291,393,483,605,464,320,248,150,112,62,38,0,0
2025,2025-09-23,Northbound,All Vehicles,21,15,12,11,36,109,213,404,669,500,451,413,445,321,432,525,628,491,329,259,161,113,64,40,0,0
2025,2025-09-24,Northbound,Light Vehicles,16,13,9,11,30,114,213,362,588,407,376,352,380,367,377,484,578,501,365,247,157,132,85,53,0,0
2025,2025-09-24,Northbound,Heavy Vehicles,1,,3,1,2,6,20,28,42,28,23,31,20,17,27,37,31,25,12,8,10,2,1,1,0,0
2025,2025-09-24,Northbound,All Vehicles,17,13,12,12,32,120,233,390,630,435,399,383,400,384,404,521,609,526,377,255,167,134,86,54,0,0
2025,2025-09-25,Northbound,Heavy Vehicles,2,1,2,1,3,9,20,33,40,35,32,24,15,26,37,37,31,20,24,10,4,4,2,4,0,0
2025,2025-09-25,Northbound,Light Vehicles,26,16,15,15,33,117,201,339,619,424,374,356,381,326,396,493,566,530,422,276,167,126,71,65,0,0
2025,2025-09-25,Northbound,All Vehicles,28,17,17,16,36,126,221,372,659,459,406,380,396,352,433,530,597,550,446,286,171,130,73,69,0,0
2025,2025-09-26,Northbound,Heavy Vehicles,,1,1,2,3,4,23,22,35,30,29,41,31,28,30,28,37,23,17,13,6,4,,,0,0
2025,2025-09-26,Northbound,Light Vehicles,24,19,17,17,31,103,210,332,564,432,391,393,391,401,405,485,505,479,391,269,194,134,120,58,0,0
2025,2025-09-26,Northbound,All Vehicles,24,20,18,19,34,107,233,354,599,462,420,434,422,429,435,513,542,502,408,282,200,138,120,58,0,0
2025,2025-09-27,Northbound,Heavy Vehicles,,,1,,5,1,8,15,17,22,22,17,22,20,14,8,19,14,12,8,7,2,3,2,0,0
2025,2025-09-27,Northbound,Light Vehicles,49,36,36,16,29,62,132,159,289,326,362,352,336,311,325,266,256,306,283,215,160,155,109,97,0,0
2025,2025-09-27,Northbound,All Vehicles,49,36,37,16,34,63,140,174,306,348,384,369,358,331,339,274,275,320,295,223,167,157,112,99,0,0
2025,2025-09-28,Northbound,Heavy Vehicles,,3,,,,,3,3,8,20,15,15,25,16,14,11,9,13,11,6,3,3,1,,0,0
2025,2025-09-28,Northbound,Light Vehicles,64,41,23,30,22,47,85,133,201,279,296,349,365,291,277,302,245,240,244,168,159,105,59,51,0,0
2025,2025-09-28,Northbound,All Vehicles,64,44,23,30,22,47,88,136,209,299,311,364,390,307,291,313,254,253,255,174,162,108,60,51,0,0
2025,2025-09-29,Northbound,Light Vehicles,25,11,12,15,27,107,178,336,477,364,346,330,351,340,351,407,499,465,316,211,132,97,63,52,0,0
2025,2025-09-29,Northbound,Heavy Vehicles,,1,,3,5,8,13,28,24,30,19,25,32,25,24,23,27,18,17,8,1,1,2,1,0,0
2025,2025-09-29,Northbound,All Vehicles,25,12,12,18,32,115,191,364,501,394,365,355,383,365,375,430,526,483,333,219,133,98,65,53,0,0
2025,2025-09-30,Northbound,Heavy Vehicles,1,5,1,1,3,6,22,22,40,20,32,21,27,28,23,28,31,21,13,11,9,2,3,3,0,0
2025,2025-09-30,Northbound,Light Vehicles,17,17,14,12,24,123,194,350,469,428,395,338,363,363,323,440,543,491,364,261,162,119,64,57,0,0
2025,2025-09-30,Northbound,All Vehicles,18,22,15,13,27,129,216,372,509,448,427,359,390,391,346,468,574,512,377,272,171,121,67,60,0,0
2025,2025-10-01,Northbound,Light Vehicles,22,16,9,7,36,105,208,305,504,397,347,381,354,347,341,439,566,491,365,300,164,146,83,35,0,0
2025,2025-10-01,Northbound,Heavy Vehicles,,,4,1,2,5,24,25,31,27,24,38,33,27,32,36,31,17,24,13,7,3,2,1,0,0
2025,2025-10-01,Northbound,All Vehicles,22,16,13,8,38,110,232,330,535,424,371,419,387,374,373,475,597,508,389,313,171,149,85,36,0,0
2025,2025-10-02,Northbound,Light Vehicles,18,16,7,13,23,126,202,319,534,402,393,363,381,334,357,425,513,503,362,253,184,132,70,53,0,0
2025,2025-10-02,Northbound,Heavy Vehicles,1,,1,,5,9,24,20,35,40,29,23,33,29,28,35,25,21,14,11,5,3,1,,0,0
2025,2025-10-02,Northbound,All Vehicles,19,16,8,13,28,135,226,339,569,442,422,386,414,363,385,460,538,524,376,264,189,135,71,53,0,0
2025,2025-10-03,Northbound,Heavy Vehicles,1,4,1,1,2,8,16,21,36,35,24,30,26,30,23,29,23,27,15,10,3,4,2,1,0,0
2025,2025-10-03,Northbound,Light Vehicles,25,15,14,8,29,109,182,336,442,386,379,365,364,382,411,404,528,454,320,231,182,130,96,59,0,0
2025,2025-10-03,Northbound,All Vehicles,26,19,15,9,31,117,198,357,478,421,403,395,390,412,434,433,551,481,335,241,185,134,98,60,0,0
2025,2025-10-04,Northbound,Heavy Vehicles,2,1,1,1,4,2,7,9,19,26,20,15,14,15,13,14,10,15,7,6,1,4,5,2,0,0
2025,2025-10-04,Northbound,Light Vehicles,41,21,21,19,14,72,101,151,269,305,318,339,304,329,272,260,258,314,234,211,145,115,86,53,0,0
2025,2025-10-04,Northbound,All Vehicles,43,22,22,20,18,74,108,160,288,331,338,354,318,344,285,274,268,329,241,217,146,119,91,55,0,0
2025,2025-10-05,Northbound,Light Vehicles,54,28,,24,22,50,71,106,158,212,277,346,321,276,273,286,279,299,243,193,158,142,131,80,0,0
2025,2025-10-05,Northbound,Heavy Vehicles,1,3,,,6,3,2,7,11,12,10,21,11,15,12,13,8,11,4,8,2,2,3,2,0,0
2025,2025-10-05,Northbound,All Vehicles,55,31,,24,28,53,73,113,169,224,287,367,332,291,285,299,287,310,247,201,160,144,134,82,0,0
2025,2025-10-07,Northbound,Heavy Vehicles,,6,,,4,8,19,26,35,26,22,26,27,30,39,24,20,19,11,7,8,2,1,,0,0
2025,2025-10-07,Northbound,Light Vehicles,23,8,9,8,22,103,183,313,498,394,361,365,338,345,394,371,516,440,350,245,179,117,70,37,0,0
2025,2025-10-07,Northbound,All Vehicles,23,14,9,8,26,111,202,339,533,420,383,391,365,375,433,395,536,459,361,252,187,119,71,37,0,0
2025,2025-10-08,Northbound,Heavy Vehicles,,3,2,2,4,10,19,17,35,32,26,35,33,29,24,39,39,17,16,6,5,7,1,,0,0
2025,2025-10-08,Northbound,Light Vehicles,25,18,13,12,32,107,203,350,515,457,358,361,374,375,364,400,527,500,358,274,175,142,81,56,0,0
2025,2025-10-08,Northbound,All Vehicles,25,21,15,14,36,117,222,367,550,489,384,396,407,404,388,439,566,517,374,280,180,149,82,56,0,0
2025,2025-10-09,Northbound,Light Vehicles,19,15,16,14,30,109,196,296,516,390,417,399,338,341,387,419,563,485,371,271,174,149,95,55,0,0
2025,2025-10-09,Northbound,Heavy Vehicles,1,1,,2,2,7,13,32,34,33,43,27,25,33,32,28,28,19,24,13,7,4,2,1,0,0
2025,2025-10-09,Northbound,All Vehicles,20,16,16,16,32,116,209,328,550,423,460,426,363,374,419,447,591,504,395,284,181,153,97,56,0,0
2025,2025-10-10,Northbound,Light Vehicles,30,22,18,15,32,109,207,282,444,424,403,379,357,337,411,421,507,451,355,264,211,147,103,73,0,0
2025,2025-10-10,Northbound,Heavy Vehicles,,2,1,1,1,6,16,31,36,25,30,41,31,36,31,24,21,17,24,8,9,5,4,1,0,0
2025,2025-10-10,Northbound,All Vehicles,30,24,19,16,33,115,223,313,480,449,433,420,388,373,442,445,528,468,379,272,220,152,107,74,0,0
2025,2025-10-11,Northbound,Heavy Vehicles,,1,,5,2,4,6,8,15,19,25,22,18,15,24,20,20,10,25,12,4,,5,2,0,0
2025,2025-10-11,Northbound,Light Vehicles,59,32,23,20,23,56,127,187,243,338,348,321,319,313,280,290,306,293,282,201,204,157,104,100,0,0
2025,2025-10-11,Northbound,All Vehicles,59,33,23,25,25,60,133,195,258,357,373,343,337,328,304,310,326,303,307,213,208,157,109,102,0,0
2025,2025-10-12,Northbound,Heavy Vehicles,2,3,,,1,1,2,7,17,15,19,18,19,14,7,12,12,16,5,10,3,5,2,,0,0
2025,2025-10-12,Northbound,Light Vehicles,81,65,33,26,26,43,89,152,196,252,317,345,352,308,271,268,272,257,207,189,139,104,76,41,0,0
2025,2025-10-12,Northbound,All Vehicles,83,68,33,26,27,44,91,159,213,267,336,363,371,322,278,280,284,273,212,199,142,109,78,41,0,0
2025,2025-10-13,Northbound,Light Vehicles,25,13,12,10,29,121,181,332,532,416,379,414,373,330,358,443,532,436,344,223,154,92,60,42,0,0
2025,2025-10-13,Northbound,Heavy Vehicles,2,,3,4,3,7,24,33,31,48,26,34,31,36,30,44,39,19,21,8,12,1,2,2,0,0
2025,2025-10-13,Northbound,All Vehicles,27,13,15,14,32,128,205,365,563,464,405,448,404,366,388,487,571,455,365,231,166,93,62,44,0,0
2025,2025-10-14,Northbound,Heavy Vehicles,,4,2,,3,7,28,25,38,45,37,25,31,30,31,46,25,20,17,7,5,1,3,1,0,0
2025,2025-10-14,Northbound,Light Vehicles,22,13,14,11,23,101,184,348,630,445,350,333,376,365,400,496,533,518,378,245,162,118,75,39,0,0
2025,2025-10-14,Northbound,All Vehicles,22,17,16,11,26,108,212,373,668,490,387,358,407,395,431,542,558,538,395,252,167,119,78,40,0,0
2025,2025-10-15,Northbound,Light Vehicles,25,14,13,21,29,111,199,347,613,428,363,368,369,373,384,484,583,551,360,250,176,146,81,48,0,0
2025,2025-10-15,Northbound,Heavy Vehicles,1,1,1,1,,7,22,30,43,41,36,33,22,33,41,46,23,23,22,16,5,8,4,,0,0
2025,2025-10-15,Northbound,All Vehicles,26,15,14,22,29,118,221,377,656,469,399,401,391,406,425,530,606,574,382,266,181,154,85,48,0,0
2025,2025-10-16,Northbound,Light Vehicles,26,14,13,10,29,113,176,370,566,461,358,377,372,337,398,494,592,579,431,263,195,130,97,41,0,0
2025,2025-10-16,Northbound,Heavy Vehicles,1,1,1,2,2,7,21,26,42,35,28,36,26,31,33,44,48,24,13,12,15,4,3,1,0,0
2025,2025-10-16,Northbound,All Vehicles,27,15,14,12,31,120,197,396,608,496,386,413,398,368,431,538,640,603,444,275,210,134,100,42,0,0
2025,2025-10-17,Northbound,Light Vehicles,38,19,17,16,26,109,191,333,592,432,352,389,364,358,441,458,509,516,383,271,195,155,115,86,0,0
2025,2025-10-17,Northbound,Heavy Vehicles,,1,4,,1,4,20,34,44,37,29,35,42,34,39,42,23,25,18,10,6,2,2,1,0,0
2025,2025-10-17,Northbound,All Vehicles,38,20,21,16,27,113,211,367,636,469,381,424,406,392,480,500,532,541,401,281,201,157,117,87,0,0
2025,2025-10-18,Northbound,Heavy Vehicles,1,3,2,,3,7,7,12,19,20,27,23,24,20,15,11,13,7,14,8,5,4,1,3,0,0
2025,2025-10-18,Northbound,Light Vehicles,53,27,23,23,17,50,103,164,237,305,329,324,307,308,281,288,244,349,276,213,191,161,116,94,0,0
2025,2025-10-18,Northbound,All Vehicles,54,30,25,23,20,57,110,176,256,325,356,347,331,328,296,299,257,356,290,221,196,165,117,97,0,0
2025,2025-10-19,Northbound,Light Vehicles,71,42,40,26,14,45,71,110,203,252,347,366,347,300,252,270,297,279,232,209,175,108,67,45,0,0
2025,2025-10-19,Northbound,Heavy Vehicles,3,2,1,1,1,1,3,5,10,11,5,17,16,18,11,12,20,12,12,4,3,1,,3,0,0
2025,2025-10-19,Northbound,All Vehicles,74,44,41,27,15,46,74,115,213,263,352,383,363,318,263,282,317,291,244,213,178,109,67,48,0,0
2025,2025-10-20,Northbound,Heavy Vehicles,2,1,,1,5,4,25,40,52,36,33,35,32,41,29,43,34,27,12,12,2,2,1,,0,0
2025,2025-10-20,Northbound,Light Vehicles,35,14,21,13,30,107,204,354,597,421,356,372,366,346,396,427,503,468,365,256,138,114,70,34,0,0
2025,2025-10-20,Northbound,All Vehicles,37,15,21,14,35,111,229,394,649,457,389,407,398,387,425,470,537,495,377,268,140,116,71,34,0,0
2025,2025-10-21,Northbound,Light Vehicles,25,19,10,10,32,103,196,371,579,457,397,319,379,328,387,468,569,547,390,241,159,119,63,53,0,0
2025,2025-10-21,Northbound,Heavy Vehicles,,4,1,,5,6,27,25,47,40,35,16,29,37,36,40,31,19,12,12,4,2,,,0,0
2025,2025-10-21,Northbound,All Vehicles,25,23,11,10,37,109,223,396,626,497,432,335,408,365,423,508,600,566,402,253,163,121,63,53,0,0
2025,2025-10-22,Northbound,Heavy Vehicles,1,1,2,1,3,5,22,32,43,38,36,42,25,36,28,47,44,17,10,10,3,5,2,,0,0
2025,2025-10-22,Northbound,Light Vehicles,19,19,10,7,33,107,198,384,582,411,378,348,349,368,362,450,589,510,358,282,192,158,72,48,0,0
2025,2025-10-22,Northbound,All Vehicles,20,20,12,8,36,112,220,416,625,449,414,390,374,404,390,497,633,527,368,292,195,163,74,48,0,0
2025,2025-10-23,Northbound,Heavy Vehicles,,1,4,2,3,9,13,36,45,39,38,28,29,33,16,40,31,18,17,12,5,2,3,,0,0
2025,2025-10-23,Northbound,Light Vehicles,30,20,11,13,32,95,241,354,616,480,384,390,356,309,416,475,577,537,419,260,153,149,74,43,0,0
2025,2025-10-23,Northbound,All Vehicles,30,21,15,15,35,104,254,390,661,519,422,418,385,342,432,515,608,555,436,272,158,151,77,43,0,0
2025,2025-10-24,Northbound,Heavy Vehicles,,2,2,2,1,2,23,28,49,35,30,42,36,35,21,39,27,17,20,10,7,4,6,1,0,0
2025,2025-10-24,Northbound,Light Vehicles,20,19,19,13,37,133,210,347,566,439,399,363,405,362,412,454,531,498,375,239,249,150,110,84,0,0
2025,2025-10-24,Northbound,All Vehicles,20,21,21,15,38,135,233,375,615,474,429,405,441,397,433,493,558,515,395,249,256,154,116,85,0,0
2025,2025-10-25,Northbound,Heavy Vehicles,,,1,,1,2,8,11,21,21,28,20,18,14,19,19,14,19,13,4,8,5,5,2,0,0
2025,2025-10-25,Northbound,Light Vehicles,39,29,23,12,16,68,128,195,235,321,357,428,380,333,336,319,312,344,278,224,181,147,130,71,0,0
2025,2025-10-25,Northbound,All Vehicles,39,29,24,12,17,70,136,206,256,342,385,448,398,347,355,338,326,363,291,228,189,152,135,73,0,0
2025,2025-10-26,Northbound,Light Vehicles,53,52,31,24,21,50,90,136,223,288,327,415,385,301,318,301,316,314,213,194,177,112,94,55,0,0
2025,2025-10-26,Northbound,Heavy Vehicles,3,1,2,,,1,7,4,13,9,12,14,33,14,22,8,11,18,11,11,6,4,4,2,0,0
2025,2025-10-26,Northbound,All Vehicles,56,53,33,24,21,51,97,140,236,297,339,429,418,315,340,309,327,332,224,205,183,116,98,57,0,0
2025,2025-10-27,Northbound,Light Vehicles,35,19,11,12,32,105,191,347,580,394,355,346,362,356,372,436,494,459,341,193,153,114,70,44,0,0
2025,2025-10-27,Northbound,Heavy Vehicles,,,2,1,5,10,19,34,49,45,32,21,25,38,30,35,31,24,15,5,7,6,2,2,0,0
2025,2025-10-27,Northbound,All Vehicles,35,19,13,13,37,115,210,381,629,439,387,367,387,394,402,471,525,483,356,198,160,120,72,46,0,0
2025,2025-10-28,Northbound,Heavy Vehicles,1,1,3,2,2,8,22,32,55,32,35,33,27,24,29,41,42,23,13,9,7,3,2,3,0,0
2025,2025-10-28,Northbound,Light Vehicles,22,15,13,10,32,93,217,349,588,405,393,402,407,311,378,479,505,573,322,215,165,117,64,42,0,0
2025,2025-10-28,Northbound,All Vehicles,23,16,16,12,34,101,239,381,643,437,428,435,434,335,407,520,547,596,335,224,172,120,66,45,0,0
2025,2025-10-29,Northbound,Light Vehicles,31,13,16,7,34,100,194,333,643,470,388,340,348,350,390,483,548,559,332,246,199,161,68,52,0,0
2025,2025-10-29,Northbound,Heavy Vehicles,1,,2,2,3,6,25,44,33,32,36,36,27,36,24,38,28,25,15,10,10,6,,1,0,0
2025,2025-10-29,Northbound,All Vehicles,32,13,18,9,37,106,219,377,676,502,424,376,375,386,414,521,576,584,347,256,209,167,68,53,0,0
2025,2025-10-30,Northbound,Light Vehicles,29,20,11,14,30,111,199,335,601,451,375,353,355,345,426,501,539,550,397,291,231,146,88,50,0,0
2025,2025-10-30,Northbound,Heavy Vehicles,1,3,3,1,5,6,19,31,49,34,44,29,21,27,32,38,33,31,11,18,1,4,1,1,0,0
2025,2025-10-30,Northbound,All Vehicles,30,23,14,15,35,117,218,366,650,485,419,382,376,372,458,539,572,581,408,309,232,150,89,51,0,0
2025,2025-10-31,Northbound,Light Vehicles,42,15,15,10,32,117,212,355,550,460,365,401,391,363,408,478,525,491,413,274,212,165,133,109,0,0
2025,2025-10-31,Northbound,Heavy Vehicles,6,,8,1,4,6,16,31,34,33,23,37,26,30,30,32,28,21,17,7,11,8,7,2,0,0
2025,2025-10-31,Northbound,All Vehicles,48,15,23,11,36,123,228,386,584,493,388,438,417,393,438,510,553,512,430,281,223,173,140,111,0,0
2025,2025-11-01,Northbound,Heavy Vehicles,2,1,2,1,1,5,7,10,13,17,21,18,27,17,23,15,10,11,10,10,4,2,2,5,0,0
2025,2025-11-01,Northbound,Light Vehicles,74,44,49,29,29,65,97,172,248,325,359,380,306,295,306,288,293,314,269,234,185,162,127,137,0,0
2025,2025-11-01,Northbound,All Vehicles,76,45,51,30,30,70,104,182,261,342,380,398,333,312,329,303,303,325,279,244,189,164,129,142,0,0
2025,2025-11-02,Northbound,Heavy Vehicles,2,2,,1,,2,3,7,8,13,13,25,16,9,14,12,10,8,6,6,5,6,1,5,0,0
2025,2025-11-02,Northbound,Light Vehicles,70,60,40,38,29,56,97,137,195,272,291,373,335,303,274,318,323,287,263,189,183,110,57,40,0,0
2025,2025-11-02,Northbound,All Vehicles,72,62,40,39,29,58,100,144,203,285,304,398,351,312,288,330,333,295,269,195,188,116,58,45,0,0
2025,2025-11-03,Northbound,Light Vehicles,31,19,15,10,29,109,196,329,587,449,370,380,346,345,420,445,543,487,333,210,135,131,69,49,0,0
2025,2025-11-03,Northbound,Heavy Vehicles,,3,2,,3,3,26,35,38,36,32,31,30,33,28,30,35,26,20,4,6,2,1,1,0,0
2025,2025-11-03,Northbound,All Vehicles,31,22,17,10,32,112,222,364,625,485,402,411,376,378,448,475,578,513,353,214,141,133,70,50,0,0
2025,2025-11-04,Northbound,Light Vehicles,27,18,14,11,28,105,210,345,628,462,383,356,359,339,367,469,550,521,321,236,192,134,73,65,0,0
2025,2025-11-04,Northbound,Heavy Vehicles,1,4,,1,2,4,22,31,51,31,41,26,30,30,29,35,26,19,22,4,8,2,,,0,0
2025,2025-11-04,Northbound,All Vehicles,28,22,14,12,30,109,232,376,679,493,424,382,389,369,396,504,576,540,343,240,200,136,73,65,0,0
2025,2025-11-05,Northbound,Heavy Vehicles,,1,2,1,1,9,19,33,40,29,30,25,28,30,33,34,30,22,18,7,7,5,2,1,0,0
2025,2025-11-05,Northbound,Light Vehicles,21,14,14,18,34,102,204,348,622,451,383,350,333,371,385,505,617,539,365,248,193,187,85,51,0,0
2025,2025-11-05,Northbound,All Vehicles,21,15,16,19,35,111,223,381,662,480,413,375,361,401,418,539,647,561,383,255,200,192,87,52,0,0
2025,2025-11-06,Northbound,Light Vehicles,29,21,12,9,22,127,211,338,585,439,385,379,358,369,408,475,567,547,383,306,198,164,78,45,0,0
2025,2025-11-06,Northbound,Heavy Vehicles,1,2,2,1,3,8,16,20,41,27,39,33,38,39,28,37,38,26,16,8,6,6,4,2,0,0
2025,2025-11-06,Northbound,All Vehicles,30,23,14,10,25,135,227,358,626,466,424,412,396,408,436,512,605,573,399,314,204,170,82,47,0,0
2025,2025-11-07,Northbound,Light Vehicles,30,22,21,11,24,112,198,308,574,426,396,384,396,366,430,492,556,532,394,226,207,172,124,96,0,0
2025,2025-11-07,Northbound,Heavy Vehicles,1,1,5,3,6,9,25,33,40,40,28,34,25,33,37,38,29,24,22,9,13,4,5,2,0,0
2025,2025-11-07,Northbound,All Vehicles,31,23,26,14,30,121,223,341,614,466,424,418,421,399,467,530,585,556,416,235,220,176,129,98,0,0
2025,2025-11-08,Northbound,Light Vehicles,56,37,26,22,25,63,107,189,286,344,335,380,355,355,333,303,285,300,266,193,206,151,118,113,0,0
2025,2025-11-08,Northbound,Heavy Vehicles,1,,,1,1,7,12,18,17,23,20,23,17,13,20,13,9,8,11,9,14,4,3,3,0,0
2025,2025-11-08,Northbound,All Vehicles,57,37,26,23,26,70,119,207,303,367,355,403,372,368,353,316,294,308,277,202,220,155,121,116,0,0
2025,2025-11-09,Northbound,Heavy Vehicles,2,3,1,,,,3,8,14,6,14,18,24,20,9,11,7,10,2,10,5,2,3,1,0,0
2025,2025-11-09,Northbound,Light Vehicles,64,62,39,21,15,40,95,143,217,281,322,369,346,300,269,269,277,248,241,164,168,109,75,52,0,0
2025,2025-11-09,Northbound,All Vehicles,66,65,40,21,15,40,98,151,231,287,336,387,370,320,278,280,284,258,243,174,173,111,78,53,0,0
2025,2025-11-10,Northbound,Light Vehicles,14,14,7,8,22,73,149,337,487,363,330,298,345,347,336,374,384,438,257,171,144,111,54,36,0,0
2025,2025-11-10,Northbound,Heavy Vehicles,,1,3,1,3,6,19,34,23,29,28,26,26,19,24,26,22,20,11,7,6,2,3,2,0,0
2025,2025-11-10,Northbound,All Vehicles,14,15,10,9,25,79,168,371,510,392,358,324,371,366,360,400,406,458,268,178,150,113,57,38,0,0
2025,2025-11-11,Northbound,Light Vehicles,22,20,15,12,30,109,215,365,518,444,353,347,360,359,400,467,583,514,377,232,205,144,60,43,0,0
2025,2025-11-11,Northbound,Heavy Vehicles,4,3,1,1,3,12,21,23,31,45,39,31,29,34,34,45,24,21,9,5,5,8,4,5,0,0
2025,2025-11-11,Northbound,All Vehicles,26,23,16,13,33,121,236,388,549,489,392,378,389,393,434,512,607,535,386,237,210,152,64,48,0,0
2025,2025-11-12,Northbound,Heavy Vehicles,,2,2,1,3,9,15,45,47,32,38,28,24,37,32,34,32,22,14,9,16,9,2,1,0,0
2025,2025-11-12,Northbound,Light Vehicles,29,14,17,12,25,113,209,344,577,416,349,348,389,361,400,465,573,558,337,240,202,151,91,43,0,0
2025,2025-11-12,Northbound,All Vehicles,29,16,19,13,28,122,224,389,624,448,387,376,413,398,432,499,605,580,351,249,218,160,93,44,0,0
2025,2025-11-13,Northbound,Heavy Vehicles,1,1,4,1,6,11,23,32,41,34,26,23,29,32,33,39,34,21,22,21,4,1,2,4,0,0
2025,2025-11-13,Northbound,Light Vehicles,25,21,8,16,31,117,199,344,577,401,385,363,361,331,433,470,598,529,378,257,207,151,96,47,0,0
2025,2025-11-13,Northbound,All Vehicles,26,22,12,17,37,128,222,376,618,435,411,386,390,363,466,509,632,550,400,278,211,152,98,51,0,0
2025,2025-11-14,Northbound,Light Vehicles,32,18,11,13,31,116,196,348,553,458,376,340,403,326,416,458,545,496,388,256,193,156,104,90,0,0
2025,2025-11-14,Northbound,Heavy Vehicles,1,,2,1,4,10,20,48,38,36,35,30,28,30,30,41,32,23,16,5,9,5,3,2,0,0
2025,2025-11-14,Northbound,All Vehicles,33,18,13,14,35,126,216,396,591,494,411,370,431,356,446,499,577,519,404,261,202,161,107,92,0,0
2025,2025-11-15,Northbound,Heavy Vehicles,1,2,1,,3,6,8,11,15,34,28,19,17,16,14,18,17,18,14,7,6,3,4,5,0,0
2025,2025-11-15,Northbound,Light Vehicles,63,38,28,30,20,70,105,179,248,323,377,348,355,322,294,280,274,319,257,228,178,150,111,91,0,0
2025,2025-11-15,Northbound,All Vehicles,64,40,29,30,23,76,113,190,263,357,405,367,372,338,308,298,291,337,271,235,184,153,115,96,0,0
2025,2025-11-16,Northbound,Light Vehicles,76,45,40,41,23,58,87,121,205,291,303,338,356,288,265,240,292,299,228,209,175,133,67,50,0,0
2025,2025-11-16,Northbound,Heavy Vehicles,2,2,1,,3,1,1,3,8,15,12,15,15,14,15,18,8,17,14,15,4,2,1,2,0,0
2025,2025-11-16,Northbound,All Vehicles,78,47,41,41,26,59,88,124,213,306,315,353,371,302,280,258,300,316,242,224,179,135,68,52,0,0
2025,2025-11-17,Northbound,Heavy Vehicles,,2,1,1,1,10,16,31,33,44,24,34,22,32,36,35,31,19,20,14,8,5,3,1,0,0
2025,2025-11-17,Northbound,Light Vehicles,34,14,12,15,30,86,191,321,548,405,334,367,342,363,354,457,499,452,346,258,160,138,77,49,0,0
2025,2025-11-17,Northbound,All Vehicles,34,16,13,16,31,96,207,352,581,449,358,401,364,395,390,492,530,471,366,272,168,143,80,50,0,0
2025,2025-11-18,Northbound,Light Vehicles,24,14,14,12,31,96,211,341,566,498,394,356,349,342,401,489,547,550,393,246,162,123,90,47,0,0
2025,2025-11-18,Northbound,Heavy Vehicles,3,3,2,,5,9,25,35,40,28,24,28,24,30,32,36,30,25,11,8,10,7,4,3,0,0
2025,2025-11-18,Northbound,All Vehicles,27,17,16,12,36,105,236,376,606,526,418,384,373,372,433,525,577,575,404,254,172,130,94,50,0,0
2025,2025-11-19,Northbound,Heavy Vehicles,1,4,,1,4,7,25,42,33,35,31,25,30,26,31,39,28,24,15,14,11,5,2,,0,0
2025,2025-11-19,Northbound,Light Vehicles,32,14,17,17,34,105,230,343,598,435,367,353,383,340,429,495,604,540,326,260,229,148,79,54,0,0
2025,2025-11-19,Northbound,All Vehicles,33,18,17,18,38,112,255,385,631,470,398,378,413,366,460,534,632,564,341,274,240,153,81,54,0,0
2025,2025-11-20,Northbound,Heavy Vehicles,2,,1,3,5,11,22,28,36,32,35,29,34,30,33,50,41,26,20,14,6,4,,1,0,0
2025,2025-11-20,Northbound,Light Vehicles,30,17,16,14,27,113,208,326,593,469,366,392,354,346,390,444,574,568,406,250,159,139,97,50,0,0
2025,2025-11-20,Northbound,All Vehicles,32,17,17,17,32,124,230,354,629,501,401,421,388,376,423,494,615,594,426,264,165,143,97,51,0,0
2025,2025-11-21,Northbound,Heavy Vehicles,1,3,5,,3,1,28,30,29,31,28,38,38,31,37,40,36,25,20,3,11,7,2,1,0,0
2025,2025-11-21,Northbound,Light Vehicles,35,21,8,14,30,103,197,300,578,431,355,396,416,379,416,479,487,507,388,260,210,159,109,88,0,0
2025,2025-11-21,Northbound,All Vehicles,36,24,13,14,33,104,225,330,607,462,383,434,454,410,453,519,523,532,408,263,221,166,111,89,0,0
2025,2025-11-22,Northbound,Heavy Vehicles,1,1,,1,2,4,14,13,14,15,24,25,14,20,20,12,18,14,17,8,8,1,4,3,0,0
2025,2025-11-22,Northbound,Light Vehicles,42,42,37,25,23,62,117,169,261,304,369,365,354,314,310,310,286,308,283,205,152,153,124,109,0,0
2025,2025-11-22,Northbound,All Vehicles,43,43,37,26,25,66,131,182,275,319,393,390,368,334,330,322,304,322,300,213,160,154,128,112,0,0
2025,2025-11-23,Northbound,Heavy Vehicles,2,1,,3,,3,6,7,11,13,11,15,16,9,8,14,14,18,9,9,7,3,2,1,0,0
2025,2025-11-23,Northbound,Light Vehicles,88,60,47,36,30,41,80,104,176,265,314,367,313,306,287,287,302,267,206,189,165,111,81,48,0,0
2025,2025-11-23,Northbound,All Vehicles,90,61,47,39,30,44,86,111,187,278,325,382,329,315,295,301,316,285,215,198,172,114,83,49,0,0
2025,2025-11-24,Northbound,Light Vehicles,40,17,15,12,36,104,197,327,585,416,361,350,370,349,388,454,486,477,335,212,148,115,67,49,0,0
2025,2025-11-24,Northbound,Heavy Vehicles,2,2,4,1,5,9,19,29,39,37,33,34,22,30,38,39,35,18,23,10,4,4,1,1,0,0
2025,2025-11-24,Northbound,All Vehicles,42,19,19,13,41,113,216,356,624,453,394,384,392,379,426,493,521,495,358,222,152,119,68,50,0,0
2025,2025-11-25,Northbound,Heavy Vehicles,1,1,,3,5,7,28,26,42,36,33,28,29,29,18,39,50,19,14,9,4,4,3,,0,0
2025,2025-11-25,Northbound,Light Vehicles,21,12,16,11,35,110,236,352,625,496,380,366,340,316,418,452,599,517,339,300,176,136,68,45,0,0
2025,2025-11-25,Northbound,All Vehicles,22,13,16,14,40,117,264,378,667,532,413,394,369,345,436,491,649,536,353,309,180,140,71,45,0,0
2025,2025-11-26,Northbound,Heavy Vehicles,,2,3,4,3,7,22,44,51,27,34,28,33,25,28,38,30,21,13,12,13,8,2,,0,0
2025,2025-11-26,Northbound,Light Vehicles,22,24,21,9,36,108,237,315,585,420,430,381,308,342,407,483,534,515,405,262,228,148,93,59,0,0
2025,2025-11-26,Northbound,All Vehicles,22,26,24,13,39,115,259,359,636,447,464,409,341,367,435,521,564,536,418,274,241,156,95,59,0,0
2025,2025-11-27,Northbound,Light Vehicles,27,25,14,17,24,113,228,306,569,454,399,360,386,319,437,467,582,552,414,268,208,154,97,53,0,0
2025,2025-11-27,Northbound,Heavy Vehicles,3,4,2,,6,8,23,25,45,30,40,23,22,31,27,40,39,18,26,14,8,1,3,1,0,0
2025,2025-11-27,Northbound,All Vehicles,30,29,16,17,30,121,251,331,614,484,439,383,408,350,464,507,621,570,440,282,216,155,100,54,0,0
2025,2025-11-28,Northbound,Heavy Vehicles,1,2,2,2,4,8,17,33,30,37,37,41,26,27,27,38,29,30,15,13,10,6,4,2,0,0
2025,2025-11-28,Northbound,Light Vehicles,31,21,19,13,27,115,218,348,579,435,429,420,374,367,421,455,544,475,375,263,203,138,115,82,0,0
2025,2025-11-28,Northbound,All Vehicles,32,23,21,15,31,123,235,381,609,472,466,461,400,394,448,493,573,505,390,276,213,144,119,84,0,0
2025,2025-11-29,Northbound,Heavy Vehicles,2,,1,2,2,6,12,16,19,25,20,20,27,15,19,15,15,20,15,8,9,4,3,4,0,0
2025,2025-11-29,Northbound,Light Vehicles,55,29,30,28,21,56,114,175,299,342,366,329,315,337,272,305,279,303,273,204,182,162,123,100,0,0
2025,2025-11-29,Northbound,All Vehicles,57,29,31,30,23,62,126,191,318,367,386,349,342,352,291,320,294,323,288,212,191,166,126,104,0,0
2025,2025-11-30,Northbound,Heavy Vehicles,6,2,2,2,2,1,8,6,13,11,16,18,16,15,17,16,19,9,17,8,8,3,3,1,0,0
2025,2025-11-30,Northbound,Light Vehicles,56,42,41,28,18,50,88,136,211,290,270,347,322,301,283,282,273,285,222,228,171,141,78,39,0,0
2025,2025-11-30,Northbound,All Vehicles,62,44,43,30,20,51,96,142,224,301,286,365,338,316,300,298,292,294,239,236,179,144,81,40,0,0
2025,2025-12-01,Northbound,Light Vehicles,36,16,11,10,27,88,192,308,598,397,348,361,342,339,393,467,529,476,318,233,170,119,88,46,0,0
2025,2025-12-01,Northbound,Heavy Vehicles,2,2,1,1,5,9,13,24,42,37,29,35,22,23,37,42,33,24,17,5,6,4,2,1,0,0
2025,2025-12-01,Northbound,All Vehicles,38,18,12,11,32,97,205,332,640,434,377,396,364,362,430,509,562,500,335,238,176,123,90,47,0,0
2025,2025-12-05,Northbound,Light Vehicles,28,17,14,8,28,87,153,265,476,341,265,328,311,311,326,403,403,404,313,200,218,158,112,90,0,0
2025,2025-12-05,Northbound,Heavy Vehicles,,,,1,2,10,11,14,40,27,33,25,31,28,21,22,24,23,14,10,3,3,,1,0,0
2025,2025-12-05,Northbound,All Vehicles,28,17,14,9,30,97,164,279,516,368,298,353,342,339,347,425,427,427,327,210,221,161,112,91,0,0
2025,2025-12-06,Northbound,Heavy Vehicles,3,1,1,2,4,12,9,17,23,21,20,18,22,14,22,18,18,15,15,9,5,5,6,4,0,0
2025,2025-12-06,Northbound,Light Vehicles,70,55,34,23,25,66,119,193,244,350,378,332,327,305,301,268,293,317,275,227,175,153,153,97,0,0
2025,2025-12-06,Northbound,All Vehicles,73,56,35,25,29,78,128,210,267,371,398,350,349,319,323,286,311,332,290,236,180,158,159,101,0,0
2025,2025-12-08,Northbound,Heavy Vehicles,1,1,2,2,5,7,21,25,42,39,28,37,30,28,31,35,35,27,17,7,10,4,2,1,0,0
2025,2025-12-08,Northbound,Light Vehicles,39,18,15,9,31,91,199,346,565,399,355,391,358,335,391,431,533,539,320,258,193,140,81,46,0,0
2025,2025-12-08,Northbound,All Vehicles,40,19,17,11,36,98,220,371,607,438,383,428,388,363,422,466,568,566,337,265,203,144,83,47,0,0
2025,2025-12-12,Northbound,Light Vehicles,32,20,16,14,34,107,198,301,534,479,375,384,407,356,405,504,483,516,409,269,223,202,152,119,0,0
2025,2025-12-12,Northbound,Heavy Vehicles,,,4,2,5,9,17,21,35,37,32,44,41,28,29,32,27,25,23,11,11,5,5,6,0,0
2025,2025-12-12,Northbound,All Vehicles,32,20,20,16,39,116,215,322,569,516,407,428,448,384,434,536,510,541,432,280,234,207,157,125,0,0
2025,2025-12-13,Northbound,Light Vehicles,60,46,39,31,31,64,129,191,245,357,404,366,317,321,298,318,265,328,241,219,176,156,113,72,0,0
2025,2025-12-13,Northbound,Heavy Vehicles,3,3,,3,1,3,12,14,19,21,14,28,16,11,15,18,19,7,9,5,3,4,1,2,0,0
2025,2025-12-13,Northbound,All Vehicles,63,49,39,34,32,67,141,205,264,378,418,394,333,332,313,336,284,335,250,224,179,160,114,74,0,0
2025,2025-12-15,Northbound,Light Vehicles,36,23,7,5,35,102,197,319,494,434,365,405,369,330,428,438,518,505,297,245,158,102,82,53,0,0
2025,2025-12-15,Northbound,Heavy Vehicles,,3,3,2,5,5,26,28,45,43,28,36,28,39,31,40,36,24,20,13,4,3,2,1,0,0
2025,2025-12-15,Northbound,All Vehicles,36,26,10,7,40,107,223,347,539,477,393,441,397,369,459,478,554,529,317,258,162,105,84,54,0,0
2025,2025-12-19,Northbound,Light Vehicles,39,25,18,17,37,105,207,315,525,427,384,400,406,382,431,500,503,456,326,243,189,166,138,87,0,0
2025,2025-12-19,Northbound,Heavy Vehicles,3,,3,3,1,6,20,34,32,35,46,31,36,43,41,56,47,34,25,16,14,9,7,1,0,0
2025,2025-12-19,Northbound,All Vehicles,42,25,21,20,38,111,227,349,557,462,430,431,442,425,472,556,550,490,351,259,203,175,145,88,0,0
2025,2025-12-27,Northbound,Light Vehicles,46,25,20,9,18,52,100,116,186,264,279,302,285,278,252,235,244,281,233,177,171,167,101,69,0,0
2025,2025-12-27,Northbound,Heavy Vehicles,1,1,,3,1,4,3,9,12,15,17,32,30,16,18,19,15,19,16,9,3,8,7,4,0,0
2025,2025-12-27,Northbound,All Vehicles,47,26,20,12,19,56,103,125,198,279,296,334,315,294,270,254,259,300,249,186,174,175,108,73,0,0
2025,2025-12-29,Northbound,Light Vehicles,30,14,6,4,12,29,46,72,137,149,155,149,149,138,130,165,147,153,113,97,81,71,41,29,0,0
2025,2025-12-29,Northbound,Heavy Vehicles,,,1,,,3,9,13,16,15,13,15,15,12,11,11,9,6,10,3,2,3,2,,0,0
2025,2025-12-29,Northbound,All Vehicles,30,14,7,4,12,32,55,85,153,164,168,164,164,150,141,176,156,159,123,100,83,74,43,29,0,0
2025,2025-12-30,Northbound,Light Vehicles,27,21,20,9,26,76,113,222,295,316,315,336,331,309,316,308,332,364,259,194,161,146,88,61,0,0
2025,2025-12-30,Northbound,Heavy Vehicles,2,2,1,1,4,4,21,19,20,27,38,34,29,29,30,26,20,12,11,12,7,11,4,1,0,0
2025,2025-12-30,Northbound,All Vehicles,29,23,21,10,30,80,134,241,315,343,353,370,360,338,346,334,352,376,270,206,168,157,92,62,0,0
2025,2025-12-31,Northbound,Light Vehicles,28,15,11,9,10,50,75,124,209,277,269,275,266,276,240,270,250,246,251,209,197,151,118,90,0,0
2025,2025-12-31,Northbound,Heavy Vehicles,1,1,2,,2,4,10,9,10,18,27,20,27,18,22,26,19,15,11,9,7,3,3,1,0,0
2025,2025-12-31,Northbound,All Vehicles,29,16,13,9,12,54,85,133,219,295,296,295,293,294,262,296,269,261,262,218,204,154,121,91,0,0
