year,date,cardinal_direction_seq,classification_seq,hour_00,hour_01,hour_02,hour_03,hour_04,hour_05,hour_06,hour_07,hour_08,hour_09,hour_10,hour_11,hour_12,hour_13,hour_14,hour_15,hour_16,hour_17,hour_18,hour_19,hour_20,hour_21,hour_22,hour_23,public_holiday,school_holiday
2024,2024-01-01,Northbound,Light Vehicles,207,264,203,142,126,147,160,169,214,307,376,494,478,513,467,482,433,397,339,288,286,293,245,151,0,0
2024,2024-01-01,Northbound,Heavy Vehicles,12,16,6,6,19,11,25,23,18,18,14,22,17,17,18,14,17,14,17,23,18,14,24,25,0,0
2024,2024-01-01,Northbound,All Vehicles,219,280,209,148,145,158,185,192,232,325,390,516,495,530,485,496,450,411,356,311,304,307,269,176,0,0
2024,2024-01-02,Northbound,Heavy Vehicles,34,28,34,41,86,120,182,213,154,191,132,146,126,109,121,102,77,84,72,58,49,45,43,35,0,0
2024,2024-01-02,Northbound,Light Vehicles,206,134,107,107,247,583,935,1072,1199,1387,1469,1530,1498,1258,1493,1419,1294,1318,1090,747,736,655,535,316,0,0
2024,2024-01-02,Northbound,All Vehicles,240,162,141,148,333,703,1117,1285,1353,1578,1601,1676,1624,1367,1614,1521,1371,1402,1162,805,785,700,578,351,0,0
2024,2024-01-03,Northbound,Heavy Vehicles,35,28,38,45,95,125,215,233,154,192,189,161,119,128,94,131,81,88,60,64,47,44,39,31,0,0
2024,2024-01-03,Northbound,Light Vehicles,214,116,72,101,231,635,1128,1100,1296,1399,1543,1561,1273,1451,1233,1383,1288,1220,1079,751,665,706,626,424,0,0
2024,2024-01-03,Northbound,All Vehicles,249,144,110,146,326,760,1343,1333,1450,1591,1732,1722,1392,1579,1327,1514,1369,1308,1139,815,712,750,665,455,0,0
2024,2024-01-04,Northbound,Heavy Vehicles,40,30,39,50,90,147,242,224,177,190,187,153,139,144,119,112,89,78,90,67,44,55,59,33,0,0
2024,2024-01-04,Northbound,Light Vehicles,260,93,89,113,231,610,1151,1090,1506,1413,1410,1462,1336,1408,1442,1313,1344,1364,1177,880,789,947,699,364,0,0
2024,2024-01-04,Northbound,All Vehicles,300,123,128,163,321,757,1393,1314,1683,1603,1597,1615,1475,1552,1561,1425,1433,1442,1267,947,833,1002,758,397,0,0
2024,2024-01-05,Northbound,Heavy Vehicles,41,35,29,44,108,145,243,214,174,210,157,148,146,122,102,,88,89,68,,,64,45,36,0,0
2024,2024-01-05,Northbound,Light Vehicles,252,95,77,105,238,627,1245,1064,1306,1352,1285,1413,1411,1447,1426,,1401,1481,1066,,,852,776,676,0,0
2024,2024-01-05,Northbound,All Vehicles,293,130,106,149,346,772,1488,1278,1480,1562,1442,1561,1557,1569,1528,,1489,1570,1134,,,916,821,712,0,0
2024,2024-01-06,Northbound,Heavy Vehicles,26,23,22,30,40,63,127,119,104,103,89,90,94,77,78,75,72,62,65,41,44,37,38,22,0,0
2024,2024-01-06,Northbound,Light Vehicles,258,170,104,97,175,431,951,904,1123,1301,1345,1612,1684,1449,1648,1622,1470,1186,1161,942,923,838,734,605,0,0
2024,2024-01-06,Northbound,All Vehicles,284,193,126,127,215,494,1078,1023,1227,1404,1434,1702,1778,1526,1726,1697,1542,1248,1226,983,967,875,772,627,0,0
2024,2024-01-07,Northbound,Heavy Vehicles,30,22,17,21,29,37,46,61,75,59,75,54,47,66,56,56,63,66,62,54,43,45,40,39,0,0
2024,2024-01-07,Northbound,Light Vehicles,368,262,224,97,147,326,499,554,813,1208,1608,1546,1685,1630,1480,1404,1396,1235,1315,900,852,797,688,340,0,0
2024,2024-01-07,Northbound,All Vehicles,398,284,241,118,176,363,545,615,888,1267,1683,1600,1732,1696,1536,1460,1459,1301,1377,954,895,842,728,379,0,0
2024,2024-01-08,Northbound,Light Vehicles,202,216,95,115,239,970,1492,1443,1565,1393,1341,1380,1274,1227,1152,1315,1328,1458,1109,805,709,598,431,349,0,0
2024,2024-01-08,Northbound,Heavy Vehicles,36,34,44,49,76,175,287,246,203,232,202,234,204,164,138,136,108,102,66,65,65,46,40,35,0,0
2024,2024-01-08,Northbound,All Vehicles,238,250,139,164,315,1145,1779,1689,1768,1625,1543,1614,1478,1391,1290,1451,1436,1560,1175,870,774,644,471,384,0,0
2024,2024-01-09,Northbound,Light Vehicles,153,106,66,97,248,967,1577,1417,1532,1516,1345,1185,1233,1274,1332,1419,1332,1402,1166,820,715,657,529,281,0,0
2024,2024-01-09,Northbound,Heavy Vehicles,38,24,40,49,101,192,309,259,208,222,222,206,164,170,156,142,97,106,90,64,57,48,44,34,0,0
2024,2024-01-09,Northbound,All Vehicles,191,130,106,146,349,1159,1886,1676,1740,1738,1567,1391,1397,1444,1488,1561,1429,1508,1256,884,772,705,573,315,0,0
2024,2024-01-10,Northbound,Heavy Vehicles,32,41,47,54,102,187,369,277,241,210,251,215,189,141,155,142,,95,85,66,,60,54,46,0,0
2024,2024-01-10,Northbound,Light Vehicles,155,105,65,115,256,958,1735,1583,1744,1505,1469,1397,1292,1063,1188,1469,,1421,1233,815,,678,503,256,0,0
2024,2024-01-10,Northbound,All Vehicles,187,146,112,169,358,1145,2104,1860,1985,1715,1720,1612,1481,1204,1343,1611,,1516,1318,881,,738,557,302,0,0
2024,2024-01-11,Northbound,Light Vehicles,159,84,57,124,250,984,1638,1499,1743,1469,1187,1230,1168,1255,1172,1413,1589,1584,1348,990,898,790,508,269,0,0
2024,2024-01-11,Northbound,Heavy Vehicles,37,28,42,45,91,172,356,286,269,250,219,185,176,165,142,132,129,102,89,60,62,50,33,39,0,0
2024,2024-01-11,Northbound,All Vehicles,196,112,99,169,341,1156,1994,1785,2012,1719,1406,1415,1344,1420,1314,1545,1718,1686,1437,1050,960,840,541,308,0,0
2024,2024-01-12,Northbound,Heavy Vehicles,40,24,43,44,103,210,301,256,261,243,202,219,205,206,177,170,,117,85,78,66,57,,32,0,0
2024,2024-01-12,Northbound,Light Vehicles,167,104,73,122,260,910,1470,1164,1683,1613,1203,1528,1454,1480,1442,1559,,1534,1440,1066,864,814,,460,0,0
2024,2024-01-12,Northbound,All Vehicles,207,128,116,166,363,1120,1771,1420,1944,1856,1405,1747,1659,1686,1619,1729,,1651,1525,1144,930,871,,492,0,0
2024,2024-01-13,Northbound,Heavy Vehicles,25,20,21,27,36,81,194,154,136,118,122,107,104,73,80,86,89,72,59,60,42,41,36,31,0,0
2024,2024-01-13,Northbound,Light Vehicles,298,163,113,119,184,524,1233,1178,1263,1416,1798,1821,1913,1710,1737,1595,1595,1511,1251,996,912,941,808,512,0,0
2024,2024-01-13,Northbound,All Vehicles,323,183,134,146,220,605,1427,1332,1399,1534,1920,1928,2017,1783,1817,1681,1684,1583,1310,1056,954,982,844,543,0,0
2024,2024-01-14,Northbound,Heavy Vehicles,29,17,19,16,20,23,40,58,71,61,58,66,59,58,52,51,55,75,56,52,50,37,27,27,0,0
2024,2024-01-14,Northbound,Light Vehicles,350,197,122,93,130,301,503,540,779,1094,1385,1540,1435,1323,1282,1476,1511,1386,1379,916,808,675,492,275,0,0
2024,2024-01-14,Northbound,All Vehicles,379,214,141,109,150,324,543,598,850,1155,1443,1606,1494,1381,1334,1527,1566,1461,1435,968,858,712,519,302,0,0
2024,2024-01-15,Northbound,Light Vehicles,132,84,72,120,273,960,1581,1444,1395,1483,1077,962,1100,1314,1095,1399,1324,,1103,853,655,618,459,226,0,0
2024,2024-01-15,Northbound,Heavy Vehicles,33,14,19,36,72,155,255,174,146,213,143,152,190,167,149,130,117,,88,72,67,58,48,34,0,0
2024,2024-01-15,Northbound,All Vehicles,165,98,91,156,345,1115,1836,1618,1541,1696,1220,1114,1290,1481,1244,1529,1441,,1191,925,722,676,507,260,0,0
2024,2024-01-16,Northbound,Heavy Vehicles,35,31,45,52,81,181,370,280,195,190,204,172,179,167,143,131,157,83,97,61,66,48,51,44,0,0
2024,2024-01-16,Northbound,Light Vehicles,137,67,67,88,260,938,1846,1678,1740,1276,1157,1090,1184,1142,1167,1400,1598,1175,1238,885,708,729,496,242,0,0
2024,2024-01-16,Northbound,All Vehicles,172,98,112,140,341,1119,2216,1958,1935,1466,1361,1262,1363,1309,1310,1531,1755,1258,1335,946,774,777,547,286,0,0
2024,2024-01-17,Northbound,Heavy Vehicles,34,33,46,48,105,207,320,276,214,230,214,228,215,209,140,158,110,119,75,68,55,44,41,,0,0
2024,2024-01-17,Northbound,Light Vehicles,157,77,61,107,272,1050,1605,1469,1726,1415,1226,1236,1235,1331,1318,1547,1436,959,995,913,732,734,456,,0,0
2024,2024-01-17,Northbound,All Vehicles,191,110,107,155,377,1257,1925,1745,1940,1645,1440,1464,1450,1540,1458,1705,1546,1078,1070,981,787,778,497,,0,0
2024,2024-01-18,Northbound,Light Vehicles,150,77,67,128,261,1049,2068,1628,1741,1369,1408,1265,950,1275,1382,1629,1590,1467,1480,1039,899,878,596,364,0,0
2024,2024-01-18,Northbound,Heavy Vehicles,32,25,41,39,84,204,386,292,256,178,268,199,157,204,170,172,118,91,106,78,77,74,68,53,0,0
2024,2024-01-18,Northbound,All Vehicles,182,102,108,167,345,1253,2454,1920,1997,1547,1676,1464,1107,1479,1552,1801,1708,1558,1586,1117,976,952,664,417,0,0
2024,2024-01-19,Northbound,Heavy Vehicles,43,27,43,39,61,116,154,114,114,118,101,81,79,70,72,76,48,57,40,29,45,34,29,21,0,0
2024,2024-01-19,Northbound,Light Vehicles,98,52,49,62,128,305,560,414,526,484,424,462,437,492,489,538,544,563,528,340,328,347,308,216,0,0
2024,2024-01-19,Northbound,All Vehicles,141,79,92,101,189,421,714,528,640,602,525,543,516,562,561,614,592,620,568,369,373,381,337,237,0,0
2024,2024-01-20,Northbound,Light Vehicles,292,168,133,100,180,586,1212,1187,1215,1320,1649,1662,1697,1580,1745,1833,1534,1505,1304,1000,948,854,786,570,0,0
2024,2024-01-20,Northbound,Heavy Vehicles,40,28,27,26,46,107,203,197,142,110,108,121,103,77,79,103,75,72,70,46,48,39,38,25,0,0
2024,2024-01-20,Northbound,All Vehicles,332,196,160,126,226,693,1415,1384,1357,1430,1757,1783,1800,1657,1824,1936,1609,1577,1374,1046,996,893,824,595,0,0
2024,2024-01-21,Northbound,Heavy Vehicles,21,17,11,15,30,31,43,78,80,72,91,101,86,78,73,74,63,74,57,54,56,51,49,42,0,0
2024,2024-01-21,Northbound,Light Vehicles,339,220,145,106,124,379,600,630,986,1289,1851,1878,1822,1591,1657,1680,1557,1359,1208,787,840,770,580,310,0,0
2024,2024-01-21,Northbound,All Vehicles,360,237,156,121,154,410,643,708,1066,1361,1942,1979,1908,1669,1730,1754,1620,1433,1265,841,896,821,629,352,0,0
2024,2024-01-22,Northbound,Light Vehicles,173,93,80,104,318,1170,1880,1681,1703,1529,1285,1252,1285,1326,1375,1518,1400,1484,1236,902,741,673,466,278,0,0
2024,2024-01-22,Northbound,Heavy Vehicles,40,28,49,59,78,177,376,322,209,250,246,240,222,225,188,150,136,121,106,78,76,63,64,49,0,0
2024,2024-01-22,Northbound,All Vehicles,213,121,129,163,396,1347,2256,2003,1912,1779,1531,1492,1507,1551,1563,1668,1536,1605,1342,980,817,736,530,327,0,0
2024,2024-01-23,Northbound,Heavy Vehicles,36,38,45,53,105,219,392,300,167,275,256,228,213,213,179,176,129,128,82,89,70,74,61,,0,0
2024,2024-01-23,Northbound,Light Vehicles,135,85,71,112,264,1112,1874,1647,1423,1672,1257,1139,1170,1239,1469,1426,1450,1147,1252,983,800,641,476,,0,0
2024,2024-01-23,Northbound,All Vehicles,171,123,116,165,369,1331,2266,1947,1590,1947,1513,1367,1383,1452,1648,1602,1579,1275,1334,1072,870,715,537,,0,0
2024,2024-01-24,Northbound,Heavy Vehicles,54,34,45,53,91,223,361,230,225,198,194,250,205,176,180,154,118,98,103,83,63,65,44,50,0,0
2024,2024-01-24,Northbound,Light Vehicles,107,54,51,67,226,1020,1739,1331,1603,1009,983,1404,1387,1199,1372,1373,1393,1191,1287,999,821,765,556,321,0,0
2024,2024-01-24,Northbound,All Vehicles,161,88,96,120,317,1243,2100,1561,1828,1207,1177,1654,1592,1375,1552,1527,1511,1289,1390,1082,884,830,600,371,0,0
2024,2024-01-25,Northbound,Light Vehicles,157,90,74,106,273,904,1935,1441,1681,1650,1540,1411,1471,1402,1491,1691,1604,1419,1623,1236,1019,983,747,435,0,0
2024,2024-01-25,Northbound,Heavy Vehicles,42,55,44,56,115,183,397,286,227,265,282,214,202,215,171,163,136,107,109,100,83,52,59,39,0,0
2024,2024-01-25,Northbound,All Vehicles,199,145,118,162,388,1087,2332,1727,1908,1915,1822,1625,1673,1617,1662,1854,1740,1526,1732,1336,1102,1035,806,474,0,0
2024,2024-01-26,Northbound,Heavy Vehicles,27,20,19,23,54,47,89,101,92,84,101,74,69,67,42,58,55,40,42,37,30,28,28,29,0,0
2024,2024-01-26,Northbound,Light Vehicles,278,160,102,128,147,423,725,762,1000,1144,1617,1786,1687,1469,1228,1308,1117,1061,933,778,761,769,631,462,0,0
2024,2024-01-26,Northbound,All Vehicles,305,180,121,151,201,470,814,863,1092,1228,1718,1860,1756,1536,1270,1366,1172,1101,975,815,791,797,659,491,0,0
2024,2024-01-27,Northbound,Heavy Vehicles,19,16,15,22,27,50,128,123,102,101,75,100,102,79,74,88,78,61,67,38,41,37,33,25,0,0
2024,2024-01-27,Northbound,Light Vehicles,267,153,100,94,156,391,824,819,1108,1356,1374,1674,1685,1367,1672,1620,1575,1536,1265,953,821,889,689,517,0,0
2024,2024-01-27,Northbound,All Vehicles,286,169,115,116,183,441,952,942,1210,1457,1449,1774,1787,1446,1746,1708,1653,1597,1332,991,862,926,722,542,0,0
2024,2024-01-28,Northbound,Heavy Vehicles,28,12,9,19,23,26,44,58,62,76,69,55,50,67,69,,59,59,71,65,51,49,49,45,0,0
2024,2024-01-28,Northbound,Light Vehicles,396,312,121,109,141,290,527,542,786,1151,1419,1219,1564,1395,1701,,1579,1354,1217,1080,897,803,524,318,0,0
2024,2024-01-28,Northbound,All Vehicles,424,324,130,128,164,316,571,600,848,1227,1488,1274,1614,1462,1770,,1638,1413,1288,1145,948,852,573,363,0,0
2024,2024-01-29,Northbound,Heavy Vehicles,31,24,43,46,100,218,345,296,211,184,240,233,172,183,158,193,141,96,90,66,74,54,54,36,0,0
2024,2024-01-29,Northbound,Light Vehicles,187,79,81,113,301,1112,1848,1638,1636,1149,1092,1076,1055,1270,1193,1380,1607,1166,1223,887,785,736,495,275,0,0
2024,2024-01-29,Northbound,All Vehicles,218,103,124,159,401,1330,2193,1934,1847,1333,1332,1309,1227,1453,1351,1573,1748,1262,1313,953,859,790,549,311,0,0
2024,2024-01-30,Northbound,Light Vehicles,149,87,66,109,275,1101,1895,1447,1436,1203,1164,1262,1134,1209,1391,1276,1597,1250,1181,929,,,581,288,0,0
2024,2024-01-30,Northbound,Heavy Vehicles,38,47,37,49,105,191,372,255,210,239,216,235,214,196,206,147,139,97,90,83,,,52,33,0,0
2024,2024-01-30,Northbound,All Vehicles,187,134,103,158,380,1292,2267,1702,1646,1442,1380,1497,1348,1405,1597,1423,1736,1347,1271,1012,,,633,321,0,0
2024,2024-01-31,Northbound,Heavy Vehicles,42,39,40,54,114,197,393,301,208,253,262,254,193,217,162,141,131,88,,78,56,58,,,0,0
2024,2024-01-31,Northbound,Light Vehicles,156,81,67,106,283,1099,1987,1473,1452,1423,1288,1279,1137,1348,1323,1441,1515,1193,,1001,833,762,,,0,0
2024,2024-01-31,Northbound,All Vehicles,198,120,107,160,397,1296,2380,1774,1660,1676,1550,1533,1330,1565,1485,1582,1646,1281,,1079,889,820,,,0,0
2024,2024-02-01,Northbound,Light Vehicles,175,76,83,119,260,1082,1878,1699,1571,1692,1381,1121,1164,1321,1372,1337,1584,1312,1475,1055,1008,847,631,328,0,1
2024,2024-02-01,Northbound,Heavy Vehicles,40,35,49,53,98,222,401,278,204,300,284,236,171,234,182,172,126,82,112,104,72,61,46,38,0,1
2024,2024-02-01,Northbound,All Vehicles,215,111,132,172,358,1304,2279,1977,1775,1992,1665,1357,1335,1555,1554,1509,1710,1394,1587,1159,1080,908,677,366,0,1
2024,2024-02-02,Northbound,Light Vehicles,180,102,73,123,315,1076,1591,1635,1469,1397,1300,1310,1267,1496,1554,1490,1444,1680,1554,1120,936,815,746,742,0,1
2024,2024-02-02,Northbound,Heavy Vehicles,43,36,47,56,115,204,349,341,222,240,263,268,173,199,193,160,141,108,98,76,65,55,53,34,0,1
2024,2024-02-02,Northbound,All Vehicles,223,138,120,179,430,1280,1940,1976,1691,1637,1563,1578,1440,1695,1747,1650,1585,1788,1652,1196,1001,870,799,776,0,1
2024,2024-02-03,Northbound,Heavy Vehicles,35,26,26,30,42,92,200,198,185,128,122,125,79,102,97,102,112,76,72,51,37,61,41,22,0,1
2024,2024-02-03,Northbound,Light Vehicles,329,161,115,125,178,653,1214,1313,1607,1608,1630,1898,1429,1695,1643,1716,1629,1549,1420,1057,981,1027,858,610,0,1
2024,2024-02-03,Northbound,All Vehicles,364,187,141,155,220,745,1414,1511,1792,1736,1752,2023,1508,1797,1740,1818,1741,1625,1492,1108,1018,1088,899,632,0,1
2024,2024-02-04,Northbound,Light Vehicles,301,198,142,74,109,347,615,715,924,1334,1631,1702,1823,1826,1692,1563,1625,1529,1098,907,898,848,547,410,0,1
2024,2024-02-04,Northbound,Heavy Vehicles,25,14,16,12,23,22,53,71,91,68,79,84,75,85,79,73,74,71,67,74,64,43,49,42,0,1
2024,2024-02-04,Northbound,All Vehicles,326,212,158,86,132,369,668,786,1015,1402,1710,1786,1898,1911,1771,1636,1699,1600,1165,981,962,891,596,452,0,1
2024,2024-02-05,Northbound,Heavy Vehicles,50,44,58,48,103,217,411,286,174,251,258,257,221,222,172,166,130,121,,81,66,,44,46,0,1
2024,2024-02-05,Northbound,Light Vehicles,398,126,93,116,368,1156,2055,1452,1545,1337,1313,1222,1227,1280,1273,1296,1566,1385,,981,770,,503,259,0,1
2024,2024-02-05,Northbound,All Vehicles,448,170,151,164,471,1373,2466,1738,1719,1588,1571,1479,1448,1502,1445,1462,1696,1506,,1062,836,,547,305,0,1
2024,2024-02-06,Northbound,Heavy Vehicles,59,43,61,62,104,110,222,233,188,177,273,241,214,191,125,113,96,67,81,63,58,41,40,45,0,0
2024,2024-02-06,Northbound,Light Vehicles,140,73,82,107,309,898,1570,1243,1108,943,1249,1212,1167,1176,1154,1465,1473,1295,1289,890,784,725,527,243,0,0
2024,2024-02-06,Northbound,All Vehicles,199,116,143,169,413,1008,1792,1476,1296,1120,1522,1453,1381,1367,1279,1578,1569,1362,1370,953,842,766,567,288,0,0
2024,2024-02-07,Northbound,Light Vehicles,141,73,74,114,313,1098,1902,1563,1563,1424,1098,1277,1113,1224,1246,1242,1422,966,1258,999,787,,572,,0,0
2024,2024-02-07,Northbound,Heavy Vehicles,44,40,43,61,105,204,333,281,180,201,238,244,204,213,178,131,134,105,108,102,51,,46,,0,0
2024,2024-02-07,Northbound,All Vehicles,185,113,117,175,418,1302,2235,1844,1743,1625,1336,1521,1317,1437,1424,1373,1556,1071,1366,1101,838,,618,,0,0
2024,2024-02-08,Northbound,Heavy Vehicles,46,36,37,53,110,207,365,246,214,228,279,231,212,215,195,185,148,89,109,,,58,42,32,0,0
2024,2024-02-08,Northbound,Light Vehicles,168,90,78,104,317,1058,1903,1229,1258,1491,1431,1114,1243,1372,1274,1474,1631,1233,1336,,,897,597,329,0,0
2024,2024-02-08,Northbound,All Vehicles,214,126,115,157,427,1265,2268,1475,1472,1719,1710,1345,1455,1587,1469,1659,1779,1322,1445,,,955,639,361,0,0
2024,2024-02-09,Northbound,Heavy Vehicles,56,45,57,58,106,223,343,326,194,238,223,207,159,178,170,168,134,120,119,87,68,51,53,38,0,0
2024,2024-02-09,Northbound,Light Vehicles,162,97,74,119,316,1063,1618,1520,1377,1426,1264,1251,1233,1123,1457,1595,1723,1534,1532,1183,947,939,1057,674,0,0
2024,2024-02-09,Northbound,All Vehicles,218,142,131,177,422,1286,1961,1846,1571,1664,1487,1458,1392,1301,1627,1763,1857,1654,1651,1270,1015,990,1110,712,0,0
2024,2024-02-10,Northbound,Light Vehicles,365,226,144,109,167,546,1060,1116,1512,1725,1680,1609,1500,1607,1678,1882,1891,1831,1572,1065,980,1075,885,622,0,0
2024,2024-02-10,Northbound,Heavy Vehicles,28,20,16,32,27,86,155,161,140,103,99,93,78,79,94,77,87,86,79,42,42,36,33,46,0,0
2024,2024-02-10,Northbound,All Vehicles,393,246,160,141,194,632,1215,1277,1652,1828,1779,1702,1578,1686,1772,1959,1978,1917,1651,1107,1022,1111,918,668,0,0
2024,2024-02-11,Northbound,Light Vehicles,393,212,115,97,120,312,551,596,801,1352,1516,1515,1408,1487,1621,1766,1692,1711,1457,1130,996,866,600,292,0,0
2024,2024-02-11,Northbound,Heavy Vehicles,25,15,14,15,13,24,57,65,67,87,73,68,75,67,76,63,82,67,88,63,60,49,53,39,0,0
2024,2024-02-11,Northbound,All Vehicles,418,227,129,112,133,336,608,661,868,1439,1589,1583,1483,1554,1697,1829,1774,1778,1545,1193,1056,915,653,331,0,0
2024,2024-02-12,Northbound,Heavy Vehicles,36,31,41,46,102,234,399,248,215,243,266,209,209,176,160,163,146,148,101,89,63,79,47,40,0,0
2024,2024-02-12,Northbound,Light Vehicles,163,90,83,123,320,1191,2014,1497,1686,1512,1269,1063,1238,1237,1245,1330,1512,1485,1319,946,754,769,472,243,0,0
2024,2024-02-12,Northbound,All Vehicles,199,121,124,169,422,1425,2413,1745,1901,1755,1535,1272,1447,1413,1405,1493,1658,1633,1420,1035,817,848,519,283,0,0
2024,2024-02-13,Northbound,Heavy Vehicles,40,33,42,50,104,201,348,288,167,204,271,218,188,194,157,137,105,96,96,89,,91,48,43,0,0
2024,2024-02-13,Northbound,Light Vehicles,137,88,86,104,316,1172,1783,1569,1656,1634,1408,1125,1241,1405,1374,1406,1450,817,1205,946,,768,550,307,0,0
2024,2024-02-13,Northbound,All Vehicles,177,121,128,154,420,1373,2131,1857,1823,1838,1679,1343,1429,1599,1531,1543,1555,913,1301,1035,,859,598,350,0,0
2024,2024-02-14,Northbound,Light Vehicles,161,99,70,119,307,1123,1782,1657,1818,1532,1293,1258,1490,1793,1661,1685,1682,1038,1085,1128,826,852,634,335,0,0
2024,2024-02-14,Northbound,Heavy Vehicles,51,39,52,57,112,224,349,279,218,207,222,200,200,192,147,156,133,137,117,99,87,68,63,35,0,0
2024,2024-02-14,Northbound,All Vehicles,212,138,122,176,419,1347,2131,1936,2036,1739,1515,1458,1690,1985,1808,1841,1815,1175,1202,1227,913,920,697,370,0,0
2024,2024-02-15,Northbound,Heavy Vehicles,49,28,34,62,105,235,373,270,193,266,243,264,170,245,187,152,122,94,116,,80,,,33,0,0
2024,2024-02-15,Northbound,Light Vehicles,172,98,75,123,331,1117,1819,1425,1468,1588,1308,1256,1146,1426,1371,1329,1647,1125,1320,,882,,,292,0,0
2024,2024-02-15,Northbound,All Vehicles,221,126,109,185,436,1352,2192,1695,1661,1854,1551,1520,1316,1671,1558,1481,1769,1219,1436,,962,,,325,0,0
2024,2024-02-16,Northbound,Light Vehicles,183,88,71,106,248,1009,1828,1310,1422,1354,1135,1187,1427,1600,1385,1367,1604,1544,1485,1154,994,875,908,767,0,0
2024,2024-02-16,Northbound,Heavy Vehicles,31,33,44,58,121,216,349,271,196,233,241,232,210,222,113,191,139,101,115,80,73,49,66,59,0,0
2024,2024-02-16,Northbound,All Vehicles,214,121,115,164,369,1225,2177,1581,1618,1587,1376,1419,1637,1822,1498,1558,1743,1645,1600,1234,1067,924,974,826,0,0
2024,2024-02-17,Northbound,Light Vehicles,323,181,98,112,180,593,1307,1107,1459,1769,1559,1668,1386,1729,,1775,1868,1582,1472,1127,1112,1084,1064,883,0,0
2024,2024-02-17,Northbound,Heavy Vehicles,32,23,22,24,41,78,197,167,149,149,106,105,82,109,,97,94,82,70,62,41,48,54,46,0,0
2024,2024-02-17,Northbound,All Vehicles,355,204,120,136,221,671,1504,1274,1608,1918,1665,1773,1468,1838,,1872,1962,1664,1542,1189,1153,1132,1118,929,0,0
2024,2024-02-18,Northbound,Light Vehicles,369,199,118,103,129,333,555,674,946,1489,1672,1616,1876,1876,1608,1825,1589,1596,1217,1020,856,742,524,273,0,0
2024,2024-02-18,Northbound,Heavy Vehicles,24,23,18,11,22,35,38,65,78,88,81,90,76,74,69,70,52,65,72,65,56,55,46,28,0,0
2024,2024-02-18,Northbound,All Vehicles,393,222,136,114,151,368,593,739,1024,1577,1753,1706,1952,1950,1677,1895,1641,1661,1289,1085,912,797,570,301,0,0
2024,2024-02-19,Northbound,Light Vehicles,151,98,72,108,352,1139,1782,1562,1411,1624,1241,1114,1173,1007,1028,1118,967,557,1228,915,701,668,415,257,0,0
2024,2024-02-19,Northbound,Heavy Vehicles,30,29,38,48,101,205,306,307,164,276,254,213,191,180,127,135,113,100,99,69,73,60,44,33,0,0
2024,2024-02-19,Northbound,All Vehicles,181,127,110,156,453,1344,2088,1869,1575,1900,1495,1327,1364,1187,1155,1253,1080,657,1327,984,774,728,459,290,0,0
2024,2024-02-20,Northbound,Heavy Vehicles,44,35,40,50,95,201,330,279,183,210,223,159,163,143,197,170,151,101,112,89,60,59,45,40,0,0
2024,2024-02-20,Northbound,Light Vehicles,109,57,74,105,280,1081,1771,1772,1663,1430,1344,968,1116,1053,1285,1548,1530,1241,1252,995,806,774,587,562,0,0
2024,2024-02-20,Northbound,All Vehicles,153,92,114,155,375,1282,2101,2051,1846,1640,1567,1127,1279,1196,1482,1718,1681,1342,1364,1084,866,833,632,602,0,0
2024,2024-02-21,Northbound,Heavy Vehicles,45,32,38,72,101,224,326,273,192,219,270,245,193,216,146,144,121,104,102,90,,72,59,52,0,0
2024,2024-02-21,Northbound,Light Vehicles,212,94,67,127,325,1089,1684,1690,1584,1319,1285,1297,1206,1424,1324,1422,1514,1168,1480,942,,832,622,281,0,0
2024,2024-02-21,Northbound,All Vehicles,257,126,105,199,426,1313,2010,1963,1776,1538,1555,1542,1399,1640,1470,1566,1635,1272,1582,1032,,904,681,333,0,0
2024,2024-02-22,Northbound,Heavy Vehicles,42,46,45,55,111,193,333,320,189,248,241,247,173,184,186,157,126,86,103,93,76,77,44,54,0,0
2024,2024-02-22,Northbound,Light Vehicles,171,93,70,110,315,1128,1622,1590,1468,1552,1299,1372,1103,1278,1494,1422,1543,1214,1366,1194,1022,946,659,696,0,0
2024,2024-02-22,Northbound,All Vehicles,213,139,115,165,426,1321,1955,1910,1657,1800,1540,1619,1276,1462,1680,1579,1669,1300,1469,1287,1098,1023,703,750,0,0
2024,2024-02-25,Northbound,Light Vehicles,1046,302,165,112,128,339,619,692,919,1376,1716,1813,1802,1832,1714,1717,1598,1584,1286,983,,857,644,953,0,0
2024,2024-02-25,Northbound,Heavy Vehicles,58,18,18,12,26,25,57,89,70,93,95,77,80,80,81,93,90,80,73,71,,66,54,106,0,0
2024,2024-02-25,Northbound,All Vehicles,1104,320,183,124,154,364,676,781,989,1469,1811,1890,1882,1912,1795,1810,1688,1664,1359,1054,,923,698,1059,0,0
2024,2024-02-26,Northbound,Heavy Vehicles,66,32,45,51,103,226,341,274,200,276,259,243,219,240,148,139,127,111,120,85,78,63,40,101,0,0
2024,2024-02-26,Northbound,Light Vehicles,914,148,76,125,334,1176,1691,1620,1673,1525,1318,1243,1149,1348,1120,1256,1464,1216,1180,1062,846,723,535,1037,0,0
2024,2024-02-26,Northbound,All Vehicles,980,180,121,176,437,1402,2032,1894,1873,1801,1577,1486,1368,1588,1268,1395,1591,1327,1300,1147,924,786,575,1138,0,0
2024,2024-02-27,Northbound,Heavy Vehicles,84,31,55,60,107,204,295,225,174,194,247,209,223,200,184,170,127,,96,72,74,68,,,0,0
2024,2024-02-27,Northbound,Light Vehicles,721,99,82,114,319,1179,1677,1667,1192,1234,1279,1070,1148,1174,1451,1445,1368,,1208,949,910,811,,,0,0
2024,2024-02-27,Northbound,All Vehicles,805,130,137,174,426,1383,1972,1892,1366,1428,1526,1279,1371,1374,1635,1615,1495,,1304,1021,984,879,,,0,0
2024,2024-02-28,Northbound,Heavy Vehicles,36,35,43,63,111,230,384,301,203,238,318,216,237,192,182,135,80,71,64,73,,65,32,,0,0
2024,2024-02-28,Northbound,Light Vehicles,145,79,73,127,316,1146,1962,1484,1728,1547,1495,1156,1261,1318,1403,1515,1478,1155,1232,1001,,841,440,,0,0
2024,2024-02-28,Northbound,All Vehicles,181,114,116,190,427,1376,2346,1785,1931,1785,1813,1372,1498,1510,1585,1650,1558,1226,1296,1074,,906,472,,0,0
2024,2024-02-29,Northbound,Light Vehicles,142,81,63,105,320,1190,1624,1535,1637,1193,1444,1198,803,901,986,1217,954,949,783,714,765,663,306,442,0,0
2024,2024-02-29,Northbound,Heavy Vehicles,40,37,44,50,82,165,215,183,144,167,240,167,113,101,131,144,72,69,43,39,38,25,14,27,0,0
2024,2024-02-29,Northbound,All Vehicles,182,118,107,155,402,1355,1839,1718,1781,1360,1684,1365,916,1002,1117,1361,1026,1018,826,753,803,688,320,469,0,0
2024,2024-03-01,Northbound,Heavy Vehicles,23,29,49,51,113,222,346,264,221,271,227,237,234,259,135,169,120,,115,86,75,51,41,33,0,0
2024,2024-03-01,Northbound,Light Vehicles,155,93,89,103,306,1123,1727,1405,1557,1447,1276,1350,1416,1547,1249,1421,1353,,1466,1272,913,989,767,805,0,0
2024,2024-03-01,Northbound,All Vehicles,178,122,138,154,419,1345,2073,1669,1778,1718,1503,1587,1650,1806,1384,1590,1473,,1581,1358,988,1040,808,838,0,0
2024,2024-03-02,Northbound,Light Vehicles,333,190,109,103,188,631,1288,1260,1554,1492,1807,1590,1548,1652,1552,1757,1713,1553,1376,1111,929,938,941,933,0,0
2024,2024-03-02,Northbound,Heavy Vehicles,33,25,27,28,41,77,184,220,170,117,155,92,82,105,83,84,79,94,73,57,57,41,50,51,0,0
2024,2024-03-02,Northbound,All Vehicles,366,215,136,131,229,708,1472,1480,1724,1609,1962,1682,1630,1757,1635,1841,1792,1647,1449,1168,986,979,991,984,0,0
2024,2024-03-03,Northbound,Heavy Vehicles,36,24,13,14,20,18,52,75,82,74,100,102,76,70,87,74,63,69,68,58,46,47,30,39,0,0
2024,2024-03-03,Northbound,Light Vehicles,938,254,161,109,144,316,599,692,864,1255,1684,1294,1564,1683,1763,1706,1596,1577,1280,1055,1018,783,520,316,0,0
2024,2024-03-03,Northbound,All Vehicles,974,278,174,123,164,334,651,767,946,1329,1784,1396,1640,1753,1850,1780,1659,1646,1348,1113,1064,830,550,355,0,0
2024,2024-03-04,Northbound,Light Vehicles,162,91,78,134,348,1246,1984,1446,1670,1476,1404,984,1180,1140,1315,1409,1326,1416,1295,976,,721,481,252,0,0
2024,2024-03-04,Northbound,Heavy Vehicles,28,30,39,43,93,232,378,257,172,224,264,226,233,210,165,158,108,108,99,74,,47,42,36,0,0
2024,2024-03-04,Northbound,All Vehicles,190,121,117,177,441,1478,2362,1703,1842,1700,1668,1210,1413,1350,1480,1567,1434,1524,1394,1050,,768,523,288,0,0
2024,2024-03-05,Northbound,Light Vehicles,113,81,60,110,325,1169,1668,1231,1691,1424,1397,1165,1129,1385,1373,1446,1350,1054,1116,961,,789,,294,0,0
2024,2024-03-05,Northbound,Heavy Vehicles,45,39,38,64,105,202,302,228,195,219,276,222,182,207,174,148,127,89,88,70,,61,,49,0,0
2024,2024-03-05,Northbound,All Vehicles,158,120,98,174,430,1371,1970,1459,1886,1643,1673,1387,1311,1592,1547,1594,1477,1143,1204,1031,,850,,343,0,0
2024,2024-03-06,Northbound,Light Vehicles,155,79,72,104,316,1122,1671,1145,1455,1394,1319,1223,1284,1336,1296,1466,1496,1224,1315,1077,,,583,291,0,0
2024,2024-03-06,Northbound,Heavy Vehicles,52,41,40,56,98,221,351,222,174,231,234,236,216,194,164,162,140,90,94,92,,,57,32,0,0
2024,2024-03-06,Northbound,All Vehicles,207,120,112,160,414,1343,2022,1367,1629,1625,1553,1459,1500,1530,1460,1628,1636,1314,1409,1169,,,640,323,0,0
2024,2024-03-07,Northbound,Light Vehicles,148,104,75,106,305,1164,1824,1423,1232,1319,1243,1308,1306,1361,1456,1416,1388,1120,1298,1113,1023,946,440,,0,0
2024,2024-03-07,Northbound,Heavy Vehicles,40,32,41,57,108,223,352,280,171,204,219,226,222,216,168,159,112,93,95,68,76,70,35,,0,0
2024,2024-03-07,Northbound,All Vehicles,188,136,116,163,413,1387,2176,1703,1403,1523,1462,1534,1528,1577,1624,1575,1500,1213,1393,1181,1099,1016,475,,0,0
2024,2024-03-08,Northbound,Heavy Vehicles,,,,,88,214,288,226,194,190,245,224,160,175,113,97,97,95,116,83,58,62,49,34,0,0
2024,2024-03-08,Northbound,Light Vehicles,,,,,272,1124,1259,968,1240,1167,1376,1345,1261,1212,571,822,1339,1167,1550,1140,1007,957,820,514,0,0
2024,2024-03-08,Northbound,All Vehicles,,,,,360,1338,1547,1194,1434,1357,1621,1569,1421,1387,684,919,1436,1262,1666,1223,1065,1019,869,548,0,0
2024,2024-03-09,Northbound,Light Vehicles,295,182,147,104,219,637,1291,1368,1573,1750,1631,1730,1528,1685,1857,1830,1838,,1532,1050,1036,1051,1083,819,0,0
2024,2024-03-09,Northbound,Heavy Vehicles,38,18,28,38,44,84,189,198,152,136,113,103,88,91,87,86,105,,67,63,48,46,59,36,0,0
2024,2024-03-09,Northbound,All Vehicles,333,200,175,142,263,721,1480,1566,1725,1886,1744,1833,1616,1776,1944,1916,1943,,1599,1113,1084,1097,1142,855,0,0
2024,2024-03-10,Northbound,Heavy Vehicles,24,17,18,18,20,27,51,74,62,81,71,72,90,64,68,92,72,65,70,74,53,51,,37,0,0
2024,2024-03-10,Northbound,Light Vehicles,359,221,136,105,163,360,624,675,1008,1293,1568,1520,1706,1639,1397,1719,1647,1556,1235,1093,951,825,,311,0,0
2024,2024-03-10,Northbound,All Vehicles,383,238,154,123,183,387,675,749,1070,1374,1639,1592,1796,1703,1465,1811,1719,1621,1305,1167,1004,876,,348,0,0
2024,2024-03-11,Northbound,Heavy Vehicles,40,29,43,57,81,213,379,243,187,259,285,256,228,196,177,170,139,116,95,82,74,62,55,29,0,0
2024,2024-03-11,Northbound,Light Vehicles,174,97,87,121,339,1185,1952,1383,1674,1402,1478,1249,1154,1229,1352,1431,1470,1377,1260,1007,793,686,479,256,0,0
2024,2024-03-11,Northbound,All Vehicles,214,126,130,178,420,1398,2331,1626,1861,1661,1763,1505,1382,1425,1529,1601,1609,1493,1355,1089,867,748,534,285,0,0
2024,2024-03-12,Northbound,Light Vehicles,159,92,77,101,309,1189,2047,1648,1493,1575,1266,1311,1272,1110,,1402,1408,1106,,1015,924,749,604,609,0,0
2024,2024-03-12,Northbound,Heavy Vehicles,46,33,43,61,110,181,389,294,147,258,226,240,222,200,,153,121,108,,74,83,71,51,55,0,0
2024,2024-03-12,Northbound,All Vehicles,205,125,120,162,419,1370,2436,1942,1640,1833,1492,1551,1494,1310,,1555,1529,1214,,1089,1007,820,655,664,0,0
2024,2024-03-13,Northbound,Light Vehicles,197,90,69,119,318,1234,1858,1452,1490,1493,1426,1357,1321,1396,1382,1375,1455,,1227,1011,892,799,561,737,0,0
2024,2024-03-13,Northbound,Heavy Vehicles,41,37,37,58,100,233,342,247,177,212,265,280,230,217,148,173,120,,102,91,80,78,48,45,0,0
2024,2024-03-13,Northbound,All Vehicles,238,127,106,177,418,1467,2200,1699,1667,1705,1691,1637,1551,1613,1530,1548,1575,,1329,1102,972,877,609,782,0,0
2024,2024-03-14,Northbound,Heavy Vehicles,41,32,48,56,104,214,361,279,185,216,267,263,212,238,185,158,124,107,90,82,91,84,42,44,0,0
2024,2024-03-14,Northbound,Light Vehicles,220,106,80,123,322,1188,1827,1505,1653,1431,1326,1410,1295,1469,1462,1512,1481,1377,1354,1147,1044,912,739,609,0,0
2024,2024-03-14,Northbound,All Vehicles,261,138,128,179,426,1402,2188,1784,1838,1647,1593,1673,1507,1707,1647,1670,1605,1484,1444,1229,1135,996,781,653,0,0
2024,2024-03-15,Northbound,Heavy Vehicles,40,32,43,57,115,189,353,281,171,286,244,190,203,161,163,148,133,99,109,81,74,65,50,42,0,0
2024,2024-03-15,Northbound,Light Vehicles,181,101,93,106,326,1034,1840,1520,1426,1552,1263,1189,1350,1379,1557,1557,1534,1351,1377,1118,1031,1005,955,574,0,0
2024,2024-03-15,Northbound,All Vehicles,221,133,136,163,441,1223,2193,1801,1597,1838,1507,1379,1553,1540,1720,1705,1667,1450,1486,1199,1105,1070,1005,616,0,0
2024,2024-03-16,Northbound,Heavy Vehicles,28,24,16,23,42,72,189,207,113,115,110,106,95,89,93,103,88,95,85,70,63,44,38,76,0,0
2024,2024-03-16,Northbound,Light Vehicles,303,183,121,127,192,601,1249,1276,1258,1560,1623,1831,1604,1719,1730,1783,1722,1668,1421,1078,1077,1007,869,1061,0,0
2024,2024-03-16,Northbound,All Vehicles,331,207,137,150,234,673,1438,1483,1371,1675,1733,1937,1699,1808,1823,1886,1810,1763,1506,1148,1140,1051,907,1137,0,0
2024,2024-03-17,Northbound,Heavy Vehicles,73,21,21,20,17,25,33,55,53,67,74,75,79,72,77,79,65,74,68,60,50,54,33,34,0,0
2024,2024-03-17,Northbound,Light Vehicles,1175,262,132,110,123,335,544,525,747,1266,1532,1350,1758,1794,1616,1732,1584,1506,1133,982,872,837,536,309,0,0
2024,2024-03-17,Northbound,All Vehicles,1248,283,153,130,140,360,577,580,800,1333,1606,1425,1837,1866,1693,1811,1649,1580,1201,1042,922,891,569,343,0,0
2024,2024-03-18,Northbound,Light Vehicles,189,92,74,135,298,1125,1663,1604,1641,1552,1053,1253,1085,1347,1079,1472,1409,1367,1231,763,777,626,477,241,0,0
2024,2024-03-18,Northbound,Heavy Vehicles,33,30,42,49,86,221,322,288,181,253,201,227,169,220,149,147,124,119,87,70,63,60,47,25,0,0
2024,2024-03-18,Northbound,All Vehicles,222,122,116,184,384,1346,1985,1892,1822,1805,1254,1480,1254,1567,1228,1619,1533,1486,1318,833,840,686,524,266,0,0
2024,2024-03-19,Northbound,Light Vehicles,130,84,89,105,314,1107,1816,1143,1395,1347,1212,1120,1135,1054,1261,1321,1343,1120,709,920,839,780,,276,0,0
2024,2024-03-19,Northbound,Heavy Vehicles,47,24,40,51,88,193,331,198,168,174,228,208,214,169,172,108,117,100,94,75,86,55,,42,0,0
2024,2024-03-19,Northbound,All Vehicles,177,108,129,156,402,1300,2147,1341,1563,1521,1440,1328,1349,1223,1433,1429,1460,1220,803,995,925,835,,318,0,0
2024,2024-03-20,Northbound,Heavy Vehicles,47,44,50,66,114,209,384,285,173,237,234,233,255,226,181,154,135,87,101,,36,,47,34,0,0
2024,2024-03-20,Northbound,Light Vehicles,158,115,93,112,315,1093,1936,1665,1610,1642,1238,1297,1412,1465,1435,1400,1617,1166,1318,,328,,620,321,0,0
2024,2024-03-20,Northbound,All Vehicles,205,159,143,178,429,1302,2320,1950,1783,1879,1472,1530,1667,1691,1616,1554,1752,1253,1419,,364,,667,355,0,0
2024,2024-03-21,Northbound,Light Vehicles,168,91,91,128,329,1158,1843,838,1174,1497,1304,1275,1106,1303,1376,1492,,,1222,1074,874,925,674,466,0,0
2024,2024-03-21,Northbound,Heavy Vehicles,52,35,50,51,110,222,361,185,189,240,243,209,177,219,169,162,,,101,86,64,69,38,42,0,0
2024,2024-03-21,Northbound,All Vehicles,220,126,141,179,439,1380,2204,1023,1363,1737,1547,1484,1283,1522,1545,1654,,,1323,1160,938,994,712,508,0,0
2024,2024-03-22,Northbound,Light Vehicles,183,116,91,145,302,1112,1816,1285,1713,1316,1314,1364,1262,1434,1511,1480,1460,1213,1304,1150,999,1121,939,597,0,0
2024,2024-03-22,Northbound,Heavy Vehicles,50,33,42,57,117,235,372,232,214,231,249,240,201,200,175,163,142,100,105,88,80,71,67,43,0,0
2024,2024-03-22,Northbound,All Vehicles,233,149,133,202,419,1347,2188,1517,1927,1547,1563,1604,1463,1634,1686,1643,1602,1313,1409,1238,1079,1192,1006,640,0,0
2024,2024-03-23,Northbound,Light Vehicles,391,200,155,117,181,602,1418,1252,1273,1511,1483,1701,1685,1764,1731,1873,1765,1891,1448,1122,1063,1185,1035,,0,0
2024,2024-03-23,Northbound,Heavy Vehicles,31,14,27,25,38,83,193,207,152,121,98,121,107,98,93,89,80,99,77,79,83,57,62,,0,0
2024,2024-03-23,Northbound,All Vehicles,422,214,182,142,219,685,1611,1459,1425,1632,1581,1822,1792,1862,1824,1962,1845,1990,1525,1201,1146,1242,1097,,0,0
2024,2024-03-24,Northbound,Light Vehicles,415,217,130,122,139,414,682,605,781,1223,1533,1662,1828,1841,1710,1874,1767,1537,1328,,,937,634,342,0,0
2024,2024-03-24,Northbound,Heavy Vehicles,25,18,16,12,25,36,44,51,81,93,96,95,92,99,75,94,89,76,66,,,69,51,27,0,0
2024,2024-03-24,Northbound,All Vehicles,440,235,146,134,164,450,726,656,862,1316,1629,1757,1920,1940,1785,1968,1856,1613,1394,,,1006,685,369,0,0
2024,2024-03-25,Northbound,Heavy Vehicles,32,21,42,50,98,243,391,261,191,249,282,203,205,230,211,159,142,,95,83,97,,57,32,0,0
2024,2024-03-25,Northbound,Light Vehicles,184,103,83,126,346,1203,1922,1632,1688,1366,1276,1081,1211,1351,1292,1391,1489,,1248,1021,865,,515,240,0,0
2024,2024-03-25,Northbound,All Vehicles,216,124,125,176,444,1446,2313,1893,1879,1615,1558,1284,1416,1581,1503,1550,1631,,1343,1104,962,,572,272,0,0
2024,2024-03-26,Northbound,Light Vehicles,16,9,5,13,54,294,533,381,408,445,179,221,219,39,139,139,288,,261,177,135,130,103,38,0,0
2024,2024-03-26,Northbound,Heavy Vehicles,3,,1,2,6,40,82,69,35,56,31,29,24,6,12,23,29,,30,6,10,9,7,3,0,0
2024,2024-03-26,Northbound,All Vehicles,19,9,6,15,60,334,615,450,443,501,210,250,243,45,151,162,317,,291,183,145,139,110,41,0,0
2024,2024-03-27,Northbound,Light Vehicles,170,78,78,127,334,1201,1902,1315,1634,1608,1260,1299,1312,1405,1387,1477,1438,1068,1394,1049,1011,978,715,307,0,0
2024,2024-03-27,Northbound,Heavy Vehicles,36,31,40,49,117,208,374,234,201,253,269,256,232,208,184,169,143,90,133,90,91,80,59,42,0,0
2024,2024-03-27,Northbound,All Vehicles,206,109,118,176,451,1409,2276,1549,1835,1861,1529,1555,1544,1613,1571,1646,1581,1158,1527,1139,1102,1058,774,349,0,0
2024,2024-03-28,Northbound,Light Vehicles,189,95,94,139,359,1131,1639,1365,1597,1509,1313,1166,1231,1498,1431,1588,1277,1366,1516,1333,1148,1169,896,529,0,0
2024,2024-03-28,Northbound,Heavy Vehicles,49,33,31,62,101,182,295,255,198,231,265,229,191,181,180,165,88,111,115,96,99,79,66,33,0,0
2024,2024-03-28,Northbound,All Vehicles,238,128,125,201,460,1313,1934,1620,1795,1740,1578,1395,1422,1679,1611,1753,1365,1477,1631,1429,1247,1248,962,562,0,0
2024,2024-03-29,Northbound,Heavy Vehicles,21,10,27,20,45,49,59,54,67,53,58,61,52,49,49,36,49,39,41,47,30,48,27,26,0,0
2024,2024-03-29,Northbound,Light Vehicles,250,158,113,131,247,411,619,535,609,864,944,1044,1081,967,946,1004,909,987,867,842,773,849,719,399,0,0
2024,2024-03-29,Northbound,All Vehicles,271,168,140,151,292,460,678,589,676,917,1002,1105,1133,1016,995,1040,958,1026,908,889,803,897,746,425,0,0
2024,2024-03-30,Northbound,Heavy Vehicles,16,19,19,21,29,40,93,111,115,99,102,78,92,83,77,98,79,62,79,60,63,61,30,28,0,0
2024,2024-03-30,Northbound,Light Vehicles,324,202,133,103,135,366,734,800,1058,1535,1628,1743,1519,1544,1466,1700,1529,1443,1279,1017,999,1109,889,772,0,0
2024,2024-03-30,Northbound,All Vehicles,340,221,152,124,164,406,827,911,1173,1634,1730,1821,1611,1627,1543,1798,1608,1505,1358,1077,1062,1170,919,800,0,0
2024,2024-03-31,Northbound,Light Vehicles,418,216,132,110,113,260,447,501,709,1094,1482,1538,1425,1196,1244,1424,1305,1361,1048,1099,1021,1046,900,475,0,0
2024,2024-03-31,Northbound,Heavy Vehicles,21,14,9,11,8,14,27,42,49,61,71,69,40,59,63,62,66,77,61,62,60,65,40,28,0,0
2024,2024-03-31,Northbound,All Vehicles,439,230,141,121,121,274,474,543,758,1155,1553,1607,1465,1255,1307,1486,1371,1438,1109,1161,1081,1111,940,503,0,0
2024,2024-04-01,Northbound,Heavy Vehicles,16,15,16,21,36,37,49,55,54,63,65,69,50,52,45,39,51,37,46,63,54,46,50,28,0,0
2024,2024-04-01,Northbound,Light Vehicles,228,156,98,74,93,257,412,441,520,841,918,1077,1012,1115,984,1056,1066,996,846,780,692,713,512,241,0,0
2024,2024-04-01,Northbound,All Vehicles,244,171,114,95,129,294,461,496,574,904,983,1146,1062,1167,1029,1095,1117,1033,892,843,746,759,562,269,0,0
2024,2024-04-02,Northbound,Light Vehicles,172,81,77,119,284,970,1811,1565,1577,1675,1227,1266,1293,1524,1298,1314,1248,1254,1324,926,818,780,554,323,0,0
2024,2024-04-02,Northbound,Heavy Vehicles,37,24,35,55,100,176,366,266,186,229,225,254,200,185,158,149,96,92,112,86,73,81,51,40,0,0
2024,2024-04-02,Northbound,All Vehicles,209,105,112,174,384,1146,2177,1831,1763,1904,1452,1520,1493,1709,1456,1463,1344,1346,1436,1012,891,861,605,363,0,0
2024,2024-04-03,Northbound,Light Vehicles,166,105,80,111,296,1189,1778,1208,1692,1442,1439,1263,1304,1325,1259,1462,1498,1181,1289,944,893,761,538,299,0,0
2024,2024-04-03,Northbound,Heavy Vehicles,41,30,48,50,116,219,329,240,181,241,259,263,213,208,173,165,140,94,87,71,72,63,51,32,0,0
2024,2024-04-03,Northbound,All Vehicles,207,135,128,161,412,1408,2107,1448,1873,1683,1698,1526,1517,1533,1432,1627,1638,1275,1376,1015,965,824,589,331,0,0
2024,2024-04-04,Northbound,Heavy Vehicles,46,25,31,47,91,200,328,293,208,263,255,234,154,188,148,155,115,85,82,72,58,48,40,44,0,0
2024,2024-04-04,Northbound,Light Vehicles,167,101,87,102,304,1103,1795,1594,1670,1585,1446,1299,1161,1187,1244,1333,1442,1274,1175,992,927,804,548,303,0,0
2024,2024-04-04,Northbound,All Vehicles,213,126,118,149,395,1303,2123,1887,1878,1848,1701,1533,1315,1375,1392,1488,1557,1359,1257,1064,985,852,588,347,0,0
2024,2024-04-05,Northbound,Heavy Vehicles,34,27,31,46,98,141,205,158,169,203,210,158,149,170,136,130,107,82,73,53,59,46,47,28,0,0
2024,2024-04-05,Northbound,Light Vehicles,160,78,96,96,309,869,1236,1190,1488,1356,1312,992,1069,1311,1166,1105,1191,1023,1102,823,642,632,512,274,0,0
2024,2024-04-05,Northbound,All Vehicles,194,105,127,142,407,1010,1441,1348,1657,1559,1522,1150,1218,1481,1302,1235,1298,1105,1175,876,701,678,559,302,0,0
2024,2024-04-07,Northbound,Heavy Vehicles,21,14,21,7,18,24,42,76,65,99,70,88,69,72,57,75,56,65,53,50,45,48,36,28,0,0
2024,2024-04-07,Northbound,Light Vehicles,439,234,240,71,123,362,605,665,868,1502,1551,1844,1710,1783,1841,1594,1484,1354,1161,960,858,718,474,316,0,0
2024,2024-04-07,Northbound,All Vehicles,460,248,261,78,141,386,647,741,933,1601,1621,1932,1779,1855,1898,1669,1540,1419,1214,1010,903,766,510,344,0,0
2024,2024-04-08,Northbound,Light Vehicles,151,92,75,124,359,1247,1814,1281,1447,1310,1118,1223,1108,1133,1192,1229,1370,1308,1190,928,772,688,455,,0,0
2024,2024-04-08,Northbound,Heavy Vehicles,32,16,23,42,84,219,359,245,174,230,196,192,216,194,180,134,120,102,82,70,68,57,40,,0,0
2024,2024-04-08,Northbound,All Vehicles,183,108,98,166,443,1466,2173,1526,1621,1540,1314,1415,1324,1327,1372,1363,1490,1410,1272,998,840,745,495,,0,0
2024,2024-04-09,Northbound,Heavy Vehicles,41,26,43,59,92,202,329,206,195,184,240,242,220,209,163,115,108,87,72,66,80,65,50,55,0,0
2024,2024-04-09,Northbound,Light Vehicles,132,84,88,121,325,1163,1594,918,1332,1009,1224,1222,1229,1332,1316,1148,1050,1009,979,819,777,666,475,250,0,0
2024,2024-04-09,Northbound,All Vehicles,173,110,131,180,417,1365,1923,1124,1527,1193,1464,1464,1449,1541,1479,1263,1158,1096,1051,885,857,731,525,305,0,0
2024,2024-04-10,Northbound,Light Vehicles,134,80,79,115,315,1064,1837,1366,1556,1259,1373,1337,1379,1405,1436,1365,1323,1134,1386,,845,776,567,309,0,0
2024,2024-04-10,Northbound,Heavy Vehicles,29,31,39,71,114,212,390,235,199,204,255,238,246,222,173,170,133,83,114,,56,63,52,39,0,0
2024,2024-04-10,Northbound,All Vehicles,163,111,118,186,429,1276,2227,1601,1755,1463,1628,1575,1625,1627,1609,1535,1456,1217,1500,,901,839,619,348,0,0
2024,2024-04-11,Northbound,Light Vehicles,147,78,78,129,311,1145,1728,1170,1556,1189,1235,1070,1285,1122,1225,1385,1356,1011,1205,1100,887,834,511,,0,0
2024,2024-04-11,Northbound,Heavy Vehicles,32,30,42,53,99,219,371,223,207,246,289,221,248,187,157,132,108,63,98,64,67,61,49,,0,0
2024,2024-04-11,Northbound,All Vehicles,179,108,120,182,410,1364,2099,1393,1763,1435,1524,1291,1533,1309,1382,1517,1464,1074,1303,1164,954,895,560,,0,0
2024,2024-04-12,Northbound,Light Vehicles,157,93,98,131,333,1073,1657,1395,1645,1404,1269,1424,1415,1386,1532,1478,1464,,1405,1099,912,827,710,649,0,0
2024,2024-04-12,Northbound,Heavy Vehicles,46,25,45,53,117,213,351,283,244,245,283,265,222,213,183,159,122,,106,77,51,57,51,38,0,0
2024,2024-04-12,Northbound,All Vehicles,203,118,143,184,450,1286,2008,1678,1889,1649,1552,1689,1637,1599,1715,1637,1586,,1511,1176,963,884,761,687,0,0
2024,2024-04-13,Northbound,Heavy Vehicles,42,24,23,28,40,94,211,212,153,112,138,99,86,81,81,85,70,59,61,50,48,38,39,17,0,0
2024,2024-04-13,Northbound,Light Vehicles,333,194,134,140,206,708,1436,1191,1252,1434,1645,1508,1529,1614,1571,1599,1621,1590,1341,1081,894,946,996,664,0,0
2024,2024-04-13,Northbound,All Vehicles,375,218,157,168,246,802,1647,1403,1405,1546,1783,1607,1615,1695,1652,1684,1691,1649,1402,1131,942,984,1035,681,0,0
2024,2024-04-14,Northbound,Heavy Vehicles,21,16,10,13,19,25,63,59,85,94,66,75,74,63,44,59,68,68,65,59,44,54,39,41,0,0
2024,2024-04-14,Northbound,Light Vehicles,343,198,142,108,125,390,616,759,881,1461,1410,1714,1690,1615,1386,1707,1517,1379,1173,976,853,775,558,602,0,0
2024,2024-04-14,Northbound,All Vehicles,364,214,152,121,144,415,679,818,966,1555,1476,1789,1764,1678,1430,1766,1585,1447,1238,1035,897,829,597,643,0,0
2024,2024-04-15,Northbound,Light Vehicles,185,92,70,122,352,1209,1752,1554,1538,1205,1422,1227,1312,1315,1258,1556,1323,1369,1233,932,761,593,441,251,0,0
2024,2024-04-15,Northbound,Heavy Vehicles,34,21,28,46,94,224,375,317,242,253,292,291,286,229,147,178,148,96,114,80,69,58,40,29,0,0
2024,2024-04-15,Northbound,All Vehicles,219,113,98,168,446,1433,2127,1871,1780,1458,1714,1518,1598,1544,1405,1734,1471,1465,1347,1012,830,651,481,280,0,0
2024,2024-04-16,Northbound,Light Vehicles,135,79,73,112,306,1143,1695,1531,1667,1313,1369,1283,1208,1244,1259,1388,1486,,1147,926,780,733,518,,0,0
2024,2024-04-16,Northbound,Heavy Vehicles,25,29,47,48,113,206,327,283,187,219,263,239,218,206,169,157,118,,89,81,64,73,45,,0,0
2024,2024-04-16,Northbound,All Vehicles,160,108,120,160,419,1349,2022,1814,1854,1532,1632,1522,1426,1450,1428,1545,1604,,1236,1007,844,806,563,,0,0
2024,2024-04-17,Northbound,Heavy Vehicles,41,23,44,59,107,233,381,318,187,211,251,220,188,191,168,166,141,101,101,75,64,66,51,35,0,0
2024,2024-04-17,Northbound,Light Vehicles,149,88,81,97,310,1168,1801,1671,1666,1273,1335,1365,1164,1363,1228,1463,1411,1219,1310,1013,816,758,549,297,0,0
2024,2024-04-17,Northbound,All Vehicles,190,111,125,156,417,1401,2182,1989,1853,1484,1586,1585,1352,1554,1396,1629,1552,1320,1411,1088,880,824,600,332,0,0
2024,2024-04-18,Northbound,Light Vehicles,171,76,80,106,329,1108,1811,1077,284,949,869,1223,1339,1398,,1452,1498,1511,1535,1072,877,854,585,304,0,0
2024,2024-04-18,Northbound,Heavy Vehicles,49,27,39,49,95,234,390,251,108,228,166,233,209,229,,137,130,109,102,90,81,66,45,35,0,0
2024,2024-04-18,Northbound,All Vehicles,220,103,119,155,424,1342,2201,1328,392,1177,1035,1456,1548,1627,,1589,1628,1620,1637,1162,958,920,630,339,0,0
2024,2024-04-19,Northbound,Heavy Vehicles,42,21,45,55,104,204,362,300,263,258,254,217,182,185,188,188,,133,107,92,61,63,47,30,0,0
2024,2024-04-19,Northbound,Light Vehicles,170,96,97,114,332,1009,1759,1496,1663,1530,1328,1355,1179,1379,1552,1542,,1552,1471,1070,860,905,738,452,0,0
2024,2024-04-19,Northbound,All Vehicles,212,117,142,169,436,1213,2121,1796,1926,1788,1582,1572,1361,1564,1740,1730,,1685,1578,1162,921,968,785,482,0,0
2024,2024-04-20,Northbound,Heavy Vehicles,25,20,12,22,33,75,169,190,132,122,93,96,76,78,77,91,88,68,55,49,54,39,34,20,0,0
2024,2024-04-20,Northbound,Light Vehicles,269,159,100,98,140,485,1137,933,1102,1461,1476,1507,1604,1486,1699,1790,1562,1518,1303,934,946,742,719,489,0,0
2024,2024-04-20,Northbound,All Vehicles,294,179,112,120,173,560,1306,1123,1234,1583,1569,1603,1680,1564,1776,1881,1650,1586,1358,983,1000,781,753,509,0,0
2024,2024-04-21,Northbound,Light Vehicles,391,204,136,96,115,300,552,529,797,1234,1432,1279,1580,1583,1576,1702,1807,1730,1408,1052,950,726,460,279,0,0
2024,2024-04-21,Northbound,Heavy Vehicles,15,15,13,11,18,25,49,63,70,77,80,70,74,82,76,73,76,83,75,62,56,57,40,37,0,0
2024,2024-04-21,Northbound,All Vehicles,406,219,149,107,133,325,601,592,867,1311,1512,1349,1654,1665,1652,1775,1883,1813,1483,1114,1006,783,500,316,0,0
2024,2024-04-22,Northbound,Heavy Vehicles,39,26,47,42,91,203,404,282,210,219,248,258,217,199,157,155,128,103,125,94,70,54,43,40,0,0
2024,2024-04-22,Northbound,Light Vehicles,158,88,77,118,382,1197,1893,1442,1772,1289,1326,1293,1160,1336,1084,1439,1486,1476,1270,919,737,629,493,256,0,0
2024,2024-04-22,Northbound,All Vehicles,197,114,124,160,473,1400,2297,1724,1982,1508,1574,1551,1377,1535,1241,1594,1614,1579,1395,1013,807,683,536,296,0,0
2024,2024-04-23,Northbound,Light Vehicles,126,82,80,112,330,1125,1853,1686,1568,1383,1281,1263,1307,1438,1163,1487,1577,1130,613,957,871,732,553,619,0,0
2024,2024-04-23,Northbound,Heavy Vehicles,35,33,46,50,110,205,403,287,229,272,256,262,212,225,170,185,145,100,81,73,70,67,48,51,0,0
2024,2024-04-23,Northbound,All Vehicles,161,115,126,162,440,1330,2256,1973,1797,1655,1537,1525,1519,1663,1333,1672,1722,1230,694,1030,941,799,601,670,0,0
2024,2024-04-24,Northbound,Heavy Vehicles,32,43,42,60,106,208,407,288,220,276,280,243,264,216,190,,135,,85,90,78,53,42,44,0,0
2024,2024-04-24,Northbound,Light Vehicles,207,95,84,119,334,1148,1750,1430,1662,1427,1476,1421,1426,1376,1327,,1529,,1159,1094,947,791,676,688,0,0
2024,2024-04-24,Northbound,All Vehicles,239,138,126,179,440,1356,2157,1718,1882,1703,1756,1664,1690,1592,1517,,1664,,1244,1184,1025,844,718,732,0,0
2024,2024-04-25,Northbound,Light Vehicles,273,136,90,99,153,315,535,465,612,868,1054,985,1147,1011,850,1036,974,964,787,705,664,621,461,297,0,0
2024,2024-04-25,Northbound,Heavy Vehicles,24,22,18,21,48,45,56,46,64,58,74,66,57,61,39,56,43,29,46,35,28,33,44,26,0,0
2024,2024-04-25,Northbound,All Vehicles,297,158,108,120,201,360,591,511,676,926,1128,1051,1204,1072,889,1092,1017,993,833,740,692,654,505,323,0,0
2024,2024-04-26,Northbound,Heavy Vehicles,36,28,37,38,94,156,321,255,251,236,268,247,185,186,170,159,,100,80,66,50,47,44,31,0,0
2024,2024-04-26,Northbound,Light Vehicles,191,96,85,99,235,808,1447,1152,1520,1250,1483,1614,1400,1559,1375,1635,,1501,1299,999,828,796,657,679,0,0
2024,2024-04-26,Northbound,All Vehicles,227,124,122,137,329,964,1768,1407,1771,1486,1751,1861,1585,1745,1545,1794,,1601,1379,1065,878,843,701,710,0,0
2024,2024-04-27,Northbound,Light Vehicles,336,160,113,119,152,451,1095,1059,1147,1381,1748,1736,1485,1659,1618,1704,1628,1591,1304,941,905,843,785,507,0,0
2024,2024-04-27,Northbound,Heavy Vehicles,31,15,20,22,25,60,171,178,123,104,96,92,84,102,90,101,88,67,72,52,41,36,38,25,0,0
2024,2024-04-27,Northbound,All Vehicles,367,175,133,141,177,511,1266,1237,1270,1485,1844,1828,1569,1761,1708,1805,1716,1658,1376,993,946,879,823,532,0,0
2024,2024-04-28,Northbound,Light Vehicles,288,184,111,87,123,309,546,586,850,1259,1387,1436,1743,1723,1642,1656,1575,1282,1328,900,761,663,452,251,0,0
2024,2024-04-28,Northbound,Heavy Vehicles,16,18,16,15,17,28,46,73,71,89,73,82,69,89,73,74,66,51,57,62,58,51,39,35,0,0
2024,2024-04-28,Northbound,All Vehicles,304,202,127,102,140,337,592,659,921,1348,1460,1518,1812,1812,1715,1730,1641,1333,1385,962,819,714,491,286,0,0
2024,2024-04-29,Northbound,Heavy Vehicles,31,25,37,41,88,225,377,297,223,239,267,250,235,201,168,160,140,86,108,72,63,63,51,39,0,0
2024,2024-04-29,Northbound,Light Vehicles,154,96,75,123,352,1193,1739,1576,1691,1311,1223,1213,1282,1367,1246,1401,1561,1366,1319,969,765,614,493,235,0,0
2024,2024-04-29,Northbound,All Vehicles,185,121,112,164,440,1418,2116,1873,1914,1550,1490,1463,1517,1568,1414,1561,1701,1452,1427,1041,828,677,544,274,0,0
2024,2024-04-30,Northbound,Light Vehicles,120,83,70,129,329,1097,1836,1673,1490,1325,1183,1118,1158,1263,1302,1212,1585,1123,1080,865,785,656,468,265,0,0
2024,2024-04-30,Northbound,Heavy Vehicles,38,38,42,61,97,203,373,327,194,230,229,220,192,192,183,130,136,84,77,85,61,62,41,44,0,0
2024,2024-04-30,Northbound,All Vehicles,158,121,112,190,426,1300,2209,2000,1684,1555,1412,1338,1350,1455,1485,1342,1721,1207,1157,950,846,718,509,309,0,0
2024,2024-05-01,Northbound,Light Vehicles,143,102,76,129,328,1067,1692,1581,1484,1651,1097,1288,1099,1296,1409,1514,1387,1225,1187,979,727,755,859,487,0,0
2024,2024-05-01,Northbound,Heavy Vehicles,33,34,43,68,99,203,352,289,168,271,219,229,192,168,151,152,123,94,92,81,63,59,52,46,0,0
2024,2024-05-01,Northbound,All Vehicles,176,136,119,197,427,1270,2044,1870,1652,1922,1316,1517,1291,1464,1560,1666,1510,1319,1279,1060,790,814,911,533,0,0
2024,2024-05-02,Northbound,Heavy Vehicles,38,27,44,56,102,208,307,243,194,255,228,212,207,207,155,125,107,77,105,80,64,62,56,33,0,0
2024,2024-05-02,Northbound,Light Vehicles,148,85,67,107,339,1116,1541,1406,1696,1523,1178,1182,1240,1425,1258,1273,1443,1293,1435,1076,940,854,639,288,0,0
2024,2024-05-02,Northbound,All Vehicles,186,112,111,163,441,1324,1848,1649,1890,1778,1406,1394,1447,1632,1413,1398,1550,1370,1540,1156,1004,916,695,321,0,0
2024,2024-05-03,Northbound,Light Vehicles,153,87,94,127,323,1078,1737,1209,1540,1513,1162,1277,1180,1245,1264,1591,1530,1518,1410,990,876,800,638,467,0,0
2024,2024-05-03,Northbound,Heavy Vehicles,31,32,42,47,117,196,361,276,210,249,216,202,163,176,169,160,129,97,93,82,51,48,40,30,0,0
2024,2024-05-03,Northbound,All Vehicles,184,119,136,174,440,1274,2098,1485,1750,1762,1378,1479,1343,1421,1433,1751,1659,1615,1503,1072,927,848,678,497,0,0
2024,2024-05-04,Northbound,Heavy Vehicles,38,24,16,19,35,81,136,182,137,121,125,103,96,66,73,93,84,85,,54,52,32,30,27,0,0
2024,2024-05-04,Northbound,Light Vehicles,249,154,126,96,185,552,1084,1092,1354,1596,1574,1715,1677,1508,1757,1823,1830,1670,,1083,983,840,725,512,0,0
2024,2024-05-04,Northbound,All Vehicles,287,178,142,115,220,633,1220,1274,1491,1717,1699,1818,1773,1574,1830,1916,1914,1755,,1137,1035,872,755,539,0,0
2024,2024-05-05,Northbound,Light Vehicles,431,310,130,113,115,313,535,536,728,1027,1392,1504,1560,1583,1728,1725,1835,1504,1509,920,814,687,448,220,0,0
2024,2024-05-05,Northbound,Heavy Vehicles,24,20,19,10,16,24,34,53,64,72,65,75,77,76,68,65,78,61,66,49,46,46,32,26,0,0
2024,2024-05-05,Northbound,All Vehicles,455,330,149,123,131,337,569,589,792,1099,1457,1579,1637,1659,1796,1790,1913,1565,1575,969,860,733,480,246,0,0
2024,2024-05-06,Northbound,Heavy Vehicles,32,14,28,26,105,188,394,233,189,216,221,202,204,183,185,132,142,109,113,98,73,84,46,31,0,0
2024,2024-05-06,Northbound,Light Vehicles,135,87,85,119,360,1064,1811,1463,1408,1384,1057,1169,1223,1350,1382,1391,1527,1424,1297,914,777,732,449,244,0,0
2024,2024-05-06,Northbound,All Vehicles,167,101,113,145,465,1252,2205,1696,1597,1600,1278,1371,1427,1533,1567,1523,1669,1533,1410,1012,850,816,495,275,0,0
2024,2024-05-07,Northbound,Light Vehicles,158,78,66,131,339,1063,1676,1389,1414,1296,1339,1183,1177,1436,1379,1281,1341,869,943,906,799,717,519,259,0,0
2024,2024-05-07,Northbound,Heavy Vehicles,47,31,46,50,113,187,325,250,175,219,266,216,202,189,165,153,124,93,84,81,73,80,60,37,0,0
2024,2024-05-07,Northbound,All Vehicles,205,109,112,181,452,1250,2001,1639,1589,1515,1605,1399,1379,1625,1544,1434,1465,962,1027,987,872,797,579,296,0,0
2024,2024-05-08,Northbound,Heavy Vehicles,44,35,49,55,102,214,346,268,206,238,257,223,193,191,181,162,105,79,82,70,73,65,45,36,0,0
2024,2024-05-08,Northbound,Light Vehicles,156,67,73,141,341,1136,1731,1439,1475,1462,1292,1175,1186,1332,1394,1391,1463,1051,1195,942,788,772,529,266,0,0
2024,2024-05-08,Northbound,All Vehicles,200,102,122,196,443,1350,2077,1707,1681,1700,1549,1398,1379,1523,1575,1553,1568,1130,1277,1012,861,837,574,302,0,0
2024,2024-05-09,Northbound,Light Vehicles,160,78,72,114,328,1084,1737,1453,1802,1366,1245,1345,1159,1467,1265,1484,1663,1330,1313,1152,972,790,584,289,0,0
2024,2024-05-09,Northbound,Heavy Vehicles,38,29,38,62,93,232,363,254,206,237,220,238,201,220,170,152,130,87,100,83,81,75,56,41,0,0
2024,2024-05-09,Northbound,All Vehicles,198,107,110,176,421,1316,2100,1707,2008,1603,1465,1583,1360,1687,1435,1636,1793,1417,1413,1235,1053,865,640,330,0,0
2024,2024-05-10,Northbound,Heavy Vehicles,33,33,47,57,112,216,363,310,208,274,243,262,168,194,184,128,108,100,115,79,62,61,41,34,0,0
2024,2024-05-10,Northbound,Light Vehicles,168,97,86,132,312,1013,1709,1581,1528,1490,1287,1458,1288,1396,1512,1604,1492,1501,1413,1051,891,757,761,456,0,0
2024,2024-05-10,Northbound,All Vehicles,201,130,133,189,424,1229,2072,1891,1736,1764,1530,1720,1456,1590,1696,1732,1600,1601,1528,1130,953,818,802,490,0,0
2024,2024-05-11,Northbound,Light Vehicles,272,171,91,100,164,507,1033,1027,1354,1541,1488,1566,1504,1526,1635,1827,1808,1634,1471,1066,799,885,823,541,0,0
2024,2024-05-11,Northbound,Heavy Vehicles,24,9,17,26,42,72,134,184,133,120,98,101,81,87,70,80,83,88,59,49,44,27,30,28,0,0
2024,2024-05-11,Northbound,All Vehicles,296,180,108,126,206,579,1167,1211,1487,1661,1586,1667,1585,1613,1705,1907,1891,1722,1530,1115,843,912,853,569,0,0
2024,2024-05-12,Northbound,Heavy Vehicles,11,15,12,10,19,22,26,58,65,60,62,63,79,81,72,69,65,78,60,48,46,,44,,0,0
2024,2024-05-12,Northbound,Light Vehicles,367,198,142,93,103,298,504,559,783,1298,1517,1457,1600,1664,1601,1770,2039,1641,1252,969,932,,489,,0,0
2024,2024-05-12,Northbound,All Vehicles,378,213,154,103,122,320,530,617,848,1358,1579,1520,1679,1745,1673,1839,2104,1719,1312,1017,978,,533,,0,0
2024,2024-05-13,Northbound,Heavy Vehicles,29,20,37,48,97,201,416,311,222,238,248,227,193,186,171,151,151,97,112,82,81,60,50,50,0,0
2024,2024-05-13,Northbound,Light Vehicles,160,94,81,114,356,1092,1995,1633,1651,1389,1322,1172,1258,1279,1254,1373,1601,1299,1292,932,742,665,468,242,0,0
2024,2024-05-13,Northbound,All Vehicles,189,114,118,162,453,1293,2411,1944,1873,1627,1570,1399,1451,1465,1425,1524,1752,1396,1404,1014,823,725,518,292,0,0
2024,2024-05-14,Northbound,Light Vehicles,126,79,72,120,322,1101,1859,1468,1356,1328,1164,1251,1290,1370,1160,1487,1383,1155,1346,934,907,753,526,279,0,0
2024,2024-05-14,Northbound,Heavy Vehicles,40,31,39,53,97,201,347,278,142,228,250,246,215,211,148,161,124,93,104,90,73,75,49,41,0,0
2024,2024-05-14,Northbound,All Vehicles,166,110,111,173,419,1302,2206,1746,1498,1556,1414,1497,1505,1581,1308,1648,1507,1248,1450,1024,980,828,575,320,0,0
2024,2024-05-15,Northbound,Heavy Vehicles,38,35,42,59,118,226,382,301,159,239,257,268,230,218,169,165,137,91,103,84,85,78,49,47,0,0
2024,2024-05-15,Northbound,Light Vehicles,157,88,83,126,335,1160,1785,1383,1206,1523,1267,1239,1379,1394,1443,1456,1481,1207,1187,982,825,753,545,288,0,0
2024,2024-05-15,Northbound,All Vehicles,195,123,125,185,453,1386,2167,1684,1365,1762,1524,1507,1609,1612,1612,1621,1618,1298,1290,1066,910,831,594,335,0,0
2024,2024-05-16,Northbound,Light Vehicles,157,99,74,137,329,1130,1767,1323,1455,1303,1381,1220,1229,1251,1363,1502,1584,1322,1449,1187,956,834,558,334,0,0
2024,2024-05-16,Northbound,Heavy Vehicles,45,40,50,54,123,218,343,316,237,219,274,248,235,221,184,159,130,123,99,77,86,86,35,51,0,0
2024,2024-05-16,Northbound,All Vehicles,202,139,124,191,452,1348,2110,1639,1692,1522,1655,1468,1464,1472,1547,1661,1714,1445,1548,1264,1042,920,593,385,0,0
2024,2024-05-17,Northbound,Light Vehicles,174,83,78,120,309,1043,1634,1380,1614,1416,1217,1225,1354,1507,1290,1482,1710,1699,1449,1182,869,844,680,456,0,0
2024,2024-05-17,Northbound,Heavy Vehicles,38,38,48,50,122,235,341,278,235,246,226,227,206,214,143,160,131,114,112,83,59,55,41,37,0,0
2024,2024-05-17,Northbound,All Vehicles,212,121,126,170,431,1278,1975,1658,1849,1662,1443,1452,1560,1721,1433,1642,1841,1813,1561,1265,928,899,721,493,0,0
2024,2024-05-18,Northbound,Heavy Vehicles,21,22,13,16,46,81,180,221,176,129,125,106,110,,84,92,68,81,66,61,43,32,35,21,0,0
2024,2024-05-18,Northbound,Light Vehicles,310,168,111,101,164,572,1281,1343,1593,1640,1778,1699,1741,,1849,1646,1671,1716,1362,1172,860,742,715,514,0,0
2024,2024-05-18,Northbound,All Vehicles,331,190,124,117,210,653,1461,1564,1769,1769,1903,1805,1851,,1933,1738,1739,1797,1428,1233,903,774,750,535,0,0
2024,2024-05-19,Northbound,Heavy Vehicles,22,13,16,12,12,28,45,68,85,81,67,68,82,65,68,82,82,73,77,75,61,62,42,40,0,0
2024,2024-05-19,Northbound,Light Vehicles,328,190,136,96,118,303,589,678,972,1419,1495,1559,1577,1719,1897,1809,1789,1557,1527,941,890,767,483,267,0,0
2024,2024-05-19,Northbound,All Vehicles,350,203,152,108,130,331,634,746,1057,1500,1562,1627,1659,1784,1965,1891,1871,1630,1604,1016,951,829,525,307,0,0
2024,2024-05-20,Northbound,Heavy Vehicles,36,30,49,37,88,220,380,237,194,230,287,224,211,228,168,168,143,108,81,80,77,52,49,30,0,0
2024,2024-05-20,Northbound,Light Vehicles,145,84,81,139,312,1149,1740,1211,1424,1431,1237,1196,1179,1314,1293,1453,1494,1370,1199,903,792,682,456,218,0,0
2024,2024-05-20,Northbound,All Vehicles,181,114,130,176,400,1369,2120,1448,1618,1661,1524,1420,1390,1542,1461,1621,1637,1478,1280,983,869,734,505,248,0,0
2024,2024-05-21,Northbound,Light Vehicles,144,79,80,119,343,1172,1682,1355,1187,920,1287,1104,1006,1335,1309,1468,1573,1039,1134,921,744,663,501,185,0,0
2024,2024-05-21,Northbound,Heavy Vehicles,35,35,36,50,97,196,308,242,139,175,254,250,212,219,166,177,125,98,96,82,88,72,55,47,0,0
2024,2024-05-21,Northbound,All Vehicles,179,114,116,169,440,1368,1990,1597,1326,1095,1541,1354,1218,1554,1475,1645,1698,1137,1230,1003,832,735,556,232,0,0
2024,2024-05-22,Northbound,Light Vehicles,111,50,53,81,249,1056,1671,1452,1194,1268,1311,1176,1136,1191,1435,1433,1550,1168,1233,1002,797,803,576,257,0,0
2024,2024-05-22,Northbound,Heavy Vehicles,47,28,39,60,109,211,344,278,170,217,282,221,196,215,180,165,132,90,86,98,71,71,56,40,0,0
2024,2024-05-22,Northbound,All Vehicles,158,78,92,141,358,1267,2015,1730,1364,1485,1593,1397,1332,1406,1615,1598,1682,1258,1319,1100,868,874,632,297,0,0
2024,2024-05-23,Northbound,Heavy Vehicles,32,35,39,52,116,185,363,288,195,267,238,274,211,245,201,146,133,103,110,84,72,77,54,42,0,0
2024,2024-05-23,Northbound,Light Vehicles,147,85,64,106,317,1110,1736,1465,1567,1541,1379,1449,1079,1472,1438,1439,1466,1325,1544,1124,937,852,677,303,0,0
2024,2024-05-23,Northbound,All Vehicles,179,120,103,158,433,1295,2099,1753,1762,1808,1617,1723,1290,1717,1639,1585,1599,1428,1654,1208,1009,929,731,345,0,0
2024,2024-05-24,Northbound,Heavy Vehicles,44,24,43,54,108,203,392,222,207,280,265,202,184,247,169,151,148,99,85,66,68,63,41,35,0,0
2024,2024-05-24,Northbound,Light Vehicles,152,77,83,118,313,1047,1746,1139,1518,1621,1396,1235,1185,1509,1511,1387,1645,1449,1373,1112,861,804,666,490,0,0
2024,2024-05-24,Northbound,All Vehicles,196,101,126,172,421,1250,2138,1361,1725,1901,1661,1437,1369,1756,1680,1538,1793,1548,1458,1178,929,867,707,525,0,0
2024,2024-05-25,Northbound,Light Vehicles,276,146,111,106,165,559,1295,1187,1552,1671,,1761,1484,1542,1739,1881,1729,1621,1406,993,912,944,875,533,0,0
2024,2024-05-25,Northbound,Heavy Vehicles,30,18,24,24,38,84,167,161,148,122,,97,94,84,103,86,84,92,62,60,49,46,40,22,0,0
2024,2024-05-25,Northbound,All Vehicles,306,164,135,130,203,643,1462,1348,1700,1793,,1858,1578,1626,1842,1967,1813,1713,1468,1053,961,990,915,555,0,0
2024,2024-05-26,Northbound,Heavy Vehicles,25,18,9,13,21,25,57,76,86,78,69,68,69,75,76,91,62,76,69,58,70,53,43,36,0,0
2024,2024-05-26,Northbound,Light Vehicles,427,212,131,99,125,348,584,653,868,1193,1368,1478,1734,1797,1814,1690,1720,1542,1272,965,835,701,482,269,0,0
2024,2024-05-26,Northbound,All Vehicles,452,230,140,112,146,373,641,729,954,1271,1437,1546,1803,1872,1890,1781,1782,1618,1341,1023,905,754,525,305,0,0
2024,2024-05-27,Northbound,Light Vehicles,150,88,78,110,345,1198,1704,1251,1572,1401,1141,1214,1066,1252,1179,1402,1529,1435,1373,970,737,633,431,215,0,0
2024,2024-05-27,Northbound,Heavy Vehicles,47,39,41,45,113,241,350,235,183,232,231,253,210,229,149,155,166,113,115,96,74,83,60,46,0,0
2024,2024-05-27,Northbound,All Vehicles,197,127,119,155,458,1439,2054,1486,1755,1633,1372,1467,1276,1481,1328,1557,1695,1548,1488,1066,811,716,491,261,0,0
2024,2024-05-28,Northbound,Heavy Vehicles,53,32,44,62,101,209,364,279,218,214,262,246,186,151,183,156,149,115,96,94,95,72,59,54,0,0
2024,2024-05-28,Northbound,Light Vehicles,110,89,84,116,302,1119,1845,1476,1375,1430,1301,1221,1139,1124,1350,1413,1460,1127,1219,969,810,726,546,268,0,0
2024,2024-05-28,Northbound,All Vehicles,163,121,128,178,403,1328,2209,1755,1593,1644,1563,1467,1325,1275,1533,1569,1609,1242,1315,1063,905,798,605,322,0,0
2024,2024-05-29,Northbound,Heavy Vehicles,46,25,45,50,123,225,307,235,187,260,266,,265,240,173,178,128,90,91,106,79,68,48,37,0,0
2024,2024-05-29,Northbound,Light Vehicles,133,84,76,112,277,1139,1617,963,1237,1470,1340,,1295,1402,1373,1410,1441,1125,1313,1001,810,723,584,296,0,0
2024,2024-05-29,Northbound,All Vehicles,179,109,121,162,400,1364,1924,1198,1424,1730,1606,,1560,1642,1546,1588,1569,1215,1404,1107,889,791,632,333,0,0
2024,2024-05-30,Northbound,Light Vehicles,146,87,78,114,301,1129,1570,1173,1422,1502,1400,1245,1193,1329,1442,1378,1632,1216,1500,967,902,757,530,312,0,0
2024,2024-05-30,Northbound,Heavy Vehicles,51,49,42,51,93,232,320,243,192,260,305,264,212,220,208,123,148,83,104,90,103,82,56,45,0,0
2024,2024-05-30,Northbound,All Vehicles,197,136,120,165,394,1361,1890,1416,1614,1762,1705,1509,1405,1549,1650,1501,1780,1299,1604,1057,1005,839,586,357,0,0
2024,2024-05-31,Northbound,Heavy Vehicles,32,28,51,48,117,209,353,218,250,253,279,226,222,191,136,158,144,104,113,78,54,59,42,34,0,0
2024,2024-05-31,Northbound,Light Vehicles,161,84,76,139,291,1057,1748,1172,1625,1339,1412,1235,1252,1079,1474,1538,1491,1279,1374,1016,871,874,667,460,0,0
2024,2024-05-31,Northbound,All Vehicles,193,112,127,187,408,1266,2101,1390,1875,1592,1691,1461,1474,1270,1610,1696,1635,1383,1487,1094,925,933,709,494,0,0
2024,2024-06-01,Northbound,Light Vehicles,250,150,115,104,172,546,1132,1350,1308,1569,1616,1583,1369,1407,1175,,1424,1374,1050,866,696,725,640,963,0,0
2024,2024-06-01,Northbound,Heavy Vehicles,26,23,23,24,38,73,163,175,130,125,121,92,90,82,71,,94,73,66,40,34,35,20,32,0,0
2024,2024-06-01,Northbound,All Vehicles,276,173,138,128,210,619,1295,1525,1438,1694,1737,1675,1459,1489,1246,,1518,1447,1116,906,730,760,660,995,0,0
2024,2024-06-03,Northbound,Heavy Vehicles,39,30,30,39,96,206,388,291,182,,249,255,187,230,205,187,138,98,93,93,65,78,145,51,0,0
2024,2024-06-03,Northbound,Light Vehicles,176,80,81,125,358,1172,1936,1542,1627,,1162,1204,1042,1355,1386,1406,1581,1183,1175,904,714,731,1562,493,0,0
2024,2024-06-03,Northbound,All Vehicles,215,110,111,164,454,1378,2324,1833,1809,,1411,1459,1229,1585,1591,1593,1719,1281,1268,997,779,809,1707,544,0,0
2024,2024-06-05,Northbound,Heavy Vehicles,,,,,,,,156,222,257,253,252,214,176,161,150,129,72,75,64,74,60,132,83,0,0
2024,2024-06-05,Northbound,Light Vehicles,,,,,,,,702,1620,1496,1353,1330,1134,1143,1241,1505,1336,1144,1054,965,663,698,1311,755,0,0
2024,2024-06-05,Northbound,All Vehicles,,,,,,,,858,1842,1753,1606,1582,1348,1319,1402,1655,1465,1216,1129,1029,737,758,1443,838,0,0
2024,2024-06-06,Northbound,Light Vehicles,217,106,82,134,293,1062,1862,1623,1546,1348,1351,1337,1117,1401,1280,1407,1332,1080,1169,926,788,660,480,241,0,0
2024,2024-06-06,Northbound,Heavy Vehicles,47,33,40,38,105,202,385,280,181,217,289,238,217,215,148,128,109,72,82,68,57,42,35,27,0,0
2024,2024-06-06,Northbound,All Vehicles,264,139,122,172,398,1264,2247,1903,1727,1565,1640,1575,1334,1616,1428,1535,1441,1152,1251,994,845,702,515,268,0,0
2024,2024-06-07,Northbound,Light Vehicles,156,92,83,114,294,1032,1610,1244,1241,1312,1364,1394,1466,1352,1199,1293,1648,1239,1401,1079,881,890,665,460,0,0
2024,2024-06-07,Northbound,Heavy Vehicles,26,22,44,45,111,184,321,264,190,207,255,219,205,161,139,115,113,91,94,78,50,57,38,38,0,0
2024,2024-06-07,Northbound,All Vehicles,182,114,127,159,405,1216,1931,1508,1431,1519,1619,1613,1671,1513,1338,1408,1761,1330,1495,1157,931,947,703,498,0,0
2024,2024-06-08,Northbound,Heavy Vehicles,28,17,24,19,39,71,142,185,135,115,108,80,99,88,78,84,78,73,73,66,50,43,32,30,0,0
2024,2024-06-08,Northbound,Light Vehicles,290,176,116,127,190,520,1042,1041,1281,1564,1602,1362,1658,1736,1758,1647,1609,1609,1348,1316,853,824,677,470,0,0
2024,2024-06-08,Northbound,All Vehicles,318,193,140,146,229,591,1184,1226,1416,1679,1710,1442,1757,1824,1836,1731,1687,1682,1421,1382,903,867,709,500,0,0
2024,2024-06-09,Northbound,Light Vehicles,8,5,5,1,3,3,6,11,39,48,58,56,78,35,23,29,43,29,32,19,16,8,8,8,0,0
2024,2024-06-09,Northbound,Heavy Vehicles,1,1,,1,1,,2,3,3,4,3,5,6,5,2,2,5,12,3,6,2,4,1,,0,0
2024,2024-06-09,Northbound,All Vehicles,9,6,5,2,4,3,8,14,42,52,61,61,84,40,25,31,48,41,35,25,18,12,9,8,0,0
2024,2024-06-10,Northbound,Heavy Vehicles,13,14,11,16,31,30,38,43,37,29,38,35,39,30,33,24,24,,19,33,,27,19,17,0,0
2024,2024-06-10,Northbound,Light Vehicles,156,94,54,62,77,154,238,206,262,415,514,556,516,574,522,467,524,,421,378,,288,185,122,0,0
2024,2024-06-10,Northbound,All Vehicles,169,108,65,78,108,184,276,249,299,444,552,591,555,604,555,491,548,,440,411,,315,204,139,0,0
2024,2024-06-11,Northbound,Light Vehicles,1,2,1,5,5,9,22,66,120,89,71,54,56,54,71,72,62,94,50,38,23,8,14,10,0,0
2024,2024-06-11,Northbound,Heavy Vehicles,,,,,3,4,9,25,9,7,8,10,8,7,6,10,7,13,9,5,3,3,2,4,0,0
2024,2024-06-11,Northbound,All Vehicles,1,2,1,5,8,13,31,91,129,96,79,64,64,61,77,82,69,107,59,43,26,11,16,14,0,0
2024,2024-06-12,Northbound,Light Vehicles,144,72,93,122,318,1121,1714,723,638,1247,1315,1184,1297,1312,1384,1345,1509,1288,1180,950,795,685,469,248,0,0
2024,2024-06-12,Northbound,Heavy Vehicles,30,29,47,58,108,237,390,211,144,191,277,275,227,226,165,157,131,104,111,79,76,83,44,37,0,0
2024,2024-06-12,Northbound,All Vehicles,174,101,140,180,426,1358,2104,934,782,1438,1592,1459,1524,1538,1549,1502,1640,1392,1291,1029,871,768,513,285,0,0
2024,2024-06-13,Northbound,Heavy Vehicles,35,41,36,50,113,229,329,264,178,229,247,253,215,218,197,156,128,111,116,72,82,89,51,31,0,0
2024,2024-06-13,Northbound,Light Vehicles,174,82,71,126,305,1057,1504,1048,1443,1409,1237,1404,1195,1286,1446,1385,1508,1297,1391,1060,895,766,496,274,0,0
2024,2024-06-13,Northbound,All Vehicles,209,123,107,176,418,1286,1833,1312,1621,1638,1484,1657,1410,1504,1643,1541,1636,1408,1507,1132,977,855,547,305,0,0
2024,2024-06-14,Northbound,Light Vehicles,167,86,77,109,293,1033,1697,989,954,1361,1199,1352,1366,1367,1417,1439,1271,1319,1318,932,835,801,781,431,0,0
2024,2024-06-14,Northbound,Heavy Vehicles,30,27,47,57,118,227,418,240,229,234,217,259,226,201,163,139,122,112,100,76,62,50,50,32,0,0
2024,2024-06-14,Northbound,All Vehicles,197,113,124,166,411,1260,2115,1229,1183,1595,1416,1611,1592,1568,1580,1578,1393,1431,1418,1008,897,851,831,463,0,0
2024,2024-06-15,Northbound,Light Vehicles,269,156,86,98,163,520,1032,1030,1249,1398,1616,1513,1769,1588,1610,1855,1868,1588,1312,1062,944,887,764,531,0,0
2024,2024-06-15,Northbound,Heavy Vehicles,36,20,20,18,33,64,182,165,148,104,134,97,78,83,102,83,103,102,73,58,45,41,32,31,0,0
2024,2024-06-15,Northbound,All Vehicles,305,176,106,116,196,584,1214,1195,1397,1502,1750,1610,1847,1671,1712,1938,1971,1690,1385,1120,989,928,796,562,0,0
2024,2024-06-17,Northbound,Light Vehicles,162,90,91,128,322,1155,1511,1209,1263,1231,1121,1159,1199,1184,1190,1369,1424,1301,1350,913,726,644,497,251,0,0
2024,2024-06-17,Northbound,Heavy Vehicles,35,17,41,50,95,218,297,247,179,201,242,202,226,183,138,165,135,96,94,82,71,64,44,37,0,0
2024,2024-06-17,Northbound,All Vehicles,197,107,132,178,417,1373,1808,1456,1442,1432,1363,1361,1425,1367,1328,1534,1559,1397,1444,995,797,708,541,288,0,0
2024,2024-06-18,Northbound,Light Vehicles,5,2,1,4,5,19,28,76,120,82,67,62,44,60,76,56,63,87,49,39,16,7,6,3,0,0
2024,2024-06-18,Northbound,Heavy Vehicles,1,1,,2,2,2,9,22,16,8,9,5,4,6,8,14,7,14,8,8,5,3,1,2,0,0
2024,2024-06-18,Northbound,All Vehicles,6,3,1,6,7,21,37,98,136,90,76,67,48,66,84,70,70,101,57,47,21,10,7,5,0,0
2024,2024-06-19,Northbound,Light Vehicles,114,42,55,100,252,1049,1636,1318,1364,1214,1217,1237,1252,1289,1455,1270,1393,1183,1218,956,876,720,545,298,0,0
2024,2024-06-19,Northbound,Heavy Vehicles,46,39,53,54,119,217,341,280,180,196,280,235,207,213,180,164,147,117,92,80,78,79,41,36,0,0
2024,2024-06-19,Northbound,All Vehicles,160,81,108,154,371,1266,1977,1598,1544,1410,1497,1472,1459,1502,1635,1434,1540,1300,1310,1036,954,799,586,334,0,0
2024,2024-06-20,Northbound,Heavy Vehicles,31,35,45,56,95,233,418,294,193,281,307,276,211,235,199,160,134,89,115,62,91,79,55,28,0,0
2024,2024-06-20,Northbound,Light Vehicles,151,83,82,116,311,1081,1935,1407,1547,1645,1311,1369,1219,1314,1424,1494,1464,1179,1507,1014,926,842,596,281,0,0
2024,2024-06-20,Northbound,All Vehicles,182,118,127,172,406,1314,2353,1701,1740,1926,1618,1645,1430,1549,1623,1654,1598,1268,1622,1076,1017,921,651,309,0,0
2024,2024-06-21,Northbound,Heavy Vehicles,30,32,43,57,108,215,351,281,213,296,255,218,209,213,172,151,130,114,93,95,71,53,44,33,0,0
2024,2024-06-21,Northbound,Light Vehicles,158,87,86,136,298,1077,1709,1327,1389,1557,1297,1297,1276,1433,1404,1576,1542,1510,1393,1092,945,901,759,416,0,0
2024,2024-06-21,Northbound,All Vehicles,188,119,129,193,406,1292,2060,1608,1602,1853,1552,1515,1485,1646,1576,1727,1672,1624,1486,1187,1016,954,803,449,0,0
2024,2024-06-22,Northbound,Heavy Vehicles,30,21,27,28,32,56,101,104,136,103,92,96,89,70,77,85,91,87,73,61,39,48,46,35,0,0
2024,2024-06-22,Northbound,Light Vehicles,303,160,98,100,153,548,1019,1046,1205,1388,1358,1501,1669,1313,1738,1757,1765,1709,1360,1234,1127,1003,935,577,0,0
2024,2024-06-22,Northbound,All Vehicles,333,181,125,128,185,604,1120,1150,1341,1491,1450,1597,1758,1383,1815,1842,1856,1796,1433,1295,1166,1051,981,612,0,0
2024,2024-06-23,Northbound,Heavy Vehicles,21,19,13,8,27,28,40,79,67,87,88,53,75,103,75,75,,75,69,67,58,57,45,36,0,0
2024,2024-06-23,Northbound,Light Vehicles,292,185,113,91,119,286,484,580,774,1143,1616,1306,1482,1615,1631,1835,,1667,1353,1034,903,748,585,270,0,0
2024,2024-06-23,Northbound,All Vehicles,313,204,126,99,146,314,524,659,841,1230,1704,1359,1557,1718,1706,1910,,1742,1422,1101,961,805,630,306,0,0
2024,2024-06-24,Northbound,Light Vehicles,157,102,59,119,326,1118,1802,1347,1336,1065,1220,1050,1257,1229,1296,1291,1571,1380,1214,950,741,604,462,236,0,0
2024,2024-06-24,Northbound,Heavy Vehicles,33,28,38,50,96,203,362,290,187,201,244,212,284,186,176,166,137,125,94,75,75,68,42,32,0,0
2024,2024-06-24,Northbound,All Vehicles,190,130,97,169,422,1321,2164,1637,1523,1266,1464,1262,1541,1415,1472,1457,1708,1505,1308,1025,816,672,504,268,0,0
2024,2024-06-25,Northbound,Light Vehicles,98,84,80,130,302,1094,1538,1335,1073,1263,1215,1115,1202,1211,1073,1100,1256,1162,1109,871,766,751,522,244,0,0
2024,2024-06-25,Northbound,Heavy Vehicles,31,37,38,49,107,209,306,262,162,219,266,215,230,212,148,136,106,69,80,85,62,59,38,34,0,0
2024,2024-06-25,Northbound,All Vehicles,129,121,118,179,409,1303,1844,1597,1235,1482,1481,1330,1432,1423,1221,1236,1362,1231,1189,956,828,810,560,278,0,0
2024,2024-06-26,Northbound,Heavy Vehicles,37,32,50,48,108,229,332,222,171,269,301,253,229,202,176,158,151,95,102,74,67,59,48,33,0,0
2024,2024-06-26,Northbound,Light Vehicles,153,88,61,122,311,1152,1660,934,1202,1610,1239,1225,1285,1244,1294,1416,1537,1387,1294,1013,679,669,610,295,0,0
2024,2024-06-26,Northbound,All Vehicles,190,120,111,170,419,1381,1992,1156,1373,1879,1540,1478,1514,1446,1470,1574,1688,1482,1396,1087,746,728,658,328,0,0
2024,2024-06-27,Northbound,Light Vehicles,159,80,87,136,314,1147,1722,1349,1639,1630,1252,1257,1051,1273,1215,1406,1490,1319,1349,1151,924,815,581,301,0,0
2024,2024-06-27,Northbound,Heavy Vehicles,32,41,41,52,111,239,359,280,219,289,234,249,216,225,162,129,154,107,111,78,71,69,46,29,0,0
2024,2024-06-27,Northbound,All Vehicles,191,121,128,188,425,1386,2081,1629,1858,1919,1486,1506,1267,1498,1377,1535,1644,1426,1460,1229,995,884,627,330,0,0
2024,2024-06-28,Northbound,Heavy Vehicles,38,30,45,49,110,220,367,281,202,259,296,239,233,202,202,176,110,120,104,86,53,69,51,33,0,0
2024,2024-06-28,Northbound,Light Vehicles,170,96,93,132,301,1132,1715,1498,1349,1481,1396,1319,1415,1363,1565,1420,1403,1432,1412,1110,894,915,738,529,0,0
2024,2024-06-28,Northbound,All Vehicles,208,126,138,181,411,1352,2082,1779,1551,1740,1692,1558,1648,1565,1767,1596,1513,1552,1516,1196,947,984,789,562,0,0
2024,2024-06-29,Northbound,Heavy Vehicles,31,21,23,29,34,,227,203,169,123,116,111,119,85,76,88,92,99,63,62,52,42,34,23,0,0
2024,2024-06-29,Northbound,Light Vehicles,319,149,101,101,195,,1322,1279,1374,1608,1524,1518,1734,1627,1664,1790,1702,1744,1393,1006,965,927,787,579,0,0
2024,2024-06-29,Northbound,All Vehicles,350,170,124,130,229,,1549,1482,1543,1731,1640,1629,1853,1712,1740,1878,1794,1843,1456,1068,1017,969,821,602,0,0
2024,2024-06-30,Northbound,Heavy Vehicles,25,21,20,11,10,22,43,65,47,76,80,72,73,69,76,86,75,66,41,70,43,52,40,25,0,0
2024,2024-06-30,Northbound,Light Vehicles,336,177,121,93,105,304,513,538,759,1258,1332,1498,1450,1556,1547,1762,1879,1519,1182,897,822,679,490,251,0,0
2024,2024-06-30,Northbound,All Vehicles,361,198,141,104,115,326,556,603,806,1334,1412,1570,1523,1625,1623,1848,1954,1585,1223,967,865,731,530,276,0,0
2024,2024-07-01,Northbound,Heavy Vehicles,33,22,43,45,81,217,368,259,236,284,224,236,247,203,149,139,133,112,96,84,48,54,36,25,0,0
2024,2024-07-01,Northbound,Light Vehicles,143,77,84,145,338,1150,1912,1328,1665,1493,1178,1104,1284,1162,1201,1398,1437,1404,1177,905,708,590,385,220,0,0
2024,2024-07-01,Northbound,All Vehicles,176,99,127,190,419,1367,2280,1587,1901,1777,1402,1340,1531,1365,1350,1537,1570,1516,1273,989,756,644,421,245,0,0
2024,2024-07-02,Northbound,Light Vehicles,120,83,78,112,296,1124,1673,1656,1670,1371,1236,1204,1034,1146,1439,1304,1511,1373,1328,856,735,727,534,259,0,0
2024,2024-07-02,Northbound,Heavy Vehicles,27,31,39,53,90,227,319,316,210,256,273,236,207,184,198,146,130,118,93,58,58,61,49,33,0,0
2024,2024-07-02,Northbound,All Vehicles,147,114,117,165,386,1351,1992,1972,1880,1627,1509,1440,1241,1330,1637,1450,1641,1491,1421,914,793,788,583,292,0,0
2024,2024-07-03,Northbound,Heavy Vehicles,41,25,45,48,105,199,313,289,182,200,279,230,228,212,138,161,109,112,106,41,52,45,38,29,0,0
2024,2024-07-03,Northbound,Light Vehicles,124,86,72,117,325,1091,1758,1593,1547,1320,1336,1267,1202,1294,1125,1493,1407,1301,1273,459,676,774,562,277,0,0
2024,2024-07-03,Northbound,All Vehicles,165,111,117,165,430,1290,2071,1882,1729,1520,1615,1497,1430,1506,1263,1654,1516,1413,1379,500,728,819,600,306,0,0
2024,2024-07-04,Northbound,Heavy Vehicles,38,28,34,52,114,217,357,288,222,242,239,212,209,182,156,173,123,89,104,74,64,78,47,37,0,0
2024,2024-07-04,Northbound,Light Vehicles,132,75,84,110,329,1094,1675,1463,1580,1510,1208,1284,1156,1070,1245,1414,1531,1233,1308,1064,912,809,558,295,0,0
2024,2024-07-04,Northbound,All Vehicles,170,103,118,162,443,1311,2032,1751,1802,1752,1447,1496,1365,1252,1401,1587,1654,1322,1412,1138,976,887,605,332,0,0
2024,2024-07-05,Northbound,Light Vehicles,160,87,99,118,322,1077,1699,1504,1536,1478,1324,1334,1193,1298,1423,1492,1470,1569,1333,1044,863,777,650,438,0,0
2024,2024-07-05,Northbound,Heavy Vehicles,30,23,50,48,95,187,329,295,213,254,246,246,178,185,193,145,141,112,104,73,61,66,48,34,0,0
2024,2024-07-05,Northbound,All Vehicles,190,110,149,166,417,1264,2028,1799,1749,1732,1570,1580,1371,1483,1616,1637,1611,1681,1437,1117,924,843,698,472,0,0
2024,2024-07-06,Northbound,Light Vehicles,249,157,96,107,189,571,1075,1074,1158,1358,1597,1650,1550,1645,1470,1687,1763,1584,1394,1234,898,921,947,661,0,0
2024,2024-07-06,Northbound,Heavy Vehicles,17,18,25,21,36,68,170,186,129,109,125,99,80,81,75,101,87,94,95,58,37,42,41,35,0,0
2024,2024-07-06,Northbound,All Vehicles,266,175,121,128,225,639,1245,1260,1287,1467,1722,1749,1630,1726,1545,1788,1850,1678,1489,1292,935,963,988,696,0,0
2024,2024-07-07,Northbound,Light Vehicles,345,172,114,92,119,307,494,604,780,1324,1471,1663,1667,1572,1571,1805,1860,1656,1355,1019,839,697,518,251,0,0
2024,2024-07-07,Northbound,Heavy Vehicles,20,21,8,15,14,26,31,65,78,83,69,78,68,60,78,51,75,78,60,61,43,46,40,25,0,0
2024,2024-07-07,Northbound,All Vehicles,365,193,122,107,133,333,525,669,858,1407,1540,1741,1735,1632,1649,1856,1935,1734,1415,1080,882,743,558,276,0,0
2024,2024-07-08,Northbound,Light Vehicles,150,94,87,118,348,1168,1890,1660,1874,1460,1362,1116,1099,1240,1300,1443,1495,1516,1241,844,736,636,456,203,0,0
2024,2024-07-08,Northbound,Heavy Vehicles,36,25,38,39,78,224,366,319,248,242,267,207,175,218,148,169,109,123,94,91,58,60,49,22,0,0
2024,2024-07-08,Northbound,All Vehicles,186,119,125,157,426,1392,2256,1979,2122,1702,1629,1323,1274,1458,1448,1612,1604,1639,1335,935,794,696,505,225,0,0
2024,2024-07-09,Northbound,Heavy Vehicles,35,24,46,45,89,207,337,315,244,262,258,214,191,218,152,175,130,83,81,74,68,65,57,38,0,0
2024,2024-07-09,Northbound,Light Vehicles,135,75,63,105,293,1067,1773,1666,1870,1587,1308,1129,1141,1363,1228,1555,1528,1242,1085,900,799,741,523,231,0,0
2024,2024-07-09,Northbound,All Vehicles,170,99,109,150,382,1274,2110,1981,2114,1849,1566,1343,1332,1581,1380,1730,1658,1325,1166,974,867,806,580,269,0,0
2024,2024-07-10,Northbound,Light Vehicles,131,78,78,116,306,1120,1881,1251,1637,1450,1264,1211,1215,1266,1336,1399,1424,1453,1374,858,800,703,579,288,0,0
2024,2024-07-10,Northbound,Heavy Vehicles,38,29,41,62,113,209,398,304,215,231,238,210,189,209,178,161,125,109,112,71,64,52,57,32,0,0
2024,2024-07-10,Northbound,All Vehicles,169,107,119,178,419,1329,2279,1555,1852,1681,1502,1421,1404,1475,1514,1560,1549,1562,1486,929,864,755,636,320,0,0
2024,2024-07-11,Northbound,Light Vehicles,144,94,86,125,288,1098,1635,1266,1564,1363,1262,1106,1111,1337,1292,1476,1426,1251,1465,1021,815,764,581,275,0,0
2024,2024-07-11,Northbound,Heavy Vehicles,40,36,37,48,98,238,335,275,218,243,229,186,218,203,183,174,113,90,101,60,78,71,46,47,0,0
2024,2024-07-11,Northbound,All Vehicles,184,130,123,173,386,1336,1970,1541,1782,1606,1491,1292,1329,1540,1475,1650,1539,1341,1566,1081,893,835,627,322,0,0
2024,2024-07-12,Northbound,Light Vehicles,167,81,92,119,299,1071,1863,1226,1779,1606,1384,1382,1387,1510,1397,1580,1547,1413,1448,974,892,850,699,417,0,0
2024,2024-07-12,Northbound,Heavy Vehicles,36,33,41,46,109,231,331,306,269,271,263,231,225,210,151,155,120,123,97,83,63,68,50,34,0,0
2024,2024-07-12,Northbound,All Vehicles,203,114,133,165,408,1302,2194,1532,2048,1877,1647,1613,1612,1720,1548,1735,1667,1536,1545,1057,955,918,749,451,0,0
2024,2024-07-13,Northbound,Heavy Vehicles,31,20,31,24,44,87,189,194,156,133,116,85,98,81,80,81,73,87,71,59,58,35,47,23,0,0
2024,2024-07-13,Northbound,Light Vehicles,316,154,108,108,161,587,1205,1105,1225,1584,1673,1391,1431,1437,1654,1745,1715,1585,1339,993,901,872,649,495,0,0
2024,2024-07-13,Northbound,All Vehicles,347,174,139,132,205,674,1394,1299,1381,1717,1789,1476,1529,1518,1734,1826,1788,1672,1410,1052,959,907,696,518,0,0
2024,2024-07-14,Northbound,Light Vehicles,369,231,132,100,121,287,573,572,803,1300,1311,1420,1578,1515,1705,1801,1740,1539,1169,972,897,705,489,271,0,0
2024,2024-07-14,Northbound,Heavy Vehicles,26,13,15,15,14,39,44,65,66,89,64,69,68,63,76,81,81,69,68,52,48,47,56,35,0,0
2024,2024-07-14,Northbound,All Vehicles,395,244,147,115,135,326,617,637,869,1389,1375,1489,1646,1578,1781,1882,1821,1608,1237,1024,945,752,545,306,0,0
2024,2024-07-15,Northbound,Light Vehicles,166,102,73,123,343,1084,1858,1360,1555,1503,1238,1315,1051,1298,1203,1324,1554,1460,1186,881,713,625,486,218,0,0
2024,2024-07-15,Northbound,Heavy Vehicles,33,27,47,37,102,213,351,277,228,261,226,238,175,200,175,138,133,103,113,79,85,60,58,39,0,0
2024,2024-07-15,Northbound,All Vehicles,199,129,120,160,445,1297,2209,1637,1783,1764,1464,1553,1226,1498,1378,1462,1687,1563,1299,960,798,685,544,257,0,0
2024,2024-07-16,Northbound,Light Vehicles,126,78,64,103,304,1071,1725,1255,1804,1512,1428,1273,1236,1290,1301,1608,1476,1217,1165,853,804,699,528,273,0,0
2024,2024-07-16,Northbound,Heavy Vehicles,35,44,52,49,100,208,346,265,251,274,262,219,208,193,194,180,134,88,109,73,76,70,52,36,0,0
2024,2024-07-16,Northbound,All Vehicles,161,122,116,152,404,1279,2071,1520,2055,1786,1690,1492,1444,1483,1495,1788,1610,1305,1274,926,880,769,580,309,0,0
2024,2024-07-17,Northbound,Heavy Vehicles,37,28,47,47,102,209,352,253,224,256,251,272,188,195,166,154,122,95,88,82,77,48,34,43,0,0
2024,2024-07-17,Northbound,Light Vehicles,134,81,72,112,280,1086,1576,1197,1492,1475,1229,1308,1130,1383,1387,1681,1573,1459,1249,866,708,652,596,328,0,0
2024,2024-07-17,Northbound,All Vehicles,171,109,119,159,382,1295,1928,1450,1716,1731,1480,1580,1318,1578,1553,1835,1695,1554,1337,948,785,700,630,371,0,0
2024,2024-07-18,Northbound,Light Vehicles,154,104,60,131,299,718,1338,1235,1621,1441,1263,1294,1046,1269,1375,1480,1564,1375,1397,1038,939,790,560,282,0,0
2024,2024-07-18,Northbound,Heavy Vehicles,28,36,48,45,98,139,257,260,207,241,248,236,195,202,175,148,129,104,102,82,80,67,56,40,0,0
2024,2024-07-18,Northbound,All Vehicles,182,140,108,176,397,857,1595,1495,1828,1682,1511,1530,1241,1471,1550,1628,1693,1479,1499,1120,1019,857,616,322,0,0
2024,2024-07-19,Northbound,Light Vehicles,147,84,85,127,287,1038,1668,1282,1565,1483,1265,1393,1249,1389,1321,1668,1422,1488,1444,1129,939,910,628,389,0,0
2024,2024-07-19,Northbound,Heavy Vehicles,35,33,48,49,112,197,355,277,233,244,209,226,152,192,142,166,114,115,103,83,65,62,49,31,0,0
2024,2024-07-19,Northbound,All Vehicles,182,117,133,176,399,1235,2023,1559,1798,1727,1474,1619,1401,1581,1463,1834,1536,1603,1547,1212,1004,972,677,420,0,0
2024,2024-07-20,Northbound,Heavy Vehicles,28,24,25,27,30,76,168,203,136,118,120,112,100,70,80,99,84,79,80,58,38,43,36,30,0,0
2024,2024-07-20,Northbound,Light Vehicles,255,156,99,82,166,544,1211,1164,1147,1314,1563,1649,1656,1464,1731,1836,1850,1739,1362,1036,1028,813,731,489,0,0
2024,2024-07-20,Northbound,All Vehicles,283,180,124,109,196,620,1379,1367,1283,1432,1683,1761,1756,1534,1811,1935,1934,1818,1442,1094,1066,856,767,519,0,0
2024,2024-07-21,Northbound,Heavy Vehicles,17,22,11,9,21,19,49,63,76,64,81,76,60,63,57,71,71,70,72,60,60,50,44,28,0,0
2024,2024-07-21,Northbound,Light Vehicles,310,152,124,78,106,300,535,559,847,1117,1412,1550,1662,1396,1492,1676,1835,1441,1192,945,1003,754,492,276,0,0
2024,2024-07-21,Northbound,All Vehicles,327,174,135,87,127,319,584,622,923,1181,1493,1626,1722,1459,1549,1747,1906,1511,1264,1005,1063,804,536,304,0,0
2024,2024-07-22,Northbound,Heavy Vehicles,28,27,43,34,93,220,394,256,222,255,217,210,217,221,162,164,131,109,92,96,72,59,41,27,0,0
2024,2024-07-22,Northbound,Light Vehicles,158,97,80,114,358,1079,1867,1255,1555,1430,1110,1090,1257,1285,1105,1489,1537,1449,1272,926,770,647,501,210,0,0
2024,2024-07-22,Northbound,All Vehicles,186,124,123,148,451,1299,2261,1511,1777,1685,1327,1300,1474,1506,1267,1653,1668,1558,1364,1022,842,706,542,237,0,0
2024,2024-07-23,Northbound,Heavy Vehicles,44,43,49,43,101,210,350,263,165,226,237,216,225,190,161,144,133,100,117,90,83,69,47,48,0,0
2024,2024-07-23,Northbound,Light Vehicles,132,90,73,109,337,1122,1685,1208,1276,1410,1105,1140,1259,1163,1243,1317,1482,1233,1255,967,785,713,472,249,0,0
2024,2024-07-23,Northbound,All Vehicles,176,133,122,152,438,1332,2035,1471,1441,1636,1342,1356,1484,1353,1404,1461,1615,1333,1372,1057,868,782,519,297,0,0
2024,2024-07-24,Northbound,Light Vehicles,172,82,67,98,307,1072,1547,1316,1426,1312,1457,1284,1250,1239,1267,1382,1402,1133,1372,975,753,610,589,248,0,0
2024,2024-07-24,Northbound,Heavy Vehicles,44,38,47,43,110,231,321,245,215,216,308,245,218,229,183,178,132,86,104,83,65,58,55,30,0,0
2024,2024-07-24,Northbound,All Vehicles,216,120,114,141,417,1303,1868,1561,1641,1528,1765,1529,1468,1468,1450,1560,1534,1219,1476,1058,818,668,644,278,0,0
2024,2024-07-25,Northbound,Heavy Vehicles,47,43,40,49,122,211,378,282,227,274,280,224,193,175,156,148,111,120,121,75,80,66,46,35,0,0
2024,2024-07-25,Northbound,Light Vehicles,169,81,64,124,330,1088,1812,1584,1738,1610,1215,1278,1163,1115,1167,1340,1352,1318,1432,1012,909,835,568,287,0,0
2024,2024-07-25,Northbound,All Vehicles,216,124,104,173,452,1299,2190,1866,1965,1884,1495,1502,1356,1290,1323,1488,1463,1438,1553,1087,989,901,614,322,0,0
2024,2024-07-26,Northbound,Light Vehicles,151,88,75,132,298,979,1759,1349,1366,1370,1420,1326,1466,1430,1672,1499,1475,1584,1405,516,,,,,0,0
2024,2024-07-26,Northbound,Heavy Vehicles,38,39,54,56,87,194,334,267,213,259,282,206,197,187,208,164,138,108,111,58,,,,,0,0
2024,2024-07-26,Northbound,All Vehicles,189,127,129,188,385,1173,2093,1616,1579,1629,1702,1532,1663,1617,1880,1663,1613,1692,1516,574,,,,,0,0
2024,2024-08-16,Northbound,Heavy Vehicles,57,44,53,55,121,208,325,304,191,270,244,236,193,190,182,157,143,120,111,85,78,41,48,41,0,0
2024,2024-08-16,Northbound,Light Vehicles,145,101,89,124,313,1123,1566,1424,1539,1470,1340,1444,1260,1420,1523,1545,1575,1569,1404,1125,961,882,722,466,0,0
2024,2024-08-16,Northbound,All Vehicles,202,145,142,179,434,1331,1891,1728,1730,1740,1584,1680,1453,1610,1705,1702,1718,1689,1515,1210,1039,923,770,507,0,0
2024,2024-08-17,Northbound,Light Vehicles,274,184,118,115,183,556,1286,1273,1334,1819,1763,2011,1524,1767,1831,1936,1808,1826,1532,1087,1031,1008,811,572,0,0
2024,2024-08-17,Northbound,Heavy Vehicles,28,31,23,21,32,79,201,185,177,130,116,125,92,91,68,94,88,96,66,61,53,45,39,37,0,0
2024,2024-08-17,Northbound,All Vehicles,302,215,141,136,215,635,1487,1458,1511,1949,1879,2136,1616,1858,1899,2030,1896,1922,1598,1148,1084,1053,850,609,0,0
2024,2024-08-18,Northbound,Heavy Vehicles,17,21,6,11,12,29,51,60,87,95,60,82,70,67,73,81,63,64,62,68,49,69,48,35,0,0
2024,2024-08-18,Northbound,Light Vehicles,350,191,120,110,137,310,580,712,992,1425,1411,1528,1531,1738,1499,1655,1475,1573,1310,1016,882,878,513,306,0,0
2024,2024-08-18,Northbound,All Vehicles,367,212,126,121,149,339,631,772,1079,1520,1471,1610,1601,1805,1572,1736,1538,1637,1372,1084,931,947,561,341,0,0
2024,2024-08-19,Northbound,Light Vehicles,127,86,76,127,314,1107,1450,1365,1314,1384,1142,1119,1110,1252,1228,1432,1323,1289,1304,966,806,672,490,225,0,0
2024,2024-08-19,Northbound,Heavy Vehicles,34,26,32,34,96,192,294,276,234,265,280,214,202,199,168,149,116,94,97,94,59,58,41,32,0,0
2024,2024-08-19,Northbound,All Vehicles,161,112,108,161,410,1299,1744,1641,1548,1649,1422,1333,1312,1451,1396,1581,1439,1383,1401,1060,865,730,531,257,0,0
2024,2024-08-20,Northbound,Light Vehicles,152,90,65,126,313,1092,1831,1456,1310,1455,1385,1161,1165,1296,1371,1470,1567,1220,1249,935,837,798,542,271,0,0
2024,2024-08-20,Northbound,Heavy Vehicles,48,34,38,51,88,182,354,268,176,234,261,251,206,199,169,150,143,88,110,73,73,70,57,36,0,0
2024,2024-08-20,Northbound,All Vehicles,200,124,103,177,401,1274,2185,1724,1486,1689,1646,1412,1371,1495,1540,1620,1710,1308,1359,1008,910,868,599,307,0,0
2024,2024-08-21,Northbound,Heavy Vehicles,39,34,40,50,103,206,363,286,189,276,293,240,200,206,166,152,96,91,94,69,89,,,,0,0
2024,2024-08-21,Northbound,Light Vehicles,156,85,68,112,307,1123,1669,1504,1501,1651,1604,1385,1144,1447,1344,1408,1310,1135,1212,1041,801,16,,,0,0
2024,2024-08-21,Northbound,All Vehicles,195,119,108,162,410,1329,2032,1790,1690,1927,1897,1625,1344,1653,1510,1560,1406,1226,1306,1110,890,16,,,0,0
2024,2024-08-23,Northbound,Heavy Vehicles,33,37,47,48,112,197,373,338,221,229,255,201,216,218,209,157,161,117,86,64,76,50,42,30,0,0
2024,2024-08-23,Northbound,Light Vehicles,145,90,82,117,310,1071,1707,1511,1569,1357,1452,1295,1526,1471,1624,1501,1623,1553,1439,1112,1000,887,743,440,0,0
2024,2024-08-23,Northbound,All Vehicles,178,127,129,165,422,1268,2080,1849,1790,1586,1707,1496,1742,1689,1833,1658,1784,1670,1525,1176,1076,937,785,470,0,0
2024,2024-08-24,Northbound,Heavy Vehicles,24,21,13,21,42,62,198,212,146,140,137,103,85,82,87,72,78,83,58,51,40,49,40,26,0,0
2024,2024-08-24,Northbound,Light Vehicles,297,144,95,94,180,558,1289,1216,1399,1662,1721,1819,1594,1592,1896,1814,1679,1878,1464,1025,964,939,824,520,0,0
2024,2024-08-24,Northbound,All Vehicles,321,165,108,115,222,620,1487,1428,1545,1802,1858,1922,1679,1674,1983,1886,1757,1961,1522,1076,1004,988,864,546,0,0
2024,2024-08-25,Northbound,Heavy Vehicles,17,18,13,12,23,25,44,72,59,72,79,72,80,68,72,87,66,71,67,61,57,61,46,28,0,0
2024,2024-08-25,Northbound,Light Vehicles,327,202,120,109,120,319,575,628,883,1122,1512,1393,1588,1494,1728,1748,1677,1536,1293,1012,838,796,498,245,0,0
2024,2024-08-25,Northbound,All Vehicles,344,220,133,121,143,344,619,700,942,1194,1591,1465,1668,1562,1800,1835,1743,1607,1360,1073,895,857,544,273,0,0
2024,2024-08-26,Northbound,Light Vehicles,143,91,71,116,311,1116,1772,1388,1206,1294,1235,1238,1200,1122,1424,1399,1542,1351,1214,915,777,630,511,248,0,0
2024,2024-08-26,Northbound,Heavy Vehicles,30,27,34,33,97,218,366,290,179,232,266,229,212,169,189,160,152,95,95,84,73,60,47,33,0,0
2024,2024-08-26,Northbound,All Vehicles,173,118,105,149,408,1334,2138,1678,1385,1526,1501,1467,1412,1291,1613,1559,1694,1446,1309,999,850,690,558,281,0,0
2024,2024-08-27,Northbound,Light Vehicles,121,77,67,131,296,1125,1856,1498,1519,1512,1338,1333,1235,1196,1360,1311,1410,1202,1224,867,863,733,551,258,0,0
2024,2024-08-27,Northbound,Heavy Vehicles,39,29,43,41,91,225,376,251,178,238,250,238,182,162,178,124,122,92,106,87,84,57,51,43,0,0
2024,2024-08-27,Northbound,All Vehicles,160,106,110,172,387,1350,2232,1749,1697,1750,1588,1571,1417,1358,1538,1435,1532,1294,1330,954,947,790,602,301,0,0
2024,2024-08-28,Northbound,Light Vehicles,136,75,81,122,295,1160,1927,1596,1621,1461,1435,1356,1178,1399,1385,1539,1490,1323,1357,1046,829,1090,554,325,0,0
2024,2024-08-28,Northbound,Heavy Vehicles,37,32,39,48,108,219,409,288,240,258,295,224,210,189,184,146,137,93,108,74,73,81,45,28,0,0
2024,2024-08-28,Northbound,All Vehicles,173,107,120,170,403,1379,2336,1884,1861,1719,1730,1580,1388,1588,1569,1685,1627,1416,1465,1120,902,1171,599,353,0,0
2024,2024-08-30,Northbound,Light Vehicles,163,85,71,135,311,1049,1714,1776,1317,1556,1320,1306,1393,1549,1476,1540,1552,1192,1371,1177,1147,1026,907,512,0,0
2024,2024-08-30,Northbound,Heavy Vehicles,40,20,55,45,102,225,382,343,190,244,246,230,237,203,163,153,133,70,83,88,72,68,47,35,0,0
2024,2024-08-30,Northbound,All Vehicles,203,105,126,180,413,1274,2096,2119,1507,1800,1566,1536,1630,1752,1639,1693,1685,1262,1454,1265,1219,1094,954,547,0,0
2024,2024-08-31,Northbound,Light Vehicles,332,144,129,91,172,614,1306,1266,1426,1734,1717,1805,1753,1857,1681,1620,1751,1566,1410,1109,987,991,972,613,0,0
2024,2024-08-31,Northbound,Heavy Vehicles,26,22,21,20,43,95,198,215,170,156,120,119,86,82,87,99,94,70,74,61,49,39,37,24,0,0
2024,2024-08-31,Northbound,All Vehicles,358,166,150,111,215,709,1504,1481,1596,1890,1837,1924,1839,1939,1768,1719,1845,1636,1484,1170,1036,1030,1009,637,0,0
2024,2024-09-01,Northbound,Light Vehicles,485,228,137,103,126,301,555,611,875,1467,1710,1601,1664,1614,1564,1673,1636,1463,1260,1016,959,837,523,255,0,0
2024,2024-09-01,Northbound,Heavy Vehicles,29,26,18,7,18,27,49,70,58,94,86,65,78,75,75,77,75,68,69,67,67,54,41,36,0,0
2024,2024-09-01,Northbound,All Vehicles,514,254,155,110,144,328,604,681,933,1561,1796,1666,1742,1689,1639,1750,1711,1531,1329,1083,1026,891,564,291,0,0
2024,2024-09-02,Northbound,Heavy Vehicles,36,31,36,32,89,235,379,289,217,265,269,230,260,232,188,168,144,102,100,75,78,51,42,38,0,0
2024,2024-09-02,Northbound,Light Vehicles,146,97,78,121,342,1188,1791,1395,1516,1378,1293,1269,1235,1309,1407,1378,1344,1382,1275,963,760,619,421,234,0,0
2024,2024-09-02,Northbound,All Vehicles,182,128,114,153,431,1423,2170,1684,1733,1643,1562,1499,1495,1541,1595,1546,1488,1484,1375,1038,838,670,463,272,0,0
2024,2024-09-03,Northbound,Heavy Vehicles,41,26,43,42,99,224,336,296,185,221,304,224,202,225,214,146,129,105,106,75,75,80,55,38,0,0
2024,2024-09-03,Northbound,Light Vehicles,118,78,72,126,290,1118,1731,1494,1161,1213,1423,1119,1251,1348,1544,1319,1470,1105,1138,935,826,718,564,269,0,0
2024,2024-09-03,Northbound,All Vehicles,159,104,115,168,389,1342,2067,1790,1346,1434,1727,1343,1453,1573,1758,1465,1599,1210,1244,1010,901,798,619,307,0,0
2024,2024-09-04,Northbound,Heavy Vehicles,46,26,42,54,103,205,343,255,192,183,237,189,204,181,136,157,117,104,97,101,71,68,45,42,0,0
2024,2024-09-04,Northbound,Light Vehicles,149,78,70,123,311,1205,1768,1348,1220,1512,1461,1139,1194,1151,1348,1285,1216,1282,1259,947,787,743,572,291,0,0
2024,2024-09-04,Northbound,All Vehicles,195,104,112,177,414,1410,2111,1603,1412,1695,1698,1328,1398,1332,1484,1442,1333,1386,1356,1048,858,811,617,333,0,0
2024,2024-09-05,Northbound,Light Vehicles,143,71,68,98,321,1125,1652,1536,1397,1226,1075,1303,1122,1316,1430,1394,1565,1238,1245,1050,929,855,536,293,0,0
2024,2024-09-05,Northbound,Heavy Vehicles,29,36,48,50,92,227,306,304,213,232,196,252,212,202,178,158,118,92,79,72,73,75,49,56,0,0
2024,2024-09-05,Northbound,All Vehicles,172,107,116,148,413,1352,1958,1840,1610,1458,1271,1555,1334,1518,1608,1552,1683,1330,1324,1122,1002,930,585,349,0,0
2024,2024-09-06,Northbound,Heavy Vehicles,30,37,42,45,127,222,417,289,206,265,267,242,221,200,177,128,135,127,92,78,76,71,69,44,0,0
2024,2024-09-06,Northbound,Light Vehicles,166,95,76,111,299,1097,1940,1388,1428,1580,1470,1534,1410,1383,1651,1418,1437,1585,1364,1049,941,902,907,619,0,0
2024,2024-09-06,Northbound,All Vehicles,196,132,118,156,426,1319,2357,1677,1634,1845,1737,1776,1631,1583,1828,1546,1572,1712,1456,1127,1017,973,976,663,0,0
2024,2024-09-07,Northbound,Light Vehicles,334,164,125,119,163,612,1363,1229,1305,1702,1809,1590,1742,1864,1698,1446,1464,1541,1306,1119,1063,980,779,548,0,0
2024,2024-09-07,Northbound,Heavy Vehicles,20,23,28,28,42,89,209,211,134,144,132,93,96,90,108,85,83,85,71,63,52,46,36,31,0,0
2024,2024-09-07,Northbound,All Vehicles,354,187,153,147,205,701,1572,1440,1439,1846,1941,1683,1838,1954,1806,1531,1547,1626,1377,1182,1115,1026,815,579,0,0
2024,2024-09-08,Northbound,Light Vehicles,324,193,138,120,158,340,637,678,950,1336,1480,1771,1642,1697,1722,1584,1527,1558,1228,927,920,747,548,252,0,0
2024,2024-09-08,Northbound,Heavy Vehicles,18,14,10,16,31,37,60,79,86,87,89,74,85,90,86,69,89,75,72,78,50,55,63,28,0,0
2024,2024-09-08,Northbound,All Vehicles,342,207,148,136,189,377,697,757,1036,1423,1569,1845,1727,1787,1808,1653,1616,1633,1300,1005,970,802,611,280,0,0
2024,2024-09-09,Northbound,Heavy Vehicles,43,21,37,40,90,231,449,298,172,224,248,201,225,205,160,143,145,83,101,104,77,51,54,44,0,0
2024,2024-09-09,Northbound,Light Vehicles,159,72,72,125,340,1236,1982,1330,1112,1247,1223,1156,1259,1113,1133,1403,1563,1175,1328,957,744,653,463,210,0,0
2024,2024-09-09,Northbound,All Vehicles,202,93,109,165,430,1467,2431,1628,1284,1471,1471,1357,1484,1318,1293,1546,1708,1258,1429,1061,821,704,517,254,0,0
2024,2024-09-10,Northbound,Light Vehicles,123,76,62,134,317,1128,1609,1443,1162,1173,1261,1173,1235,1255,1444,1395,1500,1195,1219,945,787,702,475,260,0,0
2024,2024-09-10,Northbound,Heavy Vehicles,39,32,43,48,112,196,288,238,157,188,203,201,179,166,135,139,113,80,103,66,67,61,59,37,0,0
2024,2024-09-10,Northbound,All Vehicles,162,108,105,182,429,1324,1897,1681,1319,1361,1464,1374,1414,1421,1579,1534,1613,1275,1322,1011,854,763,534,297,0,0
2024,2024-09-11,Northbound,Light Vehicles,152,84,75,120,321,1166,1703,1353,1048,1098,1244,1358,1177,1462,1461,1470,1373,1328,1180,939,809,756,516,247,0,0
2024,2024-09-11,Northbound,Heavy Vehicles,33,37,43,50,105,200,372,299,178,236,247,276,212,240,209,159,124,113,86,95,84,56,49,29,0,0
2024,2024-09-11,Northbound,All Vehicles,185,121,118,170,426,1366,2075,1652,1226,1334,1491,1634,1389,1702,1670,1629,1497,1441,1266,1034,893,812,565,276,0,0
2024,2024-09-12,Northbound,Heavy Vehicles,35,38,34,56,104,251,361,262,174,210,278,237,237,208,167,153,117,106,79,74,64,47,46,36,0,0
2024,2024-09-12,Northbound,Light Vehicles,152,81,81,114,293,1182,1616,1385,1347,1312,1400,1350,1318,1160,1482,1613,1537,1252,1379,1047,859,775,527,702,0,0
2024,2024-09-12,Northbound,All Vehicles,187,119,115,170,397,1433,1977,1647,1521,1522,1678,1587,1555,1368,1649,1766,1654,1358,1458,1121,923,822,573,738,0,0
2024,2024-09-13,Northbound,Light Vehicles,190,101,78,128,313,1115,1797,1418,963,1088,1239,1342,1514,1415,1421,1505,1582,1613,1483,1080,947,908,858,751,0,0
2024,2024-09-13,Northbound,Heavy Vehicles,37,32,39,51,124,206,358,288,171,201,231,208,231,195,140,144,132,104,87,86,61,62,60,50,0,0
2024,2024-09-13,Northbound,All Vehicles,227,133,117,179,437,1321,2155,1706,1134,1289,1470,1550,1745,1610,1561,1649,1714,1717,1570,1166,1008,970,918,801,0,0
2024,2024-09-14,Northbound,Heavy Vehicles,24,31,21,28,36,87,228,219,144,123,119,124,103,88,125,101,76,86,78,65,56,43,35,49,0,0
2024,2024-09-14,Northbound,Light Vehicles,305,162,107,96,172,576,1384,1303,1379,1542,1897,1810,1709,1720,1840,1790,1880,1476,1370,1114,993,925,968,1037,0,0
2024,2024-09-14,Northbound,All Vehicles,329,193,128,124,208,663,1612,1522,1523,1665,2016,1934,1812,1808,1965,1891,1956,1562,1448,1179,1049,968,1003,1086,0,0
2024,2024-09-15,Northbound,Light Vehicles,342,205,102,114,151,379,708,762,915,1408,1598,1645,1682,1524,1664,1694,1637,1496,1489,1496,975,731,566,346,0,0
2024,2024-09-15,Northbound,Heavy Vehicles,24,16,12,6,17,29,51,75,85,85,114,73,72,75,68,76,74,60,90,99,76,59,47,33,0,0
2024,2024-09-15,Northbound,All Vehicles,366,221,114,120,168,408,759,837,1000,1493,1712,1718,1754,1599,1732,1770,1711,1556,1579,1595,1051,790,613,379,0,0
2024,2024-09-16,Northbound,Light Vehicles,156,93,74,124,340,1179,1610,1085,1484,1234,1201,1168,1085,1146,1309,1512,1296,1436,1315,968,712,644,431,242,0,0
2024,2024-09-16,Northbound,Heavy Vehicles,39,28,40,37,80,211,304,238,184,189,222,174,187,163,148,130,121,94,81,80,65,73,46,34,0,0
2024,2024-09-16,Northbound,All Vehicles,195,121,114,161,420,1390,1914,1323,1668,1423,1423,1342,1272,1309,1457,1642,1417,1530,1396,1048,777,717,477,276,0,0
2024,2024-09-17,Northbound,Heavy Vehicles,40,33,44,45,98,178,271,150,154,220,244,192,198,171,134,131,90,98,100,65,67,61,42,41,0,0
2024,2024-09-17,Northbound,Light Vehicles,137,94,78,117,288,1221,1669,605,1127,1348,1205,1214,1210,1385,1167,1412,1336,1011,1177,975,832,840,516,236,0,0
2024,2024-09-17,Northbound,All Vehicles,177,127,122,162,386,1399,1940,755,1281,1568,1449,1406,1408,1556,1301,1543,1426,1109,1277,1040,899,901,558,277,0,0
2024,2024-09-18,Northbound,Light Vehicles,138,94,67,119,306,1084,1608,976,1240,1329,1154,1202,1127,1136,1083,1422,1300,1150,1118,1012,788,732,592,252,0,0
2024,2024-09-18,Northbound,Heavy Vehicles,27,28,44,56,110,209,325,224,163,212,220,249,227,164,163,181,131,102,88,96,77,73,47,41,0,0
2024,2024-09-18,Northbound,All Vehicles,165,122,111,175,416,1293,1933,1200,1403,1541,1374,1451,1354,1300,1246,1603,1431,1252,1206,1108,865,805,639,293,0,0
2024,2024-09-19,Northbound,Light Vehicles,142,101,82,113,302,1204,1542,917,1230,1189,1460,1219,1227,1216,1029,1357,1449,1174,1415,1103,1000,814,564,320,0,0
2024,2024-09-19,Northbound,Heavy Vehicles,37,33,46,52,94,228,327,255,182,231,316,247,230,201,159,170,118,77,112,75,84,80,50,37,0,0
2024,2024-09-19,Northbound,All Vehicles,179,134,128,165,396,1432,1869,1172,1412,1420,1776,1466,1457,1417,1188,1527,1567,1251,1527,1178,1084,894,614,357,0,0
2024,2024-09-20,Northbound,Light Vehicles,132,114,92,123,323,1109,1726,1427,1386,1394,1389,1393,1544,1593,1400,1348,1654,1453,1346,1183,930,892,659,511,0,0
2024,2024-09-20,Northbound,Heavy Vehicles,33,34,55,45,117,200,321,291,210,234,223,247,217,213,166,119,117,115,108,85,76,57,49,35,0,0
2024,2024-09-20,Northbound,All Vehicles,165,148,147,168,440,1309,2047,1718,1596,1628,1612,1640,1761,1806,1566,1467,1771,1568,1454,1268,1006,949,708,546,0,0
2024,2024-09-21,Northbound,Heavy Vehicles,22,18,24,20,30,76,215,188,122,100,76,96,90,80,94,83,107,74,131,100,45,44,41,50,0,0
2024,2024-09-21,Northbound,Light Vehicles,311,198,128,113,170,649,1436,1224,1375,1738,1303,1486,1649,1520,1537,1484,1706,1582,1692,1511,1009,862,867,933,0,0
2024,2024-09-21,Northbound,All Vehicles,333,216,152,133,200,725,1651,1412,1497,1838,1379,1582,1739,1600,1631,1567,1813,1656,1823,1611,1054,906,908,983,0,0
2024,2024-09-22,Northbound,Light Vehicles,420,208,134,128,139,333,588,696,1084,1540,1634,1431,1605,1455,1780,1615,1625,1660,1595,1095,853,764,560,251,0,0
2024,2024-09-22,Northbound,Heavy Vehicles,27,13,13,9,20,30,57,98,106,85,77,64,84,67,73,80,73,96,85,57,59,49,42,32,0,0
2024,2024-09-22,Northbound,All Vehicles,447,221,147,137,159,363,645,794,1190,1625,1711,1495,1689,1522,1853,1695,1698,1756,1680,1152,912,813,602,283,0,0
2024,2024-09-23,Northbound,Heavy Vehicles,24,23,30,43,100,223,350,237,170,221,285,222,227,225,165,171,141,109,101,74,77,53,46,30,0,0
2024,2024-09-23,Northbound,Light Vehicles,151,97,67,139,321,1105,1875,1065,1311,1405,1354,1215,1294,1333,1214,1462,1534,1360,1274,939,649,682,450,233,0,0
2024,2024-09-23,Northbound,All Vehicles,175,120,97,182,421,1328,2225,1302,1481,1626,1639,1437,1521,1558,1379,1633,1675,1469,1375,1013,726,735,496,263,0,0
2024,2024-09-24,Northbound,Heavy Vehicles,34,29,44,47,102,209,358,226,170,200,233,203,212,187,168,140,120,82,98,80,89,68,45,37,0,0
2024,2024-09-24,Northbound,Light Vehicles,130,86,60,128,305,1220,1702,1082,1292,1384,1370,1274,1309,1339,1283,1316,1363,1191,1151,895,766,742,483,248,0,0
2024,2024-09-24,Northbound,All Vehicles,164,115,104,175,407,1429,2060,1308,1462,1584,1603,1477,1521,1526,1451,1456,1483,1273,1249,975,855,810,528,285,0,0
2024,2024-09-25,Northbound,Light Vehicles,166,68,74,138,325,1210,1599,1124,1452,1450,1191,1299,1294,1122,1147,1408,1579,1007,1239,887,751,828,522,254,0,0
2024,2024-09-25,Northbound,Heavy Vehicles,24,30,45,58,109,213,346,299,179,238,246,241,211,171,127,166,141,98,97,85,71,56,56,34,0,0
2024,2024-09-25,Northbound,All Vehicles,190,98,119,196,434,1423,1945,1423,1631,1688,1437,1540,1505,1293,1274,1574,1720,1105,1336,972,822,884,578,288,0,0
2024,2024-09-26,Northbound,Light Vehicles,162,93,85,120,300,1060,1610,1302,1396,1420,1287,1129,1016,1124,1101,1220,1157,977,1214,924,781,836,526,291,0,0
2024,2024-09-26,Northbound,Heavy Vehicles,34,31,45,48,99,140,249,202,162,223,247,173,155,151,139,131,111,68,90,69,64,41,35,28,0,0
2024,2024-09-26,Northbound,All Vehicles,196,124,130,168,399,1200,1859,1504,1558,1643,1534,1302,1171,1275,1240,1351,1268,1045,1304,993,845,877,561,319,0,0
2024,2024-09-27,Northbound,Light Vehicles,155,84,79,132,311,1145,1633,1246,1269,1384,1374,1304,1502,1313,1434,1520,1471,1573,1407,1064,903,801,671,461,0,0
2024,2024-09-27,Northbound,Heavy Vehicles,31,30,43,45,107,196,255,241,189,247,266,202,237,157,158,148,143,118,93,62,62,61,55,28,0,0
2024,2024-09-27,Northbound,All Vehicles,186,114,122,177,418,1341,1888,1487,1458,1631,1640,1506,1739,1470,1592,1668,1614,1691,1500,1126,965,862,726,489,0,0
2024,2024-09-28,Northbound,Light Vehicles,274,149,117,137,176,634,1345,1119,1354,1395,1668,1687,1583,1928,1503,1684,1658,1499,1366,1002,922,919,1034,570,0,0
2024,2024-09-28,Northbound,Heavy Vehicles,27,26,15,23,36,80,220,200,174,123,133,125,108,109,75,103,77,76,63,66,48,50,65,29,0,0
2024,2024-09-28,Northbound,All Vehicles,301,175,132,160,212,714,1565,1319,1528,1518,1801,1812,1691,2037,1578,1787,1735,1575,1429,1068,970,969,1099,599,0,0
2024,2024-09-29,Northbound,Light Vehicles,344,180,131,93,123,312,552,579,837,1228,1286,1538,1723,1655,1649,1625,1753,1598,1297,964,887,684,537,303,0,0
2024,2024-09-29,Northbound,Heavy Vehicles,25,15,13,11,21,20,53,86,78,83,76,76,80,85,76,72,71,67,64,76,45,55,38,28,0,0
2024,2024-09-29,Northbound,All Vehicles,369,195,144,104,144,332,605,665,915,1311,1362,1614,1803,1740,1725,1697,1824,1665,1361,1040,932,739,575,331,0,0
2024,2024-09-30,Northbound,Heavy Vehicles,17,27,36,28,75,236,343,243,245,233,260,235,243,197,174,142,126,99,96,75,76,66,65,31,0,0
2024,2024-09-30,Northbound,Light Vehicles,155,90,86,134,330,1239,1692,1207,1602,1317,1348,1236,1417,1295,1371,1466,1520,1344,1210,948,692,685,507,248,0,0
2024,2024-09-30,Northbound,All Vehicles,172,117,122,162,405,1475,2035,1450,1847,1550,1608,1471,1660,1492,1545,1608,1646,1443,1306,1023,768,751,572,279,0,0
2024,2024-10-01,Northbound,Heavy Vehicles,36,41,42,53,101,220,377,303,211,252,264,224,262,223,168,157,106,101,88,73,67,56,62,42,0,0
2024,2024-10-01,Northbound,Light Vehicles,148,84,56,121,315,1248,1919,1402,1565,1501,1444,1298,1412,1414,1178,1446,1399,1308,1027,985,840,754,516,280,0,0
2024,2024-10-01,Northbound,All Vehicles,184,125,98,174,416,1468,2296,1705,1776,1753,1708,1522,1674,1637,1346,1603,1505,1409,1115,1058,907,810,578,322,0,0
2024,2024-10-02,Northbound,Light Vehicles,148,85,99,113,304,1164,1775,1232,1212,1571,1462,1377,1563,1442,1430,1307,1583,1215,1340,937,746,767,520,261,0,0
2024,2024-10-02,Northbound,Heavy Vehicles,41,27,46,44,108,216,362,263,163,244,265,203,213,202,179,153,127,100,107,73,70,64,44,44,0,0
2024,2024-10-02,Northbound,All Vehicles,189,112,145,157,412,1380,2137,1495,1375,1815,1727,1580,1776,1644,1609,1460,1710,1315,1447,1010,816,831,564,305,0,0
2024,2024-10-03,Northbound,Light Vehicles,167,77,84,117,318,1214,1804,1518,1574,1506,1423,1347,1438,1251,1129,1553,1403,1157,1448,1136,951,837,605,442,0,0
2024,2024-10-03,Northbound,Heavy Vehicles,25,40,35,50,106,238,375,355,253,262,272,231,240,220,142,184,123,82,102,81,75,75,56,49,0,0
2024,2024-10-03,Northbound,All Vehicles,192,117,119,167,424,1452,2179,1873,1827,1768,1695,1578,1678,1471,1271,1737,1526,1239,1550,1217,1026,912,661,491,0,0
2024,2024-10-04,Northbound,Heavy Vehicles,27,28,41,53,109,225,400,258,248,262,210,204,199,215,170,162,120,109,82,85,64,60,61,32,0,0
2024,2024-10-04,Northbound,Light Vehicles,223,95,90,151,335,1080,1891,1202,1533,1545,1389,1373,1351,1638,1475,1553,1504,1523,1315,1108,940,901,740,466,0,0
2024,2024-10-04,Northbound,All Vehicles,250,123,131,204,444,1305,2291,1460,1781,1807,1599,1577,1550,1853,1645,1715,1624,1632,1397,1193,1004,961,801,498,0,0
2024,2024-10-05,Northbound,Light Vehicles,288,176,114,133,176,592,1264,1085,1356,1760,1652,1728,1782,1648,1524,1647,1497,1342,1172,1001,880,879,766,729,0,0
2024,2024-10-05,Northbound,Heavy Vehicles,29,25,18,20,35,77,193,190,140,125,109,100,107,96,71,90,77,72,64,60,45,42,46,39,0,0
2024,2024-10-05,Northbound,All Vehicles,317,201,132,153,211,669,1457,1275,1496,1885,1761,1828,1889,1744,1595,1737,1574,1414,1236,1061,925,921,812,768,0,0
2024,2024-10-06,Northbound,Heavy Vehicles,30,14,,20,23,23,52,57,62,92,81,77,77,64,73,65,82,67,48,58,39,54,95,52,0,0
2024,2024-10-06,Northbound,Light Vehicles,585,230,,176,176,343,592,629,863,1336,1569,1897,1760,1563,1652,1462,1505,1386,1149,947,820,883,1279,749,0,0
2024,2024-10-06,Northbound,All Vehicles,615,244,,196,199,366,644,686,925,1428,1650,1974,1837,1627,1725,1527,1587,1453,1197,1005,859,937,1374,801,0,0
2024,2024-10-07,Northbound,Light Vehicles,359,190,117,91,129,322,578,565,770,1263,1700,,1674,1612,1360,1309,1164,1051,910,855,801,832,532,293,0,0
2024,2024-10-07,Northbound,Heavy Vehicles,26,24,23,15,35,40,49,98,102,94,103,,60,63,59,60,56,50,48,54,53,42,52,27,0,0
2024,2024-10-07,Northbound,All Vehicles,385,214,140,106,164,362,627,663,872,1357,1803,,1734,1675,1419,1369,1220,1101,958,909,854,874,584,320,0,0
2024,2024-10-08,Northbound,Light Vehicles,170,107,72,108,260,972,1691,1390,1590,1343,1259,1284,1254,1395,1256,1299,,,,,,,,,0,0
2024,2024-10-08,Northbound,Heavy Vehicles,23,27,32,37,94,196,358,280,188,234,225,209,224,198,162,156,,,,,,,,,0,0
2024,2024-10-08,Northbound,All Vehicles,193,134,104,145,354,1168,2049,1670,1778,1577,1484,1493,1478,1593,1418,1455,,,,,,,,,0,0
2024,2024-10-09,Northbound,Light Vehicles,,,,,299,1136,1757,1499,1488,1393,1319,1347,1346,1274,1316,1334,1450,1096,1308,993,796,776,552,288,0,0
2024,2024-10-09,Northbound,Heavy Vehicles,,,,,108,222,331,335,219,226,238,223,232,191,158,143,120,83,107,80,66,83,50,44,0,0
2024,2024-10-09,Northbound,All Vehicles,,,,,407,1358,2088,1834,1707,1619,1557,1570,1578,1465,1474,1477,1570,1179,1415,1073,862,859,602,332,0,0
2024,2024-10-10,Northbound,Heavy Vehicles,28,34,42,49,100,194,358,313,245,254,275,247,217,201,154,179,99,111,88,81,67,52,66,38,0,0
2024,2024-10-10,Northbound,Light Vehicles,130,88,67,108,307,1080,1799,1637,1629,1544,1571,1360,1335,1367,1208,1548,1469,1499,1434,1060,1000,872,647,345,0,0
2024,2024-10-10,Northbound,All Vehicles,158,122,109,157,407,1274,2157,1950,1874,1798,1846,1607,1552,1568,1362,1727,1568,1610,1522,1141,1067,924,713,383,0,0
2024,2024-10-11,Northbound,Light Vehicles,170,91,100,124,289,,1762,1326,1538,1681,1285,1573,1223,1270,1625,1797,1461,1611,1418,1078,993,1044,771,598,0,0
2024,2024-10-11,Northbound,Heavy Vehicles,39,37,37,49,111,,379,315,253,282,243,260,194,155,189,176,146,118,119,70,78,55,46,47,0,0
2024,2024-10-11,Northbound,All Vehicles,209,128,137,173,400,,2141,1641,1791,1963,1528,1833,1417,1425,1814,1973,1607,1729,1537,1148,1071,1099,817,645,0,0
2024,2024-10-12,Northbound,Light Vehicles,174,92,75,63,79,227,382,432,423,505,689,651,652,667,647,633,610,615,555,444,470,584,356,293,0,0
2024,2024-10-12,Northbound,Heavy Vehicles,13,19,19,16,23,38,102,104,60,37,41,46,47,29,37,38,33,32,33,17,33,39,23,13,0,0
2024,2024-10-12,Northbound,All Vehicles,187,111,94,79,102,265,484,536,483,542,730,697,699,696,684,671,643,647,588,461,503,623,379,306,0,0
2024,2024-10-14,Northbound,Light Vehicles,,,,,320,1205,1729,1290,1483,1277,1210,1095,1108,1193,1316,1288,1461,1390,1274,866,718,615,425,203,0,0
2024,2024-10-14,Northbound,Heavy Vehicles,,,,,92,189,352,266,193,235,256,227,207,171,198,139,129,86,86,64,56,45,38,26,0,0
2024,2024-10-14,Northbound,All Vehicles,,,,,412,1394,2081,1556,1676,1512,1466,1322,1315,1364,1514,1427,1590,1476,1360,930,774,660,463,229,0,0
2024,2024-10-15,Northbound,Heavy Vehicles,36,26,34,51,101,204,316,245,198,237,283,221,201,212,176,153,129,97,97,85,69,60,56,37,0,0
2024,2024-10-15,Northbound,Light Vehicles,116,79,58,127,290,1124,1911,1288,1430,1456,1346,1171,1318,1334,1294,1251,1397,1334,1265,1004,892,795,557,268,0,0
2024,2024-10-15,Northbound,All Vehicles,152,105,92,178,391,1328,2227,1533,1628,1693,1629,1392,1519,1546,1470,1404,1526,1431,1362,1089,961,855,613,305,0,0
2024,2024-10-16,Northbound,Heavy Vehicles,39,31,33,60,110,202,300,318,190,257,296,241,216,197,175,137,141,108,90,103,79,61,61,60,0,0
2024,2024-10-16,Northbound,Light Vehicles,148,93,78,122,299,1143,1547,1610,1383,1592,1412,1221,1167,1264,1339,1464,1426,1416,1329,987,843,787,561,327,0,0
2024,2024-10-16,Northbound,All Vehicles,187,124,111,182,409,1345,1847,1928,1573,1849,1708,1462,1383,1461,1514,1601,1567,1524,1419,1090,922,848,622,387,0,0
2024,2024-10-17,Northbound,Light Vehicles,161,89,71,121,318,1128,1663,1432,1407,1491,1484,1317,1321,1450,1591,1526,1619,798,915,1232,962,938,680,888,0,0
2024,2024-10-17,Northbound,Heavy Vehicles,40,31,44,54,97,224,352,298,217,231,287,245,219,240,208,193,151,128,118,79,87,64,57,56,0,0
2024,2024-10-17,Northbound,All Vehicles,201,120,115,175,415,1352,2015,1730,1624,1722,1771,1562,1540,1690,1799,1719,1770,926,1033,1311,1049,1002,737,944,0,0
2024,2024-10-18,Northbound,Heavy Vehicles,38,42,41,56,111,209,374,311,226,242,292,241,196,211,165,174,142,133,112,67,58,64,55,45,0,0
2024,2024-10-18,Northbound,Light Vehicles,253,124,93,122,304,1067,1670,1442,1436,1479,1354,1368,1277,1500,1344,1506,1609,1555,1444,1008,852,881,748,940,0,0
2024,2024-10-18,Northbound,All Vehicles,291,166,134,178,415,1276,2044,1753,1662,1721,1646,1609,1473,1711,1509,1680,1751,1688,1556,1075,910,945,803,985,0,0
2024,2024-10-19,Northbound,Heavy Vehicles,32,25,22,26,,,,,,,118,125,88,84,98,73,90,81,67,56,66,43,63,25,0,0
2024,2024-10-19,Northbound,Light Vehicles,292,180,121,115,,,,,,,1669,1893,1406,1662,1703,1571,1642,1599,1383,1017,917,911,892,603,0,0
2024,2024-10-19,Northbound,All Vehicles,324,205,143,141,,,,,,,1787,2018,1494,1746,1801,1644,1732,1680,1450,1073,983,954,955,628,0,0
2024,2024-10-20,Northbound,Light Vehicles,388,179,132,107,121,304,587,573,884,1210,1430,1592,1608,1471,1724,1720,1650,1520,1221,1057,867,757,607,304,0,0
2024,2024-10-20,Northbound,Heavy Vehicles,23,19,16,9,19,30,56,60,75,64,70,74,78,55,77,83,86,98,81,67,52,55,49,32,0,0
2024,2024-10-20,Northbound,All Vehicles,411,198,148,116,140,334,643,633,959,1274,1500,1666,1686,1526,1801,1803,1736,1618,1302,1124,919,812,656,336,0,0
2024,2024-10-21,Northbound,Heavy Vehicles,36,32,34,53,104,247,420,316,200,269,,,,,,,133,118,110,86,67,46,49,47,0,0
2024,2024-10-21,Northbound,Light Vehicles,143,87,89,114,319,1152,1818,1604,1297,1415,,,,,,,1514,1468,1352,1003,755,663,532,562,0,0
2024,2024-10-21,Northbound,All Vehicles,179,119,123,167,423,1399,2238,1920,1497,1684,,,,,,,1647,1586,1462,1089,822,709,581,609,0,0
2024,2024-10-22,Northbound,Heavy Vehicles,1,,,2,3,3,8,13,23,7,17,9,6,7,5,16,,,,,,,,,0,0
2024,2024-10-22,Northbound,Light Vehicles,1,2,3,4,3,11,31,88,116,83,110,62,54,51,63,62,,,,,,,,,0,0
2024,2024-10-22,Northbound,All Vehicles,2,2,3,6,6,14,39,101,139,90,127,71,60,58,68,78,,,,,,,,,0,0
2024,2024-10-24,Northbound,Heavy Vehicles,48,39,40,51,106,255,402,297,203,208,284,215,202,203,162,167,131,101,93,55,67,70,49,44,0,0
2024,2024-10-24,Northbound,Light Vehicles,835,142,79,133,280,1186,1770,1633,1468,1378,1334,1316,1158,1408,1397,1564,1606,1329,1443,1067,984,889,573,299,0,0
2024,2024-10-24,Northbound,All Vehicles,883,181,119,184,386,1441,2172,1930,1671,1586,1618,1531,1360,1611,1559,1731,1737,1430,1536,1122,1051,959,622,343,0,0
2024,2024-10-25,Northbound,Light Vehicles,140,93,63,117,303,1144,1840,1302,1509,1487,1394,1462,1288,1571,1602,1480,1509,1609,1359,1084,1014,964,810,638,0,0
2024,2024-10-25,Northbound,Heavy Vehicles,27,37,36,54,113,216,376,272,239,254,241,243,204,187,176,133,124,104,105,86,65,69,57,48,0,0
2024,2024-10-25,Northbound,All Vehicles,167,130,99,171,416,1360,2216,1574,1748,1741,1635,1705,1492,1758,1778,1613,1633,1713,1464,1170,1079,1033,867,686,0,0
2024,2024-10-27,Northbound,Light Vehicles,404,204,161,103,144,341,544,654,932,1186,1534,1539,1721,1584,1726,1798,1721,1482,1224,1000,948,787,554,299,0,0
2024,2024-10-27,Northbound,Heavy Vehicles,23,15,10,11,23,27,50,84,68,74,86,83,62,69,68,65,83,54,79,53,65,58,43,40,0,0
2024,2024-10-27,Northbound,All Vehicles,427,219,171,114,167,368,594,738,1000,1260,1620,1622,1783,1653,1794,1863,1804,1536,1303,1053,1013,845,597,339,0,0
2024,2024-10-28,Northbound,Heavy Vehicles,37,29,34,42,102,254,375,288,187,267,242,215,228,190,143,147,121,89,83,62,74,61,35,30,0,0
2024,2024-10-28,Northbound,Light Vehicles,163,102,77,115,348,1234,1973,1186,1414,1452,1161,1045,1163,1179,1116,1249,1267,1238,1250,888,787,729,445,221,0,0
2024,2024-10-28,Northbound,All Vehicles,200,131,111,157,450,1488,2348,1474,1601,1719,1403,1260,1391,1369,1259,1396,1388,1327,1333,950,861,790,480,251,0,0
2024,2024-10-29,Northbound,Heavy Vehicles,44,39,42,53,99,231,395,216,146,230,284,238,228,207,177,144,120,72,91,74,70,69,48,36,0,0
2024,2024-10-29,Northbound,Light Vehicles,134,96,67,106,318,1189,1776,995,1362,1298,1281,1188,1210,1257,1281,1306,1541,1216,1132,910,854,818,546,252,0,0
2024,2024-10-29,Northbound,All Vehicles,178,135,109,159,417,1420,2171,1211,1508,1528,1565,1426,1438,1464,1458,1450,1661,1288,1223,984,924,887,594,288,0,0
2024,2024-10-30,Northbound,Light Vehicles,,75,78,106,348,1246,1905,1315,1278,1557,1467,1235,1242,1259,1240,1500,1450,1197,1422,1077,849,817,552,251,0,0
2024,2024-10-30,Northbound,Heavy Vehicles,,36,42,52,97,217,361,267,187,223,281,190,211,160,177,156,112,94,112,82,77,92,67,43,0,0
2024,2024-10-30,Northbound,All Vehicles,,111,120,158,445,1463,2266,1582,1465,1780,1748,1425,1453,1419,1417,1656,1562,1291,1534,1159,926,909,619,294,0,0
2024,2024-11-01,Northbound,Light Vehicles,203,110,113,129,323,1133,1922,1498,1318,1518,1334,1333,1502,1555,1412,1537,1702,1681,1390,1132,1017,930,788,537,0,0
2024,2024-11-01,Northbound,Heavy Vehicles,40,32,44,50,118,233,377,316,233,303,276,230,249,252,185,159,157,113,122,97,71,67,53,33,0,0
2024,2024-11-01,Northbound,All Vehicles,243,142,157,179,441,1366,2299,1814,1551,1821,1610,1563,1751,1807,1597,1696,1859,1794,1512,1229,1088,997,841,570,0,0
2024,2024-11-02,Northbound,Heavy Vehicles,2,,1,,,,,,,,9,5,6,8,10,10,12,11,9,10,5,4,4,2,0,0
2024,2024-11-02,Northbound,Light Vehicles,3,5,3,4,,,,,,,109,102,72,51,43,76,71,49,41,38,10,16,9,10,0,0
2024,2024-11-02,Northbound,All Vehicles,5,5,4,4,,,,,,,118,107,78,59,53,86,83,60,50,48,15,20,13,12,0,0
2024,2024-11-03,Northbound,Heavy Vehicles,9,9,10,14,12,25,26,27,21,35,,,,,,,27,19,29,30,26,30,22,25,0,0
2024,2024-11-03,Northbound,Light Vehicles,192,132,96,62,84,159,273,290,351,414,,,,,,,643,580,503,381,325,313,234,133,0,0
2024,2024-11-03,Northbound,All Vehicles,201,141,106,76,96,184,299,317,372,449,,,,,,,670,599,532,411,351,343,256,158,0,0
2024,2024-11-04,Northbound,Heavy Vehicles,31,39,41,39,79,210,364,313,212,234,274,217,242,214,203,186,124,119,104,76,71,81,47,40,0,0
2024,2024-11-04,Northbound,Light Vehicles,171,98,80,109,279,1063,1793,1585,1523,1379,1278,1150,1173,1221,1386,1442,1443,1491,1275,936,778,696,482,239,0,0
2024,2024-11-04,Northbound,All Vehicles,202,137,121,148,358,1273,2157,1898,1735,1613,1552,1367,1415,1435,1589,1628,1567,1610,1379,1012,849,777,529,279,0,0
2024,2024-11-05,Northbound,Heavy Vehicles,40,36,45,58,103,225,392,249,226,231,249,225,261,232,184,163,143,94,118,80,81,78,54,46,0,0
2024,2024-11-05,Northbound,Light Vehicles,147,95,70,132,291,1157,1717,1393,1621,1267,1163,1056,1288,1338,1178,1400,1639,1312,1300,936,842,749,483,258,0,0
2024,2024-11-05,Northbound,All Vehicles,187,131,115,190,394,1382,2109,1642,1847,1498,1412,1281,1549,1570,1362,1563,1782,1406,1418,1016,923,827,537,304,0,0
2024,2024-11-06,Northbound,Light Vehicles,79,51,40,58,,,,,,,379,396,413,473,412,459,481,420,393,339,345,311,254,459,0,0
2024,2024-11-06,Northbound,Heavy Vehicles,25,28,38,37,,,,,,,128,90,119,87,88,46,55,33,30,37,37,32,21,50,0,0
2024,2024-11-06,Northbound,All Vehicles,104,79,78,95,,,,,,,507,486,532,560,500,505,536,453,423,376,382,343,275,509,0,0
2024,2024-11-08,Northbound,Heavy Vehicles,58,36,43,57,113,221,426,267,217,290,272,204,220,219,167,144,132,114,118,89,85,68,56,36,0,0
2024,2024-11-08,Northbound,Light Vehicles,941,144,101,119,294,1224,1965,1307,1486,1543,1364,1327,1495,1645,1430,1417,1539,1478,1386,1160,1036,1106,887,579,0,0
2024,2024-11-08,Northbound,All Vehicles,999,180,144,176,407,1445,2391,1574,1703,1833,1636,1531,1715,1864,1597,1561,1671,1592,1504,1249,1121,1174,943,615,0,0
2024,2024-11-09,Northbound,Light Vehicles,332,173,136,116,198,650,1394,1326,1461,1702,1642,1508,1732,1858,1495,1782,1858,1495,1396,1188,1062,940,818,1270,0,0
2024,2024-11-09,Northbound,Heavy Vehicles,42,23,25,22,41,82,231,199,143,138,110,106,106,113,89,100,97,99,93,50,57,59,53,109,0,0
2024,2024-11-09,Northbound,All Vehicles,374,196,161,138,239,732,1625,1525,1604,1840,1752,1614,1838,1971,1584,1882,1955,1594,1489,1238,1119,999,871,1379,0,0
2024,2024-11-10,Northbound,Light Vehicles,1156,229,128,102,139,336,611,632,1010,1241,,,,,,,1564,1478,1290,968,1051,829,697,1383,0,0
2024,2024-11-10,Northbound,Heavy Vehicles,70,16,17,4,20,17,60,83,69,81,,,,,,,93,74,91,61,60,63,54,131,0,0
2024,2024-11-10,Northbound,All Vehicles,1226,245,145,106,159,353,671,715,1079,1322,,,,,,,1657,1552,1381,1029,1111,892,751,1514,0,0
2024,2024-11-15,Northbound,Light Vehicles,210,105,86,134,326,1147,1909,1258,1324,1465,1462,1441,1404,1536,1456,1468,1009,1287,1345,1154,1034,1029,732,919,0,0
2024,2024-11-15,Northbound,Heavy Vehicles,38,45,44,59,100,228,390,276,208,234,264,219,191,210,161,141,101,99,100,94,73,63,50,49,0,0
2024,2024-11-15,Northbound,All Vehicles,248,150,130,193,426,1375,2299,1534,1532,1699,1726,1660,1595,1746,1617,1609,1110,1386,1445,1248,1107,1092,782,968,0,0
2024,2024-11-16,Northbound,Light Vehicles,428,190,137,107,186,622,1430,1302,1455,1558,1737,1806,1625,1557,1553,1724,1650,1738,1432,1048,1029,1010,1091,925,0,0
2024,2024-11-16,Northbound,Heavy Vehicles,36,17,24,21,28,90,230,208,159,127,118,117,117,84,88,95,82,89,69,43,53,47,53,35,0,0
2024,2024-11-16,Northbound,All Vehicles,464,207,161,128,214,712,1660,1510,1614,1685,1855,1923,1742,1641,1641,1819,1732,1827,1501,1091,1082,1057,1144,960,0,0
2024,2024-11-17,Northbound,Light Vehicles,438,214,145,,,,,,,,1748,1729,1736,1442,1631,1658,1514,1555,1202,911,836,729,509,251,0,0
2024,2024-11-17,Northbound,Heavy Vehicles,21,21,10,,,,,,,,95,71,78,62,69,74,64,77,63,60,48,38,40,31,0,0
2024,2024-11-17,Northbound,All Vehicles,459,235,155,,,,,,,,1843,1800,1814,1504,1700,1732,1578,1632,1265,971,884,767,549,282,0,0
2024,2024-11-18,Northbound,Heavy Vehicles,36,28,36,39,73,211,372,250,190,249,291,212,201,177,168,168,171,107,120,90,78,77,66,37,0,0
2024,2024-11-18,Northbound,Light Vehicles,133,93,65,124,351,1221,1851,1217,1506,1457,1300,1204,1311,1124,1333,1474,1672,1291,1312,995,801,774,467,285,0,0
2024,2024-11-18,Northbound,All Vehicles,169,121,101,163,424,1432,2223,1467,1696,1706,1591,1416,1512,1301,1501,1642,1843,1398,1432,1085,879,851,533,322,0,0
2024,2024-11-19,Northbound,Heavy Vehicles,31,35,42,52,119,230,373,279,168,219,267,229,185,238,183,190,134,88,98,95,95,85,58,60,0,0
2024,2024-11-19,Northbound,Light Vehicles,147,82,72,104,334,1133,1765,1399,1623,1390,1210,1202,1060,1390,1214,1321,1422,1090,1219,985,858,780,670,524,0,0
2024,2024-11-19,Northbound,All Vehicles,178,117,114,156,453,1363,2138,1678,1791,1609,1477,1431,1245,1628,1397,1511,1556,1178,1317,1080,953,865,728,584,0,0
2024,2024-11-20,Northbound,Light Vehicles,175,98,72,125,315,1271,1867,1481,1277,1284,1466,1402,1289,1393,1391,1479,1420,1235,1253,1084,927,833,673,871,0,0
2024,2024-11-20,Northbound,Heavy Vehicles,52,31,48,61,119,231,406,325,181,214,303,249,244,232,186,159,132,92,105,80,72,70,66,46,0,0
2024,2024-11-20,Northbound,All Vehicles,227,129,120,186,434,1502,2273,1806,1458,1498,1769,1651,1533,1625,1577,1638,1552,1327,1358,1164,999,903,739,917,0,0
2024,2024-11-22,Northbound,Light Vehicles,,,,146,314,1247,1996,1273,1539,1464,1335,1553,1362,1621,1541,1473,1475,1744,1307,1091,958,897,800,570,0,0
2024,2024-11-22,Northbound,Heavy Vehicles,,,,59,114,227,384,276,247,257,255,239,223,230,194,174,125,131,110,85,71,67,55,50,0,0
2024,2024-11-22,Northbound,All Vehicles,,,,205,428,1474,2380,1549,1786,1721,1590,1792,1585,1851,1735,1647,1600,1875,1417,1176,1029,964,855,620,0,0
2024,2024-11-23,Northbound,Light Vehicles,327,187,107,116,191,731,1500,1423,1564,1606,1553,1765,2004,1907,1769,1707,1853,1681,1308,1104,1020,1012,996,1442,0,0
2024,2024-11-23,Northbound,Heavy Vehicles,26,31,15,26,49,116,240,220,187,115,110,96,118,103,83,99,92,82,77,56,48,52,38,103,0,0
2024,2024-11-23,Northbound,All Vehicles,353,218,122,142,240,847,1740,1643,1751,1721,1663,1861,2122,2010,1852,1806,1945,1763,1385,1160,1068,1064,1034,1545,0,0
2024,2024-11-24,Northbound,Heavy Vehicles,34,16,14,,,,,,,,67,69,60,70,63,59,57,52,60,71,49,36,47,33,0,0
2024,2024-11-24,Northbound,Light Vehicles,617,205,114,,,,,,,,1261,1197,1374,1232,1172,1393,1172,1116,988,857,793,638,470,557,0,0
2024,2024-11-24,Northbound,All Vehicles,651,221,128,,,,,,,,1328,1266,1434,1302,1235,1452,1229,1168,1048,928,842,674,517,590,0,0
2024,2024-11-25,Northbound,Heavy Vehicles,28,24,42,35,98,249,404,342,185,251,278,204,226,233,187,156,140,111,101,95,88,77,61,46,0,0
2024,2024-11-25,Northbound,Light Vehicles,206,105,86,115,345,1260,2017,1614,1549,1516,1401,1126,1223,1291,1378,1480,1482,1318,1277,1031,801,799,549,258,0,0
2024,2024-11-25,Northbound,All Vehicles,234,129,128,150,443,1509,2421,1956,1734,1767,1679,1330,1449,1524,1565,1636,1622,1429,1378,1126,889,876,610,304,0,0
2024,2024-11-26,Northbound,Heavy Vehicles,36,54,36,39,120,246,314,287,185,180,224,277,206,230,177,173,128,63,101,90,89,81,76,44,0,0
2024,2024-11-26,Northbound,Light Vehicles,139,92,79,106,329,1275,1706,1580,1251,1093,924,1204,1286,1325,1248,1442,1448,555,743,988,965,916,661,349,0,0
2024,2024-11-26,Northbound,All Vehicles,175,146,115,145,449,1521,2020,1867,1436,1273,1148,1481,1492,1555,1425,1615,1576,618,844,1078,1054,997,737,393,0,0
2024,2024-11-27,Northbound,Light Vehicles,171,89,71,110,343,1276,1789,1378,1451,1167,742,1095,1345,1373,1414,1429,1079,1060,1013,737,685,854,314,301,0,0
2024,2024-11-27,Northbound,Heavy Vehicles,43,35,49,49,131,252,374,321,201,220,177,198,241,239,202,152,90,76,72,76,75,63,25,48,0,0
2024,2024-11-27,Northbound,All Vehicles,214,124,120,159,474,1528,2163,1699,1652,1387,919,1293,1586,1612,1616,1581,1169,1136,1085,813,760,917,339,349,0,0
2024,2024-11-29,Northbound,Light Vehicles,209,111,89,123,330,1160,2003,1374,1622,1554,1254,1249,1327,1207,1291,1352,1253,1010,1468,1097,856,904,1044,561,0,0
2024,2024-11-29,Northbound,Heavy Vehicles,30,34,44,69,117,237,399,256,262,273,218,198,219,168,137,159,107,85,92,71,64,63,70,48,0,0
2024,2024-11-29,Northbound,All Vehicles,239,145,133,192,447,1397,2402,1630,1884,1827,1472,1447,1546,1375,1428,1511,1360,1095,1560,1168,920,967,1114,609,0,0
2024,2024-11-30,Northbound,Heavy Vehicles,37,17,31,31,27,75,165,158,125,104,86,76,74,68,93,70,76,51,72,47,44,38,64,27,0,0
2024,2024-11-30,Northbound,Light Vehicles,326,187,126,104,170,504,1180,1163,1390,1517,1564,1729,1374,1695,1715,1679,1744,1657,1457,1158,975,957,1154,590,0,0
2024,2024-11-30,Northbound,All Vehicles,363,204,157,135,197,579,1345,1321,1515,1621,1650,1805,1448,1763,1808,1749,1820,1708,1529,1205,1019,995,1218,617,0,0
2024,2024-12-01,Northbound,Light Vehicles,414,217,129,111,142,325,634,741,976,1627,1584,1752,1573,1523,1607,1053,1646,1578,1267,1021,937,868,624,463,0,0
2024,2024-12-01,Northbound,Heavy Vehicles,20,14,11,10,25,35,61,78,81,113,80,73,94,63,80,55,75,66,66,67,57,53,39,39,0,0
2024,2024-12-01,Northbound,All Vehicles,434,231,140,121,167,360,695,819,1057,1740,1664,1825,1667,1586,1687,1108,1721,1644,1333,1088,994,921,663,502,0,0
2024,2024-12-02,Northbound,Light Vehicles,176,114,82,132,322,1133,1630,1606,1619,1578,1338,1371,1221,1438,1460,1468,1388,1465,1353,921,854,816,558,254,0,0
2024,2024-12-02,Northbound,Heavy Vehicles,30,30,30,42,95,232,322,329,210,282,256,228,230,184,187,175,123,111,106,82,72,88,49,47,0,0
2024,2024-12-02,Northbound,All Vehicles,206,144,112,174,417,1365,1952,1935,1829,1860,1594,1599,1451,1622,1647,1643,1511,1576,1459,1003,926,904,607,301,0,0
2024,2024-12-06,Northbound,Light Vehicles,219,111,105,133,322,1199,1980,1571,1497,1403,,,,,,,1585,1441,1432,1120,985,1004,792,1123,0,0
2024,2024-12-06,Northbound,Heavy Vehicles,53,41,47,50,122,238,427,328,239,246,,,,,,,127,113,104,104,68,73,71,71,0,0
2024,2024-12-06,Northbound,All Vehicles,272,152,152,183,444,1437,2407,1899,1736,1649,,,,,,,1712,1554,1536,1224,1053,1077,863,1194,0,0
2024,2024-12-07,Northbound,Heavy Vehicles,27,37,34,30,43,78,190,154,111,107,100,73,68,87,89,63,89,74,69,46,50,40,38,42,0,0
2024,2024-12-07,Northbound,Light Vehicles,576,213,167,115,193,566,1224,1240,1439,1762,1586,1588,1466,1585,1580,1587,1578,1499,1427,1164,1056,1007,897,1200,0,0
2024,2024-12-07,Northbound,All Vehicles,603,250,201,145,236,644,1414,1394,1550,1869,1686,1661,1534,1672,1669,1650,1667,1573,1496,1210,1106,1047,935,1242,0,0
2024,2024-12-08,Northbound,Heavy Vehicles,28,17,10,13,19,27,46,93,76,81,97,88,83,84,68,62,79,63,77,66,61,59,43,36,0,0
2024,2024-12-08,Northbound,Light Vehicles,581,217,153,103,142,313,650,752,924,1402,1473,1754,1300,1696,1546,1796,1737,1494,1176,960,915,887,579,307,0,0
2024,2024-12-08,Northbound,All Vehicles,609,234,163,116,161,340,696,845,1000,1483,1570,1842,1383,1780,1614,1858,1816,1557,1253,1026,976,946,622,343,0,0
2024,2024-12-09,Northbound,Light Vehicles,166,100,85,107,343,1271,1966,1000,1219,1405,1150,1343,1420,1347,1174,1484,1508,1413,1274,1016,837,765,532,267,0,0
2024,2024-12-09,Northbound,Heavy Vehicles,24,33,29,56,117,235,397,264,196,262,266,258,257,211,185,181,146,128,113,90,92,72,50,44,0,0
2024,2024-12-09,Northbound,All Vehicles,190,133,114,163,460,1506,2363,1264,1415,1667,1416,1601,1677,1558,1359,1665,1654,1541,1387,1106,929,837,582,311,0,0
2024,2024-12-10,Northbound,Light Vehicles,138,99,75,115,324,1258,1837,1351,1691,1285,1363,1216,1448,1378,1396,1400,1262,973,1317,973,923,837,602,263,0,0
2024,2024-12-10,Northbound,Heavy Vehicles,36,37,37,64,119,251,340,292,213,278,277,243,261,223,223,163,141,84,101,101,89,83,61,57,0,0
2024,2024-12-10,Northbound,All Vehicles,174,136,112,179,443,1509,2177,1643,1904,1563,1640,1459,1709,1601,1619,1563,1403,1057,1418,1074,1012,920,663,320,0,0
2024,2024-12-12,Northbound,Light Vehicles,,,,,,,,,,,988,982,946,940,1019,1045,999,681,548,878,811,749,532,452,0,0
2024,2024-12-12,Northbound,Heavy Vehicles,,,,,,,,,,,224,213,193,147,148,127,103,72,74,54,85,71,46,38,0,0
2024,2024-12-12,Northbound,All Vehicles,,,,,,,,,,,1212,1195,1139,1087,1167,1172,1102,753,622,932,896,820,578,490,0,0
2024,2024-12-13,Northbound,Heavy Vehicles,54,41,55,53,118,251,379,343,233,290,293,234,210,214,176,170,,,,,,,,,0,0
2024,2024-12-13,Northbound,Light Vehicles,241,133,99,132,316,1171,1791,1462,1438,1569,1539,1448,1325,1471,1493,1561,,,,,,,,,0,0
2024,2024-12-13,Northbound,All Vehicles,295,174,154,185,434,1422,2170,1805,1671,1859,1832,1682,1535,1685,1669,1731,,,,,,,,,0,0
2024,2024-12-14,Northbound,Light Vehicles,,,,,,,,,,,1435,1793,1648,1761,1738,1832,1675,1639,1423,1077,900,907,894,692,0,0
2024,2024-12-14,Northbound,Heavy Vehicles,,,,,,,,,,,125,122,94,103,103,85,78,86,73,71,64,48,43,49,0,0
2024,2024-12-14,Northbound,All Vehicles,,,,,,,,,,,1560,1915,1742,1864,1841,1917,1753,1725,1496,1148,964,955,937,741,0,0
2024,2024-12-17,Northbound,Light Vehicles,,,,130,304,1269,1746,1567,1438,1516,1135,1564,1421,1130,1364,1543,1431,1152,1324,885,930,801,572,297,0,0
2024,2024-12-17,Northbound,Heavy Vehicles,,,,64,134,235,389,322,201,270,239,246,241,170,208,168,127,101,102,91,72,69,42,48,0,0
2024,2024-12-17,Northbound,All Vehicles,,,,194,438,1504,2135,1889,1639,1786,1374,1810,1662,1300,1572,1711,1558,1253,1426,976,1002,870,614,345,0,0
2024,2024-12-18,Northbound,Heavy Vehicles,,1,1,,,,,,,,14,7,9,8,6,10,12,5,,,,,,,0,0
2024,2024-12-18,Northbound,Light Vehicles,6,1,3,,,,,,,,108,70,69,61,81,72,67,54,,,,,,,0,0
2024,2024-12-18,Northbound,All Vehicles,6,2,4,,,,,,,,122,77,78,69,87,82,79,59,,,,,,,0,0
2025,2025-01-10,Northbound,Heavy Vehicles,28,29,48,43,100,161,355,286,223,245,233,181,145,175,144,143,101,111,80,58,56,54,50,32,0,0
2025,2025-01-10,Northbound,Light Vehicles,168,99,80,115,276,943,1627,1357,1400,1429,1463,1184,1243,1541,1302,1414,1380,1486,1178,955,855,771,652,397,0,0
2025,2025-01-10,Northbound,All Vehicles,196,128,128,158,376,1104,1982,1643,1623,1674,1696,1365,1388,1716,1446,1557,1481,1597,1258,1013,911,825,702,429,0,0
2025,2025-01-11,Northbound,Heavy Vehicles,15,19,21,18,33,58,154,113,136,122,85,93,87,100,93,88,95,71,61,64,43,46,33,32,0,0
2025,2025-01-11,Northbound,Light Vehicles,224,153,113,86,160,527,1050,961,1196,1389,1291,1511,1404,1727,1591,1656,1615,1440,1258,948,906,887,772,494,0,0
2025,2025-01-11,Northbound,All Vehicles,239,172,134,104,193,585,1204,1074,1332,1511,1376,1604,1491,1827,1684,1744,1710,1511,1319,1012,949,933,805,526,0,0
2025,2025-01-12,Northbound,Light Vehicles,332,195,120,102,142,311,562,488,818,1256,1278,1583,1508,1654,1669,1644,1500,1361,1195,941,919,802,564,299,0,0
2025,2025-01-12,Northbound,Heavy Vehicles,22,17,13,10,24,26,42,54,81,83,93,57,78,77,72,69,62,59,68,51,50,50,49,37,0,0
2025,2025-01-12,Northbound,All Vehicles,354,212,133,112,166,337,604,542,899,1339,1371,1640,1586,1731,1741,1713,1562,1420,1263,992,969,852,613,336,0,0
2025,2025-01-15,Northbound,Heavy Vehicles,27,38,44,43,121,230,366,286,238,231,285,216,188,186,199,177,133,105,93,83,37,51,35,26,0,0
2025,2025-01-15,Northbound,Light Vehicles,156,83,66,125,306,1146,1882,1442,1724,1442,1466,1290,1215,1236,1457,1581,1491,1315,1279,957,531,698,495,285,0,0
2025,2025-01-15,Northbound,All Vehicles,183,121,110,168,427,1376,2248,1728,1962,1673,1751,1506,1403,1422,1656,1758,1624,1420,1372,1040,568,749,530,311,0,0
2025,2025-01-16,Northbound,Heavy Vehicles,32,28,47,,,,,,,,181,169,179,151,172,171,137,117,94,83,90,75,51,53,0,0
2025,2025-01-16,Northbound,Light Vehicles,177,90,80,,,,,,,,1149,1042,1141,1220,1414,1454,1455,1490,1275,976,908,857,587,347,0,0
2025,2025-01-16,Northbound,All Vehicles,209,118,127,,,,,,,,1330,1211,1320,1371,1586,1625,1592,1607,1369,1059,998,932,638,400,0,0
2025,2025-01-18,Northbound,Light Vehicles,256,131,95,,,,,,,,1149,1189,1260,1141,1201,1277,1172,1141,926,817,658,771,750,457,0,0
2025,2025-01-18,Northbound,Heavy Vehicles,23,13,16,,,,,,,,86,56,54,76,69,63,76,51,54,42,39,28,25,26,0,0
2025,2025-01-18,Northbound,All Vehicles,279,144,111,,,,,,,,1235,1245,1314,1217,1270,1340,1248,1192,980,859,697,799,775,483,0,0
2025,2025-01-19,Northbound,Heavy Vehicles,21,16,8,13,19,30,51,74,80,96,92,60,74,93,86,67,78,80,81,51,56,41,56,35,0,0
2025,2025-01-19,Northbound,Light Vehicles,317,165,127,94,139,318,568,577,787,1163,1441,1552,1684,1455,1611,1651,1614,1719,1234,1021,1003,854,586,314,0,0
2025,2025-01-19,Northbound,All Vehicles,338,181,135,107,158,348,619,651,867,1259,1533,1612,1758,1548,1697,1718,1692,1799,1315,1072,1059,895,642,349,0,0
2025,2025-01-21,Northbound,Light Vehicles,133,76,75,110,293,1148,1647,1465,1756,1142,1250,1256,1186,1268,1235,1455,1622,1164,1142,1001,864,791,525,307,0,0
2025,2025-01-21,Northbound,Heavy Vehicles,30,40,41,38,91,217,342,288,259,200,237,203,202,185,173,170,141,101,86,68,68,61,59,62,0,0
2025,2025-01-21,Northbound,All Vehicles,163,116,116,148,384,1365,1989,1753,2015,1342,1487,1459,1388,1453,1408,1625,1763,1265,1228,1069,932,852,584,369,0,0
2025,2025-01-22,Northbound,Light Vehicles,164,103,70,106,304,1153,1921,1627,1529,1207,1405,1335,1145,1258,1325,1505,1571,1237,1254,945,776,813,574,513,0,0
2025,2025-01-22,Northbound,Heavy Vehicles,29,47,48,52,111,225,409,297,163,179,264,238,196,200,188,170,125,97,104,72,77,64,72,54,0,0
2025,2025-01-22,Northbound,All Vehicles,193,150,118,158,415,1378,2330,1924,1692,1386,1669,1573,1341,1458,1513,1675,1696,1334,1358,1017,853,877,646,567,0,0
2025,2025-01-24,Northbound,Heavy Vehicles,2,,,1,1,8,9,17,15,8,6,6,8,7,4,7,12,10,6,5,4,1,4,1,0,0
2025,2025-01-24,Northbound,Light Vehicles,5,2,4,2,2,14,29,48,68,77,70,69,43,74,40,40,48,66,51,29,24,11,11,4,0,0
2025,2025-01-24,Northbound,All Vehicles,7,2,4,3,3,22,38,65,83,85,76,75,51,81,44,47,60,76,57,34,28,12,15,5,0,0
2025,2025-01-25,Northbound,Heavy Vehicles,34,20,24,27,35,77,169,187,147,120,120,127,99,103,99,82,92,78,65,55,34,46,45,32,0,0
2025,2025-01-25,Northbound,Light Vehicles,283,140,117,105,160,536,1162,1228,1254,1633,1717,1924,1778,1670,1608,1683,1615,1635,1319,1071,975,994,856,562,0,0
2025,2025-01-25,Northbound,All Vehicles,317,160,141,132,195,613,1331,1415,1401,1753,1837,2051,1877,1773,1707,1765,1707,1713,1384,1126,1009,1040,901,594,0,0
2025,2025-01-26,Northbound,Heavy Vehicles,21,14,9,15,16,23,41,68,67,84,75,62,75,77,60,69,81,62,56,45,45,40,33,19,0,0
2025,2025-01-26,Northbound,Light Vehicles,431,297,154,96,153,312,609,701,916,1370,1504,1571,1522,1612,1425,1538,1431,1328,1084,941,840,910,687,526,0,0
2025,2025-01-26,Northbound,All Vehicles,452,311,163,111,169,335,650,769,983,1454,1579,1633,1597,1689,1485,1607,1512,1390,1140,986,885,950,720,545,0,0
2025,2025-01-27,Northbound,Light Vehicles,306,170,116,84,137,309,636,609,774,1164,1535,1815,1520,1423,1326,1405,1274,1259,1071,833,821,776,540,301,0,0
2025,2025-01-27,Northbound,Heavy Vehicles,27,16,21,21,38,47,60,82,80,82,92,91,74,80,68,83,73,61,68,62,42,37,42,30,0,0
2025,2025-01-27,Northbound,All Vehicles,333,186,137,105,175,356,696,691,854,1246,1627,1906,1594,1503,1394,1488,1347,1320,1139,895,863,813,582,331,0,0
2025,2025-01-28,Northbound,Light Vehicles,152,73,68,97,287,1050,1782,1372,1522,1532,1505,1270,1321,1393,1273,1560,1326,1244,1262,783,776,809,613,321,0,0
2025,2025-01-28,Northbound,Heavy Vehicles,26,28,36,41,93,211,369,233,199,210,281,205,219,192,148,153,96,72,94,78,47,62,46,28,0,0
2025,2025-01-28,Northbound,All Vehicles,178,101,104,138,380,1261,2151,1605,1721,1742,1786,1475,1540,1585,1421,1713,1422,1316,1356,861,823,871,659,349,0,0
2025,2025-01-29,Northbound,Heavy Vehicles,23,35,48,42,99,214,374,280,208,254,259,201,224,178,147,191,124,95,90,85,86,54,53,29,0,0
2025,2025-01-29,Northbound,Light Vehicles,211,131,103,105,317,1151,1907,1444,1606,1442,1251,1185,1302,1304,1333,1467,1462,1230,1232,957,887,885,585,306,0,0
2025,2025-01-29,Northbound,All Vehicles,234,166,151,147,416,1365,2281,1724,1814,1696,1510,1386,1526,1482,1480,1658,1586,1325,1322,1042,973,939,638,335,0,0
2025,2025-01-30,Northbound,Heavy Vehicles,27,28,45,47,95,203,356,257,123,205,242,238,218,195,192,157,,,,,,,,,0,0
2025,2025-01-30,Northbound,Light Vehicles,148,100,77,126,306,1125,1794,1058,559,1090,1377,1392,1304,1320,1570,1477,,,,,,,,,0,0
2025,2025-01-30,Northbound,All Vehicles,175,128,122,173,401,1328,2150,1315,682,1295,1619,1630,1522,1515,1762,1634,,,,,,,,,0,0
2025,2025-02-04,Northbound,Light Vehicles,,,,58,201,681,1133,964,1053,778,624,757,865,866,818,943,894,771,765,612,520,482,363,188,0,0
2025,2025-02-04,Northbound,Heavy Vehicles,,,,29,67,147,254,163,137,167,151,171,123,134,123,104,84,55,65,61,51,57,32,29,0,0
2025,2025-02-04,Northbound,All Vehicles,,,,87,268,828,1387,1127,1190,945,775,928,988,1000,941,1047,978,826,830,673,571,539,395,217,0,0
2025,2025-02-05,Northbound,Heavy Vehicles,1,1,,,3,6,11,14,19,9,12,9,4,9,11,14,11,12,7,6,7,6,3,3,0,0
2025,2025-02-05,Northbound,Light Vehicles,4,,3,2,3,12,21,78,109,81,69,65,66,80,76,45,66,84,55,35,24,10,13,5,0,0
2025,2025-02-05,Northbound,All Vehicles,5,1,3,2,6,18,32,92,128,90,81,74,70,89,87,59,77,96,62,41,31,16,16,8,0,0
2025,2025-02-07,Northbound,Heavy Vehicles,18,25,43,33,80,113,161,147,116,146,107,98,103,73,42,71,46,51,39,36,41,34,30,20,0,0
2025,2025-02-07,Northbound,Light Vehicles,91,60,46,56,145,365,621,566,564,555,511,536,467,608,388,514,588,624,594,461,405,411,315,242,0,0
2025,2025-02-07,Northbound,All Vehicles,109,85,89,89,225,478,782,713,680,701,618,634,570,681,430,585,634,675,633,497,446,445,345,262,0,0
2025,2025-02-08,Northbound,Light Vehicles,310,176,117,103,203,660,1434,1238,1299,1430,1745,1559,1714,1547,1530,1897,1642,1477,1470,988,987,1031,781,635,0,0
2025,2025-02-08,Northbound,Heavy Vehicles,26,17,33,32,35,97,191,198,160,120,138,106,88,84,73,92,104,79,82,56,42,43,35,35,0,0
2025,2025-02-08,Northbound,All Vehicles,336,193,150,135,238,757,1625,1436,1459,1550,1883,1665,1802,1631,1603,1989,1746,1556,1552,1044,1029,1074,816,670,0,0
2025,2025-02-12,Northbound,Light Vehicles,,,,,,,,,,,55,54,49,49,76,66,116,127,80,47,26,11,11,5,0,0
2025,2025-02-12,Northbound,Heavy Vehicles,,,,,,,,,,,6,10,4,4,6,13,12,18,11,6,2,3,4,2,0,0
2025,2025-02-12,Northbound,All Vehicles,,,,,,,,,,,61,64,53,53,82,79,128,145,91,53,28,14,15,7,0,0
2025,2025-02-14,Northbound,Heavy Vehicles,22,28,51,49,108,215,280,274,164,264,215,189,191,160,149,130,106,94,89,88,70,53,47,42,0,0
2025,2025-02-14,Northbound,Light Vehicles,178,96,78,114,312,1160,1602,1570,1310,1502,1292,1159,1264,1278,1381,1326,1457,1480,1432,1262,1110,944,764,518,0,0
2025,2025-02-14,Northbound,All Vehicles,200,124,129,163,420,1375,1882,1844,1474,1766,1507,1348,1455,1438,1530,1456,1563,1574,1521,1350,1180,997,811,560,0,0
2025,2025-02-15,Northbound,Light Vehicles,302,136,108,87,156,463,1061,863,936,1207,1313,1320,1025,1318,1206,1212,1297,1271,1154,884,852,804,651,525,0,0
2025,2025-02-15,Northbound,Heavy Vehicles,22,19,18,23,40,71,134,136,116,87,97,70,62,66,55,67,51,63,63,41,36,32,24,29,0,0
2025,2025-02-15,Northbound,All Vehicles,324,155,126,110,196,534,1195,999,1052,1294,1410,1390,1087,1384,1261,1279,1348,1334,1217,925,888,836,675,554,0,0
2025,2025-02-18,Northbound,Light Vehicles,,,,110,264,897,1383,1076,897,755,867,876,746,935,988,989,990,671,835,703,695,703,440,221,0,0
2025,2025-02-18,Northbound,Heavy Vehicles,,,,47,94,189,306,193,132,160,189,183,147,164,136,127,72,52,62,63,62,57,49,38,0,0
2025,2025-02-18,Northbound,All Vehicles,,,,157,358,1086,1689,1269,1029,915,1056,1059,893,1099,1124,1116,1062,723,897,766,757,760,489,259,0,0
2025,2025-02-19,Northbound,Heavy Vehicles,27,26,47,50,120,230,379,289,181,255,270,272,214,245,199,173,,70,115,85,76,84,46,45,0,0
2025,2025-02-19,Northbound,Light Vehicles,156,91,61,131,311,1255,1882,1464,1289,1468,1367,1306,1232,1493,1336,1494,,812,1460,1016,902,883,611,527,0,0
2025,2025-02-19,Northbound,All Vehicles,183,117,108,181,431,1485,2261,1753,1470,1723,1637,1578,1446,1738,1535,1667,,882,1575,1101,978,967,657,572,0,0
2025,2025-02-21,Northbound,Light Vehicles,5,1,2,,,,,,,,68,70,51,66,89,67,63,80,72,40,27,18,13,11,0,0
2025,2025-02-21,Northbound,Heavy Vehicles,1,1,1,,,,,,,,14,13,9,13,8,13,6,6,9,9,4,5,3,4,0,0
2025,2025-02-21,Northbound,All Vehicles,6,2,3,,,,,,,,82,83,60,79,97,80,69,86,81,49,31,23,16,15,0,0
2025,2025-02-23,Northbound,Light Vehicles,481,244,147,,,,,,,,1465,1869,1727,1767,1757,1754,1741,1546,1329,1091,963,782,546,280,0,0
2025,2025-02-23,Northbound,Heavy Vehicles,26,19,15,,,,,,,,89,74,66,90,81,65,70,79,70,62,62,51,37,27,0,0
2025,2025-02-23,Northbound,All Vehicles,507,263,162,,,,,,,,1554,1943,1793,1857,1838,1819,1811,1625,1399,1153,1025,833,583,307,0,0
2025,2025-02-25,Northbound,Heavy Vehicles,10,4,11,10,33,71,112,82,51,54,72,64,82,63,52,42,42,29,26,26,31,19,21,9,0,0
2025,2025-02-25,Northbound,Light Vehicles,58,22,22,45,134,489,699,607,403,473,437,404,467,474,465,460,547,301,456,395,308,323,425,164,0,0
2025,2025-02-25,Northbound,All Vehicles,68,26,33,55,167,560,811,689,454,527,509,468,549,537,517,502,589,330,482,421,339,342,446,173,0,0
2025,2025-02-26,Northbound,Heavy Vehicles,19,23,31,,,,,,,,106,104,96,89,92,79,57,41,49,54,40,32,23,26,0,0
2025,2025-02-26,Northbound,Light Vehicles,90,48,27,,,,,,,,400,474,466,472,505,513,541,506,538,380,355,369,275,162,0,0
2025,2025-02-26,Northbound,All Vehicles,109,71,58,,,,,,,,506,578,562,561,597,592,598,547,587,434,395,401,298,188,0,0
2025,2025-02-27,Northbound,Heavy Vehicles,25,28,38,44,117,213,406,292,202,188,299,268,237,207,171,141,,,,,,,,,0,0
2025,2025-02-27,Northbound,Light Vehicles,160,105,90,108,329,1256,2115,1605,1505,1310,1363,1248,1212,1213,1221,1325,,,,,,,,,0,0
2025,2025-02-27,Northbound,All Vehicles,185,133,128,152,446,1469,2521,1897,1707,1498,1662,1516,1449,1420,1392,1466,,,,,,,,,0,0
2025,2025-02-28,Northbound,Heavy Vehicles,,,,,,,,,,,258,192,234,213,177,148,127,101,80,82,68,63,67,46,0,0
2025,2025-02-28,Northbound,Light Vehicles,,,,,,,,,,,1328,1358,1500,1565,1402,1396,1616,1469,1374,1125,1072,1099,1335,750,0,0
2025,2025-02-28,Northbound,All Vehicles,,,,,,,,,,,1586,1550,1734,1778,1579,1544,1743,1570,1454,1207,1140,1162,1402,796,0,0
2025,2025-03-01,Northbound,Light Vehicles,331,198,125,117,185,672,1401,1381,1521,1653,1822,1701,1609,1635,1915,1683,1748,1567,1471,1076,1011,1031,876,851,0,0
2025,2025-03-01,Northbound,Heavy Vehicles,27,22,23,20,44,75,213,217,161,145,127,109,85,88,97,93,91,75,69,52,50,42,46,40,0,0
2025,2025-03-01,Northbound,All Vehicles,358,220,148,137,229,747,1614,1598,1682,1798,1949,1810,1694,1723,2012,1776,1839,1642,1540,1128,1061,1073,922,891,0,0
2025,2025-03-02,Northbound,Heavy Vehicles,24,13,7,10,23,30,45,80,62,77,89,81,82,79,62,77,58,63,74,62,64,42,37,31,0,0
2025,2025-03-02,Northbound,Light Vehicles,385,216,139,109,138,331,669,710,1072,1306,1593,1589,1666,1536,1631,1651,1530,1472,1186,963,927,820,636,604,0,0
2025,2025-03-02,Northbound,All Vehicles,409,229,146,119,161,361,714,790,1134,1383,1682,1670,1748,1615,1693,1728,1588,1535,1260,1025,991,862,673,635,0,0
2025,2025-03-03,Northbound,Heavy Vehicles,17,15,34,40,95,183,276,190,138,170,,,,,,,85,63,50,52,60,42,42,58,0,0
2025,2025-03-03,Northbound,Light Vehicles,160,92,64,98,282,891,1403,1026,885,851,,,,,,,1035,955,940,667,639,590,514,929,0,0
2025,2025-03-03,Northbound,All Vehicles,177,107,98,138,377,1074,1679,1216,1023,1021,,,,,,,1120,1018,990,719,699,632,556,987,0,0
2025,2025-03-05,Northbound,Light Vehicles,187,88,78,113,329,1127,1719,1472,1495,1409,1267,1165,1434,1281,1121,1448,1342,1279,1448,1114,1044,884,585,663,0,0
2025,2025-03-05,Northbound,Heavy Vehicles,24,22,34,67,121,217,358,294,209,213,229,221,223,210,154,162,123,107,114,79,71,72,53,59,0,0
2025,2025-03-05,Northbound,All Vehicles,211,110,112,180,450,1344,2077,1766,1704,1622,1496,1386,1657,1491,1275,1610,1465,1386,1562,1193,1115,956,638,722,0,0
2025,2025-03-06,Northbound,Heavy Vehicles,4,,1,,3,47,82,66,55,43,45,53,54,48,46,41,,,,,,,,,0,0
2025,2025-03-06,Northbound,Light Vehicles,21,8,7,10,41,310,502,403,443,400,403,323,384,336,438,413,,,,,,,,,0,0
2025,2025-03-06,Northbound,All Vehicles,25,8,8,10,44,357,584,469,498,443,448,376,438,384,484,454,,,,,,,,,0,0
2025,2025-03-07,Northbound,Heavy Vehicles,,,,48,106,226,393,271,222,251,250,226,200,200,183,168,119,119,112,74,58,52,48,57,0,0
2025,2025-03-07,Northbound,Light Vehicles,,,,124,295,1093,1946,1444,1473,1398,1247,1385,1216,1573,1562,1568,1563,1475,1440,1165,989,959,928,717,0,0
2025,2025-03-07,Northbound,All Vehicles,,,,172,401,1319,2339,1715,1695,1649,1497,1611,1416,1773,1745,1736,1682,1594,1552,1239,1047,1011,976,774,0,0
2025,2025-03-08,Northbound,Light Vehicles,1,2,5,3,,9,11,23,90,92,121,95,77,76,59,38,,,,,,,,,0,0
2025,2025-03-08,Northbound,Heavy Vehicles,2,2,1,3,1,5,2,3,9,10,13,6,6,5,5,7,,,,,,,,,0,0
2025,2025-03-08,Northbound,All Vehicles,3,4,6,6,1,14,13,26,99,102,134,101,83,81,64,45,,,,,,,,,0,0
2025,2025-03-09,Northbound,Heavy Vehicles,,,,10,22,23,53,72,85,72,82,79,65,61,77,108,66,69,82,61,62,50,42,32,0,0
2025,2025-03-09,Northbound,Light Vehicles,,,,102,125,294,580,627,869,1227,1319,1615,1655,1597,1663,1698,1631,1645,1445,1191,957,892,565,293,0,0
2025,2025-03-09,Northbound,All Vehicles,,,,112,147,317,633,699,954,1299,1401,1694,1720,1658,1740,1806,1697,1714,1527,1252,1019,942,607,325,0,0
2025,2025-03-12,Northbound,Heavy Vehicles,34,33,40,43,123,209,357,259,191,195,247,224,196,204,175,158,125,100,90,90,87,66,40,32,0,0
2025,2025-03-12,Northbound,Light Vehicles,151,93,84,120,342,1238,1878,1417,1331,1102,1221,1122,1126,1276,1313,1398,1474,1215,1437,982,904,838,610,287,0,0
2025,2025-03-12,Northbound,All Vehicles,185,126,124,163,465,1447,2235,1676,1522,1297,1468,1346,1322,1480,1488,1556,1599,1315,1527,1072,991,904,650,319,0,0
2025,2025-03-13,Northbound,Heavy Vehicles,38,23,43,44,117,228,364,272,198,244,247,238,217,184,187,157,129,95,109,79,78,91,52,42,0,0
2025,2025-03-13,Northbound,Light Vehicles,160,79,69,114,344,1179,1826,1291,1571,1483,1370,1165,1266,1314,1609,1274,1563,1447,1477,1134,1059,964,673,361,0,0
2025,2025-03-13,Northbound,All Vehicles,198,102,112,158,461,1407,2190,1563,1769,1727,1617,1403,1483,1498,1796,1431,1692,1542,1586,1213,1137,1055,725,403,0,0
2025,2025-03-15,Northbound,Light Vehicles,413,245,122,118,194,637,1338,1404,1395,1656,1630,1776,1746,1681,1810,1852,1813,1637,1457,1038,998,1050,970,983,0,0
2025,2025-03-15,Northbound,Heavy Vehicles,40,25,27,21,39,95,211,192,143,126,110,101,118,82,98,83,89,78,94,63,48,59,45,34,0,0
2025,2025-03-15,Northbound,All Vehicles,453,270,149,139,233,732,1549,1596,1538,1782,1740,1877,1864,1763,1908,1935,1902,1715,1551,1101,1046,1109,1015,1017,0,0
2025,2025-03-16,Northbound,Light Vehicles,402,216,154,114,148,328,643,713,960,1373,1507,1575,1292,1120,1702,1655,1578,1614,1285,980,922,995,730,522,0,0
2025,2025-03-16,Northbound,Heavy Vehicles,21,17,12,13,20,28,51,72,74,91,85,92,44,45,78,82,66,78,85,61,60,61,44,44,0,0
2025,2025-03-16,Northbound,All Vehicles,423,233,166,127,168,356,694,785,1034,1464,1592,1667,1336,1165,1780,1737,1644,1692,1370,1041,982,1056,774,566,0,0
2025,2025-03-17,Northbound,Light Vehicles,182,108,90,116,357,1219,1679,1500,1235,1424,1224,1247,1147,1311,1277,1411,1529,1187,1350,964,832,740,547,244,0,0
2025,2025-03-17,Northbound,Heavy Vehicles,33,26,29,47,112,225,329,276,199,227,253,254,208,186,176,162,133,94,104,78,78,61,39,38,0,0
2025,2025-03-17,Northbound,All Vehicles,215,134,119,163,469,1444,2008,1776,1434,1651,1477,1501,1355,1497,1453,1573,1662,1281,1454,1042,910,801,586,282,0,0
2025,2025-03-19,Northbound,Light Vehicles,,,,116,298,1241,1759,1422,1521,75,743,939,1339,1148,1109,1553,1383,906,1235,1075,886,877,621,340,0,0
2025,2025-03-19,Northbound,Heavy Vehicles,,,,44,142,258,424,308,215,14,179,213,247,225,163,180,119,91,96,99,87,70,56,46,0,0
2025,2025-03-19,Northbound,All Vehicles,,,,160,440,1499,2183,1730,1736,89,922,1152,1586,1373,1272,1733,1502,997,1331,1174,973,947,677,386,0,0
2025,2025-03-20,Northbound,Heavy Vehicles,37,31,38,45,111,237,272,78,39,80,105,112,171,231,175,178,132,112,103,91,96,71,65,58,0,0
2025,2025-03-20,Northbound,Light Vehicles,158,107,76,115,345,1221,1423,141,131,219,344,551,993,1429,1333,1436,1487,1098,1434,1179,939,1013,1057,434,0,0
2025,2025-03-20,Northbound,All Vehicles,195,138,114,160,456,1458,1695,219,170,299,449,663,1164,1660,1508,1614,1619,1210,1537,1270,1035,1084,1122,492,0,0
2025,2025-03-21,Northbound,Light Vehicles,204,132,84,148,335,1206,1845,1545,1522,1395,1253,1441,1315,1499,1472,1480,1469,1600,1462,1127,985,1060,881,486,0,0
2025,2025-03-21,Northbound,Heavy Vehicles,25,37,43,41,138,244,372,336,265,262,211,254,202,205,163,155,148,134,85,83,67,57,61,37,0,0
2025,2025-03-21,Northbound,All Vehicles,229,169,127,189,473,1450,2217,1881,1787,1657,1464,1695,1517,1704,1635,1635,1617,1734,1547,1210,1052,1117,942,523,0,0
2025,2025-03-22,Northbound,Light Vehicles,293,208,130,107,181,640,1403,1253,1289,1728,1705,1819,1635,1742,1866,1874,1790,1770,1472,1157,1022,1017,870,699,0,0
2025,2025-03-22,Northbound,Heavy Vehicles,27,29,17,21,39,87,221,211,120,157,110,119,106,85,114,90,81,85,69,58,42,31,38,30,0,0
2025,2025-03-22,Northbound,All Vehicles,320,237,147,128,220,727,1624,1464,1409,1885,1815,1938,1741,1827,1980,1964,1871,1855,1541,1215,1064,1048,908,729,0,0
2025,2025-03-23,Northbound,Light Vehicles,426,202,117,80,127,299,629,609,839,1184,1483,1513,1678,1456,1562,1640,1704,1534,1292,976,976,804,545,294,0,0
2025,2025-03-23,Northbound,Heavy Vehicles,15,7,4,7,17,29,53,76,74,71,85,59,65,89,73,90,76,83,69,78,52,41,43,37,0,0
2025,2025-03-23,Northbound,All Vehicles,441,209,121,87,144,328,682,685,913,1255,1568,1572,1743,1545,1635,1730,1780,1617,1361,1054,1028,845,588,331,0,0
2025,2025-03-24,Northbound,Heavy Vehicles,32,23,39,49,84,207,329,320,186,238,270,221,219,194,170,154,169,101,96,82,72,80,51,34,0,0
2025,2025-03-24,Northbound,Light Vehicles,145,95,82,110,293,1129,1768,1711,1613,1419,1379,1108,1267,1372,1283,1524,1415,1496,1317,912,798,754,506,262,0,0
2025,2025-03-24,Northbound,All Vehicles,177,118,121,159,377,1336,2097,2031,1799,1657,1649,1329,1486,1566,1453,1678,1584,1597,1413,994,870,834,557,296,0,0
2025,2025-03-26,Northbound,Light Vehicles,175,104,90,112,348,1218,1862,1618,1665,1496,1513,1351,1404,1397,1503,1416,1386,856,1282,955,869,855,812,679,0,0
2025,2025-03-26,Northbound,Heavy Vehicles,25,33,57,58,127,227,381,325,212,273,281,251,217,215,194,176,111,97,94,78,75,77,49,44,0,0
2025,2025-03-26,Northbound,All Vehicles,200,137,147,170,475,1445,2243,1943,1877,1769,1794,1602,1621,1612,1697,1592,1497,953,1376,1033,944,932,861,723,0,0
2025,2025-03-27,Northbound,Heavy Vehicles,22,33,46,47,120,235,399,304,223,256,248,224,231,206,210,160,133,89,103,70,78,82,63,32,0,0
2025,2025-03-27,Northbound,Light Vehicles,191,106,65,141,337,1248,1865,1438,1550,1411,1228,1251,1337,1354,1472,1465,1397,1274,1527,1142,1002,963,796,405,0,0
2025,2025-03-27,Northbound,All Vehicles,213,139,111,188,457,1483,2264,1742,1773,1667,1476,1475,1568,1560,1682,1625,1530,1363,1630,1212,1080,1045,859,437,0,0
2025,2025-03-28,Northbound,Light Vehicles,172,116,96,123,338,1210,1672,1307,1470,1493,1391,1556,1454,1509,1701,1544,1433,1559,1465,1135,907,1036,975,923,0,0
2025,2025-03-28,Northbound,Heavy Vehicles,32,32,41,54,119,190,295,227,216,266,258,275,198,188,165,156,132,111,112,73,59,53,54,53,0,0
2025,2025-03-28,Northbound,All Vehicles,204,148,137,177,457,1400,1967,1534,1686,1759,1649,1831,1652,1697,1866,1700,1565,1670,1577,1208,966,1089,1029,976,0,0
2025,2025-03-29,Northbound,Heavy Vehicles,23,23,15,12,38,54,125,131,104,97,100,88,96,99,76,84,76,93,71,47,45,40,37,37,0,0
2025,2025-03-29,Northbound,Light Vehicles,302,180,122,83,157,467,1050,963,1063,1235,1461,1363,1523,1622,1340,1793,1573,1575,1280,1023,924,911,982,907,0,0
2025,2025-03-29,Northbound,All Vehicles,325,203,137,95,195,521,1175,1094,1167,1332,1561,1451,1619,1721,1416,1877,1649,1668,1351,1070,969,951,1019,944,0,0
2025,2025-03-30,Northbound,Heavy Vehicles,21,14,8,4,12,27,50,76,53,85,64,88,67,78,69,73,88,79,77,61,44,37,37,34,0,0
2025,2025-03-30,Northbound,Light Vehicles,398,212,147,97,110,257,539,553,824,1253,1505,1862,1723,1749,1636,1790,1679,1555,1252,928,935,758,495,326,0,0
2025,2025-03-30,Northbound,All Vehicles,419,226,155,101,122,284,589,629,877,1338,1569,1950,1790,1827,1705,1863,1767,1634,1329,989,979,795,532,360,0,0
2025,2025-03-31,Northbound,Light Vehicles,162,102,84,115,356,1083,1759,1313,1398,1359,1066,986,1233,1281,1260,1330,1488,1340,1152,1002,821,660,483,274,0,0
2025,2025-03-31,Northbound,Heavy Vehicles,16,19,31,35,85,203,315,209,174,231,220,183,191,185,158,150,117,91,66,62,66,45,42,35,0,0
2025,2025-03-31,Northbound,All Vehicles,178,121,115,150,441,1286,2074,1522,1572,1590,1286,1169,1424,1466,1418,1480,1605,1431,1218,1064,887,705,525,309,0,0
2025,2025-04-01,Northbound,Heavy Vehicles,25,27,42,50,106,259,356,233,183,235,254,227,199,178,198,161,130,88,98,84,80,70,38,55,0,0
2025,2025-04-01,Northbound,Light Vehicles,146,93,81,120,323,1136,1836,1130,1214,1389,1333,1189,1270,1296,1375,1475,1454,1164,1258,1015,924,753,647,279,0,0
2025,2025-04-01,Northbound,All Vehicles,171,120,123,170,429,1395,2192,1363,1397,1624,1587,1416,1469,1474,1573,1636,1584,1252,1356,1099,1004,823,685,334,0,0
2025,2025-04-04,Northbound,Heavy Vehicles,,,,50,97,198,294,200,144,188,199,187,159,142,128,101,100,68,64,47,56,59,45,33,0,0
2025,2025-04-04,Northbound,Light Vehicles,,,,114,287,861,1309,979,944,909,1002,1025,910,1096,1070,1021,1138,1172,1092,818,710,767,732,421,0,0
2025,2025-04-04,Northbound,All Vehicles,,,,164,384,1059,1603,1179,1088,1097,1201,1212,1069,1238,1198,1122,1238,1240,1156,865,766,826,777,454,0,0
2025,2025-04-05,Northbound,Light Vehicles,315,183,119,98,185,621,1468,1392,1441,1542,1676,1520,1622,1534,1541,1854,1737,1714,1591,1152,998,919,841,813,0,0
2025,2025-04-05,Northbound,Heavy Vehicles,25,20,27,28,42,100,244,206,175,133,129,111,96,94,94,98,82,78,67,61,46,52,40,35,0,0
2025,2025-04-05,Northbound,All Vehicles,340,203,146,126,227,721,1712,1598,1616,1675,1805,1631,1718,1628,1635,1952,1819,1792,1658,1213,1044,971,881,848,0,0
2025,2025-04-06,Northbound,Light Vehicles,519,233,237,72,128,317,675,783,1049,1264,1732,1755,1644,1766,1681,1805,1791,1580,1319,869,862,749,407,206,0,0
2025,2025-04-06,Northbound,Heavy Vehicles,28,21,16,9,23,33,55,70,79,72,98,90,73,82,81,101,73,64,86,74,59,56,43,37,0,0
2025,2025-04-06,Northbound,All Vehicles,547,254,253,81,151,350,730,853,1128,1336,1830,1845,1717,1848,1762,1906,1864,1644,1405,943,921,805,450,243,0,0
2025,2025-04-07,Northbound,Heavy Vehicles,32,28,32,39,114,244,364,242,147,221,261,244,185,178,139,142,137,107,104,62,68,55,39,40,0,0
2025,2025-04-07,Northbound,Light Vehicles,109,65,40,71,320,1259,1775,1231,1210,1227,1175,1129,1183,1107,1183,1195,1344,1333,1365,846,756,627,431,182,0,0
2025,2025-04-07,Northbound,All Vehicles,141,93,72,110,434,1503,2139,1473,1357,1448,1436,1373,1368,1285,1322,1337,1481,1440,1469,908,824,682,470,222,0,0
2025,2025-04-08,Northbound,Light Vehicles,109,65,59,99,283,1218,1685,1377,1317,1354,1376,1195,1234,1347,1366,1475,1452,1161,1346,1054,829,863,536,476,0,0
2025,2025-04-08,Northbound,Heavy Vehicles,40,32,41,43,112,237,340,301,220,236,286,232,227,231,192,157,127,90,93,99,82,72,41,38,0,0
2025,2025-04-08,Northbound,All Vehicles,149,97,100,142,395,1455,2025,1678,1537,1590,1662,1427,1461,1578,1558,1632,1579,1251,1439,1153,911,935,577,514,0,0
2025,2025-04-09,Northbound,Heavy Vehicles,34,34,43,52,130,255,393,246,165,230,296,259,227,241,200,161,118,112,107,106,66,57,47,41,0,0
2025,2025-04-09,Northbound,Light Vehicles,156,87,76,118,342,1217,1879,1234,1233,1239,1416,1252,1377,1430,1423,1477,1410,1146,1507,1029,793,882,500,256,0,0
2025,2025-04-09,Northbound,All Vehicles,190,121,119,170,472,1472,2272,1480,1398,1469,1712,1511,1604,1671,1623,1638,1528,1258,1614,1135,859,939,547,297,0,0
2025,2025-04-10,Northbound,Light Vehicles,154,87,80,117,361,1201,1957,1056,1096,1176,1264,1333,1326,1402,1267,1476,1594,1433,1644,1131,947,798,540,315,0,0
2025,2025-04-10,Northbound,Heavy Vehicles,42,47,43,43,113,229,405,237,200,220,243,259,231,218,173,162,147,90,115,104,85,82,49,32,0,0
2025,2025-04-10,Northbound,All Vehicles,196,134,123,160,474,1430,2362,1293,1296,1396,1507,1592,1557,1620,1440,1638,1741,1523,1759,1235,1032,880,589,347,0,0
2025,2025-04-11,Northbound,Light Vehicles,141,90,72,104,295,874,1270,952,1010,1041,1031,789,909,1050,1119,1153,1062,1130,1011,808,759,797,629,403,0,0
2025,2025-04-11,Northbound,Heavy Vehicles,35,50,53,45,115,190,280,187,190,185,213,186,180,145,143,132,88,59,78,62,56,43,36,27,0,0
2025,2025-04-11,Northbound,All Vehicles,176,140,125,149,410,1064,1550,1139,1200,1226,1244,975,1089,1195,1262,1285,1150,1189,1089,870,815,840,665,430,0,0
2025,2025-04-12,Northbound,Heavy Vehicles,25,23,22,26,34,118,216,193,169,135,113,131,92,83,98,97,92,104,80,54,66,74,51,21,0,0
2025,2025-04-12,Northbound,Light Vehicles,265,156,116,124,219,647,1498,1219,1540,1466,1573,1763,1855,1469,1727,1818,1743,1747,1563,1117,978,1264,864,541,0,0
2025,2025-04-12,Northbound,All Vehicles,290,179,138,150,253,765,1714,1412,1709,1601,1686,1894,1947,1552,1825,1915,1835,1851,1643,1171,1044,1338,915,562,0,0
2025,2025-04-13,Northbound,Heavy Vehicles,20,17,7,12,25,28,46,88,87,69,106,85,93,79,67,89,83,69,76,61,54,77,52,21,0,0
2025,2025-04-13,Northbound,Light Vehicles,328,181,124,108,154,366,724,702,1041,1141,1608,1688,1683,1659,1413,1897,1723,1620,1352,1136,923,930,583,278,0,0
2025,2025-04-13,Northbound,All Vehicles,348,198,131,120,179,394,770,790,1128,1210,1714,1773,1776,1738,1480,1986,1806,1689,1428,1197,977,1007,635,299,0,0
2025,2025-04-14,Northbound,Heavy Vehicles,20,26,42,37,86,236,372,285,223,231,236,226,227,212,170,171,139,129,125,86,63,86,51,34,0,0
2025,2025-04-14,Northbound,Light Vehicles,152,107,85,118,353,1253,2030,1613,1811,1515,1158,1234,1273,1297,1383,1561,1532,1509,1413,1031,817,901,508,260,0,0
2025,2025-04-14,Northbound,All Vehicles,172,133,127,155,439,1489,2402,1898,2034,1746,1394,1460,1500,1509,1553,1732,1671,1638,1538,1117,880,987,559,294,0,0
2025,2025-04-15,Northbound,Heavy Vehicles,28,22,41,45,103,238,360,258,208,193,251,260,222,215,218,181,127,75,105,87,71,71,54,41,0,0
2025,2025-04-15,Northbound,Light Vehicles,171,84,71,124,310,1191,1912,1414,1359,1171,1238,1563,1298,1360,1414,1667,1365,892,1164,1105,889,918,571,283,0,0
2025,2025-04-15,Northbound,All Vehicles,199,106,112,169,413,1429,2272,1672,1567,1364,1489,1823,1520,1575,1632,1848,1492,967,1269,1192,960,989,625,324,0,0
2025,2025-04-16,Northbound,Heavy Vehicles,24,41,39,42,121,247,386,229,250,234,262,257,259,222,204,148,145,110,100,110,73,83,72,36,0,0
2025,2025-04-16,Northbound,Light Vehicles,131,113,91,102,349,1232,1929,1283,1868,1360,1307,1290,1327,1330,1459,1559,1404,1143,1321,1141,912,887,721,329,0,0
2025,2025-04-16,Northbound,All Vehicles,155,154,130,144,470,1479,2315,1512,2118,1594,1569,1547,1586,1552,1663,1707,1549,1253,1421,1251,985,970,793,365,0,0
2025,2025-04-17,Northbound,Light Vehicles,158,110,76,149,357,1205,1679,1517,1526,1381,1438,1292,1322,1361,1460,1574,1332,1546,1601,1312,1026,1142,821,446,0,0
2025,2025-04-17,Northbound,Heavy Vehicles,37,24,41,54,114,230,331,315,218,242,294,251,168,196,159,165,121,105,99,106,75,86,53,32,0,0
2025,2025-04-17,Northbound,All Vehicles,195,134,117,203,471,1435,2010,1832,1744,1623,1732,1543,1490,1557,1619,1739,1453,1651,1700,1418,1101,1228,874,478,0,0
2025,2025-04-18,Northbound,Light Vehicles,236,127,105,127,216,443,630,604,716,985,1134,1148,1025,914,947,1007,894,923,948,777,668,655,614,298,0,0
2025,2025-04-18,Northbound,Heavy Vehicles,21,16,13,27,49,38,74,63,60,73,68,74,49,43,44,56,47,49,50,48,39,43,29,20,0,0
2025,2025-04-18,Northbound,All Vehicles,257,143,118,154,265,481,704,667,776,1058,1202,1222,1074,957,991,1063,941,972,998,825,707,698,643,318,0,0
2025,2025-04-19,Northbound,Light Vehicles,177,103,74,59,115,338,811,821,1131,1471,1479,1900,1643,1405,1326,1554,1474,1341,1203,1023,881,938,760,499,0,0
2025,2025-04-19,Northbound,Heavy Vehicles,19,22,16,24,38,69,111,104,111,98,98,126,92,83,95,95,83,63,67,65,48,76,49,29,0,0
2025,2025-04-19,Northbound,All Vehicles,196,125,90,83,153,407,922,925,1242,1569,1577,2026,1735,1488,1421,1649,1557,1404,1270,1088,929,1014,809,528,0,0
2025,2025-04-20,Northbound,Light Vehicles,318,174,145,105,130,275,516,478,726,1140,1546,1595,1436,1303,1286,1404,1383,1356,1213,1011,907,974,663,348,0,0
2025,2025-04-20,Northbound,Heavy Vehicles,19,9,10,9,11,7,28,40,57,65,75,84,67,56,54,62,69,67,70,54,49,58,41,17,0,0
2025,2025-04-20,Northbound,All Vehicles,337,183,155,114,141,282,544,518,783,1205,1621,1679,1503,1359,1340,1466,1452,1423,1283,1065,956,1032,704,365,0,0
2025,2025-04-21,Northbound,Light Vehicles,188,109,75,85,157,307,493,438,515,915,1012,1090,996,1012,1129,1097,1032,983,940,760,663,756,545,223,0,0
2025,2025-04-21,Northbound,Heavy Vehicles,14,10,24,14,31,42,62,65,61,67,60,89,59,50,51,51,47,59,44,49,49,44,41,30,0,0
2025,2025-04-21,Northbound,All Vehicles,202,119,99,99,188,349,555,503,576,982,1072,1179,1055,1062,1180,1148,1079,1042,984,809,712,800,586,253,0,0
2025,2025-04-22,Northbound,Heavy Vehicles,20,21,40,35,92,211,331,286,256,188,208,225,190,151,172,152,95,74,63,96,58,76,40,42,0,0
2025,2025-04-22,Northbound,Light Vehicles,169,104,71,96,267,931,1651,1555,1677,1291,1214,1251,1251,1219,1342,1424,1241,1340,1067,991,769,766,532,252,0,0
2025,2025-04-22,Northbound,All Vehicles,189,125,111,131,359,1142,1982,1841,1933,1479,1422,1476,1441,1370,1514,1576,1336,1414,1130,1087,827,842,572,294,0,0
2025,2025-04-23,Northbound,Heavy Vehicles,29,27,37,47,92,205,312,285,240,216,252,222,198,186,153,125,112,103,82,75,66,54,51,35,0,0
2025,2025-04-23,Northbound,Light Vehicles,156,88,73,100,259,958,1587,1458,1739,1364,1342,1408,1272,1412,1402,1394,1437,1415,1337,896,828,757,578,256,0,0
2025,2025-04-23,Northbound,All Vehicles,185,115,110,147,351,1163,1899,1743,1979,1580,1594,1630,1470,1598,1555,1519,1549,1518,1419,971,894,811,629,291,0,0
2025,2025-04-24,Northbound,Heavy Vehicles,19,24,41,55,103,192,355,264,247,226,237,213,228,205,153,143,130,76,101,73,74,64,36,29,0,0
2025,2025-04-24,Northbound,Light Vehicles,149,101,57,99,247,941,1710,1326,1487,1462,1408,1479,1520,1528,1451,1504,1618,1374,1599,1158,1019,841,624,421,0,0
2025,2025-04-24,Northbound,All Vehicles,168,125,98,154,350,1133,2065,1590,1734,1688,1645,1692,1748,1733,1604,1647,1748,1450,1700,1231,1093,905,660,450,0,0
2025,2025-04-25,Northbound,Light Vehicles,130,91,59,45,92,188,244,234,328,458,515,488,470,446,452,436,435,384,370,331,317,316,252,186,0,0
2025,2025-04-25,Northbound,Heavy Vehicles,8,8,8,13,34,15,27,34,34,25,31,21,28,32,25,23,22,19,25,14,14,18,11,16,0,0
2025,2025-04-25,Northbound,All Vehicles,138,99,67,58,126,203,271,268,362,483,546,509,498,478,477,459,457,403,395,345,331,334,263,202,0,0
2025,2025-04-26,Northbound,Light Vehicles,236,160,127,102,122,459,949,971,1167,1444,1624,1827,1411,1654,1646,1732,1743,1611,1379,977,904,717,753,792,0,0
2025,2025-04-26,Northbound,Heavy Vehicles,13,12,16,26,31,77,146,182,121,101,117,86,80,77,86,70,83,87,64,49,54,39,31,26,0,0
2025,2025-04-26,Northbound,All Vehicles,249,172,143,128,153,536,1095,1153,1288,1545,1741,1913,1491,1731,1732,1802,1826,1698,1443,1026,958,756,784,818,0,0
2025,2025-04-27,Northbound,Light Vehicles,259,184,105,87,133,293,471,486,749,1054,1279,1491,1634,1741,1602,1637,1536,1494,1167,974,769,679,516,663,0,0
2025,2025-04-27,Northbound,Heavy Vehicles,23,15,13,16,20,46,31,64,74,78,83,67,76,89,88,80,74,76,69,65,40,41,31,30,0,0
2025,2025-04-27,Northbound,All Vehicles,282,199,118,103,153,339,502,550,823,1132,1362,1558,1710,1830,1690,1717,1610,1570,1236,1039,809,720,547,693,0,0
2025,2025-04-28,Northbound,Light Vehicles,157,99,71,103,361,1119,1682,1347,1640,1497,1317,1276,1241,1357,1348,1526,1600,1304,1208,945,776,648,483,237,0,0
2025,2025-04-28,Northbound,Heavy Vehicles,18,18,30,50,92,199,287,293,214,231,272,224,186,199,171,169,146,84,95,65,46,59,35,37,0,0
2025,2025-04-28,Northbound,All Vehicles,175,117,101,153,453,1318,1969,1640,1854,1728,1589,1500,1427,1556,1519,1695,1746,1388,1303,1010,822,707,518,274,0,0
2025,2025-04-29,Northbound,Light Vehicles,137,72,64,104,328,1151,1914,1547,1378,1329,1232,1161,1320,1089,1346,1381,817,507,718,1010,800,712,531,265,0,0
2025,2025-04-29,Northbound,Heavy Vehicles,24,25,44,45,96,202,347,290,180,197,251,241,203,166,159,154,100,92,119,85,59,63,45,33,0,0
2025,2025-04-29,Northbound,All Vehicles,161,97,108,149,424,1353,2261,1837,1558,1526,1483,1402,1523,1255,1505,1535,917,599,837,1095,859,775,576,298,0,0
2025,2025-04-30,Northbound,Heavy Vehicles,25,28,39,56,100,208,267,278,150,198,257,231,216,213,175,141,96,100,109,86,66,60,42,40,0,0
2025,2025-04-30,Northbound,Light Vehicles,164,96,67,111,339,1181,1538,1382,1392,1142,1325,1189,1185,1356,1307,1332,1101,905,1120,946,811,769,554,243,0,0
2025,2025-04-30,Northbound,All Vehicles,189,124,106,167,439,1389,1805,1660,1542,1340,1582,1420,1401,1569,1482,1473,1197,1005,1229,1032,877,829,596,283,0,0
2025,2025-05-01,Northbound,Light Vehicles,154,75,63,102,330,1135,1810,1363,1609,1491,1365,1208,1319,1341,1372,1438,1473,821,1274,1148,976,793,530,294,0,0
2025,2025-05-01,Northbound,Heavy Vehicles,36,34,35,57,96,221,332,276,186,247,258,216,225,220,166,145,115,100,93,89,66,69,37,31,0,0
2025,2025-05-01,Northbound,All Vehicles,190,109,98,159,426,1356,2142,1639,1795,1738,1623,1424,1544,1561,1538,1583,1588,921,1367,1237,1042,862,567,325,0,0
2025,2025-05-02,Northbound,Heavy Vehicles,24,30,45,51,103,193,318,279,192,248,228,220,216,206,165,148,143,114,95,80,56,65,54,52,0,0
2025,2025-05-02,Northbound,Light Vehicles,148,97,79,104,319,1122,1779,1566,1438,1522,1371,1379,1350,1425,1530,1492,1460,1335,1424,1115,945,832,825,928,0,0
2025,2025-05-02,Northbound,All Vehicles,172,127,124,155,422,1315,2097,1845,1630,1770,1599,1599,1566,1631,1695,1640,1603,1449,1519,1195,1001,897,879,980,0,0
2025,2025-05-03,Northbound,Light Vehicles,310,162,119,102,192,578,1371,1261,1456,1635,1551,1662,1634,1730,1630,1751,1687,1422,1492,1095,891,873,908,957,0,0
2025,2025-05-03,Northbound,Heavy Vehicles,31,26,21,18,42,77,183,175,181,151,121,107,99,94,97,92,93,80,70,63,53,36,33,39,0,0
2025,2025-05-03,Northbound,All Vehicles,341,188,140,120,234,655,1554,1436,1637,1786,1672,1769,1733,1824,1727,1843,1780,1502,1562,1158,944,909,941,996,0,0
2025,2025-05-04,Northbound,Heavy Vehicles,20,12,9,16,21,35,43,82,71,84,86,89,74,60,84,87,83,76,70,74,67,48,52,41,0,0
2025,2025-05-04,Northbound,Light Vehicles,486,300,151,129,157,371,660,701,905,1360,1602,1541,1627,1547,1653,1749,1662,1612,1372,982,862,746,757,612,0,0
2025,2025-05-04,Northbound,All Vehicles,506,312,160,145,178,406,703,783,976,1444,1688,1630,1701,1607,1737,1836,1745,1688,1442,1056,929,794,809,653,0,0
2025,2025-05-05,Northbound,Heavy Vehicles,41,24,42,49,80,213,377,284,199,245,251,228,197,189,189,167,128,89,92,79,72,65,48,45,0,0
2025,2025-05-05,Northbound,Light Vehicles,157,92,70,118,368,1223,2079,1511,1582,1373,1260,1161,956,1086,1287,1430,1386,1142,1292,923,815,785,490,226,0,0
2025,2025-05-05,Northbound,All Vehicles,198,116,112,167,448,1436,2456,1795,1781,1618,1511,1389,1153,1275,1476,1597,1514,1231,1384,1002,887,850,538,271,0,0
2025,2025-05-06,Northbound,Light Vehicles,153,79,64,123,360,1198,2044,1430,1597,1523,1448,1116,1188,1246,1420,1444,1145,756,1291,1019,828,796,553,294,0,0
2025,2025-05-06,Northbound,Heavy Vehicles,36,41,55,47,113,254,389,234,215,240,279,190,196,193,170,160,108,100,98,88,85,73,45,40,0,0
2025,2025-05-06,Northbound,All Vehicles,189,120,119,170,473,1452,2433,1664,1812,1763,1727,1306,1384,1439,1590,1604,1253,856,1389,1107,913,869,598,334,0,0
2025,2025-05-07,Northbound,Heavy Vehicles,48,39,42,63,112,234,367,273,194,273,227,268,241,161,183,152,113,85,83,91,83,60,50,42,0,0
2025,2025-05-07,Northbound,Light Vehicles,155,100,91,132,342,1173,1828,1364,1090,1306,1272,1302,1335,1208,1421,1461,1057,923,1154,986,821,790,570,255,0,0
2025,2025-05-07,Northbound,All Vehicles,203,139,133,195,454,1407,2195,1637,1284,1579,1499,1570,1576,1369,1604,1613,1170,1008,1237,1077,904,850,620,297,0,0
2025,2025-05-08,Northbound,Light Vehicles,157,90,81,122,346,1171,1775,1258,1148,1439,1358,1056,1184,1303,1208,1250,1129,1071,1317,1119,970,873,579,323,0,0
2025,2025-05-08,Northbound,Heavy Vehicles,45,31,38,51,112,244,328,274,208,246,276,192,222,208,147,129,123,79,77,93,63,66,51,47,0,0
2025,2025-05-08,Northbound,All Vehicles,202,121,119,173,458,1415,2103,1532,1356,1685,1634,1248,1406,1511,1355,1379,1252,1150,1394,1212,1033,939,630,370,0,0
2025,2025-05-09,Northbound,Light Vehicles,169,107,96,124,325,1187,1748,1558,1485,1319,1312,1433,1264,1335,1468,1410,1514,1665,1454,1123,958,894,885,558,0,0
2025,2025-05-09,Northbound,Heavy Vehicles,37,33,46,56,109,249,303,333,241,237,254,259,190,191,147,152,136,105,98,91,64,62,59,41,0,0
2025,2025-05-09,Northbound,All Vehicles,206,140,142,180,434,1436,2051,1891,1726,1556,1566,1692,1454,1526,1615,1562,1650,1770,1552,1214,1022,956,944,599,0,0
2025,2025-05-10,Northbound,Light Vehicles,308,172,121,92,203,604,1406,1358,1483,1760,1639,1669,1600,1811,1507,1906,1841,1925,1531,1174,982,1004,782,560,0,0
2025,2025-05-10,Northbound,Heavy Vehicles,26,33,16,18,41,92,233,195,179,130,100,102,97,95,76,81,82,93,78,56,56,42,48,31,0,0
2025,2025-05-10,Northbound,All Vehicles,334,205,137,110,244,696,1639,1553,1662,1890,1739,1771,1697,1906,1583,1987,1923,2018,1609,1230,1038,1046,830,591,0,0
2025,2025-05-11,Northbound,Light Vehicles,305,193,118,87,152,311,609,614,945,1334,1459,1719,1298,1604,1809,1758,1747,1580,1500,1001,971,793,529,696,0,0
2025,2025-05-11,Northbound,Heavy Vehicles,21,13,10,12,18,33,52,53,83,67,84,68,62,68,78,88,65,72,87,68,54,48,37,56,0,0
2025,2025-05-11,Northbound,All Vehicles,326,206,128,99,170,344,661,667,1028,1401,1543,1787,1360,1672,1887,1846,1812,1652,1587,1069,1025,841,566,752,0,0
2025,2025-05-12,Northbound,Heavy Vehicles,33,26,35,36,113,210,359,278,187,282,249,216,201,213,184,182,121,88,80,82,66,69,39,28,0,0
2025,2025-05-12,Northbound,Light Vehicles,173,83,59,127,397,1172,2058,1475,1257,1568,1364,1202,1193,1326,1388,1465,1324,1341,1330,891,717,732,502,220,0,0
2025,2025-05-12,Northbound,All Vehicles,206,109,94,163,510,1382,2417,1753,1444,1850,1613,1418,1394,1539,1572,1647,1445,1429,1410,973,783,801,541,248,0,0
2025,2025-05-13,Northbound,Heavy Vehicles,22,37,35,42,114,260,328,251,195,227,264,205,209,213,171,139,124,93,94,86,75,63,39,47,0,0
2025,2025-05-13,Northbound,Light Vehicles,132,73,88,126,342,1228,1831,1456,1510,1445,1261,1163,1083,1295,1272,1334,1323,934,1268,971,857,749,534,289,0,0
2025,2025-05-13,Northbound,All Vehicles,154,110,123,168,456,1488,2159,1707,1705,1672,1525,1368,1292,1508,1443,1473,1447,1027,1362,1057,932,812,573,336,0,0
2025,2025-05-14,Northbound,Light Vehicles,174,83,86,118,331,1245,1810,1597,1397,1476,1305,1389,1202,1396,1452,1490,1213,1049,655,901,865,798,538,281,0,0
2025,2025-05-14,Northbound,Heavy Vehicles,36,34,42,54,114,205,337,281,202,280,247,234,241,193,187,175,104,73,48,73,85,75,62,41,0,0
2025,2025-05-14,Northbound,All Vehicles,210,117,128,172,445,1450,2147,1878,1599,1756,1552,1623,1443,1589,1639,1665,1317,1122,703,974,950,873,600,322,0,0
2025,2025-05-15,Northbound,Light Vehicles,167,101,77,125,334,1163,1999,1304,1428,1598,1349,1203,1271,1342,1301,1512,1277,1063,1482,1072,873,815,619,302,0,0
2025,2025-05-15,Northbound,Heavy Vehicles,38,32,47,49,113,251,347,256,187,275,246,227,211,211,170,161,106,84,87,76,81,78,54,41,0,0
2025,2025-05-15,Northbound,All Vehicles,205,133,124,174,447,1414,2346,1560,1615,1873,1595,1430,1482,1553,1471,1673,1383,1147,1569,1148,954,893,673,343,0,0
2025,2025-05-16,Northbound,Light Vehicles,170,94,95,133,328,1157,1958,1438,1420,1285,1381,1297,1446,1373,1495,1462,1290,1388,1359,1012,939,886,804,590,0,0
2025,2025-05-16,Northbound,Heavy Vehicles,26,31,37,45,111,242,381,286,201,185,279,213,201,197,169,140,101,110,86,76,77,50,64,40,0,0
2025,2025-05-16,Northbound,All Vehicles,196,125,132,178,439,1399,2339,1724,1621,1470,1660,1510,1647,1570,1664,1602,1391,1498,1445,1088,1016,936,868,630,0,0
2025,2025-05-17,Northbound,Light Vehicles,288,154,133,123,206,622,1371,1306,1474,1535,1556,1759,1600,1948,1878,1686,1795,1770,1661,1294,1012,993,848,608,0,0
2025,2025-05-17,Northbound,Heavy Vehicles,28,31,32,33,50,93,201,173,155,120,121,122,89,112,98,101,102,91,90,67,52,46,47,29,0,0
2025,2025-05-17,Northbound,All Vehicles,316,185,165,156,256,715,1572,1479,1629,1655,1677,1881,1689,2060,1976,1787,1897,1861,1751,1361,1064,1039,895,637,0,0
2025,2025-05-18,Northbound,Heavy Vehicles,20,15,11,27,20,34,40,58,70,70,66,88,104,87,84,96,86,64,67,53,37,56,34,22,0,0
2025,2025-05-18,Northbound,Light Vehicles,348,204,126,107,139,329,595,590,954,1344,1401,1626,1784,1558,1798,1732,1795,1597,1267,934,733,736,460,247,0,0
2025,2025-05-18,Northbound,All Vehicles,368,219,137,134,159,363,635,648,1024,1414,1467,1714,1888,1645,1882,1828,1881,1661,1334,987,770,792,494,269,0,0
2025,2025-05-19,Northbound,Light Vehicles,119,76,78,110,318,1011,1689,1303,1643,1494,1234,1150,1224,1237,1297,1362,1404,1210,1300,917,696,612,438,239,0,0
2025,2025-05-19,Northbound,Heavy Vehicles,11,17,24,35,71,201,271,251,206,246,216,200,213,172,173,174,119,72,91,75,76,53,40,24,0,0
2025,2025-05-19,Northbound,All Vehicles,130,93,102,145,389,1212,1960,1554,1849,1740,1450,1350,1437,1409,1470,1536,1523,1282,1391,992,772,665,478,263,0,0
2025,2025-05-20,Northbound,Heavy Vehicles,27,24,41,38,114,194,303,244,170,252,265,240,209,229,169,169,148,103,80,71,87,62,45,33,0,0
2025,2025-05-20,Northbound,Light Vehicles,127,70,69,117,365,1188,1721,1472,1482,1487,1208,1215,1282,1318,1262,1491,1479,1169,1431,1090,931,782,536,311,0,0
2025,2025-05-20,Northbound,All Vehicles,154,94,110,155,479,1382,2024,1716,1652,1739,1473,1455,1491,1547,1431,1660,1627,1272,1511,1161,1018,844,581,344,0,0
2025,2025-05-21,Northbound,Heavy Vehicles,39,44,39,63,107,204,302,242,187,221,244,216,200,205,148,150,80,67,100,75,69,54,36,38,0,0
2025,2025-05-21,Northbound,Light Vehicles,166,73,81,127,351,1193,1793,1375,1633,1524,1210,1150,1214,1335,1295,1393,1120,1042,1390,985,837,744,484,291,0,0
2025,2025-05-21,Northbound,All Vehicles,205,117,120,190,458,1397,2095,1617,1820,1745,1454,1366,1414,1540,1443,1543,1200,1109,1490,1060,906,798,520,329,0,0
2025,2025-05-22,Northbound,Heavy Vehicles,22,28,32,39,107,212,367,249,199,246,212,190,171,149,150,114,115,79,81,67,70,45,41,34,0,0
2025,2025-05-22,Northbound,Light Vehicles,131,85,82,126,380,1107,1839,1359,1572,1515,1176,1115,1121,1158,1260,1388,1329,1161,1264,935,770,714,474,277,0,0
2025,2025-05-22,Northbound,All Vehicles,153,113,114,165,487,1319,2206,1608,1771,1761,1388,1305,1292,1307,1410,1502,1444,1240,1345,1002,840,759,515,311,0,0
2025,2025-05-23,Northbound,Heavy Vehicles,20,32,41,37,77,146,180,184,180,234,215,176,192,123,144,123,126,89,98,66,66,59,36,44,0,0
2025,2025-05-23,Northbound,Light Vehicles,139,97,101,121,283,992,1220,1212,1313,1450,1285,1254,1362,1272,1426,1398,1550,1371,1528,997,941,900,762,502,0,0
2025,2025-05-23,Northbound,All Vehicles,159,129,142,158,360,1138,1400,1396,1493,1684,1500,1430,1554,1395,1570,1521,1676,1460,1626,1063,1007,959,798,546,0,0
2025,2025-05-24,Northbound,Light Vehicles,294,192,120,108,189,544,1138,1324,1306,1550,1689,1676,1656,1792,1738,1693,1728,1663,1526,1144,965,1015,786,548,0,0
2025,2025-05-24,Northbound,Heavy Vehicles,24,29,14,25,34,82,151,184,165,113,121,114,81,95,106,85,82,91,80,50,44,40,40,27,0,0
2025,2025-05-24,Northbound,All Vehicles,318,221,134,133,223,626,1289,1508,1471,1663,1810,1790,1737,1887,1844,1778,1810,1754,1606,1194,1009,1055,826,575,0,0
2025,2025-05-25,Northbound,Heavy Vehicles,13,17,13,14,24,24,44,57,75,76,79,93,92,70,91,89,79,84,78,62,54,45,49,25,0,0
2025,2025-05-25,Northbound,Light Vehicles,351,215,146,112,110,280,634,537,909,1217,1475,1733,1711,1716,1828,1695,1666,1528,1230,1015,825,689,686,336,0,0
2025,2025-05-25,Northbound,All Vehicles,364,232,159,126,134,304,678,594,984,1293,1554,1826,1803,1786,1919,1784,1745,1612,1308,1077,879,734,735,361,0,0
2025,2025-05-26,Northbound,Heavy Vehicles,32,18,37,26,99,227,348,249,191,243,259,252,180,204,194,154,133,120,89,70,69,53,36,36,0,0
2025,2025-05-26,Northbound,Light Vehicles,146,111,58,119,389,1253,1859,1590,1447,1326,1240,1267,1138,1264,1306,1252,1266,749,1065,920,720,643,459,218,0,0
2025,2025-05-26,Northbound,All Vehicles,178,129,95,145,488,1480,2207,1839,1638,1569,1499,1519,1318,1468,1500,1406,1399,869,1154,990,789,696,495,254,0,0
2025,2025-05-27,Northbound,Light Vehicles,137,75,66,118,367,1183,1832,1734,1544,1525,1233,1248,1271,1216,1412,1372,1489,1219,1334,1024,835,716,548,252,0,0
2025,2025-05-27,Northbound,Heavy Vehicles,26,31,34,50,112,225,347,296,189,244,245,256,215,220,192,142,114,94,87,74,106,63,53,38,0,0
2025,2025-05-27,Northbound,All Vehicles,163,106,100,168,479,1408,2179,2030,1733,1769,1478,1504,1486,1436,1604,1514,1603,1313,1421,1098,941,779,601,290,0,0
2025,2025-05-28,Northbound,Light Vehicles,121,103,87,106,333,1222,1865,1304,1640,1519,1427,1376,1355,1132,1179,1473,1384,1099,1374,1004,732,697,631,329,0,0
2025,2025-05-28,Northbound,Heavy Vehicles,25,36,46,51,104,219,359,243,184,245,288,278,213,151,165,161,126,86,96,96,70,60,47,45,0,0
2025,2025-05-28,Northbound,All Vehicles,146,139,133,157,437,1441,2224,1547,1824,1764,1715,1654,1568,1283,1344,1634,1510,1185,1470,1100,802,757,678,374,0,0
2025,2025-05-29,Northbound,Light Vehicles,130,99,88,111,340,1192,1620,1516,1535,1489,1357,1333,1224,1363,1221,1312,1438,1371,1370,1174,923,777,562,288,0,0
2025,2025-05-29,Northbound,Heavy Vehicles,37,30,47,45,112,209,321,289,191,228,267,252,215,209,172,155,140,91,102,93,78,85,45,39,0,0
2025,2025-05-29,Northbound,All Vehicles,167,129,135,156,452,1401,1941,1805,1726,1717,1624,1585,1439,1572,1393,1467,1578,1462,1472,1267,1001,862,607,327,0,0
2025,2025-05-30,Northbound,Light Vehicles,168,105,94,117,330,1163,1971,1451,1452,1545,1211,1310,1220,1419,1393,1454,1485,1365,1469,1080,922,899,740,454,0,0
2025,2025-05-30,Northbound,Heavy Vehicles,36,31,39,40,111,219,372,288,225,251,232,204,175,199,167,143,145,112,90,85,67,67,46,36,0,0
2025,2025-05-30,Northbound,All Vehicles,204,136,133,157,441,1382,2343,1739,1677,1796,1443,1514,1395,1618,1560,1597,1630,1477,1559,1165,989,966,786,490,0,0
2025,2025-05-31,Northbound,Heavy Vehicles,23,20,17,25,35,79,190,211,161,91,140,94,88,101,82,106,96,78,69,72,50,63,41,22,0,0
2025,2025-05-31,Northbound,Light Vehicles,276,157,116,115,180,596,1330,1422,1366,1306,1787,1496,1592,1800,1710,1767,1776,1800,1511,1258,1080,1237,802,534,0,0
2025,2025-05-31,Northbound,All Vehicles,299,177,133,140,215,675,1520,1633,1527,1397,1927,1590,1680,1901,1792,1873,1872,1878,1580,1330,1130,1300,843,556,0,0
2025,2025-06-01,Northbound,Heavy Vehicles,26,13,10,9,20,25,33,71,78,67,77,63,57,68,78,80,83,84,75,64,57,51,38,30,0,0
2025,2025-06-01,Northbound,Light Vehicles,343,199,126,83,128,287,617,572,906,1293,1573,1656,1435,1573,1536,1776,1832,1567,1174,970,864,695,457,265,0,0
2025,2025-06-01,Northbound,All Vehicles,369,212,136,92,148,312,650,643,984,1360,1650,1719,1492,1641,1614,1856,1915,1651,1249,1034,921,746,495,295,0,0
2025,2025-06-02,Northbound,Heavy Vehicles,27,21,36,46,98,228,360,298,222,225,238,186,174,202,150,173,106,82,81,72,65,58,37,36,0,0
2025,2025-06-02,Northbound,Light Vehicles,183,106,102,132,358,1212,1969,1441,1603,1462,1240,1136,1174,1413,1279,1509,1488,1263,1066,920,765,675,539,232,0,0
2025,2025-06-02,Northbound,All Vehicles,210,127,138,178,456,1440,2329,1739,1825,1687,1478,1322,1348,1615,1429,1682,1594,1345,1147,992,830,733,576,268,0,0
2025,2025-06-03,Northbound,Light Vehicles,132,74,64,114,350,1191,1751,1300,1583,1382,1420,1196,1317,1307,1357,1325,1472,1287,1487,1012,857,750,515,275,0,0
2025,2025-06-03,Northbound,Heavy Vehicles,27,24,43,47,109,206,318,261,178,217,283,255,216,223,175,142,130,103,102,95,86,52,31,39,0,0
2025,2025-06-03,Northbound,All Vehicles,159,98,107,161,459,1397,2069,1561,1761,1599,1703,1451,1533,1530,1532,1467,1602,1390,1589,1107,943,802,546,314,0,0
2025,2025-06-04,Northbound,Light Vehicles,150,94,77,116,328,1078,1828,1363,1123,942,1000,1113,1300,1314,1213,1390,1300,1072,1323,943,793,799,505,784,0,0
2025,2025-06-04,Northbound,Heavy Vehicles,31,33,35,60,129,181,377,258,154,184,212,198,231,247,149,140,107,82,76,83,77,56,62,52,0,0
2025,2025-06-04,Northbound,All Vehicles,181,127,112,176,457,1259,2205,1621,1277,1126,1212,1311,1531,1561,1362,1530,1407,1154,1399,1026,870,855,567,836,0,0
2025,2025-06-05,Northbound,Light Vehicles,157,107,75,119,347,1217,1928,1479,1364,1573,1342,1364,1300,1441,1521,1361,1397,1373,1451,1119,991,826,529,297,0,0
2025,2025-06-05,Northbound,Heavy Vehicles,31,37,43,50,114,247,384,335,179,252,242,262,182,220,204,142,138,107,116,100,74,77,58,38,0,0
2025,2025-06-05,Northbound,All Vehicles,188,144,118,169,461,1464,2312,1814,1543,1825,1584,1626,1482,1661,1725,1503,1535,1480,1567,1219,1065,903,587,335,0,0
2025,2025-06-06,Northbound,Heavy Vehicles,26,42,40,50,123,223,323,320,269,298,299,242,210,205,134,144,133,102,93,77,56,57,37,33,0,0
2025,2025-06-06,Northbound,Light Vehicles,159,88,80,128,328,1044,1653,1389,1501,1420,1463,1421,1458,1545,1433,1326,1468,1625,1472,1050,918,900,747,495,0,0
2025,2025-06-06,Northbound,All Vehicles,185,130,120,178,451,1267,1976,1709,1770,1718,1762,1663,1668,1750,1567,1470,1601,1727,1565,1127,974,957,784,528,0,0
2025,2025-06-07,Northbound,Light Vehicles,269,150,112,110,153,535,1198,1127,1152,1698,1285,1876,1751,1755,1831,1795,1877,1740,1225,1070,983,1145,992,561,0,0
2025,2025-06-07,Northbound,Heavy Vehicles,20,17,15,18,39,37,117,143,115,115,88,100,108,101,96,103,81,81,64,55,54,43,55,32,0,0
2025,2025-06-07,Northbound,All Vehicles,289,167,127,128,192,572,1315,1270,1267,1813,1373,1976,1859,1856,1927,1898,1958,1821,1289,1125,1037,1188,1047,593,0,0
2025,2025-06-08,Northbound,Light Vehicles,404,212,128,93,114,311,596,585,810,1400,1773,1645,1688,1527,1479,1820,1634,1529,1216,993,857,814,620,435,0,0
2025,2025-06-08,Northbound,Heavy Vehicles,21,17,6,7,25,20,54,75,61,83,88,72,71,64,75,93,83,78,64,52,35,36,26,21,0,0
2025,2025-06-08,Northbound,All Vehicles,425,229,134,100,139,331,650,660,871,1483,1861,1717,1759,1591,1554,1913,1717,1607,1280,1045,892,850,646,456,0,0
2025,2025-06-09,Northbound,Light Vehicles,213,118,78,77,121,254,425,407,461,662,928,1004,1081,1020,914,978,1022,957,965,823,621,501,383,599,0,0
2025,2025-06-09,Northbound,Heavy Vehicles,11,14,11,19,37,37,60,74,61,67,69,56,61,52,47,47,49,47,54,51,36,30,30,39,0,0
2025,2025-06-09,Northbound,All Vehicles,224,132,89,96,158,291,485,481,522,729,997,1060,1142,1072,961,1025,1071,1004,1019,874,657,531,413,638,0,0
2025,2025-06-10,Northbound,Heavy Vehicles,21,17,35,41,118,221,379,256,204,248,240,241,214,165,184,129,128,98,107,94,86,76,52,54,0,0
2025,2025-06-10,Northbound,Light Vehicles,170,90,66,115,302,1086,1827,1459,1288,1351,1042,1170,1317,1125,1342,1336,1359,1288,1475,937,828,759,424,649,0,0
2025,2025-06-10,Northbound,All Vehicles,191,107,101,156,420,1307,2206,1715,1492,1599,1282,1411,1531,1290,1526,1465,1487,1386,1582,1031,914,835,476,703,0,0
2025,2025-06-11,Northbound,Heavy Vehicles,25,40,47,48,118,208,401,191,157,226,234,226,236,168,195,154,111,67,93,78,78,69,37,43,0,0
2025,2025-06-11,Northbound,Light Vehicles,137,70,76,119,335,1197,1879,757,789,1029,1095,1235,1211,1152,1353,1298,1354,1003,1319,888,805,770,481,286,0,0
2025,2025-06-11,Northbound,All Vehicles,162,110,123,167,453,1405,2280,948,946,1255,1329,1461,1447,1320,1548,1452,1465,1070,1412,966,883,839,518,329,0,0
2025,2025-06-12,Northbound,Heavy Vehicles,30,31,44,45,124,231,281,205,219,238,210,244,229,240,218,162,130,101,94,72,79,77,44,39,0,0
2025,2025-06-12,Northbound,Light Vehicles,154,84,74,126,330,1223,1180,592,1105,1291,1127,1193,1179,1508,1257,1386,1499,1304,1499,1050,940,796,542,291,0,0
2025,2025-06-12,Northbound,All Vehicles,184,115,118,171,454,1454,1461,797,1324,1529,1337,1437,1408,1748,1475,1548,1629,1405,1593,1122,1019,873,586,330,0,0
2025,2025-06-13,Northbound,Heavy Vehicles,44,37,38,57,134,241,420,319,247,272,251,261,250,232,194,166,127,99,112,91,53,57,36,33,0,0
2025,2025-06-13,Northbound,Light Vehicles,154,105,91,126,305,1197,1828,1655,1563,1431,1386,1407,1318,1532,1605,1381,1612,1400,1378,1086,881,825,642,421,0,0
2025,2025-06-13,Northbound,All Vehicles,198,142,129,183,439,1438,2248,1974,1810,1703,1637,1668,1568,1764,1799,1547,1739,1499,1490,1177,934,882,678,454,0,0
2025,2025-06-14,Northbound,Heavy Vehicles,31,24,23,16,42,88,244,201,168,118,132,114,118,118,99,105,94,98,65,59,55,35,25,38,0,0
2025,2025-06-14,Northbound,Light Vehicles,235,144,127,95,165,573,1344,1188,1336,1468,1687,1530,1539,2009,1858,1786,1721,1594,1467,1102,839,834,723,683,0,0
2025,2025-06-14,Northbound,All Vehicles,266,168,150,111,207,661,1588,1389,1504,1586,1819,1644,1657,2127,1957,1891,1815,1692,1532,1161,894,869,748,721,0,0
2025,2025-06-15,Northbound,Heavy Vehicles,20,14,10,15,20,27,56,82,78,89,83,71,91,79,104,66,61,61,79,70,67,51,29,29,0,0
2025,2025-06-15,Northbound,Light Vehicles,344,177,123,92,118,303,601,655,917,1272,1590,1631,1615,1716,1673,1634,1507,1487,1285,1077,868,716,470,227,0,0
2025,2025-06-15,Northbound,All Vehicles,364,191,133,107,138,330,657,737,995,1361,1673,1702,1706,1795,1777,1700,1568,1548,1364,1147,935,767,499,256,0,0
2025,2025-06-16,Northbound,Light Vehicles,148,91,58,121,365,1266,1907,1478,1434,1405,1201,1028,1241,1335,1324,1380,1494,1113,1364,976,738,655,502,241,0,0
2025,2025-06-16,Northbound,Heavy Vehicles,33,28,36,33,107,232,392,279,171,256,282,229,212,227,183,171,130,85,97,84,63,54,42,37,0,0
2025,2025-06-16,Northbound,All Vehicles,181,119,94,154,472,1498,2299,1757,1605,1661,1483,1257,1453,1562,1507,1551,1624,1198,1461,1060,801,709,544,278,0,0
2025,2025-06-17,Northbound,Heavy Vehicles,27,26,45,46,94,229,404,243,177,212,254,199,222,216,184,150,107,88,96,88,74,67,51,37,0,0
2025,2025-06-17,Northbound,Light Vehicles,133,89,70,118,351,1249,1959,1142,1200,1231,1241,1085,1258,1389,1354,1279,1269,937,1277,999,847,735,509,236,0,0
2025,2025-06-17,Northbound,All Vehicles,160,115,115,164,445,1478,2363,1385,1377,1443,1495,1284,1480,1605,1538,1429,1376,1025,1373,1087,921,802,560,273,0,0
2025,2025-06-18,Northbound,Light Vehicles,130,96,80,135,330,1224,1597,1518,1501,1546,1243,1246,1276,1496,1330,1434,1192,971,1241,997,745,742,612,292,0,0
2025,2025-06-18,Northbound,Heavy Vehicles,39,27,38,49,130,232,334,293,218,249,275,239,238,221,201,181,118,79,87,82,82,65,40,48,0,0
2025,2025-06-18,Northbound,All Vehicles,169,123,118,184,460,1456,1931,1811,1719,1795,1518,1485,1514,1717,1531,1615,1310,1050,1328,1079,827,807,652,340,0,0
2025,2025-06-19,Northbound,Heavy Vehicles,32,36,35,50,114,223,378,300,221,233,267,236,228,199,154,164,121,87,92,92,82,79,49,48,0,0
2025,2025-06-19,Northbound,Light Vehicles,166,80,74,127,340,1208,1840,1508,1505,1106,1409,1126,1237,1280,1366,1370,1534,1250,1369,1032,934,840,586,296,0,0
2025,2025-06-19,Northbound,All Vehicles,198,116,109,177,454,1431,2218,1808,1726,1339,1676,1362,1465,1479,1520,1534,1655,1337,1461,1124,1016,919,635,344,0,0
2025,2025-06-20,Northbound,Heavy Vehicles,41,34,35,56,127,203,403,331,253,253,251,270,237,188,168,159,150,105,101,82,86,68,46,38,0,0
2025,2025-06-20,Northbound,Light Vehicles,151,115,83,129,341,1181,1890,1501,1533,1415,1318,1355,1319,1494,1391,1371,1580,1408,1431,1015,947,966,723,452,0,0
2025,2025-06-20,Northbound,All Vehicles,192,149,118,185,468,1384,2293,1832,1786,1668,1569,1625,1556,1682,1559,1530,1730,1513,1532,1097,1033,1034,769,490,0,0
2025,2025-06-21,Northbound,Heavy Vehicles,31,20,19,20,41,85,227,208,195,138,126,106,96,99,105,84,94,99,76,65,53,51,56,28,0,0
2025,2025-06-21,Northbound,Light Vehicles,283,171,115,83,181,623,1330,1256,1494,1536,1527,1670,1601,1624,1779,1733,1794,1774,1358,1102,938,1002,1131,639,0,0
2025,2025-06-21,Northbound,All Vehicles,314,191,134,103,222,708,1557,1464,1689,1674,1653,1776,1697,1723,1884,1817,1888,1873,1434,1167,991,1053,1187,667,0,0
2025,2025-06-22,Northbound,Heavy Vehicles,22,15,10,12,28,27,49,85,104,93,98,79,59,59,83,86,80,64,76,70,65,54,45,42,0,0
2025,2025-06-22,Northbound,Light Vehicles,309,178,134,97,126,323,602,556,877,1268,1566,1693,1467,1364,1600,1831,2051,1738,1511,1124,823,687,494,244,0,0
2025,2025-06-22,Northbound,All Vehicles,331,193,144,109,154,350,651,641,981,1361,1664,1772,1526,1423,1683,1917,2131,1802,1587,1194,888,741,539,286,0,0
2025,2025-06-23,Northbound,Light Vehicles,115,84,81,99,378,1260,1992,1593,1476,1461,1139,1231,1201,1247,1268,1460,1306,1425,1281,925,753,585,462,216,0,0
2025,2025-06-23,Northbound,Heavy Vehicles,30,22,41,50,96,227,424,312,189,290,249,285,242,206,168,176,102,119,86,88,73,69,62,35,0,0
2025,2025-06-23,Northbound,All Vehicles,145,106,122,149,474,1487,2416,1905,1665,1751,1388,1516,1443,1453,1436,1636,1408,1544,1367,1013,826,654,524,251,0,0
2025,2025-06-24,Northbound,Heavy Vehicles,36,29,43,53,116,227,373,290,210,230,270,240,216,203,168,174,135,79,103,103,95,74,27,10,0,0
2025,2025-06-24,Northbound,Light Vehicles,132,80,65,101,340,1221,1941,1474,1211,1509,1206,1234,1138,1313,1128,1392,1297,395,847,975,810,702,148,,0,0
2025,2025-06-24,Northbound,All Vehicles,168,109,108,154,456,1448,2314,1764,1421,1739,1476,1474,1354,1516,1296,1566,1432,474,950,1078,905,776,175,10,0,0
2025,2025-06-25,Northbound,Light Vehicles,,,1,8,336,1225,1889,1371,1101,1294,1339,1116,1228,1084,1348,1360,1413,1034,1083,1071,650,79,,5,0,0
2025,2025-06-25,Northbound,Heavy Vehicles,5,5,4,25,96,226,382,272,191,220,270,219,201,169,184,167,142,94,80,98,78,18,1,11,0,0
2025,2025-06-25,Northbound,All Vehicles,5,5,5,33,432,1451,2271,1643,1292,1514,1609,1335,1429,1253,1532,1527,1555,1128,1163,1169,728,97,1,16,0,0
2025,2025-06-26,Northbound,Heavy Vehicles,6,10,8,39,113,252,366,321,212,261,296,230,216,230,199,167,162,124,118,80,90,74,66,48,0,0
2025,2025-06-26,Northbound,Light Vehicles,8,9,10,80,368,1265,1660,1411,910,1390,1362,1377,1140,1417,1443,1367,1637,1519,1547,1124,1012,786,558,321,0,0
2025,2025-06-26,Northbound,All Vehicles,14,19,18,119,481,1517,2026,1732,1122,1651,1658,1607,1356,1647,1642,1534,1799,1643,1665,1204,1102,860,624,369,0,0
2025,2025-06-27,Northbound,Heavy Vehicles,40,39,61,57,134,230,437,363,208,243,264,222,237,207,201,187,157,107,112,93,85,54,40,43,0,0
2025,2025-06-27,Northbound,Light Vehicles,189,105,100,134,340,1209,2020,1651,1203,1389,1365,1391,1333,1432,1511,1604,1707,1552,1506,1081,854,852,688,472,0,0
2025,2025-06-27,Northbound,All Vehicles,229,144,161,191,474,1439,2457,2014,1411,1632,1629,1613,1570,1639,1712,1791,1864,1659,1618,1174,939,906,728,515,0,0
2025,2025-06-28,Northbound,Light Vehicles,284,152,131,108,193,616,1322,1200,1293,1542,1429,1788,1738,1950,1733,1899,1772,1825,1584,1080,983,961,785,526,0,0
2025,2025-06-28,Northbound,Heavy Vehicles,21,25,16,24,42,92,200,226,173,137,123,135,112,110,83,96,74,89,79,53,64,48,38,30,0,0
2025,2025-06-28,Northbound,All Vehicles,305,177,147,132,235,708,1522,1426,1466,1679,1552,1923,1850,2060,1816,1995,1846,1914,1663,1133,1047,1009,823,556,0,0
2025,2025-06-29,Northbound,Light Vehicles,314,219,131,78,121,315,631,577,851,1377,1490,1743,1811,1487,1574,1763,1701,1822,1366,1026,862,709,502,252,0,0
2025,2025-06-29,Northbound,Heavy Vehicles,21,19,6,11,26,32,64,75,79,92,92,80,87,62,61,87,99,76,77,67,57,54,43,30,0,0
2025,2025-06-29,Northbound,All Vehicles,335,238,137,89,147,347,695,652,930,1469,1582,1823,1898,1549,1635,1850,1800,1898,1443,1093,919,763,545,282,0,0
2025,2025-06-30,Northbound,Light Vehicles,134,94,75,109,301,1099,1838,1615,1619,1442,1272,1053,1292,1177,1381,1329,1426,1373,1292,926,837,692,496,247,0,0
2025,2025-06-30,Northbound,Heavy Vehicles,35,28,51,40,94,207,352,316,230,277,292,202,210,186,155,154,110,125,93,70,70,57,43,24,0,0
2025,2025-06-30,Northbound,All Vehicles,169,122,126,149,395,1306,2190,1931,1849,1719,1564,1255,1502,1363,1536,1483,1536,1498,1385,996,907,749,539,271,0,0
2025,2025-07-04,Northbound,Light Vehicles,186,99,83,126,344,1127,2001,1475,1569,1481,1249,1425,1256,1474,1469,1341,1617,1434,1399,1099,937,968,852,559,0,0
2025,2025-07-04,Northbound,Heavy Vehicles,34,46,53,58,110,232,400,343,241,290,249,273,204,211,199,146,150,88,107,81,66,61,60,41,0,0
2025,2025-07-04,Northbound,All Vehicles,220,145,136,184,454,1359,2401,1818,1810,1771,1498,1698,1460,1685,1668,1487,1767,1522,1506,1180,1003,1029,912,600,0,0
2025,2025-07-05,Northbound,Light Vehicles,282,163,120,114,180,587,1360,1237,1127,1597,1629,1631,1760,1829,1686,1727,1728,1614,1566,1340,1084,1008,774,523,0,0
2025,2025-07-05,Northbound,Heavy Vehicles,27,17,18,23,37,90,200,199,149,159,125,116,116,119,101,101,105,75,82,57,58,46,40,41,0,0
2025,2025-07-05,Northbound,All Vehicles,309,180,138,137,217,677,1560,1436,1276,1756,1754,1747,1876,1948,1787,1828,1833,1689,1648,1397,1142,1054,814,564,0,0
2025,2025-07-06,Northbound,Heavy Vehicles,21,18,11,11,22,21,52,86,86,88,78,71,75,72,79,87,79,66,73,57,57,55,42,34,0,0
2025,2025-07-06,Northbound,Light Vehicles,301,171,110,89,124,303,668,716,988,1266,1360,1590,1557,1617,1684,1832,1771,1626,1316,962,868,699,474,253,0,0
2025,2025-07-06,Northbound,All Vehicles,322,189,121,100,146,324,720,802,1074,1354,1438,1661,1632,1689,1763,1919,1850,1692,1389,1019,925,754,516,287,0,0
2025,2025-07-07,Northbound,Light Vehicles,157,97,77,117,354,1213,1944,1396,1523,1556,1299,1425,1096,1298,1246,1465,1528,1442,1383,895,755,626,445,261,0,0
2025,2025-07-07,Northbound,Heavy Vehicles,32,24,33,56,115,244,405,294,206,305,262,297,211,208,171,157,120,103,100,73,69,67,54,37,0,0
2025,2025-07-07,Northbound,All Vehicles,189,121,110,173,469,1457,2349,1690,1729,1861,1561,1722,1307,1506,1417,1622,1648,1545,1483,968,824,693,499,298,0,0
2025,2025-07-08,Northbound,Light Vehicles,123,97,63,113,329,1170,1905,1713,1716,1242,1261,1312,1018,1272,1072,1393,1456,1079,1267,916,773,646,544,307,0,0
2025,2025-07-08,Northbound,Heavy Vehicles,31,30,49,45,114,236,357,339,212,199,275,264,195,204,177,166,136,76,75,69,63,76,45,35,0,0
2025,2025-07-08,Northbound,All Vehicles,154,127,112,158,443,1406,2262,2052,1928,1441,1536,1576,1213,1476,1249,1559,1592,1155,1342,985,836,722,589,342,0,0
2025,2025-07-09,Northbound,Heavy Vehicles,51,35,48,50,111,224,398,295,219,271,278,240,203,197,181,174,119,99,84,82,63,61,133,105,0,0
2025,2025-07-09,Northbound,Light Vehicles,154,96,79,97,314,1202,1884,1325,1379,1548,1506,1424,1249,1300,1317,1459,1371,1225,1246,962,699,755,1102,784,0,0
2025,2025-07-09,Northbound,All Vehicles,205,131,127,147,425,1426,2282,1620,1598,1819,1784,1664,1452,1497,1498,1633,1490,1324,1330,1044,762,816,1235,889,0,0
2025,2025-07-10,Northbound,Heavy Vehicles,4,,,2,2,2,14,20,9,12,4,9,6,7,8,11,15,9,10,6,3,5,6,2,0,0
2025,2025-07-10,Northbound,Light Vehicles,3,4,1,3,4,7,27,53,107,102,51,76,42,56,44,51,69,66,45,26,13,9,6,6,0,0
2025,2025-07-10,Northbound,All Vehicles,7,4,1,5,6,9,41,73,116,114,55,85,48,63,52,62,84,75,55,32,16,14,12,8,0,0
2025,2025-07-11,Northbound,Heavy Vehicles,35,38,36,61,129,224,378,309,244,278,224,215,211,159,199,176,136,122,86,87,57,65,37,40,0,0
2025,2025-07-11,Northbound,Light Vehicles,177,102,77,133,304,1135,1830,1279,1473,1512,1304,1324,1405,1011,1566,1596,1582,1543,1284,1137,855,876,632,478,0,0
2025,2025-07-11,Northbound,All Vehicles,212,140,113,194,433,1359,2208,1588,1717,1790,1528,1539,1616,1170,1765,1772,1718,1665,1370,1224,912,941,669,518,0,0
2025,2025-07-12,Northbound,Light Vehicles,251,144,109,118,185,589,1330,1260,1254,1316,1543,1783,1615,1699,1550,1684,1630,1649,1445,1413,1110,956,769,486,0,0
2025,2025-07-12,Northbound,Heavy Vehicles,23,18,16,28,46,88,218,250,164,137,109,128,98,84,94,78,84,75,76,66,58,41,32,30,0,0
2025,2025-07-12,Northbound,All Vehicles,274,162,125,146,231,677,1548,1510,1418,1453,1652,1911,1713,1783,1644,1762,1714,1724,1521,1479,1168,997,801,516,0,0
2025,2025-07-13,Northbound,Heavy Vehicles,20,9,14,11,22,25,56,68,92,99,84,93,75,94,89,80,89,70,74,66,54,46,35,30,0,0
2025,2025-07-13,Northbound,Light Vehicles,312,175,130,90,116,275,629,617,898,1322,1492,1527,1492,1561,1636,1654,1673,1486,1242,1001,956,719,479,278,0,0
2025,2025-07-13,Northbound,All Vehicles,332,184,144,101,138,300,685,685,990,1421,1576,1620,1567,1655,1725,1734,1762,1556,1316,1067,1010,765,514,308,0,0
2025,2025-07-14,Northbound,Light Vehicles,126,95,69,106,374,1187,1690,1429,1507,1451,1349,1104,1108,1278,1341,1377,1359,1252,1301,908,788,665,474,257,0,0
2025,2025-07-14,Northbound,Heavy Vehicles,26,18,29,47,101,216,358,281,216,276,258,197,192,192,192,145,127,92,100,74,70,56,55,38,0,0
2025,2025-07-14,Northbound,All Vehicles,152,113,98,153,475,1403,2048,1710,1723,1727,1607,1301,1300,1470,1533,1522,1486,1344,1401,982,858,721,529,295,0,0
2025,2025-07-15,Northbound,Heavy Vehicles,29,44,40,45,113,225,371,282,225,216,266,258,215,215,198,174,144,83,97,84,66,71,43,30,0,0
2025,2025-07-15,Northbound,Light Vehicles,142,82,59,116,318,1135,1870,1482,1725,1256,1266,1318,1193,1306,1313,1456,1458,1222,1351,958,773,754,498,264,0,0
2025,2025-07-15,Northbound,All Vehicles,171,126,99,161,431,1360,2241,1764,1950,1472,1532,1576,1408,1521,1511,1630,1602,1305,1448,1042,839,825,541,294,0,0
2025,2025-07-16,Northbound,Heavy Vehicles,37,30,41,54,119,222,355,309,231,246,229,212,216,204,163,159,152,107,91,95,66,60,54,43,0,0
2025,2025-07-16,Northbound,Light Vehicles,149,93,75,107,325,1178,1750,1390,1641,1561,1306,1270,1178,1376,1296,1325,1561,1336,1327,1036,885,816,577,410,0,0
2025,2025-07-16,Northbound,All Vehicles,186,123,116,161,444,1400,2105,1699,1872,1807,1535,1482,1394,1580,1459,1484,1713,1443,1418,1131,951,876,631,453,0,0
2025,2025-07-17,Northbound,Light Vehicles,27,17,7,15,55,329,577,482,582,494,431,451,405,361,390,413,431,409,419,298,228,173,83,41,0,0
2025,2025-07-17,Northbound,Heavy Vehicles,5,2,2,2,12,57,104,95,68,58,67,66,48,47,44,60,42,42,43,26,20,15,9,9,0,0
2025,2025-07-17,Northbound,All Vehicles,32,19,9,17,67,386,681,577,650,552,498,517,453,408,434,473,473,451,462,324,248,188,92,50,0,0
2025,2025-07-18,Northbound,Heavy Vehicles,25,34,39,53,114,197,403,305,252,244,232,247,200,214,201,157,150,117,105,98,65,61,55,45,0,0
2025,2025-07-18,Northbound,Light Vehicles,131,99,68,127,285,1136,1830,1365,1488,1449,1134,1385,1346,1385,1608,1644,1590,1529,1404,1060,851,869,764,449,0,0
2025,2025-07-18,Northbound,All Vehicles,156,133,107,180,399,1333,2233,1670,1740,1693,1366,1632,1546,1599,1809,1801,1740,1646,1509,1158,916,930,819,494,0,0
2025,2025-07-19,Northbound,Heavy Vehicles,20,19,14,25,44,90,230,217,137,142,114,103,90,108,101,90,90,95,68,61,47,47,43,30,0,0
2025,2025-07-19,Northbound,Light Vehicles,259,152,100,113,166,583,1364,1244,1178,1535,1601,1351,1770,1750,1764,1631,1696,1694,1415,1068,975,889,758,486,0,0
2025,2025-07-19,Northbound,All Vehicles,279,171,114,138,210,673,1594,1461,1315,1677,1715,1454,1860,1858,1865,1721,1786,1789,1483,1129,1022,936,801,516,0,0
2025,2025-07-20,Northbound,Light Vehicles,418,228,126,92,113,292,604,588,864,1250,1354,1739,1347,1584,1375,1642,1654,1525,1293,941,839,764,503,267,0,0
2025,2025-07-20,Northbound,Heavy Vehicles,25,17,9,9,19,28,43,69,86,80,83,110,70,83,69,66,80,86,75,55,52,35,28,27,0,0
2025,2025-07-20,Northbound,All Vehicles,443,245,135,101,132,320,647,657,950,1330,1437,1849,1417,1667,1444,1708,1734,1611,1368,996,891,799,531,294,0,0
2025,2025-07-21,Northbound,Light Vehicles,144,84,59,114,374,1142,1790,1520,987,1042,1274,1173,1168,1300,1288,1382,1515,1378,1249,951,828,676,503,203,0,0
2025,2025-07-21,Northbound,Heavy Vehicles,24,24,34,49,105,218,340,305,190,221,274,230,208,223,206,156,171,92,95,75,68,54,46,26,0,0
2025,2025-07-21,Northbound,All Vehicles,168,108,93,163,479,1360,2130,1825,1177,1263,1548,1403,1376,1523,1494,1538,1686,1470,1344,1026,896,730,549,229,0,0
2025,2025-07-22,Northbound,Heavy Vehicles,29,26,33,54,120,214,380,327,217,253,274,242,246,198,196,171,125,102,120,69,71,61,41,35,0,0
2025,2025-07-22,Northbound,Light Vehicles,127,64,65,119,329,1196,2024,1524,1618,1547,1227,1203,1219,1180,1268,1359,1490,1218,1404,894,830,752,541,251,0,0
2025,2025-07-22,Northbound,All Vehicles,156,90,98,173,449,1410,2404,1851,1835,1800,1501,1445,1465,1378,1464,1530,1615,1320,1524,963,901,813,582,286,0,0
2025,2025-07-23,Northbound,Light Vehicles,145,83,58,111,327,1141,1931,1431,1392,1138,1036,1176,1108,1377,1278,1423,1527,1185,1368,1030,849,779,549,289,0,0
2025,2025-07-23,Northbound,Heavy Vehicles,42,33,37,54,106,185,382,265,179,204,214,283,206,210,183,151,148,105,90,94,81,70,67,42,0,0
2025,2025-07-23,Northbound,All Vehicles,187,116,95,165,433,1326,2313,1696,1571,1342,1250,1459,1314,1587,1461,1574,1675,1290,1458,1124,930,849,616,331,0,0
2025,2025-07-24,Northbound,Light Vehicles,138,79,60,104,273,893,1325,1057,1003,949,950,750,788,821,814,967,1044,941,915,795,670,621,460,249,0,0
2025,2025-07-24,Northbound,Heavy Vehicles,18,42,32,63,91,165,274,225,158,193,190,172,155,135,98,114,89,64,74,54,56,45,39,27,0,0
2025,2025-07-24,Northbound,All Vehicles,156,121,92,167,364,1058,1599,1282,1161,1142,1140,922,943,956,912,1081,1133,1005,989,849,726,666,499,276,0,0
2025,2025-07-25,Northbound,Heavy Vehicles,39,25,44,58,114,231,419,289,207,249,258,237,181,229,179,165,149,117,101,79,73,61,66,50,0,0
2025,2025-07-25,Northbound,Light Vehicles,167,97,74,114,324,1143,1957,1341,1369,1430,1294,1359,1141,1496,1474,1370,1628,1648,1327,1144,944,837,885,800,0,0
2025,2025-07-25,Northbound,All Vehicles,206,122,118,172,438,1374,2376,1630,1576,1679,1552,1596,1322,1725,1653,1535,1777,1765,1428,1223,1017,898,951,850,0,0
2025,2025-07-26,Northbound,Heavy Vehicles,34,17,10,23,38,77,179,210,172,137,90,108,103,94,108,116,85,90,51,56,41,37,34,20,0,0
2025,2025-07-26,Northbound,Light Vehicles,315,135,101,105,180,559,1197,1219,1364,1727,1439,1838,1795,1554,1826,1853,1830,1651,1387,1011,968,892,799,548,0,0
2025,2025-07-26,Northbound,All Vehicles,349,152,111,128,218,636,1376,1429,1536,1864,1529,1946,1898,1648,1934,1969,1915,1741,1438,1067,1009,929,833,568,0,0
2025,2025-07-27,Northbound,Heavy Vehicles,23,13,15,10,18,23,46,78,90,79,72,68,93,81,80,80,84,69,66,73,56,46,36,29,0,0
2025,2025-07-27,Northbound,Light Vehicles,356,172,128,74,130,289,646,646,909,1408,1346,1602,1712,1701,1815,1876,1836,1625,1210,1044,892,705,468,262,0,0
2025,2025-07-27,Northbound,All Vehicles,379,185,143,84,148,312,692,724,999,1487,1418,1670,1805,1782,1895,1956,1920,1694,1276,1117,948,751,504,291,0,0
2025,2025-07-28,Northbound,Light Vehicles,163,96,78,101,316,1073,1750,1257,1392,1226,1291,1155,1248,1244,1192,1394,1399,1490,1240,922,805,656,471,242,0,0
2025,2025-07-28,Northbound,Heavy Vehicles,36,23,33,53,99,211,350,255,202,247,256,248,219,212,155,135,144,107,79,93,66,63,44,34,0,0
2025,2025-07-28,Northbound,All Vehicles,199,119,111,154,415,1284,2100,1512,1594,1473,1547,1403,1467,1456,1347,1529,1543,1597,1319,1015,871,719,515,276,0,0
2025,2025-07-29,Northbound,Light Vehicles,129,102,66,108,348,1206,1799,1423,1417,1685,1290,1270,1291,1243,1410,1531,1317,1211,1243,925,872,704,512,268,0,0
2025,2025-07-29,Northbound,Heavy Vehicles,43,25,36,45,103,247,352,281,202,263,273,238,234,203,170,171,131,105,89,82,75,80,31,40,0,0
2025,2025-07-29,Northbound,All Vehicles,172,127,102,153,451,1453,2151,1704,1619,1948,1563,1508,1525,1446,1580,1702,1448,1316,1332,1007,947,784,543,308,0,0
2025,2025-07-30,Northbound,Heavy Vehicles,26,29,38,68,127,241,348,256,206,216,224,230,168,161,177,136,99,80,105,76,61,55,37,32,0,0
2025,2025-07-30,Northbound,Light Vehicles,144,80,82,112,311,1182,1758,1269,1515,1485,1271,1269,1021,1036,1280,1308,1277,1231,1407,835,704,700,479,255,0,0
2025,2025-07-30,Northbound,All Vehicles,170,109,120,180,438,1423,2106,1525,1721,1701,1495,1499,1189,1197,1457,1444,1376,1311,1512,911,765,755,516,287,0,0
2025,2025-07-31,Northbound,Light Vehicles,113,92,57,102,325,1080,1589,1478,1372,1393,1360,1132,1150,1304,1341,1343,1375,1238,1338,1083,862,742,526,285,0,0
2025,2025-07-31,Northbound,Heavy Vehicles,18,26,41,48,106,199,285,258,163,210,271,222,183,210,168,112,104,99,93,100,69,60,41,26,0,0
2025,2025-07-31,Northbound,All Vehicles,131,118,98,150,431,1279,1874,1736,1535,1603,1631,1354,1333,1514,1509,1455,1479,1337,1431,1183,931,802,567,311,0,0
2025,2025-08-01,Northbound,Light Vehicles,174,86,82,111,312,1047,1697,1318,1322,1594,1284,1195,1368,1360,1334,1373,1470,1528,1350,1069,951,871,659,399,0,0
2025,2025-08-01,Northbound,Heavy Vehicles,25,33,37,47,109,198,342,260,205,271,229,186,188,204,117,161,134,110,76,74,66,46,43,44,0,0
2025,2025-08-01,Northbound,All Vehicles,199,119,119,158,421,1245,2039,1578,1527,1865,1513,1381,1556,1564,1451,1534,1604,1638,1426,1143,1017,917,702,443,0,0
2025,2025-08-02,Northbound,Heavy Vehicles,23,17,19,14,30,49,110,135,114,102,114,94,101,90,83,99,82,88,69,62,39,47,48,151,0,0
2025,2025-08-02,Northbound,Light Vehicles,269,159,119,79,157,474,933,950,1097,1133,1534,1654,1659,1578,1519,1765,1555,1582,1242,1079,830,852,772,1186,0,0
2025,2025-08-02,Northbound,All Vehicles,292,176,138,93,187,523,1043,1085,1211,1235,1648,1748,1760,1668,1602,1864,1637,1670,1311,1141,869,899,820,1337,0,0
2025,2025-08-03,Northbound,Light Vehicles,510,253,147,113,124,275,513,491,654,1131,1458,1462,1499,1483,1535,1710,1640,1583,1199,1057,811,664,477,278,0,0
2025,2025-08-03,Northbound,Heavy Vehicles,29,13,16,6,17,24,49,65,63,77,79,86,68,76,83,81,68,65,66,65,54,56,41,25,0,0
2025,2025-08-03,Northbound,All Vehicles,539,266,163,119,141,299,562,556,717,1208,1537,1548,1567,1559,1618,1791,1708,1648,1265,1122,865,720,518,303,0,0
2025,2025-08-04,Northbound,Heavy Vehicles,17,21,35,45,96,221,410,288,198,226,229,193,236,186,168,160,128,111,95,80,70,60,45,32,0,0
2025,2025-08-04,Northbound,Light Vehicles,161,81,66,118,344,1092,1841,1453,1555,1340,1167,1253,1384,1175,1429,1370,1594,1287,1208,951,739,639,458,260,0,0
2025,2025-08-04,Northbound,All Vehicles,178,102,101,163,440,1313,2251,1741,1753,1566,1396,1446,1620,1361,1597,1530,1722,1398,1303,1031,809,699,503,292,0,0
2025,2025-08-05,Northbound,Light Vehicles,131,87,71,120,318,1170,1790,1395,1346,1232,1102,1123,1245,1277,1490,1356,1333,925,1243,1047,855,750,486,295,0,0
2025,2025-08-05,Northbound,Heavy Vehicles,26,19,40,48,124,217,343,281,174,220,239,216,214,211,216,147,125,82,96,90,80,66,40,31,0,0
2025,2025-08-05,Northbound,All Vehicles,157,106,111,168,442,1387,2133,1676,1520,1452,1341,1339,1459,1488,1706,1503,1458,1007,1339,1137,935,816,526,326,0,0
2025,2025-08-06,Northbound,Heavy Vehicles,30,28,43,60,122,244,420,283,177,266,265,230,217,215,196,149,113,100,80,82,91,53,49,36,0,0
2025,2025-08-06,Northbound,Light Vehicles,145,82,69,123,341,1172,1827,1207,1469,1571,1251,1161,1307,1360,1276,1414,1317,1145,1117,1019,864,807,562,283,0,0
2025,2025-08-06,Northbound,All Vehicles,175,110,112,183,463,1416,2247,1490,1646,1837,1516,1391,1524,1575,1472,1563,1430,1245,1197,1101,955,860,611,319,0,0
2025,2025-08-07,Northbound,Light Vehicles,151,85,50,119,335,1135,1671,1419,1473,1563,1502,1254,1422,1344,1387,1265,1543,1112,1299,1039,890,737,521,297,0,0
2025,2025-08-07,Northbound,Heavy Vehicles,35,32,43,51,129,219,278,256,197,269,324,222,237,213,211,132,132,87,82,96,79,58,59,39,0,0
2025,2025-08-07,Northbound,All Vehicles,186,117,93,170,464,1354,1949,1675,1670,1832,1826,1476,1659,1557,1598,1397,1675,1199,1381,1135,969,795,580,336,0,0
2025,2025-08-08,Northbound,Light Vehicles,155,83,80,155,328,1132,1972,1630,1483,1421,1404,1227,1425,1398,1562,1527,1652,1620,1518,1098,956,810,662,419,0,0
2025,2025-08-08,Northbound,Heavy Vehicles,32,30,51,60,127,203,417,362,233,283,267,208,225,198,173,178,138,119,103,84,80,61,48,25,0,0
2025,2025-08-08,Northbound,All Vehicles,187,113,131,215,455,1335,2389,1992,1716,1704,1671,1435,1650,1596,1735,1705,1790,1739,1621,1182,1036,871,710,444,0,0
2025,2025-08-09,Northbound,Heavy Vehicles,19,18,14,18,35,57,169,157,109,118,106,90,94,92,102,87,80,88,71,59,54,34,47,30,0,0
2025,2025-08-09,Northbound,Light Vehicles,256,157,120,103,162,521,1182,1044,1123,1444,1677,1694,1665,1738,1756,1842,1668,1763,1354,1021,856,913,791,505,0,0
2025,2025-08-09,Northbound,All Vehicles,275,175,134,121,197,578,1351,1201,1232,1562,1783,1784,1759,1830,1858,1929,1748,1851,1425,1080,910,947,838,535,0,0
2025,2025-08-10,Northbound,Light Vehicles,292,183,99,104,117,262,543,564,854,1227,1493,1605,1611,1761,1599,1770,1624,1572,1292,1016,817,759,496,221,0,0
2025,2025-08-10,Northbound,Heavy Vehicles,17,13,7,9,19,24,60,79,75,85,109,86,88,85,71,70,64,60,84,50,49,42,24,24,0,0
2025,2025-08-10,Northbound,All Vehicles,309,196,106,113,136,286,603,643,929,1312,1602,1691,1699,1846,1670,1840,1688,1632,1376,1066,866,801,520,245,0,0
2025,2025-08-11,Northbound,Heavy Vehicles,16,23,30,36,102,200,407,312,232,284,251,227,171,205,177,158,151,93,104,77,77,63,49,37,0,0
2025,2025-08-11,Northbound,Light Vehicles,138,88,71,113,381,1175,2079,1510,1683,1406,1184,1154,1027,1377,1429,1388,1658,1321,1256,905,739,640,452,225,0,0
2025,2025-08-11,Northbound,All Vehicles,154,111,101,149,483,1375,2486,1822,1915,1690,1435,1381,1198,1582,1606,1546,1809,1414,1360,982,816,703,501,262,0,0
2025,2025-08-12,Northbound,Light Vehicles,153,77,65,122,310,1160,1869,1362,1340,1350,1301,1265,1147,1403,1426,1489,1551,1248,1179,968,840,840,538,267,0,0
2025,2025-08-12,Northbound,Heavy Vehicles,25,24,44,51,113,226,384,295,174,230,272,249,212,240,191,176,140,96,121,68,71,74,53,42,0,0
2025,2025-08-12,Northbound,All Vehicles,178,101,109,173,423,1386,2253,1657,1514,1580,1573,1514,1359,1643,1617,1665,1691,1344,1300,1036,911,914,591,309,0,0
2025,2025-08-13,Northbound,Light Vehicles,138,100,71,107,351,1219,1763,1259,1334,1337,1373,1224,1204,1338,1404,1381,1580,1256,1296,996,816,806,545,266,0,0
2025,2025-08-13,Northbound,Heavy Vehicles,47,31,44,59,120,227,388,265,196,225,285,248,213,240,200,154,139,83,97,102,76,69,52,45,0,0
2025,2025-08-13,Northbound,All Vehicles,185,131,115,166,471,1446,2151,1524,1530,1562,1658,1472,1417,1578,1604,1535,1719,1339,1393,1098,892,875,597,311,0,0
2025,2025-08-14,Northbound,Heavy Vehicles,25,32,38,41,108,260,370,316,207,278,254,245,203,193,163,140,101,104,92,103,84,66,50,33,0,0
2025,2025-08-14,Northbound,Light Vehicles,156,86,60,125,335,1163,1980,1370,1532,1450,1248,1330,1244,1266,1367,1408,1472,1280,1416,1091,903,807,579,334,0,0
2025,2025-08-14,Northbound,All Vehicles,181,118,98,166,443,1423,2350,1686,1739,1728,1502,1575,1447,1459,1530,1548,1573,1384,1508,1194,987,873,629,367,0,0
2025,2025-08-15,Northbound,Heavy Vehicles,35,30,41,51,121,223,380,312,178,266,261,193,249,245,187,147,145,119,99,82,67,55,50,36,0,0
2025,2025-08-15,Northbound,Light Vehicles,186,98,88,110,328,1089,1955,1451,1372,1451,1400,1293,1431,1592,1574,1419,1688,1619,1480,1180,968,854,714,484,0,0
2025,2025-08-15,Northbound,All Vehicles,221,128,129,161,449,1312,2335,1763,1550,1717,1661,1486,1680,1837,1761,1566,1833,1738,1579,1262,1035,909,764,520,0,0
2025,2025-08-16,Northbound,Light Vehicles,328,175,134,125,179,582,1193,1285,1264,1579,1814,1889,1604,1733,1711,1754,1756,1775,1575,1163,1008,960,760,550,0,0
2025,2025-08-16,Northbound,Heavy Vehicles,24,23,26,27,37,91,202,244,149,127,106,104,96,97,88,90,94,96,82,62,55,46,41,37,0,0
2025,2025-08-16,Northbound,All Vehicles,352,198,160,152,216,673,1395,1529,1413,1706,1920,1993,1700,1830,1799,1844,1850,1871,1657,1225,1063,1006,801,587,0,0
2025,2025-08-17,Northbound,Light Vehicles,339,181,134,76,101,311,650,737,955,1485,1503,1573,1584,1517,1667,1854,1604,1582,1325,1018,1020,734,544,264,0,0
2025,2025-08-17,Northbound,Heavy Vehicles,17,13,12,10,22,31,74,93,84,90,98,85,78,70,78,103,84,82,79,75,62,52,40,29,0,0
2025,2025-08-17,Northbound,All Vehicles,356,194,146,86,123,342,724,830,1039,1575,1601,1658,1662,1587,1745,1957,1688,1664,1404,1093,1082,786,584,293,0,0
2025,2025-08-18,Northbound,Heavy Vehicles,32,26,26,47,93,194,368,284,212,256,240,214,220,195,151,149,145,97,86,80,57,55,35,38,0,0
2025,2025-08-18,Northbound,Light Vehicles,151,103,71,117,305,1044,1819,1420,1609,1454,1109,1066,1170,1295,1291,1332,1597,1335,1224,942,663,629,429,229,0,0
2025,2025-08-18,Northbound,All Vehicles,183,129,97,164,398,1238,2187,1704,1821,1710,1349,1280,1390,1490,1442,1481,1742,1432,1310,1022,720,684,464,267,0,0
2025,2025-08-19,Northbound,Light Vehicles,118,101,63,127,330,1098,1786,1708,1590,1273,1157,1137,1245,1264,1348,1471,1550,1157,1078,872,814,687,528,260,0,0
2025,2025-08-19,Northbound,Heavy Vehicles,26,29,39,47,103,199,355,307,176,196,257,216,189,207,192,153,143,82,79,74,71,49,41,31,0,0
2025,2025-08-19,Northbound,All Vehicles,144,130,102,174,433,1297,2141,2015,1766,1469,1414,1353,1434,1471,1540,1624,1693,1239,1157,946,885,736,569,291,0,0
2025,2025-08-20,Northbound,Heavy Vehicles,24,25,37,44,127,224,345,282,195,195,225,196,178,148,148,135,135,83,85,77,57,49,30,31,0,0
2025,2025-08-20,Northbound,Light Vehicles,161,78,60,130,289,1110,1655,1452,1541,1489,1170,1123,1155,1368,1268,1283,1377,1007,1238,876,752,707,504,239,0,0
2025,2025-08-20,Northbound,All Vehicles,185,103,97,174,416,1334,2000,1734,1736,1684,1395,1319,1333,1516,1416,1418,1512,1090,1323,953,809,756,534,270,0,0
2025,2025-08-21,Northbound,Light Vehicles,146,72,69,121,300,1055,1706,1229,1530,1494,1182,1321,1264,1227,1262,1183,1360,1408,1339,1005,811,730,602,296,0,0
2025,2025-08-21,Northbound,Heavy Vehicles,31,22,31,44,104,214,264,195,204,234,254,206,190,165,175,132,112,101,102,72,58,61,59,41,0,0
2025,2025-08-21,Northbound,All Vehicles,177,94,100,165,404,1269,1970,1424,1734,1728,1436,1527,1454,1392,1437,1315,1472,1509,1441,1077,869,791,661,337,0,0
2025,2025-08-22,Northbound,Light Vehicles,143,103,64,120,295,1031,1768,1418,1479,1381,1411,1327,1466,1509,1464,1396,1473,1284,1367,1013,902,811,736,680,0,0
2025,2025-08-22,Northbound,Heavy Vehicles,25,34,35,52,117,227,341,242,193,248,236,202,230,208,173,155,132,96,89,74,77,60,50,52,0,0
2025,2025-08-22,Northbound,All Vehicles,168,137,99,172,412,1258,2109,1660,1672,1629,1647,1529,1696,1717,1637,1551,1605,1380,1456,1087,979,871,786,732,0,0
2025,2025-08-23,Northbound,Light Vehicles,286,159,125,123,196,540,1258,1192,1237,1406,1675,1708,1586,1603,1786,1644,1692,1654,1328,1170,946,842,861,858,0,0
2025,2025-08-23,Northbound,Heavy Vehicles,30,22,23,29,37,85,207,191,151,133,105,88,89,90,86,91,86,77,75,54,56,48,42,37,0,0
2025,2025-08-23,Northbound,All Vehicles,316,181,148,152,233,625,1465,1383,1388,1539,1780,1796,1675,1693,1872,1735,1778,1731,1403,1224,1002,890,903,895,0,0
2025,2025-08-24,Northbound,Heavy Vehicles,17,28,11,18,14,26,58,77,94,89,98,86,79,76,74,103,79,80,69,62,45,51,26,25,0,0
2025,2025-08-24,Northbound,Light Vehicles,423,194,146,111,138,350,666,667,939,1259,1501,1705,1584,1807,1697,1221,1619,1598,1218,1044,847,726,541,279,0,0
2025,2025-08-24,Northbound,All Vehicles,440,222,157,129,152,376,724,744,1033,1348,1599,1791,1663,1883,1771,1324,1698,1678,1287,1106,892,777,567,304,0,0
2025,2025-08-25,Northbound,Heavy Vehicles,29,21,35,57,111,216,401,265,143,241,226,260,232,160,162,156,133,113,120,73,76,55,36,29,0,0
2025,2025-08-25,Northbound,Light Vehicles,129,88,76,120,370,1173,1911,1450,820,1360,1167,1237,1265,1179,1315,1398,1472,1511,1230,926,798,655,485,227,0,0
2025,2025-08-25,Northbound,All Vehicles,158,109,111,177,481,1389,2312,1715,963,1601,1393,1497,1497,1339,1477,1554,1605,1624,1350,999,874,710,521,256,0,0
2025,2025-08-26,Northbound,Light Vehicles,134,92,66,131,333,1137,1562,976,1189,1436,1287,975,961,901,845,1513,1405,1252,1388,1102,952,783,521,694,0,0
2025,2025-08-26,Northbound,Heavy Vehicles,25,39,51,59,114,230,316,252,190,270,279,219,201,174,120,156,116,81,69,95,92,59,54,62,0,0
2025,2025-08-26,Northbound,All Vehicles,159,131,117,190,447,1367,1878,1228,1379,1706,1566,1194,1162,1075,965,1669,1521,1333,1457,1197,1044,842,575,756,0,0
2025,2025-08-27,Northbound,Heavy Vehicles,34,32,40,56,128,238,344,266,199,234,252,229,200,177,165,159,143,107,112,88,77,61,58,62,0,0
2025,2025-08-27,Northbound,Light Vehicles,214,88,60,112,321,1259,1636,996,1339,1359,1451,1221,1192,1211,1194,1377,1511,1394,1295,1078,794,1111,675,746,0,0
2025,2025-08-27,Northbound,All Vehicles,248,120,100,168,449,1497,1980,1262,1538,1593,1703,1450,1392,1388,1359,1536,1654,1501,1407,1166,871,1172,733,808,0,0
2025,2025-08-28,Northbound,Light Vehicles,187,90,72,121,316,1110,1681,1008,1364,1641,1316,1326,1420,1312,1356,1512,1479,1185,1310,997,939,854,730,773,0,0
2025,2025-08-28,Northbound,Heavy Vehicles,31,32,44,48,125,228,387,248,218,279,238,259,263,201,162,155,140,91,99,76,90,82,75,69,0,0
2025,2025-08-28,Northbound,All Vehicles,218,122,116,169,441,1338,2068,1256,1582,1920,1554,1585,1683,1513,1518,1667,1619,1276,1409,1073,1029,936,805,842,0,0
2025,2025-08-29,Northbound,Heavy Vehicles,46,35,43,53,121,238,360,265,157,247,242,245,247,226,190,151,129,115,82,79,76,72,52,37,0,0
2025,2025-08-29,Northbound,Light Vehicles,239,112,105,142,301,1130,1627,1195,1145,1401,1364,1356,1552,1529,1529,1397,1566,1542,1391,1092,986,910,709,423,0,0
2025,2025-08-29,Northbound,All Vehicles,285,147,148,195,422,1368,1987,1460,1302,1648,1606,1601,1799,1755,1719,1548,1695,1657,1473,1171,1062,982,761,460,0,0
2025,2025-08-30,Northbound,Heavy Vehicles,27,18,16,22,42,104,243,227,180,128,118,94,99,88,85,93,84,79,82,52,61,51,47,37,0,0
2025,2025-08-30,Northbound,Light Vehicles,274,142,119,104,160,574,1406,1258,1278,1707,1590,1588,1484,1711,1678,1828,1645,1721,1443,1058,997,959,762,947,0,0
2025,2025-08-30,Northbound,All Vehicles,301,160,135,126,202,678,1649,1485,1458,1835,1708,1682,1583,1799,1763,1921,1729,1800,1525,1110,1058,1010,809,984,0,0
2025,2025-08-31,Northbound,Heavy Vehicles,26,16,7,16,22,34,73,87,104,,90,93,78,81,79,103,83,81,76,69,64,61,40,35,0,0
2025,2025-08-31,Northbound,Light Vehicles,406,199,155,130,139,402,717,707,1015,,1617,1805,1534,1600,1659,1748,1667,1561,1177,1027,881,738,507,269,0,0
2025,2025-08-31,Northbound,All Vehicles,432,215,162,146,161,436,790,794,1119,,1707,1898,1612,1681,1738,1851,1750,1642,1253,1096,945,799,547,304,0,0
2025,2025-09-01,Northbound,Light Vehicles,147,75,68,131,368,1223,1653,994,1380,1301,1229,1080,1182,1218,1312,1384,1492,1453,1266,951,793,629,452,228,0,0
2025,2025-09-01,Northbound,Heavy Vehicles,32,35,38,38,110,237,364,221,193,240,265,255,188,188,197,157,140,130,108,75,60,61,43,34,0,0
2025,2025-09-01,Northbound,All Vehicles,179,110,106,169,478,1460,2017,1215,1573,1541,1494,1335,1370,1406,1509,1541,1632,1583,1374,1026,853,690,495,262,0,0
2025,2025-09-02,Northbound,Heavy Vehicles,32,22,40,46,109,251,318,236,179,259,276,217,229,233,156,194,125,81,101,95,86,76,48,31,0,0
2025,2025-09-02,Northbound,Light Vehicles,131,86,65,110,335,1210,1627,896,1417,1520,1216,1137,1190,1310,1244,1429,1365,1125,1249,939,793,781,518,275,0,0
2025,2025-09-02,Northbound,All Vehicles,163,108,105,156,444,1461,1945,1132,1596,1779,1492,1354,1419,1543,1400,1623,1490,1206,1350,1034,879,857,566,306,0,0
2025,2025-09-03,Northbound,Light Vehicles,139,75,63,119,311,1227,1701,1153,1178,1529,1416,1286,1229,1207,1371,1457,1414,1147,1357,900,811,698,510,278,0,0
2025,2025-09-03,Northbound,Heavy Vehicles,33,29,39,59,139,236,401,257,137,263,274,266,247,212,191,163,137,90,108,94,74,78,48,44,0,0
2025,2025-09-03,Northbound,All Vehicles,172,104,102,178,450,1463,2102,1410,1315,1792,1690,1552,1476,1419,1562,1620,1551,1237,1465,994,885,776,558,322,0,0
2025,2025-09-04,Northbound,Heavy Vehicles,37,24,42,43,128,248,378,233,219,286,231,223,211,186,165,155,150,115,99,99,64,70,50,40,0,0
2025,2025-09-04,Northbound,Light Vehicles,126,91,69,128,310,1246,1702,1060,1478,1488,1184,1127,1192,1090,1259,1513,1452,1356,1281,1108,930,776,678,304,0,0
2025,2025-09-04,Northbound,All Vehicles,163,115,111,171,438,1494,2080,1293,1697,1774,1415,1350,1403,1276,1424,1668,1602,1471,1380,1207,994,846,728,344,0,0
2025,2025-09-05,Northbound,Light Vehicles,171,93,88,134,312,1123,1623,1122,1423,1573,1370,1392,1496,1445,1577,1477,1630,1460,1396,1141,934,863,893,468,0,0
2025,2025-09-05,Northbound,Heavy Vehicles,37,38,46,57,129,227,347,239,196,307,275,261,228,217,182,160,126,112,104,84,71,62,58,43,0,0
2025,2025-09-05,Northbound,All Vehicles,208,131,134,191,441,1350,1970,1361,1619,1880,1645,1653,1724,1662,1759,1637,1756,1572,1500,1225,1005,925,951,511,0,0
2025,2025-09-06,Northbound,Heavy Vehicles,29,21,21,30,,94,210,220,150,141,130,132,105,113,93,98,82,79,65,85,59,67,66,39,0,0
2025,2025-09-06,Northbound,Light Vehicles,277,174,109,130,,646,1497,1309,1402,1672,1604,1977,1582,1566,1669,1542,1651,1730,1488,1496,949,980,1011,671,0,0
2025,2025-09-06,Northbound,All Vehicles,306,195,130,160,,740,1707,1529,1552,1813,1734,2109,1687,1679,1762,1640,1733,1809,1553,1581,1008,1047,1077,710,0,0
2025,2025-09-07,Northbound,Heavy Vehicles,20,16,9,11,20,28,57,67,61,91,83,84,67,69,70,84,70,77,83,66,54,52,30,27,0,0
2025,2025-09-07,Northbound,Light Vehicles,320,174,120,90,122,304,631,663,987,1401,1558,1644,1650,1491,1557,1721,1715,1496,1331,1112,992,767,512,288,0,0
2025,2025-09-07,Northbound,All Vehicles,340,190,129,101,142,332,688,730,1048,1492,1641,1728,1717,1560,1627,1805,1785,1573,1414,1178,1046,819,542,315,0,0
2025,2025-09-08,Northbound,Heavy Vehicles,25,27,37,48,96,239,407,250,226,282,286,251,212,171,170,181,133,112,82,79,76,63,40,32,0,0
2025,2025-09-08,Northbound,Light Vehicles,129,103,81,144,384,1216,1878,857,1496,1347,1279,1191,1054,1094,1217,1355,1481,1331,1179,915,711,676,458,240,0,0
2025,2025-09-08,Northbound,All Vehicles,154,130,118,192,480,1455,2285,1107,1722,1629,1565,1442,1266,1265,1387,1536,1614,1443,1261,994,787,739,498,272,0,0
2025,2025-09-09,Northbound,Light Vehicles,129,87,75,145,337,1099,1628,1087,1414,1339,1183,1180,1238,1192,1181,1187,1408,1109,1228,862,766,755,505,267,0,0
2025,2025-09-09,Northbound,Heavy Vehicles,29,26,36,55,111,239,311,214,177,255,266,228,212,246,171,137,135,93,94,83,69,65,50,28,0,0
2025,2025-09-09,Northbound,All Vehicles,158,113,111,200,448,1338,1939,1301,1591,1594,1449,1408,1450,1438,1352,1324,1543,1202,1322,945,835,820,555,295,0,0
2025,2025-09-10,Northbound,Heavy Vehicles,29,26,43,59,124,231,314,186,175,256,37,246,190,171,168,143,96,93,75,52,62,56,35,31,0,0
2025,2025-09-10,Northbound,Light Vehicles,147,92,64,135,302,1116,1599,1162,1452,1518,173,1141,1180,1211,1251,1231,1116,866,1137,828,717,708,446,252,0,0
2025,2025-09-10,Northbound,All Vehicles,176,118,107,194,426,1347,1913,1348,1627,1774,210,1387,1370,1382,1419,1374,1212,959,1212,880,779,764,481,283,0,0
2025,2025-09-11,Northbound,Heavy Vehicles,22,26,39,41,77,197,338,198,152,227,226,217,192,197,183,148,144,129,94,86,80,80,50,36,0,0
2025,2025-09-11,Northbound,Light Vehicles,126,90,71,115,295,1076,1796,1230,1256,1438,1273,1214,1162,1175,1464,1457,1519,1379,1380,1102,851,771,655,311,0,0
2025,2025-09-11,Northbound,All Vehicles,148,116,110,156,372,1273,2134,1428,1408,1665,1499,1431,1354,1372,1647,1605,1663,1508,1474,1188,931,851,705,347,0,0
2025,2025-09-12,Northbound,Light Vehicles,181,101,91,114,320,1182,1796,1102,1443,1475,1464,1413,1386,1393,1362,1469,1542,1335,1466,1176,891,917,900,477,0,0
2025,2025-09-12,Northbound,Heavy Vehicles,23,36,41,55,123,257,348,261,211,237,267,253,221,204,150,156,158,121,102,78,70,53,61,37,0,0
2025,2025-09-12,Northbound,All Vehicles,204,137,132,169,443,1439,2144,1363,1654,1712,1731,1666,1607,1597,1512,1625,1700,1456,1568,1254,961,970,961,514,0,0
2025,2025-09-13,Northbound,Heavy Vehicles,23,28,27,20,34,96,220,227,164,121,123,125,120,79,85,83,98,85,87,61,51,56,46,35,0,0
2025,2025-09-13,Northbound,Light Vehicles,280,167,120,104,176,571,1416,1250,1318,1581,1600,1720,1664,1683,1565,1642,1781,1622,1570,1285,1021,983,940,603,0,0
2025,2025-09-13,Northbound,All Vehicles,303,195,147,124,210,667,1636,1477,1482,1702,1723,1845,1784,1762,1650,1725,1879,1707,1657,1346,1072,1039,986,638,0,0
2025,2025-09-14,Northbound,Heavy Vehicles,14,14,9,12,18,34,62,85,83,82,93,89,74,70,74,75,70,71,86,68,58,53,40,27,0,0
2025,2025-09-14,Northbound,Light Vehicles,356,196,122,110,126,325,619,668,958,1530,1739,1751,1554,1515,1738,1729,1664,1484,1443,1133,1076,1047,537,285,0,0
2025,2025-09-14,Northbound,All Vehicles,370,210,131,122,144,359,681,753,1041,1612,1832,1840,1628,1585,1812,1804,1734,1555,1529,1201,1134,1100,577,312,0,0
2025,2025-09-15,Northbound,Heavy Vehicles,20,29,34,37,106,245,339,225,189,272,261,229,231,196,173,184,135,122,116,57,80,52,50,30,0,0
2025,2025-09-15,Northbound,Light Vehicles,138,94,56,145,383,1195,1630,1091,1385,1549,1144,1074,1188,1204,1423,1398,1525,1538,1281,921,791,710,465,206,0,0
2025,2025-09-15,Northbound,All Vehicles,158,123,90,182,489,1440,1969,1316,1574,1821,1405,1303,1419,1400,1596,1582,1660,1660,1397,978,871,762,515,236,0,0
2025,2025-09-16,Northbound,Heavy Vehicles,28,29,45,52,121,235,363,243,150,227,266,217,234,214,168,153,127,96,94,74,68,57,63,41,0,0
2025,2025-09-16,Northbound,Light Vehicles,140,87,75,112,347,1252,1674,1222,848,1402,1191,1101,1237,1228,1355,1298,1428,1270,1309,921,872,789,513,257,0,0
2025,2025-09-16,Northbound,All Vehicles,168,116,120,164,468,1487,2037,1465,998,1629,1457,1318,1471,1442,1523,1451,1555,1366,1403,995,940,846,576,298,0,0
2025,2025-09-17,Northbound,Light Vehicles,130,94,75,129,340,1230,1743,594,831,1145,1317,1202,1309,1300,1285,1349,1389,1290,1459,978,867,797,525,279,0,0
2025,2025-09-17,Northbound,Heavy Vehicles,34,34,48,59,136,253,410,183,175,208,276,220,248,215,196,162,116,100,87,78,97,55,42,46,0,0
2025,2025-09-17,Northbound,All Vehicles,164,128,123,188,476,1483,2153,777,1006,1353,1593,1422,1557,1515,1481,1511,1505,1390,1546,1056,964,852,567,325,0,0
2025,2025-09-18,Northbound,Light Vehicles,134,88,54,139,358,1254,1786,1394,1462,1450,1396,1227,1249,1170,1283,1454,1616,1268,1347,1120,1002,820,580,291,0,0
2025,2025-09-18,Northbound,Heavy Vehicles,31,41,42,57,122,220,344,246,198,210,215,201,202,164,175,186,126,101,81,84,115,66,51,37,0,0
2025,2025-09-18,Northbound,All Vehicles,165,129,96,196,480,1474,2130,1640,1660,1660,1611,1428,1451,1334,1458,1640,1742,1369,1428,1204,1117,886,631,328,0,0
2025,2025-09-19,Northbound,Light Vehicles,155,106,83,134,314,1179,1542,1369,1466,1465,1444,1336,1319,1411,1423,1412,1438,1496,1543,1080,897,852,765,471,0,0
2025,2025-09-19,Northbound,Heavy Vehicles,33,25,47,50,133,246,333,286,235,260,268,260,226,236,208,182,145,118,99,90,89,67,59,37,0,0
2025,2025-09-19,Northbound,All Vehicles,188,131,130,184,447,1425,1875,1655,1701,1725,1712,1596,1545,1647,1631,1594,1583,1614,1642,1170,986,919,824,508,0,0
2025,2025-09-20,Northbound,Heavy Vehicles,16,20,15,27,46,103,237,227,148,123,124,130,103,80,83,110,93,87,87,66,40,61,41,16,0,0
2025,2025-09-20,Northbound,Light Vehicles,260,144,109,104,206,722,1297,1239,1360,1526,1460,1817,1544,1617,1382,1656,1638,1603,1350,1091,945,868,842,531,0,0
2025,2025-09-20,Northbound,All Vehicles,276,164,124,131,252,825,1534,1466,1508,1649,1584,1947,1647,1697,1465,1766,1731,1690,1437,1157,985,929,883,547,0,0
2025,2025-09-21,Northbound,Heavy Vehicles,21,10,12,12,21,31,69,109,92,83,72,88,73,76,76,75,70,78,101,110,62,59,32,25,0,0
2025,2025-09-21,Northbound,Light Vehicles,327,210,124,116,117,353,665,715,1021,1440,1403,1677,1599,1640,1463,1532,1581,1500,1349,1314,1014,881,554,278,0,0
2025,2025-09-21,Northbound,All Vehicles,348,220,136,128,138,384,734,824,1113,1523,1475,1765,1672,1716,1539,1607,1651,1578,1450,1424,1076,940,586,303,0,0
2025,2025-09-22,Northbound,Light Vehicles,161,102,71,126,336,1152,1712,1233,1552,1498,1187,1179,1212,1341,1418,1421,1412,1162,1247,912,726,623,451,240,0,0
2025,2025-09-22,Northbound,Heavy Vehicles,24,23,40,28,96,225,349,205,191,261,236,253,202,200,183,173,106,85,70,74,58,69,49,33,0,0
2025,2025-09-22,Northbound,All Vehicles,185,125,111,154,432,1377,2061,1438,1743,1759,1423,1432,1414,1541,1601,1594,1518,1247,1317,986,784,692,500,273,0,0
2025,2025-09-23,Northbound,Heavy Vehicles,29,29,43,46,120,257,330,262,222,228,254,270,222,224,186,180,140,107,96,104,76,61,54,36,0,0
2025,2025-09-23,Northbound,Light Vehicles,105,70,60,124,332,1210,1619,1268,1621,1251,1139,1149,1157,1180,1284,1356,1408,1282,1354,986,826,749,549,253,0,0
2025,2025-09-23,Northbound,All Vehicles,134,99,103,170,452,1467,1949,1530,1843,1479,1393,1419,1379,1404,1470,1536,1548,1389,1450,1090,902,810,603,289,0,0
2025,2025-09-24,Northbound,Light Vehicles,139,87,62,123,350,1236,1775,1392,1497,1395,1367,1277,1207,1266,1268,1444,1515,1393,1342,969,849,799,541,290,0,0
2025,2025-09-24,Northbound,Heavy Vehicles,36,35,42,47,127,207,332,257,212,254,273,268,234,222,172,172,140,116,112,80,82,60,54,39,0,0
2025,2025-09-24,Northbound,All Vehicles,175,122,104,170,477,1443,2107,1649,1709,1649,1640,1545,1441,1488,1440,1616,1655,1509,1454,1049,931,859,595,329,0,0
2025,2025-09-25,Northbound,Heavy Vehicles,28,39,45,50,123,239,365,268,206,227,253,234,197,189,180,131,129,101,117,73,62,67,50,39,0,0
2025,2025-09-25,Northbound,Light Vehicles,143,91,64,135,345,1269,1678,1343,1438,1298,1291,1205,1269,1244,1322,1275,1502,1448,1515,1131,857,931,563,296,0,0
2025,2025-09-25,Northbound,All Vehicles,171,130,109,185,468,1508,2043,1611,1644,1525,1544,1439,1466,1433,1502,1406,1631,1549,1632,1204,919,998,613,335,0,0
2025,2025-09-26,Northbound,Heavy Vehicles,42,44,51,55,118,237,365,238,207,239,267,239,231,167,197,161,154,110,98,94,72,58,58,54,0,0
2025,2025-09-26,Northbound,Light Vehicles,183,93,90,145,348,1224,1802,1200,1331,1374,1272,1370,1416,1373,1482,1385,1589,1470,1379,1077,903,796,787,663,0,0
2025,2025-09-26,Northbound,All Vehicles,225,137,141,200,466,1461,2167,1438,1538,1613,1539,1609,1647,1540,1679,1546,1743,1580,1477,1171,975,854,845,717,0,0
2025,2025-09-27,Northbound,Heavy Vehicles,25,24,20,34,39,136,231,213,182,158,125,120,121,116,85,95,89,98,74,67,67,50,30,28,0,0
2025,2025-09-27,Northbound,Light Vehicles,294,178,117,127,218,713,1453,1152,1365,1564,1566,1633,1855,1778,1687,1670,1518,1625,1356,1012,928,864,743,528,0,0
2025,2025-09-27,Northbound,All Vehicles,319,202,137,161,257,849,1684,1365,1547,1722,1691,1753,1976,1894,1772,1765,1607,1723,1430,1079,995,914,773,556,0,0
2025,2025-09-28,Northbound,Heavy Vehicles,18,18,12,11,17,40,73,82,79,82,84,98,71,78,78,89,82,69,80,47,52,56,46,22,0,0
2025,2025-09-28,Northbound,Light Vehicles,329,191,145,112,167,362,714,607,941,1380,1542,1798,1687,1582,1666,1652,1543,1620,1313,950,890,771,545,328,0,0
2025,2025-09-28,Northbound,All Vehicles,347,209,157,123,184,402,787,689,1020,1462,1626,1896,1758,1660,1744,1741,1625,1689,1393,997,942,827,591,350,0,0
2025,2025-09-29,Northbound,Heavy Vehicles,27,16,38,52,106,246,343,262,195,256,264,263,223,195,171,163,136,114,91,91,69,43,60,39,0,0
2025,2025-09-29,Northbound,Light Vehicles,161,96,68,133,364,1192,1733,1373,1393,1390,1361,1346,1340,1249,1242,1245,1435,1418,1376,913,764,683,509,244,0,0
2025,2025-09-29,Northbound,All Vehicles,188,112,106,185,470,1438,2076,1635,1588,1646,1625,1609,1563,1444,1413,1408,1571,1532,1467,1004,833,726,569,283,0,0
2025,2025-09-30,Northbound,Heavy Vehicles,35,25,34,45,105,212,331,252,206,219,262,216,197,229,206,199,143,117,102,77,75,59,50,25,0,0
2025,2025-09-30,Northbound,Light Vehicles,129,107,76,117,362,1217,1958,1386,1579,1395,1259,1324,1128,1388,1364,1326,1651,1397,1279,1022,784,797,568,263,0,0
2025,2025-09-30,Northbound,All Vehicles,164,132,110,162,467,1429,2289,1638,1785,1614,1521,1540,1325,1617,1570,1525,1794,1514,1381,1099,859,856,618,288,0,0
2025,2025-10-01,Northbound,Light Vehicles,155,92,75,128,344,1264,1573,1310,1689,1298,1439,1297,1282,1329,1357,1443,1545,961,838,904,841,845,570,302,0,0
2025,2025-10-01,Northbound,Heavy Vehicles,31,28,41,61,109,242,350,323,223,223,287,238,219,259,190,173,147,99,86,73,74,65,54,45,0,0
2025,2025-10-01,Northbound,All Vehicles,186,120,116,189,453,1506,1923,1633,1912,1521,1726,1535,1501,1588,1547,1616,1692,1060,924,977,915,910,624,347,0,0
2025,2025-10-02,Northbound,Light Vehicles,191,91,77,131,356,1241,1827,1471,1214,1159,1281,1372,1383,1427,1409,1391,1534,1278,1372,1031,935,858,611,341,0,0
2025,2025-10-02,Northbound,Heavy Vehicles,35,34,33,56,123,185,301,276,216,201,231,268,216,185,190,171,132,116,95,99,73,68,54,48,0,0
2025,2025-10-02,Northbound,All Vehicles,226,125,110,187,479,1426,2128,1747,1430,1360,1512,1640,1599,1612,1599,1562,1666,1394,1467,1130,1008,926,665,389,0,0
2025,2025-10-03,Northbound,Light Vehicles,183,117,104,167,373,1248,1777,1317,1455,1401,1356,1585,1491,1370,1430,1558,1674,1647,1417,1164,989,842,760,474,0,0
2025,2025-10-03,Northbound,Heavy Vehicles,33,25,38,60,103,204,298,256,231,228,244,247,198,193,184,170,163,115,92,82,60,57,59,42,0,0
2025,2025-10-03,Northbound,All Vehicles,216,142,142,227,476,1452,2075,1573,1686,1629,1600,1832,1689,1563,1614,1728,1837,1762,1509,1246,1049,899,819,516,0,0
2025,2025-10-04,Northbound,Heavy Vehicles,30,18,24,23,43,80,245,193,146,130,105,108,99,103,90,97,83,77,61,52,48,34,30,30,0,0
2025,2025-10-04,Northbound,Light Vehicles,328,158,120,106,225,573,1339,1233,1300,1575,1554,1697,1609,1634,1380,1568,1489,1472,1195,1211,946,874,717,612,0,0
2025,2025-10-04,Northbound,All Vehicles,358,176,144,129,268,653,1584,1426,1446,1705,1659,1805,1708,1737,1470,1665,1572,1549,1256,1263,994,908,747,642,0,0
2025,2025-10-05,Northbound,Light Vehicles,672,316,,183,173,296,627,694,840,1302,1599,1855,1661,1584,1548,1313,1403,1351,1051,976,833,865,1287,802,0,0
2025,2025-10-05,Northbound,Heavy Vehicles,19,11,,10,13,25,34,62,82,82,86,98,73,81,78,71,70,62,68,48,50,35,112,44,0,0
2025,2025-10-05,Northbound,All Vehicles,691,327,,193,186,321,661,756,922,1384,1685,1953,1734,1665,1626,1384,1473,1413,1119,1024,883,900,1399,846,0,0
2025,2025-10-06,Northbound,Light Vehicles,305,156,89,109,136,284,453,467,592,875,931,1132,973,999,1078,993,958,812,744,657,660,672,446,237,0,0
2025,2025-10-06,Northbound,Heavy Vehicles,18,21,15,20,35,35,55,72,59,57,42,49,48,61,55,52,43,36,39,43,52,30,34,26,0,0
2025,2025-10-06,Northbound,All Vehicles,323,177,104,129,171,319,508,539,651,932,973,1181,1021,1060,1133,1045,1001,848,783,700,712,702,480,263,0,0
2025,2025-10-07,Northbound,Light Vehicles,156,113,69,120,288,1110,1709,1478,1565,1431,1445,1168,1256,1451,1417,1422,1561,1408,1243,972,807,746,552,256,0,0
2025,2025-10-07,Northbound,Heavy Vehicles,25,23,36,34,103,174,239,201,165,167,216,196,166,176,155,128,115,92,69,83,66,52,49,40,0,0
2025,2025-10-07,Northbound,All Vehicles,181,136,105,154,391,1284,1948,1679,1730,1598,1661,1364,1422,1627,1572,1550,1676,1500,1312,1055,873,798,601,296,0,0
2025,2025-10-08,Northbound,Light Vehicles,154,79,70,122,334,1186,1666,1642,1794,1384,1498,1343,1294,1373,1348,1519,1552,1196,1233,1025,829,879,713,305,0,0
2025,2025-10-08,Northbound,Heavy Vehicles,38,28,35,56,106,264,351,299,251,207,269,249,217,193,197,179,123,87,96,83,75,64,53,51,0,0
2025,2025-10-08,Northbound,All Vehicles,192,107,105,178,440,1450,2017,1941,2045,1591,1767,1592,1511,1566,1545,1698,1675,1283,1329,1108,904,943,766,356,0,0
2025,2025-10-09,Northbound,Light Vehicles,168,96,77,116,324,1124,1579,1279,1636,1387,1444,1202,1392,1307,1336,1569,1560,1392,1505,1055,867,829,597,361,0,0
2025,2025-10-09,Northbound,Heavy Vehicles,44,24,38,49,116,219,323,291,228,229,254,223,220,216,198,183,120,95,105,82,81,59,49,52,0,0
2025,2025-10-09,Northbound,All Vehicles,212,120,115,165,440,1343,1902,1570,1864,1616,1698,1425,1612,1523,1534,1752,1680,1487,1610,1137,948,888,646,413,0,0
2025,2025-10-10,Northbound,Heavy Vehicles,35,35,36,63,135,221,373,289,241,248,280,247,217,205,179,183,136,100,101,69,59,49,51,37,0,0
2025,2025-10-10,Northbound,Light Vehicles,164,106,75,131,302,1134,1811,1393,1423,1348,1321,1476,1462,1575,1482,1510,1613,1234,1353,1056,932,852,746,494,0,0
2025,2025-10-10,Northbound,All Vehicles,199,141,111,194,437,1355,2184,1682,1664,1596,1601,1723,1679,1780,1661,1693,1749,1334,1454,1125,991,901,797,531,0,0
2025,2025-10-11,Northbound,Light Vehicles,276,181,98,105,179,639,1401,1246,1382,1261,1748,1645,1605,1732,1619,1687,1451,1506,1265,1051,1161,1564,921,561,0,0
2025,2025-10-11,Northbound,Heavy Vehicles,20,22,18,26,30,97,212,202,193,121,127,110,74,88,91,105,87,83,68,54,66,71,44,21,0,0
2025,2025-10-11,Northbound,All Vehicles,296,203,116,131,209,736,1613,1448,1575,1382,1875,1755,1679,1820,1710,1792,1538,1589,1333,1105,1227,1635,965,582,0,0
2025,2025-10-12,Northbound,Heavy Vehicles,19,17,13,7,14,37,75,85,95,89,93,64,81,72,80,79,52,74,70,72,63,54,47,33,0,0
2025,2025-10-12,Northbound,Light Vehicles,351,202,144,117,121,325,689,687,988,1399,1511,1543,1672,1582,1452,1594,1374,1571,1079,966,802,749,530,583,0,0
2025,2025-10-12,Northbound,All Vehicles,370,219,157,124,135,362,764,772,1083,1488,1604,1607,1753,1654,1532,1673,1426,1645,1149,1038,865,803,577,616,0,0
2025,2025-10-13,Northbound,Heavy Vehicles,31,33,42,50,93,197,254,233,201,231,240,218,218,206,166,162,140,97,93,96,73,57,49,40,0,0
2025,2025-10-13,Northbound,Light Vehicles,171,93,72,116,368,1225,1736,1591,1649,1307,1405,1211,1220,1228,1240,1401,1486,1381,1199,999,894,665,496,251,0,0
2025,2025-10-13,Northbound,All Vehicles,202,126,114,166,461,1422,1990,1824,1850,1538,1645,1429,1438,1434,1406,1563,1626,1478,1292,1095,967,722,545,291,0,0
2025,2025-10-14,Northbound,Heavy Vehicles,34,25,39,54,98,206,272,280,203,268,248,201,207,192,196,133,162,91,80,102,100,63,64,51,0,0
2025,2025-10-14,Northbound,Light Vehicles,145,92,80,114,358,1237,1845,1500,1599,1527,1279,1103,1114,1009,1493,1280,1509,920,1126,1073,846,760,654,790,0,0
2025,2025-10-14,Northbound,All Vehicles,179,117,119,168,456,1443,2117,1780,1802,1795,1527,1304,1321,1201,1689,1413,1671,1011,1206,1175,946,823,718,841,0,0
2025,2025-10-15,Northbound,Heavy Vehicles,49,25,47,56,114,190,330,280,188,245,268,200,248,204,162,170,120,115,110,100,72,68,52,63,0,0
2025,2025-10-15,Northbound,Light Vehicles,205,83,86,123,313,1203,1993,1590,1329,1463,1343,1145,1317,1308,1313,1420,1384,1242,1217,980,835,784,626,725,0,0
2025,2025-10-15,Northbound,All Vehicles,254,108,133,179,427,1393,2323,1870,1517,1708,1611,1345,1565,1512,1475,1590,1504,1357,1327,1080,907,852,678,788,0,0
2025,2025-10-16,Northbound,Light Vehicles,204,97,68,122,329,1240,1946,1369,1316,1523,1437,1111,1297,1328,1388,1545,1515,1230,1414,1179,984,924,704,772,0,0
2025,2025-10-16,Northbound,Heavy Vehicles,33,30,36,45,125,201,294,278,182,220,264,184,221,178,178,170,126,85,115,94,89,67,57,74,0,0
2025,2025-10-16,Northbound,All Vehicles,237,127,104,167,454,1441,2240,1647,1498,1743,1701,1295,1518,1506,1566,1715,1641,1315,1529,1273,1073,991,761,846,0,0
2025,2025-10-17,Northbound,Light Vehicles,201,99,74,127,316,1134,1738,1293,1389,1437,1340,1342,1471,1356,1426,1325,1731,1527,1355,1074,961,857,736,515,0,0
2025,2025-10-17,Northbound,Heavy Vehicles,52,28,41,56,127,231,387,263,237,277,267,245,249,206,167,155,136,128,89,82,70,61,61,35,0,0
2025,2025-10-17,Northbound,All Vehicles,253,127,115,183,443,1365,2125,1556,1626,1714,1607,1587,1720,1562,1593,1480,1867,1655,1444,1156,1031,918,797,550,0,0
2025,2025-10-18,Northbound,Light Vehicles,312,144,115,104,173,643,1433,1401,1431,1511,1607,1675,1676,1621,1593,1656,1675,1490,1485,1165,1019,937,1001,991,0,0
2025,2025-10-18,Northbound,Heavy Vehicles,33,26,23,27,38,96,165,230,137,140,113,111,118,86,115,102,82,79,65,78,56,47,49,37,0,0
2025,2025-10-18,Northbound,All Vehicles,345,170,138,131,211,739,1598,1631,1568,1651,1720,1786,1794,1707,1708,1758,1757,1569,1550,1243,1075,984,1050,1028,0,0
2025,2025-10-19,Northbound,Light Vehicles,682,215,135,110,125,350,658,741,1118,1417,1599,1839,1814,1760,1526,1539,1711,1425,1328,1082,984,797,589,345,0,0
2025,2025-10-19,Northbound,Heavy Vehicles,31,23,12,10,16,43,50,81,111,79,98,58,94,85,107,77,100,78,89,62,53,49,40,39,0,0
2025,2025-10-19,Northbound,All Vehicles,713,238,147,120,141,393,708,822,1229,1496,1697,1897,1908,1845,1633,1616,1811,1503,1417,1144,1037,846,629,384,0,0
2025,2025-10-20,Northbound,Light Vehicles,183,103,74,126,402,1249,1979,1637,1444,1382,1411,1260,1200,1279,1355,1456,1600,1351,1256,958,810,741,509,291,0,0
2025,2025-10-20,Northbound,Heavy Vehicles,34,32,39,43,108,171,287,255,157,218,278,245,179,222,180,166,138,100,93,85,79,74,57,47,0,0
2025,2025-10-20,Northbound,All Vehicles,217,135,113,169,510,1420,2266,1892,1601,1600,1689,1505,1379,1501,1535,1622,1738,1451,1349,1043,889,815,566,338,0,0
2025,2025-10-21,Northbound,Heavy Vehicles,42,30,38,54,121,205,275,191,217,225,269,283,211,233,203,185,125,91,81,90,84,63,55,50,0,0
2025,2025-10-21,Northbound,Light Vehicles,160,87,80,117,345,1279,1747,1081,1514,1371,1344,1261,1249,1372,1385,1513,1427,978,1144,1038,952,784,611,279,0,0
2025,2025-10-21,Northbound,All Vehicles,202,117,118,171,466,1484,2022,1272,1731,1596,1613,1544,1460,1605,1588,1698,1552,1069,1225,1128,1036,847,666,329,0,0
2025,2025-10-22,Northbound,Heavy Vehicles,5,4,3,9,40,87,122,93,53,62,88,60,78,87,84,51,,,8,23,16,20,16,9,0,0
2025,2025-10-22,Northbound,Light Vehicles,61,24,27,45,152,473,727,629,381,524,529,416,427,574,501,356,,,80,330,334,420,237,103,0,0
2025,2025-10-22,Northbound,All Vehicles,66,28,30,54,192,560,849,722,434,586,617,476,505,661,585,407,,,88,353,350,440,253,112,0,0
2025,2025-10-23,Northbound,Heavy Vehicles,48,24,37,47,127,240,320,239,180,216,276,223,215,203,156,156,118,101,112,83,91,64,52,33,0,0
2025,2025-10-23,Northbound,Light Vehicles,172,100,85,143,325,1210,1849,1326,1398,1430,1581,1313,1329,1331,1438,1524,1500,1436,1650,1175,961,917,700,376,0,0
2025,2025-10-23,Northbound,All Vehicles,220,124,122,190,452,1450,2169,1565,1578,1646,1857,1536,1544,1534,1594,1680,1618,1537,1762,1258,1052,981,752,409,0,0
2025,2025-10-24,Northbound,Heavy Vehicles,43,39,34,41,120,239,324,298,190,260,286,235,213,219,174,150,138,130,103,89,88,71,67,48,0,0
2025,2025-10-24,Northbound,Light Vehicles,196,93,85,127,331,1167,1744,1569,1286,1544,1551,1473,1384,1513,1561,1394,1626,1653,1496,1191,1002,1000,745,518,0,0
2025,2025-10-24,Northbound,All Vehicles,239,132,119,168,451,1406,2068,1867,1476,1804,1837,1708,1597,1732,1735,1544,1764,1783,1599,1280,1090,1071,812,566,0,0
2025,2025-10-25,Northbound,Light Vehicles,327,180,135,108,228,661,1419,1487,1569,1530,1572,1833,1583,1822,1744,1815,1665,1688,1407,1088,1000,1000,1299,821,0,0
2025,2025-10-25,Northbound,Heavy Vehicles,24,31,24,32,40,95,213,181,208,127,131,129,90,93,89,77,77,89,66,68,47,51,78,38,0,0
2025,2025-10-25,Northbound,All Vehicles,351,211,159,140,268,756,1632,1668,1777,1657,1703,1962,1673,1915,1833,1892,1742,1777,1473,1156,1047,1051,1377,859,0,0
2025,2025-10-26,Northbound,Light Vehicles,397,213,144,131,137,364,692,617,1032,1414,1677,1411,1637,1605,1435,1699,1558,1478,1261,1195,1046,863,599,399,0,0
2025,2025-10-26,Northbound,Heavy Vehicles,19,18,11,12,22,44,52,79,87,69,63,62,78,82,56,82,73,80,70,71,48,40,41,31,0,0
2025,2025-10-26,Northbound,All Vehicles,416,231,155,143,159,408,744,696,1119,1483,1740,1473,1715,1687,1491,1781,1631,1558,1331,1266,1094,903,640,430,0,0
2025,2025-10-27,Northbound,Heavy Vehicles,26,20,32,42,102,211,379,284,192,275,293,221,212,155,173,169,132,102,104,69,71,58,40,34,0,0
2025,2025-10-27,Northbound,Light Vehicles,188,110,78,116,384,1245,1910,1505,1553,1357,1311,1204,1189,1080,1231,1483,1397,1410,1451,973,853,732,496,244,0,0
2025,2025-10-27,Northbound,All Vehicles,214,130,110,158,486,1456,2289,1789,1745,1632,1604,1425,1401,1235,1404,1652,1529,1512,1555,1042,924,790,536,278,0,0
2025,2025-10-28,Northbound,Heavy Vehicles,34,29,57,36,128,217,355,226,185,207,275,220,195,206,200,171,135,90,100,74,72,77,40,34,0,0
2025,2025-10-28,Northbound,Light Vehicles,147,79,72,126,346,1196,1955,1284,1216,1522,1399,1073,1271,1291,1309,1429,1229,785,1111,1004,884,839,575,296,0,0
2025,2025-10-28,Northbound,All Vehicles,181,108,129,162,474,1413,2310,1510,1401,1729,1674,1293,1466,1497,1509,1600,1364,875,1211,1078,956,916,615,330,0,0
2025,2025-10-29,Northbound,Light Vehicles,152,82,72,126,332,1164,1732,1477,1450,1358,1455,1194,1233,1241,1316,1386,878,745,1039,950,805,798,566,251,0,0
2025,2025-10-29,Northbound,Heavy Vehicles,33,32,45,49,114,236,351,258,196,191,258,243,176,200,143,124,120,101,79,81,67,75,47,45,0,0
2025,2025-10-29,Northbound,All Vehicles,185,114,117,175,446,1400,2083,1735,1646,1549,1713,1437,1409,1441,1459,1510,998,846,1118,1031,872,873,613,296,0,0
2025,2025-10-30,Northbound,Light Vehicles,163,96,74,131,313,1167,1496,1546,1559,1483,1339,1387,1357,1313,1557,1426,1360,1414,1454,1171,939,919,673,316,0,0
2025,2025-10-30,Northbound,Heavy Vehicles,25,30,48,55,108,205,318,274,207,230,225,274,209,192,198,153,133,113,98,105,77,62,54,39,0,0
2025,2025-10-30,Northbound,All Vehicles,188,126,122,186,421,1372,1814,1820,1766,1713,1564,1661,1566,1505,1755,1579,1493,1527,1552,1276,1016,981,727,355,0,0
2025,2025-10-31,Northbound,Light Vehicles,165,113,94,132,314,1150,1683,1360,1630,1613,1360,1455,1332,1375,1557,1354,1453,1594,1426,1082,919,857,708,514,0,0
2025,2025-10-31,Northbound,Heavy Vehicles,35,27,51,52,116,214,324,297,221,278,237,261,200,207,181,129,114,125,103,90,67,53,48,44,0,0
2025,2025-10-31,Northbound,All Vehicles,200,140,145,184,430,1364,2007,1657,1851,1891,1597,1716,1532,1582,1738,1483,1567,1719,1529,1172,986,910,756,558,0,0
2025,2025-11-01,Northbound,Light Vehicles,340,178,148,141,172,621,1391,1285,1307,1663,1826,1848,1520,1608,1799,1679,1722,1598,1623,1062,949,947,1107,666,0,0
2025,2025-11-01,Northbound,Heavy Vehicles,24,13,22,20,28,89,199,180,153,124,122,102,105,85,78,95,78,72,76,52,34,51,48,36,0,0
2025,2025-11-01,Northbound,All Vehicles,364,191,170,161,200,710,1590,1465,1460,1787,1948,1950,1625,1693,1877,1774,1800,1670,1699,1114,983,998,1155,702,0,0
2025,2025-11-02,Northbound,Heavy Vehicles,24,17,9,11,25,32,58,82,93,83,91,94,82,76,79,99,79,66,75,71,54,69,37,40,0,0
2025,2025-11-02,Northbound,Light Vehicles,438,225,151,123,160,345,681,701,1035,1344,1615,1649,1473,1676,1539,1675,1742,1556,1291,1070,917,844,782,395,0,0
2025,2025-11-02,Northbound,All Vehicles,462,242,160,134,185,377,739,783,1128,1427,1706,1743,1555,1752,1618,1774,1821,1622,1366,1141,971,913,819,435,0,0
2025,2025-11-03,Northbound,Heavy Vehicles,24,23,36,45,110,212,367,254,172,235,281,244,221,178,181,147,143,106,100,72,78,56,53,35,0,0
2025,2025-11-03,Northbound,Light Vehicles,191,87,88,125,329,1172,1921,1352,1336,1389,1263,1250,1273,1286,1249,1338,1448,1342,1107,967,768,691,504,282,0,0
2025,2025-11-03,Northbound,All Vehicles,215,110,124,170,439,1384,2288,1606,1508,1624,1544,1494,1494,1464,1430,1485,1591,1448,1207,1039,846,747,557,317,0,0
2025,2025-11-04,Northbound,Light Vehicles,143,77,72,115,325,1242,1680,1513,1475,1359,1314,1243,1289,1320,1270,1344,1258,1298,1314,963,847,849,685,549,0,0
2025,2025-11-04,Northbound,Heavy Vehicles,41,27,51,42,107,233,306,262,225,227,250,279,213,220,161,142,108,95,100,82,87,68,59,64,0,0
2025,2025-11-04,Northbound,All Vehicles,184,104,123,157,432,1475,1986,1775,1700,1586,1564,1522,1502,1540,1431,1486,1366,1393,1414,1045,934,917,744,613,0,0
2025,2025-11-05,Northbound,Light Vehicles,179,109,83,122,376,1209,1903,1045,1455,1550,1397,1284,1170,1150,1240,1401,1377,1205,1364,981,981,860,636,321,0,0
2025,2025-11-05,Northbound,Heavy Vehicles,44,35,43,52,124,219,364,244,201,240,257,247,207,153,153,176,139,111,82,72,88,54,50,43,0,0
2025,2025-11-05,Northbound,All Vehicles,223,144,126,174,500,1428,2267,1289,1656,1790,1654,1531,1377,1303,1393,1577,1516,1316,1446,1053,1069,914,686,364,0,0
2025,2025-11-06,Northbound,Heavy Vehicles,35,34,51,51,139,236,396,267,196,262,260,270,221,213,189,149,137,123,129,76,89,71,61,41,0,0
2025,2025-11-06,Northbound,Light Vehicles,174,98,84,117,359,1225,1892,1243,1147,1520,1271,1351,1303,1467,1455,1408,1434,1378,1347,1057,991,921,655,306,0,0
2025,2025-11-06,Northbound,All Vehicles,209,132,135,168,498,1461,2288,1510,1343,1782,1531,1621,1524,1680,1644,1557,1571,1501,1476,1133,1080,992,716,347,0,0
2025,2025-11-07,Northbound,Heavy Vehicles,36,27,48,57,134,207,400,280,246,273,221,239,189,198,189,178,137,108,114,89,74,60,54,116,0,0
2025,2025-11-07,Northbound,Light Vehicles,158,86,79,131,339,1170,1973,1475,1593,1485,1212,1340,1270,1360,1522,1535,1515,1530,1333,1156,1001,920,823,1346,0,0
2025,2025-11-07,Northbound,All Vehicles,194,113,127,188,473,1377,2373,1755,1839,1758,1433,1579,1459,1558,1711,1713,1652,1638,1447,1245,1075,980,877,1462,0,0
2025,2025-11-08,Northbound,Heavy Vehicles,74,17,27,19,32,88,242,232,136,137,111,119,99,86,90,87,72,80,79,55,60,45,45,96,0,0
2025,2025-11-08,Northbound,Light Vehicles,893,244,128,110,182,651,1399,1390,1365,1745,1744,1731,1559,1769,1688,1690,1587,1740,1368,1114,985,972,778,1218,0,0
2025,2025-11-08,Northbound,All Vehicles,967,261,155,129,214,739,1641,1622,1501,1882,1855,1850,1658,1855,1778,1777,1659,1820,1447,1169,1045,1017,823,1314,0,0
2025,2025-11-09,Northbound,Heavy Vehicles,50,21,9,9,21,31,58,95,84,86,96,75,61,73,69,90,80,77,84,70,60,37,47,29,0,0
2025,2025-11-09,Northbound,Light Vehicles,921,258,117,109,138,327,654,673,976,1407,1685,1679,1591,1749,1744,1767,1753,1551,1271,1142,1025,806,664,323,0,0
2025,2025-11-09,Northbound,All Vehicles,971,279,126,118,159,358,712,768,1060,1493,1781,1754,1652,1822,1813,1857,1833,1628,1355,1212,1085,843,711,352,0,0
2025,2025-11-10,Northbound,Light Vehicles,168,115,84,113,377,1244,1856,1053,1284,1464,1249,1283,1113,1167,1291,1384,1514,1185,1355,1016,874,782,799,327,0,0
2025,2025-11-10,Northbound,Heavy Vehicles,31,25,35,34,110,208,338,213,197,260,228,286,210,216,161,170,124,99,98,92,74,64,58,45,0,0
2025,2025-11-10,Northbound,All Vehicles,199,140,119,147,487,1452,2194,1266,1481,1724,1477,1569,1323,1383,1452,1554,1638,1284,1453,1108,948,846,857,372,0,0
2025,2025-11-11,Northbound,Heavy Vehicles,26,21,38,51,108,230,311,276,195,239,245,251,236,232,161,169,101,90,105,97,87,73,66,36,0,0
2025,2025-11-11,Northbound,Light Vehicles,160,106,87,134,347,1245,1874,1493,1109,1451,1329,1099,1224,1213,1240,1449,1395,1130,1271,948,927,858,551,333,0,0
2025,2025-11-11,Northbound,All Vehicles,186,127,125,185,455,1475,2185,1769,1304,1690,1574,1350,1460,1445,1401,1618,1496,1220,1376,1045,1014,931,617,369,0,0
2025,2025-11-12,Northbound,Heavy Vehicles,38,38,42,55,125,229,366,300,176,213,268,220,226,210,192,143,104,107,101,101,71,70,57,38,0,0
2025,2025-11-12,Northbound,Light Vehicles,160,105,86,130,333,1224,1833,1578,1009,1230,1286,1252,1245,1235,1415,1341,1292,958,1184,1004,859,837,619,310,0,0
2025,2025-11-12,Northbound,All Vehicles,198,143,128,185,458,1453,2199,1878,1185,1443,1554,1472,1471,1445,1607,1484,1396,1065,1285,1105,930,907,676,348,0,0
2025,2025-11-13,Northbound,Light Vehicles,167,114,87,125,329,1254,1678,1183,953,1398,1428,1348,1284,1466,1268,1371,1514,1350,1542,1172,1042,864,657,344,0,0
2025,2025-11-13,Northbound,Heavy Vehicles,26,34,40,61,128,225,324,289,187,249,288,280,219,209,184,151,151,87,98,89,74,65,56,39,0,0
2025,2025-11-13,Northbound,All Vehicles,193,148,127,186,457,1479,2002,1472,1140,1647,1716,1628,1503,1675,1452,1522,1665,1437,1640,1261,1116,929,713,383,0,0
2025,2025-11-14,Northbound,Heavy Vehicles,45,28,44,56,136,241,391,279,236,245,244,239,186,194,186,164,117,104,97,81,92,56,49,30,0,0
2025,2025-11-14,Northbound,Light Vehicles,182,104,85,122,320,1151,1858,1504,1357,1312,1401,1384,1220,1381,1542,1393,1319,1586,1531,1095,970,915,811,494,0,0
2025,2025-11-14,Northbound,All Vehicles,227,132,129,178,456,1392,2249,1783,1593,1557,1645,1623,1406,1575,1728,1557,1436,1690,1628,1176,1062,971,860,524,0,0
2025,2025-11-15,Northbound,Light Vehicles,325,171,117,115,183,651,1425,1221,1450,1836,1722,1797,1560,1774,1682,1729,1580,1418,1530,1050,996,963,948,1545,0,0
2025,2025-11-15,Northbound,Heavy Vehicles,33,24,20,17,45,98,221,208,177,144,117,97,102,91,98,75,74,80,92,56,62,40,49,144,0,0
2025,2025-11-15,Northbound,All Vehicles,358,195,137,132,228,749,1646,1429,1627,1980,1839,1894,1662,1865,1780,1804,1654,1498,1622,1106,1058,1003,997,1689,0,0
2025,2025-11-16,Northbound,Heavy Vehicles,86,19,8,11,19,27,69,75,86,92,91,75,69,78,82,93,65,76,70,70,53,48,51,39,0,0
2025,2025-11-16,Northbound,Light Vehicles,1217,322,147,118,134,329,637,668,937,1392,1621,1478,1423,1690,1781,1637,1627,1472,1358,1012,985,775,585,343,0,0
2025,2025-11-16,Northbound,All Vehicles,1303,341,155,129,153,356,706,743,1023,1484,1712,1553,1492,1768,1863,1730,1692,1548,1428,1082,1038,823,636,382,0,0
2025,2025-11-17,Northbound,Light Vehicles,167,103,64,122,209,975,1828,1374,1384,484,,887,1109,1390,1214,1349,1514,1381,1396,973,886,695,537,256,0,0
2025,2025-11-17,Northbound,Heavy Vehicles,27,30,34,50,61,188,371,287,178,73,,184,206,210,180,187,135,108,105,77,86,72,56,35,0,0
2025,2025-11-17,Northbound,All Vehicles,194,133,98,172,270,1163,2199,1661,1562,557,,1071,1315,1600,1394,1536,1649,1489,1501,1050,972,767,593,291,0,0
2025,2025-11-18,Northbound,Light Vehicles,149,69,64,134,322,1169,1958,911,1381,1398,1223,1217,1110,1233,1305,1364,1141,1036,1332,1044,856,904,620,619,0,0
2025,2025-11-18,Northbound,Heavy Vehicles,51,27,39,46,111,222,367,195,194,199,230,245,208,214,196,182,99,77,92,94,78,74,49,57,0,0
2025,2025-11-18,Northbound,All Vehicles,200,96,103,180,433,1391,2325,1106,1575,1597,1453,1462,1318,1447,1501,1546,1240,1113,1424,1138,934,978,669,676,0,0
2025,2025-11-19,Northbound,Light Vehicles,164,109,84,127,346,1217,1736,1139,1223,1370,1452,1263,1253,1151,1517,1203,1412,1095,1443,981,893,869,602,289,0,0
2025,2025-11-19,Northbound,Heavy Vehicles,35,38,45,59,118,239,359,242,184,277,295,228,215,177,188,153,114,78,94,103,71,56,68,56,0,0
2025,2025-11-19,Northbound,All Vehicles,199,147,129,186,464,1456,2095,1381,1407,1647,1747,1491,1468,1328,1705,1356,1526,1173,1537,1084,964,925,670,345,0,0
2025,2025-11-20,Northbound,Heavy Vehicles,53,20,50,62,112,245,302,250,202,228,249,200,212,215,189,133,117,91,95,91,83,75,54,45,0,0
2025,2025-11-20,Northbound,Light Vehicles,180,109,80,142,342,1195,1667,849,964,1281,1295,1247,1272,1358,1153,798,700,459,758,1072,1017,874,648,706,0,0
2025,2025-11-20,Northbound,All Vehicles,233,129,130,204,454,1440,1969,1099,1166,1509,1544,1447,1484,1573,1342,931,817,550,853,1163,1100,949,702,751,0,0
2025,2025-11-21,Northbound,Light Vehicles,222,112,81,135,307,1187,1734,1375,1367,1556,1372,1251,1296,1295,1019,500,406,601,995,1172,904,871,818,1336,0,0
2025,2025-11-21,Northbound,Heavy Vehicles,45,38,52,61,105,233,332,297,210,240,268,214,177,152,151,116,108,101,66,78,61,51,59,152,0,0
2025,2025-11-21,Northbound,All Vehicles,267,150,133,196,412,1420,2066,1672,1577,1796,1640,1465,1473,1447,1170,616,514,702,1061,1250,965,922,877,1488,0,0
2025,2025-11-22,Northbound,Light Vehicles,971,203,135,99,186,584,1260,1287,1243,1514,1430,1127,1005,900,1109,1150,1327,1321,1331,961,962,796,800,943,0,0
2025,2025-11-22,Northbound,Heavy Vehicles,71,20,21,26,54,90,223,195,149,109,91,71,48,46,60,59,68,46,61,47,41,43,33,38,0,0
2025,2025-11-22,Northbound,All Vehicles,1042,223,156,125,240,674,1483,1482,1392,1623,1521,1198,1053,946,1169,1209,1395,1367,1392,1008,1003,839,833,981,0,0
2025,2025-11-23,Northbound,Heavy Vehicles,22,6,8,14,15,20,59,68,87,67,77,61,89,71,69,83,78,58,80,55,64,47,55,41,0,0
2025,2025-11-23,Northbound,Light Vehicles,487,252,128,88,132,327,598,608,957,1270,1390,1587,1493,1423,1420,1552,1434,1398,1296,1014,945,890,599,342,0,0
2025,2025-11-23,Northbound,All Vehicles,509,258,136,102,147,347,657,676,1044,1337,1467,1648,1582,1494,1489,1635,1512,1456,1376,1069,1009,937,654,383,0,0
2025,2025-11-24,Northbound,Heavy Vehicles,36,32,41,47,102,249,307,230,199,241,256,207,209,197,121,145,107,106,112,72,65,62,53,47,0,0
2025,2025-11-24,Northbound,Light Vehicles,163,113,87,123,373,1241,1681,1015,1247,1412,1214,1059,1229,1267,749,1083,871,512,672,935,900,748,495,302,0,0
2025,2025-11-24,Northbound,All Vehicles,199,145,128,170,475,1490,1988,1245,1446,1653,1470,1266,1438,1464,870,1228,978,618,784,1007,965,810,548,349,0,0
2025,2025-11-25,Northbound,Light Vehicles,141,89,70,121,354,1251,1684,1006,1497,1308,1304,1243,1285,1316,1132,986,928,529,767,899,895,836,825,1199,0,0
2025,2025-11-25,Northbound,Heavy Vehicles,36,33,40,61,115,236,359,180,188,250,242,241,232,204,159,133,89,64,92,79,88,70,80,149,0,0
2025,2025-11-25,Northbound,All Vehicles,177,122,110,182,469,1487,2043,1186,1685,1558,1546,1484,1517,1520,1291,1119,1017,593,859,978,983,906,905,1348,0,0
2025,2025-11-26,Northbound,Heavy Vehicles,62,36,44,58,116,209,249,161,125,147,180,201,181,94,87,96,72,64,76,58,88,82,66,53,0,0
2025,2025-11-26,Northbound,Light Vehicles,368,112,76,111,270,859,1107,548,722,889,941,942,893,348,283,270,536,327,485,779,673,685,575,299,0,0
2025,2025-11-26,Northbound,All Vehicles,430,148,120,169,386,1068,1356,709,847,1036,1121,1143,1074,442,370,366,608,391,561,837,761,767,641,352,0,0
2025,2025-11-27,Northbound,Heavy Vehicles,48,32,51,62,131,229,340,220,156,252,227,264,215,272,194,162,139,130,149,113,82,80,63,53,0,0
2025,2025-11-27,Northbound,Light Vehicles,192,110,77,133,362,1279,1775,1152,1182,1532,1169,1269,1304,1475,1403,1350,1153,896,913,1007,1018,969,712,361,0,0
2025,2025-11-27,Northbound,All Vehicles,240,142,128,195,493,1508,2115,1372,1338,1784,1396,1533,1519,1747,1597,1512,1292,1026,1062,1120,1100,1049,775,414,0,0
2025,2025-11-28,Northbound,Heavy Vehicles,38,46,51,61,116,183,299,218,212,213,177,150,156,108,90,104,97,76,78,68,69,65,63,46,0,0
2025,2025-11-28,Northbound,Light Vehicles,200,113,79,126,315,887,1363,1083,1140,1150,1046,850,748,728,955,829,1018,1119,1086,906,926,913,971,497,0,0
2025,2025-11-28,Northbound,All Vehicles,238,159,130,187,431,1070,1662,1301,1352,1363,1223,1000,904,836,1045,933,1115,1195,1164,974,995,978,1034,543,0,0
2025,2025-11-29,Northbound,Heavy Vehicles,48,32,21,31,56,83,239,200,175,123,124,102,95,108,95,86,98,76,80,81,57,69,61,29,0,0
2025,2025-11-29,Northbound,Light Vehicles,365,144,111,119,187,542,1427,1250,1424,1745,1814,1689,1518,1794,1563,1741,1764,1476,1519,1096,1070,1053,1274,824,0,0
2025,2025-11-29,Northbound,All Vehicles,413,176,132,150,243,625,1666,1450,1599,1868,1938,1791,1613,1902,1658,1827,1862,1552,1599,1177,1127,1122,1335,853,0,0
2025,2025-11-30,Northbound,Light Vehicles,487,262,146,113,141,315,718,710,987,1491,1732,1576,1912,1721,1520,1723,1724,1387,1184,1134,937,919,670,322,0,0
2025,2025-11-30,Northbound,Heavy Vehicles,21,15,9,12,14,21,65,102,101,84,77,96,87,90,84,97,97,75,74,80,78,70,40,33,0,0
2025,2025-11-30,Northbound,All Vehicles,508,277,155,125,155,336,783,812,1088,1575,1809,1672,1999,1811,1604,1820,1821,1462,1258,1214,1015,989,710,355,0,0
2025,2025-12-02,Northbound,Heavy Vehicles,48,36,40,64,111,252,323,230,181,241,288,245,236,189,192,176,127,116,97,87,87,79,81,55,0,0
2025,2025-12-02,Northbound,Light Vehicles,187,67,68,123,311,1129,1764,1367,1428,1417,1396,1300,1243,1222,1182,1239,1409,1270,1364,985,852,898,645,638,0,0
2025,2025-12-02,Northbound,All Vehicles,235,103,108,187,422,1381,2087,1597,1609,1658,1684,1545,1479,1411,1374,1415,1536,1386,1461,1072,939,977,726,693,0,0
2025,2025-12-03,Northbound,Light Vehicles,197,103,74,129,351,1232,1670,1103,1631,1438,1355,1218,1188,1354,1338,1360,1375,1253,1331,1014,867,882,657,599,0,0
2025,2025-12-03,Northbound,Heavy Vehicles,43,42,59,66,140,239,314,207,261,258,278,250,246,198,202,159,139,98,95,88,99,63,63,58,0,0
2025,2025-12-03,Northbound,All Vehicles,240,145,133,195,491,1471,1984,1310,1892,1696,1633,1468,1434,1552,1540,1519,1514,1351,1426,1102,966,945,720,657,0,0
2025,2025-12-04,Northbound,Light Vehicles,195,112,86,130,358,1257,1832,1259,1466,1496,1292,1421,1234,1333,1302,1248,1417,1447,1420,1055,1028,978,676,373,0,0
2025,2025-12-04,Northbound,Heavy Vehicles,48,36,46,65,124,253,362,231,198,239,262,235,216,217,171,151,125,126,121,88,86,89,58,42,0,0
2025,2025-12-04,Northbound,All Vehicles,243,148,132,195,482,1510,2194,1490,1664,1735,1554,1656,1450,1550,1473,1399,1542,1573,1541,1143,1114,1067,734,415,0,0
2025,2025-12-05,Northbound,Heavy Vehicles,38,40,52,66,129,242,334,284,205,202,238,214,218,205,165,162,131,91,89,69,67,79,51,54,0,0
2025,2025-12-05,Northbound,Light Vehicles,186,107,83,115,330,1229,1732,1287,1314,1162,1171,1266,1360,1444,1294,1373,1410,1311,1147,1010,908,931,811,739,0,0
2025,2025-12-05,Northbound,All Vehicles,224,147,135,181,459,1471,2066,1571,1519,1364,1409,1480,1578,1649,1459,1535,1541,1402,1236,1079,975,1010,862,793,0,0
2025,2025-12-06,Northbound,Light Vehicles,426,198,140,119,248,663,1373,1294,1448,1668,1680,1599,1639,1749,1499,1732,1434,1515,1326,1089,920,1064,1336,1107,0,0
2025,2025-12-06,Northbound,Heavy Vehicles,45,36,26,37,49,113,246,203,198,114,123,113,98,87,91,98,84,85,76,55,47,56,67,46,0,0
2025,2025-12-06,Northbound,All Vehicles,471,234,166,156,297,776,1619,1497,1646,1782,1803,1712,1737,1836,1590,1830,1518,1600,1402,1144,967,1120,1403,1153,0,0
2025,2025-12-07,Northbound,Light Vehicles,406,213,126,108,124,320,690,734,1036,1344,1500,1499,1750,1691,1497,1647,1620,1455,1229,939,919,911,938,476,0,0
2025,2025-12-07,Northbound,Heavy Vehicles,26,16,14,16,16,29,72,105,105,78,90,71,86,95,87,84,80,69,70,64,63,54,41,35,0,0
2025,2025-12-07,Northbound,All Vehicles,432,229,140,124,140,349,762,839,1141,1422,1590,1570,1836,1786,1584,1731,1700,1524,1299,1003,982,965,979,511,0,0
2025,2025-12-08,Northbound,Heavy Vehicles,41,30,44,50,118,219,365,251,196,236,225,265,202,156,146,175,151,111,93,85,69,78,45,45,0,0
2025,2025-12-08,Northbound,Light Vehicles,185,116,82,110,344,1239,1927,1354,1543,1510,1238,1256,1220,1254,1260,1374,1558,1406,1283,915,832,776,572,296,0,0
2025,2025-12-08,Northbound,All Vehicles,226,146,126,160,462,1458,2292,1605,1739,1746,1463,1521,1422,1410,1406,1549,1709,1517,1376,1000,901,854,617,341,0,0
2025,2025-12-09,Northbound,Light Vehicles,156,86,79,146,327,1176,1723,1391,1476,1584,1124,1140,1156,1383,1241,1369,1322,895,1296,992,910,849,1116,455,0,0
2025,2025-12-09,Northbound,Heavy Vehicles,36,34,45,58,130,247,365,293,228,272,236,262,208,232,161,182,139,70,85,76,80,55,77,54,0,0
2025,2025-12-09,Northbound,All Vehicles,192,120,124,204,457,1423,2088,1684,1704,1856,1360,1402,1364,1615,1402,1551,1461,965,1381,1068,990,904,1193,509,0,0
2025,2025-12-10,Northbound,Heavy Vehicles,49,40,42,72,133,234,369,278,209,212,256,222,217,171,148,136,133,98,97,73,77,65,57,44,0,0
2025,2025-12-10,Northbound,Light Vehicles,192,101,91,121,358,1182,1800,1331,1662,1521,1183,1145,1237,1254,1185,1268,1418,1185,1315,938,864,802,599,348,0,0
2025,2025-12-10,Northbound,All Vehicles,241,141,133,193,491,1416,2169,1609,1871,1733,1439,1367,1454,1425,1333,1404,1551,1283,1412,1011,941,867,656,392,0,0
2025,2025-12-11,Northbound,Light Vehicles,186,77,90,118,321,1131,1573,1439,1445,1371,1221,1272,1312,1322,1211,1367,1325,1143,1336,1099,955,889,612,395,0,0
2025,2025-12-11,Northbound,Heavy Vehicles,30,29,52,57,126,226,326,296,191,248,235,229,229,222,160,156,130,71,107,71,71,59,57,42,0,0
2025,2025-12-11,Northbound,All Vehicles,216,106,142,175,447,1357,1899,1735,1636,1619,1456,1501,1541,1544,1371,1523,1455,1214,1443,1170,1026,948,669,437,0,0
2025,2025-12-12,Northbound,Heavy Vehicles,48,28,44,46,112,199,351,188,128,207,209,196,202,119,163,157,128,115,98,84,68,54,50,101,0,0
2025,2025-12-12,Northbound,Light Vehicles,240,110,80,132,326,1055,1697,946,1158,1233,1356,1286,1439,988,1335,1249,1485,1390,1137,1000,919,908,872,1247,0,0
2025,2025-12-12,Northbound,All Vehicles,288,138,124,178,438,1254,2048,1134,1286,1440,1565,1482,1641,1107,1498,1406,1613,1505,1235,1084,987,962,922,1348,0,0
2025,2025-12-13,Northbound,Light Vehicles,933,258,160,104,229,651,1459,1157,1375,1512,1500,1462,1158,1396,1239,672,547,897,1044,963,937,979,885,1206,0,0
2025,2025-12-13,Northbound,Heavy Vehicles,65,22,27,37,49,102,249,171,153,83,82,52,49,62,63,20,19,43,59,66,45,56,47,106,0,0
2025,2025-12-13,Northbound,All Vehicles,998,280,187,141,278,753,1708,1328,1528,1595,1582,1514,1207,1458,1302,692,566,940,1103,1029,982,1035,932,1312,0,0
2025,2025-12-14,Northbound,Heavy Vehicles,66,19,14,19,21,31,93,90,87,106,96,82,94,77,71,100,94,71,91,68,75,49,46,40,0,0
2025,2025-12-14,Northbound,Light Vehicles,1098,360,165,121,156,336,692,676,979,1552,1575,1563,1648,1516,1708,1656,1740,1587,1261,1040,984,964,729,392,0,0
2025,2025-12-14,Northbound,All Vehicles,1164,379,179,140,177,367,785,766,1066,1658,1671,1645,1742,1593,1779,1756,1834,1658,1352,1108,1059,1013,775,432,0,0
2025,2025-12-15,Northbound,Heavy Vehicles,37,23,50,43,106,224,381,269,230,255,228,244,204,214,168,164,126,98,102,84,68,75,56,46,0,0
2025,2025-12-15,Northbound,Light Vehicles,209,119,80,114,361,1151,1822,1285,1609,1464,1229,1265,1198,1335,1189,1271,1493,1298,1265,846,784,655,456,180,0,0
2025,2025-12-15,Northbound,All Vehicles,246,142,130,157,467,1375,2203,1554,1839,1719,1457,1509,1402,1549,1357,1435,1619,1396,1367,930,852,730,512,226,0,0
2025,2025-12-16,Northbound,Light Vehicles,136,61,53,71,274,1056,1349,1494,1362,1608,1215,1388,1460,1380,1363,1244,1312,1171,1339,1017,854,824,570,295,0,0
2025,2025-12-16,Northbound,Heavy Vehicles,41,38,48,50,116,227,290,289,191,253,218,231,224,193,182,163,124,101,95,68,80,63,71,46,0,0
2025,2025-12-16,Northbound,All Vehicles,177,99,101,121,390,1283,1639,1783,1553,1861,1433,1619,1684,1573,1545,1407,1436,1272,1434,1085,934,887,641,341,0,0
2025,2025-12-17,Northbound,Heavy Vehicles,40,32,47,59,130,225,336,277,219,260,238,268,200,154,219,158,126,95,83,77,78,71,54,45,0,0
2025,2025-12-17,Northbound,Light Vehicles,179,98,81,121,345,1160,1672,1505,1605,1500,1287,1427,1353,1288,1430,1354,1403,1289,1360,917,922,868,603,355,0,0
2025,2025-12-17,Northbound,All Vehicles,219,130,128,180,475,1385,2008,1782,1824,1760,1525,1695,1553,1442,1649,1512,1529,1384,1443,994,1000,939,657,400,0,0
2025,2025-12-18,Northbound,Light Vehicles,186,103,75,135,333,1124,1711,1497,1523,1362,1579,1407,1477,1359,1353,1319,1401,1460,1416,1172,986,947,662,396,0,0
2025,2025-12-18,Northbound,Heavy Vehicles,56,34,48,51,125,220,357,318,230,234,298,268,243,216,200,155,120,102,93,91,95,81,46,58,0,0
2025,2025-12-18,Northbound,All Vehicles,242,137,123,186,458,1344,2068,1815,1753,1596,1877,1675,1720,1575,1553,1474,1521,1562,1509,1263,1081,1028,708,454,0,0
2025,2025-12-19,Northbound,Light Vehicles,210,112,84,145,328,1039,1707,1514,1430,1469,1720,1373,1600,1460,1598,1418,1362,1385,1275,1113,968,918,745,521,0,0
2025,2025-12-19,Northbound,Heavy Vehicles,45,38,48,47,131,200,346,311,225,232,320,225,240,222,204,170,159,123,67,61,72,73,52,46,0,0
2025,2025-12-19,Northbound,All Vehicles,255,150,132,192,459,1239,2053,1825,1655,1701,2040,1598,1840,1682,1802,1588,1521,1508,1342,1174,1040,991,797,567,0,0
2025,2025-12-20,Northbound,Light Vehicles,290,186,142,147,245,627,1340,1213,1288,1631,1623,1718,1685,1475,1375,1578,1349,1596,1281,1153,996,1031,921,783,0,0
2025,2025-12-20,Northbound,Heavy Vehicles,39,16,26,28,54,94,245,198,177,132,136,113,119,98,85,106,98,89,81,66,53,50,52,43,0,0
2025,2025-12-20,Northbound,All Vehicles,329,202,168,175,299,721,1585,1411,1465,1763,1759,1831,1804,1573,1460,1684,1447,1685,1362,1219,1049,1081,973,826,0,0
2025,2025-12-21,Northbound,Light Vehicles,375,203,154,96,169,393,747,819,1097,1421,1646,1710,1693,1768,1520,1611,1455,1351,1277,986,911,849,657,393,0,0
2025,2025-12-21,Northbound,Heavy Vehicles,28,23,14,10,27,40,93,108,73,89,107,93,82,80,69,67,63,46,46,44,40,29,31,38,0,0
2025,2025-12-21,Northbound,All Vehicles,403,226,168,106,196,433,840,927,1170,1510,1753,1803,1775,1848,1589,1678,1518,1397,1323,1030,951,878,688,431,0,0
2025,2025-12-22,Northbound,Light Vehicles,178,129,87,123,280,817,1496,1389,1433,1263,1438,1282,1481,1369,1225,1431,1407,1465,1274,976,796,806,556,366,0,0
2025,2025-12-22,Northbound,Heavy Vehicles,25,28,45,41,82,173,310,282,219,190,224,191,187,180,117,130,109,112,83,82,67,64,47,33,0,0
2025,2025-12-22,Northbound,All Vehicles,203,157,132,164,362,990,1806,1671,1652,1453,1662,1473,1668,1549,1342,1561,1516,1577,1357,1058,863,870,603,399,0,0
2025,2025-12-23,Northbound,Heavy Vehicles,36,28,40,53,97,197,297,238,236,217,227,176,196,169,161,144,130,89,79,72,83,71,43,45,0,0
2025,2025-12-23,Northbound,Light Vehicles,197,137,89,134,271,823,1455,1242,1413,1613,1664,1476,1547,1474,1533,1469,1419,1535,1245,1127,904,860,675,425,0,0
2025,2025-12-23,Northbound,All Vehicles,233,165,129,187,368,1020,1752,1480,1649,1830,1891,1652,1743,1643,1694,1613,1549,1624,1324,1199,987,931,718,470,0,0
2025,2025-12-24,Northbound,Light Vehicles,237,134,109,141,272,646,1083,1030,1171,1463,1526,1573,1663,1371,1519,1553,1562,1305,1170,938,903,816,769,528,0,0
2025,2025-12-24,Northbound,Heavy Vehicles,34,26,37,53,104,141,240,184,172,171,167,140,132,105,105,101,100,74,77,64,53,52,49,25,0,0
2025,2025-12-24,Northbound,All Vehicles,271,160,146,194,376,787,1323,1214,1343,1634,1693,1713,1795,1476,1624,1654,1662,1379,1247,1002,956,868,818,553,0,0
2025,2025-12-25,Northbound,Light Vehicles,159,128,82,64,66,129,232,257,355,409,592,509,273,429,472,489,500,551,463,410,360,344,336,234,0,0
2025,2025-12-25,Northbound,Heavy Vehicles,7,4,1,19,15,9,24,16,10,16,19,14,8,12,18,13,20,19,13,18,10,10,6,8,0,0
2025,2025-12-25,Northbound,All Vehicles,166,132,83,83,81,138,256,273,365,425,611,523,281,441,490,502,520,570,476,428,370,354,342,242,0,0
2025,2025-12-26,Northbound,Light Vehicles,146,101,56,75,131,220,314,278,356,480,496,599,564,464,504,476,486,488,410,340,342,327,276,187,0,0
2025,2025-12-26,Northbound,Heavy Vehicles,9,7,9,32,16,29,33,35,32,27,26,23,30,20,20,22,18,16,23,16,18,17,14,16,0,0
2025,2025-12-26,Northbound,All Vehicles,155,108,65,107,147,249,347,313,388,507,522,622,594,484,524,498,504,504,433,356,360,344,290,203,0,0
2025,2025-12-27,Northbound,Heavy Vehicles,21,19,23,22,42,57,139,111,97,101,96,99,112,91,71,81,70,74,48,49,49,34,35,22,0,0
2025,2025-12-27,Northbound,Light Vehicles,231,153,109,116,277,571,914,822,1048,1395,1665,1566,1487,1501,1290,1383,1259,1276,1031,912,794,819,612,437,0,0
2025,2025-12-27,Northbound,All Vehicles,252,172,132,138,319,628,1053,933,1145,1496,1761,1665,1599,1592,1361,1464,1329,1350,1079,961,843,853,647,459,0,0
2025,2025-12-28,Northbound,Light Vehicles,277,195,96,99,188,400,676,653,911,1417,1385,1483,1418,1406,1372,1438,1421,1202,1025,898,769,760,600,378,0,0
2025,2025-12-28,Northbound,Heavy Vehicles,15,12,15,7,24,45,77,89,76,84,84,87,77,70,79,83,68,69,63,59,57,43,40,26,0,0
2025,2025-12-28,Northbound,All Vehicles,292,207,111,106,212,445,753,742,987,1501,1469,1570,1495,1476,1451,1521,1489,1271,1088,957,826,803,640,404,0,0
2025,2025-12-29,Northbound,Light Vehicles,229,121,87,92,210,655,1291,942,1099,791,1324,1334,1349,1376,1177,1457,1451,1392,1096,848,748,708,592,351,0,0
2025,2025-12-29,Northbound,Heavy Vehicles,27,23,31,40,69,112,195,181,177,114,127,117,136,115,75,110,85,83,48,60,47,47,47,31,0,0
2025,2025-12-29,Northbound,All Vehicles,256,144,118,132,279,767,1486,1123,1276,905,1451,1451,1485,1491,1252,1567,1536,1475,1144,908,795,755,639,382,0,0
2025,2025-12-30,Northbound,Light Vehicles,228,117,73,93,210,606,1179,998,1180,1375,1467,1496,1419,1443,1260,1451,1390,1209,1021,886,872,984,854,592,0,0
2025,2025-12-30,Northbound,Heavy Vehicles,31,35,36,38,93,109,196,190,174,134,145,126,125,115,88,113,84,66,72,64,47,55,64,33,0,0
2025,2025-12-30,Northbound,All Vehicles,259,152,109,131,303,715,1375,1188,1354,1509,1612,1622,1544,1558,1348,1564,1474,1275,1093,950,919,1039,918,625,0,0
2025,2025-12-31,Northbound,Light Vehicles,266,146,104,101,199,462,894,872,923,1138,1373,1429,1340,1353,1422,1509,1308,1146,1081,867,647,838,768,643,0,0
2025,2025-12-31,Northbound,Heavy Vehicles,39,19,43,42,95,98,160,164,140,138,145,98,123,88,93,81,78,55,51,35,29,44,26,27,0,0
2025,2025-12-31,Northbound,All Vehicles,305,165,147,143,294,560,1054,1036,1063,1276,1518,1527,1463,1441,1515,1590,1386,1201,1132,902,676,882,794,670,0,0
