year,date,cardinal_direction_seq,classification_seq,hour_00,hour_01,hour_02,hour_03,hour_04,hour_05,hour_06,hour_07,hour_08,hour_09,hour_10,hour_11,hour_12,hour_13,hour_14,hour_15,hour_16,hour_17,hour_18,hour_19,hour_20,hour_21,hour_22,hour_23,public_holiday,school_holiday
2024,2024-01-01,Southbound,Heavy Vehicles,8,7,7,6,4,5,4,4,8,5,10,9,7,6,15,13,10,5,9,6,6,13,10,9,0,0
2024,2024-01-01,Southbound,Light Vehicles,169,144,93,56,51,44,50,39,50,72,114,154,154,154,164,142,155,149,141,161,171,152,131,107,0,0
2024,2024-01-01,Southbound,All Vehicles,177,151,100,62,55,49,54,43,58,77,124,163,161,160,179,155,165,154,150,167,177,165,141,116,0,0
2024,2024-01-02,Southbound,Heavy Vehicles,6,4,2,7,6,10,28,31,25,21,29,23,25,24,23,18,15,11,12,13,10,11,12,17,0,0
2024,2024-01-02,Southbound,Light Vehicles,59,48,18,23,42,77,121,132,149,124,163,137,175,158,174,162,155,152,139,151,142,165,133,112,0,0
2024,2024-01-02,Southbound,All Vehicles,65,52,20,30,48,87,149,163,174,145,192,160,200,182,197,180,170,163,151,164,152,176,145,129,0,0
2024,2024-01-03,Southbound,Light Vehicles,81,41,23,28,48,79,146,140,131,150,142,134,175,168,176,154,151,157,161,145,153,177,156,102,0,0
2024,2024-01-03,Southbound,Heavy Vehicles,3,2,4,5,7,9,20,19,29,25,28,33,27,22,31,25,17,13,17,17,12,12,10,6,0,0
2024,2024-01-03,Southbound,All Vehicles,84,43,27,33,55,88,166,159,160,175,170,167,202,190,207,179,168,170,178,162,165,189,166,108,0,0
2024,2024-01-04,Southbound,Heavy Vehicles,5,5,5,10,12,20,29,39,48,66,49,44,46,43,54,38,30,18,27,20,25,15,19,11,0,0
2024,2024-01-04,Southbound,Light Vehicles,111,61,26,34,71,128,228,254,345,331,365,355,388,399,388,315,349,321,331,314,286,320,271,181,0,0
2024,2024-01-04,Southbound,All Vehicles,116,66,31,44,83,148,257,293,393,397,414,399,434,442,442,353,379,339,358,334,311,335,290,192,0,0
2024,2024-01-05,Southbound,Heavy Vehicles,,,3,3,4,7,10,17,23,18,23,22,22,30,31,20,25,16,14,13,8,12,15,4,0,0
2024,2024-01-05,Southbound,Light Vehicles,46,19,8,13,17,43,92,140,179,188,214,266,257,229,260,263,278,257,209,217,186,172,144,87,0,0
2024,2024-01-05,Southbound,All Vehicles,46,19,11,16,21,50,102,157,202,206,237,288,279,259,291,283,303,273,223,230,194,184,159,91,0,0
2024,2024-01-06,Southbound,Light Vehicles,157,95,50,48,50,71,189,198,299,311,414,387,392,410,377,342,410,379,405,373,363,349,361,242,0,0
2024,2024-01-06,Southbound,Heavy Vehicles,15,8,5,2,6,9,17,27,32,26,43,23,33,34,22,28,27,21,18,22,27,13,21,15,0,0
2024,2024-01-06,Southbound,All Vehicles,172,103,55,50,56,80,206,225,331,337,457,410,425,444,399,370,437,400,423,395,390,362,382,257,0,0
2024,2024-01-07,Southbound,Light Vehicles,189,104,65,42,37,75,138,186,264,339,421,434,403,390,374,344,351,361,364,350,323,294,260,158,0,0
2024,2024-01-07,Southbound,Heavy Vehicles,12,7,3,6,3,9,4,15,15,18,23,31,22,22,22,18,23,23,23,15,29,22,23,8,0,0
2024,2024-01-07,Southbound,All Vehicles,201,111,68,48,40,84,142,201,279,357,444,465,425,412,396,362,374,384,387,365,352,316,283,166,0,0
2024,2024-01-08,Southbound,Light Vehicles,92,47,22,37,77,143,322,343,396,381,400,354,403,364,414,402,457,412,348,323,296,264,239,150,0,0
2024,2024-01-08,Southbound,Heavy Vehicles,9,1,4,15,13,24,56,44,52,64,57,60,53,53,61,50,41,31,30,18,19,28,20,9,0,0
2024,2024-01-08,Southbound,All Vehicles,101,48,26,52,90,167,378,387,448,445,457,414,456,417,475,452,498,443,378,341,315,292,259,159,0,0
2024,2024-01-09,Southbound,Heavy Vehicles,8,8,9,7,12,26,48,39,46,66,55,65,60,45,58,44,43,42,40,43,21,18,19,9,0,0
2024,2024-01-09,Southbound,Light Vehicles,81,44,29,45,65,166,322,375,424,367,397,429,385,390,393,413,456,506,450,356,316,266,263,158,0,0
2024,2024-01-09,Southbound,All Vehicles,89,52,38,52,77,192,370,414,470,433,452,494,445,435,451,457,499,548,490,399,337,284,282,167,0,0
2024,2024-01-10,Southbound,Light Vehicles,99,43,37,35,70,187,347,385,420,382,392,399,415,418,412,431,442,457,396,363,328,336,297,161,0,0
2024,2024-01-10,Southbound,Heavy Vehicles,8,7,6,7,14,24,51,56,53,55,59,60,62,58,64,62,44,32,26,25,23,20,16,6,0,0
2024,2024-01-10,Southbound,All Vehicles,107,50,43,42,84,211,398,441,473,437,451,459,477,476,476,493,486,489,422,388,351,356,313,167,0,0
2024,2024-01-11,Southbound,Heavy Vehicles,5,4,5,5,15,16,61,48,57,49,65,58,57,65,65,56,36,39,25,30,15,22,16,18,0,0
2024,2024-01-11,Southbound,Light Vehicles,119,47,35,38,86,189,341,381,392,413,369,421,367,420,413,418,418,434,399,350,343,335,243,187,0,0
2024,2024-01-11,Southbound,All Vehicles,124,51,40,43,101,205,402,429,449,462,434,479,424,485,478,474,454,473,424,380,358,357,259,205,0,0
2024,2024-01-13,Southbound,Heavy Vehicles,12,5,4,4,7,10,26,32,35,28,30,30,33,46,33,21,31,23,32,23,19,27,23,12,0,0
2024,2024-01-13,Southbound,Light Vehicles,176,94,57,41,49,98,234,246,319,358,395,429,446,424,409,375,356,369,402,362,343,326,337,261,0,0
2024,2024-01-13,Southbound,All Vehicles,188,99,61,45,56,108,260,278,354,386,425,459,479,470,442,396,387,392,434,385,362,353,360,273,0,0
2024,2024-01-14,Southbound,Light Vehicles,193,100,60,40,52,73,149,174,265,345,411,411,439,381,385,386,380,324,399,297,320,294,233,150,0,0
2024,2024-01-14,Southbound,Heavy Vehicles,14,11,9,4,3,8,9,15,21,17,27,26,31,29,23,22,18,19,22,19,23,10,22,7,0,0
2024,2024-01-14,Southbound,All Vehicles,207,111,69,44,55,81,158,189,286,362,438,437,470,410,408,408,398,343,421,316,343,304,255,157,0,0
2024,2024-01-15,Southbound,Heavy Vehicles,5,5,10,11,10,22,45,53,52,68,79,62,59,62,54,57,42,36,36,29,12,19,15,9,0,0
2024,2024-01-15,Southbound,Light Vehicles,96,44,33,37,62,163,316,373,377,338,394,378,371,402,407,446,422,465,393,344,266,286,216,145,0,0
2024,2024-01-15,Southbound,All Vehicles,101,49,43,48,72,185,361,426,429,406,473,440,430,464,461,503,464,501,429,373,278,305,231,154,0,0
2024,2024-01-16,Southbound,Heavy Vehicles,8,7,6,6,12,24,53,62,50,63,81,75,60,95,64,40,41,32,31,29,23,28,16,5,0,0
2024,2024-01-16,Southbound,Light Vehicles,79,41,26,35,84,179,389,412,441,419,380,379,367,391,431,424,467,468,435,329,301,304,279,163,0,0
2024,2024-01-16,Southbound,All Vehicles,87,48,32,41,96,203,442,474,491,482,461,454,427,486,495,464,508,500,466,358,324,332,295,168,0,0
2024,2024-01-17,Southbound,Heavy Vehicles,5,3,7,9,8,18,54,57,66,80,65,67,61,61,55,69,49,27,27,42,26,26,25,7,0,0
2024,2024-01-17,Southbound,Light Vehicles,95,47,28,31,69,176,389,408,434,379,383,379,400,431,395,410,483,428,473,359,278,286,224,142,0,0
2024,2024-01-17,Southbound,All Vehicles,100,50,35,40,77,194,443,465,500,459,448,446,461,492,450,479,532,455,500,401,304,312,249,149,0,0
2024,2024-01-18,Southbound,Light Vehicles,56,31,19,23,53,112,227,168,151,146,160,170,129,135,161,181,164,167,176,154,159,177,177,123,0,0
2024,2024-01-18,Southbound,Heavy Vehicles,4,6,3,7,10,9,48,37,33,32,32,43,36,40,35,34,16,17,17,17,9,11,9,7,0,0
2024,2024-01-18,Southbound,All Vehicles,60,37,22,30,63,121,275,205,184,178,192,213,165,175,196,215,180,184,193,171,168,188,186,130,0,0
2024,2024-01-20,Southbound,Light Vehicles,163,97,51,35,58,107,248,271,388,372,427,452,449,460,405,406,409,470,435,387,371,355,336,268,0,0
2024,2024-01-20,Southbound,Heavy Vehicles,14,5,3,4,5,18,31,37,46,35,54,36,34,31,37,29,22,37,25,23,24,15,10,20,0,0
2024,2024-01-20,Southbound,All Vehicles,177,102,54,39,63,125,279,308,434,407,481,488,483,491,442,435,431,507,460,410,395,370,346,288,0,0
2024,2024-01-21,Southbound,Heavy Vehicles,18,4,2,4,5,4,8,11,19,26,17,33,23,28,13,24,20,20,28,21,32,20,13,17,0,0
2024,2024-01-21,Southbound,Light Vehicles,186,108,66,47,55,94,149,210,294,398,465,429,435,377,343,332,286,355,384,334,359,384,292,173,0,0
2024,2024-01-21,Southbound,All Vehicles,204,112,68,51,60,98,157,221,313,424,482,462,458,405,356,356,306,375,412,355,391,404,305,190,0,0
2024,2024-01-22,Southbound,Heavy Vehicles,5,6,5,6,14,26,67,45,49,71,78,71,79,66,68,65,50,40,29,38,18,16,18,6,0,0
2024,2024-01-22,Southbound,Light Vehicles,104,53,29,47,68,217,386,399,451,376,400,379,451,411,416,434,478,457,442,332,360,286,246,151,0,0
2024,2024-01-22,Southbound,All Vehicles,109,59,34,53,82,243,453,444,500,447,478,450,530,477,484,499,528,497,471,370,378,302,264,157,0,0
2024,2024-01-23,Southbound,Light Vehicles,106,42,29,38,62,211,409,461,436,445,416,392,365,455,449,455,508,514,443,355,322,357,264,158,0,0
2024,2024-01-23,Southbound,Heavy Vehicles,11,6,9,6,14,33,58,75,74,63,69,65,70,71,58,67,53,48,35,28,31,29,10,13,0,0
2024,2024-01-23,Southbound,All Vehicles,117,48,38,44,76,244,467,536,510,508,485,457,435,526,507,522,561,562,478,383,353,386,274,171,0,0
2024,2024-01-24,Southbound,Heavy Vehicles,9,6,10,5,11,27,59,62,75,71,69,72,61,57,81,64,50,50,36,24,23,17,17,10,0,0
2024,2024-01-24,Southbound,Light Vehicles,105,44,24,42,73,219,435,419,446,431,437,380,434,400,446,449,483,489,462,384,337,371,271,192,0,0
2024,2024-01-24,Southbound,All Vehicles,114,50,34,47,84,246,494,481,521,502,506,452,495,457,527,513,533,539,498,408,360,388,288,202,0,0
2024,2024-01-27,Southbound,Heavy Vehicles,,,,,,,,7,33,33,35,25,26,15,27,34,35,26,26,22,21,17,12,18,0,0
2024,2024-01-27,Southbound,Light Vehicles,,,,,,,,107,314,326,399,476,417,453,447,387,433,425,433,382,357,318,290,214,0,0
2024,2024-01-27,Southbound,All Vehicles,,,,,,,,114,347,359,434,501,443,468,474,421,468,451,459,404,378,335,302,232,0,0
2024,2024-01-28,Southbound,Heavy Vehicles,8,8,5,4,4,6,5,14,15,23,30,26,18,23,18,18,20,24,25,19,20,21,16,12,0,0
2024,2024-01-28,Southbound,Light Vehicles,172,129,81,46,55,85,139,149,270,351,400,428,435,436,352,382,407,395,394,377,327,356,281,189,0,0
2024,2024-01-28,Southbound,All Vehicles,180,137,86,50,59,91,144,163,285,374,430,454,453,459,370,400,427,419,419,396,347,377,297,201,0,0
2024,2024-01-29,Southbound,Light Vehicles,99,45,44,28,63,204,393,435,438,386,387,368,432,429,424,478,471,496,447,349,328,314,226,159,0,0
2024,2024-01-29,Southbound,Heavy Vehicles,9,3,6,5,10,29,62,59,75,74,67,71,67,63,66,52,54,33,28,42,27,21,16,7,0,0
2024,2024-01-29,Southbound,All Vehicles,108,48,50,33,73,233,455,494,513,460,454,439,499,492,490,530,525,529,475,391,355,335,242,166,0,0
2024,2024-01-30,Southbound,Light Vehicles,100,48,24,39,84,220,391,428,452,404,404,412,426,396,418,445,492,484,412,351,377,383,303,157,0,0
2024,2024-01-30,Southbound,Heavy Vehicles,3,6,2,9,10,35,66,71,71,65,70,77,61,57,59,69,44,35,36,34,24,21,8,14,0,0
2024,2024-01-30,Southbound,All Vehicles,103,54,26,48,94,255,457,499,523,469,474,489,487,453,477,514,536,519,448,385,401,404,311,171,0,0
2024,2024-01-31,Southbound,Light Vehicles,82,51,28,43,67,206,409,478,477,413,401,386,435,491,442,459,428,520,488,357,367,367,233,153,0,0
2024,2024-01-31,Southbound,Heavy Vehicles,8,4,7,13,13,27,48,66,74,84,85,93,70,68,71,70,47,42,41,20,26,28,8,11,0,0
2024,2024-01-31,Southbound,All Vehicles,90,55,35,56,80,233,457,544,551,497,486,479,505,559,513,529,475,562,529,377,393,395,241,164,0,0
2024,2024-02-01,Southbound,Heavy Vehicles,3,8,3,6,9,29,65,76,62,77,75,93,66,55,62,58,44,42,34,29,26,25,12,12,0,1
2024,2024-02-01,Southbound,Light Vehicles,98,39,31,39,69,218,388,466,510,449,418,403,401,455,443,490,512,444,394,377,360,339,265,170,0,1
2024,2024-02-01,Southbound,All Vehicles,101,47,34,45,78,247,453,542,572,526,493,496,467,510,505,548,556,486,428,406,386,364,277,182,0,1
2024,2024-02-02,Southbound,Light Vehicles,105,56,39,35,65,207,411,431,491,415,416,433,445,415,420,439,522,509,460,420,366,369,314,244,0,1
2024,2024-02-02,Southbound,Heavy Vehicles,10,6,5,8,18,25,51,68,65,89,97,61,78,70,76,66,57,41,37,31,17,17,23,13,0,1
2024,2024-02-02,Southbound,All Vehicles,115,62,44,43,83,232,462,499,556,504,513,494,523,485,496,505,579,550,497,451,383,386,337,257,0,1
2024,2024-02-03,Southbound,Light Vehicles,156,75,57,41,53,136,235,296,390,402,447,502,491,356,500,465,488,467,529,455,410,379,367,309,0,1
2024,2024-02-03,Southbound,Heavy Vehicles,6,5,4,6,6,19,25,38,51,34,49,35,37,30,39,28,23,32,27,29,17,22,26,23,0,1
2024,2024-02-03,Southbound,All Vehicles,162,80,61,47,59,155,260,334,441,436,496,537,528,386,539,493,511,499,556,484,427,401,393,332,0,1
2024,2024-02-04,Southbound,Heavy Vehicles,12,12,7,5,8,3,5,25,18,20,22,25,32,18,22,22,27,26,20,23,22,30,19,9,0,1
2024,2024-02-04,Southbound,Light Vehicles,179,118,78,55,47,85,152,214,316,387,420,423,422,390,412,405,374,386,385,347,327,401,286,203,0,1
2024,2024-02-04,Southbound,All Vehicles,191,130,85,60,55,88,157,239,334,407,442,448,454,408,434,427,401,412,405,370,349,431,305,212,0,1
2024,2024-02-05,Southbound,Heavy Vehicles,13,6,9,10,8,28,83,70,69,72,81,61,72,73,68,62,55,44,46,40,27,13,14,10,0,1
2024,2024-02-05,Southbound,Light Vehicles,88,55,28,39,84,217,407,447,495,428,381,427,418,374,476,450,498,507,462,353,338,284,186,156,0,1
2024,2024-02-05,Southbound,All Vehicles,101,61,37,49,92,245,490,517,564,500,462,488,490,447,544,512,553,551,508,393,365,297,200,166,0,1
2024,2024-02-06,Southbound,Heavy Vehicles,3,6,7,16,11,28,56,58,66,57,75,79,71,71,78,72,50,55,39,40,29,22,21,10,0,0
2024,2024-02-06,Southbound,Light Vehicles,68,49,22,29,54,184,328,413,529,504,430,408,414,454,443,436,486,512,491,418,363,358,257,143,0,0
2024,2024-02-06,Southbound,All Vehicles,71,55,29,45,65,212,384,471,595,561,505,487,485,525,521,508,536,567,530,458,392,380,278,153,0,0
2024,2024-02-07,Southbound,Heavy Vehicles,2,6,3,6,15,31,56,59,56,70,88,83,91,87,79,49,49,43,44,36,27,17,18,6,0,0
2024,2024-02-07,Southbound,Light Vehicles,84,41,32,36,62,209,405,478,508,505,428,434,393,465,467,449,536,553,516,442,351,378,257,134,0,0
2024,2024-02-07,Southbound,All Vehicles,86,47,35,42,77,240,461,537,564,575,516,517,484,552,546,498,585,596,560,478,378,395,275,140,0,0
2024,2024-02-08,Southbound,Heavy Vehicles,4,10,12,7,14,37,62,76,80,70,80,78,72,74,68,58,43,54,27,35,35,20,23,13,0,0
2024,2024-02-08,Southbound,Light Vehicles,87,53,35,34,78,214,441,461,542,476,411,437,417,459,459,452,512,513,458,436,406,379,264,162,0,0
2024,2024-02-08,Southbound,All Vehicles,91,63,47,41,92,251,503,537,622,546,491,515,489,533,527,510,555,567,485,471,441,399,287,175,0,0
2024,2024-02-09,Southbound,Heavy Vehicles,5,2,7,7,11,23,76,76,75,72,88,75,72,56,79,49,46,43,36,32,28,20,12,10,0,0
2024,2024-02-09,Southbound,Light Vehicles,90,39,35,43,72,188,427,437,492,437,460,466,457,480,472,438,528,492,491,491,384,382,334,265,0,0
2024,2024-02-09,Southbound,All Vehicles,95,41,42,50,83,211,503,513,567,509,548,541,529,536,551,487,574,535,527,523,412,402,346,275,0,0
2024,2024-02-10,Southbound,Heavy Vehicles,11,11,5,2,6,6,39,39,26,46,29,35,36,30,36,24,28,28,23,18,31,18,25,12,0,0
2024,2024-02-10,Southbound,Light Vehicles,198,144,47,46,54,99,216,258,358,419,431,498,475,484,513,433,461,517,466,424,401,422,363,319,0,0
2024,2024-02-10,Southbound,All Vehicles,209,155,52,48,60,105,255,297,384,465,460,533,511,514,549,457,489,545,489,442,432,440,388,331,0,0
2024,2024-02-11,Southbound,Light Vehicles,190,96,80,54,50,90,140,164,261,349,399,422,444,450,436,430,461,424,427,389,373,331,236,169,0,0
2024,2024-02-11,Southbound,Heavy Vehicles,17,10,11,6,5,4,16,11,19,17,37,18,25,20,28,22,21,13,23,24,21,13,19,9,0,0
2024,2024-02-11,Southbound,All Vehicles,207,106,91,60,55,94,156,175,280,366,436,440,469,470,464,452,482,437,450,413,394,344,255,178,0,0
2024,2024-02-12,Southbound,Heavy Vehicles,4,4,8,10,10,24,67,58,56,76,69,76,85,68,58,57,47,40,28,21,24,12,15,12,0,0
2024,2024-02-12,Southbound,Light Vehicles,96,61,24,43,76,193,424,484,494,404,410,404,375,383,476,437,519,462,440,378,308,301,218,137,0,0
2024,2024-02-12,Southbound,All Vehicles,100,65,32,53,86,217,491,542,550,480,479,480,460,451,534,494,566,502,468,399,332,313,233,149,0,0
2024,2024-02-13,Southbound,Light Vehicles,74,39,28,35,76,210,420,458,516,474,406,418,384,434,420,459,304,520,462,346,347,322,239,147,0,0
2024,2024-02-13,Southbound,Heavy Vehicles,5,5,4,6,8,28,69,57,71,90,68,82,64,66,79,60,61,27,37,36,25,22,17,13,0,0
2024,2024-02-13,Southbound,All Vehicles,79,44,32,41,84,238,489,515,587,564,474,500,448,500,499,519,365,547,499,382,372,344,256,160,0,0
2024,2024-02-14,Southbound,Light Vehicles,76,52,28,37,59,222,450,465,527,475,408,396,456,419,436,423,499,433,491,415,360,312,241,120,0,0
2024,2024-02-14,Southbound,Heavy Vehicles,8,2,2,9,9,22,67,61,65,74,81,76,57,68,65,51,48,54,45,35,17,15,12,16,0,0
2024,2024-02-14,Southbound,All Vehicles,84,54,30,46,68,244,517,526,592,549,489,472,513,487,501,474,547,487,536,450,377,327,253,136,0,0
2024,2024-02-15,Southbound,Light Vehicles,89,40,34,32,75,202,418,481,521,461,418,412,376,414,453,450,483,488,433,366,316,328,234,150,0,0
2024,2024-02-15,Southbound,Heavy Vehicles,7,9,2,7,14,28,81,62,54,65,84,73,75,78,56,59,46,36,37,30,27,16,20,7,0,0
2024,2024-02-15,Southbound,All Vehicles,96,49,36,39,89,230,499,543,575,526,502,485,451,492,509,509,529,524,470,396,343,344,254,157,0,0
2024,2024-02-16,Southbound,Light Vehicles,90,40,32,44,62,203,389,422,471,452,403,448,419,445,437,459,469,535,470,445,363,360,327,265,0,0
2024,2024-02-16,Southbound,Heavy Vehicles,8,1,2,10,12,25,58,71,76,74,74,73,55,72,60,64,67,31,35,40,24,21,21,18,0,0
2024,2024-02-16,Southbound,All Vehicles,98,41,34,54,74,228,447,493,547,526,477,521,474,517,497,523,536,566,505,485,387,381,348,283,0,0
2024,2024-02-17,Southbound,Heavy Vehicles,17,7,4,6,8,12,30,38,40,40,34,45,34,48,35,29,25,26,30,21,21,21,24,15,0,0
2024,2024-02-17,Southbound,Light Vehicles,132,87,52,32,53,130,231,316,408,448,461,492,504,515,443,450,464,498,444,404,378,393,380,304,0,0
2024,2024-02-17,Southbound,All Vehicles,149,94,56,38,61,142,261,354,448,488,495,537,538,563,478,479,489,524,474,425,399,414,404,319,0,0
2024,2024-02-18,Southbound,Heavy Vehicles,17,10,5,3,3,8,12,12,13,26,28,36,33,20,28,23,26,34,16,22,21,22,13,5,0,0
2024,2024-02-18,Southbound,Light Vehicles,189,107,65,47,47,104,174,171,309,366,444,494,466,437,414,412,377,404,399,349,339,309,269,137,0,0
2024,2024-02-18,Southbound,All Vehicles,206,117,70,50,50,112,186,183,322,392,472,530,499,457,442,435,403,438,415,371,360,331,282,142,0,0
2024,2024-02-19,Southbound,Heavy Vehicles,4,3,8,10,9,20,67,55,64,79,83,71,65,75,65,62,43,40,29,26,15,16,21,10,0,0
2024,2024-02-19,Southbound,Light Vehicles,78,43,34,38,72,211,368,443,513,418,392,384,409,453,423,356,437,419,452,318,292,278,211,141,0,0
2024,2024-02-19,Southbound,All Vehicles,82,46,42,48,81,231,435,498,577,497,475,455,474,528,488,418,480,459,481,344,307,294,232,151,0,0
2024,2024-02-20,Southbound,Heavy Vehicles,9,6,5,6,11,23,56,71,67,76,85,66,66,82,75,72,51,37,38,30,1,11,5,4,0,0
2024,2024-02-20,Southbound,Light Vehicles,84,38,29,37,73,225,385,466,562,477,422,441,351,407,419,452,520,471,469,349,33,7,1,2,0,0
2024,2024-02-20,Southbound,All Vehicles,93,44,34,43,84,248,441,537,629,553,507,507,417,489,494,524,571,508,507,379,34,18,6,6,0,0
2024,2024-02-21,Southbound,Light Vehicles,2,23,30,32,71,190,395,458,529,448,470,419,435,454,439,446,469,523,495,434,195,4,1,2,0,0
2024,2024-02-21,Southbound,Heavy Vehicles,1,4,3,6,11,31,57,68,62,88,72,66,80,73,81,60,59,40,42,42,10,3,2,1,0,0
2024,2024-02-21,Southbound,All Vehicles,3,27,33,38,82,221,452,526,591,536,542,485,515,527,520,506,528,563,537,476,205,7,3,3,0,0
2024,2024-02-22,Southbound,Light Vehicles,,,1,1,67,224,448,495,521,494,421,412,427,435,477,465,403,509,459,428,109,1,3,1,0,0
2024,2024-02-22,Southbound,Heavy Vehicles,2,2,1,2,14,18,54,62,67,90,75,77,82,74,70,52,44,36,39,28,10,,1,,0,0
2024,2024-02-22,Southbound,All Vehicles,2,2,2,3,81,242,502,557,588,584,496,489,509,509,547,517,447,545,498,456,119,1,4,1,0,0
2024,2024-02-23,Southbound,Light Vehicles,,,6,42,69,207,401,484,520,472,452,447,401,430,442,404,512,478,536,464,409,340,360,243,0,0
2024,2024-02-23,Southbound,Heavy Vehicles,,,2,7,18,22,66,70,70,74,80,69,69,62,70,59,43,50,36,37,25,18,13,21,0,0
2024,2024-02-23,Southbound,All Vehicles,,,8,49,87,229,467,554,590,546,532,516,470,492,512,463,555,528,572,501,434,358,373,264,0,0
2024,2024-02-24,Southbound,Heavy Vehicles,10,7,5,2,5,14,25,36,36,37,29,38,28,39,41,35,26,28,25,21,30,17,20,12,0,0
2024,2024-02-24,Southbound,Light Vehicles,162,84,47,43,44,111,249,302,382,396,471,450,533,527,491,487,483,498,515,432,407,370,339,280,0,0
2024,2024-02-24,Southbound,All Vehicles,172,91,52,45,49,125,274,338,418,433,500,488,561,566,532,522,509,526,540,453,437,387,359,292,0,0
2024,2024-02-25,Southbound,Heavy Vehicles,9,8,5,3,3,8,11,13,19,21,27,31,23,30,35,28,28,29,22,27,14,19,17,14,0,0
2024,2024-02-25,Southbound,Light Vehicles,237,106,71,41,50,94,146,218,301,384,459,451,498,463,433,384,411,422,397,371,342,331,296,175,0,0
2024,2024-02-25,Southbound,All Vehicles,246,114,76,44,53,102,157,231,320,405,486,482,521,493,468,412,439,451,419,398,356,350,313,189,0,0
2024,2024-02-26,Southbound,Heavy Vehicles,10,10,6,4,8,18,71,63,72,87,96,86,76,92,79,46,53,42,35,34,12,17,22,14,0,0
2024,2024-02-26,Southbound,Light Vehicles,116,40,32,35,77,195,457,505,520,454,415,373,430,477,488,443,477,502,463,404,340,284,209,134,0,0
2024,2024-02-26,Southbound,All Vehicles,126,50,38,39,85,213,528,568,592,541,511,459,506,569,567,489,530,544,498,438,352,301,231,148,0,0
2024,2024-02-27,Southbound,Heavy Vehicles,7,5,7,7,11,25,52,73,66,65,85,74,66,63,65,56,54,45,31,31,33,23,16,13,0,0
2024,2024-02-27,Southbound,Light Vehicles,97,52,30,34,76,223,418,472,505,400,428,462,411,378,415,428,432,484,501,374,341,318,220,120,0,0
2024,2024-02-27,Southbound,All Vehicles,104,57,37,41,87,248,470,545,571,465,513,536,477,441,480,484,486,529,532,405,374,341,236,133,0,0
2024,2024-02-28,Southbound,Light Vehicles,80,30,36,53,70,215,423,483,455,475,463,456,414,441,489,481,460,472,526,393,375,349,262,142,0,0
2024,2024-02-28,Southbound,Heavy Vehicles,8,8,7,7,12,22,55,52,58,76,74,79,56,63,74,52,43,40,39,35,17,22,17,10,0,0
2024,2024-02-28,Southbound,All Vehicles,88,38,43,60,82,237,478,535,513,551,537,535,470,504,563,533,503,512,565,428,392,371,279,152,0,0
2024,2024-02-29,Southbound,Light Vehicles,92,53,26,54,98,218,384,502,483,472,469,411,431,465,465,489,448,465,485,364,352,340,223,151,0,0
2024,2024-02-29,Southbound,Heavy Vehicles,11,6,5,11,14,16,68,52,63,70,77,69,72,77,63,50,48,41,35,33,21,18,15,18,0,0
2024,2024-02-29,Southbound,All Vehicles,103,59,31,65,112,234,452,554,546,542,546,480,503,542,528,539,496,506,520,397,373,358,238,169,0,0
2024,2024-03-01,Southbound,Heavy Vehicles,5,4,7,8,11,18,66,63,67,75,77,79,71,68,69,46,37,42,37,37,21,18,9,10,0,0
2024,2024-03-01,Southbound,Light Vehicles,104,48,30,48,75,218,424,471,486,395,425,458,434,447,428,451,465,466,513,476,373,393,327,242,0,0
2024,2024-03-01,Southbound,All Vehicles,109,52,37,56,86,236,490,534,553,470,502,537,505,515,497,497,502,508,550,513,394,411,336,252,0,0
2024,2024-03-02,Southbound,Light Vehicles,170,75,62,56,49,120,231,292,386,441,507,531,509,472,508,495,493,526,509,427,347,359,317,273,0,0
2024,2024-03-02,Southbound,Heavy Vehicles,12,6,5,5,6,17,26,37,34,42,40,37,33,34,44,29,37,28,37,29,14,19,22,17,0,0
2024,2024-03-02,Southbound,All Vehicles,182,81,67,61,55,137,257,329,420,483,547,568,542,506,552,524,530,554,546,456,361,378,339,290,0,0
2024,2024-03-03,Southbound,Light Vehicles,199,114,67,49,48,91,140,207,311,429,466,514,515,505,434,431,445,479,440,370,374,337,234,165,0,0
2024,2024-03-03,Southbound,Heavy Vehicles,16,12,11,,5,10,4,15,17,19,22,19,22,23,29,24,20,29,23,29,25,14,11,9,0,0
2024,2024-03-03,Southbound,All Vehicles,215,126,78,49,53,101,144,222,328,448,488,533,537,528,463,455,465,508,463,399,399,351,245,174,0,0
2024,2024-03-04,Southbound,Light Vehicles,90,44,28,35,79,211,406,479,525,441,389,395,411,406,457,465,455,491,476,349,337,315,223,119,0,0
2024,2024-03-04,Southbound,Heavy Vehicles,6,10,6,8,13,24,68,49,61,74,83,62,69,71,59,55,65,44,32,46,35,19,23,10,0,0
2024,2024-03-04,Southbound,All Vehicles,96,54,34,43,92,235,474,528,586,515,472,457,480,477,516,520,520,535,508,395,372,334,246,129,0,0
2024,2024-03-05,Southbound,Heavy Vehicles,7,4,9,2,11,32,58,65,63,70,88,71,55,76,81,63,54,47,39,35,35,23,17,14,0,0
2024,2024-03-05,Southbound,Light Vehicles,64,44,30,37,81,227,375,465,499,433,442,408,394,409,462,424,487,471,466,441,357,364,226,152,0,0
2024,2024-03-05,Southbound,All Vehicles,71,48,39,39,92,259,433,530,562,503,530,479,449,485,543,487,541,518,505,476,392,387,243,166,0,0
2024,2024-03-06,Southbound,Heavy Vehicles,9,7,3,6,11,24,59,64,60,63,88,78,75,71,72,61,38,28,25,32,22,18,19,12,0,0
2024,2024-03-06,Southbound,Light Vehicles,89,43,37,33,93,221,386,476,483,471,414,412,425,468,451,422,500,444,463,397,390,365,255,144,0,0
2024,2024-03-06,Southbound,All Vehicles,98,50,40,39,104,245,445,540,543,534,502,490,500,539,523,483,538,472,488,429,412,383,274,156,0,0
2024,2024-03-07,Southbound,Light Vehicles,84,43,24,35,81,213,447,482,469,421,429,423,429,460,502,416,484,494,425,423,377,397,252,153,0,0
2024,2024-03-07,Southbound,Heavy Vehicles,9,5,9,8,16,18,81,71,67,56,80,80,68,59,51,51,45,29,37,38,17,15,14,15,0,0
2024,2024-03-07,Southbound,All Vehicles,93,48,33,43,97,231,528,553,536,477,509,503,497,519,553,467,529,523,462,461,394,412,266,168,0,0
2024,2024-03-08,Southbound,Heavy Vehicles,8,8,8,5,8,25,64,78,64,81,78,66,83,61,66,54,47,44,38,33,20,19,23,9,0,0
2024,2024-03-08,Southbound,Light Vehicles,90,45,32,45,90,217,431,485,484,450,425,457,442,429,486,468,454,529,466,436,419,396,379,259,0,0
2024,2024-03-08,Southbound,All Vehicles,98,53,40,50,98,242,495,563,548,531,503,523,525,490,552,522,501,573,504,469,439,415,402,268,0,0
2024,2024-03-09,Southbound,Light Vehicles,152,78,65,43,59,120,240,268,407,468,419,493,511,539,504,438,462,472,459,449,409,349,318,263,0,0
2024,2024-03-09,Southbound,Heavy Vehicles,12,10,5,1,7,20,28,37,38,33,42,37,40,37,39,26,30,28,34,19,22,25,19,7,0,0
2024,2024-03-09,Southbound,All Vehicles,164,88,70,44,66,140,268,305,445,501,461,530,551,576,543,464,492,500,493,468,431,374,337,270,0,0
2024,2024-03-10,Southbound,Light Vehicles,193,111,88,43,53,76,118,164,304,378,427,448,499,468,409,454,381,456,408,399,396,365,227,160,0,0
2024,2024-03-10,Southbound,Heavy Vehicles,9,11,10,1,4,3,7,18,18,21,22,27,30,28,21,34,26,29,26,24,18,12,17,16,0,0
2024,2024-03-10,Southbound,All Vehicles,202,122,98,44,57,79,125,182,322,399,449,475,529,496,430,488,407,485,434,423,414,377,244,176,0,0
2024,2024-03-11,Southbound,Light Vehicles,95,49,30,43,77,215,446,510,504,409,368,409,394,362,454,419,425,493,420,388,382,285,264,146,0,0
2024,2024-03-11,Southbound,Heavy Vehicles,10,7,4,9,9,23,53,74,67,67,69,70,62,78,60,49,54,40,38,28,19,18,24,9,0,0
2024,2024-03-11,Southbound,All Vehicles,105,56,34,52,86,238,499,584,571,476,437,479,456,440,514,468,479,533,458,416,401,303,288,155,0,0
2024,2024-03-12,Southbound,Heavy Vehicles,9,3,6,10,17,30,63,72,67,74,86,69,67,66,68,61,29,41,35,25,26,24,20,18,0,0
2024,2024-03-12,Southbound,Light Vehicles,96,62,35,52,99,241,484,401,524,451,420,351,386,430,460,453,470,506,438,325,375,385,304,176,0,0
2024,2024-03-12,Southbound,All Vehicles,105,65,41,62,116,271,547,473,591,525,506,420,453,496,528,514,499,547,473,350,401,409,324,194,0,0
2024,2024-03-13,Southbound,Light Vehicles,106,77,50,41,83,219,439,453,471,410,419,436,412,436,482,478,412,491,466,343,367,324,313,178,0,0
2024,2024-03-13,Southbound,Heavy Vehicles,11,7,3,6,14,22,63,68,51,71,66,78,76,84,68,58,51,47,39,21,26,22,21,18,0,0
2024,2024-03-13,Southbound,All Vehicles,117,84,53,47,97,241,502,521,522,481,485,514,488,520,550,536,463,538,505,364,393,346,334,196,0,0
2024,2024-03-14,Southbound,Light Vehicles,98,65,49,52,87,205,414,492,496,420,412,462,451,463,462,433,398,440,430,358,364,363,285,182,0,0
2024,2024-03-14,Southbound,Heavy Vehicles,8,8,7,7,16,34,62,63,70,77,91,80,77,68,72,50,61,36,29,19,23,25,12,10,0,0
2024,2024-03-14,Southbound,All Vehicles,106,73,56,59,103,239,476,555,566,497,503,542,528,531,534,483,459,476,459,377,387,388,297,192,0,0
2024,2024-03-15,Southbound,Heavy Vehicles,8,11,2,3,14,30,74,66,72,72,87,70,65,65,65,60,46,48,32,23,19,22,9,15,0,0
2024,2024-03-15,Southbound,Light Vehicles,112,58,44,44,75,210,437,430,450,442,401,392,389,483,475,441,492,458,514,401,430,359,345,293,0,0
2024,2024-03-15,Southbound,All Vehicles,120,69,46,47,89,240,511,496,522,514,488,462,454,548,540,501,538,506,546,424,449,381,354,308,0,0
2024,2024-03-16,Southbound,Heavy Vehicles,12,5,6,2,3,17,28,37,37,32,38,45,26,27,34,44,18,29,26,27,20,23,23,14,0,0
2024,2024-03-16,Southbound,Light Vehicles,216,118,70,62,75,142,235,261,385,436,455,490,506,515,455,445,501,447,511,350,357,331,365,307,0,0
2024,2024-03-16,Southbound,All Vehicles,228,123,76,64,78,159,263,298,422,468,493,535,532,542,489,489,519,476,537,377,377,354,388,321,0,0
2024,2024-03-17,Southbound,Light Vehicles,253,144,102,66,69,79,118,157,232,301,400,430,441,435,336,446,406,444,432,313,407,321,265,219,0,0
2024,2024-03-17,Southbound,Heavy Vehicles,23,18,8,5,7,10,9,11,11,15,27,20,27,25,25,22,22,24,20,20,19,15,14,9,0,0
2024,2024-03-17,Southbound,All Vehicles,276,162,110,71,76,89,127,168,243,316,427,450,468,460,361,468,428,468,452,333,426,336,279,228,0,0
2024,2024-03-18,Southbound,Heavy Vehicles,4,7,5,10,8,27,62,55,61,73,84,76,57,64,77,45,51,41,31,23,24,13,17,8,0,0
2024,2024-03-18,Southbound,Light Vehicles,133,56,38,49,89,233,395,435,455,390,398,356,408,420,404,411,465,473,467,305,363,294,237,164,0,0
2024,2024-03-18,Southbound,All Vehicles,137,63,43,59,97,260,457,490,516,463,482,432,465,484,481,456,516,514,498,328,387,307,254,172,0,0
2024,2024-03-19,Southbound,Heavy Vehicles,11,8,5,8,11,25,61,55,52,76,64,61,78,63,63,55,53,33,30,23,26,22,20,5,0,0
2024,2024-03-19,Southbound,Light Vehicles,105,66,39,49,88,198,444,415,495,420,375,369,388,408,422,452,483,451,455,317,354,325,279,188,0,0
2024,2024-03-19,Southbound,All Vehicles,116,74,44,57,99,223,505,470,547,496,439,430,466,471,485,507,536,484,485,340,380,347,299,193,0,0
2024,2024-03-20,Southbound,Light Vehicles,114,72,45,51,95,210,420,434,502,414,358,388,399,425,403,444,447,471,457,317,398,357,298,165,0,0
2024,2024-03-20,Southbound,Heavy Vehicles,4,8,4,6,11,32,60,63,60,65,61,77,65,62,65,45,52,41,39,29,19,20,19,17,0,0
2024,2024-03-20,Southbound,All Vehicles,118,80,49,57,106,242,480,497,562,479,419,465,464,487,468,489,499,512,496,346,417,377,317,182,0,0
2024,2024-03-21,Southbound,Light Vehicles,103,59,41,45,92,226,416,460,484,418,418,416,436,444,455,426,427,446,482,335,387,364,308,236,0,0
2024,2024-03-21,Southbound,Heavy Vehicles,14,6,2,4,20,30,67,58,57,65,63,65,67,79,67,45,31,44,31,31,16,27,22,9,0,0
2024,2024-03-21,Southbound,All Vehicles,117,65,43,49,112,256,483,518,541,483,481,481,503,523,522,471,458,490,513,366,403,391,330,245,0,0
2024,2024-03-22,Southbound,Heavy Vehicles,13,5,2,2,12,23,66,68,61,55,57,72,60,66,48,52,55,51,31,29,25,18,29,19,0,0
2024,2024-03-22,Southbound,Light Vehicles,135,67,51,48,74,217,387,423,463,401,390,416,428,446,520,423,484,458,526,361,402,372,369,330,0,0
2024,2024-03-22,Southbound,All Vehicles,148,72,53,50,86,240,453,491,524,456,447,488,488,512,568,475,539,509,557,390,427,390,398,349,0,0
2024,2024-03-23,Southbound,Light Vehicles,180,124,83,71,69,119,247,248,368,376,404,472,462,534,494,464,492,428,501,387,370,387,375,330,0,0
2024,2024-03-23,Southbound,Heavy Vehicles,11,6,5,5,6,17,30,37,43,40,34,48,41,49,41,35,30,15,37,18,15,11,24,19,0,0
2024,2024-03-23,Southbound,All Vehicles,191,130,88,76,75,136,277,285,411,416,438,520,503,583,535,499,522,443,538,405,385,398,399,349,0,0
2024,2024-03-24,Southbound,Light Vehicles,214,149,84,60,66,88,154,168,292,363,452,450,461,451,411,442,466,436,473,326,370,372,266,214,0,0
2024,2024-03-24,Southbound,Heavy Vehicles,16,11,1,4,6,10,11,12,9,28,20,28,25,23,24,25,31,23,31,25,22,30,22,14,0,0
2024,2024-03-24,Southbound,All Vehicles,230,160,85,64,72,98,165,180,301,391,472,478,486,474,435,467,497,459,504,351,392,402,288,228,0,0
2024,2024-03-25,Southbound,Light Vehicles,126,64,48,56,75,218,401,477,508,367,391,395,416,400,389,464,497,447,475,297,362,347,264,173,0,0
2024,2024-03-25,Southbound,Heavy Vehicles,13,10,4,8,12,25,53,67,70,67,95,76,65,65,62,57,47,43,33,34,29,28,22,19,0,0
2024,2024-03-25,Southbound,All Vehicles,139,74,52,64,87,243,454,544,578,434,486,471,481,465,451,521,544,490,508,331,391,375,286,192,0,0
2024,2024-03-26,Southbound,Light Vehicles,112,57,35,65,73,244,420,431,441,405,401,400,402,405,477,449,442,426,502,329,427,350,315,166,0,0
2024,2024-03-26,Southbound,Heavy Vehicles,10,6,5,5,14,35,57,73,58,65,79,67,77,78,67,43,36,33,34,27,33,22,24,20,0,0
2024,2024-03-26,Southbound,All Vehicles,122,63,40,70,87,279,477,504,499,470,480,467,479,483,544,492,478,459,536,356,460,372,339,186,0,0
2024,2024-03-27,Southbound,Light Vehicles,130,67,48,45,87,210,395,413,494,417,389,439,393,433,464,439,482,526,497,374,416,367,282,208,0,0
2024,2024-03-27,Southbound,Heavy Vehicles,10,8,11,7,13,17,74,69,71,68,72,77,72,75,61,61,46,46,32,24,37,25,22,13,0,0
2024,2024-03-27,Southbound,All Vehicles,140,75,59,52,100,227,469,482,565,485,461,516,465,508,525,500,528,572,529,398,453,392,304,221,0,0
2024,2024-03-28,Southbound,Light Vehicles,124,68,48,49,94,215,413,424,413,413,402,433,458,465,442,467,445,434,526,338,428,422,380,263,0,0
2024,2024-03-28,Southbound,Heavy Vehicles,11,10,7,10,14,23,66,63,55,70,72,87,69,62,71,45,50,40,29,29,20,32,17,16,0,0
2024,2024-03-28,Southbound,All Vehicles,135,78,55,59,108,238,479,487,468,483,474,520,527,527,513,512,495,474,555,367,448,454,397,279,0,0
2024,2024-03-29,Southbound,Heavy Vehicles,12,7,1,5,6,6,9,15,9,18,17,10,13,13,15,16,17,12,12,5,10,19,11,15,0,0
2024,2024-03-29,Southbound,Light Vehicles,111,77,71,52,41,56,93,97,98,152,143,176,215,171,172,181,171,173,201,148,201,161,176,149,0,0
2024,2024-03-29,Southbound,All Vehicles,123,84,72,57,47,62,102,112,107,170,160,186,228,184,187,197,188,185,213,153,211,180,187,164,0,0
2024,2024-03-30,Southbound,Heavy Vehicles,13,13,6,5,10,12,13,29,26,37,29,21,27,27,20,24,30,24,33,20,17,20,19,23,0,0
2024,2024-03-30,Southbound,Light Vehicles,195,130,66,66,61,89,158,182,287,356,372,438,426,436,407,397,455,433,502,355,387,383,386,286,0,0
2024,2024-03-30,Southbound,All Vehicles,208,143,72,71,71,101,171,211,313,393,401,459,453,463,427,421,485,457,535,375,404,403,405,309,0,0
2024,2024-03-31,Southbound,Light Vehicles,228,157,107,82,67,90,118,157,201,343,387,443,430,394,335,381,409,390,434,323,381,387,367,249,0,0
2024,2024-03-31,Southbound,Heavy Vehicles,14,8,8,8,7,8,6,11,10,12,15,25,22,33,27,20,20,21,31,15,23,20,23,15,0,0
2024,2024-03-31,Southbound,All Vehicles,242,165,115,90,74,98,124,168,211,355,402,468,452,427,362,401,429,411,465,338,404,407,390,264,0,0
2024,2024-04-01,Southbound,Light Vehicles,128,74,56,47,43,62,92,85,102,119,162,165,164,192,146,178,166,166,181,163,167,191,158,104,0,0
2024,2024-04-01,Southbound,Heavy Vehicles,8,10,5,5,5,13,10,15,12,9,13,15,14,11,10,9,12,11,9,9,6,12,11,12,0,0
2024,2024-04-01,Southbound,All Vehicles,136,84,61,52,48,75,102,100,114,128,175,180,178,203,156,187,178,177,190,172,173,203,169,116,0,0
2024,2024-04-02,Southbound,Light Vehicles,98,81,44,47,82,205,416,424,493,413,377,406,439,404,420,429,440,412,442,305,428,323,263,181,0,0
2024,2024-04-02,Southbound,Heavy Vehicles,13,8,5,4,13,26,46,60,70,76,72,89,77,55,55,57,44,37,43,22,27,21,17,13,0,0
2024,2024-04-02,Southbound,All Vehicles,111,89,49,51,95,231,462,484,563,489,449,495,516,459,475,486,484,449,485,327,455,344,280,194,0,0
2024,2024-04-03,Southbound,Heavy Vehicles,9,9,6,11,14,27,63,60,49,71,74,67,84,67,65,51,57,40,28,30,20,22,18,14,0,0
2024,2024-04-03,Southbound,Light Vehicles,121,84,58,56,91,234,407,458,467,447,389,381,423,428,474,425,453,505,519,339,418,337,282,173,0,0
2024,2024-04-03,Southbound,All Vehicles,130,93,64,67,105,261,470,518,516,518,463,448,507,495,539,476,510,545,547,369,438,359,300,187,0,0
2024,2024-04-04,Southbound,Heavy Vehicles,10,8,7,12,13,35,69,53,56,65,67,74,75,61,66,58,60,36,43,26,42,28,20,6,0,0
2024,2024-04-04,Southbound,Light Vehicles,111,82,56,58,72,228,417,415,466,418,372,405,420,459,419,447,452,493,428,311,360,357,263,182,0,0
2024,2024-04-04,Southbound,All Vehicles,121,90,63,70,85,263,486,468,522,483,439,479,495,520,485,505,512,529,471,337,402,385,283,188,0,0
2024,2024-04-05,Southbound,Heavy Vehicles,9,7,5,8,16,21,52,62,46,57,76,74,45,69,55,50,43,39,40,31,34,32,25,20,0,0
2024,2024-04-05,Southbound,Light Vehicles,128,66,44,68,78,206,347,352,415,341,330,408,388,389,444,404,354,447,442,286,322,279,310,249,0,0
2024,2024-04-05,Southbound,All Vehicles,137,73,49,76,94,227,399,414,461,398,406,482,433,458,499,454,397,486,482,317,356,311,335,269,0,0
2024,2024-04-06,Southbound,Light Vehicles,161,105,60,67,57,123,234,256,346,391,415,492,469,528,514,456,471,509,534,395,413,391,386,312,0,0
2024,2024-04-06,Southbound,Heavy Vehicles,17,13,12,10,11,11,27,21,39,32,23,34,37,29,41,38,24,26,42,19,32,19,25,17,0,0
2024,2024-04-06,Southbound,All Vehicles,178,118,72,77,68,134,261,277,385,423,438,526,506,557,555,494,495,535,576,414,445,410,411,329,0,0
2024,2024-04-07,Southbound,Light Vehicles,105,61,,,,,,,,,,244,288,215,273,259,257,280,195,217,170,172,90,46,0,0
2024,2024-04-07,Southbound,Heavy Vehicles,7,,,,,,,,,,,12,13,16,11,9,6,13,9,15,14,12,5,1,0,0
2024,2024-04-07,Southbound,All Vehicles,112,61,,,,,,,,,,256,301,231,284,268,263,293,204,232,184,184,95,47,0,0
2024,2024-04-08,Southbound,Light Vehicles,116,78,41,61,82,217,462,441,505,376,421,419,389,413,461,460,450,467,420,444,345,336,229,186,0,0
2024,2024-04-08,Southbound,Heavy Vehicles,14,10,4,9,18,26,64,71,52,65,76,73,81,65,65,57,44,40,18,30,21,26,18,13,0,0
2024,2024-04-08,Southbound,All Vehicles,130,88,45,70,100,243,526,512,557,441,497,492,470,478,526,517,494,507,438,474,366,362,247,199,0,0
2024,2024-04-09,Southbound,Light Vehicles,94,63,31,53,100,243,415,449,481,406,421,447,394,456,467,406,433,443,440,402,346,297,234,181,0,0
2024,2024-04-09,Southbound,Heavy Vehicles,10,6,8,5,8,24,55,64,56,62,73,54,78,72,58,52,46,33,34,35,24,19,16,13,0,0
2024,2024-04-09,Southbound,All Vehicles,104,69,39,58,108,267,470,513,537,468,494,501,472,528,525,458,479,476,474,437,370,316,250,194,0,0
2024,2024-04-10,Southbound,Light Vehicles,105,66,45,52,81,224,407,672,483,381,405,439,453,489,440,502,494,511,441,424,372,371,235,157,0,0
2024,2024-04-10,Southbound,Heavy Vehicles,7,8,7,10,15,18,52,52,66,53,64,60,70,51,63,62,51,47,30,34,22,26,19,8,0,0
2024,2024-04-10,Southbound,All Vehicles,112,74,52,62,96,242,459,724,549,434,469,499,523,540,503,564,545,558,471,458,394,397,254,165,0,0
2024,2024-04-11,Southbound,Light Vehicles,96,65,29,49,93,229,424,438,470,411,428,455,430,464,463,450,481,468,456,414,374,328,264,165,0,0
2024,2024-04-11,Southbound,Heavy Vehicles,9,7,3,9,20,21,63,56,60,57,77,64,76,73,55,70,55,40,31,30,22,22,19,9,0,0
2024,2024-04-11,Southbound,All Vehicles,105,72,32,58,113,250,487,494,530,468,505,519,506,537,518,520,536,508,487,444,396,350,283,174,0,0
2024,2024-04-12,Southbound,Heavy Vehicles,6,6,3,5,13,25,59,63,55,76,64,75,59,61,67,62,47,41,37,29,17,21,25,12,0,0
2024,2024-04-12,Southbound,Light Vehicles,101,61,40,54,78,207,420,436,447,463,457,453,466,490,482,509,547,562,524,513,369,346,320,228,0,0
2024,2024-04-12,Southbound,All Vehicles,107,67,43,59,91,232,479,499,502,539,521,528,525,551,549,571,594,603,561,542,386,367,345,240,0,0
2024,2024-04-13,Southbound,Heavy Vehicles,8,8,1,4,4,13,30,37,28,45,37,49,40,45,37,33,23,35,22,26,23,23,18,20,0,0
2024,2024-04-13,Southbound,Light Vehicles,153,79,55,56,53,120,256,283,424,408,536,529,601,593,558,533,644,604,663,541,418,361,335,239,0,0
2024,2024-04-13,Southbound,All Vehicles,161,87,56,60,57,133,286,320,452,453,573,578,641,638,595,566,667,639,685,567,441,384,353,259,0,0
2024,2024-04-14,Southbound,Heavy Vehicles,1,1,1,1,,3,3,3,7,16,5,12,6,16,16,8,16,17,11,15,12,2,,1,0,0
2024,2024-04-14,Southbound,Light Vehicles,58,41,24,17,9,21,60,74,145,232,238,323,308,335,283,274,314,311,331,255,234,6,8,17,0,0
2024,2024-04-14,Southbound,All Vehicles,59,42,25,18,9,24,63,77,152,248,243,335,314,351,299,282,330,328,342,270,246,8,8,18,0,0
2024,2024-04-15,Southbound,Heavy Vehicles,6,6,5,8,12,27,69,59,68,71,77,64,58,52,57,62,41,34,37,28,18,16,18,14,0,0
2024,2024-04-15,Southbound,Light Vehicles,90,43,24,58,79,214,473,439,441,407,418,423,434,427,457,453,434,433,512,389,305,274,232,136,0,0
2024,2024-04-15,Southbound,All Vehicles,96,49,29,66,91,241,542,498,509,478,495,487,492,479,514,515,475,467,549,417,323,290,250,150,0,0
2024,2024-04-16,Southbound,Heavy Vehicles,6,7,8,10,12,24,76,55,71,68,74,71,76,79,70,74,68,38,28,30,18,20,14,5,0,0
2024,2024-04-16,Southbound,Light Vehicles,86,41,28,44,71,226,447,413,440,414,447,406,442,441,448,460,470,497,471,375,320,350,199,132,0,0
2024,2024-04-16,Southbound,All Vehicles,92,48,36,54,83,250,523,468,511,482,521,477,518,520,518,534,538,535,499,405,338,370,213,137,0,0
2024,2024-04-17,Southbound,Light Vehicles,84,43,31,46,68,207,417,447,438,429,393,399,423,465,444,463,467,458,459,404,302,340,260,154,0,0
2024,2024-04-17,Southbound,Heavy Vehicles,7,2,7,5,10,21,77,72,65,72,67,63,64,70,63,52,51,44,30,28,14,20,16,10,0,0
2024,2024-04-17,Southbound,All Vehicles,91,45,38,51,78,228,494,519,503,501,460,462,487,535,507,515,518,502,489,432,316,360,276,164,0,0
2024,2024-04-18,Southbound,Heavy Vehicles,7,10,4,8,18,28,62,61,59,77,60,67,79,70,72,66,67,35,36,21,29,18,10,7,0,0
2024,2024-04-18,Southbound,Light Vehicles,92,41,25,48,70,210,433,426,496,435,373,461,415,480,457,446,489,518,469,396,324,299,233,172,0,0
2024,2024-04-18,Southbound,All Vehicles,99,51,29,56,88,238,495,487,555,512,433,528,494,550,529,512,556,553,505,417,353,317,243,179,0,0
2024,2024-04-19,Southbound,Heavy Vehicles,7,2,7,3,12,25,82,61,58,72,83,79,72,69,68,64,57,42,30,32,22,24,15,13,0,0
2024,2024-04-19,Southbound,Light Vehicles,75,50,33,49,71,205,447,425,418,425,426,456,431,493,479,435,469,490,504,450,336,315,280,226,0,0
2024,2024-04-19,Southbound,All Vehicles,82,52,40,52,83,230,529,486,476,497,509,535,503,562,547,499,526,532,534,482,358,339,295,239,0,0
2024,2024-04-20,Southbound,Light Vehicles,152,77,68,38,55,106,252,263,389,392,465,515,525,472,474,508,456,435,482,388,336,330,320,230,0,0
2024,2024-04-20,Southbound,Heavy Vehicles,11,6,6,2,8,11,34,38,37,43,39,41,39,28,44,35,21,27,30,16,15,13,14,14,0,0
2024,2024-04-20,Southbound,All Vehicles,163,83,74,40,63,117,286,301,426,435,504,556,564,500,518,543,477,462,512,404,351,343,334,244,0,0
2024,2024-04-21,Southbound,Light Vehicles,172,103,54,58,40,96,163,194,322,374,513,447,486,507,464,444,465,500,488,374,306,319,243,141,0,0
2024,2024-04-21,Southbound,Heavy Vehicles,7,8,6,2,2,7,10,17,19,44,26,28,21,28,30,28,24,28,31,23,17,11,17,7,0,0
2024,2024-04-21,Southbound,All Vehicles,179,111,60,60,42,103,173,211,341,418,539,475,507,535,494,472,489,528,519,397,323,330,260,148,0,0
2024,2024-04-22,Southbound,Heavy Vehicles,9,5,4,9,16,24,63,67,66,63,88,73,79,64,86,56,49,38,49,38,19,18,18,10,0,0
2024,2024-04-22,Southbound,Light Vehicles,98,44,31,39,86,211,444,467,478,433,433,433,451,447,457,453,453,448,423,416,336,267,207,132,0,0
2024,2024-04-22,Southbound,All Vehicles,107,49,35,48,102,235,507,534,544,496,521,506,530,511,543,509,502,486,472,454,355,285,225,142,0,0
2024,2024-04-23,Southbound,Light Vehicles,80,51,20,48,80,221,445,432,465,437,448,414,448,477,467,465,466,475,447,379,325,284,245,161,0,0
2024,2024-04-23,Southbound,Heavy Vehicles,5,4,4,8,15,25,72,67,57,98,87,78,72,76,83,56,47,33,32,31,19,21,21,9,0,0
2024,2024-04-23,Southbound,All Vehicles,85,55,24,56,95,246,517,499,522,535,535,492,520,553,550,521,513,508,479,410,344,305,266,170,0,0
2024,2024-04-24,Southbound,Light Vehicles,112,48,24,45,87,227,417,452,442,420,445,461,445,515,407,460,370,484,527,424,373,327,246,197,0,0
2024,2024-04-24,Southbound,Heavy Vehicles,9,6,7,5,14,20,79,68,81,66,86,85,69,75,71,72,44,40,38,30,19,18,22,16,0,0
2024,2024-04-24,Southbound,All Vehicles,121,54,31,50,101,247,496,520,523,486,531,546,514,590,478,532,414,524,565,454,392,345,268,213,0,0
2024,2024-04-25,Southbound,Heavy Vehicles,9,5,2,2,7,8,12,15,24,11,22,17,9,15,13,12,10,10,14,3,11,14,14,5,0,0
2024,2024-04-25,Southbound,Light Vehicles,87,61,36,26,34,53,101,118,113,142,188,182,224,209,200,195,180,191,161,168,174,173,129,93,0,0
2024,2024-04-25,Southbound,All Vehicles,96,66,38,28,41,61,113,133,137,153,210,199,233,224,213,207,190,201,175,171,185,187,143,98,0,0
2024,2024-04-26,Southbound,Heavy Vehicles,7,3,3,10,10,26,86,72,73,60,68,51,53,64,61,59,49,34,26,32,22,17,17,12,0,0
2024,2024-04-26,Southbound,Light Vehicles,92,49,22,38,67,187,491,547,549,491,464,520,449,497,521,479,487,510,511,398,318,339,297,229,0,0
2024,2024-04-26,Southbound,All Vehicles,99,52,25,48,77,213,577,619,622,551,532,571,502,561,582,538,536,544,537,430,340,356,314,241,0,0
2024,2024-04-27,Southbound,Light Vehicles,140,77,59,42,52,109,240,253,392,411,522,546,495,499,496,470,481,505,476,385,341,339,299,236,0,0
2024,2024-04-27,Southbound,Heavy Vehicles,7,4,4,7,5,14,28,30,40,37,36,47,33,25,32,33,20,30,19,32,19,10,12,12,0,0
2024,2024-04-27,Southbound,All Vehicles,147,81,63,49,57,123,268,283,432,448,558,593,528,524,528,503,501,535,495,417,360,349,311,248,0,0
2024,2024-04-28,Southbound,Heavy Vehicles,10,5,5,3,3,5,14,12,24,25,25,23,32,27,34,22,37,19,22,28,13,22,14,6,0,0
2024,2024-04-28,Southbound,Light Vehicles,140,91,56,53,42,87,167,197,314,414,498,479,506,491,469,404,412,498,439,347,314,252,240,145,0,0
2024,2024-04-28,Southbound,All Vehicles,150,96,61,56,45,92,181,209,338,439,523,502,538,518,503,426,449,517,461,375,327,274,254,151,0,0
2024,2024-04-29,Southbound,Heavy Vehicles,7,4,7,7,17,26,86,49,53,69,77,81,70,67,63,61,50,35,33,35,19,19,22,7,0,0
2024,2024-04-29,Southbound,Light Vehicles,83,41,33,42,81,201,420,467,481,392,377,447,443,409,437,434,489,405,462,380,254,230,180,106,0,0
2024,2024-04-29,Southbound,All Vehicles,90,45,40,49,98,227,506,516,534,461,454,528,513,476,500,495,539,440,495,415,273,249,202,113,0,0
2024,2024-04-30,Southbound,Light Vehicles,72,42,28,29,84,219,444,426,538,444,454,425,415,446,481,415,497,452,492,383,326,302,191,139,0,0
2024,2024-04-30,Southbound,Heavy Vehicles,5,5,5,11,10,34,70,62,62,69,79,80,65,75,65,54,68,32,31,28,23,16,16,5,0,0
2024,2024-04-30,Southbound,All Vehicles,77,47,33,40,94,253,514,488,600,513,533,505,480,521,546,469,565,484,523,411,349,318,207,144,0,0
2024,2024-05-01,Southbound,Light Vehicles,79,39,24,33,89,225,414,458,536,447,438,424,435,465,455,399,453,479,469,378,322,315,236,145,0,0
2024,2024-05-01,Southbound,Heavy Vehicles,6,6,5,7,11,32,78,74,61,60,98,67,75,65,62,50,44,29,35,22,18,15,18,6,0,0
2024,2024-05-01,Southbound,All Vehicles,85,45,29,40,100,257,492,532,597,507,536,491,510,530,517,449,497,508,504,400,340,330,254,151,0,0
2024,2024-05-02,Southbound,Heavy Vehicles,7,7,2,7,12,26,71,65,74,67,75,71,86,71,65,57,50,51,33,31,16,13,16,12,0,0
2024,2024-05-02,Southbound,Light Vehicles,75,37,22,38,87,212,446,500,497,435,383,442,389,436,500,406,447,484,464,395,303,306,219,161,0,0
2024,2024-05-02,Southbound,All Vehicles,82,44,24,45,99,238,517,565,571,502,458,513,475,507,565,463,497,535,497,426,319,319,235,173,0,0
2024,2024-05-03,Southbound,Light Vehicles,81,43,37,35,74,209,451,468,456,403,393,429,404,443,471,464,488,446,468,376,313,312,251,192,0,0
2024,2024-05-03,Southbound,Heavy Vehicles,7,6,6,9,12,24,59,77,56,74,82,71,63,64,60,45,39,40,33,27,15,22,15,13,0,0
2024,2024-05-03,Southbound,All Vehicles,88,49,43,44,86,233,510,545,512,477,475,500,467,507,531,509,527,486,501,403,328,334,266,205,0,0
2024,2024-05-04,Southbound,Heavy Vehicles,8,5,7,5,4,13,26,40,37,33,41,40,45,33,30,36,31,29,30,27,13,14,16,16,0,0
2024,2024-05-04,Southbound,Light Vehicles,126,69,55,46,50,105,229,247,414,495,547,484,497,556,485,512,454,528,554,454,326,330,305,186,0,0
2024,2024-05-04,Southbound,All Vehicles,134,74,62,51,54,118,255,287,451,528,588,524,542,589,515,548,485,557,584,481,339,344,321,202,0,0
2024,2024-05-05,Southbound,Heavy Vehicles,15,11,6,5,5,8,15,18,16,23,27,14,34,24,20,19,13,21,31,27,19,21,17,14,0,0
2024,2024-05-05,Southbound,Light Vehicles,168,103,89,49,38,87,140,140,262,376,404,433,453,472,382,439,277,436,427,332,303,281,195,118,0,0
2024,2024-05-05,Southbound,All Vehicles,183,114,95,54,43,95,155,158,278,399,431,447,487,496,402,458,290,457,458,359,322,302,212,132,0,0
2024,2024-05-06,Southbound,Heavy Vehicles,8,7,5,10,11,26,70,52,62,70,84,76,67,62,66,55,55,35,32,24,16,16,10,14,0,0
2024,2024-05-06,Southbound,Light Vehicles,69,42,24,41,82,205,391,432,474,409,400,458,426,468,464,445,476,447,445,354,297,253,155,120,0,0
2024,2024-05-06,Southbound,All Vehicles,77,49,29,51,93,231,461,484,536,479,484,534,493,530,530,500,531,482,477,378,313,269,165,134,0,0
2024,2024-05-07,Southbound,Light Vehicles,71,37,32,38,79,212,418,454,565,421,416,444,402,449,404,444,489,457,493,362,290,266,227,139,0,0
2024,2024-05-07,Southbound,Heavy Vehicles,10,7,4,6,15,25,63,72,75,71,79,79,83,66,59,46,46,51,29,35,25,20,21,7,0,0
2024,2024-05-07,Southbound,All Vehicles,81,44,36,44,94,237,481,526,640,492,495,523,485,515,463,490,535,508,522,397,315,286,248,146,0,0
2024,2024-05-08,Southbound,Heavy Vehicles,5,11,3,6,14,29,67,50,60,53,70,58,83,74,76,55,49,43,38,18,23,16,14,15,0,0
2024,2024-05-08,Southbound,Light Vehicles,61,49,28,35,80,208,420,469,482,426,395,405,405,433,502,453,459,480,491,359,285,292,252,130,0,0
2024,2024-05-08,Southbound,All Vehicles,66,60,31,41,94,237,487,519,542,479,465,463,488,507,578,508,508,523,529,377,308,308,266,145,0,0
2024,2024-05-09,Southbound,Heavy Vehicles,6,5,3,12,15,19,64,54,58,61,65,80,74,85,64,64,34,44,38,23,24,23,13,17,0,0
2024,2024-05-09,Southbound,Light Vehicles,47,43,33,39,75,216,427,446,518,403,433,407,434,411,463,457,489,467,415,358,329,318,223,137,0,0
2024,2024-05-09,Southbound,All Vehicles,53,48,36,51,90,235,491,500,576,464,498,487,508,496,527,521,523,511,453,381,353,341,236,154,0,0
2024,2024-05-10,Southbound,Heavy Vehicles,4,4,6,8,12,30,59,72,68,64,82,58,61,59,55,51,42,38,25,23,30,20,17,12,0,0
2024,2024-05-10,Southbound,Light Vehicles,79,45,31,52,78,205,397,427,486,434,434,446,416,469,455,449,477,470,437,411,331,356,308,229,0,0
2024,2024-05-10,Southbound,All Vehicles,83,49,37,60,90,235,456,499,554,498,516,504,477,528,510,500,519,508,462,434,361,376,325,241,0,0
2024,2024-05-11,Southbound,Light Vehicles,149,77,49,50,62,102,204,253,358,426,462,471,486,501,444,460,476,514,502,407,335,266,264,237,0,0
2024,2024-05-11,Southbound,Heavy Vehicles,15,9,3,10,6,15,21,33,27,36,23,35,40,27,26,30,34,21,28,27,22,29,15,20,0,0
2024,2024-05-11,Southbound,All Vehicles,164,86,52,60,68,117,225,286,385,462,485,506,526,528,470,490,510,535,530,434,357,295,279,257,0,0
2024,2024-05-12,Southbound,Light Vehicles,147,106,58,47,50,86,127,160,235,384,436,445,508,502,482,503,482,488,490,342,372,277,222,118,0,0
2024,2024-05-12,Southbound,Heavy Vehicles,9,10,2,3,1,5,13,11,17,22,26,26,19,22,16,26,30,27,26,22,27,13,15,6,0,0
2024,2024-05-12,Southbound,All Vehicles,156,116,60,50,51,91,140,171,252,406,462,471,527,524,498,529,512,515,516,364,399,290,237,124,0,0
2024,2024-05-13,Southbound,Heavy Vehicles,3,10,6,6,11,29,65,67,69,68,87,60,69,76,72,48,44,33,36,35,22,19,12,8,0,0
2024,2024-05-13,Southbound,Light Vehicles,87,46,23,42,85,190,422,449,495,425,398,400,404,438,439,449,491,487,466,388,265,292,217,116,0,0
2024,2024-05-13,Southbound,All Vehicles,90,56,29,48,96,219,487,516,564,493,485,460,473,514,511,497,535,520,502,423,287,311,229,124,0,0
2024,2024-05-14,Southbound,Light Vehicles,70,60,26,46,78,232,464,451,550,392,444,397,437,487,472,447,428,422,497,382,291,270,208,133,0,0
2024,2024-05-14,Southbound,Heavy Vehicles,7,8,9,6,12,25,77,61,56,69,76,84,77,74,68,56,62,36,45,37,17,15,18,5,0,0
2024,2024-05-14,Southbound,All Vehicles,77,68,35,52,90,257,541,512,606,461,520,481,514,561,540,503,490,458,542,419,308,285,226,138,0,0
2024,2024-05-15,Southbound,Light Vehicles,73,31,37,35,83,204,447,470,529,457,423,434,418,475,453,421,490,467,494,373,323,319,199,139,0,0
2024,2024-05-15,Southbound,Heavy Vehicles,7,6,3,8,17,28,73,66,60,74,76,99,75,59,65,39,48,51,40,41,27,22,13,10,0,0
2024,2024-05-15,Southbound,All Vehicles,80,37,40,43,100,232,520,536,589,531,499,533,493,534,518,460,538,518,534,414,350,341,212,149,0,0
2024,2024-05-16,Southbound,Light Vehicles,84,27,25,41,90,211,449,453,524,401,396,434,414,456,484,413,460,548,478,421,327,330,233,136,0,0
2024,2024-05-16,Southbound,Heavy Vehicles,8,5,2,8,16,26,67,60,65,74,84,85,74,71,75,61,67,32,39,30,19,21,11,12,0,0
2024,2024-05-16,Southbound,All Vehicles,92,32,27,49,106,237,516,513,589,475,480,519,488,527,559,474,527,580,517,451,346,351,244,148,0,0
2024,2024-05-17,Southbound,Light Vehicles,78,41,36,47,84,230,415,407,471,470,438,471,427,495,469,434,476,426,466,470,376,373,302,221,0,0
2024,2024-05-17,Southbound,Heavy Vehicles,6,2,6,4,11,29,68,69,55,53,86,60,68,59,62,56,54,24,26,39,19,20,13,7,0,0
2024,2024-05-17,Southbound,All Vehicles,84,43,42,51,95,259,483,476,526,523,524,531,495,554,531,490,530,450,492,509,395,393,315,228,0,0
2024,2024-05-18,Southbound,Light Vehicles,132,95,47,35,52,124,236,299,459,534,521,537,602,528,478,426,461,492,471,377,297,286,314,259,0,0
2024,2024-05-18,Southbound,Heavy Vehicles,13,9,3,3,2,19,29,36,39,46,48,46,48,40,35,23,31,31,21,22,16,15,18,17,0,0
2024,2024-05-18,Southbound,All Vehicles,145,104,50,38,54,143,265,335,498,580,569,583,650,568,513,449,492,523,492,399,313,301,332,276,0,0
2024,2024-05-19,Southbound,Heavy Vehicles,11,8,5,2,5,6,8,13,21,23,23,32,27,25,27,22,32,35,21,23,23,21,10,5,0,0
2024,2024-05-19,Southbound,Light Vehicles,158,96,51,51,44,93,135,205,318,447,493,449,480,512,496,468,488,488,469,372,332,296,215,112,0,0
2024,2024-05-19,Southbound,All Vehicles,169,104,56,53,49,99,143,218,339,470,516,481,507,537,523,490,520,523,490,395,355,317,225,117,0,0
2024,2024-05-20,Southbound,Heavy Vehicles,10,5,7,8,11,25,72,58,62,69,66,70,56,80,72,52,44,43,39,25,15,14,10,10,0,0
2024,2024-05-20,Southbound,Light Vehicles,81,47,24,47,72,201,415,438,568,458,401,417,421,475,454,424,454,425,436,326,310,282,181,118,0,0
2024,2024-05-20,Southbound,All Vehicles,91,52,31,55,83,226,487,496,630,527,467,487,477,555,526,476,498,468,475,351,325,296,191,128,0,0
2024,2024-05-21,Southbound,Light Vehicles,56,43,32,41,81,228,442,500,559,449,462,425,467,477,462,435,473,468,516,394,317,251,194,138,0,0
2024,2024-05-21,Southbound,Heavy Vehicles,6,8,12,6,12,31,51,67,62,76,89,89,67,65,72,43,57,39,46,37,19,8,18,4,0,0
2024,2024-05-21,Southbound,All Vehicles,62,51,44,47,93,259,493,567,621,525,551,514,534,542,534,478,530,507,562,431,336,259,212,142,0,0
2024,2024-05-22,Southbound,Heavy Vehicles,7,4,3,11,7,26,64,69,69,76,95,70,72,78,72,62,47,44,30,24,19,21,15,7,0,0
2024,2024-05-22,Southbound,Light Vehicles,72,37,27,41,79,211,416,481,514,430,453,445,388,495,474,437,474,487,498,398,319,274,229,137,0,0
2024,2024-05-22,Southbound,All Vehicles,79,41,30,52,86,237,480,550,583,506,548,515,460,573,546,499,521,531,528,422,338,295,244,144,0,0
2024,2024-05-23,Southbound,Light Vehicles,61,40,31,44,77,211,392,506,486,408,451,482,387,459,445,443,445,447,436,399,332,282,285,145,0,0
2024,2024-05-23,Southbound,Heavy Vehicles,6,5,4,2,12,41,54,66,85,62,90,79,78,84,69,58,52,31,38,37,23,15,20,8,0,0
2024,2024-05-23,Southbound,All Vehicles,67,45,35,46,89,252,446,572,571,470,541,561,465,543,514,501,497,478,474,436,355,297,305,153,0,0
2024,2024-05-24,Southbound,Light Vehicles,75,51,39,49,77,221,385,443,495,444,435,438,275,474,469,453,518,459,456,397,340,330,314,210,0,0
2024,2024-05-24,Southbound,Heavy Vehicles,7,5,7,6,13,36,76,75,60,72,71,62,56,51,82,48,52,44,33,26,20,25,21,15,0,0
2024,2024-05-24,Southbound,All Vehicles,82,56,46,55,90,257,461,518,555,516,506,500,331,525,551,501,570,503,489,423,360,355,335,225,0,0
2024,2024-05-25,Southbound,Heavy Vehicles,16,3,3,3,7,16,33,34,33,49,43,51,53,34,48,32,28,39,28,31,21,17,18,15,0,0
2024,2024-05-25,Southbound,Light Vehicles,142,98,60,46,55,126,246,283,431,444,532,534,531,558,462,469,463,515,525,403,340,334,273,244,0,0
2024,2024-05-25,Southbound,All Vehicles,158,101,63,49,62,142,279,317,464,493,575,585,584,592,510,501,491,554,553,434,361,351,291,259,0,0
2024,2024-05-26,Southbound,Light Vehicles,169,103,56,50,42,85,134,207,303,375,470,482,496,481,447,455,444,453,442,352,307,283,206,160,0,0
2024,2024-05-26,Southbound,Heavy Vehicles,17,7,7,2,2,5,11,11,19,27,17,24,41,22,29,24,32,22,18,27,17,14,14,14,0,0
2024,2024-05-26,Southbound,All Vehicles,186,110,63,52,44,90,145,218,322,402,487,506,537,503,476,479,476,475,460,379,324,297,220,174,0,0
2024,2024-05-27,Southbound,Light Vehicles,82,34,19,35,81,198,389,465,514,445,392,451,492,458,492,485,475,375,453,392,302,250,172,93,0,0
2024,2024-05-27,Southbound,Heavy Vehicles,6,5,5,7,8,26,83,69,64,70,87,90,56,89,66,56,43,44,39,40,21,21,13,6,0,0
2024,2024-05-27,Southbound,All Vehicles,88,39,24,42,89,224,472,534,578,515,479,541,548,547,558,541,518,419,492,432,323,271,185,99,0,0
2024,2024-05-28,Southbound,Heavy Vehicles,8,6,8,6,13,20,80,70,74,77,82,87,70,75,78,61,54,40,44,35,25,14,10,10,0,0
2024,2024-05-28,Southbound,Light Vehicles,79,36,34,36,68,214,455,490,497,437,411,420,462,455,455,385,422,478,447,389,319,299,191,129,0,0
2024,2024-05-28,Southbound,All Vehicles,87,42,42,42,81,234,535,560,571,514,493,507,532,530,533,446,476,518,491,424,344,313,201,139,0,0
2024,2024-05-29,Southbound,Heavy Vehicles,10,7,11,7,14,28,73,83,57,88,65,87,70,84,70,60,52,46,31,44,30,26,10,10,0,0
2024,2024-05-29,Southbound,Light Vehicles,65,36,32,37,84,217,427,472,505,471,434,412,445,440,493,426,450,503,473,354,299,304,198,120,0,0
2024,2024-05-29,Southbound,All Vehicles,75,43,43,44,98,245,500,555,562,559,499,499,515,524,563,486,502,549,504,398,329,330,208,130,0,0
2024,2024-05-30,Southbound,Heavy Vehicles,9,9,4,4,19,26,74,78,59,65,76,74,73,77,78,71,42,50,47,37,38,22,21,12,0,0
2024,2024-05-30,Southbound,Light Vehicles,78,46,23,38,79,229,436,455,545,440,397,407,449,466,472,409,403,483,414,389,334,324,245,133,0,0
2024,2024-05-30,Southbound,All Vehicles,87,55,27,42,98,255,510,533,604,505,473,481,522,543,550,480,445,533,461,426,372,346,266,145,0,0
2024,2024-05-31,Southbound,Light Vehicles,74,41,35,49,75,240,386,428,510,446,430,487,405,455,479,457,498,441,478,424,325,309,308,221,0,0
2024,2024-05-31,Southbound,Heavy Vehicles,12,6,8,5,13,20,88,79,77,98,81,84,58,71,64,55,45,46,36,26,25,16,24,20,0,0
2024,2024-05-31,Southbound,All Vehicles,86,47,43,54,88,260,474,507,587,544,511,571,463,526,543,512,543,487,514,450,350,325,332,241,0,0
2024,2024-06-01,Southbound,Light Vehicles,171,102,55,46,54,112,190,265,407,498,487,460,427,436,409,382,400,371,377,334,275,273,265,185,0,0
2024,2024-06-01,Southbound,Heavy Vehicles,11,1,7,3,7,19,36,35,49,43,27,45,41,49,39,38,37,26,25,27,20,29,24,26,0,0
2024,2024-06-01,Southbound,All Vehicles,182,103,62,49,61,131,226,300,456,541,514,505,468,485,448,420,437,397,402,361,295,302,289,211,0,0
2024,2024-06-02,Southbound,Heavy Vehicles,14,14,5,4,3,7,7,21,17,15,25,27,32,33,27,27,17,42,30,22,14,13,12,10,0,0
2024,2024-06-02,Southbound,Light Vehicles,162,90,49,46,41,84,121,154,264,359,428,458,436,515,428,476,425,484,435,328,293,250,212,142,0,0
2024,2024-06-02,Southbound,All Vehicles,176,104,54,50,44,91,128,175,281,374,453,485,468,548,455,503,442,526,465,350,307,263,224,152,0,0
2024,2024-06-03,Southbound,Heavy Vehicles,8,5,6,8,16,29,77,74,71,85,93,74,80,65,67,50,43,35,32,35,22,16,13,9,0,0
2024,2024-06-03,Southbound,Light Vehicles,67,45,37,34,77,213,407,504,527,428,410,417,422,416,473,423,445,471,416,347,304,274,193,133,0,0
2024,2024-06-03,Southbound,All Vehicles,75,50,43,42,93,242,484,578,598,513,503,491,502,481,540,473,488,506,448,382,326,290,206,142,0,0
2024,2024-06-04,Southbound,Heavy Vehicles,9,4,4,5,10,39,75,71,84,87,88,90,88,89,62,56,52,39,31,41,25,13,12,8,0,0
2024,2024-06-04,Southbound,Light Vehicles,64,34,37,31,75,222,408,460,507,436,460,434,422,405,482,443,482,440,453,340,307,289,202,128,0,0
2024,2024-06-04,Southbound,All Vehicles,73,38,41,36,85,261,483,531,591,523,548,524,510,494,544,499,534,479,484,381,332,302,214,136,0,0
2024,2024-06-05,Southbound,Heavy Vehicles,8,4,4,4,17,29,67,81,79,82,88,85,64,80,62,84,50,40,21,33,22,18,21,8,0,0
2024,2024-06-05,Southbound,Light Vehicles,67,31,25,40,78,228,404,497,471,433,389,411,428,440,402,424,490,458,480,410,271,243,260,178,0,0
2024,2024-06-05,Southbound,All Vehicles,75,35,29,44,95,257,471,578,550,515,477,496,492,520,464,508,540,498,501,443,293,261,281,186,0,0
2024,2024-06-06,Southbound,Heavy Vehicles,9,7,7,4,13,20,56,62,68,70,85,75,79,73,58,63,41,27,30,26,19,30,13,5,0,0
2024,2024-06-06,Southbound,Light Vehicles,84,44,23,50,80,210,361,439,498,435,395,416,392,397,382,381,453,419,368,334,262,303,207,144,0,0
2024,2024-06-06,Southbound,All Vehicles,93,51,30,54,93,230,417,501,566,505,480,491,471,470,440,444,494,446,398,360,281,333,220,149,0,0
2024,2024-06-07,Southbound,Light Vehicles,87,58,26,46,78,202,361,421,504,426,404,475,413,468,486,418,477,455,445,425,322,395,339,204,0,0
2024,2024-06-07,Southbound,Heavy Vehicles,4,5,4,5,13,24,61,67,62,73,70,73,75,76,74,50,46,32,33,26,24,33,22,15,0,0
2024,2024-06-07,Southbound,All Vehicles,91,63,30,51,91,226,422,488,566,499,474,548,488,544,560,468,523,487,478,451,346,428,361,219,0,0
2024,2024-06-08,Southbound,Light Vehicles,140,73,46,44,56,102,222,246,379,402,446,506,510,500,505,409,445,473,500,424,308,316,273,235,0,0
2024,2024-06-08,Southbound,Heavy Vehicles,8,4,4,3,5,12,28,29,28,38,42,27,36,29,30,27,29,32,36,30,13,16,21,19,0,0
2024,2024-06-08,Southbound,All Vehicles,148,77,50,47,61,114,250,275,407,440,488,533,546,529,535,436,474,505,536,454,321,332,294,254,0,0
2024,2024-06-09,Southbound,Heavy Vehicles,13,5,4,5,1,10,11,13,18,25,28,30,16,32,15,20,24,21,20,27,28,12,15,10,0,0
2024,2024-06-09,Southbound,Light Vehicles,177,124,59,55,52,75,159,168,269,387,460,455,490,476,427,434,435,399,471,362,302,299,246,209,0,0
2024,2024-06-09,Southbound,All Vehicles,190,129,63,60,53,85,170,181,287,412,488,485,506,508,442,454,459,420,491,389,330,311,261,219,0,0
2024,2024-06-10,Southbound,Heavy Vehicles,9,6,2,6,4,4,13,11,15,20,10,10,14,10,12,25,13,14,12,15,14,14,13,6,0,0
2024,2024-06-10,Southbound,Light Vehicles,91,59,34,25,26,51,70,94,100,122,165,200,173,190,157,171,155,181,199,191,164,156,117,71,0,0
2024,2024-06-10,Southbound,All Vehicles,100,65,36,31,30,55,83,105,115,142,175,210,187,200,169,196,168,195,211,206,178,170,130,77,0,0
2024,2024-06-11,Southbound,Light Vehicles,63,37,18,39,80,196,403,473,501,434,405,439,418,443,472,394,398,417,436,343,319,259,189,123,0,0
2024,2024-06-11,Southbound,Heavy Vehicles,6,7,7,5,11,31,71,72,61,74,69,81,75,59,71,65,47,27,38,36,18,20,11,3,0,0
2024,2024-06-11,Southbound,All Vehicles,69,44,25,44,91,227,474,545,562,508,474,520,493,502,543,459,445,444,474,379,337,279,200,126,0,0
2024,2024-06-12,Southbound,Heavy Vehicles,8,11,4,7,16,29,73,71,59,72,77,88,84,81,71,63,48,42,34,29,12,20,15,7,0,0
2024,2024-06-12,Southbound,Light Vehicles,73,40,27,37,76,244,416,475,482,393,407,453,446,452,464,452,481,458,449,370,337,303,204,122,0,0
2024,2024-06-12,Southbound,All Vehicles,81,51,31,44,92,273,489,546,541,465,484,541,530,533,535,515,529,500,483,399,349,323,219,129,0,0
2024,2024-06-13,Southbound,Light Vehicles,54,44,30,33,92,246,443,453,493,417,448,418,469,463,481,429,395,461,452,363,329,310,218,130,0,0
2024,2024-06-13,Southbound,Heavy Vehicles,3,7,5,9,14,26,61,63,70,75,92,73,84,65,78,65,46,34,29,36,19,19,18,7,0,0
2024,2024-06-13,Southbound,All Vehicles,57,51,35,42,106,272,504,516,563,492,540,491,553,528,559,494,441,495,481,399,348,329,236,137,0,0
2024,2024-06-14,Southbound,Heavy Vehicles,4,7,6,8,10,28,85,87,54,84,86,80,67,65,52,42,50,38,34,40,24,19,16,12,0,0
2024,2024-06-14,Southbound,Light Vehicles,93,44,40,42,72,205,397,429,508,423,403,438,416,477,417,490,430,440,482,392,353,309,281,181,0,0
2024,2024-06-14,Southbound,All Vehicles,97,51,46,50,82,233,482,516,562,507,489,518,483,542,469,532,480,478,516,432,377,328,297,193,0,0
2024,2024-06-15,Southbound,Light Vehicles,124,75,30,56,57,103,190,237,311,420,451,496,488,513,438,468,497,440,466,369,304,345,324,241,0,0
2024,2024-06-15,Southbound,Heavy Vehicles,13,9,8,9,9,14,27,33,29,35,42,38,40,37,32,36,39,26,24,24,15,26,24,20,0,0
2024,2024-06-15,Southbound,All Vehicles,137,84,38,65,66,117,217,270,340,455,493,534,528,550,470,504,536,466,490,393,319,371,348,261,0,0
2024,2024-06-16,Southbound,Heavy Vehicles,8,7,7,3,6,5,13,17,21,27,29,29,29,29,37,30,20,28,30,33,19,13,7,10,0,0
2024,2024-06-16,Southbound,Light Vehicles,173,96,63,45,53,65,165,211,356,426,482,511,508,558,510,480,482,536,442,410,372,317,211,133,0,0
2024,2024-06-16,Southbound,All Vehicles,181,103,70,48,59,70,178,228,377,453,511,540,537,587,547,510,502,564,472,443,391,330,218,143,0,0
2024,2024-06-17,Southbound,Light Vehicles,80,39,26,41,74,208,386,410,444,423,373,420,411,464,484,448,429,488,429,376,297,282,181,133,0,0
2024,2024-06-17,Southbound,Heavy Vehicles,7,6,8,10,11,32,62,62,62,69,84,79,65,62,51,65,42,47,35,34,20,20,14,10,0,0
2024,2024-06-17,Southbound,All Vehicles,87,45,34,51,85,240,448,472,506,492,457,499,476,526,535,513,471,535,464,410,317,302,195,143,0,0
2024,2024-06-18,Southbound,Light Vehicles,71,40,30,43,77,220,398,478,499,415,439,413,447,482,442,459,459,438,470,358,283,295,196,132,0,0
2024,2024-06-18,Southbound,Heavy Vehicles,3,12,5,5,12,29,71,70,67,80,105,68,81,90,68,64,46,61,42,31,24,22,13,7,0,0
2024,2024-06-18,Southbound,All Vehicles,74,52,35,48,89,249,469,548,566,495,544,481,528,572,510,523,505,499,512,389,307,317,209,139,0,0
2024,2024-06-19,Southbound,Light Vehicles,65,31,27,36,71,216,413,458,496,439,428,434,485,468,462,429,410,495,483,386,340,279,195,129,0,0
2024,2024-06-19,Southbound,Heavy Vehicles,8,6,6,6,18,24,70,82,60,87,73,51,70,65,72,53,40,50,43,28,19,27,12,4,0,0
2024,2024-06-19,Southbound,All Vehicles,73,37,33,42,89,240,483,540,556,526,501,485,555,533,534,482,450,545,526,414,359,306,207,133,0,0
2024,2024-06-20,Southbound,Light Vehicles,73,33,36,37,73,213,392,450,486,442,416,419,411,510,425,423,429,483,467,373,318,324,208,115,0,0
2024,2024-06-20,Southbound,Heavy Vehicles,3,8,5,9,15,39,74,68,55,69,80,77,98,87,85,53,40,40,44,34,26,22,12,11,0,0
2024,2024-06-20,Southbound,All Vehicles,76,41,41,46,88,252,466,518,541,511,496,496,509,597,510,476,469,523,511,407,344,346,220,126,0,0
2024,2024-06-21,Southbound,Heavy Vehicles,5,7,8,9,14,21,67,68,59,92,85,89,69,69,62,70,48,37,42,39,24,14,14,13,0,0
2024,2024-06-21,Southbound,Light Vehicles,100,50,32,39,82,209,384,468,507,479,527,531,422,450,445,478,470,529,453,432,345,317,291,205,0,0
2024,2024-06-21,Southbound,All Vehicles,105,57,40,48,96,230,451,536,566,571,612,620,491,519,507,548,518,566,495,471,369,331,305,218,0,0
2024,2024-06-22,Southbound,Light Vehicles,131,94,51,43,46,107,211,217,352,375,422,449,459,447,477,456,417,507,488,385,254,233,294,258,0,0
2024,2024-06-22,Southbound,Heavy Vehicles,15,5,3,4,6,19,26,33,43,42,43,36,37,38,33,42,33,23,24,28,20,13,15,18,0,0
2024,2024-06-22,Southbound,All Vehicles,146,99,54,47,52,126,237,250,395,417,465,485,496,485,510,498,450,530,512,413,274,246,309,276,0,0
2024,2024-06-23,Southbound,Light Vehicles,150,112,56,45,31,57,112,150,279,386,446,479,494,548,496,535,514,526,517,398,369,306,212,133,0,0
2024,2024-06-23,Southbound,Heavy Vehicles,6,9,7,3,5,5,9,19,17,18,28,23,38,25,33,19,32,31,30,28,26,15,9,9,0,0
2024,2024-06-23,Southbound,All Vehicles,156,121,63,48,36,62,121,169,296,404,474,502,532,573,529,554,546,557,547,426,395,321,221,142,0,0
2024,2024-06-24,Southbound,Heavy Vehicles,8,6,9,8,12,35,62,61,75,70,71,76,65,61,74,53,59,33,43,34,21,17,16,7,0,0
2024,2024-06-24,Southbound,Light Vehicles,86,36,18,35,71,216,412,438,513,423,389,388,361,434,437,465,488,413,435,345,297,251,189,105,0,0
2024,2024-06-24,Southbound,All Vehicles,94,42,27,43,83,251,474,499,588,493,460,464,426,495,511,518,547,446,478,379,318,268,205,112,0,0
2024,2024-06-25,Southbound,Heavy Vehicles,7,11,6,4,8,28,65,64,60,77,78,79,67,98,71,62,57,43,33,32,21,24,25,8,0,0
2024,2024-06-25,Southbound,Light Vehicles,80,39,24,35,72,215,423,450,471,398,396,431,396,397,421,374,433,410,446,359,301,290,208,127,0,0
2024,2024-06-25,Southbound,All Vehicles,87,50,30,39,80,243,488,514,531,475,474,510,463,495,492,436,490,453,479,391,322,314,233,135,0,0
2024,2024-06-26,Southbound,Light Vehicles,84,48,35,30,89,227,383,448,507,432,412,416,453,450,458,388,438,462,444,395,273,270,257,162,0,0
2024,2024-06-26,Southbound,Heavy Vehicles,9,3,3,2,13,25,59,62,54,77,77,73,82,83,81,58,52,43,39,45,14,17,18,10,0,0
2024,2024-06-26,Southbound,All Vehicles,93,51,38,32,102,252,442,510,561,509,489,489,535,533,539,446,490,505,483,440,287,287,275,172,0,0
2024,2024-06-27,Southbound,Heavy Vehicles,9,8,7,8,13,30,69,71,60,73,71,70,68,73,73,46,64,52,28,34,24,21,10,12,0,0
2024,2024-06-27,Southbound,Light Vehicles,80,45,23,38,72,230,416,450,484,434,402,403,467,436,475,412,427,416,435,388,290,306,207,144,0,0
2024,2024-06-27,Southbound,All Vehicles,89,53,30,46,85,260,485,521,544,507,473,473,535,509,548,458,491,468,463,422,314,327,217,156,0,0
2024,2024-06-28,Southbound,Light Vehicles,79,33,24,44,74,240,410,394,493,414,383,469,420,449,453,408,495,449,463,404,299,340,207,145,0,0
2024,2024-06-28,Southbound,Heavy Vehicles,9,8,4,5,10,23,71,71,66,77,93,77,78,53,65,57,49,48,39,29,33,18,12,11,0,0
2024,2024-06-28,Southbound,All Vehicles,88,41,28,49,84,263,481,465,559,491,476,546,498,502,518,465,544,497,502,433,332,358,219,156,0,0
2024,2024-07-15,Southbound,Light Vehicles,,,,,,,,,,215,436,382,438,451,444,498,430,499,422,381,308,304,204,131,0,0
2024,2024-07-15,Southbound,Heavy Vehicles,,,,,,,,,,30,87,91,91,79,67,63,63,41,44,28,27,20,11,11,0,0
2024,2024-07-15,Southbound,All Vehicles,,,,,,,,,,245,523,473,529,530,511,561,493,540,466,409,335,324,215,142,0,0
2024,2024-07-16,Southbound,Light Vehicles,65,38,30,51,73,239,429,448,431,408,420,405,427,440,457,499,480,468,444,383,313,288,198,154,0,0
2024,2024-07-16,Southbound,Heavy Vehicles,9,7,5,6,11,30,76,84,64,87,87,66,68,70,82,70,54,49,38,33,14,20,17,12,0,0
2024,2024-07-16,Southbound,All Vehicles,74,45,35,57,84,269,505,532,495,495,507,471,495,510,539,569,534,517,482,416,327,308,215,166,0,0
2024,2024-07-17,Southbound,Heavy Vehicles,12,9,5,3,15,22,71,65,67,69,93,67,81,68,74,71,56,41,39,33,19,14,16,10,0,0
2024,2024-07-17,Southbound,Light Vehicles,88,47,35,42,76,222,404,434,413,452,420,468,436,424,464,495,451,479,459,402,278,269,326,166,0,0
2024,2024-07-17,Southbound,All Vehicles,100,56,40,45,91,244,475,499,480,521,513,535,517,492,538,566,507,520,498,435,297,283,342,176,0,0
2024,2024-07-18,Southbound,Heavy Vehicles,7,7,7,3,17,32,69,69,77,83,76,73,73,73,66,54,61,41,41,40,16,13,16,10,0,0
2024,2024-07-18,Southbound,Light Vehicles,110,40,33,53,72,233,444,447,460,414,428,428,455,471,457,481,425,434,459,378,353,300,237,150,0,0
2024,2024-07-18,Southbound,All Vehicles,117,47,40,56,89,265,513,516,537,497,504,501,528,544,523,535,486,475,500,418,369,313,253,160,0,0
2024,2024-07-20,Southbound,Heavy Vehicles,8,8,5,7,6,11,28,38,39,39,55,50,40,34,38,36,27,27,28,29,28,14,22,16,0,0
2024,2024-07-20,Southbound,Light Vehicles,144,88,59,48,53,120,240,295,405,426,501,467,490,557,486,454,410,464,464,349,357,329,276,217,0,0
2024,2024-07-20,Southbound,All Vehicles,152,96,64,55,59,131,268,333,444,465,556,517,530,591,524,490,437,491,492,378,385,343,298,233,0,0
2024,2024-07-21,Southbound,Light Vehicles,168,87,53,42,54,95,132,200,299,461,463,516,435,571,416,478,427,434,390,316,331,308,198,153,0,0
2024,2024-07-21,Southbound,Heavy Vehicles,11,4,6,1,2,11,11,15,25,17,34,30,27,30,26,24,25,19,29,25,15,20,14,9,0,0
2024,2024-07-21,Southbound,All Vehicles,179,91,59,43,56,106,143,215,324,478,497,546,462,601,442,502,452,453,419,341,346,328,212,162,0,0
2024,2024-07-22,Southbound,Light Vehicles,98,42,31,38,70,219,432,439,438,435,414,419,426,451,415,470,479,489,481,384,294,272,217,131,0,0
2024,2024-07-22,Southbound,Heavy Vehicles,9,5,4,7,12,30,75,77,75,82,81,90,94,66,69,51,61,50,27,32,17,20,12,7,0,0
2024,2024-07-22,Southbound,All Vehicles,107,47,35,45,82,249,507,516,513,517,495,509,520,517,484,521,540,539,508,416,311,292,229,138,0,0
2024,2024-07-23,Southbound,Light Vehicles,68,51,19,37,74,222,448,454,495,457,403,363,418,444,470,387,455,469,459,393,335,289,232,118,0,0
2024,2024-07-23,Southbound,Heavy Vehicles,9,6,8,4,12,31,75,71,74,61,78,75,81,74,72,79,47,52,35,33,27,23,21,5,0,0
2024,2024-07-23,Southbound,All Vehicles,77,57,27,41,86,253,523,525,569,518,481,438,499,518,542,466,502,521,494,426,362,312,253,123,0,0
2024,2024-07-24,Southbound,Heavy Vehicles,4,7,3,7,14,25,70,85,62,80,79,74,72,71,68,53,50,36,41,21,34,20,10,13,0,0
2024,2024-07-24,Southbound,Light Vehicles,66,46,28,39,83,216,451,499,536,421,415,412,438,425,475,472,427,521,494,378,349,307,214,129,0,0
2024,2024-07-24,Southbound,All Vehicles,70,53,31,46,97,241,521,584,598,501,494,486,510,496,543,525,477,557,535,399,383,327,224,142,0,0
2024,2024-07-25,Southbound,Heavy Vehicles,4,7,4,8,13,21,84,64,67,76,82,83,74,63,61,72,53,31,29,34,36,25,18,13,0,0
2024,2024-07-25,Southbound,Light Vehicles,93,50,29,39,78,219,445,469,514,445,435,457,422,438,472,453,456,494,462,439,341,283,236,141,0,0
2024,2024-07-25,Southbound,All Vehicles,97,57,33,47,91,240,529,533,581,521,517,540,496,501,533,525,509,525,491,473,377,308,254,154,0,0
2024,2024-07-27,Southbound,Light Vehicles,142,82,44,54,59,130,240,240,343,443,459,472,450,536,487,436,443,436,475,408,324,304,288,238,0,0
2024,2024-07-27,Southbound,Heavy Vehicles,8,3,5,7,11,15,40,43,35,51,47,52,32,31,28,36,31,31,32,28,18,19,21,11,0,0
2024,2024-07-27,Southbound,All Vehicles,150,85,49,61,70,145,280,283,378,494,506,524,482,567,515,472,474,467,507,436,342,323,309,249,0,0
2024,2024-07-28,Southbound,Heavy Vehicles,9,9,5,2,2,13,15,16,19,21,31,23,30,24,22,26,26,24,23,18,20,15,9,8,0,0
2024,2024-07-28,Southbound,Light Vehicles,179,99,59,55,60,102,136,180,311,403,519,531,452,487,416,497,437,449,435,345,309,288,226,130,0,0
2024,2024-07-28,Southbound,All Vehicles,188,108,64,57,62,115,151,196,330,424,550,554,482,511,438,523,463,473,458,363,329,303,235,138,0,0
2024,2024-07-29,Southbound,Heavy Vehicles,8,3,6,4,15,32,61,61,78,78,84,73,82,79,71,49,53,39,33,33,22,9,9,13,0,0
2024,2024-07-29,Southbound,Light Vehicles,88,44,20,45,71,213,384,426,536,457,469,379,378,440,446,457,461,427,424,373,292,243,173,98,0,0
2024,2024-07-29,Southbound,All Vehicles,96,47,26,49,86,245,445,487,614,535,553,452,460,519,517,506,514,466,457,406,314,252,182,111,0,0
2024,2024-07-30,Southbound,Light Vehicles,72,42,24,47,70,227,425,452,487,419,407,412,395,439,484,413,456,454,470,378,317,291,223,113,0,0
2024,2024-07-30,Southbound,Heavy Vehicles,6,3,4,5,11,27,72,66,59,76,94,70,73,61,89,59,53,49,38,29,24,11,12,10,0,0
2024,2024-07-30,Southbound,All Vehicles,78,45,28,52,81,254,497,518,546,495,501,482,468,500,573,472,509,503,508,407,341,302,235,123,0,0
2024,2024-07-31,Southbound,Heavy Vehicles,3,5,7,1,9,28,91,61,64,73,99,94,80,77,74,58,47,27,36,40,24,18,16,9,0,0
2024,2024-07-31,Southbound,Light Vehicles,64,42,21,35,72,229,446,456,505,460,396,436,403,426,424,425,483,462,476,390,316,327,224,129,0,0
2024,2024-07-31,Southbound,All Vehicles,67,47,28,36,81,257,537,517,569,533,495,530,483,503,498,483,530,489,512,430,340,345,240,138,0,0
2024,2024-08-01,Southbound,Light Vehicles,82,42,19,39,81,204,438,480,523,435,416,411,428,461,422,432,412,467,426,387,329,301,220,147,0,0
2024,2024-08-01,Southbound,Heavy Vehicles,4,6,3,7,15,23,84,76,74,60,89,63,81,62,73,64,38,43,39,38,27,22,10,9,0,0
2024,2024-08-01,Southbound,All Vehicles,86,48,22,46,96,227,522,556,597,495,505,474,509,523,495,496,450,510,465,425,356,323,230,156,0,0
2024,2024-08-02,Southbound,Light Vehicles,73,51,30,42,71,208,421,454,516,441,418,437,402,445,446,466,474,502,463,439,375,322,305,244,0,0
2024,2024-08-02,Southbound,Heavy Vehicles,10,2,3,4,14,33,64,72,57,81,70,76,56,76,71,47,57,33,25,34,25,23,20,15,0,0
2024,2024-08-02,Southbound,All Vehicles,83,53,33,46,85,241,485,526,573,522,488,513,458,521,517,513,531,535,488,473,400,345,325,259,0,0
2024,2024-08-03,Southbound,Heavy Vehicles,6,5,3,2,7,16,36,42,41,37,39,43,45,30,40,32,30,36,27,25,27,22,11,12,0,0
2024,2024-08-03,Southbound,Light Vehicles,129,77,57,53,48,103,212,278,431,469,523,530,560,586,511,522,481,451,511,420,383,347,322,229,0,0
2024,2024-08-03,Southbound,All Vehicles,135,82,60,55,55,119,248,320,472,506,562,573,605,616,551,554,511,487,538,445,410,369,333,241,0,0
2024,2024-08-04,Southbound,Heavy Vehicles,6,11,5,3,3,3,13,14,20,24,22,28,28,33,23,17,25,27,28,20,13,18,15,12,0,0
2024,2024-08-04,Southbound,Light Vehicles,162,113,61,38,51,93,149,179,321,479,455,485,471,490,468,449,381,470,401,365,315,297,210,117,0,0
2024,2024-08-04,Southbound,All Vehicles,168,124,66,41,54,96,162,193,341,503,477,513,499,523,491,466,406,497,429,385,328,315,225,129,0,0
2024,2024-08-05,Southbound,Heavy Vehicles,5,7,5,7,20,28,85,80,76,94,90,76,67,83,65,62,40,45,30,33,20,31,13,8,0,0
2024,2024-08-05,Southbound,Light Vehicles,81,46,16,35,84,211,452,422,519,427,408,396,420,443,507,466,513,416,453,355,297,272,168,96,0,0
2024,2024-08-05,Southbound,All Vehicles,86,53,21,42,104,239,537,502,595,521,498,472,487,526,572,528,553,461,483,388,317,303,181,104,0,0
2024,2024-08-06,Southbound,Light Vehicles,83,42,28,41,70,234,426,494,542,442,440,418,474,424,448,428,491,440,454,396,307,274,212,106,0,0
2024,2024-08-06,Southbound,Heavy Vehicles,6,6,8,5,12,25,71,62,64,78,93,81,81,74,84,66,60,47,41,34,23,20,19,5,0,0
2024,2024-08-06,Southbound,All Vehicles,89,48,36,46,82,259,497,556,606,520,533,499,555,498,532,494,551,487,495,430,330,294,231,111,0,0
2024,2024-08-07,Southbound,Heavy Vehicles,3,7,2,7,15,30,73,72,71,87,81,89,82,66,88,68,49,45,44,27,30,21,13,7,0,0
2024,2024-08-07,Southbound,Light Vehicles,67,46,26,45,74,219,455,441,474,435,436,435,407,463,477,443,461,444,499,402,332,359,236,141,0,0
2024,2024-08-07,Southbound,All Vehicles,70,53,28,52,89,249,528,513,545,522,517,524,489,529,565,511,510,489,543,429,362,380,249,148,0,0
2024,2024-08-08,Southbound,Heavy Vehicles,7,12,3,5,15,25,73,95,67,88,94,65,97,67,66,64,48,48,38,45,31,17,22,10,0,0
2024,2024-08-08,Southbound,Light Vehicles,76,47,30,50,100,221,491,478,499,459,411,404,462,447,419,458,401,471,420,377,362,338,221,140,0,0
2024,2024-08-08,Southbound,All Vehicles,83,59,33,55,115,246,564,573,566,547,505,469,559,514,485,522,449,519,458,422,393,355,243,150,0,0
2024,2024-08-09,Southbound,Heavy Vehicles,6,8,6,3,17,31,65,97,67,69,80,91,74,68,86,62,54,49,33,34,22,20,20,17,0,0
2024,2024-08-09,Southbound,Light Vehicles,68,64,31,48,79,225,431,485,489,440,431,457,405,428,476,490,490,497,510,446,372,329,307,225,0,0
2024,2024-08-09,Southbound,All Vehicles,74,72,37,51,96,256,496,582,556,509,511,548,479,496,562,552,544,546,543,480,394,349,327,242,0,0
2024,2024-08-10,Southbound,Heavy Vehicles,11,8,7,9,11,18,34,49,39,47,37,40,52,42,47,36,27,38,33,30,27,29,21,14,0,0
2024,2024-08-10,Southbound,Light Vehicles,165,74,42,47,58,122,234,278,452,508,543,532,567,563,487,479,487,513,509,383,330,348,310,248,0,0
2024,2024-08-10,Southbound,All Vehicles,176,82,49,56,69,140,268,327,491,555,580,572,619,605,534,515,514,551,542,413,357,377,331,262,0,0
2024,2024-08-11,Southbound,Heavy Vehicles,7,8,4,5,2,10,11,18,25,29,28,23,31,32,29,23,22,23,27,17,19,23,11,11,0,0
2024,2024-08-11,Southbound,Light Vehicles,165,109,71,54,49,99,175,183,363,492,477,511,476,488,439,436,420,469,408,392,313,294,210,130,0,0
2024,2024-08-11,Southbound,All Vehicles,172,117,75,59,51,109,186,201,388,521,505,534,507,520,468,459,442,492,435,409,332,317,221,141,0,0
2024,2024-08-12,Southbound,Light Vehicles,70,44,23,39,78,209,408,443,487,463,445,448,436,455,478,464,451,417,485,340,301,271,181,128,0,0
2024,2024-08-12,Southbound,Heavy Vehicles,8,6,7,8,18,17,60,72,62,86,101,75,75,61,80,66,50,38,34,35,25,19,13,5,0,0
2024,2024-08-12,Southbound,All Vehicles,78,50,30,47,96,226,468,515,549,549,546,523,511,516,558,530,501,455,519,375,326,290,194,133,0,0
2024,2024-08-13,Southbound,Heavy Vehicles,3,8,5,6,11,27,71,74,62,85,98,100,70,87,86,49,57,36,25,37,29,16,17,10,0,0
2024,2024-08-13,Southbound,Light Vehicles,64,40,26,33,80,240,416,501,536,503,406,451,459,489,538,443,456,459,453,324,318,287,227,140,0,0
2024,2024-08-13,Southbound,All Vehicles,67,48,31,39,91,267,487,575,598,588,504,551,529,576,624,492,513,495,478,361,347,303,244,150,0,0
2024,2024-08-14,Southbound,Light Vehicles,74,34,26,38,84,220,418,498,504,401,432,437,424,405,396,401,468,488,503,361,309,317,235,123,0,0
2024,2024-08-14,Southbound,Heavy Vehicles,5,7,6,3,13,31,53,66,67,78,97,75,77,57,83,65,55,40,45,33,26,22,22,9,0,0
2024,2024-08-14,Southbound,All Vehicles,79,41,32,41,97,251,471,564,571,479,529,512,501,462,479,466,523,528,548,394,335,339,257,132,0,0
2024,2024-08-15,Southbound,Heavy Vehicles,5,5,5,10,14,24,65,75,74,65,71,73,84,62,70,68,62,47,41,30,26,23,16,13,0,0
2024,2024-08-15,Southbound,Light Vehicles,84,50,30,42,70,245,437,492,493,420,473,452,429,437,449,439,508,518,455,389,376,309,239,145,0,0
2024,2024-08-15,Southbound,All Vehicles,89,55,35,52,84,269,502,567,567,485,544,525,513,499,519,507,570,565,496,419,402,332,255,158,0,0
2024,2024-08-16,Southbound,Heavy Vehicles,3,2,3,6,12,33,74,72,64,75,89,68,65,64,67,66,50,49,41,35,19,28,17,17,0,0
2024,2024-08-16,Southbound,Light Vehicles,80,40,30,50,81,239,408,440,514,454,439,503,418,439,439,422,476,511,466,427,357,301,311,242,0,0
2024,2024-08-16,Southbound,All Vehicles,83,42,33,56,93,272,482,512,578,529,528,571,483,503,506,488,526,560,507,462,376,329,328,259,0,0
2024,2024-08-17,Southbound,Light Vehicles,132,70,55,49,40,122,239,289,444,526,534,565,556,539,519,522,435,555,555,454,372,363,321,257,0,0
2024,2024-08-17,Southbound,Heavy Vehicles,9,3,5,7,5,11,40,41,43,40,48,53,50,34,35,44,32,29,34,29,25,26,20,24,0,0
2024,2024-08-17,Southbound,All Vehicles,141,73,60,56,45,133,279,330,487,566,582,618,606,573,554,566,467,584,589,483,397,389,341,281,0,0
2024,2024-08-18,Southbound,Heavy Vehicles,8,6,9,5,3,6,14,16,27,23,25,27,23,29,24,31,29,26,27,24,26,16,14,7,0,0
2024,2024-08-18,Southbound,Light Vehicles,183,101,55,43,42,95,156,218,302,481,500,505,526,523,447,484,442,464,472,366,337,310,219,155,0,0
2024,2024-08-18,Southbound,All Vehicles,191,107,64,48,45,101,170,234,329,504,525,532,549,552,471,515,471,490,499,390,363,326,233,162,0,0
2024,2024-08-19,Southbound,Heavy Vehicles,5,9,6,6,9,19,69,64,67,102,85,86,84,74,65,61,54,50,38,31,24,20,21,9,0,0
2024,2024-08-19,Southbound,Light Vehicles,72,46,33,46,80,219,421,467,491,434,442,431,439,499,514,468,454,437,470,441,300,282,193,115,0,0
2024,2024-08-19,Southbound,All Vehicles,77,55,39,52,89,238,490,531,558,536,527,517,523,573,579,529,508,487,508,472,324,302,214,124,0,0
2024,2024-08-20,Southbound,Light Vehicles,67,44,26,36,76,229,453,484,535,405,419,401,431,458,481,465,471,489,457,382,337,300,221,153,0,0
2024,2024-08-20,Southbound,Heavy Vehicles,5,10,8,11,17,24,76,76,63,82,107,80,90,79,67,74,58,46,36,33,23,15,19,6,0,0
2024,2024-08-20,Southbound,All Vehicles,72,54,34,47,93,253,529,560,598,487,526,481,521,537,548,539,529,535,493,415,360,315,240,159,0,0
2024,2024-08-21,Southbound,Light Vehicles,95,38,31,44,82,235,482,440,519,417,470,440,446,470,448,430,479,464,529,413,346,319,235,146,0,0
2024,2024-08-21,Southbound,Heavy Vehicles,3,11,6,8,9,38,66,79,69,77,92,76,81,75,75,46,49,36,32,28,24,18,15,12,0,0
2024,2024-08-21,Southbound,All Vehicles,98,49,37,52,91,273,548,519,588,494,562,516,527,545,523,476,528,500,561,441,370,337,250,158,0,0
2024,2024-08-22,Southbound,Light Vehicles,89,50,25,47,66,230,443,468,521,444,465,426,411,403,453,389,460,399,481,394,364,356,225,144,0,0
2024,2024-08-22,Southbound,Heavy Vehicles,6,8,5,9,18,33,74,67,74,77,83,96,83,77,61,48,54,38,44,32,27,15,20,6,0,0
2024,2024-08-22,Southbound,All Vehicles,95,58,30,56,84,263,517,535,595,521,548,522,494,480,514,437,514,437,525,426,391,371,245,150,0,0
2024,2024-08-23,Southbound,Heavy Vehicles,8,8,3,8,13,27,85,83,84,75,79,81,81,70,66,56,33,36,32,30,27,27,20,16,0,0
2024,2024-08-23,Southbound,Light Vehicles,91,57,40,45,85,226,473,448,488,433,424,423,442,434,457,421,319,481,514,482,392,338,339,230,0,0
2024,2024-08-23,Southbound,All Vehicles,99,65,43,53,98,253,558,531,572,508,503,504,523,504,523,477,352,517,546,512,419,365,359,246,0,0
2024,2024-08-24,Southbound,Light Vehicles,127,65,56,44,42,,264,286,454,479,505,518,560,506,530,481,513,483,526,417,416,366,315,244,0,0
2024,2024-08-24,Southbound,Heavy Vehicles,10,4,8,4,2,,32,37,37,55,48,34,35,50,35,33,34,30,27,27,16,28,21,22,0,0
2024,2024-08-24,Southbound,All Vehicles,137,69,64,48,44,,296,323,491,534,553,552,595,556,565,514,547,513,553,444,432,394,336,266,0,0
2024,2024-08-25,Southbound,Heavy Vehicles,16,3,6,3,4,12,13,22,18,29,27,35,27,39,16,22,38,32,19,27,33,23,16,7,0,0
2024,2024-08-25,Southbound,Light Vehicles,172,120,68,46,52,91,140,201,372,436,489,545,514,477,484,464,470,451,459,356,361,310,235,136,0,0
2024,2024-08-25,Southbound,All Vehicles,188,123,74,49,56,103,153,223,390,465,516,580,541,516,500,486,508,483,478,383,394,333,251,143,0,0
2024,2024-08-26,Southbound,Heavy Vehicles,10,4,5,10,13,26,63,70,65,88,78,80,80,79,81,77,56,36,35,33,24,18,13,13,0,0
2024,2024-08-26,Southbound,Light Vehicles,76,50,23,37,83,224,423,481,507,489,444,432,430,482,483,416,456,438,441,380,336,289,211,136,0,0
2024,2024-08-26,Southbound,All Vehicles,86,54,28,47,96,250,486,551,572,577,522,512,510,561,564,493,512,474,476,413,360,307,224,149,0,0
2024,2024-08-27,Southbound,Light Vehicles,76,39,32,30,74,233,442,522,486,436,447,527,486,505,497,383,422,466,451,364,334,289,200,138,0,0
2024,2024-08-27,Southbound,Heavy Vehicles,9,5,6,4,16,22,69,83,51,85,91,83,86,84,74,57,64,46,41,43,28,19,13,6,0,0
2024,2024-08-27,Southbound,All Vehicles,85,44,38,34,90,255,511,605,537,521,538,610,572,589,571,440,486,512,492,407,362,308,213,144,0,0
2024,2024-08-28,Southbound,Heavy Vehicles,10,4,7,9,16,26,59,79,60,96,78,89,70,78,66,69,46,46,32,35,24,16,17,14,0,0
2024,2024-08-28,Southbound,Light Vehicles,70,54,28,39,72,240,464,461,471,433,456,452,443,458,441,438,463,478,416,415,346,317,208,153,0,0
2024,2024-08-28,Southbound,All Vehicles,80,58,35,48,88,266,523,540,531,529,534,541,513,536,507,507,509,524,448,450,370,333,225,167,0,0
2024,2024-08-29,Southbound,Light Vehicles,87,52,27,38,79,228,443,456,519,522,497,443,467,505,483,407,441,413,414,440,379,330,235,148,0,0
2024,2024-08-29,Southbound,Heavy Vehicles,3,8,3,7,16,29,69,52,67,101,97,85,92,61,80,62,44,56,35,42,25,28,17,5,0,0
2024,2024-08-29,Southbound,All Vehicles,90,60,30,45,95,257,512,508,586,623,594,528,559,566,563,469,485,469,449,482,404,358,252,153,0,0
2024,2024-08-30,Southbound,Heavy Vehicles,10,5,6,9,9,31,71,75,59,69,77,95,73,63,64,67,53,30,44,40,36,19,13,21,0,0
2024,2024-08-30,Southbound,Light Vehicles,89,56,31,36,87,241,440,461,429,470,462,462,476,489,428,443,465,457,498,400,486,494,339,219,0,0
2024,2024-08-30,Southbound,All Vehicles,99,61,37,45,96,272,511,536,488,539,539,557,549,552,492,510,518,487,542,440,522,513,352,240,0,0
2024,2024-08-31,Southbound,Light Vehicles,150,64,50,47,45,139,246,288,420,489,468,527,472,605,478,455,499,500,541,484,377,367,318,247,0,0
2024,2024-08-31,Southbound,Heavy Vehicles,18,3,13,6,7,14,45,45,46,44,35,45,44,48,42,21,38,26,35,30,22,26,22,20,0,0
2024,2024-08-31,Southbound,All Vehicles,168,67,63,53,52,153,291,333,466,533,503,572,516,653,520,476,537,526,576,514,399,393,340,267,0,0
2024,2024-09-01,Southbound,Light Vehicles,153,107,63,41,49,85,159,221,365,454,499,507,514,531,480,422,440,457,498,417,339,354,212,156,0,0
2024,2024-09-01,Southbound,Heavy Vehicles,11,7,10,3,2,6,16,14,15,29,30,32,28,31,11,26,22,29,31,38,24,15,19,11,0,0
2024,2024-09-01,Southbound,All Vehicles,164,114,73,44,51,91,175,235,380,483,529,539,542,562,491,448,462,486,529,455,363,369,231,167,0,0
2024,2024-09-02,Southbound,Heavy Vehicles,3,9,9,3,9,36,72,69,55,73,66,68,71,76,71,49,48,42,33,37,24,21,14,13,0,0
2024,2024-09-02,Southbound,Light Vehicles,78,45,23,44,68,236,446,455,520,496,434,435,459,492,500,422,462,474,422,369,336,269,192,109,0,0
2024,2024-09-02,Southbound,All Vehicles,81,54,32,47,77,272,518,524,575,569,500,503,530,568,571,471,510,516,455,406,360,290,206,122,0,0
2024,2024-09-03,Southbound,Heavy Vehicles,2,5,6,10,8,24,85,75,64,73,69,92,70,76,70,80,48,45,36,32,27,21,20,7,0,0
2024,2024-09-03,Southbound,Light Vehicles,74,45,21,45,59,230,468,505,534,489,409,434,419,488,452,431,453,460,460,349,352,315,213,131,0,0
2024,2024-09-03,Southbound,All Vehicles,76,50,27,55,67,254,553,580,598,562,478,526,489,564,522,511,501,505,496,381,379,336,233,138,0,0
2024,2024-09-04,Southbound,Heavy Vehicles,7,7,7,7,12,26,73,73,54,73,76,78,71,79,74,60,47,48,30,38,24,20,21,9,0,0
2024,2024-09-04,Southbound,Light Vehicles,76,50,28,38,90,235,398,487,514,485,439,422,474,438,431,424,440,445,498,442,364,339,245,138,0,0
2024,2024-09-04,Southbound,All Vehicles,83,57,35,45,102,261,471,560,568,558,515,500,545,517,505,484,487,493,528,480,388,359,266,147,0,0
2024,2024-09-05,Southbound,Heavy Vehicles,8,11,7,9,13,29,87,66,77,74,80,85,75,62,67,65,57,46,33,27,39,14,24,8,0,0
2024,2024-09-05,Southbound,Light Vehicles,102,49,37,29,78,232,439,509,449,436,432,400,482,452,447,437,468,422,449,417,368,372,294,159,0,0
2024,2024-09-05,Southbound,All Vehicles,110,60,44,38,91,261,526,575,526,510,512,485,557,514,514,502,525,468,482,444,407,386,318,167,0,0
2024,2024-09-06,Southbound,Light Vehicles,104,43,32,42,80,218,407,484,504,475,476,479,442,484,445,396,406,427,448,423,381,363,322,240,0,0
2024,2024-09-06,Southbound,Heavy Vehicles,10,2,4,13,11,33,79,59,68,77,78,88,76,83,64,57,54,46,35,36,33,26,26,16,0,0
2024,2024-09-06,Southbound,All Vehicles,114,45,36,55,91,251,486,543,572,552,554,567,518,567,509,453,460,473,483,459,414,389,348,256,0,0
2024,2024-09-07,Southbound,Light Vehicles,128,87,52,41,51,129,244,302,391,463,502,543,519,522,562,439,470,471,515,465,454,361,317,265,0,0
2024,2024-09-07,Southbound,Heavy Vehicles,7,12,4,5,4,15,35,44,45,53,42,49,47,29,38,30,31,27,27,35,25,24,17,21,0,0
2024,2024-09-07,Southbound,All Vehicles,135,99,56,46,55,144,279,346,436,516,544,592,566,551,600,469,501,498,542,500,479,385,334,286,0,0
2024,2024-09-08,Southbound,Heavy Vehicles,14,10,3,3,1,11,17,19,26,29,24,32,29,27,24,27,27,27,34,26,20,24,18,7,0,0
2024,2024-09-08,Southbound,Light Vehicles,180,91,59,51,54,100,174,206,331,461,452,503,467,487,467,429,465,435,415,376,384,343,263,142,0,0
2024,2024-09-08,Southbound,All Vehicles,194,101,62,54,55,111,191,225,357,490,476,535,496,514,491,456,492,462,449,402,404,367,281,149,0,0
2024,2024-09-09,Southbound,Light Vehicles,69,42,30,43,84,227,477,478,455,435,411,419,420,442,463,484,486,495,502,376,328,288,199,143,0,0
2024,2024-09-09,Southbound,Heavy Vehicles,12,4,4,7,16,26,73,68,60,69,86,57,77,68,67,46,53,45,45,38,27,15,14,6,0,0
2024,2024-09-09,Southbound,All Vehicles,81,46,34,50,100,253,550,546,515,504,497,476,497,510,530,530,539,540,547,414,355,303,213,149,0,0
2024,2024-09-10,Southbound,Light Vehicles,76,36,26,39,71,225,460,499,510,449,458,390,451,475,434,452,401,527,509,399,334,305,201,139,0,0
2024,2024-09-10,Southbound,Heavy Vehicles,8,5,4,4,14,39,76,71,60,74,83,103,79,76,79,68,40,38,52,29,27,20,20,10,0,0
2024,2024-09-10,Southbound,All Vehicles,84,41,30,43,85,264,536,570,570,523,541,493,530,551,513,520,441,565,561,428,361,325,221,149,0,0
2024,2024-09-11,Southbound,Heavy Vehicles,5,3,2,7,12,23,86,62,63,62,86,83,77,99,69,55,51,45,28,34,20,25,20,9,0,0
2024,2024-09-11,Southbound,Light Vehicles,74,38,29,42,83,210,448,466,480,457,420,437,443,443,483,419,505,496,437,422,352,312,254,128,0,0
2024,2024-09-11,Southbound,All Vehicles,79,41,31,49,95,233,534,528,543,519,506,520,520,542,552,474,556,541,465,456,372,337,274,137,0,0
2024,2024-09-12,Southbound,Light Vehicles,72,51,36,39,82,217,468,450,519,427,433,426,455,475,445,419,442,494,429,392,383,341,237,135,0,0
2024,2024-09-12,Southbound,Heavy Vehicles,10,9,3,10,16,30,78,70,64,95,75,81,75,86,74,42,58,48,41,35,15,20,14,6,0,0
2024,2024-09-12,Southbound,All Vehicles,82,60,39,49,98,247,546,520,583,522,508,507,530,561,519,461,500,542,470,427,398,361,251,141,0,0
2024,2024-09-13,Southbound,Heavy Vehicles,7,4,4,5,12,30,79,68,61,92,97,82,87,59,74,52,53,39,40,46,32,20,17,15,0,0
2024,2024-09-13,Southbound,Light Vehicles,71,41,34,45,80,228,432,458,481,459,433,420,476,455,487,451,469,435,460,450,387,326,289,197,0,0
2024,2024-09-13,Southbound,All Vehicles,78,45,38,50,92,258,511,526,542,551,530,502,563,514,561,503,522,474,500,496,419,346,306,212,0,0
2024,2024-09-14,Southbound,Light Vehicles,120,84,56,56,56,134,252,271,425,475,444,494,491,539,494,487,494,487,489,458,367,369,354,248,0,0
2024,2024-09-14,Southbound,Heavy Vehicles,12,7,4,3,6,18,45,38,61,43,35,34,42,32,36,35,32,37,32,31,15,22,30,18,0,0
2024,2024-09-14,Southbound,All Vehicles,132,91,60,59,62,152,297,309,486,518,479,528,533,571,530,522,526,524,521,489,382,391,384,266,0,0
2024,2024-09-15,Southbound,Heavy Vehicles,9,9,7,7,3,8,7,23,25,20,21,38,19,29,24,25,30,21,30,37,18,22,10,8,0,0
2024,2024-09-15,Southbound,Light Vehicles,164,103,70,49,40,102,158,227,299,460,467,519,503,478,439,436,391,367,480,500,351,302,222,136,0,0
2024,2024-09-15,Southbound,All Vehicles,173,112,77,56,43,110,165,250,324,480,488,557,522,507,463,461,421,388,510,537,369,324,232,144,0,0
2024,2024-09-16,Southbound,Light Vehicles,78,37,22,40,100,218,429,462,506,476,456,457,426,461,459,456,405,433,447,383,330,310,196,131,0,0
2024,2024-09-16,Southbound,Heavy Vehicles,7,6,2,4,15,31,82,79,63,88,101,83,100,70,81,54,46,29,49,41,28,21,14,5,0,0
2024,2024-09-16,Southbound,All Vehicles,85,43,24,44,115,249,511,541,569,564,557,540,526,531,540,510,451,462,496,424,358,331,210,136,0,0
2024,2024-09-17,Southbound,Light Vehicles,73,51,25,31,77,237,443,487,493,422,439,415,447,508,465,422,473,432,495,405,338,298,216,135,0,0
2024,2024-09-17,Southbound,Heavy Vehicles,4,5,2,6,9,24,82,69,75,77,78,85,79,76,65,69,58,48,36,26,24,22,10,3,0,0
2024,2024-09-17,Southbound,All Vehicles,77,56,27,37,86,261,525,556,568,499,517,500,526,584,530,491,531,480,531,431,362,320,226,138,0,0
2024,2024-09-18,Southbound,Light Vehicles,75,34,37,49,90,220,410,428,505,442,409,422,458,472,478,443,496,469,505,381,355,376,261,156,0,0
2024,2024-09-18,Southbound,Heavy Vehicles,8,4,2,6,10,25,76,68,72,71,83,82,83,87,94,63,45,45,26,36,25,23,18,10,0,0
2024,2024-09-18,Southbound,All Vehicles,83,38,39,55,100,245,486,496,577,513,492,504,541,559,572,506,541,514,531,417,380,399,279,166,0,0
2024,2024-09-19,Southbound,Heavy Vehicles,9,4,3,9,21,22,70,65,69,76,94,89,86,86,70,55,48,39,33,45,28,26,22,10,0,0
2024,2024-09-19,Southbound,Light Vehicles,81,49,31,38,85,238,420,470,533,434,468,423,448,494,411,460,369,450,436,401,338,323,242,160,0,0
2024,2024-09-19,Southbound,All Vehicles,90,53,34,47,106,260,490,535,602,510,562,512,534,580,481,515,417,489,469,446,366,349,264,170,0,0
2024,2024-09-20,Southbound,Heavy Vehicles,8,9,2,5,20,39,87,77,74,102,93,87,68,76,54,49,50,40,33,25,31,18,34,24,0,0
2024,2024-09-20,Southbound,Light Vehicles,94,51,42,44,83,233,403,485,464,449,402,446,392,458,448,465,444,461,533,441,352,363,338,242,0,0
2024,2024-09-20,Southbound,All Vehicles,102,60,44,49,103,272,490,562,538,551,495,533,460,534,502,514,494,501,566,466,383,381,372,266,0,0
2024,2024-09-21,Southbound,Light Vehicles,160,80,61,42,56,127,283,311,394,467,541,482,482,530,490,476,459,510,473,437,367,322,340,289,0,0
2024,2024-09-21,Southbound,Heavy Vehicles,21,7,6,,4,15,37,37,39,42,48,39,49,41,25,30,32,40,34,24,18,19,23,17,0,0
2024,2024-09-21,Southbound,All Vehicles,181,87,67,42,60,142,320,348,433,509,589,521,531,571,515,506,491,550,507,461,385,341,363,306,0,0
2024,2024-09-22,Southbound,Light Vehicles,175,105,63,39,53,111,181,240,351,483,488,522,467,468,442,422,414,428,422,409,377,302,233,143,0,0
2024,2024-09-22,Southbound,Heavy Vehicles,14,5,5,7,3,10,21,18,17,28,32,29,29,23,33,18,28,23,33,23,23,23,16,12,0,0
2024,2024-09-22,Southbound,All Vehicles,189,110,68,46,56,121,202,258,368,511,520,551,496,491,475,440,442,451,455,432,400,325,249,155,0,0
2024,2024-09-23,Southbound,Light Vehicles,95,48,18,38,80,232,465,474,511,451,432,389,435,422,452,475,489,420,437,420,284,295,189,129,0,0
2024,2024-09-23,Southbound,Heavy Vehicles,13,5,4,7,14,30,59,66,65,96,91,73,77,74,69,59,46,36,52,30,28,24,18,10,0,0
2024,2024-09-23,Southbound,All Vehicles,108,53,22,45,94,262,524,540,576,547,523,462,512,496,521,534,535,456,489,450,312,319,207,139,0,0
2024,2024-09-24,Southbound,Heavy Vehicles,6,3,7,3,14,38,67,74,74,69,74,86,75,105,72,71,37,27,32,34,25,20,16,12,0,0
2024,2024-09-24,Southbound,Light Vehicles,99,43,25,43,76,228,442,494,510,432,471,424,434,445,442,437,419,475,468,356,355,292,236,147,0,0
2024,2024-09-24,Southbound,All Vehicles,105,46,32,46,90,266,509,568,584,501,545,510,509,550,514,508,456,502,500,390,380,312,252,159,0,0
2024,2024-09-25,Southbound,Heavy Vehicles,6,3,2,11,16,34,67,73,68,76,87,74,68,90,81,63,45,53,39,34,31,21,15,8,0,0
2024,2024-09-25,Southbound,Light Vehicles,80,43,30,44,84,229,442,433,502,483,420,427,474,472,451,454,453,463,504,401,357,303,257,146,0,0
2024,2024-09-25,Southbound,All Vehicles,86,46,32,55,100,263,509,506,570,559,507,501,542,562,532,517,498,516,543,435,388,324,272,154,0,0
2024,2024-09-26,Southbound,Heavy Vehicles,5,7,3,6,15,30,47,77,56,81,77,86,82,60,62,55,50,30,38,40,28,28,12,9,0,0
2024,2024-09-26,Southbound,Light Vehicles,84,42,37,40,98,185,404,472,503,426,415,454,405,393,448,422,436,426,400,401,313,331,237,122,0,0
2024,2024-09-26,Southbound,All Vehicles,89,49,40,46,113,215,451,549,559,507,492,540,487,453,510,477,486,456,438,441,341,359,249,131,0,0
2024,2024-09-27,Southbound,Light Vehicles,65,52,37,35,76,217,409,443,500,421,398,489,487,458,463,445,440,474,510,436,361,335,353,207,0,0
2024,2024-09-27,Southbound,Heavy Vehicles,11,2,2,5,15,26,81,86,65,68,81,73,68,71,61,64,50,33,42,37,17,21,16,18,0,0
2024,2024-09-27,Southbound,All Vehicles,76,54,39,40,91,243,490,529,565,489,479,562,555,529,524,509,490,507,552,473,378,356,369,225,0,0
2024,2024-09-28,Southbound,Heavy Vehicles,11,5,6,4,3,22,32,44,40,49,42,43,50,36,44,35,34,24,36,28,24,27,22,15,0,0
2024,2024-09-28,Southbound,Light Vehicles,152,79,63,42,47,124,280,307,372,439,484,489,524,516,475,423,451,479,507,446,341,338,355,250,0,0
2024,2024-09-28,Southbound,All Vehicles,163,84,69,46,50,146,312,351,412,488,526,532,574,552,519,458,485,503,543,474,365,365,377,265,0,0
2024,2024-09-29,Southbound,Heavy Vehicles,6,5,4,4,7,8,16,20,24,31,29,44,23,37,25,32,28,33,33,30,24,21,23,7,0,0
2024,2024-09-29,Southbound,Light Vehicles,152,124,53,51,45,99,175,229,332,398,514,471,476,488,443,405,388,478,440,391,347,315,238,138,0,0
2024,2024-09-29,Southbound,All Vehicles,158,129,57,55,52,107,191,249,356,429,543,515,499,525,468,437,416,511,473,421,371,336,261,145,0,0
2024,2024-09-30,Southbound,Heavy Vehicles,12,4,8,9,12,29,68,81,71,80,67,90,64,64,96,75,60,50,40,32,23,23,11,9,0,0
2024,2024-09-30,Southbound,Light Vehicles,97,40,33,32,72,235,430,443,405,404,437,426,470,481,507,459,426,444,428,369,328,287,231,135,0,0
2024,2024-09-30,Southbound,All Vehicles,109,44,41,41,84,264,498,524,476,484,504,516,534,545,603,534,486,494,468,401,351,310,242,144,0,0
2024,2024-10-01,Southbound,Heavy Vehicles,12,5,4,7,11,33,73,88,69,68,79,89,81,82,84,70,50,50,32,41,31,17,25,6,0,0
2024,2024-10-01,Southbound,Light Vehicles,79,39,16,39,73,231,500,495,404,430,455,404,454,491,447,440,454,432,411,443,367,283,223,150,0,0
2024,2024-10-01,Southbound,All Vehicles,91,44,20,46,84,264,573,583,473,498,534,493,535,573,531,510,504,482,443,484,398,300,248,156,0,0
2024,2024-10-02,Southbound,Light Vehicles,77,36,26,31,80,241,426,430,434,465,409,415,433,451,451,446,513,449,448,438,362,318,228,153,0,0
2024,2024-10-02,Southbound,Heavy Vehicles,8,5,6,6,11,36,70,87,72,82,84,75,83,92,79,71,53,35,39,38,30,18,19,14,0,0
2024,2024-10-02,Southbound,All Vehicles,85,41,32,37,91,277,496,517,506,547,493,490,516,543,530,517,566,484,487,476,392,336,247,167,0,0
2024,2024-10-03,Southbound,Light Vehicles,87,46,25,40,92,267,481,464,441,461,425,476,469,474,432,372,481,461,462,411,347,352,287,178,0,0
2024,2024-10-03,Southbound,Heavy Vehicles,11,9,5,6,16,34,59,69,59,95,79,86,74,88,73,73,45,49,45,35,39,28,20,9,0,0
2024,2024-10-03,Southbound,All Vehicles,98,55,30,46,108,301,540,533,500,556,504,562,543,562,505,445,526,510,507,446,386,380,307,187,0,0
2024,2024-10-05,Southbound,Light Vehicles,130,83,54,40,54,118,254,260,393,429,484,484,491,463,456,404,427,442,518,436,336,302,318,221,0,0
2024,2024-10-05,Southbound,Heavy Vehicles,13,7,2,1,5,16,27,40,41,55,47,34,31,35,35,31,28,40,32,27,26,24,32,21,0,0
2024,2024-10-05,Southbound,All Vehicles,143,90,56,41,59,134,281,300,434,484,531,518,522,498,491,435,455,482,550,463,362,326,350,242,0,0
2024,2024-10-07,Southbound,Heavy Vehicles,,,,,3,11,18,18,24,25,31,36,32,35,24,31,17,29,23,33,18,22,28,12,0,0
2024,2024-10-07,Southbound,Light Vehicles,,,,,42,77,150,141,188,317,389,464,417,386,388,345,330,350,348,382,365,329,281,142,0,0
2024,2024-10-07,Southbound,All Vehicles,,,,,45,88,168,159,212,342,420,500,449,421,412,376,347,379,371,415,383,351,309,154,0,0
2024,2024-10-10,Southbound,Light Vehicles,,,,,83,209,442,464,469,420,428,414,450,430,405,433,444,478,495,382,385,374,287,167,0,0
2024,2024-10-10,Southbound,Heavy Vehicles,,,,,21,32,75,64,71,94,83,66,95,92,69,60,49,35,40,45,28,26,19,13,0,0
2024,2024-10-10,Southbound,All Vehicles,,,,,104,241,517,528,540,514,511,480,545,522,474,493,493,513,535,427,413,400,306,180,0,0
2024,2024-10-11,Southbound,Heavy Vehicles,12,3,12,5,8,29,71,66,62,69,95,88,69,88,77,79,45,,,,,,,,0,0
2024,2024-10-11,Southbound,Light Vehicles,117,53,31,35,93,220,443,434,413,440,409,444,455,431,473,457,444,,,,,,,,0,0
2024,2024-10-11,Southbound,All Vehicles,129,56,43,40,101,249,514,500,475,509,504,532,524,519,550,536,489,,,,,,,,0,0
2024,2024-10-12,Southbound,Light Vehicles,,,,,47,117,244,273,356,401,474,445,443,434,455,472,464,514,491,427,366,381,343,258,0,0
2024,2024-10-12,Southbound,Heavy Vehicles,,,,,6,16,35,45,34,42,52,33,43,40,45,41,37,32,39,28,29,25,26,14,0,0
2024,2024-10-12,Southbound,All Vehicles,,,,,53,133,279,318,390,443,526,478,486,474,500,513,501,546,530,455,395,406,369,272,0,0
2024,2024-10-15,Southbound,Heavy Vehicles,9,6,5,6,13,27,72,76,56,75,109,81,90,71,85,64,53,36,46,23,36,26,23,6,0,0
2024,2024-10-15,Southbound,Light Vehicles,80,44,38,33,79,224,452,465,509,381,451,433,457,430,469,416,485,428,455,355,328,321,230,133,0,0
2024,2024-10-15,Southbound,All Vehicles,89,50,43,39,92,251,524,541,565,456,560,514,547,501,554,480,538,464,501,378,364,347,253,139,0,0
2024,2024-10-16,Southbound,Heavy Vehicles,6,11,3,9,14,27,86,66,55,64,96,98,80,72,72,50,48,49,36,38,31,18,22,10,0,0
2024,2024-10-16,Southbound,Light Vehicles,90,55,35,38,79,233,461,483,525,457,417,388,394,450,448,443,465,465,490,412,364,345,263,133,0,0
2024,2024-10-16,Southbound,All Vehicles,96,66,38,47,93,260,547,549,580,521,513,486,474,522,520,493,513,514,526,450,395,363,285,143,0,0
2024,2024-10-18,Southbound,Heavy Vehicles,2,1,2,1,3,5,26,32,39,42,38,43,41,33,42,27,36,27,25,25,10,11,9,6,0,0
2024,2024-10-18,Southbound,Light Vehicles,33,23,16,12,23,76,201,260,298,291,254,251,265,258,365,319,373,335,308,285,196,149,137,112,0,0
2024,2024-10-18,Southbound,All Vehicles,35,24,18,13,26,81,227,292,337,333,292,294,306,291,407,346,409,362,333,310,206,160,146,118,0,0
2024,2024-10-19,Southbound,Heavy Vehicles,13,6,7,8,6,15,29,41,46,45,38,46,35,35,39,43,48,40,21,24,18,17,17,17,0,0
2024,2024-10-19,Southbound,Light Vehicles,166,94,52,43,65,139,272,330,406,450,469,489,460,524,452,468,405,481,488,417,393,372,349,261,0,0
2024,2024-10-19,Southbound,All Vehicles,179,100,59,51,71,154,301,371,452,495,507,535,495,559,491,511,453,521,509,441,411,389,366,278,0,0
2024,2024-10-22,Southbound,Heavy Vehicles,2,4,7,8,14,27,74,66,70,62,91,77,89,72,72,69,38,48,39,39,28,13,10,15,0,0
2024,2024-10-22,Southbound,Light Vehicles,70,45,30,42,101,225,486,459,490,437,441,410,395,482,433,423,471,463,387,374,412,319,215,165,0,0
2024,2024-10-22,Southbound,All Vehicles,72,49,37,50,115,252,560,525,560,499,532,487,484,554,505,492,509,511,426,413,440,332,225,180,0,0
2024,2024-10-23,Southbound,Light Vehicles,129,62,23,35,79,248,434,455,503,357,431,408,425,424,486,395,470,468,454,387,373,323,242,166,0,0
2024,2024-10-23,Southbound,Heavy Vehicles,6,5,2,7,9,28,78,72,60,64,99,87,89,71,70,58,43,38,41,32,27,27,14,18,0,0
2024,2024-10-23,Southbound,All Vehicles,135,67,25,42,88,276,512,527,563,421,530,495,514,495,556,453,513,506,495,419,400,350,256,184,0,0
2024,2024-10-24,Southbound,Light Vehicles,141,63,32,50,79,241,460,438,480,449,385,435,438,452,476,412,452,469,451,348,328,322,241,157,0,0
2024,2024-10-24,Southbound,Heavy Vehicles,10,8,3,9,16,29,76,61,59,86,96,67,87,73,79,55,53,50,43,35,31,24,12,6,0,0
2024,2024-10-24,Southbound,All Vehicles,151,71,35,59,95,270,536,499,539,535,481,502,525,525,555,467,505,519,494,383,359,346,253,163,0,0
2024,2024-10-27,Southbound,Light Vehicles,,,,,46,82,105,147,167,204,225,189,192,206,200,197,191,186,211,170,186,155,154,82,0,0
2024,2024-10-27,Southbound,Heavy Vehicles,,,,,8,7,9,10,11,23,18,11,18,16,11,12,12,17,14,19,10,13,11,7,0,0
2024,2024-10-27,Southbound,All Vehicles,,,,,54,89,114,157,178,227,243,200,210,222,211,209,203,203,225,189,196,168,165,89,0,0
2024,2024-10-29,Southbound,Light Vehicles,,,,,83,222,458,482,509,463,447,428,379,462,463,461,484,469,430,390,365,310,246,139,0,0
2024,2024-10-29,Southbound,Heavy Vehicles,,,,,15,23,75,65,70,62,74,81,70,77,82,58,50,44,43,29,30,32,16,10,0,0
2024,2024-10-29,Southbound,All Vehicles,,,,,98,245,533,547,579,525,521,509,449,539,545,519,534,513,473,419,395,342,262,149,0,0
2024,2024-10-30,Southbound,Light Vehicles,102,47,33,37,82,224,446,474,472,430,440,422,422,447,417,449,437,473,468,398,355,350,270,149,0,0
2024,2024-10-30,Southbound,Heavy Vehicles,11,2,3,6,17,27,78,69,51,67,90,86,80,81,85,61,48,50,31,35,35,17,21,15,0,0
2024,2024-10-30,Southbound,All Vehicles,113,49,36,43,99,251,524,543,523,497,530,508,502,528,502,510,485,523,499,433,390,367,291,164,0,0
2024,2024-10-31,Southbound,Light Vehicles,80,56,30,41,88,215,464,495,490,450,413,422,403,445,493,376,452,434,393,361,343,359,250,138,0,0
2024,2024-10-31,Southbound,Heavy Vehicles,11,8,5,9,14,33,77,65,75,79,82,85,101,66,69,56,43,42,42,30,24,27,14,10,0,0
2024,2024-10-31,Southbound,All Vehicles,91,64,35,50,102,248,541,560,565,529,495,507,504,511,562,432,495,476,435,391,367,386,264,148,0,0
2024,2024-11-02,Southbound,Heavy Vehicles,,,,,4,12,45,44,47,44,43,56,36,44,38,44,39,38,31,32,26,17,23,19,0,0
2024,2024-11-02,Southbound,Light Vehicles,,,,,67,140,245,264,345,469,444,475,509,494,488,430,459,464,506,464,372,368,356,288,0,0
2024,2024-11-02,Southbound,All Vehicles,,,,,71,152,290,308,392,513,487,531,545,538,526,474,498,502,537,496,398,385,379,307,0,0
2024,2024-11-03,Southbound,Heavy Vehicles,8,6,9,5,5,6,15,18,24,27,31,49,45,32,25,21,27,29,24,29,24,19,13,14,0,0
2024,2024-11-03,Southbound,Light Vehicles,187,101,63,53,49,87,165,229,307,411,494,482,517,471,416,395,410,410,439,342,369,320,283,165,0,0
2024,2024-11-03,Southbound,All Vehicles,195,107,72,58,54,93,180,247,331,438,525,531,562,503,441,416,437,439,463,371,393,339,296,179,0,0
2024,2024-11-04,Southbound,Light Vehicles,35,16,14,14,16,76,241,260,343,260,233,258,265,273,290,274,327,282,285,224,165,135,105,44,0,0
2024,2024-11-04,Southbound,Heavy Vehicles,4,1,3,2,4,13,29,25,40,40,37,45,36,39,36,32,32,18,27,10,16,10,5,1,0,0
2024,2024-11-04,Southbound,All Vehicles,39,17,17,16,20,89,270,285,383,300,270,303,301,312,326,306,359,300,312,234,181,145,110,45,0,0
2024,2024-11-05,Southbound,Heavy Vehicles,10,6,5,7,11,28,63,74,79,75,100,78,70,73,70,55,33,35,40,36,26,20,13,12,0,0
2024,2024-11-05,Southbound,Light Vehicles,69,47,25,36,98,205,466,415,482,394,428,393,412,456,466,433,444,423,486,369,349,301,237,141,0,0
2024,2024-11-05,Southbound,All Vehicles,79,53,30,43,109,233,529,489,561,469,528,471,482,529,536,488,477,458,526,405,375,321,250,153,0,0
2024,2024-11-06,Southbound,Light Vehicles,80,53,37,41,100,211,463,473,497,427,432,,,,,,,458,420,377,347,316,247,175,0,0
2024,2024-11-06,Southbound,Heavy Vehicles,5,3,2,7,10,34,81,60,57,81,88,,,,,,,45,33,28,40,23,12,9,0,0
2024,2024-11-06,Southbound,All Vehicles,85,56,39,48,110,245,544,533,554,508,520,,,,,,,503,453,405,387,339,259,184,0,0
2024,2024-11-07,Southbound,Light Vehicles,124,48,37,49,95,223,434,458,461,442,424,,,,,,,423,454,403,340,302,224,168,0,0
2024,2024-11-07,Southbound,Heavy Vehicles,15,5,8,5,21,39,74,88,70,77,82,,,,,,,38,35,29,39,32,10,10,0,0
2024,2024-11-07,Southbound,All Vehicles,139,53,45,54,116,262,508,546,531,519,506,,,,,,,461,489,432,379,334,234,178,0,0
2024,2024-11-08,Southbound,Light Vehicles,42,22,6,6,20,95,216,316,346,275,273,279,311,270,302,337,331,355,327,293,235,202,164,123,0,0
2024,2024-11-08,Southbound,Heavy Vehicles,5,2,1,1,4,6,35,43,42,44,45,39,31,33,33,45,24,18,21,20,15,13,13,9,0,0
2024,2024-11-08,Southbound,All Vehicles,47,24,7,7,24,101,251,359,388,319,318,318,342,303,335,382,355,373,348,313,250,215,177,132,0,0
2024,2024-11-09,Southbound,Light Vehicles,150,94,53,45,60,111,293,306,423,475,471,487,491,485,500,468,465,493,473,438,376,360,357,298,0,0
2024,2024-11-09,Southbound,Heavy Vehicles,9,5,6,3,5,9,39,42,40,37,49,43,55,48,45,27,32,36,26,24,21,25,17,18,0,0
2024,2024-11-09,Southbound,All Vehicles,159,99,59,48,65,120,332,348,463,512,520,530,546,533,545,495,497,529,499,462,397,385,374,316,0,0
2024,2024-11-10,Southbound,Heavy Vehicles,23,13,5,4,10,8,9,21,20,34,27,36,34,31,38,28,29,19,34,27,28,22,22,15,0,0
2024,2024-11-10,Southbound,Light Vehicles,253,119,63,56,64,96,173,210,360,425,459,476,510,502,440,404,396,419,436,396,341,334,229,186,0,0
2024,2024-11-10,Southbound,All Vehicles,276,132,68,60,74,104,182,231,380,459,486,512,544,533,478,432,425,438,470,423,369,356,251,201,0,0
2024,2024-11-16,Southbound,Light Vehicles,163,73,56,50,56,111,274,304,366,411,503,512,477,496,459,463,470,469,523,430,389,385,394,311,0,0
2024,2024-11-16,Southbound,Heavy Vehicles,11,7,5,2,8,18,38,48,47,37,43,46,38,46,28,37,33,34,27,34,37,31,26,19,0,0
2024,2024-11-16,Southbound,All Vehicles,174,80,61,52,64,129,312,352,413,448,546,558,515,542,487,500,503,503,550,464,426,416,420,330,0,0
2024,2024-11-17,Southbound,Heavy Vehicles,11,8,10,5,3,12,16,15,16,32,27,29,43,35,34,21,11,22,28,32,29,20,17,11,0,0
2024,2024-11-17,Southbound,Light Vehicles,202,116,82,56,48,105,181,221,330,444,476,520,545,465,402,444,393,458,458,323,360,335,235,127,0,0
2024,2024-11-17,Southbound,All Vehicles,213,124,92,61,51,117,197,236,346,476,503,549,588,500,436,465,404,480,486,355,389,355,252,138,0,0
2024,2024-11-18,Southbound,Light Vehicles,71,42,29,42,82,228,467,438,481,433,372,427,126,459,468,444,439,440,434,349,380,318,232,123,0,0
2024,2024-11-18,Southbound,Heavy Vehicles,8,5,8,10,11,24,77,60,76,68,82,91,27,67,50,61,55,46,35,39,22,30,13,9,0,0
2024,2024-11-18,Southbound,All Vehicles,79,47,37,52,93,252,544,498,557,501,454,518,153,526,518,505,494,486,469,388,402,348,245,132,0,0
2024,2024-11-22,Southbound,Heavy Vehicles,10,4,2,5,11,34,81,86,69,82,89,80,75,68,67,63,63,45,25,36,25,23,25,22,0,0
2024,2024-11-22,Southbound,Light Vehicles,100,52,33,47,96,244,482,436,471,414,427,456,447,459,472,419,520,481,485,467,424,351,367,282,0,0
2024,2024-11-22,Southbound,All Vehicles,110,56,35,52,107,278,563,522,540,496,516,536,522,527,539,482,583,526,510,503,449,374,392,304,0,0
2024,2024-11-23,Southbound,Light Vehicles,161,99,52,49,64,143,282,283,422,515,488,497,542,495,453,444,478,516,579,452,402,353,370,311,0,0
2024,2024-11-23,Southbound,Heavy Vehicles,10,10,7,6,7,15,33,52,50,46,52,44,48,53,52,34,20,38,19,36,27,27,13,21,0,0
2024,2024-11-23,Southbound,All Vehicles,171,109,59,55,71,158,315,335,472,561,540,541,590,548,505,478,498,554,598,488,429,380,383,332,0,0
2024,2024-11-24,Southbound,Heavy Vehicles,19,9,8,4,7,7,16,21,28,36,40,33,30,20,36,33,18,32,20,25,22,32,17,15,0,0
2024,2024-11-24,Southbound,Light Vehicles,207,109,63,61,58,111,191,264,359,486,471,493,493,466,383,404,404,396,473,363,399,352,292,201,0,0
2024,2024-11-24,Southbound,All Vehicles,226,118,71,65,65,118,207,285,387,522,511,526,523,486,419,437,422,428,493,388,421,384,309,216,0,0
2024,2024-11-25,Southbound,Light Vehicles,61,29,17,31,59,132,206,167,115,114,142,135,168,171,135,124,108,120,172,150,166,157,130,83,0,0
2024,2024-11-25,Southbound,Heavy Vehicles,7,4,3,2,11,24,44,43,24,39,42,52,41,43,43,25,16,27,14,12,17,16,15,8,0,0
2024,2024-11-25,Southbound,All Vehicles,68,33,20,33,70,156,250,210,139,153,184,187,209,214,178,149,124,147,186,162,183,173,145,91,0,0
2024,2024-11-26,Southbound,Heavy Vehicles,4,9,3,7,11,35,77,79,78,78,95,84,77,94,71,81,55,47,42,45,23,28,23,12,0,0
2024,2024-11-26,Southbound,Light Vehicles,70,56,35,41,80,257,458,511,506,484,436,424,452,445,452,395,481,468,474,384,356,354,265,156,0,0
2024,2024-11-26,Southbound,All Vehicles,74,65,38,48,91,292,535,590,584,562,531,508,529,539,523,476,536,515,516,429,379,382,288,168,0,0
2024,2024-11-27,Southbound,Light Vehicles,93,39,20,37,86,254,441,448,459,410,454,,,,,,,424,464,367,334,366,239,152,0,0
2024,2024-11-27,Southbound,Heavy Vehicles,6,6,9,10,11,39,66,76,68,94,97,,,,,,,36,33,27,29,28,24,16,0,0
2024,2024-11-27,Southbound,All Vehicles,99,45,29,47,97,293,507,524,527,504,551,,,,,,,460,497,394,363,394,263,168,0,0
2024,2024-11-29,Southbound,Heavy Vehicles,13,8,8,4,15,29,63,78,51,53,83,78,68,69,68,55,55,46,39,54,23,22,26,25,0,0
2024,2024-11-29,Southbound,Light Vehicles,106,59,30,54,83,235,427,440,459,420,459,458,447,405,432,442,426,428,523,448,362,324,315,261,0,0
2024,2024-11-29,Southbound,All Vehicles,119,67,38,58,98,264,490,518,510,473,542,536,515,474,500,497,481,474,562,502,385,346,341,286,0,0
2024,2024-11-30,Southbound,Heavy Vehicles,13,9,4,5,6,12,38,38,38,45,36,41,49,45,31,44,35,35,31,37,27,24,22,16,0,0
2024,2024-11-30,Southbound,Light Vehicles,171,78,56,57,53,135,241,274,394,453,515,531,512,530,466,448,458,423,488,422,385,336,347,300,0,0
2024,2024-11-30,Southbound,All Vehicles,184,87,60,62,59,147,279,312,432,498,551,572,561,575,497,492,493,458,519,459,412,360,369,316,0,0
2024,2024-12-01,Southbound,Heavy Vehicles,14,9,6,7,3,10,16,21,27,26,38,34,37,35,43,27,28,40,31,28,25,16,20,16,0,0
2024,2024-12-01,Southbound,Light Vehicles,203,98,69,62,51,99,174,212,339,428,485,525,452,498,374,434,389,462,449,366,368,339,307,199,0,0
2024,2024-12-01,Southbound,All Vehicles,217,107,75,69,54,109,190,233,366,454,523,559,489,533,417,461,417,502,480,394,393,355,327,215,0,0
2024,2024-12-03,Southbound,Heavy Vehicles,3,1,1,3,,,,,,,40,51,44,45,51,40,33,29,24,15,12,11,8,2,0,0
2024,2024-12-03,Southbound,Light Vehicles,27,14,5,15,,,,,,,322,273,255,282,304,328,312,321,291,230,180,160,93,46,0,0
2024,2024-12-03,Southbound,All Vehicles,30,15,6,18,,,,,,,362,324,299,327,355,368,345,350,315,245,192,171,101,48,0,0
2024,2024-12-04,Southbound,Heavy Vehicles,11,7,3,13,9,31,76,74,68,83,78,80,92,92,78,60,55,50,47,36,38,22,25,9,0,0
2024,2024-12-04,Southbound,Light Vehicles,96,54,45,47,86,254,461,492,479,449,462,399,460,440,455,411,458,525,520,460,399,367,322,184,0,0
2024,2024-12-04,Southbound,All Vehicles,107,61,48,60,95,285,537,566,547,532,540,479,552,532,533,471,513,575,567,496,437,389,347,193,0,0
2024,2024-12-05,Southbound,Light Vehicles,66,31,18,33,54,148,199,141,143,133,154,155,167,141,140,107,89,104,155,202,186,192,160,103,0,0
2024,2024-12-05,Southbound,Heavy Vehicles,6,6,3,6,6,22,53,26,29,34,41,52,48,33,34,15,20,10,16,14,16,18,7,12,0,0
2024,2024-12-05,Southbound,All Vehicles,72,37,21,39,60,170,252,167,172,167,195,207,215,174,174,122,109,114,171,216,202,210,167,115,0,0
2024,2024-12-06,Southbound,Heavy Vehicles,13,5,1,8,8,36,92,86,67,86,78,102,87,84,67,58,39,53,43,35,19,23,19,24,0,0
2024,2024-12-06,Southbound,Light Vehicles,113,58,38,60,88,261,476,461,449,448,440,475,431,469,419,428,419,488,513,447,208,401,345,293,0,0
2024,2024-12-06,Southbound,All Vehicles,126,63,39,68,96,297,568,547,516,534,518,577,518,553,486,486,458,541,556,482,227,424,364,317,0,0
2024,2024-12-08,Southbound,Heavy Vehicles,8,11,5,10,1,14,13,23,28,29,41,34,29,32,27,26,21,37,39,34,34,29,20,19,0,0
2024,2024-12-08,Southbound,Light Vehicles,227,117,79,54,72,106,169,245,361,413,451,483,506,442,431,426,459,476,431,391,367,382,301,192,0,0
2024,2024-12-08,Southbound,All Vehicles,235,128,84,64,73,120,182,268,389,442,492,517,535,474,458,452,480,513,470,425,401,411,321,211,0,0
2024,2024-12-09,Southbound,Light Vehicles,88,61,35,45,78,217,434,444,488,426,376,,,,,,,498,447,377,365,316,280,147,0,0
2024,2024-12-09,Southbound,Heavy Vehicles,9,4,4,8,14,26,86,76,57,83,100,,,,,,,45,43,42,25,37,19,12,0,0
2024,2024-12-09,Southbound,All Vehicles,97,65,39,53,92,243,520,520,545,509,476,,,,,,,543,490,419,390,353,299,159,0,0
2024,2024-12-10,Southbound,Heavy Vehicles,8,2,4,6,12,22,43,34,36,32,42,40,42,50,43,30,31,18,16,25,19,15,9,7,0,0
2024,2024-12-10,Southbound,Light Vehicles,54,36,25,29,65,154,200,202,145,131,127,142,146,184,143,128,186,133,166,178,171,165,146,69,0,0
2024,2024-12-10,Southbound,All Vehicles,62,38,29,35,77,176,243,236,181,163,169,182,188,234,186,158,217,151,182,203,190,180,155,76,0,0
2024,2024-12-11,Southbound,Light Vehicles,89,50,28,48,83,254,448,483,474,424,411,447,451,443,426,463,475,446,519,418,398,404,301,194,0,0
2024,2024-12-11,Southbound,Heavy Vehicles,7,6,4,12,8,28,87,61,79,78,77,90,74,77,91,61,60,41,41,34,32,29,21,13,0,0
2024,2024-12-11,Southbound,All Vehicles,96,56,32,60,91,282,535,544,553,502,488,537,525,520,517,524,535,487,560,452,430,433,322,207,0,0
2024,2024-12-12,Southbound,Light Vehicles,55,35,30,24,57,144,199,162,156,131,164,151,170,136,157,117,139,191,126,174,173,210,149,124,0,0
2024,2024-12-12,Southbound,Heavy Vehicles,6,3,2,12,8,23,38,39,30,39,43,47,52,41,38,29,24,19,23,28,19,18,17,14,0,0
2024,2024-12-12,Southbound,All Vehicles,61,38,32,36,65,167,237,201,186,170,207,198,222,177,195,146,163,210,149,202,192,228,166,138,0,0
2024,2024-12-13,Southbound,Light Vehicles,39,18,13,22,22,88,223,270,319,276,234,290,257,290,333,357,337,,,,,,,,0,0
2024,2024-12-13,Southbound,Heavy Vehicles,1,4,2,4,5,8,22,33,30,46,51,54,42,47,39,38,27,,,,,,,,0,0
2024,2024-12-13,Southbound,All Vehicles,40,22,15,26,27,96,245,303,349,322,285,344,299,337,372,395,364,,,,,,,,0,0
2024,2024-12-17,Southbound,Light Vehicles,85,49,28,46,85,232,457,440,458,434,463,466,410,445,457,422,456,,,,,,,,0,0
2024,2024-12-17,Southbound,Heavy Vehicles,11,12,4,5,7,32,63,74,62,65,88,73,74,86,69,65,43,,,,,,,,0,0
2024,2024-12-17,Southbound,All Vehicles,96,61,32,51,92,264,520,514,520,499,551,539,484,531,526,487,499,,,,,,,,0,0
2024,2024-12-18,Southbound,Heavy Vehicles,,,,,8,34,61,67,62,69,92,85,75,81,84,73,58,53,40,35,21,,11,11,0,0
2024,2024-12-18,Southbound,Light Vehicles,,,,,78,224,407,488,467,421,420,459,466,450,466,452,405,474,504,374,224,,183,169,0,0
2024,2024-12-18,Southbound,All Vehicles,,,,,86,258,468,555,529,490,512,544,541,531,550,525,463,527,544,409,245,,194,180,0,0
2024,2024-12-19,Southbound,Light Vehicles,45,21,14,20,24,93,210,285,266,296,298,275,298,304,312,297,297,333,268,237,219,202,134,100,0,0
2024,2024-12-19,Southbound,Heavy Vehicles,2,2,1,4,3,10,33,29,37,35,29,31,43,41,36,36,45,26,32,28,16,21,12,8,0,0
2024,2024-12-19,Southbound,All Vehicles,47,23,15,24,27,103,243,314,303,331,327,306,341,345,348,333,342,359,300,265,235,223,146,108,0,0
2024,2024-12-20,Southbound,Light Vehicles,120,52,53,57,73,226,424,448,427,435,482,461,443,437,453,477,557,496,519,407,421,421,336,290,0,0
2024,2024-12-20,Southbound,Heavy Vehicles,13,8,5,8,13,26,70,69,72,72,82,72,77,71,54,62,59,48,42,38,38,21,28,22,0,0
2024,2024-12-20,Southbound,All Vehicles,133,60,58,65,86,252,494,517,499,507,564,533,520,508,507,539,616,544,561,445,459,442,364,312,0,0
2024,2024-12-21,Southbound,Light Vehicles,190,93,78,47,,,,,,,,480,422,432,462,479,443,459,453,462,381,405,319,296,0,0
2024,2024-12-21,Southbound,Heavy Vehicles,6,7,7,2,,,,,,,,59,35,35,28,43,38,29,23,30,24,25,20,15,0,0
2024,2024-12-21,Southbound,All Vehicles,196,100,85,49,,,,,,,,539,457,467,490,522,481,488,476,492,405,430,339,311,0,0
2024,2024-12-22,Southbound,Light Vehicles,206,120,67,53,60,101,168,258,308,389,396,490,461,458,434,432,385,419,412,365,386,387,342,227,0,0
2024,2024-12-22,Southbound,Heavy Vehicles,15,1,6,6,6,11,16,22,26,21,33,36,34,32,26,33,24,29,25,28,26,32,29,20,0,0
2024,2024-12-22,Southbound,All Vehicles,221,121,73,59,66,112,184,280,334,410,429,526,495,490,460,465,409,448,437,393,412,419,371,247,0,0
2024,2024-12-23,Southbound,Heavy Vehicles,15,11,6,6,14,26,54,53,54,77,63,47,53,76,62,51,55,,,,,,,,0,0
2024,2024-12-23,Southbound,Light Vehicles,128,60,45,47,67,161,312,345,394,399,433,475,489,467,466,425,464,,,,,,,,0,0
2024,2024-12-23,Southbound,All Vehicles,143,71,51,53,81,187,366,398,448,476,496,522,542,543,528,476,519,,,,,,,,0,0
2024,2024-12-24,Southbound,Light Vehicles,,,,,57,164,270,322,377,387,412,437,481,463,399,409,446,413,523,428,398,413,347,237,0,0
2024,2024-12-24,Southbound,Heavy Vehicles,,,,,10,17,47,51,45,55,66,68,61,55,48,48,35,32,31,22,26,24,17,9,0,0
2024,2024-12-24,Southbound,All Vehicles,,,,,67,181,317,373,422,442,478,505,542,518,447,457,481,445,554,450,424,437,364,246,0,0
2024,2024-12-25,Southbound,Heavy Vehicles,8,6,3,4,2,2,2,7,9,9,16,13,14,13,14,11,15,12,11,12,11,11,10,7,0,0
2024,2024-12-25,Southbound,Light Vehicles,106,66,39,27,24,53,73,71,96,144,188,246,250,187,160,154,182,175,186,164,164,175,151,154,0,0
2024,2024-12-25,Southbound,All Vehicles,114,72,42,31,26,55,75,78,105,153,204,259,264,200,174,165,197,187,197,176,175,186,161,161,0,0
2024,2024-12-27,Southbound,Heavy Vehicles,10,2,7,3,11,9,41,29,45,46,46,50,45,40,45,45,34,24,38,23,23,25,24,20,0,0
2024,2024-12-27,Southbound,Light Vehicles,150,87,44,52,61,110,193,206,293,329,349,409,451,399,413,362,389,371,428,362,363,368,286,237,0,0
2024,2024-12-27,Southbound,All Vehicles,160,89,51,55,72,119,234,235,338,375,395,459,496,439,458,407,423,395,466,385,386,393,310,257,0,0
2024,2024-12-29,Southbound,Heavy Vehicles,,,,,3,6,12,20,18,24,31,30,17,25,31,18,19,23,25,28,32,32,25,14,0,0
2024,2024-12-29,Southbound,Light Vehicles,,,,,51,80,142,166,229,318,413,450,400,404,343,357,379,419,386,379,348,396,307,228,0,0
2024,2024-12-29,Southbound,All Vehicles,,,,,54,86,154,186,247,342,444,480,417,429,374,375,398,442,411,407,380,428,332,242,0,0
2024,2024-12-30,Southbound,Heavy Vehicles,2,3,4,,5,3,16,11,10,30,25,18,16,24,27,20,9,20,18,13,11,13,12,5,0,0
2024,2024-12-30,Southbound,Light Vehicles,52,21,20,12,15,43,75,157,163,197,228,257,265,251,262,249,232,261,258,222,196,203,166,104,0,0
2024,2024-12-30,Southbound,All Vehicles,54,24,24,12,20,46,91,168,173,227,253,275,281,275,289,269,241,281,276,235,207,216,178,109,0,0
2024,2024-12-31,Southbound,Light Vehicles,147,102,52,43,58,123,203,254,298,338,375,417,414,417,422,431,406,448,434,418,330,321,290,230,0,0
2024,2024-12-31,Southbound,Heavy Vehicles,18,5,9,4,8,20,31,37,35,54,43,40,44,45,42,45,31,38,31,30,22,23,13,17,0,0
2024,2024-12-31,Southbound,All Vehicles,165,107,61,47,66,143,234,291,333,392,418,457,458,462,464,476,437,486,465,448,352,344,303,247,0,0
2025,2025-01-02,Southbound,Light Vehicles,,,,,58,111,210,256,295,326,345,390,406,398,401,414,406,402,394,336,334,331,309,186,0,0
2025,2025-01-02,Southbound,Heavy Vehicles,,,,,8,14,30,37,44,49,48,47,43,44,61,56,44,24,20,31,27,26,12,10,0,0
2025,2025-01-02,Southbound,All Vehicles,,,,,66,125,240,293,339,375,393,437,449,442,462,470,450,426,414,367,361,357,321,196,0,0
2025,2025-01-03,Southbound,Heavy Vehicles,1,4,3,5,2,5,11,14,16,17,23,14,29,29,18,30,14,20,18,17,11,15,3,5,0,0
2025,2025-01-03,Southbound,Light Vehicles,41,31,14,15,25,41,79,119,193,180,212,227,282,247,259,247,257,224,266,207,182,171,155,116,0,0
2025,2025-01-03,Southbound,All Vehicles,42,35,17,20,27,46,90,133,209,197,235,241,311,276,277,277,271,244,284,224,193,186,158,121,0,0
2025,2025-01-05,Southbound,Heavy Vehicles,14,8,7,4,7,7,6,16,17,34,24,29,33,25,33,23,21,40,22,18,26,26,12,14,0,0
2025,2025-01-05,Southbound,Light Vehicles,171,120,83,56,57,95,159,223,285,396,424,406,457,407,368,376,383,391,399,349,369,317,262,168,0,0
2025,2025-01-05,Southbound,All Vehicles,185,128,90,60,64,102,165,239,302,430,448,435,490,432,401,399,404,431,421,367,395,343,274,182,0,0
2025,2025-01-06,Southbound,Heavy Vehicles,4,8,7,6,8,17,47,56,52,58,59,67,65,69,72,50,52,34,36,33,17,20,21,7,0,0
2025,2025-01-06,Southbound,Light Vehicles,120,60,52,43,69,158,332,337,378,410,418,384,440,429,443,457,405,467,406,341,326,299,244,132,0,0
2025,2025-01-06,Southbound,All Vehicles,124,68,59,49,77,175,379,393,430,468,477,451,505,498,515,507,457,501,442,374,343,319,265,139,0,0
2025,2025-01-07,Southbound,Heavy Vehicles,9,5,4,6,8,19,52,40,60,74,58,66,59,79,61,50,54,41,35,31,25,13,20,9,0,0
2025,2025-01-07,Southbound,Light Vehicles,100,45,33,43,67,156,325,318,409,372,396,430,463,466,475,459,452,499,425,341,360,304,280,150,0,0
2025,2025-01-07,Southbound,All Vehicles,109,50,37,49,75,175,377,358,469,446,454,496,522,545,536,509,506,540,460,372,385,317,300,159,0,0
2025,2025-01-08,Southbound,Heavy Vehicles,6,2,5,5,11,28,55,48,67,65,68,65,63,76,86,57,42,36,29,26,18,27,19,10,0,0
2025,2025-01-08,Southbound,Light Vehicles,81,54,33,48,67,192,362,364,376,357,404,448,427,448,413,427,424,480,451,333,289,349,249,167,0,0
2025,2025-01-08,Southbound,All Vehicles,87,56,38,53,78,220,417,412,443,422,472,513,490,524,499,484,466,516,480,359,307,376,268,177,0,0
2025,2025-01-10,Southbound,Light Vehicles,,,,,35,110,172,178,164,154,164,150,165,182,152,181,177,169,179,177,189,175,147,155,0,0
2025,2025-01-10,Southbound,Heavy Vehicles,,,,,6,14,34,25,32,27,36,27,27,27,34,36,18,14,22,14,8,8,11,14,0,0
2025,2025-01-10,Southbound,All Vehicles,,,,,41,124,206,203,196,181,200,177,192,209,186,217,195,183,201,191,197,183,158,169,0,0
2025,2025-01-11,Southbound,Light Vehicles,164,95,66,56,54,105,215,235,331,358,384,367,250,440,433,435,467,475,485,444,363,388,351,277,0,0
2025,2025-01-11,Southbound,Heavy Vehicles,12,8,10,7,3,10,19,30,27,44,30,47,36,33,35,35,28,25,36,23,33,16,26,10,0,0
2025,2025-01-11,Southbound,All Vehicles,176,103,76,63,57,115,234,265,358,402,414,414,286,473,468,470,495,500,521,467,396,404,377,287,0,0
2025,2025-01-12,Southbound,Light Vehicles,199,126,72,70,51,112,153,193,266,387,414,428,462,438,419,401,411,420,427,367,383,327,287,166,0,0
2025,2025-01-12,Southbound,Heavy Vehicles,11,14,8,7,3,6,7,14,22,21,19,27,40,28,33,34,25,20,22,31,23,29,23,11,0,0
2025,2025-01-12,Southbound,All Vehicles,210,140,80,77,54,118,160,207,288,408,433,455,502,466,452,435,436,440,449,398,406,356,310,177,0,0
2025,2025-01-13,Southbound,Light Vehicles,78,48,30,35,53,126,212,179,164,138,140,177,172,158,157,140,156,166,186,176,155,173,142,91,0,0
2025,2025-01-13,Southbound,Heavy Vehicles,8,2,4,4,7,23,35,31,28,38,38,47,42,38,42,32,20,16,19,16,14,21,12,15,0,0
2025,2025-01-13,Southbound,All Vehicles,86,50,34,39,60,149,247,210,192,176,178,224,214,196,199,172,176,182,205,192,169,194,154,106,0,0
2025,2025-01-14,Southbound,Light Vehicles,121,46,34,49,69,212,434,432,444,422,429,410,435,408,433,470,472,513,462,367,365,359,279,165,0,0
2025,2025-01-14,Southbound,Heavy Vehicles,5,7,9,7,19,25,60,51,69,68,79,76,90,70,77,56,45,35,41,39,29,35,25,15,0,0
2025,2025-01-14,Southbound,All Vehicles,126,53,43,56,88,237,494,483,513,490,508,486,525,478,510,526,517,548,503,406,394,394,304,180,0,0
2025,2025-01-15,Southbound,Light Vehicles,119,50,43,49,75,232,443,435,405,425,432,449,406,441,383,473,471,481,470,399,126,75,222,128,0,0
2025,2025-01-15,Southbound,Heavy Vehicles,4,8,3,8,15,33,87,66,62,71,100,86,90,59,79,69,49,45,34,35,14,8,25,15,0,0
2025,2025-01-15,Southbound,All Vehicles,123,58,46,57,90,265,530,501,467,496,532,535,496,500,462,542,520,526,504,434,140,83,247,143,0,0
2025,2025-01-16,Southbound,Heavy Vehicles,6,6,8,7,17,23,63,53,71,81,76,73,84,76,89,69,46,40,39,34,28,26,16,11,0,0
2025,2025-01-16,Southbound,Light Vehicles,97,49,33,31,78,205,402,316,423,415,391,398,424,439,431,453,464,520,420,373,352,333,286,178,0,0
2025,2025-01-16,Southbound,All Vehicles,103,55,41,38,95,228,465,369,494,496,467,471,508,515,520,522,510,560,459,407,380,359,302,189,0,0
2025,2025-01-18,Southbound,Light Vehicles,168,87,44,41,52,110,231,239,295,368,387,485,473,452,457,443,450,453,478,422,358,368,342,265,0,0
2025,2025-01-18,Southbound,Heavy Vehicles,12,11,5,8,3,10,23,35,28,47,35,43,48,44,39,47,42,38,33,30,23,21,22,22,0,0
2025,2025-01-18,Southbound,All Vehicles,180,98,49,49,55,120,254,274,323,415,422,528,521,496,496,490,492,491,511,452,381,389,364,287,0,0
2025,2025-01-20,Southbound,Heavy Vehicles,8,9,7,4,10,30,77,68,72,64,87,85,79,78,83,57,50,40,,,,,,,0,0
2025,2025-01-20,Southbound,Light Vehicles,111,62,36,43,84,229,425,425,420,421,431,458,439,461,456,461,454,473,,,,,,,0,0
2025,2025-01-20,Southbound,All Vehicles,119,71,43,47,94,259,502,493,492,485,518,543,518,539,539,518,504,513,,,,,,,0,0
2025,2025-01-21,Southbound,Heavy Vehicles,,,,6,12,23,73,77,73,65,71,78,72,81,84,64,67,35,41,39,31,29,25,11,0,0
2025,2025-01-21,Southbound,Light Vehicles,,,,48,81,206,456,455,439,403,419,431,454,452,462,468,463,508,439,455,354,339,261,164,0,0
2025,2025-01-21,Southbound,All Vehicles,,,,54,93,229,529,532,512,468,490,509,526,533,546,532,530,543,480,494,385,368,286,175,0,0
2025,2025-01-22,Southbound,Light Vehicles,85,52,40,36,85,235,418,387,364,405,410,465,281,388,467,432,460,546,491,409,375,369,263,153,0,0
2025,2025-01-22,Southbound,Heavy Vehicles,8,7,5,5,16,23,82,55,52,76,81,74,34,63,79,72,58,28,37,26,30,20,22,12,0,0
2025,2025-01-22,Southbound,All Vehicles,93,59,45,41,101,258,500,442,416,481,491,539,315,451,546,504,518,574,528,435,405,389,285,165,0,0
2025,2025-01-23,Southbound,Light Vehicles,110,56,23,48,77,220,466,457,473,399,418,428,421,444,463,473,494,498,476,419,373,378,289,183,0,0
2025,2025-01-23,Southbound,Heavy Vehicles,6,5,8,6,16,22,61,76,77,69,93,78,56,79,62,59,62,40,33,36,28,24,16,22,0,0
2025,2025-01-23,Southbound,All Vehicles,116,61,31,54,93,242,527,533,550,468,511,506,477,523,525,532,556,538,509,455,401,402,305,205,0,0
2025,2025-01-25,Southbound,Light Vehicles,168,92,60,54,54,112,233,285,343,396,437,495,466,525,499,458,450,490,499,400,410,387,339,306,0,0
2025,2025-01-25,Southbound,Heavy Vehicles,6,7,10,3,10,13,27,34,39,46,45,59,34,37,37,37,22,32,29,26,24,24,18,12,0,0
2025,2025-01-25,Southbound,All Vehicles,174,99,70,57,64,125,260,319,382,442,482,554,500,562,536,495,472,522,528,426,434,411,357,318,0,0
2025,2025-01-26,Southbound,Heavy Vehicles,11,7,4,4,8,13,9,19,21,21,31,29,27,34,25,29,23,30,30,24,25,33,20,17,0,0
2025,2025-01-26,Southbound,Light Vehicles,193,107,67,48,65,104,169,218,338,380,465,470,466,443,449,422,460,406,413,406,398,356,324,214,0,0
2025,2025-01-26,Southbound,All Vehicles,204,114,71,52,73,117,178,237,359,401,496,499,493,477,474,451,483,436,443,430,423,389,344,231,0,0
2025,2025-01-27,Southbound,Heavy Vehicles,9,5,3,5,3,9,10,10,13,24,15,19,24,20,19,15,9,13,13,16,10,15,12,8,0,0
2025,2025-01-27,Southbound,Light Vehicles,105,63,29,27,34,42,95,77,108,150,161,196,187,197,177,194,176,174,206,142,174,186,131,110,0,0
2025,2025-01-27,Southbound,All Vehicles,114,68,32,32,37,51,105,87,121,174,176,215,211,217,196,209,185,187,219,158,184,201,143,118,0,0
2025,2025-01-28,Southbound,Light Vehicles,85,49,33,34,33,,406,435,471,420,445,439,442,412,447,421,462,409,440,338,335,336,268,179,0,0
2025,2025-01-28,Southbound,Heavy Vehicles,8,10,2,6,7,,82,64,80,74,87,72,85,73,70,49,51,45,42,44,28,26,28,7,0,0
2025,2025-01-28,Southbound,All Vehicles,93,59,35,40,40,,488,499,551,494,532,511,527,485,517,470,513,454,482,382,363,362,296,186,0,0
2025,2025-01-29,Southbound,Heavy Vehicles,3,1,2,3,10,20,42,45,28,48,44,35,40,38,42,26,21,15,21,14,19,23,13,12,0,0
2025,2025-01-29,Southbound,Light Vehicles,65,41,27,33,53,129,197,188,146,148,143,203,147,172,153,138,140,173,217,206,157,173,139,105,0,0
2025,2025-01-29,Southbound,All Vehicles,68,42,29,36,63,149,239,233,174,196,187,238,187,210,195,164,161,188,238,220,176,196,152,117,0,0
2025,2025-01-30,Southbound,Light Vehicles,92,58,38,55,70,211,397,424,449,459,403,443,466,415,449,474,454,450,476,381,377,404,278,170,0,0
2025,2025-01-30,Southbound,Heavy Vehicles,9,7,6,5,10,36,60,80,77,71,88,88,86,73,74,74,46,41,43,41,43,34,21,15,0,0
2025,2025-01-30,Southbound,All Vehicles,101,65,44,60,80,247,457,504,526,530,491,531,552,488,523,548,500,491,519,422,420,438,299,185,0,0
2025,2025-02-01,Southbound,Light Vehicles,,,,,,,,,,,,,,,,,,191,229,185,197,202,183,196,0,0
2025,2025-02-01,Southbound,Heavy Vehicles,,,,,,,,,,,,,,,,,,18,16,13,16,10,14,15,0,0
2025,2025-02-01,Southbound,All Vehicles,,,,,,,,,,,,,,,,,,209,245,198,213,212,197,211,0,0
2025,2025-02-02,Southbound,Light Vehicles,239,112,79,68,,,,,,,,497,534,502,444,423,391,469,478,395,369,421,325,186,0,0
2025,2025-02-02,Southbound,Heavy Vehicles,24,9,6,5,,,,,,,,27,39,28,35,30,21,29,23,23,19,26,24,10,0,0
2025,2025-02-02,Southbound,All Vehicles,263,121,85,73,,,,,,,,524,573,530,479,453,412,498,501,418,388,447,349,196,0,0
2025,2025-02-03,Southbound,Heavy Vehicles,4,3,2,3,4,6,26,29,32,33,46,40,29,31,45,30,32,23,15,19,20,10,6,3,0,0
2025,2025-02-03,Southbound,Light Vehicles,35,17,13,18,28,74,185,277,300,259,261,271,223,224,306,334,344,364,244,231,208,175,116,56,0,0
2025,2025-02-03,Southbound,All Vehicles,39,20,15,21,32,80,211,306,332,292,307,311,252,255,351,364,376,387,259,250,228,185,122,59,0,0
2025,2025-02-05,Southbound,Light Vehicles,52,31,36,29,,,,,,,,147,181,163,167,187,112,120,217,185,168,167,135,114,0,0
2025,2025-02-05,Southbound,Heavy Vehicles,5,4,6,6,,,,,,,,53,36,51,47,37,25,14,20,16,20,12,7,8,0,0
2025,2025-02-05,Southbound,All Vehicles,57,35,42,35,,,,,,,,200,217,214,214,224,137,134,237,201,188,179,142,122,0,0
2025,2025-02-06,Southbound,Light Vehicles,95,49,32,43,73,242,441,470,508,467,417,431,464,470,486,385,467,415,498,370,409,365,275,156,0,0
2025,2025-02-06,Southbound,Heavy Vehicles,9,5,4,5,13,24,71,57,63,72,79,77,106,79,80,72,57,38,46,37,33,20,18,9,0,0
2025,2025-02-06,Southbound,All Vehicles,104,54,36,48,86,266,512,527,571,539,496,508,570,549,566,457,524,453,544,407,442,385,293,165,0,0
2025,2025-02-07,Southbound,Heavy Vehicles,1,1,4,2,4,10,29,28,33,45,36,56,41,21,41,45,30,22,24,21,12,14,9,12,0,0
2025,2025-02-07,Southbound,Light Vehicles,31,21,9,16,21,85,208,269,363,291,280,273,291,241,314,301,311,336,301,256,229,197,175,102,0,0
2025,2025-02-07,Southbound,All Vehicles,32,22,13,18,25,95,237,297,396,336,316,329,332,262,355,346,341,358,325,277,241,211,184,114,0,0
2025,2025-02-11,Southbound,Light Vehicles,89,54,42,37,83,230,433,471,566,460,443,431,397,451,469,450,436,,,,,,,,0,0
2025,2025-02-11,Southbound,Heavy Vehicles,16,5,6,5,10,17,69,78,71,67,86,80,82,87,76,59,57,,,,,,,,0,0
2025,2025-02-11,Southbound,All Vehicles,105,59,48,42,93,247,502,549,637,527,529,511,479,538,545,509,493,,,,,,,,0,0
2025,2025-02-12,Southbound,Heavy Vehicles,7,3,3,9,8,23,80,85,74,66,78,103,82,78,79,59,39,44,36,38,29,33,31,14,0,0
2025,2025-02-12,Southbound,Light Vehicles,84,51,26,43,76,223,371,447,486,456,409,455,434,470,485,467,436,409,498,400,375,405,261,169,0,0
2025,2025-02-12,Southbound,All Vehicles,91,54,29,52,84,246,451,532,560,522,487,558,516,548,564,526,475,453,534,438,404,438,292,183,0,0
2025,2025-02-14,Southbound,Light Vehicles,,,,,19,90,209,259,357,329,302,286,262,313,325,364,339,,,,,,,,0,0
2025,2025-02-14,Southbound,Heavy Vehicles,,,,,2,16,30,40,42,41,34,42,36,35,39,34,21,,,,,,,,0,0
2025,2025-02-14,Southbound,All Vehicles,,,,,21,106,239,299,399,370,336,328,298,348,364,398,360,,,,,,,,0,0
2025,2025-02-16,Southbound,Heavy Vehicles,15,4,5,8,,,,,,,,39,34,31,40,26,33,36,30,36,23,24,26,14,0,0
2025,2025-02-16,Southbound,Light Vehicles,203,120,54,57,,,,,,,,516,536,493,434,471,450,461,483,414,415,388,287,173,0,0
2025,2025-02-16,Southbound,All Vehicles,218,124,59,65,,,,,,,,555,570,524,474,497,483,497,513,450,438,412,313,187,0,0
2025,2025-02-19,Southbound,Light Vehicles,,,,,33,84,212,316,339,308,284,289,288,279,309,321,339,,,,,,,,0,0
2025,2025-02-19,Southbound,Heavy Vehicles,,,,,5,10,29,45,42,34,38,44,39,43,42,34,24,,,,,,,,0,0
2025,2025-02-19,Southbound,All Vehicles,,,,,38,94,241,361,381,342,322,333,327,322,351,355,363,,,,,,,,0,0
2025,2025-02-20,Southbound,Light Vehicles,,,,,93,230,425,494,498,479,422,419,427,510,465,430,448,493,477,394,366,418,297,175,0,0
2025,2025-02-20,Southbound,Heavy Vehicles,,,,,10,39,78,70,74,63,80,77,79,74,70,72,43,41,46,40,35,29,17,10,0,0
2025,2025-02-20,Southbound,All Vehicles,,,,,103,269,503,564,572,542,502,496,506,584,535,502,491,534,523,434,401,447,314,185,0,0
2025,2025-02-21,Southbound,Light Vehicles,49,14,17,13,23,88,231,295,347,263,269,277,273,283,323,306,339,,,,,,,,0,0
2025,2025-02-21,Southbound,Heavy Vehicles,5,2,1,2,2,12,35,43,34,45,40,43,35,38,50,32,26,,,,,,,,0,0
2025,2025-02-21,Southbound,All Vehicles,54,16,18,15,25,100,266,338,381,308,309,320,308,321,373,338,365,,,,,,,,0,0
2025,2025-02-24,Southbound,Heavy Vehicles,1,1,2,1,,,,,,,,40,48,45,44,33,34,22,24,21,14,6,5,9,0,0
2025,2025-02-24,Southbound,Light Vehicles,28,14,7,19,,,,,,,,305,295,280,348,306,293,318,294,214,221,172,116,53,0,0
2025,2025-02-24,Southbound,All Vehicles,29,15,9,20,,,,,,,,345,343,325,392,339,327,340,318,235,235,178,121,62,0,0
2025,2025-02-25,Southbound,Light Vehicles,80,44,30,32,70,238,434,485,481,471,417,396,382,397,455,452,440,,,,,,,,0,0
2025,2025-02-25,Southbound,Heavy Vehicles,6,3,3,7,12,32,76,75,67,82,86,74,73,68,71,54,48,,,,,,,,0,0
2025,2025-02-25,Southbound,All Vehicles,86,47,33,39,82,270,510,560,548,553,503,470,455,465,526,506,488,,,,,,,,0,0
2025,2025-02-26,Southbound,Heavy Vehicles,,,,,15,29,83,59,69,75,88,91,70,85,87,52,55,34,45,44,28,20,11,10,0,0
2025,2025-02-26,Southbound,Light Vehicles,,,,,77,230,397,499,530,465,457,402,447,431,475,441,491,500,473,457,400,416,278,177,0,0
2025,2025-02-26,Southbound,All Vehicles,,,,,92,259,480,558,599,540,545,493,517,516,562,493,546,534,518,501,428,436,289,187,0,0
2025,2025-02-27,Southbound,Light Vehicles,108,45,29,55,83,239,434,491,518,444,456,460,440,479,484,403,465,466,490,495,398,400,314,189,0,0
2025,2025-02-27,Southbound,Heavy Vehicles,10,5,3,11,15,33,76,96,78,68,84,85,94,71,64,61,55,53,46,40,38,27,25,14,0,0
2025,2025-02-27,Southbound,All Vehicles,118,50,32,66,98,272,510,587,596,512,540,545,534,550,548,464,520,519,536,535,436,427,339,203,0,0
2025,2025-03-01,Southbound,Heavy Vehicles,11,10,3,3,4,14,36,53,40,59,46,62,44,43,48,37,32,32,36,27,28,22,23,22,0,0
2025,2025-03-01,Southbound,Light Vehicles,166,108,60,58,53,114,260,264,419,455,456,473,488,485,491,457,425,478,565,397,367,380,381,303,0,0
2025,2025-03-01,Southbound,All Vehicles,177,118,63,61,57,128,296,317,459,514,502,535,532,528,539,494,457,510,601,424,395,402,404,325,0,0
2025,2025-03-02,Southbound,Light Vehicles,206,128,83,75,68,114,159,200,275,395,415,502,441,423,417,447,398,419,429,351,344,370,324,193,0,0
2025,2025-03-02,Southbound,Heavy Vehicles,17,11,10,11,5,12,10,19,20,34,37,30,45,20,36,20,28,30,32,20,24,21,26,7,0,0
2025,2025-03-02,Southbound,All Vehicles,223,139,93,86,73,126,169,219,295,429,452,532,486,443,453,467,426,449,461,371,368,391,350,200,0,0
2025,2025-03-05,Southbound,Light Vehicles,125,73,48,46,84,239,312,473,528,436,441,410,433,394,476,436,431,456,483,367,354,410,339,224,0,0
2025,2025-03-05,Southbound,Heavy Vehicles,13,8,5,4,13,31,45,70,61,90,85,77,76,83,88,59,44,34,41,33,20,26,21,26,0,0
2025,2025-03-05,Southbound,All Vehicles,138,81,53,50,97,270,357,543,589,526,526,487,509,477,564,495,475,490,524,400,374,436,360,250,0,0
2025,2025-03-06,Southbound,Heavy Vehicles,13,11,10,8,16,24,68,70,56,55,86,77,88,72,76,50,57,47,42,41,23,33,18,14,0,0
2025,2025-03-06,Southbound,Light Vehicles,154,76,45,58,96,226,414,480,520,422,404,409,441,486,466,443,445,449,462,417,373,403,347,187,0,0
2025,2025-03-06,Southbound,All Vehicles,167,87,55,66,112,250,482,550,576,477,490,486,529,558,542,493,502,496,504,458,396,436,365,201,0,0
2025,2025-03-07,Southbound,Heavy Vehicles,17,7,9,8,10,30,75,85,73,68,88,86,68,82,63,48,48,50,47,43,38,25,29,24,0,0
2025,2025-03-07,Southbound,Light Vehicles,135,94,59,53,84,252,405,461,465,435,433,405,456,431,447,442,468,428,491,441,428,434,425,299,0,0
2025,2025-03-07,Southbound,All Vehicles,152,101,68,61,94,282,480,546,538,503,521,491,524,513,510,490,516,478,538,484,466,459,454,323,0,0
2025,2025-03-08,Southbound,Heavy Vehicles,14,12,10,3,5,22,29,39,39,45,54,28,48,42,36,43,37,27,28,15,23,37,30,25,0,0
2025,2025-03-08,Southbound,Light Vehicles,236,121,103,72,54,128,222,260,377,432,417,510,451,508,467,483,458,516,595,451,369,425,398,372,0,0
2025,2025-03-08,Southbound,All Vehicles,250,133,113,75,59,150,251,299,416,477,471,538,499,550,503,526,495,543,623,466,392,462,428,397,0,0
2025,2025-03-09,Southbound,Light Vehicles,231,176,101,75,76,106,145,168,264,345,393,,,,,454,444,420,500,379,392,426,331,219,0,0
2025,2025-03-09,Southbound,Heavy Vehicles,21,10,9,13,8,5,15,13,17,28,24,,,,,32,29,29,31,20,30,32,23,20,0,0
2025,2025-03-09,Southbound,All Vehicles,252,186,110,88,84,111,160,181,281,373,417,,,,,486,473,449,531,399,422,458,354,239,0,0
2025,2025-03-11,Southbound,Heavy Vehicles,19,11,4,10,20,20,68,72,77,66,86,83,85,89,65,60,52,43,36,20,23,31,22,22,0,0
2025,2025-03-11,Southbound,Light Vehicles,116,77,58,51,87,225,382,430,470,447,396,402,399,395,433,455,426,425,450,354,332,319,297,170,0,0
2025,2025-03-11,Southbound,All Vehicles,135,88,62,61,107,245,450,502,547,513,482,485,484,484,498,515,478,468,486,374,355,350,319,192,0,0
2025,2025-03-12,Southbound,Light Vehicles,112,63,47,55,79,239,397,466,490,428,404,379,377,457,486,428,408,423,459,384,376,374,350,243,0,0
2025,2025-03-12,Southbound,Heavy Vehicles,18,9,5,9,13,22,81,78,58,83,87,75,69,66,72,60,37,36,44,42,29,32,23,16,0,0
2025,2025-03-12,Southbound,All Vehicles,130,72,52,64,92,261,478,544,548,511,491,454,446,523,558,488,445,459,503,426,405,406,373,259,0,0
2025,2025-03-13,Southbound,Heavy Vehicles,18,13,5,8,18,19,72,78,54,77,86,88,74,87,64,77,40,38,34,33,32,35,23,26,0,0
2025,2025-03-13,Southbound,Light Vehicles,141,89,57,69,85,245,415,492,500,451,425,433,411,458,471,463,470,460,458,373,375,409,330,227,0,0
2025,2025-03-13,Southbound,All Vehicles,159,102,62,77,103,264,487,570,554,528,511,521,485,545,535,540,510,498,492,406,407,444,353,253,0,0
2025,2025-03-14,Southbound,Heavy Vehicles,25,11,8,9,10,21,74,59,81,82,86,81,88,72,71,72,37,38,35,29,29,40,24,21,0,0
2025,2025-03-14,Southbound,Light Vehicles,146,80,55,62,91,221,414,445,509,465,391,434,432,423,414,443,399,441,501,438,414,462,388,340,0,0
2025,2025-03-14,Southbound,All Vehicles,171,91,63,71,101,242,488,504,590,547,477,515,520,495,485,515,436,479,536,467,443,502,412,361,0,0
2025,2025-03-15,Southbound,Heavy Vehicles,14,10,10,9,8,15,27,42,30,34,44,50,45,44,35,34,25,25,31,32,22,22,28,29,0,0
2025,2025-03-15,Southbound,Light Vehicles,199,133,90,83,67,127,218,284,399,449,439,506,420,502,483,436,414,473,601,427,399,419,461,348,0,0
2025,2025-03-15,Southbound,All Vehicles,213,143,100,92,75,142,245,326,429,483,483,556,465,546,518,470,439,498,632,459,421,441,489,377,0,0
2025,2025-03-17,Southbound,Heavy Vehicles,,,,,,,,,,,,35,27,35,41,38,22,17,30,14,9,14,9,5,0,0
2025,2025-03-17,Southbound,Light Vehicles,,,,,,,,,,,,261,234,268,336,364,286,295,296,191,223,201,164,91,0,0
2025,2025-03-17,Southbound,All Vehicles,,,,,,,,,,,,296,261,303,377,402,308,312,326,205,232,215,173,96,0,0
2025,2025-03-18,Southbound,Light Vehicles,116,71,55,55,84,237,462,481,523,439,434,397,403,414,426,467,408,408,464,361,385,391,330,208,0,0
2025,2025-03-18,Southbound,Heavy Vehicles,6,7,5,8,25,28,75,70,54,68,79,54,78,72,79,67,47,41,46,32,27,42,28,21,0,0
2025,2025-03-18,Southbound,All Vehicles,122,78,60,63,109,265,537,551,577,507,513,451,481,486,505,534,455,449,510,393,412,433,358,229,0,0
2025,2025-03-19,Southbound,Light Vehicles,107,74,60,67,84,223,407,466,481,433,410,441,426,422,442,416,397,455,498,383,402,417,362,227,0,0
2025,2025-03-19,Southbound,Heavy Vehicles,16,9,7,10,19,29,85,78,63,77,74,78,96,83,62,68,52,46,48,37,26,30,30,16,0,0
2025,2025-03-19,Southbound,All Vehicles,123,83,67,77,103,252,492,544,544,510,484,519,522,505,504,484,449,501,546,420,428,447,392,243,0,0
2025,2025-03-20,Southbound,Light Vehicles,152,76,52,69,101,228,387,480,502,460,424,445,446,441,449,449,398,472,503,377,436,418,342,201,0,0
2025,2025-03-20,Southbound,Heavy Vehicles,13,7,9,10,14,27,71,65,61,63,103,97,89,76,86,52,50,32,35,37,36,25,23,10,0,0
2025,2025-03-20,Southbound,All Vehicles,165,83,61,79,115,255,458,545,563,523,527,542,535,517,535,501,448,504,538,414,472,443,365,211,0,0
2025,2025-03-21,Southbound,Heavy Vehicles,13,16,14,6,14,29,81,78,70,79,91,90,77,83,67,68,55,35,40,29,32,35,39,23,0,0
2025,2025-03-21,Southbound,Light Vehicles,159,78,72,75,70,221,432,455,479,370,390,428,445,411,417,426,462,513,518,413,476,451,425,284,0,0
2025,2025-03-21,Southbound,All Vehicles,172,94,86,81,84,250,513,533,549,449,481,518,522,494,484,494,517,548,558,442,508,486,464,307,0,0
2025,2025-03-22,Southbound,Heavy Vehicles,18,9,8,3,8,12,30,36,40,44,46,42,37,48,48,42,38,39,50,26,29,23,31,27,0,0
2025,2025-03-22,Southbound,Light Vehicles,213,119,80,88,76,126,253,308,401,420,505,468,509,500,483,459,473,523,540,410,401,424,383,328,0,0
2025,2025-03-22,Southbound,All Vehicles,231,128,88,91,84,138,283,344,441,464,551,510,546,548,531,501,511,562,590,436,430,447,414,355,0,0
2025,2025-03-23,Southbound,Heavy Vehicles,18,18,14,6,9,7,8,12,18,22,31,21,32,25,26,33,35,28,30,21,31,34,33,17,0,0
2025,2025-03-23,Southbound,Light Vehicles,240,169,108,83,88,107,154,163,261,361,415,411,439,433,439,474,406,445,518,347,430,407,344,192,0,0
2025,2025-03-23,Southbound,All Vehicles,258,187,122,89,97,114,162,175,279,383,446,432,471,458,465,507,441,473,548,368,461,441,377,209,0,0
2025,2025-03-24,Southbound,Heavy Vehicles,12,7,13,6,16,34,76,69,67,81,84,,,,,,,40,36,22,19,30,17,14,0,0
2025,2025-03-24,Southbound,Light Vehicles,136,83,53,60,90,238,412,454,458,436,418,,,,,,,500,486,338,415,380,304,191,0,0
2025,2025-03-24,Southbound,All Vehicles,148,90,66,66,106,272,488,523,525,517,502,,,,,,,540,522,360,434,410,321,205,0,0
2025,2025-03-25,Southbound,Light Vehicles,136,85,58,70,85,238,448,454,506,396,403,410,405,486,399,428,472,494,481,325,393,382,288,177,0,0
2025,2025-03-25,Southbound,Heavy Vehicles,15,10,13,8,17,30,80,83,64,84,81,94,66,81,69,49,58,40,49,39,18,29,31,19,0,0
2025,2025-03-25,Southbound,All Vehicles,151,95,71,78,102,268,528,537,570,480,484,504,471,567,468,477,530,534,530,364,411,411,319,196,0,0
2025,2025-03-27,Southbound,Heavy Vehicles,14,16,14,9,15,27,74,65,70,60,70,69,77,80,63,67,63,50,39,37,34,28,22,21,0,0
2025,2025-03-27,Southbound,Light Vehicles,144,102,81,75,125,243,452,479,472,401,411,409,450,453,475,474,409,440,509,376,400,409,359,211,0,0
2025,2025-03-27,Southbound,All Vehicles,158,118,95,84,140,270,526,544,542,461,481,478,527,533,538,541,472,490,548,413,434,437,381,232,0,0
2025,2025-03-28,Southbound,Light Vehicles,147,95,68,75,79,210,435,471,474,422,421,437,474,442,467,405,451,447,534,428,399,412,410,314,0,0
2025,2025-03-28,Southbound,Heavy Vehicles,13,7,5,6,19,28,78,71,54,68,79,96,77,79,65,63,59,39,49,32,34,30,30,20,0,0
2025,2025-03-28,Southbound,All Vehicles,160,102,73,81,98,238,513,542,528,490,500,533,551,521,532,468,510,486,583,460,433,442,440,334,0,0
2025,2025-03-29,Southbound,Heavy Vehicles,17,14,19,7,8,15,32,35,26,38,55,34,46,50,37,44,38,31,51,26,27,26,48,17,0,0
2025,2025-03-29,Southbound,Light Vehicles,241,128,79,78,68,116,191,225,316,376,377,458,398,478,533,473,485,471,580,370,391,379,404,300,0,0
2025,2025-03-29,Southbound,All Vehicles,258,142,98,85,76,131,223,260,342,414,432,492,444,528,570,517,523,502,631,396,418,405,452,317,0,0
2025,2025-03-30,Southbound,Light Vehicles,249,136,125,78,56,85,141,169,281,335,390,397,470,466,486,443,438,476,490,346,402,321,290,203,0,0
2025,2025-03-30,Southbound,Heavy Vehicles,24,15,10,13,3,7,9,16,16,23,27,25,31,30,22,22,31,24,31,29,24,27,14,17,0,0
2025,2025-03-30,Southbound,All Vehicles,273,151,135,91,59,92,150,185,297,358,417,422,501,496,508,465,469,500,521,375,426,348,304,220,0,0
2025,2025-03-31,Southbound,Light Vehicles,151,81,44,50,85,208,377,562,498,391,435,,,,,,,479,399,383,395,427,300,186,0,0
2025,2025-03-31,Southbound,Heavy Vehicles,12,10,7,5,11,21,59,74,65,68,87,,,,,,,38,26,42,31,27,16,14,0,0
2025,2025-03-31,Southbound,All Vehicles,163,91,51,55,96,229,436,636,563,459,522,,,,,,,517,425,425,426,454,316,200,0,0
2025,2025-04-01,Southbound,Light Vehicles,131,69,47,43,72,208,428,474,467,409,404,413,440,487,451,432,450,450,497,423,414,359,293,205,0,0
2025,2025-04-01,Southbound,Heavy Vehicles,10,8,3,8,13,23,75,75,68,61,82,87,73,91,72,60,44,38,36,36,28,30,20,10,0,0
2025,2025-04-01,Southbound,All Vehicles,141,77,50,51,85,231,503,549,535,470,486,500,513,578,523,492,494,488,533,459,442,389,313,215,0,0
2025,2025-04-03,Southbound,Light Vehicles,104,59,35,41,81,221,419,460,495,524,511,485,476,449,442,428,426,500,473,442,364,393,274,168,0,0
2025,2025-04-03,Southbound,Heavy Vehicles,7,4,9,7,12,23,61,84,57,84,88,96,85,83,77,50,41,45,40,40,26,25,22,16,0,0
2025,2025-04-03,Southbound,All Vehicles,111,63,44,48,93,244,480,544,552,608,599,581,561,532,519,478,467,545,513,482,390,418,296,184,0,0
2025,2025-04-04,Southbound,Light Vehicles,44,24,12,11,,,,,,,,274,329,283,318,305,344,336,379,332,264,176,183,111,0,0
2025,2025-04-04,Southbound,Heavy Vehicles,4,4,4,4,,,,,,,,43,40,34,33,30,23,31,24,22,23,20,7,3,0,0
2025,2025-04-04,Southbound,All Vehicles,48,28,16,15,,,,,,,,317,369,317,351,335,367,367,403,354,287,196,190,114,0,0
2025,2025-04-06,Southbound,Light Vehicles,,,,44,26,71,221,321,411,543,571,628,623,572,575,512,557,583,581,451,402,408,250,171,0,0
2025,2025-04-06,Southbound,Heavy Vehicles,,,,2,1,10,21,28,24,31,39,33,34,37,34,30,24,31,30,36,35,28,20,9,0,0
2025,2025-04-06,Southbound,All Vehicles,,,,46,27,81,242,349,435,574,610,661,657,609,609,542,581,614,611,487,437,436,270,180,0,0
2025,2025-04-07,Southbound,Heavy Vehicles,13,9,9,9,12,27,99,64,57,73,86,51,89,65,67,65,45,44,40,30,23,25,15,8,0,0
2025,2025-04-07,Southbound,Light Vehicles,94,45,31,37,79,234,470,454,488,451,439,451,451,436,434,481,428,459,448,400,344,356,266,152,0,0
2025,2025-04-07,Southbound,All Vehicles,107,54,40,46,91,261,569,518,545,524,525,502,540,501,501,546,473,503,488,430,367,381,281,160,0,0
2025,2025-04-08,Southbound,Light Vehicles,83,44,35,50,69,245,470,505,535,449,423,448,397,483,465,425,420,422,419,465,341,327,236,161,0,0
2025,2025-04-08,Southbound,Heavy Vehicles,9,3,8,11,13,33,90,83,47,92,72,60,86,68,84,49,45,43,47,42,33,15,16,19,0,0
2025,2025-04-08,Southbound,All Vehicles,92,47,43,61,82,278,560,588,582,541,495,508,483,551,549,474,465,465,466,507,374,342,252,180,0,0
2025,2025-04-09,Southbound,Heavy Vehicles,14,4,7,12,14,22,77,72,70,70,87,92,79,74,72,52,46,44,42,40,25,22,22,16,0,0
2025,2025-04-09,Southbound,Light Vehicles,57,57,45,59,83,247,420,497,460,486,469,437,461,482,460,471,443,463,465,429,366,318,289,171,0,0
2025,2025-04-09,Southbound,All Vehicles,71,61,52,71,97,269,497,569,530,556,556,529,540,556,532,523,489,507,507,469,391,340,311,187,0,0
2025,2025-04-10,Southbound,Heavy Vehicles,11,3,8,7,8,27,80,63,60,88,89,74,71,87,68,54,45,41,34,32,22,15,21,11,0,0
2025,2025-04-10,Southbound,Light Vehicles,92,56,32,58,78,231,457,476,446,412,417,384,427,482,441,432,447,496,414,408,366,343,292,159,0,0
2025,2025-04-10,Southbound,All Vehicles,103,59,40,65,86,258,537,539,506,500,506,458,498,569,509,486,492,537,448,440,388,358,313,170,0,0
2025,2025-04-11,Southbound,Light Vehicles,56,35,23,35,53,137,230,187,152,130,137,165,155,165,172,121,139,127,111,173,155,172,186,152,0,0
2025,2025-04-11,Southbound,Heavy Vehicles,5,4,5,4,15,26,60,37,23,39,41,43,42,43,43,26,21,20,15,16,12,12,12,15,0,0
2025,2025-04-11,Southbound,All Vehicles,61,39,28,39,68,163,290,224,175,169,178,208,197,208,215,147,160,147,126,189,167,184,198,167,0,0
2025,2025-04-13,Southbound,Heavy Vehicles,15,2,4,3,2,8,16,20,20,27,39,37,29,24,27,21,30,24,38,19,24,18,22,11,0,0
2025,2025-04-13,Southbound,Light Vehicles,166,86,72,53,58,85,180,245,368,455,492,502,511,471,439,464,455,480,491,413,355,346,258,158,0,0
2025,2025-04-13,Southbound,All Vehicles,181,88,76,56,60,93,196,265,388,482,531,539,540,495,466,485,485,504,529,432,379,364,280,169,0,0
2025,2025-04-14,Southbound,Heavy Vehicles,3,13,4,8,15,34,88,81,56,85,75,70,90,63,71,59,66,49,33,35,28,19,25,7,0,0
2025,2025-04-14,Southbound,Light Vehicles,84,65,31,46,87,222,447,501,391,440,414,387,440,446,424,448,458,511,499,401,348,339,249,148,0,0
2025,2025-04-14,Southbound,All Vehicles,87,78,35,54,102,256,535,582,447,525,489,457,530,509,495,507,524,560,532,436,376,358,274,155,0,0
2025,2025-04-15,Southbound,Light Vehicles,90,58,36,52,82,231,459,444,456,417,479,435,443,449,459,460,446,468,445,387,348,361,247,167,0,0
2025,2025-04-15,Southbound,Heavy Vehicles,5,8,6,4,14,41,63,71,68,70,74,99,78,81,80,75,47,49,39,32,32,22,19,17,0,0
2025,2025-04-15,Southbound,All Vehicles,95,66,42,56,96,272,522,515,524,487,553,534,521,530,539,535,493,517,484,419,380,383,266,184,0,0
2025,2025-04-16,Southbound,Heavy Vehicles,9,6,6,6,14,28,87,70,75,75,87,94,85,91,69,68,50,40,41,39,29,28,19,12,0,0
2025,2025-04-16,Southbound,Light Vehicles,75,57,46,53,72,234,447,484,463,424,428,440,452,441,473,422,498,476,478,457,341,393,285,167,0,0
2025,2025-04-16,Southbound,All Vehicles,84,63,52,59,86,262,534,554,538,499,515,534,537,532,542,490,548,516,519,496,370,421,304,179,0,0
2025,2025-04-17,Southbound,Heavy Vehicles,9,9,5,5,12,22,64,73,73,83,70,89,71,83,71,68,41,43,53,33,32,26,22,12,0,0
2025,2025-04-17,Southbound,Light Vehicles,107,56,38,53,89,235,430,491,460,474,434,446,476,505,490,486,524,477,484,426,398,385,319,222,0,0
2025,2025-04-17,Southbound,All Vehicles,116,65,43,58,101,257,494,564,533,557,504,535,547,588,561,554,565,520,537,459,430,411,341,234,0,0
2025,2025-04-18,Southbound,Light Vehicles,143,96,43,55,36,83,163,223,268,392,410,470,435,471,487,447,442,446,530,513,403,367,299,221,0,0
2025,2025-04-18,Southbound,Heavy Vehicles,8,8,5,4,6,17,19,35,30,44,33,36,43,29,44,31,24,35,31,31,26,23,18,11,0,0
2025,2025-04-18,Southbound,All Vehicles,151,104,48,59,42,100,182,258,298,436,443,506,478,500,531,478,466,481,561,544,429,390,317,232,0,0
2025,2025-04-19,Southbound,Heavy Vehicles,6,4,4,3,6,10,18,38,37,32,36,38,31,40,29,29,28,33,39,27,22,21,20,18,0,0
2025,2025-04-19,Southbound,Light Vehicles,132,108,48,42,39,87,202,265,344,381,449,475,541,512,492,453,506,539,561,447,352,341,324,260,0,0
2025,2025-04-19,Southbound,All Vehicles,138,112,52,45,45,97,220,303,381,413,485,513,572,552,521,482,534,572,600,474,374,362,344,278,0,0
2025,2025-04-20,Southbound,Heavy Vehicles,13,6,6,2,5,12,9,10,14,23,33,41,30,38,34,39,27,29,31,25,20,23,14,15,0,0
2025,2025-04-20,Southbound,Light Vehicles,220,137,88,58,55,98,160,268,277,401,500,506,552,480,429,457,446,494,512,421,353,367,258,215,0,0
2025,2025-04-20,Southbound,All Vehicles,233,143,94,60,60,110,169,278,291,424,533,547,582,518,463,496,473,523,543,446,373,390,272,230,0,0
2025,2025-04-21,Southbound,Heavy Vehicles,6,7,7,5,10,8,9,16,15,13,15,14,23,12,15,20,20,11,11,14,13,9,11,7,0,0
2025,2025-04-21,Southbound,Light Vehicles,90,53,33,26,30,54,85,132,117,137,173,180,171,180,185,182,188,189,184,174,135,184,116,101,0,0
2025,2025-04-21,Southbound,All Vehicles,96,60,40,31,40,62,94,148,132,150,188,194,194,192,200,202,208,200,195,188,148,193,127,108,0,0
2025,2025-04-22,Southbound,Heavy Vehicles,8,,3,3,15,26,45,59,65,70,76,62,74,58,84,58,43,49,32,44,37,23,18,7,0,0
2025,2025-04-22,Southbound,Light Vehicles,92,54,33,44,74,190,387,397,436,442,435,396,443,449,454,434,411,446,444,319,291,317,240,140,0,0
2025,2025-04-22,Southbound,All Vehicles,100,54,36,47,89,216,432,456,501,512,511,458,517,507,538,492,454,495,476,363,328,340,258,147,0,0
2025,2025-04-23,Southbound,Light Vehicles,88,42,36,42,76,201,408,425,434,453,472,486,416,456,451,417,497,467,437,408,330,318,260,165,0,0
2025,2025-04-23,Southbound,Heavy Vehicles,3,4,9,5,15,25,61,72,61,88,68,81,79,69,77,66,58,41,47,40,25,29,18,12,0,0
2025,2025-04-23,Southbound,All Vehicles,91,46,45,47,91,226,469,497,495,541,540,567,495,525,528,483,555,508,484,448,355,347,278,177,0,0
2025,2025-04-24,Southbound,Heavy Vehicles,10,6,5,4,11,31,65,66,74,84,73,63,70,79,62,62,43,46,55,29,22,14,28,16,0,0
2025,2025-04-24,Southbound,Light Vehicles,96,49,47,42,72,195,417,460,475,414,410,437,483,485,482,477,454,461,440,424,357,349,334,215,0,0
2025,2025-04-24,Southbound,All Vehicles,106,55,52,46,83,226,482,526,549,498,483,500,553,564,544,539,497,507,495,453,379,363,362,231,0,0
2025,2025-04-25,Southbound,Heavy Vehicles,8,9,6,6,7,14,20,23,26,25,23,30,25,36,29,23,28,42,34,32,33,22,19,11,0,0
2025,2025-04-25,Southbound,Light Vehicles,153,101,58,50,52,88,158,184,223,329,389,450,438,446,442,439,375,430,488,423,326,327,282,246,0,0
2025,2025-04-25,Southbound,All Vehicles,161,110,64,56,59,102,178,207,249,354,412,480,463,482,471,462,403,472,522,455,359,349,301,257,0,0
2025,2025-04-26,Southbound,Heavy Vehicles,11,10,7,2,3,10,28,34,34,48,42,37,31,34,32,37,36,27,27,19,16,24,18,11,0,0
2025,2025-04-26,Southbound,Light Vehicles,145,90,59,53,44,97,203,247,377,425,497,495,557,493,481,464,447,537,515,426,397,342,313,257,0,0
2025,2025-04-26,Southbound,All Vehicles,156,100,66,55,47,107,231,281,411,473,539,532,588,527,513,501,483,564,542,445,413,366,331,268,0,0
2025,2025-04-27,Southbound,Heavy Vehicles,12,8,5,3,7,8,10,10,22,28,19,19,23,36,34,28,28,31,25,30,24,14,11,16,0,0
2025,2025-04-27,Southbound,Light Vehicles,150,96,73,53,43,76,110,157,234,317,338,380,424,462,456,423,429,490,461,386,358,303,243,171,0,0
2025,2025-04-27,Southbound,All Vehicles,162,104,78,56,50,84,120,167,256,345,357,399,447,498,490,451,457,521,486,416,382,317,254,187,0,0
2025,2025-04-28,Southbound,Heavy Vehicles,7,8,7,3,18,29,68,67,62,67,73,60,77,68,88,63,42,41,55,37,26,22,22,14,0,0
2025,2025-04-28,Southbound,Light Vehicles,111,45,34,49,92,214,423,456,469,409,334,400,404,449,486,424,461,481,424,411,316,323,217,118,0,0
2025,2025-04-28,Southbound,All Vehicles,118,53,41,52,110,243,491,523,531,476,407,460,481,517,574,487,503,522,479,448,342,345,239,132,0,0
2025,2025-04-29,Southbound,Heavy Vehicles,7,10,4,6,9,27,62,70,72,64,70,64,61,63,73,44,44,41,34,31,33,20,10,8,0,0
2025,2025-04-29,Southbound,Light Vehicles,95,47,34,48,79,229,455,390,480,439,382,360,375,440,377,413,408,476,386,351,315,318,211,130,0,0
2025,2025-04-29,Southbound,All Vehicles,102,57,38,54,88,256,517,460,552,503,452,424,436,503,450,457,452,517,420,382,348,338,221,138,0,0
2025,2025-04-30,Southbound,Heavy Vehicles,10,7,3,6,20,21,55,53,44,59,80,71,74,70,71,58,36,35,31,28,24,19,14,11,0,0
2025,2025-04-30,Southbound,Light Vehicles,72,50,30,45,73,229,453,433,459,443,418,451,446,444,416,393,477,469,456,391,345,321,233,139,0,0
2025,2025-04-30,Southbound,All Vehicles,82,57,33,51,93,250,508,486,503,502,498,522,520,514,487,451,513,504,487,419,369,340,247,150,0,0
2025,2025-05-01,Southbound,Heavy Vehicles,11,3,3,8,11,22,71,73,58,64,69,68,70,82,63,52,47,34,42,45,34,24,24,16,0,0
2025,2025-05-01,Southbound,Light Vehicles,79,44,32,49,81,202,413,493,474,380,416,379,472,437,416,453,433,455,428,359,316,313,214,149,0,0
2025,2025-05-01,Southbound,All Vehicles,90,47,35,57,92,224,484,566,532,444,485,447,542,519,479,505,480,489,470,404,350,337,238,165,0,0
2025,2025-05-02,Southbound,Heavy Vehicles,15,8,1,9,15,27,68,66,65,69,81,62,65,74,64,55,57,27,38,48,24,6,22,5,0,0
2025,2025-05-02,Southbound,Light Vehicles,85,61,46,53,87,240,391,458,492,405,396,397,421,440,498,432,503,516,486,462,344,67,227,79,0,0
2025,2025-05-02,Southbound,All Vehicles,100,69,47,62,102,267,459,524,557,474,477,459,486,514,562,487,560,543,524,510,368,73,249,84,0,0
2025,2025-05-04,Southbound,Heavy Vehicles,19,8,4,6,5,13,8,21,28,25,29,26,32,25,31,22,22,29,32,33,29,21,18,7,0,0
2025,2025-05-04,Southbound,Light Vehicles,194,126,73,61,46,108,168,221,356,453,452,523,484,488,469,471,478,508,469,421,336,316,247,154,0,0
2025,2025-05-04,Southbound,All Vehicles,213,134,77,67,51,121,176,242,384,478,481,549,516,513,500,493,500,537,501,454,365,337,265,161,0,0
2025,2025-05-05,Southbound,Heavy Vehicles,8,11,4,9,14,30,75,84,54,69,71,76,73,64,88,50,45,46,41,41,29,23,17,11,0,0
2025,2025-05-05,Southbound,Light Vehicles,101,62,24,42,76,209,424,493,515,419,386,375,413,466,454,434,465,497,437,355,337,332,257,151,0,0
2025,2025-05-05,Southbound,All Vehicles,109,73,28,51,90,239,499,577,569,488,457,451,486,530,542,484,510,543,478,396,366,355,274,162,0,0
2025,2025-05-06,Southbound,Heavy Vehicles,16,4,8,12,22,27,65,61,71,72,69,70,92,81,75,64,45,37,49,31,17,15,22,20,0,0
2025,2025-05-06,Southbound,Light Vehicles,89,47,22,49,75,216,479,465,464,401,431,431,409,442,420,501,455,490,452,385,337,345,249,143,0,0
2025,2025-05-06,Southbound,All Vehicles,105,51,30,61,97,243,544,526,535,473,500,501,501,523,495,565,500,527,501,416,354,360,271,163,0,0
2025,2025-05-07,Southbound,Heavy Vehicles,3,4,3,5,17,32,68,69,66,65,67,83,67,77,62,54,46,28,49,40,31,18,26,7,0,0
2025,2025-05-07,Southbound,Light Vehicles,76,40,32,49,70,230,470,498,516,478,435,414,429,477,462,427,469,426,484,422,380,335,262,166,0,0
2025,2025-05-07,Southbound,All Vehicles,79,44,35,54,87,262,538,567,582,543,502,497,496,554,524,481,515,454,533,462,411,353,288,173,0,0
2025,2025-05-08,Southbound,Light Vehicles,91,52,42,35,83,225,454,501,473,410,440,443,443,483,479,439,472,448,416,380,350,332,313,204,0,0
2025,2025-05-08,Southbound,Heavy Vehicles,15,7,8,4,7,35,69,74,58,60,72,82,67,78,69,44,62,43,32,30,27,23,23,12,0,0
2025,2025-05-08,Southbound,All Vehicles,106,59,50,39,90,260,523,575,531,470,512,525,510,561,548,483,534,491,448,410,377,355,336,216,0,0
2025,2025-05-09,Southbound,Heavy Vehicles,5,8,2,9,18,35,61,72,62,81,77,96,61,59,65,68,44,42,32,37,23,19,25,19,0,0
2025,2025-05-09,Southbound,Light Vehicles,92,48,40,46,77,222,425,452,454,441,407,426,450,457,493,407,416,454,486,471,382,384,316,235,0,0
2025,2025-05-09,Southbound,All Vehicles,97,56,42,55,95,257,486,524,516,522,484,522,511,516,558,475,460,496,518,508,405,403,341,254,0,0
2025,2025-05-10,Southbound,Heavy Vehicles,4,5,4,3,7,10,32,46,43,43,48,37,42,41,38,27,35,39,35,31,30,17,22,11,0,0
2025,2025-05-10,Southbound,Light Vehicles,142,65,42,51,59,143,259,316,490,540,529,534,468,536,538,492,495,491,522,476,371,392,343,292,0,0
2025,2025-05-10,Southbound,All Vehicles,146,70,46,54,66,153,291,362,533,583,577,571,510,577,576,519,530,530,557,507,401,409,365,303,0,0
2025,2025-05-11,Southbound,Light Vehicles,175,107,69,42,60,97,167,226,319,436,417,529,513,480,508,476,538,523,480,384,371,324,242,133,0,0
2025,2025-05-11,Southbound,Heavy Vehicles,13,9,4,4,4,6,6,22,22,20,24,23,25,29,31,27,28,20,25,33,25,16,18,7,0,0
2025,2025-05-11,Southbound,All Vehicles,188,116,73,46,64,103,173,248,341,456,441,552,538,509,539,503,566,543,505,417,396,340,260,140,0,0
2025,2025-05-12,Southbound,Light Vehicles,82,54,32,36,81,209,449,459,467,441,392,381,423,461,478,442,467,445,484,368,262,312,234,128,0,0
2025,2025-05-12,Southbound,Heavy Vehicles,8,6,4,8,9,30,64,74,56,80,87,69,70,72,73,54,54,38,48,28,23,16,15,10,0,0
2025,2025-05-12,Southbound,All Vehicles,90,60,36,44,90,239,513,533,523,521,479,450,493,533,551,496,521,483,532,396,285,328,249,138,0,0
2025,2025-05-13,Southbound,Heavy Vehicles,7,17,3,8,15,35,64,65,66,64,80,76,72,81,84,57,58,46,34,39,23,17,13,14,0,0
2025,2025-05-13,Southbound,Light Vehicles,82,46,35,40,92,246,443,482,514,439,400,411,429,393,424,411,474,453,458,371,325,323,254,149,0,0
2025,2025-05-13,Southbound,All Vehicles,89,63,38,48,107,281,507,547,580,503,480,487,501,474,508,468,532,499,492,410,348,340,267,163,0,0
2025,2025-05-14,Southbound,Heavy Vehicles,8,3,4,9,20,30,68,73,56,76,88,85,62,82,80,49,49,40,41,26,23,20,24,9,0,0
2025,2025-05-14,Southbound,Light Vehicles,90,41,41,46,91,237,441,466,529,368,417,402,452,451,424,427,498,445,457,405,349,342,232,137,0,0
2025,2025-05-14,Southbound,All Vehicles,98,44,45,55,111,267,509,539,585,444,505,487,514,533,504,476,547,485,498,431,372,362,256,146,0,0
2025,2025-05-15,Southbound,Heavy Vehicles,12,4,4,7,18,32,74,58,60,62,87,77,69,72,85,54,48,43,39,43,32,26,19,11,0,0
2025,2025-05-15,Southbound,Light Vehicles,102,52,40,56,101,242,439,491,494,405,438,448,397,431,480,420,474,452,464,373,317,313,215,159,0,0
2025,2025-05-15,Southbound,All Vehicles,114,56,44,63,119,274,513,549,554,467,525,525,466,503,565,474,522,495,503,416,349,339,234,170,0,0
2025,2025-05-16,Southbound,Light Vehicles,86,56,43,48,93,196,401,445,460,428,412,420,445,469,445,455,466,433,485,453,351,336,385,275,0,0
2025,2025-05-16,Southbound,Heavy Vehicles,9,5,7,6,19,25,63,61,65,47,78,75,69,75,64,59,54,46,37,25,32,25,29,22,0,0
2025,2025-05-16,Southbound,All Vehicles,95,61,50,54,112,221,464,506,525,475,490,495,514,544,509,514,520,479,522,478,383,361,414,297,0,0
2025,2025-05-17,Southbound,Heavy Vehicles,,7,1,6,9,17,37,43,36,45,37,39,41,31,33,44,38,37,34,25,31,22,13,16,0,0
2025,2025-05-17,Southbound,Light Vehicles,171,94,60,47,53,134,267,297,472,483,488,554,487,555,501,470,515,506,528,482,366,373,312,251,0,0
2025,2025-05-17,Southbound,All Vehicles,171,101,61,53,62,151,304,340,508,528,525,593,528,586,534,514,553,543,562,507,397,395,325,267,0,0
2025,2025-05-18,Southbound,Light Vehicles,194,114,80,49,51,85,135,174,305,421,447,513,464,453,480,459,488,482,496,377,312,291,196,137,0,0
2025,2025-05-18,Southbound,Heavy Vehicles,15,5,4,2,5,9,14,5,22,24,25,36,33,28,19,35,30,36,26,25,24,20,13,13,0,0
2025,2025-05-18,Southbound,All Vehicles,209,119,84,51,56,94,149,179,327,445,472,549,497,481,499,494,518,518,522,402,336,311,209,150,0,0
2025,2025-05-19,Southbound,Light Vehicles,98,38,32,39,94,212,405,457,477,435,393,423,425,428,447,483,493,402,422,355,305,284,207,121,0,0
2025,2025-05-19,Southbound,Heavy Vehicles,10,8,6,9,11,30,56,53,57,63,69,79,67,72,62,40,44,41,29,28,31,13,16,13,0,0
2025,2025-05-19,Southbound,All Vehicles,108,46,38,48,105,242,461,510,534,498,462,502,492,500,509,523,537,443,451,383,336,297,223,134,0,0
2025,2025-05-20,Southbound,Light Vehicles,81,38,25,41,95,235,453,446,511,419,414,424,386,420,495,421,507,422,411,360,348,350,246,149,0,0
2025,2025-05-20,Southbound,Heavy Vehicles,12,3,5,8,10,26,56,72,58,55,83,84,85,58,73,59,35,40,32,37,24,21,19,8,0,0
2025,2025-05-20,Southbound,All Vehicles,93,41,30,49,105,261,509,518,569,474,497,508,471,478,568,480,542,462,443,397,372,371,265,157,0,0
2025,2025-05-21,Southbound,Heavy Vehicles,14,6,5,5,14,25,72,56,60,77,80,82,74,76,85,52,48,43,49,39,26,21,24,10,0,0
2025,2025-05-21,Southbound,Light Vehicles,112,42,37,42,83,234,403,494,482,473,424,466,420,430,470,407,482,445,469,394,283,317,247,151,0,0
2025,2025-05-21,Southbound,All Vehicles,126,48,42,47,97,259,475,550,542,550,504,548,494,506,555,459,530,488,518,433,309,338,271,161,0,0
2025,2025-05-22,Southbound,Light Vehicles,84,42,41,36,102,210,422,447,512,386,355,402,359,429,436,405,429,391,399,328,249,261,274,136,0,0
2025,2025-05-22,Southbound,Heavy Vehicles,5,6,5,6,12,21,61,60,56,66,86,62,79,64,68,52,48,40,45,34,27,22,32,14,0,0
2025,2025-05-22,Southbound,All Vehicles,89,48,46,42,114,231,483,507,568,452,441,464,438,493,504,457,477,431,444,362,276,283,306,150,0,0
2025,2025-05-23,Southbound,Heavy Vehicles,16,5,6,10,16,38,69,71,62,77,81,81,55,61,66,56,38,55,38,46,24,22,24,20,0,0
2025,2025-05-23,Southbound,Light Vehicles,87,62,37,51,85,213,309,378,414,403,381,398,431,448,422,453,494,455,474,432,356,342,311,271,0,0
2025,2025-05-23,Southbound,All Vehicles,103,67,43,61,101,251,378,449,476,480,462,479,486,509,488,509,532,510,512,478,380,364,335,291,0,0
2025,2025-05-24,Southbound,Heavy Vehicles,6,5,3,2,6,15,34,42,36,52,46,47,37,37,33,31,29,41,45,32,16,22,18,17,0,0
2025,2025-05-24,Southbound,Light Vehicles,145,101,50,58,57,117,230,269,394,427,470,454,553,524,523,500,474,516,515,428,363,341,311,266,0,0
2025,2025-05-24,Southbound,All Vehicles,151,106,53,60,63,132,264,311,430,479,516,501,590,561,556,531,503,557,560,460,379,363,329,283,0,0
2025,2025-05-25,Southbound,Light Vehicles,187,113,64,65,49,101,159,232,335,454,490,493,510,511,483,445,460,440,432,385,310,302,252,157,0,0
2025,2025-05-25,Southbound,Heavy Vehicles,13,6,7,6,3,5,10,15,21,25,32,32,33,33,21,30,42,45,43,24,20,18,24,11,0,0
2025,2025-05-25,Southbound,All Vehicles,200,119,71,71,52,106,169,247,356,479,522,525,543,544,504,475,502,485,475,409,330,320,276,168,0,0
2025,2025-05-26,Southbound,Heavy Vehicles,9,11,7,4,16,24,72,72,59,65,75,80,76,70,68,51,54,38,51,29,25,28,15,9,0,0
2025,2025-05-26,Southbound,Light Vehicles,91,59,40,45,81,207,415,450,490,401,389,409,399,459,429,465,392,394,433,318,294,306,190,122,0,0
2025,2025-05-26,Southbound,All Vehicles,100,70,47,49,97,231,487,522,549,466,464,489,475,529,497,516,446,432,484,347,319,334,205,131,0,0
2025,2025-05-27,Southbound,Light Vehicles,91,54,31,51,84,237,423,507,464,409,391,413,399,448,465,414,458,487,459,401,331,326,264,148,0,0
2025,2025-05-27,Southbound,Heavy Vehicles,7,4,5,5,13,18,75,80,55,67,85,100,96,64,75,59,58,47,46,34,21,26,16,15,0,0
2025,2025-05-27,Southbound,All Vehicles,98,58,36,56,97,255,498,587,519,476,476,513,495,512,540,473,516,534,505,435,352,352,280,163,0,0
2025,2025-05-28,Southbound,Heavy Vehicles,4,6,1,8,12,31,75,82,53,68,85,70,58,65,74,56,44,42,39,38,23,17,20,10,0,0
2025,2025-05-28,Southbound,Light Vehicles,90,53,40,46,93,219,458,530,487,399,439,410,415,467,437,392,477,393,464,470,316,281,268,177,0,0
2025,2025-05-28,Southbound,All Vehicles,94,59,41,54,105,250,533,612,540,467,524,480,473,532,511,448,521,435,503,508,339,298,288,187,0,0
2025,2025-05-29,Southbound,Heavy Vehicles,7,8,3,11,19,30,68,58,64,63,89,85,79,82,88,47,39,28,46,35,23,24,23,9,0,0
2025,2025-05-29,Southbound,Light Vehicles,99,60,38,59,82,232,451,468,445,360,391,383,414,476,469,416,407,439,502,380,328,338,243,149,0,0
2025,2025-05-29,Southbound,All Vehicles,106,68,41,70,101,262,519,526,509,423,480,468,493,558,557,463,446,467,548,415,351,362,266,158,0,0
2025,2025-05-30,Southbound,Heavy Vehicles,6,10,6,7,19,39,78,71,65,80,77,69,60,74,84,66,65,40,33,46,27,15,24,15,0,0
2025,2025-05-30,Southbound,Light Vehicles,90,49,40,48,81,204,417,455,442,441,407,426,445,481,449,379,517,469,461,453,334,392,319,230,0,0
2025,2025-05-30,Southbound,All Vehicles,96,59,46,55,100,243,495,526,507,521,484,495,505,555,533,445,582,509,494,499,361,407,343,245,0,0
2025,2025-05-31,Southbound,Light Vehicles,152,92,55,52,65,138,270,306,412,457,522,485,554,510,515,526,498,534,465,474,334,387,334,256,0,0
2025,2025-05-31,Southbound,Heavy Vehicles,16,8,1,3,9,13,35,50,39,34,57,32,38,46,33,37,39,38,34,32,26,24,24,17,0,0
2025,2025-05-31,Southbound,All Vehicles,168,100,56,55,74,151,305,356,451,491,579,517,592,556,548,563,537,572,499,506,360,411,358,273,0,0
2025,2025-06-01,Southbound,Heavy Vehicles,11,12,2,2,6,15,9,13,31,25,34,19,31,27,28,25,29,34,23,26,15,28,10,9,0,0
2025,2025-06-01,Southbound,Light Vehicles,196,114,55,48,66,113,147,223,325,420,500,486,496,515,492,484,485,538,472,344,346,295,223,170,0,0
2025,2025-06-01,Southbound,All Vehicles,207,126,57,50,72,128,156,236,356,445,534,505,527,542,520,509,514,572,495,370,361,323,233,179,0,0
2025,2025-06-02,Southbound,Light Vehicles,93,46,31,50,87,220,432,462,499,406,389,431,427,423,472,462,464,447,368,364,303,287,219,121,0,0
2025,2025-06-02,Southbound,Heavy Vehicles,8,7,5,8,17,37,77,69,57,63,91,71,73,75,66,61,47,34,33,36,22,18,13,6,0,0
2025,2025-06-02,Southbound,All Vehicles,101,53,36,58,104,257,509,531,556,469,480,502,500,498,538,523,511,481,401,400,325,305,232,127,0,0
2025,2025-06-03,Southbound,Light Vehicles,57,47,40,44,82,209,468,481,546,425,422,406,424,462,469,370,445,380,408,401,331,326,225,130,0,0
2025,2025-06-03,Southbound,Heavy Vehicles,9,4,6,7,22,24,79,71,60,90,86,83,69,85,75,54,54,33,32,52,27,26,17,7,0,0
2025,2025-06-03,Southbound,All Vehicles,66,51,46,51,104,233,547,552,606,515,508,489,493,547,544,424,499,413,440,453,358,352,242,137,0,0
2025,2025-06-04,Southbound,Light Vehicles,70,43,35,48,81,227,472,439,476,380,398,440,413,488,462,414,482,471,506,403,336,348,242,138,0,0
2025,2025-06-04,Southbound,Heavy Vehicles,6,6,7,5,12,34,81,69,62,75,82,95,82,76,81,64,48,28,41,30,23,32,25,14,0,0
2025,2025-06-04,Southbound,All Vehicles,76,49,42,53,93,261,553,508,538,455,480,535,495,564,543,478,530,499,547,433,359,380,267,152,0,0
2025,2025-06-05,Southbound,Heavy Vehicles,8,2,1,8,15,33,78,63,58,66,78,61,76,75,83,54,41,47,54,34,27,17,23,12,0,0
2025,2025-06-05,Southbound,Light Vehicles,91,58,37,45,81,210,477,437,488,429,430,404,430,457,501,425,464,427,522,403,381,309,309,183,0,0
2025,2025-06-05,Southbound,All Vehicles,99,60,38,53,96,243,555,500,546,495,508,465,506,532,584,479,505,474,576,437,408,326,332,195,0,0
2025,2025-06-06,Southbound,Light Vehicles,98,72,30,46,84,200,393,536,428,417,410,426,451,517,475,476,493,464,542,512,390,368,339,274,0,0
2025,2025-06-06,Southbound,Heavy Vehicles,18,9,4,3,11,26,68,73,59,52,76,65,62,58,66,69,59,42,33,41,22,24,17,14,0,0
2025,2025-06-06,Southbound,All Vehicles,116,81,34,49,95,226,461,609,487,469,486,491,513,575,541,545,552,506,575,553,412,392,356,288,0,0
2025,2025-06-07,Southbound,Light Vehicles,138,72,60,46,50,125,225,314,376,376,521,509,523,580,547,501,510,513,559,486,386,389,366,269,0,0
2025,2025-06-07,Southbound,Heavy Vehicles,12,3,4,2,3,16,30,36,32,44,48,37,31,37,32,33,29,34,24,19,24,19,19,20,0,0
2025,2025-06-07,Southbound,All Vehicles,150,75,64,48,53,141,255,350,408,420,569,546,554,617,579,534,539,547,583,505,410,408,385,289,0,0
2025,2025-06-08,Southbound,Light Vehicles,181,108,78,37,36,77,128,186,262,395,458,478,501,500,487,492,526,554,502,461,394,363,287,216,0,0
2025,2025-06-08,Southbound,Heavy Vehicles,18,9,1,1,5,2,9,15,19,20,33,34,34,29,29,24,29,32,40,24,27,23,16,22,0,0
2025,2025-06-08,Southbound,All Vehicles,199,117,79,38,41,79,137,201,281,415,491,512,535,529,516,516,555,586,542,485,421,386,303,238,0,0
2025,2025-06-09,Southbound,Light Vehicles,93,59,36,19,32,51,90,77,92,141,167,155,201,185,185,183,169,181,189,216,167,168,111,78,0,0
2025,2025-06-09,Southbound,Heavy Vehicles,8,5,5,2,4,6,13,18,14,12,12,13,14,12,14,19,12,15,21,17,11,11,10,10,0,0
2025,2025-06-09,Southbound,All Vehicles,101,64,41,21,36,57,103,95,106,153,179,168,215,197,199,202,181,196,210,233,178,179,121,88,0,0
2025,2025-06-10,Southbound,Heavy Vehicles,4,7,6,7,11,33,64,80,62,71,81,72,72,80,72,49,46,44,43,37,30,19,25,15,0,0
2025,2025-06-10,Southbound,Light Vehicles,84,39,36,45,78,211,443,503,470,417,368,431,389,473,467,386,461,449,448,378,352,298,242,133,0,0
2025,2025-06-10,Southbound,All Vehicles,88,46,42,52,89,244,507,583,532,488,449,503,461,553,539,435,507,493,491,415,382,317,267,148,0,0
2025,2025-06-11,Southbound,Light Vehicles,81,49,37,58,86,217,449,493,472,424,376,315,403,470,434,417,422,440,456,426,309,343,236,145,0,0
2025,2025-06-11,Southbound,Heavy Vehicles,10,5,4,8,13,22,66,73,72,67,82,61,69,73,81,59,44,34,38,40,24,32,22,6,0,0
2025,2025-06-11,Southbound,All Vehicles,91,54,41,66,99,239,515,566,544,491,458,376,472,543,515,476,466,474,494,466,333,375,258,151,0,0
2025,2025-06-12,Southbound,Heavy Vehicles,5,6,7,7,9,26,71,57,55,66,76,71,56,77,65,51,45,35,40,41,20,15,13,14,0,0
2025,2025-06-12,Southbound,Light Vehicles,96,45,41,56,78,226,432,466,503,403,410,434,423,463,463,444,459,473,452,383,381,360,262,150,0,0
2025,2025-06-12,Southbound,All Vehicles,101,51,48,63,87,252,503,523,558,469,486,505,479,540,528,495,504,508,492,424,401,375,275,164,0,0
2025,2025-06-13,Southbound,Light Vehicles,77,40,36,47,83,210,444,470,447,431,416,445,427,445,507,481,463,439,515,454,352,349,279,219,0,0
2025,2025-06-13,Southbound,Heavy Vehicles,7,9,4,9,13,27,67,69,64,75,83,76,58,67,74,54,47,29,41,31,24,19,24,17,0,0
2025,2025-06-13,Southbound,All Vehicles,84,49,40,56,96,237,511,539,511,506,499,521,485,512,581,535,510,468,556,485,376,368,303,236,0,0
2025,2025-06-14,Southbound,Light Vehicles,129,71,43,52,70,128,282,292,454,481,496,535,469,522,524,487,515,472,539,447,373,350,343,235,0,0
2025,2025-06-14,Southbound,Heavy Vehicles,5,4,1,,9,11,24,35,37,56,50,44,36,35,44,35,35,36,52,40,30,26,21,20,0,0
2025,2025-06-14,Southbound,All Vehicles,134,75,44,52,79,139,306,327,491,537,546,579,505,557,568,522,550,508,591,487,403,376,364,255,0,0
2025,2025-06-15,Southbound,Heavy Vehicles,14,13,2,3,2,12,18,11,33,24,31,36,37,24,24,32,26,29,35,26,27,17,23,12,0,0
2025,2025-06-15,Southbound,Light Vehicles,171,108,61,44,59,104,169,201,349,453,502,550,461,486,453,473,466,482,411,394,344,316,206,140,0,0
2025,2025-06-15,Southbound,All Vehicles,185,121,63,47,61,116,187,212,382,477,533,586,498,510,477,505,492,511,446,420,371,333,229,152,0,0
2025,2025-06-16,Southbound,Light Vehicles,78,45,26,50,79,213,449,459,510,435,432,412,404,430,470,443,450,439,483,381,325,284,228,135,0,0
2025,2025-06-16,Southbound,Heavy Vehicles,11,10,3,11,12,30,65,80,60,69,92,89,65,72,69,57,56,46,32,31,20,26,10,8,0,0
2025,2025-06-16,Southbound,All Vehicles,89,55,29,61,91,243,514,539,570,504,524,501,469,502,539,500,506,485,515,412,345,310,238,143,0,0
2025,2025-06-17,Southbound,Light Vehicles,68,48,29,50,79,211,454,483,511,482,400,436,443,458,472,426,448,441,445,402,328,298,219,133,0,0
2025,2025-06-17,Southbound,Heavy Vehicles,9,3,9,10,19,26,62,95,56,73,62,93,78,81,72,47,52,56,35,27,22,16,24,8,0,0
2025,2025-06-17,Southbound,All Vehicles,77,51,38,60,98,237,516,578,567,555,462,529,521,539,544,473,500,497,480,429,350,314,243,141,0,0
2025,2025-06-18,Southbound,Heavy Vehicles,7,3,3,5,24,23,70,75,62,77,79,74,67,72,79,62,43,40,34,31,16,17,19,11,0,0
2025,2025-06-18,Southbound,Light Vehicles,63,39,31,57,80,211,461,490,466,412,396,464,436,455,451,401,457,433,434,475,277,254,303,151,0,0
2025,2025-06-18,Southbound,All Vehicles,70,42,34,62,104,234,531,565,528,489,475,538,503,527,530,463,500,473,468,506,293,271,322,162,0,0
2025,2025-06-19,Southbound,Light Vehicles,75,42,30,52,76,203,429,481,495,431,407,381,416,464,467,427,484,486,452,405,354,351,232,167,0,0
2025,2025-06-19,Southbound,Heavy Vehicles,9,5,7,7,18,27,64,73,59,77,80,77,62,63,77,53,43,36,41,33,31,33,16,11,0,0
2025,2025-06-19,Southbound,All Vehicles,84,47,37,59,94,230,493,554,554,508,487,458,478,527,544,480,527,522,493,438,385,384,248,178,0,0
2025,2025-06-20,Southbound,Heavy Vehicles,3,5,7,7,13,25,79,73,54,74,65,89,71,65,68,51,48,41,44,38,26,24,21,15,0,0
2025,2025-06-20,Southbound,Light Vehicles,88,48,36,48,81,216,437,483,461,403,418,428,425,470,467,356,459,475,482,461,366,317,292,245,0,0
2025,2025-06-20,Southbound,All Vehicles,91,53,43,55,94,241,516,556,515,477,483,517,496,535,535,407,507,516,526,499,392,341,313,260,0,0
2025,2025-06-21,Southbound,Light Vehicles,138,94,60,35,58,111,238,307,435,444,481,532,504,516,434,509,483,477,515,431,341,366,335,261,0,0
2025,2025-06-21,Southbound,Heavy Vehicles,8,10,1,5,7,17,32,39,37,50,46,37,27,32,44,30,20,30,33,29,20,22,21,22,0,0
2025,2025-06-21,Southbound,All Vehicles,146,104,61,40,65,128,270,346,472,494,527,569,531,548,478,539,503,507,548,460,361,388,356,283,0,0
2025,2025-06-22,Southbound,Light Vehicles,181,121,64,41,66,98,177,182,341,441,531,519,484,480,497,534,471,513,445,384,335,314,227,150,0,0
2025,2025-06-22,Southbound,Heavy Vehicles,15,6,6,5,6,11,5,11,25,28,28,30,32,34,31,25,30,35,33,17,28,17,12,6,0,0
2025,2025-06-22,Southbound,All Vehicles,196,127,70,46,72,109,182,193,366,469,559,549,516,514,528,559,501,548,478,401,363,331,239,156,0,0
2025,2025-06-23,Southbound,Heavy Vehicles,11,6,6,8,12,27,79,73,64,82,69,68,67,74,69,69,50,41,50,26,23,19,16,9,0,0
2025,2025-06-23,Southbound,Light Vehicles,81,45,38,50,85,203,428,483,489,409,393,401,415,466,425,430,436,460,441,405,328,276,224,112,0,0
2025,2025-06-23,Southbound,All Vehicles,92,51,44,58,97,230,507,556,553,491,462,469,482,540,494,499,486,501,491,431,351,295,240,121,0,0
2025,2025-06-24,Southbound,Light Vehicles,72,36,28,66,80,226,454,514,513,449,385,447,465,474,456,448,438,441,441,353,359,330,268,122,0,0
2025,2025-06-24,Southbound,Heavy Vehicles,9,5,7,10,11,24,77,77,74,67,89,76,66,77,68,60,50,41,42,39,30,23,15,15,0,0
2025,2025-06-24,Southbound,All Vehicles,81,41,35,76,91,250,531,591,587,516,474,523,531,551,524,508,488,482,483,392,389,353,283,137,0,0
2025,2025-06-25,Southbound,Heavy Vehicles,7,5,5,7,9,21,87,58,52,71,90,79,74,81,77,65,57,38,32,36,27,24,14,9,0,0
2025,2025-06-25,Southbound,Light Vehicles,79,43,37,52,81,212,435,506,513,450,404,414,417,449,467,435,450,374,458,438,318,331,242,145,0,0
2025,2025-06-25,Southbound,All Vehicles,86,48,42,59,90,233,522,564,565,521,494,493,491,530,544,500,507,412,490,474,345,355,256,154,0,0
2025,2025-06-26,Southbound,Heavy Vehicles,7,10,3,9,17,27,64,65,70,78,91,80,71,73,74,44,55,43,38,44,22,21,23,15,0,0
2025,2025-06-26,Southbound,Light Vehicles,74,45,28,58,96,213,429,494,540,436,416,445,387,448,499,448,497,476,459,352,319,312,317,135,0,0
2025,2025-06-26,Southbound,All Vehicles,81,55,31,67,113,240,493,559,610,514,507,525,458,521,573,492,552,519,497,396,341,333,340,150,0,0
2025,2025-06-27,Southbound,Light Vehicles,83,42,33,44,94,211,435,442,468,429,434,474,452,477,485,402,447,449,540,469,380,339,286,207,0,0
2025,2025-06-27,Southbound,Heavy Vehicles,13,8,4,5,19,30,73,70,65,73,71,69,72,82,67,60,59,46,32,39,26,35,23,16,0,0
2025,2025-06-27,Southbound,All Vehicles,96,50,37,49,113,241,508,512,533,502,505,543,524,559,552,462,506,495,572,508,406,374,309,223,0,0
2025,2025-06-28,Southbound,Light Vehicles,135,79,68,57,55,110,236,316,409,499,454,500,541,550,534,548,474,531,478,459,373,411,320,261,0,0
2025,2025-06-28,Southbound,Heavy Vehicles,10,6,7,4,6,22,46,47,43,43,37,39,42,45,38,32,33,37,28,20,24,23,20,18,0,0
2025,2025-06-28,Southbound,All Vehicles,145,85,75,61,61,132,282,363,452,542,491,539,583,595,572,580,507,568,506,479,397,434,340,279,0,0
2025,2025-06-29,Southbound,Heavy Vehicles,20,13,2,2,4,12,15,19,32,20,25,33,31,29,28,26,29,31,31,34,22,15,22,6,0,0
2025,2025-06-29,Southbound,Light Vehicles,191,103,58,46,61,98,162,201,368,457,543,515,617,555,479,501,508,484,495,355,337,318,250,131,0,0
2025,2025-06-29,Southbound,All Vehicles,211,116,60,48,65,110,177,220,400,477,568,548,648,584,507,527,537,515,526,389,359,333,272,137,0,0
2025,2025-06-30,Southbound,Light Vehicles,102,58,37,42,85,200,440,488,512,467,405,417,453,415,450,473,441,499,451,385,325,299,206,109,0,0
2025,2025-06-30,Southbound,Heavy Vehicles,9,7,4,5,12,35,69,60,65,78,73,85,57,77,67,61,53,42,46,31,42,25,16,8,0,0
2025,2025-06-30,Southbound,All Vehicles,111,65,41,47,97,235,509,548,577,545,478,502,510,492,517,534,494,541,497,416,367,324,222,117,0,0
2025,2025-07-01,Southbound,Heavy Vehicles,10,5,7,5,15,34,44,58,70,67,75,76,67,74,60,56,49,37,38,28,23,11,7,7,0,0
2025,2025-07-01,Southbound,Light Vehicles,87,45,33,45,82,185,396,445,489,383,415,366,375,391,363,400,418,390,347,292,244,257,181,116,0,0
2025,2025-07-01,Southbound,All Vehicles,97,50,40,50,97,219,440,503,559,450,490,442,442,465,423,456,467,427,385,320,267,268,188,123,0,0
2025,2025-07-02,Southbound,Heavy Vehicles,6,4,1,2,16,16,32,34,,,,,37,40,30,20,24,14,11,16,13,17,12,8,0,0
2025,2025-07-02,Southbound,Light Vehicles,43,32,32,30,57,135,204,172,,,,,193,172,167,139,172,145,194,167,151,174,109,75,0,0
2025,2025-07-02,Southbound,All Vehicles,49,36,33,32,73,151,236,206,,,,,230,212,197,159,196,159,205,183,164,191,121,83,0,0
2025,2025-07-03,Southbound,Heavy Vehicles,11,5,4,3,16,29,69,51,67,82,80,79,84,64,74,59,46,47,41,34,28,27,30,10,0,0
2025,2025-07-03,Southbound,Light Vehicles,98,43,39,48,84,229,418,459,532,421,416,454,436,456,504,439,461,480,431,393,385,320,268,161,0,0
2025,2025-07-03,Southbound,All Vehicles,109,48,43,51,100,258,487,510,599,503,496,533,520,520,578,498,507,527,472,427,413,347,298,171,0,0
2025,2025-07-04,Southbound,Heavy Vehicles,13,6,5,3,19,25,66,73,79,54,93,81,74,75,66,53,33,49,43,30,25,31,33,23,0,0
2025,2025-07-04,Southbound,Light Vehicles,101,43,43,65,78,222,425,493,485,437,413,436,443,452,430,444,458,468,465,415,346,336,363,258,0,0
2025,2025-07-04,Southbound,All Vehicles,114,49,48,68,97,247,491,566,564,491,506,517,517,527,496,497,491,517,508,445,371,367,396,281,0,0
2025,2025-07-05,Southbound,Light Vehicles,140,92,59,55,50,116,240,283,389,461,495,537,515,555,516,458,508,481,511,434,358,357,301,271,0,0
2025,2025-07-05,Southbound,Heavy Vehicles,10,6,3,7,8,20,28,44,38,45,40,48,35,37,54,36,34,27,35,24,19,25,25,16,0,0
2025,2025-07-05,Southbound,All Vehicles,150,98,62,62,58,136,268,327,427,506,535,585,550,592,570,494,542,508,546,458,377,382,326,287,0,0
2025,2025-07-06,Southbound,Light Vehicles,187,117,72,44,58,93,169,223,329,394,455,531,489,455,424,473,452,506,418,320,294,297,216,147,0,0
2025,2025-07-06,Southbound,Heavy Vehicles,10,9,4,3,4,15,10,16,32,19,33,30,19,32,31,29,25,27,33,30,34,20,12,14,0,0
2025,2025-07-06,Southbound,All Vehicles,197,126,76,47,62,108,179,239,361,413,488,561,508,487,455,502,477,533,451,350,328,317,228,161,0,0
2025,2025-07-07,Southbound,Heavy Vehicles,8,2,9,7,15,20,79,56,64,76,77,81,75,69,70,59,55,40,39,32,29,22,22,10,0,0
2025,2025-07-07,Southbound,Light Vehicles,93,45,35,42,79,204,404,469,429,447,435,416,444,516,447,481,468,428,466,373,322,307,218,142,0,0
2025,2025-07-07,Southbound,All Vehicles,101,47,44,49,94,224,483,525,493,523,512,497,519,585,517,540,523,468,505,405,351,329,240,152,0,0
2025,2025-07-08,Southbound,Heavy Vehicles,5,8,8,2,25,37,56,70,77,64,85,67,75,72,78,76,46,35,48,30,29,17,21,8,0,0
2025,2025-07-08,Southbound,Light Vehicles,90,40,29,44,90,196,439,422,443,394,382,408,438,425,452,437,466,475,487,358,312,321,228,153,0,0
2025,2025-07-08,Southbound,All Vehicles,95,48,37,46,115,233,495,492,520,458,467,475,513,497,530,513,512,510,535,388,341,338,249,161,0,0
2025,2025-07-09,Southbound,Heavy Vehicles,9,8,6,6,18,33,66,66,65,85,85,84,84,82,83,79,53,40,42,31,31,24,32,17,0,0
2025,2025-07-09,Southbound,Light Vehicles,69,57,32,50,78,225,438,465,462,425,411,423,451,509,476,452,471,475,491,450,279,290,390,227,0,0
2025,2025-07-09,Southbound,All Vehicles,78,65,38,56,96,258,504,531,527,510,496,507,535,591,559,531,524,515,533,481,310,314,422,244,0,0
2025,2025-07-10,Southbound,Heavy Vehicles,11,2,3,5,17,37,62,66,63,80,72,66,72,74,96,86,60,38,45,34,39,25,13,11,0,0
2025,2025-07-10,Southbound,Light Vehicles,112,63,30,61,87,232,415,443,445,427,413,439,475,467,470,414,499,489,454,396,371,375,251,157,0,0
2025,2025-07-10,Southbound,All Vehicles,123,65,33,66,104,269,477,509,508,507,485,505,547,541,566,500,559,527,499,430,410,400,264,168,0,0
2025,2025-07-11,Southbound,Light Vehicles,100,44,38,55,84,181,397,416,459,439,432,431,443,456,470,481,477,493,455,459,378,362,320,204,0,0
2025,2025-07-11,Southbound,Heavy Vehicles,6,6,5,10,19,34,73,71,79,100,85,74,59,78,88,69,62,52,32,35,30,13,19,23,0,0
2025,2025-07-11,Southbound,All Vehicles,106,50,43,65,103,215,470,487,538,539,517,505,502,534,558,550,539,545,487,494,408,375,339,227,0,0
2025,2025-07-12,Southbound,Heavy Vehicles,15,7,3,4,10,10,39,39,33,53,42,35,62,43,39,38,43,23,38,24,26,23,22,21,0,0
2025,2025-07-12,Southbound,Light Vehicles,152,73,67,45,59,112,275,290,361,394,443,473,507,505,484,466,513,511,507,429,297,340,317,278,0,0
2025,2025-07-12,Southbound,All Vehicles,167,80,70,49,69,122,314,329,394,447,485,508,569,548,523,504,556,534,545,453,323,363,339,299,0,0
2025,2025-07-13,Southbound,Light Vehicles,181,87,72,49,57,90,172,195,312,406,434,463,463,458,451,468,435,467,451,377,342,304,239,141,0,0
2025,2025-07-13,Southbound,Heavy Vehicles,8,8,6,5,7,8,11,20,25,27,28,32,32,35,39,25,32,37,23,22,35,17,19,12,0,0
2025,2025-07-13,Southbound,All Vehicles,189,95,78,54,64,98,183,215,337,433,462,495,495,493,490,493,467,504,474,399,377,321,258,153,0,0
2025,2025-07-14,Southbound,Heavy Vehicles,7,7,8,4,14,23,82,61,71,93,97,108,71,81,79,78,43,49,55,31,28,23,16,16,0,0
2025,2025-07-14,Southbound,Light Vehicles,77,48,38,41,83,202,442,426,465,433,422,457,411,458,486,461,433,485,466,391,296,298,258,114,0,0
2025,2025-07-14,Southbound,All Vehicles,84,55,46,45,97,225,524,487,536,526,519,565,482,539,565,539,476,534,521,422,324,321,274,130,0,0
2025,2025-07-15,Southbound,Light Vehicles,79,47,29,58,89,206,416,453,407,399,413,419,425,453,441,459,491,509,474,367,327,330,223,136,0,0
2025,2025-07-15,Southbound,Heavy Vehicles,12,9,7,4,18,34,67,71,62,69,73,80,90,78,93,76,56,60,50,27,34,20,22,7,0,0
2025,2025-07-15,Southbound,All Vehicles,91,56,36,62,107,240,483,524,469,468,486,499,515,531,534,535,547,569,524,394,361,350,245,143,0,0
2025,2025-07-16,Southbound,Heavy Vehicles,8,6,9,7,19,35,80,73,78,73,89,67,86,95,64,63,60,29,39,32,26,20,14,14,0,0
2025,2025-07-16,Southbound,Light Vehicles,83,42,32,55,80,219,448,440,417,434,432,465,415,477,480,471,522,477,472,414,311,335,255,168,0,0
2025,2025-07-16,Southbound,All Vehicles,91,48,41,62,99,254,528,513,495,507,521,532,501,572,544,534,582,506,511,446,337,355,269,182,0,0
2025,2025-07-17,Southbound,Heavy Vehicles,11,4,4,9,13,24,69,90,89,72,75,95,76,91,69,60,50,53,40,29,22,21,23,11,0,0
2025,2025-07-17,Southbound,Light Vehicles,88,56,34,50,80,218,422,487,454,401,404,425,431,490,430,479,496,458,433,400,358,343,259,130,0,0
2025,2025-07-17,Southbound,All Vehicles,99,60,38,59,93,242,491,577,543,473,479,520,507,581,499,539,546,511,473,429,380,364,282,141,0,0
2025,2025-07-18,Southbound,Heavy Vehicles,7,7,3,3,23,34,60,80,61,85,67,74,72,65,83,76,57,50,46,37,32,28,21,18,0,0
2025,2025-07-18,Southbound,Light Vehicles,98,49,28,56,71,231,398,434,410,440,414,481,414,425,506,483,426,500,514,459,368,355,329,251,0,0
2025,2025-07-18,Southbound,All Vehicles,105,56,31,59,94,265,458,514,471,525,481,555,486,490,589,559,483,550,560,496,400,383,350,269,0,0
2025,2025-07-19,Southbound,Heavy Vehicles,12,5,3,9,14,16,33,45,48,36,42,39,33,39,35,23,31,28,34,20,37,22,28,17,0,0
2025,2025-07-19,Southbound,Light Vehicles,155,74,58,53,57,124,234,296,384,418,501,429,546,539,464,523,522,490,558,431,439,398,309,233,0,0
2025,2025-07-19,Southbound,All Vehicles,167,79,61,62,71,140,267,341,432,454,543,468,579,578,499,546,553,518,592,451,476,420,337,250,0,0
2025,2025-07-20,Southbound,Heavy Vehicles,14,12,4,2,5,12,15,15,22,27,36,25,31,25,23,31,21,35,27,22,33,19,14,14,0,0
2025,2025-07-20,Southbound,Light Vehicles,165,104,73,46,57,99,151,197,339,393,486,507,513,452,453,436,480,499,442,358,310,302,222,149,0,0
2025,2025-07-20,Southbound,All Vehicles,179,116,77,48,62,111,166,212,361,420,522,532,544,477,476,467,501,534,469,380,343,321,236,163,0,0
2025,2025-07-21,Southbound,Light Vehicles,99,47,40,46,71,210,431,457,428,390,387,402,423,474,485,459,444,468,466,372,310,277,206,129,0,0
2025,2025-07-21,Southbound,Heavy Vehicles,10,6,5,4,18,31,77,70,81,87,94,96,80,80,108,71,53,37,49,33,25,21,26,11,0,0
2025,2025-07-21,Southbound,All Vehicles,109,53,45,50,89,241,508,527,509,477,481,498,503,554,593,530,497,505,515,405,335,298,232,140,0,0
2025,2025-07-22,Southbound,Light Vehicles,67,37,34,54,76,230,455,452,515,401,392,409,412,460,446,403,459,439,442,360,304,293,219,125,0,0
2025,2025-07-22,Southbound,Heavy Vehicles,5,5,7,3,16,34,80,69,62,87,77,70,79,96,65,54,48,43,40,42,33,23,13,8,0,0
2025,2025-07-22,Southbound,All Vehicles,72,42,41,57,92,264,535,521,577,488,469,479,491,556,511,457,507,482,482,402,337,316,232,133,0,0
2025,2025-07-23,Southbound,Heavy Vehicles,8,6,4,5,14,31,78,55,75,56,93,93,81,76,83,62,41,31,29,38,33,22,17,13,0,0
2025,2025-07-23,Southbound,Light Vehicles,68,42,35,54,80,211,431,516,492,445,461,424,405,492,460,393,478,451,453,423,313,338,237,163,0,0
2025,2025-07-23,Southbound,All Vehicles,76,48,39,59,94,242,509,571,567,501,554,517,486,568,543,455,519,482,482,461,346,360,254,176,0,0
2025,2025-07-24,Southbound,Heavy Vehicles,9,3,11,7,16,29,82,78,68,73,73,76,74,77,73,65,54,31,43,33,32,26,13,13,0,0
2025,2025-07-24,Southbound,Light Vehicles,86,48,39,46,85,210,456,472,500,419,407,389,423,477,465,414,429,383,439,394,351,353,279,151,0,0
2025,2025-07-24,Southbound,All Vehicles,95,51,50,53,101,239,538,550,568,492,480,465,497,554,538,479,483,414,482,427,383,379,292,164,0,0
2025,2025-07-25,Southbound,Light Vehicles,83,46,34,53,83,196,403,441,460,408,438,426,442,468,439,423,471,463,461,449,356,357,339,238,0,0
2025,2025-07-25,Southbound,Heavy Vehicles,10,5,5,8,17,28,51,86,71,74,83,79,76,78,75,52,58,46,45,42,29,26,22,19,0,0
2025,2025-07-25,Southbound,All Vehicles,93,51,39,61,100,224,454,527,531,482,521,505,518,546,514,475,529,509,506,491,385,383,361,257,0,0
2025,2025-07-26,Southbound,Light Vehicles,158,87,59,58,54,113,232,306,388,496,510,491,487,543,458,515,444,506,496,422,355,358,306,252,0,0
2025,2025-07-26,Southbound,Heavy Vehicles,12,9,5,3,9,10,30,44,49,39,50,35,50,46,35,39,31,40,38,23,23,18,11,22,0,0
2025,2025-07-26,Southbound,All Vehicles,170,96,64,61,63,123,262,350,437,535,560,526,537,589,493,554,475,546,534,445,378,376,317,274,0,0
2025,2025-07-27,Southbound,Light Vehicles,215,106,70,52,51,104,154,220,344,418,521,519,510,467,431,445,416,481,453,412,331,344,267,144,0,0
2025,2025-07-27,Southbound,Heavy Vehicles,10,5,7,4,5,10,12,20,29,22,26,30,29,31,28,31,26,30,20,38,27,23,19,1,0,0
2025,2025-07-27,Southbound,All Vehicles,225,111,77,56,56,114,166,240,373,440,547,549,539,498,459,476,442,511,473,450,358,367,286,145,0,0
2025,2025-07-28,Southbound,Heavy Vehicles,6,5,8,9,14,27,52,62,66,80,77,75,83,70,66,51,46,56,36,35,24,21,11,9,0,0
2025,2025-07-28,Southbound,Light Vehicles,89,35,29,45,87,207,439,454,478,450,401,393,365,417,453,454,417,438,433,378,318,264,226,127,0,0
2025,2025-07-28,Southbound,All Vehicles,95,40,37,54,101,234,491,516,544,530,478,468,448,487,519,505,463,494,469,413,342,285,237,136,0,0
2025,2025-07-29,Southbound,Heavy Vehicles,7,7,4,8,13,30,73,67,58,71,77,81,67,75,66,61,48,29,39,34,26,18,18,12,0,0
2025,2025-07-29,Southbound,Light Vehicles,82,43,33,61,96,232,420,478,513,404,399,461,414,446,442,458,458,468,435,393,324,302,208,133,0,0
2025,2025-07-29,Southbound,All Vehicles,89,50,37,69,109,262,493,545,571,475,476,542,481,521,508,519,506,497,474,427,350,320,226,145,0,0
2025,2025-07-30,Southbound,Light Vehicles,85,55,36,52,84,205,423,449,435,461,408,398,412,443,438,356,420,425,416,355,317,283,207,110,0,0
2025,2025-07-30,Southbound,Heavy Vehicles,6,4,5,4,16,29,65,67,41,67,67,70,64,66,61,56,44,46,44,22,29,22,21,3,0,0
2025,2025-07-30,Southbound,All Vehicles,91,59,41,56,100,234,488,516,476,528,475,468,476,509,499,412,464,471,460,377,346,305,228,113,0,0
2025,2025-07-31,Southbound,Heavy Vehicles,6,11,4,5,17,21,54,63,67,65,89,87,76,79,64,66,50,45,35,32,21,26,12,10,0,0
2025,2025-07-31,Southbound,Light Vehicles,76,40,37,52,88,195,404,449,480,397,372,380,466,437,444,414,472,464,416,379,304,345,238,148,0,0
2025,2025-07-31,Southbound,All Vehicles,82,51,41,57,105,216,458,512,547,462,461,467,542,516,508,480,522,509,451,411,325,371,250,158,0,0
2025,2025-08-01,Southbound,Heavy Vehicles,11,7,7,3,20,27,65,54,74,68,77,87,69,59,82,44,34,37,43,38,16,21,16,12,0,0
2025,2025-08-01,Southbound,Light Vehicles,90,42,44,51,85,224,373,464,425,433,368,404,424,453,483,426,393,456,419,391,337,323,272,213,0,0
2025,2025-08-01,Southbound,All Vehicles,101,49,51,54,105,251,438,518,499,501,445,491,493,512,565,470,427,493,462,429,353,344,288,225,0,0
2025,2025-08-02,Southbound,Light Vehicles,142,99,45,35,55,91,193,226,343,391,434,441,470,442,449,380,445,484,449,362,344,309,278,249,0,0
2025,2025-08-02,Southbound,Heavy Vehicles,11,5,4,,10,8,36,30,36,47,42,51,41,47,40,32,31,23,45,23,24,25,16,17,0,0
2025,2025-08-02,Southbound,All Vehicles,153,104,49,35,65,99,229,256,379,438,476,492,511,489,489,412,476,507,494,385,368,334,294,266,0,0
2025,2025-08-03,Southbound,Light Vehicles,180,96,81,48,43,82,125,152,299,363,374,446,442,372,385,360,406,460,460,354,310,297,225,148,0,0
2025,2025-08-03,Southbound,Heavy Vehicles,15,10,8,2,5,6,9,10,18,21,18,26,30,27,33,26,28,28,27,23,18,11,24,13,0,0
2025,2025-08-03,Southbound,All Vehicles,195,106,89,50,48,88,134,162,317,384,392,472,472,399,418,386,434,488,487,377,328,308,249,161,0,0
2025,2025-08-04,Southbound,Heavy Vehicles,8,6,4,7,13,27,64,65,51,63,68,73,78,75,60,61,51,40,31,36,25,18,20,8,0,0
2025,2025-08-04,Southbound,Light Vehicles,88,47,34,43,86,209,424,420,470,399,412,357,412,440,432,432,437,434,412,370,282,313,204,145,0,0
2025,2025-08-04,Southbound,All Vehicles,96,53,38,50,99,236,488,485,521,462,480,430,490,515,492,493,488,474,443,406,307,331,224,153,0,0
2025,2025-08-05,Southbound,Heavy Vehicles,6,5,5,4,14,30,59,92,56,68,85,89,63,83,82,61,49,53,53,37,20,24,13,13,0,0
2025,2025-08-05,Southbound,Light Vehicles,75,52,33,57,76,192,433,482,506,442,411,424,443,412,497,430,438,388,461,375,342,321,228,126,0,0
2025,2025-08-05,Southbound,All Vehicles,81,57,38,61,90,222,492,574,562,510,496,513,506,495,579,491,487,441,514,412,362,345,241,139,0,0
2025,2025-08-06,Southbound,Heavy Vehicles,11,11,6,10,18,30,73,82,72,67,74,73,73,92,91,65,56,38,48,40,23,34,35,13,0,0
2025,2025-08-06,Southbound,Light Vehicles,91,47,38,50,92,220,457,519,469,439,428,382,405,469,450,392,418,412,430,425,329,362,249,162,0,0
2025,2025-08-06,Southbound,All Vehicles,102,58,44,60,110,250,530,601,541,506,502,455,478,561,541,457,474,450,478,465,352,396,284,175,0,0
2025,2025-08-07,Southbound,Light Vehicles,80,50,32,48,93,219,451,487,515,429,397,456,442,407,451,461,447,479,458,369,354,342,246,152,0,0
2025,2025-08-07,Southbound,Heavy Vehicles,8,3,7,6,15,35,61,68,80,80,76,84,72,85,64,59,55,43,47,35,18,35,15,13,0,0
2025,2025-08-07,Southbound,All Vehicles,88,53,39,54,108,254,512,555,595,509,473,540,514,492,515,520,502,522,505,404,372,377,261,165,0,0
2025,2025-08-08,Southbound,Heavy Vehicles,11,2,8,6,22,32,51,80,60,77,75,75,79,71,71,62,41,46,46,44,24,17,25,12,0,0
2025,2025-08-08,Southbound,Light Vehicles,92,50,30,61,82,203,403,453,480,383,437,425,444,462,477,457,463,448,509,424,395,364,329,247,0,0
2025,2025-08-08,Southbound,All Vehicles,103,52,38,67,104,235,454,533,540,460,512,500,523,533,548,519,504,494,555,468,419,381,354,259,0,0
2025,2025-08-09,Southbound,Heavy Vehicles,18,7,5,2,5,17,23,47,43,37,31,45,34,40,38,29,28,30,32,14,36,16,22,11,0,0
2025,2025-08-09,Southbound,Light Vehicles,131,94,64,40,42,99,226,262,354,384,469,449,476,523,428,453,435,476,431,364,296,361,367,247,0,0
2025,2025-08-09,Southbound,All Vehicles,149,101,69,42,47,116,249,309,397,421,500,494,510,563,466,482,463,506,463,378,332,377,389,258,0,0
2025,2025-08-10,Southbound,Heavy Vehicles,15,10,6,4,5,7,14,18,21,22,27,39,28,30,32,21,28,29,24,21,17,22,16,8,0,0
2025,2025-08-10,Southbound,Light Vehicles,191,92,53,41,57,79,148,172,303,363,395,438,399,451,448,451,424,477,406,388,315,286,213,134,0,0
2025,2025-08-10,Southbound,All Vehicles,206,102,59,45,62,86,162,190,324,385,422,477,427,481,480,472,452,506,430,409,332,308,229,142,0,0
2025,2025-08-11,Southbound,Light Vehicles,84,51,25,42,85,214,456,474,474,441,381,384,401,409,448,466,428,462,468,384,276,302,229,155,0,0
2025,2025-08-11,Southbound,Heavy Vehicles,10,6,7,3,14,24,66,57,66,74,66,77,78,79,62,44,52,48,42,30,13,30,16,20,0,0
2025,2025-08-11,Southbound,All Vehicles,94,57,32,45,99,238,522,531,540,515,447,461,479,488,510,510,480,510,510,414,289,332,245,175,0,0
2025,2025-08-12,Southbound,Light Vehicles,100,42,32,53,96,218,416,476,511,393,406,433,400,419,463,448,420,451,458,367,333,329,225,131,0,0
2025,2025-08-12,Southbound,Heavy Vehicles,9,4,4,6,13,28,61,63,51,77,89,70,67,74,74,57,46,35,46,30,27,16,21,12,0,0
2025,2025-08-12,Southbound,All Vehicles,109,46,36,59,109,246,477,539,562,470,495,503,467,493,537,505,466,486,504,397,360,345,246,143,0,0
2025,2025-08-13,Southbound,Heavy Vehicles,6,7,6,8,17,28,59,68,69,72,82,92,81,88,84,51,52,42,46,32,28,19,15,10,0,0
2025,2025-08-13,Southbound,Light Vehicles,91,47,31,53,84,215,450,472,469,431,441,428,434,429,452,458,462,474,472,425,349,327,233,136,0,0
2025,2025-08-13,Southbound,All Vehicles,97,54,37,61,101,243,509,540,538,503,523,520,515,517,536,509,514,516,518,457,377,346,248,146,0,0
2025,2025-08-14,Southbound,Light Vehicles,77,35,42,58,77,226,391,473,495,401,441,434,397,392,428,422,448,450,441,379,338,337,263,140,0,0
2025,2025-08-14,Southbound,Heavy Vehicles,6,9,6,10,16,36,70,64,57,79,77,78,83,73,87,54,40,46,38,31,36,17,20,9,0,0
2025,2025-08-14,Southbound,All Vehicles,83,44,48,68,93,262,461,537,552,480,518,512,480,465,515,476,488,496,479,410,374,354,283,149,0,0
2025,2025-08-15,Southbound,Light Vehicles,98,55,31,48,77,200,398,442,463,426,401,446,453,438,444,464,480,482,492,464,365,350,407,271,0,0
2025,2025-08-15,Southbound,Heavy Vehicles,12,9,4,7,18,33,64,59,65,54,81,73,71,55,72,61,44,40,41,35,27,22,28,22,0,0
2025,2025-08-15,Southbound,All Vehicles,110,64,35,55,95,233,462,501,528,480,482,519,524,493,516,525,524,522,533,499,392,372,435,293,0,0
2025,2025-08-16,Southbound,Heavy Vehicles,18,6,3,4,10,14,45,41,38,48,52,46,42,33,34,34,27,31,25,22,33,28,24,25,0,0
2025,2025-08-16,Southbound,Light Vehicles,168,89,65,57,61,123,246,312,414,441,453,484,457,522,513,514,471,488,510,428,397,360,313,257,0,0
2025,2025-08-16,Southbound,All Vehicles,186,95,68,61,71,137,291,353,452,489,505,530,499,555,547,548,498,519,535,450,430,388,337,282,0,0
2025,2025-08-17,Southbound,Light Vehicles,157,109,63,59,56,92,146,196,327,463,478,506,508,516,465,449,450,454,423,354,330,346,264,145,0,0
2025,2025-08-17,Southbound,Heavy Vehicles,9,8,13,7,5,11,12,20,26,26,23,29,28,34,33,31,23,40,37,21,29,27,18,13,0,0
2025,2025-08-17,Southbound,All Vehicles,166,117,76,66,61,103,158,216,353,489,501,535,536,550,498,480,473,494,460,375,359,373,282,158,0,0
2025,2025-08-18,Southbound,Heavy Vehicles,10,8,6,5,14,29,73,68,75,71,82,71,82,73,81,49,57,49,52,30,18,18,9,14,0,0
2025,2025-08-18,Southbound,Light Vehicles,79,53,29,44,80,204,417,442,519,402,394,395,367,400,391,422,386,440,430,355,261,237,187,106,0,0
2025,2025-08-18,Southbound,All Vehicles,89,61,35,49,94,233,490,510,594,473,476,466,449,473,472,471,443,489,482,385,279,255,196,120,0,0
2025,2025-08-19,Southbound,Heavy Vehicles,8,6,6,4,15,26,67,52,68,74,67,75,82,88,49,76,47,33,39,27,36,23,17,4,0,0
2025,2025-08-19,Southbound,Light Vehicles,62,50,36,52,92,225,387,483,497,409,391,430,388,466,439,455,420,416,460,365,270,302,190,120,0,0
2025,2025-08-19,Southbound,All Vehicles,70,56,42,56,107,251,454,535,565,483,458,505,470,554,488,531,467,449,499,392,306,325,207,124,0,0
2025,2025-08-20,Southbound,Light Vehicles,75,36,33,40,78,218,450,467,485,409,388,410,430,441,464,411,450,437,438,388,276,271,188,142,0,0
2025,2025-08-20,Southbound,Heavy Vehicles,9,6,4,7,22,18,70,60,62,66,68,92,59,75,74,62,51,39,35,31,17,22,25,13,0,0
2025,2025-08-20,Southbound,All Vehicles,84,42,37,47,100,236,520,527,547,475,456,502,489,516,538,473,501,476,473,419,293,293,213,155,0,0
2025,2025-08-21,Southbound,Heavy Vehicles,11,3,9,11,9,32,48,55,55,82,69,67,70,75,61,53,52,30,34,33,28,25,14,14,0,0
2025,2025-08-21,Southbound,Light Vehicles,80,46,29,50,95,214,365,435,499,395,388,420,422,395,471,337,413,448,415,331,295,301,227,136,0,0
2025,2025-08-21,Southbound,All Vehicles,91,49,38,61,104,246,413,490,554,477,457,487,492,470,532,390,465,478,449,364,323,326,241,150,0,0
2025,2025-08-22,Southbound,Light Vehicles,94,49,31,53,79,194,414,421,517,385,389,411,435,404,466,435,408,463,452,469,333,308,309,214,0,0
2025,2025-08-22,Southbound,Heavy Vehicles,9,6,5,8,13,22,59,66,65,57,75,87,66,83,51,51,54,43,34,36,31,18,27,13,0,0
2025,2025-08-22,Southbound,All Vehicles,103,55,36,61,92,216,473,487,582,442,464,498,501,487,517,486,462,506,486,505,364,326,336,227,0,0
2025,2025-08-23,Southbound,Heavy Vehicles,12,9,2,2,8,15,30,45,40,37,38,56,50,39,39,35,33,39,46,28,30,19,15,21,0,0
2025,2025-08-23,Southbound,Light Vehicles,137,76,58,63,57,114,223,268,395,394,486,458,501,485,529,519,461,477,519,447,380,337,286,274,0,0
2025,2025-08-23,Southbound,All Vehicles,149,85,60,65,65,129,253,313,435,431,524,514,551,524,568,554,494,516,565,475,410,356,301,295,0,0
2025,2025-08-24,Southbound,Heavy Vehicles,14,11,4,4,1,6,19,19,21,25,28,24,25,25,36,38,45,26,40,27,25,21,25,13,0,0
2025,2025-08-24,Southbound,Light Vehicles,185,81,65,55,58,90,185,232,330,449,458,540,485,453,458,465,487,468,444,343,340,321,232,143,0,0
2025,2025-08-24,Southbound,All Vehicles,199,92,69,59,59,96,204,251,351,474,486,564,510,478,494,503,532,494,484,370,365,342,257,156,0,0
2025,2025-08-25,Southbound,Light Vehicles,90,44,37,46,78,207,477,474,507,453,446,416,394,410,449,435,446,469,450,383,335,285,243,124,0,0
2025,2025-08-25,Southbound,Heavy Vehicles,14,9,5,7,15,33,77,73,62,68,83,96,86,72,64,49,57,41,44,28,31,17,16,8,0,0
2025,2025-08-25,Southbound,All Vehicles,104,53,42,53,93,240,554,547,569,521,529,512,480,482,513,484,503,510,494,411,366,302,259,132,0,0
2025,2025-08-26,Southbound,Light Vehicles,74,54,44,53,84,210,408,507,507,433,419,421,421,439,419,411,453,430,437,392,355,327,263,153,0,0
2025,2025-08-26,Southbound,Heavy Vehicles,8,8,7,6,20,27,80,69,54,70,68,77,85,74,70,63,51,33,42,41,29,30,15,13,0,0
2025,2025-08-26,Southbound,All Vehicles,82,62,51,59,104,237,488,576,561,503,487,498,506,513,489,474,504,463,479,433,384,357,278,166,0,0
2025,2025-08-27,Southbound,Light Vehicles,79,49,38,50,78,215,475,485,491,411,408,401,422,474,402,421,447,500,450,403,327,375,255,156,0,0
2025,2025-08-27,Southbound,Heavy Vehicles,10,7,10,9,16,33,78,66,76,60,67,84,65,79,65,56,51,49,43,42,25,28,22,13,0,0
2025,2025-08-27,Southbound,All Vehicles,89,56,48,59,94,248,553,551,567,471,475,485,487,553,467,477,498,549,493,445,352,403,277,169,0,0
2025,2025-08-28,Southbound,Heavy Vehicles,7,7,7,12,15,23,71,73,62,79,76,84,71,82,85,67,49,38,44,39,30,34,36,31,0,0
2025,2025-08-28,Southbound,Light Vehicles,99,39,36,55,89,242,440,517,517,451,434,445,472,424,448,394,449,434,438,460,301,305,345,184,0,0
2025,2025-08-28,Southbound,All Vehicles,106,46,43,67,104,265,511,590,579,530,510,529,543,506,533,461,498,472,482,499,331,339,381,215,0,0
2025,2025-08-29,Southbound,Light Vehicles,101,48,41,56,85,232,421,490,507,441,438,408,423,465,468,438,420,483,452,485,357,368,340,259,0,0
2025,2025-08-29,Southbound,Heavy Vehicles,7,6,8,9,14,37,81,71,67,83,74,79,72,69,75,44,60,55,38,40,37,26,25,24,0,0
2025,2025-08-29,Southbound,All Vehicles,108,54,49,65,99,269,502,561,574,524,512,487,495,534,543,482,480,538,490,525,394,394,365,283,0,0
2025,2025-08-30,Southbound,Light Vehicles,145,77,56,53,66,132,272,304,410,449,468,530,502,524,474,485,429,540,476,445,359,367,324,273,0,0
2025,2025-08-30,Southbound,Heavy Vehicles,11,7,5,3,10,11,37,40,49,44,44,52,48,44,51,40,40,40,41,25,28,15,30,23,0,0
2025,2025-08-30,Southbound,All Vehicles,156,84,61,56,76,143,309,344,459,493,512,582,550,568,525,525,469,580,517,470,387,382,354,296,0,0
2025,2025-08-31,Southbound,Heavy Vehicles,11,13,4,1,4,14,22,18,34,23,29,37,27,32,23,31,45,30,32,29,29,18,19,12,0,0
2025,2025-08-31,Southbound,Light Vehicles,177,98,74,56,60,100,176,232,329,437,501,506,515,491,532,439,444,446,436,390,323,313,237,153,0,0
2025,2025-08-31,Southbound,All Vehicles,188,111,78,57,64,114,198,250,363,460,530,543,542,523,555,470,489,476,468,419,352,331,256,165,0,0
2025,2025-09-01,Southbound,Light Vehicles,91,51,34,49,83,207,432,462,511,413,440,414,441,448,443,500,428,455,389,371,303,286,201,128,0,0
2025,2025-09-01,Southbound,Heavy Vehicles,14,5,7,6,17,31,85,65,75,82,84,69,92,61,72,63,65,52,38,30,35,25,13,11,0,0
2025,2025-09-01,Southbound,All Vehicles,105,56,41,55,100,238,517,527,586,495,524,483,533,509,515,563,493,507,427,401,338,311,214,139,0,0
2025,2025-09-02,Southbound,Heavy Vehicles,5,6,7,10,16,37,86,63,60,70,79,75,86,78,76,52,56,40,50,41,25,27,28,18,0,0
2025,2025-09-02,Southbound,Light Vehicles,70,38,29,44,92,215,448,479,541,435,404,433,371,435,439,414,449,449,476,388,340,294,215,128,0,0
2025,2025-09-02,Southbound,All Vehicles,75,44,36,54,108,252,534,542,601,505,483,508,457,513,515,466,505,489,526,429,365,321,243,146,0,0
2025,2025-09-03,Southbound,Heavy Vehicles,10,7,7,8,13,32,86,78,58,68,76,79,75,87,73,72,41,47,38,34,26,23,20,8,0,0
2025,2025-09-03,Southbound,Light Vehicles,75,49,30,45,76,244,458,471,512,431,410,446,416,457,449,434,446,419,428,396,325,362,241,131,0,0
2025,2025-09-03,Southbound,All Vehicles,85,56,37,53,89,276,544,549,570,499,486,525,491,544,522,506,487,466,466,430,351,385,261,139,0,0
2025,2025-09-04,Southbound,Heavy Vehicles,6,3,8,7,20,32,74,64,50,84,87,63,68,80,74,67,66,34,43,35,32,24,19,7,0,0
2025,2025-09-04,Southbound,Light Vehicles,76,55,27,51,84,231,454,504,549,436,404,411,432,444,477,417,453,503,450,395,367,310,273,142,0,0
2025,2025-09-04,Southbound,All Vehicles,82,58,35,58,104,263,528,568,599,520,491,474,500,524,551,484,519,537,493,430,399,334,292,149,0,0
2025,2025-09-05,Southbound,Heavy Vehicles,5,7,10,6,19,30,83,75,73,73,89,98,77,77,69,56,40,47,45,41,31,30,29,16,0,0
2025,2025-09-05,Southbound,Light Vehicles,103,52,33,54,91,211,412,469,494,420,434,466,422,479,507,425,465,436,466,434,402,362,326,236,0,0
2025,2025-09-05,Southbound,All Vehicles,108,59,43,60,110,241,495,544,567,493,523,564,499,556,576,481,505,483,511,475,433,392,355,252,0,0
2025,2025-09-06,Southbound,Heavy Vehicles,12,6,5,3,8,23,46,40,63,52,48,34,49,45,36,31,39,38,48,21,24,31,30,16,0,0
2025,2025-09-06,Southbound,Light Vehicles,151,110,61,50,61,125,291,323,485,464,490,479,522,481,465,462,428,510,502,493,408,417,409,264,0,0
2025,2025-09-06,Southbound,All Vehicles,163,116,66,53,69,148,337,363,548,516,538,513,571,526,501,493,467,548,550,514,432,448,439,280,0,0
2025,2025-09-07,Southbound,Light Vehicles,172,123,63,53,56,88,183,238,352,423,511,550,519,515,445,464,473,481,487,433,353,331,242,127,0,0
2025,2025-09-07,Southbound,Heavy Vehicles,15,6,5,6,5,12,14,16,26,25,31,29,26,27,32,28,27,37,37,38,16,19,17,10,0,0
2025,2025-09-07,Southbound,All Vehicles,187,129,68,59,61,100,197,254,378,448,542,579,545,542,477,492,500,518,524,471,369,350,259,137,0,0
2025,2025-09-08,Southbound,Light Vehicles,83,54,36,46,74,234,455,474,496,393,413,429,437,400,445,440,386,401,465,383,344,297,217,150,0,0
2025,2025-09-08,Southbound,Heavy Vehicles,13,6,7,4,14,40,87,62,69,69,87,79,84,75,78,65,43,54,44,35,30,27,16,16,0,0
2025,2025-09-08,Southbound,All Vehicles,96,60,43,50,88,274,542,536,565,462,500,508,521,475,523,505,429,455,509,418,374,324,233,166,0,0
2025,2025-09-09,Southbound,Light Vehicles,100,44,31,56,85,239,436,466,549,421,419,382,468,448,417,464,409,386,452,404,330,299,218,142,0,0
2025,2025-09-09,Southbound,Heavy Vehicles,10,8,7,6,10,27,84,62,72,76,74,79,90,92,63,70,52,40,44,34,22,27,19,12,0,0
2025,2025-09-09,Southbound,All Vehicles,110,52,38,62,95,266,520,528,621,497,493,461,558,540,480,534,461,426,496,438,352,326,237,154,0,0
2025,2025-09-10,Southbound,Light Vehicles,93,47,34,58,90,220,397,433,497,53,395,429,369,447,355,376,408,458,429,367,286,272,202,126,0,0
2025,2025-09-10,Southbound,Heavy Vehicles,6,6,9,4,14,32,66,58,73,13,69,75,67,83,84,57,50,45,44,34,41,38,12,11,0,0
2025,2025-09-10,Southbound,All Vehicles,99,53,43,62,104,252,463,491,570,66,464,504,436,530,439,433,458,503,473,401,327,310,214,137,0,0
2025,2025-09-11,Southbound,Light Vehicles,86,40,33,51,94,202,411,441,505,396,426,442,457,456,463,426,441,451,436,380,332,361,248,138,0,0
2025,2025-09-11,Southbound,Heavy Vehicles,9,8,7,6,19,22,47,56,61,59,71,103,77,72,68,53,52,50,41,26,32,30,20,16,0,0
2025,2025-09-11,Southbound,All Vehicles,95,48,40,57,113,224,458,497,566,455,497,545,534,528,531,479,493,501,477,406,364,391,268,154,0,0
2025,2025-09-12,Southbound,Heavy Vehicles,7,5,7,7,18,28,84,62,65,104,72,87,74,72,88,64,53,43,45,44,40,22,25,18,0,0
2025,2025-09-12,Southbound,Light Vehicles,89,49,31,59,90,207,403,504,459,430,413,398,472,440,446,472,427,438,484,502,373,350,369,262,0,0
2025,2025-09-12,Southbound,All Vehicles,96,54,38,66,108,235,487,566,524,534,485,485,546,512,534,536,480,481,529,546,413,372,394,280,0,0
2025,2025-09-13,Southbound,Heavy Vehicles,9,2,6,1,8,16,58,41,46,55,50,34,30,40,38,42,33,24,40,27,27,24,25,17,0,0
2025,2025-09-13,Southbound,Light Vehicles,154,83,56,61,65,104,244,315,453,433,471,504,506,524,527,462,470,515,543,481,359,341,322,254,0,0
2025,2025-09-13,Southbound,All Vehicles,163,85,62,62,73,120,302,356,499,488,521,538,536,564,565,504,503,539,583,508,386,365,347,271,0,0
2025,2025-09-14,Southbound,Light Vehicles,186,93,75,49,65,106,165,227,341,422,491,513,491,501,476,449,467,437,483,413,371,306,249,147,0,0
2025,2025-09-14,Southbound,Heavy Vehicles,14,10,8,3,4,15,16,22,28,36,30,35,33,34,45,28,31,29,29,31,30,19,19,14,0,0
2025,2025-09-14,Southbound,All Vehicles,200,103,83,52,69,121,181,249,369,458,521,548,524,535,521,477,498,466,512,444,401,325,268,161,0,0
2025,2025-09-15,Southbound,Heavy Vehicles,9,6,9,9,21,36,103,76,52,99,86,92,72,72,57,42,52,48,38,39,24,26,13,7,0,0
2025,2025-09-15,Southbound,Light Vehicles,102,43,31,56,79,228,446,452,489,405,421,405,425,421,414,429,481,465,419,347,333,287,210,134,0,0
2025,2025-09-15,Southbound,All Vehicles,111,49,40,65,100,264,549,528,541,504,507,497,497,493,471,471,533,513,457,386,357,313,223,141,0,0
2025,2025-09-16,Southbound,Heavy Vehicles,7,8,5,4,14,27,89,70,72,84,85,72,80,73,68,63,47,38,54,28,31,32,15,8,0,0
2025,2025-09-16,Southbound,Light Vehicles,72,35,30,42,88,228,424,470,536,426,444,451,430,467,466,373,404,449,443,398,367,322,229,133,0,0
2025,2025-09-16,Southbound,All Vehicles,79,43,35,46,102,255,513,540,608,510,529,523,510,540,534,436,451,487,497,426,398,354,244,141,0,0
2025,2025-09-17,Southbound,Light Vehicles,71,38,40,50,84,232,472,489,520,413,422,468,397,417,415,463,438,429,411,373,384,343,233,150,0,0
2025,2025-09-17,Southbound,Heavy Vehicles,7,6,6,9,20,20,75,56,68,73,74,90,90,79,81,68,51,48,39,44,32,21,12,9,0,0
2025,2025-09-17,Southbound,All Vehicles,78,44,46,59,104,252,547,545,588,486,496,558,487,496,496,531,489,477,450,417,416,364,245,159,0,0
2025,2025-09-18,Southbound,Light Vehicles,91,42,32,59,83,224,442,464,469,441,389,410,425,485,433,382,415,420,441,409,395,350,242,154,0,0
2025,2025-09-18,Southbound,Heavy Vehicles,3,6,11,8,15,29,94,73,63,88,87,70,90,71,82,67,45,40,53,33,23,19,15,16,0,0
2025,2025-09-18,Southbound,All Vehicles,94,48,43,67,98,253,536,537,532,529,476,480,515,556,515,449,460,460,494,442,418,369,257,170,0,0
2025,2025-09-19,Southbound,Heavy Vehicles,7,9,6,14,18,26,97,76,86,92,91,72,63,77,72,53,37,46,41,39,24,23,23,18,0,0
2025,2025-09-19,Southbound,Light Vehicles,91,47,43,58,86,218,439,452,480,425,434,445,420,438,466,384,441,469,431,441,374,333,279,242,0,0
2025,2025-09-19,Southbound,All Vehicles,98,56,49,72,104,244,536,528,566,517,525,517,483,515,538,437,478,515,472,480,398,356,302,260,0,0
2025,2025-09-20,Southbound,Heavy Vehicles,11,11,5,4,10,18,44,45,50,60,52,51,46,25,51,38,39,32,36,35,19,21,23,25,0,0
2025,2025-09-20,Southbound,Light Vehicles,131,70,56,55,59,130,295,335,396,476,468,512,488,464,467,442,468,450,488,458,352,341,337,262,0,0
2025,2025-09-20,Southbound,All Vehicles,142,81,61,59,69,148,339,380,446,536,520,563,534,489,518,480,507,482,524,493,371,362,360,287,0,0
2025,2025-09-21,Southbound,Light Vehicles,203,100,66,54,54,102,183,231,361,438,496,511,499,462,488,472,419,413,500,500,369,329,253,186,0,0
2025,2025-09-21,Southbound,Heavy Vehicles,15,15,2,7,6,8,14,22,34,31,44,31,32,39,20,40,35,23,30,36,28,28,26,14,0,0
2025,2025-09-21,Southbound,All Vehicles,218,115,68,61,60,110,197,253,395,469,540,542,531,501,508,512,454,436,530,536,397,357,279,200,0,0
2025,2025-09-22,Southbound,Heavy Vehicles,10,3,9,6,14,33,80,75,86,69,89,72,70,67,63,67,56,41,46,40,21,27,12,13,0,0
2025,2025-09-22,Southbound,Light Vehicles,91,40,30,54,100,193,473,513,482,468,430,440,409,414,470,434,401,406,434,372,320,275,206,124,0,0
2025,2025-09-22,Southbound,All Vehicles,101,43,39,60,114,226,553,588,568,537,519,512,479,481,533,501,457,447,480,412,341,302,218,137,0,0
2025,2025-09-23,Southbound,Light Vehicles,73,26,30,54,82,224,470,472,503,428,423,462,409,431,444,455,455,474,441,427,358,281,241,135,0,0
2025,2025-09-23,Southbound,Heavy Vehicles,3,5,5,6,18,38,92,81,75,78,90,78,88,98,71,62,59,48,40,40,30,28,14,12,0,0
2025,2025-09-23,Southbound,All Vehicles,76,31,35,60,100,262,562,553,578,506,513,540,497,529,515,517,514,522,481,467,388,309,255,147,0,0
2025,2025-09-24,Southbound,Heavy Vehicles,5,9,4,2,20,25,75,74,73,91,82,95,80,70,68,56,54,11,,,,12,12,10,0,0
2025,2025-09-24,Southbound,Light Vehicles,81,36,23,51,95,240,451,501,451,462,446,497,426,425,438,376,463,146,,,,129,251,144,0,0
2025,2025-09-24,Southbound,All Vehicles,86,45,27,53,115,265,526,575,524,553,528,592,506,495,506,432,517,157,,,,141,263,154,0,0
2025,2025-09-25,Southbound,Heavy Vehicles,10,8,5,5,22,31,90,65,68,96,66,68,96,75,73,67,53,46,44,35,30,27,25,8,0,0
2025,2025-09-25,Southbound,Light Vehicles,89,40,43,58,91,236,490,459,481,462,478,447,429,419,481,400,440,458,418,423,367,322,275,146,0,0
2025,2025-09-25,Southbound,All Vehicles,99,48,48,63,113,267,580,524,549,558,544,515,525,494,554,467,493,504,462,458,397,349,300,154,0,0
2025,2025-09-26,Southbound,Heavy Vehicles,5,11,7,8,16,37,90,74,65,80,85,91,85,86,80,54,65,45,45,43,31,20,34,22,0,0
2025,2025-09-26,Southbound,Light Vehicles,86,57,39,50,96,217,446,422,508,437,403,453,456,443,458,449,451,448,462,507,374,340,311,241,0,0
2025,2025-09-26,Southbound,All Vehicles,91,68,46,58,112,254,536,496,573,517,488,544,541,529,538,503,516,493,507,550,405,360,345,263,0,0
2025,2025-09-27,Southbound,Heavy Vehicles,18,7,5,4,5,24,37,42,41,55,50,53,47,38,50,43,40,42,41,37,32,20,27,22,0,0
2025,2025-09-27,Southbound,Light Vehicles,158,87,53,69,65,135,296,328,400,442,451,516,515,478,515,469,463,448,505,452,364,336,355,289,0,0
2025,2025-09-27,Southbound,All Vehicles,176,94,58,73,70,159,333,370,441,497,501,569,562,516,565,512,503,490,546,489,396,356,382,311,0,0
2025,2025-09-28,Southbound,Heavy Vehicles,14,12,2,5,6,12,13,19,26,42,31,29,38,27,30,22,41,32,30,27,32,26,17,16,0,0
2025,2025-09-28,Southbound,Light Vehicles,182,109,81,61,63,112,193,247,355,433,512,496,485,515,461,443,464,421,495,441,334,377,288,170,0,0
2025,2025-09-28,Southbound,All Vehicles,196,121,83,66,69,124,206,266,381,475,543,525,523,542,491,465,505,453,525,468,366,403,305,186,0,0
2025,2025-09-29,Southbound,Heavy Vehicles,11,6,6,5,16,38,78,63,60,87,84,70,85,79,64,64,78,49,39,38,28,30,20,7,0,0
2025,2025-09-29,Southbound,Light Vehicles,109,47,32,46,96,221,444,426,402,429,428,440,407,427,496,461,465,430,434,394,330,291,229,136,0,0
2025,2025-09-29,Southbound,All Vehicles,120,53,38,51,112,259,522,489,462,516,512,510,492,506,560,525,543,479,473,432,358,321,249,143,0,0
2025,2025-09-30,Southbound,Heavy Vehicles,7,8,5,5,15,25,87,72,52,80,82,81,68,87,80,75,50,48,44,35,32,19,,,0,0
2025,2025-09-30,Southbound,Light Vehicles,81,39,44,47,87,227,477,478,460,435,435,473,446,446,466,419,465,409,507,422,348,268,,,0,0
2025,2025-09-30,Southbound,All Vehicles,88,47,49,52,102,252,564,550,512,515,517,554,514,533,546,494,515,457,551,457,380,287,,,0,0
2025,2025-10-01,Southbound,Light Vehicles,,26,36,50,80,226,502,488,429,417,25,79,448,463,423,424,445,423,486,428,389,316,281,167,0,0
2025,2025-10-01,Southbound,Heavy Vehicles,,3,9,9,16,29,101,85,73,87,2,8,68,77,82,70,64,49,46,41,33,22,20,7,0,0
2025,2025-10-01,Southbound,All Vehicles,,29,45,59,96,255,603,573,502,504,27,87,516,540,505,494,509,472,532,469,422,338,301,174,0,0
2025,2025-10-02,Southbound,Heavy Vehicles,4,6,2,5,13,43,90,83,67,67,82,88,68,92,75,57,59,41,41,49,32,32,20,11,0,0
2025,2025-10-02,Southbound,Light Vehicles,90,55,37,49,80,251,455,479,482,446,433,439,421,418,493,428,467,482,432,376,369,364,249,169,0,0
2025,2025-10-02,Southbound,All Vehicles,94,61,39,54,93,294,545,562,549,513,515,527,489,510,568,485,526,523,473,425,401,396,269,180,0,0
2025,2025-10-03,Southbound,Light Vehicles,93,38,28,53,79,213,449,402,459,459,414,526,442,469,467,458,434,434,475,449,390,351,308,212,0,0
2025,2025-10-03,Southbound,Heavy Vehicles,5,10,5,5,16,35,85,77,68,87,77,76,89,78,86,77,40,49,57,35,35,25,22,20,0,0
2025,2025-10-03,Southbound,All Vehicles,98,48,33,58,95,248,534,479,527,546,491,602,531,547,553,535,474,483,532,484,425,376,330,232,0,0
2025,2025-10-04,Southbound,Heavy Vehicles,14,10,4,3,13,14,45,44,51,61,42,58,55,52,42,29,44,34,33,31,34,21,18,28,0,0
2025,2025-10-04,Southbound,Light Vehicles,159,78,72,56,53,126,285,294,395,415,459,518,468,503,454,460,477,465,486,438,312,345,296,238,0,0
2025,2025-10-04,Southbound,All Vehicles,173,88,76,59,66,140,330,338,446,476,501,576,523,555,496,489,521,499,519,469,346,366,314,266,0,0
2025,2025-10-05,Southbound,Light Vehicles,196,104,,70,73,103,163,221,290,403,473,512,480,468,431,391,388,465,445,393,317,305,393,269,0,0
2025,2025-10-05,Southbound,Heavy Vehicles,18,15,,5,4,7,15,12,22,22,32,32,25,42,26,31,28,30,30,15,29,21,26,24,0,0
2025,2025-10-05,Southbound,All Vehicles,214,119,,75,77,110,178,233,312,425,505,544,505,510,457,422,416,495,475,408,346,326,419,293,0,0
2025,2025-10-06,Southbound,Light Vehicles,107,69,45,29,28,50,79,85,90,145,163,184,184,158,175,152,172,167,193,142,169,143,133,100,0,0
2025,2025-10-06,Southbound,Heavy Vehicles,5,7,3,3,6,7,15,15,16,13,14,11,15,14,18,17,12,13,12,14,13,17,14,4,0,0
2025,2025-10-06,Southbound,All Vehicles,112,76,48,32,34,57,94,100,106,158,177,195,199,172,193,169,184,180,205,156,182,160,147,104,0,0
2025,2025-10-07,Southbound,Heavy Vehicles,10,7,3,6,7,23,70,66,66,77,75,79,76,95,73,75,52,48,45,37,28,26,21,11,0,0
2025,2025-10-07,Southbound,Light Vehicles,94,56,35,47,83,227,448,459,427,398,434,444,440,454,405,478,442,440,479,405,301,312,247,140,0,0
2025,2025-10-07,Southbound,All Vehicles,104,63,38,53,90,250,518,525,493,475,509,523,516,549,478,553,494,488,524,442,329,338,268,151,0,0
2025,2025-10-08,Southbound,Light Vehicles,96,56,32,60,79,237,464,480,472,444,423,479,434,475,470,463,417,464,446,432,371,325,278,164,0,0
2025,2025-10-08,Southbound,Heavy Vehicles,7,8,9,7,16,26,72,77,86,79,81,93,68,83,88,80,62,48,46,33,34,27,24,10,0,0
2025,2025-10-08,Southbound,All Vehicles,103,64,41,67,95,263,536,557,558,523,504,572,502,558,558,543,479,512,492,465,405,352,302,174,0,0
2025,2025-10-09,Southbound,Heavy Vehicles,4,8,2,6,15,34,78,73,79,80,72,80,81,69,74,71,44,57,53,27,27,31,24,10,0,0
2025,2025-10-09,Southbound,Light Vehicles,88,61,29,62,85,219,459,465,457,417,415,466,460,497,455,502,393,414,484,422,375,371,272,179,0,0
2025,2025-10-09,Southbound,All Vehicles,92,69,31,68,100,253,537,538,536,497,487,546,541,566,529,573,437,471,537,449,402,402,296,189,0,0
2025,2025-10-10,Southbound,Light Vehicles,118,44,49,54,80,205,451,448,436,491,441,498,492,422,453,448,489,525,496,520,419,368,338,270,0,0
2025,2025-10-10,Southbound,Heavy Vehicles,11,6,4,5,10,32,68,74,79,65,102,75,72,79,70,51,59,66,38,41,34,26,20,26,0,0
2025,2025-10-10,Southbound,All Vehicles,129,50,53,59,90,237,519,522,515,556,543,573,564,501,523,499,548,591,534,561,453,394,358,296,0,0
2025,2025-10-11,Southbound,Heavy Vehicles,12,8,12,4,11,13,33,48,36,46,54,46,55,49,42,50,32,37,38,33,24,35,29,23,0,0
2025,2025-10-11,Southbound,Light Vehicles,189,94,57,53,70,152,284,338,400,367,475,518,480,483,459,477,525,508,490,484,388,427,350,305,0,0
2025,2025-10-11,Southbound,All Vehicles,201,102,69,57,81,165,317,386,436,413,529,564,535,532,501,527,557,545,528,517,412,462,379,328,0,0
2025,2025-10-12,Southbound,Heavy Vehicles,15,7,6,4,8,7,14,23,26,37,28,28,27,41,22,37,31,36,30,29,32,17,23,11,0,0
2025,2025-10-12,Southbound,Light Vehicles,217,119,88,62,58,105,163,215,353,446,477,536,456,436,431,413,411,428,421,369,324,317,257,161,0,0
2025,2025-10-12,Southbound,All Vehicles,232,126,94,66,66,112,177,238,379,483,505,564,483,477,453,450,442,464,451,398,356,334,280,172,0,0
2025,2025-10-13,Southbound,Light Vehicles,97,53,41,59,88,225,423,492,447,404,357,383,451,422,393,443,450,467,419,419,355,359,221,144,0,0
2025,2025-10-13,Southbound,Heavy Vehicles,11,4,6,5,7,30,71,70,65,78,88,69,101,77,79,63,60,45,38,39,25,29,15,10,0,0
2025,2025-10-13,Southbound,All Vehicles,108,57,47,64,95,255,494,562,512,482,445,452,552,499,472,506,510,512,457,458,380,388,236,154,0,0
2025,2025-10-14,Southbound,Light Vehicles,93,44,31,51,78,223,440,473,513,473,416,421,392,433,445,454,416,501,463,378,397,321,239,173,0,0
2025,2025-10-14,Southbound,Heavy Vehicles,7,5,4,4,17,28,87,76,70,75,73,92,94,71,84,61,65,48,39,39,30,25,32,11,0,0
2025,2025-10-14,Southbound,All Vehicles,100,49,35,55,95,251,527,549,583,548,489,513,486,504,529,515,481,549,502,417,427,346,271,184,0,0
2025,2025-10-15,Southbound,Heavy Vehicles,5,6,2,4,13,26,98,76,68,69,71,94,77,67,73,59,53,49,39,38,8,6,1,2,0,0
2025,2025-10-15,Southbound,Light Vehicles,89,50,37,52,84,214,467,467,509,453,381,427,403,455,451,409,447,463,449,390,50,6,1,,0,0
2025,2025-10-15,Southbound,All Vehicles,94,56,39,56,97,240,565,543,577,522,452,521,480,522,524,468,500,512,488,428,58,12,2,2,0,0
2025,2025-10-16,Southbound,Light Vehicles,2,3,2,,1,59,428,489,465,442,431,419,418,454,435,435,442,432,396,410,382,22,,,0,0
2025,2025-10-16,Southbound,Heavy Vehicles,2,1,4,,4,19,83,71,69,97,82,108,68,91,77,51,56,40,34,36,32,2,,,0,0
2025,2025-10-16,Southbound,All Vehicles,4,4,6,,5,78,511,560,534,539,513,527,486,545,512,486,498,472,430,446,414,24,,,0,0
2025,2025-10-17,Southbound,Heavy Vehicles,,,5,6,7,35,85,75,66,71,86,86,73,90,67,63,59,55,57,46,38,32,24,17,0,0
2025,2025-10-17,Southbound,Light Vehicles,,8,39,60,84,225,449,492,499,470,447,430,487,451,437,476,389,464,508,415,404,355,320,241,0,0
2025,2025-10-17,Southbound,All Vehicles,,8,44,66,91,260,534,567,565,541,533,516,560,541,504,539,448,519,565,461,442,387,344,258,0,0
2025,2025-10-18,Southbound,Heavy Vehicles,7,10,6,5,8,16,48,45,40,42,55,56,50,43,46,43,37,47,32,37,25,24,19,33,0,0
2025,2025-10-18,Southbound,Light Vehicles,191,96,52,56,68,119,284,317,406,462,476,539,506,479,507,511,468,465,571,475,385,432,321,269,0,0
2025,2025-10-18,Southbound,All Vehicles,198,106,58,61,76,135,332,362,446,504,531,595,556,522,553,554,505,512,603,512,410,456,340,302,0,0
2025,2025-10-19,Southbound,Light Vehicles,233,113,81,64,59,116,173,229,343,474,500,535,523,503,439,438,444,426,459,446,411,340,259,193,0,0
2025,2025-10-19,Southbound,Heavy Vehicles,29,10,7,5,6,11,19,21,28,39,30,39,29,27,21,29,23,38,31,33,30,30,13,14,0,0
2025,2025-10-19,Southbound,All Vehicles,262,123,88,69,65,127,192,250,371,513,530,574,552,530,460,467,467,464,490,479,441,370,272,207,0,0
2025,2025-10-20,Southbound,Heavy Vehicles,9,8,4,14,12,32,82,79,73,70,72,70,75,73,62,72,65,46,35,50,34,29,19,9,0,0
2025,2025-10-20,Southbound,Light Vehicles,87,51,32,38,89,222,463,470,511,442,449,427,432,437,474,458,466,487,410,411,347,296,241,134,0,0
2025,2025-10-20,Southbound,All Vehicles,96,59,36,52,101,254,545,549,584,512,521,497,507,510,536,530,531,533,445,461,381,325,260,143,0,0
2025,2025-10-21,Southbound,Heavy Vehicles,9,8,1,11,16,34,79,83,61,79,70,90,92,70,63,60,56,53,55,51,45,26,16,10,0,0
2025,2025-10-21,Southbound,Light Vehicles,93,42,41,54,94,226,429,499,518,450,458,444,417,439,407,410,479,462,470,401,363,350,255,136,0,0
2025,2025-10-21,Southbound,All Vehicles,102,50,42,65,110,260,508,582,579,529,528,534,509,509,470,470,535,515,525,452,408,376,271,146,0,0
2025,2025-10-22,Southbound,Light Vehicles,88,33,27,46,82,220,479,491,485,452,402,411,429,429,430,434,415,475,437,400,379,407,284,166,0,0
2025,2025-10-22,Southbound,Heavy Vehicles,4,7,6,7,25,46,81,74,71,80,78,82,72,80,83,44,63,46,35,30,30,30,24,12,0,0
2025,2025-10-22,Southbound,All Vehicles,92,40,33,53,107,266,560,565,556,532,480,493,501,509,513,478,478,521,472,430,409,437,308,178,0,0
2025,2025-10-23,Southbound,Heavy Vehicles,14,11,1,7,20,36,80,78,64,65,85,85,77,71,84,58,57,53,42,36,36,28,24,15,0,0
2025,2025-10-23,Southbound,Light Vehicles,89,44,35,43,79,230,466,493,509,464,459,435,468,453,473,419,495,504,450,404,384,348,273,142,0,0
2025,2025-10-23,Southbound,All Vehicles,103,55,36,50,99,266,546,571,573,529,544,520,545,524,557,477,552,557,492,440,420,376,297,157,0,0
2025,2025-10-24,Southbound,Heavy Vehicles,6,6,3,7,12,34,87,75,69,78,86,64,94,85,75,59,61,44,49,40,28,26,25,20,0,0
2025,2025-10-24,Southbound,Light Vehicles,91,53,20,56,89,209,450,458,473,426,467,419,423,457,492,466,473,483,471,473,445,390,332,261,0,0
2025,2025-10-24,Southbound,All Vehicles,97,59,23,63,101,243,537,533,542,504,553,483,517,542,567,525,534,527,520,513,473,416,357,281,0,0
2025,2025-10-25,Southbound,Heavy Vehicles,12,6,10,1,10,25,47,46,60,44,53,49,45,42,55,34,41,30,41,41,44,31,28,33,0,0
2025,2025-10-25,Southbound,Light Vehicles,193,93,57,59,62,143,292,347,423,436,488,516,530,488,475,481,455,485,520,482,372,365,390,339,0,0
2025,2025-10-25,Southbound,All Vehicles,205,99,67,60,72,168,339,393,483,480,541,565,575,530,530,515,496,515,561,523,416,396,418,372,0,0
2025,2025-10-26,Southbound,Light Vehicles,209,121,88,60,57,109,171,224,321,417,467,491,453,448,413,449,431,450,424,390,302,368,261,177,0,0
2025,2025-10-26,Southbound,Heavy Vehicles,15,9,6,4,1,5,12,19,28,18,40,43,31,34,34,28,34,24,45,27,22,27,21,17,0,0
2025,2025-10-26,Southbound,All Vehicles,224,130,94,64,58,114,183,243,349,435,507,534,484,482,447,477,465,474,469,417,324,395,282,194,0,0
2025,2025-10-27,Southbound,Heavy Vehicles,12,6,3,11,16,29,97,81,69,75,102,72,78,69,78,60,55,52,59,39,31,18,17,8,0,0
2025,2025-10-27,Southbound,Light Vehicles,102,48,24,43,79,227,440,493,496,371,411,457,440,443,510,401,452,427,483,380,326,342,218,141,0,0
2025,2025-10-27,Southbound,All Vehicles,114,54,27,54,95,256,537,574,565,446,513,529,518,512,588,461,507,479,542,419,357,360,235,149,0,0
2025,2025-10-28,Southbound,Heavy Vehicles,6,11,4,7,12,27,88,92,73,61,91,93,82,97,61,67,39,53,47,37,38,17,18,11,0,0
2025,2025-10-28,Southbound,Light Vehicles,73,46,20,47,90,215,434,453,512,440,431,430,457,490,424,419,462,456,483,366,378,293,234,147,0,0
2025,2025-10-28,Southbound,All Vehicles,79,57,24,54,102,242,522,545,585,501,522,523,539,587,485,486,501,509,530,403,416,310,252,158,0,0
2025,2025-10-29,Southbound,Heavy Vehicles,6,5,2,6,10,29,65,80,53,45,,48,82,90,72,53,50,40,41,40,32,24,17,9,0,0
2025,2025-10-29,Southbound,Light Vehicles,77,47,26,59,87,223,444,459,477,260,,270,438,439,416,421,454,508,463,411,373,360,233,132,0,0
2025,2025-10-29,Southbound,All Vehicles,83,52,28,65,97,252,509,539,530,305,,318,520,529,488,474,504,548,504,451,405,384,250,141,0,0
2025,2025-10-30,Southbound,Heavy Vehicles,10,9,4,2,12,36,85,49,57,73,92,74,65,90,84,65,58,43,42,41,36,33,22,10,0,0
2025,2025-10-30,Southbound,Light Vehicles,101,46,35,52,76,212,460,475,465,463,422,451,428,453,476,413,465,422,432,451,366,369,260,165,0,0
2025,2025-10-30,Southbound,All Vehicles,111,55,39,54,88,248,545,524,522,536,514,525,493,543,560,478,523,465,474,492,402,402,282,175,0,0
2025,2025-10-31,Southbound,Heavy Vehicles,9,5,5,8,10,28,89,80,55,96,95,85,96,71,93,72,48,49,32,43,25,37,19,15,0,0
2025,2025-10-31,Southbound,Light Vehicles,107,57,35,53,104,193,434,485,449,415,412,475,418,462,469,399,483,467,517,412,387,335,263,224,0,0
2025,2025-10-31,Southbound,All Vehicles,116,62,40,61,114,221,523,565,504,511,507,560,514,533,562,471,531,516,549,455,412,372,282,239,0,0
2025,2025-11-01,Southbound,Light Vehicles,159,82,61,51,58,141,262,314,393,434,470,475,490,526,435,482,498,495,469,442,428,401,358,319,0,0
2025,2025-11-01,Southbound,Heavy Vehicles,16,9,3,6,11,15,38,49,47,52,57,46,45,44,48,45,41,45,36,30,31,30,28,29,0,0
2025,2025-11-01,Southbound,All Vehicles,175,91,64,57,69,156,300,363,440,486,527,521,535,570,483,527,539,540,505,472,459,431,386,348,0,0
2025,2025-11-02,Southbound,Heavy Vehicles,10,17,9,4,6,17,9,23,25,38,28,34,39,35,22,32,37,29,27,35,25,23,24,20,0,0
2025,2025-11-02,Southbound,Light Vehicles,214,110,89,70,51,113,182,214,352,431,498,461,474,466,450,445,488,481,447,373,411,327,282,202,0,0
2025,2025-11-02,Southbound,All Vehicles,224,127,98,74,57,130,191,237,377,469,526,495,513,501,472,477,525,510,474,408,436,350,306,222,0,0
2025,2025-11-03,Southbound,Light Vehicles,106,45,43,50,77,200,448,477,473,423,419,435,430,371,449,404,473,433,430,383,316,296,238,126,0,0
2025,2025-11-03,Southbound,Heavy Vehicles,16,5,4,12,12,26,82,76,75,85,95,90,81,88,66,50,59,53,49,31,36,32,26,16,0,0
2025,2025-11-03,Southbound,All Vehicles,122,50,47,62,89,226,530,553,548,508,514,525,511,459,515,454,532,486,479,414,352,328,264,142,0,0
2025,2025-11-04,Southbound,Heavy Vehicles,4,9,7,4,12,28,73,76,60,71,98,96,88,77,81,57,46,50,58,41,28,19,21,16,0,0
2025,2025-11-04,Southbound,Light Vehicles,89,34,31,52,83,204,440,487,491,444,454,474,476,449,408,460,455,460,458,429,377,358,272,157,0,0
2025,2025-11-04,Southbound,All Vehicles,93,43,38,56,95,232,513,563,551,515,552,570,564,526,489,517,501,510,516,470,405,377,293,173,0,0
2025,2025-11-05,Southbound,Light Vehicles,83,54,31,63,82,239,460,499,464,460,434,472,448,479,447,451,463,502,428,422,372,324,253,165,0,0
2025,2025-11-05,Southbound,Heavy Vehicles,15,11,4,8,9,29,90,77,66,72,88,85,88,90,68,64,60,62,43,42,35,31,29,8,0,0
2025,2025-11-05,Southbound,All Vehicles,98,65,35,71,91,268,550,576,530,532,522,557,536,569,515,515,523,564,471,464,407,355,282,173,0,0
2025,2025-11-06,Southbound,Heavy Vehicles,7,4,7,6,19,40,104,84,69,91,63,75,87,91,61,71,46,42,34,41,28,35,17,22,0,0
2025,2025-11-06,Southbound,Light Vehicles,85,38,39,44,78,209,446,457,483,461,447,430,424,435,464,434,416,487,410,380,424,372,273,161,0,0
2025,2025-11-06,Southbound,All Vehicles,92,42,46,50,97,249,550,541,552,552,510,505,511,526,525,505,462,529,444,421,452,407,290,183,0,0
2025,2025-11-07,Southbound,Heavy Vehicles,10,2,2,9,16,35,113,69,68,70,79,73,79,62,73,54,55,39,40,36,33,38,22,18,0,0
2025,2025-11-07,Southbound,Light Vehicles,108,45,38,60,90,236,468,475,452,467,466,490,457,491,483,497,511,455,475,482,403,369,342,242,0,0
2025,2025-11-07,Southbound,All Vehicles,118,47,40,69,106,271,581,544,520,537,545,563,536,553,556,551,566,494,515,518,436,407,364,260,0,0
2025,2025-11-08,Southbound,Light Vehicles,179,96,62,51,57,128,281,319,398,499,508,508,517,450,511,461,422,489,536,469,397,395,362,311,0,0
2025,2025-11-08,Southbound,Heavy Vehicles,13,11,3,4,9,16,41,50,54,54,49,56,57,44,42,45,34,38,35,28,33,25,32,25,0,0
2025,2025-11-08,Southbound,All Vehicles,192,107,65,55,66,144,322,369,452,553,557,564,574,494,553,506,456,527,571,497,430,420,394,336,0,0
2025,2025-11-09,Southbound,Light Vehicles,223,123,82,74,50,113,178,208,358,445,488,489,506,455,445,496,427,451,435,475,403,351,283,165,0,0
2025,2025-11-09,Southbound,Heavy Vehicles,25,10,7,4,4,11,10,17,27,34,23,36,29,41,41,33,34,28,30,32,32,32,27,18,0,0
2025,2025-11-09,Southbound,All Vehicles,248,133,89,78,54,124,188,225,385,479,511,525,535,496,486,529,461,479,465,507,435,383,310,183,0,0
2025,2025-11-10,Southbound,Heavy Vehicles,8,3,8,10,17,38,86,64,61,81,89,81,74,80,66,59,45,39,42,47,35,30,24,14,0,0
2025,2025-11-10,Southbound,Light Vehicles,100,52,29,51,95,216,480,478,473,451,419,400,436,463,436,405,414,428,454,386,382,308,283,160,0,0
2025,2025-11-10,Southbound,All Vehicles,108,55,37,61,112,254,566,542,534,532,508,481,510,543,502,464,459,467,496,433,417,338,307,174,0,0
2025,2025-11-11,Southbound,Heavy Vehicles,7,8,5,10,11,41,89,92,76,60,75,85,67,79,81,54,49,40,41,42,30,23,21,8,0,0
2025,2025-11-11,Southbound,Light Vehicles,93,51,39,54,88,227,471,483,521,472,415,471,426,484,452,416,442,460,470,373,390,335,254,155,0,0
2025,2025-11-11,Southbound,All Vehicles,100,59,44,64,99,268,560,575,597,532,490,556,493,563,533,470,491,500,511,415,420,358,275,163,0,0
2025,2025-11-12,Southbound,Heavy Vehicles,7,7,8,11,14,37,77,69,69,75,89,86,95,80,77,59,62,47,48,44,40,29,31,16,0,0
2025,2025-11-12,Southbound,Light Vehicles,83,46,34,46,87,253,484,508,497,417,416,426,460,473,434,423,454,462,473,421,359,358,280,151,0,0
2025,2025-11-12,Southbound,All Vehicles,90,53,42,57,101,290,561,577,566,492,505,512,555,553,511,482,516,509,521,465,399,387,311,167,0,0
2025,2025-11-13,Southbound,Heavy Vehicles,10,3,7,6,18,38,84,89,56,69,94,78,77,78,69,61,48,53,57,46,35,25,32,17,0,0
2025,2025-11-13,Southbound,Light Vehicles,100,48,41,56,87,224,534,480,515,417,423,440,450,450,463,401,421,440,466,416,415,398,310,184,0,0
2025,2025-11-13,Southbound,All Vehicles,110,51,48,62,105,262,618,569,571,486,517,518,527,528,532,462,469,493,523,462,450,423,342,201,0,0
2025,2025-11-14,Southbound,Light Vehicles,109,53,47,63,84,239,486,462,477,461,437,451,442,407,415,452,457,492,508,502,383,378,327,270,0,0
2025,2025-11-14,Southbound,Heavy Vehicles,8,8,3,10,17,36,92,71,65,74,96,82,88,71,58,61,58,45,46,50,30,27,32,17,0,0
2025,2025-11-14,Southbound,All Vehicles,117,61,50,73,101,275,578,533,542,535,533,533,530,478,473,513,515,537,554,552,413,405,359,287,0,0
2025,2025-11-15,Southbound,Light Vehicles,143,84,48,58,77,116,293,330,412,503,467,492,486,500,488,476,438,460,520,450,451,440,358,293,0,0
2025,2025-11-15,Southbound,Heavy Vehicles,13,8,4,9,9,19,40,44,49,52,55,52,58,44,57,48,39,32,44,26,32,28,29,26,0,0
2025,2025-11-15,Southbound,All Vehicles,156,92,52,67,86,135,333,374,461,555,522,544,544,544,545,524,477,492,564,476,483,468,387,319,0,0
2025,2025-11-16,Southbound,Light Vehicles,258,127,77,58,69,103,182,209,331,484,501,501,507,485,417,451,414,435,475,439,398,346,277,211,0,0
2025,2025-11-16,Southbound,Heavy Vehicles,16,15,9,2,9,8,16,24,34,34,30,35,34,39,29,30,28,39,25,26,22,30,22,21,0,0
2025,2025-11-16,Southbound,All Vehicles,274,142,86,60,78,111,198,233,365,518,531,536,541,524,446,481,442,474,500,465,420,376,299,232,0,0
2025,2025-11-17,Southbound,Light Vehicles,106,64,34,44,90,228,455,493,487,441,466,436,459,426,475,420,468,438,442,401,340,336,253,142,0,0
2025,2025-11-17,Southbound,Heavy Vehicles,7,9,5,6,15,34,78,86,69,106,86,96,90,76,80,81,45,41,42,34,45,35,18,7,0,0
2025,2025-11-17,Southbound,All Vehicles,113,73,39,50,105,262,533,579,556,547,552,532,549,502,555,501,513,479,484,435,385,371,271,149,0,0
2025,2025-11-18,Southbound,Light Vehicles,79,45,31,58,94,231,493,516,488,445,469,452,411,480,462,414,471,480,473,393,379,366,270,181,0,0
2025,2025-11-18,Southbound,Heavy Vehicles,8,8,7,6,21,44,87,84,70,92,79,87,80,102,77,76,62,40,51,38,47,32,20,20,0,0
2025,2025-11-18,Southbound,All Vehicles,87,53,38,64,115,275,580,600,558,537,548,539,491,582,539,490,533,520,524,431,426,398,290,201,0,0
2025,2025-11-19,Southbound,Light Vehicles,100,58,41,51,85,243,484,511,453,426,454,466,465,458,481,425,448,460,496,419,414,344,267,180,0,0
2025,2025-11-19,Southbound,Heavy Vehicles,16,8,7,2,21,31,90,73,70,88,77,71,84,71,78,56,62,37,39,37,42,40,23,10,0,0
2025,2025-11-19,Southbound,All Vehicles,116,66,48,53,106,274,574,584,523,514,531,537,549,529,559,481,510,497,535,456,456,384,290,190,0,0
2025,2025-11-20,Southbound,Heavy Vehicles,8,12,6,6,13,37,84,69,75,83,82,92,89,88,72,71,68,52,48,42,24,29,28,15,0,0
2025,2025-11-20,Southbound,Light Vehicles,112,56,30,66,94,229,493,471,495,444,410,432,474,499,459,449,484,448,469,440,368,356,319,185,0,0
2025,2025-11-20,Southbound,All Vehicles,120,68,36,72,107,266,577,540,570,527,492,524,563,587,531,520,552,500,517,482,392,385,347,200,0,0
2025,2025-11-21,Southbound,Light Vehicles,130,57,35,55,92,226,453,521,493,513,461,499,473,472,456,466,442,411,458,461,412,398,349,282,0,0
2025,2025-11-21,Southbound,Heavy Vehicles,6,11,7,6,17,31,83,67,70,70,109,87,72,80,65,74,55,46,31,44,33,36,29,23,0,0
2025,2025-11-21,Southbound,All Vehicles,136,68,42,61,109,257,536,588,563,583,570,586,545,552,521,540,497,457,489,505,445,434,378,305,0,0
2025,2025-11-22,Southbound,Heavy Vehicles,17,13,5,3,8,12,48,57,50,53,52,40,52,49,39,35,38,39,38,33,32,23,19,25,0,0
2025,2025-11-22,Southbound,Light Vehicles,191,84,61,51,60,142,262,331,408,457,510,509,522,534,535,512,492,495,514,496,423,404,335,297,0,0
2025,2025-11-22,Southbound,All Vehicles,208,97,66,54,68,154,310,388,458,510,562,549,574,583,574,547,530,534,552,529,455,427,354,322,0,0
2025,2025-11-23,Southbound,Light Vehicles,180,90,75,51,74,96,141,169,295,402,481,511,527,502,497,443,482,440,467,411,403,392,293,183,0,0
2025,2025-11-23,Southbound,Heavy Vehicles,14,13,5,9,8,7,17,19,24,31,31,33,35,37,44,31,38,18,33,27,36,23,27,16,0,0
2025,2025-11-23,Southbound,All Vehicles,194,103,80,60,82,103,158,188,319,433,512,544,562,539,541,474,520,458,500,438,439,415,320,199,0,0
2025,2025-11-24,Southbound,Light Vehicles,101,56,43,47,88,242,495,453,523,442,461,475,483,440,420,401,434,465,475,380,344,329,261,137,0,0
2025,2025-11-24,Southbound,Heavy Vehicles,7,11,5,7,17,40,88,83,71,80,100,85,83,76,82,48,70,38,48,32,38,24,20,17,0,0
2025,2025-11-24,Southbound,All Vehicles,108,67,48,54,105,282,583,536,594,522,561,560,566,516,502,449,504,503,523,412,382,353,281,154,0,0
2025,2025-11-25,Southbound,Heavy Vehicles,10,8,3,6,17,41,86,96,74,75,92,89,84,88,76,61,58,43,33,40,39,30,13,11,0,0
2025,2025-11-25,Southbound,Light Vehicles,87,41,43,50,97,244,459,476,563,457,420,443,479,433,422,401,461,459,495,412,378,349,272,178,0,0
2025,2025-11-25,Southbound,All Vehicles,97,49,46,56,114,285,545,572,637,532,512,532,563,521,498,462,519,502,528,452,417,379,285,189,0,0
2025,2025-11-26,Southbound,Light Vehicles,108,54,43,57,97,241,476,528,484,398,432,452,419,439,435,405,447,487,438,417,361,349,284,177,0,0
2025,2025-11-26,Southbound,Heavy Vehicles,10,7,8,6,14,40,97,84,68,82,92,82,89,81,76,63,50,50,42,48,30,29,22,11,0,0
2025,2025-11-26,Southbound,All Vehicles,118,61,51,63,111,281,573,612,552,480,524,534,508,520,511,468,497,537,480,465,391,378,306,188,0,0
2025,2025-11-27,Southbound,Light Vehicles,103,54,46,57,93,228,542,479,509,405,454,434,423,438,500,434,431,424,472,432,425,436,297,200,0,0
2025,2025-11-27,Southbound,Heavy Vehicles,9,9,6,5,17,34,90,82,64,77,90,108,77,80,84,65,51,53,47,55,38,33,27,19,0,0
2025,2025-11-27,Southbound,All Vehicles,112,63,52,62,110,262,632,561,573,482,544,542,500,518,584,499,482,477,519,487,463,469,324,219,0,0
2025,2025-11-28,Southbound,Light Vehicles,102,56,41,63,103,237,470,495,453,465,430,456,431,473,512,400,499,470,447,492,440,407,338,293,0,0
2025,2025-11-28,Southbound,Heavy Vehicles,8,10,3,7,21,30,87,84,71,70,90,84,68,68,88,65,64,47,60,52,39,30,28,14,0,0
2025,2025-11-28,Southbound,All Vehicles,110,66,44,70,124,267,557,579,524,535,520,540,499,541,600,465,563,517,507,544,479,437,366,307,0,0
2025,2025-11-29,Southbound,Heavy Vehicles,19,7,4,2,10,21,46,55,54,50,48,42,46,45,53,35,40,44,48,43,21,29,29,30,0,0
2025,2025-11-29,Southbound,Light Vehicles,188,95,59,59,73,139,305,321,442,482,464,479,514,524,533,479,465,511,487,438,397,420,373,315,0,0
2025,2025-11-29,Southbound,All Vehicles,207,102,63,61,83,160,351,376,496,532,512,521,560,569,586,514,505,555,535,481,418,449,402,345,0,0
2025,2025-11-30,Southbound,Light Vehicles,228,86,77,73,54,112,183,238,344,484,475,478,547,493,439,429,483,506,499,444,385,358,271,202,0,0
2025,2025-11-30,Southbound,Heavy Vehicles,15,13,3,6,8,9,18,26,23,38,26,40,26,37,39,30,33,36,48,47,23,33,18,14,0,0
2025,2025-11-30,Southbound,All Vehicles,243,99,80,79,62,121,201,264,367,522,501,518,573,530,478,459,516,542,547,491,408,391,289,216,0,0
2025,2025-12-01,Southbound,Heavy Vehicles,11,7,4,4,19,42,73,69,80,83,89,96,73,74,76,51,60,53,48,42,41,39,19,13,0,0
2025,2025-12-01,Southbound,Light Vehicles,107,56,44,47,92,218,471,515,439,457,444,412,443,450,445,298,440,469,508,392,336,326,233,139,0,0
2025,2025-12-01,Southbound,All Vehicles,118,63,48,51,111,260,544,584,519,540,533,508,516,524,521,349,500,522,556,434,377,365,252,152,0,0
2025,2025-12-02,Southbound,Heavy Vehicles,8,8,5,4,21,37,91,79,61,89,84,85,77,84,70,47,56,50,47,45,29,31,20,10,0,0
2025,2025-12-02,Southbound,Light Vehicles,95,48,43,55,83,206,495,522,498,445,399,462,462,499,464,417,440,449,456,405,347,401,267,183,0,0
2025,2025-12-02,Southbound,All Vehicles,103,56,48,59,104,243,586,601,559,534,483,547,539,583,534,464,496,499,503,450,376,432,287,193,0,0
2025,2025-12-03,Southbound,Light Vehicles,108,46,48,57,98,244,512,526,501,413,413,417,454,452,425,443,439,473,520,400,377,359,297,193,0,0
2025,2025-12-03,Southbound,Heavy Vehicles,5,3,4,7,15,35,107,80,68,74,91,79,89,99,85,62,56,55,50,32,30,29,19,14,0,0
2025,2025-12-03,Southbound,All Vehicles,113,49,52,64,113,279,619,606,569,487,504,496,543,551,510,505,495,528,570,432,407,388,316,207,0,0
2025,2025-12-04,Southbound,Heavy Vehicles,6,8,6,8,11,61,75,88,54,82,93,88,67,92,86,59,48,49,48,48,39,33,28,12,0,0
2025,2025-12-04,Southbound,Light Vehicles,94,41,50,50,95,236,466,547,509,434,400,450,414,442,467,388,449,425,469,433,417,387,303,185,0,0
2025,2025-12-04,Southbound,All Vehicles,100,49,56,58,106,297,541,635,563,516,493,538,481,534,553,447,497,474,517,481,456,420,331,197,0,0
2025,2025-12-05,Southbound,Light Vehicles,110,62,47,57,102,256,454,492,443,402,443,412,403,426,503,430,446,467,476,453,395,391,352,252,0,0
2025,2025-12-05,Southbound,Heavy Vehicles,8,7,3,3,22,41,81,85,74,79,95,85,74,70,80,60,50,50,31,53,30,35,38,16,0,0
2025,2025-12-05,Southbound,All Vehicles,118,69,50,60,124,297,535,577,517,481,538,497,477,496,583,490,496,517,507,506,425,426,390,268,0,0
2025,2025-12-06,Southbound,Light Vehicles,171,97,64,66,60,153,311,332,437,449,441,484,467,489,430,428,451,485,532,444,376,377,367,330,0,0
2025,2025-12-06,Southbound,Heavy Vehicles,11,13,4,7,13,23,52,48,55,45,48,49,46,51,45,37,29,30,43,41,35,31,30,22,0,0
2025,2025-12-06,Southbound,All Vehicles,182,110,68,73,73,176,363,380,492,494,489,533,513,540,475,465,480,515,575,485,411,408,397,352,0,0
2025,2025-12-07,Southbound,Heavy Vehicles,11,12,7,8,6,10,20,17,27,21,26,37,33,43,36,42,31,30,29,39,28,23,17,13,0,0
2025,2025-12-07,Southbound,Light Vehicles,212,127,68,66,60,105,199,243,347,454,478,493,489,511,455,451,445,519,469,439,384,356,320,189,0,0
2025,2025-12-07,Southbound,All Vehicles,223,139,75,74,66,115,219,260,374,475,504,530,522,554,491,493,476,549,498,478,412,379,337,202,0,0
2025,2025-12-08,Southbound,Heavy Vehicles,5,4,3,6,18,33,106,68,74,69,80,70,79,87,76,72,73,44,45,46,32,44,15,12,0,0
2025,2025-12-08,Southbound,Light Vehicles,114,57,54,49,93,227,509,489,513,449,401,447,496,450,448,463,415,441,499,399,385,316,237,173,0,0
2025,2025-12-08,Southbound,All Vehicles,119,61,57,55,111,260,615,557,587,518,481,517,575,537,524,535,488,485,544,445,417,360,252,185,0,0
2025,2025-12-09,Southbound,Light Vehicles,83,56,47,47,111,256,502,547,513,439,413,425,414,454,431,396,440,439,464,403,395,340,307,172,0,0
2025,2025-12-09,Southbound,Heavy Vehicles,6,9,6,5,16,35,91,82,72,75,82,90,67,87,79,59,58,44,42,44,32,27,20,14,0,0
2025,2025-12-09,Southbound,All Vehicles,89,65,53,52,127,291,593,629,585,514,495,515,481,541,510,455,498,483,506,447,427,367,327,186,0,0
2025,2025-12-10,Southbound,Heavy Vehicles,12,5,2,9,15,39,91,78,69,88,94,77,70,70,76,63,46,45,56,44,33,28,21,14,0,0
2025,2025-12-10,Southbound,Light Vehicles,97,58,41,51,98,238,501,545,449,441,407,412,453,449,443,400,430,487,483,415,379,352,301,163,0,0
2025,2025-12-10,Southbound,All Vehicles,109,63,43,60,113,277,592,623,518,529,501,489,523,519,519,463,476,532,539,459,412,380,322,177,0,0
2025,2025-12-11,Southbound,Heavy Vehicles,5,11,8,8,17,42,84,81,74,81,78,74,84,71,85,61,48,53,48,48,31,33,18,18,0,0
2025,2025-12-11,Southbound,Light Vehicles,122,54,26,60,106,245,450,513,462,442,389,433,494,458,430,449,462,529,470,449,419,405,265,181,0,0
2025,2025-12-11,Southbound,All Vehicles,127,65,34,68,123,287,534,594,536,523,467,507,578,529,515,510,510,582,518,497,450,438,283,199,0,0
2025,2025-12-12,Southbound,Light Vehicles,101,51,41,66,88,205,424,449,453,394,412,369,475,430,488,465,454,469,496,474,373,383,331,269,0,0
2025,2025-12-12,Southbound,Heavy Vehicles,12,6,3,7,22,32,81,72,79,76,90,92,88,68,64,78,37,50,44,37,30,31,27,21,0,0
2025,2025-12-12,Southbound,All Vehicles,113,57,44,73,110,237,505,521,532,470,502,461,563,498,552,543,491,519,540,511,403,414,358,290,0,0
2025,2025-12-13,Southbound,Light Vehicles,186,110,65,63,82,169,330,312,422,431,443,516,517,477,475,473,483,581,535,439,409,374,386,286,0,0
2025,2025-12-13,Southbound,Heavy Vehicles,18,12,6,6,9,14,42,57,57,50,57,38,55,51,40,45,36,36,43,41,29,34,25,26,0,0
2025,2025-12-13,Southbound,All Vehicles,204,122,71,69,91,183,372,369,479,481,500,554,572,528,515,518,519,617,578,480,438,408,411,312,0,0
2025,2025-12-14,Southbound,Light Vehicles,220,142,84,54,67,108,168,239,370,448,523,513,468,499,453,449,505,462,471,408,396,397,324,178,0,0
2025,2025-12-14,Southbound,Heavy Vehicles,22,11,9,6,6,12,11,25,28,35,34,38,29,23,30,26,37,34,34,36,25,34,27,13,0,0
2025,2025-12-14,Southbound,All Vehicles,242,153,93,60,73,120,179,264,398,483,557,551,497,522,483,475,542,496,505,444,421,431,351,191,0,0
2025,2025-12-15,Southbound,Light Vehicles,112,50,31,41,82,228,458,474,484,398,409,458,451,457,435,404,429,485,471,379,343,301,238,141,0,0
2025,2025-12-15,Southbound,Heavy Vehicles,9,7,5,9,20,34,93,88,71,92,83,89,85,83,78,81,60,55,42,42,28,26,13,16,0,0
2025,2025-12-15,Southbound,All Vehicles,121,57,36,50,102,262,551,562,555,490,492,547,536,540,513,485,489,540,513,421,371,327,251,157,0,0
2025,2025-12-16,Southbound,Light Vehicles,80,53,24,47,104,245,499,474,475,415,371,429,441,451,401,387,420,466,417,418,323,360,282,167,0,0
2025,2025-12-16,Southbound,Heavy Vehicles,8,13,4,5,22,39,84,102,88,75,85,102,77,94,68,64,74,51,41,47,28,32,30,10,0,0
2025,2025-12-16,Southbound,All Vehicles,88,66,28,52,126,284,583,576,563,490,456,531,518,545,469,451,494,517,458,465,351,392,312,177,0,0
2025,2025-12-17,Southbound,Light Vehicles,101,45,37,53,93,242,508,481,428,420,425,400,491,462,427,353,355,483,433,407,347,375,237,130,0,0
2025,2025-12-17,Southbound,Heavy Vehicles,7,12,8,7,19,36,97,71,67,91,87,93,86,77,87,71,57,40,34,32,39,34,27,15,0,0
2025,2025-12-17,Southbound,All Vehicles,108,57,45,60,112,278,605,552,495,511,512,493,577,539,514,424,412,523,467,439,386,409,264,145,0,0
2025,2025-12-18,Southbound,Light Vehicles,89,47,48,53,102,228,486,513,460,422,440,450,447,478,435,434,438,404,430,399,395,395,325,170,0,0
2025,2025-12-18,Southbound,Heavy Vehicles,13,7,12,6,18,49,88,93,71,71,86,106,79,83,74,70,72,51,42,33,35,25,22,18,0,0
2025,2025-12-18,Southbound,All Vehicles,102,54,60,59,120,277,574,606,531,493,526,556,526,561,509,504,510,455,472,432,430,420,347,188,0,0
2025,2025-12-19,Southbound,Heavy Vehicles,19,12,8,9,18,37,89,74,66,85,84,87,93,74,67,62,65,43,40,48,33,20,26,24,0,0
2025,2025-12-19,Southbound,Light Vehicles,134,65,46,57,98,215,498,452,458,421,471,459,474,421,446,457,468,514,446,405,372,372,333,252,0,0
2025,2025-12-19,Southbound,All Vehicles,153,77,54,66,116,252,587,526,524,506,555,546,567,495,513,519,533,557,486,453,405,392,359,276,0,0
2025,2025-12-20,Southbound,Heavy Vehicles,13,9,8,1,11,17,45,45,45,53,39,49,51,51,46,46,31,28,45,33,34,34,26,14,0,0
2025,2025-12-20,Southbound,Light Vehicles,167,104,60,50,61,132,278,307,387,410,468,512,530,461,495,470,442,512,537,437,431,386,333,302,0,0
2025,2025-12-20,Southbound,All Vehicles,180,113,68,51,72,149,323,352,432,463,507,561,581,512,541,516,473,540,582,470,465,420,359,316,0,0
2025,2025-12-21,Southbound,Light Vehicles,217,126,73,59,70,111,185,263,336,435,450,453,484,429,394,383,448,410,433,409,335,382,320,207,0,0
2025,2025-12-21,Southbound,Heavy Vehicles,15,12,6,6,5,11,20,28,23,34,46,29,40,28,33,42,31,25,37,29,30,20,20,16,0,0
2025,2025-12-21,Southbound,All Vehicles,232,138,79,65,75,122,205,291,359,469,496,482,524,457,427,425,479,435,470,438,365,402,340,223,0,0
2025,2025-12-22,Southbound,Light Vehicles,113,64,39,51,84,177,380,388,418,427,463,422,473,464,469,419,464,438,424,458,358,372,287,202,0,0
2025,2025-12-22,Southbound,Heavy Vehicles,9,4,5,7,17,28,77,73,70,76,71,82,68,75,77,58,56,48,43,44,37,25,21,18,0,0
2025,2025-12-22,Southbound,All Vehicles,122,68,44,58,101,205,457,461,488,503,534,504,541,539,546,477,520,486,467,502,395,397,308,220,0,0
2025,2025-12-23,Southbound,Light Vehicles,108,59,44,43,80,197,362,419,455,462,418,496,492,446,446,429,464,456,408,399,366,398,329,242,0,0
2025,2025-12-23,Southbound,Heavy Vehicles,11,7,2,9,15,30,81,75,77,76,70,80,64,83,65,55,49,43,47,43,32,41,36,7,0,0
2025,2025-12-23,Southbound,All Vehicles,119,66,46,52,95,227,443,494,532,538,488,576,556,529,511,484,513,499,455,442,398,439,365,249,0,0
2025,2025-12-24,Southbound,Light Vehicles,136,80,47,54,87,152,308,349,424,480,395,453,492,471,455,471,436,432,496,387,360,387,367,310,0,0
2025,2025-12-24,Southbound,Heavy Vehicles,19,5,7,7,15,27,56,56,65,67,63,79,67,53,53,46,48,31,34,26,34,22,27,11,0,0
2025,2025-12-24,Southbound,All Vehicles,155,85,54,61,102,179,364,405,489,547,458,532,559,524,508,517,484,463,530,413,394,409,394,321,0,0
2025,2025-12-25,Southbound,Heavy Vehicles,16,4,4,1,5,6,9,9,8,17,12,15,12,10,17,11,13,14,10,21,12,13,6,15,0,0
2025,2025-12-25,Southbound,Light Vehicles,124,70,50,30,28,41,67,76,100,123,162,209,197,202,193,185,165,182,185,169,202,193,164,110,0,0
2025,2025-12-25,Southbound,All Vehicles,140,74,54,31,33,47,76,85,108,140,174,224,209,212,210,196,178,196,195,190,214,206,170,125,0,0
2025,2025-12-26,Southbound,Light Vehicles,73,45,33,31,29,49,73,76,98,120,163,190,218,169,160,176,178,170,182,168,179,186,136,142,0,0
2025,2025-12-26,Southbound,Heavy Vehicles,6,8,4,1,4,5,15,9,16,12,17,26,18,16,16,9,14,16,12,15,17,15,9,7,0,0
2025,2025-12-26,Southbound,All Vehicles,79,53,37,32,33,54,88,85,114,132,180,216,236,185,176,185,192,186,194,183,196,201,145,149,0,0
2025,2025-12-27,Southbound,Heavy Vehicles,12,6,6,4,9,10,20,28,28,28,38,45,35,41,37,31,28,29,30,31,30,26,31,17,0,0
2025,2025-12-27,Southbound,Light Vehicles,158,90,59,38,59,98,185,210,290,315,405,408,464,456,409,432,445,344,422,420,372,334,342,267,0,0
2025,2025-12-27,Southbound,All Vehicles,170,96,65,42,68,108,205,238,318,343,443,453,499,497,446,463,473,373,452,451,402,360,373,284,0,0
2025,2025-12-28,Southbound,Light Vehicles,178,112,77,47,61,80,133,205,237,349,404,429,416,453,414,388,400,365,361,385,401,396,308,209,0,0
2025,2025-12-28,Southbound,Heavy Vehicles,19,7,6,6,4,11,11,9,12,18,24,23,31,28,25,33,30,29,33,23,24,24,20,26,0,0
2025,2025-12-28,Southbound,All Vehicles,197,119,83,53,65,91,144,214,249,367,428,452,447,481,439,421,430,394,394,408,425,420,328,235,0,0
2025,2025-12-29,Southbound,Heavy Vehicles,11,8,3,10,15,21,49,40,46,54,57,62,49,53,45,55,44,33,37,30,23,24,20,13,0,0
2025,2025-12-29,Southbound,Light Vehicles,148,98,35,45,67,119,276,267,336,407,421,409,423,422,450,439,438,427,425,366,347,369,258,204,0,0
2025,2025-12-29,Southbound,All Vehicles,159,106,38,55,82,140,325,307,382,461,478,471,472,475,495,494,482,460,462,396,370,393,278,217,0,0
2025,2025-12-30,Southbound,Heavy Vehicles,9,5,8,5,11,15,43,45,47,63,35,50,53,65,49,51,36,51,43,28,20,35,17,19,0,0
2025,2025-12-30,Southbound,Light Vehicles,135,69,45,51,79,140,275,246,356,416,401,463,454,431,412,444,413,408,447,382,390,374,324,231,0,0
2025,2025-12-30,Southbound,All Vehicles,144,74,53,56,90,155,318,291,403,479,436,513,507,496,461,495,449,459,490,410,410,409,341,250,0,0
2025,2025-12-31,Southbound,Heavy Vehicles,15,12,7,5,15,19,35,36,40,39,64,62,48,41,54,42,41,40,37,28,24,23,11,15,0,0
2025,2025-12-31,Southbound,Light Vehicles,143,81,54,45,72,121,240,224,322,317,370,398,449,423,409,418,420,454,454,407,351,342,303,225,0,0
2025,2025-12-31,Southbound,All Vehicles,158,93,61,50,87,140,275,260,362,356,434,460,497,464,463,460,461,494,491,435,375,365,314,240,0,0
